Switch,Scope,Scope_Reason,Verdict,Reason,Groups,Source_Sheets,Declared_Quick,Read_Quick,Read_Wide,Read_Scalar,Read_Live_Crypto,Read_Live_Stock,Timeframe,TF_Param,Value,Moves_Reference,Delta_vs_BH,Reference_Delta_vs_BH,Marginal_Delta,Gain_Pct,Trades,TIM_Pct,Max_DD_Pct,Pool_Sharpe,Behavior_Fingerprint,Reference_Fingerprint,Execution_Valid,Execution_Invalid_Reason,Pilot_Eligible,Pilot_Ineligible_Reason,Applied_Overrides_JSON
BB_BREAKOUT_ENABLED,STRATEGY_CAUSAL,declared strategy/catalog/live-path setting,INVALID,10/10 invalid executions,ENGINE_AUTO_WIRED|ENTRY|QUICK_CONFIG|RECENT_5D,DISCONNECTED_LIVE_PATHS|ENGINE_AUTO_WIRED|QUICK_CONFIG|RECENT_RESULTS_5D|SWITCH_CATALOG,True,True,True,True,True,False,3m,NATIVE_BASE_FIXED,false,False,,,0.0,,,,,,,,False,behavior fingerprint unavailable,False,no npz,"{""BACKTEST_VALIDATED_GATES_TRADIER"":false,""BASE_TF"":""3m"",""BB_BREAKOUT_ENABLED"":false,""BB_BREAKOUT_TF"":""3m"",""COOLDOWN_BARS"":0,""COOLDOWN_BARS_TRADIER"":0,""DC_BREAKOUT_ENTRY_ENABLED"":false,""DELTA_ENGINE_ENABLED"":true,""DELTA_MAX_HOLD_BARS"":1,""D_TREND_REQUIRED"":false,""EMA_TF_15M_ENABLED"":false,""EMA_TF_1H_ENABLED"":false,""EMA_TF_3M_ENABLED"":false,""EMA_TF_4H_ENABLED"":false,""EMA_TF_5M_ENABLED"":false,""EMA_TF_D_ENABLED"":false,""ENTRY_SCORE_THRESHOLD"":10.0,""HA_WICK_QUALITY_ENABLED"":false,""HTF_ALIGNMENT_ENABLED"":false,""K3M_FLOOR"":0.0,""KINDERGARTEN_EMA_GATE_ENABLED"":false,""MACD_ZERO_CROSS_ENABLED"":false,""MFI_ENTRY_ENABLED"":false,""MIN_HOLD_BARS"":0,""MIN_HOLD_BARS_BEFORE_EXIT"":0,""MIN_HOLD_MINUTES_TRADIER"":0.0,""MTF_ARMED_WT_DIRECTION_SUSPEND_ENABLED"":false,""RSI2_MEAN_REVERSION_ENABLED"":false,""RSI_MACD_EMA_ENABLED"":false,""TRADIER_ENTRY_SCORE_THRESHOLD"":0,""TRIPLE_CONF_ENABLED"":false,""WT_DC_HTF_GATE"":""none"",""WT_TF_15M_ENABLED"":false,""WT_TF_1H_ENABLED"":false,""WT_TF_3M_ENABLED"":false,""WT_TF_4H_ENABLED"":false,""WT_TF_5M_ENABLED"":false,""WT_TF_D_ENABLED"":false}"
BB_BREAKOUT_ENABLED,STRATEGY_CAUSAL,declared strategy/catalog/live-path setting,INVALID,10/10 invalid executions,ENGINE_AUTO_WIRED|ENTRY|QUICK_CONFIG|RECENT_5D,DISCONNECTED_LIVE_PATHS|ENGINE_AUTO_WIRED|QUICK_CONFIG|RECENT_RESULTS_5D|SWITCH_CATALOG,True,True,True,True,True,False,3m,NATIVE_BASE_FIXED,true,False,,,0.0,,,,,,,,False,behavior fingerprint unavailable,False,no npz,"{""BACKTEST_VALIDATED_GATES_TRADIER"":false,""BASE_TF"":""3m"",""BB_BREAKOUT_ENABLED"":true,""BB_BREAKOUT_TF"":""3m"",""COOLDOWN_BARS"":0,""COOLDOWN_BARS_TRADIER"":0,""DC_BREAKOUT_ENTRY_ENABLED"":false,""DELTA_ENGINE_ENABLED"":true,""DELTA_MAX_HOLD_BARS"":1,""D_TREND_REQUIRED"":false,""EMA_TF_15M_ENABLED"":false,""EMA_TF_1H_ENABLED"":false,""EMA_TF_3M_ENABLED"":false,""EMA_TF_4H_ENABLED"":false,""EMA_TF_5M_ENABLED"":false,""EMA_TF_D_ENABLED"":false,""ENTRY_SCORE_THRESHOLD"":10.0,""HA_WICK_QUALITY_ENABLED"":false,""HTF_ALIGNMENT_ENABLED"":false,""K3M_FLOOR"":0.0,""KINDERGARTEN_EMA_GATE_ENABLED"":false,""MACD_ZERO_CROSS_ENABLED"":false,""MFI_ENTRY_ENABLED"":false,""MIN_HOLD_BARS"":0,""MIN_HOLD_BARS_BEFORE_EXIT"":0,""MIN_HOLD_MINUTES_TRADIER"":0.0,""MTF_ARMED_WT_DIRECTION_SUSPEND_ENABLED"":false,""RSI2_MEAN_REVERSION_ENABLED"":false,""RSI_MACD_EMA_ENABLED"":false,""TRADIER_ENTRY_SCORE_THRESHOLD"":0,""TRIPLE_CONF_ENABLED"":false,""WT_DC_HTF_GATE"":""none"",""WT_TF_15M_ENABLED"":false,""WT_TF_1H_ENABLED"":false,""WT_TF_3M_ENABLED"":false,""WT_TF_4H_ENABLED"":false,""WT_TF_5M_ENABLED"":false,""WT_TF_D_ENABLED"":false}"
BB_BREAKOUT_ENABLED,STRATEGY_CAUSAL,declared strategy/catalog/live-path setting,INVALID,10/10 invalid executions,ENGINE_AUTO_WIRED|ENTRY|QUICK_CONFIG|RECENT_5D,DISCONNECTED_LIVE_PATHS|ENGINE_AUTO_WIRED|QUICK_CONFIG|RECENT_RESULTS_5D|SWITCH_CATALOG,True,True,True,True,True,False,15m,NATIVE_BASE_FIXED,false,False,,,0.0,,,,,,,,False,behavior fingerprint unavailable,False,no npz,"{""BACKTEST_VALIDATED_GATES_TRADIER"":false,""BASE_TF"":""3m"",""BB_BREAKOUT_ENABLED"":false,""BB_BREAKOUT_TF"":""15m"",""COOLDOWN_BARS"":0,""COOLDOWN_BARS_TRADIER"":0,""DC_BREAKOUT_ENTRY_ENABLED"":false,""DELTA_ENGINE_ENABLED"":true,""DELTA_MAX_HOLD_BARS"":1,""D_TREND_REQUIRED"":false,""EMA_TF_15M_ENABLED"":false,""EMA_TF_1H_ENABLED"":false,""EMA_TF_3M_ENABLED"":false,""EMA_TF_4H_ENABLED"":false,""EMA_TF_5M_ENABLED"":false,""EMA_TF_D_ENABLED"":false,""ENTRY_SCORE_THRESHOLD"":10.0,""HA_WICK_QUALITY_ENABLED"":false,""HTF_ALIGNMENT_ENABLED"":false,""K3M_FLOOR"":0.0,""KINDERGARTEN_EMA_GATE_ENABLED"":false,""MACD_ZERO_CROSS_ENABLED"":false,""MFI_ENTRY_ENABLED"":false,""MIN_HOLD_BARS"":0,""MIN_HOLD_BARS_BEFORE_EXIT"":0,""MIN_HOLD_MINUTES_TRADIER"":0.0,""MTF_ARMED_WT_DIRECTION_SUSPEND_ENABLED"":false,""RSI2_MEAN_REVERSION_ENABLED"":false,""RSI_MACD_EMA_ENABLED"":false,""TRADIER_ENTRY_SCORE_THRESHOLD"":0,""TRIPLE_CONF_ENABLED"":false,""WT_DC_HTF_GATE"":""none"",""WT_TF_15M_ENABLED"":false,""WT_TF_1H_ENABLED"":false,""WT_TF_3M_ENABLED"":false,""WT_TF_4H_ENABLED"":false,""WT_TF_5M_ENABLED"":false,""WT_TF_D_ENABLED"":false}"
BB_BREAKOUT_ENABLED,STRATEGY_CAUSAL,declared strategy/catalog/live-path setting,INVALID,10/10 invalid executions,ENGINE_AUTO_WIRED|ENTRY|QUICK_CONFIG|RECENT_5D,DISCONNECTED_LIVE_PATHS|ENGINE_AUTO_WIRED|QUICK_CONFIG|RECENT_RESULTS_5D|SWITCH_CATALOG,True,True,True,True,True,False,15m,NATIVE_BASE_FIXED,true,False,,,0.0,,,,,,,,False,behavior fingerprint unavailable,False,no npz,"{""BACKTEST_VALIDATED_GATES_TRADIER"":false,""BASE_TF"":""3m"",""BB_BREAKOUT_ENABLED"":true,""BB_BREAKOUT_TF"":""15m"",""COOLDOWN_BARS"":0,""COOLDOWN_BARS_TRADIER"":0,""DC_BREAKOUT_ENTRY_ENABLED"":false,""DELTA_ENGINE_ENABLED"":true,""DELTA_MAX_HOLD_BARS"":1,""D_TREND_REQUIRED"":false,""EMA_TF_15M_ENABLED"":false,""EMA_TF_1H_ENABLED"":false,""EMA_TF_3M_ENABLED"":false,""EMA_TF_4H_ENABLED"":false,""EMA_TF_5M_ENABLED"":false,""EMA_TF_D_ENABLED"":false,""ENTRY_SCORE_THRESHOLD"":10.0,""HA_WICK_QUALITY_ENABLED"":false,""HTF_ALIGNMENT_ENABLED"":false,""K3M_FLOOR"":0.0,""KINDERGARTEN_EMA_GATE_ENABLED"":false,""MACD_ZERO_CROSS_ENABLED"":false,""MFI_ENTRY_ENABLED"":false,""MIN_HOLD_BARS"":0,""MIN_HOLD_BARS_BEFORE_EXIT"":0,""MIN_HOLD_MINUTES_TRADIER"":0.0,""MTF_ARMED_WT_DIRECTION_SUSPEND_ENABLED"":false,""RSI2_MEAN_REVERSION_ENABLED"":false,""RSI_MACD_EMA_ENABLED"":false,""TRADIER_ENTRY_SCORE_THRESHOLD"":0,""TRIPLE_CONF_ENABLED"":false,""WT_DC_HTF_GATE"":""none"",""WT_TF_15M_ENABLED"":false,""WT_TF_1H_ENABLED"":false,""WT_TF_3M_ENABLED"":false,""WT_TF_4H_ENABLED"":false,""WT_TF_5M_ENABLED"":false,""WT_TF_D_ENABLED"":false}"
BB_BREAKOUT_ENABLED,STRATEGY_CAUSAL,declared strategy/catalog/live-path setting,INVALID,10/10 invalid executions,ENGINE_AUTO_WIRED|ENTRY|QUICK_CONFIG|RECENT_5D,DISCONNECTED_LIVE_PATHS|ENGINE_AUTO_WIRED|QUICK_CONFIG|RECENT_RESULTS_5D|SWITCH_CATALOG,True,True,True,True,True,False,1h,NATIVE_BASE_FIXED,false,False,,,0.0,,,,,,,,False,behavior fingerprint unavailable,False,no npz,"{""BACKTEST_VALIDATED_GATES_TRADIER"":false,""BASE_TF"":""3m"",""BB_BREAKOUT_ENABLED"":false,""BB_BREAKOUT_TF"":""1h"",""COOLDOWN_BARS"":0,""COOLDOWN_BARS_TRADIER"":0,""DC_BREAKOUT_ENTRY_ENABLED"":false,""DELTA_ENGINE_ENABLED"":true,""DELTA_MAX_HOLD_BARS"":1,""D_TREND_REQUIRED"":false,""EMA_TF_15M_ENABLED"":false,""EMA_TF_1H_ENABLED"":false,""EMA_TF_3M_ENABLED"":false,""EMA_TF_4H_ENABLED"":false,""EMA_TF_5M_ENABLED"":false,""EMA_TF_D_ENABLED"":false,""ENTRY_SCORE_THRESHOLD"":10.0,""HA_WICK_QUALITY_ENABLED"":false,""HTF_ALIGNMENT_ENABLED"":false,""K3M_FLOOR"":0.0,""KINDERGARTEN_EMA_GATE_ENABLED"":false,""MACD_ZERO_CROSS_ENABLED"":false,""MFI_ENTRY_ENABLED"":false,""MIN_HOLD_BARS"":0,""MIN_HOLD_BARS_BEFORE_EXIT"":0,""MIN_HOLD_MINUTES_TRADIER"":0.0,""MTF_ARMED_WT_DIRECTION_SUSPEND_ENABLED"":false,""RSI2_MEAN_REVERSION_ENABLED"":false,""RSI_MACD_EMA_ENABLED"":false,""TRADIER_ENTRY_SCORE_THRESHOLD"":0,""TRIPLE_CONF_ENABLED"":false,""WT_DC_HTF_GATE"":""none"",""WT_TF_15M_ENABLED"":false,""WT_TF_1H_ENABLED"":false,""WT_TF_3M_ENABLED"":false,""WT_TF_4H_ENABLED"":false,""WT_TF_5M_ENABLED"":false,""WT_TF_D_ENABLED"":false}"
BB_BREAKOUT_ENABLED,STRATEGY_CAUSAL,declared strategy/catalog/live-path setting,INVALID,10/10 invalid executions,ENGINE_AUTO_WIRED|ENTRY|QUICK_CONFIG|RECENT_5D,DISCONNECTED_LIVE_PATHS|ENGINE_AUTO_WIRED|QUICK_CONFIG|RECENT_RESULTS_5D|SWITCH_CATALOG,True,True,True,True,True,False,1h,NATIVE_BASE_FIXED,true,False,,,0.0,,,,,,,,False,behavior fingerprint unavailable,False,no npz,"{""BACKTEST_VALIDATED_GATES_TRADIER"":false,""BASE_TF"":""3m"",""BB_BREAKOUT_ENABLED"":true,""BB_BREAKOUT_TF"":""1h"",""COOLDOWN_BARS"":0,""COOLDOWN_BARS_TRADIER"":0,""DC_BREAKOUT_ENTRY_ENABLED"":false,""DELTA_ENGINE_ENABLED"":true,""DELTA_MAX_HOLD_BARS"":1,""D_TREND_REQUIRED"":false,""EMA_TF_15M_ENABLED"":false,""EMA_TF_1H_ENABLED"":false,""EMA_TF_3M_ENABLED"":false,""EMA_TF_4H_ENABLED"":false,""EMA_TF_5M_ENABLED"":false,""EMA_TF_D_ENABLED"":false,""ENTRY_SCORE_THRESHOLD"":10.0,""HA_WICK_QUALITY_ENABLED"":false,""HTF_ALIGNMENT_ENABLED"":false,""K3M_FLOOR"":0.0,""KINDERGARTEN_EMA_GATE_ENABLED"":false,""MACD_ZERO_CROSS_ENABLED"":false,""MFI_ENTRY_ENABLED"":false,""MIN_HOLD_BARS"":0,""MIN_HOLD_BARS_BEFORE_EXIT"":0,""MIN_HOLD_MINUTES_TRADIER"":0.0,""MTF_ARMED_WT_DIRECTION_SUSPEND_ENABLED"":false,""RSI2_MEAN_REVERSION_ENABLED"":false,""RSI_MACD_EMA_ENABLED"":false,""TRADIER_ENTRY_SCORE_THRESHOLD"":0,""TRIPLE_CONF_ENABLED"":false,""WT_DC_HTF_GATE"":""none"",""WT_TF_15M_ENABLED"":false,""WT_TF_1H_ENABLED"":false,""WT_TF_3M_ENABLED"":false,""WT_TF_4H_ENABLED"":false,""WT_TF_5M_ENABLED"":false,""WT_TF_D_ENABLED"":false}"
BB_BREAKOUT_ENABLED,STRATEGY_CAUSAL,declared strategy/catalog/live-path setting,INVALID,10/10 invalid executions,ENGINE_AUTO_WIRED|ENTRY|QUICK_CONFIG|RECENT_5D,DISCONNECTED_LIVE_PATHS|ENGINE_AUTO_WIRED|QUICK_CONFIG|RECENT_RESULTS_5D|SWITCH_CATALOG,True,True,True,True,True,False,4h,NATIVE_BASE_FIXED,false,False,,,0.0,,,,,,,,False,behavior fingerprint unavailable,False,no npz,"{""BACKTEST_VALIDATED_GATES_TRADIER"":false,""BASE_TF"":""3m"",""BB_BREAKOUT_ENABLED"":false,""BB_BREAKOUT_TF"":""4h"",""COOLDOWN_BARS"":0,""COOLDOWN_BARS_TRADIER"":0,""DC_BREAKOUT_ENTRY_ENABLED"":false,""DELTA_ENGINE_ENABLED"":true,""DELTA_MAX_HOLD_BARS"":1,""D_TREND_REQUIRED"":false,""EMA_TF_15M_ENABLED"":false,""EMA_TF_1H_ENABLED"":false,""EMA_TF_3M_ENABLED"":false,""EMA_TF_4H_ENABLED"":false,""EMA_TF_5M_ENABLED"":false,""EMA_TF_D_ENABLED"":false,""ENTRY_SCORE_THRESHOLD"":10.0,""HA_WICK_QUALITY_ENABLED"":false,""HTF_ALIGNMENT_ENABLED"":false,""K3M_FLOOR"":0.0,""KINDERGARTEN_EMA_GATE_ENABLED"":false,""MACD_ZERO_CROSS_ENABLED"":false,""MFI_ENTRY_ENABLED"":false,""MIN_HOLD_BARS"":0,""MIN_HOLD_BARS_BEFORE_EXIT"":0,""MIN_HOLD_MINUTES_TRADIER"":0.0,""MTF_ARMED_WT_DIRECTION_SUSPEND_ENABLED"":false,""RSI2_MEAN_REVERSION_ENABLED"":false,""RSI_MACD_EMA_ENABLED"":false,""TRADIER_ENTRY_SCORE_THRESHOLD"":0,""TRIPLE_CONF_ENABLED"":false,""WT_DC_HTF_GATE"":""none"",""WT_TF_15M_ENABLED"":false,""WT_TF_1H_ENABLED"":false,""WT_TF_3M_ENABLED"":false,""WT_TF_4H_ENABLED"":false,""WT_TF_5M_ENABLED"":false,""WT_TF_D_ENABLED"":false}"
BB_BREAKOUT_ENABLED,STRATEGY_CAUSAL,declared strategy/catalog/live-path setting,INVALID,10/10 invalid executions,ENGINE_AUTO_WIRED|ENTRY|QUICK_CONFIG|RECENT_5D,DISCONNECTED_LIVE_PATHS|ENGINE_AUTO_WIRED|QUICK_CONFIG|RECENT_RESULTS_5D|SWITCH_CATALOG,True,True,True,True,True,False,4h,NATIVE_BASE_FIXED,true,False,,,0.0,,,,,,,,False,behavior fingerprint unavailable,False,no npz,"{""BACKTEST_VALIDATED_GATES_TRADIER"":false,""BASE_TF"":""3m"",""BB_BREAKOUT_ENABLED"":true,""BB_BREAKOUT_TF"":""4h"",""COOLDOWN_BARS"":0,""COOLDOWN_BARS_TRADIER"":0,""DC_BREAKOUT_ENTRY_ENABLED"":false,""DELTA_ENGINE_ENABLED"":true,""DELTA_MAX_HOLD_BARS"":1,""D_TREND_REQUIRED"":false,""EMA_TF_15M_ENABLED"":false,""EMA_TF_1H_ENABLED"":false,""EMA_TF_3M_ENABLED"":false,""EMA_TF_4H_ENABLED"":false,""EMA_TF_5M_ENABLED"":false,""EMA_TF_D_ENABLED"":false,""ENTRY_SCORE_THRESHOLD"":10.0,""HA_WICK_QUALITY_ENABLED"":false,""HTF_ALIGNMENT_ENABLED"":false,""K3M_FLOOR"":0.0,""KINDERGARTEN_EMA_GATE_ENABLED"":false,""MACD_ZERO_CROSS_ENABLED"":false,""MFI_ENTRY_ENABLED"":false,""MIN_HOLD_BARS"":0,""MIN_HOLD_BARS_BEFORE_EXIT"":0,""MIN_HOLD_MINUTES_TRADIER"":0.0,""MTF_ARMED_WT_DIRECTION_SUSPEND_ENABLED"":false,""RSI2_MEAN_REVERSION_ENABLED"":false,""RSI_MACD_EMA_ENABLED"":false,""TRADIER_ENTRY_SCORE_THRESHOLD"":0,""TRIPLE_CONF_ENABLED"":false,""WT_DC_HTF_GATE"":""none"",""WT_TF_15M_ENABLED"":false,""WT_TF_1H_ENABLED"":false,""WT_TF_3M_ENABLED"":false,""WT_TF_4H_ENABLED"":false,""WT_TF_5M_ENABLED"":false,""WT_TF_D_ENABLED"":false}"
BB_BREAKOUT_ENABLED,STRATEGY_CAUSAL,declared strategy/catalog/live-path setting,INVALID,10/10 invalid executions,ENGINE_AUTO_WIRED|ENTRY|QUICK_CONFIG|RECENT_5D,DISCONNECTED_LIVE_PATHS|ENGINE_AUTO_WIRED|QUICK_CONFIG|RECENT_RESULTS_5D|SWITCH_CATALOG,True,True,True,True,True,False,D,NATIVE_BASE_FIXED,false,False,,,0.0,,,,,,,,False,behavior fingerprint unavailable,False,no npz,"{""BACKTEST_VALIDATED_GATES_TRADIER"":false,""BASE_TF"":""3m"",""BB_BREAKOUT_ENABLED"":false,""BB_BREAKOUT_TF"":""D"",""COOLDOWN_BARS"":0,""COOLDOWN_BARS_TRADIER"":0,""DC_BREAKOUT_ENTRY_ENABLED"":false,""DELTA_ENGINE_ENABLED"":true,""DELTA_MAX_HOLD_BARS"":1,""D_TREND_REQUIRED"":false,""EMA_TF_15M_ENABLED"":false,""EMA_TF_1H_ENABLED"":false,""EMA_TF_3M_ENABLED"":false,""EMA_TF_4H_ENABLED"":false,""EMA_TF_5M_ENABLED"":false,""EMA_TF_D_ENABLED"":false,""ENTRY_SCORE_THRESHOLD"":10.0,""HA_WICK_QUALITY_ENABLED"":false,""HTF_ALIGNMENT_ENABLED"":false,""K3M_FLOOR"":0.0,""KINDERGARTEN_EMA_GATE_ENABLED"":false,""MACD_ZERO_CROSS_ENABLED"":false,""MFI_ENTRY_ENABLED"":false,""MIN_HOLD_BARS"":0,""MIN_HOLD_BARS_BEFORE_EXIT"":0,""MIN_HOLD_MINUTES_TRADIER"":0.0,""MTF_ARMED_WT_DIRECTION_SUSPEND_ENABLED"":false,""RSI2_MEAN_REVERSION_ENABLED"":false,""RSI_MACD_EMA_ENABLED"":false,""TRADIER_ENTRY_SCORE_THRESHOLD"":0,""TRIPLE_CONF_ENABLED"":false,""WT_DC_HTF_GATE"":""none"",""WT_TF_15M_ENABLED"":false,""WT_TF_1H_ENABLED"":false,""WT_TF_3M_ENABLED"":false,""WT_TF_4H_ENABLED"":false,""WT_TF_5M_ENABLED"":false,""WT_TF_D_ENABLED"":false}"
BB_BREAKOUT_ENABLED,STRATEGY_CAUSAL,declared strategy/catalog/live-path setting,INVALID,10/10 invalid executions,ENGINE_AUTO_WIRED|ENTRY|QUICK_CONFIG|RECENT_5D,DISCONNECTED_LIVE_PATHS|ENGINE_AUTO_WIRED|QUICK_CONFIG|RECENT_RESULTS_5D|SWITCH_CATALOG,True,True,True,True,True,False,D,NATIVE_BASE_FIXED,true,False,,,0.0,,,,,,,,False,behavior fingerprint unavailable,False,no npz,"{""BACKTEST_VALIDATED_GATES_TRADIER"":false,""BASE_TF"":""3m"",""BB_BREAKOUT_ENABLED"":true,""BB_BREAKOUT_TF"":""D"",""COOLDOWN_BARS"":0,""COOLDOWN_BARS_TRADIER"":0,""DC_BREAKOUT_ENTRY_ENABLED"":false,""DELTA_ENGINE_ENABLED"":true,""DELTA_MAX_HOLD_BARS"":1,""D_TREND_REQUIRED"":false,""EMA_TF_15M_ENABLED"":false,""EMA_TF_1H_ENABLED"":false,""EMA_TF_3M_ENABLED"":false,""EMA_TF_4H_ENABLED"":false,""EMA_TF_5M_ENABLED"":false,""EMA_TF_D_ENABLED"":false,""ENTRY_SCORE_THRESHOLD"":10.0,""HA_WICK_QUALITY_ENABLED"":false,""HTF_ALIGNMENT_ENABLED"":false,""K3M_FLOOR"":0.0,""KINDERGARTEN_EMA_GATE_ENABLED"":false,""MACD_ZERO_CROSS_ENABLED"":false,""MFI_ENTRY_ENABLED"":false,""MIN_HOLD_BARS"":0,""MIN_HOLD_BARS_BEFORE_EXIT"":0,""MIN_HOLD_MINUTES_TRADIER"":0.0,""MTF_ARMED_WT_DIRECTION_SUSPEND_ENABLED"":false,""RSI2_MEAN_REVERSION_ENABLED"":false,""RSI_MACD_EMA_ENABLED"":false,""TRADIER_ENTRY_SCORE_THRESHOLD"":0,""TRIPLE_CONF_ENABLED"":false,""WT_DC_HTF_GATE"":""none"",""WT_TF_15M_ENABLED"":false,""WT_TF_1H_ENABLED"":false,""WT_TF_3M_ENABLED"":false,""WT_TF_4H_ENABLED"":false,""WT_TF_5M_ENABLED"":false,""WT_TF_D_ENABLED"":false}"
BB_BREAKOUT_SCORE,STRATEGY_CAUSAL,declared strategy/catalog/live-path setting,INVALID,25/25 invalid executions,ENGINE_AUTO_WIRED|ENTRY|QUICK_CONFIG|RECENT_5D,DISCONNECTED_LIVE_PATHS|ENGINE_AUTO_WIRED|QUICK_CONFIG|RECENT_RESULTS_5D|SWITCH_CATALOG,True,True,False,True,True,False,3m,NATIVE_BASE_FIXED,20,False,,,0.0,,,,,,,,False,behavior fingerprint unavailable,False,no npz,"{""BACKTEST_VALIDATED_GATES_TRADIER"":false,""BASE_TF"":""3m"",""BB_BREAKOUT_ENABLED"":true,""BB_BREAKOUT_SCORE"":20,""BB_BREAKOUT_TF"":""3m"",""COOLDOWN_BARS"":0,""COOLDOWN_BARS_TRADIER"":0,""DC_BREAKOUT_ENTRY_ENABLED"":false,""DELTA_ENGINE_ENABLED"":true,""DELTA_MAX_HOLD_BARS"":1,""D_TREND_REQUIRED"":false,""EMA_TF_15M_ENABLED"":false,""EMA_TF_1H_ENABLED"":false,""EMA_TF_3M_ENABLED"":false,""EMA_TF_4H_ENABLED"":false,""EMA_TF_5M_ENABLED"":false,""EMA_TF_D_ENABLED"":false,""ENTRY_SCORE_THRESHOLD"":10.0,""HA_WICK_QUALITY_ENABLED"":false,""HTF_ALIGNMENT_ENABLED"":false,""K3M_FLOOR"":0.0,""KINDERGARTEN_EMA_GATE_ENABLED"":false,""MACD_ZERO_CROSS_ENABLED"":false,""MFI_ENTRY_ENABLED"":false,""MIN_HOLD_BARS"":0,""MIN_HOLD_BARS_BEFORE_EXIT"":0,""MIN_HOLD_MINUTES_TRADIER"":0.0,""MTF_ARMED_WT_DIRECTION_SUSPEND_ENABLED"":false,""RSI2_MEAN_REVERSION_ENABLED"":false,""RSI_MACD_EMA_ENABLED"":false,""TRADIER_ENTRY_SCORE_THRESHOLD"":0,""TRIPLE_CONF_ENABLED"":false,""WT_DC_HTF_GATE"":""none"",""WT_TF_15M_ENABLED"":false,""WT_TF_1H_ENABLED"":false,""WT_TF_3M_ENABLED"":false,""WT_TF_4H_ENABLED"":false,""WT_TF_5M_ENABLED"":false,""WT_TF_D_ENABLED"":false}"
BB_BREAKOUT_SCORE,STRATEGY_CAUSAL,declared strategy/catalog/live-path setting,INVALID,25/25 invalid executions,ENGINE_AUTO_WIRED|ENTRY|QUICK_CONFIG|RECENT_5D,DISCONNECTED_LIVE_PATHS|ENGINE_AUTO_WIRED|QUICK_CONFIG|RECENT_RESULTS_5D|SWITCH_CATALOG,True,True,False,True,True,False,3m,NATIVE_BASE_FIXED,10,False,,,0.0,,,,,,,,False,behavior fingerprint unavailable,False,no npz,"{""BACKTEST_VALIDATED_GATES_TRADIER"":false,""BASE_TF"":""3m"",""BB_BREAKOUT_ENABLED"":true,""BB_BREAKOUT_SCORE"":10,""BB_BREAKOUT_TF"":""3m"",""COOLDOWN_BARS"":0,""COOLDOWN_BARS_TRADIER"":0,""DC_BREAKOUT_ENTRY_ENABLED"":false,""DELTA_ENGINE_ENABLED"":true,""DELTA_MAX_HOLD_BARS"":1,""D_TREND_REQUIRED"":false,""EMA_TF_15M_ENABLED"":false,""EMA_TF_1H_ENABLED"":false,""EMA_TF_3M_ENABLED"":false,""EMA_TF_4H_ENABLED"":false,""EMA_TF_5M_ENABLED"":false,""EMA_TF_D_ENABLED"":false,""ENTRY_SCORE_THRESHOLD"":15.0,""HA_WICK_QUALITY_ENABLED"":false,""HTF_ALIGNMENT_ENABLED"":false,""K3M_FLOOR"":0.0,""KINDERGARTEN_EMA_GATE_ENABLED"":false,""MACD_ZERO_CROSS_ENABLED"":false,""MFI_ENTRY_ENABLED"":false,""MIN_HOLD_BARS"":0,""MIN_HOLD_BARS_BEFORE_EXIT"":0,""MIN_HOLD_MINUTES_TRADIER"":0.0,""MTF_ARMED_WT_DIRECTION_SUSPEND_ENABLED"":false,""RSI2_MEAN_REVERSION_ENABLED"":false,""RSI_MACD_EMA_ENABLED"":false,""TRADIER_ENTRY_SCORE_THRESHOLD"":0,""TRIPLE_CONF_ENABLED"":false,""WT_DC_HTF_GATE"":""none"",""WT_TF_15M_ENABLED"":false,""WT_TF_1H_ENABLED"":false,""WT_TF_3M_ENABLED"":false,""WT_TF_4H_ENABLED"":false,""WT_TF_5M_ENABLED"":false,""WT_TF_D_ENABLED"":false}"
BB_BREAKOUT_SCORE,STRATEGY_CAUSAL,declared strategy/catalog/live-path setting,INVALID,25/25 invalid executions,ENGINE_AUTO_WIRED|ENTRY|QUICK_CONFIG|RECENT_5D,DISCONNECTED_LIVE_PATHS|ENGINE_AUTO_WIRED|QUICK_CONFIG|RECENT_RESULTS_5D|SWITCH_CATALOG,True,True,False,True,True,False,3m,NATIVE_BASE_FIXED,15,False,,,0.0,,,,,,,,False,behavior fingerprint unavailable,False,no npz,"{""BACKTEST_VALIDATED_GATES_TRADIER"":false,""BASE_TF"":""3m"",""BB_BREAKOUT_ENABLED"":true,""BB_BREAKOUT_SCORE"":15,""BB_BREAKOUT_TF"":""3m"",""COOLDOWN_BARS"":0,""COOLDOWN_BARS_TRADIER"":0,""DC_BREAKOUT_ENTRY_ENABLED"":false,""DELTA_ENGINE_ENABLED"":true,""DELTA_MAX_HOLD_BARS"":1,""D_TREND_REQUIRED"":false,""EMA_TF_15M_ENABLED"":false,""EMA_TF_1H_ENABLED"":false,""EMA_TF_3M_ENABLED"":false,""EMA_TF_4H_ENABLED"":false,""EMA_TF_5M_ENABLED"":false,""EMA_TF_D_ENABLED"":false,""ENTRY_SCORE_THRESHOLD"":17.5,""HA_WICK_QUALITY_ENABLED"":false,""HTF_ALIGNMENT_ENABLED"":false,""K3M_FLOOR"":0.0,""KINDERGARTEN_EMA_GATE_ENABLED"":false,""MACD_ZERO_CROSS_ENABLED"":false,""MFI_ENTRY_ENABLED"":false,""MIN_HOLD_BARS"":0,""MIN_HOLD_BARS_BEFORE_EXIT"":0,""MIN_HOLD_MINUTES_TRADIER"":0.0,""MTF_ARMED_WT_DIRECTION_SUSPEND_ENABLED"":false,""RSI2_MEAN_REVERSION_ENABLED"":false,""RSI_MACD_EMA_ENABLED"":false,""TRADIER_ENTRY_SCORE_THRESHOLD"":0,""TRIPLE_CONF_ENABLED"":false,""WT_DC_HTF_GATE"":""none"",""WT_TF_15M_ENABLED"":false,""WT_TF_1H_ENABLED"":false,""WT_TF_3M_ENABLED"":false,""WT_TF_4H_ENABLED"":false,""WT_TF_5M_ENABLED"":false,""WT_TF_D_ENABLED"":false}"
BB_BREAKOUT_SCORE,STRATEGY_CAUSAL,declared strategy/catalog/live-path setting,INVALID,25/25 invalid executions,ENGINE_AUTO_WIRED|ENTRY|QUICK_CONFIG|RECENT_5D,DISCONNECTED_LIVE_PATHS|ENGINE_AUTO_WIRED|QUICK_CONFIG|RECENT_RESULTS_5D|SWITCH_CATALOG,True,True,False,True,True,False,3m,NATIVE_BASE_FIXED,25,False,,,0.0,,,,,,,,False,behavior fingerprint unavailable,False,no npz,"{""BACKTEST_VALIDATED_GATES_TRADIER"":false,""BASE_TF"":""3m"",""BB_BREAKOUT_ENABLED"":true,""BB_BREAKOUT_SCORE"":25,""BB_BREAKOUT_TF"":""3m"",""COOLDOWN_BARS"":0,""COOLDOWN_BARS_TRADIER"":0,""DC_BREAKOUT_ENTRY_ENABLED"":false,""DELTA_ENGINE_ENABLED"":true,""DELTA_MAX_HOLD_BARS"":1,""D_TREND_REQUIRED"":false,""EMA_TF_15M_ENABLED"":false,""EMA_TF_1H_ENABLED"":false,""EMA_TF_3M_ENABLED"":false,""EMA_TF_4H_ENABLED"":false,""EMA_TF_5M_ENABLED"":false,""EMA_TF_D_ENABLED"":false,""ENTRY_SCORE_THRESHOLD"":22.5,""HA_WICK_QUALITY_ENABLED"":false,""HTF_ALIGNMENT_ENABLED"":false,""K3M_FLOOR"":0.0,""KINDERGARTEN_EMA_GATE_ENABLED"":false,""MACD_ZERO_CROSS_ENABLED"":false,""MFI_ENTRY_ENABLED"":false,""MIN_HOLD_BARS"":0,""MIN_HOLD_BARS_BEFORE_EXIT"":0,""MIN_HOLD_MINUTES_TRADIER"":0.0,""MTF_ARMED_WT_DIRECTION_SUSPEND_ENABLED"":false,""RSI2_MEAN_REVERSION_ENABLED"":false,""RSI_MACD_EMA_ENABLED"":false,""TRADIER_ENTRY_SCORE_THRESHOLD"":0,""TRIPLE_CONF_ENABLED"":false,""WT_DC_HTF_GATE"":""none"",""WT_TF_15M_ENABLED"":false,""WT_TF_1H_ENABLED"":false,""WT_TF_3M_ENABLED"":false,""WT_TF_4H_ENABLED"":false,""WT_TF_5M_ENABLED"":false,""WT_TF_D_ENABLED"":false}"
BB_BREAKOUT_SCORE,STRATEGY_CAUSAL,declared strategy/catalog/live-path setting,INVALID,25/25 invalid executions,ENGINE_AUTO_WIRED|ENTRY|QUICK_CONFIG|RECENT_5D,DISCONNECTED_LIVE_PATHS|ENGINE_AUTO_WIRED|QUICK_CONFIG|RECENT_RESULTS_5D|SWITCH_CATALOG,True,True,False,True,True,False,3m,NATIVE_BASE_FIXED,30,False,,,0.0,,,,,,,,False,behavior fingerprint unavailable,False,no npz,"{""BACKTEST_VALIDATED_GATES_TRADIER"":false,""BASE_TF"":""3m"",""BB_BREAKOUT_ENABLED"":true,""BB_BREAKOUT_SCORE"":30,""BB_BREAKOUT_TF"":""3m"",""COOLDOWN_BARS"":0,""COOLDOWN_BARS_TRADIER"":0,""DC_BREAKOUT_ENTRY_ENABLED"":false,""DELTA_ENGINE_ENABLED"":true,""DELTA_MAX_HOLD_BARS"":1,""D_TREND_REQUIRED"":false,""EMA_TF_15M_ENABLED"":false,""EMA_TF_1H_ENABLED"":false,""EMA_TF_3M_ENABLED"":false,""EMA_TF_4H_ENABLED"":false,""EMA_TF_5M_ENABLED"":false,""EMA_TF_D_ENABLED"":false,""ENTRY_SCORE_THRESHOLD"":25.0,""HA_WICK_QUALITY_ENABLED"":false,""HTF_ALIGNMENT_ENABLED"":false,""K3M_FLOOR"":0.0,""KINDERGARTEN_EMA_GATE_ENABLED"":false,""MACD_ZERO_CROSS_ENABLED"":false,""MFI_ENTRY_ENABLED"":false,""MIN_HOLD_BARS"":0,""MIN_HOLD_BARS_BEFORE_EXIT"":0,""MIN_HOLD_MINUTES_TRADIER"":0.0,""MTF_ARMED_WT_DIRECTION_SUSPEND_ENABLED"":false,""RSI2_MEAN_REVERSION_ENABLED"":false,""RSI_MACD_EMA_ENABLED"":false,""TRADIER_ENTRY_SCORE_THRESHOLD"":0,""TRIPLE_CONF_ENABLED"":false,""WT_DC_HTF_GATE"":""none"",""WT_TF_15M_ENABLED"":false,""WT_TF_1H_ENABLED"":false,""WT_TF_3M_ENABLED"":false,""WT_TF_4H_ENABLED"":false,""WT_TF_5M_ENABLED"":false,""WT_TF_D_ENABLED"":false}"
BB_BREAKOUT_SCORE,STRATEGY_CAUSAL,declared strategy/catalog/live-path setting,INVALID,25/25 invalid executions,ENGINE_AUTO_WIRED|ENTRY|QUICK_CONFIG|RECENT_5D,DISCONNECTED_LIVE_PATHS|ENGINE_AUTO_WIRED|QUICK_CONFIG|RECENT_RESULTS_5D|SWITCH_CATALOG,True,True,False,True,True,False,15m,NATIVE_BASE_FIXED,20,False,,,0.0,,,,,,,,False,behavior fingerprint unavailable,False,no npz,"{""BACKTEST_VALIDATED_GATES_TRADIER"":false,""BASE_TF"":""3m"",""BB_BREAKOUT_ENABLED"":true,""BB_BREAKOUT_SCORE"":20,""BB_BREAKOUT_TF"":""15m"",""COOLDOWN_BARS"":0,""COOLDOWN_BARS_TRADIER"":0,""DC_BREAKOUT_ENTRY_ENABLED"":false,""DELTA_ENGINE_ENABLED"":true,""DELTA_MAX_HOLD_BARS"":1,""D_TREND_REQUIRED"":false,""EMA_TF_15M_ENABLED"":false,""EMA_TF_1H_ENABLED"":false,""EMA_TF_3M_ENABLED"":false,""EMA_TF_4H_ENABLED"":false,""EMA_TF_5M_ENABLED"":false,""EMA_TF_D_ENABLED"":false,""ENTRY_SCORE_THRESHOLD"":10.0,""HA_WICK_QUALITY_ENABLED"":false,""HTF_ALIGNMENT_ENABLED"":false,""K3M_FLOOR"":0.0,""KINDERGARTEN_EMA_GATE_ENABLED"":false,""MACD_ZERO_CROSS_ENABLED"":false,""MFI_ENTRY_ENABLED"":false,""MIN_HOLD_BARS"":0,""MIN_HOLD_BARS_BEFORE_EXIT"":0,""MIN_HOLD_MINUTES_TRADIER"":0.0,""MTF_ARMED_WT_DIRECTION_SUSPEND_ENABLED"":false,""RSI2_MEAN_REVERSION_ENABLED"":false,""RSI_MACD_EMA_ENABLED"":false,""TRADIER_ENTRY_SCORE_THRESHOLD"":0,""TRIPLE_CONF_ENABLED"":false,""WT_DC_HTF_GATE"":""none"",""WT_TF_15M_ENABLED"":false,""WT_TF_1H_ENABLED"":false,""WT_TF_3M_ENABLED"":false,""WT_TF_4H_ENABLED"":false,""WT_TF_5M_ENABLED"":false,""WT_TF_D_ENABLED"":false}"
BB_BREAKOUT_SCORE,STRATEGY_CAUSAL,declared strategy/catalog/live-path setting,INVALID,25/25 invalid executions,ENGINE_AUTO_WIRED|ENTRY|QUICK_CONFIG|RECENT_5D,DISCONNECTED_LIVE_PATHS|ENGINE_AUTO_WIRED|QUICK_CONFIG|RECENT_RESULTS_5D|SWITCH_CATALOG,True,True,False,True,True,False,15m,NATIVE_BASE_FIXED,10,False,,,0.0,,,,,,,,False,behavior fingerprint unavailable,False,no npz,"{""BACKTEST_VALIDATED_GATES_TRADIER"":false,""BASE_TF"":""3m"",""BB_BREAKOUT_ENABLED"":true,""BB_BREAKOUT_SCORE"":10,""BB_BREAKOUT_TF"":""15m"",""COOLDOWN_BARS"":0,""COOLDOWN_BARS_TRADIER"":0,""DC_BREAKOUT_ENTRY_ENABLED"":false,""DELTA_ENGINE_ENABLED"":true,""DELTA_MAX_HOLD_BARS"":1,""D_TREND_REQUIRED"":false,""EMA_TF_15M_ENABLED"":false,""EMA_TF_1H_ENABLED"":false,""EMA_TF_3M_ENABLED"":false,""EMA_TF_4H_ENABLED"":false,""EMA_TF_5M_ENABLED"":false,""EMA_TF_D_ENABLED"":false,""ENTRY_SCORE_THRESHOLD"":15.0,""HA_WICK_QUALITY_ENABLED"":false,""HTF_ALIGNMENT_ENABLED"":false,""K3M_FLOOR"":0.0,""KINDERGARTEN_EMA_GATE_ENABLED"":false,""MACD_ZERO_CROSS_ENABLED"":false,""MFI_ENTRY_ENABLED"":false,""MIN_HOLD_BARS"":0,""MIN_HOLD_BARS_BEFORE_EXIT"":0,""MIN_HOLD_MINUTES_TRADIER"":0.0,""MTF_ARMED_WT_DIRECTION_SUSPEND_ENABLED"":false,""RSI2_MEAN_REVERSION_ENABLED"":false,""RSI_MACD_EMA_ENABLED"":false,""TRADIER_ENTRY_SCORE_THRESHOLD"":0,""TRIPLE_CONF_ENABLED"":false,""WT_DC_HTF_GATE"":""none"",""WT_TF_15M_ENABLED"":false,""WT_TF_1H_ENABLED"":false,""WT_TF_3M_ENABLED"":false,""WT_TF_4H_ENABLED"":false,""WT_TF_5M_ENABLED"":false,""WT_TF_D_ENABLED"":false}"
BB_BREAKOUT_SCORE,STRATEGY_CAUSAL,declared strategy/catalog/live-path setting,INVALID,25/25 invalid executions,ENGINE_AUTO_WIRED|ENTRY|QUICK_CONFIG|RECENT_5D,DISCONNECTED_LIVE_PATHS|ENGINE_AUTO_WIRED|QUICK_CONFIG|RECENT_RESULTS_5D|SWITCH_CATALOG,True,True,False,True,True,False,15m,NATIVE_BASE_FIXED,15,False,,,0.0,,,,,,,,False,behavior fingerprint unavailable,False,no npz,"{""BACKTEST_VALIDATED_GATES_TRADIER"":false,""BASE_TF"":""3m"",""BB_BREAKOUT_ENABLED"":true,""BB_BREAKOUT_SCORE"":15,""BB_BREAKOUT_TF"":""15m"",""COOLDOWN_BARS"":0,""COOLDOWN_BARS_TRADIER"":0,""DC_BREAKOUT_ENTRY_ENABLED"":false,""DELTA_ENGINE_ENABLED"":true,""DELTA_MAX_HOLD_BARS"":1,""D_TREND_REQUIRED"":false,""EMA_TF_15M_ENABLED"":false,""EMA_TF_1H_ENABLED"":false,""EMA_TF_3M_ENABLED"":false,""EMA_TF_4H_ENABLED"":false,""EMA_TF_5M_ENABLED"":false,""EMA_TF_D_ENABLED"":false,""ENTRY_SCORE_THRESHOLD"":17.5,""HA_WICK_QUALITY_ENABLED"":false,""HTF_ALIGNMENT_ENABLED"":false,""K3M_FLOOR"":0.0,""KINDERGARTEN_EMA_GATE_ENABLED"":false,""MACD_ZERO_CROSS_ENABLED"":false,""MFI_ENTRY_ENABLED"":false,""MIN_HOLD_BARS"":0,""MIN_HOLD_BARS_BEFORE_EXIT"":0,""MIN_HOLD_MINUTES_TRADIER"":0.0,""MTF_ARMED_WT_DIRECTION_SUSPEND_ENABLED"":false,""RSI2_MEAN_REVERSION_ENABLED"":false,""RSI_MACD_EMA_ENABLED"":false,""TRADIER_ENTRY_SCORE_THRESHOLD"":0,""TRIPLE_CONF_ENABLED"":false,""WT_DC_HTF_GATE"":""none"",""WT_TF_15M_ENABLED"":false,""WT_TF_1H_ENABLED"":false,""WT_TF_3M_ENABLED"":false,""WT_TF_4H_ENABLED"":false,""WT_TF_5M_ENABLED"":false,""WT_TF_D_ENABLED"":false}"
BB_BREAKOUT_SCORE,STRATEGY_CAUSAL,declared strategy/catalog/live-path setting,INVALID,25/25 invalid executions,ENGINE_AUTO_WIRED|ENTRY|QUICK_CONFIG|RECENT_5D,DISCONNECTED_LIVE_PATHS|ENGINE_AUTO_WIRED|QUICK_CONFIG|RECENT_RESULTS_5D|SWITCH_CATALOG,True,True,False,True,True,False,15m,NATIVE_BASE_FIXED,25,False,,,0.0,,,,,,,,False,behavior fingerprint unavailable,False,no npz,"{""BACKTEST_VALIDATED_GATES_TRADIER"":false,""BASE_TF"":""3m"",""BB_BREAKOUT_ENABLED"":true,""BB_BREAKOUT_SCORE"":25,""BB_BREAKOUT_TF"":""15m"",""COOLDOWN_BARS"":0,""COOLDOWN_BARS_TRADIER"":0,""DC_BREAKOUT_ENTRY_ENABLED"":false,""DELTA_ENGINE_ENABLED"":true,""DELTA_MAX_HOLD_BARS"":1,""D_TREND_REQUIRED"":false,""EMA_TF_15M_ENABLED"":false,""EMA_TF_1H_ENABLED"":false,""EMA_TF_3M_ENABLED"":false,""EMA_TF_4H_ENABLED"":false,""EMA_TF_5M_ENABLED"":false,""EMA_TF_D_ENABLED"":false,""ENTRY_SCORE_THRESHOLD"":22.5,""HA_WICK_QUALITY_ENABLED"":false,""HTF_ALIGNMENT_ENABLED"":false,""K3M_FLOOR"":0.0,""KINDERGARTEN_EMA_GATE_ENABLED"":false,""MACD_ZERO_CROSS_ENABLED"":false,""MFI_ENTRY_ENABLED"":false,""MIN_HOLD_BARS"":0,""MIN_HOLD_BARS_BEFORE_EXIT"":0,""MIN_HOLD_MINUTES_TRADIER"":0.0,""MTF_ARMED_WT_DIRECTION_SUSPEND_ENABLED"":false,""RSI2_MEAN_REVERSION_ENABLED"":false,""RSI_MACD_EMA_ENABLED"":false,""TRADIER_ENTRY_SCORE_THRESHOLD"":0,""TRIPLE_CONF_ENABLED"":false,""WT_DC_HTF_GATE"":""none"",""WT_TF_15M_ENABLED"":false,""WT_TF_1H_ENABLED"":false,""WT_TF_3M_ENABLED"":false,""WT_TF_4H_ENABLED"":false,""WT_TF_5M_ENABLED"":false,""WT_TF_D_ENABLED"":false}"
BB_BREAKOUT_SCORE,STRATEGY_CAUSAL,declared strategy/catalog/live-path setting,INVALID,25/25 invalid executions,ENGINE_AUTO_WIRED|ENTRY|QUICK_CONFIG|RECENT_5D,DISCONNECTED_LIVE_PATHS|ENGINE_AUTO_WIRED|QUICK_CONFIG|RECENT_RESULTS_5D|SWITCH_CATALOG,True,True,False,True,True,False,15m,NATIVE_BASE_FIXED,30,False,,,0.0,,,,,,,,False,behavior fingerprint unavailable,False,no npz,"{""BACKTEST_VALIDATED_GATES_TRADIER"":false,""BASE_TF"":""3m"",""BB_BREAKOUT_ENABLED"":true,""BB_BREAKOUT_SCORE"":30,""BB_BREAKOUT_TF"":""15m"",""COOLDOWN_BARS"":0,""COOLDOWN_BARS_TRADIER"":0,""DC_BREAKOUT_ENTRY_ENABLED"":false,""DELTA_ENGINE_ENABLED"":true,""DELTA_MAX_HOLD_BARS"":1,""D_TREND_REQUIRED"":false,""EMA_TF_15M_ENABLED"":false,""EMA_TF_1H_ENABLED"":false,""EMA_TF_3M_ENABLED"":false,""EMA_TF_4H_ENABLED"":false,""EMA_TF_5M_ENABLED"":false,""EMA_TF_D_ENABLED"":false,""ENTRY_SCORE_THRESHOLD"":25.0,""HA_WICK_QUALITY_ENABLED"":false,""HTF_ALIGNMENT_ENABLED"":false,""K3M_FLOOR"":0.0,""KINDERGARTEN_EMA_GATE_ENABLED"":false,""MACD_ZERO_CROSS_ENABLED"":false,""MFI_ENTRY_ENABLED"":false,""MIN_HOLD_BARS"":0,""MIN_HOLD_BARS_BEFORE_EXIT"":0,""MIN_HOLD_MINUTES_TRADIER"":0.0,""MTF_ARMED_WT_DIRECTION_SUSPEND_ENABLED"":false,""RSI2_MEAN_REVERSION_ENABLED"":false,""RSI_MACD_EMA_ENABLED"":false,""TRADIER_ENTRY_SCORE_THRESHOLD"":0,""TRIPLE_CONF_ENABLED"":false,""WT_DC_HTF_GATE"":""none"",""WT_TF_15M_ENABLED"":false,""WT_TF_1H_ENABLED"":false,""WT_TF_3M_ENABLED"":false,""WT_TF_4H_ENABLED"":false,""WT_TF_5M_ENABLED"":false,""WT_TF_D_ENABLED"":false}"
BB_BREAKOUT_SCORE,STRATEGY_CAUSAL,declared strategy/catalog/live-path setting,INVALID,25/25 invalid executions,ENGINE_AUTO_WIRED|ENTRY|QUICK_CONFIG|RECENT_5D,DISCONNECTED_LIVE_PATHS|ENGINE_AUTO_WIRED|QUICK_CONFIG|RECENT_RESULTS_5D|SWITCH_CATALOG,True,True,False,True,True,False,1h,NATIVE_BASE_FIXED,20,False,,,0.0,,,,,,,,False,behavior fingerprint unavailable,False,no npz,"{""BACKTEST_VALIDATED_GATES_TRADIER"":false,""BASE_TF"":""3m"",""BB_BREAKOUT_ENABLED"":true,""BB_BREAKOUT_SCORE"":20,""BB_BREAKOUT_TF"":""1h"",""COOLDOWN_BARS"":0,""COOLDOWN_BARS_TRADIER"":0,""DC_BREAKOUT_ENTRY_ENABLED"":false,""DELTA_ENGINE_ENABLED"":true,""DELTA_MAX_HOLD_BARS"":1,""D_TREND_REQUIRED"":false,""EMA_TF_15M_ENABLED"":false,""EMA_TF_1H_ENABLED"":false,""EMA_TF_3M_ENABLED"":false,""EMA_TF_4H_ENABLED"":false,""EMA_TF_5M_ENABLED"":false,""EMA_TF_D_ENABLED"":false,""ENTRY_SCORE_THRESHOLD"":10.0,""HA_WICK_QUALITY_ENABLED"":false,""HTF_ALIGNMENT_ENABLED"":false,""K3M_FLOOR"":0.0,""KINDERGARTEN_EMA_GATE_ENABLED"":false,""MACD_ZERO_CROSS_ENABLED"":false,""MFI_ENTRY_ENABLED"":false,""MIN_HOLD_BARS"":0,""MIN_HOLD_BARS_BEFORE_EXIT"":0,""MIN_HOLD_MINUTES_TRADIER"":0.0,""MTF_ARMED_WT_DIRECTION_SUSPEND_ENABLED"":false,""RSI2_MEAN_REVERSION_ENABLED"":false,""RSI_MACD_EMA_ENABLED"":false,""TRADIER_ENTRY_SCORE_THRESHOLD"":0,""TRIPLE_CONF_ENABLED"":false,""WT_DC_HTF_GATE"":""none"",""WT_TF_15M_ENABLED"":false,""WT_TF_1H_ENABLED"":false,""WT_TF_3M_ENABLED"":false,""WT_TF_4H_ENABLED"":false,""WT_TF_5M_ENABLED"":false,""WT_TF_D_ENABLED"":false}"
BB_BREAKOUT_SCORE,STRATEGY_CAUSAL,declared strategy/catalog/live-path setting,INVALID,25/25 invalid executions,ENGINE_AUTO_WIRED|ENTRY|QUICK_CONFIG|RECENT_5D,DISCONNECTED_LIVE_PATHS|ENGINE_AUTO_WIRED|QUICK_CONFIG|RECENT_RESULTS_5D|SWITCH_CATALOG,True,True,False,True,True,False,1h,NATIVE_BASE_FIXED,10,False,,,0.0,,,,,,,,False,behavior fingerprint unavailable,False,no npz,"{""BACKTEST_VALIDATED_GATES_TRADIER"":false,""BASE_TF"":""3m"",""BB_BREAKOUT_ENABLED"":true,""BB_BREAKOUT_SCORE"":10,""BB_BREAKOUT_TF"":""1h"",""COOLDOWN_BARS"":0,""COOLDOWN_BARS_TRADIER"":0,""DC_BREAKOUT_ENTRY_ENABLED"":false,""DELTA_ENGINE_ENABLED"":true,""DELTA_MAX_HOLD_BARS"":1,""D_TREND_REQUIRED"":false,""EMA_TF_15M_ENABLED"":false,""EMA_TF_1H_ENABLED"":false,""EMA_TF_3M_ENABLED"":false,""EMA_TF_4H_ENABLED"":false,""EMA_TF_5M_ENABLED"":false,""EMA_TF_D_ENABLED"":false,""ENTRY_SCORE_THRESHOLD"":15.0,""HA_WICK_QUALITY_ENABLED"":false,""HTF_ALIGNMENT_ENABLED"":false,""K3M_FLOOR"":0.0,""KINDERGARTEN_EMA_GATE_ENABLED"":false,""MACD_ZERO_CROSS_ENABLED"":false,""MFI_ENTRY_ENABLED"":false,""MIN_HOLD_BARS"":0,""MIN_HOLD_BARS_BEFORE_EXIT"":0,""MIN_HOLD_MINUTES_TRADIER"":0.0,""MTF_ARMED_WT_DIRECTION_SUSPEND_ENABLED"":false,""RSI2_MEAN_REVERSION_ENABLED"":false,""RSI_MACD_EMA_ENABLED"":false,""TRADIER_ENTRY_SCORE_THRESHOLD"":0,""TRIPLE_CONF_ENABLED"":false,""WT_DC_HTF_GATE"":""none"",""WT_TF_15M_ENABLED"":false,""WT_TF_1H_ENABLED"":false,""WT_TF_3M_ENABLED"":false,""WT_TF_4H_ENABLED"":false,""WT_TF_5M_ENABLED"":false,""WT_TF_D_ENABLED"":false}"
BB_BREAKOUT_SCORE,STRATEGY_CAUSAL,declared strategy/catalog/live-path setting,INVALID,25/25 invalid executions,ENGINE_AUTO_WIRED|ENTRY|QUICK_CONFIG|RECENT_5D,DISCONNECTED_LIVE_PATHS|ENGINE_AUTO_WIRED|QUICK_CONFIG|RECENT_RESULTS_5D|SWITCH_CATALOG,True,True,False,True,True,False,1h,NATIVE_BASE_FIXED,15,False,,,0.0,,,,,,,,False,behavior fingerprint unavailable,False,no npz,"{""BACKTEST_VALIDATED_GATES_TRADIER"":false,""BASE_TF"":""3m"",""BB_BREAKOUT_ENABLED"":true,""BB_BREAKOUT_SCORE"":15,""BB_BREAKOUT_TF"":""1h"",""COOLDOWN_BARS"":0,""COOLDOWN_BARS_TRADIER"":0,""DC_BREAKOUT_ENTRY_ENABLED"":false,""DELTA_ENGINE_ENABLED"":true,""DELTA_MAX_HOLD_BARS"":1,""D_TREND_REQUIRED"":false,""EMA_TF_15M_ENABLED"":false,""EMA_TF_1H_ENABLED"":false,""EMA_TF_3M_ENABLED"":false,""EMA_TF_4H_ENABLED"":false,""EMA_TF_5M_ENABLED"":false,""EMA_TF_D_ENABLED"":false,""ENTRY_SCORE_THRESHOLD"":17.5,""HA_WICK_QUALITY_ENABLED"":false,""HTF_ALIGNMENT_ENABLED"":false,""K3M_FLOOR"":0.0,""KINDERGARTEN_EMA_GATE_ENABLED"":false,""MACD_ZERO_CROSS_ENABLED"":false,""MFI_ENTRY_ENABLED"":false,""MIN_HOLD_BARS"":0,""MIN_HOLD_BARS_BEFORE_EXIT"":0,""MIN_HOLD_MINUTES_TRADIER"":0.0,""MTF_ARMED_WT_DIRECTION_SUSPEND_ENABLED"":false,""RSI2_MEAN_REVERSION_ENABLED"":false,""RSI_MACD_EMA_ENABLED"":false,""TRADIER_ENTRY_SCORE_THRESHOLD"":0,""TRIPLE_CONF_ENABLED"":false,""WT_DC_HTF_GATE"":""none"",""WT_TF_15M_ENABLED"":false,""WT_TF_1H_ENABLED"":false,""WT_TF_3M_ENABLED"":false,""WT_TF_4H_ENABLED"":false,""WT_TF_5M_ENABLED"":false,""WT_TF_D_ENABLED"":false}"
BB_BREAKOUT_SCORE,STRATEGY_CAUSAL,declared strategy/catalog/live-path setting,INVALID,25/25 invalid executions,ENGINE_AUTO_WIRED|ENTRY|QUICK_CONFIG|RECENT_5D,DISCONNECTED_LIVE_PATHS|ENGINE_AUTO_WIRED|QUICK_CONFIG|RECENT_RESULTS_5D|SWITCH_CATALOG,True,True,False,True,True,False,1h,NATIVE_BASE_FIXED,25,False,,,0.0,,,,,,,,False,behavior fingerprint unavailable,False,no npz,"{""BACKTEST_VALIDATED_GATES_TRADIER"":false,""BASE_TF"":""3m"",""BB_BREAKOUT_ENABLED"":true,""BB_BREAKOUT_SCORE"":25,""BB_BREAKOUT_TF"":""1h"",""COOLDOWN_BARS"":0,""COOLDOWN_BARS_TRADIER"":0,""DC_BREAKOUT_ENTRY_ENABLED"":false,""DELTA_ENGINE_ENABLED"":true,""DELTA_MAX_HOLD_BARS"":1,""D_TREND_REQUIRED"":false,""EMA_TF_15M_ENABLED"":false,""EMA_TF_1H_ENABLED"":false,""EMA_TF_3M_ENABLED"":false,""EMA_TF_4H_ENABLED"":false,""EMA_TF_5M_ENABLED"":false,""EMA_TF_D_ENABLED"":false,""ENTRY_SCORE_THRESHOLD"":22.5,""HA_WICK_QUALITY_ENABLED"":false,""HTF_ALIGNMENT_ENABLED"":false,""K3M_FLOOR"":0.0,""KINDERGARTEN_EMA_GATE_ENABLED"":false,""MACD_ZERO_CROSS_ENABLED"":false,""MFI_ENTRY_ENABLED"":false,""MIN_HOLD_BARS"":0,""MIN_HOLD_BARS_BEFORE_EXIT"":0,""MIN_HOLD_MINUTES_TRADIER"":0.0,""MTF_ARMED_WT_DIRECTION_SUSPEND_ENABLED"":false,""RSI2_MEAN_REVERSION_ENABLED"":false,""RSI_MACD_EMA_ENABLED"":false,""TRADIER_ENTRY_SCORE_THRESHOLD"":0,""TRIPLE_CONF_ENABLED"":false,""WT_DC_HTF_GATE"":""none"",""WT_TF_15M_ENABLED"":false,""WT_TF_1H_ENABLED"":false,""WT_TF_3M_ENABLED"":false,""WT_TF_4H_ENABLED"":false,""WT_TF_5M_ENABLED"":false,""WT_TF_D_ENABLED"":false}"
BB_BREAKOUT_SCORE,STRATEGY_CAUSAL,declared strategy/catalog/live-path setting,INVALID,25/25 invalid executions,ENGINE_AUTO_WIRED|ENTRY|QUICK_CONFIG|RECENT_5D,DISCONNECTED_LIVE_PATHS|ENGINE_AUTO_WIRED|QUICK_CONFIG|RECENT_RESULTS_5D|SWITCH_CATALOG,True,True,False,True,True,False,1h,NATIVE_BASE_FIXED,30,False,,,0.0,,,,,,,,False,behavior fingerprint unavailable,False,no npz,"{""BACKTEST_VALIDATED_GATES_TRADIER"":false,""BASE_TF"":""3m"",""BB_BREAKOUT_ENABLED"":true,""BB_BREAKOUT_SCORE"":30,""BB_BREAKOUT_TF"":""1h"",""COOLDOWN_BARS"":0,""COOLDOWN_BARS_TRADIER"":0,""DC_BREAKOUT_ENTRY_ENABLED"":false,""DELTA_ENGINE_ENABLED"":true,""DELTA_MAX_HOLD_BARS"":1,""D_TREND_REQUIRED"":false,""EMA_TF_15M_ENABLED"":false,""EMA_TF_1H_ENABLED"":false,""EMA_TF_3M_ENABLED"":false,""EMA_TF_4H_ENABLED"":false,""EMA_TF_5M_ENABLED"":false,""EMA_TF_D_ENABLED"":false,""ENTRY_SCORE_THRESHOLD"":25.0,""HA_WICK_QUALITY_ENABLED"":false,""HTF_ALIGNMENT_ENABLED"":false,""K3M_FLOOR"":0.0,""KINDERGARTEN_EMA_GATE_ENABLED"":false,""MACD_ZERO_CROSS_ENABLED"":false,""MFI_ENTRY_ENABLED"":false,""MIN_HOLD_BARS"":0,""MIN_HOLD_BARS_BEFORE_EXIT"":0,""MIN_HOLD_MINUTES_TRADIER"":0.0,""MTF_ARMED_WT_DIRECTION_SUSPEND_ENABLED"":false,""RSI2_MEAN_REVERSION_ENABLED"":false,""RSI_MACD_EMA_ENABLED"":false,""TRADIER_ENTRY_SCORE_THRESHOLD"":0,""TRIPLE_CONF_ENABLED"":false,""WT_DC_HTF_GATE"":""none"",""WT_TF_15M_ENABLED"":false,""WT_TF_1H_ENABLED"":false,""WT_TF_3M_ENABLED"":false,""WT_TF_4H_ENABLED"":false,""WT_TF_5M_ENABLED"":false,""WT_TF_D_ENABLED"":false}"
BB_BREAKOUT_SCORE,STRATEGY_CAUSAL,declared strategy/catalog/live-path setting,INVALID,25/25 invalid executions,ENGINE_AUTO_WIRED|ENTRY|QUICK_CONFIG|RECENT_5D,DISCONNECTED_LIVE_PATHS|ENGINE_AUTO_WIRED|QUICK_CONFIG|RECENT_RESULTS_5D|SWITCH_CATALOG,True,True,False,True,True,False,4h,NATIVE_BASE_FIXED,20,False,,,0.0,,,,,,,,False,behavior fingerprint unavailable,False,no npz,"{""BACKTEST_VALIDATED_GATES_TRADIER"":false,""BASE_TF"":""3m"",""BB_BREAKOUT_ENABLED"":true,""BB_BREAKOUT_SCORE"":20,""BB_BREAKOUT_TF"":""4h"",""COOLDOWN_BARS"":0,""COOLDOWN_BARS_TRADIER"":0,""DC_BREAKOUT_ENTRY_ENABLED"":false,""DELTA_ENGINE_ENABLED"":true,""DELTA_MAX_HOLD_BARS"":1,""D_TREND_REQUIRED"":false,""EMA_TF_15M_ENABLED"":false,""EMA_TF_1H_ENABLED"":false,""EMA_TF_3M_ENABLED"":false,""EMA_TF_4H_ENABLED"":false,""EMA_TF_5M_ENABLED"":false,""EMA_TF_D_ENABLED"":false,""ENTRY_SCORE_THRESHOLD"":10.0,""HA_WICK_QUALITY_ENABLED"":false,""HTF_ALIGNMENT_ENABLED"":false,""K3M_FLOOR"":0.0,""KINDERGARTEN_EMA_GATE_ENABLED"":false,""MACD_ZERO_CROSS_ENABLED"":false,""MFI_ENTRY_ENABLED"":false,""MIN_HOLD_BARS"":0,""MIN_HOLD_BARS_BEFORE_EXIT"":0,""MIN_HOLD_MINUTES_TRADIER"":0.0,""MTF_ARMED_WT_DIRECTION_SUSPEND_ENABLED"":false,""RSI2_MEAN_REVERSION_ENABLED"":false,""RSI_MACD_EMA_ENABLED"":false,""TRADIER_ENTRY_SCORE_THRESHOLD"":0,""TRIPLE_CONF_ENABLED"":false,""WT_DC_HTF_GATE"":""none"",""WT_TF_15M_ENABLED"":false,""WT_TF_1H_ENABLED"":false,""WT_TF_3M_ENABLED"":false,""WT_TF_4H_ENABLED"":false,""WT_TF_5M_ENABLED"":false,""WT_TF_D_ENABLED"":false}"
BB_BREAKOUT_SCORE,STRATEGY_CAUSAL,declared strategy/catalog/live-path setting,INVALID,25/25 invalid executions,ENGINE_AUTO_WIRED|ENTRY|QUICK_CONFIG|RECENT_5D,DISCONNECTED_LIVE_PATHS|ENGINE_AUTO_WIRED|QUICK_CONFIG|RECENT_RESULTS_5D|SWITCH_CATALOG,True,True,False,True,True,False,4h,NATIVE_BASE_FIXED,10,False,,,0.0,,,,,,,,False,behavior fingerprint unavailable,False,no npz,"{""BACKTEST_VALIDATED_GATES_TRADIER"":false,""BASE_TF"":""3m"",""BB_BREAKOUT_ENABLED"":true,""BB_BREAKOUT_SCORE"":10,""BB_BREAKOUT_TF"":""4h"",""COOLDOWN_BARS"":0,""COOLDOWN_BARS_TRADIER"":0,""DC_BREAKOUT_ENTRY_ENABLED"":false,""DELTA_ENGINE_ENABLED"":true,""DELTA_MAX_HOLD_BARS"":1,""D_TREND_REQUIRED"":false,""EMA_TF_15M_ENABLED"":false,""EMA_TF_1H_ENABLED"":false,""EMA_TF_3M_ENABLED"":false,""EMA_TF_4H_ENABLED"":false,""EMA_TF_5M_ENABLED"":false,""EMA_TF_D_ENABLED"":false,""ENTRY_SCORE_THRESHOLD"":15.0,""HA_WICK_QUALITY_ENABLED"":false,""HTF_ALIGNMENT_ENABLED"":false,""K3M_FLOOR"":0.0,""KINDERGARTEN_EMA_GATE_ENABLED"":false,""MACD_ZERO_CROSS_ENABLED"":false,""MFI_ENTRY_ENABLED"":false,""MIN_HOLD_BARS"":0,""MIN_HOLD_BARS_BEFORE_EXIT"":0,""MIN_HOLD_MINUTES_TRADIER"":0.0,""MTF_ARMED_WT_DIRECTION_SUSPEND_ENABLED"":false,""RSI2_MEAN_REVERSION_ENABLED"":false,""RSI_MACD_EMA_ENABLED"":false,""TRADIER_ENTRY_SCORE_THRESHOLD"":0,""TRIPLE_CONF_ENABLED"":false,""WT_DC_HTF_GATE"":""none"",""WT_TF_15M_ENABLED"":false,""WT_TF_1H_ENABLED"":false,""WT_TF_3M_ENABLED"":false,""WT_TF_4H_ENABLED"":false,""WT_TF_5M_ENABLED"":false,""WT_TF_D_ENABLED"":false}"
BB_BREAKOUT_SCORE,STRATEGY_CAUSAL,declared strategy/catalog/live-path setting,INVALID,25/25 invalid executions,ENGINE_AUTO_WIRED|ENTRY|QUICK_CONFIG|RECENT_5D,DISCONNECTED_LIVE_PATHS|ENGINE_AUTO_WIRED|QUICK_CONFIG|RECENT_RESULTS_5D|SWITCH_CATALOG,True,True,False,True,True,False,4h,NATIVE_BASE_FIXED,15,False,,,0.0,,,,,,,,False,behavior fingerprint unavailable,False,no npz,"{""BACKTEST_VALIDATED_GATES_TRADIER"":false,""BASE_TF"":""3m"",""BB_BREAKOUT_ENABLED"":true,""BB_BREAKOUT_SCORE"":15,""BB_BREAKOUT_TF"":""4h"",""COOLDOWN_BARS"":0,""COOLDOWN_BARS_TRADIER"":0,""DC_BREAKOUT_ENTRY_ENABLED"":false,""DELTA_ENGINE_ENABLED"":true,""DELTA_MAX_HOLD_BARS"":1,""D_TREND_REQUIRED"":false,""EMA_TF_15M_ENABLED"":false,""EMA_TF_1H_ENABLED"":false,""EMA_TF_3M_ENABLED"":false,""EMA_TF_4H_ENABLED"":false,""EMA_TF_5M_ENABLED"":false,""EMA_TF_D_ENABLED"":false,""ENTRY_SCORE_THRESHOLD"":17.5,""HA_WICK_QUALITY_ENABLED"":false,""HTF_ALIGNMENT_ENABLED"":false,""K3M_FLOOR"":0.0,""KINDERGARTEN_EMA_GATE_ENABLED"":false,""MACD_ZERO_CROSS_ENABLED"":false,""MFI_ENTRY_ENABLED"":false,""MIN_HOLD_BARS"":0,""MIN_HOLD_BARS_BEFORE_EXIT"":0,""MIN_HOLD_MINUTES_TRADIER"":0.0,""MTF_ARMED_WT_DIRECTION_SUSPEND_ENABLED"":false,""RSI2_MEAN_REVERSION_ENABLED"":false,""RSI_MACD_EMA_ENABLED"":false,""TRADIER_ENTRY_SCORE_THRESHOLD"":0,""TRIPLE_CONF_ENABLED"":false,""WT_DC_HTF_GATE"":""none"",""WT_TF_15M_ENABLED"":false,""WT_TF_1H_ENABLED"":false,""WT_TF_3M_ENABLED"":false,""WT_TF_4H_ENABLED"":false,""WT_TF_5M_ENABLED"":false,""WT_TF_D_ENABLED"":false}"
BB_BREAKOUT_SCORE,STRATEGY_CAUSAL,declared strategy/catalog/live-path setting,INVALID,25/25 invalid executions,ENGINE_AUTO_WIRED|ENTRY|QUICK_CONFIG|RECENT_5D,DISCONNECTED_LIVE_PATHS|ENGINE_AUTO_WIRED|QUICK_CONFIG|RECENT_RESULTS_5D|SWITCH_CATALOG,True,True,False,True,True,False,4h,NATIVE_BASE_FIXED,25,False,,,0.0,,,,,,,,False,behavior fingerprint unavailable,False,no npz,"{""BACKTEST_VALIDATED_GATES_TRADIER"":false,""BASE_TF"":""3m"",""BB_BREAKOUT_ENABLED"":true,""BB_BREAKOUT_SCORE"":25,""BB_BREAKOUT_TF"":""4h"",""COOLDOWN_BARS"":0,""COOLDOWN_BARS_TRADIER"":0,""DC_BREAKOUT_ENTRY_ENABLED"":false,""DELTA_ENGINE_ENABLED"":true,""DELTA_MAX_HOLD_BARS"":1,""D_TREND_REQUIRED"":false,""EMA_TF_15M_ENABLED"":false,""EMA_TF_1H_ENABLED"":false,""EMA_TF_3M_ENABLED"":false,""EMA_TF_4H_ENABLED"":false,""EMA_TF_5M_ENABLED"":false,""EMA_TF_D_ENABLED"":false,""ENTRY_SCORE_THRESHOLD"":22.5,""HA_WICK_QUALITY_ENABLED"":false,""HTF_ALIGNMENT_ENABLED"":false,""K3M_FLOOR"":0.0,""KINDERGARTEN_EMA_GATE_ENABLED"":false,""MACD_ZERO_CROSS_ENABLED"":false,""MFI_ENTRY_ENABLED"":false,""MIN_HOLD_BARS"":0,""MIN_HOLD_BARS_BEFORE_EXIT"":0,""MIN_HOLD_MINUTES_TRADIER"":0.0,""MTF_ARMED_WT_DIRECTION_SUSPEND_ENABLED"":false,""RSI2_MEAN_REVERSION_ENABLED"":false,""RSI_MACD_EMA_ENABLED"":false,""TRADIER_ENTRY_SCORE_THRESHOLD"":0,""TRIPLE_CONF_ENABLED"":false,""WT_DC_HTF_GATE"":""none"",""WT_TF_15M_ENABLED"":false,""WT_TF_1H_ENABLED"":false,""WT_TF_3M_ENABLED"":false,""WT_TF_4H_ENABLED"":false,""WT_TF_5M_ENABLED"":false,""WT_TF_D_ENABLED"":false}"
BB_BREAKOUT_SCORE,STRATEGY_CAUSAL,declared strategy/catalog/live-path setting,INVALID,25/25 invalid executions,ENGINE_AUTO_WIRED|ENTRY|QUICK_CONFIG|RECENT_5D,DISCONNECTED_LIVE_PATHS|ENGINE_AUTO_WIRED|QUICK_CONFIG|RECENT_RESULTS_5D|SWITCH_CATALOG,True,True,False,True,True,False,4h,NATIVE_BASE_FIXED,30,False,,,0.0,,,,,,,,False,behavior fingerprint unavailable,False,no npz,"{""BACKTEST_VALIDATED_GATES_TRADIER"":false,""BASE_TF"":""3m"",""BB_BREAKOUT_ENABLED"":true,""BB_BREAKOUT_SCORE"":30,""BB_BREAKOUT_TF"":""4h"",""COOLDOWN_BARS"":0,""COOLDOWN_BARS_TRADIER"":0,""DC_BREAKOUT_ENTRY_ENABLED"":false,""DELTA_ENGINE_ENABLED"":true,""DELTA_MAX_HOLD_BARS"":1,""D_TREND_REQUIRED"":false,""EMA_TF_15M_ENABLED"":false,""EMA_TF_1H_ENABLED"":false,""EMA_TF_3M_ENABLED"":false,""EMA_TF_4H_ENABLED"":false,""EMA_TF_5M_ENABLED"":false,""EMA_TF_D_ENABLED"":false,""ENTRY_SCORE_THRESHOLD"":25.0,""HA_WICK_QUALITY_ENABLED"":false,""HTF_ALIGNMENT_ENABLED"":false,""K3M_FLOOR"":0.0,""KINDERGARTEN_EMA_GATE_ENABLED"":false,""MACD_ZERO_CROSS_ENABLED"":false,""MFI_ENTRY_ENABLED"":false,""MIN_HOLD_BARS"":0,""MIN_HOLD_BARS_BEFORE_EXIT"":0,""MIN_HOLD_MINUTES_TRADIER"":0.0,""MTF_ARMED_WT_DIRECTION_SUSPEND_ENABLED"":false,""RSI2_MEAN_REVERSION_ENABLED"":false,""RSI_MACD_EMA_ENABLED"":false,""TRADIER_ENTRY_SCORE_THRESHOLD"":0,""TRIPLE_CONF_ENABLED"":false,""WT_DC_HTF_GATE"":""none"",""WT_TF_15M_ENABLED"":false,""WT_TF_1H_ENABLED"":false,""WT_TF_3M_ENABLED"":false,""WT_TF_4H_ENABLED"":false,""WT_TF_5M_ENABLED"":false,""WT_TF_D_ENABLED"":false}"
BB_BREAKOUT_SCORE,STRATEGY_CAUSAL,declared strategy/catalog/live-path setting,INVALID,25/25 invalid executions,ENGINE_AUTO_WIRED|ENTRY|QUICK_CONFIG|RECENT_5D,DISCONNECTED_LIVE_PATHS|ENGINE_AUTO_WIRED|QUICK_CONFIG|RECENT_RESULTS_5D|SWITCH_CATALOG,True,True,False,True,True,False,D,NATIVE_BASE_FIXED,20,False,,,0.0,,,,,,,,False,behavior fingerprint unavailable,False,no npz,"{""BACKTEST_VALIDATED_GATES_TRADIER"":false,""BASE_TF"":""3m"",""BB_BREAKOUT_ENABLED"":true,""BB_BREAKOUT_SCORE"":20,""BB_BREAKOUT_TF"":""D"",""COOLDOWN_BARS"":0,""COOLDOWN_BARS_TRADIER"":0,""DC_BREAKOUT_ENTRY_ENABLED"":false,""DELTA_ENGINE_ENABLED"":true,""DELTA_MAX_HOLD_BARS"":1,""D_TREND_REQUIRED"":false,""EMA_TF_15M_ENABLED"":false,""EMA_TF_1H_ENABLED"":false,""EMA_TF_3M_ENABLED"":false,""EMA_TF_4H_ENABLED"":false,""EMA_TF_5M_ENABLED"":false,""EMA_TF_D_ENABLED"":false,""ENTRY_SCORE_THRESHOLD"":10.0,""HA_WICK_QUALITY_ENABLED"":false,""HTF_ALIGNMENT_ENABLED"":false,""K3M_FLOOR"":0.0,""KINDERGARTEN_EMA_GATE_ENABLED"":false,""MACD_ZERO_CROSS_ENABLED"":false,""MFI_ENTRY_ENABLED"":false,""MIN_HOLD_BARS"":0,""MIN_HOLD_BARS_BEFORE_EXIT"":0,""MIN_HOLD_MINUTES_TRADIER"":0.0,""MTF_ARMED_WT_DIRECTION_SUSPEND_ENABLED"":false,""RSI2_MEAN_REVERSION_ENABLED"":false,""RSI_MACD_EMA_ENABLED"":false,""TRADIER_ENTRY_SCORE_THRESHOLD"":0,""TRIPLE_CONF_ENABLED"":false,""WT_DC_HTF_GATE"":""none"",""WT_TF_15M_ENABLED"":false,""WT_TF_1H_ENABLED"":false,""WT_TF_3M_ENABLED"":false,""WT_TF_4H_ENABLED"":false,""WT_TF_5M_ENABLED"":false,""WT_TF_D_ENABLED"":false}"
BB_BREAKOUT_SCORE,STRATEGY_CAUSAL,declared strategy/catalog/live-path setting,INVALID,25/25 invalid executions,ENGINE_AUTO_WIRED|ENTRY|QUICK_CONFIG|RECENT_5D,DISCONNECTED_LIVE_PATHS|ENGINE_AUTO_WIRED|QUICK_CONFIG|RECENT_RESULTS_5D|SWITCH_CATALOG,True,True,False,True,True,False,D,NATIVE_BASE_FIXED,10,False,,,0.0,,,,,,,,False,behavior fingerprint unavailable,False,no npz,"{""BACKTEST_VALIDATED_GATES_TRADIER"":false,""BASE_TF"":""3m"",""BB_BREAKOUT_ENABLED"":true,""BB_BREAKOUT_SCORE"":10,""BB_BREAKOUT_TF"":""D"",""COOLDOWN_BARS"":0,""COOLDOWN_BARS_TRADIER"":0,""DC_BREAKOUT_ENTRY_ENABLED"":false,""DELTA_ENGINE_ENABLED"":true,""DELTA_MAX_HOLD_BARS"":1,""D_TREND_REQUIRED"":false,""EMA_TF_15M_ENABLED"":false,""EMA_TF_1H_ENABLED"":false,""EMA_TF_3M_ENABLED"":false,""EMA_TF_4H_ENABLED"":false,""EMA_TF_5M_ENABLED"":false,""EMA_TF_D_ENABLED"":false,""ENTRY_SCORE_THRESHOLD"":15.0,""HA_WICK_QUALITY_ENABLED"":false,""HTF_ALIGNMENT_ENABLED"":false,""K3M_FLOOR"":0.0,""KINDERGARTEN_EMA_GATE_ENABLED"":false,""MACD_ZERO_CROSS_ENABLED"":false,""MFI_ENTRY_ENABLED"":false,""MIN_HOLD_BARS"":0,""MIN_HOLD_BARS_BEFORE_EXIT"":0,""MIN_HOLD_MINUTES_TRADIER"":0.0,""MTF_ARMED_WT_DIRECTION_SUSPEND_ENABLED"":false,""RSI2_MEAN_REVERSION_ENABLED"":false,""RSI_MACD_EMA_ENABLED"":false,""TRADIER_ENTRY_SCORE_THRESHOLD"":0,""TRIPLE_CONF_ENABLED"":false,""WT_DC_HTF_GATE"":""none"",""WT_TF_15M_ENABLED"":false,""WT_TF_1H_ENABLED"":false,""WT_TF_3M_ENABLED"":false,""WT_TF_4H_ENABLED"":false,""WT_TF_5M_ENABLED"":false,""WT_TF_D_ENABLED"":false}"
BB_BREAKOUT_SCORE,STRATEGY_CAUSAL,declared strategy/catalog/live-path setting,INVALID,25/25 invalid executions,ENGINE_AUTO_WIRED|ENTRY|QUICK_CONFIG|RECENT_5D,DISCONNECTED_LIVE_PATHS|ENGINE_AUTO_WIRED|QUICK_CONFIG|RECENT_RESULTS_5D|SWITCH_CATALOG,True,True,False,True,True,False,D,NATIVE_BASE_FIXED,15,False,,,0.0,,,,,,,,False,behavior fingerprint unavailable,False,no npz,"{""BACKTEST_VALIDATED_GATES_TRADIER"":false,""BASE_TF"":""3m"",""BB_BREAKOUT_ENABLED"":true,""BB_BREAKOUT_SCORE"":15,""BB_BREAKOUT_TF"":""D"",""COOLDOWN_BARS"":0,""COOLDOWN_BARS_TRADIER"":0,""DC_BREAKOUT_ENTRY_ENABLED"":false,""DELTA_ENGINE_ENABLED"":true,""DELTA_MAX_HOLD_BARS"":1,""D_TREND_REQUIRED"":false,""EMA_TF_15M_ENABLED"":false,""EMA_TF_1H_ENABLED"":false,""EMA_TF_3M_ENABLED"":false,""EMA_TF_4H_ENABLED"":false,""EMA_TF_5M_ENABLED"":false,""EMA_TF_D_ENABLED"":false,""ENTRY_SCORE_THRESHOLD"":17.5,""HA_WICK_QUALITY_ENABLED"":false,""HTF_ALIGNMENT_ENABLED"":false,""K3M_FLOOR"":0.0,""KINDERGARTEN_EMA_GATE_ENABLED"":false,""MACD_ZERO_CROSS_ENABLED"":false,""MFI_ENTRY_ENABLED"":false,""MIN_HOLD_BARS"":0,""MIN_HOLD_BARS_BEFORE_EXIT"":0,""MIN_HOLD_MINUTES_TRADIER"":0.0,""MTF_ARMED_WT_DIRECTION_SUSPEND_ENABLED"":false,""RSI2_MEAN_REVERSION_ENABLED"":false,""RSI_MACD_EMA_ENABLED"":false,""TRADIER_ENTRY_SCORE_THRESHOLD"":0,""TRIPLE_CONF_ENABLED"":false,""WT_DC_HTF_GATE"":""none"",""WT_TF_15M_ENABLED"":false,""WT_TF_1H_ENABLED"":false,""WT_TF_3M_ENABLED"":false,""WT_TF_4H_ENABLED"":false,""WT_TF_5M_ENABLED"":false,""WT_TF_D_ENABLED"":false}"
BB_BREAKOUT_SCORE,STRATEGY_CAUSAL,declared strategy/catalog/live-path setting,INVALID,25/25 invalid executions,ENGINE_AUTO_WIRED|ENTRY|QUICK_CONFIG|RECENT_5D,DISCONNECTED_LIVE_PATHS|ENGINE_AUTO_WIRED|QUICK_CONFIG|RECENT_RESULTS_5D|SWITCH_CATALOG,True,True,False,True,True,False,D,NATIVE_BASE_FIXED,25,False,,,0.0,,,,,,,,False,behavior fingerprint unavailable,False,no npz,"{""BACKTEST_VALIDATED_GATES_TRADIER"":false,""BASE_TF"":""3m"",""BB_BREAKOUT_ENABLED"":true,""BB_BREAKOUT_SCORE"":25,""BB_BREAKOUT_TF"":""D"",""COOLDOWN_BARS"":0,""COOLDOWN_BARS_TRADIER"":0,""DC_BREAKOUT_ENTRY_ENABLED"":false,""DELTA_ENGINE_ENABLED"":true,""DELTA_MAX_HOLD_BARS"":1,""D_TREND_REQUIRED"":false,""EMA_TF_15M_ENABLED"":false,""EMA_TF_1H_ENABLED"":false,""EMA_TF_3M_ENABLED"":false,""EMA_TF_4H_ENABLED"":false,""EMA_TF_5M_ENABLED"":false,""EMA_TF_D_ENABLED"":false,""ENTRY_SCORE_THRESHOLD"":22.5,""HA_WICK_QUALITY_ENABLED"":false,""HTF_ALIGNMENT_ENABLED"":false,""K3M_FLOOR"":0.0,""KINDERGARTEN_EMA_GATE_ENABLED"":false,""MACD_ZERO_CROSS_ENABLED"":false,""MFI_ENTRY_ENABLED"":false,""MIN_HOLD_BARS"":0,""MIN_HOLD_BARS_BEFORE_EXIT"":0,""MIN_HOLD_MINUTES_TRADIER"":0.0,""MTF_ARMED_WT_DIRECTION_SUSPEND_ENABLED"":false,""RSI2_MEAN_REVERSION_ENABLED"":false,""RSI_MACD_EMA_ENABLED"":false,""TRADIER_ENTRY_SCORE_THRESHOLD"":0,""TRIPLE_CONF_ENABLED"":false,""WT_DC_HTF_GATE"":""none"",""WT_TF_15M_ENABLED"":false,""WT_TF_1H_ENABLED"":false,""WT_TF_3M_ENABLED"":false,""WT_TF_4H_ENABLED"":false,""WT_TF_5M_ENABLED"":false,""WT_TF_D_ENABLED"":false}"
BB_BREAKOUT_SCORE,STRATEGY_CAUSAL,declared strategy/catalog/live-path setting,INVALID,25/25 invalid executions,ENGINE_AUTO_WIRED|ENTRY|QUICK_CONFIG|RECENT_5D,DISCONNECTED_LIVE_PATHS|ENGINE_AUTO_WIRED|QUICK_CONFIG|RECENT_RESULTS_5D|SWITCH_CATALOG,True,True,False,True,True,False,D,NATIVE_BASE_FIXED,30,False,,,0.0,,,,,,,,False,behavior fingerprint unavailable,False,no npz,"{""BACKTEST_VALIDATED_GATES_TRADIER"":false,""BASE_TF"":""3m"",""BB_BREAKOUT_ENABLED"":true,""BB_BREAKOUT_SCORE"":30,""BB_BREAKOUT_TF"":""D"",""COOLDOWN_BARS"":0,""COOLDOWN_BARS_TRADIER"":0,""DC_BREAKOUT_ENTRY_ENABLED"":false,""DELTA_ENGINE_ENABLED"":true,""DELTA_MAX_HOLD_BARS"":1,""D_TREND_REQUIRED"":false,""EMA_TF_15M_ENABLED"":false,""EMA_TF_1H_ENABLED"":false,""EMA_TF_3M_ENABLED"":false,""EMA_TF_4H_ENABLED"":false,""EMA_TF_5M_ENABLED"":false,""EMA_TF_D_ENABLED"":false,""ENTRY_SCORE_THRESHOLD"":25.0,""HA_WICK_QUALITY_ENABLED"":false,""HTF_ALIGNMENT_ENABLED"":false,""K3M_FLOOR"":0.0,""KINDERGARTEN_EMA_GATE_ENABLED"":false,""MACD_ZERO_CROSS_ENABLED"":false,""MFI_ENTRY_ENABLED"":false,""MIN_HOLD_BARS"":0,""MIN_HOLD_BARS_BEFORE_EXIT"":0,""MIN_HOLD_MINUTES_TRADIER"":0.0,""MTF_ARMED_WT_DIRECTION_SUSPEND_ENABLED"":false,""RSI2_MEAN_REVERSION_ENABLED"":false,""RSI_MACD_EMA_ENABLED"":false,""TRADIER_ENTRY_SCORE_THRESHOLD"":0,""TRIPLE_CONF_ENABLED"":false,""WT_DC_HTF_GATE"":""none"",""WT_TF_15M_ENABLED"":false,""WT_TF_1H_ENABLED"":false,""WT_TF_3M_ENABLED"":false,""WT_TF_4H_ENABLED"":false,""WT_TF_5M_ENABLED"":false,""WT_TF_D_ENABLED"":false}"
BB_BREAKOUT_TF,STRATEGY_CAUSAL,declared strategy/catalog/live-path setting,INVALID,5/5 invalid executions,ENGINE_AUTO_WIRED|ENTRY|QUICK_CONFIG|RECENT_5D,DISCONNECTED_LIVE_PATHS|ENGINE_AUTO_WIRED|QUICK_CONFIG|RECENT_RESULTS_5D,True,True,True,True,True,False,3m,,"""3m""",False,,,0.0,,,,,,,,False,behavior fingerprint unavailable,False,no npz,"{""BACKTEST_VALIDATED_GATES_TRADIER"":false,""BASE_TF"":""3m"",""BB_BREAKOUT_ENABLED"":true,""BB_BREAKOUT_TF"":""3m"",""COOLDOWN_BARS"":0,""COOLDOWN_BARS_TRADIER"":0,""DC_BREAKOUT_ENTRY_ENABLED"":false,""DELTA_ENGINE_ENABLED"":true,""DELTA_MAX_HOLD_BARS"":1,""D_TREND_REQUIRED"":false,""EMA_TF_15M_ENABLED"":false,""EMA_TF_1H_ENABLED"":false,""EMA_TF_3M_ENABLED"":false,""EMA_TF_4H_ENABLED"":false,""EMA_TF_5M_ENABLED"":false,""EMA_TF_D_ENABLED"":false,""ENTRY_SCORE_THRESHOLD"":10.0,""HA_WICK_QUALITY_ENABLED"":false,""HTF_ALIGNMENT_ENABLED"":false,""K3M_FLOOR"":0.0,""KINDERGARTEN_EMA_GATE_ENABLED"":false,""MACD_ZERO_CROSS_ENABLED"":false,""MFI_ENTRY_ENABLED"":false,""MIN_HOLD_BARS"":0,""MIN_HOLD_BARS_BEFORE_EXIT"":0,""MIN_HOLD_MINUTES_TRADIER"":0.0,""MTF_ARMED_WT_DIRECTION_SUSPEND_ENABLED"":false,""RSI2_MEAN_REVERSION_ENABLED"":false,""RSI_MACD_EMA_ENABLED"":false,""TRADIER_ENTRY_SCORE_THRESHOLD"":0,""TRIPLE_CONF_ENABLED"":false,""WT_DC_HTF_GATE"":""none"",""WT_TF_15M_ENABLED"":false,""WT_TF_1H_ENABLED"":false,""WT_TF_3M_ENABLED"":false,""WT_TF_4H_ENABLED"":false,""WT_TF_5M_ENABLED"":false,""WT_TF_D_ENABLED"":false}"
BB_BREAKOUT_TF,STRATEGY_CAUSAL,declared strategy/catalog/live-path setting,INVALID,5/5 invalid executions,ENGINE_AUTO_WIRED|ENTRY|QUICK_CONFIG|RECENT_5D,DISCONNECTED_LIVE_PATHS|ENGINE_AUTO_WIRED|QUICK_CONFIG|RECENT_RESULTS_5D,True,True,True,True,True,False,15m,,"""15m""",False,,,0.0,,,,,,,,False,behavior fingerprint unavailable,False,no npz,"{""BACKTEST_VALIDATED_GATES_TRADIER"":false,""BASE_TF"":""3m"",""BB_BREAKOUT_ENABLED"":true,""BB_BREAKOUT_TF"":""15m"",""COOLDOWN_BARS"":0,""COOLDOWN_BARS_TRADIER"":0,""DC_BREAKOUT_ENTRY_ENABLED"":false,""DELTA_ENGINE_ENABLED"":true,""DELTA_MAX_HOLD_BARS"":1,""D_TREND_REQUIRED"":false,""EMA_TF_15M_ENABLED"":false,""EMA_TF_1H_ENABLED"":false,""EMA_TF_3M_ENABLED"":false,""EMA_TF_4H_ENABLED"":false,""EMA_TF_5M_ENABLED"":false,""EMA_TF_D_ENABLED"":false,""ENTRY_SCORE_THRESHOLD"":10.0,""HA_WICK_QUALITY_ENABLED"":false,""HTF_ALIGNMENT_ENABLED"":false,""K3M_FLOOR"":0.0,""KINDERGARTEN_EMA_GATE_ENABLED"":false,""MACD_ZERO_CROSS_ENABLED"":false,""MFI_ENTRY_ENABLED"":false,""MIN_HOLD_BARS"":0,""MIN_HOLD_BARS_BEFORE_EXIT"":0,""MIN_HOLD_MINUTES_TRADIER"":0.0,""MTF_ARMED_WT_DIRECTION_SUSPEND_ENABLED"":false,""RSI2_MEAN_REVERSION_ENABLED"":false,""RSI_MACD_EMA_ENABLED"":false,""TRADIER_ENTRY_SCORE_THRESHOLD"":0,""TRIPLE_CONF_ENABLED"":false,""WT_DC_HTF_GATE"":""none"",""WT_TF_15M_ENABLED"":false,""WT_TF_1H_ENABLED"":false,""WT_TF_3M_ENABLED"":false,""WT_TF_4H_ENABLED"":false,""WT_TF_5M_ENABLED"":false,""WT_TF_D_ENABLED"":false}"
BB_BREAKOUT_TF,STRATEGY_CAUSAL,declared strategy/catalog/live-path setting,INVALID,5/5 invalid executions,ENGINE_AUTO_WIRED|ENTRY|QUICK_CONFIG|RECENT_5D,DISCONNECTED_LIVE_PATHS|ENGINE_AUTO_WIRED|QUICK_CONFIG|RECENT_RESULTS_5D,True,True,True,True,True,False,1h,,"""1h""",False,,,0.0,,,,,,,,False,behavior fingerprint unavailable,False,no npz,"{""BACKTEST_VALIDATED_GATES_TRADIER"":false,""BASE_TF"":""3m"",""BB_BREAKOUT_ENABLED"":true,""BB_BREAKOUT_TF"":""1h"",""COOLDOWN_BARS"":0,""COOLDOWN_BARS_TRADIER"":0,""DC_BREAKOUT_ENTRY_ENABLED"":false,""DELTA_ENGINE_ENABLED"":true,""DELTA_MAX_HOLD_BARS"":1,""D_TREND_REQUIRED"":false,""EMA_TF_15M_ENABLED"":false,""EMA_TF_1H_ENABLED"":false,""EMA_TF_3M_ENABLED"":false,""EMA_TF_4H_ENABLED"":false,""EMA_TF_5M_ENABLED"":false,""EMA_TF_D_ENABLED"":false,""ENTRY_SCORE_THRESHOLD"":10.0,""HA_WICK_QUALITY_ENABLED"":false,""HTF_ALIGNMENT_ENABLED"":false,""K3M_FLOOR"":0.0,""KINDERGARTEN_EMA_GATE_ENABLED"":false,""MACD_ZERO_CROSS_ENABLED"":false,""MFI_ENTRY_ENABLED"":false,""MIN_HOLD_BARS"":0,""MIN_HOLD_BARS_BEFORE_EXIT"":0,""MIN_HOLD_MINUTES_TRADIER"":0.0,""MTF_ARMED_WT_DIRECTION_SUSPEND_ENABLED"":false,""RSI2_MEAN_REVERSION_ENABLED"":false,""RSI_MACD_EMA_ENABLED"":false,""TRADIER_ENTRY_SCORE_THRESHOLD"":0,""TRIPLE_CONF_ENABLED"":false,""WT_DC_HTF_GATE"":""none"",""WT_TF_15M_ENABLED"":false,""WT_TF_1H_ENABLED"":false,""WT_TF_3M_ENABLED"":false,""WT_TF_4H_ENABLED"":false,""WT_TF_5M_ENABLED"":false,""WT_TF_D_ENABLED"":false}"
BB_BREAKOUT_TF,STRATEGY_CAUSAL,declared strategy/catalog/live-path setting,INVALID,5/5 invalid executions,ENGINE_AUTO_WIRED|ENTRY|QUICK_CONFIG|RECENT_5D,DISCONNECTED_LIVE_PATHS|ENGINE_AUTO_WIRED|QUICK_CONFIG|RECENT_RESULTS_5D,True,True,True,True,True,False,4h,,"""4h""",False,,,0.0,,,,,,,,False,behavior fingerprint unavailable,False,no npz,"{""BACKTEST_VALIDATED_GATES_TRADIER"":false,""BASE_TF"":""3m"",""BB_BREAKOUT_ENABLED"":true,""BB_BREAKOUT_TF"":""4h"",""COOLDOWN_BARS"":0,""COOLDOWN_BARS_TRADIER"":0,""DC_BREAKOUT_ENTRY_ENABLED"":false,""DELTA_ENGINE_ENABLED"":true,""DELTA_MAX_HOLD_BARS"":1,""D_TREND_REQUIRED"":false,""EMA_TF_15M_ENABLED"":false,""EMA_TF_1H_ENABLED"":false,""EMA_TF_3M_ENABLED"":false,""EMA_TF_4H_ENABLED"":false,""EMA_TF_5M_ENABLED"":false,""EMA_TF_D_ENABLED"":false,""ENTRY_SCORE_THRESHOLD"":10.0,""HA_WICK_QUALITY_ENABLED"":false,""HTF_ALIGNMENT_ENABLED"":false,""K3M_FLOOR"":0.0,""KINDERGARTEN_EMA_GATE_ENABLED"":false,""MACD_ZERO_CROSS_ENABLED"":false,""MFI_ENTRY_ENABLED"":false,""MIN_HOLD_BARS"":0,""MIN_HOLD_BARS_BEFORE_EXIT"":0,""MIN_HOLD_MINUTES_TRADIER"":0.0,""MTF_ARMED_WT_DIRECTION_SUSPEND_ENABLED"":false,""RSI2_MEAN_REVERSION_ENABLED"":false,""RSI_MACD_EMA_ENABLED"":false,""TRADIER_ENTRY_SCORE_THRESHOLD"":0,""TRIPLE_CONF_ENABLED"":false,""WT_DC_HTF_GATE"":""none"",""WT_TF_15M_ENABLED"":false,""WT_TF_1H_ENABLED"":false,""WT_TF_3M_ENABLED"":false,""WT_TF_4H_ENABLED"":false,""WT_TF_5M_ENABLED"":false,""WT_TF_D_ENABLED"":false}"
BB_BREAKOUT_TF,STRATEGY_CAUSAL,declared strategy/catalog/live-path setting,INVALID,5/5 invalid executions,ENGINE_AUTO_WIRED|ENTRY|QUICK_CONFIG|RECENT_5D,DISCONNECTED_LIVE_PATHS|ENGINE_AUTO_WIRED|QUICK_CONFIG|RECENT_RESULTS_5D,True,True,True,True,True,False,D,,"""D""",False,,,0.0,,,,,,,,False,behavior fingerprint unavailable,False,no npz,"{""BACKTEST_VALIDATED_GATES_TRADIER"":false,""BASE_TF"":""3m"",""BB_BREAKOUT_ENABLED"":true,""BB_BREAKOUT_TF"":""D"",""COOLDOWN_BARS"":0,""COOLDOWN_BARS_TRADIER"":0,""DC_BREAKOUT_ENTRY_ENABLED"":false,""DELTA_ENGINE_ENABLED"":true,""DELTA_MAX_HOLD_BARS"":1,""D_TREND_REQUIRED"":false,""EMA_TF_15M_ENABLED"":false,""EMA_TF_1H_ENABLED"":false,""EMA_TF_3M_ENABLED"":false,""EMA_TF_4H_ENABLED"":false,""EMA_TF_5M_ENABLED"":false,""EMA_TF_D_ENABLED"":false,""ENTRY_SCORE_THRESHOLD"":10.0,""HA_WICK_QUALITY_ENABLED"":false,""HTF_ALIGNMENT_ENABLED"":false,""K3M_FLOOR"":0.0,""KINDERGARTEN_EMA_GATE_ENABLED"":false,""MACD_ZERO_CROSS_ENABLED"":false,""MFI_ENTRY_ENABLED"":false,""MIN_HOLD_BARS"":0,""MIN_HOLD_BARS_BEFORE_EXIT"":0,""MIN_HOLD_MINUTES_TRADIER"":0.0,""MTF_ARMED_WT_DIRECTION_SUSPEND_ENABLED"":false,""RSI2_MEAN_REVERSION_ENABLED"":false,""RSI_MACD_EMA_ENABLED"":false,""TRADIER_ENTRY_SCORE_THRESHOLD"":0,""TRIPLE_CONF_ENABLED"":false,""WT_DC_HTF_GATE"":""none"",""WT_TF_15M_ENABLED"":false,""WT_TF_1H_ENABLED"":false,""WT_TF_3M_ENABLED"":false,""WT_TF_4H_ENABLED"":false,""WT_TF_5M_ENABLED"":false,""WT_TF_D_ENABLED"":false}"
DC_BREAKOUT_ENTRY_ENABLED,STRATEGY_CAUSAL,declared strategy/catalog/live-path setting,INVALID,10/10 invalid executions,ENGINE_AUTO_WIRED|ENTRY|QUICK_CONFIG|RECENT_5D,DISCONNECTED_LIVE_PATHS|ENGINE_AUTO_WIRED|QUICK_CONFIG|RECENT_RESULTS_5D,True,True,True,True,True,False,3m,NATIVE_BASE_FIXED,false,False,,,0.0,,,,,,,,False,behavior fingerprint unavailable,False,no npz,"{""BACKTEST_VALIDATED_GATES_TRADIER"":false,""BASE_TF"":""3m"",""BB_BREAKOUT_ENABLED"":false,""COOLDOWN_BARS"":0,""COOLDOWN_BARS_TRADIER"":0,""DC_BREAKOUT_ENTRY_ENABLED"":false,""DC_BREAKOUT_TF"":""3m"",""DELTA_ENGINE_ENABLED"":true,""DELTA_MAX_HOLD_BARS"":1,""D_TREND_REQUIRED"":false,""EMA_TF_15M_ENABLED"":false,""EMA_TF_1H_ENABLED"":false,""EMA_TF_3M_ENABLED"":false,""EMA_TF_4H_ENABLED"":false,""EMA_TF_5M_ENABLED"":false,""EMA_TF_D_ENABLED"":false,""ENTRY_SCORE_THRESHOLD"":7.5,""HA_WICK_QUALITY_ENABLED"":false,""HTF_ALIGNMENT_ENABLED"":false,""K3M_FLOOR"":0.0,""KINDERGARTEN_EMA_GATE_ENABLED"":false,""MACD_ZERO_CROSS_ENABLED"":false,""MFI_ENTRY_ENABLED"":false,""MIN_HOLD_BARS"":0,""MIN_HOLD_BARS_BEFORE_EXIT"":0,""MIN_HOLD_MINUTES_TRADIER"":0.0,""MTF_ARMED_WT_DIRECTION_SUSPEND_ENABLED"":false,""RSI2_MEAN_REVERSION_ENABLED"":false,""RSI_MACD_EMA_ENABLED"":false,""TRADIER_ENTRY_SCORE_THRESHOLD"":0,""TRIPLE_CONF_ENABLED"":false,""WT_DC_HTF_GATE"":""none"",""WT_TF_15M_ENABLED"":false,""WT_TF_1H_ENABLED"":false,""WT_TF_3M_ENABLED"":false,""WT_TF_4H_ENABLED"":false,""WT_TF_5M_ENABLED"":false,""WT_TF_D_ENABLED"":false}"
DC_BREAKOUT_ENTRY_ENABLED,STRATEGY_CAUSAL,declared strategy/catalog/live-path setting,INVALID,10/10 invalid executions,ENGINE_AUTO_WIRED|ENTRY|QUICK_CONFIG|RECENT_5D,DISCONNECTED_LIVE_PATHS|ENGINE_AUTO_WIRED|QUICK_CONFIG|RECENT_RESULTS_5D,True,True,True,True,True,False,3m,NATIVE_BASE_FIXED,true,False,,,0.0,,,,,,,,False,behavior fingerprint unavailable,False,no npz,"{""BACKTEST_VALIDATED_GATES_TRADIER"":false,""BASE_TF"":""3m"",""BB_BREAKOUT_ENABLED"":false,""COOLDOWN_BARS"":0,""COOLDOWN_BARS_TRADIER"":0,""DC_BREAKOUT_ENTRY_ENABLED"":true,""DC_BREAKOUT_TF"":""3m"",""DELTA_ENGINE_ENABLED"":true,""DELTA_MAX_HOLD_BARS"":1,""D_TREND_REQUIRED"":false,""EMA_TF_15M_ENABLED"":false,""EMA_TF_1H_ENABLED"":false,""EMA_TF_3M_ENABLED"":false,""EMA_TF_4H_ENABLED"":false,""EMA_TF_5M_ENABLED"":false,""EMA_TF_D_ENABLED"":false,""ENTRY_SCORE_THRESHOLD"":7.5,""HA_WICK_QUALITY_ENABLED"":false,""HTF_ALIGNMENT_ENABLED"":false,""K3M_FLOOR"":0.0,""KINDERGARTEN_EMA_GATE_ENABLED"":false,""MACD_ZERO_CROSS_ENABLED"":false,""MFI_ENTRY_ENABLED"":false,""MIN_HOLD_BARS"":0,""MIN_HOLD_BARS_BEFORE_EXIT"":0,""MIN_HOLD_MINUTES_TRADIER"":0.0,""MTF_ARMED_WT_DIRECTION_SUSPEND_ENABLED"":false,""RSI2_MEAN_REVERSION_ENABLED"":false,""RSI_MACD_EMA_ENABLED"":false,""TRADIER_ENTRY_SCORE_THRESHOLD"":0,""TRIPLE_CONF_ENABLED"":false,""WT_DC_HTF_GATE"":""none"",""WT_TF_15M_ENABLED"":false,""WT_TF_1H_ENABLED"":false,""WT_TF_3M_ENABLED"":false,""WT_TF_4H_ENABLED"":false,""WT_TF_5M_ENABLED"":false,""WT_TF_D_ENABLED"":false}"
DC_BREAKOUT_ENTRY_ENABLED,STRATEGY_CAUSAL,declared strategy/catalog/live-path setting,INVALID,10/10 invalid executions,ENGINE_AUTO_WIRED|ENTRY|QUICK_CONFIG|RECENT_5D,DISCONNECTED_LIVE_PATHS|ENGINE_AUTO_WIRED|QUICK_CONFIG|RECENT_RESULTS_5D,True,True,True,True,True,False,15m,NATIVE_BASE_FIXED,false,False,,,0.0,,,,,,,,False,behavior fingerprint unavailable,False,no npz,"{""BACKTEST_VALIDATED_GATES_TRADIER"":false,""BASE_TF"":""3m"",""BB_BREAKOUT_ENABLED"":false,""COOLDOWN_BARS"":0,""COOLDOWN_BARS_TRADIER"":0,""DC_BREAKOUT_ENTRY_ENABLED"":false,""DC_BREAKOUT_TF"":""15m"",""DELTA_ENGINE_ENABLED"":true,""DELTA_MAX_HOLD_BARS"":1,""D_TREND_REQUIRED"":false,""EMA_TF_15M_ENABLED"":false,""EMA_TF_1H_ENABLED"":false,""EMA_TF_3M_ENABLED"":false,""EMA_TF_4H_ENABLED"":false,""EMA_TF_5M_ENABLED"":false,""EMA_TF_D_ENABLED"":false,""ENTRY_SCORE_THRESHOLD"":7.5,""HA_WICK_QUALITY_ENABLED"":false,""HTF_ALIGNMENT_ENABLED"":false,""K3M_FLOOR"":0.0,""KINDERGARTEN_EMA_GATE_ENABLED"":false,""MACD_ZERO_CROSS_ENABLED"":false,""MFI_ENTRY_ENABLED"":false,""MIN_HOLD_BARS"":0,""MIN_HOLD_BARS_BEFORE_EXIT"":0,""MIN_HOLD_MINUTES_TRADIER"":0.0,""MTF_ARMED_WT_DIRECTION_SUSPEND_ENABLED"":false,""RSI2_MEAN_REVERSION_ENABLED"":false,""RSI_MACD_EMA_ENABLED"":false,""TRADIER_ENTRY_SCORE_THRESHOLD"":0,""TRIPLE_CONF_ENABLED"":false,""WT_DC_HTF_GATE"":""none"",""WT_TF_15M_ENABLED"":false,""WT_TF_1H_ENABLED"":false,""WT_TF_3M_ENABLED"":false,""WT_TF_4H_ENABLED"":false,""WT_TF_5M_ENABLED"":false,""WT_TF_D_ENABLED"":false}"
DC_BREAKOUT_ENTRY_ENABLED,STRATEGY_CAUSAL,declared strategy/catalog/live-path setting,INVALID,10/10 invalid executions,ENGINE_AUTO_WIRED|ENTRY|QUICK_CONFIG|RECENT_5D,DISCONNECTED_LIVE_PATHS|ENGINE_AUTO_WIRED|QUICK_CONFIG|RECENT_RESULTS_5D,True,True,True,True,True,False,15m,NATIVE_BASE_FIXED,true,False,,,0.0,,,,,,,,False,behavior fingerprint unavailable,False,no npz,"{""BACKTEST_VALIDATED_GATES_TRADIER"":false,""BASE_TF"":""3m"",""BB_BREAKOUT_ENABLED"":false,""COOLDOWN_BARS"":0,""COOLDOWN_BARS_TRADIER"":0,""DC_BREAKOUT_ENTRY_ENABLED"":true,""DC_BREAKOUT_TF"":""15m"",""DELTA_ENGINE_ENABLED"":true,""DELTA_MAX_HOLD_BARS"":1,""D_TREND_REQUIRED"":false,""EMA_TF_15M_ENABLED"":false,""EMA_TF_1H_ENABLED"":false,""EMA_TF_3M_ENABLED"":false,""EMA_TF_4H_ENABLED"":false,""EMA_TF_5M_ENABLED"":false,""EMA_TF_D_ENABLED"":false,""ENTRY_SCORE_THRESHOLD"":7.5,""HA_WICK_QUALITY_ENABLED"":false,""HTF_ALIGNMENT_ENABLED"":false,""K3M_FLOOR"":0.0,""KINDERGARTEN_EMA_GATE_ENABLED"":false,""MACD_ZERO_CROSS_ENABLED"":false,""MFI_ENTRY_ENABLED"":false,""MIN_HOLD_BARS"":0,""MIN_HOLD_BARS_BEFORE_EXIT"":0,""MIN_HOLD_MINUTES_TRADIER"":0.0,""MTF_ARMED_WT_DIRECTION_SUSPEND_ENABLED"":false,""RSI2_MEAN_REVERSION_ENABLED"":false,""RSI_MACD_EMA_ENABLED"":false,""TRADIER_ENTRY_SCORE_THRESHOLD"":0,""TRIPLE_CONF_ENABLED"":false,""WT_DC_HTF_GATE"":""none"",""WT_TF_15M_ENABLED"":false,""WT_TF_1H_ENABLED"":false,""WT_TF_3M_ENABLED"":false,""WT_TF_4H_ENABLED"":false,""WT_TF_5M_ENABLED"":false,""WT_TF_D_ENABLED"":false}"
DC_BREAKOUT_ENTRY_ENABLED,STRATEGY_CAUSAL,declared strategy/catalog/live-path setting,INVALID,10/10 invalid executions,ENGINE_AUTO_WIRED|ENTRY|QUICK_CONFIG|RECENT_5D,DISCONNECTED_LIVE_PATHS|ENGINE_AUTO_WIRED|QUICK_CONFIG|RECENT_RESULTS_5D,True,True,True,True,True,False,1h,NATIVE_BASE_FIXED,false,False,,,0.0,,,,,,,,False,behavior fingerprint unavailable,False,no npz,"{""BACKTEST_VALIDATED_GATES_TRADIER"":false,""BASE_TF"":""3m"",""BB_BREAKOUT_ENABLED"":false,""COOLDOWN_BARS"":0,""COOLDOWN_BARS_TRADIER"":0,""DC_BREAKOUT_ENTRY_ENABLED"":false,""DC_BREAKOUT_TF"":""1h"",""DELTA_ENGINE_ENABLED"":true,""DELTA_MAX_HOLD_BARS"":1,""D_TREND_REQUIRED"":false,""EMA_TF_15M_ENABLED"":false,""EMA_TF_1H_ENABLED"":false,""EMA_TF_3M_ENABLED"":false,""EMA_TF_4H_ENABLED"":false,""EMA_TF_5M_ENABLED"":false,""EMA_TF_D_ENABLED"":false,""ENTRY_SCORE_THRESHOLD"":7.5,""HA_WICK_QUALITY_ENABLED"":false,""HTF_ALIGNMENT_ENABLED"":false,""K3M_FLOOR"":0.0,""KINDERGARTEN_EMA_GATE_ENABLED"":false,""MACD_ZERO_CROSS_ENABLED"":false,""MFI_ENTRY_ENABLED"":false,""MIN_HOLD_BARS"":0,""MIN_HOLD_BARS_BEFORE_EXIT"":0,""MIN_HOLD_MINUTES_TRADIER"":0.0,""MTF_ARMED_WT_DIRECTION_SUSPEND_ENABLED"":false,""RSI2_MEAN_REVERSION_ENABLED"":false,""RSI_MACD_EMA_ENABLED"":false,""TRADIER_ENTRY_SCORE_THRESHOLD"":0,""TRIPLE_CONF_ENABLED"":false,""WT_DC_HTF_GATE"":""none"",""WT_TF_15M_ENABLED"":false,""WT_TF_1H_ENABLED"":false,""WT_TF_3M_ENABLED"":false,""WT_TF_4H_ENABLED"":false,""WT_TF_5M_ENABLED"":false,""WT_TF_D_ENABLED"":false}"
DC_BREAKOUT_ENTRY_ENABLED,STRATEGY_CAUSAL,declared strategy/catalog/live-path setting,INVALID,10/10 invalid executions,ENGINE_AUTO_WIRED|ENTRY|QUICK_CONFIG|RECENT_5D,DISCONNECTED_LIVE_PATHS|ENGINE_AUTO_WIRED|QUICK_CONFIG|RECENT_RESULTS_5D,True,True,True,True,True,False,1h,NATIVE_BASE_FIXED,true,False,,,0.0,,,,,,,,False,behavior fingerprint unavailable,False,no npz,"{""BACKTEST_VALIDATED_GATES_TRADIER"":false,""BASE_TF"":""3m"",""BB_BREAKOUT_ENABLED"":false,""COOLDOWN_BARS"":0,""COOLDOWN_BARS_TRADIER"":0,""DC_BREAKOUT_ENTRY_ENABLED"":true,""DC_BREAKOUT_TF"":""1h"",""DELTA_ENGINE_ENABLED"":true,""DELTA_MAX_HOLD_BARS"":1,""D_TREND_REQUIRED"":false,""EMA_TF_15M_ENABLED"":false,""EMA_TF_1H_ENABLED"":false,""EMA_TF_3M_ENABLED"":false,""EMA_TF_4H_ENABLED"":false,""EMA_TF_5M_ENABLED"":false,""EMA_TF_D_ENABLED"":false,""ENTRY_SCORE_THRESHOLD"":7.5,""HA_WICK_QUALITY_ENABLED"":false,""HTF_ALIGNMENT_ENABLED"":false,""K3M_FLOOR"":0.0,""KINDERGARTEN_EMA_GATE_ENABLED"":false,""MACD_ZERO_CROSS_ENABLED"":false,""MFI_ENTRY_ENABLED"":false,""MIN_HOLD_BARS"":0,""MIN_HOLD_BARS_BEFORE_EXIT"":0,""MIN_HOLD_MINUTES_TRADIER"":0.0,""MTF_ARMED_WT_DIRECTION_SUSPEND_ENABLED"":false,""RSI2_MEAN_REVERSION_ENABLED"":false,""RSI_MACD_EMA_ENABLED"":false,""TRADIER_ENTRY_SCORE_THRESHOLD"":0,""TRIPLE_CONF_ENABLED"":false,""WT_DC_HTF_GATE"":""none"",""WT_TF_15M_ENABLED"":false,""WT_TF_1H_ENABLED"":false,""WT_TF_3M_ENABLED"":false,""WT_TF_4H_ENABLED"":false,""WT_TF_5M_ENABLED"":false,""WT_TF_D_ENABLED"":false}"
DC_BREAKOUT_ENTRY_ENABLED,STRATEGY_CAUSAL,declared strategy/catalog/live-path setting,INVALID,10/10 invalid executions,ENGINE_AUTO_WIRED|ENTRY|QUICK_CONFIG|RECENT_5D,DISCONNECTED_LIVE_PATHS|ENGINE_AUTO_WIRED|QUICK_CONFIG|RECENT_RESULTS_5D,True,True,True,True,True,False,4h,NATIVE_BASE_FIXED,false,False,,,0.0,,,,,,,,False,behavior fingerprint unavailable,False,no npz,"{""BACKTEST_VALIDATED_GATES_TRADIER"":false,""BASE_TF"":""3m"",""BB_BREAKOUT_ENABLED"":false,""COOLDOWN_BARS"":0,""COOLDOWN_BARS_TRADIER"":0,""DC_BREAKOUT_ENTRY_ENABLED"":false,""DC_BREAKOUT_TF"":""4h"",""DELTA_ENGINE_ENABLED"":true,""DELTA_MAX_HOLD_BARS"":1,""D_TREND_REQUIRED"":false,""EMA_TF_15M_ENABLED"":false,""EMA_TF_1H_ENABLED"":false,""EMA_TF_3M_ENABLED"":false,""EMA_TF_4H_ENABLED"":false,""EMA_TF_5M_ENABLED"":false,""EMA_TF_D_ENABLED"":false,""ENTRY_SCORE_THRESHOLD"":7.5,""HA_WICK_QUALITY_ENABLED"":false,""HTF_ALIGNMENT_ENABLED"":false,""K3M_FLOOR"":0.0,""KINDERGARTEN_EMA_GATE_ENABLED"":false,""MACD_ZERO_CROSS_ENABLED"":false,""MFI_ENTRY_ENABLED"":false,""MIN_HOLD_BARS"":0,""MIN_HOLD_BARS_BEFORE_EXIT"":0,""MIN_HOLD_MINUTES_TRADIER"":0.0,""MTF_ARMED_WT_DIRECTION_SUSPEND_ENABLED"":false,""RSI2_MEAN_REVERSION_ENABLED"":false,""RSI_MACD_EMA_ENABLED"":false,""TRADIER_ENTRY_SCORE_THRESHOLD"":0,""TRIPLE_CONF_ENABLED"":false,""WT_DC_HTF_GATE"":""none"",""WT_TF_15M_ENABLED"":false,""WT_TF_1H_ENABLED"":false,""WT_TF_3M_ENABLED"":false,""WT_TF_4H_ENABLED"":false,""WT_TF_5M_ENABLED"":false,""WT_TF_D_ENABLED"":false}"
DC_BREAKOUT_ENTRY_ENABLED,STRATEGY_CAUSAL,declared strategy/catalog/live-path setting,INVALID,10/10 invalid executions,ENGINE_AUTO_WIRED|ENTRY|QUICK_CONFIG|RECENT_5D,DISCONNECTED_LIVE_PATHS|ENGINE_AUTO_WIRED|QUICK_CONFIG|RECENT_RESULTS_5D,True,True,True,True,True,False,4h,NATIVE_BASE_FIXED,true,False,,,0.0,,,,,,,,False,behavior fingerprint unavailable,False,no npz,"{""BACKTEST_VALIDATED_GATES_TRADIER"":false,""BASE_TF"":""3m"",""BB_BREAKOUT_ENABLED"":false,""COOLDOWN_BARS"":0,""COOLDOWN_BARS_TRADIER"":0,""DC_BREAKOUT_ENTRY_ENABLED"":true,""DC_BREAKOUT_TF"":""4h"",""DELTA_ENGINE_ENABLED"":true,""DELTA_MAX_HOLD_BARS"":1,""D_TREND_REQUIRED"":false,""EMA_TF_15M_ENABLED"":false,""EMA_TF_1H_ENABLED"":false,""EMA_TF_3M_ENABLED"":false,""EMA_TF_4H_ENABLED"":false,""EMA_TF_5M_ENABLED"":false,""EMA_TF_D_ENABLED"":false,""ENTRY_SCORE_THRESHOLD"":7.5,""HA_WICK_QUALITY_ENABLED"":false,""HTF_ALIGNMENT_ENABLED"":false,""K3M_FLOOR"":0.0,""KINDERGARTEN_EMA_GATE_ENABLED"":false,""MACD_ZERO_CROSS_ENABLED"":false,""MFI_ENTRY_ENABLED"":false,""MIN_HOLD_BARS"":0,""MIN_HOLD_BARS_BEFORE_EXIT"":0,""MIN_HOLD_MINUTES_TRADIER"":0.0,""MTF_ARMED_WT_DIRECTION_SUSPEND_ENABLED"":false,""RSI2_MEAN_REVERSION_ENABLED"":false,""RSI_MACD_EMA_ENABLED"":false,""TRADIER_ENTRY_SCORE_THRESHOLD"":0,""TRIPLE_CONF_ENABLED"":false,""WT_DC_HTF_GATE"":""none"",""WT_TF_15M_ENABLED"":false,""WT_TF_1H_ENABLED"":false,""WT_TF_3M_ENABLED"":false,""WT_TF_4H_ENABLED"":false,""WT_TF_5M_ENABLED"":false,""WT_TF_D_ENABLED"":false}"
DC_BREAKOUT_ENTRY_ENABLED,STRATEGY_CAUSAL,declared strategy/catalog/live-path setting,INVALID,10/10 invalid executions,ENGINE_AUTO_WIRED|ENTRY|QUICK_CONFIG|RECENT_5D,DISCONNECTED_LIVE_PATHS|ENGINE_AUTO_WIRED|QUICK_CONFIG|RECENT_RESULTS_5D,True,True,True,True,True,False,D,NATIVE_BASE_FIXED,false,False,,,0.0,,,,,,,,False,behavior fingerprint unavailable,False,no npz,"{""BACKTEST_VALIDATED_GATES_TRADIER"":false,""BASE_TF"":""3m"",""BB_BREAKOUT_ENABLED"":false,""COOLDOWN_BARS"":0,""COOLDOWN_BARS_TRADIER"":0,""DC_BREAKOUT_ENTRY_ENABLED"":false,""DC_BREAKOUT_TF"":""D"",""DELTA_ENGINE_ENABLED"":true,""DELTA_MAX_HOLD_BARS"":1,""D_TREND_REQUIRED"":false,""EMA_TF_15M_ENABLED"":false,""EMA_TF_1H_ENABLED"":false,""EMA_TF_3M_ENABLED"":false,""EMA_TF_4H_ENABLED"":false,""EMA_TF_5M_ENABLED"":false,""EMA_TF_D_ENABLED"":false,""ENTRY_SCORE_THRESHOLD"":7.5,""HA_WICK_QUALITY_ENABLED"":false,""HTF_ALIGNMENT_ENABLED"":false,""K3M_FLOOR"":0.0,""KINDERGARTEN_EMA_GATE_ENABLED"":false,""MACD_ZERO_CROSS_ENABLED"":false,""MFI_ENTRY_ENABLED"":false,""MIN_HOLD_BARS"":0,""MIN_HOLD_BARS_BEFORE_EXIT"":0,""MIN_HOLD_MINUTES_TRADIER"":0.0,""MTF_ARMED_WT_DIRECTION_SUSPEND_ENABLED"":false,""RSI2_MEAN_REVERSION_ENABLED"":false,""RSI_MACD_EMA_ENABLED"":false,""TRADIER_ENTRY_SCORE_THRESHOLD"":0,""TRIPLE_CONF_ENABLED"":false,""WT_DC_HTF_GATE"":""none"",""WT_TF_15M_ENABLED"":false,""WT_TF_1H_ENABLED"":false,""WT_TF_3M_ENABLED"":false,""WT_TF_4H_ENABLED"":false,""WT_TF_5M_ENABLED"":false,""WT_TF_D_ENABLED"":false}"
DC_BREAKOUT_ENTRY_ENABLED,STRATEGY_CAUSAL,declared strategy/catalog/live-path setting,INVALID,10/10 invalid executions,ENGINE_AUTO_WIRED|ENTRY|QUICK_CONFIG|RECENT_5D,DISCONNECTED_LIVE_PATHS|ENGINE_AUTO_WIRED|QUICK_CONFIG|RECENT_RESULTS_5D,True,True,True,True,True,False,D,NATIVE_BASE_FIXED,true,False,,,0.0,,,,,,,,False,behavior fingerprint unavailable,False,no npz,"{""BACKTEST_VALIDATED_GATES_TRADIER"":false,""BASE_TF"":""3m"",""BB_BREAKOUT_ENABLED"":false,""COOLDOWN_BARS"":0,""COOLDOWN_BARS_TRADIER"":0,""DC_BREAKOUT_ENTRY_ENABLED"":true,""DC_BREAKOUT_TF"":""D"",""DELTA_ENGINE_ENABLED"":true,""DELTA_MAX_HOLD_BARS"":1,""D_TREND_REQUIRED"":false,""EMA_TF_15M_ENABLED"":false,""EMA_TF_1H_ENABLED"":false,""EMA_TF_3M_ENABLED"":false,""EMA_TF_4H_ENABLED"":false,""EMA_TF_5M_ENABLED"":false,""EMA_TF_D_ENABLED"":false,""ENTRY_SCORE_THRESHOLD"":7.5,""HA_WICK_QUALITY_ENABLED"":false,""HTF_ALIGNMENT_ENABLED"":false,""K3M_FLOOR"":0.0,""KINDERGARTEN_EMA_GATE_ENABLED"":false,""MACD_ZERO_CROSS_ENABLED"":false,""MFI_ENTRY_ENABLED"":false,""MIN_HOLD_BARS"":0,""MIN_HOLD_BARS_BEFORE_EXIT"":0,""MIN_HOLD_MINUTES_TRADIER"":0.0,""MTF_ARMED_WT_DIRECTION_SUSPEND_ENABLED"":false,""RSI2_MEAN_REVERSION_ENABLED"":false,""RSI_MACD_EMA_ENABLED"":false,""TRADIER_ENTRY_SCORE_THRESHOLD"":0,""TRIPLE_CONF_ENABLED"":false,""WT_DC_HTF_GATE"":""none"",""WT_TF_15M_ENABLED"":false,""WT_TF_1H_ENABLED"":false,""WT_TF_3M_ENABLED"":false,""WT_TF_4H_ENABLED"":false,""WT_TF_5M_ENABLED"":false,""WT_TF_D_ENABLED"":false}"
DC_BREAKOUT_SCORE,STRATEGY_CAUSAL,declared strategy/catalog/live-path setting,INVALID,10/10 invalid executions,ENGINE_AUTO_WIRED|ENTRY|QUICK_CONFIG|RECENT_5D,DISCONNECTED_LIVE_PATHS|ENGINE_AUTO_WIRED|QUICK_CONFIG|RECENT_RESULTS_5D,True,True,False,True,True,False,3m,NATIVE_BASE_FIXED,15,False,,,0.0,,,,,,,,False,behavior fingerprint unavailable,False,no npz,"{""BACKTEST_VALIDATED_GATES_TRADIER"":false,""BASE_TF"":""3m"",""BB_BREAKOUT_ENABLED"":false,""COOLDOWN_BARS"":0,""COOLDOWN_BARS_TRADIER"":0,""DC_BREAKOUT_ENTRY_ENABLED"":true,""DC_BREAKOUT_SCORE"":15,""DC_BREAKOUT_TF"":""3m"",""DELTA_ENGINE_ENABLED"":true,""DELTA_MAX_HOLD_BARS"":1,""D_TREND_REQUIRED"":false,""EMA_TF_15M_ENABLED"":false,""EMA_TF_1H_ENABLED"":false,""EMA_TF_3M_ENABLED"":false,""EMA_TF_4H_ENABLED"":false,""EMA_TF_5M_ENABLED"":false,""EMA_TF_D_ENABLED"":false,""ENTRY_SCORE_THRESHOLD"":7.5,""HA_WICK_QUALITY_ENABLED"":false,""HTF_ALIGNMENT_ENABLED"":false,""K3M_FLOOR"":0.0,""KINDERGARTEN_EMA_GATE_ENABLED"":false,""MACD_ZERO_CROSS_ENABLED"":false,""MFI_ENTRY_ENABLED"":false,""MIN_HOLD_BARS"":0,""MIN_HOLD_BARS_BEFORE_EXIT"":0,""MIN_HOLD_MINUTES_TRADIER"":0.0,""MTF_ARMED_WT_DIRECTION_SUSPEND_ENABLED"":false,""RSI2_MEAN_REVERSION_ENABLED"":false,""RSI_MACD_EMA_ENABLED"":false,""TRADIER_ENTRY_SCORE_THRESHOLD"":0,""TRIPLE_CONF_ENABLED"":false,""WT_DC_HTF_GATE"":""none"",""WT_TF_15M_ENABLED"":false,""WT_TF_1H_ENABLED"":false,""WT_TF_3M_ENABLED"":false,""WT_TF_4H_ENABLED"":false,""WT_TF_5M_ENABLED"":false,""WT_TF_D_ENABLED"":false}"
DC_BREAKOUT_SCORE,STRATEGY_CAUSAL,declared strategy/catalog/live-path setting,INVALID,10/10 invalid executions,ENGINE_AUTO_WIRED|ENTRY|QUICK_CONFIG|RECENT_5D,DISCONNECTED_LIVE_PATHS|ENGINE_AUTO_WIRED|QUICK_CONFIG|RECENT_RESULTS_5D,True,True,False,True,True,False,3m,NATIVE_BASE_FIXED,22,False,,,0.0,,,,,,,,False,behavior fingerprint unavailable,False,no npz,"{""BACKTEST_VALIDATED_GATES_TRADIER"":false,""BASE_TF"":""3m"",""BB_BREAKOUT_ENABLED"":false,""COOLDOWN_BARS"":0,""COOLDOWN_BARS_TRADIER"":0,""DC_BREAKOUT_ENTRY_ENABLED"":true,""DC_BREAKOUT_SCORE"":22,""DC_BREAKOUT_TF"":""3m"",""DELTA_ENGINE_ENABLED"":true,""DELTA_MAX_HOLD_BARS"":1,""D_TREND_REQUIRED"":false,""EMA_TF_15M_ENABLED"":false,""EMA_TF_1H_ENABLED"":false,""EMA_TF_3M_ENABLED"":false,""EMA_TF_4H_ENABLED"":false,""EMA_TF_5M_ENABLED"":false,""EMA_TF_D_ENABLED"":false,""ENTRY_SCORE_THRESHOLD"":18.5,""HA_WICK_QUALITY_ENABLED"":false,""HTF_ALIGNMENT_ENABLED"":false,""K3M_FLOOR"":0.0,""KINDERGARTEN_EMA_GATE_ENABLED"":false,""MACD_ZERO_CROSS_ENABLED"":false,""MFI_ENTRY_ENABLED"":false,""MIN_HOLD_BARS"":0,""MIN_HOLD_BARS_BEFORE_EXIT"":0,""MIN_HOLD_MINUTES_TRADIER"":0.0,""MTF_ARMED_WT_DIRECTION_SUSPEND_ENABLED"":false,""RSI2_MEAN_REVERSION_ENABLED"":false,""RSI_MACD_EMA_ENABLED"":false,""TRADIER_ENTRY_SCORE_THRESHOLD"":0,""TRIPLE_CONF_ENABLED"":false,""WT_DC_HTF_GATE"":""none"",""WT_TF_15M_ENABLED"":false,""WT_TF_1H_ENABLED"":false,""WT_TF_3M_ENABLED"":false,""WT_TF_4H_ENABLED"":false,""WT_TF_5M_ENABLED"":false,""WT_TF_D_ENABLED"":false}"
DC_BREAKOUT_SCORE,STRATEGY_CAUSAL,declared strategy/catalog/live-path setting,INVALID,10/10 invalid executions,ENGINE_AUTO_WIRED|ENTRY|QUICK_CONFIG|RECENT_5D,DISCONNECTED_LIVE_PATHS|ENGINE_AUTO_WIRED|QUICK_CONFIG|RECENT_RESULTS_5D,True,True,False,True,True,False,15m,NATIVE_BASE_FIXED,15,False,,,0.0,,,,,,,,False,behavior fingerprint unavailable,False,no npz,"{""BACKTEST_VALIDATED_GATES_TRADIER"":false,""BASE_TF"":""3m"",""BB_BREAKOUT_ENABLED"":false,""COOLDOWN_BARS"":0,""COOLDOWN_BARS_TRADIER"":0,""DC_BREAKOUT_ENTRY_ENABLED"":true,""DC_BREAKOUT_SCORE"":15,""DC_BREAKOUT_TF"":""15m"",""DELTA_ENGINE_ENABLED"":true,""DELTA_MAX_HOLD_BARS"":1,""D_TREND_REQUIRED"":false,""EMA_TF_15M_ENABLED"":false,""EMA_TF_1H_ENABLED"":false,""EMA_TF_3M_ENABLED"":false,""EMA_TF_4H_ENABLED"":false,""EMA_TF_5M_ENABLED"":false,""EMA_TF_D_ENABLED"":false,""ENTRY_SCORE_THRESHOLD"":7.5,""HA_WICK_QUALITY_ENABLED"":false,""HTF_ALIGNMENT_ENABLED"":false,""K3M_FLOOR"":0.0,""KINDERGARTEN_EMA_GATE_ENABLED"":false,""MACD_ZERO_CROSS_ENABLED"":false,""MFI_ENTRY_ENABLED"":false,""MIN_HOLD_BARS"":0,""MIN_HOLD_BARS_BEFORE_EXIT"":0,""MIN_HOLD_MINUTES_TRADIER"":0.0,""MTF_ARMED_WT_DIRECTION_SUSPEND_ENABLED"":false,""RSI2_MEAN_REVERSION_ENABLED"":false,""RSI_MACD_EMA_ENABLED"":false,""TRADIER_ENTRY_SCORE_THRESHOLD"":0,""TRIPLE_CONF_ENABLED"":false,""WT_DC_HTF_GATE"":""none"",""WT_TF_15M_ENABLED"":false,""WT_TF_1H_ENABLED"":false,""WT_TF_3M_ENABLED"":false,""WT_TF_4H_ENABLED"":false,""WT_TF_5M_ENABLED"":false,""WT_TF_D_ENABLED"":false}"
DC_BREAKOUT_SCORE,STRATEGY_CAUSAL,declared strategy/catalog/live-path setting,INVALID,10/10 invalid executions,ENGINE_AUTO_WIRED|ENTRY|QUICK_CONFIG|RECENT_5D,DISCONNECTED_LIVE_PATHS|ENGINE_AUTO_WIRED|QUICK_CONFIG|RECENT_RESULTS_5D,True,True,False,True,True,False,15m,NATIVE_BASE_FIXED,22,False,,,0.0,,,,,,,,False,behavior fingerprint unavailable,False,no npz,"{""BACKTEST_VALIDATED_GATES_TRADIER"":false,""BASE_TF"":""3m"",""BB_BREAKOUT_ENABLED"":false,""COOLDOWN_BARS"":0,""COOLDOWN_BARS_TRADIER"":0,""DC_BREAKOUT_ENTRY_ENABLED"":true,""DC_BREAKOUT_SCORE"":22,""DC_BREAKOUT_TF"":""15m"",""DELTA_ENGINE_ENABLED"":true,""DELTA_MAX_HOLD_BARS"":1,""D_TREND_REQUIRED"":false,""EMA_TF_15M_ENABLED"":false,""EMA_TF_1H_ENABLED"":false,""EMA_TF_3M_ENABLED"":false,""EMA_TF_4H_ENABLED"":false,""EMA_TF_5M_ENABLED"":false,""EMA_TF_D_ENABLED"":false,""ENTRY_SCORE_THRESHOLD"":18.5,""HA_WICK_QUALITY_ENABLED"":false,""HTF_ALIGNMENT_ENABLED"":false,""K3M_FLOOR"":0.0,""KINDERGARTEN_EMA_GATE_ENABLED"":false,""MACD_ZERO_CROSS_ENABLED"":false,""MFI_ENTRY_ENABLED"":false,""MIN_HOLD_BARS"":0,""MIN_HOLD_BARS_BEFORE_EXIT"":0,""MIN_HOLD_MINUTES_TRADIER"":0.0,""MTF_ARMED_WT_DIRECTION_SUSPEND_ENABLED"":false,""RSI2_MEAN_REVERSION_ENABLED"":false,""RSI_MACD_EMA_ENABLED"":false,""TRADIER_ENTRY_SCORE_THRESHOLD"":0,""TRIPLE_CONF_ENABLED"":false,""WT_DC_HTF_GATE"":""none"",""WT_TF_15M_ENABLED"":false,""WT_TF_1H_ENABLED"":false,""WT_TF_3M_ENABLED"":false,""WT_TF_4H_ENABLED"":false,""WT_TF_5M_ENABLED"":false,""WT_TF_D_ENABLED"":false}"
DC_BREAKOUT_SCORE,STRATEGY_CAUSAL,declared strategy/catalog/live-path setting,INVALID,10/10 invalid executions,ENGINE_AUTO_WIRED|ENTRY|QUICK_CONFIG|RECENT_5D,DISCONNECTED_LIVE_PATHS|ENGINE_AUTO_WIRED|QUICK_CONFIG|RECENT_RESULTS_5D,True,True,False,True,True,False,1h,NATIVE_BASE_FIXED,15,False,,,0.0,,,,,,,,False,behavior fingerprint unavailable,False,no npz,"{""BACKTEST_VALIDATED_GATES_TRADIER"":false,""BASE_TF"":""3m"",""BB_BREAKOUT_ENABLED"":false,""COOLDOWN_BARS"":0,""COOLDOWN_BARS_TRADIER"":0,""DC_BREAKOUT_ENTRY_ENABLED"":true,""DC_BREAKOUT_SCORE"":15,""DC_BREAKOUT_TF"":""1h"",""DELTA_ENGINE_ENABLED"":true,""DELTA_MAX_HOLD_BARS"":1,""D_TREND_REQUIRED"":false,""EMA_TF_15M_ENABLED"":false,""EMA_TF_1H_ENABLED"":false,""EMA_TF_3M_ENABLED"":false,""EMA_TF_4H_ENABLED"":false,""EMA_TF_5M_ENABLED"":false,""EMA_TF_D_ENABLED"":false,""ENTRY_SCORE_THRESHOLD"":7.5,""HA_WICK_QUALITY_ENABLED"":false,""HTF_ALIGNMENT_ENABLED"":false,""K3M_FLOOR"":0.0,""KINDERGARTEN_EMA_GATE_ENABLED"":false,""MACD_ZERO_CROSS_ENABLED"":false,""MFI_ENTRY_ENABLED"":false,""MIN_HOLD_BARS"":0,""MIN_HOLD_BARS_BEFORE_EXIT"":0,""MIN_HOLD_MINUTES_TRADIER"":0.0,""MTF_ARMED_WT_DIRECTION_SUSPEND_ENABLED"":false,""RSI2_MEAN_REVERSION_ENABLED"":false,""RSI_MACD_EMA_ENABLED"":false,""TRADIER_ENTRY_SCORE_THRESHOLD"":0,""TRIPLE_CONF_ENABLED"":false,""WT_DC_HTF_GATE"":""none"",""WT_TF_15M_ENABLED"":false,""WT_TF_1H_ENABLED"":false,""WT_TF_3M_ENABLED"":false,""WT_TF_4H_ENABLED"":false,""WT_TF_5M_ENABLED"":false,""WT_TF_D_ENABLED"":false}"
DC_BREAKOUT_SCORE,STRATEGY_CAUSAL,declared strategy/catalog/live-path setting,INVALID,10/10 invalid executions,ENGINE_AUTO_WIRED|ENTRY|QUICK_CONFIG|RECENT_5D,DISCONNECTED_LIVE_PATHS|ENGINE_AUTO_WIRED|QUICK_CONFIG|RECENT_RESULTS_5D,True,True,False,True,True,False,1h,NATIVE_BASE_FIXED,22,False,,,0.0,,,,,,,,False,behavior fingerprint unavailable,False,no npz,"{""BACKTEST_VALIDATED_GATES_TRADIER"":false,""BASE_TF"":""3m"",""BB_BREAKOUT_ENABLED"":false,""COOLDOWN_BARS"":0,""COOLDOWN_BARS_TRADIER"":0,""DC_BREAKOUT_ENTRY_ENABLED"":true,""DC_BREAKOUT_SCORE"":22,""DC_BREAKOUT_TF"":""1h"",""DELTA_ENGINE_ENABLED"":true,""DELTA_MAX_HOLD_BARS"":1,""D_TREND_REQUIRED"":false,""EMA_TF_15M_ENABLED"":false,""EMA_TF_1H_ENABLED"":false,""EMA_TF_3M_ENABLED"":false,""EMA_TF_4H_ENABLED"":false,""EMA_TF_5M_ENABLED"":false,""EMA_TF_D_ENABLED"":false,""ENTRY_SCORE_THRESHOLD"":18.5,""HA_WICK_QUALITY_ENABLED"":false,""HTF_ALIGNMENT_ENABLED"":false,""K3M_FLOOR"":0.0,""KINDERGARTEN_EMA_GATE_ENABLED"":false,""MACD_ZERO_CROSS_ENABLED"":false,""MFI_ENTRY_ENABLED"":false,""MIN_HOLD_BARS"":0,""MIN_HOLD_BARS_BEFORE_EXIT"":0,""MIN_HOLD_MINUTES_TRADIER"":0.0,""MTF_ARMED_WT_DIRECTION_SUSPEND_ENABLED"":false,""RSI2_MEAN_REVERSION_ENABLED"":false,""RSI_MACD_EMA_ENABLED"":false,""TRADIER_ENTRY_SCORE_THRESHOLD"":0,""TRIPLE_CONF_ENABLED"":false,""WT_DC_HTF_GATE"":""none"",""WT_TF_15M_ENABLED"":false,""WT_TF_1H_ENABLED"":false,""WT_TF_3M_ENABLED"":false,""WT_TF_4H_ENABLED"":false,""WT_TF_5M_ENABLED"":false,""WT_TF_D_ENABLED"":false}"
DC_BREAKOUT_SCORE,STRATEGY_CAUSAL,declared strategy/catalog/live-path setting,INVALID,10/10 invalid executions,ENGINE_AUTO_WIRED|ENTRY|QUICK_CONFIG|RECENT_5D,DISCONNECTED_LIVE_PATHS|ENGINE_AUTO_WIRED|QUICK_CONFIG|RECENT_RESULTS_5D,True,True,False,True,True,False,4h,NATIVE_BASE_FIXED,15,False,,,0.0,,,,,,,,False,behavior fingerprint unavailable,False,no npz,"{""BACKTEST_VALIDATED_GATES_TRADIER"":false,""BASE_TF"":""3m"",""BB_BREAKOUT_ENABLED"":false,""COOLDOWN_BARS"":0,""COOLDOWN_BARS_TRADIER"":0,""DC_BREAKOUT_ENTRY_ENABLED"":true,""DC_BREAKOUT_SCORE"":15,""DC_BREAKOUT_TF"":""4h"",""DELTA_ENGINE_ENABLED"":true,""DELTA_MAX_HOLD_BARS"":1,""D_TREND_REQUIRED"":false,""EMA_TF_15M_ENABLED"":false,""EMA_TF_1H_ENABLED"":false,""EMA_TF_3M_ENABLED"":false,""EMA_TF_4H_ENABLED"":false,""EMA_TF_5M_ENABLED"":false,""EMA_TF_D_ENABLED"":false,""ENTRY_SCORE_THRESHOLD"":7.5,""HA_WICK_QUALITY_ENABLED"":false,""HTF_ALIGNMENT_ENABLED"":false,""K3M_FLOOR"":0.0,""KINDERGARTEN_EMA_GATE_ENABLED"":false,""MACD_ZERO_CROSS_ENABLED"":false,""MFI_ENTRY_ENABLED"":false,""MIN_HOLD_BARS"":0,""MIN_HOLD_BARS_BEFORE_EXIT"":0,""MIN_HOLD_MINUTES_TRADIER"":0.0,""MTF_ARMED_WT_DIRECTION_SUSPEND_ENABLED"":false,""RSI2_MEAN_REVERSION_ENABLED"":false,""RSI_MACD_EMA_ENABLED"":false,""TRADIER_ENTRY_SCORE_THRESHOLD"":0,""TRIPLE_CONF_ENABLED"":false,""WT_DC_HTF_GATE"":""none"",""WT_TF_15M_ENABLED"":false,""WT_TF_1H_ENABLED"":false,""WT_TF_3M_ENABLED"":false,""WT_TF_4H_ENABLED"":false,""WT_TF_5M_ENABLED"":false,""WT_TF_D_ENABLED"":false}"
DC_BREAKOUT_SCORE,STRATEGY_CAUSAL,declared strategy/catalog/live-path setting,INVALID,10/10 invalid executions,ENGINE_AUTO_WIRED|ENTRY|QUICK_CONFIG|RECENT_5D,DISCONNECTED_LIVE_PATHS|ENGINE_AUTO_WIRED|QUICK_CONFIG|RECENT_RESULTS_5D,True,True,False,True,True,False,4h,NATIVE_BASE_FIXED,22,False,,,0.0,,,,,,,,False,behavior fingerprint unavailable,False,no npz,"{""BACKTEST_VALIDATED_GATES_TRADIER"":false,""BASE_TF"":""3m"",""BB_BREAKOUT_ENABLED"":false,""COOLDOWN_BARS"":0,""COOLDOWN_BARS_TRADIER"":0,""DC_BREAKOUT_ENTRY_ENABLED"":true,""DC_BREAKOUT_SCORE"":22,""DC_BREAKOUT_TF"":""4h"",""DELTA_ENGINE_ENABLED"":true,""DELTA_MAX_HOLD_BARS"":1,""D_TREND_REQUIRED"":false,""EMA_TF_15M_ENABLED"":false,""EMA_TF_1H_ENABLED"":false,""EMA_TF_3M_ENABLED"":false,""EMA_TF_4H_ENABLED"":false,""EMA_TF_5M_ENABLED"":false,""EMA_TF_D_ENABLED"":false,""ENTRY_SCORE_THRESHOLD"":18.5,""HA_WICK_QUALITY_ENABLED"":false,""HTF_ALIGNMENT_ENABLED"":false,""K3M_FLOOR"":0.0,""KINDERGARTEN_EMA_GATE_ENABLED"":false,""MACD_ZERO_CROSS_ENABLED"":false,""MFI_ENTRY_ENABLED"":false,""MIN_HOLD_BARS"":0,""MIN_HOLD_BARS_BEFORE_EXIT"":0,""MIN_HOLD_MINUTES_TRADIER"":0.0,""MTF_ARMED_WT_DIRECTION_SUSPEND_ENABLED"":false,""RSI2_MEAN_REVERSION_ENABLED"":false,""RSI_MACD_EMA_ENABLED"":false,""TRADIER_ENTRY_SCORE_THRESHOLD"":0,""TRIPLE_CONF_ENABLED"":false,""WT_DC_HTF_GATE"":""none"",""WT_TF_15M_ENABLED"":false,""WT_TF_1H_ENABLED"":false,""WT_TF_3M_ENABLED"":false,""WT_TF_4H_ENABLED"":false,""WT_TF_5M_ENABLED"":false,""WT_TF_D_ENABLED"":false}"
DC_BREAKOUT_SCORE,STRATEGY_CAUSAL,declared strategy/catalog/live-path setting,INVALID,10/10 invalid executions,ENGINE_AUTO_WIRED|ENTRY|QUICK_CONFIG|RECENT_5D,DISCONNECTED_LIVE_PATHS|ENGINE_AUTO_WIRED|QUICK_CONFIG|RECENT_RESULTS_5D,True,True,False,True,True,False,D,NATIVE_BASE_FIXED,15,False,,,0.0,,,,,,,,False,behavior fingerprint unavailable,False,no npz,"{""BACKTEST_VALIDATED_GATES_TRADIER"":false,""BASE_TF"":""3m"",""BB_BREAKOUT_ENABLED"":false,""COOLDOWN_BARS"":0,""COOLDOWN_BARS_TRADIER"":0,""DC_BREAKOUT_ENTRY_ENABLED"":true,""DC_BREAKOUT_SCORE"":15,""DC_BREAKOUT_TF"":""D"",""DELTA_ENGINE_ENABLED"":true,""DELTA_MAX_HOLD_BARS"":1,""D_TREND_REQUIRED"":false,""EMA_TF_15M_ENABLED"":false,""EMA_TF_1H_ENABLED"":false,""EMA_TF_3M_ENABLED"":false,""EMA_TF_4H_ENABLED"":false,""EMA_TF_5M_ENABLED"":false,""EMA_TF_D_ENABLED"":false,""ENTRY_SCORE_THRESHOLD"":7.5,""HA_WICK_QUALITY_ENABLED"":false,""HTF_ALIGNMENT_ENABLED"":false,""K3M_FLOOR"":0.0,""KINDERGARTEN_EMA_GATE_ENABLED"":false,""MACD_ZERO_CROSS_ENABLED"":false,""MFI_ENTRY_ENABLED"":false,""MIN_HOLD_BARS"":0,""MIN_HOLD_BARS_BEFORE_EXIT"":0,""MIN_HOLD_MINUTES_TRADIER"":0.0,""MTF_ARMED_WT_DIRECTION_SUSPEND_ENABLED"":false,""RSI2_MEAN_REVERSION_ENABLED"":false,""RSI_MACD_EMA_ENABLED"":false,""TRADIER_ENTRY_SCORE_THRESHOLD"":0,""TRIPLE_CONF_ENABLED"":false,""WT_DC_HTF_GATE"":""none"",""WT_TF_15M_ENABLED"":false,""WT_TF_1H_ENABLED"":false,""WT_TF_3M_ENABLED"":false,""WT_TF_4H_ENABLED"":false,""WT_TF_5M_ENABLED"":false,""WT_TF_D_ENABLED"":false}"
DC_BREAKOUT_SCORE,STRATEGY_CAUSAL,declared strategy/catalog/live-path setting,INVALID,10/10 invalid executions,ENGINE_AUTO_WIRED|ENTRY|QUICK_CONFIG|RECENT_5D,DISCONNECTED_LIVE_PATHS|ENGINE_AUTO_WIRED|QUICK_CONFIG|RECENT_RESULTS_5D,True,True,False,True,True,False,D,NATIVE_BASE_FIXED,22,False,,,0.0,,,,,,,,False,behavior fingerprint unavailable,False,no npz,"{""BACKTEST_VALIDATED_GATES_TRADIER"":false,""BASE_TF"":""3m"",""BB_BREAKOUT_ENABLED"":false,""COOLDOWN_BARS"":0,""COOLDOWN_BARS_TRADIER"":0,""DC_BREAKOUT_ENTRY_ENABLED"":true,""DC_BREAKOUT_SCORE"":22,""DC_BREAKOUT_TF"":""D"",""DELTA_ENGINE_ENABLED"":true,""DELTA_MAX_HOLD_BARS"":1,""D_TREND_REQUIRED"":false,""EMA_TF_15M_ENABLED"":false,""EMA_TF_1H_ENABLED"":false,""EMA_TF_3M_ENABLED"":false,""EMA_TF_4H_ENABLED"":false,""EMA_TF_5M_ENABLED"":false,""EMA_TF_D_ENABLED"":false,""ENTRY_SCORE_THRESHOLD"":18.5,""HA_WICK_QUALITY_ENABLED"":false,""HTF_ALIGNMENT_ENABLED"":false,""K3M_FLOOR"":0.0,""KINDERGARTEN_EMA_GATE_ENABLED"":false,""MACD_ZERO_CROSS_ENABLED"":false,""MFI_ENTRY_ENABLED"":false,""MIN_HOLD_BARS"":0,""MIN_HOLD_BARS_BEFORE_EXIT"":0,""MIN_HOLD_MINUTES_TRADIER"":0.0,""MTF_ARMED_WT_DIRECTION_SUSPEND_ENABLED"":false,""RSI2_MEAN_REVERSION_ENABLED"":false,""RSI_MACD_EMA_ENABLED"":false,""TRADIER_ENTRY_SCORE_THRESHOLD"":0,""TRIPLE_CONF_ENABLED"":false,""WT_DC_HTF_GATE"":""none"",""WT_TF_15M_ENABLED"":false,""WT_TF_1H_ENABLED"":false,""WT_TF_3M_ENABLED"":false,""WT_TF_4H_ENABLED"":false,""WT_TF_5M_ENABLED"":false,""WT_TF_D_ENABLED"":false}"
DC_BREAKOUT_TF,STRATEGY_CAUSAL,declared strategy/catalog/live-path setting,INVALID,5/5 invalid executions,ENGINE_AUTO_WIRED|ENTRY|QUICK_CONFIG|RECENT_5D,DISCONNECTED_LIVE_PATHS|ENGINE_AUTO_WIRED|QUICK_CONFIG|RECENT_RESULTS_5D,True,True,False,True,True,False,3m,,"""3m""",False,,,0.0,,,,,,,,False,behavior fingerprint unavailable,False,no npz,"{""BACKTEST_VALIDATED_GATES_TRADIER"":false,""BASE_TF"":""3m"",""BB_BREAKOUT_ENABLED"":false,""COOLDOWN_BARS"":0,""COOLDOWN_BARS_TRADIER"":0,""DC_BREAKOUT_ENTRY_ENABLED"":true,""DC_BREAKOUT_TF"":""3m"",""DELTA_ENGINE_ENABLED"":true,""DELTA_MAX_HOLD_BARS"":1,""D_TREND_REQUIRED"":false,""EMA_TF_15M_ENABLED"":false,""EMA_TF_1H_ENABLED"":false,""EMA_TF_3M_ENABLED"":false,""EMA_TF_4H_ENABLED"":false,""EMA_TF_5M_ENABLED"":false,""EMA_TF_D_ENABLED"":false,""ENTRY_SCORE_THRESHOLD"":7.5,""HA_WICK_QUALITY_ENABLED"":false,""HTF_ALIGNMENT_ENABLED"":false,""K3M_FLOOR"":0.0,""KINDERGARTEN_EMA_GATE_ENABLED"":false,""MACD_ZERO_CROSS_ENABLED"":false,""MFI_ENTRY_ENABLED"":false,""MIN_HOLD_BARS"":0,""MIN_HOLD_BARS_BEFORE_EXIT"":0,""MIN_HOLD_MINUTES_TRADIER"":0.0,""MTF_ARMED_WT_DIRECTION_SUSPEND_ENABLED"":false,""RSI2_MEAN_REVERSION_ENABLED"":false,""RSI_MACD_EMA_ENABLED"":false,""TRADIER_ENTRY_SCORE_THRESHOLD"":0,""TRIPLE_CONF_ENABLED"":false,""WT_DC_HTF_GATE"":""none"",""WT_TF_15M_ENABLED"":false,""WT_TF_1H_ENABLED"":false,""WT_TF_3M_ENABLED"":false,""WT_TF_4H_ENABLED"":false,""WT_TF_5M_ENABLED"":false,""WT_TF_D_ENABLED"":false}"
DC_BREAKOUT_TF,STRATEGY_CAUSAL,declared strategy/catalog/live-path setting,INVALID,5/5 invalid executions,ENGINE_AUTO_WIRED|ENTRY|QUICK_CONFIG|RECENT_5D,DISCONNECTED_LIVE_PATHS|ENGINE_AUTO_WIRED|QUICK_CONFIG|RECENT_RESULTS_5D,True,True,False,True,True,False,15m,,"""15m""",False,,,0.0,,,,,,,,False,behavior fingerprint unavailable,False,no npz,"{""BACKTEST_VALIDATED_GATES_TRADIER"":false,""BASE_TF"":""3m"",""BB_BREAKOUT_ENABLED"":false,""COOLDOWN_BARS"":0,""COOLDOWN_BARS_TRADIER"":0,""DC_BREAKOUT_ENTRY_ENABLED"":true,""DC_BREAKOUT_TF"":""15m"",""DELTA_ENGINE_ENABLED"":true,""DELTA_MAX_HOLD_BARS"":1,""D_TREND_REQUIRED"":false,""EMA_TF_15M_ENABLED"":false,""EMA_TF_1H_ENABLED"":false,""EMA_TF_3M_ENABLED"":false,""EMA_TF_4H_ENABLED"":false,""EMA_TF_5M_ENABLED"":false,""EMA_TF_D_ENABLED"":false,""ENTRY_SCORE_THRESHOLD"":7.5,""HA_WICK_QUALITY_ENABLED"":false,""HTF_ALIGNMENT_ENABLED"":false,""K3M_FLOOR"":0.0,""KINDERGARTEN_EMA_GATE_ENABLED"":false,""MACD_ZERO_CROSS_ENABLED"":false,""MFI_ENTRY_ENABLED"":false,""MIN_HOLD_BARS"":0,""MIN_HOLD_BARS_BEFORE_EXIT"":0,""MIN_HOLD_MINUTES_TRADIER"":0.0,""MTF_ARMED_WT_DIRECTION_SUSPEND_ENABLED"":false,""RSI2_MEAN_REVERSION_ENABLED"":false,""RSI_MACD_EMA_ENABLED"":false,""TRADIER_ENTRY_SCORE_THRESHOLD"":0,""TRIPLE_CONF_ENABLED"":false,""WT_DC_HTF_GATE"":""none"",""WT_TF_15M_ENABLED"":false,""WT_TF_1H_ENABLED"":false,""WT_TF_3M_ENABLED"":false,""WT_TF_4H_ENABLED"":false,""WT_TF_5M_ENABLED"":false,""WT_TF_D_ENABLED"":false}"
DC_BREAKOUT_TF,STRATEGY_CAUSAL,declared strategy/catalog/live-path setting,INVALID,5/5 invalid executions,ENGINE_AUTO_WIRED|ENTRY|QUICK_CONFIG|RECENT_5D,DISCONNECTED_LIVE_PATHS|ENGINE_AUTO_WIRED|QUICK_CONFIG|RECENT_RESULTS_5D,True,True,False,True,True,False,1h,,"""1h""",False,,,0.0,,,,,,,,False,behavior fingerprint unavailable,False,no npz,"{""BACKTEST_VALIDATED_GATES_TRADIER"":false,""BASE_TF"":""3m"",""BB_BREAKOUT_ENABLED"":false,""COOLDOWN_BARS"":0,""COOLDOWN_BARS_TRADIER"":0,""DC_BREAKOUT_ENTRY_ENABLED"":true,""DC_BREAKOUT_TF"":""1h"",""DELTA_ENGINE_ENABLED"":true,""DELTA_MAX_HOLD_BARS"":1,""D_TREND_REQUIRED"":false,""EMA_TF_15M_ENABLED"":false,""EMA_TF_1H_ENABLED"":false,""EMA_TF_3M_ENABLED"":false,""EMA_TF_4H_ENABLED"":false,""EMA_TF_5M_ENABLED"":false,""EMA_TF_D_ENABLED"":false,""ENTRY_SCORE_THRESHOLD"":7.5,""HA_WICK_QUALITY_ENABLED"":false,""HTF_ALIGNMENT_ENABLED"":false,""K3M_FLOOR"":0.0,""KINDERGARTEN_EMA_GATE_ENABLED"":false,""MACD_ZERO_CROSS_ENABLED"":false,""MFI_ENTRY_ENABLED"":false,""MIN_HOLD_BARS"":0,""MIN_HOLD_BARS_BEFORE_EXIT"":0,""MIN_HOLD_MINUTES_TRADIER"":0.0,""MTF_ARMED_WT_DIRECTION_SUSPEND_ENABLED"":false,""RSI2_MEAN_REVERSION_ENABLED"":false,""RSI_MACD_EMA_ENABLED"":false,""TRADIER_ENTRY_SCORE_THRESHOLD"":0,""TRIPLE_CONF_ENABLED"":false,""WT_DC_HTF_GATE"":""none"",""WT_TF_15M_ENABLED"":false,""WT_TF_1H_ENABLED"":false,""WT_TF_3M_ENABLED"":false,""WT_TF_4H_ENABLED"":false,""WT_TF_5M_ENABLED"":false,""WT_TF_D_ENABLED"":false}"
DC_BREAKOUT_TF,STRATEGY_CAUSAL,declared strategy/catalog/live-path setting,INVALID,5/5 invalid executions,ENGINE_AUTO_WIRED|ENTRY|QUICK_CONFIG|RECENT_5D,DISCONNECTED_LIVE_PATHS|ENGINE_AUTO_WIRED|QUICK_CONFIG|RECENT_RESULTS_5D,True,True,False,True,True,False,4h,,"""4h""",False,,,0.0,,,,,,,,False,behavior fingerprint unavailable,False,no npz,"{""BACKTEST_VALIDATED_GATES_TRADIER"":false,""BASE_TF"":""3m"",""BB_BREAKOUT_ENABLED"":false,""COOLDOWN_BARS"":0,""COOLDOWN_BARS_TRADIER"":0,""DC_BREAKOUT_ENTRY_ENABLED"":true,""DC_BREAKOUT_TF"":""4h"",""DELTA_ENGINE_ENABLED"":true,""DELTA_MAX_HOLD_BARS"":1,""D_TREND_REQUIRED"":false,""EMA_TF_15M_ENABLED"":false,""EMA_TF_1H_ENABLED"":false,""EMA_TF_3M_ENABLED"":false,""EMA_TF_4H_ENABLED"":false,""EMA_TF_5M_ENABLED"":false,""EMA_TF_D_ENABLED"":false,""ENTRY_SCORE_THRESHOLD"":7.5,""HA_WICK_QUALITY_ENABLED"":false,""HTF_ALIGNMENT_ENABLED"":false,""K3M_FLOOR"":0.0,""KINDERGARTEN_EMA_GATE_ENABLED"":false,""MACD_ZERO_CROSS_ENABLED"":false,""MFI_ENTRY_ENABLED"":false,""MIN_HOLD_BARS"":0,""MIN_HOLD_BARS_BEFORE_EXIT"":0,""MIN_HOLD_MINUTES_TRADIER"":0.0,""MTF_ARMED_WT_DIRECTION_SUSPEND_ENABLED"":false,""RSI2_MEAN_REVERSION_ENABLED"":false,""RSI_MACD_EMA_ENABLED"":false,""TRADIER_ENTRY_SCORE_THRESHOLD"":0,""TRIPLE_CONF_ENABLED"":false,""WT_DC_HTF_GATE"":""none"",""WT_TF_15M_ENABLED"":false,""WT_TF_1H_ENABLED"":false,""WT_TF_3M_ENABLED"":false,""WT_TF_4H_ENABLED"":false,""WT_TF_5M_ENABLED"":false,""WT_TF_D_ENABLED"":false}"
DC_BREAKOUT_TF,STRATEGY_CAUSAL,declared strategy/catalog/live-path setting,INVALID,5/5 invalid executions,ENGINE_AUTO_WIRED|ENTRY|QUICK_CONFIG|RECENT_5D,DISCONNECTED_LIVE_PATHS|ENGINE_AUTO_WIRED|QUICK_CONFIG|RECENT_RESULTS_5D,True,True,False,True,True,False,D,,"""D""",False,,,0.0,,,,,,,,False,behavior fingerprint unavailable,False,no npz,"{""BACKTEST_VALIDATED_GATES_TRADIER"":false,""BASE_TF"":""3m"",""BB_BREAKOUT_ENABLED"":false,""COOLDOWN_BARS"":0,""COOLDOWN_BARS_TRADIER"":0,""DC_BREAKOUT_ENTRY_ENABLED"":true,""DC_BREAKOUT_TF"":""D"",""DELTA_ENGINE_ENABLED"":true,""DELTA_MAX_HOLD_BARS"":1,""D_TREND_REQUIRED"":false,""EMA_TF_15M_ENABLED"":false,""EMA_TF_1H_ENABLED"":false,""EMA_TF_3M_ENABLED"":false,""EMA_TF_4H_ENABLED"":false,""EMA_TF_5M_ENABLED"":false,""EMA_TF_D_ENABLED"":false,""ENTRY_SCORE_THRESHOLD"":7.5,""HA_WICK_QUALITY_ENABLED"":false,""HTF_ALIGNMENT_ENABLED"":false,""K3M_FLOOR"":0.0,""KINDERGARTEN_EMA_GATE_ENABLED"":false,""MACD_ZERO_CROSS_ENABLED"":false,""MFI_ENTRY_ENABLED"":false,""MIN_HOLD_BARS"":0,""MIN_HOLD_BARS_BEFORE_EXIT"":0,""MIN_HOLD_MINUTES_TRADIER"":0.0,""MTF_ARMED_WT_DIRECTION_SUSPEND_ENABLED"":false,""RSI2_MEAN_REVERSION_ENABLED"":false,""RSI_MACD_EMA_ENABLED"":false,""TRADIER_ENTRY_SCORE_THRESHOLD"":0,""TRIPLE_CONF_ENABLED"":false,""WT_DC_HTF_GATE"":""none"",""WT_TF_15M_ENABLED"":false,""WT_TF_1H_ENABLED"":false,""WT_TF_3M_ENABLED"":false,""WT_TF_4H_ENABLED"":false,""WT_TF_5M_ENABLED"":false,""WT_TF_D_ENABLED"":false}"
HA_WICK_QUALITY_ENABLED,STRATEGY_CAUSAL,declared strategy/catalog/live-path setting,INVALID,10/10 invalid executions,ENGINE_AUTO_WIRED|FILTER|QUICK_CONFIG|RECENT_5D,DISCONNECTED_LIVE_PATHS|ENGINE_AUTO_WIRED|QUICK_CONFIG|RECENT_RESULTS_5D,True,True,True,True,True,False,3m,NATIVE_BASE_FIXED,false,False,,,0.0,,,,,,,,False,behavior fingerprint unavailable,False,no npz,"{""BACKTEST_VALIDATED_GATES_TRADIER"":false,""BASE_TF"":""3m"",""BB_BREAKOUT_ENABLED"":false,""COOLDOWN_BARS"":0,""COOLDOWN_BARS_TRADIER"":0,""DC_BREAKOUT_ENTRY_ENABLED"":false,""DELTA_ENGINE_ENABLED"":true,""DELTA_MAX_HOLD_BARS"":1,""D_TREND_REQUIRED"":false,""EMA_TF_15M_ENABLED"":false,""EMA_TF_1H_ENABLED"":false,""EMA_TF_3M_ENABLED"":false,""EMA_TF_4H_ENABLED"":false,""EMA_TF_5M_ENABLED"":false,""EMA_TF_D_ENABLED"":false,""ENTRY_SCORE_THRESHOLD"":7.5,""HA_WICK_QUALITY_ENABLED"":false,""HA_WICK_QUALITY_TF"":""3m"",""HTF_ALIGNMENT_ENABLED"":false,""K3M_FLOOR"":0.0,""KINDERGARTEN_EMA_GATE_ENABLED"":false,""MACD_ZERO_CROSS_ENABLED"":false,""MFI_ENTRY_ENABLED"":false,""MIN_HOLD_BARS"":0,""MIN_HOLD_BARS_BEFORE_EXIT"":0,""MIN_HOLD_MINUTES_TRADIER"":0.0,""MTF_ARMED_WT_DIRECTION_SUSPEND_ENABLED"":false,""RSI2_MEAN_REVERSION_ENABLED"":false,""RSI_MACD_EMA_ENABLED"":false,""TRADIER_ENTRY_SCORE_THRESHOLD"":0,""TRIPLE_CONF_ENABLED"":false,""WT_DC_HTF_GATE"":""none"",""WT_TF_15M_ENABLED"":false,""WT_TF_1H_ENABLED"":false,""WT_TF_3M_ENABLED"":false,""WT_TF_4H_ENABLED"":false,""WT_TF_5M_ENABLED"":false,""WT_TF_D_ENABLED"":false}"
HA_WICK_QUALITY_ENABLED,STRATEGY_CAUSAL,declared strategy/catalog/live-path setting,INVALID,10/10 invalid executions,ENGINE_AUTO_WIRED|FILTER|QUICK_CONFIG|RECENT_5D,DISCONNECTED_LIVE_PATHS|ENGINE_AUTO_WIRED|QUICK_CONFIG|RECENT_RESULTS_5D,True,True,True,True,True,False,3m,NATIVE_BASE_FIXED,true,False,,,0.0,,,,,,,,False,behavior fingerprint unavailable,False,no npz,"{""BACKTEST_VALIDATED_GATES_TRADIER"":false,""BASE_TF"":""3m"",""BB_BREAKOUT_ENABLED"":false,""COOLDOWN_BARS"":0,""COOLDOWN_BARS_TRADIER"":0,""DC_BREAKOUT_ENTRY_ENABLED"":false,""DELTA_ENGINE_ENABLED"":true,""DELTA_MAX_HOLD_BARS"":1,""D_TREND_REQUIRED"":false,""EMA_TF_15M_ENABLED"":false,""EMA_TF_1H_ENABLED"":false,""EMA_TF_3M_ENABLED"":false,""EMA_TF_4H_ENABLED"":false,""EMA_TF_5M_ENABLED"":false,""EMA_TF_D_ENABLED"":false,""ENTRY_SCORE_THRESHOLD"":7.5,""HA_WICK_QUALITY_ENABLED"":true,""HA_WICK_QUALITY_TF"":""3m"",""HTF_ALIGNMENT_ENABLED"":false,""K3M_FLOOR"":0.0,""KINDERGARTEN_EMA_GATE_ENABLED"":false,""MACD_ZERO_CROSS_ENABLED"":false,""MFI_ENTRY_ENABLED"":false,""MIN_HOLD_BARS"":0,""MIN_HOLD_BARS_BEFORE_EXIT"":0,""MIN_HOLD_MINUTES_TRADIER"":0.0,""MTF_ARMED_WT_DIRECTION_SUSPEND_ENABLED"":false,""RSI2_MEAN_REVERSION_ENABLED"":false,""RSI_MACD_EMA_ENABLED"":false,""TRADIER_ENTRY_SCORE_THRESHOLD"":0,""TRIPLE_CONF_ENABLED"":false,""WT_DC_HTF_GATE"":""none"",""WT_TF_15M_ENABLED"":false,""WT_TF_1H_ENABLED"":false,""WT_TF_3M_ENABLED"":false,""WT_TF_4H_ENABLED"":false,""WT_TF_5M_ENABLED"":false,""WT_TF_D_ENABLED"":false}"
HA_WICK_QUALITY_ENABLED,STRATEGY_CAUSAL,declared strategy/catalog/live-path setting,INVALID,10/10 invalid executions,ENGINE_AUTO_WIRED|FILTER|QUICK_CONFIG|RECENT_5D,DISCONNECTED_LIVE_PATHS|ENGINE_AUTO_WIRED|QUICK_CONFIG|RECENT_RESULTS_5D,True,True,True,True,True,False,15m,NATIVE_BASE_FIXED,false,False,,,0.0,,,,,,,,False,behavior fingerprint unavailable,False,no npz,"{""BACKTEST_VALIDATED_GATES_TRADIER"":false,""BASE_TF"":""3m"",""BB_BREAKOUT_ENABLED"":false,""COOLDOWN_BARS"":0,""COOLDOWN_BARS_TRADIER"":0,""DC_BREAKOUT_ENTRY_ENABLED"":false,""DELTA_ENGINE_ENABLED"":true,""DELTA_MAX_HOLD_BARS"":1,""D_TREND_REQUIRED"":false,""EMA_TF_15M_ENABLED"":false,""EMA_TF_1H_ENABLED"":false,""EMA_TF_3M_ENABLED"":false,""EMA_TF_4H_ENABLED"":false,""EMA_TF_5M_ENABLED"":false,""EMA_TF_D_ENABLED"":false,""ENTRY_SCORE_THRESHOLD"":7.5,""HA_WICK_QUALITY_ENABLED"":false,""HA_WICK_QUALITY_TF"":""15m"",""HTF_ALIGNMENT_ENABLED"":false,""K3M_FLOOR"":0.0,""KINDERGARTEN_EMA_GATE_ENABLED"":false,""MACD_ZERO_CROSS_ENABLED"":false,""MFI_ENTRY_ENABLED"":false,""MIN_HOLD_BARS"":0,""MIN_HOLD_BARS_BEFORE_EXIT"":0,""MIN_HOLD_MINUTES_TRADIER"":0.0,""MTF_ARMED_WT_DIRECTION_SUSPEND_ENABLED"":false,""RSI2_MEAN_REVERSION_ENABLED"":false,""RSI_MACD_EMA_ENABLED"":false,""TRADIER_ENTRY_SCORE_THRESHOLD"":0,""TRIPLE_CONF_ENABLED"":false,""WT_DC_HTF_GATE"":""none"",""WT_TF_15M_ENABLED"":false,""WT_TF_1H_ENABLED"":false,""WT_TF_3M_ENABLED"":false,""WT_TF_4H_ENABLED"":false,""WT_TF_5M_ENABLED"":false,""WT_TF_D_ENABLED"":false}"
HA_WICK_QUALITY_ENABLED,STRATEGY_CAUSAL,declared strategy/catalog/live-path setting,INVALID,10/10 invalid executions,ENGINE_AUTO_WIRED|FILTER|QUICK_CONFIG|RECENT_5D,DISCONNECTED_LIVE_PATHS|ENGINE_AUTO_WIRED|QUICK_CONFIG|RECENT_RESULTS_5D,True,True,True,True,True,False,15m,NATIVE_BASE_FIXED,true,False,,,0.0,,,,,,,,False,behavior fingerprint unavailable,False,no npz,"{""BACKTEST_VALIDATED_GATES_TRADIER"":false,""BASE_TF"":""3m"",""BB_BREAKOUT_ENABLED"":false,""COOLDOWN_BARS"":0,""COOLDOWN_BARS_TRADIER"":0,""DC_BREAKOUT_ENTRY_ENABLED"":false,""DELTA_ENGINE_ENABLED"":true,""DELTA_MAX_HOLD_BARS"":1,""D_TREND_REQUIRED"":false,""EMA_TF_15M_ENABLED"":false,""EMA_TF_1H_ENABLED"":false,""EMA_TF_3M_ENABLED"":false,""EMA_TF_4H_ENABLED"":false,""EMA_TF_5M_ENABLED"":false,""EMA_TF_D_ENABLED"":false,""ENTRY_SCORE_THRESHOLD"":7.5,""HA_WICK_QUALITY_ENABLED"":true,""HA_WICK_QUALITY_TF"":""15m"",""HTF_ALIGNMENT_ENABLED"":false,""K3M_FLOOR"":0.0,""KINDERGARTEN_EMA_GATE_ENABLED"":false,""MACD_ZERO_CROSS_ENABLED"":false,""MFI_ENTRY_ENABLED"":false,""MIN_HOLD_BARS"":0,""MIN_HOLD_BARS_BEFORE_EXIT"":0,""MIN_HOLD_MINUTES_TRADIER"":0.0,""MTF_ARMED_WT_DIRECTION_SUSPEND_ENABLED"":false,""RSI2_MEAN_REVERSION_ENABLED"":false,""RSI_MACD_EMA_ENABLED"":false,""TRADIER_ENTRY_SCORE_THRESHOLD"":0,""TRIPLE_CONF_ENABLED"":false,""WT_DC_HTF_GATE"":""none"",""WT_TF_15M_ENABLED"":false,""WT_TF_1H_ENABLED"":false,""WT_TF_3M_ENABLED"":false,""WT_TF_4H_ENABLED"":false,""WT_TF_5M_ENABLED"":false,""WT_TF_D_ENABLED"":false}"
HA_WICK_QUALITY_ENABLED,STRATEGY_CAUSAL,declared strategy/catalog/live-path setting,INVALID,10/10 invalid executions,ENGINE_AUTO_WIRED|FILTER|QUICK_CONFIG|RECENT_5D,DISCONNECTED_LIVE_PATHS|ENGINE_AUTO_WIRED|QUICK_CONFIG|RECENT_RESULTS_5D,True,True,True,True,True,False,1h,NATIVE_BASE_FIXED,false,False,,,0.0,,,,,,,,False,behavior fingerprint unavailable,False,no npz,"{""BACKTEST_VALIDATED_GATES_TRADIER"":false,""BASE_TF"":""3m"",""BB_BREAKOUT_ENABLED"":false,""COOLDOWN_BARS"":0,""COOLDOWN_BARS_TRADIER"":0,""DC_BREAKOUT_ENTRY_ENABLED"":false,""DELTA_ENGINE_ENABLED"":true,""DELTA_MAX_HOLD_BARS"":1,""D_TREND_REQUIRED"":false,""EMA_TF_15M_ENABLED"":false,""EMA_TF_1H_ENABLED"":false,""EMA_TF_3M_ENABLED"":false,""EMA_TF_4H_ENABLED"":false,""EMA_TF_5M_ENABLED"":false,""EMA_TF_D_ENABLED"":false,""ENTRY_SCORE_THRESHOLD"":7.5,""HA_WICK_QUALITY_ENABLED"":false,""HA_WICK_QUALITY_TF"":""1h"",""HTF_ALIGNMENT_ENABLED"":false,""K3M_FLOOR"":0.0,""KINDERGARTEN_EMA_GATE_ENABLED"":false,""MACD_ZERO_CROSS_ENABLED"":false,""MFI_ENTRY_ENABLED"":false,""MIN_HOLD_BARS"":0,""MIN_HOLD_BARS_BEFORE_EXIT"":0,""MIN_HOLD_MINUTES_TRADIER"":0.0,""MTF_ARMED_WT_DIRECTION_SUSPEND_ENABLED"":false,""RSI2_MEAN_REVERSION_ENABLED"":false,""RSI_MACD_EMA_ENABLED"":false,""TRADIER_ENTRY_SCORE_THRESHOLD"":0,""TRIPLE_CONF_ENABLED"":false,""WT_DC_HTF_GATE"":""none"",""WT_TF_15M_ENABLED"":false,""WT_TF_1H_ENABLED"":false,""WT_TF_3M_ENABLED"":false,""WT_TF_4H_ENABLED"":false,""WT_TF_5M_ENABLED"":false,""WT_TF_D_ENABLED"":false}"
HA_WICK_QUALITY_ENABLED,STRATEGY_CAUSAL,declared strategy/catalog/live-path setting,INVALID,10/10 invalid executions,ENGINE_AUTO_WIRED|FILTER|QUICK_CONFIG|RECENT_5D,DISCONNECTED_LIVE_PATHS|ENGINE_AUTO_WIRED|QUICK_CONFIG|RECENT_RESULTS_5D,True,True,True,True,True,False,1h,NATIVE_BASE_FIXED,true,False,,,0.0,,,,,,,,False,behavior fingerprint unavailable,False,no npz,"{""BACKTEST_VALIDATED_GATES_TRADIER"":false,""BASE_TF"":""3m"",""BB_BREAKOUT_ENABLED"":false,""COOLDOWN_BARS"":0,""COOLDOWN_BARS_TRADIER"":0,""DC_BREAKOUT_ENTRY_ENABLED"":false,""DELTA_ENGINE_ENABLED"":true,""DELTA_MAX_HOLD_BARS"":1,""D_TREND_REQUIRED"":false,""EMA_TF_15M_ENABLED"":false,""EMA_TF_1H_ENABLED"":false,""EMA_TF_3M_ENABLED"":false,""EMA_TF_4H_ENABLED"":false,""EMA_TF_5M_ENABLED"":false,""EMA_TF_D_ENABLED"":false,""ENTRY_SCORE_THRESHOLD"":7.5,""HA_WICK_QUALITY_ENABLED"":true,""HA_WICK_QUALITY_TF"":""1h"",""HTF_ALIGNMENT_ENABLED"":false,""K3M_FLOOR"":0.0,""KINDERGARTEN_EMA_GATE_ENABLED"":false,""MACD_ZERO_CROSS_ENABLED"":false,""MFI_ENTRY_ENABLED"":false,""MIN_HOLD_BARS"":0,""MIN_HOLD_BARS_BEFORE_EXIT"":0,""MIN_HOLD_MINUTES_TRADIER"":0.0,""MTF_ARMED_WT_DIRECTION_SUSPEND_ENABLED"":false,""RSI2_MEAN_REVERSION_ENABLED"":false,""RSI_MACD_EMA_ENABLED"":false,""TRADIER_ENTRY_SCORE_THRESHOLD"":0,""TRIPLE_CONF_ENABLED"":false,""WT_DC_HTF_GATE"":""none"",""WT_TF_15M_ENABLED"":false,""WT_TF_1H_ENABLED"":false,""WT_TF_3M_ENABLED"":false,""WT_TF_4H_ENABLED"":false,""WT_TF_5M_ENABLED"":false,""WT_TF_D_ENABLED"":false}"
HA_WICK_QUALITY_ENABLED,STRATEGY_CAUSAL,declared strategy/catalog/live-path setting,INVALID,10/10 invalid executions,ENGINE_AUTO_WIRED|FILTER|QUICK_CONFIG|RECENT_5D,DISCONNECTED_LIVE_PATHS|ENGINE_AUTO_WIRED|QUICK_CONFIG|RECENT_RESULTS_5D,True,True,True,True,True,False,4h,NATIVE_BASE_FIXED,false,False,,,0.0,,,,,,,,False,behavior fingerprint unavailable,False,no npz,"{""BACKTEST_VALIDATED_GATES_TRADIER"":false,""BASE_TF"":""3m"",""BB_BREAKOUT_ENABLED"":false,""COOLDOWN_BARS"":0,""COOLDOWN_BARS_TRADIER"":0,""DC_BREAKOUT_ENTRY_ENABLED"":false,""DELTA_ENGINE_ENABLED"":true,""DELTA_MAX_HOLD_BARS"":1,""D_TREND_REQUIRED"":false,""EMA_TF_15M_ENABLED"":false,""EMA_TF_1H_ENABLED"":false,""EMA_TF_3M_ENABLED"":false,""EMA_TF_4H_ENABLED"":false,""EMA_TF_5M_ENABLED"":false,""EMA_TF_D_ENABLED"":false,""ENTRY_SCORE_THRESHOLD"":7.5,""HA_WICK_QUALITY_ENABLED"":false,""HA_WICK_QUALITY_TF"":""4h"",""HTF_ALIGNMENT_ENABLED"":false,""K3M_FLOOR"":0.0,""KINDERGARTEN_EMA_GATE_ENABLED"":false,""MACD_ZERO_CROSS_ENABLED"":false,""MFI_ENTRY_ENABLED"":false,""MIN_HOLD_BARS"":0,""MIN_HOLD_BARS_BEFORE_EXIT"":0,""MIN_HOLD_MINUTES_TRADIER"":0.0,""MTF_ARMED_WT_DIRECTION_SUSPEND_ENABLED"":false,""RSI2_MEAN_REVERSION_ENABLED"":false,""RSI_MACD_EMA_ENABLED"":false,""TRADIER_ENTRY_SCORE_THRESHOLD"":0,""TRIPLE_CONF_ENABLED"":false,""WT_DC_HTF_GATE"":""none"",""WT_TF_15M_ENABLED"":false,""WT_TF_1H_ENABLED"":false,""WT_TF_3M_ENABLED"":false,""WT_TF_4H_ENABLED"":false,""WT_TF_5M_ENABLED"":false,""WT_TF_D_ENABLED"":false}"
HA_WICK_QUALITY_ENABLED,STRATEGY_CAUSAL,declared strategy/catalog/live-path setting,INVALID,10/10 invalid executions,ENGINE_AUTO_WIRED|FILTER|QUICK_CONFIG|RECENT_5D,DISCONNECTED_LIVE_PATHS|ENGINE_AUTO_WIRED|QUICK_CONFIG|RECENT_RESULTS_5D,True,True,True,True,True,False,4h,NATIVE_BASE_FIXED,true,False,,,0.0,,,,,,,,False,behavior fingerprint unavailable,False,no npz,"{""BACKTEST_VALIDATED_GATES_TRADIER"":false,""BASE_TF"":""3m"",""BB_BREAKOUT_ENABLED"":false,""COOLDOWN_BARS"":0,""COOLDOWN_BARS_TRADIER"":0,""DC_BREAKOUT_ENTRY_ENABLED"":false,""DELTA_ENGINE_ENABLED"":true,""DELTA_MAX_HOLD_BARS"":1,""D_TREND_REQUIRED"":false,""EMA_TF_15M_ENABLED"":false,""EMA_TF_1H_ENABLED"":false,""EMA_TF_3M_ENABLED"":false,""EMA_TF_4H_ENABLED"":false,""EMA_TF_5M_ENABLED"":false,""EMA_TF_D_ENABLED"":false,""ENTRY_SCORE_THRESHOLD"":7.5,""HA_WICK_QUALITY_ENABLED"":true,""HA_WICK_QUALITY_TF"":""4h"",""HTF_ALIGNMENT_ENABLED"":false,""K3M_FLOOR"":0.0,""KINDERGARTEN_EMA_GATE_ENABLED"":false,""MACD_ZERO_CROSS_ENABLED"":false,""MFI_ENTRY_ENABLED"":false,""MIN_HOLD_BARS"":0,""MIN_HOLD_BARS_BEFORE_EXIT"":0,""MIN_HOLD_MINUTES_TRADIER"":0.0,""MTF_ARMED_WT_DIRECTION_SUSPEND_ENABLED"":false,""RSI2_MEAN_REVERSION_ENABLED"":false,""RSI_MACD_EMA_ENABLED"":false,""TRADIER_ENTRY_SCORE_THRESHOLD"":0,""TRIPLE_CONF_ENABLED"":false,""WT_DC_HTF_GATE"":""none"",""WT_TF_15M_ENABLED"":false,""WT_TF_1H_ENABLED"":false,""WT_TF_3M_ENABLED"":false,""WT_TF_4H_ENABLED"":false,""WT_TF_5M_ENABLED"":false,""WT_TF_D_ENABLED"":false}"
HA_WICK_QUALITY_ENABLED,STRATEGY_CAUSAL,declared strategy/catalog/live-path setting,INVALID,10/10 invalid executions,ENGINE_AUTO_WIRED|FILTER|QUICK_CONFIG|RECENT_5D,DISCONNECTED_LIVE_PATHS|ENGINE_AUTO_WIRED|QUICK_CONFIG|RECENT_RESULTS_5D,True,True,True,True,True,False,D,NATIVE_BASE_FIXED,false,False,,,0.0,,,,,,,,False,behavior fingerprint unavailable,False,no npz,"{""BACKTEST_VALIDATED_GATES_TRADIER"":false,""BASE_TF"":""3m"",""BB_BREAKOUT_ENABLED"":false,""COOLDOWN_BARS"":0,""COOLDOWN_BARS_TRADIER"":0,""DC_BREAKOUT_ENTRY_ENABLED"":false,""DELTA_ENGINE_ENABLED"":true,""DELTA_MAX_HOLD_BARS"":1,""D_TREND_REQUIRED"":false,""EMA_TF_15M_ENABLED"":false,""EMA_TF_1H_ENABLED"":false,""EMA_TF_3M_ENABLED"":false,""EMA_TF_4H_ENABLED"":false,""EMA_TF_5M_ENABLED"":false,""EMA_TF_D_ENABLED"":false,""ENTRY_SCORE_THRESHOLD"":7.5,""HA_WICK_QUALITY_ENABLED"":false,""HA_WICK_QUALITY_TF"":""D"",""HTF_ALIGNMENT_ENABLED"":false,""K3M_FLOOR"":0.0,""KINDERGARTEN_EMA_GATE_ENABLED"":false,""MACD_ZERO_CROSS_ENABLED"":false,""MFI_ENTRY_ENABLED"":false,""MIN_HOLD_BARS"":0,""MIN_HOLD_BARS_BEFORE_EXIT"":0,""MIN_HOLD_MINUTES_TRADIER"":0.0,""MTF_ARMED_WT_DIRECTION_SUSPEND_ENABLED"":false,""RSI2_MEAN_REVERSION_ENABLED"":false,""RSI_MACD_EMA_ENABLED"":false,""TRADIER_ENTRY_SCORE_THRESHOLD"":0,""TRIPLE_CONF_ENABLED"":false,""WT_DC_HTF_GATE"":""none"",""WT_TF_15M_ENABLED"":false,""WT_TF_1H_ENABLED"":false,""WT_TF_3M_ENABLED"":false,""WT_TF_4H_ENABLED"":false,""WT_TF_5M_ENABLED"":false,""WT_TF_D_ENABLED"":false}"
HA_WICK_QUALITY_ENABLED,STRATEGY_CAUSAL,declared strategy/catalog/live-path setting,INVALID,10/10 invalid executions,ENGINE_AUTO_WIRED|FILTER|QUICK_CONFIG|RECENT_5D,DISCONNECTED_LIVE_PATHS|ENGINE_AUTO_WIRED|QUICK_CONFIG|RECENT_RESULTS_5D,True,True,True,True,True,False,D,NATIVE_BASE_FIXED,true,False,,,0.0,,,,,,,,False,behavior fingerprint unavailable,False,no npz,"{""BACKTEST_VALIDATED_GATES_TRADIER"":false,""BASE_TF"":""3m"",""BB_BREAKOUT_ENABLED"":false,""COOLDOWN_BARS"":0,""COOLDOWN_BARS_TRADIER"":0,""DC_BREAKOUT_ENTRY_ENABLED"":false,""DELTA_ENGINE_ENABLED"":true,""DELTA_MAX_HOLD_BARS"":1,""D_TREND_REQUIRED"":false,""EMA_TF_15M_ENABLED"":false,""EMA_TF_1H_ENABLED"":false,""EMA_TF_3M_ENABLED"":false,""EMA_TF_4H_ENABLED"":false,""EMA_TF_5M_ENABLED"":false,""EMA_TF_D_ENABLED"":false,""ENTRY_SCORE_THRESHOLD"":7.5,""HA_WICK_QUALITY_ENABLED"":true,""HA_WICK_QUALITY_TF"":""D"",""HTF_ALIGNMENT_ENABLED"":false,""K3M_FLOOR"":0.0,""KINDERGARTEN_EMA_GATE_ENABLED"":false,""MACD_ZERO_CROSS_ENABLED"":false,""MFI_ENTRY_ENABLED"":false,""MIN_HOLD_BARS"":0,""MIN_HOLD_BARS_BEFORE_EXIT"":0,""MIN_HOLD_MINUTES_TRADIER"":0.0,""MTF_ARMED_WT_DIRECTION_SUSPEND_ENABLED"":false,""RSI2_MEAN_REVERSION_ENABLED"":false,""RSI_MACD_EMA_ENABLED"":false,""TRADIER_ENTRY_SCORE_THRESHOLD"":0,""TRIPLE_CONF_ENABLED"":false,""WT_DC_HTF_GATE"":""none"",""WT_TF_15M_ENABLED"":false,""WT_TF_1H_ENABLED"":false,""WT_TF_3M_ENABLED"":false,""WT_TF_4H_ENABLED"":false,""WT_TF_5M_ENABLED"":false,""WT_TF_D_ENABLED"":false}"
HA_WICK_QUALITY_SCORE,STRATEGY_CAUSAL,declared strategy/catalog/live-path setting,INVALID,15/15 invalid executions,ENGINE_AUTO_WIRED|FILTER|QUICK_CONFIG|RECENT_5D,DISCONNECTED_LIVE_PATHS|ENGINE_AUTO_WIRED|QUICK_CONFIG|RECENT_RESULTS_5D,True,True,False,True,True,False,3m,NATIVE_BASE_FIXED,15,False,,,0.0,,,,,,,,False,behavior fingerprint unavailable,False,no npz,"{""BACKTEST_VALIDATED_GATES_TRADIER"":false,""BASE_TF"":""3m"",""BB_BREAKOUT_ENABLED"":false,""COOLDOWN_BARS"":0,""COOLDOWN_BARS_TRADIER"":0,""DC_BREAKOUT_ENTRY_ENABLED"":false,""DELTA_ENGINE_ENABLED"":true,""DELTA_MAX_HOLD_BARS"":1,""D_TREND_REQUIRED"":false,""EMA_TF_15M_ENABLED"":false,""EMA_TF_1H_ENABLED"":false,""EMA_TF_3M_ENABLED"":false,""EMA_TF_4H_ENABLED"":false,""EMA_TF_5M_ENABLED"":false,""EMA_TF_D_ENABLED"":false,""ENTRY_SCORE_THRESHOLD"":7.5,""HA_WICK_QUALITY_ENABLED"":true,""HA_WICK_QUALITY_SCORE"":15,""HA_WICK_QUALITY_TF"":""3m"",""HTF_ALIGNMENT_ENABLED"":false,""K3M_FLOOR"":0.0,""KINDERGARTEN_EMA_GATE_ENABLED"":false,""MACD_ZERO_CROSS_ENABLED"":false,""MFI_ENTRY_ENABLED"":false,""MIN_HOLD_BARS"":0,""MIN_HOLD_BARS_BEFORE_EXIT"":0,""MIN_HOLD_MINUTES_TRADIER"":0.0,""MTF_ARMED_WT_DIRECTION_SUSPEND_ENABLED"":false,""RSI2_MEAN_REVERSION_ENABLED"":false,""RSI_MACD_EMA_ENABLED"":false,""TRADIER_ENTRY_SCORE_THRESHOLD"":0,""TRIPLE_CONF_ENABLED"":false,""WT_DC_HTF_GATE"":""none"",""WT_TF_15M_ENABLED"":false,""WT_TF_1H_ENABLED"":false,""WT_TF_3M_ENABLED"":false,""WT_TF_4H_ENABLED"":false,""WT_TF_5M_ENABLED"":false,""WT_TF_D_ENABLED"":false}"
HA_WICK_QUALITY_SCORE,STRATEGY_CAUSAL,declared strategy/catalog/live-path setting,INVALID,15/15 invalid executions,ENGINE_AUTO_WIRED|FILTER|QUICK_CONFIG|RECENT_5D,DISCONNECTED_LIVE_PATHS|ENGINE_AUTO_WIRED|QUICK_CONFIG|RECENT_RESULTS_5D,True,True,False,True,True,False,3m,NATIVE_BASE_FIXED,22,False,,,0.0,,,,,,,,False,behavior fingerprint unavailable,False,no npz,"{""BACKTEST_VALIDATED_GATES_TRADIER"":false,""BASE_TF"":""3m"",""BB_BREAKOUT_ENABLED"":false,""COOLDOWN_BARS"":0,""COOLDOWN_BARS_TRADIER"":0,""DC_BREAKOUT_ENTRY_ENABLED"":false,""DELTA_ENGINE_ENABLED"":true,""DELTA_MAX_HOLD_BARS"":1,""D_TREND_REQUIRED"":false,""EMA_TF_15M_ENABLED"":false,""EMA_TF_1H_ENABLED"":false,""EMA_TF_3M_ENABLED"":false,""EMA_TF_4H_ENABLED"":false,""EMA_TF_5M_ENABLED"":false,""EMA_TF_D_ENABLED"":false,""ENTRY_SCORE_THRESHOLD"":18.5,""HA_WICK_QUALITY_ENABLED"":true,""HA_WICK_QUALITY_SCORE"":22,""HA_WICK_QUALITY_TF"":""3m"",""HTF_ALIGNMENT_ENABLED"":false,""K3M_FLOOR"":0.0,""KINDERGARTEN_EMA_GATE_ENABLED"":false,""MACD_ZERO_CROSS_ENABLED"":false,""MFI_ENTRY_ENABLED"":false,""MIN_HOLD_BARS"":0,""MIN_HOLD_BARS_BEFORE_EXIT"":0,""MIN_HOLD_MINUTES_TRADIER"":0.0,""MTF_ARMED_WT_DIRECTION_SUSPEND_ENABLED"":false,""RSI2_MEAN_REVERSION_ENABLED"":false,""RSI_MACD_EMA_ENABLED"":false,""TRADIER_ENTRY_SCORE_THRESHOLD"":0,""TRIPLE_CONF_ENABLED"":false,""WT_DC_HTF_GATE"":""none"",""WT_TF_15M_ENABLED"":false,""WT_TF_1H_ENABLED"":false,""WT_TF_3M_ENABLED"":false,""WT_TF_4H_ENABLED"":false,""WT_TF_5M_ENABLED"":false,""WT_TF_D_ENABLED"":false}"
HA_WICK_QUALITY_SCORE,STRATEGY_CAUSAL,declared strategy/catalog/live-path setting,INVALID,15/15 invalid executions,ENGINE_AUTO_WIRED|FILTER|QUICK_CONFIG|RECENT_5D,DISCONNECTED_LIVE_PATHS|ENGINE_AUTO_WIRED|QUICK_CONFIG|RECENT_RESULTS_5D,True,True,False,True,True,False,3m,NATIVE_BASE_FIXED,7,False,,,0.0,,,,,,,,False,behavior fingerprint unavailable,False,no npz,"{""BACKTEST_VALIDATED_GATES_TRADIER"":false,""BASE_TF"":""3m"",""BB_BREAKOUT_ENABLED"":false,""COOLDOWN_BARS"":0,""COOLDOWN_BARS_TRADIER"":0,""DC_BREAKOUT_ENTRY_ENABLED"":false,""DELTA_ENGINE_ENABLED"":true,""DELTA_MAX_HOLD_BARS"":1,""D_TREND_REQUIRED"":false,""EMA_TF_15M_ENABLED"":false,""EMA_TF_1H_ENABLED"":false,""EMA_TF_3M_ENABLED"":false,""EMA_TF_4H_ENABLED"":false,""EMA_TF_5M_ENABLED"":false,""EMA_TF_D_ENABLED"":false,""ENTRY_SCORE_THRESHOLD"":11.0,""HA_WICK_QUALITY_ENABLED"":true,""HA_WICK_QUALITY_SCORE"":7,""HA_WICK_QUALITY_TF"":""3m"",""HTF_ALIGNMENT_ENABLED"":false,""K3M_FLOOR"":0.0,""KINDERGARTEN_EMA_GATE_ENABLED"":false,""MACD_ZERO_CROSS_ENABLED"":false,""MFI_ENTRY_ENABLED"":false,""MIN_HOLD_BARS"":0,""MIN_HOLD_BARS_BEFORE_EXIT"":0,""MIN_HOLD_MINUTES_TRADIER"":0.0,""MTF_ARMED_WT_DIRECTION_SUSPEND_ENABLED"":false,""RSI2_MEAN_REVERSION_ENABLED"":false,""RSI_MACD_EMA_ENABLED"":false,""TRADIER_ENTRY_SCORE_THRESHOLD"":0,""TRIPLE_CONF_ENABLED"":false,""WT_DC_HTF_GATE"":""none"",""WT_TF_15M_ENABLED"":false,""WT_TF_1H_ENABLED"":false,""WT_TF_3M_ENABLED"":false,""WT_TF_4H_ENABLED"":false,""WT_TF_5M_ENABLED"":false,""WT_TF_D_ENABLED"":false}"
HA_WICK_QUALITY_SCORE,STRATEGY_CAUSAL,declared strategy/catalog/live-path setting,INVALID,15/15 invalid executions,ENGINE_AUTO_WIRED|FILTER|QUICK_CONFIG|RECENT_5D,DISCONNECTED_LIVE_PATHS|ENGINE_AUTO_WIRED|QUICK_CONFIG|RECENT_RESULTS_5D,True,True,False,True,True,False,15m,NATIVE_BASE_FIXED,15,False,,,0.0,,,,,,,,False,behavior fingerprint unavailable,False,no npz,"{""BACKTEST_VALIDATED_GATES_TRADIER"":false,""BASE_TF"":""3m"",""BB_BREAKOUT_ENABLED"":false,""COOLDOWN_BARS"":0,""COOLDOWN_BARS_TRADIER"":0,""DC_BREAKOUT_ENTRY_ENABLED"":false,""DELTA_ENGINE_ENABLED"":true,""DELTA_MAX_HOLD_BARS"":1,""D_TREND_REQUIRED"":false,""EMA_TF_15M_ENABLED"":false,""EMA_TF_1H_ENABLED"":false,""EMA_TF_3M_ENABLED"":false,""EMA_TF_4H_ENABLED"":false,""EMA_TF_5M_ENABLED"":false,""EMA_TF_D_ENABLED"":false,""ENTRY_SCORE_THRESHOLD"":7.5,""HA_WICK_QUALITY_ENABLED"":true,""HA_WICK_QUALITY_SCORE"":15,""HA_WICK_QUALITY_TF"":""15m"",""HTF_ALIGNMENT_ENABLED"":false,""K3M_FLOOR"":0.0,""KINDERGARTEN_EMA_GATE_ENABLED"":false,""MACD_ZERO_CROSS_ENABLED"":false,""MFI_ENTRY_ENABLED"":false,""MIN_HOLD_BARS"":0,""MIN_HOLD_BARS_BEFORE_EXIT"":0,""MIN_HOLD_MINUTES_TRADIER"":0.0,""MTF_ARMED_WT_DIRECTION_SUSPEND_ENABLED"":false,""RSI2_MEAN_REVERSION_ENABLED"":false,""RSI_MACD_EMA_ENABLED"":false,""TRADIER_ENTRY_SCORE_THRESHOLD"":0,""TRIPLE_CONF_ENABLED"":false,""WT_DC_HTF_GATE"":""none"",""WT_TF_15M_ENABLED"":false,""WT_TF_1H_ENABLED"":false,""WT_TF_3M_ENABLED"":false,""WT_TF_4H_ENABLED"":false,""WT_TF_5M_ENABLED"":false,""WT_TF_D_ENABLED"":false}"
HA_WICK_QUALITY_SCORE,STRATEGY_CAUSAL,declared strategy/catalog/live-path setting,INVALID,15/15 invalid executions,ENGINE_AUTO_WIRED|FILTER|QUICK_CONFIG|RECENT_5D,DISCONNECTED_LIVE_PATHS|ENGINE_AUTO_WIRED|QUICK_CONFIG|RECENT_RESULTS_5D,True,True,False,True,True,False,15m,NATIVE_BASE_FIXED,22,False,,,0.0,,,,,,,,False,behavior fingerprint unavailable,False,no npz,"{""BACKTEST_VALIDATED_GATES_TRADIER"":false,""BASE_TF"":""3m"",""BB_BREAKOUT_ENABLED"":false,""COOLDOWN_BARS"":0,""COOLDOWN_BARS_TRADIER"":0,""DC_BREAKOUT_ENTRY_ENABLED"":false,""DELTA_ENGINE_ENABLED"":true,""DELTA_MAX_HOLD_BARS"":1,""D_TREND_REQUIRED"":false,""EMA_TF_15M_ENABLED"":false,""EMA_TF_1H_ENABLED"":false,""EMA_TF_3M_ENABLED"":false,""EMA_TF_4H_ENABLED"":false,""EMA_TF_5M_ENABLED"":false,""EMA_TF_D_ENABLED"":false,""ENTRY_SCORE_THRESHOLD"":18.5,""HA_WICK_QUALITY_ENABLED"":true,""HA_WICK_QUALITY_SCORE"":22,""HA_WICK_QUALITY_TF"":""15m"",""HTF_ALIGNMENT_ENABLED"":false,""K3M_FLOOR"":0.0,""KINDERGARTEN_EMA_GATE_ENABLED"":false,""MACD_ZERO_CROSS_ENABLED"":false,""MFI_ENTRY_ENABLED"":false,""MIN_HOLD_BARS"":0,""MIN_HOLD_BARS_BEFORE_EXIT"":0,""MIN_HOLD_MINUTES_TRADIER"":0.0,""MTF_ARMED_WT_DIRECTION_SUSPEND_ENABLED"":false,""RSI2_MEAN_REVERSION_ENABLED"":false,""RSI_MACD_EMA_ENABLED"":false,""TRADIER_ENTRY_SCORE_THRESHOLD"":0,""TRIPLE_CONF_ENABLED"":false,""WT_DC_HTF_GATE"":""none"",""WT_TF_15M_ENABLED"":false,""WT_TF_1H_ENABLED"":false,""WT_TF_3M_ENABLED"":false,""WT_TF_4H_ENABLED"":false,""WT_TF_5M_ENABLED"":false,""WT_TF_D_ENABLED"":false}"
HA_WICK_QUALITY_SCORE,STRATEGY_CAUSAL,declared strategy/catalog/live-path setting,INVALID,15/15 invalid executions,ENGINE_AUTO_WIRED|FILTER|QUICK_CONFIG|RECENT_5D,DISCONNECTED_LIVE_PATHS|ENGINE_AUTO_WIRED|QUICK_CONFIG|RECENT_RESULTS_5D,True,True,False,True,True,False,15m,NATIVE_BASE_FIXED,7,False,,,0.0,,,,,,,,False,behavior fingerprint unavailable,False,no npz,"{""BACKTEST_VALIDATED_GATES_TRADIER"":false,""BASE_TF"":""3m"",""BB_BREAKOUT_ENABLED"":false,""COOLDOWN_BARS"":0,""COOLDOWN_BARS_TRADIER"":0,""DC_BREAKOUT_ENTRY_ENABLED"":false,""DELTA_ENGINE_ENABLED"":true,""DELTA_MAX_HOLD_BARS"":1,""D_TREND_REQUIRED"":false,""EMA_TF_15M_ENABLED"":false,""EMA_TF_1H_ENABLED"":false,""EMA_TF_3M_ENABLED"":false,""EMA_TF_4H_ENABLED"":false,""EMA_TF_5M_ENABLED"":false,""EMA_TF_D_ENABLED"":false,""ENTRY_SCORE_THRESHOLD"":11.0,""HA_WICK_QUALITY_ENABLED"":true,""HA_WICK_QUALITY_SCORE"":7,""HA_WICK_QUALITY_TF"":""15m"",""HTF_ALIGNMENT_ENABLED"":false,""K3M_FLOOR"":0.0,""KINDERGARTEN_EMA_GATE_ENABLED"":false,""MACD_ZERO_CROSS_ENABLED"":false,""MFI_ENTRY_ENABLED"":false,""MIN_HOLD_BARS"":0,""MIN_HOLD_BARS_BEFORE_EXIT"":0,""MIN_HOLD_MINUTES_TRADIER"":0.0,""MTF_ARMED_WT_DIRECTION_SUSPEND_ENABLED"":false,""RSI2_MEAN_REVERSION_ENABLED"":false,""RSI_MACD_EMA_ENABLED"":false,""TRADIER_ENTRY_SCORE_THRESHOLD"":0,""TRIPLE_CONF_ENABLED"":false,""WT_DC_HTF_GATE"":""none"",""WT_TF_15M_ENABLED"":false,""WT_TF_1H_ENABLED"":false,""WT_TF_3M_ENABLED"":false,""WT_TF_4H_ENABLED"":false,""WT_TF_5M_ENABLED"":false,""WT_TF_D_ENABLED"":false}"
HA_WICK_QUALITY_SCORE,STRATEGY_CAUSAL,declared strategy/catalog/live-path setting,INVALID,15/15 invalid executions,ENGINE_AUTO_WIRED|FILTER|QUICK_CONFIG|RECENT_5D,DISCONNECTED_LIVE_PATHS|ENGINE_AUTO_WIRED|QUICK_CONFIG|RECENT_RESULTS_5D,True,True,False,True,True,False,1h,NATIVE_BASE_FIXED,15,False,,,0.0,,,,,,,,False,behavior fingerprint unavailable,False,no npz,"{""BACKTEST_VALIDATED_GATES_TRADIER"":false,""BASE_TF"":""3m"",""BB_BREAKOUT_ENABLED"":false,""COOLDOWN_BARS"":0,""COOLDOWN_BARS_TRADIER"":0,""DC_BREAKOUT_ENTRY_ENABLED"":false,""DELTA_ENGINE_ENABLED"":true,""DELTA_MAX_HOLD_BARS"":1,""D_TREND_REQUIRED"":false,""EMA_TF_15M_ENABLED"":false,""EMA_TF_1H_ENABLED"":false,""EMA_TF_3M_ENABLED"":false,""EMA_TF_4H_ENABLED"":false,""EMA_TF_5M_ENABLED"":false,""EMA_TF_D_ENABLED"":false,""ENTRY_SCORE_THRESHOLD"":7.5,""HA_WICK_QUALITY_ENABLED"":true,""HA_WICK_QUALITY_SCORE"":15,""HA_WICK_QUALITY_TF"":""1h"",""HTF_ALIGNMENT_ENABLED"":false,""K3M_FLOOR"":0.0,""KINDERGARTEN_EMA_GATE_ENABLED"":false,""MACD_ZERO_CROSS_ENABLED"":false,""MFI_ENTRY_ENABLED"":false,""MIN_HOLD_BARS"":0,""MIN_HOLD_BARS_BEFORE_EXIT"":0,""MIN_HOLD_MINUTES_TRADIER"":0.0,""MTF_ARMED_WT_DIRECTION_SUSPEND_ENABLED"":false,""RSI2_MEAN_REVERSION_ENABLED"":false,""RSI_MACD_EMA_ENABLED"":false,""TRADIER_ENTRY_SCORE_THRESHOLD"":0,""TRIPLE_CONF_ENABLED"":false,""WT_DC_HTF_GATE"":""none"",""WT_TF_15M_ENABLED"":false,""WT_TF_1H_ENABLED"":false,""WT_TF_3M_ENABLED"":false,""WT_TF_4H_ENABLED"":false,""WT_TF_5M_ENABLED"":false,""WT_TF_D_ENABLED"":false}"
HA_WICK_QUALITY_SCORE,STRATEGY_CAUSAL,declared strategy/catalog/live-path setting,INVALID,15/15 invalid executions,ENGINE_AUTO_WIRED|FILTER|QUICK_CONFIG|RECENT_5D,DISCONNECTED_LIVE_PATHS|ENGINE_AUTO_WIRED|QUICK_CONFIG|RECENT_RESULTS_5D,True,True,False,True,True,False,1h,NATIVE_BASE_FIXED,22,False,,,0.0,,,,,,,,False,behavior fingerprint unavailable,False,no npz,"{""BACKTEST_VALIDATED_GATES_TRADIER"":false,""BASE_TF"":""3m"",""BB_BREAKOUT_ENABLED"":false,""COOLDOWN_BARS"":0,""COOLDOWN_BARS_TRADIER"":0,""DC_BREAKOUT_ENTRY_ENABLED"":false,""DELTA_ENGINE_ENABLED"":true,""DELTA_MAX_HOLD_BARS"":1,""D_TREND_REQUIRED"":false,""EMA_TF_15M_ENABLED"":false,""EMA_TF_1H_ENABLED"":false,""EMA_TF_3M_ENABLED"":false,""EMA_TF_4H_ENABLED"":false,""EMA_TF_5M_ENABLED"":false,""EMA_TF_D_ENABLED"":false,""ENTRY_SCORE_THRESHOLD"":18.5,""HA_WICK_QUALITY_ENABLED"":true,""HA_WICK_QUALITY_SCORE"":22,""HA_WICK_QUALITY_TF"":""1h"",""HTF_ALIGNMENT_ENABLED"":false,""K3M_FLOOR"":0.0,""KINDERGARTEN_EMA_GATE_ENABLED"":false,""MACD_ZERO_CROSS_ENABLED"":false,""MFI_ENTRY_ENABLED"":false,""MIN_HOLD_BARS"":0,""MIN_HOLD_BARS_BEFORE_EXIT"":0,""MIN_HOLD_MINUTES_TRADIER"":0.0,""MTF_ARMED_WT_DIRECTION_SUSPEND_ENABLED"":false,""RSI2_MEAN_REVERSION_ENABLED"":false,""RSI_MACD_EMA_ENABLED"":false,""TRADIER_ENTRY_SCORE_THRESHOLD"":0,""TRIPLE_CONF_ENABLED"":false,""WT_DC_HTF_GATE"":""none"",""WT_TF_15M_ENABLED"":false,""WT_TF_1H_ENABLED"":false,""WT_TF_3M_ENABLED"":false,""WT_TF_4H_ENABLED"":false,""WT_TF_5M_ENABLED"":false,""WT_TF_D_ENABLED"":false}"
HA_WICK_QUALITY_SCORE,STRATEGY_CAUSAL,declared strategy/catalog/live-path setting,INVALID,15/15 invalid executions,ENGINE_AUTO_WIRED|FILTER|QUICK_CONFIG|RECENT_5D,DISCONNECTED_LIVE_PATHS|ENGINE_AUTO_WIRED|QUICK_CONFIG|RECENT_RESULTS_5D,True,True,False,True,True,False,1h,NATIVE_BASE_FIXED,7,False,,,0.0,,,,,,,,False,behavior fingerprint unavailable,False,no npz,"{""BACKTEST_VALIDATED_GATES_TRADIER"":false,""BASE_TF"":""3m"",""BB_BREAKOUT_ENABLED"":false,""COOLDOWN_BARS"":0,""COOLDOWN_BARS_TRADIER"":0,""DC_BREAKOUT_ENTRY_ENABLED"":false,""DELTA_ENGINE_ENABLED"":true,""DELTA_MAX_HOLD_BARS"":1,""D_TREND_REQUIRED"":false,""EMA_TF_15M_ENABLED"":false,""EMA_TF_1H_ENABLED"":false,""EMA_TF_3M_ENABLED"":false,""EMA_TF_4H_ENABLED"":false,""EMA_TF_5M_ENABLED"":false,""EMA_TF_D_ENABLED"":false,""ENTRY_SCORE_THRESHOLD"":11.0,""HA_WICK_QUALITY_ENABLED"":true,""HA_WICK_QUALITY_SCORE"":7,""HA_WICK_QUALITY_TF"":""1h"",""HTF_ALIGNMENT_ENABLED"":false,""K3M_FLOOR"":0.0,""KINDERGARTEN_EMA_GATE_ENABLED"":false,""MACD_ZERO_CROSS_ENABLED"":false,""MFI_ENTRY_ENABLED"":false,""MIN_HOLD_BARS"":0,""MIN_HOLD_BARS_BEFORE_EXIT"":0,""MIN_HOLD_MINUTES_TRADIER"":0.0,""MTF_ARMED_WT_DIRECTION_SUSPEND_ENABLED"":false,""RSI2_MEAN_REVERSION_ENABLED"":false,""RSI_MACD_EMA_ENABLED"":false,""TRADIER_ENTRY_SCORE_THRESHOLD"":0,""TRIPLE_CONF_ENABLED"":false,""WT_DC_HTF_GATE"":""none"",""WT_TF_15M_ENABLED"":false,""WT_TF_1H_ENABLED"":false,""WT_TF_3M_ENABLED"":false,""WT_TF_4H_ENABLED"":false,""WT_TF_5M_ENABLED"":false,""WT_TF_D_ENABLED"":false}"
HA_WICK_QUALITY_SCORE,STRATEGY_CAUSAL,declared strategy/catalog/live-path setting,INVALID,15/15 invalid executions,ENGINE_AUTO_WIRED|FILTER|QUICK_CONFIG|RECENT_5D,DISCONNECTED_LIVE_PATHS|ENGINE_AUTO_WIRED|QUICK_CONFIG|RECENT_RESULTS_5D,True,True,False,True,True,False,4h,NATIVE_BASE_FIXED,15,False,,,0.0,,,,,,,,False,behavior fingerprint unavailable,False,no npz,"{""BACKTEST_VALIDATED_GATES_TRADIER"":false,""BASE_TF"":""3m"",""BB_BREAKOUT_ENABLED"":false,""COOLDOWN_BARS"":0,""COOLDOWN_BARS_TRADIER"":0,""DC_BREAKOUT_ENTRY_ENABLED"":false,""DELTA_ENGINE_ENABLED"":true,""DELTA_MAX_HOLD_BARS"":1,""D_TREND_REQUIRED"":false,""EMA_TF_15M_ENABLED"":false,""EMA_TF_1H_ENABLED"":false,""EMA_TF_3M_ENABLED"":false,""EMA_TF_4H_ENABLED"":false,""EMA_TF_5M_ENABLED"":false,""EMA_TF_D_ENABLED"":false,""ENTRY_SCORE_THRESHOLD"":7.5,""HA_WICK_QUALITY_ENABLED"":true,""HA_WICK_QUALITY_SCORE"":15,""HA_WICK_QUALITY_TF"":""4h"",""HTF_ALIGNMENT_ENABLED"":false,""K3M_FLOOR"":0.0,""KINDERGARTEN_EMA_GATE_ENABLED"":false,""MACD_ZERO_CROSS_ENABLED"":false,""MFI_ENTRY_ENABLED"":false,""MIN_HOLD_BARS"":0,""MIN_HOLD_BARS_BEFORE_EXIT"":0,""MIN_HOLD_MINUTES_TRADIER"":0.0,""MTF_ARMED_WT_DIRECTION_SUSPEND_ENABLED"":false,""RSI2_MEAN_REVERSION_ENABLED"":false,""RSI_MACD_EMA_ENABLED"":false,""TRADIER_ENTRY_SCORE_THRESHOLD"":0,""TRIPLE_CONF_ENABLED"":false,""WT_DC_HTF_GATE"":""none"",""WT_TF_15M_ENABLED"":false,""WT_TF_1H_ENABLED"":false,""WT_TF_3M_ENABLED"":false,""WT_TF_4H_ENABLED"":false,""WT_TF_5M_ENABLED"":false,""WT_TF_D_ENABLED"":false}"
HA_WICK_QUALITY_SCORE,STRATEGY_CAUSAL,declared strategy/catalog/live-path setting,INVALID,15/15 invalid executions,ENGINE_AUTO_WIRED|FILTER|QUICK_CONFIG|RECENT_5D,DISCONNECTED_LIVE_PATHS|ENGINE_AUTO_WIRED|QUICK_CONFIG|RECENT_RESULTS_5D,True,True,False,True,True,False,4h,NATIVE_BASE_FIXED,22,False,,,0.0,,,,,,,,False,behavior fingerprint unavailable,False,no npz,"{""BACKTEST_VALIDATED_GATES_TRADIER"":false,""BASE_TF"":""3m"",""BB_BREAKOUT_ENABLED"":false,""COOLDOWN_BARS"":0,""COOLDOWN_BARS_TRADIER"":0,""DC_BREAKOUT_ENTRY_ENABLED"":false,""DELTA_ENGINE_ENABLED"":true,""DELTA_MAX_HOLD_BARS"":1,""D_TREND_REQUIRED"":false,""EMA_TF_15M_ENABLED"":false,""EMA_TF_1H_ENABLED"":false,""EMA_TF_3M_ENABLED"":false,""EMA_TF_4H_ENABLED"":false,""EMA_TF_5M_ENABLED"":false,""EMA_TF_D_ENABLED"":false,""ENTRY_SCORE_THRESHOLD"":18.5,""HA_WICK_QUALITY_ENABLED"":true,""HA_WICK_QUALITY_SCORE"":22,""HA_WICK_QUALITY_TF"":""4h"",""HTF_ALIGNMENT_ENABLED"":false,""K3M_FLOOR"":0.0,""KINDERGARTEN_EMA_GATE_ENABLED"":false,""MACD_ZERO_CROSS_ENABLED"":false,""MFI_ENTRY_ENABLED"":false,""MIN_HOLD_BARS"":0,""MIN_HOLD_BARS_BEFORE_EXIT"":0,""MIN_HOLD_MINUTES_TRADIER"":0.0,""MTF_ARMED_WT_DIRECTION_SUSPEND_ENABLED"":false,""RSI2_MEAN_REVERSION_ENABLED"":false,""RSI_MACD_EMA_ENABLED"":false,""TRADIER_ENTRY_SCORE_THRESHOLD"":0,""TRIPLE_CONF_ENABLED"":false,""WT_DC_HTF_GATE"":""none"",""WT_TF_15M_ENABLED"":false,""WT_TF_1H_ENABLED"":false,""WT_TF_3M_ENABLED"":false,""WT_TF_4H_ENABLED"":false,""WT_TF_5M_ENABLED"":false,""WT_TF_D_ENABLED"":false}"
HA_WICK_QUALITY_SCORE,STRATEGY_CAUSAL,declared strategy/catalog/live-path setting,INVALID,15/15 invalid executions,ENGINE_AUTO_WIRED|FILTER|QUICK_CONFIG|RECENT_5D,DISCONNECTED_LIVE_PATHS|ENGINE_AUTO_WIRED|QUICK_CONFIG|RECENT_RESULTS_5D,True,True,False,True,True,False,4h,NATIVE_BASE_FIXED,7,False,,,0.0,,,,,,,,False,behavior fingerprint unavailable,False,no npz,"{""BACKTEST_VALIDATED_GATES_TRADIER"":false,""BASE_TF"":""3m"",""BB_BREAKOUT_ENABLED"":false,""COOLDOWN_BARS"":0,""COOLDOWN_BARS_TRADIER"":0,""DC_BREAKOUT_ENTRY_ENABLED"":false,""DELTA_ENGINE_ENABLED"":true,""DELTA_MAX_HOLD_BARS"":1,""D_TREND_REQUIRED"":false,""EMA_TF_15M_ENABLED"":false,""EMA_TF_1H_ENABLED"":false,""EMA_TF_3M_ENABLED"":false,""EMA_TF_4H_ENABLED"":false,""EMA_TF_5M_ENABLED"":false,""EMA_TF_D_ENABLED"":false,""ENTRY_SCORE_THRESHOLD"":11.0,""HA_WICK_QUALITY_ENABLED"":true,""HA_WICK_QUALITY_SCORE"":7,""HA_WICK_QUALITY_TF"":""4h"",""HTF_ALIGNMENT_ENABLED"":false,""K3M_FLOOR"":0.0,""KINDERGARTEN_EMA_GATE_ENABLED"":false,""MACD_ZERO_CROSS_ENABLED"":false,""MFI_ENTRY_ENABLED"":false,""MIN_HOLD_BARS"":0,""MIN_HOLD_BARS_BEFORE_EXIT"":0,""MIN_HOLD_MINUTES_TRADIER"":0.0,""MTF_ARMED_WT_DIRECTION_SUSPEND_ENABLED"":false,""RSI2_MEAN_REVERSION_ENABLED"":false,""RSI_MACD_EMA_ENABLED"":false,""TRADIER_ENTRY_SCORE_THRESHOLD"":0,""TRIPLE_CONF_ENABLED"":false,""WT_DC_HTF_GATE"":""none"",""WT_TF_15M_ENABLED"":false,""WT_TF_1H_ENABLED"":false,""WT_TF_3M_ENABLED"":false,""WT_TF_4H_ENABLED"":false,""WT_TF_5M_ENABLED"":false,""WT_TF_D_ENABLED"":false}"
HA_WICK_QUALITY_SCORE,STRATEGY_CAUSAL,declared strategy/catalog/live-path setting,INVALID,15/15 invalid executions,ENGINE_AUTO_WIRED|FILTER|QUICK_CONFIG|RECENT_5D,DISCONNECTED_LIVE_PATHS|ENGINE_AUTO_WIRED|QUICK_CONFIG|RECENT_RESULTS_5D,True,True,False,True,True,False,D,NATIVE_BASE_FIXED,15,False,,,0.0,,,,,,,,False,behavior fingerprint unavailable,False,no npz,"{""BACKTEST_VALIDATED_GATES_TRADIER"":false,""BASE_TF"":""3m"",""BB_BREAKOUT_ENABLED"":false,""COOLDOWN_BARS"":0,""COOLDOWN_BARS_TRADIER"":0,""DC_BREAKOUT_ENTRY_ENABLED"":false,""DELTA_ENGINE_ENABLED"":true,""DELTA_MAX_HOLD_BARS"":1,""D_TREND_REQUIRED"":false,""EMA_TF_15M_ENABLED"":false,""EMA_TF_1H_ENABLED"":false,""EMA_TF_3M_ENABLED"":false,""EMA_TF_4H_ENABLED"":false,""EMA_TF_5M_ENABLED"":false,""EMA_TF_D_ENABLED"":false,""ENTRY_SCORE_THRESHOLD"":7.5,""HA_WICK_QUALITY_ENABLED"":true,""HA_WICK_QUALITY_SCORE"":15,""HA_WICK_QUALITY_TF"":""D"",""HTF_ALIGNMENT_ENABLED"":false,""K3M_FLOOR"":0.0,""KINDERGARTEN_EMA_GATE_ENABLED"":false,""MACD_ZERO_CROSS_ENABLED"":false,""MFI_ENTRY_ENABLED"":false,""MIN_HOLD_BARS"":0,""MIN_HOLD_BARS_BEFORE_EXIT"":0,""MIN_HOLD_MINUTES_TRADIER"":0.0,""MTF_ARMED_WT_DIRECTION_SUSPEND_ENABLED"":false,""RSI2_MEAN_REVERSION_ENABLED"":false,""RSI_MACD_EMA_ENABLED"":false,""TRADIER_ENTRY_SCORE_THRESHOLD"":0,""TRIPLE_CONF_ENABLED"":false,""WT_DC_HTF_GATE"":""none"",""WT_TF_15M_ENABLED"":false,""WT_TF_1H_ENABLED"":false,""WT_TF_3M_ENABLED"":false,""WT_TF_4H_ENABLED"":false,""WT_TF_5M_ENABLED"":false,""WT_TF_D_ENABLED"":false}"
HA_WICK_QUALITY_SCORE,STRATEGY_CAUSAL,declared strategy/catalog/live-path setting,INVALID,15/15 invalid executions,ENGINE_AUTO_WIRED|FILTER|QUICK_CONFIG|RECENT_5D,DISCONNECTED_LIVE_PATHS|ENGINE_AUTO_WIRED|QUICK_CONFIG|RECENT_RESULTS_5D,True,True,False,True,True,False,D,NATIVE_BASE_FIXED,22,False,,,0.0,,,,,,,,False,behavior fingerprint unavailable,False,no npz,"{""BACKTEST_VALIDATED_GATES_TRADIER"":false,""BASE_TF"":""3m"",""BB_BREAKOUT_ENABLED"":false,""COOLDOWN_BARS"":0,""COOLDOWN_BARS_TRADIER"":0,""DC_BREAKOUT_ENTRY_ENABLED"":false,""DELTA_ENGINE_ENABLED"":true,""DELTA_MAX_HOLD_BARS"":1,""D_TREND_REQUIRED"":false,""EMA_TF_15M_ENABLED"":false,""EMA_TF_1H_ENABLED"":false,""EMA_TF_3M_ENABLED"":false,""EMA_TF_4H_ENABLED"":false,""EMA_TF_5M_ENABLED"":false,""EMA_TF_D_ENABLED"":false,""ENTRY_SCORE_THRESHOLD"":18.5,""HA_WICK_QUALITY_ENABLED"":true,""HA_WICK_QUALITY_SCORE"":22,""HA_WICK_QUALITY_TF"":""D"",""HTF_ALIGNMENT_ENABLED"":false,""K3M_FLOOR"":0.0,""KINDERGARTEN_EMA_GATE_ENABLED"":false,""MACD_ZERO_CROSS_ENABLED"":false,""MFI_ENTRY_ENABLED"":false,""MIN_HOLD_BARS"":0,""MIN_HOLD_BARS_BEFORE_EXIT"":0,""MIN_HOLD_MINUTES_TRADIER"":0.0,""MTF_ARMED_WT_DIRECTION_SUSPEND_ENABLED"":false,""RSI2_MEAN_REVERSION_ENABLED"":false,""RSI_MACD_EMA_ENABLED"":false,""TRADIER_ENTRY_SCORE_THRESHOLD"":0,""TRIPLE_CONF_ENABLED"":false,""WT_DC_HTF_GATE"":""none"",""WT_TF_15M_ENABLED"":false,""WT_TF_1H_ENABLED"":false,""WT_TF_3M_ENABLED"":false,""WT_TF_4H_ENABLED"":false,""WT_TF_5M_ENABLED"":false,""WT_TF_D_ENABLED"":false}"
HA_WICK_QUALITY_SCORE,STRATEGY_CAUSAL,declared strategy/catalog/live-path setting,INVALID,15/15 invalid executions,ENGINE_AUTO_WIRED|FILTER|QUICK_CONFIG|RECENT_5D,DISCONNECTED_LIVE_PATHS|ENGINE_AUTO_WIRED|QUICK_CONFIG|RECENT_RESULTS_5D,True,True,False,True,True,False,D,NATIVE_BASE_FIXED,7,False,,,0.0,,,,,,,,False,behavior fingerprint unavailable,False,no npz,"{""BACKTEST_VALIDATED_GATES_TRADIER"":false,""BASE_TF"":""3m"",""BB_BREAKOUT_ENABLED"":false,""COOLDOWN_BARS"":0,""COOLDOWN_BARS_TRADIER"":0,""DC_BREAKOUT_ENTRY_ENABLED"":false,""DELTA_ENGINE_ENABLED"":true,""DELTA_MAX_HOLD_BARS"":1,""D_TREND_REQUIRED"":false,""EMA_TF_15M_ENABLED"":false,""EMA_TF_1H_ENABLED"":false,""EMA_TF_3M_ENABLED"":false,""EMA_TF_4H_ENABLED"":false,""EMA_TF_5M_ENABLED"":false,""EMA_TF_D_ENABLED"":false,""ENTRY_SCORE_THRESHOLD"":11.0,""HA_WICK_QUALITY_ENABLED"":true,""HA_WICK_QUALITY_SCORE"":7,""HA_WICK_QUALITY_TF"":""D"",""HTF_ALIGNMENT_ENABLED"":false,""K3M_FLOOR"":0.0,""KINDERGARTEN_EMA_GATE_ENABLED"":false,""MACD_ZERO_CROSS_ENABLED"":false,""MFI_ENTRY_ENABLED"":false,""MIN_HOLD_BARS"":0,""MIN_HOLD_BARS_BEFORE_EXIT"":0,""MIN_HOLD_MINUTES_TRADIER"":0.0,""MTF_ARMED_WT_DIRECTION_SUSPEND_ENABLED"":false,""RSI2_MEAN_REVERSION_ENABLED"":false,""RSI_MACD_EMA_ENABLED"":false,""TRADIER_ENTRY_SCORE_THRESHOLD"":0,""TRIPLE_CONF_ENABLED"":false,""WT_DC_HTF_GATE"":""none"",""WT_TF_15M_ENABLED"":false,""WT_TF_1H_ENABLED"":false,""WT_TF_3M_ENABLED"":false,""WT_TF_4H_ENABLED"":false,""WT_TF_5M_ENABLED"":false,""WT_TF_D_ENABLED"":false}"
HA_WICK_QUALITY_TF,STRATEGY_CAUSAL,declared strategy/catalog/live-path setting,INVALID,5/5 invalid executions,ENGINE_AUTO_WIRED|FILTER|QUICK_CONFIG|RECENT_5D,DISCONNECTED_LIVE_PATHS|ENGINE_AUTO_WIRED|QUICK_CONFIG|RECENT_RESULTS_5D,True,True,False,True,True,False,3m,,"""3m""",False,,,0.0,,,,,,,,False,behavior fingerprint unavailable,False,no npz,"{""BACKTEST_VALIDATED_GATES_TRADIER"":false,""BASE_TF"":""3m"",""BB_BREAKOUT_ENABLED"":false,""COOLDOWN_BARS"":0,""COOLDOWN_BARS_TRADIER"":0,""DC_BREAKOUT_ENTRY_ENABLED"":false,""DELTA_ENGINE_ENABLED"":true,""DELTA_MAX_HOLD_BARS"":1,""D_TREND_REQUIRED"":false,""EMA_TF_15M_ENABLED"":false,""EMA_TF_1H_ENABLED"":false,""EMA_TF_3M_ENABLED"":false,""EMA_TF_4H_ENABLED"":false,""EMA_TF_5M_ENABLED"":false,""EMA_TF_D_ENABLED"":false,""ENTRY_SCORE_THRESHOLD"":7.5,""HA_WICK_QUALITY_ENABLED"":true,""HA_WICK_QUALITY_TF"":""3m"",""HTF_ALIGNMENT_ENABLED"":false,""K3M_FLOOR"":0.0,""KINDERGARTEN_EMA_GATE_ENABLED"":false,""MACD_ZERO_CROSS_ENABLED"":false,""MFI_ENTRY_ENABLED"":false,""MIN_HOLD_BARS"":0,""MIN_HOLD_BARS_BEFORE_EXIT"":0,""MIN_HOLD_MINUTES_TRADIER"":0.0,""MTF_ARMED_WT_DIRECTION_SUSPEND_ENABLED"":false,""RSI2_MEAN_REVERSION_ENABLED"":false,""RSI_MACD_EMA_ENABLED"":false,""TRADIER_ENTRY_SCORE_THRESHOLD"":0,""TRIPLE_CONF_ENABLED"":false,""WT_DC_HTF_GATE"":""none"",""WT_TF_15M_ENABLED"":false,""WT_TF_1H_ENABLED"":false,""WT_TF_3M_ENABLED"":false,""WT_TF_4H_ENABLED"":false,""WT_TF_5M_ENABLED"":false,""WT_TF_D_ENABLED"":false}"
HA_WICK_QUALITY_TF,STRATEGY_CAUSAL,declared strategy/catalog/live-path setting,INVALID,5/5 invalid executions,ENGINE_AUTO_WIRED|FILTER|QUICK_CONFIG|RECENT_5D,DISCONNECTED_LIVE_PATHS|ENGINE_AUTO_WIRED|QUICK_CONFIG|RECENT_RESULTS_5D,True,True,False,True,True,False,15m,,"""15m""",False,,,0.0,,,,,,,,False,behavior fingerprint unavailable,False,no npz,"{""BACKTEST_VALIDATED_GATES_TRADIER"":false,""BASE_TF"":""3m"",""BB_BREAKOUT_ENABLED"":false,""COOLDOWN_BARS"":0,""COOLDOWN_BARS_TRADIER"":0,""DC_BREAKOUT_ENTRY_ENABLED"":false,""DELTA_ENGINE_ENABLED"":true,""DELTA_MAX_HOLD_BARS"":1,""D_TREND_REQUIRED"":false,""EMA_TF_15M_ENABLED"":false,""EMA_TF_1H_ENABLED"":false,""EMA_TF_3M_ENABLED"":false,""EMA_TF_4H_ENABLED"":false,""EMA_TF_5M_ENABLED"":false,""EMA_TF_D_ENABLED"":false,""ENTRY_SCORE_THRESHOLD"":7.5,""HA_WICK_QUALITY_ENABLED"":true,""HA_WICK_QUALITY_TF"":""15m"",""HTF_ALIGNMENT_ENABLED"":false,""K3M_FLOOR"":0.0,""KINDERGARTEN_EMA_GATE_ENABLED"":false,""MACD_ZERO_CROSS_ENABLED"":false,""MFI_ENTRY_ENABLED"":false,""MIN_HOLD_BARS"":0,""MIN_HOLD_BARS_BEFORE_EXIT"":0,""MIN_HOLD_MINUTES_TRADIER"":0.0,""MTF_ARMED_WT_DIRECTION_SUSPEND_ENABLED"":false,""RSI2_MEAN_REVERSION_ENABLED"":false,""RSI_MACD_EMA_ENABLED"":false,""TRADIER_ENTRY_SCORE_THRESHOLD"":0,""TRIPLE_CONF_ENABLED"":false,""WT_DC_HTF_GATE"":""none"",""WT_TF_15M_ENABLED"":false,""WT_TF_1H_ENABLED"":false,""WT_TF_3M_ENABLED"":false,""WT_TF_4H_ENABLED"":false,""WT_TF_5M_ENABLED"":false,""WT_TF_D_ENABLED"":false}"
HA_WICK_QUALITY_TF,STRATEGY_CAUSAL,declared strategy/catalog/live-path setting,INVALID,5/5 invalid executions,ENGINE_AUTO_WIRED|FILTER|QUICK_CONFIG|RECENT_5D,DISCONNECTED_LIVE_PATHS|ENGINE_AUTO_WIRED|QUICK_CONFIG|RECENT_RESULTS_5D,True,True,False,True,True,False,1h,,"""1h""",False,,,0.0,,,,,,,,False,behavior fingerprint unavailable,False,no npz,"{""BACKTEST_VALIDATED_GATES_TRADIER"":false,""BASE_TF"":""3m"",""BB_BREAKOUT_ENABLED"":false,""COOLDOWN_BARS"":0,""COOLDOWN_BARS_TRADIER"":0,""DC_BREAKOUT_ENTRY_ENABLED"":false,""DELTA_ENGINE_ENABLED"":true,""DELTA_MAX_HOLD_BARS"":1,""D_TREND_REQUIRED"":false,""EMA_TF_15M_ENABLED"":false,""EMA_TF_1H_ENABLED"":false,""EMA_TF_3M_ENABLED"":false,""EMA_TF_4H_ENABLED"":false,""EMA_TF_5M_ENABLED"":false,""EMA_TF_D_ENABLED"":false,""ENTRY_SCORE_THRESHOLD"":7.5,""HA_WICK_QUALITY_ENABLED"":true,""HA_WICK_QUALITY_TF"":""1h"",""HTF_ALIGNMENT_ENABLED"":false,""K3M_FLOOR"":0.0,""KINDERGARTEN_EMA_GATE_ENABLED"":false,""MACD_ZERO_CROSS_ENABLED"":false,""MFI_ENTRY_ENABLED"":false,""MIN_HOLD_BARS"":0,""MIN_HOLD_BARS_BEFORE_EXIT"":0,""MIN_HOLD_MINUTES_TRADIER"":0.0,""MTF_ARMED_WT_DIRECTION_SUSPEND_ENABLED"":false,""RSI2_MEAN_REVERSION_ENABLED"":false,""RSI_MACD_EMA_ENABLED"":false,""TRADIER_ENTRY_SCORE_THRESHOLD"":0,""TRIPLE_CONF_ENABLED"":false,""WT_DC_HTF_GATE"":""none"",""WT_TF_15M_ENABLED"":false,""WT_TF_1H_ENABLED"":false,""WT_TF_3M_ENABLED"":false,""WT_TF_4H_ENABLED"":false,""WT_TF_5M_ENABLED"":false,""WT_TF_D_ENABLED"":false}"
HA_WICK_QUALITY_TF,STRATEGY_CAUSAL,declared strategy/catalog/live-path setting,INVALID,5/5 invalid executions,ENGINE_AUTO_WIRED|FILTER|QUICK_CONFIG|RECENT_5D,DISCONNECTED_LIVE_PATHS|ENGINE_AUTO_WIRED|QUICK_CONFIG|RECENT_RESULTS_5D,True,True,False,True,True,False,4h,,"""4h""",False,,,0.0,,,,,,,,False,behavior fingerprint unavailable,False,no npz,"{""BACKTEST_VALIDATED_GATES_TRADIER"":false,""BASE_TF"":""3m"",""BB_BREAKOUT_ENABLED"":false,""COOLDOWN_BARS"":0,""COOLDOWN_BARS_TRADIER"":0,""DC_BREAKOUT_ENTRY_ENABLED"":false,""DELTA_ENGINE_ENABLED"":true,""DELTA_MAX_HOLD_BARS"":1,""D_TREND_REQUIRED"":false,""EMA_TF_15M_ENABLED"":false,""EMA_TF_1H_ENABLED"":false,""EMA_TF_3M_ENABLED"":false,""EMA_TF_4H_ENABLED"":false,""EMA_TF_5M_ENABLED"":false,""EMA_TF_D_ENABLED"":false,""ENTRY_SCORE_THRESHOLD"":7.5,""HA_WICK_QUALITY_ENABLED"":true,""HA_WICK_QUALITY_TF"":""4h"",""HTF_ALIGNMENT_ENABLED"":false,""K3M_FLOOR"":0.0,""KINDERGARTEN_EMA_GATE_ENABLED"":false,""MACD_ZERO_CROSS_ENABLED"":false,""MFI_ENTRY_ENABLED"":false,""MIN_HOLD_BARS"":0,""MIN_HOLD_BARS_BEFORE_EXIT"":0,""MIN_HOLD_MINUTES_TRADIER"":0.0,""MTF_ARMED_WT_DIRECTION_SUSPEND_ENABLED"":false,""RSI2_MEAN_REVERSION_ENABLED"":false,""RSI_MACD_EMA_ENABLED"":false,""TRADIER_ENTRY_SCORE_THRESHOLD"":0,""TRIPLE_CONF_ENABLED"":false,""WT_DC_HTF_GATE"":""none"",""WT_TF_15M_ENABLED"":false,""WT_TF_1H_ENABLED"":false,""WT_TF_3M_ENABLED"":false,""WT_TF_4H_ENABLED"":false,""WT_TF_5M_ENABLED"":false,""WT_TF_D_ENABLED"":false}"
HA_WICK_QUALITY_TF,STRATEGY_CAUSAL,declared strategy/catalog/live-path setting,INVALID,5/5 invalid executions,ENGINE_AUTO_WIRED|FILTER|QUICK_CONFIG|RECENT_5D,DISCONNECTED_LIVE_PATHS|ENGINE_AUTO_WIRED|QUICK_CONFIG|RECENT_RESULTS_5D,True,True,False,True,True,False,D,,"""D""",False,,,0.0,,,,,,,,False,behavior fingerprint unavailable,False,no npz,"{""BACKTEST_VALIDATED_GATES_TRADIER"":false,""BASE_TF"":""3m"",""BB_BREAKOUT_ENABLED"":false,""COOLDOWN_BARS"":0,""COOLDOWN_BARS_TRADIER"":0,""DC_BREAKOUT_ENTRY_ENABLED"":false,""DELTA_ENGINE_ENABLED"":true,""DELTA_MAX_HOLD_BARS"":1,""D_TREND_REQUIRED"":false,""EMA_TF_15M_ENABLED"":false,""EMA_TF_1H_ENABLED"":false,""EMA_TF_3M_ENABLED"":false,""EMA_TF_4H_ENABLED"":false,""EMA_TF_5M_ENABLED"":false,""EMA_TF_D_ENABLED"":false,""ENTRY_SCORE_THRESHOLD"":7.5,""HA_WICK_QUALITY_ENABLED"":true,""HA_WICK_QUALITY_TF"":""D"",""HTF_ALIGNMENT_ENABLED"":false,""K3M_FLOOR"":0.0,""KINDERGARTEN_EMA_GATE_ENABLED"":false,""MACD_ZERO_CROSS_ENABLED"":false,""MFI_ENTRY_ENABLED"":false,""MIN_HOLD_BARS"":0,""MIN_HOLD_BARS_BEFORE_EXIT"":0,""MIN_HOLD_MINUTES_TRADIER"":0.0,""MTF_ARMED_WT_DIRECTION_SUSPEND_ENABLED"":false,""RSI2_MEAN_REVERSION_ENABLED"":false,""RSI_MACD_EMA_ENABLED"":false,""TRADIER_ENTRY_SCORE_THRESHOLD"":0,""TRIPLE_CONF_ENABLED"":false,""WT_DC_HTF_GATE"":""none"",""WT_TF_15M_ENABLED"":false,""WT_TF_1H_ENABLED"":false,""WT_TF_3M_ENABLED"":false,""WT_TF_4H_ENABLED"":false,""WT_TF_5M_ENABLED"":false,""WT_TF_D_ENABLED"":false}"
MACD_ZERO_CROSS_ENABLED,STRATEGY_CAUSAL,declared strategy/catalog/live-path setting,INVALID,10/10 invalid executions,ENGINE_AUTO_WIRED|ENTRY|QUICK_CONFIG|RECENT_5D,DISCONNECTED_LIVE_PATHS|ENGINE_AUTO_WIRED|QUICK_CONFIG|RECENT_RESULTS_5D,True,True,True,True,True,False,3m,NATIVE_BASE_FIXED,false,False,,,0.0,,,,,,,,False,behavior fingerprint unavailable,False,no npz,"{""BACKTEST_VALIDATED_GATES_TRADIER"":false,""BASE_TF"":""3m"",""BB_BREAKOUT_ENABLED"":false,""COOLDOWN_BARS"":0,""COOLDOWN_BARS_TRADIER"":0,""DC_BREAKOUT_ENTRY_ENABLED"":false,""DELTA_ENGINE_ENABLED"":true,""DELTA_MAX_HOLD_BARS"":1,""D_TREND_REQUIRED"":false,""EMA_TF_15M_ENABLED"":false,""EMA_TF_1H_ENABLED"":false,""EMA_TF_3M_ENABLED"":false,""EMA_TF_4H_ENABLED"":false,""EMA_TF_5M_ENABLED"":false,""EMA_TF_D_ENABLED"":false,""ENTRY_SCORE_THRESHOLD"":7.5,""HA_WICK_QUALITY_ENABLED"":false,""HTF_ALIGNMENT_ENABLED"":false,""K3M_FLOOR"":0.0,""KINDERGARTEN_EMA_GATE_ENABLED"":false,""MACD_ZERO_CROSS_ENABLED"":false,""MACD_ZERO_CROSS_TF"":""3m"",""MFI_ENTRY_ENABLED"":false,""MIN_HOLD_BARS"":0,""MIN_HOLD_BARS_BEFORE_EXIT"":0,""MIN_HOLD_MINUTES_TRADIER"":0.0,""MTF_ARMED_WT_DIRECTION_SUSPEND_ENABLED"":false,""RSI2_MEAN_REVERSION_ENABLED"":false,""RSI_MACD_EMA_ENABLED"":false,""TRADIER_ENTRY_SCORE_THRESHOLD"":0,""TRIPLE_CONF_ENABLED"":false,""WT_DC_HTF_GATE"":""none"",""WT_TF_15M_ENABLED"":false,""WT_TF_1H_ENABLED"":false,""WT_TF_3M_ENABLED"":false,""WT_TF_4H_ENABLED"":false,""WT_TF_5M_ENABLED"":false,""WT_TF_D_ENABLED"":false}"
MACD_ZERO_CROSS_ENABLED,STRATEGY_CAUSAL,declared strategy/catalog/live-path setting,INVALID,10/10 invalid executions,ENGINE_AUTO_WIRED|ENTRY|QUICK_CONFIG|RECENT_5D,DISCONNECTED_LIVE_PATHS|ENGINE_AUTO_WIRED|QUICK_CONFIG|RECENT_RESULTS_5D,True,True,True,True,True,False,3m,NATIVE_BASE_FIXED,true,False,,,0.0,,,,,,,,False,behavior fingerprint unavailable,False,no npz,"{""BACKTEST_VALIDATED_GATES_TRADIER"":false,""BASE_TF"":""3m"",""BB_BREAKOUT_ENABLED"":false,""COOLDOWN_BARS"":0,""COOLDOWN_BARS_TRADIER"":0,""DC_BREAKOUT_ENTRY_ENABLED"":false,""DELTA_ENGINE_ENABLED"":true,""DELTA_MAX_HOLD_BARS"":1,""D_TREND_REQUIRED"":false,""EMA_TF_15M_ENABLED"":false,""EMA_TF_1H_ENABLED"":false,""EMA_TF_3M_ENABLED"":false,""EMA_TF_4H_ENABLED"":false,""EMA_TF_5M_ENABLED"":false,""EMA_TF_D_ENABLED"":false,""ENTRY_SCORE_THRESHOLD"":7.5,""HA_WICK_QUALITY_ENABLED"":false,""HTF_ALIGNMENT_ENABLED"":false,""K3M_FLOOR"":0.0,""KINDERGARTEN_EMA_GATE_ENABLED"":false,""MACD_ZERO_CROSS_ENABLED"":true,""MACD_ZERO_CROSS_TF"":""3m"",""MFI_ENTRY_ENABLED"":false,""MIN_HOLD_BARS"":0,""MIN_HOLD_BARS_BEFORE_EXIT"":0,""MIN_HOLD_MINUTES_TRADIER"":0.0,""MTF_ARMED_WT_DIRECTION_SUSPEND_ENABLED"":false,""RSI2_MEAN_REVERSION_ENABLED"":false,""RSI_MACD_EMA_ENABLED"":false,""TRADIER_ENTRY_SCORE_THRESHOLD"":0,""TRIPLE_CONF_ENABLED"":false,""WT_DC_HTF_GATE"":""none"",""WT_TF_15M_ENABLED"":false,""WT_TF_1H_ENABLED"":false,""WT_TF_3M_ENABLED"":false,""WT_TF_4H_ENABLED"":false,""WT_TF_5M_ENABLED"":false,""WT_TF_D_ENABLED"":false}"
MACD_ZERO_CROSS_ENABLED,STRATEGY_CAUSAL,declared strategy/catalog/live-path setting,INVALID,10/10 invalid executions,ENGINE_AUTO_WIRED|ENTRY|QUICK_CONFIG|RECENT_5D,DISCONNECTED_LIVE_PATHS|ENGINE_AUTO_WIRED|QUICK_CONFIG|RECENT_RESULTS_5D,True,True,True,True,True,False,15m,NATIVE_BASE_FIXED,false,False,,,0.0,,,,,,,,False,behavior fingerprint unavailable,False,no npz,"{""BACKTEST_VALIDATED_GATES_TRADIER"":false,""BASE_TF"":""3m"",""BB_BREAKOUT_ENABLED"":false,""COOLDOWN_BARS"":0,""COOLDOWN_BARS_TRADIER"":0,""DC_BREAKOUT_ENTRY_ENABLED"":false,""DELTA_ENGINE_ENABLED"":true,""DELTA_MAX_HOLD_BARS"":1,""D_TREND_REQUIRED"":false,""EMA_TF_15M_ENABLED"":false,""EMA_TF_1H_ENABLED"":false,""EMA_TF_3M_ENABLED"":false,""EMA_TF_4H_ENABLED"":false,""EMA_TF_5M_ENABLED"":false,""EMA_TF_D_ENABLED"":false,""ENTRY_SCORE_THRESHOLD"":7.5,""HA_WICK_QUALITY_ENABLED"":false,""HTF_ALIGNMENT_ENABLED"":false,""K3M_FLOOR"":0.0,""KINDERGARTEN_EMA_GATE_ENABLED"":false,""MACD_ZERO_CROSS_ENABLED"":false,""MACD_ZERO_CROSS_TF"":""15m"",""MFI_ENTRY_ENABLED"":false,""MIN_HOLD_BARS"":0,""MIN_HOLD_BARS_BEFORE_EXIT"":0,""MIN_HOLD_MINUTES_TRADIER"":0.0,""MTF_ARMED_WT_DIRECTION_SUSPEND_ENABLED"":false,""RSI2_MEAN_REVERSION_ENABLED"":false,""RSI_MACD_EMA_ENABLED"":false,""TRADIER_ENTRY_SCORE_THRESHOLD"":0,""TRIPLE_CONF_ENABLED"":false,""WT_DC_HTF_GATE"":""none"",""WT_TF_15M_ENABLED"":false,""WT_TF_1H_ENABLED"":false,""WT_TF_3M_ENABLED"":false,""WT_TF_4H_ENABLED"":false,""WT_TF_5M_ENABLED"":false,""WT_TF_D_ENABLED"":false}"
MACD_ZERO_CROSS_ENABLED,STRATEGY_CAUSAL,declared strategy/catalog/live-path setting,INVALID,10/10 invalid executions,ENGINE_AUTO_WIRED|ENTRY|QUICK_CONFIG|RECENT_5D,DISCONNECTED_LIVE_PATHS|ENGINE_AUTO_WIRED|QUICK_CONFIG|RECENT_RESULTS_5D,True,True,True,True,True,False,15m,NATIVE_BASE_FIXED,true,False,,,0.0,,,,,,,,False,behavior fingerprint unavailable,False,no npz,"{""BACKTEST_VALIDATED_GATES_TRADIER"":false,""BASE_TF"":""3m"",""BB_BREAKOUT_ENABLED"":false,""COOLDOWN_BARS"":0,""COOLDOWN_BARS_TRADIER"":0,""DC_BREAKOUT_ENTRY_ENABLED"":false,""DELTA_ENGINE_ENABLED"":true,""DELTA_MAX_HOLD_BARS"":1,""D_TREND_REQUIRED"":false,""EMA_TF_15M_ENABLED"":false,""EMA_TF_1H_ENABLED"":false,""EMA_TF_3M_ENABLED"":false,""EMA_TF_4H_ENABLED"":false,""EMA_TF_5M_ENABLED"":false,""EMA_TF_D_ENABLED"":false,""ENTRY_SCORE_THRESHOLD"":7.5,""HA_WICK_QUALITY_ENABLED"":false,""HTF_ALIGNMENT_ENABLED"":false,""K3M_FLOOR"":0.0,""KINDERGARTEN_EMA_GATE_ENABLED"":false,""MACD_ZERO_CROSS_ENABLED"":true,""MACD_ZERO_CROSS_TF"":""15m"",""MFI_ENTRY_ENABLED"":false,""MIN_HOLD_BARS"":0,""MIN_HOLD_BARS_BEFORE_EXIT"":0,""MIN_HOLD_MINUTES_TRADIER"":0.0,""MTF_ARMED_WT_DIRECTION_SUSPEND_ENABLED"":false,""RSI2_MEAN_REVERSION_ENABLED"":false,""RSI_MACD_EMA_ENABLED"":false,""TRADIER_ENTRY_SCORE_THRESHOLD"":0,""TRIPLE_CONF_ENABLED"":false,""WT_DC_HTF_GATE"":""none"",""WT_TF_15M_ENABLED"":false,""WT_TF_1H_ENABLED"":false,""WT_TF_3M_ENABLED"":false,""WT_TF_4H_ENABLED"":false,""WT_TF_5M_ENABLED"":false,""WT_TF_D_ENABLED"":false}"
MACD_ZERO_CROSS_ENABLED,STRATEGY_CAUSAL,declared strategy/catalog/live-path setting,INVALID,10/10 invalid executions,ENGINE_AUTO_WIRED|ENTRY|QUICK_CONFIG|RECENT_5D,DISCONNECTED_LIVE_PATHS|ENGINE_AUTO_WIRED|QUICK_CONFIG|RECENT_RESULTS_5D,True,True,True,True,True,False,1h,NATIVE_BASE_FIXED,false,False,,,0.0,,,,,,,,False,behavior fingerprint unavailable,False,no npz,"{""BACKTEST_VALIDATED_GATES_TRADIER"":false,""BASE_TF"":""3m"",""BB_BREAKOUT_ENABLED"":false,""COOLDOWN_BARS"":0,""COOLDOWN_BARS_TRADIER"":0,""DC_BREAKOUT_ENTRY_ENABLED"":false,""DELTA_ENGINE_ENABLED"":true,""DELTA_MAX_HOLD_BARS"":1,""D_TREND_REQUIRED"":false,""EMA_TF_15M_ENABLED"":false,""EMA_TF_1H_ENABLED"":false,""EMA_TF_3M_ENABLED"":false,""EMA_TF_4H_ENABLED"":false,""EMA_TF_5M_ENABLED"":false,""EMA_TF_D_ENABLED"":false,""ENTRY_SCORE_THRESHOLD"":7.5,""HA_WICK_QUALITY_ENABLED"":false,""HTF_ALIGNMENT_ENABLED"":false,""K3M_FLOOR"":0.0,""KINDERGARTEN_EMA_GATE_ENABLED"":false,""MACD_ZERO_CROSS_ENABLED"":false,""MACD_ZERO_CROSS_TF"":""1h"",""MFI_ENTRY_ENABLED"":false,""MIN_HOLD_BARS"":0,""MIN_HOLD_BARS_BEFORE_EXIT"":0,""MIN_HOLD_MINUTES_TRADIER"":0.0,""MTF_ARMED_WT_DIRECTION_SUSPEND_ENABLED"":false,""RSI2_MEAN_REVERSION_ENABLED"":false,""RSI_MACD_EMA_ENABLED"":false,""TRADIER_ENTRY_SCORE_THRESHOLD"":0,""TRIPLE_CONF_ENABLED"":false,""WT_DC_HTF_GATE"":""none"",""WT_TF_15M_ENABLED"":false,""WT_TF_1H_ENABLED"":false,""WT_TF_3M_ENABLED"":false,""WT_TF_4H_ENABLED"":false,""WT_TF_5M_ENABLED"":false,""WT_TF_D_ENABLED"":false}"
MACD_ZERO_CROSS_ENABLED,STRATEGY_CAUSAL,declared strategy/catalog/live-path setting,INVALID,10/10 invalid executions,ENGINE_AUTO_WIRED|ENTRY|QUICK_CONFIG|RECENT_5D,DISCONNECTED_LIVE_PATHS|ENGINE_AUTO_WIRED|QUICK_CONFIG|RECENT_RESULTS_5D,True,True,True,True,True,False,1h,NATIVE_BASE_FIXED,true,False,,,0.0,,,,,,,,False,behavior fingerprint unavailable,False,no npz,"{""BACKTEST_VALIDATED_GATES_TRADIER"":false,""BASE_TF"":""3m"",""BB_BREAKOUT_ENABLED"":false,""COOLDOWN_BARS"":0,""COOLDOWN_BARS_TRADIER"":0,""DC_BREAKOUT_ENTRY_ENABLED"":false,""DELTA_ENGINE_ENABLED"":true,""DELTA_MAX_HOLD_BARS"":1,""D_TREND_REQUIRED"":false,""EMA_TF_15M_ENABLED"":false,""EMA_TF_1H_ENABLED"":false,""EMA_TF_3M_ENABLED"":false,""EMA_TF_4H_ENABLED"":false,""EMA_TF_5M_ENABLED"":false,""EMA_TF_D_ENABLED"":false,""ENTRY_SCORE_THRESHOLD"":7.5,""HA_WICK_QUALITY_ENABLED"":false,""HTF_ALIGNMENT_ENABLED"":false,""K3M_FLOOR"":0.0,""KINDERGARTEN_EMA_GATE_ENABLED"":false,""MACD_ZERO_CROSS_ENABLED"":true,""MACD_ZERO_CROSS_TF"":""1h"",""MFI_ENTRY_ENABLED"":false,""MIN_HOLD_BARS"":0,""MIN_HOLD_BARS_BEFORE_EXIT"":0,""MIN_HOLD_MINUTES_TRADIER"":0.0,""MTF_ARMED_WT_DIRECTION_SUSPEND_ENABLED"":false,""RSI2_MEAN_REVERSION_ENABLED"":false,""RSI_MACD_EMA_ENABLED"":false,""TRADIER_ENTRY_SCORE_THRESHOLD"":0,""TRIPLE_CONF_ENABLED"":false,""WT_DC_HTF_GATE"":""none"",""WT_TF_15M_ENABLED"":false,""WT_TF_1H_ENABLED"":false,""WT_TF_3M_ENABLED"":false,""WT_TF_4H_ENABLED"":false,""WT_TF_5M_ENABLED"":false,""WT_TF_D_ENABLED"":false}"
MACD_ZERO_CROSS_ENABLED,STRATEGY_CAUSAL,declared strategy/catalog/live-path setting,INVALID,10/10 invalid executions,ENGINE_AUTO_WIRED|ENTRY|QUICK_CONFIG|RECENT_5D,DISCONNECTED_LIVE_PATHS|ENGINE_AUTO_WIRED|QUICK_CONFIG|RECENT_RESULTS_5D,True,True,True,True,True,False,4h,NATIVE_BASE_FIXED,false,False,,,0.0,,,,,,,,False,behavior fingerprint unavailable,False,no npz,"{""BACKTEST_VALIDATED_GATES_TRADIER"":false,""BASE_TF"":""3m"",""BB_BREAKOUT_ENABLED"":false,""COOLDOWN_BARS"":0,""COOLDOWN_BARS_TRADIER"":0,""DC_BREAKOUT_ENTRY_ENABLED"":false,""DELTA_ENGINE_ENABLED"":true,""DELTA_MAX_HOLD_BARS"":1,""D_TREND_REQUIRED"":false,""EMA_TF_15M_ENABLED"":false,""EMA_TF_1H_ENABLED"":false,""EMA_TF_3M_ENABLED"":false,""EMA_TF_4H_ENABLED"":false,""EMA_TF_5M_ENABLED"":false,""EMA_TF_D_ENABLED"":false,""ENTRY_SCORE_THRESHOLD"":7.5,""HA_WICK_QUALITY_ENABLED"":false,""HTF_ALIGNMENT_ENABLED"":false,""K3M_FLOOR"":0.0,""KINDERGARTEN_EMA_GATE_ENABLED"":false,""MACD_ZERO_CROSS_ENABLED"":false,""MACD_ZERO_CROSS_TF"":""4h"",""MFI_ENTRY_ENABLED"":false,""MIN_HOLD_BARS"":0,""MIN_HOLD_BARS_BEFORE_EXIT"":0,""MIN_HOLD_MINUTES_TRADIER"":0.0,""MTF_ARMED_WT_DIRECTION_SUSPEND_ENABLED"":false,""RSI2_MEAN_REVERSION_ENABLED"":false,""RSI_MACD_EMA_ENABLED"":false,""TRADIER_ENTRY_SCORE_THRESHOLD"":0,""TRIPLE_CONF_ENABLED"":false,""WT_DC_HTF_GATE"":""none"",""WT_TF_15M_ENABLED"":false,""WT_TF_1H_ENABLED"":false,""WT_TF_3M_ENABLED"":false,""WT_TF_4H_ENABLED"":false,""WT_TF_5M_ENABLED"":false,""WT_TF_D_ENABLED"":false}"
MACD_ZERO_CROSS_ENABLED,STRATEGY_CAUSAL,declared strategy/catalog/live-path setting,INVALID,10/10 invalid executions,ENGINE_AUTO_WIRED|ENTRY|QUICK_CONFIG|RECENT_5D,DISCONNECTED_LIVE_PATHS|ENGINE_AUTO_WIRED|QUICK_CONFIG|RECENT_RESULTS_5D,True,True,True,True,True,False,4h,NATIVE_BASE_FIXED,true,False,,,0.0,,,,,,,,False,behavior fingerprint unavailable,False,no npz,"{""BACKTEST_VALIDATED_GATES_TRADIER"":false,""BASE_TF"":""3m"",""BB_BREAKOUT_ENABLED"":false,""COOLDOWN_BARS"":0,""COOLDOWN_BARS_TRADIER"":0,""DC_BREAKOUT_ENTRY_ENABLED"":false,""DELTA_ENGINE_ENABLED"":true,""DELTA_MAX_HOLD_BARS"":1,""D_TREND_REQUIRED"":false,""EMA_TF_15M_ENABLED"":false,""EMA_TF_1H_ENABLED"":false,""EMA_TF_3M_ENABLED"":false,""EMA_TF_4H_ENABLED"":false,""EMA_TF_5M_ENABLED"":false,""EMA_TF_D_ENABLED"":false,""ENTRY_SCORE_THRESHOLD"":7.5,""HA_WICK_QUALITY_ENABLED"":false,""HTF_ALIGNMENT_ENABLED"":false,""K3M_FLOOR"":0.0,""KINDERGARTEN_EMA_GATE_ENABLED"":false,""MACD_ZERO_CROSS_ENABLED"":true,""MACD_ZERO_CROSS_TF"":""4h"",""MFI_ENTRY_ENABLED"":false,""MIN_HOLD_BARS"":0,""MIN_HOLD_BARS_BEFORE_EXIT"":0,""MIN_HOLD_MINUTES_TRADIER"":0.0,""MTF_ARMED_WT_DIRECTION_SUSPEND_ENABLED"":false,""RSI2_MEAN_REVERSION_ENABLED"":false,""RSI_MACD_EMA_ENABLED"":false,""TRADIER_ENTRY_SCORE_THRESHOLD"":0,""TRIPLE_CONF_ENABLED"":false,""WT_DC_HTF_GATE"":""none"",""WT_TF_15M_ENABLED"":false,""WT_TF_1H_ENABLED"":false,""WT_TF_3M_ENABLED"":false,""WT_TF_4H_ENABLED"":false,""WT_TF_5M_ENABLED"":false,""WT_TF_D_ENABLED"":false}"
MACD_ZERO_CROSS_ENABLED,STRATEGY_CAUSAL,declared strategy/catalog/live-path setting,INVALID,10/10 invalid executions,ENGINE_AUTO_WIRED|ENTRY|QUICK_CONFIG|RECENT_5D,DISCONNECTED_LIVE_PATHS|ENGINE_AUTO_WIRED|QUICK_CONFIG|RECENT_RESULTS_5D,True,True,True,True,True,False,D,NATIVE_BASE_FIXED,false,False,,,0.0,,,,,,,,False,behavior fingerprint unavailable,False,no npz,"{""BACKTEST_VALIDATED_GATES_TRADIER"":false,""BASE_TF"":""3m"",""BB_BREAKOUT_ENABLED"":false,""COOLDOWN_BARS"":0,""COOLDOWN_BARS_TRADIER"":0,""DC_BREAKOUT_ENTRY_ENABLED"":false,""DELTA_ENGINE_ENABLED"":true,""DELTA_MAX_HOLD_BARS"":1,""D_TREND_REQUIRED"":false,""EMA_TF_15M_ENABLED"":false,""EMA_TF_1H_ENABLED"":false,""EMA_TF_3M_ENABLED"":false,""EMA_TF_4H_ENABLED"":false,""EMA_TF_5M_ENABLED"":false,""EMA_TF_D_ENABLED"":false,""ENTRY_SCORE_THRESHOLD"":7.5,""HA_WICK_QUALITY_ENABLED"":false,""HTF_ALIGNMENT_ENABLED"":false,""K3M_FLOOR"":0.0,""KINDERGARTEN_EMA_GATE_ENABLED"":false,""MACD_ZERO_CROSS_ENABLED"":false,""MACD_ZERO_CROSS_TF"":""D"",""MFI_ENTRY_ENABLED"":false,""MIN_HOLD_BARS"":0,""MIN_HOLD_BARS_BEFORE_EXIT"":0,""MIN_HOLD_MINUTES_TRADIER"":0.0,""MTF_ARMED_WT_DIRECTION_SUSPEND_ENABLED"":false,""RSI2_MEAN_REVERSION_ENABLED"":false,""RSI_MACD_EMA_ENABLED"":false,""TRADIER_ENTRY_SCORE_THRESHOLD"":0,""TRIPLE_CONF_ENABLED"":false,""WT_DC_HTF_GATE"":""none"",""WT_TF_15M_ENABLED"":false,""WT_TF_1H_ENABLED"":false,""WT_TF_3M_ENABLED"":false,""WT_TF_4H_ENABLED"":false,""WT_TF_5M_ENABLED"":false,""WT_TF_D_ENABLED"":false}"
MACD_ZERO_CROSS_ENABLED,STRATEGY_CAUSAL,declared strategy/catalog/live-path setting,INVALID,10/10 invalid executions,ENGINE_AUTO_WIRED|ENTRY|QUICK_CONFIG|RECENT_5D,DISCONNECTED_LIVE_PATHS|ENGINE_AUTO_WIRED|QUICK_CONFIG|RECENT_RESULTS_5D,True,True,True,True,True,False,D,NATIVE_BASE_FIXED,true,False,,,0.0,,,,,,,,False,behavior fingerprint unavailable,False,no npz,"{""BACKTEST_VALIDATED_GATES_TRADIER"":false,""BASE_TF"":""3m"",""BB_BREAKOUT_ENABLED"":false,""COOLDOWN_BARS"":0,""COOLDOWN_BARS_TRADIER"":0,""DC_BREAKOUT_ENTRY_ENABLED"":false,""DELTA_ENGINE_ENABLED"":true,""DELTA_MAX_HOLD_BARS"":1,""D_TREND_REQUIRED"":false,""EMA_TF_15M_ENABLED"":false,""EMA_TF_1H_ENABLED"":false,""EMA_TF_3M_ENABLED"":false,""EMA_TF_4H_ENABLED"":false,""EMA_TF_5M_ENABLED"":false,""EMA_TF_D_ENABLED"":false,""ENTRY_SCORE_THRESHOLD"":7.5,""HA_WICK_QUALITY_ENABLED"":false,""HTF_ALIGNMENT_ENABLED"":false,""K3M_FLOOR"":0.0,""KINDERGARTEN_EMA_GATE_ENABLED"":false,""MACD_ZERO_CROSS_ENABLED"":true,""MACD_ZERO_CROSS_TF"":""D"",""MFI_ENTRY_ENABLED"":false,""MIN_HOLD_BARS"":0,""MIN_HOLD_BARS_BEFORE_EXIT"":0,""MIN_HOLD_MINUTES_TRADIER"":0.0,""MTF_ARMED_WT_DIRECTION_SUSPEND_ENABLED"":false,""RSI2_MEAN_REVERSION_ENABLED"":false,""RSI_MACD_EMA_ENABLED"":false,""TRADIER_ENTRY_SCORE_THRESHOLD"":0,""TRIPLE_CONF_ENABLED"":false,""WT_DC_HTF_GATE"":""none"",""WT_TF_15M_ENABLED"":false,""WT_TF_1H_ENABLED"":false,""WT_TF_3M_ENABLED"":false,""WT_TF_4H_ENABLED"":false,""WT_TF_5M_ENABLED"":false,""WT_TF_D_ENABLED"":false}"
MACD_ZERO_CROSS_SCORE,STRATEGY_CAUSAL,declared strategy/catalog/live-path setting,INVALID,10/10 invalid executions,ENGINE_AUTO_WIRED|ENTRY|QUICK_CONFIG|RECENT_5D,DISCONNECTED_LIVE_PATHS|ENGINE_AUTO_WIRED|QUICK_CONFIG|RECENT_RESULTS_5D,True,True,False,True,True,False,3m,NATIVE_BASE_FIXED,15,False,,,0.0,,,,,,,,False,behavior fingerprint unavailable,False,no npz,"{""BACKTEST_VALIDATED_GATES_TRADIER"":false,""BASE_TF"":""3m"",""BB_BREAKOUT_ENABLED"":false,""COOLDOWN_BARS"":0,""COOLDOWN_BARS_TRADIER"":0,""DC_BREAKOUT_ENTRY_ENABLED"":false,""DELTA_ENGINE_ENABLED"":true,""DELTA_MAX_HOLD_BARS"":1,""D_TREND_REQUIRED"":false,""EMA_TF_15M_ENABLED"":false,""EMA_TF_1H_ENABLED"":false,""EMA_TF_3M_ENABLED"":false,""EMA_TF_4H_ENABLED"":false,""EMA_TF_5M_ENABLED"":false,""EMA_TF_D_ENABLED"":false,""ENTRY_SCORE_THRESHOLD"":7.5,""HA_WICK_QUALITY_ENABLED"":false,""HTF_ALIGNMENT_ENABLED"":false,""K3M_FLOOR"":0.0,""KINDERGARTEN_EMA_GATE_ENABLED"":false,""MACD_ZERO_CROSS_ENABLED"":true,""MACD_ZERO_CROSS_SCORE"":15,""MACD_ZERO_CROSS_TF"":""3m"",""MFI_ENTRY_ENABLED"":false,""MIN_HOLD_BARS"":0,""MIN_HOLD_BARS_BEFORE_EXIT"":0,""MIN_HOLD_MINUTES_TRADIER"":0.0,""MTF_ARMED_WT_DIRECTION_SUSPEND_ENABLED"":false,""RSI2_MEAN_REVERSION_ENABLED"":false,""RSI_MACD_EMA_ENABLED"":false,""TRADIER_ENTRY_SCORE_THRESHOLD"":0,""TRIPLE_CONF_ENABLED"":false,""WT_DC_HTF_GATE"":""none"",""WT_TF_15M_ENABLED"":false,""WT_TF_1H_ENABLED"":false,""WT_TF_3M_ENABLED"":false,""WT_TF_4H_ENABLED"":false,""WT_TF_5M_ENABLED"":false,""WT_TF_D_ENABLED"":false}"
MACD_ZERO_CROSS_SCORE,STRATEGY_CAUSAL,declared strategy/catalog/live-path setting,INVALID,10/10 invalid executions,ENGINE_AUTO_WIRED|ENTRY|QUICK_CONFIG|RECENT_5D,DISCONNECTED_LIVE_PATHS|ENGINE_AUTO_WIRED|QUICK_CONFIG|RECENT_RESULTS_5D,True,True,False,True,True,False,3m,NATIVE_BASE_FIXED,22,False,,,0.0,,,,,,,,False,behavior fingerprint unavailable,False,no npz,"{""BACKTEST_VALIDATED_GATES_TRADIER"":false,""BASE_TF"":""3m"",""BB_BREAKOUT_ENABLED"":false,""COOLDOWN_BARS"":0,""COOLDOWN_BARS_TRADIER"":0,""DC_BREAKOUT_ENTRY_ENABLED"":false,""DELTA_ENGINE_ENABLED"":true,""DELTA_MAX_HOLD_BARS"":1,""D_TREND_REQUIRED"":false,""EMA_TF_15M_ENABLED"":false,""EMA_TF_1H_ENABLED"":false,""EMA_TF_3M_ENABLED"":false,""EMA_TF_4H_ENABLED"":false,""EMA_TF_5M_ENABLED"":false,""EMA_TF_D_ENABLED"":false,""ENTRY_SCORE_THRESHOLD"":18.5,""HA_WICK_QUALITY_ENABLED"":false,""HTF_ALIGNMENT_ENABLED"":false,""K3M_FLOOR"":0.0,""KINDERGARTEN_EMA_GATE_ENABLED"":false,""MACD_ZERO_CROSS_ENABLED"":true,""MACD_ZERO_CROSS_SCORE"":22,""MACD_ZERO_CROSS_TF"":""3m"",""MFI_ENTRY_ENABLED"":false,""MIN_HOLD_BARS"":0,""MIN_HOLD_BARS_BEFORE_EXIT"":0,""MIN_HOLD_MINUTES_TRADIER"":0.0,""MTF_ARMED_WT_DIRECTION_SUSPEND_ENABLED"":false,""RSI2_MEAN_REVERSION_ENABLED"":false,""RSI_MACD_EMA_ENABLED"":false,""TRADIER_ENTRY_SCORE_THRESHOLD"":0,""TRIPLE_CONF_ENABLED"":false,""WT_DC_HTF_GATE"":""none"",""WT_TF_15M_ENABLED"":false,""WT_TF_1H_ENABLED"":false,""WT_TF_3M_ENABLED"":false,""WT_TF_4H_ENABLED"":false,""WT_TF_5M_ENABLED"":false,""WT_TF_D_ENABLED"":false}"
MACD_ZERO_CROSS_SCORE,STRATEGY_CAUSAL,declared strategy/catalog/live-path setting,INVALID,10/10 invalid executions,ENGINE_AUTO_WIRED|ENTRY|QUICK_CONFIG|RECENT_5D,DISCONNECTED_LIVE_PATHS|ENGINE_AUTO_WIRED|QUICK_CONFIG|RECENT_RESULTS_5D,True,True,False,True,True,False,15m,NATIVE_BASE_FIXED,15,False,,,0.0,,,,,,,,False,behavior fingerprint unavailable,False,no npz,"{""BACKTEST_VALIDATED_GATES_TRADIER"":false,""BASE_TF"":""3m"",""BB_BREAKOUT_ENABLED"":false,""COOLDOWN_BARS"":0,""COOLDOWN_BARS_TRADIER"":0,""DC_BREAKOUT_ENTRY_ENABLED"":false,""DELTA_ENGINE_ENABLED"":true,""DELTA_MAX_HOLD_BARS"":1,""D_TREND_REQUIRED"":false,""EMA_TF_15M_ENABLED"":false,""EMA_TF_1H_ENABLED"":false,""EMA_TF_3M_ENABLED"":false,""EMA_TF_4H_ENABLED"":false,""EMA_TF_5M_ENABLED"":false,""EMA_TF_D_ENABLED"":false,""ENTRY_SCORE_THRESHOLD"":7.5,""HA_WICK_QUALITY_ENABLED"":false,""HTF_ALIGNMENT_ENABLED"":false,""K3M_FLOOR"":0.0,""KINDERGARTEN_EMA_GATE_ENABLED"":false,""MACD_ZERO_CROSS_ENABLED"":true,""MACD_ZERO_CROSS_SCORE"":15,""MACD_ZERO_CROSS_TF"":""15m"",""MFI_ENTRY_ENABLED"":false,""MIN_HOLD_BARS"":0,""MIN_HOLD_BARS_BEFORE_EXIT"":0,""MIN_HOLD_MINUTES_TRADIER"":0.0,""MTF_ARMED_WT_DIRECTION_SUSPEND_ENABLED"":false,""RSI2_MEAN_REVERSION_ENABLED"":false,""RSI_MACD_EMA_ENABLED"":false,""TRADIER_ENTRY_SCORE_THRESHOLD"":0,""TRIPLE_CONF_ENABLED"":false,""WT_DC_HTF_GATE"":""none"",""WT_TF_15M_ENABLED"":false,""WT_TF_1H_ENABLED"":false,""WT_TF_3M_ENABLED"":false,""WT_TF_4H_ENABLED"":false,""WT_TF_5M_ENABLED"":false,""WT_TF_D_ENABLED"":false}"
MACD_ZERO_CROSS_SCORE,STRATEGY_CAUSAL,declared strategy/catalog/live-path setting,INVALID,10/10 invalid executions,ENGINE_AUTO_WIRED|ENTRY|QUICK_CONFIG|RECENT_5D,DISCONNECTED_LIVE_PATHS|ENGINE_AUTO_WIRED|QUICK_CONFIG|RECENT_RESULTS_5D,True,True,False,True,True,False,15m,NATIVE_BASE_FIXED,22,False,,,0.0,,,,,,,,False,behavior fingerprint unavailable,False,no npz,"{""BACKTEST_VALIDATED_GATES_TRADIER"":false,""BASE_TF"":""3m"",""BB_BREAKOUT_ENABLED"":false,""COOLDOWN_BARS"":0,""COOLDOWN_BARS_TRADIER"":0,""DC_BREAKOUT_ENTRY_ENABLED"":false,""DELTA_ENGINE_ENABLED"":true,""DELTA_MAX_HOLD_BARS"":1,""D_TREND_REQUIRED"":false,""EMA_TF_15M_ENABLED"":false,""EMA_TF_1H_ENABLED"":false,""EMA_TF_3M_ENABLED"":false,""EMA_TF_4H_ENABLED"":false,""EMA_TF_5M_ENABLED"":false,""EMA_TF_D_ENABLED"":false,""ENTRY_SCORE_THRESHOLD"":18.5,""HA_WICK_QUALITY_ENABLED"":false,""HTF_ALIGNMENT_ENABLED"":false,""K3M_FLOOR"":0.0,""KINDERGARTEN_EMA_GATE_ENABLED"":false,""MACD_ZERO_CROSS_ENABLED"":true,""MACD_ZERO_CROSS_SCORE"":22,""MACD_ZERO_CROSS_TF"":""15m"",""MFI_ENTRY_ENABLED"":false,""MIN_HOLD_BARS"":0,""MIN_HOLD_BARS_BEFORE_EXIT"":0,""MIN_HOLD_MINUTES_TRADIER"":0.0,""MTF_ARMED_WT_DIRECTION_SUSPEND_ENABLED"":false,""RSI2_MEAN_REVERSION_ENABLED"":false,""RSI_MACD_EMA_ENABLED"":false,""TRADIER_ENTRY_SCORE_THRESHOLD"":0,""TRIPLE_CONF_ENABLED"":false,""WT_DC_HTF_GATE"":""none"",""WT_TF_15M_ENABLED"":false,""WT_TF_1H_ENABLED"":false,""WT_TF_3M_ENABLED"":false,""WT_TF_4H_ENABLED"":false,""WT_TF_5M_ENABLED"":false,""WT_TF_D_ENABLED"":false}"
MACD_ZERO_CROSS_SCORE,STRATEGY_CAUSAL,declared strategy/catalog/live-path setting,INVALID,10/10 invalid executions,ENGINE_AUTO_WIRED|ENTRY|QUICK_CONFIG|RECENT_5D,DISCONNECTED_LIVE_PATHS|ENGINE_AUTO_WIRED|QUICK_CONFIG|RECENT_RESULTS_5D,True,True,False,True,True,False,1h,NATIVE_BASE_FIXED,15,False,,,0.0,,,,,,,,False,behavior fingerprint unavailable,False,no npz,"{""BACKTEST_VALIDATED_GATES_TRADIER"":false,""BASE_TF"":""3m"",""BB_BREAKOUT_ENABLED"":false,""COOLDOWN_BARS"":0,""COOLDOWN_BARS_TRADIER"":0,""DC_BREAKOUT_ENTRY_ENABLED"":false,""DELTA_ENGINE_ENABLED"":true,""DELTA_MAX_HOLD_BARS"":1,""D_TREND_REQUIRED"":false,""EMA_TF_15M_ENABLED"":false,""EMA_TF_1H_ENABLED"":false,""EMA_TF_3M_ENABLED"":false,""EMA_TF_4H_ENABLED"":false,""EMA_TF_5M_ENABLED"":false,""EMA_TF_D_ENABLED"":false,""ENTRY_SCORE_THRESHOLD"":7.5,""HA_WICK_QUALITY_ENABLED"":false,""HTF_ALIGNMENT_ENABLED"":false,""K3M_FLOOR"":0.0,""KINDERGARTEN_EMA_GATE_ENABLED"":false,""MACD_ZERO_CROSS_ENABLED"":true,""MACD_ZERO_CROSS_SCORE"":15,""MACD_ZERO_CROSS_TF"":""1h"",""MFI_ENTRY_ENABLED"":false,""MIN_HOLD_BARS"":0,""MIN_HOLD_BARS_BEFORE_EXIT"":0,""MIN_HOLD_MINUTES_TRADIER"":0.0,""MTF_ARMED_WT_DIRECTION_SUSPEND_ENABLED"":false,""RSI2_MEAN_REVERSION_ENABLED"":false,""RSI_MACD_EMA_ENABLED"":false,""TRADIER_ENTRY_SCORE_THRESHOLD"":0,""TRIPLE_CONF_ENABLED"":false,""WT_DC_HTF_GATE"":""none"",""WT_TF_15M_ENABLED"":false,""WT_TF_1H_ENABLED"":false,""WT_TF_3M_ENABLED"":false,""WT_TF_4H_ENABLED"":false,""WT_TF_5M_ENABLED"":false,""WT_TF_D_ENABLED"":false}"
MACD_ZERO_CROSS_SCORE,STRATEGY_CAUSAL,declared strategy/catalog/live-path setting,INVALID,10/10 invalid executions,ENGINE_AUTO_WIRED|ENTRY|QUICK_CONFIG|RECENT_5D,DISCONNECTED_LIVE_PATHS|ENGINE_AUTO_WIRED|QUICK_CONFIG|RECENT_RESULTS_5D,True,True,False,True,True,False,1h,NATIVE_BASE_FIXED,22,False,,,0.0,,,,,,,,False,behavior fingerprint unavailable,False,no npz,"{""BACKTEST_VALIDATED_GATES_TRADIER"":false,""BASE_TF"":""3m"",""BB_BREAKOUT_ENABLED"":false,""COOLDOWN_BARS"":0,""COOLDOWN_BARS_TRADIER"":0,""DC_BREAKOUT_ENTRY_ENABLED"":false,""DELTA_ENGINE_ENABLED"":true,""DELTA_MAX_HOLD_BARS"":1,""D_TREND_REQUIRED"":false,""EMA_TF_15M_ENABLED"":false,""EMA_TF_1H_ENABLED"":false,""EMA_TF_3M_ENABLED"":false,""EMA_TF_4H_ENABLED"":false,""EMA_TF_5M_ENABLED"":false,""EMA_TF_D_ENABLED"":false,""ENTRY_SCORE_THRESHOLD"":18.5,""HA_WICK_QUALITY_ENABLED"":false,""HTF_ALIGNMENT_ENABLED"":false,""K3M_FLOOR"":0.0,""KINDERGARTEN_EMA_GATE_ENABLED"":false,""MACD_ZERO_CROSS_ENABLED"":true,""MACD_ZERO_CROSS_SCORE"":22,""MACD_ZERO_CROSS_TF"":""1h"",""MFI_ENTRY_ENABLED"":false,""MIN_HOLD_BARS"":0,""MIN_HOLD_BARS_BEFORE_EXIT"":0,""MIN_HOLD_MINUTES_TRADIER"":0.0,""MTF_ARMED_WT_DIRECTION_SUSPEND_ENABLED"":false,""RSI2_MEAN_REVERSION_ENABLED"":false,""RSI_MACD_EMA_ENABLED"":false,""TRADIER_ENTRY_SCORE_THRESHOLD"":0,""TRIPLE_CONF_ENABLED"":false,""WT_DC_HTF_GATE"":""none"",""WT_TF_15M_ENABLED"":false,""WT_TF_1H_ENABLED"":false,""WT_TF_3M_ENABLED"":false,""WT_TF_4H_ENABLED"":false,""WT_TF_5M_ENABLED"":false,""WT_TF_D_ENABLED"":false}"
MACD_ZERO_CROSS_SCORE,STRATEGY_CAUSAL,declared strategy/catalog/live-path setting,INVALID,10/10 invalid executions,ENGINE_AUTO_WIRED|ENTRY|QUICK_CONFIG|RECENT_5D,DISCONNECTED_LIVE_PATHS|ENGINE_AUTO_WIRED|QUICK_CONFIG|RECENT_RESULTS_5D,True,True,False,True,True,False,4h,NATIVE_BASE_FIXED,15,False,,,0.0,,,,,,,,False,behavior fingerprint unavailable,False,no npz,"{""BACKTEST_VALIDATED_GATES_TRADIER"":false,""BASE_TF"":""3m"",""BB_BREAKOUT_ENABLED"":false,""COOLDOWN_BARS"":0,""COOLDOWN_BARS_TRADIER"":0,""DC_BREAKOUT_ENTRY_ENABLED"":false,""DELTA_ENGINE_ENABLED"":true,""DELTA_MAX_HOLD_BARS"":1,""D_TREND_REQUIRED"":false,""EMA_TF_15M_ENABLED"":false,""EMA_TF_1H_ENABLED"":false,""EMA_TF_3M_ENABLED"":false,""EMA_TF_4H_ENABLED"":false,""EMA_TF_5M_ENABLED"":false,""EMA_TF_D_ENABLED"":false,""ENTRY_SCORE_THRESHOLD"":7.5,""HA_WICK_QUALITY_ENABLED"":false,""HTF_ALIGNMENT_ENABLED"":false,""K3M_FLOOR"":0.0,""KINDERGARTEN_EMA_GATE_ENABLED"":false,""MACD_ZERO_CROSS_ENABLED"":true,""MACD_ZERO_CROSS_SCORE"":15,""MACD_ZERO_CROSS_TF"":""4h"",""MFI_ENTRY_ENABLED"":false,""MIN_HOLD_BARS"":0,""MIN_HOLD_BARS_BEFORE_EXIT"":0,""MIN_HOLD_MINUTES_TRADIER"":0.0,""MTF_ARMED_WT_DIRECTION_SUSPEND_ENABLED"":false,""RSI2_MEAN_REVERSION_ENABLED"":false,""RSI_MACD_EMA_ENABLED"":false,""TRADIER_ENTRY_SCORE_THRESHOLD"":0,""TRIPLE_CONF_ENABLED"":false,""WT_DC_HTF_GATE"":""none"",""WT_TF_15M_ENABLED"":false,""WT_TF_1H_ENABLED"":false,""WT_TF_3M_ENABLED"":false,""WT_TF_4H_ENABLED"":false,""WT_TF_5M_ENABLED"":false,""WT_TF_D_ENABLED"":false}"
MACD_ZERO_CROSS_SCORE,STRATEGY_CAUSAL,declared strategy/catalog/live-path setting,INVALID,10/10 invalid executions,ENGINE_AUTO_WIRED|ENTRY|QUICK_CONFIG|RECENT_5D,DISCONNECTED_LIVE_PATHS|ENGINE_AUTO_WIRED|QUICK_CONFIG|RECENT_RESULTS_5D,True,True,False,True,True,False,4h,NATIVE_BASE_FIXED,22,False,,,0.0,,,,,,,,False,behavior fingerprint unavailable,False,no npz,"{""BACKTEST_VALIDATED_GATES_TRADIER"":false,""BASE_TF"":""3m"",""BB_BREAKOUT_ENABLED"":false,""COOLDOWN_BARS"":0,""COOLDOWN_BARS_TRADIER"":0,""DC_BREAKOUT_ENTRY_ENABLED"":false,""DELTA_ENGINE_ENABLED"":true,""DELTA_MAX_HOLD_BARS"":1,""D_TREND_REQUIRED"":false,""EMA_TF_15M_ENABLED"":false,""EMA_TF_1H_ENABLED"":false,""EMA_TF_3M_ENABLED"":false,""EMA_TF_4H_ENABLED"":false,""EMA_TF_5M_ENABLED"":false,""EMA_TF_D_ENABLED"":false,""ENTRY_SCORE_THRESHOLD"":18.5,""HA_WICK_QUALITY_ENABLED"":false,""HTF_ALIGNMENT_ENABLED"":false,""K3M_FLOOR"":0.0,""KINDERGARTEN_EMA_GATE_ENABLED"":false,""MACD_ZERO_CROSS_ENABLED"":true,""MACD_ZERO_CROSS_SCORE"":22,""MACD_ZERO_CROSS_TF"":""4h"",""MFI_ENTRY_ENABLED"":false,""MIN_HOLD_BARS"":0,""MIN_HOLD_BARS_BEFORE_EXIT"":0,""MIN_HOLD_MINUTES_TRADIER"":0.0,""MTF_ARMED_WT_DIRECTION_SUSPEND_ENABLED"":false,""RSI2_MEAN_REVERSION_ENABLED"":false,""RSI_MACD_EMA_ENABLED"":false,""TRADIER_ENTRY_SCORE_THRESHOLD"":0,""TRIPLE_CONF_ENABLED"":false,""WT_DC_HTF_GATE"":""none"",""WT_TF_15M_ENABLED"":false,""WT_TF_1H_ENABLED"":false,""WT_TF_3M_ENABLED"":false,""WT_TF_4H_ENABLED"":false,""WT_TF_5M_ENABLED"":false,""WT_TF_D_ENABLED"":false}"
MACD_ZERO_CROSS_SCORE,STRATEGY_CAUSAL,declared strategy/catalog/live-path setting,INVALID,10/10 invalid executions,ENGINE_AUTO_WIRED|ENTRY|QUICK_CONFIG|RECENT_5D,DISCONNECTED_LIVE_PATHS|ENGINE_AUTO_WIRED|QUICK_CONFIG|RECENT_RESULTS_5D,True,True,False,True,True,False,D,NATIVE_BASE_FIXED,15,False,,,0.0,,,,,,,,False,behavior fingerprint unavailable,False,no npz,"{""BACKTEST_VALIDATED_GATES_TRADIER"":false,""BASE_TF"":""3m"",""BB_BREAKOUT_ENABLED"":false,""COOLDOWN_BARS"":0,""COOLDOWN_BARS_TRADIER"":0,""DC_BREAKOUT_ENTRY_ENABLED"":false,""DELTA_ENGINE_ENABLED"":true,""DELTA_MAX_HOLD_BARS"":1,""D_TREND_REQUIRED"":false,""EMA_TF_15M_ENABLED"":false,""EMA_TF_1H_ENABLED"":false,""EMA_TF_3M_ENABLED"":false,""EMA_TF_4H_ENABLED"":false,""EMA_TF_5M_ENABLED"":false,""EMA_TF_D_ENABLED"":false,""ENTRY_SCORE_THRESHOLD"":7.5,""HA_WICK_QUALITY_ENABLED"":false,""HTF_ALIGNMENT_ENABLED"":false,""K3M_FLOOR"":0.0,""KINDERGARTEN_EMA_GATE_ENABLED"":false,""MACD_ZERO_CROSS_ENABLED"":true,""MACD_ZERO_CROSS_SCORE"":15,""MACD_ZERO_CROSS_TF"":""D"",""MFI_ENTRY_ENABLED"":false,""MIN_HOLD_BARS"":0,""MIN_HOLD_BARS_BEFORE_EXIT"":0,""MIN_HOLD_MINUTES_TRADIER"":0.0,""MTF_ARMED_WT_DIRECTION_SUSPEND_ENABLED"":false,""RSI2_MEAN_REVERSION_ENABLED"":false,""RSI_MACD_EMA_ENABLED"":false,""TRADIER_ENTRY_SCORE_THRESHOLD"":0,""TRIPLE_CONF_ENABLED"":false,""WT_DC_HTF_GATE"":""none"",""WT_TF_15M_ENABLED"":false,""WT_TF_1H_ENABLED"":false,""WT_TF_3M_ENABLED"":false,""WT_TF_4H_ENABLED"":false,""WT_TF_5M_ENABLED"":false,""WT_TF_D_ENABLED"":false}"
MACD_ZERO_CROSS_SCORE,STRATEGY_CAUSAL,declared strategy/catalog/live-path setting,INVALID,10/10 invalid executions,ENGINE_AUTO_WIRED|ENTRY|QUICK_CONFIG|RECENT_5D,DISCONNECTED_LIVE_PATHS|ENGINE_AUTO_WIRED|QUICK_CONFIG|RECENT_RESULTS_5D,True,True,False,True,True,False,D,NATIVE_BASE_FIXED,22,False,,,0.0,,,,,,,,False,behavior fingerprint unavailable,False,no npz,"{""BACKTEST_VALIDATED_GATES_TRADIER"":false,""BASE_TF"":""3m"",""BB_BREAKOUT_ENABLED"":false,""COOLDOWN_BARS"":0,""COOLDOWN_BARS_TRADIER"":0,""DC_BREAKOUT_ENTRY_ENABLED"":false,""DELTA_ENGINE_ENABLED"":true,""DELTA_MAX_HOLD_BARS"":1,""D_TREND_REQUIRED"":false,""EMA_TF_15M_ENABLED"":false,""EMA_TF_1H_ENABLED"":false,""EMA_TF_3M_ENABLED"":false,""EMA_TF_4H_ENABLED"":false,""EMA_TF_5M_ENABLED"":false,""EMA_TF_D_ENABLED"":false,""ENTRY_SCORE_THRESHOLD"":18.5,""HA_WICK_QUALITY_ENABLED"":false,""HTF_ALIGNMENT_ENABLED"":false,""K3M_FLOOR"":0.0,""KINDERGARTEN_EMA_GATE_ENABLED"":false,""MACD_ZERO_CROSS_ENABLED"":true,""MACD_ZERO_CROSS_SCORE"":22,""MACD_ZERO_CROSS_TF"":""D"",""MFI_ENTRY_ENABLED"":false,""MIN_HOLD_BARS"":0,""MIN_HOLD_BARS_BEFORE_EXIT"":0,""MIN_HOLD_MINUTES_TRADIER"":0.0,""MTF_ARMED_WT_DIRECTION_SUSPEND_ENABLED"":false,""RSI2_MEAN_REVERSION_ENABLED"":false,""RSI_MACD_EMA_ENABLED"":false,""TRADIER_ENTRY_SCORE_THRESHOLD"":0,""TRIPLE_CONF_ENABLED"":false,""WT_DC_HTF_GATE"":""none"",""WT_TF_15M_ENABLED"":false,""WT_TF_1H_ENABLED"":false,""WT_TF_3M_ENABLED"":false,""WT_TF_4H_ENABLED"":false,""WT_TF_5M_ENABLED"":false,""WT_TF_D_ENABLED"":false}"
MACD_ZERO_CROSS_TF,STRATEGY_CAUSAL,declared strategy/catalog/live-path setting,INVALID,5/5 invalid executions,ENGINE_AUTO_WIRED|ENTRY|QUICK_CONFIG|RECENT_5D,DISCONNECTED_LIVE_PATHS|ENGINE_AUTO_WIRED|QUICK_CONFIG|RECENT_RESULTS_5D,True,True,False,True,True,False,3m,,"""3m""",False,,,0.0,,,,,,,,False,behavior fingerprint unavailable,False,no npz,"{""BACKTEST_VALIDATED_GATES_TRADIER"":false,""BASE_TF"":""3m"",""BB_BREAKOUT_ENABLED"":false,""COOLDOWN_BARS"":0,""COOLDOWN_BARS_TRADIER"":0,""DC_BREAKOUT_ENTRY_ENABLED"":false,""DELTA_ENGINE_ENABLED"":true,""DELTA_MAX_HOLD_BARS"":1,""D_TREND_REQUIRED"":false,""EMA_TF_15M_ENABLED"":false,""EMA_TF_1H_ENABLED"":false,""EMA_TF_3M_ENABLED"":false,""EMA_TF_4H_ENABLED"":false,""EMA_TF_5M_ENABLED"":false,""EMA_TF_D_ENABLED"":false,""ENTRY_SCORE_THRESHOLD"":7.5,""HA_WICK_QUALITY_ENABLED"":false,""HTF_ALIGNMENT_ENABLED"":false,""K3M_FLOOR"":0.0,""KINDERGARTEN_EMA_GATE_ENABLED"":false,""MACD_ZERO_CROSS_ENABLED"":true,""MACD_ZERO_CROSS_TF"":""3m"",""MFI_ENTRY_ENABLED"":false,""MIN_HOLD_BARS"":0,""MIN_HOLD_BARS_BEFORE_EXIT"":0,""MIN_HOLD_MINUTES_TRADIER"":0.0,""MTF_ARMED_WT_DIRECTION_SUSPEND_ENABLED"":false,""RSI2_MEAN_REVERSION_ENABLED"":false,""RSI_MACD_EMA_ENABLED"":false,""TRADIER_ENTRY_SCORE_THRESHOLD"":0,""TRIPLE_CONF_ENABLED"":false,""WT_DC_HTF_GATE"":""none"",""WT_TF_15M_ENABLED"":false,""WT_TF_1H_ENABLED"":false,""WT_TF_3M_ENABLED"":false,""WT_TF_4H_ENABLED"":false,""WT_TF_5M_ENABLED"":false,""WT_TF_D_ENABLED"":false}"
MACD_ZERO_CROSS_TF,STRATEGY_CAUSAL,declared strategy/catalog/live-path setting,INVALID,5/5 invalid executions,ENGINE_AUTO_WIRED|ENTRY|QUICK_CONFIG|RECENT_5D,DISCONNECTED_LIVE_PATHS|ENGINE_AUTO_WIRED|QUICK_CONFIG|RECENT_RESULTS_5D,True,True,False,True,True,False,15m,,"""15m""",False,,,0.0,,,,,,,,False,behavior fingerprint unavailable,False,no npz,"{""BACKTEST_VALIDATED_GATES_TRADIER"":false,""BASE_TF"":""3m"",""BB_BREAKOUT_ENABLED"":false,""COOLDOWN_BARS"":0,""COOLDOWN_BARS_TRADIER"":0,""DC_BREAKOUT_ENTRY_ENABLED"":false,""DELTA_ENGINE_ENABLED"":true,""DELTA_MAX_HOLD_BARS"":1,""D_TREND_REQUIRED"":false,""EMA_TF_15M_ENABLED"":false,""EMA_TF_1H_ENABLED"":false,""EMA_TF_3M_ENABLED"":false,""EMA_TF_4H_ENABLED"":false,""EMA_TF_5M_ENABLED"":false,""EMA_TF_D_ENABLED"":false,""ENTRY_SCORE_THRESHOLD"":7.5,""HA_WICK_QUALITY_ENABLED"":false,""HTF_ALIGNMENT_ENABLED"":false,""K3M_FLOOR"":0.0,""KINDERGARTEN_EMA_GATE_ENABLED"":false,""MACD_ZERO_CROSS_ENABLED"":true,""MACD_ZERO_CROSS_TF"":""15m"",""MFI_ENTRY_ENABLED"":false,""MIN_HOLD_BARS"":0,""MIN_HOLD_BARS_BEFORE_EXIT"":0,""MIN_HOLD_MINUTES_TRADIER"":0.0,""MTF_ARMED_WT_DIRECTION_SUSPEND_ENABLED"":false,""RSI2_MEAN_REVERSION_ENABLED"":false,""RSI_MACD_EMA_ENABLED"":false,""TRADIER_ENTRY_SCORE_THRESHOLD"":0,""TRIPLE_CONF_ENABLED"":false,""WT_DC_HTF_GATE"":""none"",""WT_TF_15M_ENABLED"":false,""WT_TF_1H_ENABLED"":false,""WT_TF_3M_ENABLED"":false,""WT_TF_4H_ENABLED"":false,""WT_TF_5M_ENABLED"":false,""WT_TF_D_ENABLED"":false}"
MACD_ZERO_CROSS_TF,STRATEGY_CAUSAL,declared strategy/catalog/live-path setting,INVALID,5/5 invalid executions,ENGINE_AUTO_WIRED|ENTRY|QUICK_CONFIG|RECENT_5D,DISCONNECTED_LIVE_PATHS|ENGINE_AUTO_WIRED|QUICK_CONFIG|RECENT_RESULTS_5D,True,True,False,True,True,False,1h,,"""1h""",False,,,0.0,,,,,,,,False,behavior fingerprint unavailable,False,no npz,"{""BACKTEST_VALIDATED_GATES_TRADIER"":false,""BASE_TF"":""3m"",""BB_BREAKOUT_ENABLED"":false,""COOLDOWN_BARS"":0,""COOLDOWN_BARS_TRADIER"":0,""DC_BREAKOUT_ENTRY_ENABLED"":false,""DELTA_ENGINE_ENABLED"":true,""DELTA_MAX_HOLD_BARS"":1,""D_TREND_REQUIRED"":false,""EMA_TF_15M_ENABLED"":false,""EMA_TF_1H_ENABLED"":false,""EMA_TF_3M_ENABLED"":false,""EMA_TF_4H_ENABLED"":false,""EMA_TF_5M_ENABLED"":false,""EMA_TF_D_ENABLED"":false,""ENTRY_SCORE_THRESHOLD"":7.5,""HA_WICK_QUALITY_ENABLED"":false,""HTF_ALIGNMENT_ENABLED"":false,""K3M_FLOOR"":0.0,""KINDERGARTEN_EMA_GATE_ENABLED"":false,""MACD_ZERO_CROSS_ENABLED"":true,""MACD_ZERO_CROSS_TF"":""1h"",""MFI_ENTRY_ENABLED"":false,""MIN_HOLD_BARS"":0,""MIN_HOLD_BARS_BEFORE_EXIT"":0,""MIN_HOLD_MINUTES_TRADIER"":0.0,""MTF_ARMED_WT_DIRECTION_SUSPEND_ENABLED"":false,""RSI2_MEAN_REVERSION_ENABLED"":false,""RSI_MACD_EMA_ENABLED"":false,""TRADIER_ENTRY_SCORE_THRESHOLD"":0,""TRIPLE_CONF_ENABLED"":false,""WT_DC_HTF_GATE"":""none"",""WT_TF_15M_ENABLED"":false,""WT_TF_1H_ENABLED"":false,""WT_TF_3M_ENABLED"":false,""WT_TF_4H_ENABLED"":false,""WT_TF_5M_ENABLED"":false,""WT_TF_D_ENABLED"":false}"
MACD_ZERO_CROSS_TF,STRATEGY_CAUSAL,declared strategy/catalog/live-path setting,INVALID,5/5 invalid executions,ENGINE_AUTO_WIRED|ENTRY|QUICK_CONFIG|RECENT_5D,DISCONNECTED_LIVE_PATHS|ENGINE_AUTO_WIRED|QUICK_CONFIG|RECENT_RESULTS_5D,True,True,False,True,True,False,4h,,"""4h""",False,,,0.0,,,,,,,,False,behavior fingerprint unavailable,False,no npz,"{""BACKTEST_VALIDATED_GATES_TRADIER"":false,""BASE_TF"":""3m"",""BB_BREAKOUT_ENABLED"":false,""COOLDOWN_BARS"":0,""COOLDOWN_BARS_TRADIER"":0,""DC_BREAKOUT_ENTRY_ENABLED"":false,""DELTA_ENGINE_ENABLED"":true,""DELTA_MAX_HOLD_BARS"":1,""D_TREND_REQUIRED"":false,""EMA_TF_15M_ENABLED"":false,""EMA_TF_1H_ENABLED"":false,""EMA_TF_3M_ENABLED"":false,""EMA_TF_4H_ENABLED"":false,""EMA_TF_5M_ENABLED"":false,""EMA_TF_D_ENABLED"":false,""ENTRY_SCORE_THRESHOLD"":7.5,""HA_WICK_QUALITY_ENABLED"":false,""HTF_ALIGNMENT_ENABLED"":false,""K3M_FLOOR"":0.0,""KINDERGARTEN_EMA_GATE_ENABLED"":false,""MACD_ZERO_CROSS_ENABLED"":true,""MACD_ZERO_CROSS_TF"":""4h"",""MFI_ENTRY_ENABLED"":false,""MIN_HOLD_BARS"":0,""MIN_HOLD_BARS_BEFORE_EXIT"":0,""MIN_HOLD_MINUTES_TRADIER"":0.0,""MTF_ARMED_WT_DIRECTION_SUSPEND_ENABLED"":false,""RSI2_MEAN_REVERSION_ENABLED"":false,""RSI_MACD_EMA_ENABLED"":false,""TRADIER_ENTRY_SCORE_THRESHOLD"":0,""TRIPLE_CONF_ENABLED"":false,""WT_DC_HTF_GATE"":""none"",""WT_TF_15M_ENABLED"":false,""WT_TF_1H_ENABLED"":false,""WT_TF_3M_ENABLED"":false,""WT_TF_4H_ENABLED"":false,""WT_TF_5M_ENABLED"":false,""WT_TF_D_ENABLED"":false}"
MACD_ZERO_CROSS_TF,STRATEGY_CAUSAL,declared strategy/catalog/live-path setting,INVALID,5/5 invalid executions,ENGINE_AUTO_WIRED|ENTRY|QUICK_CONFIG|RECENT_5D,DISCONNECTED_LIVE_PATHS|ENGINE_AUTO_WIRED|QUICK_CONFIG|RECENT_RESULTS_5D,True,True,False,True,True,False,D,,"""D""",False,,,0.0,,,,,,,,False,behavior fingerprint unavailable,False,no npz,"{""BACKTEST_VALIDATED_GATES_TRADIER"":false,""BASE_TF"":""3m"",""BB_BREAKOUT_ENABLED"":false,""COOLDOWN_BARS"":0,""COOLDOWN_BARS_TRADIER"":0,""DC_BREAKOUT_ENTRY_ENABLED"":false,""DELTA_ENGINE_ENABLED"":true,""DELTA_MAX_HOLD_BARS"":1,""D_TREND_REQUIRED"":false,""EMA_TF_15M_ENABLED"":false,""EMA_TF_1H_ENABLED"":false,""EMA_TF_3M_ENABLED"":false,""EMA_TF_4H_ENABLED"":false,""EMA_TF_5M_ENABLED"":false,""EMA_TF_D_ENABLED"":false,""ENTRY_SCORE_THRESHOLD"":7.5,""HA_WICK_QUALITY_ENABLED"":false,""HTF_ALIGNMENT_ENABLED"":false,""K3M_FLOOR"":0.0,""KINDERGARTEN_EMA_GATE_ENABLED"":false,""MACD_ZERO_CROSS_ENABLED"":true,""MACD_ZERO_CROSS_TF"":""D"",""MFI_ENTRY_ENABLED"":false,""MIN_HOLD_BARS"":0,""MIN_HOLD_BARS_BEFORE_EXIT"":0,""MIN_HOLD_MINUTES_TRADIER"":0.0,""MTF_ARMED_WT_DIRECTION_SUSPEND_ENABLED"":false,""RSI2_MEAN_REVERSION_ENABLED"":false,""RSI_MACD_EMA_ENABLED"":false,""TRADIER_ENTRY_SCORE_THRESHOLD"":0,""TRIPLE_CONF_ENABLED"":false,""WT_DC_HTF_GATE"":""none"",""WT_TF_15M_ENABLED"":false,""WT_TF_1H_ENABLED"":false,""WT_TF_3M_ENABLED"":false,""WT_TF_4H_ENABLED"":false,""WT_TF_5M_ENABLED"":false,""WT_TF_D_ENABLED"":false}"
RSI2_MEAN_REVERSION_ENABLED,STRATEGY_CAUSAL,declared strategy/catalog/live-path setting,INVALID,2/2 invalid executions,ENGINE_AUTO_WIRED|GLOBAL|QUICK_CONFIG|RECENT_5D,DISCONNECTED_LIVE_PATHS|ENGINE_AUTO_WIRED|QUICK_CONFIG|RECENT_RESULTS_5D,True,True,True,True,True,False,1h,NATIVE_BASE_FIXED,false,False,,,0.0,,,,,,,,False,behavior fingerprint unavailable,False,no npz,"{""BACKTEST_VALIDATED_GATES_TRADIER"":false,""BASE_TF"":""3m"",""BB_BREAKOUT_ENABLED"":false,""COOLDOWN_BARS"":0,""COOLDOWN_BARS_TRADIER"":0,""DC_BREAKOUT_ENTRY_ENABLED"":false,""DELTA_ENGINE_ENABLED"":true,""DELTA_MAX_HOLD_BARS"":1,""D_TREND_REQUIRED"":false,""EMA_TF_15M_ENABLED"":false,""EMA_TF_1H_ENABLED"":false,""EMA_TF_3M_ENABLED"":false,""EMA_TF_4H_ENABLED"":false,""EMA_TF_5M_ENABLED"":false,""EMA_TF_D_ENABLED"":false,""ENTRY_SCORE_THRESHOLD"":10.0,""HA_WICK_QUALITY_ENABLED"":false,""HTF_ALIGNMENT_ENABLED"":false,""K3M_FLOOR"":0.0,""KINDERGARTEN_EMA_GATE_ENABLED"":false,""MACD_ZERO_CROSS_ENABLED"":false,""MFI_ENTRY_ENABLED"":false,""MIN_HOLD_BARS"":0,""MIN_HOLD_BARS_BEFORE_EXIT"":0,""MIN_HOLD_MINUTES_TRADIER"":0.0,""MTF_ARMED_WT_DIRECTION_SUSPEND_ENABLED"":false,""RSI2_MEAN_REVERSION_ENABLED"":false,""RSI_MACD_EMA_ENABLED"":false,""TRADIER_ENTRY_SCORE_THRESHOLD"":0,""TRIPLE_CONF_ENABLED"":false,""WT_DC_HTF_GATE"":""none"",""WT_TF_15M_ENABLED"":false,""WT_TF_1H_ENABLED"":false,""WT_TF_3M_ENABLED"":false,""WT_TF_4H_ENABLED"":false,""WT_TF_5M_ENABLED"":false,""WT_TF_D_ENABLED"":false}"
RSI2_MEAN_REVERSION_ENABLED,STRATEGY_CAUSAL,declared strategy/catalog/live-path setting,INVALID,2/2 invalid executions,ENGINE_AUTO_WIRED|GLOBAL|QUICK_CONFIG|RECENT_5D,DISCONNECTED_LIVE_PATHS|ENGINE_AUTO_WIRED|QUICK_CONFIG|RECENT_RESULTS_5D,True,True,True,True,True,False,1h,NATIVE_BASE_FIXED,true,False,,,0.0,,,,,,,,False,behavior fingerprint unavailable,False,no npz,"{""BACKTEST_VALIDATED_GATES_TRADIER"":false,""BASE_TF"":""3m"",""BB_BREAKOUT_ENABLED"":false,""COOLDOWN_BARS"":0,""COOLDOWN_BARS_TRADIER"":0,""DC_BREAKOUT_ENTRY_ENABLED"":false,""DELTA_ENGINE_ENABLED"":true,""DELTA_MAX_HOLD_BARS"":1,""D_TREND_REQUIRED"":false,""EMA_TF_15M_ENABLED"":false,""EMA_TF_1H_ENABLED"":false,""EMA_TF_3M_ENABLED"":false,""EMA_TF_4H_ENABLED"":false,""EMA_TF_5M_ENABLED"":false,""EMA_TF_D_ENABLED"":false,""ENTRY_SCORE_THRESHOLD"":10.0,""HA_WICK_QUALITY_ENABLED"":false,""HTF_ALIGNMENT_ENABLED"":false,""K3M_FLOOR"":0.0,""KINDERGARTEN_EMA_GATE_ENABLED"":false,""MACD_ZERO_CROSS_ENABLED"":false,""MFI_ENTRY_ENABLED"":false,""MIN_HOLD_BARS"":0,""MIN_HOLD_BARS_BEFORE_EXIT"":0,""MIN_HOLD_MINUTES_TRADIER"":0.0,""MTF_ARMED_WT_DIRECTION_SUSPEND_ENABLED"":false,""RSI2_MEAN_REVERSION_ENABLED"":true,""RSI_MACD_EMA_ENABLED"":false,""TRADIER_ENTRY_SCORE_THRESHOLD"":0,""TRIPLE_CONF_ENABLED"":false,""WT_DC_HTF_GATE"":""none"",""WT_TF_15M_ENABLED"":false,""WT_TF_1H_ENABLED"":false,""WT_TF_3M_ENABLED"":false,""WT_TF_4H_ENABLED"":false,""WT_TF_5M_ENABLED"":false,""WT_TF_D_ENABLED"":false}"
RSI2_SCORE_BONUS,STRATEGY_CAUSAL,declared strategy/catalog/live-path setting,INVALID,2/2 invalid executions,ENGINE_AUTO_WIRED|GLOBAL|QUICK_CONFIG|RECENT_5D,DISCONNECTED_LIVE_PATHS|ENGINE_AUTO_WIRED|QUICK_CONFIG|RECENT_RESULTS_5D,True,True,False,True,True,False,1h,NATIVE_BASE_FIXED,20,False,,,0.0,,,,,,,,False,behavior fingerprint unavailable,False,no npz,"{""BACKTEST_VALIDATED_GATES_TRADIER"":false,""BASE_TF"":""3m"",""BB_BREAKOUT_ENABLED"":false,""COOLDOWN_BARS"":0,""COOLDOWN_BARS_TRADIER"":0,""DC_BREAKOUT_ENTRY_ENABLED"":false,""DELTA_ENGINE_ENABLED"":true,""DELTA_MAX_HOLD_BARS"":1,""D_TREND_REQUIRED"":false,""EMA_TF_15M_ENABLED"":false,""EMA_TF_1H_ENABLED"":false,""EMA_TF_3M_ENABLED"":false,""EMA_TF_4H_ENABLED"":false,""EMA_TF_5M_ENABLED"":false,""EMA_TF_D_ENABLED"":false,""ENTRY_SCORE_THRESHOLD"":10.0,""HA_WICK_QUALITY_ENABLED"":false,""HTF_ALIGNMENT_ENABLED"":false,""K3M_FLOOR"":0.0,""KINDERGARTEN_EMA_GATE_ENABLED"":false,""MACD_ZERO_CROSS_ENABLED"":false,""MFI_ENTRY_ENABLED"":false,""MIN_HOLD_BARS"":0,""MIN_HOLD_BARS_BEFORE_EXIT"":0,""MIN_HOLD_MINUTES_TRADIER"":0.0,""MTF_ARMED_WT_DIRECTION_SUSPEND_ENABLED"":false,""RSI2_MEAN_REVERSION_ENABLED"":true,""RSI2_SCORE_BONUS"":20,""RSI_MACD_EMA_ENABLED"":false,""TRADIER_ENTRY_SCORE_THRESHOLD"":0,""TRIPLE_CONF_ENABLED"":false,""WT_DC_HTF_GATE"":""none"",""WT_TF_15M_ENABLED"":false,""WT_TF_1H_ENABLED"":false,""WT_TF_3M_ENABLED"":false,""WT_TF_4H_ENABLED"":false,""WT_TF_5M_ENABLED"":false,""WT_TF_D_ENABLED"":false}"
RSI2_SCORE_BONUS,STRATEGY_CAUSAL,declared strategy/catalog/live-path setting,INVALID,2/2 invalid executions,ENGINE_AUTO_WIRED|GLOBAL|QUICK_CONFIG|RECENT_5D,DISCONNECTED_LIVE_PATHS|ENGINE_AUTO_WIRED|QUICK_CONFIG|RECENT_RESULTS_5D,True,True,False,True,True,False,1h,NATIVE_BASE_FIXED,10,False,,,0.0,,,,,,,,False,behavior fingerprint unavailable,False,no npz,"{""BACKTEST_VALIDATED_GATES_TRADIER"":false,""BASE_TF"":""3m"",""BB_BREAKOUT_ENABLED"":false,""COOLDOWN_BARS"":0,""COOLDOWN_BARS_TRADIER"":0,""DC_BREAKOUT_ENTRY_ENABLED"":false,""DELTA_ENGINE_ENABLED"":true,""DELTA_MAX_HOLD_BARS"":1,""D_TREND_REQUIRED"":false,""EMA_TF_15M_ENABLED"":false,""EMA_TF_1H_ENABLED"":false,""EMA_TF_3M_ENABLED"":false,""EMA_TF_4H_ENABLED"":false,""EMA_TF_5M_ENABLED"":false,""EMA_TF_D_ENABLED"":false,""ENTRY_SCORE_THRESHOLD"":15.0,""HA_WICK_QUALITY_ENABLED"":false,""HTF_ALIGNMENT_ENABLED"":false,""K3M_FLOOR"":0.0,""KINDERGARTEN_EMA_GATE_ENABLED"":false,""MACD_ZERO_CROSS_ENABLED"":false,""MFI_ENTRY_ENABLED"":false,""MIN_HOLD_BARS"":0,""MIN_HOLD_BARS_BEFORE_EXIT"":0,""MIN_HOLD_MINUTES_TRADIER"":0.0,""MTF_ARMED_WT_DIRECTION_SUSPEND_ENABLED"":false,""RSI2_MEAN_REVERSION_ENABLED"":true,""RSI2_SCORE_BONUS"":10,""RSI_MACD_EMA_ENABLED"":false,""TRADIER_ENTRY_SCORE_THRESHOLD"":0,""TRIPLE_CONF_ENABLED"":false,""WT_DC_HTF_GATE"":""none"",""WT_TF_15M_ENABLED"":false,""WT_TF_1H_ENABLED"":false,""WT_TF_3M_ENABLED"":false,""WT_TF_4H_ENABLED"":false,""WT_TF_5M_ENABLED"":false,""WT_TF_D_ENABLED"":false}"
RSI2_THRESHOLD_LONG,STRATEGY_CAUSAL,declared strategy/catalog/live-path setting,INVALID,3/3 invalid executions,ENGINE_AUTO_WIRED|FILTER|QUICK_CONFIG|RECENT_5D,DISCONNECTED_LIVE_PATHS|ENGINE_AUTO_WIRED|QUICK_CONFIG|RECENT_RESULTS_5D,True,True,False,True,True,False,1h,NATIVE_BASE_FIXED,15.0,False,,,0.0,,,,,,,,False,behavior fingerprint unavailable,False,no npz,"{""BACKTEST_VALIDATED_GATES_TRADIER"":false,""BASE_TF"":""3m"",""BB_BREAKOUT_ENABLED"":false,""COOLDOWN_BARS"":0,""COOLDOWN_BARS_TRADIER"":0,""DC_BREAKOUT_ENTRY_ENABLED"":false,""DELTA_ENGINE_ENABLED"":true,""DELTA_MAX_HOLD_BARS"":1,""D_TREND_REQUIRED"":false,""EMA_TF_15M_ENABLED"":false,""EMA_TF_1H_ENABLED"":false,""EMA_TF_3M_ENABLED"":false,""EMA_TF_4H_ENABLED"":false,""EMA_TF_5M_ENABLED"":false,""EMA_TF_D_ENABLED"":false,""ENTRY_SCORE_THRESHOLD"":10.0,""HA_WICK_QUALITY_ENABLED"":false,""HTF_ALIGNMENT_ENABLED"":false,""K3M_FLOOR"":0.0,""KINDERGARTEN_EMA_GATE_ENABLED"":false,""MACD_ZERO_CROSS_ENABLED"":false,""MFI_ENTRY_ENABLED"":false,""MIN_HOLD_BARS"":0,""MIN_HOLD_BARS_BEFORE_EXIT"":0,""MIN_HOLD_MINUTES_TRADIER"":0.0,""MTF_ARMED_WT_DIRECTION_SUSPEND_ENABLED"":false,""RSI2_MEAN_REVERSION_ENABLED"":true,""RSI2_THRESHOLD_LONG"":15.0,""RSI_MACD_EMA_ENABLED"":false,""TRADIER_ENTRY_SCORE_THRESHOLD"":0,""TRIPLE_CONF_ENABLED"":false,""WT_DC_HTF_GATE"":""none"",""WT_TF_15M_ENABLED"":false,""WT_TF_1H_ENABLED"":false,""WT_TF_3M_ENABLED"":false,""WT_TF_4H_ENABLED"":false,""WT_TF_5M_ENABLED"":false,""WT_TF_D_ENABLED"":false}"
RSI2_THRESHOLD_LONG,STRATEGY_CAUSAL,declared strategy/catalog/live-path setting,INVALID,3/3 invalid executions,ENGINE_AUTO_WIRED|FILTER|QUICK_CONFIG|RECENT_5D,DISCONNECTED_LIVE_PATHS|ENGINE_AUTO_WIRED|QUICK_CONFIG|RECENT_RESULTS_5D,True,True,False,True,True,False,1h,NATIVE_BASE_FIXED,1.0,False,,,0.0,,,,,,,,False,behavior fingerprint unavailable,False,no npz,"{""BACKTEST_VALIDATED_GATES_TRADIER"":false,""BASE_TF"":""3m"",""BB_BREAKOUT_ENABLED"":false,""COOLDOWN_BARS"":0,""COOLDOWN_BARS_TRADIER"":0,""DC_BREAKOUT_ENTRY_ENABLED"":false,""DELTA_ENGINE_ENABLED"":true,""DELTA_MAX_HOLD_BARS"":1,""D_TREND_REQUIRED"":false,""EMA_TF_15M_ENABLED"":false,""EMA_TF_1H_ENABLED"":false,""EMA_TF_3M_ENABLED"":false,""EMA_TF_4H_ENABLED"":false,""EMA_TF_5M_ENABLED"":false,""EMA_TF_D_ENABLED"":false,""ENTRY_SCORE_THRESHOLD"":10.0,""HA_WICK_QUALITY_ENABLED"":false,""HTF_ALIGNMENT_ENABLED"":false,""K3M_FLOOR"":0.0,""KINDERGARTEN_EMA_GATE_ENABLED"":false,""MACD_ZERO_CROSS_ENABLED"":false,""MFI_ENTRY_ENABLED"":false,""MIN_HOLD_BARS"":0,""MIN_HOLD_BARS_BEFORE_EXIT"":0,""MIN_HOLD_MINUTES_TRADIER"":0.0,""MTF_ARMED_WT_DIRECTION_SUSPEND_ENABLED"":false,""RSI2_MEAN_REVERSION_ENABLED"":true,""RSI2_THRESHOLD_LONG"":1.0,""RSI_MACD_EMA_ENABLED"":false,""TRADIER_ENTRY_SCORE_THRESHOLD"":0,""TRIPLE_CONF_ENABLED"":false,""WT_DC_HTF_GATE"":""none"",""WT_TF_15M_ENABLED"":false,""WT_TF_1H_ENABLED"":false,""WT_TF_3M_ENABLED"":false,""WT_TF_4H_ENABLED"":false,""WT_TF_5M_ENABLED"":false,""WT_TF_D_ENABLED"":false}"
RSI2_THRESHOLD_LONG,STRATEGY_CAUSAL,declared strategy/catalog/live-path setting,INVALID,3/3 invalid executions,ENGINE_AUTO_WIRED|FILTER|QUICK_CONFIG|RECENT_5D,DISCONNECTED_LIVE_PATHS|ENGINE_AUTO_WIRED|QUICK_CONFIG|RECENT_RESULTS_5D,True,True,False,True,True,False,1h,NATIVE_BASE_FIXED,22.5,False,,,0.0,,,,,,,,False,behavior fingerprint unavailable,False,no npz,"{""BACKTEST_VALIDATED_GATES_TRADIER"":false,""BASE_TF"":""3m"",""BB_BREAKOUT_ENABLED"":false,""COOLDOWN_BARS"":0,""COOLDOWN_BARS_TRADIER"":0,""DC_BREAKOUT_ENTRY_ENABLED"":false,""DELTA_ENGINE_ENABLED"":true,""DELTA_MAX_HOLD_BARS"":1,""D_TREND_REQUIRED"":false,""EMA_TF_15M_ENABLED"":false,""EMA_TF_1H_ENABLED"":false,""EMA_TF_3M_ENABLED"":false,""EMA_TF_4H_ENABLED"":false,""EMA_TF_5M_ENABLED"":false,""EMA_TF_D_ENABLED"":false,""ENTRY_SCORE_THRESHOLD"":10.0,""HA_WICK_QUALITY_ENABLED"":false,""HTF_ALIGNMENT_ENABLED"":false,""K3M_FLOOR"":0.0,""KINDERGARTEN_EMA_GATE_ENABLED"":false,""MACD_ZERO_CROSS_ENABLED"":false,""MFI_ENTRY_ENABLED"":false,""MIN_HOLD_BARS"":0,""MIN_HOLD_BARS_BEFORE_EXIT"":0,""MIN_HOLD_MINUTES_TRADIER"":0.0,""MTF_ARMED_WT_DIRECTION_SUSPEND_ENABLED"":false,""RSI2_MEAN_REVERSION_ENABLED"":true,""RSI2_THRESHOLD_LONG"":22.5,""RSI_MACD_EMA_ENABLED"":false,""TRADIER_ENTRY_SCORE_THRESHOLD"":0,""TRIPLE_CONF_ENABLED"":false,""WT_DC_HTF_GATE"":""none"",""WT_TF_15M_ENABLED"":false,""WT_TF_1H_ENABLED"":false,""WT_TF_3M_ENABLED"":false,""WT_TF_4H_ENABLED"":false,""WT_TF_5M_ENABLED"":false,""WT_TF_D_ENABLED"":false}"
RSI_MACD_EMA_ENABLED,STRATEGY_CAUSAL,declared strategy/catalog/live-path setting,INVALID,10/10 invalid executions,ENGINE_AUTO_WIRED|GLOBAL|QUICK_CONFIG|RECENT_5D,DISCONNECTED_LIVE_PATHS|ENGINE_AUTO_WIRED|QUICK_CONFIG|RECENT_RESULTS_5D,True,True,True,True,True,False,3m,NATIVE_BASE_FIXED,false,False,,,0.0,,,,,,,,False,behavior fingerprint unavailable,False,no npz,"{""BACKTEST_VALIDATED_GATES_TRADIER"":false,""BASE_TF"":""3m"",""BB_BREAKOUT_ENABLED"":false,""COOLDOWN_BARS"":0,""COOLDOWN_BARS_TRADIER"":0,""DC_BREAKOUT_ENTRY_ENABLED"":false,""DELTA_ENGINE_ENABLED"":true,""DELTA_MAX_HOLD_BARS"":1,""D_TREND_REQUIRED"":false,""EMA_TF_15M_ENABLED"":false,""EMA_TF_1H_ENABLED"":false,""EMA_TF_3M_ENABLED"":false,""EMA_TF_4H_ENABLED"":false,""EMA_TF_5M_ENABLED"":false,""EMA_TF_D_ENABLED"":false,""ENTRY_SCORE_THRESHOLD"":12.5,""HA_WICK_QUALITY_ENABLED"":false,""HTF_ALIGNMENT_ENABLED"":false,""K3M_FLOOR"":0.0,""KINDERGARTEN_EMA_GATE_ENABLED"":false,""MACD_ZERO_CROSS_ENABLED"":false,""MFI_ENTRY_ENABLED"":false,""MIN_HOLD_BARS"":0,""MIN_HOLD_BARS_BEFORE_EXIT"":0,""MIN_HOLD_MINUTES_TRADIER"":0.0,""MTF_ARMED_WT_DIRECTION_SUSPEND_ENABLED"":false,""RSI2_MEAN_REVERSION_ENABLED"":false,""RSI_MACD_EMA_ENABLED"":false,""RSI_MACD_EMA_TF"":""3m"",""TRADIER_ENTRY_SCORE_THRESHOLD"":0,""TRIPLE_CONF_ENABLED"":false,""WT_DC_HTF_GATE"":""none"",""WT_TF_15M_ENABLED"":false,""WT_TF_1H_ENABLED"":false,""WT_TF_3M_ENABLED"":false,""WT_TF_4H_ENABLED"":false,""WT_TF_5M_ENABLED"":false,""WT_TF_D_ENABLED"":false}"
RSI_MACD_EMA_ENABLED,STRATEGY_CAUSAL,declared strategy/catalog/live-path setting,INVALID,10/10 invalid executions,ENGINE_AUTO_WIRED|GLOBAL|QUICK_CONFIG|RECENT_5D,DISCONNECTED_LIVE_PATHS|ENGINE_AUTO_WIRED|QUICK_CONFIG|RECENT_RESULTS_5D,True,True,True,True,True,False,3m,NATIVE_BASE_FIXED,true,False,,,0.0,,,,,,,,False,behavior fingerprint unavailable,False,no npz,"{""BACKTEST_VALIDATED_GATES_TRADIER"":false,""BASE_TF"":""3m"",""BB_BREAKOUT_ENABLED"":false,""COOLDOWN_BARS"":0,""COOLDOWN_BARS_TRADIER"":0,""DC_BREAKOUT_ENTRY_ENABLED"":false,""DELTA_ENGINE_ENABLED"":true,""DELTA_MAX_HOLD_BARS"":1,""D_TREND_REQUIRED"":false,""EMA_TF_15M_ENABLED"":false,""EMA_TF_1H_ENABLED"":false,""EMA_TF_3M_ENABLED"":false,""EMA_TF_4H_ENABLED"":false,""EMA_TF_5M_ENABLED"":false,""EMA_TF_D_ENABLED"":false,""ENTRY_SCORE_THRESHOLD"":12.5,""HA_WICK_QUALITY_ENABLED"":false,""HTF_ALIGNMENT_ENABLED"":false,""K3M_FLOOR"":0.0,""KINDERGARTEN_EMA_GATE_ENABLED"":false,""MACD_ZERO_CROSS_ENABLED"":false,""MFI_ENTRY_ENABLED"":false,""MIN_HOLD_BARS"":0,""MIN_HOLD_BARS_BEFORE_EXIT"":0,""MIN_HOLD_MINUTES_TRADIER"":0.0,""MTF_ARMED_WT_DIRECTION_SUSPEND_ENABLED"":false,""RSI2_MEAN_REVERSION_ENABLED"":false,""RSI_MACD_EMA_ENABLED"":true,""RSI_MACD_EMA_TF"":""3m"",""TRADIER_ENTRY_SCORE_THRESHOLD"":0,""TRIPLE_CONF_ENABLED"":false,""WT_DC_HTF_GATE"":""none"",""WT_TF_15M_ENABLED"":false,""WT_TF_1H_ENABLED"":false,""WT_TF_3M_ENABLED"":false,""WT_TF_4H_ENABLED"":false,""WT_TF_5M_ENABLED"":false,""WT_TF_D_ENABLED"":false}"
RSI_MACD_EMA_ENABLED,STRATEGY_CAUSAL,declared strategy/catalog/live-path setting,INVALID,10/10 invalid executions,ENGINE_AUTO_WIRED|GLOBAL|QUICK_CONFIG|RECENT_5D,DISCONNECTED_LIVE_PATHS|ENGINE_AUTO_WIRED|QUICK_CONFIG|RECENT_RESULTS_5D,True,True,True,True,True,False,15m,NATIVE_BASE_FIXED,false,False,,,0.0,,,,,,,,False,behavior fingerprint unavailable,False,no npz,"{""BACKTEST_VALIDATED_GATES_TRADIER"":false,""BASE_TF"":""3m"",""BB_BREAKOUT_ENABLED"":false,""COOLDOWN_BARS"":0,""COOLDOWN_BARS_TRADIER"":0,""DC_BREAKOUT_ENTRY_ENABLED"":false,""DELTA_ENGINE_ENABLED"":true,""DELTA_MAX_HOLD_BARS"":1,""D_TREND_REQUIRED"":false,""EMA_TF_15M_ENABLED"":false,""EMA_TF_1H_ENABLED"":false,""EMA_TF_3M_ENABLED"":false,""EMA_TF_4H_ENABLED"":false,""EMA_TF_5M_ENABLED"":false,""EMA_TF_D_ENABLED"":false,""ENTRY_SCORE_THRESHOLD"":12.5,""HA_WICK_QUALITY_ENABLED"":false,""HTF_ALIGNMENT_ENABLED"":false,""K3M_FLOOR"":0.0,""KINDERGARTEN_EMA_GATE_ENABLED"":false,""MACD_ZERO_CROSS_ENABLED"":false,""MFI_ENTRY_ENABLED"":false,""MIN_HOLD_BARS"":0,""MIN_HOLD_BARS_BEFORE_EXIT"":0,""MIN_HOLD_MINUTES_TRADIER"":0.0,""MTF_ARMED_WT_DIRECTION_SUSPEND_ENABLED"":false,""RSI2_MEAN_REVERSION_ENABLED"":false,""RSI_MACD_EMA_ENABLED"":false,""RSI_MACD_EMA_TF"":""15m"",""TRADIER_ENTRY_SCORE_THRESHOLD"":0,""TRIPLE_CONF_ENABLED"":false,""WT_DC_HTF_GATE"":""none"",""WT_TF_15M_ENABLED"":false,""WT_TF_1H_ENABLED"":false,""WT_TF_3M_ENABLED"":false,""WT_TF_4H_ENABLED"":false,""WT_TF_5M_ENABLED"":false,""WT_TF_D_ENABLED"":false}"
RSI_MACD_EMA_ENABLED,STRATEGY_CAUSAL,declared strategy/catalog/live-path setting,INVALID,10/10 invalid executions,ENGINE_AUTO_WIRED|GLOBAL|QUICK_CONFIG|RECENT_5D,DISCONNECTED_LIVE_PATHS|ENGINE_AUTO_WIRED|QUICK_CONFIG|RECENT_RESULTS_5D,True,True,True,True,True,False,15m,NATIVE_BASE_FIXED,true,False,,,0.0,,,,,,,,False,behavior fingerprint unavailable,False,no npz,"{""BACKTEST_VALIDATED_GATES_TRADIER"":false,""BASE_TF"":""3m"",""BB_BREAKOUT_ENABLED"":false,""COOLDOWN_BARS"":0,""COOLDOWN_BARS_TRADIER"":0,""DC_BREAKOUT_ENTRY_ENABLED"":false,""DELTA_ENGINE_ENABLED"":true,""DELTA_MAX_HOLD_BARS"":1,""D_TREND_REQUIRED"":false,""EMA_TF_15M_ENABLED"":false,""EMA_TF_1H_ENABLED"":false,""EMA_TF_3M_ENABLED"":false,""EMA_TF_4H_ENABLED"":false,""EMA_TF_5M_ENABLED"":false,""EMA_TF_D_ENABLED"":false,""ENTRY_SCORE_THRESHOLD"":12.5,""HA_WICK_QUALITY_ENABLED"":false,""HTF_ALIGNMENT_ENABLED"":false,""K3M_FLOOR"":0.0,""KINDERGARTEN_EMA_GATE_ENABLED"":false,""MACD_ZERO_CROSS_ENABLED"":false,""MFI_ENTRY_ENABLED"":false,""MIN_HOLD_BARS"":0,""MIN_HOLD_BARS_BEFORE_EXIT"":0,""MIN_HOLD_MINUTES_TRADIER"":0.0,""MTF_ARMED_WT_DIRECTION_SUSPEND_ENABLED"":false,""RSI2_MEAN_REVERSION_ENABLED"":false,""RSI_MACD_EMA_ENABLED"":true,""RSI_MACD_EMA_TF"":""15m"",""TRADIER_ENTRY_SCORE_THRESHOLD"":0,""TRIPLE_CONF_ENABLED"":false,""WT_DC_HTF_GATE"":""none"",""WT_TF_15M_ENABLED"":false,""WT_TF_1H_ENABLED"":false,""WT_TF_3M_ENABLED"":false,""WT_TF_4H_ENABLED"":false,""WT_TF_5M_ENABLED"":false,""WT_TF_D_ENABLED"":false}"
RSI_MACD_EMA_ENABLED,STRATEGY_CAUSAL,declared strategy/catalog/live-path setting,INVALID,10/10 invalid executions,ENGINE_AUTO_WIRED|GLOBAL|QUICK_CONFIG|RECENT_5D,DISCONNECTED_LIVE_PATHS|ENGINE_AUTO_WIRED|QUICK_CONFIG|RECENT_RESULTS_5D,True,True,True,True,True,False,1h,NATIVE_BASE_FIXED,false,False,,,0.0,,,,,,,,False,behavior fingerprint unavailable,False,no npz,"{""BACKTEST_VALIDATED_GATES_TRADIER"":false,""BASE_TF"":""3m"",""BB_BREAKOUT_ENABLED"":false,""COOLDOWN_BARS"":0,""COOLDOWN_BARS_TRADIER"":0,""DC_BREAKOUT_ENTRY_ENABLED"":false,""DELTA_ENGINE_ENABLED"":true,""DELTA_MAX_HOLD_BARS"":1,""D_TREND_REQUIRED"":false,""EMA_TF_15M_ENABLED"":false,""EMA_TF_1H_ENABLED"":false,""EMA_TF_3M_ENABLED"":false,""EMA_TF_4H_ENABLED"":false,""EMA_TF_5M_ENABLED"":false,""EMA_TF_D_ENABLED"":false,""ENTRY_SCORE_THRESHOLD"":12.5,""HA_WICK_QUALITY_ENABLED"":false,""HTF_ALIGNMENT_ENABLED"":false,""K3M_FLOOR"":0.0,""KINDERGARTEN_EMA_GATE_ENABLED"":false,""MACD_ZERO_CROSS_ENABLED"":false,""MFI_ENTRY_ENABLED"":false,""MIN_HOLD_BARS"":0,""MIN_HOLD_BARS_BEFORE_EXIT"":0,""MIN_HOLD_MINUTES_TRADIER"":0.0,""MTF_ARMED_WT_DIRECTION_SUSPEND_ENABLED"":false,""RSI2_MEAN_REVERSION_ENABLED"":false,""RSI_MACD_EMA_ENABLED"":false,""RSI_MACD_EMA_TF"":""1h"",""TRADIER_ENTRY_SCORE_THRESHOLD"":0,""TRIPLE_CONF_ENABLED"":false,""WT_DC_HTF_GATE"":""none"",""WT_TF_15M_ENABLED"":false,""WT_TF_1H_ENABLED"":false,""WT_TF_3M_ENABLED"":false,""WT_TF_4H_ENABLED"":false,""WT_TF_5M_ENABLED"":false,""WT_TF_D_ENABLED"":false}"
RSI_MACD_EMA_ENABLED,STRATEGY_CAUSAL,declared strategy/catalog/live-path setting,INVALID,10/10 invalid executions,ENGINE_AUTO_WIRED|GLOBAL|QUICK_CONFIG|RECENT_5D,DISCONNECTED_LIVE_PATHS|ENGINE_AUTO_WIRED|QUICK_CONFIG|RECENT_RESULTS_5D,True,True,True,True,True,False,1h,NATIVE_BASE_FIXED,true,False,,,0.0,,,,,,,,False,behavior fingerprint unavailable,False,no npz,"{""BACKTEST_VALIDATED_GATES_TRADIER"":false,""BASE_TF"":""3m"",""BB_BREAKOUT_ENABLED"":false,""COOLDOWN_BARS"":0,""COOLDOWN_BARS_TRADIER"":0,""DC_BREAKOUT_ENTRY_ENABLED"":false,""DELTA_ENGINE_ENABLED"":true,""DELTA_MAX_HOLD_BARS"":1,""D_TREND_REQUIRED"":false,""EMA_TF_15M_ENABLED"":false,""EMA_TF_1H_ENABLED"":false,""EMA_TF_3M_ENABLED"":false,""EMA_TF_4H_ENABLED"":false,""EMA_TF_5M_ENABLED"":false,""EMA_TF_D_ENABLED"":false,""ENTRY_SCORE_THRESHOLD"":12.5,""HA_WICK_QUALITY_ENABLED"":false,""HTF_ALIGNMENT_ENABLED"":false,""K3M_FLOOR"":0.0,""KINDERGARTEN_EMA_GATE_ENABLED"":false,""MACD_ZERO_CROSS_ENABLED"":false,""MFI_ENTRY_ENABLED"":false,""MIN_HOLD_BARS"":0,""MIN_HOLD_BARS_BEFORE_EXIT"":0,""MIN_HOLD_MINUTES_TRADIER"":0.0,""MTF_ARMED_WT_DIRECTION_SUSPEND_ENABLED"":false,""RSI2_MEAN_REVERSION_ENABLED"":false,""RSI_MACD_EMA_ENABLED"":true,""RSI_MACD_EMA_TF"":""1h"",""TRADIER_ENTRY_SCORE_THRESHOLD"":0,""TRIPLE_CONF_ENABLED"":false,""WT_DC_HTF_GATE"":""none"",""WT_TF_15M_ENABLED"":false,""WT_TF_1H_ENABLED"":false,""WT_TF_3M_ENABLED"":false,""WT_TF_4H_ENABLED"":false,""WT_TF_5M_ENABLED"":false,""WT_TF_D_ENABLED"":false}"
RSI_MACD_EMA_ENABLED,STRATEGY_CAUSAL,declared strategy/catalog/live-path setting,INVALID,10/10 invalid executions,ENGINE_AUTO_WIRED|GLOBAL|QUICK_CONFIG|RECENT_5D,DISCONNECTED_LIVE_PATHS|ENGINE_AUTO_WIRED|QUICK_CONFIG|RECENT_RESULTS_5D,True,True,True,True,True,False,4h,NATIVE_BASE_FIXED,false,False,,,0.0,,,,,,,,False,behavior fingerprint unavailable,False,no npz,"{""BACKTEST_VALIDATED_GATES_TRADIER"":false,""BASE_TF"":""3m"",""BB_BREAKOUT_ENABLED"":false,""COOLDOWN_BARS"":0,""COOLDOWN_BARS_TRADIER"":0,""DC_BREAKOUT_ENTRY_ENABLED"":false,""DELTA_ENGINE_ENABLED"":true,""DELTA_MAX_HOLD_BARS"":1,""D_TREND_REQUIRED"":false,""EMA_TF_15M_ENABLED"":false,""EMA_TF_1H_ENABLED"":false,""EMA_TF_3M_ENABLED"":false,""EMA_TF_4H_ENABLED"":false,""EMA_TF_5M_ENABLED"":false,""EMA_TF_D_ENABLED"":false,""ENTRY_SCORE_THRESHOLD"":12.5,""HA_WICK_QUALITY_ENABLED"":false,""HTF_ALIGNMENT_ENABLED"":false,""K3M_FLOOR"":0.0,""KINDERGARTEN_EMA_GATE_ENABLED"":false,""MACD_ZERO_CROSS_ENABLED"":false,""MFI_ENTRY_ENABLED"":false,""MIN_HOLD_BARS"":0,""MIN_HOLD_BARS_BEFORE_EXIT"":0,""MIN_HOLD_MINUTES_TRADIER"":0.0,""MTF_ARMED_WT_DIRECTION_SUSPEND_ENABLED"":false,""RSI2_MEAN_REVERSION_ENABLED"":false,""RSI_MACD_EMA_ENABLED"":false,""RSI_MACD_EMA_TF"":""4h"",""TRADIER_ENTRY_SCORE_THRESHOLD"":0,""TRIPLE_CONF_ENABLED"":false,""WT_DC_HTF_GATE"":""none"",""WT_TF_15M_ENABLED"":false,""WT_TF_1H_ENABLED"":false,""WT_TF_3M_ENABLED"":false,""WT_TF_4H_ENABLED"":false,""WT_TF_5M_ENABLED"":false,""WT_TF_D_ENABLED"":false}"
RSI_MACD_EMA_ENABLED,STRATEGY_CAUSAL,declared strategy/catalog/live-path setting,INVALID,10/10 invalid executions,ENGINE_AUTO_WIRED|GLOBAL|QUICK_CONFIG|RECENT_5D,DISCONNECTED_LIVE_PATHS|ENGINE_AUTO_WIRED|QUICK_CONFIG|RECENT_RESULTS_5D,True,True,True,True,True,False,4h,NATIVE_BASE_FIXED,true,False,,,0.0,,,,,,,,False,behavior fingerprint unavailable,False,no npz,"{""BACKTEST_VALIDATED_GATES_TRADIER"":false,""BASE_TF"":""3m"",""BB_BREAKOUT_ENABLED"":false,""COOLDOWN_BARS"":0,""COOLDOWN_BARS_TRADIER"":0,""DC_BREAKOUT_ENTRY_ENABLED"":false,""DELTA_ENGINE_ENABLED"":true,""DELTA_MAX_HOLD_BARS"":1,""D_TREND_REQUIRED"":false,""EMA_TF_15M_ENABLED"":false,""EMA_TF_1H_ENABLED"":false,""EMA_TF_3M_ENABLED"":false,""EMA_TF_4H_ENABLED"":false,""EMA_TF_5M_ENABLED"":false,""EMA_TF_D_ENABLED"":false,""ENTRY_SCORE_THRESHOLD"":12.5,""HA_WICK_QUALITY_ENABLED"":false,""HTF_ALIGNMENT_ENABLED"":false,""K3M_FLOOR"":0.0,""KINDERGARTEN_EMA_GATE_ENABLED"":false,""MACD_ZERO_CROSS_ENABLED"":false,""MFI_ENTRY_ENABLED"":false,""MIN_HOLD_BARS"":0,""MIN_HOLD_BARS_BEFORE_EXIT"":0,""MIN_HOLD_MINUTES_TRADIER"":0.0,""MTF_ARMED_WT_DIRECTION_SUSPEND_ENABLED"":false,""RSI2_MEAN_REVERSION_ENABLED"":false,""RSI_MACD_EMA_ENABLED"":true,""RSI_MACD_EMA_TF"":""4h"",""TRADIER_ENTRY_SCORE_THRESHOLD"":0,""TRIPLE_CONF_ENABLED"":false,""WT_DC_HTF_GATE"":""none"",""WT_TF_15M_ENABLED"":false,""WT_TF_1H_ENABLED"":false,""WT_TF_3M_ENABLED"":false,""WT_TF_4H_ENABLED"":false,""WT_TF_5M_ENABLED"":false,""WT_TF_D_ENABLED"":false}"
RSI_MACD_EMA_ENABLED,STRATEGY_CAUSAL,declared strategy/catalog/live-path setting,INVALID,10/10 invalid executions,ENGINE_AUTO_WIRED|GLOBAL|QUICK_CONFIG|RECENT_5D,DISCONNECTED_LIVE_PATHS|ENGINE_AUTO_WIRED|QUICK_CONFIG|RECENT_RESULTS_5D,True,True,True,True,True,False,D,NATIVE_BASE_FIXED,false,False,,,0.0,,,,,,,,False,behavior fingerprint unavailable,False,no npz,"{""BACKTEST_VALIDATED_GATES_TRADIER"":false,""BASE_TF"":""3m"",""BB_BREAKOUT_ENABLED"":false,""COOLDOWN_BARS"":0,""COOLDOWN_BARS_TRADIER"":0,""DC_BREAKOUT_ENTRY_ENABLED"":false,""DELTA_ENGINE_ENABLED"":true,""DELTA_MAX_HOLD_BARS"":1,""D_TREND_REQUIRED"":false,""EMA_TF_15M_ENABLED"":false,""EMA_TF_1H_ENABLED"":false,""EMA_TF_3M_ENABLED"":false,""EMA_TF_4H_ENABLED"":false,""EMA_TF_5M_ENABLED"":false,""EMA_TF_D_ENABLED"":false,""ENTRY_SCORE_THRESHOLD"":12.5,""HA_WICK_QUALITY_ENABLED"":false,""HTF_ALIGNMENT_ENABLED"":false,""K3M_FLOOR"":0.0,""KINDERGARTEN_EMA_GATE_ENABLED"":false,""MACD_ZERO_CROSS_ENABLED"":false,""MFI_ENTRY_ENABLED"":false,""MIN_HOLD_BARS"":0,""MIN_HOLD_BARS_BEFORE_EXIT"":0,""MIN_HOLD_MINUTES_TRADIER"":0.0,""MTF_ARMED_WT_DIRECTION_SUSPEND_ENABLED"":false,""RSI2_MEAN_REVERSION_ENABLED"":false,""RSI_MACD_EMA_ENABLED"":false,""RSI_MACD_EMA_TF"":""D"",""TRADIER_ENTRY_SCORE_THRESHOLD"":0,""TRIPLE_CONF_ENABLED"":false,""WT_DC_HTF_GATE"":""none"",""WT_TF_15M_ENABLED"":false,""WT_TF_1H_ENABLED"":false,""WT_TF_3M_ENABLED"":false,""WT_TF_4H_ENABLED"":false,""WT_TF_5M_ENABLED"":false,""WT_TF_D_ENABLED"":false}"
RSI_MACD_EMA_ENABLED,STRATEGY_CAUSAL,declared strategy/catalog/live-path setting,INVALID,10/10 invalid executions,ENGINE_AUTO_WIRED|GLOBAL|QUICK_CONFIG|RECENT_5D,DISCONNECTED_LIVE_PATHS|ENGINE_AUTO_WIRED|QUICK_CONFIG|RECENT_RESULTS_5D,True,True,True,True,True,False,D,NATIVE_BASE_FIXED,true,False,,,0.0,,,,,,,,False,behavior fingerprint unavailable,False,no npz,"{""BACKTEST_VALIDATED_GATES_TRADIER"":false,""BASE_TF"":""3m"",""BB_BREAKOUT_ENABLED"":false,""COOLDOWN_BARS"":0,""COOLDOWN_BARS_TRADIER"":0,""DC_BREAKOUT_ENTRY_ENABLED"":false,""DELTA_ENGINE_ENABLED"":true,""DELTA_MAX_HOLD_BARS"":1,""D_TREND_REQUIRED"":false,""EMA_TF_15M_ENABLED"":false,""EMA_TF_1H_ENABLED"":false,""EMA_TF_3M_ENABLED"":false,""EMA_TF_4H_ENABLED"":false,""EMA_TF_5M_ENABLED"":false,""EMA_TF_D_ENABLED"":false,""ENTRY_SCORE_THRESHOLD"":12.5,""HA_WICK_QUALITY_ENABLED"":false,""HTF_ALIGNMENT_ENABLED"":false,""K3M_FLOOR"":0.0,""KINDERGARTEN_EMA_GATE_ENABLED"":false,""MACD_ZERO_CROSS_ENABLED"":false,""MFI_ENTRY_ENABLED"":false,""MIN_HOLD_BARS"":0,""MIN_HOLD_BARS_BEFORE_EXIT"":0,""MIN_HOLD_MINUTES_TRADIER"":0.0,""MTF_ARMED_WT_DIRECTION_SUSPEND_ENABLED"":false,""RSI2_MEAN_REVERSION_ENABLED"":false,""RSI_MACD_EMA_ENABLED"":true,""RSI_MACD_EMA_TF"":""D"",""TRADIER_ENTRY_SCORE_THRESHOLD"":0,""TRIPLE_CONF_ENABLED"":false,""WT_DC_HTF_GATE"":""none"",""WT_TF_15M_ENABLED"":false,""WT_TF_1H_ENABLED"":false,""WT_TF_3M_ENABLED"":false,""WT_TF_4H_ENABLED"":false,""WT_TF_5M_ENABLED"":false,""WT_TF_D_ENABLED"":false}"
RSI_MACD_EMA_RSI_LONG,STRATEGY_CAUSAL,declared strategy/catalog/live-path setting,INVALID,10/10 invalid executions,ENGINE_AUTO_WIRED|GLOBAL|QUICK_CONFIG|RECENT_5D,DISCONNECTED_LIVE_PATHS|ENGINE_AUTO_WIRED|QUICK_CONFIG|RECENT_RESULTS_5D,True,True,False,True,True,False,3m,NATIVE_BASE_FIXED,35.0,False,,,0.0,,,,,,,,False,behavior fingerprint unavailable,False,no npz,"{""BACKTEST_VALIDATED_GATES_TRADIER"":false,""BASE_TF"":""3m"",""BB_BREAKOUT_ENABLED"":false,""COOLDOWN_BARS"":0,""COOLDOWN_BARS_TRADIER"":0,""DC_BREAKOUT_ENTRY_ENABLED"":false,""DELTA_ENGINE_ENABLED"":true,""DELTA_MAX_HOLD_BARS"":1,""D_TREND_REQUIRED"":false,""EMA_TF_15M_ENABLED"":false,""EMA_TF_1H_ENABLED"":false,""EMA_TF_3M_ENABLED"":false,""EMA_TF_4H_ENABLED"":false,""EMA_TF_5M_ENABLED"":false,""EMA_TF_D_ENABLED"":false,""ENTRY_SCORE_THRESHOLD"":12.5,""HA_WICK_QUALITY_ENABLED"":false,""HTF_ALIGNMENT_ENABLED"":false,""K3M_FLOOR"":0.0,""KINDERGARTEN_EMA_GATE_ENABLED"":false,""MACD_ZERO_CROSS_ENABLED"":false,""MFI_ENTRY_ENABLED"":false,""MIN_HOLD_BARS"":0,""MIN_HOLD_BARS_BEFORE_EXIT"":0,""MIN_HOLD_MINUTES_TRADIER"":0.0,""MTF_ARMED_WT_DIRECTION_SUSPEND_ENABLED"":false,""RSI2_MEAN_REVERSION_ENABLED"":false,""RSI_MACD_EMA_ENABLED"":true,""RSI_MACD_EMA_RSI_LONG"":35.0,""RSI_MACD_EMA_TF"":""3m"",""TRADIER_ENTRY_SCORE_THRESHOLD"":0,""TRIPLE_CONF_ENABLED"":false,""WT_DC_HTF_GATE"":""none"",""WT_TF_15M_ENABLED"":false,""WT_TF_1H_ENABLED"":false,""WT_TF_3M_ENABLED"":false,""WT_TF_4H_ENABLED"":false,""WT_TF_5M_ENABLED"":false,""WT_TF_D_ENABLED"":false}"
RSI_MACD_EMA_RSI_LONG,STRATEGY_CAUSAL,declared strategy/catalog/live-path setting,INVALID,10/10 invalid executions,ENGINE_AUTO_WIRED|GLOBAL|QUICK_CONFIG|RECENT_5D,DISCONNECTED_LIVE_PATHS|ENGINE_AUTO_WIRED|QUICK_CONFIG|RECENT_RESULTS_5D,True,True,False,True,True,False,3m,NATIVE_BASE_FIXED,0.0,False,,,0.0,,,,,,,,False,behavior fingerprint unavailable,False,no npz,"{""BACKTEST_VALIDATED_GATES_TRADIER"":false,""BASE_TF"":""3m"",""BB_BREAKOUT_ENABLED"":false,""COOLDOWN_BARS"":0,""COOLDOWN_BARS_TRADIER"":0,""DC_BREAKOUT_ENTRY_ENABLED"":false,""DELTA_ENGINE_ENABLED"":true,""DELTA_MAX_HOLD_BARS"":1,""D_TREND_REQUIRED"":false,""EMA_TF_15M_ENABLED"":false,""EMA_TF_1H_ENABLED"":false,""EMA_TF_3M_ENABLED"":false,""EMA_TF_4H_ENABLED"":false,""EMA_TF_5M_ENABLED"":false,""EMA_TF_D_ENABLED"":false,""ENTRY_SCORE_THRESHOLD"":12.5,""HA_WICK_QUALITY_ENABLED"":false,""HTF_ALIGNMENT_ENABLED"":false,""K3M_FLOOR"":0.0,""KINDERGARTEN_EMA_GATE_ENABLED"":false,""MACD_ZERO_CROSS_ENABLED"":false,""MFI_ENTRY_ENABLED"":false,""MIN_HOLD_BARS"":0,""MIN_HOLD_BARS_BEFORE_EXIT"":0,""MIN_HOLD_MINUTES_TRADIER"":0.0,""MTF_ARMED_WT_DIRECTION_SUSPEND_ENABLED"":false,""RSI2_MEAN_REVERSION_ENABLED"":false,""RSI_MACD_EMA_ENABLED"":true,""RSI_MACD_EMA_RSI_LONG"":0.0,""RSI_MACD_EMA_TF"":""3m"",""TRADIER_ENTRY_SCORE_THRESHOLD"":0,""TRIPLE_CONF_ENABLED"":false,""WT_DC_HTF_GATE"":""none"",""WT_TF_15M_ENABLED"":false,""WT_TF_1H_ENABLED"":false,""WT_TF_3M_ENABLED"":false,""WT_TF_4H_ENABLED"":false,""WT_TF_5M_ENABLED"":false,""WT_TF_D_ENABLED"":false}"
RSI_MACD_EMA_RSI_LONG,STRATEGY_CAUSAL,declared strategy/catalog/live-path setting,INVALID,10/10 invalid executions,ENGINE_AUTO_WIRED|GLOBAL|QUICK_CONFIG|RECENT_5D,DISCONNECTED_LIVE_PATHS|ENGINE_AUTO_WIRED|QUICK_CONFIG|RECENT_RESULTS_5D,True,True,False,True,True,False,15m,NATIVE_BASE_FIXED,35.0,False,,,0.0,,,,,,,,False,behavior fingerprint unavailable,False,no npz,"{""BACKTEST_VALIDATED_GATES_TRADIER"":false,""BASE_TF"":""3m"",""BB_BREAKOUT_ENABLED"":false,""COOLDOWN_BARS"":0,""COOLDOWN_BARS_TRADIER"":0,""DC_BREAKOUT_ENTRY_ENABLED"":false,""DELTA_ENGINE_ENABLED"":true,""DELTA_MAX_HOLD_BARS"":1,""D_TREND_REQUIRED"":false,""EMA_TF_15M_ENABLED"":false,""EMA_TF_1H_ENABLED"":false,""EMA_TF_3M_ENABLED"":false,""EMA_TF_4H_ENABLED"":false,""EMA_TF_5M_ENABLED"":false,""EMA_TF_D_ENABLED"":false,""ENTRY_SCORE_THRESHOLD"":12.5,""HA_WICK_QUALITY_ENABLED"":false,""HTF_ALIGNMENT_ENABLED"":false,""K3M_FLOOR"":0.0,""KINDERGARTEN_EMA_GATE_ENABLED"":false,""MACD_ZERO_CROSS_ENABLED"":false,""MFI_ENTRY_ENABLED"":false,""MIN_HOLD_BARS"":0,""MIN_HOLD_BARS_BEFORE_EXIT"":0,""MIN_HOLD_MINUTES_TRADIER"":0.0,""MTF_ARMED_WT_DIRECTION_SUSPEND_ENABLED"":false,""RSI2_MEAN_REVERSION_ENABLED"":false,""RSI_MACD_EMA_ENABLED"":true,""RSI_MACD_EMA_RSI_LONG"":35.0,""RSI_MACD_EMA_TF"":""15m"",""TRADIER_ENTRY_SCORE_THRESHOLD"":0,""TRIPLE_CONF_ENABLED"":false,""WT_DC_HTF_GATE"":""none"",""WT_TF_15M_ENABLED"":false,""WT_TF_1H_ENABLED"":false,""WT_TF_3M_ENABLED"":false,""WT_TF_4H_ENABLED"":false,""WT_TF_5M_ENABLED"":false,""WT_TF_D_ENABLED"":false}"
RSI_MACD_EMA_RSI_LONG,STRATEGY_CAUSAL,declared strategy/catalog/live-path setting,INVALID,10/10 invalid executions,ENGINE_AUTO_WIRED|GLOBAL|QUICK_CONFIG|RECENT_5D,DISCONNECTED_LIVE_PATHS|ENGINE_AUTO_WIRED|QUICK_CONFIG|RECENT_RESULTS_5D,True,True,False,True,True,False,15m,NATIVE_BASE_FIXED,0.0,False,,,0.0,,,,,,,,False,behavior fingerprint unavailable,False,no npz,"{""BACKTEST_VALIDATED_GATES_TRADIER"":false,""BASE_TF"":""3m"",""BB_BREAKOUT_ENABLED"":false,""COOLDOWN_BARS"":0,""COOLDOWN_BARS_TRADIER"":0,""DC_BREAKOUT_ENTRY_ENABLED"":false,""DELTA_ENGINE_ENABLED"":true,""DELTA_MAX_HOLD_BARS"":1,""D_TREND_REQUIRED"":false,""EMA_TF_15M_ENABLED"":false,""EMA_TF_1H_ENABLED"":false,""EMA_TF_3M_ENABLED"":false,""EMA_TF_4H_ENABLED"":false,""EMA_TF_5M_ENABLED"":false,""EMA_TF_D_ENABLED"":false,""ENTRY_SCORE_THRESHOLD"":12.5,""HA_WICK_QUALITY_ENABLED"":false,""HTF_ALIGNMENT_ENABLED"":false,""K3M_FLOOR"":0.0,""KINDERGARTEN_EMA_GATE_ENABLED"":false,""MACD_ZERO_CROSS_ENABLED"":false,""MFI_ENTRY_ENABLED"":false,""MIN_HOLD_BARS"":0,""MIN_HOLD_BARS_BEFORE_EXIT"":0,""MIN_HOLD_MINUTES_TRADIER"":0.0,""MTF_ARMED_WT_DIRECTION_SUSPEND_ENABLED"":false,""RSI2_MEAN_REVERSION_ENABLED"":false,""RSI_MACD_EMA_ENABLED"":true,""RSI_MACD_EMA_RSI_LONG"":0.0,""RSI_MACD_EMA_TF"":""15m"",""TRADIER_ENTRY_SCORE_THRESHOLD"":0,""TRIPLE_CONF_ENABLED"":false,""WT_DC_HTF_GATE"":""none"",""WT_TF_15M_ENABLED"":false,""WT_TF_1H_ENABLED"":false,""WT_TF_3M_ENABLED"":false,""WT_TF_4H_ENABLED"":false,""WT_TF_5M_ENABLED"":false,""WT_TF_D_ENABLED"":false}"
RSI_MACD_EMA_RSI_LONG,STRATEGY_CAUSAL,declared strategy/catalog/live-path setting,INVALID,10/10 invalid executions,ENGINE_AUTO_WIRED|GLOBAL|QUICK_CONFIG|RECENT_5D,DISCONNECTED_LIVE_PATHS|ENGINE_AUTO_WIRED|QUICK_CONFIG|RECENT_RESULTS_5D,True,True,False,True,True,False,1h,NATIVE_BASE_FIXED,35.0,False,,,0.0,,,,,,,,False,behavior fingerprint unavailable,False,no npz,"{""BACKTEST_VALIDATED_GATES_TRADIER"":false,""BASE_TF"":""3m"",""BB_BREAKOUT_ENABLED"":false,""COOLDOWN_BARS"":0,""COOLDOWN_BARS_TRADIER"":0,""DC_BREAKOUT_ENTRY_ENABLED"":false,""DELTA_ENGINE_ENABLED"":true,""DELTA_MAX_HOLD_BARS"":1,""D_TREND_REQUIRED"":false,""EMA_TF_15M_ENABLED"":false,""EMA_TF_1H_ENABLED"":false,""EMA_TF_3M_ENABLED"":false,""EMA_TF_4H_ENABLED"":false,""EMA_TF_5M_ENABLED"":false,""EMA_TF_D_ENABLED"":false,""ENTRY_SCORE_THRESHOLD"":12.5,""HA_WICK_QUALITY_ENABLED"":false,""HTF_ALIGNMENT_ENABLED"":false,""K3M_FLOOR"":0.0,""KINDERGARTEN_EMA_GATE_ENABLED"":false,""MACD_ZERO_CROSS_ENABLED"":false,""MFI_ENTRY_ENABLED"":false,""MIN_HOLD_BARS"":0,""MIN_HOLD_BARS_BEFORE_EXIT"":0,""MIN_HOLD_MINUTES_TRADIER"":0.0,""MTF_ARMED_WT_DIRECTION_SUSPEND_ENABLED"":false,""RSI2_MEAN_REVERSION_ENABLED"":false,""RSI_MACD_EMA_ENABLED"":true,""RSI_MACD_EMA_RSI_LONG"":35.0,""RSI_MACD_EMA_TF"":""1h"",""TRADIER_ENTRY_SCORE_THRESHOLD"":0,""TRIPLE_CONF_ENABLED"":false,""WT_DC_HTF_GATE"":""none"",""WT_TF_15M_ENABLED"":false,""WT_TF_1H_ENABLED"":false,""WT_TF_3M_ENABLED"":false,""WT_TF_4H_ENABLED"":false,""WT_TF_5M_ENABLED"":false,""WT_TF_D_ENABLED"":false}"
RSI_MACD_EMA_RSI_LONG,STRATEGY_CAUSAL,declared strategy/catalog/live-path setting,INVALID,10/10 invalid executions,ENGINE_AUTO_WIRED|GLOBAL|QUICK_CONFIG|RECENT_5D,DISCONNECTED_LIVE_PATHS|ENGINE_AUTO_WIRED|QUICK_CONFIG|RECENT_RESULTS_5D,True,True,False,True,True,False,1h,NATIVE_BASE_FIXED,0.0,False,,,0.0,,,,,,,,False,behavior fingerprint unavailable,False,no npz,"{""BACKTEST_VALIDATED_GATES_TRADIER"":false,""BASE_TF"":""3m"",""BB_BREAKOUT_ENABLED"":false,""COOLDOWN_BARS"":0,""COOLDOWN_BARS_TRADIER"":0,""DC_BREAKOUT_ENTRY_ENABLED"":false,""DELTA_ENGINE_ENABLED"":true,""DELTA_MAX_HOLD_BARS"":1,""D_TREND_REQUIRED"":false,""EMA_TF_15M_ENABLED"":false,""EMA_TF_1H_ENABLED"":false,""EMA_TF_3M_ENABLED"":false,""EMA_TF_4H_ENABLED"":false,""EMA_TF_5M_ENABLED"":false,""EMA_TF_D_ENABLED"":false,""ENTRY_SCORE_THRESHOLD"":12.5,""HA_WICK_QUALITY_ENABLED"":false,""HTF_ALIGNMENT_ENABLED"":false,""K3M_FLOOR"":0.0,""KINDERGARTEN_EMA_GATE_ENABLED"":false,""MACD_ZERO_CROSS_ENABLED"":false,""MFI_ENTRY_ENABLED"":false,""MIN_HOLD_BARS"":0,""MIN_HOLD_BARS_BEFORE_EXIT"":0,""MIN_HOLD_MINUTES_TRADIER"":0.0,""MTF_ARMED_WT_DIRECTION_SUSPEND_ENABLED"":false,""RSI2_MEAN_REVERSION_ENABLED"":false,""RSI_MACD_EMA_ENABLED"":true,""RSI_MACD_EMA_RSI_LONG"":0.0,""RSI_MACD_EMA_TF"":""1h"",""TRADIER_ENTRY_SCORE_THRESHOLD"":0,""TRIPLE_CONF_ENABLED"":false,""WT_DC_HTF_GATE"":""none"",""WT_TF_15M_ENABLED"":false,""WT_TF_1H_ENABLED"":false,""WT_TF_3M_ENABLED"":false,""WT_TF_4H_ENABLED"":false,""WT_TF_5M_ENABLED"":false,""WT_TF_D_ENABLED"":false}"
RSI_MACD_EMA_RSI_LONG,STRATEGY_CAUSAL,declared strategy/catalog/live-path setting,INVALID,10/10 invalid executions,ENGINE_AUTO_WIRED|GLOBAL|QUICK_CONFIG|RECENT_5D,DISCONNECTED_LIVE_PATHS|ENGINE_AUTO_WIRED|QUICK_CONFIG|RECENT_RESULTS_5D,True,True,False,True,True,False,4h,NATIVE_BASE_FIXED,35.0,False,,,0.0,,,,,,,,False,behavior fingerprint unavailable,False,no npz,"{""BACKTEST_VALIDATED_GATES_TRADIER"":false,""BASE_TF"":""3m"",""BB_BREAKOUT_ENABLED"":false,""COOLDOWN_BARS"":0,""COOLDOWN_BARS_TRADIER"":0,""DC_BREAKOUT_ENTRY_ENABLED"":false,""DELTA_ENGINE_ENABLED"":true,""DELTA_MAX_HOLD_BARS"":1,""D_TREND_REQUIRED"":false,""EMA_TF_15M_ENABLED"":false,""EMA_TF_1H_ENABLED"":false,""EMA_TF_3M_ENABLED"":false,""EMA_TF_4H_ENABLED"":false,""EMA_TF_5M_ENABLED"":false,""EMA_TF_D_ENABLED"":false,""ENTRY_SCORE_THRESHOLD"":12.5,""HA_WICK_QUALITY_ENABLED"":false,""HTF_ALIGNMENT_ENABLED"":false,""K3M_FLOOR"":0.0,""KINDERGARTEN_EMA_GATE_ENABLED"":false,""MACD_ZERO_CROSS_ENABLED"":false,""MFI_ENTRY_ENABLED"":false,""MIN_HOLD_BARS"":0,""MIN_HOLD_BARS_BEFORE_EXIT"":0,""MIN_HOLD_MINUTES_TRADIER"":0.0,""MTF_ARMED_WT_DIRECTION_SUSPEND_ENABLED"":false,""RSI2_MEAN_REVERSION_ENABLED"":false,""RSI_MACD_EMA_ENABLED"":true,""RSI_MACD_EMA_RSI_LONG"":35.0,""RSI_MACD_EMA_TF"":""4h"",""TRADIER_ENTRY_SCORE_THRESHOLD"":0,""TRIPLE_CONF_ENABLED"":false,""WT_DC_HTF_GATE"":""none"",""WT_TF_15M_ENABLED"":false,""WT_TF_1H_ENABLED"":false,""WT_TF_3M_ENABLED"":false,""WT_TF_4H_ENABLED"":false,""WT_TF_5M_ENABLED"":false,""WT_TF_D_ENABLED"":false}"
RSI_MACD_EMA_RSI_LONG,STRATEGY_CAUSAL,declared strategy/catalog/live-path setting,INVALID,10/10 invalid executions,ENGINE_AUTO_WIRED|GLOBAL|QUICK_CONFIG|RECENT_5D,DISCONNECTED_LIVE_PATHS|ENGINE_AUTO_WIRED|QUICK_CONFIG|RECENT_RESULTS_5D,True,True,False,True,True,False,4h,NATIVE_BASE_FIXED,0.0,False,,,0.0,,,,,,,,False,behavior fingerprint unavailable,False,no npz,"{""BACKTEST_VALIDATED_GATES_TRADIER"":false,""BASE_TF"":""3m"",""BB_BREAKOUT_ENABLED"":false,""COOLDOWN_BARS"":0,""COOLDOWN_BARS_TRADIER"":0,""DC_BREAKOUT_ENTRY_ENABLED"":false,""DELTA_ENGINE_ENABLED"":true,""DELTA_MAX_HOLD_BARS"":1,""D_TREND_REQUIRED"":false,""EMA_TF_15M_ENABLED"":false,""EMA_TF_1H_ENABLED"":false,""EMA_TF_3M_ENABLED"":false,""EMA_TF_4H_ENABLED"":false,""EMA_TF_5M_ENABLED"":false,""EMA_TF_D_ENABLED"":false,""ENTRY_SCORE_THRESHOLD"":12.5,""HA_WICK_QUALITY_ENABLED"":false,""HTF_ALIGNMENT_ENABLED"":false,""K3M_FLOOR"":0.0,""KINDERGARTEN_EMA_GATE_ENABLED"":false,""MACD_ZERO_CROSS_ENABLED"":false,""MFI_ENTRY_ENABLED"":false,""MIN_HOLD_BARS"":0,""MIN_HOLD_BARS_BEFORE_EXIT"":0,""MIN_HOLD_MINUTES_TRADIER"":0.0,""MTF_ARMED_WT_DIRECTION_SUSPEND_ENABLED"":false,""RSI2_MEAN_REVERSION_ENABLED"":false,""RSI_MACD_EMA_ENABLED"":true,""RSI_MACD_EMA_RSI_LONG"":0.0,""RSI_MACD_EMA_TF"":""4h"",""TRADIER_ENTRY_SCORE_THRESHOLD"":0,""TRIPLE_CONF_ENABLED"":false,""WT_DC_HTF_GATE"":""none"",""WT_TF_15M_ENABLED"":false,""WT_TF_1H_ENABLED"":false,""WT_TF_3M_ENABLED"":false,""WT_TF_4H_ENABLED"":false,""WT_TF_5M_ENABLED"":false,""WT_TF_D_ENABLED"":false}"
RSI_MACD_EMA_RSI_LONG,STRATEGY_CAUSAL,declared strategy/catalog/live-path setting,INVALID,10/10 invalid executions,ENGINE_AUTO_WIRED|GLOBAL|QUICK_CONFIG|RECENT_5D,DISCONNECTED_LIVE_PATHS|ENGINE_AUTO_WIRED|QUICK_CONFIG|RECENT_RESULTS_5D,True,True,False,True,True,False,D,NATIVE_BASE_FIXED,35.0,False,,,0.0,,,,,,,,False,behavior fingerprint unavailable,False,no npz,"{""BACKTEST_VALIDATED_GATES_TRADIER"":false,""BASE_TF"":""3m"",""BB_BREAKOUT_ENABLED"":false,""COOLDOWN_BARS"":0,""COOLDOWN_BARS_TRADIER"":0,""DC_BREAKOUT_ENTRY_ENABLED"":false,""DELTA_ENGINE_ENABLED"":true,""DELTA_MAX_HOLD_BARS"":1,""D_TREND_REQUIRED"":false,""EMA_TF_15M_ENABLED"":false,""EMA_TF_1H_ENABLED"":false,""EMA_TF_3M_ENABLED"":false,""EMA_TF_4H_ENABLED"":false,""EMA_TF_5M_ENABLED"":false,""EMA_TF_D_ENABLED"":false,""ENTRY_SCORE_THRESHOLD"":12.5,""HA_WICK_QUALITY_ENABLED"":false,""HTF_ALIGNMENT_ENABLED"":false,""K3M_FLOOR"":0.0,""KINDERGARTEN_EMA_GATE_ENABLED"":false,""MACD_ZERO_CROSS_ENABLED"":false,""MFI_ENTRY_ENABLED"":false,""MIN_HOLD_BARS"":0,""MIN_HOLD_BARS_BEFORE_EXIT"":0,""MIN_HOLD_MINUTES_TRADIER"":0.0,""MTF_ARMED_WT_DIRECTION_SUSPEND_ENABLED"":false,""RSI2_MEAN_REVERSION_ENABLED"":false,""RSI_MACD_EMA_ENABLED"":true,""RSI_MACD_EMA_RSI_LONG"":35.0,""RSI_MACD_EMA_TF"":""D"",""TRADIER_ENTRY_SCORE_THRESHOLD"":0,""TRIPLE_CONF_ENABLED"":false,""WT_DC_HTF_GATE"":""none"",""WT_TF_15M_ENABLED"":false,""WT_TF_1H_ENABLED"":false,""WT_TF_3M_ENABLED"":false,""WT_TF_4H_ENABLED"":false,""WT_TF_5M_ENABLED"":false,""WT_TF_D_ENABLED"":false}"
RSI_MACD_EMA_RSI_LONG,STRATEGY_CAUSAL,declared strategy/catalog/live-path setting,INVALID,10/10 invalid executions,ENGINE_AUTO_WIRED|GLOBAL|QUICK_CONFIG|RECENT_5D,DISCONNECTED_LIVE_PATHS|ENGINE_AUTO_WIRED|QUICK_CONFIG|RECENT_RESULTS_5D,True,True,False,True,True,False,D,NATIVE_BASE_FIXED,0.0,False,,,0.0,,,,,,,,False,behavior fingerprint unavailable,False,no npz,"{""BACKTEST_VALIDATED_GATES_TRADIER"":false,""BASE_TF"":""3m"",""BB_BREAKOUT_ENABLED"":false,""COOLDOWN_BARS"":0,""COOLDOWN_BARS_TRADIER"":0,""DC_BREAKOUT_ENTRY_ENABLED"":false,""DELTA_ENGINE_ENABLED"":true,""DELTA_MAX_HOLD_BARS"":1,""D_TREND_REQUIRED"":false,""EMA_TF_15M_ENABLED"":false,""EMA_TF_1H_ENABLED"":false,""EMA_TF_3M_ENABLED"":false,""EMA_TF_4H_ENABLED"":false,""EMA_TF_5M_ENABLED"":false,""EMA_TF_D_ENABLED"":false,""ENTRY_SCORE_THRESHOLD"":12.5,""HA_WICK_QUALITY_ENABLED"":false,""HTF_ALIGNMENT_ENABLED"":false,""K3M_FLOOR"":0.0,""KINDERGARTEN_EMA_GATE_ENABLED"":false,""MACD_ZERO_CROSS_ENABLED"":false,""MFI_ENTRY_ENABLED"":false,""MIN_HOLD_BARS"":0,""MIN_HOLD_BARS_BEFORE_EXIT"":0,""MIN_HOLD_MINUTES_TRADIER"":0.0,""MTF_ARMED_WT_DIRECTION_SUSPEND_ENABLED"":false,""RSI2_MEAN_REVERSION_ENABLED"":false,""RSI_MACD_EMA_ENABLED"":true,""RSI_MACD_EMA_RSI_LONG"":0.0,""RSI_MACD_EMA_TF"":""D"",""TRADIER_ENTRY_SCORE_THRESHOLD"":0,""TRIPLE_CONF_ENABLED"":false,""WT_DC_HTF_GATE"":""none"",""WT_TF_15M_ENABLED"":false,""WT_TF_1H_ENABLED"":false,""WT_TF_3M_ENABLED"":false,""WT_TF_4H_ENABLED"":false,""WT_TF_5M_ENABLED"":false,""WT_TF_D_ENABLED"":false}"
RSI_MACD_EMA_SCORE,STRATEGY_CAUSAL,declared strategy/catalog/live-path setting,INVALID,10/10 invalid executions,ENGINE_AUTO_WIRED|GLOBAL|QUICK_CONFIG|RECENT_5D,DISCONNECTED_LIVE_PATHS|ENGINE_AUTO_WIRED|QUICK_CONFIG|RECENT_RESULTS_5D,True,True,False,True,True,False,3m,NATIVE_BASE_FIXED,25,False,,,0.0,,,,,,,,False,behavior fingerprint unavailable,False,no npz,"{""BACKTEST_VALIDATED_GATES_TRADIER"":false,""BASE_TF"":""3m"",""BB_BREAKOUT_ENABLED"":false,""COOLDOWN_BARS"":0,""COOLDOWN_BARS_TRADIER"":0,""DC_BREAKOUT_ENTRY_ENABLED"":false,""DELTA_ENGINE_ENABLED"":true,""DELTA_MAX_HOLD_BARS"":1,""D_TREND_REQUIRED"":false,""EMA_TF_15M_ENABLED"":false,""EMA_TF_1H_ENABLED"":false,""EMA_TF_3M_ENABLED"":false,""EMA_TF_4H_ENABLED"":false,""EMA_TF_5M_ENABLED"":false,""EMA_TF_D_ENABLED"":false,""ENTRY_SCORE_THRESHOLD"":12.5,""HA_WICK_QUALITY_ENABLED"":false,""HTF_ALIGNMENT_ENABLED"":false,""K3M_FLOOR"":0.0,""KINDERGARTEN_EMA_GATE_ENABLED"":false,""MACD_ZERO_CROSS_ENABLED"":false,""MFI_ENTRY_ENABLED"":false,""MIN_HOLD_BARS"":0,""MIN_HOLD_BARS_BEFORE_EXIT"":0,""MIN_HOLD_MINUTES_TRADIER"":0.0,""MTF_ARMED_WT_DIRECTION_SUSPEND_ENABLED"":false,""RSI2_MEAN_REVERSION_ENABLED"":false,""RSI_MACD_EMA_ENABLED"":true,""RSI_MACD_EMA_SCORE"":25,""RSI_MACD_EMA_TF"":""3m"",""TRADIER_ENTRY_SCORE_THRESHOLD"":0,""TRIPLE_CONF_ENABLED"":false,""WT_DC_HTF_GATE"":""none"",""WT_TF_15M_ENABLED"":false,""WT_TF_1H_ENABLED"":false,""WT_TF_3M_ENABLED"":false,""WT_TF_4H_ENABLED"":false,""WT_TF_5M_ENABLED"":false,""WT_TF_D_ENABLED"":false}"
RSI_MACD_EMA_SCORE,STRATEGY_CAUSAL,declared strategy/catalog/live-path setting,INVALID,10/10 invalid executions,ENGINE_AUTO_WIRED|GLOBAL|QUICK_CONFIG|RECENT_5D,DISCONNECTED_LIVE_PATHS|ENGINE_AUTO_WIRED|QUICK_CONFIG|RECENT_RESULTS_5D,True,True,False,True,True,False,3m,NATIVE_BASE_FIXED,12,False,,,0.0,,,,,,,,False,behavior fingerprint unavailable,False,no npz,"{""BACKTEST_VALIDATED_GATES_TRADIER"":false,""BASE_TF"":""3m"",""BB_BREAKOUT_ENABLED"":false,""COOLDOWN_BARS"":0,""COOLDOWN_BARS_TRADIER"":0,""DC_BREAKOUT_ENTRY_ENABLED"":false,""DELTA_ENGINE_ENABLED"":true,""DELTA_MAX_HOLD_BARS"":1,""D_TREND_REQUIRED"":false,""EMA_TF_15M_ENABLED"":false,""EMA_TF_1H_ENABLED"":false,""EMA_TF_3M_ENABLED"":false,""EMA_TF_4H_ENABLED"":false,""EMA_TF_5M_ENABLED"":false,""EMA_TF_D_ENABLED"":false,""ENTRY_SCORE_THRESHOLD"":18.5,""HA_WICK_QUALITY_ENABLED"":false,""HTF_ALIGNMENT_ENABLED"":false,""K3M_FLOOR"":0.0,""KINDERGARTEN_EMA_GATE_ENABLED"":false,""MACD_ZERO_CROSS_ENABLED"":false,""MFI_ENTRY_ENABLED"":false,""MIN_HOLD_BARS"":0,""MIN_HOLD_BARS_BEFORE_EXIT"":0,""MIN_HOLD_MINUTES_TRADIER"":0.0,""MTF_ARMED_WT_DIRECTION_SUSPEND_ENABLED"":false,""RSI2_MEAN_REVERSION_ENABLED"":false,""RSI_MACD_EMA_ENABLED"":true,""RSI_MACD_EMA_SCORE"":12,""RSI_MACD_EMA_TF"":""3m"",""TRADIER_ENTRY_SCORE_THRESHOLD"":0,""TRIPLE_CONF_ENABLED"":false,""WT_DC_HTF_GATE"":""none"",""WT_TF_15M_ENABLED"":false,""WT_TF_1H_ENABLED"":false,""WT_TF_3M_ENABLED"":false,""WT_TF_4H_ENABLED"":false,""WT_TF_5M_ENABLED"":false,""WT_TF_D_ENABLED"":false}"
RSI_MACD_EMA_SCORE,STRATEGY_CAUSAL,declared strategy/catalog/live-path setting,INVALID,10/10 invalid executions,ENGINE_AUTO_WIRED|GLOBAL|QUICK_CONFIG|RECENT_5D,DISCONNECTED_LIVE_PATHS|ENGINE_AUTO_WIRED|QUICK_CONFIG|RECENT_RESULTS_5D,True,True,False,True,True,False,15m,NATIVE_BASE_FIXED,25,False,,,0.0,,,,,,,,False,behavior fingerprint unavailable,False,no npz,"{""BACKTEST_VALIDATED_GATES_TRADIER"":false,""BASE_TF"":""3m"",""BB_BREAKOUT_ENABLED"":false,""COOLDOWN_BARS"":0,""COOLDOWN_BARS_TRADIER"":0,""DC_BREAKOUT_ENTRY_ENABLED"":false,""DELTA_ENGINE_ENABLED"":true,""DELTA_MAX_HOLD_BARS"":1,""D_TREND_REQUIRED"":false,""EMA_TF_15M_ENABLED"":false,""EMA_TF_1H_ENABLED"":false,""EMA_TF_3M_ENABLED"":false,""EMA_TF_4H_ENABLED"":false,""EMA_TF_5M_ENABLED"":false,""EMA_TF_D_ENABLED"":false,""ENTRY_SCORE_THRESHOLD"":12.5,""HA_WICK_QUALITY_ENABLED"":false,""HTF_ALIGNMENT_ENABLED"":false,""K3M_FLOOR"":0.0,""KINDERGARTEN_EMA_GATE_ENABLED"":false,""MACD_ZERO_CROSS_ENABLED"":false,""MFI_ENTRY_ENABLED"":false,""MIN_HOLD_BARS"":0,""MIN_HOLD_BARS_BEFORE_EXIT"":0,""MIN_HOLD_MINUTES_TRADIER"":0.0,""MTF_ARMED_WT_DIRECTION_SUSPEND_ENABLED"":false,""RSI2_MEAN_REVERSION_ENABLED"":false,""RSI_MACD_EMA_ENABLED"":true,""RSI_MACD_EMA_SCORE"":25,""RSI_MACD_EMA_TF"":""15m"",""TRADIER_ENTRY_SCORE_THRESHOLD"":0,""TRIPLE_CONF_ENABLED"":false,""WT_DC_HTF_GATE"":""none"",""WT_TF_15M_ENABLED"":false,""WT_TF_1H_ENABLED"":false,""WT_TF_3M_ENABLED"":false,""WT_TF_4H_ENABLED"":false,""WT_TF_5M_ENABLED"":false,""WT_TF_D_ENABLED"":false}"
RSI_MACD_EMA_SCORE,STRATEGY_CAUSAL,declared strategy/catalog/live-path setting,INVALID,10/10 invalid executions,ENGINE_AUTO_WIRED|GLOBAL|QUICK_CONFIG|RECENT_5D,DISCONNECTED_LIVE_PATHS|ENGINE_AUTO_WIRED|QUICK_CONFIG|RECENT_RESULTS_5D,True,True,False,True,True,False,15m,NATIVE_BASE_FIXED,12,False,,,0.0,,,,,,,,False,behavior fingerprint unavailable,False,no npz,"{""BACKTEST_VALIDATED_GATES_TRADIER"":false,""BASE_TF"":""3m"",""BB_BREAKOUT_ENABLED"":false,""COOLDOWN_BARS"":0,""COOLDOWN_BARS_TRADIER"":0,""DC_BREAKOUT_ENTRY_ENABLED"":false,""DELTA_ENGINE_ENABLED"":true,""DELTA_MAX_HOLD_BARS"":1,""D_TREND_REQUIRED"":false,""EMA_TF_15M_ENABLED"":false,""EMA_TF_1H_ENABLED"":false,""EMA_TF_3M_ENABLED"":false,""EMA_TF_4H_ENABLED"":false,""EMA_TF_5M_ENABLED"":false,""EMA_TF_D_ENABLED"":false,""ENTRY_SCORE_THRESHOLD"":18.5,""HA_WICK_QUALITY_ENABLED"":false,""HTF_ALIGNMENT_ENABLED"":false,""K3M_FLOOR"":0.0,""KINDERGARTEN_EMA_GATE_ENABLED"":false,""MACD_ZERO_CROSS_ENABLED"":false,""MFI_ENTRY_ENABLED"":false,""MIN_HOLD_BARS"":0,""MIN_HOLD_BARS_BEFORE_EXIT"":0,""MIN_HOLD_MINUTES_TRADIER"":0.0,""MTF_ARMED_WT_DIRECTION_SUSPEND_ENABLED"":false,""RSI2_MEAN_REVERSION_ENABLED"":false,""RSI_MACD_EMA_ENABLED"":true,""RSI_MACD_EMA_SCORE"":12,""RSI_MACD_EMA_TF"":""15m"",""TRADIER_ENTRY_SCORE_THRESHOLD"":0,""TRIPLE_CONF_ENABLED"":false,""WT_DC_HTF_GATE"":""none"",""WT_TF_15M_ENABLED"":false,""WT_TF_1H_ENABLED"":false,""WT_TF_3M_ENABLED"":false,""WT_TF_4H_ENABLED"":false,""WT_TF_5M_ENABLED"":false,""WT_TF_D_ENABLED"":false}"
RSI_MACD_EMA_SCORE,STRATEGY_CAUSAL,declared strategy/catalog/live-path setting,INVALID,10/10 invalid executions,ENGINE_AUTO_WIRED|GLOBAL|QUICK_CONFIG|RECENT_5D,DISCONNECTED_LIVE_PATHS|ENGINE_AUTO_WIRED|QUICK_CONFIG|RECENT_RESULTS_5D,True,True,False,True,True,False,1h,NATIVE_BASE_FIXED,25,False,,,0.0,,,,,,,,False,behavior fingerprint unavailable,False,no npz,"{""BACKTEST_VALIDATED_GATES_TRADIER"":false,""BASE_TF"":""3m"",""BB_BREAKOUT_ENABLED"":false,""COOLDOWN_BARS"":0,""COOLDOWN_BARS_TRADIER"":0,""DC_BREAKOUT_ENTRY_ENABLED"":false,""DELTA_ENGINE_ENABLED"":true,""DELTA_MAX_HOLD_BARS"":1,""D_TREND_REQUIRED"":false,""EMA_TF_15M_ENABLED"":false,""EMA_TF_1H_ENABLED"":false,""EMA_TF_3M_ENABLED"":false,""EMA_TF_4H_ENABLED"":false,""EMA_TF_5M_ENABLED"":false,""EMA_TF_D_ENABLED"":false,""ENTRY_SCORE_THRESHOLD"":12.5,""HA_WICK_QUALITY_ENABLED"":false,""HTF_ALIGNMENT_ENABLED"":false,""K3M_FLOOR"":0.0,""KINDERGARTEN_EMA_GATE_ENABLED"":false,""MACD_ZERO_CROSS_ENABLED"":false,""MFI_ENTRY_ENABLED"":false,""MIN_HOLD_BARS"":0,""MIN_HOLD_BARS_BEFORE_EXIT"":0,""MIN_HOLD_MINUTES_TRADIER"":0.0,""MTF_ARMED_WT_DIRECTION_SUSPEND_ENABLED"":false,""RSI2_MEAN_REVERSION_ENABLED"":false,""RSI_MACD_EMA_ENABLED"":true,""RSI_MACD_EMA_SCORE"":25,""RSI_MACD_EMA_TF"":""1h"",""TRADIER_ENTRY_SCORE_THRESHOLD"":0,""TRIPLE_CONF_ENABLED"":false,""WT_DC_HTF_GATE"":""none"",""WT_TF_15M_ENABLED"":false,""WT_TF_1H_ENABLED"":false,""WT_TF_3M_ENABLED"":false,""WT_TF_4H_ENABLED"":false,""WT_TF_5M_ENABLED"":false,""WT_TF_D_ENABLED"":false}"
RSI_MACD_EMA_SCORE,STRATEGY_CAUSAL,declared strategy/catalog/live-path setting,INVALID,10/10 invalid executions,ENGINE_AUTO_WIRED|GLOBAL|QUICK_CONFIG|RECENT_5D,DISCONNECTED_LIVE_PATHS|ENGINE_AUTO_WIRED|QUICK_CONFIG|RECENT_RESULTS_5D,True,True,False,True,True,False,1h,NATIVE_BASE_FIXED,12,False,,,0.0,,,,,,,,False,behavior fingerprint unavailable,False,no npz,"{""BACKTEST_VALIDATED_GATES_TRADIER"":false,""BASE_TF"":""3m"",""BB_BREAKOUT_ENABLED"":false,""COOLDOWN_BARS"":0,""COOLDOWN_BARS_TRADIER"":0,""DC_BREAKOUT_ENTRY_ENABLED"":false,""DELTA_ENGINE_ENABLED"":true,""DELTA_MAX_HOLD_BARS"":1,""D_TREND_REQUIRED"":false,""EMA_TF_15M_ENABLED"":false,""EMA_TF_1H_ENABLED"":false,""EMA_TF_3M_ENABLED"":false,""EMA_TF_4H_ENABLED"":false,""EMA_TF_5M_ENABLED"":false,""EMA_TF_D_ENABLED"":false,""ENTRY_SCORE_THRESHOLD"":18.5,""HA_WICK_QUALITY_ENABLED"":false,""HTF_ALIGNMENT_ENABLED"":false,""K3M_FLOOR"":0.0,""KINDERGARTEN_EMA_GATE_ENABLED"":false,""MACD_ZERO_CROSS_ENABLED"":false,""MFI_ENTRY_ENABLED"":false,""MIN_HOLD_BARS"":0,""MIN_HOLD_BARS_BEFORE_EXIT"":0,""MIN_HOLD_MINUTES_TRADIER"":0.0,""MTF_ARMED_WT_DIRECTION_SUSPEND_ENABLED"":false,""RSI2_MEAN_REVERSION_ENABLED"":false,""RSI_MACD_EMA_ENABLED"":true,""RSI_MACD_EMA_SCORE"":12,""RSI_MACD_EMA_TF"":""1h"",""TRADIER_ENTRY_SCORE_THRESHOLD"":0,""TRIPLE_CONF_ENABLED"":false,""WT_DC_HTF_GATE"":""none"",""WT_TF_15M_ENABLED"":false,""WT_TF_1H_ENABLED"":false,""WT_TF_3M_ENABLED"":false,""WT_TF_4H_ENABLED"":false,""WT_TF_5M_ENABLED"":false,""WT_TF_D_ENABLED"":false}"
RSI_MACD_EMA_SCORE,STRATEGY_CAUSAL,declared strategy/catalog/live-path setting,INVALID,10/10 invalid executions,ENGINE_AUTO_WIRED|GLOBAL|QUICK_CONFIG|RECENT_5D,DISCONNECTED_LIVE_PATHS|ENGINE_AUTO_WIRED|QUICK_CONFIG|RECENT_RESULTS_5D,True,True,False,True,True,False,4h,NATIVE_BASE_FIXED,25,False,,,0.0,,,,,,,,False,behavior fingerprint unavailable,False,no npz,"{""BACKTEST_VALIDATED_GATES_TRADIER"":false,""BASE_TF"":""3m"",""BB_BREAKOUT_ENABLED"":false,""COOLDOWN_BARS"":0,""COOLDOWN_BARS_TRADIER"":0,""DC_BREAKOUT_ENTRY_ENABLED"":false,""DELTA_ENGINE_ENABLED"":true,""DELTA_MAX_HOLD_BARS"":1,""D_TREND_REQUIRED"":false,""EMA_TF_15M_ENABLED"":false,""EMA_TF_1H_ENABLED"":false,""EMA_TF_3M_ENABLED"":false,""EMA_TF_4H_ENABLED"":false,""EMA_TF_5M_ENABLED"":false,""EMA_TF_D_ENABLED"":false,""ENTRY_SCORE_THRESHOLD"":12.5,""HA_WICK_QUALITY_ENABLED"":false,""HTF_ALIGNMENT_ENABLED"":false,""K3M_FLOOR"":0.0,""KINDERGARTEN_EMA_GATE_ENABLED"":false,""MACD_ZERO_CROSS_ENABLED"":false,""MFI_ENTRY_ENABLED"":false,""MIN_HOLD_BARS"":0,""MIN_HOLD_BARS_BEFORE_EXIT"":0,""MIN_HOLD_MINUTES_TRADIER"":0.0,""MTF_ARMED_WT_DIRECTION_SUSPEND_ENABLED"":false,""RSI2_MEAN_REVERSION_ENABLED"":false,""RSI_MACD_EMA_ENABLED"":true,""RSI_MACD_EMA_SCORE"":25,""RSI_MACD_EMA_TF"":""4h"",""TRADIER_ENTRY_SCORE_THRESHOLD"":0,""TRIPLE_CONF_ENABLED"":false,""WT_DC_HTF_GATE"":""none"",""WT_TF_15M_ENABLED"":false,""WT_TF_1H_ENABLED"":false,""WT_TF_3M_ENABLED"":false,""WT_TF_4H_ENABLED"":false,""WT_TF_5M_ENABLED"":false,""WT_TF_D_ENABLED"":false}"
RSI_MACD_EMA_SCORE,STRATEGY_CAUSAL,declared strategy/catalog/live-path setting,INVALID,10/10 invalid executions,ENGINE_AUTO_WIRED|GLOBAL|QUICK_CONFIG|RECENT_5D,DISCONNECTED_LIVE_PATHS|ENGINE_AUTO_WIRED|QUICK_CONFIG|RECENT_RESULTS_5D,True,True,False,True,True,False,4h,NATIVE_BASE_FIXED,12,False,,,0.0,,,,,,,,False,behavior fingerprint unavailable,False,no npz,"{""BACKTEST_VALIDATED_GATES_TRADIER"":false,""BASE_TF"":""3m"",""BB_BREAKOUT_ENABLED"":false,""COOLDOWN_BARS"":0,""COOLDOWN_BARS_TRADIER"":0,""DC_BREAKOUT_ENTRY_ENABLED"":false,""DELTA_ENGINE_ENABLED"":true,""DELTA_MAX_HOLD_BARS"":1,""D_TREND_REQUIRED"":false,""EMA_TF_15M_ENABLED"":false,""EMA_TF_1H_ENABLED"":false,""EMA_TF_3M_ENABLED"":false,""EMA_TF_4H_ENABLED"":false,""EMA_TF_5M_ENABLED"":false,""EMA_TF_D_ENABLED"":false,""ENTRY_SCORE_THRESHOLD"":18.5,""HA_WICK_QUALITY_ENABLED"":false,""HTF_ALIGNMENT_ENABLED"":false,""K3M_FLOOR"":0.0,""KINDERGARTEN_EMA_GATE_ENABLED"":false,""MACD_ZERO_CROSS_ENABLED"":false,""MFI_ENTRY_ENABLED"":false,""MIN_HOLD_BARS"":0,""MIN_HOLD_BARS_BEFORE_EXIT"":0,""MIN_HOLD_MINUTES_TRADIER"":0.0,""MTF_ARMED_WT_DIRECTION_SUSPEND_ENABLED"":false,""RSI2_MEAN_REVERSION_ENABLED"":false,""RSI_MACD_EMA_ENABLED"":true,""RSI_MACD_EMA_SCORE"":12,""RSI_MACD_EMA_TF"":""4h"",""TRADIER_ENTRY_SCORE_THRESHOLD"":0,""TRIPLE_CONF_ENABLED"":false,""WT_DC_HTF_GATE"":""none"",""WT_TF_15M_ENABLED"":false,""WT_TF_1H_ENABLED"":false,""WT_TF_3M_ENABLED"":false,""WT_TF_4H_ENABLED"":false,""WT_TF_5M_ENABLED"":false,""WT_TF_D_ENABLED"":false}"
RSI_MACD_EMA_SCORE,STRATEGY_CAUSAL,declared strategy/catalog/live-path setting,INVALID,10/10 invalid executions,ENGINE_AUTO_WIRED|GLOBAL|QUICK_CONFIG|RECENT_5D,DISCONNECTED_LIVE_PATHS|ENGINE_AUTO_WIRED|QUICK_CONFIG|RECENT_RESULTS_5D,True,True,False,True,True,False,D,NATIVE_BASE_FIXED,25,False,,,0.0,,,,,,,,False,behavior fingerprint unavailable,False,no npz,"{""BACKTEST_VALIDATED_GATES_TRADIER"":false,""BASE_TF"":""3m"",""BB_BREAKOUT_ENABLED"":false,""COOLDOWN_BARS"":0,""COOLDOWN_BARS_TRADIER"":0,""DC_BREAKOUT_ENTRY_ENABLED"":false,""DELTA_ENGINE_ENABLED"":true,""DELTA_MAX_HOLD_BARS"":1,""D_TREND_REQUIRED"":false,""EMA_TF_15M_ENABLED"":false,""EMA_TF_1H_ENABLED"":false,""EMA_TF_3M_ENABLED"":false,""EMA_TF_4H_ENABLED"":false,""EMA_TF_5M_ENABLED"":false,""EMA_TF_D_ENABLED"":false,""ENTRY_SCORE_THRESHOLD"":12.5,""HA_WICK_QUALITY_ENABLED"":false,""HTF_ALIGNMENT_ENABLED"":false,""K3M_FLOOR"":0.0,""KINDERGARTEN_EMA_GATE_ENABLED"":false,""MACD_ZERO_CROSS_ENABLED"":false,""MFI_ENTRY_ENABLED"":false,""MIN_HOLD_BARS"":0,""MIN_HOLD_BARS_BEFORE_EXIT"":0,""MIN_HOLD_MINUTES_TRADIER"":0.0,""MTF_ARMED_WT_DIRECTION_SUSPEND_ENABLED"":false,""RSI2_MEAN_REVERSION_ENABLED"":false,""RSI_MACD_EMA_ENABLED"":true,""RSI_MACD_EMA_SCORE"":25,""RSI_MACD_EMA_TF"":""D"",""TRADIER_ENTRY_SCORE_THRESHOLD"":0,""TRIPLE_CONF_ENABLED"":false,""WT_DC_HTF_GATE"":""none"",""WT_TF_15M_ENABLED"":false,""WT_TF_1H_ENABLED"":false,""WT_TF_3M_ENABLED"":false,""WT_TF_4H_ENABLED"":false,""WT_TF_5M_ENABLED"":false,""WT_TF_D_ENABLED"":false}"
RSI_MACD_EMA_SCORE,STRATEGY_CAUSAL,declared strategy/catalog/live-path setting,INVALID,10/10 invalid executions,ENGINE_AUTO_WIRED|GLOBAL|QUICK_CONFIG|RECENT_5D,DISCONNECTED_LIVE_PATHS|ENGINE_AUTO_WIRED|QUICK_CONFIG|RECENT_RESULTS_5D,True,True,False,True,True,False,D,NATIVE_BASE_FIXED,12,False,,,0.0,,,,,,,,False,behavior fingerprint unavailable,False,no npz,"{""BACKTEST_VALIDATED_GATES_TRADIER"":false,""BASE_TF"":""3m"",""BB_BREAKOUT_ENABLED"":false,""COOLDOWN_BARS"":0,""COOLDOWN_BARS_TRADIER"":0,""DC_BREAKOUT_ENTRY_ENABLED"":false,""DELTA_ENGINE_ENABLED"":true,""DELTA_MAX_HOLD_BARS"":1,""D_TREND_REQUIRED"":false,""EMA_TF_15M_ENABLED"":false,""EMA_TF_1H_ENABLED"":false,""EMA_TF_3M_ENABLED"":false,""EMA_TF_4H_ENABLED"":false,""EMA_TF_5M_ENABLED"":false,""EMA_TF_D_ENABLED"":false,""ENTRY_SCORE_THRESHOLD"":18.5,""HA_WICK_QUALITY_ENABLED"":false,""HTF_ALIGNMENT_ENABLED"":false,""K3M_FLOOR"":0.0,""KINDERGARTEN_EMA_GATE_ENABLED"":false,""MACD_ZERO_CROSS_ENABLED"":false,""MFI_ENTRY_ENABLED"":false,""MIN_HOLD_BARS"":0,""MIN_HOLD_BARS_BEFORE_EXIT"":0,""MIN_HOLD_MINUTES_TRADIER"":0.0,""MTF_ARMED_WT_DIRECTION_SUSPEND_ENABLED"":false,""RSI2_MEAN_REVERSION_ENABLED"":false,""RSI_MACD_EMA_ENABLED"":true,""RSI_MACD_EMA_SCORE"":12,""RSI_MACD_EMA_TF"":""D"",""TRADIER_ENTRY_SCORE_THRESHOLD"":0,""TRIPLE_CONF_ENABLED"":false,""WT_DC_HTF_GATE"":""none"",""WT_TF_15M_ENABLED"":false,""WT_TF_1H_ENABLED"":false,""WT_TF_3M_ENABLED"":false,""WT_TF_4H_ENABLED"":false,""WT_TF_5M_ENABLED"":false,""WT_TF_D_ENABLED"":false}"
RSI_MACD_EMA_TF,STRATEGY_CAUSAL,declared strategy/catalog/live-path setting,INVALID,5/5 invalid executions,ENGINE_AUTO_WIRED|GLOBAL|QUICK_CONFIG|RECENT_5D,DISCONNECTED_LIVE_PATHS|ENGINE_AUTO_WIRED|QUICK_CONFIG|RECENT_RESULTS_5D,True,True,False,True,True,False,3m,,"""3m""",False,,,0.0,,,,,,,,False,behavior fingerprint unavailable,False,no npz,"{""BACKTEST_VALIDATED_GATES_TRADIER"":false,""BASE_TF"":""3m"",""BB_BREAKOUT_ENABLED"":false,""COOLDOWN_BARS"":0,""COOLDOWN_BARS_TRADIER"":0,""DC_BREAKOUT_ENTRY_ENABLED"":false,""DELTA_ENGINE_ENABLED"":true,""DELTA_MAX_HOLD_BARS"":1,""D_TREND_REQUIRED"":false,""EMA_TF_15M_ENABLED"":false,""EMA_TF_1H_ENABLED"":false,""EMA_TF_3M_ENABLED"":false,""EMA_TF_4H_ENABLED"":false,""EMA_TF_5M_ENABLED"":false,""EMA_TF_D_ENABLED"":false,""ENTRY_SCORE_THRESHOLD"":12.5,""HA_WICK_QUALITY_ENABLED"":false,""HTF_ALIGNMENT_ENABLED"":false,""K3M_FLOOR"":0.0,""KINDERGARTEN_EMA_GATE_ENABLED"":false,""MACD_ZERO_CROSS_ENABLED"":false,""MFI_ENTRY_ENABLED"":false,""MIN_HOLD_BARS"":0,""MIN_HOLD_BARS_BEFORE_EXIT"":0,""MIN_HOLD_MINUTES_TRADIER"":0.0,""MTF_ARMED_WT_DIRECTION_SUSPEND_ENABLED"":false,""RSI2_MEAN_REVERSION_ENABLED"":false,""RSI_MACD_EMA_ENABLED"":true,""RSI_MACD_EMA_TF"":""3m"",""TRADIER_ENTRY_SCORE_THRESHOLD"":0,""TRIPLE_CONF_ENABLED"":false,""WT_DC_HTF_GATE"":""none"",""WT_TF_15M_ENABLED"":false,""WT_TF_1H_ENABLED"":false,""WT_TF_3M_ENABLED"":false,""WT_TF_4H_ENABLED"":false,""WT_TF_5M_ENABLED"":false,""WT_TF_D_ENABLED"":false}"
RSI_MACD_EMA_TF,STRATEGY_CAUSAL,declared strategy/catalog/live-path setting,INVALID,5/5 invalid executions,ENGINE_AUTO_WIRED|GLOBAL|QUICK_CONFIG|RECENT_5D,DISCONNECTED_LIVE_PATHS|ENGINE_AUTO_WIRED|QUICK_CONFIG|RECENT_RESULTS_5D,True,True,False,True,True,False,15m,,"""15m""",False,,,0.0,,,,,,,,False,behavior fingerprint unavailable,False,no npz,"{""BACKTEST_VALIDATED_GATES_TRADIER"":false,""BASE_TF"":""3m"",""BB_BREAKOUT_ENABLED"":false,""COOLDOWN_BARS"":0,""COOLDOWN_BARS_TRADIER"":0,""DC_BREAKOUT_ENTRY_ENABLED"":false,""DELTA_ENGINE_ENABLED"":true,""DELTA_MAX_HOLD_BARS"":1,""D_TREND_REQUIRED"":false,""EMA_TF_15M_ENABLED"":false,""EMA_TF_1H_ENABLED"":false,""EMA_TF_3M_ENABLED"":false,""EMA_TF_4H_ENABLED"":false,""EMA_TF_5M_ENABLED"":false,""EMA_TF_D_ENABLED"":false,""ENTRY_SCORE_THRESHOLD"":12.5,""HA_WICK_QUALITY_ENABLED"":false,""HTF_ALIGNMENT_ENABLED"":false,""K3M_FLOOR"":0.0,""KINDERGARTEN_EMA_GATE_ENABLED"":false,""MACD_ZERO_CROSS_ENABLED"":false,""MFI_ENTRY_ENABLED"":false,""MIN_HOLD_BARS"":0,""MIN_HOLD_BARS_BEFORE_EXIT"":0,""MIN_HOLD_MINUTES_TRADIER"":0.0,""MTF_ARMED_WT_DIRECTION_SUSPEND_ENABLED"":false,""RSI2_MEAN_REVERSION_ENABLED"":false,""RSI_MACD_EMA_ENABLED"":true,""RSI_MACD_EMA_TF"":""15m"",""TRADIER_ENTRY_SCORE_THRESHOLD"":0,""TRIPLE_CONF_ENABLED"":false,""WT_DC_HTF_GATE"":""none"",""WT_TF_15M_ENABLED"":false,""WT_TF_1H_ENABLED"":false,""WT_TF_3M_ENABLED"":false,""WT_TF_4H_ENABLED"":false,""WT_TF_5M_ENABLED"":false,""WT_TF_D_ENABLED"":false}"
RSI_MACD_EMA_TF,STRATEGY_CAUSAL,declared strategy/catalog/live-path setting,INVALID,5/5 invalid executions,ENGINE_AUTO_WIRED|GLOBAL|QUICK_CONFIG|RECENT_5D,DISCONNECTED_LIVE_PATHS|ENGINE_AUTO_WIRED|QUICK_CONFIG|RECENT_RESULTS_5D,True,True,False,True,True,False,1h,,"""1h""",False,,,0.0,,,,,,,,False,behavior fingerprint unavailable,False,no npz,"{""BACKTEST_VALIDATED_GATES_TRADIER"":false,""BASE_TF"":""3m"",""BB_BREAKOUT_ENABLED"":false,""COOLDOWN_BARS"":0,""COOLDOWN_BARS_TRADIER"":0,""DC_BREAKOUT_ENTRY_ENABLED"":false,""DELTA_ENGINE_ENABLED"":true,""DELTA_MAX_HOLD_BARS"":1,""D_TREND_REQUIRED"":false,""EMA_TF_15M_ENABLED"":false,""EMA_TF_1H_ENABLED"":false,""EMA_TF_3M_ENABLED"":false,""EMA_TF_4H_ENABLED"":false,""EMA_TF_5M_ENABLED"":false,""EMA_TF_D_ENABLED"":false,""ENTRY_SCORE_THRESHOLD"":12.5,""HA_WICK_QUALITY_ENABLED"":false,""HTF_ALIGNMENT_ENABLED"":false,""K3M_FLOOR"":0.0,""KINDERGARTEN_EMA_GATE_ENABLED"":false,""MACD_ZERO_CROSS_ENABLED"":false,""MFI_ENTRY_ENABLED"":false,""MIN_HOLD_BARS"":0,""MIN_HOLD_BARS_BEFORE_EXIT"":0,""MIN_HOLD_MINUTES_TRADIER"":0.0,""MTF_ARMED_WT_DIRECTION_SUSPEND_ENABLED"":false,""RSI2_MEAN_REVERSION_ENABLED"":false,""RSI_MACD_EMA_ENABLED"":true,""RSI_MACD_EMA_TF"":""1h"",""TRADIER_ENTRY_SCORE_THRESHOLD"":0,""TRIPLE_CONF_ENABLED"":false,""WT_DC_HTF_GATE"":""none"",""WT_TF_15M_ENABLED"":false,""WT_TF_1H_ENABLED"":false,""WT_TF_3M_ENABLED"":false,""WT_TF_4H_ENABLED"":false,""WT_TF_5M_ENABLED"":false,""WT_TF_D_ENABLED"":false}"
RSI_MACD_EMA_TF,STRATEGY_CAUSAL,declared strategy/catalog/live-path setting,INVALID,5/5 invalid executions,ENGINE_AUTO_WIRED|GLOBAL|QUICK_CONFIG|RECENT_5D,DISCONNECTED_LIVE_PATHS|ENGINE_AUTO_WIRED|QUICK_CONFIG|RECENT_RESULTS_5D,True,True,False,True,True,False,4h,,"""4h""",False,,,0.0,,,,,,,,False,behavior fingerprint unavailable,False,no npz,"{""BACKTEST_VALIDATED_GATES_TRADIER"":false,""BASE_TF"":""3m"",""BB_BREAKOUT_ENABLED"":false,""COOLDOWN_BARS"":0,""COOLDOWN_BARS_TRADIER"":0,""DC_BREAKOUT_ENTRY_ENABLED"":false,""DELTA_ENGINE_ENABLED"":true,""DELTA_MAX_HOLD_BARS"":1,""D_TREND_REQUIRED"":false,""EMA_TF_15M_ENABLED"":false,""EMA_TF_1H_ENABLED"":false,""EMA_TF_3M_ENABLED"":false,""EMA_TF_4H_ENABLED"":false,""EMA_TF_5M_ENABLED"":false,""EMA_TF_D_ENABLED"":false,""ENTRY_SCORE_THRESHOLD"":12.5,""HA_WICK_QUALITY_ENABLED"":false,""HTF_ALIGNMENT_ENABLED"":false,""K3M_FLOOR"":0.0,""KINDERGARTEN_EMA_GATE_ENABLED"":false,""MACD_ZERO_CROSS_ENABLED"":false,""MFI_ENTRY_ENABLED"":false,""MIN_HOLD_BARS"":0,""MIN_HOLD_BARS_BEFORE_EXIT"":0,""MIN_HOLD_MINUTES_TRADIER"":0.0,""MTF_ARMED_WT_DIRECTION_SUSPEND_ENABLED"":false,""RSI2_MEAN_REVERSION_ENABLED"":false,""RSI_MACD_EMA_ENABLED"":true,""RSI_MACD_EMA_TF"":""4h"",""TRADIER_ENTRY_SCORE_THRESHOLD"":0,""TRIPLE_CONF_ENABLED"":false,""WT_DC_HTF_GATE"":""none"",""WT_TF_15M_ENABLED"":false,""WT_TF_1H_ENABLED"":false,""WT_TF_3M_ENABLED"":false,""WT_TF_4H_ENABLED"":false,""WT_TF_5M_ENABLED"":false,""WT_TF_D_ENABLED"":false}"
RSI_MACD_EMA_TF,STRATEGY_CAUSAL,declared strategy/catalog/live-path setting,INVALID,5/5 invalid executions,ENGINE_AUTO_WIRED|GLOBAL|QUICK_CONFIG|RECENT_5D,DISCONNECTED_LIVE_PATHS|ENGINE_AUTO_WIRED|QUICK_CONFIG|RECENT_RESULTS_5D,True,True,False,True,True,False,D,,"""D""",False,,,0.0,,,,,,,,False,behavior fingerprint unavailable,False,no npz,"{""BACKTEST_VALIDATED_GATES_TRADIER"":false,""BASE_TF"":""3m"",""BB_BREAKOUT_ENABLED"":false,""COOLDOWN_BARS"":0,""COOLDOWN_BARS_TRADIER"":0,""DC_BREAKOUT_ENTRY_ENABLED"":false,""DELTA_ENGINE_ENABLED"":true,""DELTA_MAX_HOLD_BARS"":1,""D_TREND_REQUIRED"":false,""EMA_TF_15M_ENABLED"":false,""EMA_TF_1H_ENABLED"":false,""EMA_TF_3M_ENABLED"":false,""EMA_TF_4H_ENABLED"":false,""EMA_TF_5M_ENABLED"":false,""EMA_TF_D_ENABLED"":false,""ENTRY_SCORE_THRESHOLD"":12.5,""HA_WICK_QUALITY_ENABLED"":false,""HTF_ALIGNMENT_ENABLED"":false,""K3M_FLOOR"":0.0,""KINDERGARTEN_EMA_GATE_ENABLED"":false,""MACD_ZERO_CROSS_ENABLED"":false,""MFI_ENTRY_ENABLED"":false,""MIN_HOLD_BARS"":0,""MIN_HOLD_BARS_BEFORE_EXIT"":0,""MIN_HOLD_MINUTES_TRADIER"":0.0,""MTF_ARMED_WT_DIRECTION_SUSPEND_ENABLED"":false,""RSI2_MEAN_REVERSION_ENABLED"":false,""RSI_MACD_EMA_ENABLED"":true,""RSI_MACD_EMA_TF"":""D"",""TRADIER_ENTRY_SCORE_THRESHOLD"":0,""TRIPLE_CONF_ENABLED"":false,""WT_DC_HTF_GATE"":""none"",""WT_TF_15M_ENABLED"":false,""WT_TF_1H_ENABLED"":false,""WT_TF_3M_ENABLED"":false,""WT_TF_4H_ENABLED"":false,""WT_TF_5M_ENABLED"":false,""WT_TF_D_ENABLED"":false}"
TRIPLE_CONF_ENABLED,STRATEGY_CAUSAL,declared strategy/catalog/live-path setting,INVALID,10/10 invalid executions,ENGINE_AUTO_WIRED|GLOBAL|QUICK_CONFIG|RECENT_5D,DISCONNECTED_LIVE_PATHS|ENGINE_AUTO_WIRED|QUICK_CONFIG|RECENT_RESULTS_5D,True,True,True,True,True,False,3m,NATIVE_BASE_FIXED,false,False,,,0.0,,,,,,,,False,behavior fingerprint unavailable,False,no npz,"{""BACKTEST_VALIDATED_GATES_TRADIER"":false,""BASE_TF"":""3m"",""BB_BREAKOUT_ENABLED"":false,""COOLDOWN_BARS"":0,""COOLDOWN_BARS_TRADIER"":0,""DC_BREAKOUT_ENTRY_ENABLED"":false,""DELTA_ENGINE_ENABLED"":true,""DELTA_MAX_HOLD_BARS"":1,""D_TREND_REQUIRED"":false,""EMA_TF_15M_ENABLED"":false,""EMA_TF_1H_ENABLED"":false,""EMA_TF_3M_ENABLED"":false,""EMA_TF_4H_ENABLED"":false,""EMA_TF_5M_ENABLED"":false,""EMA_TF_D_ENABLED"":false,""ENTRY_SCORE_THRESHOLD"":15.0,""HA_WICK_QUALITY_ENABLED"":false,""HTF_ALIGNMENT_ENABLED"":false,""K3M_FLOOR"":0.0,""KINDERGARTEN_EMA_GATE_ENABLED"":false,""MACD_ZERO_CROSS_ENABLED"":false,""MFI_ENTRY_ENABLED"":false,""MIN_HOLD_BARS"":0,""MIN_HOLD_BARS_BEFORE_EXIT"":0,""MIN_HOLD_MINUTES_TRADIER"":0.0,""MTF_ARMED_WT_DIRECTION_SUSPEND_ENABLED"":false,""RSI2_MEAN_REVERSION_ENABLED"":false,""RSI_MACD_EMA_ENABLED"":false,""TRADIER_ENTRY_SCORE_THRESHOLD"":0,""TRIPLE_CONF_ENABLED"":false,""TRIPLE_CONF_TF"":""3m"",""WT_DC_HTF_GATE"":""none"",""WT_TF_15M_ENABLED"":false,""WT_TF_1H_ENABLED"":false,""WT_TF_3M_ENABLED"":false,""WT_TF_4H_ENABLED"":false,""WT_TF_5M_ENABLED"":false,""WT_TF_D_ENABLED"":false}"
TRIPLE_CONF_ENABLED,STRATEGY_CAUSAL,declared strategy/catalog/live-path setting,INVALID,10/10 invalid executions,ENGINE_AUTO_WIRED|GLOBAL|QUICK_CONFIG|RECENT_5D,DISCONNECTED_LIVE_PATHS|ENGINE_AUTO_WIRED|QUICK_CONFIG|RECENT_RESULTS_5D,True,True,True,True,True,False,3m,NATIVE_BASE_FIXED,true,False,,,0.0,,,,,,,,False,behavior fingerprint unavailable,False,no npz,"{""BACKTEST_VALIDATED_GATES_TRADIER"":false,""BASE_TF"":""3m"",""BB_BREAKOUT_ENABLED"":false,""COOLDOWN_BARS"":0,""COOLDOWN_BARS_TRADIER"":0,""DC_BREAKOUT_ENTRY_ENABLED"":false,""DELTA_ENGINE_ENABLED"":true,""DELTA_MAX_HOLD_BARS"":1,""D_TREND_REQUIRED"":false,""EMA_TF_15M_ENABLED"":false,""EMA_TF_1H_ENABLED"":false,""EMA_TF_3M_ENABLED"":false,""EMA_TF_4H_ENABLED"":false,""EMA_TF_5M_ENABLED"":false,""EMA_TF_D_ENABLED"":false,""ENTRY_SCORE_THRESHOLD"":15.0,""HA_WICK_QUALITY_ENABLED"":false,""HTF_ALIGNMENT_ENABLED"":false,""K3M_FLOOR"":0.0,""KINDERGARTEN_EMA_GATE_ENABLED"":false,""MACD_ZERO_CROSS_ENABLED"":false,""MFI_ENTRY_ENABLED"":false,""MIN_HOLD_BARS"":0,""MIN_HOLD_BARS_BEFORE_EXIT"":0,""MIN_HOLD_MINUTES_TRADIER"":0.0,""MTF_ARMED_WT_DIRECTION_SUSPEND_ENABLED"":false,""RSI2_MEAN_REVERSION_ENABLED"":false,""RSI_MACD_EMA_ENABLED"":false,""TRADIER_ENTRY_SCORE_THRESHOLD"":0,""TRIPLE_CONF_ENABLED"":true,""TRIPLE_CONF_TF"":""3m"",""WT_DC_HTF_GATE"":""none"",""WT_TF_15M_ENABLED"":false,""WT_TF_1H_ENABLED"":false,""WT_TF_3M_ENABLED"":false,""WT_TF_4H_ENABLED"":false,""WT_TF_5M_ENABLED"":false,""WT_TF_D_ENABLED"":false}"
TRIPLE_CONF_ENABLED,STRATEGY_CAUSAL,declared strategy/catalog/live-path setting,INVALID,10/10 invalid executions,ENGINE_AUTO_WIRED|GLOBAL|QUICK_CONFIG|RECENT_5D,DISCONNECTED_LIVE_PATHS|ENGINE_AUTO_WIRED|QUICK_CONFIG|RECENT_RESULTS_5D,True,True,True,True,True,False,15m,NATIVE_BASE_FIXED,false,False,,,0.0,,,,,,,,False,behavior fingerprint unavailable,False,no npz,"{""BACKTEST_VALIDATED_GATES_TRADIER"":false,""BASE_TF"":""3m"",""BB_BREAKOUT_ENABLED"":false,""COOLDOWN_BARS"":0,""COOLDOWN_BARS_TRADIER"":0,""DC_BREAKOUT_ENTRY_ENABLED"":false,""DELTA_ENGINE_ENABLED"":true,""DELTA_MAX_HOLD_BARS"":1,""D_TREND_REQUIRED"":false,""EMA_TF_15M_ENABLED"":false,""EMA_TF_1H_ENABLED"":false,""EMA_TF_3M_ENABLED"":false,""EMA_TF_4H_ENABLED"":false,""EMA_TF_5M_ENABLED"":false,""EMA_TF_D_ENABLED"":false,""ENTRY_SCORE_THRESHOLD"":15.0,""HA_WICK_QUALITY_ENABLED"":false,""HTF_ALIGNMENT_ENABLED"":false,""K3M_FLOOR"":0.0,""KINDERGARTEN_EMA_GATE_ENABLED"":false,""MACD_ZERO_CROSS_ENABLED"":false,""MFI_ENTRY_ENABLED"":false,""MIN_HOLD_BARS"":0,""MIN_HOLD_BARS_BEFORE_EXIT"":0,""MIN_HOLD_MINUTES_TRADIER"":0.0,""MTF_ARMED_WT_DIRECTION_SUSPEND_ENABLED"":false,""RSI2_MEAN_REVERSION_ENABLED"":false,""RSI_MACD_EMA_ENABLED"":false,""TRADIER_ENTRY_SCORE_THRESHOLD"":0,""TRIPLE_CONF_ENABLED"":false,""TRIPLE_CONF_TF"":""15m"",""WT_DC_HTF_GATE"":""none"",""WT_TF_15M_ENABLED"":false,""WT_TF_1H_ENABLED"":false,""WT_TF_3M_ENABLED"":false,""WT_TF_4H_ENABLED"":false,""WT_TF_5M_ENABLED"":false,""WT_TF_D_ENABLED"":false}"
TRIPLE_CONF_ENABLED,STRATEGY_CAUSAL,declared strategy/catalog/live-path setting,INVALID,10/10 invalid executions,ENGINE_AUTO_WIRED|GLOBAL|QUICK_CONFIG|RECENT_5D,DISCONNECTED_LIVE_PATHS|ENGINE_AUTO_WIRED|QUICK_CONFIG|RECENT_RESULTS_5D,True,True,True,True,True,False,15m,NATIVE_BASE_FIXED,true,False,,,0.0,,,,,,,,False,behavior fingerprint unavailable,False,no npz,"{""BACKTEST_VALIDATED_GATES_TRADIER"":false,""BASE_TF"":""3m"",""BB_BREAKOUT_ENABLED"":false,""COOLDOWN_BARS"":0,""COOLDOWN_BARS_TRADIER"":0,""DC_BREAKOUT_ENTRY_ENABLED"":false,""DELTA_ENGINE_ENABLED"":true,""DELTA_MAX_HOLD_BARS"":1,""D_TREND_REQUIRED"":false,""EMA_TF_15M_ENABLED"":false,""EMA_TF_1H_ENABLED"":false,""EMA_TF_3M_ENABLED"":false,""EMA_TF_4H_ENABLED"":false,""EMA_TF_5M_ENABLED"":false,""EMA_TF_D_ENABLED"":false,""ENTRY_SCORE_THRESHOLD"":15.0,""HA_WICK_QUALITY_ENABLED"":false,""HTF_ALIGNMENT_ENABLED"":false,""K3M_FLOOR"":0.0,""KINDERGARTEN_EMA_GATE_ENABLED"":false,""MACD_ZERO_CROSS_ENABLED"":false,""MFI_ENTRY_ENABLED"":false,""MIN_HOLD_BARS"":0,""MIN_HOLD_BARS_BEFORE_EXIT"":0,""MIN_HOLD_MINUTES_TRADIER"":0.0,""MTF_ARMED_WT_DIRECTION_SUSPEND_ENABLED"":false,""RSI2_MEAN_REVERSION_ENABLED"":false,""RSI_MACD_EMA_ENABLED"":false,""TRADIER_ENTRY_SCORE_THRESHOLD"":0,""TRIPLE_CONF_ENABLED"":true,""TRIPLE_CONF_TF"":""15m"",""WT_DC_HTF_GATE"":""none"",""WT_TF_15M_ENABLED"":false,""WT_TF_1H_ENABLED"":false,""WT_TF_3M_ENABLED"":false,""WT_TF_4H_ENABLED"":false,""WT_TF_5M_ENABLED"":false,""WT_TF_D_ENABLED"":false}"
TRIPLE_CONF_ENABLED,STRATEGY_CAUSAL,declared strategy/catalog/live-path setting,INVALID,10/10 invalid executions,ENGINE_AUTO_WIRED|GLOBAL|QUICK_CONFIG|RECENT_5D,DISCONNECTED_LIVE_PATHS|ENGINE_AUTO_WIRED|QUICK_CONFIG|RECENT_RESULTS_5D,True,True,True,True,True,False,1h,NATIVE_BASE_FIXED,false,False,,,0.0,,,,,,,,False,behavior fingerprint unavailable,False,no npz,"{""BACKTEST_VALIDATED_GATES_TRADIER"":false,""BASE_TF"":""3m"",""BB_BREAKOUT_ENABLED"":false,""COOLDOWN_BARS"":0,""COOLDOWN_BARS_TRADIER"":0,""DC_BREAKOUT_ENTRY_ENABLED"":false,""DELTA_ENGINE_ENABLED"":true,""DELTA_MAX_HOLD_BARS"":1,""D_TREND_REQUIRED"":false,""EMA_TF_15M_ENABLED"":false,""EMA_TF_1H_ENABLED"":false,""EMA_TF_3M_ENABLED"":false,""EMA_TF_4H_ENABLED"":false,""EMA_TF_5M_ENABLED"":false,""EMA_TF_D_ENABLED"":false,""ENTRY_SCORE_THRESHOLD"":15.0,""HA_WICK_QUALITY_ENABLED"":false,""HTF_ALIGNMENT_ENABLED"":false,""K3M_FLOOR"":0.0,""KINDERGARTEN_EMA_GATE_ENABLED"":false,""MACD_ZERO_CROSS_ENABLED"":false,""MFI_ENTRY_ENABLED"":false,""MIN_HOLD_BARS"":0,""MIN_HOLD_BARS_BEFORE_EXIT"":0,""MIN_HOLD_MINUTES_TRADIER"":0.0,""MTF_ARMED_WT_DIRECTION_SUSPEND_ENABLED"":false,""RSI2_MEAN_REVERSION_ENABLED"":false,""RSI_MACD_EMA_ENABLED"":false,""TRADIER_ENTRY_SCORE_THRESHOLD"":0,""TRIPLE_CONF_ENABLED"":false,""TRIPLE_CONF_TF"":""1h"",""WT_DC_HTF_GATE"":""none"",""WT_TF_15M_ENABLED"":false,""WT_TF_1H_ENABLED"":false,""WT_TF_3M_ENABLED"":false,""WT_TF_4H_ENABLED"":false,""WT_TF_5M_ENABLED"":false,""WT_TF_D_ENABLED"":false}"
TRIPLE_CONF_ENABLED,STRATEGY_CAUSAL,declared strategy/catalog/live-path setting,INVALID,10/10 invalid executions,ENGINE_AUTO_WIRED|GLOBAL|QUICK_CONFIG|RECENT_5D,DISCONNECTED_LIVE_PATHS|ENGINE_AUTO_WIRED|QUICK_CONFIG|RECENT_RESULTS_5D,True,True,True,True,True,False,1h,NATIVE_BASE_FIXED,true,False,,,0.0,,,,,,,,False,behavior fingerprint unavailable,False,no npz,"{""BACKTEST_VALIDATED_GATES_TRADIER"":false,""BASE_TF"":""3m"",""BB_BREAKOUT_ENABLED"":false,""COOLDOWN_BARS"":0,""COOLDOWN_BARS_TRADIER"":0,""DC_BREAKOUT_ENTRY_ENABLED"":false,""DELTA_ENGINE_ENABLED"":true,""DELTA_MAX_HOLD_BARS"":1,""D_TREND_REQUIRED"":false,""EMA_TF_15M_ENABLED"":false,""EMA_TF_1H_ENABLED"":false,""EMA_TF_3M_ENABLED"":false,""EMA_TF_4H_ENABLED"":false,""EMA_TF_5M_ENABLED"":false,""EMA_TF_D_ENABLED"":false,""ENTRY_SCORE_THRESHOLD"":15.0,""HA_WICK_QUALITY_ENABLED"":false,""HTF_ALIGNMENT_ENABLED"":false,""K3M_FLOOR"":0.0,""KINDERGARTEN_EMA_GATE_ENABLED"":false,""MACD_ZERO_CROSS_ENABLED"":false,""MFI_ENTRY_ENABLED"":false,""MIN_HOLD_BARS"":0,""MIN_HOLD_BARS_BEFORE_EXIT"":0,""MIN_HOLD_MINUTES_TRADIER"":0.0,""MTF_ARMED_WT_DIRECTION_SUSPEND_ENABLED"":false,""RSI2_MEAN_REVERSION_ENABLED"":false,""RSI_MACD_EMA_ENABLED"":false,""TRADIER_ENTRY_SCORE_THRESHOLD"":0,""TRIPLE_CONF_ENABLED"":true,""TRIPLE_CONF_TF"":""1h"",""WT_DC_HTF_GATE"":""none"",""WT_TF_15M_ENABLED"":false,""WT_TF_1H_ENABLED"":false,""WT_TF_3M_ENABLED"":false,""WT_TF_4H_ENABLED"":false,""WT_TF_5M_ENABLED"":false,""WT_TF_D_ENABLED"":false}"
TRIPLE_CONF_ENABLED,STRATEGY_CAUSAL,declared strategy/catalog/live-path setting,INVALID,10/10 invalid executions,ENGINE_AUTO_WIRED|GLOBAL|QUICK_CONFIG|RECENT_5D,DISCONNECTED_LIVE_PATHS|ENGINE_AUTO_WIRED|QUICK_CONFIG|RECENT_RESULTS_5D,True,True,True,True,True,False,4h,NATIVE_BASE_FIXED,false,False,,,0.0,,,,,,,,False,behavior fingerprint unavailable,False,no npz,"{""BACKTEST_VALIDATED_GATES_TRADIER"":false,""BASE_TF"":""3m"",""BB_BREAKOUT_ENABLED"":false,""COOLDOWN_BARS"":0,""COOLDOWN_BARS_TRADIER"":0,""DC_BREAKOUT_ENTRY_ENABLED"":false,""DELTA_ENGINE_ENABLED"":true,""DELTA_MAX_HOLD_BARS"":1,""D_TREND_REQUIRED"":false,""EMA_TF_15M_ENABLED"":false,""EMA_TF_1H_ENABLED"":false,""EMA_TF_3M_ENABLED"":false,""EMA_TF_4H_ENABLED"":false,""EMA_TF_5M_ENABLED"":false,""EMA_TF_D_ENABLED"":false,""ENTRY_SCORE_THRESHOLD"":15.0,""HA_WICK_QUALITY_ENABLED"":false,""HTF_ALIGNMENT_ENABLED"":false,""K3M_FLOOR"":0.0,""KINDERGARTEN_EMA_GATE_ENABLED"":false,""MACD_ZERO_CROSS_ENABLED"":false,""MFI_ENTRY_ENABLED"":false,""MIN_HOLD_BARS"":0,""MIN_HOLD_BARS_BEFORE_EXIT"":0,""MIN_HOLD_MINUTES_TRADIER"":0.0,""MTF_ARMED_WT_DIRECTION_SUSPEND_ENABLED"":false,""RSI2_MEAN_REVERSION_ENABLED"":false,""RSI_MACD_EMA_ENABLED"":false,""TRADIER_ENTRY_SCORE_THRESHOLD"":0,""TRIPLE_CONF_ENABLED"":false,""TRIPLE_CONF_TF"":""4h"",""WT_DC_HTF_GATE"":""none"",""WT_TF_15M_ENABLED"":false,""WT_TF_1H_ENABLED"":false,""WT_TF_3M_ENABLED"":false,""WT_TF_4H_ENABLED"":false,""WT_TF_5M_ENABLED"":false,""WT_TF_D_ENABLED"":false}"
TRIPLE_CONF_ENABLED,STRATEGY_CAUSAL,declared strategy/catalog/live-path setting,INVALID,10/10 invalid executions,ENGINE_AUTO_WIRED|GLOBAL|QUICK_CONFIG|RECENT_5D,DISCONNECTED_LIVE_PATHS|ENGINE_AUTO_WIRED|QUICK_CONFIG|RECENT_RESULTS_5D,True,True,True,True,True,False,4h,NATIVE_BASE_FIXED,true,False,,,0.0,,,,,,,,False,behavior fingerprint unavailable,False,no npz,"{""BACKTEST_VALIDATED_GATES_TRADIER"":false,""BASE_TF"":""3m"",""BB_BREAKOUT_ENABLED"":false,""COOLDOWN_BARS"":0,""COOLDOWN_BARS_TRADIER"":0,""DC_BREAKOUT_ENTRY_ENABLED"":false,""DELTA_ENGINE_ENABLED"":true,""DELTA_MAX_HOLD_BARS"":1,""D_TREND_REQUIRED"":false,""EMA_TF_15M_ENABLED"":false,""EMA_TF_1H_ENABLED"":false,""EMA_TF_3M_ENABLED"":false,""EMA_TF_4H_ENABLED"":false,""EMA_TF_5M_ENABLED"":false,""EMA_TF_D_ENABLED"":false,""ENTRY_SCORE_THRESHOLD"":15.0,""HA_WICK_QUALITY_ENABLED"":false,""HTF_ALIGNMENT_ENABLED"":false,""K3M_FLOOR"":0.0,""KINDERGARTEN_EMA_GATE_ENABLED"":false,""MACD_ZERO_CROSS_ENABLED"":false,""MFI_ENTRY_ENABLED"":false,""MIN_HOLD_BARS"":0,""MIN_HOLD_BARS_BEFORE_EXIT"":0,""MIN_HOLD_MINUTES_TRADIER"":0.0,""MTF_ARMED_WT_DIRECTION_SUSPEND_ENABLED"":false,""RSI2_MEAN_REVERSION_ENABLED"":false,""RSI_MACD_EMA_ENABLED"":false,""TRADIER_ENTRY_SCORE_THRESHOLD"":0,""TRIPLE_CONF_ENABLED"":true,""TRIPLE_CONF_TF"":""4h"",""WT_DC_HTF_GATE"":""none"",""WT_TF_15M_ENABLED"":false,""WT_TF_1H_ENABLED"":false,""WT_TF_3M_ENABLED"":false,""WT_TF_4H_ENABLED"":false,""WT_TF_5M_ENABLED"":false,""WT_TF_D_ENABLED"":false}"
TRIPLE_CONF_ENABLED,STRATEGY_CAUSAL,declared strategy/catalog/live-path setting,INVALID,10/10 invalid executions,ENGINE_AUTO_WIRED|GLOBAL|QUICK_CONFIG|RECENT_5D,DISCONNECTED_LIVE_PATHS|ENGINE_AUTO_WIRED|QUICK_CONFIG|RECENT_RESULTS_5D,True,True,True,True,True,False,D,NATIVE_BASE_FIXED,false,False,,,0.0,,,,,,,,False,behavior fingerprint unavailable,False,no npz,"{""BACKTEST_VALIDATED_GATES_TRADIER"":false,""BASE_TF"":""3m"",""BB_BREAKOUT_ENABLED"":false,""COOLDOWN_BARS"":0,""COOLDOWN_BARS_TRADIER"":0,""DC_BREAKOUT_ENTRY_ENABLED"":false,""DELTA_ENGINE_ENABLED"":true,""DELTA_MAX_HOLD_BARS"":1,""D_TREND_REQUIRED"":false,""EMA_TF_15M_ENABLED"":false,""EMA_TF_1H_ENABLED"":false,""EMA_TF_3M_ENABLED"":false,""EMA_TF_4H_ENABLED"":false,""EMA_TF_5M_ENABLED"":false,""EMA_TF_D_ENABLED"":false,""ENTRY_SCORE_THRESHOLD"":15.0,""HA_WICK_QUALITY_ENABLED"":false,""HTF_ALIGNMENT_ENABLED"":false,""K3M_FLOOR"":0.0,""KINDERGARTEN_EMA_GATE_ENABLED"":false,""MACD_ZERO_CROSS_ENABLED"":false,""MFI_ENTRY_ENABLED"":false,""MIN_HOLD_BARS"":0,""MIN_HOLD_BARS_BEFORE_EXIT"":0,""MIN_HOLD_MINUTES_TRADIER"":0.0,""MTF_ARMED_WT_DIRECTION_SUSPEND_ENABLED"":false,""RSI2_MEAN_REVERSION_ENABLED"":false,""RSI_MACD_EMA_ENABLED"":false,""TRADIER_ENTRY_SCORE_THRESHOLD"":0,""TRIPLE_CONF_ENABLED"":false,""TRIPLE_CONF_TF"":""D"",""WT_DC_HTF_GATE"":""none"",""WT_TF_15M_ENABLED"":false,""WT_TF_1H_ENABLED"":false,""WT_TF_3M_ENABLED"":false,""WT_TF_4H_ENABLED"":false,""WT_TF_5M_ENABLED"":false,""WT_TF_D_ENABLED"":false}"
TRIPLE_CONF_ENABLED,STRATEGY_CAUSAL,declared strategy/catalog/live-path setting,INVALID,10/10 invalid executions,ENGINE_AUTO_WIRED|GLOBAL|QUICK_CONFIG|RECENT_5D,DISCONNECTED_LIVE_PATHS|ENGINE_AUTO_WIRED|QUICK_CONFIG|RECENT_RESULTS_5D,True,True,True,True,True,False,D,NATIVE_BASE_FIXED,true,False,,,0.0,,,,,,,,False,behavior fingerprint unavailable,False,no npz,"{""BACKTEST_VALIDATED_GATES_TRADIER"":false,""BASE_TF"":""3m"",""BB_BREAKOUT_ENABLED"":false,""COOLDOWN_BARS"":0,""COOLDOWN_BARS_TRADIER"":0,""DC_BREAKOUT_ENTRY_ENABLED"":false,""DELTA_ENGINE_ENABLED"":true,""DELTA_MAX_HOLD_BARS"":1,""D_TREND_REQUIRED"":false,""EMA_TF_15M_ENABLED"":false,""EMA_TF_1H_ENABLED"":false,""EMA_TF_3M_ENABLED"":false,""EMA_TF_4H_ENABLED"":false,""EMA_TF_5M_ENABLED"":false,""EMA_TF_D_ENABLED"":false,""ENTRY_SCORE_THRESHOLD"":15.0,""HA_WICK_QUALITY_ENABLED"":false,""HTF_ALIGNMENT_ENABLED"":false,""K3M_FLOOR"":0.0,""KINDERGARTEN_EMA_GATE_ENABLED"":false,""MACD_ZERO_CROSS_ENABLED"":false,""MFI_ENTRY_ENABLED"":false,""MIN_HOLD_BARS"":0,""MIN_HOLD_BARS_BEFORE_EXIT"":0,""MIN_HOLD_MINUTES_TRADIER"":0.0,""MTF_ARMED_WT_DIRECTION_SUSPEND_ENABLED"":false,""RSI2_MEAN_REVERSION_ENABLED"":false,""RSI_MACD_EMA_ENABLED"":false,""TRADIER_ENTRY_SCORE_THRESHOLD"":0,""TRIPLE_CONF_ENABLED"":true,""TRIPLE_CONF_TF"":""D"",""WT_DC_HTF_GATE"":""none"",""WT_TF_15M_ENABLED"":false,""WT_TF_1H_ENABLED"":false,""WT_TF_3M_ENABLED"":false,""WT_TF_4H_ENABLED"":false,""WT_TF_5M_ENABLED"":false,""WT_TF_D_ENABLED"":false}"
TRIPLE_CONF_RSI_LONG,STRATEGY_CAUSAL,declared strategy/catalog/live-path setting,INVALID,15/15 invalid executions,ENGINE_AUTO_WIRED|GLOBAL|QUICK_CONFIG|RECENT_5D,DISCONNECTED_LIVE_PATHS|ENGINE_AUTO_WIRED|QUICK_CONFIG|RECENT_RESULTS_5D,True,True,False,True,True,False,3m,NATIVE_BASE_FIXED,30.0,False,,,0.0,,,,,,,,False,behavior fingerprint unavailable,False,no npz,"{""BACKTEST_VALIDATED_GATES_TRADIER"":false,""BASE_TF"":""3m"",""BB_BREAKOUT_ENABLED"":false,""COOLDOWN_BARS"":0,""COOLDOWN_BARS_TRADIER"":0,""DC_BREAKOUT_ENTRY_ENABLED"":false,""DELTA_ENGINE_ENABLED"":true,""DELTA_MAX_HOLD_BARS"":1,""D_TREND_REQUIRED"":false,""EMA_TF_15M_ENABLED"":false,""EMA_TF_1H_ENABLED"":false,""EMA_TF_3M_ENABLED"":false,""EMA_TF_4H_ENABLED"":false,""EMA_TF_5M_ENABLED"":false,""EMA_TF_D_ENABLED"":false,""ENTRY_SCORE_THRESHOLD"":15.0,""HA_WICK_QUALITY_ENABLED"":false,""HTF_ALIGNMENT_ENABLED"":false,""K3M_FLOOR"":0.0,""KINDERGARTEN_EMA_GATE_ENABLED"":false,""MACD_ZERO_CROSS_ENABLED"":false,""MFI_ENTRY_ENABLED"":false,""MIN_HOLD_BARS"":0,""MIN_HOLD_BARS_BEFORE_EXIT"":0,""MIN_HOLD_MINUTES_TRADIER"":0.0,""MTF_ARMED_WT_DIRECTION_SUSPEND_ENABLED"":false,""RSI2_MEAN_REVERSION_ENABLED"":false,""RSI_MACD_EMA_ENABLED"":false,""TRADIER_ENTRY_SCORE_THRESHOLD"":0,""TRIPLE_CONF_ENABLED"":true,""TRIPLE_CONF_RSI_LONG"":30.0,""TRIPLE_CONF_TF"":""3m"",""WT_DC_HTF_GATE"":""none"",""WT_TF_15M_ENABLED"":false,""WT_TF_1H_ENABLED"":false,""WT_TF_3M_ENABLED"":false,""WT_TF_4H_ENABLED"":false,""WT_TF_5M_ENABLED"":false,""WT_TF_D_ENABLED"":false}"
TRIPLE_CONF_RSI_LONG,STRATEGY_CAUSAL,declared strategy/catalog/live-path setting,INVALID,15/15 invalid executions,ENGINE_AUTO_WIRED|GLOBAL|QUICK_CONFIG|RECENT_5D,DISCONNECTED_LIVE_PATHS|ENGINE_AUTO_WIRED|QUICK_CONFIG|RECENT_RESULTS_5D,True,True,False,True,True,False,3m,NATIVE_BASE_FIXED,15.0,False,,,0.0,,,,,,,,False,behavior fingerprint unavailable,False,no npz,"{""BACKTEST_VALIDATED_GATES_TRADIER"":false,""BASE_TF"":""3m"",""BB_BREAKOUT_ENABLED"":false,""COOLDOWN_BARS"":0,""COOLDOWN_BARS_TRADIER"":0,""DC_BREAKOUT_ENTRY_ENABLED"":false,""DELTA_ENGINE_ENABLED"":true,""DELTA_MAX_HOLD_BARS"":1,""D_TREND_REQUIRED"":false,""EMA_TF_15M_ENABLED"":false,""EMA_TF_1H_ENABLED"":false,""EMA_TF_3M_ENABLED"":false,""EMA_TF_4H_ENABLED"":false,""EMA_TF_5M_ENABLED"":false,""EMA_TF_D_ENABLED"":false,""ENTRY_SCORE_THRESHOLD"":15.0,""HA_WICK_QUALITY_ENABLED"":false,""HTF_ALIGNMENT_ENABLED"":false,""K3M_FLOOR"":0.0,""KINDERGARTEN_EMA_GATE_ENABLED"":false,""MACD_ZERO_CROSS_ENABLED"":false,""MFI_ENTRY_ENABLED"":false,""MIN_HOLD_BARS"":0,""MIN_HOLD_BARS_BEFORE_EXIT"":0,""MIN_HOLD_MINUTES_TRADIER"":0.0,""MTF_ARMED_WT_DIRECTION_SUSPEND_ENABLED"":false,""RSI2_MEAN_REVERSION_ENABLED"":false,""RSI_MACD_EMA_ENABLED"":false,""TRADIER_ENTRY_SCORE_THRESHOLD"":0,""TRIPLE_CONF_ENABLED"":true,""TRIPLE_CONF_RSI_LONG"":15.0,""TRIPLE_CONF_TF"":""3m"",""WT_DC_HTF_GATE"":""none"",""WT_TF_15M_ENABLED"":false,""WT_TF_1H_ENABLED"":false,""WT_TF_3M_ENABLED"":false,""WT_TF_4H_ENABLED"":false,""WT_TF_5M_ENABLED"":false,""WT_TF_D_ENABLED"":false}"
TRIPLE_CONF_RSI_LONG,STRATEGY_CAUSAL,declared strategy/catalog/live-path setting,INVALID,15/15 invalid executions,ENGINE_AUTO_WIRED|GLOBAL|QUICK_CONFIG|RECENT_5D,DISCONNECTED_LIVE_PATHS|ENGINE_AUTO_WIRED|QUICK_CONFIG|RECENT_RESULTS_5D,True,True,False,True,True,False,3m,NATIVE_BASE_FIXED,45.0,False,,,0.0,,,,,,,,False,behavior fingerprint unavailable,False,no npz,"{""BACKTEST_VALIDATED_GATES_TRADIER"":false,""BASE_TF"":""3m"",""BB_BREAKOUT_ENABLED"":false,""COOLDOWN_BARS"":0,""COOLDOWN_BARS_TRADIER"":0,""DC_BREAKOUT_ENTRY_ENABLED"":false,""DELTA_ENGINE_ENABLED"":true,""DELTA_MAX_HOLD_BARS"":1,""D_TREND_REQUIRED"":false,""EMA_TF_15M_ENABLED"":false,""EMA_TF_1H_ENABLED"":false,""EMA_TF_3M_ENABLED"":false,""EMA_TF_4H_ENABLED"":false,""EMA_TF_5M_ENABLED"":false,""EMA_TF_D_ENABLED"":false,""ENTRY_SCORE_THRESHOLD"":15.0,""HA_WICK_QUALITY_ENABLED"":false,""HTF_ALIGNMENT_ENABLED"":false,""K3M_FLOOR"":0.0,""KINDERGARTEN_EMA_GATE_ENABLED"":false,""MACD_ZERO_CROSS_ENABLED"":false,""MFI_ENTRY_ENABLED"":false,""MIN_HOLD_BARS"":0,""MIN_HOLD_BARS_BEFORE_EXIT"":0,""MIN_HOLD_MINUTES_TRADIER"":0.0,""MTF_ARMED_WT_DIRECTION_SUSPEND_ENABLED"":false,""RSI2_MEAN_REVERSION_ENABLED"":false,""RSI_MACD_EMA_ENABLED"":false,""TRADIER_ENTRY_SCORE_THRESHOLD"":0,""TRIPLE_CONF_ENABLED"":true,""TRIPLE_CONF_RSI_LONG"":45.0,""TRIPLE_CONF_TF"":""3m"",""WT_DC_HTF_GATE"":""none"",""WT_TF_15M_ENABLED"":false,""WT_TF_1H_ENABLED"":false,""WT_TF_3M_ENABLED"":false,""WT_TF_4H_ENABLED"":false,""WT_TF_5M_ENABLED"":false,""WT_TF_D_ENABLED"":false}"
TRIPLE_CONF_RSI_LONG,STRATEGY_CAUSAL,declared strategy/catalog/live-path setting,INVALID,15/15 invalid executions,ENGINE_AUTO_WIRED|GLOBAL|QUICK_CONFIG|RECENT_5D,DISCONNECTED_LIVE_PATHS|ENGINE_AUTO_WIRED|QUICK_CONFIG|RECENT_RESULTS_5D,True,True,False,True,True,False,15m,NATIVE_BASE_FIXED,30.0,False,,,0.0,,,,,,,,False,behavior fingerprint unavailable,False,no npz,"{""BACKTEST_VALIDATED_GATES_TRADIER"":false,""BASE_TF"":""3m"",""BB_BREAKOUT_ENABLED"":false,""COOLDOWN_BARS"":0,""COOLDOWN_BARS_TRADIER"":0,""DC_BREAKOUT_ENTRY_ENABLED"":false,""DELTA_ENGINE_ENABLED"":true,""DELTA_MAX_HOLD_BARS"":1,""D_TREND_REQUIRED"":false,""EMA_TF_15M_ENABLED"":false,""EMA_TF_1H_ENABLED"":false,""EMA_TF_3M_ENABLED"":false,""EMA_TF_4H_ENABLED"":false,""EMA_TF_5M_ENABLED"":false,""EMA_TF_D_ENABLED"":false,""ENTRY_SCORE_THRESHOLD"":15.0,""HA_WICK_QUALITY_ENABLED"":false,""HTF_ALIGNMENT_ENABLED"":false,""K3M_FLOOR"":0.0,""KINDERGARTEN_EMA_GATE_ENABLED"":false,""MACD_ZERO_CROSS_ENABLED"":false,""MFI_ENTRY_ENABLED"":false,""MIN_HOLD_BARS"":0,""MIN_HOLD_BARS_BEFORE_EXIT"":0,""MIN_HOLD_MINUTES_TRADIER"":0.0,""MTF_ARMED_WT_DIRECTION_SUSPEND_ENABLED"":false,""RSI2_MEAN_REVERSION_ENABLED"":false,""RSI_MACD_EMA_ENABLED"":false,""TRADIER_ENTRY_SCORE_THRESHOLD"":0,""TRIPLE_CONF_ENABLED"":true,""TRIPLE_CONF_RSI_LONG"":30.0,""TRIPLE_CONF_TF"":""15m"",""WT_DC_HTF_GATE"":""none"",""WT_TF_15M_ENABLED"":false,""WT_TF_1H_ENABLED"":false,""WT_TF_3M_ENABLED"":false,""WT_TF_4H_ENABLED"":false,""WT_TF_5M_ENABLED"":false,""WT_TF_D_ENABLED"":false}"
TRIPLE_CONF_RSI_LONG,STRATEGY_CAUSAL,declared strategy/catalog/live-path setting,INVALID,15/15 invalid executions,ENGINE_AUTO_WIRED|GLOBAL|QUICK_CONFIG|RECENT_5D,DISCONNECTED_LIVE_PATHS|ENGINE_AUTO_WIRED|QUICK_CONFIG|RECENT_RESULTS_5D,True,True,False,True,True,False,15m,NATIVE_BASE_FIXED,15.0,False,,,0.0,,,,,,,,False,behavior fingerprint unavailable,False,no npz,"{""BACKTEST_VALIDATED_GATES_TRADIER"":false,""BASE_TF"":""3m"",""BB_BREAKOUT_ENABLED"":false,""COOLDOWN_BARS"":0,""COOLDOWN_BARS_TRADIER"":0,""DC_BREAKOUT_ENTRY_ENABLED"":false,""DELTA_ENGINE_ENABLED"":true,""DELTA_MAX_HOLD_BARS"":1,""D_TREND_REQUIRED"":false,""EMA_TF_15M_ENABLED"":false,""EMA_TF_1H_ENABLED"":false,""EMA_TF_3M_ENABLED"":false,""EMA_TF_4H_ENABLED"":false,""EMA_TF_5M_ENABLED"":false,""EMA_TF_D_ENABLED"":false,""ENTRY_SCORE_THRESHOLD"":15.0,""HA_WICK_QUALITY_ENABLED"":false,""HTF_ALIGNMENT_ENABLED"":false,""K3M_FLOOR"":0.0,""KINDERGARTEN_EMA_GATE_ENABLED"":false,""MACD_ZERO_CROSS_ENABLED"":false,""MFI_ENTRY_ENABLED"":false,""MIN_HOLD_BARS"":0,""MIN_HOLD_BARS_BEFORE_EXIT"":0,""MIN_HOLD_MINUTES_TRADIER"":0.0,""MTF_ARMED_WT_DIRECTION_SUSPEND_ENABLED"":false,""RSI2_MEAN_REVERSION_ENABLED"":false,""RSI_MACD_EMA_ENABLED"":false,""TRADIER_ENTRY_SCORE_THRESHOLD"":0,""TRIPLE_CONF_ENABLED"":true,""TRIPLE_CONF_RSI_LONG"":15.0,""TRIPLE_CONF_TF"":""15m"",""WT_DC_HTF_GATE"":""none"",""WT_TF_15M_ENABLED"":false,""WT_TF_1H_ENABLED"":false,""WT_TF_3M_ENABLED"":false,""WT_TF_4H_ENABLED"":false,""WT_TF_5M_ENABLED"":false,""WT_TF_D_ENABLED"":false}"
TRIPLE_CONF_RSI_LONG,STRATEGY_CAUSAL,declared strategy/catalog/live-path setting,INVALID,15/15 invalid executions,ENGINE_AUTO_WIRED|GLOBAL|QUICK_CONFIG|RECENT_5D,DISCONNECTED_LIVE_PATHS|ENGINE_AUTO_WIRED|QUICK_CONFIG|RECENT_RESULTS_5D,True,True,False,True,True,False,15m,NATIVE_BASE_FIXED,45.0,False,,,0.0,,,,,,,,False,behavior fingerprint unavailable,False,no npz,"{""BACKTEST_VALIDATED_GATES_TRADIER"":false,""BASE_TF"":""3m"",""BB_BREAKOUT_ENABLED"":false,""COOLDOWN_BARS"":0,""COOLDOWN_BARS_TRADIER"":0,""DC_BREAKOUT_ENTRY_ENABLED"":false,""DELTA_ENGINE_ENABLED"":true,""DELTA_MAX_HOLD_BARS"":1,""D_TREND_REQUIRED"":false,""EMA_TF_15M_ENABLED"":false,""EMA_TF_1H_ENABLED"":false,""EMA_TF_3M_ENABLED"":false,""EMA_TF_4H_ENABLED"":false,""EMA_TF_5M_ENABLED"":false,""EMA_TF_D_ENABLED"":false,""ENTRY_SCORE_THRESHOLD"":15.0,""HA_WICK_QUALITY_ENABLED"":false,""HTF_ALIGNMENT_ENABLED"":false,""K3M_FLOOR"":0.0,""KINDERGARTEN_EMA_GATE_ENABLED"":false,""MACD_ZERO_CROSS_ENABLED"":false,""MFI_ENTRY_ENABLED"":false,""MIN_HOLD_BARS"":0,""MIN_HOLD_BARS_BEFORE_EXIT"":0,""MIN_HOLD_MINUTES_TRADIER"":0.0,""MTF_ARMED_WT_DIRECTION_SUSPEND_ENABLED"":false,""RSI2_MEAN_REVERSION_ENABLED"":false,""RSI_MACD_EMA_ENABLED"":false,""TRADIER_ENTRY_SCORE_THRESHOLD"":0,""TRIPLE_CONF_ENABLED"":true,""TRIPLE_CONF_RSI_LONG"":45.0,""TRIPLE_CONF_TF"":""15m"",""WT_DC_HTF_GATE"":""none"",""WT_TF_15M_ENABLED"":false,""WT_TF_1H_ENABLED"":false,""WT_TF_3M_ENABLED"":false,""WT_TF_4H_ENABLED"":false,""WT_TF_5M_ENABLED"":false,""WT_TF_D_ENABLED"":false}"
TRIPLE_CONF_RSI_LONG,STRATEGY_CAUSAL,declared strategy/catalog/live-path setting,INVALID,15/15 invalid executions,ENGINE_AUTO_WIRED|GLOBAL|QUICK_CONFIG|RECENT_5D,DISCONNECTED_LIVE_PATHS|ENGINE_AUTO_WIRED|QUICK_CONFIG|RECENT_RESULTS_5D,True,True,False,True,True,False,1h,NATIVE_BASE_FIXED,30.0,False,,,0.0,,,,,,,,False,behavior fingerprint unavailable,False,no npz,"{""BACKTEST_VALIDATED_GATES_TRADIER"":false,""BASE_TF"":""3m"",""BB_BREAKOUT_ENABLED"":false,""COOLDOWN_BARS"":0,""COOLDOWN_BARS_TRADIER"":0,""DC_BREAKOUT_ENTRY_ENABLED"":false,""DELTA_ENGINE_ENABLED"":true,""DELTA_MAX_HOLD_BARS"":1,""D_TREND_REQUIRED"":false,""EMA_TF_15M_ENABLED"":false,""EMA_TF_1H_ENABLED"":false,""EMA_TF_3M_ENABLED"":false,""EMA_TF_4H_ENABLED"":false,""EMA_TF_5M_ENABLED"":false,""EMA_TF_D_ENABLED"":false,""ENTRY_SCORE_THRESHOLD"":15.0,""HA_WICK_QUALITY_ENABLED"":false,""HTF_ALIGNMENT_ENABLED"":false,""K3M_FLOOR"":0.0,""KINDERGARTEN_EMA_GATE_ENABLED"":false,""MACD_ZERO_CROSS_ENABLED"":false,""MFI_ENTRY_ENABLED"":false,""MIN_HOLD_BARS"":0,""MIN_HOLD_BARS_BEFORE_EXIT"":0,""MIN_HOLD_MINUTES_TRADIER"":0.0,""MTF_ARMED_WT_DIRECTION_SUSPEND_ENABLED"":false,""RSI2_MEAN_REVERSION_ENABLED"":false,""RSI_MACD_EMA_ENABLED"":false,""TRADIER_ENTRY_SCORE_THRESHOLD"":0,""TRIPLE_CONF_ENABLED"":true,""TRIPLE_CONF_RSI_LONG"":30.0,""TRIPLE_CONF_TF"":""1h"",""WT_DC_HTF_GATE"":""none"",""WT_TF_15M_ENABLED"":false,""WT_TF_1H_ENABLED"":false,""WT_TF_3M_ENABLED"":false,""WT_TF_4H_ENABLED"":false,""WT_TF_5M_ENABLED"":false,""WT_TF_D_ENABLED"":false}"
TRIPLE_CONF_RSI_LONG,STRATEGY_CAUSAL,declared strategy/catalog/live-path setting,INVALID,15/15 invalid executions,ENGINE_AUTO_WIRED|GLOBAL|QUICK_CONFIG|RECENT_5D,DISCONNECTED_LIVE_PATHS|ENGINE_AUTO_WIRED|QUICK_CONFIG|RECENT_RESULTS_5D,True,True,False,True,True,False,1h,NATIVE_BASE_FIXED,15.0,False,,,0.0,,,,,,,,False,behavior fingerprint unavailable,False,no npz,"{""BACKTEST_VALIDATED_GATES_TRADIER"":false,""BASE_TF"":""3m"",""BB_BREAKOUT_ENABLED"":false,""COOLDOWN_BARS"":0,""COOLDOWN_BARS_TRADIER"":0,""DC_BREAKOUT_ENTRY_ENABLED"":false,""DELTA_ENGINE_ENABLED"":true,""DELTA_MAX_HOLD_BARS"":1,""D_TREND_REQUIRED"":false,""EMA_TF_15M_ENABLED"":false,""EMA_TF_1H_ENABLED"":false,""EMA_TF_3M_ENABLED"":false,""EMA_TF_4H_ENABLED"":false,""EMA_TF_5M_ENABLED"":false,""EMA_TF_D_ENABLED"":false,""ENTRY_SCORE_THRESHOLD"":15.0,""HA_WICK_QUALITY_ENABLED"":false,""HTF_ALIGNMENT_ENABLED"":false,""K3M_FLOOR"":0.0,""KINDERGARTEN_EMA_GATE_ENABLED"":false,""MACD_ZERO_CROSS_ENABLED"":false,""MFI_ENTRY_ENABLED"":false,""MIN_HOLD_BARS"":0,""MIN_HOLD_BARS_BEFORE_EXIT"":0,""MIN_HOLD_MINUTES_TRADIER"":0.0,""MTF_ARMED_WT_DIRECTION_SUSPEND_ENABLED"":false,""RSI2_MEAN_REVERSION_ENABLED"":false,""RSI_MACD_EMA_ENABLED"":false,""TRADIER_ENTRY_SCORE_THRESHOLD"":0,""TRIPLE_CONF_ENABLED"":true,""TRIPLE_CONF_RSI_LONG"":15.0,""TRIPLE_CONF_TF"":""1h"",""WT_DC_HTF_GATE"":""none"",""WT_TF_15M_ENABLED"":false,""WT_TF_1H_ENABLED"":false,""WT_TF_3M_ENABLED"":false,""WT_TF_4H_ENABLED"":false,""WT_TF_5M_ENABLED"":false,""WT_TF_D_ENABLED"":false}"
TRIPLE_CONF_RSI_LONG,STRATEGY_CAUSAL,declared strategy/catalog/live-path setting,INVALID,15/15 invalid executions,ENGINE_AUTO_WIRED|GLOBAL|QUICK_CONFIG|RECENT_5D,DISCONNECTED_LIVE_PATHS|ENGINE_AUTO_WIRED|QUICK_CONFIG|RECENT_RESULTS_5D,True,True,False,True,True,False,1h,NATIVE_BASE_FIXED,45.0,False,,,0.0,,,,,,,,False,behavior fingerprint unavailable,False,no npz,"{""BACKTEST_VALIDATED_GATES_TRADIER"":false,""BASE_TF"":""3m"",""BB_BREAKOUT_ENABLED"":false,""COOLDOWN_BARS"":0,""COOLDOWN_BARS_TRADIER"":0,""DC_BREAKOUT_ENTRY_ENABLED"":false,""DELTA_ENGINE_ENABLED"":true,""DELTA_MAX_HOLD_BARS"":1,""D_TREND_REQUIRED"":false,""EMA_TF_15M_ENABLED"":false,""EMA_TF_1H_ENABLED"":false,""EMA_TF_3M_ENABLED"":false,""EMA_TF_4H_ENABLED"":false,""EMA_TF_5M_ENABLED"":false,""EMA_TF_D_ENABLED"":false,""ENTRY_SCORE_THRESHOLD"":15.0,""HA_WICK_QUALITY_ENABLED"":false,""HTF_ALIGNMENT_ENABLED"":false,""K3M_FLOOR"":0.0,""KINDERGARTEN_EMA_GATE_ENABLED"":false,""MACD_ZERO_CROSS_ENABLED"":false,""MFI_ENTRY_ENABLED"":false,""MIN_HOLD_BARS"":0,""MIN_HOLD_BARS_BEFORE_EXIT"":0,""MIN_HOLD_MINUTES_TRADIER"":0.0,""MTF_ARMED_WT_DIRECTION_SUSPEND_ENABLED"":false,""RSI2_MEAN_REVERSION_ENABLED"":false,""RSI_MACD_EMA_ENABLED"":false,""TRADIER_ENTRY_SCORE_THRESHOLD"":0,""TRIPLE_CONF_ENABLED"":true,""TRIPLE_CONF_RSI_LONG"":45.0,""TRIPLE_CONF_TF"":""1h"",""WT_DC_HTF_GATE"":""none"",""WT_TF_15M_ENABLED"":false,""WT_TF_1H_ENABLED"":false,""WT_TF_3M_ENABLED"":false,""WT_TF_4H_ENABLED"":false,""WT_TF_5M_ENABLED"":false,""WT_TF_D_ENABLED"":false}"
TRIPLE_CONF_RSI_LONG,STRATEGY_CAUSAL,declared strategy/catalog/live-path setting,INVALID,15/15 invalid executions,ENGINE_AUTO_WIRED|GLOBAL|QUICK_CONFIG|RECENT_5D,DISCONNECTED_LIVE_PATHS|ENGINE_AUTO_WIRED|QUICK_CONFIG|RECENT_RESULTS_5D,True,True,False,True,True,False,4h,NATIVE_BASE_FIXED,30.0,False,,,0.0,,,,,,,,False,behavior fingerprint unavailable,False,no npz,"{""BACKTEST_VALIDATED_GATES_TRADIER"":false,""BASE_TF"":""3m"",""BB_BREAKOUT_ENABLED"":false,""COOLDOWN_BARS"":0,""COOLDOWN_BARS_TRADIER"":0,""DC_BREAKOUT_ENTRY_ENABLED"":false,""DELTA_ENGINE_ENABLED"":true,""DELTA_MAX_HOLD_BARS"":1,""D_TREND_REQUIRED"":false,""EMA_TF_15M_ENABLED"":false,""EMA_TF_1H_ENABLED"":false,""EMA_TF_3M_ENABLED"":false,""EMA_TF_4H_ENABLED"":false,""EMA_TF_5M_ENABLED"":false,""EMA_TF_D_ENABLED"":false,""ENTRY_SCORE_THRESHOLD"":15.0,""HA_WICK_QUALITY_ENABLED"":false,""HTF_ALIGNMENT_ENABLED"":false,""K3M_FLOOR"":0.0,""KINDERGARTEN_EMA_GATE_ENABLED"":false,""MACD_ZERO_CROSS_ENABLED"":false,""MFI_ENTRY_ENABLED"":false,""MIN_HOLD_BARS"":0,""MIN_HOLD_BARS_BEFORE_EXIT"":0,""MIN_HOLD_MINUTES_TRADIER"":0.0,""MTF_ARMED_WT_DIRECTION_SUSPEND_ENABLED"":false,""RSI2_MEAN_REVERSION_ENABLED"":false,""RSI_MACD_EMA_ENABLED"":false,""TRADIER_ENTRY_SCORE_THRESHOLD"":0,""TRIPLE_CONF_ENABLED"":true,""TRIPLE_CONF_RSI_LONG"":30.0,""TRIPLE_CONF_TF"":""4h"",""WT_DC_HTF_GATE"":""none"",""WT_TF_15M_ENABLED"":false,""WT_TF_1H_ENABLED"":false,""WT_TF_3M_ENABLED"":false,""WT_TF_4H_ENABLED"":false,""WT_TF_5M_ENABLED"":false,""WT_TF_D_ENABLED"":false}"
TRIPLE_CONF_RSI_LONG,STRATEGY_CAUSAL,declared strategy/catalog/live-path setting,INVALID,15/15 invalid executions,ENGINE_AUTO_WIRED|GLOBAL|QUICK_CONFIG|RECENT_5D,DISCONNECTED_LIVE_PATHS|ENGINE_AUTO_WIRED|QUICK_CONFIG|RECENT_RESULTS_5D,True,True,False,True,True,False,4h,NATIVE_BASE_FIXED,15.0,False,,,0.0,,,,,,,,False,behavior fingerprint unavailable,False,no npz,"{""BACKTEST_VALIDATED_GATES_TRADIER"":false,""BASE_TF"":""3m"",""BB_BREAKOUT_ENABLED"":false,""COOLDOWN_BARS"":0,""COOLDOWN_BARS_TRADIER"":0,""DC_BREAKOUT_ENTRY_ENABLED"":false,""DELTA_ENGINE_ENABLED"":true,""DELTA_MAX_HOLD_BARS"":1,""D_TREND_REQUIRED"":false,""EMA_TF_15M_ENABLED"":false,""EMA_TF_1H_ENABLED"":false,""EMA_TF_3M_ENABLED"":false,""EMA_TF_4H_ENABLED"":false,""EMA_TF_5M_ENABLED"":false,""EMA_TF_D_ENABLED"":false,""ENTRY_SCORE_THRESHOLD"":15.0,""HA_WICK_QUALITY_ENABLED"":false,""HTF_ALIGNMENT_ENABLED"":false,""K3M_FLOOR"":0.0,""KINDERGARTEN_EMA_GATE_ENABLED"":false,""MACD_ZERO_CROSS_ENABLED"":false,""MFI_ENTRY_ENABLED"":false,""MIN_HOLD_BARS"":0,""MIN_HOLD_BARS_BEFORE_EXIT"":0,""MIN_HOLD_MINUTES_TRADIER"":0.0,""MTF_ARMED_WT_DIRECTION_SUSPEND_ENABLED"":false,""RSI2_MEAN_REVERSION_ENABLED"":false,""RSI_MACD_EMA_ENABLED"":false,""TRADIER_ENTRY_SCORE_THRESHOLD"":0,""TRIPLE_CONF_ENABLED"":true,""TRIPLE_CONF_RSI_LONG"":15.0,""TRIPLE_CONF_TF"":""4h"",""WT_DC_HTF_GATE"":""none"",""WT_TF_15M_ENABLED"":false,""WT_TF_1H_ENABLED"":false,""WT_TF_3M_ENABLED"":false,""WT_TF_4H_ENABLED"":false,""WT_TF_5M_ENABLED"":false,""WT_TF_D_ENABLED"":false}"
TRIPLE_CONF_RSI_LONG,STRATEGY_CAUSAL,declared strategy/catalog/live-path setting,INVALID,15/15 invalid executions,ENGINE_AUTO_WIRED|GLOBAL|QUICK_CONFIG|RECENT_5D,DISCONNECTED_LIVE_PATHS|ENGINE_AUTO_WIRED|QUICK_CONFIG|RECENT_RESULTS_5D,True,True,False,True,True,False,4h,NATIVE_BASE_FIXED,45.0,False,,,0.0,,,,,,,,False,behavior fingerprint unavailable,False,no npz,"{""BACKTEST_VALIDATED_GATES_TRADIER"":false,""BASE_TF"":""3m"",""BB_BREAKOUT_ENABLED"":false,""COOLDOWN_BARS"":0,""COOLDOWN_BARS_TRADIER"":0,""DC_BREAKOUT_ENTRY_ENABLED"":false,""DELTA_ENGINE_ENABLED"":true,""DELTA_MAX_HOLD_BARS"":1,""D_TREND_REQUIRED"":false,""EMA_TF_15M_ENABLED"":false,""EMA_TF_1H_ENABLED"":false,""EMA_TF_3M_ENABLED"":false,""EMA_TF_4H_ENABLED"":false,""EMA_TF_5M_ENABLED"":false,""EMA_TF_D_ENABLED"":false,""ENTRY_SCORE_THRESHOLD"":15.0,""HA_WICK_QUALITY_ENABLED"":false,""HTF_ALIGNMENT_ENABLED"":false,""K3M_FLOOR"":0.0,""KINDERGARTEN_EMA_GATE_ENABLED"":false,""MACD_ZERO_CROSS_ENABLED"":false,""MFI_ENTRY_ENABLED"":false,""MIN_HOLD_BARS"":0,""MIN_HOLD_BARS_BEFORE_EXIT"":0,""MIN_HOLD_MINUTES_TRADIER"":0.0,""MTF_ARMED_WT_DIRECTION_SUSPEND_ENABLED"":false,""RSI2_MEAN_REVERSION_ENABLED"":false,""RSI_MACD_EMA_ENABLED"":false,""TRADIER_ENTRY_SCORE_THRESHOLD"":0,""TRIPLE_CONF_ENABLED"":true,""TRIPLE_CONF_RSI_LONG"":45.0,""TRIPLE_CONF_TF"":""4h"",""WT_DC_HTF_GATE"":""none"",""WT_TF_15M_ENABLED"":false,""WT_TF_1H_ENABLED"":false,""WT_TF_3M_ENABLED"":false,""WT_TF_4H_ENABLED"":false,""WT_TF_5M_ENABLED"":false,""WT_TF_D_ENABLED"":false}"
TRIPLE_CONF_RSI_LONG,STRATEGY_CAUSAL,declared strategy/catalog/live-path setting,INVALID,15/15 invalid executions,ENGINE_AUTO_WIRED|GLOBAL|QUICK_CONFIG|RECENT_5D,DISCONNECTED_LIVE_PATHS|ENGINE_AUTO_WIRED|QUICK_CONFIG|RECENT_RESULTS_5D,True,True,False,True,True,False,D,NATIVE_BASE_FIXED,30.0,False,,,0.0,,,,,,,,False,behavior fingerprint unavailable,False,no npz,"{""BACKTEST_VALIDATED_GATES_TRADIER"":false,""BASE_TF"":""3m"",""BB_BREAKOUT_ENABLED"":false,""COOLDOWN_BARS"":0,""COOLDOWN_BARS_TRADIER"":0,""DC_BREAKOUT_ENTRY_ENABLED"":false,""DELTA_ENGINE_ENABLED"":true,""DELTA_MAX_HOLD_BARS"":1,""D_TREND_REQUIRED"":false,""EMA_TF_15M_ENABLED"":false,""EMA_TF_1H_ENABLED"":false,""EMA_TF_3M_ENABLED"":false,""EMA_TF_4H_ENABLED"":false,""EMA_TF_5M_ENABLED"":false,""EMA_TF_D_ENABLED"":false,""ENTRY_SCORE_THRESHOLD"":15.0,""HA_WICK_QUALITY_ENABLED"":false,""HTF_ALIGNMENT_ENABLED"":false,""K3M_FLOOR"":0.0,""KINDERGARTEN_EMA_GATE_ENABLED"":false,""MACD_ZERO_CROSS_ENABLED"":false,""MFI_ENTRY_ENABLED"":false,""MIN_HOLD_BARS"":0,""MIN_HOLD_BARS_BEFORE_EXIT"":0,""MIN_HOLD_MINUTES_TRADIER"":0.0,""MTF_ARMED_WT_DIRECTION_SUSPEND_ENABLED"":false,""RSI2_MEAN_REVERSION_ENABLED"":false,""RSI_MACD_EMA_ENABLED"":false,""TRADIER_ENTRY_SCORE_THRESHOLD"":0,""TRIPLE_CONF_ENABLED"":true,""TRIPLE_CONF_RSI_LONG"":30.0,""TRIPLE_CONF_TF"":""D"",""WT_DC_HTF_GATE"":""none"",""WT_TF_15M_ENABLED"":false,""WT_TF_1H_ENABLED"":false,""WT_TF_3M_ENABLED"":false,""WT_TF_4H_ENABLED"":false,""WT_TF_5M_ENABLED"":false,""WT_TF_D_ENABLED"":false}"
TRIPLE_CONF_RSI_LONG,STRATEGY_CAUSAL,declared strategy/catalog/live-path setting,INVALID,15/15 invalid executions,ENGINE_AUTO_WIRED|GLOBAL|QUICK_CONFIG|RECENT_5D,DISCONNECTED_LIVE_PATHS|ENGINE_AUTO_WIRED|QUICK_CONFIG|RECENT_RESULTS_5D,True,True,False,True,True,False,D,NATIVE_BASE_FIXED,15.0,False,,,0.0,,,,,,,,False,behavior fingerprint unavailable,False,no npz,"{""BACKTEST_VALIDATED_GATES_TRADIER"":false,""BASE_TF"":""3m"",""BB_BREAKOUT_ENABLED"":false,""COOLDOWN_BARS"":0,""COOLDOWN_BARS_TRADIER"":0,""DC_BREAKOUT_ENTRY_ENABLED"":false,""DELTA_ENGINE_ENABLED"":true,""DELTA_MAX_HOLD_BARS"":1,""D_TREND_REQUIRED"":false,""EMA_TF_15M_ENABLED"":false,""EMA_TF_1H_ENABLED"":false,""EMA_TF_3M_ENABLED"":false,""EMA_TF_4H_ENABLED"":false,""EMA_TF_5M_ENABLED"":false,""EMA_TF_D_ENABLED"":false,""ENTRY_SCORE_THRESHOLD"":15.0,""HA_WICK_QUALITY_ENABLED"":false,""HTF_ALIGNMENT_ENABLED"":false,""K3M_FLOOR"":0.0,""KINDERGARTEN_EMA_GATE_ENABLED"":false,""MACD_ZERO_CROSS_ENABLED"":false,""MFI_ENTRY_ENABLED"":false,""MIN_HOLD_BARS"":0,""MIN_HOLD_BARS_BEFORE_EXIT"":0,""MIN_HOLD_MINUTES_TRADIER"":0.0,""MTF_ARMED_WT_DIRECTION_SUSPEND_ENABLED"":false,""RSI2_MEAN_REVERSION_ENABLED"":false,""RSI_MACD_EMA_ENABLED"":false,""TRADIER_ENTRY_SCORE_THRESHOLD"":0,""TRIPLE_CONF_ENABLED"":true,""TRIPLE_CONF_RSI_LONG"":15.0,""TRIPLE_CONF_TF"":""D"",""WT_DC_HTF_GATE"":""none"",""WT_TF_15M_ENABLED"":false,""WT_TF_1H_ENABLED"":false,""WT_TF_3M_ENABLED"":false,""WT_TF_4H_ENABLED"":false,""WT_TF_5M_ENABLED"":false,""WT_TF_D_ENABLED"":false}"
TRIPLE_CONF_RSI_LONG,STRATEGY_CAUSAL,declared strategy/catalog/live-path setting,INVALID,15/15 invalid executions,ENGINE_AUTO_WIRED|GLOBAL|QUICK_CONFIG|RECENT_5D,DISCONNECTED_LIVE_PATHS|ENGINE_AUTO_WIRED|QUICK_CONFIG|RECENT_RESULTS_5D,True,True,False,True,True,False,D,NATIVE_BASE_FIXED,45.0,False,,,0.0,,,,,,,,False,behavior fingerprint unavailable,False,no npz,"{""BACKTEST_VALIDATED_GATES_TRADIER"":false,""BASE_TF"":""3m"",""BB_BREAKOUT_ENABLED"":false,""COOLDOWN_BARS"":0,""COOLDOWN_BARS_TRADIER"":0,""DC_BREAKOUT_ENTRY_ENABLED"":false,""DELTA_ENGINE_ENABLED"":true,""DELTA_MAX_HOLD_BARS"":1,""D_TREND_REQUIRED"":false,""EMA_TF_15M_ENABLED"":false,""EMA_TF_1H_ENABLED"":false,""EMA_TF_3M_ENABLED"":false,""EMA_TF_4H_ENABLED"":false,""EMA_TF_5M_ENABLED"":false,""EMA_TF_D_ENABLED"":false,""ENTRY_SCORE_THRESHOLD"":15.0,""HA_WICK_QUALITY_ENABLED"":false,""HTF_ALIGNMENT_ENABLED"":false,""K3M_FLOOR"":0.0,""KINDERGARTEN_EMA_GATE_ENABLED"":false,""MACD_ZERO_CROSS_ENABLED"":false,""MFI_ENTRY_ENABLED"":false,""MIN_HOLD_BARS"":0,""MIN_HOLD_BARS_BEFORE_EXIT"":0,""MIN_HOLD_MINUTES_TRADIER"":0.0,""MTF_ARMED_WT_DIRECTION_SUSPEND_ENABLED"":false,""RSI2_MEAN_REVERSION_ENABLED"":false,""RSI_MACD_EMA_ENABLED"":false,""TRADIER_ENTRY_SCORE_THRESHOLD"":0,""TRIPLE_CONF_ENABLED"":true,""TRIPLE_CONF_RSI_LONG"":45.0,""TRIPLE_CONF_TF"":""D"",""WT_DC_HTF_GATE"":""none"",""WT_TF_15M_ENABLED"":false,""WT_TF_1H_ENABLED"":false,""WT_TF_3M_ENABLED"":false,""WT_TF_4H_ENABLED"":false,""WT_TF_5M_ENABLED"":false,""WT_TF_D_ENABLED"":false}"
TRIPLE_CONF_SCORE,STRATEGY_CAUSAL,declared strategy/catalog/live-path setting,INVALID,10/10 invalid executions,ENGINE_AUTO_WIRED|GLOBAL|QUICK_CONFIG|RECENT_5D,DISCONNECTED_LIVE_PATHS|ENGINE_AUTO_WIRED|QUICK_CONFIG|RECENT_RESULTS_5D,True,True,False,True,True,False,3m,NATIVE_BASE_FIXED,30,False,,,0.0,,,,,,,,False,behavior fingerprint unavailable,False,no npz,"{""BACKTEST_VALIDATED_GATES_TRADIER"":false,""BASE_TF"":""3m"",""BB_BREAKOUT_ENABLED"":false,""COOLDOWN_BARS"":0,""COOLDOWN_BARS_TRADIER"":0,""DC_BREAKOUT_ENTRY_ENABLED"":false,""DELTA_ENGINE_ENABLED"":true,""DELTA_MAX_HOLD_BARS"":1,""D_TREND_REQUIRED"":false,""EMA_TF_15M_ENABLED"":false,""EMA_TF_1H_ENABLED"":false,""EMA_TF_3M_ENABLED"":false,""EMA_TF_4H_ENABLED"":false,""EMA_TF_5M_ENABLED"":false,""EMA_TF_D_ENABLED"":false,""ENTRY_SCORE_THRESHOLD"":15.0,""HA_WICK_QUALITY_ENABLED"":false,""HTF_ALIGNMENT_ENABLED"":false,""K3M_FLOOR"":0.0,""KINDERGARTEN_EMA_GATE_ENABLED"":false,""MACD_ZERO_CROSS_ENABLED"":false,""MFI_ENTRY_ENABLED"":false,""MIN_HOLD_BARS"":0,""MIN_HOLD_BARS_BEFORE_EXIT"":0,""MIN_HOLD_MINUTES_TRADIER"":0.0,""MTF_ARMED_WT_DIRECTION_SUSPEND_ENABLED"":false,""RSI2_MEAN_REVERSION_ENABLED"":false,""RSI_MACD_EMA_ENABLED"":false,""TRADIER_ENTRY_SCORE_THRESHOLD"":0,""TRIPLE_CONF_ENABLED"":true,""TRIPLE_CONF_SCORE"":30,""TRIPLE_CONF_TF"":""3m"",""WT_DC_HTF_GATE"":""none"",""WT_TF_15M_ENABLED"":false,""WT_TF_1H_ENABLED"":false,""WT_TF_3M_ENABLED"":false,""WT_TF_4H_ENABLED"":false,""WT_TF_5M_ENABLED"":false,""WT_TF_D_ENABLED"":false}"
TRIPLE_CONF_SCORE,STRATEGY_CAUSAL,declared strategy/catalog/live-path setting,INVALID,10/10 invalid executions,ENGINE_AUTO_WIRED|GLOBAL|QUICK_CONFIG|RECENT_5D,DISCONNECTED_LIVE_PATHS|ENGINE_AUTO_WIRED|QUICK_CONFIG|RECENT_RESULTS_5D,True,True,False,True,True,False,3m,NATIVE_BASE_FIXED,45,False,,,0.0,,,,,,,,False,behavior fingerprint unavailable,False,no npz,"{""BACKTEST_VALIDATED_GATES_TRADIER"":false,""BASE_TF"":""3m"",""BB_BREAKOUT_ENABLED"":false,""COOLDOWN_BARS"":0,""COOLDOWN_BARS_TRADIER"":0,""DC_BREAKOUT_ENTRY_ENABLED"":false,""DELTA_ENGINE_ENABLED"":true,""DELTA_MAX_HOLD_BARS"":1,""D_TREND_REQUIRED"":false,""EMA_TF_15M_ENABLED"":false,""EMA_TF_1H_ENABLED"":false,""EMA_TF_3M_ENABLED"":false,""EMA_TF_4H_ENABLED"":false,""EMA_TF_5M_ENABLED"":false,""EMA_TF_D_ENABLED"":false,""ENTRY_SCORE_THRESHOLD"":37.5,""HA_WICK_QUALITY_ENABLED"":false,""HTF_ALIGNMENT_ENABLED"":false,""K3M_FLOOR"":0.0,""KINDERGARTEN_EMA_GATE_ENABLED"":false,""MACD_ZERO_CROSS_ENABLED"":false,""MFI_ENTRY_ENABLED"":false,""MIN_HOLD_BARS"":0,""MIN_HOLD_BARS_BEFORE_EXIT"":0,""MIN_HOLD_MINUTES_TRADIER"":0.0,""MTF_ARMED_WT_DIRECTION_SUSPEND_ENABLED"":false,""RSI2_MEAN_REVERSION_ENABLED"":false,""RSI_MACD_EMA_ENABLED"":false,""TRADIER_ENTRY_SCORE_THRESHOLD"":0,""TRIPLE_CONF_ENABLED"":true,""TRIPLE_CONF_SCORE"":45,""TRIPLE_CONF_TF"":""3m"",""WT_DC_HTF_GATE"":""none"",""WT_TF_15M_ENABLED"":false,""WT_TF_1H_ENABLED"":false,""WT_TF_3M_ENABLED"":false,""WT_TF_4H_ENABLED"":false,""WT_TF_5M_ENABLED"":false,""WT_TF_D_ENABLED"":false}"
TRIPLE_CONF_SCORE,STRATEGY_CAUSAL,declared strategy/catalog/live-path setting,INVALID,10/10 invalid executions,ENGINE_AUTO_WIRED|GLOBAL|QUICK_CONFIG|RECENT_5D,DISCONNECTED_LIVE_PATHS|ENGINE_AUTO_WIRED|QUICK_CONFIG|RECENT_RESULTS_5D,True,True,False,True,True,False,15m,NATIVE_BASE_FIXED,30,False,,,0.0,,,,,,,,False,behavior fingerprint unavailable,False,no npz,"{""BACKTEST_VALIDATED_GATES_TRADIER"":false,""BASE_TF"":""3m"",""BB_BREAKOUT_ENABLED"":false,""COOLDOWN_BARS"":0,""COOLDOWN_BARS_TRADIER"":0,""DC_BREAKOUT_ENTRY_ENABLED"":false,""DELTA_ENGINE_ENABLED"":true,""DELTA_MAX_HOLD_BARS"":1,""D_TREND_REQUIRED"":false,""EMA_TF_15M_ENABLED"":false,""EMA_TF_1H_ENABLED"":false,""EMA_TF_3M_ENABLED"":false,""EMA_TF_4H_ENABLED"":false,""EMA_TF_5M_ENABLED"":false,""EMA_TF_D_ENABLED"":false,""ENTRY_SCORE_THRESHOLD"":15.0,""HA_WICK_QUALITY_ENABLED"":false,""HTF_ALIGNMENT_ENABLED"":false,""K3M_FLOOR"":0.0,""KINDERGARTEN_EMA_GATE_ENABLED"":false,""MACD_ZERO_CROSS_ENABLED"":false,""MFI_ENTRY_ENABLED"":false,""MIN_HOLD_BARS"":0,""MIN_HOLD_BARS_BEFORE_EXIT"":0,""MIN_HOLD_MINUTES_TRADIER"":0.0,""MTF_ARMED_WT_DIRECTION_SUSPEND_ENABLED"":false,""RSI2_MEAN_REVERSION_ENABLED"":false,""RSI_MACD_EMA_ENABLED"":false,""TRADIER_ENTRY_SCORE_THRESHOLD"":0,""TRIPLE_CONF_ENABLED"":true,""TRIPLE_CONF_SCORE"":30,""TRIPLE_CONF_TF"":""15m"",""WT_DC_HTF_GATE"":""none"",""WT_TF_15M_ENABLED"":false,""WT_TF_1H_ENABLED"":false,""WT_TF_3M_ENABLED"":false,""WT_TF_4H_ENABLED"":false,""WT_TF_5M_ENABLED"":false,""WT_TF_D_ENABLED"":false}"
TRIPLE_CONF_SCORE,STRATEGY_CAUSAL,declared strategy/catalog/live-path setting,INVALID,10/10 invalid executions,ENGINE_AUTO_WIRED|GLOBAL|QUICK_CONFIG|RECENT_5D,DISCONNECTED_LIVE_PATHS|ENGINE_AUTO_WIRED|QUICK_CONFIG|RECENT_RESULTS_5D,True,True,False,True,True,False,15m,NATIVE_BASE_FIXED,45,False,,,0.0,,,,,,,,False,behavior fingerprint unavailable,False,no npz,"{""BACKTEST_VALIDATED_GATES_TRADIER"":false,""BASE_TF"":""3m"",""BB_BREAKOUT_ENABLED"":false,""COOLDOWN_BARS"":0,""COOLDOWN_BARS_TRADIER"":0,""DC_BREAKOUT_ENTRY_ENABLED"":false,""DELTA_ENGINE_ENABLED"":true,""DELTA_MAX_HOLD_BARS"":1,""D_TREND_REQUIRED"":false,""EMA_TF_15M_ENABLED"":false,""EMA_TF_1H_ENABLED"":false,""EMA_TF_3M_ENABLED"":false,""EMA_TF_4H_ENABLED"":false,""EMA_TF_5M_ENABLED"":false,""EMA_TF_D_ENABLED"":false,""ENTRY_SCORE_THRESHOLD"":37.5,""HA_WICK_QUALITY_ENABLED"":false,""HTF_ALIGNMENT_ENABLED"":false,""K3M_FLOOR"":0.0,""KINDERGARTEN_EMA_GATE_ENABLED"":false,""MACD_ZERO_CROSS_ENABLED"":false,""MFI_ENTRY_ENABLED"":false,""MIN_HOLD_BARS"":0,""MIN_HOLD_BARS_BEFORE_EXIT"":0,""MIN_HOLD_MINUTES_TRADIER"":0.0,""MTF_ARMED_WT_DIRECTION_SUSPEND_ENABLED"":false,""RSI2_MEAN_REVERSION_ENABLED"":false,""RSI_MACD_EMA_ENABLED"":false,""TRADIER_ENTRY_SCORE_THRESHOLD"":0,""TRIPLE_CONF_ENABLED"":true,""TRIPLE_CONF_SCORE"":45,""TRIPLE_CONF_TF"":""15m"",""WT_DC_HTF_GATE"":""none"",""WT_TF_15M_ENABLED"":false,""WT_TF_1H_ENABLED"":false,""WT_TF_3M_ENABLED"":false,""WT_TF_4H_ENABLED"":false,""WT_TF_5M_ENABLED"":false,""WT_TF_D_ENABLED"":false}"
TRIPLE_CONF_SCORE,STRATEGY_CAUSAL,declared strategy/catalog/live-path setting,INVALID,10/10 invalid executions,ENGINE_AUTO_WIRED|GLOBAL|QUICK_CONFIG|RECENT_5D,DISCONNECTED_LIVE_PATHS|ENGINE_AUTO_WIRED|QUICK_CONFIG|RECENT_RESULTS_5D,True,True,False,True,True,False,1h,NATIVE_BASE_FIXED,30,False,,,0.0,,,,,,,,False,behavior fingerprint unavailable,False,no npz,"{""BACKTEST_VALIDATED_GATES_TRADIER"":false,""BASE_TF"":""3m"",""BB_BREAKOUT_ENABLED"":false,""COOLDOWN_BARS"":0,""COOLDOWN_BARS_TRADIER"":0,""DC_BREAKOUT_ENTRY_ENABLED"":false,""DELTA_ENGINE_ENABLED"":true,""DELTA_MAX_HOLD_BARS"":1,""D_TREND_REQUIRED"":false,""EMA_TF_15M_ENABLED"":false,""EMA_TF_1H_ENABLED"":false,""EMA_TF_3M_ENABLED"":false,""EMA_TF_4H_ENABLED"":false,""EMA_TF_5M_ENABLED"":false,""EMA_TF_D_ENABLED"":false,""ENTRY_SCORE_THRESHOLD"":15.0,""HA_WICK_QUALITY_ENABLED"":false,""HTF_ALIGNMENT_ENABLED"":false,""K3M_FLOOR"":0.0,""KINDERGARTEN_EMA_GATE_ENABLED"":false,""MACD_ZERO_CROSS_ENABLED"":false,""MFI_ENTRY_ENABLED"":false,""MIN_HOLD_BARS"":0,""MIN_HOLD_BARS_BEFORE_EXIT"":0,""MIN_HOLD_MINUTES_TRADIER"":0.0,""MTF_ARMED_WT_DIRECTION_SUSPEND_ENABLED"":false,""RSI2_MEAN_REVERSION_ENABLED"":false,""RSI_MACD_EMA_ENABLED"":false,""TRADIER_ENTRY_SCORE_THRESHOLD"":0,""TRIPLE_CONF_ENABLED"":true,""TRIPLE_CONF_SCORE"":30,""TRIPLE_CONF_TF"":""1h"",""WT_DC_HTF_GATE"":""none"",""WT_TF_15M_ENABLED"":false,""WT_TF_1H_ENABLED"":false,""WT_TF_3M_ENABLED"":false,""WT_TF_4H_ENABLED"":false,""WT_TF_5M_ENABLED"":false,""WT_TF_D_ENABLED"":false}"
TRIPLE_CONF_SCORE,STRATEGY_CAUSAL,declared strategy/catalog/live-path setting,INVALID,10/10 invalid executions,ENGINE_AUTO_WIRED|GLOBAL|QUICK_CONFIG|RECENT_5D,DISCONNECTED_LIVE_PATHS|ENGINE_AUTO_WIRED|QUICK_CONFIG|RECENT_RESULTS_5D,True,True,False,True,True,False,1h,NATIVE_BASE_FIXED,45,False,,,0.0,,,,,,,,False,behavior fingerprint unavailable,False,no npz,"{""BACKTEST_VALIDATED_GATES_TRADIER"":false,""BASE_TF"":""3m"",""BB_BREAKOUT_ENABLED"":false,""COOLDOWN_BARS"":0,""COOLDOWN_BARS_TRADIER"":0,""DC_BREAKOUT_ENTRY_ENABLED"":false,""DELTA_ENGINE_ENABLED"":true,""DELTA_MAX_HOLD_BARS"":1,""D_TREND_REQUIRED"":false,""EMA_TF_15M_ENABLED"":false,""EMA_TF_1H_ENABLED"":false,""EMA_TF_3M_ENABLED"":false,""EMA_TF_4H_ENABLED"":false,""EMA_TF_5M_ENABLED"":false,""EMA_TF_D_ENABLED"":false,""ENTRY_SCORE_THRESHOLD"":37.5,""HA_WICK_QUALITY_ENABLED"":false,""HTF_ALIGNMENT_ENABLED"":false,""K3M_FLOOR"":0.0,""KINDERGARTEN_EMA_GATE_ENABLED"":false,""MACD_ZERO_CROSS_ENABLED"":false,""MFI_ENTRY_ENABLED"":false,""MIN_HOLD_BARS"":0,""MIN_HOLD_BARS_BEFORE_EXIT"":0,""MIN_HOLD_MINUTES_TRADIER"":0.0,""MTF_ARMED_WT_DIRECTION_SUSPEND_ENABLED"":false,""RSI2_MEAN_REVERSION_ENABLED"":false,""RSI_MACD_EMA_ENABLED"":false,""TRADIER_ENTRY_SCORE_THRESHOLD"":0,""TRIPLE_CONF_ENABLED"":true,""TRIPLE_CONF_SCORE"":45,""TRIPLE_CONF_TF"":""1h"",""WT_DC_HTF_GATE"":""none"",""WT_TF_15M_ENABLED"":false,""WT_TF_1H_ENABLED"":false,""WT_TF_3M_ENABLED"":false,""WT_TF_4H_ENABLED"":false,""WT_TF_5M_ENABLED"":false,""WT_TF_D_ENABLED"":false}"
TRIPLE_CONF_SCORE,STRATEGY_CAUSAL,declared strategy/catalog/live-path setting,INVALID,10/10 invalid executions,ENGINE_AUTO_WIRED|GLOBAL|QUICK_CONFIG|RECENT_5D,DISCONNECTED_LIVE_PATHS|ENGINE_AUTO_WIRED|QUICK_CONFIG|RECENT_RESULTS_5D,True,True,False,True,True,False,4h,NATIVE_BASE_FIXED,30,False,,,0.0,,,,,,,,False,behavior fingerprint unavailable,False,no npz,"{""BACKTEST_VALIDATED_GATES_TRADIER"":false,""BASE_TF"":""3m"",""BB_BREAKOUT_ENABLED"":false,""COOLDOWN_BARS"":0,""COOLDOWN_BARS_TRADIER"":0,""DC_BREAKOUT_ENTRY_ENABLED"":false,""DELTA_ENGINE_ENABLED"":true,""DELTA_MAX_HOLD_BARS"":1,""D_TREND_REQUIRED"":false,""EMA_TF_15M_ENABLED"":false,""EMA_TF_1H_ENABLED"":false,""EMA_TF_3M_ENABLED"":false,""EMA_TF_4H_ENABLED"":false,""EMA_TF_5M_ENABLED"":false,""EMA_TF_D_ENABLED"":false,""ENTRY_SCORE_THRESHOLD"":15.0,""HA_WICK_QUALITY_ENABLED"":false,""HTF_ALIGNMENT_ENABLED"":false,""K3M_FLOOR"":0.0,""KINDERGARTEN_EMA_GATE_ENABLED"":false,""MACD_ZERO_CROSS_ENABLED"":false,""MFI_ENTRY_ENABLED"":false,""MIN_HOLD_BARS"":0,""MIN_HOLD_BARS_BEFORE_EXIT"":0,""MIN_HOLD_MINUTES_TRADIER"":0.0,""MTF_ARMED_WT_DIRECTION_SUSPEND_ENABLED"":false,""RSI2_MEAN_REVERSION_ENABLED"":false,""RSI_MACD_EMA_ENABLED"":false,""TRADIER_ENTRY_SCORE_THRESHOLD"":0,""TRIPLE_CONF_ENABLED"":true,""TRIPLE_CONF_SCORE"":30,""TRIPLE_CONF_TF"":""4h"",""WT_DC_HTF_GATE"":""none"",""WT_TF_15M_ENABLED"":false,""WT_TF_1H_ENABLED"":false,""WT_TF_3M_ENABLED"":false,""WT_TF_4H_ENABLED"":false,""WT_TF_5M_ENABLED"":false,""WT_TF_D_ENABLED"":false}"
TRIPLE_CONF_SCORE,STRATEGY_CAUSAL,declared strategy/catalog/live-path setting,INVALID,10/10 invalid executions,ENGINE_AUTO_WIRED|GLOBAL|QUICK_CONFIG|RECENT_5D,DISCONNECTED_LIVE_PATHS|ENGINE_AUTO_WIRED|QUICK_CONFIG|RECENT_RESULTS_5D,True,True,False,True,True,False,4h,NATIVE_BASE_FIXED,45,False,,,0.0,,,,,,,,False,behavior fingerprint unavailable,False,no npz,"{""BACKTEST_VALIDATED_GATES_TRADIER"":false,""BASE_TF"":""3m"",""BB_BREAKOUT_ENABLED"":false,""COOLDOWN_BARS"":0,""COOLDOWN_BARS_TRADIER"":0,""DC_BREAKOUT_ENTRY_ENABLED"":false,""DELTA_ENGINE_ENABLED"":true,""DELTA_MAX_HOLD_BARS"":1,""D_TREND_REQUIRED"":false,""EMA_TF_15M_ENABLED"":false,""EMA_TF_1H_ENABLED"":false,""EMA_TF_3M_ENABLED"":false,""EMA_TF_4H_ENABLED"":false,""EMA_TF_5M_ENABLED"":false,""EMA_TF_D_ENABLED"":false,""ENTRY_SCORE_THRESHOLD"":37.5,""HA_WICK_QUALITY_ENABLED"":false,""HTF_ALIGNMENT_ENABLED"":false,""K3M_FLOOR"":0.0,""KINDERGARTEN_EMA_GATE_ENABLED"":false,""MACD_ZERO_CROSS_ENABLED"":false,""MFI_ENTRY_ENABLED"":false,""MIN_HOLD_BARS"":0,""MIN_HOLD_BARS_BEFORE_EXIT"":0,""MIN_HOLD_MINUTES_TRADIER"":0.0,""MTF_ARMED_WT_DIRECTION_SUSPEND_ENABLED"":false,""RSI2_MEAN_REVERSION_ENABLED"":false,""RSI_MACD_EMA_ENABLED"":false,""TRADIER_ENTRY_SCORE_THRESHOLD"":0,""TRIPLE_CONF_ENABLED"":true,""TRIPLE_CONF_SCORE"":45,""TRIPLE_CONF_TF"":""4h"",""WT_DC_HTF_GATE"":""none"",""WT_TF_15M_ENABLED"":false,""WT_TF_1H_ENABLED"":false,""WT_TF_3M_ENABLED"":false,""WT_TF_4H_ENABLED"":false,""WT_TF_5M_ENABLED"":false,""WT_TF_D_ENABLED"":false}"
TRIPLE_CONF_SCORE,STRATEGY_CAUSAL,declared strategy/catalog/live-path setting,INVALID,10/10 invalid executions,ENGINE_AUTO_WIRED|GLOBAL|QUICK_CONFIG|RECENT_5D,DISCONNECTED_LIVE_PATHS|ENGINE_AUTO_WIRED|QUICK_CONFIG|RECENT_RESULTS_5D,True,True,False,True,True,False,D,NATIVE_BASE_FIXED,30,False,,,0.0,,,,,,,,False,behavior fingerprint unavailable,False,no npz,"{""BACKTEST_VALIDATED_GATES_TRADIER"":false,""BASE_TF"":""3m"",""BB_BREAKOUT_ENABLED"":false,""COOLDOWN_BARS"":0,""COOLDOWN_BARS_TRADIER"":0,""DC_BREAKOUT_ENTRY_ENABLED"":false,""DELTA_ENGINE_ENABLED"":true,""DELTA_MAX_HOLD_BARS"":1,""D_TREND_REQUIRED"":false,""EMA_TF_15M_ENABLED"":false,""EMA_TF_1H_ENABLED"":false,""EMA_TF_3M_ENABLED"":false,""EMA_TF_4H_ENABLED"":false,""EMA_TF_5M_ENABLED"":false,""EMA_TF_D_ENABLED"":false,""ENTRY_SCORE_THRESHOLD"":15.0,""HA_WICK_QUALITY_ENABLED"":false,""HTF_ALIGNMENT_ENABLED"":false,""K3M_FLOOR"":0.0,""KINDERGARTEN_EMA_GATE_ENABLED"":false,""MACD_ZERO_CROSS_ENABLED"":false,""MFI_ENTRY_ENABLED"":false,""MIN_HOLD_BARS"":0,""MIN_HOLD_BARS_BEFORE_EXIT"":0,""MIN_HOLD_MINUTES_TRADIER"":0.0,""MTF_ARMED_WT_DIRECTION_SUSPEND_ENABLED"":false,""RSI2_MEAN_REVERSION_ENABLED"":false,""RSI_MACD_EMA_ENABLED"":false,""TRADIER_ENTRY_SCORE_THRESHOLD"":0,""TRIPLE_CONF_ENABLED"":true,""TRIPLE_CONF_SCORE"":30,""TRIPLE_CONF_TF"":""D"",""WT_DC_HTF_GATE"":""none"",""WT_TF_15M_ENABLED"":false,""WT_TF_1H_ENABLED"":false,""WT_TF_3M_ENABLED"":false,""WT_TF_4H_ENABLED"":false,""WT_TF_5M_ENABLED"":false,""WT_TF_D_ENABLED"":false}"
TRIPLE_CONF_SCORE,STRATEGY_CAUSAL,declared strategy/catalog/live-path setting,INVALID,10/10 invalid executions,ENGINE_AUTO_WIRED|GLOBAL|QUICK_CONFIG|RECENT_5D,DISCONNECTED_LIVE_PATHS|ENGINE_AUTO_WIRED|QUICK_CONFIG|RECENT_RESULTS_5D,True,True,False,True,True,False,D,NATIVE_BASE_FIXED,45,False,,,0.0,,,,,,,,False,behavior fingerprint unavailable,False,no npz,"{""BACKTEST_VALIDATED_GATES_TRADIER"":false,""BASE_TF"":""3m"",""BB_BREAKOUT_ENABLED"":false,""COOLDOWN_BARS"":0,""COOLDOWN_BARS_TRADIER"":0,""DC_BREAKOUT_ENTRY_ENABLED"":false,""DELTA_ENGINE_ENABLED"":true,""DELTA_MAX_HOLD_BARS"":1,""D_TREND_REQUIRED"":false,""EMA_TF_15M_ENABLED"":false,""EMA_TF_1H_ENABLED"":false,""EMA_TF_3M_ENABLED"":false,""EMA_TF_4H_ENABLED"":false,""EMA_TF_5M_ENABLED"":false,""EMA_TF_D_ENABLED"":false,""ENTRY_SCORE_THRESHOLD"":37.5,""HA_WICK_QUALITY_ENABLED"":false,""HTF_ALIGNMENT_ENABLED"":false,""K3M_FLOOR"":0.0,""KINDERGARTEN_EMA_GATE_ENABLED"":false,""MACD_ZERO_CROSS_ENABLED"":false,""MFI_ENTRY_ENABLED"":false,""MIN_HOLD_BARS"":0,""MIN_HOLD_BARS_BEFORE_EXIT"":0,""MIN_HOLD_MINUTES_TRADIER"":0.0,""MTF_ARMED_WT_DIRECTION_SUSPEND_ENABLED"":false,""RSI2_MEAN_REVERSION_ENABLED"":false,""RSI_MACD_EMA_ENABLED"":false,""TRADIER_ENTRY_SCORE_THRESHOLD"":0,""TRIPLE_CONF_ENABLED"":true,""TRIPLE_CONF_SCORE"":45,""TRIPLE_CONF_TF"":""D"",""WT_DC_HTF_GATE"":""none"",""WT_TF_15M_ENABLED"":false,""WT_TF_1H_ENABLED"":false,""WT_TF_3M_ENABLED"":false,""WT_TF_4H_ENABLED"":false,""WT_TF_5M_ENABLED"":false,""WT_TF_D_ENABLED"":false}"
TRIPLE_CONF_STOCH_LONG,STRATEGY_CAUSAL,declared strategy/catalog/live-path setting,INVALID,10/10 invalid executions,ENGINE_AUTO_WIRED|GLOBAL|QUICK_CONFIG|RECENT_5D,DISCONNECTED_LIVE_PATHS|ENGINE_AUTO_WIRED|QUICK_CONFIG|RECENT_RESULTS_5D,True,True,False,True,True,False,3m,NATIVE_BASE_FIXED,20.0,False,,,0.0,,,,,,,,False,behavior fingerprint unavailable,False,no npz,"{""BACKTEST_VALIDATED_GATES_TRADIER"":false,""BASE_TF"":""3m"",""BB_BREAKOUT_ENABLED"":false,""COOLDOWN_BARS"":0,""COOLDOWN_BARS_TRADIER"":0,""DC_BREAKOUT_ENTRY_ENABLED"":false,""DELTA_ENGINE_ENABLED"":true,""DELTA_MAX_HOLD_BARS"":1,""D_TREND_REQUIRED"":false,""EMA_TF_15M_ENABLED"":false,""EMA_TF_1H_ENABLED"":false,""EMA_TF_3M_ENABLED"":false,""EMA_TF_4H_ENABLED"":false,""EMA_TF_5M_ENABLED"":false,""EMA_TF_D_ENABLED"":false,""ENTRY_SCORE_THRESHOLD"":15.0,""HA_WICK_QUALITY_ENABLED"":false,""HTF_ALIGNMENT_ENABLED"":false,""K3M_FLOOR"":0.0,""KINDERGARTEN_EMA_GATE_ENABLED"":false,""MACD_ZERO_CROSS_ENABLED"":false,""MFI_ENTRY_ENABLED"":false,""MIN_HOLD_BARS"":0,""MIN_HOLD_BARS_BEFORE_EXIT"":0,""MIN_HOLD_MINUTES_TRADIER"":0.0,""MTF_ARMED_WT_DIRECTION_SUSPEND_ENABLED"":false,""RSI2_MEAN_REVERSION_ENABLED"":false,""RSI_MACD_EMA_ENABLED"":false,""TRADIER_ENTRY_SCORE_THRESHOLD"":0,""TRIPLE_CONF_ENABLED"":true,""TRIPLE_CONF_STOCH_LONG"":20.0,""TRIPLE_CONF_TF"":""3m"",""WT_DC_HTF_GATE"":""none"",""WT_TF_15M_ENABLED"":false,""WT_TF_1H_ENABLED"":false,""WT_TF_3M_ENABLED"":false,""WT_TF_4H_ENABLED"":false,""WT_TF_5M_ENABLED"":false,""WT_TF_D_ENABLED"":false}"
TRIPLE_CONF_STOCH_LONG,STRATEGY_CAUSAL,declared strategy/catalog/live-path setting,INVALID,10/10 invalid executions,ENGINE_AUTO_WIRED|GLOBAL|QUICK_CONFIG|RECENT_5D,DISCONNECTED_LIVE_PATHS|ENGINE_AUTO_WIRED|QUICK_CONFIG|RECENT_RESULTS_5D,True,True,False,True,True,False,3m,NATIVE_BASE_FIXED,30.0,False,,,0.0,,,,,,,,False,behavior fingerprint unavailable,False,no npz,"{""BACKTEST_VALIDATED_GATES_TRADIER"":false,""BASE_TF"":""3m"",""BB_BREAKOUT_ENABLED"":false,""COOLDOWN_BARS"":0,""COOLDOWN_BARS_TRADIER"":0,""DC_BREAKOUT_ENTRY_ENABLED"":false,""DELTA_ENGINE_ENABLED"":true,""DELTA_MAX_HOLD_BARS"":1,""D_TREND_REQUIRED"":false,""EMA_TF_15M_ENABLED"":false,""EMA_TF_1H_ENABLED"":false,""EMA_TF_3M_ENABLED"":false,""EMA_TF_4H_ENABLED"":false,""EMA_TF_5M_ENABLED"":false,""EMA_TF_D_ENABLED"":false,""ENTRY_SCORE_THRESHOLD"":15.0,""HA_WICK_QUALITY_ENABLED"":false,""HTF_ALIGNMENT_ENABLED"":false,""K3M_FLOOR"":0.0,""KINDERGARTEN_EMA_GATE_ENABLED"":false,""MACD_ZERO_CROSS_ENABLED"":false,""MFI_ENTRY_ENABLED"":false,""MIN_HOLD_BARS"":0,""MIN_HOLD_BARS_BEFORE_EXIT"":0,""MIN_HOLD_MINUTES_TRADIER"":0.0,""MTF_ARMED_WT_DIRECTION_SUSPEND_ENABLED"":false,""RSI2_MEAN_REVERSION_ENABLED"":false,""RSI_MACD_EMA_ENABLED"":false,""TRADIER_ENTRY_SCORE_THRESHOLD"":0,""TRIPLE_CONF_ENABLED"":true,""TRIPLE_CONF_STOCH_LONG"":30.0,""TRIPLE_CONF_TF"":""3m"",""WT_DC_HTF_GATE"":""none"",""WT_TF_15M_ENABLED"":false,""WT_TF_1H_ENABLED"":false,""WT_TF_3M_ENABLED"":false,""WT_TF_4H_ENABLED"":false,""WT_TF_5M_ENABLED"":false,""WT_TF_D_ENABLED"":false}"
TRIPLE_CONF_STOCH_LONG,STRATEGY_CAUSAL,declared strategy/catalog/live-path setting,INVALID,10/10 invalid executions,ENGINE_AUTO_WIRED|GLOBAL|QUICK_CONFIG|RECENT_5D,DISCONNECTED_LIVE_PATHS|ENGINE_AUTO_WIRED|QUICK_CONFIG|RECENT_RESULTS_5D,True,True,False,True,True,False,15m,NATIVE_BASE_FIXED,20.0,False,,,0.0,,,,,,,,False,behavior fingerprint unavailable,False,no npz,"{""BACKTEST_VALIDATED_GATES_TRADIER"":false,""BASE_TF"":""3m"",""BB_BREAKOUT_ENABLED"":false,""COOLDOWN_BARS"":0,""COOLDOWN_BARS_TRADIER"":0,""DC_BREAKOUT_ENTRY_ENABLED"":false,""DELTA_ENGINE_ENABLED"":true,""DELTA_MAX_HOLD_BARS"":1,""D_TREND_REQUIRED"":false,""EMA_TF_15M_ENABLED"":false,""EMA_TF_1H_ENABLED"":false,""EMA_TF_3M_ENABLED"":false,""EMA_TF_4H_ENABLED"":false,""EMA_TF_5M_ENABLED"":false,""EMA_TF_D_ENABLED"":false,""ENTRY_SCORE_THRESHOLD"":15.0,""HA_WICK_QUALITY_ENABLED"":false,""HTF_ALIGNMENT_ENABLED"":false,""K3M_FLOOR"":0.0,""KINDERGARTEN_EMA_GATE_ENABLED"":false,""MACD_ZERO_CROSS_ENABLED"":false,""MFI_ENTRY_ENABLED"":false,""MIN_HOLD_BARS"":0,""MIN_HOLD_BARS_BEFORE_EXIT"":0,""MIN_HOLD_MINUTES_TRADIER"":0.0,""MTF_ARMED_WT_DIRECTION_SUSPEND_ENABLED"":false,""RSI2_MEAN_REVERSION_ENABLED"":false,""RSI_MACD_EMA_ENABLED"":false,""TRADIER_ENTRY_SCORE_THRESHOLD"":0,""TRIPLE_CONF_ENABLED"":true,""TRIPLE_CONF_STOCH_LONG"":20.0,""TRIPLE_CONF_TF"":""15m"",""WT_DC_HTF_GATE"":""none"",""WT_TF_15M_ENABLED"":false,""WT_TF_1H_ENABLED"":false,""WT_TF_3M_ENABLED"":false,""WT_TF_4H_ENABLED"":false,""WT_TF_5M_ENABLED"":false,""WT_TF_D_ENABLED"":false}"
TRIPLE_CONF_STOCH_LONG,STRATEGY_CAUSAL,declared strategy/catalog/live-path setting,INVALID,10/10 invalid executions,ENGINE_AUTO_WIRED|GLOBAL|QUICK_CONFIG|RECENT_5D,DISCONNECTED_LIVE_PATHS|ENGINE_AUTO_WIRED|QUICK_CONFIG|RECENT_RESULTS_5D,True,True,False,True,True,False,15m,NATIVE_BASE_FIXED,30.0,False,,,0.0,,,,,,,,False,behavior fingerprint unavailable,False,no npz,"{""BACKTEST_VALIDATED_GATES_TRADIER"":false,""BASE_TF"":""3m"",""BB_BREAKOUT_ENABLED"":false,""COOLDOWN_BARS"":0,""COOLDOWN_BARS_TRADIER"":0,""DC_BREAKOUT_ENTRY_ENABLED"":false,""DELTA_ENGINE_ENABLED"":true,""DELTA_MAX_HOLD_BARS"":1,""D_TREND_REQUIRED"":false,""EMA_TF_15M_ENABLED"":false,""EMA_TF_1H_ENABLED"":false,""EMA_TF_3M_ENABLED"":false,""EMA_TF_4H_ENABLED"":false,""EMA_TF_5M_ENABLED"":false,""EMA_TF_D_ENABLED"":false,""ENTRY_SCORE_THRESHOLD"":15.0,""HA_WICK_QUALITY_ENABLED"":false,""HTF_ALIGNMENT_ENABLED"":false,""K3M_FLOOR"":0.0,""KINDERGARTEN_EMA_GATE_ENABLED"":false,""MACD_ZERO_CROSS_ENABLED"":false,""MFI_ENTRY_ENABLED"":false,""MIN_HOLD_BARS"":0,""MIN_HOLD_BARS_BEFORE_EXIT"":0,""MIN_HOLD_MINUTES_TRADIER"":0.0,""MTF_ARMED_WT_DIRECTION_SUSPEND_ENABLED"":false,""RSI2_MEAN_REVERSION_ENABLED"":false,""RSI_MACD_EMA_ENABLED"":false,""TRADIER_ENTRY_SCORE_THRESHOLD"":0,""TRIPLE_CONF_ENABLED"":true,""TRIPLE_CONF_STOCH_LONG"":30.0,""TRIPLE_CONF_TF"":""15m"",""WT_DC_HTF_GATE"":""none"",""WT_TF_15M_ENABLED"":false,""WT_TF_1H_ENABLED"":false,""WT_TF_3M_ENABLED"":false,""WT_TF_4H_ENABLED"":false,""WT_TF_5M_ENABLED"":false,""WT_TF_D_ENABLED"":false}"
TRIPLE_CONF_STOCH_LONG,STRATEGY_CAUSAL,declared strategy/catalog/live-path setting,INVALID,10/10 invalid executions,ENGINE_AUTO_WIRED|GLOBAL|QUICK_CONFIG|RECENT_5D,DISCONNECTED_LIVE_PATHS|ENGINE_AUTO_WIRED|QUICK_CONFIG|RECENT_RESULTS_5D,True,True,False,True,True,False,1h,NATIVE_BASE_FIXED,20.0,False,,,0.0,,,,,,,,False,behavior fingerprint unavailable,False,no npz,"{""BACKTEST_VALIDATED_GATES_TRADIER"":false,""BASE_TF"":""3m"",""BB_BREAKOUT_ENABLED"":false,""COOLDOWN_BARS"":0,""COOLDOWN_BARS_TRADIER"":0,""DC_BREAKOUT_ENTRY_ENABLED"":false,""DELTA_ENGINE_ENABLED"":true,""DELTA_MAX_HOLD_BARS"":1,""D_TREND_REQUIRED"":false,""EMA_TF_15M_ENABLED"":false,""EMA_TF_1H_ENABLED"":false,""EMA_TF_3M_ENABLED"":false,""EMA_TF_4H_ENABLED"":false,""EMA_TF_5M_ENABLED"":false,""EMA_TF_D_ENABLED"":false,""ENTRY_SCORE_THRESHOLD"":15.0,""HA_WICK_QUALITY_ENABLED"":false,""HTF_ALIGNMENT_ENABLED"":false,""K3M_FLOOR"":0.0,""KINDERGARTEN_EMA_GATE_ENABLED"":false,""MACD_ZERO_CROSS_ENABLED"":false,""MFI_ENTRY_ENABLED"":false,""MIN_HOLD_BARS"":0,""MIN_HOLD_BARS_BEFORE_EXIT"":0,""MIN_HOLD_MINUTES_TRADIER"":0.0,""MTF_ARMED_WT_DIRECTION_SUSPEND_ENABLED"":false,""RSI2_MEAN_REVERSION_ENABLED"":false,""RSI_MACD_EMA_ENABLED"":false,""TRADIER_ENTRY_SCORE_THRESHOLD"":0,""TRIPLE_CONF_ENABLED"":true,""TRIPLE_CONF_STOCH_LONG"":20.0,""TRIPLE_CONF_TF"":""1h"",""WT_DC_HTF_GATE"":""none"",""WT_TF_15M_ENABLED"":false,""WT_TF_1H_ENABLED"":false,""WT_TF_3M_ENABLED"":false,""WT_TF_4H_ENABLED"":false,""WT_TF_5M_ENABLED"":false,""WT_TF_D_ENABLED"":false}"
TRIPLE_CONF_STOCH_LONG,STRATEGY_CAUSAL,declared strategy/catalog/live-path setting,INVALID,10/10 invalid executions,ENGINE_AUTO_WIRED|GLOBAL|QUICK_CONFIG|RECENT_5D,DISCONNECTED_LIVE_PATHS|ENGINE_AUTO_WIRED|QUICK_CONFIG|RECENT_RESULTS_5D,True,True,False,True,True,False,1h,NATIVE_BASE_FIXED,30.0,False,,,0.0,,,,,,,,False,behavior fingerprint unavailable,False,no npz,"{""BACKTEST_VALIDATED_GATES_TRADIER"":false,""BASE_TF"":""3m"",""BB_BREAKOUT_ENABLED"":false,""COOLDOWN_BARS"":0,""COOLDOWN_BARS_TRADIER"":0,""DC_BREAKOUT_ENTRY_ENABLED"":false,""DELTA_ENGINE_ENABLED"":true,""DELTA_MAX_HOLD_BARS"":1,""D_TREND_REQUIRED"":false,""EMA_TF_15M_ENABLED"":false,""EMA_TF_1H_ENABLED"":false,""EMA_TF_3M_ENABLED"":false,""EMA_TF_4H_ENABLED"":false,""EMA_TF_5M_ENABLED"":false,""EMA_TF_D_ENABLED"":false,""ENTRY_SCORE_THRESHOLD"":15.0,""HA_WICK_QUALITY_ENABLED"":false,""HTF_ALIGNMENT_ENABLED"":false,""K3M_FLOOR"":0.0,""KINDERGARTEN_EMA_GATE_ENABLED"":false,""MACD_ZERO_CROSS_ENABLED"":false,""MFI_ENTRY_ENABLED"":false,""MIN_HOLD_BARS"":0,""MIN_HOLD_BARS_BEFORE_EXIT"":0,""MIN_HOLD_MINUTES_TRADIER"":0.0,""MTF_ARMED_WT_DIRECTION_SUSPEND_ENABLED"":false,""RSI2_MEAN_REVERSION_ENABLED"":false,""RSI_MACD_EMA_ENABLED"":false,""TRADIER_ENTRY_SCORE_THRESHOLD"":0,""TRIPLE_CONF_ENABLED"":true,""TRIPLE_CONF_STOCH_LONG"":30.0,""TRIPLE_CONF_TF"":""1h"",""WT_DC_HTF_GATE"":""none"",""WT_TF_15M_ENABLED"":false,""WT_TF_1H_ENABLED"":false,""WT_TF_3M_ENABLED"":false,""WT_TF_4H_ENABLED"":false,""WT_TF_5M_ENABLED"":false,""WT_TF_D_ENABLED"":false}"
TRIPLE_CONF_STOCH_LONG,STRATEGY_CAUSAL,declared strategy/catalog/live-path setting,INVALID,10/10 invalid executions,ENGINE_AUTO_WIRED|GLOBAL|QUICK_CONFIG|RECENT_5D,DISCONNECTED_LIVE_PATHS|ENGINE_AUTO_WIRED|QUICK_CONFIG|RECENT_RESULTS_5D,True,True,False,True,True,False,4h,NATIVE_BASE_FIXED,20.0,False,,,0.0,,,,,,,,False,behavior fingerprint unavailable,False,no npz,"{""BACKTEST_VALIDATED_GATES_TRADIER"":false,""BASE_TF"":""3m"",""BB_BREAKOUT_ENABLED"":false,""COOLDOWN_BARS"":0,""COOLDOWN_BARS_TRADIER"":0,""DC_BREAKOUT_ENTRY_ENABLED"":false,""DELTA_ENGINE_ENABLED"":true,""DELTA_MAX_HOLD_BARS"":1,""D_TREND_REQUIRED"":false,""EMA_TF_15M_ENABLED"":false,""EMA_TF_1H_ENABLED"":false,""EMA_TF_3M_ENABLED"":false,""EMA_TF_4H_ENABLED"":false,""EMA_TF_5M_ENABLED"":false,""EMA_TF_D_ENABLED"":false,""ENTRY_SCORE_THRESHOLD"":15.0,""HA_WICK_QUALITY_ENABLED"":false,""HTF_ALIGNMENT_ENABLED"":false,""K3M_FLOOR"":0.0,""KINDERGARTEN_EMA_GATE_ENABLED"":false,""MACD_ZERO_CROSS_ENABLED"":false,""MFI_ENTRY_ENABLED"":false,""MIN_HOLD_BARS"":0,""MIN_HOLD_BARS_BEFORE_EXIT"":0,""MIN_HOLD_MINUTES_TRADIER"":0.0,""MTF_ARMED_WT_DIRECTION_SUSPEND_ENABLED"":false,""RSI2_MEAN_REVERSION_ENABLED"":false,""RSI_MACD_EMA_ENABLED"":false,""TRADIER_ENTRY_SCORE_THRESHOLD"":0,""TRIPLE_CONF_ENABLED"":true,""TRIPLE_CONF_STOCH_LONG"":20.0,""TRIPLE_CONF_TF"":""4h"",""WT_DC_HTF_GATE"":""none"",""WT_TF_15M_ENABLED"":false,""WT_TF_1H_ENABLED"":false,""WT_TF_3M_ENABLED"":false,""WT_TF_4H_ENABLED"":false,""WT_TF_5M_ENABLED"":false,""WT_TF_D_ENABLED"":false}"
TRIPLE_CONF_STOCH_LONG,STRATEGY_CAUSAL,declared strategy/catalog/live-path setting,INVALID,10/10 invalid executions,ENGINE_AUTO_WIRED|GLOBAL|QUICK_CONFIG|RECENT_5D,DISCONNECTED_LIVE_PATHS|ENGINE_AUTO_WIRED|QUICK_CONFIG|RECENT_RESULTS_5D,True,True,False,True,True,False,4h,NATIVE_BASE_FIXED,30.0,False,,,0.0,,,,,,,,False,behavior fingerprint unavailable,False,no npz,"{""BACKTEST_VALIDATED_GATES_TRADIER"":false,""BASE_TF"":""3m"",""BB_BREAKOUT_ENABLED"":false,""COOLDOWN_BARS"":0,""COOLDOWN_BARS_TRADIER"":0,""DC_BREAKOUT_ENTRY_ENABLED"":false,""DELTA_ENGINE_ENABLED"":true,""DELTA_MAX_HOLD_BARS"":1,""D_TREND_REQUIRED"":false,""EMA_TF_15M_ENABLED"":false,""EMA_TF_1H_ENABLED"":false,""EMA_TF_3M_ENABLED"":false,""EMA_TF_4H_ENABLED"":false,""EMA_TF_5M_ENABLED"":false,""EMA_TF_D_ENABLED"":false,""ENTRY_SCORE_THRESHOLD"":15.0,""HA_WICK_QUALITY_ENABLED"":false,""HTF_ALIGNMENT_ENABLED"":false,""K3M_FLOOR"":0.0,""KINDERGARTEN_EMA_GATE_ENABLED"":false,""MACD_ZERO_CROSS_ENABLED"":false,""MFI_ENTRY_ENABLED"":false,""MIN_HOLD_BARS"":0,""MIN_HOLD_BARS_BEFORE_EXIT"":0,""MIN_HOLD_MINUTES_TRADIER"":0.0,""MTF_ARMED_WT_DIRECTION_SUSPEND_ENABLED"":false,""RSI2_MEAN_REVERSION_ENABLED"":false,""RSI_MACD_EMA_ENABLED"":false,""TRADIER_ENTRY_SCORE_THRESHOLD"":0,""TRIPLE_CONF_ENABLED"":true,""TRIPLE_CONF_STOCH_LONG"":30.0,""TRIPLE_CONF_TF"":""4h"",""WT_DC_HTF_GATE"":""none"",""WT_TF_15M_ENABLED"":false,""WT_TF_1H_ENABLED"":false,""WT_TF_3M_ENABLED"":false,""WT_TF_4H_ENABLED"":false,""WT_TF_5M_ENABLED"":false,""WT_TF_D_ENABLED"":false}"
TRIPLE_CONF_STOCH_LONG,STRATEGY_CAUSAL,declared strategy/catalog/live-path setting,INVALID,10/10 invalid executions,ENGINE_AUTO_WIRED|GLOBAL|QUICK_CONFIG|RECENT_5D,DISCONNECTED_LIVE_PATHS|ENGINE_AUTO_WIRED|QUICK_CONFIG|RECENT_RESULTS_5D,True,True,False,True,True,False,D,NATIVE_BASE_FIXED,20.0,False,,,0.0,,,,,,,,False,behavior fingerprint unavailable,False,no npz,"{""BACKTEST_VALIDATED_GATES_TRADIER"":false,""BASE_TF"":""3m"",""BB_BREAKOUT_ENABLED"":false,""COOLDOWN_BARS"":0,""COOLDOWN_BARS_TRADIER"":0,""DC_BREAKOUT_ENTRY_ENABLED"":false,""DELTA_ENGINE_ENABLED"":true,""DELTA_MAX_HOLD_BARS"":1,""D_TREND_REQUIRED"":false,""EMA_TF_15M_ENABLED"":false,""EMA_TF_1H_ENABLED"":false,""EMA_TF_3M_ENABLED"":false,""EMA_TF_4H_ENABLED"":false,""EMA_TF_5M_ENABLED"":false,""EMA_TF_D_ENABLED"":false,""ENTRY_SCORE_THRESHOLD"":15.0,""HA_WICK_QUALITY_ENABLED"":false,""HTF_ALIGNMENT_ENABLED"":false,""K3M_FLOOR"":0.0,""KINDERGARTEN_EMA_GATE_ENABLED"":false,""MACD_ZERO_CROSS_ENABLED"":false,""MFI_ENTRY_ENABLED"":false,""MIN_HOLD_BARS"":0,""MIN_HOLD_BARS_BEFORE_EXIT"":0,""MIN_HOLD_MINUTES_TRADIER"":0.0,""MTF_ARMED_WT_DIRECTION_SUSPEND_ENABLED"":false,""RSI2_MEAN_REVERSION_ENABLED"":false,""RSI_MACD_EMA_ENABLED"":false,""TRADIER_ENTRY_SCORE_THRESHOLD"":0,""TRIPLE_CONF_ENABLED"":true,""TRIPLE_CONF_STOCH_LONG"":20.0,""TRIPLE_CONF_TF"":""D"",""WT_DC_HTF_GATE"":""none"",""WT_TF_15M_ENABLED"":false,""WT_TF_1H_ENABLED"":false,""WT_TF_3M_ENABLED"":false,""WT_TF_4H_ENABLED"":false,""WT_TF_5M_ENABLED"":false,""WT_TF_D_ENABLED"":false}"
TRIPLE_CONF_STOCH_LONG,STRATEGY_CAUSAL,declared strategy/catalog/live-path setting,INVALID,10/10 invalid executions,ENGINE_AUTO_WIRED|GLOBAL|QUICK_CONFIG|RECENT_5D,DISCONNECTED_LIVE_PATHS|ENGINE_AUTO_WIRED|QUICK_CONFIG|RECENT_RESULTS_5D,True,True,False,True,True,False,D,NATIVE_BASE_FIXED,30.0,False,,,0.0,,,,,,,,False,behavior fingerprint unavailable,False,no npz,"{""BACKTEST_VALIDATED_GATES_TRADIER"":false,""BASE_TF"":""3m"",""BB_BREAKOUT_ENABLED"":false,""COOLDOWN_BARS"":0,""COOLDOWN_BARS_TRADIER"":0,""DC_BREAKOUT_ENTRY_ENABLED"":false,""DELTA_ENGINE_ENABLED"":true,""DELTA_MAX_HOLD_BARS"":1,""D_TREND_REQUIRED"":false,""EMA_TF_15M_ENABLED"":false,""EMA_TF_1H_ENABLED"":false,""EMA_TF_3M_ENABLED"":false,""EMA_TF_4H_ENABLED"":false,""EMA_TF_5M_ENABLED"":false,""EMA_TF_D_ENABLED"":false,""ENTRY_SCORE_THRESHOLD"":15.0,""HA_WICK_QUALITY_ENABLED"":false,""HTF_ALIGNMENT_ENABLED"":false,""K3M_FLOOR"":0.0,""KINDERGARTEN_EMA_GATE_ENABLED"":false,""MACD_ZERO_CROSS_ENABLED"":false,""MFI_ENTRY_ENABLED"":false,""MIN_HOLD_BARS"":0,""MIN_HOLD_BARS_BEFORE_EXIT"":0,""MIN_HOLD_MINUTES_TRADIER"":0.0,""MTF_ARMED_WT_DIRECTION_SUSPEND_ENABLED"":false,""RSI2_MEAN_REVERSION_ENABLED"":false,""RSI_MACD_EMA_ENABLED"":false,""TRADIER_ENTRY_SCORE_THRESHOLD"":0,""TRIPLE_CONF_ENABLED"":true,""TRIPLE_CONF_STOCH_LONG"":30.0,""TRIPLE_CONF_TF"":""D"",""WT_DC_HTF_GATE"":""none"",""WT_TF_15M_ENABLED"":false,""WT_TF_1H_ENABLED"":false,""WT_TF_3M_ENABLED"":false,""WT_TF_4H_ENABLED"":false,""WT_TF_5M_ENABLED"":false,""WT_TF_D_ENABLED"":false}"
TRIPLE_CONF_TF,STRATEGY_CAUSAL,declared strategy/catalog/live-path setting,INVALID,5/5 invalid executions,ENGINE_AUTO_WIRED|GLOBAL|QUICK_CONFIG|RECENT_5D,DISCONNECTED_LIVE_PATHS|ENGINE_AUTO_WIRED|QUICK_CONFIG|RECENT_RESULTS_5D,True,True,False,True,True,False,3m,,"""3m""",False,,,0.0,,,,,,,,False,behavior fingerprint unavailable,False,no npz,"{""BACKTEST_VALIDATED_GATES_TRADIER"":false,""BASE_TF"":""3m"",""BB_BREAKOUT_ENABLED"":false,""COOLDOWN_BARS"":0,""COOLDOWN_BARS_TRADIER"":0,""DC_BREAKOUT_ENTRY_ENABLED"":false,""DELTA_ENGINE_ENABLED"":true,""DELTA_MAX_HOLD_BARS"":1,""D_TREND_REQUIRED"":false,""EMA_TF_15M_ENABLED"":false,""EMA_TF_1H_ENABLED"":false,""EMA_TF_3M_ENABLED"":false,""EMA_TF_4H_ENABLED"":false,""EMA_TF_5M_ENABLED"":false,""EMA_TF_D_ENABLED"":false,""ENTRY_SCORE_THRESHOLD"":15.0,""HA_WICK_QUALITY_ENABLED"":false,""HTF_ALIGNMENT_ENABLED"":false,""K3M_FLOOR"":0.0,""KINDERGARTEN_EMA_GATE_ENABLED"":false,""MACD_ZERO_CROSS_ENABLED"":false,""MFI_ENTRY_ENABLED"":false,""MIN_HOLD_BARS"":0,""MIN_HOLD_BARS_BEFORE_EXIT"":0,""MIN_HOLD_MINUTES_TRADIER"":0.0,""MTF_ARMED_WT_DIRECTION_SUSPEND_ENABLED"":false,""RSI2_MEAN_REVERSION_ENABLED"":false,""RSI_MACD_EMA_ENABLED"":false,""TRADIER_ENTRY_SCORE_THRESHOLD"":0,""TRIPLE_CONF_ENABLED"":true,""TRIPLE_CONF_TF"":""3m"",""WT_DC_HTF_GATE"":""none"",""WT_TF_15M_ENABLED"":false,""WT_TF_1H_ENABLED"":false,""WT_TF_3M_ENABLED"":false,""WT_TF_4H_ENABLED"":false,""WT_TF_5M_ENABLED"":false,""WT_TF_D_ENABLED"":false}"
TRIPLE_CONF_TF,STRATEGY_CAUSAL,declared strategy/catalog/live-path setting,INVALID,5/5 invalid executions,ENGINE_AUTO_WIRED|GLOBAL|QUICK_CONFIG|RECENT_5D,DISCONNECTED_LIVE_PATHS|ENGINE_AUTO_WIRED|QUICK_CONFIG|RECENT_RESULTS_5D,True,True,False,True,True,False,15m,,"""15m""",False,,,0.0,,,,,,,,False,behavior fingerprint unavailable,False,no npz,"{""BACKTEST_VALIDATED_GATES_TRADIER"":false,""BASE_TF"":""3m"",""BB_BREAKOUT_ENABLED"":false,""COOLDOWN_BARS"":0,""COOLDOWN_BARS_TRADIER"":0,""DC_BREAKOUT_ENTRY_ENABLED"":false,""DELTA_ENGINE_ENABLED"":true,""DELTA_MAX_HOLD_BARS"":1,""D_TREND_REQUIRED"":false,""EMA_TF_15M_ENABLED"":false,""EMA_TF_1H_ENABLED"":false,""EMA_TF_3M_ENABLED"":false,""EMA_TF_4H_ENABLED"":false,""EMA_TF_5M_ENABLED"":false,""EMA_TF_D_ENABLED"":false,""ENTRY_SCORE_THRESHOLD"":15.0,""HA_WICK_QUALITY_ENABLED"":false,""HTF_ALIGNMENT_ENABLED"":false,""K3M_FLOOR"":0.0,""KINDERGARTEN_EMA_GATE_ENABLED"":false,""MACD_ZERO_CROSS_ENABLED"":false,""MFI_ENTRY_ENABLED"":false,""MIN_HOLD_BARS"":0,""MIN_HOLD_BARS_BEFORE_EXIT"":0,""MIN_HOLD_MINUTES_TRADIER"":0.0,""MTF_ARMED_WT_DIRECTION_SUSPEND_ENABLED"":false,""RSI2_MEAN_REVERSION_ENABLED"":false,""RSI_MACD_EMA_ENABLED"":false,""TRADIER_ENTRY_SCORE_THRESHOLD"":0,""TRIPLE_CONF_ENABLED"":true,""TRIPLE_CONF_TF"":""15m"",""WT_DC_HTF_GATE"":""none"",""WT_TF_15M_ENABLED"":false,""WT_TF_1H_ENABLED"":false,""WT_TF_3M_ENABLED"":false,""WT_TF_4H_ENABLED"":false,""WT_TF_5M_ENABLED"":false,""WT_TF_D_ENABLED"":false}"
TRIPLE_CONF_TF,STRATEGY_CAUSAL,declared strategy/catalog/live-path setting,INVALID,5/5 invalid executions,ENGINE_AUTO_WIRED|GLOBAL|QUICK_CONFIG|RECENT_5D,DISCONNECTED_LIVE_PATHS|ENGINE_AUTO_WIRED|QUICK_CONFIG|RECENT_RESULTS_5D,True,True,False,True,True,False,1h,,"""1h""",False,,,0.0,,,,,,,,False,behavior fingerprint unavailable,False,no npz,"{""BACKTEST_VALIDATED_GATES_TRADIER"":false,""BASE_TF"":""3m"",""BB_BREAKOUT_ENABLED"":false,""COOLDOWN_BARS"":0,""COOLDOWN_BARS_TRADIER"":0,""DC_BREAKOUT_ENTRY_ENABLED"":false,""DELTA_ENGINE_ENABLED"":true,""DELTA_MAX_HOLD_BARS"":1,""D_TREND_REQUIRED"":false,""EMA_TF_15M_ENABLED"":false,""EMA_TF_1H_ENABLED"":false,""EMA_TF_3M_ENABLED"":false,""EMA_TF_4H_ENABLED"":false,""EMA_TF_5M_ENABLED"":false,""EMA_TF_D_ENABLED"":false,""ENTRY_SCORE_THRESHOLD"":15.0,""HA_WICK_QUALITY_ENABLED"":false,""HTF_ALIGNMENT_ENABLED"":false,""K3M_FLOOR"":0.0,""KINDERGARTEN_EMA_GATE_ENABLED"":false,""MACD_ZERO_CROSS_ENABLED"":false,""MFI_ENTRY_ENABLED"":false,""MIN_HOLD_BARS"":0,""MIN_HOLD_BARS_BEFORE_EXIT"":0,""MIN_HOLD_MINUTES_TRADIER"":0.0,""MTF_ARMED_WT_DIRECTION_SUSPEND_ENABLED"":false,""RSI2_MEAN_REVERSION_ENABLED"":false,""RSI_MACD_EMA_ENABLED"":false,""TRADIER_ENTRY_SCORE_THRESHOLD"":0,""TRIPLE_CONF_ENABLED"":true,""TRIPLE_CONF_TF"":""1h"",""WT_DC_HTF_GATE"":""none"",""WT_TF_15M_ENABLED"":false,""WT_TF_1H_ENABLED"":false,""WT_TF_3M_ENABLED"":false,""WT_TF_4H_ENABLED"":false,""WT_TF_5M_ENABLED"":false,""WT_TF_D_ENABLED"":false}"
TRIPLE_CONF_TF,STRATEGY_CAUSAL,declared strategy/catalog/live-path setting,INVALID,5/5 invalid executions,ENGINE_AUTO_WIRED|GLOBAL|QUICK_CONFIG|RECENT_5D,DISCONNECTED_LIVE_PATHS|ENGINE_AUTO_WIRED|QUICK_CONFIG|RECENT_RESULTS_5D,True,True,False,True,True,False,4h,,"""4h""",False,,,0.0,,,,,,,,False,behavior fingerprint unavailable,False,no npz,"{""BACKTEST_VALIDATED_GATES_TRADIER"":false,""BASE_TF"":""3m"",""BB_BREAKOUT_ENABLED"":false,""COOLDOWN_BARS"":0,""COOLDOWN_BARS_TRADIER"":0,""DC_BREAKOUT_ENTRY_ENABLED"":false,""DELTA_ENGINE_ENABLED"":true,""DELTA_MAX_HOLD_BARS"":1,""D_TREND_REQUIRED"":false,""EMA_TF_15M_ENABLED"":false,""EMA_TF_1H_ENABLED"":false,""EMA_TF_3M_ENABLED"":false,""EMA_TF_4H_ENABLED"":false,""EMA_TF_5M_ENABLED"":false,""EMA_TF_D_ENABLED"":false,""ENTRY_SCORE_THRESHOLD"":15.0,""HA_WICK_QUALITY_ENABLED"":false,""HTF_ALIGNMENT_ENABLED"":false,""K3M_FLOOR"":0.0,""KINDERGARTEN_EMA_GATE_ENABLED"":false,""MACD_ZERO_CROSS_ENABLED"":false,""MFI_ENTRY_ENABLED"":false,""MIN_HOLD_BARS"":0,""MIN_HOLD_BARS_BEFORE_EXIT"":0,""MIN_HOLD_MINUTES_TRADIER"":0.0,""MTF_ARMED_WT_DIRECTION_SUSPEND_ENABLED"":false,""RSI2_MEAN_REVERSION_ENABLED"":false,""RSI_MACD_EMA_ENABLED"":false,""TRADIER_ENTRY_SCORE_THRESHOLD"":0,""TRIPLE_CONF_ENABLED"":true,""TRIPLE_CONF_TF"":""4h"",""WT_DC_HTF_GATE"":""none"",""WT_TF_15M_ENABLED"":false,""WT_TF_1H_ENABLED"":false,""WT_TF_3M_ENABLED"":false,""WT_TF_4H_ENABLED"":false,""WT_TF_5M_ENABLED"":false,""WT_TF_D_ENABLED"":false}"
TRIPLE_CONF_TF,STRATEGY_CAUSAL,declared strategy/catalog/live-path setting,INVALID,5/5 invalid executions,ENGINE_AUTO_WIRED|GLOBAL|QUICK_CONFIG|RECENT_5D,DISCONNECTED_LIVE_PATHS|ENGINE_AUTO_WIRED|QUICK_CONFIG|RECENT_RESULTS_5D,True,True,False,True,True,False,D,,"""D""",False,,,0.0,,,,,,,,False,behavior fingerprint unavailable,False,no npz,"{""BACKTEST_VALIDATED_GATES_TRADIER"":false,""BASE_TF"":""3m"",""BB_BREAKOUT_ENABLED"":false,""COOLDOWN_BARS"":0,""COOLDOWN_BARS_TRADIER"":0,""DC_BREAKOUT_ENTRY_ENABLED"":false,""DELTA_ENGINE_ENABLED"":true,""DELTA_MAX_HOLD_BARS"":1,""D_TREND_REQUIRED"":false,""EMA_TF_15M_ENABLED"":false,""EMA_TF_1H_ENABLED"":false,""EMA_TF_3M_ENABLED"":false,""EMA_TF_4H_ENABLED"":false,""EMA_TF_5M_ENABLED"":false,""EMA_TF_D_ENABLED"":false,""ENTRY_SCORE_THRESHOLD"":15.0,""HA_WICK_QUALITY_ENABLED"":false,""HTF_ALIGNMENT_ENABLED"":false,""K3M_FLOOR"":0.0,""KINDERGARTEN_EMA_GATE_ENABLED"":false,""MACD_ZERO_CROSS_ENABLED"":false,""MFI_ENTRY_ENABLED"":false,""MIN_HOLD_BARS"":0,""MIN_HOLD_BARS_BEFORE_EXIT"":0,""MIN_HOLD_MINUTES_TRADIER"":0.0,""MTF_ARMED_WT_DIRECTION_SUSPEND_ENABLED"":false,""RSI2_MEAN_REVERSION_ENABLED"":false,""RSI_MACD_EMA_ENABLED"":false,""TRADIER_ENTRY_SCORE_THRESHOLD"":0,""TRIPLE_CONF_ENABLED"":true,""TRIPLE_CONF_TF"":""D"",""WT_DC_HTF_GATE"":""none"",""WT_TF_15M_ENABLED"":false,""WT_TF_1H_ENABLED"":false,""WT_TF_3M_ENABLED"":false,""WT_TF_4H_ENABLED"":false,""WT_TF_5M_ENABLED"":false,""WT_TF_D_ENABLED"":false}"
