sheet,family,Switch,default,status,vector_causal,live_read,declared_in_quick,badly_wired,is_low_tf
ENTRY_PULLBACK_BOUNCE,ENTRY,WT_15M_BOUNCE_OPEN_ENABLED,False,HOOKED_BOTH,True,True,True,False,
ENTRY_PULLBACK_BOUNCE,ENTRY,WT_15M_BOUNCE_OPEN_ENABLED,True,HOOKED_BOTH,True,True,True,False,
ENTRY_PULLBACK_BOUNCE,ENTRY,BB_SQUEEZE_ENTRY_ENABLED,False,HOOKED_BOTH,True,True,True,False,
ENTRY_PULLBACK_BOUNCE,ENTRY,BB_SQUEEZE_ENTRY_ENABLED,True,HOOKED_BOTH,True,True,True,False,
ENTRY_PULLBACK_BOUNCE,ENTRY,BB_SQUEEZE_WIDTH_PERCENTILE,0.2,HOOKED_BOTH,True,True,True,False,
ENTRY_PULLBACK_BOUNCE,ENTRY,BB_SQUEEZE_WIDTH_PERCENTILE,0.1,HOOKED_BOTH,True,True,True,False,
ENTRY_PULLBACK_BOUNCE,ENTRY,DELTA_GATE_BB_SQUEEZE,True,HOOKED_BOTH,True,True,True,False,
ENTRY_PULLBACK_BOUNCE,ENTRY,DELTA_GATE_BB_SQUEEZE,False,HOOKED_BOTH,True,True,True,False,
ENTRY_PULLBACK_BOUNCE,ENTRY,BB_PULLBACK_GATE_TF,D,HOOKED_BOTH,True,True,True,False,
ENTRY_PULLBACK_BOUNCE,ENTRY,BB_PULLBACK_GATE_TF,1h,HOOKED_BOTH,True,True,True,False,
ENTRY_PULLBACK_BOUNCE,ENTRY,BB_PULLBACK_GATE_TF,4h,HOOKED_BOTH,True,True,True,False,
ENTRY_PULLBACK_BOUNCE,ENTRY,BB_PULLBACK_GATE_TF,15m,HOOKED_BOTH,True,True,True,False,
ENTRY_PULLBACK_BOUNCE,ENTRY,DD_BOUNCE_ENABLED,True,HOOKED_BOTH,True,True,True,False,
ENTRY_PULLBACK_BOUNCE,ENTRY,DD_BOUNCE_ENABLED,False,HOOKED_BOTH,True,True,True,False,
ENTRY_PULLBACK_BOUNCE,ENTRY,LR_BAND_LADDER_TF_BOTTOM,False,QUICK_NOT_CAUSAL,False,True,True,False,
ENTRY_PULLBACK_BOUNCE,ENTRY,LR_BAND_LADDER_TF_BOTTOM,True,QUICK_NOT_CAUSAL,False,True,True,False,
ENTRY_PULLBACK_BOUNCE,ENTRY,LR_BAND_LADDER_TF_TOP,False,QUICK_NOT_CAUSAL,False,True,True,False,
ENTRY_PULLBACK_BOUNCE,ENTRY,LR_BAND_LADDER_TF_TOP,True,QUICK_NOT_CAUSAL,False,True,True,False,
ENTRY_PULLBACK_BOUNCE,ENTRY,ADX_RANGING_THRESHOLD,20,HOOKED_BOTH,True,True,True,False,
ENTRY_PULLBACK_BOUNCE,ENTRY,ATR_TRAIL_FILTER_TF,OFF,HOOKED_BOTH,True,True,True,False,
ENTRY_PULLBACK_BOUNCE,ENTRY,BANDAID_OFF_LOSER_RECOVER_PCT,0,HOOKED_BOTH,True,True,True,False,
ENTRY_PULLBACK_BOUNCE,ENTRY,BAND_ARROW_ENABLED,False,HOOKED_BOTH,True,True,True,False,
ENTRY_PULLBACK_BOUNCE,ENTRY,BTC_ACCEL_RAMP_REQUIRE_POSITIVE,0.0,HOOKED_BOTH,True,True,True,False,
ENTRY_PULLBACK_BOUNCE,ENTRY,BTC_DEDICATED_FILTER_TF,OFF,HOOKED_BOTH,True,True,True,False,
ENTRY_PULLBACK_BOUNCE,ENTRY,BTC_HARD_BLOCK_OTHER_ACCOUNTS,0.0,HOOKED_BOTH,True,True,True,False,
ENTRY_PULLBACK_BOUNCE,ENTRY,BTC_ROUND_BANDS_EACH_SIDE,0.0,HOOKED_BOTH,True,True,True,False,
ENTRY_PULLBACK_BOUNCE,ENTRY,BT_WT_CROSS_LADDER_FILTER_TF,OFF,HOOKED_BOTH,True,True,True,False,
ENTRY_PULLBACK_BOUNCE,ENTRY,CANDLE_PATTERN_STOPS_FILTER_TF,OFF,HOOKED_BOTH,True,True,True,False,
ENTRY_PULLBACK_BOUNCE,ENTRY,CIRCUIT_SHARPE_GATES_FILTER_TF,OFF,HOOKED_BOTH,True,True,True,False,
ENTRY_PULLBACK_BOUNCE,ENTRY,COOLDOWN_LOCKS_FILTER_TF,OFF,HOOKED_BOTH,True,True,True,False,
ENTRY_PULLBACK_BOUNCE,ENTRY,CRYPTO_SPIKE_FADE_THRESHOLD_PCT,10,HOOKED_BOTH,True,True,True,False,
ENTRY_PULLBACK_BOUNCE,ENTRY,DC_BREACH_REDUCE_FILTER_TF,OFF,HOOKED_BOTH,True,True,True,False,
ENTRY_PULLBACK_BOUNCE,ENTRY,DC_BREAK_FILTER_TF,OFF,HOOKED_BOTH,True,True,True,False,
ENTRY_PULLBACK_BOUNCE,ENTRY,DC_MOMENTUM_BOTA_SCORER_FILTER_TF,OFF,HOOKED_BOTH,True,True,True,False,
ENTRY_PULLBACK_BOUNCE,ENTRY,DC_MOMENT_STRONG_THRESHOLD,40,HOOKED_BOTH,True,True,True,False,
ENTRY_PULLBACK_BOUNCE,ENTRY,DELTA_ENGINE_FILTER_TF,OFF,HOOKED_BOTH,True,True,True,False,
ENTRY_PULLBACK_BOUNCE,ENTRY,DELTA_HTF_GATE,4h,HOOKED_BOTH,True,True,True,False,
ENTRY_PULLBACK_BOUNCE,ENTRY,DELTA_REENTRY_FILTER_ENABLED,False,HOOKED_BOTH,True,True,True,False,
ENTRY_PULLBACK_BOUNCE,ENTRY,DUP_GUARD_FILTER_TF,OFF,HOOKED_BOTH,True,True,True,False,
ENTRY_PULLBACK_BOUNCE,ENTRY,EMA_9_21_FILTER_FILTER_TF,OFF,HOOKED_BOTH,True,True,True,False,
ENTRY_PULLBACK_BOUNCE,ENTRY,EMA_9_21_FILTER_MIN_TFS,0,HOOKED_BOTH,True,True,True,False,
ENTRY_PULLBACK_BOUNCE,ENTRY,EMA_BLANKET_FILTER_ENABLED,False,HOOKED_BOTH,True,True,True,False,
ENTRY_PULLBACK_BOUNCE,ENTRY,EMA_BLANKET_FILTER_FILTER_TF,OFF,HOOKED_BOTH,True,True,True,False,
ENTRY_PULLBACK_BOUNCE,ENTRY,EMA_BLANKET_FILTER_MIN_TFS,0,HOOKED_BOTH,True,True,True,False,
ENTRY_PULLBACK_BOUNCE,ENTRY,EMERGENCY_BRAKE_FILTER_TF,OFF,HOOKED_BOTH,True,True,True,False,
ENTRY_PULLBACK_BOUNCE,ENTRY,EXECUTE_NOW_SINGLE_GATE_ENFORCE,0.0,HOOKED_BOTH,True,True,True,False,
ENTRY_PULLBACK_BOUNCE,ENTRY,EXIT_R1_R2_FILTER_TF,OFF,HOOKED_BOTH,True,True,True,False,
ENTRY_PULLBACK_BOUNCE,ENTRY,EXIT_TIGHT_BREAKOUT_SCORER_FILTER_TF,OFF,QUICK_NOT_CAUSAL,False,True,True,False,
ENTRY_PULLBACK_BOUNCE,ENTRY,EXIT_TOP_FADE_FILTER_TF,OFF,QUICK_NOT_CAUSAL,False,True,True,False,
ENTRY_PULLBACK_BOUNCE,ENTRY,EXIT_TO_REDUCE_ADAPTER_FILTER_TF,OFF,QUICK_NOT_CAUSAL,False,True,True,False,
ENTRY_PULLBACK_BOUNCE,ENTRY,EZ_MANAGE_THROTTLER_RATE,0.0,HOOKED_BOTH,True,True,True,False,
ENTRY_PULLBACK_BOUNCE,ENTRY,FAST_RISER_FILTER_TF,OFF,QUICK_NOT_CAUSAL,False,True,True,False,
ENTRY_PULLBACK_BOUNCE,ENTRY,FG_FEAR_THRESHOLD,25,HOOKED_BOTH,True,True,True,False,
ENTRY_PULLBACK_BOUNCE,ENTRY,FG_GREED_THRESHOLD,75,HOOKED_BOTH,True,True,True,False,
ENTRY_PULLBACK_BOUNCE,ENTRY,FH_MOMENTUM_FILTER_TF,OFF,QUICK_NOT_CAUSAL,False,True,True,False,
ENTRY_PULLBACK_BOUNCE,ENTRY,FIRST_OPEN_THROTTLE_FILTER_TF,OFF,QUICK_NOT_CAUSAL,False,True,True,False,
ENTRY_PULLBACK_BOUNCE,ENTRY,FROZEN_STOP_FILTER_TF,OFF,QUICK_NOT_CAUSAL,False,True,True,False,
ENTRY_PULLBACK_BOUNCE,ENTRY,FUNDING_GATE_FILTER_TF,OFF,QUICK_NOT_CAUSAL,False,True,True,False,
ENTRY_PULLBACK_BOUNCE,ENTRY,FUNDING_GATE_LONG_MAX,0.0,HOOKED_BOTH,True,True,True,False,
ENTRY_PULLBACK_BOUNCE,ENTRY,FUNDING_GATE_MTF_REQUIRED,0.0,HOOKED_BOTH,True,True,True,False,
ENTRY_PULLBACK_BOUNCE,ENTRY,FUNDING_GATE_SHORT_MIN,0.0,HOOKED_BOTH,True,True,True,False,
ENTRY_PULLBACK_BOUNCE,ENTRY,GOLDEN_RULE_BASE_USD,0.0,QUICK_NOT_CAUSAL,False,True,True,False,
ENTRY_PULLBACK_BOUNCE,ENTRY,GOLDEN_RULE_ENFORCE_FILTER_TF,OFF,QUICK_NOT_CAUSAL,False,True,True,False,
ENTRY_PULLBACK_BOUNCE,ENTRY,GOLDEN_RULE_HTF_VOTE_FILTER_TF,OFF,QUICK_NOT_CAUSAL,False,True,True,False,
ENTRY_PULLBACK_BOUNCE,ENTRY,GR_FILTER_ALL_ENTRIES,0.0,QUICK_NOT_CAUSAL,False,True,True,False,
ENTRY_PULLBACK_BOUNCE,ENTRY,GR_FILTER_VEC_ENABLED,False,QUICK_NOT_CAUSAL,False,True,True,False,
ENTRY_PULLBACK_BOUNCE,ENTRY,GR_FILTER_VEC_FILTER_TF,OFF,QUICK_NOT_CAUSAL,False,True,True,False,
ENTRY_PULLBACK_BOUNCE,ENTRY,GR_FILTER_VEC_MIN_TFS,0,QUICK_NOT_CAUSAL,False,True,True,False,
ENTRY_PULLBACK_BOUNCE,ENTRY,GR_V5_STATE_FILTER_TF,OFF,QUICK_NOT_CAUSAL,False,True,True,False,
ENTRY_PULLBACK_BOUNCE,ENTRY,HAIKU_WINNER_FILTER_TF,OFF,QUICK_NOT_CAUSAL,False,True,True,False,
ENTRY_PULLBACK_BOUNCE,ENTRY,HA_WICK_QUALITY_ENABLED,False,QUICK_NOT_CAUSAL,False,True,True,False,
ENTRY_PULLBACK_BOUNCE,ENTRY,HA_WICK_QUALITY_SCORE,15,QUICK_NOT_CAUSAL,False,True,True,False,
ENTRY_PULLBACK_BOUNCE,ENTRY,HA_WICK_QUALITY_TF,OFF,QUICK_NOT_CAUSAL,False,True,True,False,
ENTRY_PULLBACK_BOUNCE,ENTRY,HLR_SMA_BAND_PCT,0,HOOKED_BOTH,True,True,True,False,
ENTRY_PULLBACK_BOUNCE,ENTRY,HLR_TOP_MIN_TFS,0,HOOKED_BOTH,True,True,True,False,
ENTRY_PULLBACK_BOUNCE,ENTRY,HTF4_CONF,False,HOOKED_BOTH,True,True,True,False,
ENTRY_PULLBACK_BOUNCE,ENTRY,HTF_DIRECTION_GATE_ENABLED,False,QUICK_NOT_CAUSAL,False,True,True,False,
ENTRY_PULLBACK_BOUNCE,ENTRY,HTF_GATE_BYPASS_RZ,0.0,HOOKED_BOTH,True,True,True,False,
ENTRY_PULLBACK_BOUNCE,ENTRY,HTF_GATE_D_MANDATORY,0.0,HOOKED_BOTH,True,True,True,False,
ENTRY_PULLBACK_BOUNCE,ENTRY,HTF_GATE_MIN_CONFIRMATIONS,0.0,HOOKED_BOTH,True,True,True,False,
ENTRY_PULLBACK_BOUNCE,ENTRY,HTF_TREND_VETO_BYPASS_ENABLED,False,QUICK_NOT_CAUSAL,False,True,True,False,
ENTRY_PULLBACK_BOUNCE,ENTRY,HTF_TREND_VETO_BYPASS_REASONS,0.0,HOOKED_BOTH,True,True,True,False,
ENTRY_PULLBACK_BOUNCE,ENTRY,LEADERBOARD_FILTER,False,HOOKED_BOTH,True,True,True,False,
ENTRY_PULLBACK_BOUNCE,ENTRY,LH_HL_FILTER_ENABLED,False,QUICK_NOT_CAUSAL,False,True,True,False,
ENTRY_PULLBACK_BOUNCE,ENTRY,LH_HL_FILTER_MODE,STRICT_2BAR,QUICK_NOT_CAUSAL,False,True,True,False,
ENTRY_PULLBACK_BOUNCE,ENTRY,LH_HL_FILTER_REQUIRE_BOTH,False,QUICK_NOT_CAUSAL,False,True,True,False,
ENTRY_PULLBACK_BOUNCE,ENTRY,LH_HL_FILTER_TF_REQ,2,QUICK_NOT_CAUSAL,False,True,True,False,
ENTRY_PULLBACK_BOUNCE,ENTRY,LIVE_ENTRY_ENGINE_FILTER_TF,OFF,QUICK_NOT_CAUSAL,False,True,True,False,
ENTRY_PULLBACK_BOUNCE,ENTRY,LIVE_ONLY_SIGNALS_BATCH5_FILTER_TF,OFF,QUICK_NOT_CAUSAL,False,True,True,False,
ENTRY_PULLBACK_BOUNCE,ENTRY,LIVE_VEC_EMERGENCY_BRAKE_ENABLED,False,QUICK_NOT_CAUSAL,False,True,True,False,
ENTRY_PULLBACK_BOUNCE,ENTRY,LR_BAND_LADDER_STOCH_EXTREME,30.0,QUICK_NOT_CAUSAL,False,True,True,False,
ENTRY_PULLBACK_BOUNCE,ENTRY,MANDATORY_REENTRY_WT_FILTER_MIN_TFS,1,QUICK_NOT_CAUSAL,False,True,True,False,
ENTRY_PULLBACK_BOUNCE,ENTRY,MANDATORY_REENTRY_WT_FILTER_MIN_VELOCITY,0.0,QUICK_NOT_CAUSAL,False,True,True,False,
ENTRY_PULLBACK_BOUNCE,ENTRY,MANDATORY_REENTRY_WT_FILTER_REQUIRE_FLIP,False,QUICK_NOT_CAUSAL,False,True,True,False,
ENTRY_PULLBACK_BOUNCE,ENTRY,MANDATORY_REENTRY_WT_FILTER_TF_MODE,15m_only,QUICK_NOT_CAUSAL,False,True,True,False,
ENTRY_PULLBACK_BOUNCE,ENTRY,MANDATORY_REENTRY_WT_FILTER_VELOCITY_RATIO,0.90,QUICK_NOT_CAUSAL,False,True,True,False,
ENTRY_PULLBACK_BOUNCE,ENTRY,MARKET_QUALITY_SCORE_ENABLED,False,QUICK_NOT_CAUSAL,False,True,True,False,
ENTRY_PULLBACK_BOUNCE,ENTRY,MI_TF_AGREE_MIN,0.0,QUICK_NOT_CAUSAL,False,True,True,False,
ENTRY_PULLBACK_BOUNCE,ENTRY,MOM3_FILTER_TF,OFF,QUICK_NOT_CAUSAL,False,True,True,False,
ENTRY_PULLBACK_BOUNCE,ENTRY,MOMENTUM_BREAKOUT_FILTER_TF,OFF,QUICK_NOT_CAUSAL,False,True,True,False,
ENTRY_PULLBACK_BOUNCE,ENTRY,MOVER_THRESHOLD,5,QUICK_NOT_CAUSAL,False,True,True,False,
ENTRY_PULLBACK_BOUNCE,ENTRY,MTF_ARMED_ENTRIES_FILTER_TF,OFF,QUICK_NOT_CAUSAL,False,True,True,False,
ENTRY_PULLBACK_BOUNCE,ENTRY,MTF_ATR_TRAIL_FILTER_TF,OFF,QUICK_NOT_CAUSAL,False,True,True,False,
ENTRY_PULLBACK_BOUNCE,ENTRY,MTF_DC_REJECT_FILTER_TF,OFF,QUICK_NOT_CAUSAL,False,True,True,False,
ENTRY_PULLBACK_BOUNCE,ENTRY,MTF_FILTER_STRONG_BUY_QUICK_BYPASS,0.0,QUICK_NOT_CAUSAL,False,True,True,False,
ENTRY_PULLBACK_BOUNCE,ENTRY,MTF_GR_MIN_IND,5,QUICK_NOT_CAUSAL,False,True,True,False,
ENTRY_PULLBACK_BOUNCE,ENTRY,MTS_BOTTOM_BONUS_THRESHOLD,25,QUICK_NOT_CAUSAL,False,True,True,False,
ENTRY_PULLBACK_BOUNCE,ENTRY,MTS_BOTTOM_STRONG_THRESHOLD,40,QUICK_NOT_CAUSAL,False,True,True,False,
ENTRY_PULLBACK_BOUNCE,ENTRY,MTS_GATE_ENABLED,False,QUICK_NOT_CAUSAL,False,True,True,False,
ENTRY_PULLBACK_BOUNCE,ENTRY,NEWBORN_LOSS_KILL_FILTER_TF,OFF,QUICK_NOT_CAUSAL,False,True,True,False,
ENTRY_PULLBACK_BOUNCE,ENTRY,NEWBORN_LOSS_KILL_GAIN_THRESHOLD_PCT,0,QUICK_NOT_CAUSAL,False,True,True,False,
ENTRY_PULLBACK_BOUNCE,ENTRY,NEWBORN_LOSS_KILL_REQUIRE_VEL_AGAINST,0.0,QUICK_NOT_CAUSAL,False,True,True,False,
ENTRY_PULLBACK_BOUNCE,ENTRY,NEWBORN_PROTECT_FILTER_TF,OFF,QUICK_NOT_CAUSAL,False,True,True,False,
ENTRY_PULLBACK_BOUNCE,ENTRY,NEW_POSITION_MAX_LOSS_THRESHOLD,0,QUICK_NOT_CAUSAL,False,True,True,False,
ENTRY_PULLBACK_BOUNCE,ENTRY,NOLOSS_BYPASS_WT5OF5_FILTER_TF,OFF,QUICK_NOT_CAUSAL,False,True,True,False,
ENTRY_PULLBACK_BOUNCE,ENTRY,OI_CONFIRM_ENABLED,False,QUICK_NOT_CAUSAL,False,True,True,False,
ENTRY_PULLBACK_BOUNCE,ENTRY,OI_CONFIRM_MIN_CHANGE_PCT,0,QUICK_NOT_CAUSAL,False,True,True,False,
ENTRY_PULLBACK_BOUNCE,ENTRY,OI_CONFIRM_MIN_PRICE_PCT,0,QUICK_NOT_CAUSAL,False,True,True,False,
ENTRY_PULLBACK_BOUNCE,ENTRY,OPEN_INTENT_SIZE_GATES_FILTER_TF,OFF,QUICK_NOT_CAUSAL,False,True,True,False,
ENTRY_PULLBACK_BOUNCE,ENTRY,PARTIAL_PROFIT_LOCK_V2_FILTER_TF,OFF,QUICK_NOT_CAUSAL,False,True,True,False,
ENTRY_PULLBACK_BOUNCE,ENTRY,PEAK_GIVEBACK_BE_EROSION_FILTER_TF,OFF,QUICK_NOT_CAUSAL,False,True,True,False,
ENTRY_PULLBACK_BOUNCE,ENTRY,BAR_PATTERNS_FILTER_TF,OFF,HOOKED_BOTH,True,True,True,False,
ENTRY_PULLBACK_BOUNCE,ENTRY,BAR_PATTERNS_FILTER_TF,D,HOOKED_BOTH,True,True,True,False,
ENTRY_PULLBACK_BOUNCE,ENTRY,BAR_PATTERNS_FILTER_TF,4h,HOOKED_BOTH,True,True,True,False,
ENTRY_PULLBACK_BOUNCE,ENTRY,BAR_PATTERNS_FILTER_TF,1h,HOOKED_BOTH,True,True,True,False,
ENTRY_PULLBACK_BOUNCE,ENTRY,BAR_PATTERNS_FILTER_TF,15m,HOOKED_BOTH,True,True,True,False,
ENTRY_PULLBACK_BOUNCE,ENTRY,BB_PULLBACK_GATE_FILTER_TF,OFF,HOOKED_BOTH,True,True,True,False,
ENTRY_PULLBACK_BOUNCE,ENTRY,BB_PULLBACK_GATE_FILTER_TF,D,HOOKED_BOTH,True,True,True,False,
ENTRY_PULLBACK_BOUNCE,ENTRY,BB_PULLBACK_GATE_FILTER_TF,4h,HOOKED_BOTH,True,True,True,False,
ENTRY_PULLBACK_BOUNCE,ENTRY,BB_PULLBACK_GATE_FILTER_TF,1h,HOOKED_BOTH,True,True,True,False,
ENTRY_PULLBACK_BOUNCE,ENTRY,BB_PULLBACK_GATE_FILTER_TF,15m,HOOKED_BOTH,True,True,True,False,
ENTRY_PULLBACK_BOUNCE,ENTRY,BB_RECOVERY_ENTRY_FILTER_TF,OFF,HOOKED_BOTH,True,True,True,False,
ENTRY_PULLBACK_BOUNCE,ENTRY,BB_RECOVERY_ENTRY_FILTER_TF,D,HOOKED_BOTH,True,True,True,False,
ENTRY_PULLBACK_BOUNCE,ENTRY,BB_RECOVERY_ENTRY_FILTER_TF,4h,HOOKED_BOTH,True,True,True,False,
ENTRY_PULLBACK_BOUNCE,ENTRY,BB_RECOVERY_ENTRY_FILTER_TF,1h,HOOKED_BOTH,True,True,True,False,
ENTRY_PULLBACK_BOUNCE,ENTRY,BB_RECOVERY_ENTRY_FILTER_TF,15m,HOOKED_BOTH,True,True,True,False,
ENTRY_PULLBACK_BOUNCE,ENTRY,BB_RECOVERY_FILTER_TF,OFF,HOOKED_BOTH,True,True,True,False,
ENTRY_PULLBACK_BOUNCE,ENTRY,BB_RECOVERY_FILTER_TF,D,HOOKED_BOTH,True,True,True,False,
ENTRY_PULLBACK_BOUNCE,ENTRY,BB_RECOVERY_FILTER_TF,4h,HOOKED_BOTH,True,True,True,False,
ENTRY_PULLBACK_BOUNCE,ENTRY,BB_RECOVERY_FILTER_TF,1h,HOOKED_BOTH,True,True,True,False,
ENTRY_PULLBACK_BOUNCE,ENTRY,BB_RECOVERY_FILTER_TF,15m,HOOKED_BOTH,True,True,True,False,
ENTRY_PULLBACK_BOUNCE,ENTRY,BREAKEVEN_GAIN_EROSION_FILTER_TF,OFF,HOOKED_BOTH,True,True,True,False,
ENTRY_PULLBACK_BOUNCE,ENTRY,BREAKEVEN_GAIN_EROSION_FILTER_TF,D,HOOKED_BOTH,True,True,True,False,
ENTRY_PULLBACK_BOUNCE,ENTRY,BREAKEVEN_GAIN_EROSION_FILTER_TF,4h,HOOKED_BOTH,True,True,True,False,
ENTRY_PULLBACK_BOUNCE,ENTRY,BREAKEVEN_GAIN_EROSION_FILTER_TF,1h,HOOKED_BOTH,True,True,True,False,
ENTRY_PULLBACK_BOUNCE,ENTRY,BREAKEVEN_GAIN_EROSION_FILTER_TF,15m,HOOKED_BOTH,True,True,True,False,
ENTRY_PULLBACK_BOUNCE,ENTRY,BREAKOUT_RETEST_FILTER_TF,OFF,HOOKED_BOTH,True,True,True,False,
ENTRY_PULLBACK_BOUNCE,ENTRY,BREAKOUT_RETEST_FILTER_TF,D,HOOKED_BOTH,True,True,True,False,
ENTRY_PULLBACK_BOUNCE,ENTRY,BREAKOUT_RETEST_FILTER_TF,4h,HOOKED_BOTH,True,True,True,False,
ENTRY_PULLBACK_BOUNCE,ENTRY,BREAKOUT_RETEST_FILTER_TF,1h,HOOKED_BOTH,True,True,True,False,
ENTRY_PULLBACK_BOUNCE,ENTRY,BREAKOUT_RETEST_FILTER_TF,15m,HOOKED_BOTH,True,True,True,False,
ENTRY_BREAKOUT,ENTRY,BB_BREAKOUT_SCORE,20,HOOKED_BOTH,True,True,True,False,
ENTRY_BREAKOUT,ENTRY,BB_BREAKOUT_SCORE,40,HOOKED_BOTH,True,True,True,False,
ENTRY_BREAKOUT,ENTRY,BTC_BREAKOUT_ENTRY_ENABLED,True,HOOKED_BOTH,True,True,True,False,
ENTRY_BREAKOUT,ENTRY,BTC_BREAKOUT_ENTRY_ENABLED,False,HOOKED_BOTH,True,True,True,False,
ENTRY_BREAKOUT,ENTRY,STDEV_BREAKOUT_ENABLED,False,HOOKED_BOTH,True,True,True,False,
ENTRY_BREAKOUT,ENTRY,STDEV_BREAKOUT_ENABLED,True,HOOKED_BOTH,True,True,True,False,
ENTRY_BREAKOUT,ENTRY,STDEV_BREAKOUT_PCTB_LONG,False,QUICK_NOT_CAUSAL,False,True,True,False,
ENTRY_BREAKOUT,ENTRY,STDEV_BREAKOUT_PCTB_LONG,True,QUICK_NOT_CAUSAL,False,True,True,False,
ENTRY_BREAKOUT,ENTRY,STDEV_BREAKOUT_PCTB_SHORT,False,QUICK_NOT_CAUSAL,False,True,True,False,
ENTRY_BREAKOUT,ENTRY,STDEV_BREAKOUT_PCTB_SHORT,True,QUICK_NOT_CAUSAL,False,True,True,False,
ENTRY_BREAKOUT,ENTRY,DC_BREAKOUT_SCORE,False,HOOKED_BOTH,True,True,True,False,
ENTRY_BREAKOUT,ENTRY,DC_BREAKOUT_SCORE,True,HOOKED_BOTH,True,True,True,False,
ENTRY_BREAKOUT,ENTRY,DC_BREAKOUT_TF,15m,HOOKED_BOTH,True,True,True,False,
ENTRY_BREAKOUT,ENTRY,DC_BREAKOUT_TF,1h,HOOKED_BOTH,True,True,True,False,
ENTRY_BREAKOUT,ENTRY,DC_BREAKOUT_TF,4h,HOOKED_BOTH,True,True,True,False,
ENTRY_BREAKOUT,ENTRY,DC_BREAKOUT_TF,D,HOOKED_BOTH,True,True,True,False,
ENTRY_BREAKOUT,ENTRY,RZ_BREAKOUT_BAND,False,QUICK_NOT_CAUSAL,False,True,True,False,
ENTRY_BREAKOUT,ENTRY,RZ_BREAKOUT_BAND,True,QUICK_NOT_CAUSAL,False,True,True,False,
ENTRY_BREAKOUT,ENTRY,RZ_BREAKOUT_ENTRY_ENABLED,True,QUICK_NOT_CAUSAL,False,True,True,False,
ENTRY_BREAKOUT,ENTRY,RZ_BREAKOUT_ENTRY_ENABLED,False,QUICK_NOT_CAUSAL,False,True,True,False,
ENTRY_BREAKOUT,ENTRY,ADX_RANGING_THRESHOLD,False,HOOKED_BOTH,True,True,True,False,
ENTRY_BREAKOUT,ENTRY,ADX_RANGING_THRESHOLD,True,HOOKED_BOTH,True,True,True,False,
ENTRY_BREAKOUT,ENTRY,BAND_ARROW_ENABLED,True,HOOKED_BOTH,True,True,True,False,
ENTRY_BREAKOUT,ENTRY,BAND_ARROW_ENABLED,False,HOOKED_BOTH,True,True,True,False,
ENTRY_BREAKOUT,ENTRY,LR_BAND_LADDER_TF_BOTTOM,False,QUICK_NOT_CAUSAL,False,True,True,False,
ENTRY_BREAKOUT,ENTRY,LR_BAND_LADDER_TF_BOTTOM,True,QUICK_NOT_CAUSAL,False,True,True,False,
ENTRY_BREAKOUT,ENTRY,LR_BAND_LADDER_TF_TOP,False,QUICK_NOT_CAUSAL,False,True,True,False,
ENTRY_BREAKOUT,ENTRY,LR_BAND_LADDER_TF_TOP,True,QUICK_NOT_CAUSAL,False,True,True,False,
ENTRY_BREAKOUT,ENTRY,ATR_TRAIL_FILTER_TF,OFF,HOOKED_BOTH,True,True,True,False,
ENTRY_BREAKOUT,ENTRY,BANDAID_OFF_LOSER_RECOVER_PCT,0,HOOKED_BOTH,True,True,True,False,
ENTRY_BREAKOUT,ENTRY,BTC_ACCEL_RAMP_REQUIRE_POSITIVE,0.0,HOOKED_BOTH,True,True,True,False,
ENTRY_BREAKOUT,ENTRY,BTC_DEDICATED_FILTER_TF,OFF,HOOKED_BOTH,True,True,True,False,
ENTRY_BREAKOUT,ENTRY,BTC_HARD_BLOCK_OTHER_ACCOUNTS,0.0,HOOKED_BOTH,True,True,True,False,
ENTRY_BREAKOUT,ENTRY,BTC_ROUND_BANDS_EACH_SIDE,0.0,HOOKED_BOTH,True,True,True,False,
ENTRY_BREAKOUT,ENTRY,BT_WT_CROSS_LADDER_FILTER_TF,OFF,HOOKED_BOTH,True,True,True,False,
ENTRY_BREAKOUT,ENTRY,CANDLE_PATTERN_STOPS_FILTER_TF,OFF,HOOKED_BOTH,True,True,True,False,
ENTRY_BREAKOUT,ENTRY,CIRCUIT_SHARPE_GATES_FILTER_TF,OFF,HOOKED_BOTH,True,True,True,False,
ENTRY_BREAKOUT,ENTRY,COOLDOWN_LOCKS_FILTER_TF,OFF,HOOKED_BOTH,True,True,True,False,
ENTRY_BREAKOUT,ENTRY,CRYPTO_SPIKE_FADE_THRESHOLD_PCT,10,HOOKED_BOTH,True,True,True,False,
ENTRY_BREAKOUT,ENTRY,DC_BREACH_REDUCE_FILTER_TF,OFF,HOOKED_BOTH,True,True,True,False,
ENTRY_BREAKOUT,ENTRY,DC_BREAK_FILTER_TF,OFF,HOOKED_BOTH,True,True,True,False,
ENTRY_BREAKOUT,ENTRY,DC_MOMENTUM_BOTA_SCORER_FILTER_TF,OFF,HOOKED_BOTH,True,True,True,False,
ENTRY_BREAKOUT,ENTRY,DC_MOMENT_STRONG_THRESHOLD,40,HOOKED_BOTH,True,True,True,False,
ENTRY_BREAKOUT,ENTRY,DELTA_ENGINE_FILTER_TF,OFF,HOOKED_BOTH,True,True,True,False,
ENTRY_BREAKOUT,ENTRY,DELTA_HTF_GATE,4h,HOOKED_BOTH,True,True,True,False,
ENTRY_BREAKOUT,ENTRY,DELTA_REENTRY_FILTER_ENABLED,False,HOOKED_BOTH,True,True,True,False,
ENTRY_BREAKOUT,ENTRY,DUP_GUARD_FILTER_TF,OFF,HOOKED_BOTH,True,True,True,False,
ENTRY_BREAKOUT,ENTRY,EMA_9_21_FILTER_FILTER_TF,OFF,HOOKED_BOTH,True,True,True,False,
ENTRY_BREAKOUT,ENTRY,EMA_9_21_FILTER_MIN_TFS,0,HOOKED_BOTH,True,True,True,False,
ENTRY_BREAKOUT,ENTRY,EMA_BLANKET_FILTER_ENABLED,False,HOOKED_BOTH,True,True,True,False,
ENTRY_BREAKOUT,ENTRY,EMA_BLANKET_FILTER_FILTER_TF,OFF,HOOKED_BOTH,True,True,True,False,
ENTRY_BREAKOUT,ENTRY,EMA_BLANKET_FILTER_MIN_TFS,0,HOOKED_BOTH,True,True,True,False,
ENTRY_BREAKOUT,ENTRY,EMERGENCY_BRAKE_FILTER_TF,OFF,HOOKED_BOTH,True,True,True,False,
ENTRY_BREAKOUT,ENTRY,EXECUTE_NOW_SINGLE_GATE_ENFORCE,0.0,HOOKED_BOTH,True,True,True,False,
ENTRY_BREAKOUT,ENTRY,EXIT_R1_R2_FILTER_TF,OFF,HOOKED_BOTH,True,True,True,False,
ENTRY_BREAKOUT,ENTRY,EXIT_TIGHT_BREAKOUT_SCORER_FILTER_TF,OFF,QUICK_NOT_CAUSAL,False,True,True,False,
ENTRY_BREAKOUT,ENTRY,EXIT_TOP_FADE_FILTER_TF,OFF,QUICK_NOT_CAUSAL,False,True,True,False,
ENTRY_BREAKOUT,ENTRY,EXIT_TO_REDUCE_ADAPTER_FILTER_TF,OFF,QUICK_NOT_CAUSAL,False,True,True,False,
ENTRY_BREAKOUT,ENTRY,EZ_MANAGE_THROTTLER_RATE,0.0,HOOKED_BOTH,True,True,True,False,
ENTRY_BREAKOUT,ENTRY,FAST_RISER_FILTER_TF,OFF,QUICK_NOT_CAUSAL,False,True,True,False,
ENTRY_BREAKOUT,ENTRY,FG_FEAR_THRESHOLD,25,HOOKED_BOTH,True,True,True,False,
ENTRY_BREAKOUT,ENTRY,FG_GREED_THRESHOLD,75,HOOKED_BOTH,True,True,True,False,
ENTRY_BREAKOUT,ENTRY,FH_MOMENTUM_FILTER_TF,OFF,QUICK_NOT_CAUSAL,False,True,True,False,
ENTRY_BREAKOUT,ENTRY,FIRST_OPEN_THROTTLE_FILTER_TF,OFF,QUICK_NOT_CAUSAL,False,True,True,False,
ENTRY_BREAKOUT,ENTRY,FROZEN_STOP_FILTER_TF,OFF,QUICK_NOT_CAUSAL,False,True,True,False,
ENTRY_BREAKOUT,ENTRY,FUNDING_GATE_FILTER_TF,OFF,QUICK_NOT_CAUSAL,False,True,True,False,
ENTRY_BREAKOUT,ENTRY,FUNDING_GATE_LONG_MAX,0.0,HOOKED_BOTH,True,True,True,False,
ENTRY_BREAKOUT,ENTRY,FUNDING_GATE_MTF_REQUIRED,0.0,HOOKED_BOTH,True,True,True,False,
ENTRY_BREAKOUT,ENTRY,FUNDING_GATE_SHORT_MIN,0.0,HOOKED_BOTH,True,True,True,False,
ENTRY_BREAKOUT,ENTRY,GOLDEN_RULE_BASE_USD,0.0,QUICK_NOT_CAUSAL,False,True,True,False,
ENTRY_BREAKOUT,ENTRY,GOLDEN_RULE_ENFORCE_FILTER_TF,OFF,QUICK_NOT_CAUSAL,False,True,True,False,
ENTRY_BREAKOUT,ENTRY,GOLDEN_RULE_HTF_VOTE_FILTER_TF,OFF,QUICK_NOT_CAUSAL,False,True,True,False,
ENTRY_BREAKOUT,ENTRY,GR_FILTER_ALL_ENTRIES,0.0,QUICK_NOT_CAUSAL,False,True,True,False,
ENTRY_BREAKOUT,ENTRY,GR_FILTER_VEC_ENABLED,False,QUICK_NOT_CAUSAL,False,True,True,False,
ENTRY_BREAKOUT,ENTRY,GR_FILTER_VEC_FILTER_TF,OFF,QUICK_NOT_CAUSAL,False,True,True,False,
ENTRY_BREAKOUT,ENTRY,GR_FILTER_VEC_MIN_TFS,0,QUICK_NOT_CAUSAL,False,True,True,False,
ENTRY_BREAKOUT,ENTRY,GR_V5_STATE_FILTER_TF,OFF,QUICK_NOT_CAUSAL,False,True,True,False,
ENTRY_BREAKOUT,ENTRY,HAIKU_WINNER_FILTER_TF,OFF,QUICK_NOT_CAUSAL,False,True,True,False,
ENTRY_BREAKOUT,ENTRY,HA_WICK_QUALITY_ENABLED,False,QUICK_NOT_CAUSAL,False,True,True,False,
ENTRY_BREAKOUT,ENTRY,HA_WICK_QUALITY_SCORE,15,QUICK_NOT_CAUSAL,False,True,True,False,
ENTRY_BREAKOUT,ENTRY,HA_WICK_QUALITY_TF,OFF,QUICK_NOT_CAUSAL,False,True,True,False,
ENTRY_BREAKOUT,ENTRY,HLR_SMA_BAND_PCT,0,HOOKED_BOTH,True,True,True,False,
ENTRY_BREAKOUT,ENTRY,HLR_TOP_MIN_TFS,0,HOOKED_BOTH,True,True,True,False,
ENTRY_BREAKOUT,ENTRY,HTF4_CONF,False,HOOKED_BOTH,True,True,True,False,
ENTRY_BREAKOUT,ENTRY,HTF_DIRECTION_GATE_ENABLED,False,QUICK_NOT_CAUSAL,False,True,True,False,
ENTRY_BREAKOUT,ENTRY,HTF_GATE_BYPASS_RZ,0.0,HOOKED_BOTH,True,True,True,False,
ENTRY_BREAKOUT,ENTRY,HTF_GATE_D_MANDATORY,0.0,HOOKED_BOTH,True,True,True,False,
ENTRY_BREAKOUT,ENTRY,HTF_GATE_MIN_CONFIRMATIONS,0.0,HOOKED_BOTH,True,True,True,False,
ENTRY_BREAKOUT,ENTRY,HTF_TREND_VETO_BYPASS_ENABLED,False,QUICK_NOT_CAUSAL,False,True,True,False,
ENTRY_BREAKOUT,ENTRY,HTF_TREND_VETO_BYPASS_REASONS,0.0,HOOKED_BOTH,True,True,True,False,
ENTRY_BREAKOUT,ENTRY,LEADERBOARD_FILTER,False,HOOKED_BOTH,True,True,True,False,
ENTRY_BREAKOUT,ENTRY,LH_HL_FILTER_ENABLED,False,QUICK_NOT_CAUSAL,False,True,True,False,
ENTRY_BREAKOUT,ENTRY,LH_HL_FILTER_MODE,STRICT_2BAR,QUICK_NOT_CAUSAL,False,True,True,False,
ENTRY_BREAKOUT,ENTRY,LH_HL_FILTER_REQUIRE_BOTH,False,QUICK_NOT_CAUSAL,False,True,True,False,
ENTRY_BREAKOUT,ENTRY,LH_HL_FILTER_TF_REQ,2,QUICK_NOT_CAUSAL,False,True,True,False,
ENTRY_BREAKOUT,ENTRY,LIVE_ENTRY_ENGINE_FILTER_TF,OFF,QUICK_NOT_CAUSAL,False,True,True,False,
ENTRY_BREAKOUT,ENTRY,LIVE_ONLY_SIGNALS_BATCH5_FILTER_TF,OFF,QUICK_NOT_CAUSAL,False,True,True,False,
ENTRY_BREAKOUT,ENTRY,LIVE_VEC_EMERGENCY_BRAKE_ENABLED,False,QUICK_NOT_CAUSAL,False,True,True,False,
ENTRY_BREAKOUT,ENTRY,LR_BAND_LADDER_STOCH_EXTREME,30.0,QUICK_NOT_CAUSAL,False,True,True,False,
ENTRY_BREAKOUT,ENTRY,MANDATORY_REENTRY_WT_FILTER_MIN_TFS,1,QUICK_NOT_CAUSAL,False,True,True,False,
ENTRY_BREAKOUT,ENTRY,MANDATORY_REENTRY_WT_FILTER_MIN_VELOCITY,0.0,QUICK_NOT_CAUSAL,False,True,True,False,
ENTRY_BREAKOUT,ENTRY,MANDATORY_REENTRY_WT_FILTER_REQUIRE_FLIP,False,QUICK_NOT_CAUSAL,False,True,True,False,
ENTRY_BREAKOUT,ENTRY,MANDATORY_REENTRY_WT_FILTER_TF_MODE,15m_only,QUICK_NOT_CAUSAL,False,True,True,False,
ENTRY_BREAKOUT,ENTRY,MANDATORY_REENTRY_WT_FILTER_VELOCITY_RATIO,0.90,QUICK_NOT_CAUSAL,False,True,True,False,
ENTRY_BREAKOUT,ENTRY,MARKET_QUALITY_SCORE_ENABLED,False,QUICK_NOT_CAUSAL,False,True,True,False,
ENTRY_BREAKOUT,ENTRY,MI_TF_AGREE_MIN,0.0,QUICK_NOT_CAUSAL,False,True,True,False,
ENTRY_BREAKOUT,ENTRY,MOM3_FILTER_TF,OFF,QUICK_NOT_CAUSAL,False,True,True,False,
ENTRY_BREAKOUT,ENTRY,MOMENTUM_BREAKOUT_FILTER_TF,OFF,QUICK_NOT_CAUSAL,False,True,True,False,
ENTRY_BREAKOUT,ENTRY,MOVER_THRESHOLD,5,QUICK_NOT_CAUSAL,False,True,True,False,
ENTRY_BREAKOUT,ENTRY,MTF_ARMED_ENTRIES_FILTER_TF,OFF,QUICK_NOT_CAUSAL,False,True,True,False,
ENTRY_BREAKOUT,ENTRY,MTF_ATR_TRAIL_FILTER_TF,OFF,QUICK_NOT_CAUSAL,False,True,True,False,
ENTRY_BREAKOUT,ENTRY,MTF_DC_REJECT_FILTER_TF,OFF,QUICK_NOT_CAUSAL,False,True,True,False,
ENTRY_BREAKOUT,ENTRY,MTF_FILTER_STRONG_BUY_QUICK_BYPASS,0.0,QUICK_NOT_CAUSAL,False,True,True,False,
ENTRY_BREAKOUT,ENTRY,MTF_GR_MIN_IND,5,QUICK_NOT_CAUSAL,False,True,True,False,
ENTRY_BREAKOUT,ENTRY,MTS_BOTTOM_BONUS_THRESHOLD,25,QUICK_NOT_CAUSAL,False,True,True,False,
ENTRY_BREAKOUT,ENTRY,MTS_BOTTOM_STRONG_THRESHOLD,40,QUICK_NOT_CAUSAL,False,True,True,False,
ENTRY_BREAKOUT,ENTRY,MTS_GATE_ENABLED,False,QUICK_NOT_CAUSAL,False,True,True,False,
ENTRY_BREAKOUT,ENTRY,NEWBORN_LOSS_KILL_FILTER_TF,OFF,QUICK_NOT_CAUSAL,False,True,True,False,
ENTRY_BREAKOUT,ENTRY,NEWBORN_LOSS_KILL_GAIN_THRESHOLD_PCT,0,QUICK_NOT_CAUSAL,False,True,True,False,
ENTRY_BREAKOUT,ENTRY,NEWBORN_LOSS_KILL_REQUIRE_VEL_AGAINST,0.0,QUICK_NOT_CAUSAL,False,True,True,False,
ENTRY_BREAKOUT,ENTRY,NEWBORN_PROTECT_FILTER_TF,OFF,QUICK_NOT_CAUSAL,False,True,True,False,
ENTRY_BREAKOUT,ENTRY,NEW_POSITION_MAX_LOSS_THRESHOLD,0,QUICK_NOT_CAUSAL,False,True,True,False,
ENTRY_BREAKOUT,ENTRY,NOLOSS_BYPASS_WT5OF5_FILTER_TF,OFF,QUICK_NOT_CAUSAL,False,True,True,False,
ENTRY_BREAKOUT,ENTRY,OI_CONFIRM_ENABLED,False,QUICK_NOT_CAUSAL,False,True,True,False,
ENTRY_BREAKOUT,ENTRY,OI_CONFIRM_MIN_CHANGE_PCT,0,QUICK_NOT_CAUSAL,False,True,True,False,
ENTRY_BREAKOUT,ENTRY,OI_CONFIRM_MIN_PRICE_PCT,0,QUICK_NOT_CAUSAL,False,True,True,False,
ENTRY_BREAKOUT,ENTRY,OPEN_INTENT_SIZE_GATES_FILTER_TF,OFF,QUICK_NOT_CAUSAL,False,True,True,False,
ENTRY_BREAKOUT,ENTRY,PARTIAL_PROFIT_LOCK_V2_FILTER_TF,OFF,QUICK_NOT_CAUSAL,False,True,True,False,
ENTRY_BREAKOUT,ENTRY,PEAK_GIVEBACK_BE_EROSION_FILTER_TF,OFF,QUICK_NOT_CAUSAL,False,True,True,False,
ENTRY_BREAKOUT,ENTRY,BAR_PATTERNS_FILTER_TF,OFF,HOOKED_BOTH,True,True,True,False,
ENTRY_BREAKOUT,ENTRY,BAR_PATTERNS_FILTER_TF,D,HOOKED_BOTH,True,True,True,False,
ENTRY_BREAKOUT,ENTRY,BAR_PATTERNS_FILTER_TF,4h,HOOKED_BOTH,True,True,True,False,
ENTRY_BREAKOUT,ENTRY,BAR_PATTERNS_FILTER_TF,1h,HOOKED_BOTH,True,True,True,False,
ENTRY_BREAKOUT,ENTRY,BAR_PATTERNS_FILTER_TF,15m,HOOKED_BOTH,True,True,True,False,
ENTRY_BREAKOUT,ENTRY,BB_PULLBACK_GATE_FILTER_TF,OFF,HOOKED_BOTH,True,True,True,False,
ENTRY_BREAKOUT,ENTRY,BB_PULLBACK_GATE_FILTER_TF,D,HOOKED_BOTH,True,True,True,False,
ENTRY_BREAKOUT,ENTRY,BB_PULLBACK_GATE_FILTER_TF,4h,HOOKED_BOTH,True,True,True,False,
ENTRY_BREAKOUT,ENTRY,BB_PULLBACK_GATE_FILTER_TF,1h,HOOKED_BOTH,True,True,True,False,
ENTRY_BREAKOUT,ENTRY,BB_PULLBACK_GATE_FILTER_TF,15m,HOOKED_BOTH,True,True,True,False,
ENTRY_BREAKOUT,ENTRY,BB_RECOVERY_ENTRY_FILTER_TF,OFF,HOOKED_BOTH,True,True,True,False,
ENTRY_BREAKOUT,ENTRY,BB_RECOVERY_ENTRY_FILTER_TF,D,HOOKED_BOTH,True,True,True,False,
ENTRY_BREAKOUT,ENTRY,BB_RECOVERY_ENTRY_FILTER_TF,4h,HOOKED_BOTH,True,True,True,False,
ENTRY_BREAKOUT,ENTRY,BB_RECOVERY_ENTRY_FILTER_TF,1h,HOOKED_BOTH,True,True,True,False,
ENTRY_BREAKOUT,ENTRY,BB_RECOVERY_ENTRY_FILTER_TF,15m,HOOKED_BOTH,True,True,True,False,
ENTRY_BREAKOUT,ENTRY,BB_RECOVERY_FILTER_TF,OFF,HOOKED_BOTH,True,True,True,False,
ENTRY_BREAKOUT,ENTRY,BB_RECOVERY_FILTER_TF,D,HOOKED_BOTH,True,True,True,False,
ENTRY_BREAKOUT,ENTRY,BB_RECOVERY_FILTER_TF,4h,HOOKED_BOTH,True,True,True,False,
ENTRY_BREAKOUT,ENTRY,BB_RECOVERY_FILTER_TF,1h,HOOKED_BOTH,True,True,True,False,
ENTRY_BREAKOUT,ENTRY,BB_RECOVERY_FILTER_TF,15m,HOOKED_BOTH,True,True,True,False,
ENTRY_BREAKOUT,ENTRY,BREAKEVEN_GAIN_EROSION_FILTER_TF,OFF,HOOKED_BOTH,True,True,True,False,
ENTRY_BREAKOUT,ENTRY,BREAKEVEN_GAIN_EROSION_FILTER_TF,D,HOOKED_BOTH,True,True,True,False,
ENTRY_BREAKOUT,ENTRY,BREAKEVEN_GAIN_EROSION_FILTER_TF,4h,HOOKED_BOTH,True,True,True,False,
ENTRY_BREAKOUT,ENTRY,BREAKEVEN_GAIN_EROSION_FILTER_TF,1h,HOOKED_BOTH,True,True,True,False,
ENTRY_BREAKOUT,ENTRY,BREAKEVEN_GAIN_EROSION_FILTER_TF,15m,HOOKED_BOTH,True,True,True,False,
ENTRY_BREAKOUT,ENTRY,BREAKOUT_RETEST_FILTER_TF,OFF,HOOKED_BOTH,True,True,True,False,
ENTRY_BREAKOUT,ENTRY,BREAKOUT_RETEST_FILTER_TF,D,HOOKED_BOTH,True,True,True,False,
ENTRY_BREAKOUT,ENTRY,BREAKOUT_RETEST_FILTER_TF,4h,HOOKED_BOTH,True,True,True,False,
ENTRY_BREAKOUT,ENTRY,BREAKOUT_RETEST_FILTER_TF,1h,HOOKED_BOTH,True,True,True,False,
ENTRY_BREAKOUT,ENTRY,BREAKOUT_RETEST_FILTER_TF,15m,HOOKED_BOTH,True,True,True,False,
ENTRY_NEUTRAL,ENTRY,BTC_GUARANTEED_REENTRY_MAX_AGE_BARS,False,HOOKED_BOTH,True,True,True,False,
ENTRY_NEUTRAL,ENTRY,BTC_GUARANTEED_REENTRY_MAX_AGE_BARS,True,HOOKED_BOTH,True,True,True,False,
ENTRY_NEUTRAL,ENTRY,BTC_RZ_WT_DC_MULTIFACTOR,False,HOOKED_BOTH,True,True,True,False,
ENTRY_NEUTRAL,ENTRY,BTC_RZ_WT_DC_MULTIFACTOR,True,HOOKED_BOTH,True,True,True,False,
ENTRY_NEUTRAL,ENTRY,BTC_TECH_EXIT_WT_MIN_TFS,False,HOOKED_BOTH,True,True,True,False,
ENTRY_NEUTRAL,ENTRY,BTC_TECH_EXIT_WT_MIN_TFS,True,HOOKED_BOTH,True,True,True,False,
ENTRY_NEUTRAL,ENTRY,FOLLOW_THROUGH_REENTRY_ENABLED,True,QUICK_NOT_CAUSAL,False,True,True,False,
ENTRY_NEUTRAL,ENTRY,FOLLOW_THROUGH_REENTRY_ENABLED,False,QUICK_NOT_CAUSAL,False,True,True,False,
ENTRY_NEUTRAL,ENTRY,NOLOSS_BYPASS_WT_5OF5_MIN_TFS,False,HOOKED_BOTH,True,True,True,False,
ENTRY_NEUTRAL,ENTRY,NOLOSS_BYPASS_WT_5OF5_MIN_TFS,True,HOOKED_BOTH,True,True,True,False,
ENTRY_NEUTRAL,ENTRY,QUICK_REENTRY_60MIN_MIN_PCT,False,QUICK_NOT_CAUSAL,False,True,True,False,
ENTRY_NEUTRAL,ENTRY,QUICK_REENTRY_60MIN_MIN_PCT,True,QUICK_NOT_CAUSAL,False,True,True,False,
ENTRY_NEUTRAL,ENTRY,REENTRY_POST_CONSOL_ENABLED,True,QUICK_NOT_CAUSAL,False,True,True,False,
ENTRY_NEUTRAL,ENTRY,REENTRY_POST_CONSOL_ENABLED,False,QUICK_NOT_CAUSAL,False,True,True,False,
ENTRY_NEUTRAL,ENTRY,REENTRY_WT15M_SIZE_MULT,False,QUICK_NOT_CAUSAL,False,True,True,False,
ENTRY_NEUTRAL,ENTRY,REENTRY_WT15M_SIZE_MULT,True,QUICK_NOT_CAUSAL,False,True,True,False,
ENTRY_NEUTRAL,ENTRY,STDEV_SUPPRESS_EARLY_EXIT,False,QUICK_NOT_CAUSAL,False,True,True,False,
ENTRY_NEUTRAL,ENTRY,STDEV_SUPPRESS_EARLY_EXIT,True,QUICK_NOT_CAUSAL,False,True,True,False,
ENTRY_NEUTRAL,ENTRY,V8_ENTRY_ENGINE_DC_ENABLED,True,QUICK_NOT_CAUSAL,False,True,True,False,
ENTRY_NEUTRAL,ENTRY,V8_ENTRY_ENGINE_DC_ENABLED,False,QUICK_NOT_CAUSAL,False,True,True,False,
ENTRY_NEUTRAL,ENTRY,V8_ENTRY_ENGINE_WT_ENABLED,True,QUICK_NOT_CAUSAL,False,True,True,False,
ENTRY_NEUTRAL,ENTRY,V8_ENTRY_ENGINE_WT_ENABLED,False,QUICK_NOT_CAUSAL,False,True,True,False,
ENTRY_NEUTRAL,ENTRY,WT_ACCEL_EXIT_ENABLED,True,QUICK_NOT_CAUSAL,False,True,True,False,
ENTRY_NEUTRAL,ENTRY,WT_ACCEL_EXIT_ENABLED,False,QUICK_NOT_CAUSAL,False,True,True,False,
ENTRY_NEUTRAL,ENTRY,WT_AGAINST_FILTER_ENABLED,True,QUICK_NOT_CAUSAL,False,True,True,False,
ENTRY_NEUTRAL,ENTRY,WT_AGAINST_FILTER_ENABLED,False,QUICK_NOT_CAUSAL,False,True,True,False,
ENTRY_NEUTRAL,ENTRY,WT_DIV_EXIT_ENABLED,True,QUICK_NOT_CAUSAL,False,True,True,False,
ENTRY_NEUTRAL,ENTRY,WT_DIV_EXIT_ENABLED,False,QUICK_NOT_CAUSAL,False,True,True,False,
ENTRY_NEUTRAL,ENTRY,WT_MOMENTUM_EXIT_THRESHOLD,False,QUICK_NOT_CAUSAL,False,True,True,False,
ENTRY_NEUTRAL,ENTRY,WT_MOMENTUM_EXIT_THRESHOLD,True,QUICK_NOT_CAUSAL,False,True,True,False,
ENTRY_NEUTRAL,ENTRY,BTC_GUARANTEED_REENTRY_ENABLED,True,HOOKED_BOTH,True,True,True,False,
ENTRY_NEUTRAL,ENTRY,BTC_GUARANTEED_REENTRY_ENABLED,False,HOOKED_BOTH,True,True,True,False,
ENTRY_NEUTRAL,ENTRY,BTC_GUARANTEED_REENTRY_MIN_GAP_BARS,False,HOOKED_BOTH,True,True,True,False,
ENTRY_NEUTRAL,ENTRY,BTC_GUARANTEED_REENTRY_MIN_GAP_BARS,True,HOOKED_BOTH,True,True,True,False,
ENTRY_NEUTRAL,ENTRY,ENTRY_PRIMARY_TF,15m,HOOKED_BOTH,True,True,True,False,
ENTRY_NEUTRAL,ENTRY,ENTRY_PRIMARY_TF,1h,HOOKED_BOTH,True,True,True,False,
ENTRY_NEUTRAL,ENTRY,ENTRY_PRIMARY_TF,4h,HOOKED_BOTH,True,True,True,False,
ENTRY_NEUTRAL,ENTRY,ENTRY_PRIMARY_TF,D,HOOKED_BOTH,True,True,True,False,
ENTRY_NEUTRAL,ENTRY,HAIKU_ENTRY_GATE_ENABLED,True,QUICK_NOT_CAUSAL,False,True,True,False,
ENTRY_NEUTRAL,ENTRY,HAIKU_ENTRY_GATE_ENABLED,False,QUICK_NOT_CAUSAL,False,True,True,False,
ENTRY_NEUTRAL,ENTRY,HTF_GATE_SIGNALS_SMA200D,False,HOOKED_BOTH,True,True,True,False,
ENTRY_NEUTRAL,ENTRY,HTF_GATE_SIGNALS_SMA200D,True,HOOKED_BOTH,True,True,True,False,
ENTRY_NEUTRAL,ENTRY,MACD_ZERO_CROSS_ENABLED,True,QUICK_NOT_CAUSAL,False,True,True,False,
ENTRY_NEUTRAL,ENTRY,MACD_ZERO_CROSS_ENABLED,False,QUICK_NOT_CAUSAL,False,True,True,False,
ENTRY_NEUTRAL,ENTRY,MACD_ZERO_CROSS_SCORE,False,QUICK_NOT_CAUSAL,False,True,True,False,
ENTRY_NEUTRAL,ENTRY,MACD_ZERO_CROSS_SCORE,True,QUICK_NOT_CAUSAL,False,True,True,False,
ENTRY_NEUTRAL,ENTRY,MACD_ZERO_CROSS_TF,15m,QUICK_NOT_CAUSAL,False,True,True,False,
ENTRY_NEUTRAL,ENTRY,MACD_ZERO_CROSS_TF,1h,QUICK_NOT_CAUSAL,False,True,True,False,
ENTRY_NEUTRAL,ENTRY,MACD_ZERO_CROSS_TF,4h,QUICK_NOT_CAUSAL,False,True,True,False,
ENTRY_NEUTRAL,ENTRY,MACD_ZERO_CROSS_TF,D,QUICK_NOT_CAUSAL,False,True,True,False,
ENTRY_NEUTRAL,ENTRY,MI_ENTRY_ENABLED,True,QUICK_NOT_CAUSAL,False,True,True,False,
ENTRY_NEUTRAL,ENTRY,MI_ENTRY_ENABLED,False,QUICK_NOT_CAUSAL,False,True,True,False,
ENTRY_NEUTRAL,ENTRY,MI_ENTRY_EXHAUST_BONUS,False,QUICK_NOT_CAUSAL,False,True,True,False,
ENTRY_NEUTRAL,ENTRY,MI_ENTRY_EXHAUST_BONUS,True,QUICK_NOT_CAUSAL,False,True,True,False,
ENTRY_NEUTRAL,ENTRY,MI_ENTRY_STRUCT_BONUS,False,QUICK_NOT_CAUSAL,False,True,True,False,
ENTRY_NEUTRAL,ENTRY,MI_ENTRY_STRUCT_BONUS,True,QUICK_NOT_CAUSAL,False,True,True,False,
ENTRY_NEUTRAL,ENTRY,WRONG_SIDE_WT_TFS_REQUIRED,False,QUICK_NOT_CAUSAL,False,True,True,False,
ENTRY_NEUTRAL,ENTRY,WRONG_SIDE_WT_TFS_REQUIRED,True,QUICK_NOT_CAUSAL,False,True,True,False,
ENTRY_NEUTRAL,ENTRY,WT_15M_CROSS_ENTRY_ENABLED,True,QUICK_NOT_CAUSAL,False,True,True,False,
ENTRY_NEUTRAL,ENTRY,WT_15M_CROSS_ENTRY_ENABLED,False,QUICK_NOT_CAUSAL,False,True,True,False,
ENTRY_NEUTRAL,ENTRY,WT_COMPOSITE_ENTRY_BLOCK,False,QUICK_NOT_CAUSAL,False,True,True,False,
ENTRY_NEUTRAL,ENTRY,WT_COMPOSITE_ENTRY_BLOCK,True,QUICK_NOT_CAUSAL,False,True,True,False,
ENTRY_NEUTRAL,ENTRY,WT_COMPOSITE_ENTRY_GOOD,False,QUICK_NOT_CAUSAL,False,True,True,False,
ENTRY_NEUTRAL,ENTRY,WT_COMPOSITE_ENTRY_GOOD,True,QUICK_NOT_CAUSAL,False,True,True,False,
ENTRY_NEUTRAL,ENTRY,WT_COMPOSITE_ENTRY_OK,False,QUICK_NOT_CAUSAL,False,True,True,False,
ENTRY_NEUTRAL,ENTRY,WT_COMPOSITE_ENTRY_OK,True,QUICK_NOT_CAUSAL,False,True,True,False,
ENTRY_NEUTRAL,ENTRY,WT_COMPOSITE_ENTRY_STRONG,False,QUICK_NOT_CAUSAL,False,True,True,False,
ENTRY_NEUTRAL,ENTRY,WT_COMPOSITE_ENTRY_STRONG,True,QUICK_NOT_CAUSAL,False,True,True,False,
ENTRY_NEUTRAL,ENTRY,WT_DIV_ENTRY_GATE_ENABLED,True,QUICK_NOT_CAUSAL,False,True,True,False,
ENTRY_NEUTRAL,ENTRY,WT_DIV_ENTRY_GATE_ENABLED,False,QUICK_NOT_CAUSAL,False,True,True,False,
ENTRY_NEUTRAL,ENTRY,WT_EXHAUST_ENTRY_GATE_ENABLED,True,QUICK_NOT_CAUSAL,False,True,True,False,
ENTRY_NEUTRAL,ENTRY,WT_EXHAUST_ENTRY_GATE_ENABLED,False,QUICK_NOT_CAUSAL,False,True,True,False,
ENTRY_NEUTRAL,ENTRY,WT_PERCENTILE_ENTRY_GATE_ENABLED,True,QUICK_NOT_CAUSAL,False,True,True,False,
ENTRY_NEUTRAL,ENTRY,WT_PERCENTILE_ENTRY_GATE_ENABLED,False,QUICK_NOT_CAUSAL,False,True,True,False,
ENTRY_NEUTRAL,ENTRY,WT_PERCENTILE_ENTRY_OB_D,False,QUICK_NOT_CAUSAL,False,True,True,False,
ENTRY_NEUTRAL,ENTRY,WT_PERCENTILE_ENTRY_OB_D,True,QUICK_NOT_CAUSAL,False,True,True,False,
ENTRY_NEUTRAL,ENTRY,WT_PERCENTILE_ENTRY_OS_D,False,QUICK_NOT_CAUSAL,False,True,True,False,
ENTRY_NEUTRAL,ENTRY,WT_PERCENTILE_ENTRY_OS_D,True,QUICK_NOT_CAUSAL,False,True,True,False,
ENTRY_NEUTRAL,ENTRY,LR_BAND_LADDER_TF_BOTTOM,False,QUICK_NOT_CAUSAL,False,True,True,False,
ENTRY_NEUTRAL,ENTRY,LR_BAND_LADDER_TF_BOTTOM,True,QUICK_NOT_CAUSAL,False,True,True,False,
ENTRY_NEUTRAL,ENTRY,LR_BAND_LADDER_TF_TOP,False,QUICK_NOT_CAUSAL,False,True,True,False,
ENTRY_NEUTRAL,ENTRY,LR_BAND_LADDER_TF_TOP,True,QUICK_NOT_CAUSAL,False,True,True,False,
ENTRY_NEUTRAL,ENTRY,ADX_RANGING_THRESHOLD,20,HOOKED_BOTH,True,True,True,False,
ENTRY_NEUTRAL,ENTRY,ATR_TRAIL_FILTER_TF,OFF,HOOKED_BOTH,True,True,True,False,
ENTRY_NEUTRAL,ENTRY,BANDAID_OFF_LOSER_RECOVER_PCT,0,HOOKED_BOTH,True,True,True,False,
ENTRY_NEUTRAL,ENTRY,BAND_ARROW_ENABLED,False,HOOKED_BOTH,True,True,True,False,
ENTRY_NEUTRAL,ENTRY,BTC_ACCEL_RAMP_REQUIRE_POSITIVE,0.0,HOOKED_BOTH,True,True,True,False,
ENTRY_NEUTRAL,ENTRY,BTC_DEDICATED_FILTER_TF,OFF,HOOKED_BOTH,True,True,True,False,
ENTRY_NEUTRAL,ENTRY,BTC_HARD_BLOCK_OTHER_ACCOUNTS,0.0,HOOKED_BOTH,True,True,True,False,
ENTRY_NEUTRAL,ENTRY,BTC_ROUND_BANDS_EACH_SIDE,0.0,HOOKED_BOTH,True,True,True,False,
ENTRY_NEUTRAL,ENTRY,BT_WT_CROSS_LADDER_FILTER_TF,OFF,HOOKED_BOTH,True,True,True,False,
ENTRY_NEUTRAL,ENTRY,CANDLE_PATTERN_STOPS_FILTER_TF,OFF,HOOKED_BOTH,True,True,True,False,
ENTRY_NEUTRAL,ENTRY,CIRCUIT_SHARPE_GATES_FILTER_TF,OFF,HOOKED_BOTH,True,True,True,False,
ENTRY_NEUTRAL,ENTRY,COOLDOWN_LOCKS_FILTER_TF,OFF,HOOKED_BOTH,True,True,True,False,
ENTRY_NEUTRAL,ENTRY,CRYPTO_SPIKE_FADE_THRESHOLD_PCT,10,HOOKED_BOTH,True,True,True,False,
ENTRY_NEUTRAL,ENTRY,DC_BREACH_REDUCE_FILTER_TF,OFF,HOOKED_BOTH,True,True,True,False,
ENTRY_NEUTRAL,ENTRY,DC_BREAK_FILTER_TF,OFF,HOOKED_BOTH,True,True,True,False,
ENTRY_NEUTRAL,ENTRY,DC_MOMENTUM_BOTA_SCORER_FILTER_TF,OFF,HOOKED_BOTH,True,True,True,False,
ENTRY_NEUTRAL,ENTRY,DC_MOMENT_STRONG_THRESHOLD,40,HOOKED_BOTH,True,True,True,False,
ENTRY_NEUTRAL,ENTRY,DELTA_ENGINE_FILTER_TF,OFF,HOOKED_BOTH,True,True,True,False,
ENTRY_NEUTRAL,ENTRY,DELTA_HTF_GATE,4h,HOOKED_BOTH,True,True,True,False,
ENTRY_NEUTRAL,ENTRY,DELTA_REENTRY_FILTER_ENABLED,False,HOOKED_BOTH,True,True,True,False,
ENTRY_NEUTRAL,ENTRY,DUP_GUARD_FILTER_TF,OFF,HOOKED_BOTH,True,True,True,False,
ENTRY_NEUTRAL,ENTRY,EMA_9_21_FILTER_FILTER_TF,OFF,HOOKED_BOTH,True,True,True,False,
ENTRY_NEUTRAL,ENTRY,EMA_9_21_FILTER_MIN_TFS,0,HOOKED_BOTH,True,True,True,False,
ENTRY_NEUTRAL,ENTRY,EMA_BLANKET_FILTER_ENABLED,False,HOOKED_BOTH,True,True,True,False,
ENTRY_NEUTRAL,ENTRY,EMA_BLANKET_FILTER_FILTER_TF,OFF,HOOKED_BOTH,True,True,True,False,
ENTRY_NEUTRAL,ENTRY,EMA_BLANKET_FILTER_MIN_TFS,0,HOOKED_BOTH,True,True,True,False,
ENTRY_NEUTRAL,ENTRY,EMERGENCY_BRAKE_FILTER_TF,OFF,HOOKED_BOTH,True,True,True,False,
ENTRY_NEUTRAL,ENTRY,EXECUTE_NOW_SINGLE_GATE_ENFORCE,0.0,HOOKED_BOTH,True,True,True,False,
ENTRY_NEUTRAL,ENTRY,EXIT_R1_R2_FILTER_TF,OFF,HOOKED_BOTH,True,True,True,False,
ENTRY_NEUTRAL,ENTRY,EXIT_TIGHT_BREAKOUT_SCORER_FILTER_TF,OFF,QUICK_NOT_CAUSAL,False,True,True,False,
ENTRY_NEUTRAL,ENTRY,EXIT_TOP_FADE_FILTER_TF,OFF,QUICK_NOT_CAUSAL,False,True,True,False,
ENTRY_NEUTRAL,ENTRY,EXIT_TO_REDUCE_ADAPTER_FILTER_TF,OFF,QUICK_NOT_CAUSAL,False,True,True,False,
ENTRY_NEUTRAL,ENTRY,EZ_MANAGE_THROTTLER_RATE,0.0,HOOKED_BOTH,True,True,True,False,
ENTRY_NEUTRAL,ENTRY,FAST_RISER_FILTER_TF,OFF,QUICK_NOT_CAUSAL,False,True,True,False,
ENTRY_NEUTRAL,ENTRY,FG_FEAR_THRESHOLD,25,HOOKED_BOTH,True,True,True,False,
ENTRY_NEUTRAL,ENTRY,FG_GREED_THRESHOLD,75,HOOKED_BOTH,True,True,True,False,
ENTRY_NEUTRAL,ENTRY,FH_MOMENTUM_FILTER_TF,OFF,QUICK_NOT_CAUSAL,False,True,True,False,
ENTRY_NEUTRAL,ENTRY,FIRST_OPEN_THROTTLE_FILTER_TF,OFF,QUICK_NOT_CAUSAL,False,True,True,False,
ENTRY_NEUTRAL,ENTRY,FROZEN_STOP_FILTER_TF,OFF,QUICK_NOT_CAUSAL,False,True,True,False,
ENTRY_NEUTRAL,ENTRY,FUNDING_GATE_FILTER_TF,OFF,QUICK_NOT_CAUSAL,False,True,True,False,
ENTRY_NEUTRAL,ENTRY,FUNDING_GATE_LONG_MAX,0.0,HOOKED_BOTH,True,True,True,False,
ENTRY_NEUTRAL,ENTRY,FUNDING_GATE_MTF_REQUIRED,0.0,HOOKED_BOTH,True,True,True,False,
ENTRY_NEUTRAL,ENTRY,FUNDING_GATE_SHORT_MIN,0.0,HOOKED_BOTH,True,True,True,False,
ENTRY_NEUTRAL,ENTRY,GOLDEN_RULE_BASE_USD,0.0,QUICK_NOT_CAUSAL,False,True,True,False,
ENTRY_NEUTRAL,ENTRY,GOLDEN_RULE_ENFORCE_FILTER_TF,OFF,QUICK_NOT_CAUSAL,False,True,True,False,
ENTRY_NEUTRAL,ENTRY,GOLDEN_RULE_HTF_VOTE_FILTER_TF,OFF,QUICK_NOT_CAUSAL,False,True,True,False,
ENTRY_NEUTRAL,ENTRY,GR_FILTER_ALL_ENTRIES,0.0,QUICK_NOT_CAUSAL,False,True,True,False,
ENTRY_NEUTRAL,ENTRY,GR_FILTER_VEC_ENABLED,False,QUICK_NOT_CAUSAL,False,True,True,False,
ENTRY_NEUTRAL,ENTRY,GR_FILTER_VEC_FILTER_TF,OFF,QUICK_NOT_CAUSAL,False,True,True,False,
ENTRY_NEUTRAL,ENTRY,GR_FILTER_VEC_MIN_TFS,0,QUICK_NOT_CAUSAL,False,True,True,False,
ENTRY_NEUTRAL,ENTRY,GR_V5_STATE_FILTER_TF,OFF,QUICK_NOT_CAUSAL,False,True,True,False,
ENTRY_NEUTRAL,ENTRY,HAIKU_WINNER_FILTER_TF,OFF,QUICK_NOT_CAUSAL,False,True,True,False,
ENTRY_NEUTRAL,ENTRY,HA_WICK_QUALITY_ENABLED,False,QUICK_NOT_CAUSAL,False,True,True,False,
ENTRY_NEUTRAL,ENTRY,HA_WICK_QUALITY_SCORE,15,QUICK_NOT_CAUSAL,False,True,True,False,
ENTRY_NEUTRAL,ENTRY,HA_WICK_QUALITY_TF,OFF,QUICK_NOT_CAUSAL,False,True,True,False,
ENTRY_NEUTRAL,ENTRY,HLR_SMA_BAND_PCT,0,HOOKED_BOTH,True,True,True,False,
ENTRY_NEUTRAL,ENTRY,HLR_TOP_MIN_TFS,0,HOOKED_BOTH,True,True,True,False,
ENTRY_NEUTRAL,ENTRY,HTF4_CONF,False,HOOKED_BOTH,True,True,True,False,
ENTRY_NEUTRAL,ENTRY,HTF_DIRECTION_GATE_ENABLED,False,QUICK_NOT_CAUSAL,False,True,True,False,
ENTRY_NEUTRAL,ENTRY,HTF_GATE_BYPASS_RZ,0.0,HOOKED_BOTH,True,True,True,False,
ENTRY_NEUTRAL,ENTRY,HTF_GATE_D_MANDATORY,0.0,HOOKED_BOTH,True,True,True,False,
ENTRY_NEUTRAL,ENTRY,HTF_GATE_MIN_CONFIRMATIONS,0.0,HOOKED_BOTH,True,True,True,False,
ENTRY_NEUTRAL,ENTRY,HTF_TREND_VETO_BYPASS_ENABLED,False,QUICK_NOT_CAUSAL,False,True,True,False,
ENTRY_NEUTRAL,ENTRY,HTF_TREND_VETO_BYPASS_REASONS,0.0,HOOKED_BOTH,True,True,True,False,
ENTRY_NEUTRAL,ENTRY,LEADERBOARD_FILTER,False,HOOKED_BOTH,True,True,True,False,
ENTRY_NEUTRAL,ENTRY,LH_HL_FILTER_ENABLED,False,QUICK_NOT_CAUSAL,False,True,True,False,
ENTRY_NEUTRAL,ENTRY,LH_HL_FILTER_MODE,STRICT_2BAR,QUICK_NOT_CAUSAL,False,True,True,False,
ENTRY_NEUTRAL,ENTRY,LH_HL_FILTER_REQUIRE_BOTH,False,QUICK_NOT_CAUSAL,False,True,True,False,
ENTRY_NEUTRAL,ENTRY,LH_HL_FILTER_TF_REQ,2,QUICK_NOT_CAUSAL,False,True,True,False,
ENTRY_NEUTRAL,ENTRY,LIVE_ENTRY_ENGINE_FILTER_TF,OFF,QUICK_NOT_CAUSAL,False,True,True,False,
ENTRY_NEUTRAL,ENTRY,LIVE_ONLY_SIGNALS_BATCH5_FILTER_TF,OFF,QUICK_NOT_CAUSAL,False,True,True,False,
ENTRY_NEUTRAL,ENTRY,LIVE_VEC_EMERGENCY_BRAKE_ENABLED,False,QUICK_NOT_CAUSAL,False,True,True,False,
ENTRY_NEUTRAL,ENTRY,LR_BAND_LADDER_STOCH_EXTREME,30.0,QUICK_NOT_CAUSAL,False,True,True,False,
ENTRY_NEUTRAL,ENTRY,MANDATORY_REENTRY_WT_FILTER_MIN_TFS,1,QUICK_NOT_CAUSAL,False,True,True,False,
ENTRY_NEUTRAL,ENTRY,MANDATORY_REENTRY_WT_FILTER_MIN_VELOCITY,0.0,QUICK_NOT_CAUSAL,False,True,True,False,
ENTRY_NEUTRAL,ENTRY,MANDATORY_REENTRY_WT_FILTER_REQUIRE_FLIP,False,QUICK_NOT_CAUSAL,False,True,True,False,
ENTRY_NEUTRAL,ENTRY,MANDATORY_REENTRY_WT_FILTER_TF_MODE,15m_only,QUICK_NOT_CAUSAL,False,True,True,False,
ENTRY_NEUTRAL,ENTRY,MANDATORY_REENTRY_WT_FILTER_VELOCITY_RATIO,0.90,QUICK_NOT_CAUSAL,False,True,True,False,
ENTRY_NEUTRAL,ENTRY,MARKET_QUALITY_SCORE_ENABLED,False,QUICK_NOT_CAUSAL,False,True,True,False,
ENTRY_NEUTRAL,ENTRY,MI_TF_AGREE_MIN,0.0,QUICK_NOT_CAUSAL,False,True,True,False,
ENTRY_NEUTRAL,ENTRY,MOM3_FILTER_TF,OFF,QUICK_NOT_CAUSAL,False,True,True,False,
ENTRY_NEUTRAL,ENTRY,MOMENTUM_BREAKOUT_FILTER_TF,OFF,QUICK_NOT_CAUSAL,False,True,True,False,
ENTRY_NEUTRAL,ENTRY,MOVER_THRESHOLD,5,QUICK_NOT_CAUSAL,False,True,True,False,
ENTRY_NEUTRAL,ENTRY,MTF_ARMED_ENTRIES_FILTER_TF,OFF,QUICK_NOT_CAUSAL,False,True,True,False,
ENTRY_NEUTRAL,ENTRY,MTF_ATR_TRAIL_FILTER_TF,OFF,QUICK_NOT_CAUSAL,False,True,True,False,
ENTRY_NEUTRAL,ENTRY,MTF_DC_REJECT_FILTER_TF,OFF,QUICK_NOT_CAUSAL,False,True,True,False,
ENTRY_NEUTRAL,ENTRY,MTF_FILTER_STRONG_BUY_QUICK_BYPASS,0.0,QUICK_NOT_CAUSAL,False,True,True,False,
ENTRY_NEUTRAL,ENTRY,MTF_GR_MIN_IND,5,QUICK_NOT_CAUSAL,False,True,True,False,
ENTRY_NEUTRAL,ENTRY,MTS_BOTTOM_BONUS_THRESHOLD,25,QUICK_NOT_CAUSAL,False,True,True,False,
ENTRY_NEUTRAL,ENTRY,MTS_BOTTOM_STRONG_THRESHOLD,40,QUICK_NOT_CAUSAL,False,True,True,False,
ENTRY_NEUTRAL,ENTRY,MTS_GATE_ENABLED,False,QUICK_NOT_CAUSAL,False,True,True,False,
ENTRY_NEUTRAL,ENTRY,NEWBORN_LOSS_KILL_FILTER_TF,OFF,QUICK_NOT_CAUSAL,False,True,True,False,
ENTRY_NEUTRAL,ENTRY,NEWBORN_LOSS_KILL_GAIN_THRESHOLD_PCT,0,QUICK_NOT_CAUSAL,False,True,True,False,
ENTRY_NEUTRAL,ENTRY,NEWBORN_LOSS_KILL_REQUIRE_VEL_AGAINST,0.0,QUICK_NOT_CAUSAL,False,True,True,False,
ENTRY_NEUTRAL,ENTRY,NEWBORN_PROTECT_FILTER_TF,OFF,QUICK_NOT_CAUSAL,False,True,True,False,
ENTRY_NEUTRAL,ENTRY,NEW_POSITION_MAX_LOSS_THRESHOLD,0,QUICK_NOT_CAUSAL,False,True,True,False,
ENTRY_NEUTRAL,ENTRY,NOLOSS_BYPASS_WT5OF5_FILTER_TF,OFF,QUICK_NOT_CAUSAL,False,True,True,False,
ENTRY_NEUTRAL,ENTRY,OI_CONFIRM_ENABLED,False,QUICK_NOT_CAUSAL,False,True,True,False,
ENTRY_NEUTRAL,ENTRY,OI_CONFIRM_MIN_CHANGE_PCT,0,QUICK_NOT_CAUSAL,False,True,True,False,
ENTRY_NEUTRAL,ENTRY,OI_CONFIRM_MIN_PRICE_PCT,0,QUICK_NOT_CAUSAL,False,True,True,False,
ENTRY_NEUTRAL,ENTRY,OPEN_INTENT_SIZE_GATES_FILTER_TF,OFF,QUICK_NOT_CAUSAL,False,True,True,False,
ENTRY_NEUTRAL,ENTRY,PARTIAL_PROFIT_LOCK_V2_FILTER_TF,OFF,QUICK_NOT_CAUSAL,False,True,True,False,
ENTRY_NEUTRAL,ENTRY,PEAK_GIVEBACK_BE_EROSION_FILTER_TF,OFF,QUICK_NOT_CAUSAL,False,True,True,False,
ENTRY_NEUTRAL,ENTRY,BAR_PATTERNS_FILTER_TF,OFF,HOOKED_BOTH,True,True,True,False,
ENTRY_NEUTRAL,ENTRY,BAR_PATTERNS_FILTER_TF,D,HOOKED_BOTH,True,True,True,False,
ENTRY_NEUTRAL,ENTRY,BAR_PATTERNS_FILTER_TF,4h,HOOKED_BOTH,True,True,True,False,
ENTRY_NEUTRAL,ENTRY,BAR_PATTERNS_FILTER_TF,1h,HOOKED_BOTH,True,True,True,False,
ENTRY_NEUTRAL,ENTRY,BAR_PATTERNS_FILTER_TF,15m,HOOKED_BOTH,True,True,True,False,
ENTRY_NEUTRAL,ENTRY,BB_PULLBACK_GATE_FILTER_TF,OFF,HOOKED_BOTH,True,True,True,False,
ENTRY_NEUTRAL,ENTRY,BB_PULLBACK_GATE_FILTER_TF,D,HOOKED_BOTH,True,True,True,False,
ENTRY_NEUTRAL,ENTRY,BB_PULLBACK_GATE_FILTER_TF,4h,HOOKED_BOTH,True,True,True,False,
ENTRY_NEUTRAL,ENTRY,BB_PULLBACK_GATE_FILTER_TF,1h,HOOKED_BOTH,True,True,True,False,
ENTRY_NEUTRAL,ENTRY,BB_PULLBACK_GATE_FILTER_TF,15m,HOOKED_BOTH,True,True,True,False,
ENTRY_NEUTRAL,ENTRY,BB_RECOVERY_ENTRY_FILTER_TF,OFF,HOOKED_BOTH,True,True,True,False,
ENTRY_NEUTRAL,ENTRY,BB_RECOVERY_ENTRY_FILTER_TF,D,HOOKED_BOTH,True,True,True,False,
ENTRY_NEUTRAL,ENTRY,BB_RECOVERY_ENTRY_FILTER_TF,4h,HOOKED_BOTH,True,True,True,False,
ENTRY_NEUTRAL,ENTRY,BB_RECOVERY_ENTRY_FILTER_TF,1h,HOOKED_BOTH,True,True,True,False,
ENTRY_NEUTRAL,ENTRY,BB_RECOVERY_ENTRY_FILTER_TF,15m,HOOKED_BOTH,True,True,True,False,
ENTRY_NEUTRAL,ENTRY,BB_RECOVERY_FILTER_TF,OFF,HOOKED_BOTH,True,True,True,False,
ENTRY_NEUTRAL,ENTRY,BB_RECOVERY_FILTER_TF,D,HOOKED_BOTH,True,True,True,False,
ENTRY_NEUTRAL,ENTRY,BB_RECOVERY_FILTER_TF,4h,HOOKED_BOTH,True,True,True,False,
ENTRY_NEUTRAL,ENTRY,BB_RECOVERY_FILTER_TF,1h,HOOKED_BOTH,True,True,True,False,
ENTRY_NEUTRAL,ENTRY,BB_RECOVERY_FILTER_TF,15m,HOOKED_BOTH,True,True,True,False,
ENTRY_NEUTRAL,ENTRY,BREAKEVEN_GAIN_EROSION_FILTER_TF,OFF,HOOKED_BOTH,True,True,True,False,
ENTRY_NEUTRAL,ENTRY,BREAKEVEN_GAIN_EROSION_FILTER_TF,D,HOOKED_BOTH,True,True,True,False,
ENTRY_NEUTRAL,ENTRY,BREAKEVEN_GAIN_EROSION_FILTER_TF,4h,HOOKED_BOTH,True,True,True,False,
ENTRY_NEUTRAL,ENTRY,BREAKEVEN_GAIN_EROSION_FILTER_TF,1h,HOOKED_BOTH,True,True,True,False,
ENTRY_NEUTRAL,ENTRY,BREAKEVEN_GAIN_EROSION_FILTER_TF,15m,HOOKED_BOTH,True,True,True,False,
ENTRY_NEUTRAL,ENTRY,BREAKOUT_RETEST_FILTER_TF,OFF,HOOKED_BOTH,True,True,True,False,
ENTRY_NEUTRAL,ENTRY,BREAKOUT_RETEST_FILTER_TF,D,HOOKED_BOTH,True,True,True,False,
ENTRY_NEUTRAL,ENTRY,BREAKOUT_RETEST_FILTER_TF,4h,HOOKED_BOTH,True,True,True,False,
ENTRY_NEUTRAL,ENTRY,BREAKOUT_RETEST_FILTER_TF,1h,HOOKED_BOTH,True,True,True,False,
ENTRY_NEUTRAL,ENTRY,BREAKOUT_RETEST_FILTER_TF,15m,HOOKED_BOTH,True,True,True,False,
ENTRY_FULL_FILTERED,ENTRY,AUGMENT_WT_4H_BOUNCE_ENABLED,True,HOOKED_BOTH,True,True,True,False,
ENTRY_FULL_FILTERED,ENTRY,AUGMENT_WT_4H_BOUNCE_ENABLED,False,HOOKED_BOTH,True,True,True,False,
ENTRY_FULL_FILTERED,ENTRY,BTC_BREAKOUT_ENTRY_ENABLED,True,HOOKED_BOTH,True,True,True,False,
ENTRY_FULL_FILTERED,ENTRY,BTC_BREAKOUT_ENTRY_ENABLED,False,HOOKED_BOTH,True,True,True,False,
ENTRY_FULL_FILTERED,ENTRY,BTC_GUARANTEED_REENTRY_MAX_AGE_BARS,False,HOOKED_BOTH,True,True,True,False,
ENTRY_FULL_FILTERED,ENTRY,BTC_GUARANTEED_REENTRY_MAX_AGE_BARS,True,HOOKED_BOTH,True,True,True,False,
ENTRY_FULL_FILTERED,ENTRY,BTC_RZ_WT_DC_MULTIFACTOR,False,HOOKED_BOTH,True,True,True,False,
ENTRY_FULL_FILTERED,ENTRY,BTC_RZ_WT_DC_MULTIFACTOR,True,HOOKED_BOTH,True,True,True,False,
ENTRY_FULL_FILTERED,ENTRY,BTC_TECH_EXIT_WT_MIN_TFS,False,HOOKED_BOTH,True,True,True,False,
ENTRY_FULL_FILTERED,ENTRY,BTC_TECH_EXIT_WT_MIN_TFS,True,HOOKED_BOTH,True,True,True,False,
ENTRY_FULL_FILTERED,ENTRY,FOLLOW_THROUGH_REENTRY_ENABLED,True,QUICK_NOT_CAUSAL,False,True,True,False,
ENTRY_FULL_FILTERED,ENTRY,FOLLOW_THROUGH_REENTRY_ENABLED,False,QUICK_NOT_CAUSAL,False,True,True,False,
ENTRY_FULL_FILTERED,ENTRY,NOLOSS_BYPASS_WT_5OF5_MIN_TFS,False,HOOKED_BOTH,True,True,True,False,
ENTRY_FULL_FILTERED,ENTRY,NOLOSS_BYPASS_WT_5OF5_MIN_TFS,True,HOOKED_BOTH,True,True,True,False,
ENTRY_FULL_FILTERED,ENTRY,QUICK_REENTRY_60MIN_MIN_PCT,False,QUICK_NOT_CAUSAL,False,True,True,False,
ENTRY_FULL_FILTERED,ENTRY,QUICK_REENTRY_60MIN_MIN_PCT,True,QUICK_NOT_CAUSAL,False,True,True,False,
ENTRY_FULL_FILTERED,ENTRY,REENTRY_POST_CONSOL_ENABLED,True,QUICK_NOT_CAUSAL,False,True,True,False,
ENTRY_FULL_FILTERED,ENTRY,REENTRY_POST_CONSOL_ENABLED,False,QUICK_NOT_CAUSAL,False,True,True,False,
ENTRY_FULL_FILTERED,ENTRY,REENTRY_WT15M_SIZE_MULT,False,QUICK_NOT_CAUSAL,False,True,True,False,
ENTRY_FULL_FILTERED,ENTRY,REENTRY_WT15M_SIZE_MULT,True,QUICK_NOT_CAUSAL,False,True,True,False,
ENTRY_FULL_FILTERED,ENTRY,STDEV_BREAKOUT_PCTB_LONG,False,QUICK_NOT_CAUSAL,False,True,True,False,
ENTRY_FULL_FILTERED,ENTRY,STDEV_BREAKOUT_PCTB_LONG,True,QUICK_NOT_CAUSAL,False,True,True,False,
ENTRY_FULL_FILTERED,ENTRY,STDEV_BREAKOUT_PCTB_SHORT,False,QUICK_NOT_CAUSAL,False,True,True,False,
ENTRY_FULL_FILTERED,ENTRY,STDEV_BREAKOUT_PCTB_SHORT,True,QUICK_NOT_CAUSAL,False,True,True,False,
ENTRY_FULL_FILTERED,ENTRY,STDEV_SUPPRESS_EARLY_EXIT,False,QUICK_NOT_CAUSAL,False,True,True,False,
ENTRY_FULL_FILTERED,ENTRY,STDEV_SUPPRESS_EARLY_EXIT,True,QUICK_NOT_CAUSAL,False,True,True,False,
ENTRY_FULL_FILTERED,ENTRY,V8_ENTRY_ENGINE_DC_ENABLED,True,QUICK_NOT_CAUSAL,False,True,True,False,
ENTRY_FULL_FILTERED,ENTRY,V8_ENTRY_ENGINE_DC_ENABLED,False,QUICK_NOT_CAUSAL,False,True,True,False,
ENTRY_FULL_FILTERED,ENTRY,V8_ENTRY_ENGINE_WT_ENABLED,True,QUICK_NOT_CAUSAL,False,True,True,False,
ENTRY_FULL_FILTERED,ENTRY,V8_ENTRY_ENGINE_WT_ENABLED,False,QUICK_NOT_CAUSAL,False,True,True,False,
ENTRY_FULL_FILTERED,ENTRY,WT_ACCEL_EXIT_ENABLED,True,QUICK_NOT_CAUSAL,False,True,True,False,
ENTRY_FULL_FILTERED,ENTRY,WT_ACCEL_EXIT_ENABLED,False,QUICK_NOT_CAUSAL,False,True,True,False,
ENTRY_FULL_FILTERED,ENTRY,WT_AGAINST_FILTER_ENABLED,True,QUICK_NOT_CAUSAL,False,True,True,False,
ENTRY_FULL_FILTERED,ENTRY,WT_AGAINST_FILTER_ENABLED,False,QUICK_NOT_CAUSAL,False,True,True,False,
ENTRY_FULL_FILTERED,ENTRY,WT_DIV_EXIT_ENABLED,True,QUICK_NOT_CAUSAL,False,True,True,False,
ENTRY_FULL_FILTERED,ENTRY,WT_DIV_EXIT_ENABLED,False,QUICK_NOT_CAUSAL,False,True,True,False,
ENTRY_FULL_FILTERED,ENTRY,WT_MOMENTUM_EXIT_THRESHOLD,False,QUICK_NOT_CAUSAL,False,True,True,False,
ENTRY_FULL_FILTERED,ENTRY,WT_MOMENTUM_EXIT_THRESHOLD,True,QUICK_NOT_CAUSAL,False,True,True,False,
ENTRY_FULL_FILTERED,ENTRY,BTC_GUARANTEED_REENTRY_ENABLED,True,HOOKED_BOTH,True,True,True,False,
ENTRY_FULL_FILTERED,ENTRY,BTC_GUARANTEED_REENTRY_ENABLED,False,HOOKED_BOTH,True,True,True,False,
ENTRY_FULL_FILTERED,ENTRY,BTC_GUARANTEED_REENTRY_MIN_GAP_BARS,False,HOOKED_BOTH,True,True,True,False,
ENTRY_FULL_FILTERED,ENTRY,BTC_GUARANTEED_REENTRY_MIN_GAP_BARS,True,HOOKED_BOTH,True,True,True,False,
ENTRY_FULL_FILTERED,ENTRY,DC_BREAKOUT_SCORE,False,HOOKED_BOTH,True,True,True,False,
ENTRY_FULL_FILTERED,ENTRY,DC_BREAKOUT_SCORE,True,HOOKED_BOTH,True,True,True,False,
ENTRY_FULL_FILTERED,ENTRY,DC_BREAKOUT_TF,15m,HOOKED_BOTH,True,True,True,False,
ENTRY_FULL_FILTERED,ENTRY,DC_BREAKOUT_TF,1h,HOOKED_BOTH,True,True,True,False,
ENTRY_FULL_FILTERED,ENTRY,DC_BREAKOUT_TF,4h,HOOKED_BOTH,True,True,True,False,
ENTRY_FULL_FILTERED,ENTRY,DC_BREAKOUT_TF,D,HOOKED_BOTH,True,True,True,False,
ENTRY_FULL_FILTERED,ENTRY,DD_BOUNCE_ENABLED,True,HOOKED_BOTH,True,True,True,False,
ENTRY_FULL_FILTERED,ENTRY,DD_BOUNCE_ENABLED,False,HOOKED_BOTH,True,True,True,False,
ENTRY_FULL_FILTERED,ENTRY,ENTRY_PRIMARY_TF,15m,HOOKED_BOTH,True,True,True,False,
ENTRY_FULL_FILTERED,ENTRY,ENTRY_PRIMARY_TF,1h,HOOKED_BOTH,True,True,True,False,
ENTRY_FULL_FILTERED,ENTRY,ENTRY_PRIMARY_TF,4h,HOOKED_BOTH,True,True,True,False,
ENTRY_FULL_FILTERED,ENTRY,ENTRY_PRIMARY_TF,D,HOOKED_BOTH,True,True,True,False,
ENTRY_FULL_FILTERED,ENTRY,HAIKU_ENTRY_GATE_ENABLED,True,QUICK_NOT_CAUSAL,False,True,True,False,
ENTRY_FULL_FILTERED,ENTRY,HAIKU_ENTRY_GATE_ENABLED,False,QUICK_NOT_CAUSAL,False,True,True,False,
ENTRY_FULL_FILTERED,ENTRY,HTF_GATE_SIGNALS_SMA200D,False,HOOKED_BOTH,True,True,True,False,
ENTRY_FULL_FILTERED,ENTRY,HTF_GATE_SIGNALS_SMA200D,True,HOOKED_BOTH,True,True,True,False,
ENTRY_FULL_FILTERED,ENTRY,MACD_ZERO_CROSS_ENABLED,True,QUICK_NOT_CAUSAL,False,True,True,False,
ENTRY_FULL_FILTERED,ENTRY,MACD_ZERO_CROSS_ENABLED,False,QUICK_NOT_CAUSAL,False,True,True,False,
ENTRY_FULL_FILTERED,ENTRY,MACD_ZERO_CROSS_SCORE,False,QUICK_NOT_CAUSAL,False,True,True,False,
ENTRY_FULL_FILTERED,ENTRY,MACD_ZERO_CROSS_SCORE,True,QUICK_NOT_CAUSAL,False,True,True,False,
ENTRY_FULL_FILTERED,ENTRY,MACD_ZERO_CROSS_TF,15m,QUICK_NOT_CAUSAL,False,True,True,False,
ENTRY_FULL_FILTERED,ENTRY,MACD_ZERO_CROSS_TF,1h,QUICK_NOT_CAUSAL,False,True,True,False,
ENTRY_FULL_FILTERED,ENTRY,MACD_ZERO_CROSS_TF,4h,QUICK_NOT_CAUSAL,False,True,True,False,
ENTRY_FULL_FILTERED,ENTRY,MACD_ZERO_CROSS_TF,D,QUICK_NOT_CAUSAL,False,True,True,False,
ENTRY_FULL_FILTERED,ENTRY,MI_ENTRY_ENABLED,True,QUICK_NOT_CAUSAL,False,True,True,False,
ENTRY_FULL_FILTERED,ENTRY,MI_ENTRY_ENABLED,False,QUICK_NOT_CAUSAL,False,True,True,False,
ENTRY_FULL_FILTERED,ENTRY,MI_ENTRY_EXHAUST_BONUS,False,QUICK_NOT_CAUSAL,False,True,True,False,
ENTRY_FULL_FILTERED,ENTRY,MI_ENTRY_EXHAUST_BONUS,True,QUICK_NOT_CAUSAL,False,True,True,False,
ENTRY_FULL_FILTERED,ENTRY,MI_ENTRY_STRUCT_BONUS,False,QUICK_NOT_CAUSAL,False,True,True,False,
ENTRY_FULL_FILTERED,ENTRY,MI_ENTRY_STRUCT_BONUS,True,QUICK_NOT_CAUSAL,False,True,True,False,
ENTRY_FULL_FILTERED,ENTRY,RZ_BREAKOUT_BAND,False,QUICK_NOT_CAUSAL,False,True,True,False,
ENTRY_FULL_FILTERED,ENTRY,RZ_BREAKOUT_BAND,True,QUICK_NOT_CAUSAL,False,True,True,False,
ENTRY_FULL_FILTERED,ENTRY,RZ_BREAKOUT_ENTRY_ENABLED,True,QUICK_NOT_CAUSAL,False,True,True,False,
ENTRY_FULL_FILTERED,ENTRY,RZ_BREAKOUT_ENTRY_ENABLED,False,QUICK_NOT_CAUSAL,False,True,True,False,
ENTRY_FULL_FILTERED,ENTRY,WRONG_SIDE_WT_TFS_REQUIRED,False,QUICK_NOT_CAUSAL,False,True,True,False,
ENTRY_FULL_FILTERED,ENTRY,WRONG_SIDE_WT_TFS_REQUIRED,True,QUICK_NOT_CAUSAL,False,True,True,False,
ENTRY_FULL_FILTERED,ENTRY,WT_15M_CROSS_ENTRY_ENABLED,True,QUICK_NOT_CAUSAL,False,True,True,False,
ENTRY_FULL_FILTERED,ENTRY,WT_15M_CROSS_ENTRY_ENABLED,False,QUICK_NOT_CAUSAL,False,True,True,False,
ENTRY_FULL_FILTERED,ENTRY,WT_COMPOSITE_ENTRY_BLOCK,False,QUICK_NOT_CAUSAL,False,True,True,False,
ENTRY_FULL_FILTERED,ENTRY,WT_COMPOSITE_ENTRY_BLOCK,True,QUICK_NOT_CAUSAL,False,True,True,False,
ENTRY_FULL_FILTERED,ENTRY,WT_COMPOSITE_ENTRY_GOOD,False,QUICK_NOT_CAUSAL,False,True,True,False,
ENTRY_FULL_FILTERED,ENTRY,WT_COMPOSITE_ENTRY_GOOD,True,QUICK_NOT_CAUSAL,False,True,True,False,
ENTRY_FULL_FILTERED,ENTRY,WT_COMPOSITE_ENTRY_OK,False,QUICK_NOT_CAUSAL,False,True,True,False,
ENTRY_FULL_FILTERED,ENTRY,WT_COMPOSITE_ENTRY_OK,True,QUICK_NOT_CAUSAL,False,True,True,False,
ENTRY_FULL_FILTERED,ENTRY,WT_COMPOSITE_ENTRY_STRONG,False,QUICK_NOT_CAUSAL,False,True,True,False,
ENTRY_FULL_FILTERED,ENTRY,WT_COMPOSITE_ENTRY_STRONG,True,QUICK_NOT_CAUSAL,False,True,True,False,
ENTRY_FULL_FILTERED,ENTRY,WT_DIV_ENTRY_GATE_ENABLED,True,QUICK_NOT_CAUSAL,False,True,True,False,
ENTRY_FULL_FILTERED,ENTRY,WT_DIV_ENTRY_GATE_ENABLED,False,QUICK_NOT_CAUSAL,False,True,True,False,
ENTRY_FULL_FILTERED,ENTRY,WT_EXHAUST_ENTRY_GATE_ENABLED,True,QUICK_NOT_CAUSAL,False,True,True,False,
ENTRY_FULL_FILTERED,ENTRY,WT_EXHAUST_ENTRY_GATE_ENABLED,False,QUICK_NOT_CAUSAL,False,True,True,False,
ENTRY_FULL_FILTERED,ENTRY,WT_PERCENTILE_ENTRY_GATE_ENABLED,True,QUICK_NOT_CAUSAL,False,True,True,False,
ENTRY_FULL_FILTERED,ENTRY,WT_PERCENTILE_ENTRY_GATE_ENABLED,False,QUICK_NOT_CAUSAL,False,True,True,False,
ENTRY_FULL_FILTERED,ENTRY,WT_PERCENTILE_ENTRY_OB_D,False,QUICK_NOT_CAUSAL,False,True,True,False,
ENTRY_FULL_FILTERED,ENTRY,WT_PERCENTILE_ENTRY_OB_D,True,QUICK_NOT_CAUSAL,False,True,True,False,
ENTRY_FULL_FILTERED,ENTRY,WT_PERCENTILE_ENTRY_OS_D,False,QUICK_NOT_CAUSAL,False,True,True,False,
ENTRY_FULL_FILTERED,ENTRY,WT_PERCENTILE_ENTRY_OS_D,True,QUICK_NOT_CAUSAL,False,True,True,False,
ENTRY_FULL_FILTERED,ENTRY,ATR_TRAIL_FILTER_TF,15m,HOOKED_BOTH,True,True,True,False,
ENTRY_FULL_FILTERED,ENTRY,ATR_TRAIL_FILTER_TF,1h,HOOKED_BOTH,True,True,True,False,
ENTRY_FULL_FILTERED,ENTRY,ATR_TRAIL_FILTER_TF,4h,HOOKED_BOTH,True,True,True,False,
ENTRY_FULL_FILTERED,ENTRY,ATR_TRAIL_FILTER_TF,D,HOOKED_BOTH,True,True,True,False,
ENTRY_FULL_FILTERED,ENTRY,BANDAID_OFF_LOSER_RECOVER_PCT,-0.25,HOOKED_BOTH,True,True,True,False,
ENTRY_FULL_FILTERED,ENTRY,BANDAID_OFF_LOSER_RECOVER_PCT,-0.3,HOOKED_BOTH,True,True,True,False,
ENTRY_FULL_FILTERED,ENTRY,BTC_ACCEL_RAMP_REQUIRE_POSITIVE,True,HOOKED_BOTH,True,True,True,False,
ENTRY_FULL_FILTERED,ENTRY,BTC_ACCEL_RAMP_REQUIRE_POSITIVE,False,HOOKED_BOTH,True,True,True,False,
ENTRY_FULL_FILTERED,ENTRY,BTC_DEDICATED_FILTER_TF,15m,HOOKED_BOTH,True,True,True,False,
ENTRY_FULL_FILTERED,ENTRY,BTC_DEDICATED_FILTER_TF,1h,HOOKED_BOTH,True,True,True,False,
ENTRY_FULL_FILTERED,ENTRY,BTC_DEDICATED_FILTER_TF,4h,HOOKED_BOTH,True,True,True,False,
ENTRY_FULL_FILTERED,ENTRY,BTC_DEDICATED_FILTER_TF,D,HOOKED_BOTH,True,True,True,False,
ENTRY_FULL_FILTERED,ENTRY,BTC_HARD_BLOCK_OTHER_ACCOUNTS,True,HOOKED_BOTH,True,True,True,False,
ENTRY_FULL_FILTERED,ENTRY,BTC_HARD_BLOCK_OTHER_ACCOUNTS,False,HOOKED_BOTH,True,True,True,False,
ENTRY_FULL_FILTERED,ENTRY,BTC_ROUND_BANDS_EACH_SIDE,8,HOOKED_BOTH,True,True,True,False,
ENTRY_FULL_FILTERED,ENTRY,BTC_ROUND_BANDS_EACH_SIDE,9,HOOKED_BOTH,True,True,True,False,
ENTRY_FULL_FILTERED,ENTRY,BT_WT_CROSS_LADDER_FILTER_TF,15m,HOOKED_BOTH,True,True,True,False,
ENTRY_FULL_FILTERED,ENTRY,BT_WT_CROSS_LADDER_FILTER_TF,1h,HOOKED_BOTH,True,True,True,False,
ENTRY_FULL_FILTERED,ENTRY,BT_WT_CROSS_LADDER_FILTER_TF,4h,HOOKED_BOTH,True,True,True,False,
ENTRY_FULL_FILTERED,ENTRY,BT_WT_CROSS_LADDER_FILTER_TF,D,HOOKED_BOTH,True,True,True,False,
ENTRY_FULL_FILTERED,ENTRY,CANDLE_PATTERN_STOPS_FILTER_TF,15m,HOOKED_BOTH,True,True,True,False,
ENTRY_FULL_FILTERED,ENTRY,CANDLE_PATTERN_STOPS_FILTER_TF,1h,HOOKED_BOTH,True,True,True,False,
ENTRY_FULL_FILTERED,ENTRY,CANDLE_PATTERN_STOPS_FILTER_TF,4h,HOOKED_BOTH,True,True,True,False,
ENTRY_FULL_FILTERED,ENTRY,CANDLE_PATTERN_STOPS_FILTER_TF,D,HOOKED_BOTH,True,True,True,False,
ENTRY_FULL_FILTERED,ENTRY,CIRCUIT_SHARPE_GATES_FILTER_TF,15m,HOOKED_BOTH,True,True,True,False,
ENTRY_FULL_FILTERED,ENTRY,CIRCUIT_SHARPE_GATES_FILTER_TF,1h,HOOKED_BOTH,True,True,True,False,
ENTRY_FULL_FILTERED,ENTRY,CIRCUIT_SHARPE_GATES_FILTER_TF,4h,HOOKED_BOTH,True,True,True,False,
ENTRY_FULL_FILTERED,ENTRY,CIRCUIT_SHARPE_GATES_FILTER_TF,D,HOOKED_BOTH,True,True,True,False,
ENTRY_FULL_FILTERED,ENTRY,COOLDOWN_LOCKS_FILTER_TF,15m,HOOKED_BOTH,True,True,True,False,
ENTRY_FULL_FILTERED,ENTRY,COOLDOWN_LOCKS_FILTER_TF,1h,HOOKED_BOTH,True,True,True,False,
ENTRY_FULL_FILTERED,ENTRY,COOLDOWN_LOCKS_FILTER_TF,4h,HOOKED_BOTH,True,True,True,False,
ENTRY_FULL_FILTERED,ENTRY,COOLDOWN_LOCKS_FILTER_TF,D,HOOKED_BOTH,True,True,True,False,
ENTRY_FULL_FILTERED,ENTRY,CRYPTO_SPIKE_FADE_THRESHOLD_PCT,10,HOOKED_BOTH,True,True,True,False,
ENTRY_FULL_FILTERED,ENTRY,CRYPTO_SPIKE_FADE_THRESHOLD_PCT,12,HOOKED_BOTH,True,True,True,False,
ENTRY_FULL_FILTERED,ENTRY,DC_BREACH_REDUCE_FILTER_TF,15m,HOOKED_BOTH,True,True,True,False,
ENTRY_FULL_FILTERED,ENTRY,DC_BREACH_REDUCE_FILTER_TF,1h,HOOKED_BOTH,True,True,True,False,
ENTRY_FULL_FILTERED,ENTRY,DC_BREACH_REDUCE_FILTER_TF,4h,HOOKED_BOTH,True,True,True,False,
ENTRY_FULL_FILTERED,ENTRY,DC_BREACH_REDUCE_FILTER_TF,D,HOOKED_BOTH,True,True,True,False,
ENTRY_FULL_FILTERED,ENTRY,DC_BREAK_FILTER_TF,15m,HOOKED_BOTH,True,True,True,False,
ENTRY_FULL_FILTERED,ENTRY,DC_BREAK_FILTER_TF,1h,HOOKED_BOTH,True,True,True,False,
ENTRY_FULL_FILTERED,ENTRY,DC_BREAK_FILTER_TF,4h,HOOKED_BOTH,True,True,True,False,
ENTRY_FULL_FILTERED,ENTRY,DC_BREAK_FILTER_TF,D,HOOKED_BOTH,True,True,True,False,
ENTRY_FULL_FILTERED,ENTRY,DC_MOMENTUM_BOTA_SCORER_FILTER_TF,15m,HOOKED_BOTH,True,True,True,False,
ENTRY_FULL_FILTERED,ENTRY,DC_MOMENTUM_BOTA_SCORER_FILTER_TF,1h,HOOKED_BOTH,True,True,True,False,
ENTRY_FULL_FILTERED,ENTRY,DC_MOMENTUM_BOTA_SCORER_FILTER_TF,4h,HOOKED_BOTH,True,True,True,False,
ENTRY_FULL_FILTERED,ENTRY,DC_MOMENTUM_BOTA_SCORER_FILTER_TF,D,HOOKED_BOTH,True,True,True,False,
ENTRY_FULL_FILTERED,ENTRY,DC_MOMENT_STRONG_THRESHOLD,40,HOOKED_BOTH,True,True,True,False,
ENTRY_FULL_FILTERED,ENTRY,DC_MOMENT_STRONG_THRESHOLD,48,HOOKED_BOTH,True,True,True,False,
ENTRY_FULL_FILTERED,ENTRY,DELTA_ENGINE_FILTER_TF,15m,HOOKED_BOTH,True,True,True,False,
ENTRY_FULL_FILTERED,ENTRY,DELTA_ENGINE_FILTER_TF,1h,HOOKED_BOTH,True,True,True,False,
ENTRY_FULL_FILTERED,ENTRY,DELTA_ENGINE_FILTER_TF,4h,HOOKED_BOTH,True,True,True,False,
ENTRY_FULL_FILTERED,ENTRY,DELTA_ENGINE_FILTER_TF,D,HOOKED_BOTH,True,True,True,False,
ENTRY_FULL_FILTERED,ENTRY,DELTA_HTF_GATE,4h,HOOKED_BOTH,True,True,True,False,
ENTRY_FULL_FILTERED,ENTRY,DELTA_HTF_GATE,4h_ALT,HOOKED_BOTH,True,True,True,False,
ENTRY_FULL_FILTERED,ENTRY,DUP_GUARD_FILTER_TF,15m,HOOKED_BOTH,True,True,True,False,
ENTRY_FULL_FILTERED,ENTRY,DUP_GUARD_FILTER_TF,1h,HOOKED_BOTH,True,True,True,False,
ENTRY_FULL_FILTERED,ENTRY,DUP_GUARD_FILTER_TF,4h,HOOKED_BOTH,True,True,True,False,
ENTRY_FULL_FILTERED,ENTRY,DUP_GUARD_FILTER_TF,D,HOOKED_BOTH,True,True,True,False,
ENTRY_FULL_FILTERED,ENTRY,E2E_REPLAY_VALIDATOR_FILTER_TF,15m,HOOKED_BOTH,True,True,True,False,
ENTRY_FULL_FILTERED,ENTRY,E2E_REPLAY_VALIDATOR_FILTER_TF,1h,HOOKED_BOTH,True,True,True,False,
ENTRY_FULL_FILTERED,ENTRY,E2E_REPLAY_VALIDATOR_FILTER_TF,4h,HOOKED_BOTH,True,True,True,False,
ENTRY_FULL_FILTERED,ENTRY,E2E_REPLAY_VALIDATOR_FILTER_TF,D,HOOKED_BOTH,True,True,True,False,
ENTRY_FULL_FILTERED,ENTRY,EMA_9_21_FILTER_FILTER_TF,15m,HOOKED_BOTH,True,True,True,False,
ENTRY_FULL_FILTERED,ENTRY,EMA_9_21_FILTER_FILTER_TF,1h,HOOKED_BOTH,True,True,True,False,
ENTRY_FULL_FILTERED,ENTRY,EMA_9_21_FILTER_FILTER_TF,4h,HOOKED_BOTH,True,True,True,False,
ENTRY_FULL_FILTERED,ENTRY,EMA_9_21_FILTER_FILTER_TF,D,HOOKED_BOTH,True,True,True,False,
ENTRY_FULL_FILTERED,ENTRY,EMA_9_21_FILTER_MIN_TFS,False,HOOKED_BOTH,True,True,True,False,
ENTRY_FULL_FILTERED,ENTRY,EMA_9_21_FILTER_MIN_TFS,True,HOOKED_BOTH,True,True,True,False,
ENTRY_FULL_FILTERED,ENTRY,EMA_BLANKET_FILTER_ENABLED,True,HOOKED_BOTH,True,True,True,False,
ENTRY_FULL_FILTERED,ENTRY,EMA_BLANKET_FILTER_ENABLED,False,HOOKED_BOTH,True,True,True,False,
ENTRY_FULL_FILTERED,ENTRY,EMA_BLANKET_FILTER_FILTER_TF,15m,HOOKED_BOTH,True,True,True,False,
ENTRY_FULL_FILTERED,ENTRY,EMA_BLANKET_FILTER_FILTER_TF,1h,HOOKED_BOTH,True,True,True,False,
ENTRY_FULL_FILTERED,ENTRY,EMA_BLANKET_FILTER_FILTER_TF,4h,HOOKED_BOTH,True,True,True,False,
ENTRY_FULL_FILTERED,ENTRY,EMA_BLANKET_FILTER_FILTER_TF,D,HOOKED_BOTH,True,True,True,False,
ENTRY_FULL_FILTERED,ENTRY,EMA_BLANKET_FILTER_MIN_TFS,False,HOOKED_BOTH,True,True,True,False,
ENTRY_FULL_FILTERED,ENTRY,EMA_BLANKET_FILTER_MIN_TFS,True,HOOKED_BOTH,True,True,True,False,
ENTRY_FULL_FILTERED,ENTRY,EMERGENCY_BRAKE_FILTER_TF,15m,HOOKED_BOTH,True,True,True,False,
ENTRY_FULL_FILTERED,ENTRY,EMERGENCY_BRAKE_FILTER_TF,1h,HOOKED_BOTH,True,True,True,False,
ENTRY_FULL_FILTERED,ENTRY,EMERGENCY_BRAKE_FILTER_TF,4h,HOOKED_BOTH,True,True,True,False,
ENTRY_FULL_FILTERED,ENTRY,EMERGENCY_BRAKE_FILTER_TF,D,HOOKED_BOTH,True,True,True,False,
ENTRY_FULL_FILTERED,ENTRY,EXECUTE_NOW_SINGLE_GATE_ENFORCE,True,HOOKED_BOTH,True,True,True,False,
ENTRY_FULL_FILTERED,ENTRY,EXECUTE_NOW_SINGLE_GATE_ENFORCE,False,HOOKED_BOTH,True,True,True,False,
ENTRY_FULL_FILTERED,ENTRY,EXHAUSTION_EXIT_FILTER_TF,15m,HOOKED_BOTH,True,True,True,False,
ENTRY_FULL_FILTERED,ENTRY,EXHAUSTION_EXIT_FILTER_TF,1h,HOOKED_BOTH,True,True,True,False,
ENTRY_FULL_FILTERED,ENTRY,EXHAUSTION_EXIT_FILTER_TF,4h,HOOKED_BOTH,True,True,True,False,
ENTRY_FULL_FILTERED,ENTRY,EXHAUSTION_EXIT_FILTER_TF,D,HOOKED_BOTH,True,True,True,False,
ENTRY_FULL_FILTERED,ENTRY,EXIT_R1_R2_FILTER_TF,15m,HOOKED_BOTH,True,True,True,False,
ENTRY_FULL_FILTERED,ENTRY,EXIT_R1_R2_FILTER_TF,1h,HOOKED_BOTH,True,True,True,False,
ENTRY_FULL_FILTERED,ENTRY,EXIT_R1_R2_FILTER_TF,4h,HOOKED_BOTH,True,True,True,False,
ENTRY_FULL_FILTERED,ENTRY,EXIT_R1_R2_FILTER_TF,D,HOOKED_BOTH,True,True,True,False,
ENTRY_FULL_FILTERED,ENTRY,EXIT_TIGHT_BREAKOUT_SCORER_FILTER_TF,15m,QUICK_NOT_CAUSAL,False,True,True,False,
ENTRY_FULL_FILTERED,ENTRY,EXIT_TIGHT_BREAKOUT_SCORER_FILTER_TF,1h,QUICK_NOT_CAUSAL,False,True,True,False,
ENTRY_FULL_FILTERED,ENTRY,EXIT_TIGHT_BREAKOUT_SCORER_FILTER_TF,4h,QUICK_NOT_CAUSAL,False,True,True,False,
ENTRY_FULL_FILTERED,ENTRY,EXIT_TIGHT_BREAKOUT_SCORER_FILTER_TF,D,QUICK_NOT_CAUSAL,False,True,True,False,
ENTRY_FULL_FILTERED,ENTRY,EXIT_TOP_FADE_FILTER_TF,15m,QUICK_NOT_CAUSAL,False,True,True,False,
ENTRY_FULL_FILTERED,ENTRY,EXIT_TOP_FADE_FILTER_TF,1h,QUICK_NOT_CAUSAL,False,True,True,False,
ENTRY_FULL_FILTERED,ENTRY,EXIT_TOP_FADE_FILTER_TF,4h,QUICK_NOT_CAUSAL,False,True,True,False,
ENTRY_FULL_FILTERED,ENTRY,EXIT_TOP_FADE_FILTER_TF,D,QUICK_NOT_CAUSAL,False,True,True,False,
ENTRY_FULL_FILTERED,ENTRY,EXIT_TO_REDUCE_ADAPTER_FILTER_TF,15m,QUICK_NOT_CAUSAL,False,True,True,False,
ENTRY_FULL_FILTERED,ENTRY,EXIT_TO_REDUCE_ADAPTER_FILTER_TF,1h,QUICK_NOT_CAUSAL,False,True,True,False,
ENTRY_FULL_FILTERED,ENTRY,EXIT_TO_REDUCE_ADAPTER_FILTER_TF,4h,QUICK_NOT_CAUSAL,False,True,True,False,
ENTRY_FULL_FILTERED,ENTRY,EXIT_TO_REDUCE_ADAPTER_FILTER_TF,D,QUICK_NOT_CAUSAL,False,True,True,False,
ENTRY_FULL_FILTERED,ENTRY,EZ_MANAGE_THROTTLER_RATE,False,HOOKED_BOTH,True,True,True,False,
ENTRY_FULL_FILTERED,ENTRY,EZ_MANAGE_THROTTLER_RATE,True,HOOKED_BOTH,True,True,True,False,
ENTRY_FULL_FILTERED,ENTRY,FAST_RISER_FILTER_TF,15m,QUICK_NOT_CAUSAL,False,True,True,False,
ENTRY_FULL_FILTERED,ENTRY,FAST_RISER_FILTER_TF,1h,QUICK_NOT_CAUSAL,False,True,True,False,
ENTRY_FULL_FILTERED,ENTRY,FAST_RISER_FILTER_TF,4h,QUICK_NOT_CAUSAL,False,True,True,False,
ENTRY_FULL_FILTERED,ENTRY,FAST_RISER_FILTER_TF,D,QUICK_NOT_CAUSAL,False,True,True,False,
ENTRY_FULL_FILTERED,ENTRY,FG_FEAR_THRESHOLD,25,HOOKED_BOTH,True,True,True,False,
ENTRY_FULL_FILTERED,ENTRY,FG_FEAR_THRESHOLD,26,HOOKED_BOTH,True,True,True,False,
ENTRY_FULL_FILTERED,ENTRY,FG_GREED_THRESHOLD,75,HOOKED_BOTH,True,True,True,False,
ENTRY_FULL_FILTERED,ENTRY,FG_GREED_THRESHOLD,76,HOOKED_BOTH,True,True,True,False,
ENTRY_FULL_FILTERED,ENTRY,FH_MOMENTUM_FILTER_TF,15m,QUICK_NOT_CAUSAL,False,True,True,False,
ENTRY_FULL_FILTERED,ENTRY,FH_MOMENTUM_FILTER_TF,1h,QUICK_NOT_CAUSAL,False,True,True,False,
ENTRY_FULL_FILTERED,ENTRY,FH_MOMENTUM_FILTER_TF,4h,QUICK_NOT_CAUSAL,False,True,True,False,
ENTRY_FULL_FILTERED,ENTRY,FH_MOMENTUM_FILTER_TF,D,QUICK_NOT_CAUSAL,False,True,True,False,
ENTRY_FULL_FILTERED,ENTRY,FIRST_OPEN_THROTTLE_FILTER_TF,15m,QUICK_NOT_CAUSAL,False,True,True,False,
ENTRY_FULL_FILTERED,ENTRY,FIRST_OPEN_THROTTLE_FILTER_TF,1h,QUICK_NOT_CAUSAL,False,True,True,False,
ENTRY_FULL_FILTERED,ENTRY,FIRST_OPEN_THROTTLE_FILTER_TF,4h,QUICK_NOT_CAUSAL,False,True,True,False,
ENTRY_FULL_FILTERED,ENTRY,FIRST_OPEN_THROTTLE_FILTER_TF,D,QUICK_NOT_CAUSAL,False,True,True,False,
ENTRY_FULL_FILTERED,ENTRY,FROZEN_STOP_FILTER_TF,15m,QUICK_NOT_CAUSAL,False,True,True,False,
ENTRY_FULL_FILTERED,ENTRY,FROZEN_STOP_FILTER_TF,1h,QUICK_NOT_CAUSAL,False,True,True,False,
ENTRY_FULL_FILTERED,ENTRY,FROZEN_STOP_FILTER_TF,4h,QUICK_NOT_CAUSAL,False,True,True,False,
ENTRY_FULL_FILTERED,ENTRY,FROZEN_STOP_FILTER_TF,D,QUICK_NOT_CAUSAL,False,True,True,False,
ENTRY_FULL_FILTERED,ENTRY,FUNDING_GATE_FILTER_TF,15m,QUICK_NOT_CAUSAL,False,True,True,False,
ENTRY_FULL_FILTERED,ENTRY,FUNDING_GATE_FILTER_TF,1h,QUICK_NOT_CAUSAL,False,True,True,False,
ENTRY_FULL_FILTERED,ENTRY,FUNDING_GATE_FILTER_TF,4h,QUICK_NOT_CAUSAL,False,True,True,False,
ENTRY_FULL_FILTERED,ENTRY,FUNDING_GATE_FILTER_TF,D,QUICK_NOT_CAUSAL,False,True,True,False,
ENTRY_FULL_FILTERED,ENTRY,FUNDING_GATE_LONG_MAX,0.0005,HOOKED_BOTH,True,True,True,False,
ENTRY_FULL_FILTERED,ENTRY,FUNDING_GATE_LONG_MAX,False,HOOKED_BOTH,True,True,True,False,
ENTRY_FULL_FILTERED,ENTRY,FUNDING_GATE_MTF_REQUIRED,True,HOOKED_BOTH,True,True,True,False,
ENTRY_FULL_FILTERED,ENTRY,FUNDING_GATE_MTF_REQUIRED,False,HOOKED_BOTH,True,True,True,False,
ENTRY_FULL_FILTERED,ENTRY,FUNDING_GATE_SHORT_MIN,-0.0005,HOOKED_BOTH,True,True,True,False,
ENTRY_FULL_FILTERED,ENTRY,FUNDING_GATE_SHORT_MIN,False,HOOKED_BOTH,True,True,True,False,
ENTRY_FULL_FILTERED,ENTRY,GOLDEN_RULE_BASE_USD,5,QUICK_NOT_CAUSAL,False,True,True,False,
ENTRY_FULL_FILTERED,ENTRY,GOLDEN_RULE_BASE_USD,6,QUICK_NOT_CAUSAL,False,True,True,False,
ENTRY_FULL_FILTERED,ENTRY,GOLDEN_RULE_ENFORCE_FILTER_TF,15m,QUICK_NOT_CAUSAL,False,True,True,False,
ENTRY_FULL_FILTERED,ENTRY,GOLDEN_RULE_ENFORCE_FILTER_TF,1h,QUICK_NOT_CAUSAL,False,True,True,False,
ENTRY_FULL_FILTERED,ENTRY,GOLDEN_RULE_ENFORCE_FILTER_TF,4h,QUICK_NOT_CAUSAL,False,True,True,False,
ENTRY_FULL_FILTERED,ENTRY,GOLDEN_RULE_ENFORCE_FILTER_TF,D,QUICK_NOT_CAUSAL,False,True,True,False,
ENTRY_FULL_FILTERED,ENTRY,GOLDEN_RULE_HTF_VOTE_FILTER_TF,15m,QUICK_NOT_CAUSAL,False,True,True,False,
ENTRY_FULL_FILTERED,ENTRY,GOLDEN_RULE_HTF_VOTE_FILTER_TF,1h,QUICK_NOT_CAUSAL,False,True,True,False,
ENTRY_FULL_FILTERED,ENTRY,GOLDEN_RULE_HTF_VOTE_FILTER_TF,4h,QUICK_NOT_CAUSAL,False,True,True,False,
ENTRY_FULL_FILTERED,ENTRY,GOLDEN_RULE_HTF_VOTE_FILTER_TF,D,QUICK_NOT_CAUSAL,False,True,True,False,
ENTRY_FULL_FILTERED,ENTRY,GR_FILTER_ALL_ENTRIES,True,QUICK_NOT_CAUSAL,False,True,True,False,
ENTRY_FULL_FILTERED,ENTRY,GR_FILTER_ALL_ENTRIES,False,QUICK_NOT_CAUSAL,False,True,True,False,
ENTRY_FULL_FILTERED,ENTRY,GR_FILTER_VEC_ENABLED,True,QUICK_NOT_CAUSAL,False,True,True,False,
ENTRY_FULL_FILTERED,ENTRY,GR_FILTER_VEC_ENABLED,False,QUICK_NOT_CAUSAL,False,True,True,False,
ENTRY_FULL_FILTERED,ENTRY,GR_FILTER_VEC_FILTER_TF,15m,QUICK_NOT_CAUSAL,False,True,True,False,
ENTRY_FULL_FILTERED,ENTRY,GR_FILTER_VEC_FILTER_TF,1h,QUICK_NOT_CAUSAL,False,True,True,False,
ENTRY_FULL_FILTERED,ENTRY,GR_FILTER_VEC_FILTER_TF,4h,QUICK_NOT_CAUSAL,False,True,True,False,
ENTRY_FULL_FILTERED,ENTRY,GR_FILTER_VEC_FILTER_TF,D,QUICK_NOT_CAUSAL,False,True,True,False,
ENTRY_FULL_FILTERED,ENTRY,GR_FILTER_VEC_MIN_TFS,False,QUICK_NOT_CAUSAL,False,True,True,False,
ENTRY_FULL_FILTERED,ENTRY,GR_FILTER_VEC_MIN_TFS,True,QUICK_NOT_CAUSAL,False,True,True,False,
ENTRY_FULL_FILTERED,ENTRY,GR_V5_STATE_FILTER_TF,15m,QUICK_NOT_CAUSAL,False,True,True,False,
ENTRY_FULL_FILTERED,ENTRY,GR_V5_STATE_FILTER_TF,1h,QUICK_NOT_CAUSAL,False,True,True,False,
ENTRY_FULL_FILTERED,ENTRY,GR_V5_STATE_FILTER_TF,4h,QUICK_NOT_CAUSAL,False,True,True,False,
ENTRY_FULL_FILTERED,ENTRY,GR_V5_STATE_FILTER_TF,D,QUICK_NOT_CAUSAL,False,True,True,False,
ENTRY_FULL_FILTERED,ENTRY,HAIKU_WINNER_FILTER_TF,15m,QUICK_NOT_CAUSAL,False,True,True,False,
ENTRY_FULL_FILTERED,ENTRY,HAIKU_WINNER_FILTER_TF,1h,QUICK_NOT_CAUSAL,False,True,True,False,
ENTRY_FULL_FILTERED,ENTRY,HAIKU_WINNER_FILTER_TF,4h,QUICK_NOT_CAUSAL,False,True,True,False,
ENTRY_FULL_FILTERED,ENTRY,HAIKU_WINNER_FILTER_TF,D,QUICK_NOT_CAUSAL,False,True,True,False,
ENTRY_FULL_FILTERED,ENTRY,HA_WICK_QUALITY_ENABLED,True,QUICK_NOT_CAUSAL,False,True,True,False,
ENTRY_FULL_FILTERED,ENTRY,HA_WICK_QUALITY_ENABLED,False,QUICK_NOT_CAUSAL,False,True,True,False,
ENTRY_FULL_FILTERED,ENTRY,HA_WICK_QUALITY_SCORE,15,QUICK_NOT_CAUSAL,False,True,True,False,
ENTRY_FULL_FILTERED,ENTRY,HA_WICK_QUALITY_SCORE,16,QUICK_NOT_CAUSAL,False,True,True,False,
ENTRY_FULL_FILTERED,ENTRY,HA_WICK_QUALITY_TF,15m,QUICK_NOT_CAUSAL,False,True,True,False,
ENTRY_FULL_FILTERED,ENTRY,HA_WICK_QUALITY_TF,1h,QUICK_NOT_CAUSAL,False,True,True,False,
ENTRY_FULL_FILTERED,ENTRY,HA_WICK_QUALITY_TF,4h,QUICK_NOT_CAUSAL,False,True,True,False,
ENTRY_FULL_FILTERED,ENTRY,HA_WICK_QUALITY_TF,D,QUICK_NOT_CAUSAL,False,True,True,False,
ENTRY_FULL_FILTERED,ENTRY,HLR_SMA_BAND_PCT,0.03,HOOKED_BOTH,True,True,True,False,
ENTRY_FULL_FILTERED,ENTRY,HLR_SMA_BAND_PCT,0.04,HOOKED_BOTH,True,True,True,False,
ENTRY_FULL_FILTERED,ENTRY,HLR_TOP_MIN_TFS,2,HOOKED_BOTH,True,True,True,False,
ENTRY_FULL_FILTERED,ENTRY,HLR_TOP_MIN_TFS,3,HOOKED_BOTH,True,True,True,False,
ENTRY_FULL_FILTERED,ENTRY,HTF4_CONF,True,HOOKED_BOTH,True,True,True,False,
ENTRY_FULL_FILTERED,ENTRY,HTF4_CONF,False,HOOKED_BOTH,True,True,True,False,
ENTRY_FULL_FILTERED,ENTRY,HTF_DIRECTION_GATE_ENABLED,True,QUICK_NOT_CAUSAL,False,True,True,False,
ENTRY_FULL_FILTERED,ENTRY,HTF_DIRECTION_GATE_ENABLED,False,QUICK_NOT_CAUSAL,False,True,True,False,
ENTRY_FULL_FILTERED,ENTRY,HTF_GATE_BYPASS_RZ,True,HOOKED_BOTH,True,True,True,False,
ENTRY_FULL_FILTERED,ENTRY,HTF_GATE_BYPASS_RZ,False,HOOKED_BOTH,True,True,True,False,
ENTRY_FULL_FILTERED,ENTRY,HTF_GATE_D_MANDATORY,True,HOOKED_BOTH,True,True,True,False,
ENTRY_FULL_FILTERED,ENTRY,HTF_GATE_D_MANDATORY,False,HOOKED_BOTH,True,True,True,False,
ENTRY_FULL_FILTERED,ENTRY,HTF_GATE_MIN_CONFIRMATIONS,2,HOOKED_BOTH,True,True,True,False,
ENTRY_FULL_FILTERED,ENTRY,HTF_GATE_MIN_CONFIRMATIONS,3,HOOKED_BOTH,True,True,True,False,
ENTRY_FULL_FILTERED,ENTRY,HTF_TREND_VETO_BYPASS_ENABLED,True,QUICK_NOT_CAUSAL,False,True,True,False,
ENTRY_FULL_FILTERED,ENTRY,HTF_TREND_VETO_BYPASS_ENABLED,False,QUICK_NOT_CAUSAL,False,True,True,False,
ENTRY_FULL_FILTERED,ENTRY,HTF_TREND_VETO_BYPASS_REASONS,False,HOOKED_BOTH,True,True,True,False,
ENTRY_FULL_FILTERED,ENTRY,HTF_TREND_VETO_BYPASS_REASONS,True,HOOKED_BOTH,True,True,True,False,
ENTRY_FULL_FILTERED,ENTRY,KILLER_KNOB_FINDER_FILTER_TF,15m,QUICK_NOT_CAUSAL,False,True,True,False,
ENTRY_FULL_FILTERED,ENTRY,KILLER_KNOB_FINDER_FILTER_TF,1h,QUICK_NOT_CAUSAL,False,True,True,False,
ENTRY_FULL_FILTERED,ENTRY,KILLER_KNOB_FINDER_FILTER_TF,4h,QUICK_NOT_CAUSAL,False,True,True,False,
ENTRY_FULL_FILTERED,ENTRY,KILLER_KNOB_FINDER_FILTER_TF,D,QUICK_NOT_CAUSAL,False,True,True,False,
ENTRY_FULL_FILTERED,ENTRY,LEADERBOARD_FILTER,True,HOOKED_BOTH,True,True,True,False,
ENTRY_FULL_FILTERED,ENTRY,LEADERBOARD_FILTER,False,HOOKED_BOTH,True,True,True,False,
ENTRY_FULL_FILTERED,ENTRY,LH_HL_FILTER_ENABLED,True,QUICK_NOT_CAUSAL,False,True,True,False,
ENTRY_FULL_FILTERED,ENTRY,LH_HL_FILTER_ENABLED,False,QUICK_NOT_CAUSAL,False,True,True,False,
ENTRY_FULL_FILTERED,ENTRY,LH_HL_FILTER_MODE,STRICT_2BAR,QUICK_NOT_CAUSAL,False,True,True,False,
ENTRY_FULL_FILTERED,ENTRY,LH_HL_FILTER_MODE,STRICT_2BAR_ALT,QUICK_NOT_CAUSAL,False,True,True,False,
ENTRY_FULL_FILTERED,ENTRY,LH_HL_FILTER_REQUIRE_BOTH,True,QUICK_NOT_CAUSAL,False,True,True,False,
ENTRY_FULL_FILTERED,ENTRY,LH_HL_FILTER_REQUIRE_BOTH,False,QUICK_NOT_CAUSAL,False,True,True,False,
ENTRY_FULL_FILTERED,ENTRY,LH_HL_FILTER_TF_REQ,2,QUICK_NOT_CAUSAL,False,True,True,False,
ENTRY_FULL_FILTERED,ENTRY,LH_HL_FILTER_TF_REQ,3,QUICK_NOT_CAUSAL,False,True,True,False,
ENTRY_FULL_FILTERED,ENTRY,LIVE_ENTRY_ENGINE_FILTER_TF,15m,QUICK_NOT_CAUSAL,False,True,True,False,
ENTRY_FULL_FILTERED,ENTRY,LIVE_ENTRY_ENGINE_FILTER_TF,1h,QUICK_NOT_CAUSAL,False,True,True,False,
ENTRY_FULL_FILTERED,ENTRY,LIVE_ENTRY_ENGINE_FILTER_TF,4h,QUICK_NOT_CAUSAL,False,True,True,False,
ENTRY_FULL_FILTERED,ENTRY,LIVE_ENTRY_ENGINE_FILTER_TF,D,QUICK_NOT_CAUSAL,False,True,True,False,
ENTRY_FULL_FILTERED,ENTRY,LIVE_ONLY_SIGNALS_BATCH5_FILTER_TF,15m,QUICK_NOT_CAUSAL,False,True,True,False,
ENTRY_FULL_FILTERED,ENTRY,LIVE_ONLY_SIGNALS_BATCH5_FILTER_TF,1h,QUICK_NOT_CAUSAL,False,True,True,False,
ENTRY_FULL_FILTERED,ENTRY,LIVE_ONLY_SIGNALS_BATCH5_FILTER_TF,4h,QUICK_NOT_CAUSAL,False,True,True,False,
ENTRY_FULL_FILTERED,ENTRY,LIVE_ONLY_SIGNALS_BATCH5_FILTER_TF,D,QUICK_NOT_CAUSAL,False,True,True,False,
ENTRY_FULL_FILTERED,ENTRY,LIVE_VEC_EMERGENCY_BRAKE_ENABLED,True,QUICK_NOT_CAUSAL,False,True,True,False,
ENTRY_FULL_FILTERED,ENTRY,LIVE_VEC_EMERGENCY_BRAKE_ENABLED,False,QUICK_NOT_CAUSAL,False,True,True,False,
ENTRY_FULL_FILTERED,ENTRY,LR_BAND_LADDER_STOCH_EXTREME,30,QUICK_NOT_CAUSAL,False,True,True,False,
ENTRY_FULL_FILTERED,ENTRY,LR_BAND_LADDER_STOCH_EXTREME,36,QUICK_NOT_CAUSAL,False,True,True,False,
ENTRY_FULL_FILTERED,ENTRY,LR_BAND_LADDER_TF_BOTTOM,False,QUICK_NOT_CAUSAL,False,True,True,False,
ENTRY_FULL_FILTERED,ENTRY,LR_BAND_LADDER_TF_BOTTOM,True,QUICK_NOT_CAUSAL,False,True,True,False,
ENTRY_FULL_FILTERED,ENTRY,LR_BAND_LADDER_TF_TOP,False,QUICK_NOT_CAUSAL,False,True,True,False,
ENTRY_FULL_FILTERED,ENTRY,LR_BAND_LADDER_TF_TOP,True,QUICK_NOT_CAUSAL,False,True,True,False,
ENTRY_FULL_FILTERED,ENTRY,MANDATORY_REENTRY_WT_FILTER_MIN_TFS,True,QUICK_NOT_CAUSAL,False,True,True,False,
ENTRY_FULL_FILTERED,ENTRY,MANDATORY_REENTRY_WT_FILTER_MIN_TFS,2,QUICK_NOT_CAUSAL,False,True,True,False,
ENTRY_FULL_FILTERED,ENTRY,MANDATORY_REENTRY_WT_FILTER_MIN_VELOCITY,False,QUICK_NOT_CAUSAL,False,True,True,False,
ENTRY_FULL_FILTERED,ENTRY,MANDATORY_REENTRY_WT_FILTER_MIN_VELOCITY,0.5,QUICK_NOT_CAUSAL,False,True,True,False,
ENTRY_FULL_FILTERED,ENTRY,MANDATORY_REENTRY_WT_FILTER_MIN_VELOCITY,True,QUICK_NOT_CAUSAL,False,True,True,False,
ENTRY_FULL_FILTERED,ENTRY,MANDATORY_REENTRY_WT_FILTER_MIN_VELOCITY,2,QUICK_NOT_CAUSAL,False,True,True,False,
ENTRY_FULL_FILTERED,ENTRY,MANDATORY_REENTRY_WT_FILTER_REQUIRE_FLIP,True,QUICK_NOT_CAUSAL,False,True,True,False,
ENTRY_FULL_FILTERED,ENTRY,MANDATORY_REENTRY_WT_FILTER_REQUIRE_FLIP,False,QUICK_NOT_CAUSAL,False,True,True,False,
ENTRY_FULL_FILTERED,ENTRY,MANDATORY_REENTRY_WT_FILTER_TF_MODE,15m_only,QUICK_NOT_CAUSAL,False,True,True,False,
ENTRY_FULL_FILTERED,ENTRY,MANDATORY_REENTRY_WT_FILTER_TF_MODE,OFF,QUICK_NOT_CAUSAL,False,True,True,False,
ENTRY_FULL_FILTERED,ENTRY,MANDATORY_REENTRY_WT_FILTER_TF_MODE,15m,QUICK_NOT_CAUSAL,False,True,True,False,
ENTRY_FULL_FILTERED,ENTRY,MANDATORY_REENTRY_WT_FILTER_TF_MODE,1h,QUICK_NOT_CAUSAL,False,True,True,False,
ENTRY_FULL_FILTERED,ENTRY,MANDATORY_REENTRY_WT_FILTER_TF_MODE,4h,QUICK_NOT_CAUSAL,False,True,True,False,
ENTRY_FULL_FILTERED,ENTRY,MANDATORY_REENTRY_WT_FILTER_TF_MODE,D,QUICK_NOT_CAUSAL,False,True,True,False,
ENTRY_FULL_FILTERED,ENTRY,MANDATORY_REENTRY_WT_FILTER_VELOCITY_RATIO,0.9,QUICK_NOT_CAUSAL,False,True,True,False,
ENTRY_FULL_FILTERED,ENTRY,MANDATORY_REENTRY_WT_FILTER_VELOCITY_RATIO,1.08,QUICK_NOT_CAUSAL,False,True,True,False,
ENTRY_FULL_FILTERED,ENTRY,MARKET_QUALITY_SCORE_ENABLED,True,QUICK_NOT_CAUSAL,False,True,True,False,
ENTRY_FULL_FILTERED,ENTRY,MARKET_QUALITY_SCORE_ENABLED,False,QUICK_NOT_CAUSAL,False,True,True,False,
ENTRY_FULL_FILTERED,ENTRY,MI_TF_AGREE_MIN,3,QUICK_NOT_CAUSAL,False,True,True,False,
ENTRY_FULL_FILTERED,ENTRY,MI_TF_AGREE_MIN,4,QUICK_NOT_CAUSAL,False,True,True,False,
ENTRY_FULL_FILTERED,ENTRY,MOM3_FILTER_TF,15m,QUICK_NOT_CAUSAL,False,True,True,False,
ENTRY_FULL_FILTERED,ENTRY,MOM3_FILTER_TF,1h,QUICK_NOT_CAUSAL,False,True,True,False,
ENTRY_FULL_FILTERED,ENTRY,MOM3_FILTER_TF,4h,QUICK_NOT_CAUSAL,False,True,True,False,
ENTRY_FULL_FILTERED,ENTRY,MOM3_FILTER_TF,D,QUICK_NOT_CAUSAL,False,True,True,False,
ENTRY_FULL_FILTERED,ENTRY,MOMENTUM_BREAKOUT_FILTER_TF,15m,QUICK_NOT_CAUSAL,False,True,True,False,
ENTRY_FULL_FILTERED,ENTRY,MOMENTUM_BREAKOUT_FILTER_TF,1h,QUICK_NOT_CAUSAL,False,True,True,False,
ENTRY_FULL_FILTERED,ENTRY,MOMENTUM_BREAKOUT_FILTER_TF,4h,QUICK_NOT_CAUSAL,False,True,True,False,
ENTRY_FULL_FILTERED,ENTRY,MOMENTUM_BREAKOUT_FILTER_TF,D,QUICK_NOT_CAUSAL,False,True,True,False,
ENTRY_FULL_FILTERED,ENTRY,MOVER_THRESHOLD,5,QUICK_NOT_CAUSAL,False,True,True,False,
ENTRY_FULL_FILTERED,ENTRY,MOVER_THRESHOLD,6,QUICK_NOT_CAUSAL,False,True,True,False,
ENTRY_FULL_FILTERED,ENTRY,MTF_ARMED_ENTRIES_FILTER_TF,15m,QUICK_NOT_CAUSAL,False,True,True,False,
ENTRY_FULL_FILTERED,ENTRY,MTF_ARMED_ENTRIES_FILTER_TF,1h,QUICK_NOT_CAUSAL,False,True,True,False,
ENTRY_FULL_FILTERED,ENTRY,MTF_ARMED_ENTRIES_FILTER_TF,4h,QUICK_NOT_CAUSAL,False,True,True,False,
ENTRY_FULL_FILTERED,ENTRY,MTF_ARMED_ENTRIES_FILTER_TF,D,QUICK_NOT_CAUSAL,False,True,True,False,
ENTRY_FULL_FILTERED,ENTRY,MTF_ATR_TRAIL_FILTER_TF,15m,QUICK_NOT_CAUSAL,False,True,True,False,
ENTRY_FULL_FILTERED,ENTRY,MTF_ATR_TRAIL_FILTER_TF,1h,QUICK_NOT_CAUSAL,False,True,True,False,
ENTRY_FULL_FILTERED,ENTRY,MTF_ATR_TRAIL_FILTER_TF,4h,QUICK_NOT_CAUSAL,False,True,True,False,
ENTRY_FULL_FILTERED,ENTRY,MTF_ATR_TRAIL_FILTER_TF,D,QUICK_NOT_CAUSAL,False,True,True,False,
ENTRY_FULL_FILTERED,ENTRY,MTF_DC_REJECT_FILTER_TF,15m,QUICK_NOT_CAUSAL,False,True,True,False,
ENTRY_FULL_FILTERED,ENTRY,MTF_DC_REJECT_FILTER_TF,1h,QUICK_NOT_CAUSAL,False,True,True,False,
ENTRY_FULL_FILTERED,ENTRY,MTF_DC_REJECT_FILTER_TF,4h,QUICK_NOT_CAUSAL,False,True,True,False,
ENTRY_FULL_FILTERED,ENTRY,MTF_DC_REJECT_FILTER_TF,D,QUICK_NOT_CAUSAL,False,True,True,False,
ENTRY_FULL_FILTERED,ENTRY,MTF_FILTER_STRONG_BUY_QUICK_BYPASS,True,QUICK_NOT_CAUSAL,False,True,True,False,
ENTRY_FULL_FILTERED,ENTRY,MTF_FILTER_STRONG_BUY_QUICK_BYPASS,False,QUICK_NOT_CAUSAL,False,True,True,False,
ENTRY_FULL_FILTERED,ENTRY,MTF_GR_MIN_IND,5,QUICK_NOT_CAUSAL,False,True,True,False,
ENTRY_FULL_FILTERED,ENTRY,MTF_GR_MIN_IND,6,QUICK_NOT_CAUSAL,False,True,True,False,
ENTRY_FULL_FILTERED,ENTRY,MTS_BOTTOM_BONUS_THRESHOLD,25,QUICK_NOT_CAUSAL,False,True,True,False,
ENTRY_FULL_FILTERED,ENTRY,MTS_BOTTOM_BONUS_THRESHOLD,30,QUICK_NOT_CAUSAL,False,True,True,False,
ENTRY_FULL_FILTERED,ENTRY,MTS_BOTTOM_STRONG_THRESHOLD,40,QUICK_NOT_CAUSAL,False,True,True,False,
ENTRY_FULL_FILTERED,ENTRY,MTS_BOTTOM_STRONG_THRESHOLD,48,QUICK_NOT_CAUSAL,False,True,True,False,
ENTRY_FULL_FILTERED,ENTRY,MTS_GATE_ENABLED,True,QUICK_NOT_CAUSAL,False,True,True,False,
ENTRY_FULL_FILTERED,ENTRY,MTS_GATE_ENABLED,False,QUICK_NOT_CAUSAL,False,True,True,False,
ENTRY_FULL_FILTERED,ENTRY,NEWBORN_LOSS_KILL_FILTER_TF,15m,QUICK_NOT_CAUSAL,False,True,True,False,
ENTRY_FULL_FILTERED,ENTRY,NEWBORN_LOSS_KILL_FILTER_TF,1h,QUICK_NOT_CAUSAL,False,True,True,False,
ENTRY_FULL_FILTERED,ENTRY,NEWBORN_LOSS_KILL_FILTER_TF,4h,QUICK_NOT_CAUSAL,False,True,True,False,
ENTRY_FULL_FILTERED,ENTRY,NEWBORN_LOSS_KILL_FILTER_TF,D,QUICK_NOT_CAUSAL,False,True,True,False,
ENTRY_FULL_FILTERED,ENTRY,NEWBORN_LOSS_KILL_GAIN_THRESHOLD_PCT,False,QUICK_NOT_CAUSAL,False,True,True,False,
ENTRY_FULL_FILTERED,ENTRY,NEWBORN_LOSS_KILL_GAIN_THRESHOLD_PCT,0.5,QUICK_NOT_CAUSAL,False,True,True,False,
ENTRY_FULL_FILTERED,ENTRY,NEWBORN_LOSS_KILL_GAIN_THRESHOLD_PCT,True,QUICK_NOT_CAUSAL,False,True,True,False,
ENTRY_FULL_FILTERED,ENTRY,NEWBORN_LOSS_KILL_GAIN_THRESHOLD_PCT,2,QUICK_NOT_CAUSAL,False,True,True,False,
ENTRY_FULL_FILTERED,ENTRY,NEWBORN_LOSS_KILL_REQUIRE_VEL_AGAINST,True,QUICK_NOT_CAUSAL,False,True,True,False,
ENTRY_FULL_FILTERED,ENTRY,NEWBORN_LOSS_KILL_REQUIRE_VEL_AGAINST,False,QUICK_NOT_CAUSAL,False,True,True,False,
ENTRY_FULL_FILTERED,ENTRY,NEWBORN_PROTECT_FILTER_TF,15m,QUICK_NOT_CAUSAL,False,True,True,False,
ENTRY_FULL_FILTERED,ENTRY,NEWBORN_PROTECT_FILTER_TF,1h,QUICK_NOT_CAUSAL,False,True,True,False,
ENTRY_FULL_FILTERED,ENTRY,NEWBORN_PROTECT_FILTER_TF,4h,QUICK_NOT_CAUSAL,False,True,True,False,
ENTRY_FULL_FILTERED,ENTRY,NEWBORN_PROTECT_FILTER_TF,D,QUICK_NOT_CAUSAL,False,True,True,False,
ENTRY_FULL_FILTERED,ENTRY,NEW_POSITION_MAX_LOSS_THRESHOLD,False,QUICK_NOT_CAUSAL,False,True,True,False,
ENTRY_FULL_FILTERED,ENTRY,NOLOSS_BYPASS_WT5OF5_FILTER_TF,15m,QUICK_NOT_CAUSAL,False,True,True,False,
ENTRY_FULL_FILTERED,ENTRY,NOLOSS_BYPASS_WT5OF5_FILTER_TF,1h,QUICK_NOT_CAUSAL,False,True,True,False,
ENTRY_FULL_FILTERED,ENTRY,NOLOSS_BYPASS_WT5OF5_FILTER_TF,4h,QUICK_NOT_CAUSAL,False,True,True,False,
ENTRY_FULL_FILTERED,ENTRY,NOLOSS_BYPASS_WT5OF5_FILTER_TF,D,QUICK_NOT_CAUSAL,False,True,True,False,
ENTRY_FULL_FILTERED,ENTRY,OI_CONFIRM_ENABLED,True,QUICK_NOT_CAUSAL,False,True,True,False,
ENTRY_FULL_FILTERED,ENTRY,OI_CONFIRM_ENABLED,False,QUICK_NOT_CAUSAL,False,True,True,False,
ENTRY_FULL_FILTERED,ENTRY,OI_CONFIRM_MIN_CHANGE_PCT,0.5,QUICK_NOT_CAUSAL,False,True,True,False,
ENTRY_FULL_FILTERED,ENTRY,OI_CONFIRM_MIN_CHANGE_PCT,0.6,QUICK_NOT_CAUSAL,False,True,True,False,
ENTRY_FULL_FILTERED,ENTRY,OI_CONFIRM_MIN_PRICE_PCT,0.3,QUICK_NOT_CAUSAL,False,True,True,False,
ENTRY_FULL_FILTERED,ENTRY,OI_CONFIRM_MIN_PRICE_PCT,0.36,QUICK_NOT_CAUSAL,False,True,True,False,
ENTRY_FULL_FILTERED,ENTRY,OPEN_INTENT_SIZE_GATES_FILTER_TF,15m,QUICK_NOT_CAUSAL,False,True,True,False,
ENTRY_FULL_FILTERED,ENTRY,OPEN_INTENT_SIZE_GATES_FILTER_TF,1h,QUICK_NOT_CAUSAL,False,True,True,False,
ENTRY_FULL_FILTERED,ENTRY,OPEN_INTENT_SIZE_GATES_FILTER_TF,4h,QUICK_NOT_CAUSAL,False,True,True,False,
ENTRY_FULL_FILTERED,ENTRY,OPEN_INTENT_SIZE_GATES_FILTER_TF,D,QUICK_NOT_CAUSAL,False,True,True,False,
ENTRY_FULL_FILTERED,ENTRY,PARTIAL_PROFIT_LOCK_V2_FILTER_TF,15m,QUICK_NOT_CAUSAL,False,True,True,False,
ENTRY_FULL_FILTERED,ENTRY,PARTIAL_PROFIT_LOCK_V2_FILTER_TF,1h,QUICK_NOT_CAUSAL,False,True,True,False,
ENTRY_FULL_FILTERED,ENTRY,PARTIAL_PROFIT_LOCK_V2_FILTER_TF,4h,QUICK_NOT_CAUSAL,False,True,True,False,
ENTRY_FULL_FILTERED,ENTRY,PARTIAL_PROFIT_LOCK_V2_FILTER_TF,D,QUICK_NOT_CAUSAL,False,True,True,False,
ENTRY_FULL_FILTERED,ENTRY,PEAK_GIVEBACK_BE_EROSION_FILTER_TF,15m,QUICK_NOT_CAUSAL,False,True,True,False,
ENTRY_FULL_FILTERED,ENTRY,PEAK_GIVEBACK_BE_EROSION_FILTER_TF,1h,QUICK_NOT_CAUSAL,False,True,True,False,
ENTRY_FULL_FILTERED,ENTRY,PEAK_GIVEBACK_BE_EROSION_FILTER_TF,4h,QUICK_NOT_CAUSAL,False,True,True,False,
ENTRY_FULL_FILTERED,ENTRY,PEAK_GIVEBACK_BE_EROSION_FILTER_TF,D,QUICK_NOT_CAUSAL,False,True,True,False,
ENTRY_FULL_FILTERED,ENTRY,ATR_LONG_WINDOW,100,HOOKED_BOTH,True,True,True,False,
ENTRY_FULL_FILTERED,ENTRY,ATR_LONG_WINDOW,150,HOOKED_BOTH,True,True,True,False,
ENTRY_FULL_FILTERED,ENTRY,REENTRY2_STOCH_CROSS_ENABLED,True,HOOKED_BOTH,True,True,True,False,
ENTRY_FULL_FILTERED,ENTRY,REENTRY2_STOCH_CROSS_ENABLED,False,HOOKED_BOTH,True,True,True,False,
ENTRY_FULL_FILTERED,ENTRY,BB_SQUEEZE_ENTRY_ENABLED,False,HOOKED_BOTH,True,True,True,False,
ENTRY_FULL_FILTERED,ENTRY,BB_SQUEEZE_WIDTH_PERCENTILE,0.2,HOOKED_BOTH,True,True,True,False,
ENTRY_FULL_FILTERED,ENTRY,BB_SQUEEZE_WIDTH_PERCENTILE,0.1,HOOKED_BOTH,True,True,True,False,
ENTRY_FULL_FILTERED,ENTRY,BB_SQUEEZE_WIDTH_PERCENTILE,0.15,HOOKED_BOTH,True,True,True,False,
ENTRY_FULL_FILTERED,ENTRY,BB_SQUEEZE_WIDTH_PERCENTILE,0.25,HOOKED_BOTH,True,True,True,False,
ENTRY_FULL_FILTERED,ENTRY,BB_SQUEEZE_WIDTH_PERCENTILE,0.3,HOOKED_BOTH,True,True,True,False,
ENTRY_FULL_FILTERED,ENTRY,DELTA_GATE_BB_SQUEEZE,True,HOOKED_BOTH,True,True,True,False,
ENTRY_FULL_FILTERED,ENTRY,DELTA_REENTRY_Z_THRESHOLD,True,HOOKED_BOTH,True,True,True,False,
ENTRY_FULL_FILTERED,ENTRY,ENTRY_SCORE_THRESHOLD,18,HOOKED_BOTH,True,True,True,False,
ENTRY_FULL_FILTERED,ENTRY,PYRAMID_MIN_WT_VEL_1H,2,HOOKED_BOTH,True,True,True,False,
ENTRY_FULL_FILTERED,ENTRY,REENTRY_K15M_PARTIAL_MULT,0.5,HOOKED_BOTH,True,True,True,False,
ENTRY_FULL_FILTERED,ENTRY,REENTRY_RALLY_K15M_MAX,100,HOOKED_BOTH,True,True,True,False,
ENTRY_FULL_FILTERED,ENTRY,REGIME_RANGING_WT_REDUCE_FRAC_LOW,0.4,HOOKED_BOTH,True,True,True,False,
ENTRY_FULL_FILTERED,ENTRY,RZ_BOT_BB_THRESHOLD,0.375,HOOKED_BOTH,True,True,True,False,
ENTRY_FULL_FILTERED,ENTRY,STOCH_CROSS_ENTRY_TRADIER,True,HOOKED_BOTH,True,True,True,False,
ENTRY_FULL_FILTERED,ENTRY,TRADIER_MFI_ENTRY_LONG_ENABLED,False,HOOKED_BOTH,True,True,True,False,
ENTRY_FULL_FILTERED,ENTRY,BB_BREAKOUT_SCORE,20,HOOKED_BOTH,True,True,True,False,
ENTRY_FULL_FILTERED,ENTRY,STDEV_BREAKOUT_PCTB_LONG,1.125,QUICK_NOT_CAUSAL,False,True,True,False,
ENTRY_FULL_FILTERED,ENTRY,STDEV_BREAKOUT_PCTB_SHORT,-0.125,QUICK_NOT_CAUSAL,False,True,True,False,
ENTRY_FULL_FILTERED,ENTRY,DC_BREAKOUT_SCORE,15,HOOKED_BOTH,True,True,True,False,
ENTRY_FULL_FILTERED,ENTRY,RZ_BREAKOUT_BAND,0.05,QUICK_NOT_CAUSAL,False,True,True,False,
ENTRY_FULL_FILTERED,ENTRY,ADX_RANGING_THRESHOLD,20,HOOKED_BOTH,True,True,True,False,
ENTRY_FULL_FILTERED,ENTRY,ADX_RANGING_THRESHOLD,10,HOOKED_BOTH,True,True,True,False,
ENTRY_FULL_FILTERED,ENTRY,ADX_RANGING_THRESHOLD,15,HOOKED_BOTH,True,True,True,False,
ENTRY_FULL_FILTERED,ENTRY,ADX_RANGING_THRESHOLD,25,HOOKED_BOTH,True,True,True,False,
ENTRY_FULL_FILTERED,ENTRY,ADX_RANGING_THRESHOLD,30,HOOKED_BOTH,True,True,True,False,
ENTRY_FULL_FILTERED,ENTRY,BAND_ARROW_ENABLED,False,HOOKED_BOTH,True,True,True,False,
ENTRY_FULL_FILTERED,ENTRY,BAND_ARROW_ENABLED,True,HOOKED_BOTH,True,True,True,False,
ENTRY_FULL_FILTERED,ENTRY,ATR_ADAPTIVE_SIZING_TARGET_PCT,1.5,HOOKED_BOTH,True,True,True,False,
ENTRY_FULL_FILTERED,ENTRY,ATR_ADAPTIVE_STOP_MULT,2,HOOKED_BOTH,True,True,True,False,
ENTRY_FULL_FILTERED,ENTRY,BTC_GUARANTEED_REENTRY_MAX_AGE_BARS,480,HOOKED_BOTH,True,True,True,False,
ENTRY_FULL_FILTERED,ENTRY,BTC_TECH_EXIT_WT_MIN_TFS,3,HOOKED_BOTH,True,True,True,False,
ENTRY_FULL_FILTERED,ENTRY,NOLOSS_BYPASS_WT_5OF5_MIN_TFS,5,HOOKED_BOTH,True,True,True,False,
ENTRY_FULL_FILTERED,ENTRY,QUICK_REENTRY_60MIN_MIN_PCT,0.6,QUICK_NOT_CAUSAL,False,True,True,False,
ENTRY_FULL_FILTERED,ENTRY,BTC_GUARANTEED_REENTRY_MIN_GAP_BARS,5,HOOKED_BOTH,True,True,True,False,
ENTRY_FULL_FILTERED,ENTRY,MACD_ZERO_CROSS_SCORE,15,QUICK_NOT_CAUSAL,False,True,True,False,
ENTRY_FULL_FILTERED,ENTRY,MI_ENTRY_EXHAUST_BONUS,8,QUICK_NOT_CAUSAL,False,True,True,False,
ENTRY_FULL_FILTERED,ENTRY,MI_ENTRY_STRUCT_BONUS,10,QUICK_NOT_CAUSAL,False,True,True,False,
ENTRY_FULL_FILTERED,ENTRY,WRONG_SIDE_WT_TFS_REQUIRED,4,QUICK_NOT_CAUSAL,False,True,True,False,
ENTRY_FULL_FILTERED,ENTRY,WT_COMPOSITE_ENTRY_BLOCK,-20,QUICK_NOT_CAUSAL,False,True,True,False,
ENTRY_FULL_FILTERED,ENTRY,WT_COMPOSITE_ENTRY_GOOD,30,QUICK_NOT_CAUSAL,False,True,True,False,
ENTRY_FULL_FILTERED,ENTRY,WT_COMPOSITE_ENTRY_OK,10,QUICK_NOT_CAUSAL,False,True,True,False,
ENTRY_FULL_FILTERED,ENTRY,WT_COMPOSITE_ENTRY_STRONG,50,QUICK_NOT_CAUSAL,False,True,True,False,
ENTRY_FULL_FILTERED,ENTRY,WT_PERCENTILE_ENTRY_OB_D,90,QUICK_NOT_CAUSAL,False,True,True,False,
ENTRY_FULL_FILTERED,ENTRY,WT_PERCENTILE_ENTRY_OS_D,10,QUICK_NOT_CAUSAL,False,True,True,False,
ENTRY_FULL_FILTERED,ENTRY,EZ_MANAGE_THROTTLER_RATE,nan,HOOKED_BOTH,True,True,True,False,
ENTRY_FULL_FILTERED,ENTRY,HTF_TREND_VETO_BYPASS_REASONS,nan,HOOKED_BOTH,True,True,True,False,
ENTRY_FULL_FILTERED,ENTRY,LR_BAND_LADDER_TF_BOTTOM,nan,QUICK_NOT_CAUSAL,False,True,True,False,
ENTRY_FULL_FILTERED,ENTRY,LR_BAND_LADDER_TF_TOP,nan,QUICK_NOT_CAUSAL,False,True,True,False,
ENTRY_FULL_FILTERED,ENTRY,STDEV_BREAKOUT_EXIT_PCTB_FAIL,0.75,QUICK_NOT_CAUSAL,False,True,True,False,
ENTRY_FULL_FILTERED,ENTRY,STDEV_BREAKOUT_EXIT_PCTB_FAIL,0.375,QUICK_NOT_CAUSAL,False,True,True,False,
ENTRY_FULL_FILTERED,ENTRY,STDEV_BREAKOUT_EXIT_PCTB_FAIL,0.5625,QUICK_NOT_CAUSAL,False,True,True,False,
ENTRY_FULL_FILTERED,ENTRY,STDEV_BREAKOUT_EXIT_PCTB_FAIL,0.9375,QUICK_NOT_CAUSAL,False,True,True,False,
ENTRY_FULL_FILTERED,ENTRY,STDEV_BREAKOUT_EXIT_PCTB_FAIL,1.125,QUICK_NOT_CAUSAL,False,True,True,False,
ENTRY_FULL_FILTERED,ENTRY,DELTA_EXIT_DC_FLOOR,True,HOOKED_BOTH,True,True,True,False,
ENTRY_FULL_FILTERED,ENTRY,DELTA_EXIT_DC_FLOOR,False,HOOKED_BOTH,True,True,True,False,
ENTRY_FULL_FILTERED,ENTRY,EXIT_SCORER_DC_EXTREME,0.8,HOOKED_BOTH,True,True,True,False,
ENTRY_FULL_FILTERED,ENTRY,EXIT_SCORER_DC_EXTREME,0.4,HOOKED_BOTH,True,True,True,False,
ENTRY_FULL_FILTERED,ENTRY,EXIT_SCORER_DC_EXTREME,0.6,HOOKED_BOTH,True,True,True,False,
ENTRY_FULL_FILTERED,ENTRY,EXIT_SCORER_DC_EXTREME,True,HOOKED_BOTH,True,True,True,False,
ENTRY_FULL_FILTERED,ENTRY,EXIT_SCORER_DC_EXTREME,1.2,HOOKED_BOTH,True,True,True,False,
ENTRY_FULL_FILTERED,ENTRY,REGIME_TRENDING_EXIT_GAIN_MIN,2,HOOKED_BOTH,True,True,True,False,
ENTRY_FULL_FILTERED,ENTRY,REGIME_TRENDING_EXIT_GAIN_MIN,True,HOOKED_BOTH,True,True,True,False,
ENTRY_FULL_FILTERED,ENTRY,REGIME_TRENDING_EXIT_GAIN_MIN,1.5,HOOKED_BOTH,True,True,True,False,
ENTRY_FULL_FILTERED,ENTRY,REGIME_TRENDING_EXIT_GAIN_MIN,2.5,HOOKED_BOTH,True,True,True,False,
ENTRY_FULL_FILTERED,ENTRY,REGIME_TRENDING_EXIT_GAIN_MIN,3,HOOKED_BOTH,True,True,True,False,
ENTRY_FULL_FILTERED,ENTRY,MIN_HOLD_BARS_BEFORE_EXIT,5,HOOKED_BOTH,True,True,True,False,
ENTRY_FULL_FILTERED,ENTRY,MIN_HOLD_BARS_BEFORE_EXIT,2.5,HOOKED_BOTH,True,True,True,False,
ENTRY_FULL_FILTERED,ENTRY,MIN_HOLD_BARS_BEFORE_EXIT,3.75,HOOKED_BOTH,True,True,True,False,
ENTRY_FULL_FILTERED,ENTRY,MIN_HOLD_BARS_BEFORE_EXIT,6.25,HOOKED_BOTH,True,True,True,False,
ENTRY_FULL_FILTERED,ENTRY,MIN_HOLD_BARS_BEFORE_EXIT,7.5,HOOKED_BOTH,True,True,True,False,
ENTRY_FULL_FILTERED,ENTRY,REGIME_RANGING_EXIT_GAIN_MIN,0.15,HOOKED_BOTH,True,True,True,False,
ENTRY_FULL_FILTERED,ENTRY,REGIME_RANGING_EXIT_GAIN_MIN,0.075,HOOKED_BOTH,True,True,True,False,
ENTRY_FULL_FILTERED,ENTRY,REGIME_RANGING_EXIT_GAIN_MIN,0.1125,HOOKED_BOTH,True,True,True,False,
ENTRY_FULL_FILTERED,ENTRY,REGIME_RANGING_EXIT_GAIN_MIN,0.1875,HOOKED_BOTH,True,True,True,False,
ENTRY_FULL_FILTERED,ENTRY,REGIME_RANGING_EXIT_GAIN_MIN,0.225,HOOKED_BOTH,True,True,True,False,
ENTRY_FULL_FILTERED,ENTRY,SATOSHIT_EXIT_LONG_RSI_MIN_TRADIER,55,HOOKED_BOTH,True,True,True,False,
ENTRY_FULL_FILTERED,ENTRY,SATOSHIT_EXIT_LONG_RSI_MIN_TRADIER,27.5,HOOKED_BOTH,True,True,True,False,
ENTRY_FULL_FILTERED,ENTRY,SATOSHIT_EXIT_LONG_RSI_MIN_TRADIER,41.25,HOOKED_BOTH,True,True,True,False,
ENTRY_FULL_FILTERED,ENTRY,SATOSHIT_EXIT_LONG_RSI_MIN_TRADIER,68.75,HOOKED_BOTH,True,True,True,False,
ENTRY_FULL_FILTERED,ENTRY,SATOSHIT_EXIT_LONG_RSI_MIN_TRADIER,82.5,HOOKED_BOTH,True,True,True,False,
ENTRY_FULL_FILTERED,ENTRY,TRADIER_RSI2_EXIT_THRESHOLD_LONG,90,HOOKED_BOTH,True,True,True,False,
ENTRY_FULL_FILTERED,ENTRY,TRADIER_RSI2_EXIT_THRESHOLD_LONG,45,HOOKED_BOTH,True,True,True,False,
ENTRY_FULL_FILTERED,ENTRY,TRADIER_RSI2_EXIT_THRESHOLD_LONG,67.5,HOOKED_BOTH,True,True,True,False,
ENTRY_FULL_FILTERED,ENTRY,TRADIER_RSI2_EXIT_THRESHOLD_LONG,112.5,HOOKED_BOTH,True,True,True,False,
ENTRY_FULL_FILTERED,ENTRY,TRADIER_RSI2_EXIT_THRESHOLD_LONG,135,HOOKED_BOTH,True,True,True,False,
ENTRY_FULL_FILTERED,ENTRY,TRADIER_RSI2_EXIT_THRESHOLD_SHORT,10,HOOKED_BOTH,True,True,True,False,
ENTRY_FULL_FILTERED,ENTRY,TRADIER_RSI2_EXIT_THRESHOLD_SHORT,5,HOOKED_BOTH,True,True,True,False,
ENTRY_FULL_FILTERED,ENTRY,TRADIER_RSI2_EXIT_THRESHOLD_SHORT,7.5,HOOKED_BOTH,True,True,True,False,
ENTRY_FULL_FILTERED,ENTRY,TRADIER_RSI2_EXIT_THRESHOLD_SHORT,12.5,HOOKED_BOTH,True,True,True,False,
ENTRY_FULL_FILTERED,ENTRY,TRADIER_RSI2_EXIT_THRESHOLD_SHORT,15,HOOKED_BOTH,True,True,True,False,
ENTRY_FULL_FILTERED,ENTRY,INTRADAY_SESSION_FORCE_EXIT_UTC,35100,QUICK_NOT_CAUSAL,False,True,True,False,
ENTRY_FULL_FILTERED,ENTRY,INTRADAY_SESSION_FORCE_EXIT_UTC,17550,QUICK_NOT_CAUSAL,False,True,True,False,
ENTRY_FULL_FILTERED,ENTRY,INTRADAY_SESSION_FORCE_EXIT_UTC,26325,QUICK_NOT_CAUSAL,False,True,True,False,
ENTRY_FULL_FILTERED,ENTRY,INTRADAY_SESSION_FORCE_EXIT_UTC,43875,QUICK_NOT_CAUSAL,False,True,True,False,
ENTRY_FULL_FILTERED,ENTRY,INTRADAY_SESSION_FORCE_EXIT_UTC,52650,QUICK_NOT_CAUSAL,False,True,True,False,
ENTRY_FULL_FILTERED,ENTRY,PARTIAL_EXIT_FRAC,0.75,QUICK_NOT_CAUSAL,False,True,True,False,
ENTRY_FULL_FILTERED,ENTRY,PARTIAL_EXIT_FRAC,0.375,QUICK_NOT_CAUSAL,False,True,True,False,
ENTRY_FULL_FILTERED,ENTRY,PARTIAL_EXIT_FRAC,0.5625,QUICK_NOT_CAUSAL,False,True,True,False,
ENTRY_FULL_FILTERED,ENTRY,PARTIAL_EXIT_FRAC,0.9375,QUICK_NOT_CAUSAL,False,True,True,False,
ENTRY_FULL_FILTERED,ENTRY,PARTIAL_EXIT_FRAC,1.125,QUICK_NOT_CAUSAL,False,True,True,False,
ENTRY_FULL_FILTERED,ENTRY,REVERSE_ON_EXIT_ENABLED,False,QUICK_NOT_CAUSAL,False,True,True,False,
ENTRY_FULL_FILTERED,ENTRY,REVERSE_ON_EXIT_ENABLED,True,QUICK_NOT_CAUSAL,False,True,True,False,
ENTRY_FULL_FILTERED,ENTRY,ALL_TF_AGAINST_CLOSE_COOLDOWN_SEC,30,HOOKED_BOTH,True,True,True,False,
ENTRY_FULL_FILTERED,ENTRY,ALL_TF_AGAINST_CLOSE_COOLDOWN_SEC,OFF,HOOKED_BOTH,True,True,True,False,
ENTRY_FULL_FILTERED,ENTRY,ALL_TF_AGAINST_CLOSE_COOLDOWN_SEC,15m,HOOKED_BOTH,True,True,True,False,
ENTRY_FULL_FILTERED,ENTRY,ALL_TF_AGAINST_CLOSE_COOLDOWN_SEC,1h,HOOKED_BOTH,True,True,True,False,
ENTRY_FULL_FILTERED,ENTRY,ALL_TF_AGAINST_CLOSE_COOLDOWN_SEC,4h,HOOKED_BOTH,True,True,True,False,
ENTRY_FULL_FILTERED,ENTRY,ALL_TF_AGAINST_CLOSE_COOLDOWN_SEC,D,HOOKED_BOTH,True,True,True,False,
ENTRY_FULL_FILTERED,ENTRY,ALL_TF_AGAINST_CLOSE_MIN_TFS,5,HOOKED_BOTH,True,True,True,False,
ENTRY_FULL_FILTERED,ENTRY,ALL_TF_AGAINST_CLOSE_MIN_TFS,OFF,HOOKED_BOTH,True,True,True,False,
ENTRY_FULL_FILTERED,ENTRY,ALL_TF_AGAINST_CLOSE_MIN_TFS,15m,HOOKED_BOTH,True,True,True,False,
ENTRY_FULL_FILTERED,ENTRY,ALL_TF_AGAINST_CLOSE_MIN_TFS,1h,HOOKED_BOTH,True,True,True,False,
ENTRY_FULL_FILTERED,ENTRY,ALL_TF_AGAINST_CLOSE_MIN_TFS,4h,HOOKED_BOTH,True,True,True,False,
ENTRY_FULL_FILTERED,ENTRY,ALL_TF_AGAINST_CLOSE_MIN_TFS,D,HOOKED_BOTH,True,True,True,False,
ENTRY_FULL_FILTERED,ENTRY,BREAKEVEN_DC_FIELD_MODE,DC4,HOOKED_BOTH,True,True,True,False,
ENTRY_FULL_FILTERED,ENTRY,BREAKEVEN_DC_FIELD_MODE,False,HOOKED_BOTH,True,True,True,False,
ENTRY_FULL_FILTERED,ENTRY,BREAKEVEN_DC_FIELD_MODE,0.5,HOOKED_BOTH,True,True,True,False,
ENTRY_FULL_FILTERED,ENTRY,BREAKEVEN_DC_FIELD_MODE,True,HOOKED_BOTH,True,True,True,False,
ENTRY_FULL_FILTERED,ENTRY,BREAKEVEN_DC_FIELD_MODE,2,HOOKED_BOTH,True,True,True,False,
ENTRY_FULL_FILTERED,ENTRY,BREAKEVEN_GAIN_EROSION_MIN_GAIN,50,HOOKED_BOTH,True,True,True,False,
ENTRY_FULL_FILTERED,ENTRY,BREAKEVEN_GAIN_EROSION_MIN_GAIN,False,HOOKED_BOTH,True,True,True,False,
ENTRY_FULL_FILTERED,ENTRY,BREAKEVEN_GAIN_EROSION_MIN_GAIN,0.5,HOOKED_BOTH,True,True,True,False,
ENTRY_FULL_FILTERED,ENTRY,BREAKEVEN_GAIN_EROSION_MIN_GAIN,True,HOOKED_BOTH,True,True,True,False,
ENTRY_FULL_FILTERED,ENTRY,BREAKEVEN_GAIN_EROSION_MIN_GAIN,2,HOOKED_BOTH,True,True,True,False,
ENTRY_FULL_FILTERED,ENTRY,DC_HOPELESS_EXIT_MIN_AGE_S,900,HOOKED_BOTH,True,True,True,False,
ENTRY_FULL_FILTERED,ENTRY,DC_HOPELESS_EXIT_MIN_AGE_S,False,HOOKED_BOTH,True,True,True,False,
ENTRY_FULL_FILTERED,ENTRY,DC_HOPELESS_EXIT_MIN_AGE_S,0.5,HOOKED_BOTH,True,True,True,False,
ENTRY_FULL_FILTERED,ENTRY,DC_HOPELESS_EXIT_MIN_AGE_S,True,HOOKED_BOTH,True,True,True,False,
ENTRY_FULL_FILTERED,ENTRY,DC_HOPELESS_EXIT_MIN_AGE_S,2,HOOKED_BOTH,True,True,True,False,
ENTRY_FULL_FILTERED,ENTRY,E_1_EXIT_DELTA_THR,50,HOOKED_BOTH,True,True,True,False,
ENTRY_FULL_FILTERED,ENTRY,E_1_EXIT_DELTA_THR,False,HOOKED_BOTH,True,True,True,False,
ENTRY_FULL_FILTERED,ENTRY,E_1_EXIT_DELTA_THR,0.5,HOOKED_BOTH,True,True,True,False,
ENTRY_FULL_FILTERED,ENTRY,E_1_EXIT_DELTA_THR,True,HOOKED_BOTH,True,True,True,False,
ENTRY_FULL_FILTERED,ENTRY,E_1_EXIT_DELTA_THR,2,HOOKED_BOTH,True,True,True,False,
ENTRY_FULL_FILTERED,ENTRY,HARD_BREAKEVEN_MIN_PEAK_PCT,0.5,HOOKED_BOTH,True,True,True,False,
ENTRY_FULL_FILTERED,ENTRY,HARD_BREAKEVEN_MIN_PEAK_PCT,False,HOOKED_BOTH,True,True,True,False,
ENTRY_FULL_FILTERED,ENTRY,HARD_BREAKEVEN_MIN_PEAK_PCT,True,HOOKED_BOTH,True,True,True,False,
ENTRY_FULL_FILTERED,ENTRY,HARD_BREAKEVEN_MIN_PEAK_PCT,2,HOOKED_BOTH,True,True,True,False,
ENTRY_FULL_FILTERED,ENTRY,HTF_AGAINST_FORCE_CLOSE_CONFIRM_4H,False # also require wt1_4h against (sharper); default just 1h per user mandate,HOOKED_BOTH,True,True,True,False,
ENTRY_FULL_FILTERED,ENTRY,HTF_AGAINST_FORCE_CLOSE_CONFIRM_4H,False,HOOKED_BOTH,True,True,True,False,
ENTRY_FULL_FILTERED,ENTRY,HTF_AGAINST_FORCE_CLOSE_CONFIRM_4H,0.5,HOOKED_BOTH,True,True,True,False,
ENTRY_FULL_FILTERED,ENTRY,HTF_AGAINST_FORCE_CLOSE_CONFIRM_4H,True,HOOKED_BOTH,True,True,True,False,
ENTRY_FULL_FILTERED,ENTRY,HTF_AGAINST_FORCE_CLOSE_CONFIRM_4H,2,HOOKED_BOTH,True,True,True,False,
ENTRY_FULL_FILTERED,ENTRY,HTF_EXIT_VETO_MAX_LOSS_PCT,2,HOOKED_BOTH,True,True,True,False,
ENTRY_FULL_FILTERED,ENTRY,HTF_EXIT_VETO_MAX_LOSS_PCT,False,HOOKED_BOTH,True,True,True,False,
ENTRY_FULL_FILTERED,ENTRY,HTF_EXIT_VETO_MAX_LOSS_PCT,0.5,HOOKED_BOTH,True,True,True,False,
ENTRY_FULL_FILTERED,ENTRY,HTF_EXIT_VETO_MAX_LOSS_PCT,True,HOOKED_BOTH,True,True,True,False,
ENTRY_FULL_FILTERED,ENTRY,HTF_EXIT_VETO_MIN_ALIGNED,2,QUICK_NOT_CAUSAL,False,True,True,False,
ENTRY_FULL_FILTERED,ENTRY,HTF_EXIT_VETO_MIN_ALIGNED,False,QUICK_NOT_CAUSAL,False,True,True,False,
ENTRY_FULL_FILTERED,ENTRY,HTF_EXIT_VETO_MIN_ALIGNED,0.5,QUICK_NOT_CAUSAL,False,True,True,False,
ENTRY_FULL_FILTERED,ENTRY,HTF_EXIT_VETO_MIN_ALIGNED,True,QUICK_NOT_CAUSAL,False,True,True,False,
ENTRY_FULL_FILTERED,ENTRY,MACD_EXIT_MIN_GAIN,0.3,QUICK_NOT_CAUSAL,False,True,True,False,
ENTRY_FULL_FILTERED,ENTRY,MACD_EXIT_MIN_GAIN,0.15,QUICK_NOT_CAUSAL,False,True,True,False,
ENTRY_FULL_FILTERED,ENTRY,MACD_EXIT_MIN_GAIN,0.225,QUICK_NOT_CAUSAL,False,True,True,False,
ENTRY_FULL_FILTERED,ENTRY,MACD_EXIT_MIN_GAIN,0.375,QUICK_NOT_CAUSAL,False,True,True,False,
ENTRY_FULL_FILTERED,ENTRY,MACD_EXIT_MIN_GAIN,0.45,QUICK_NOT_CAUSAL,False,True,True,False,
ENTRY_FULL_FILTERED,ENTRY,MI_MIN_GAIN_EXIT,0.1,QUICK_NOT_CAUSAL,False,True,True,False,
ENTRY_FULL_FILTERED,ENTRY,MI_MIN_GAIN_EXIT,False,QUICK_NOT_CAUSAL,False,True,True,False,
ENTRY_FULL_FILTERED,ENTRY,MI_MIN_GAIN_EXIT,0.5,QUICK_NOT_CAUSAL,False,True,True,False,
ENTRY_FULL_FILTERED,ENTRY,MI_MIN_GAIN_EXIT,True,QUICK_NOT_CAUSAL,False,True,True,False,
ENTRY_FULL_FILTERED,ENTRY,MI_MIN_GAIN_EXIT,2,QUICK_NOT_CAUSAL,False,True,True,False,
ENTRY_FULL_FILTERED,ENTRY,SCALP_V3_K_OB_EXIT_K15M_HI,80,QUICK_NOT_CAUSAL,False,True,True,False,
ENTRY_FULL_FILTERED,ENTRY,SCALP_V3_K_OB_EXIT_K15M_HI,False,QUICK_NOT_CAUSAL,False,True,True,False,
ENTRY_FULL_FILTERED,ENTRY,SCALP_V3_K_OB_EXIT_K15M_HI,0.5,QUICK_NOT_CAUSAL,False,True,True,False,
ENTRY_FULL_FILTERED,ENTRY,SCALP_V3_K_OB_EXIT_K15M_HI,True,QUICK_NOT_CAUSAL,False,True,True,False,
ENTRY_FULL_FILTERED,ENTRY,SCALP_V3_K_OB_EXIT_K15M_HI,2,QUICK_NOT_CAUSAL,False,True,True,False,
ENTRY_FULL_FILTERED,ENTRY,SCALP_V3_K_OB_EXIT_K15M_LO,20,QUICK_NOT_CAUSAL,False,True,True,False,
ENTRY_FULL_FILTERED,ENTRY,SCALP_V3_K_OB_EXIT_K15M_LO,False,QUICK_NOT_CAUSAL,False,True,True,False,
ENTRY_FULL_FILTERED,ENTRY,SCALP_V3_K_OB_EXIT_K15M_LO,0.5,QUICK_NOT_CAUSAL,False,True,True,False,
ENTRY_FULL_FILTERED,ENTRY,SCALP_V3_K_OB_EXIT_K15M_LO,True,QUICK_NOT_CAUSAL,False,True,True,False,
ENTRY_FULL_FILTERED,ENTRY,SCALP_V3_K_OB_EXIT_K15M_LO,2,QUICK_NOT_CAUSAL,False,True,True,False,
ENTRY_FULL_FILTERED,ENTRY,SCALP_V3_K_OB_EXIT_K3M_HI,80,QUICK_NOT_CAUSAL,False,True,True,False,
ENTRY_FULL_FILTERED,ENTRY,SCALP_V3_K_OB_EXIT_K3M_HI,False,QUICK_NOT_CAUSAL,False,True,True,False,
ENTRY_FULL_FILTERED,ENTRY,SCALP_V3_K_OB_EXIT_K3M_HI,0.5,QUICK_NOT_CAUSAL,False,True,True,False,
ENTRY_FULL_FILTERED,ENTRY,SCALP_V3_K_OB_EXIT_K3M_HI,True,QUICK_NOT_CAUSAL,False,True,True,False,
ENTRY_FULL_FILTERED,ENTRY,SCALP_V3_K_OB_EXIT_K3M_HI,2,QUICK_NOT_CAUSAL,False,True,True,False,
ENTRY_FULL_FILTERED,ENTRY,SCALP_V3_K_OB_EXIT_K3M_LO,20,QUICK_NOT_CAUSAL,False,True,True,False,
ENTRY_FULL_FILTERED,ENTRY,SCALP_V3_K_OB_EXIT_K3M_LO,False,QUICK_NOT_CAUSAL,False,True,True,False,
ENTRY_FULL_FILTERED,ENTRY,SCALP_V3_K_OB_EXIT_K3M_LO,0.5,QUICK_NOT_CAUSAL,False,True,True,False,
ENTRY_FULL_FILTERED,ENTRY,SCALP_V3_K_OB_EXIT_K3M_LO,True,QUICK_NOT_CAUSAL,False,True,True,False,
ENTRY_FULL_FILTERED,ENTRY,SCALP_V3_K_OB_EXIT_K3M_LO,2,QUICK_NOT_CAUSAL,False,True,True,False,
ENTRY_FULL_FILTERED,ENTRY,SCALP_V3_K_OB_EXIT_WALL_PCT,0.5,QUICK_NOT_CAUSAL,False,True,True,False,
ENTRY_FULL_FILTERED,ENTRY,SCALP_V3_K_OB_EXIT_WALL_PCT,False,QUICK_NOT_CAUSAL,False,True,True,False,
ENTRY_FULL_FILTERED,ENTRY,SCALP_V3_K_OB_EXIT_WALL_PCT,True,QUICK_NOT_CAUSAL,False,True,True,False,
ENTRY_FULL_FILTERED,ENTRY,SCALP_V3_K_OB_EXIT_WALL_PCT,2,QUICK_NOT_CAUSAL,False,True,True,False,
ENTRY_FULL_FILTERED,ENTRY,SCALP_V3_OB_WALL_TOO_CLOSE_PCT,0.5,QUICK_NOT_CAUSAL,False,True,True,False,
ENTRY_FULL_FILTERED,ENTRY,SCALP_V3_OB_WALL_TOO_CLOSE_PCT,False,QUICK_NOT_CAUSAL,False,True,True,False,
ENTRY_FULL_FILTERED,ENTRY,SCALP_V3_OB_WALL_TOO_CLOSE_PCT,True,QUICK_NOT_CAUSAL,False,True,True,False,
ENTRY_FULL_FILTERED,ENTRY,SCALP_V3_OB_WALL_TOO_CLOSE_PCT,2,QUICK_NOT_CAUSAL,False,True,True,False,
ENTRY_FULL_FILTERED,ENTRY,TREND_MIN_GAIN_EXIT,0.1,QUICK_NOT_CAUSAL,False,True,True,False,
ENTRY_FULL_FILTERED,ENTRY,TREND_MIN_GAIN_EXIT,0.05,QUICK_NOT_CAUSAL,False,True,True,False,
ENTRY_FULL_FILTERED,ENTRY,TREND_MIN_GAIN_EXIT,0.075,QUICK_NOT_CAUSAL,False,True,True,False,
ENTRY_FULL_FILTERED,ENTRY,TREND_MIN_GAIN_EXIT,0.125,QUICK_NOT_CAUSAL,False,True,True,False,
ENTRY_FULL_FILTERED,ENTRY,TREND_MIN_GAIN_EXIT,0.15,QUICK_NOT_CAUSAL,False,True,True,False,
ENTRY_FULL_FILTERED,ENTRY,WT_4H_VEL_EXIT_K_EXTREME_HIGH,80,QUICK_NOT_CAUSAL,False,True,True,False,
ENTRY_FULL_FILTERED,ENTRY,WT_4H_VEL_EXIT_K_EXTREME_HIGH,False,QUICK_NOT_CAUSAL,False,True,True,False,
ENTRY_FULL_FILTERED,ENTRY,WT_4H_VEL_EXIT_K_EXTREME_HIGH,0.5,QUICK_NOT_CAUSAL,False,True,True,False,
ENTRY_FULL_FILTERED,ENTRY,WT_4H_VEL_EXIT_K_EXTREME_HIGH,True,QUICK_NOT_CAUSAL,False,True,True,False,
ENTRY_FULL_FILTERED,ENTRY,WT_4H_VEL_EXIT_K_EXTREME_HIGH,2,QUICK_NOT_CAUSAL,False,True,True,False,
ENTRY_FULL_FILTERED,ENTRY,WT_4H_VEL_EXIT_K_EXTREME_LOW,20,QUICK_NOT_CAUSAL,False,True,True,False,
ENTRY_FULL_FILTERED,ENTRY,WT_4H_VEL_EXIT_K_EXTREME_LOW,False,QUICK_NOT_CAUSAL,False,True,True,False,
ENTRY_FULL_FILTERED,ENTRY,WT_4H_VEL_EXIT_K_EXTREME_LOW,0.5,QUICK_NOT_CAUSAL,False,True,True,False,
ENTRY_FULL_FILTERED,ENTRY,WT_4H_VEL_EXIT_K_EXTREME_LOW,True,QUICK_NOT_CAUSAL,False,True,True,False,
ENTRY_FULL_FILTERED,ENTRY,WT_4H_VEL_EXIT_K_EXTREME_LOW,2,QUICK_NOT_CAUSAL,False,True,True,False,
ENTRY_FULL_FILTERED,ENTRY,WT_EXHAUST_EXIT_MIN_GAIN_PCT,0.5,QUICK_NOT_CAUSAL,False,True,True,False,
ENTRY_FULL_FILTERED,ENTRY,WT_EXHAUST_EXIT_MIN_GAIN_PCT,False,QUICK_NOT_CAUSAL,False,True,True,False,
ENTRY_FULL_FILTERED,ENTRY,WT_EXHAUST_EXIT_MIN_GAIN_PCT,True,QUICK_NOT_CAUSAL,False,True,True,False,
ENTRY_FULL_FILTERED,ENTRY,WT_EXHAUST_EXIT_MIN_GAIN_PCT,2,QUICK_NOT_CAUSAL,False,True,True,False,
ENTRY_FULL_FILTERED,ENTRY,WT_PERCENTILE_EXIT_OB_4H,55,QUICK_NOT_CAUSAL,False,True,True,False,
ENTRY_FULL_FILTERED,ENTRY,WT_PERCENTILE_EXIT_OB_4H,False,QUICK_NOT_CAUSAL,False,True,True,False,
ENTRY_FULL_FILTERED,ENTRY,WT_PERCENTILE_EXIT_OB_4H,0.5,QUICK_NOT_CAUSAL,False,True,True,False,
ENTRY_FULL_FILTERED,ENTRY,WT_PERCENTILE_EXIT_OB_4H,True,QUICK_NOT_CAUSAL,False,True,True,False,
ENTRY_FULL_FILTERED,ENTRY,WT_PERCENTILE_EXIT_OB_4H,2,QUICK_NOT_CAUSAL,False,True,True,False,
ENTRY_FULL_FILTERED,ENTRY,WT_PERCENTILE_EXIT_OB_D,75,QUICK_NOT_CAUSAL,False,True,True,False,
ENTRY_FULL_FILTERED,ENTRY,WT_PERCENTILE_EXIT_OB_D,False,QUICK_NOT_CAUSAL,False,True,True,False,
ENTRY_FULL_FILTERED,ENTRY,WT_PERCENTILE_EXIT_OB_D,0.5,QUICK_NOT_CAUSAL,False,True,True,False,
ENTRY_FULL_FILTERED,ENTRY,WT_PERCENTILE_EXIT_OB_D,True,QUICK_NOT_CAUSAL,False,True,True,False,
ENTRY_FULL_FILTERED,ENTRY,WT_PERCENTILE_EXIT_OB_D,2,QUICK_NOT_CAUSAL,False,True,True,False,
ENTRY_FULL_FILTERED,ENTRY,WT_PERCENTILE_EXIT_OS_4H,25,QUICK_NOT_CAUSAL,False,True,True,False,
ENTRY_FULL_FILTERED,ENTRY,WT_PERCENTILE_EXIT_OS_4H,False,QUICK_NOT_CAUSAL,False,True,True,False,
ENTRY_FULL_FILTERED,ENTRY,WT_PERCENTILE_EXIT_OS_4H,0.5,QUICK_NOT_CAUSAL,False,True,True,False,
ENTRY_FULL_FILTERED,ENTRY,WT_PERCENTILE_EXIT_OS_4H,True,QUICK_NOT_CAUSAL,False,True,True,False,
ENTRY_FULL_FILTERED,ENTRY,WT_PERCENTILE_EXIT_OS_4H,2,QUICK_NOT_CAUSAL,False,True,True,False,
ENTRY_FULL_FILTERED,ENTRY,WT_PERCENTILE_EXIT_OS_D,10,QUICK_NOT_CAUSAL,False,True,True,False,
ENTRY_FULL_FILTERED,ENTRY,WT_PERCENTILE_EXIT_OS_D,False,QUICK_NOT_CAUSAL,False,True,True,False,
ENTRY_FULL_FILTERED,ENTRY,WT_PERCENTILE_EXIT_OS_D,0.5,QUICK_NOT_CAUSAL,False,True,True,False,
ENTRY_FULL_FILTERED,ENTRY,WT_PERCENTILE_EXIT_OS_D,True,QUICK_NOT_CAUSAL,False,True,True,False,
ENTRY_FULL_FILTERED,ENTRY,WT_PERCENTILE_EXIT_OS_D,2,QUICK_NOT_CAUSAL,False,True,True,False,
ENTRY_FULL_FILTERED,ENTRY,REENTRY_SIZE_BREAKOUT_MULT,1.5,QUICK_NOT_CAUSAL,False,True,True,False,
ENTRY_FULL_FILTERED,ENTRY,REENTRY_SIZE_BREAKOUT_MULT,0.75,QUICK_NOT_CAUSAL,False,True,True,False,
ENTRY_FULL_FILTERED,ENTRY,REENTRY_SIZE_BREAKOUT_MULT,1.125,QUICK_NOT_CAUSAL,False,True,True,False,
ENTRY_FULL_FILTERED,ENTRY,REENTRY_SIZE_BREAKOUT_MULT,1.875,QUICK_NOT_CAUSAL,False,True,True,False,
ENTRY_FULL_FILTERED,ENTRY,REENTRY_SIZE_BREAKOUT_MULT,2.25,QUICK_NOT_CAUSAL,False,True,True,False,
ENTRY_FULL_FILTERED,ENTRY,BREAKOUT_LEASH_REENTRY_MULT,1.5,HOOKED_BOTH,True,True,True,False,
ENTRY_FULL_FILTERED,ENTRY,BREAKOUT_LEASH_REENTRY_MULT,0.75,HOOKED_BOTH,True,True,True,False,
ENTRY_FULL_FILTERED,ENTRY,BREAKOUT_LEASH_REENTRY_MULT,1.125,HOOKED_BOTH,True,True,True,False,
ENTRY_FULL_FILTERED,ENTRY,BREAKOUT_LEASH_REENTRY_MULT,1.875,HOOKED_BOTH,True,True,True,False,
ENTRY_FULL_FILTERED,ENTRY,BREAKOUT_LEASH_REENTRY_MULT,2.25,HOOKED_BOTH,True,True,True,False,
ENTRY_FULL_FILTERED,ENTRY,BOUNCE_REENTRY_K_RESET_LONG,35,HOOKED_BOTH,True,True,True,False,
ENTRY_FULL_FILTERED,ENTRY,BOUNCE_REENTRY_K_RESET_LONG,False,HOOKED_BOTH,True,True,True,False,
ENTRY_FULL_FILTERED,ENTRY,BOUNCE_REENTRY_K_RESET_LONG,0.5,HOOKED_BOTH,True,True,True,False,
ENTRY_FULL_FILTERED,ENTRY,BOUNCE_REENTRY_K_RESET_LONG,True,HOOKED_BOTH,True,True,True,False,
ENTRY_FULL_FILTERED,ENTRY,BOUNCE_REENTRY_K_RESET_LONG,2,HOOKED_BOTH,True,True,True,False,
ENTRY_FULL_FILTERED,ENTRY,BOUNCE_REENTRY_K_RESET_SHORT,65,HOOKED_BOTH,True,True,True,False,
ENTRY_FULL_FILTERED,ENTRY,BOUNCE_REENTRY_K_RESET_SHORT,False,HOOKED_BOTH,True,True,True,False,
ENTRY_FULL_FILTERED,ENTRY,BOUNCE_REENTRY_K_RESET_SHORT,0.5,HOOKED_BOTH,True,True,True,False,
ENTRY_FULL_FILTERED,ENTRY,BOUNCE_REENTRY_K_RESET_SHORT,True,HOOKED_BOTH,True,True,True,False,
ENTRY_FULL_FILTERED,ENTRY,BOUNCE_REENTRY_K_RESET_SHORT,2,HOOKED_BOTH,True,True,True,False,
ENTRY_FULL_FILTERED,ENTRY,GUARANTEED_REENTRY_K_FAVORABLE_HIGH,70,HOOKED_BOTH,True,True,True,False,
ENTRY_FULL_FILTERED,ENTRY,GUARANTEED_REENTRY_K_FAVORABLE_HIGH,35,HOOKED_BOTH,True,True,True,False,
ENTRY_FULL_FILTERED,ENTRY,GUARANTEED_REENTRY_K_FAVORABLE_HIGH,52.5,HOOKED_BOTH,True,True,True,False,
ENTRY_FULL_FILTERED,ENTRY,GUARANTEED_REENTRY_K_FAVORABLE_HIGH,87.5,HOOKED_BOTH,True,True,True,False,
ENTRY_FULL_FILTERED,ENTRY,GUARANTEED_REENTRY_K_FAVORABLE_HIGH,105,HOOKED_BOTH,True,True,True,False,
ENTRY_FULL_FILTERED,ENTRY,GUARANTEED_REENTRY_K_FAVORABLE_LOW,30,HOOKED_BOTH,True,True,True,False,
ENTRY_FULL_FILTERED,ENTRY,GUARANTEED_REENTRY_K_FAVORABLE_LOW,15,HOOKED_BOTH,True,True,True,False,
ENTRY_FULL_FILTERED,ENTRY,GUARANTEED_REENTRY_K_FAVORABLE_LOW,22.5,HOOKED_BOTH,True,True,True,False,
ENTRY_FULL_FILTERED,ENTRY,GUARANTEED_REENTRY_K_FAVORABLE_LOW,37.5,HOOKED_BOTH,True,True,True,False,
ENTRY_FULL_FILTERED,ENTRY,GUARANTEED_REENTRY_K_FAVORABLE_LOW,45,HOOKED_BOTH,True,True,True,False,
ENTRY_FULL_FILTERED,ENTRY,GUARANTEED_REENTRY_K_HIGH_BLOCK,80,HOOKED_BOTH,True,True,True,False,
ENTRY_FULL_FILTERED,ENTRY,GUARANTEED_REENTRY_K_HIGH_BLOCK,40,HOOKED_BOTH,True,True,True,False,
ENTRY_FULL_FILTERED,ENTRY,GUARANTEED_REENTRY_K_HIGH_BLOCK,60,HOOKED_BOTH,True,True,True,False,
ENTRY_FULL_FILTERED,ENTRY,GUARANTEED_REENTRY_K_HIGH_BLOCK,100,HOOKED_BOTH,True,True,True,False,
ENTRY_FULL_FILTERED,ENTRY,GUARANTEED_REENTRY_K_HIGH_BLOCK,120,HOOKED_BOTH,True,True,True,False,
ENTRY_FULL_FILTERED,ENTRY,GUARANTEED_REENTRY_K_LOW_BLOCK,20,HOOKED_BOTH,True,True,True,False,
ENTRY_FULL_FILTERED,ENTRY,GUARANTEED_REENTRY_K_LOW_BLOCK,10,HOOKED_BOTH,True,True,True,False,
ENTRY_FULL_FILTERED,ENTRY,GUARANTEED_REENTRY_K_LOW_BLOCK,15,HOOKED_BOTH,True,True,True,False,
ENTRY_FULL_FILTERED,ENTRY,GUARANTEED_REENTRY_K_LOW_BLOCK,25,HOOKED_BOTH,True,True,True,False,
ENTRY_FULL_FILTERED,ENTRY,GUARANTEED_REENTRY_K_LOW_BLOCK,30,HOOKED_BOTH,True,True,True,False,
ENTRY_FULL_FILTERED,ENTRY,GUARANTEED_REENTRY_TIGHT_STOP_MAX_AGE_S,1800,HOOKED_BOTH,True,True,True,False,
ENTRY_FULL_FILTERED,ENTRY,GUARANTEED_REENTRY_TIGHT_STOP_MAX_AGE_S,900,HOOKED_BOTH,True,True,True,False,
ENTRY_FULL_FILTERED,ENTRY,GUARANTEED_REENTRY_TIGHT_STOP_MAX_AGE_S,1350,HOOKED_BOTH,True,True,True,False,
ENTRY_FULL_FILTERED,ENTRY,GUARANTEED_REENTRY_TIGHT_STOP_MAX_AGE_S,2250,HOOKED_BOTH,True,True,True,False,
ENTRY_FULL_FILTERED,ENTRY,GUARANTEED_REENTRY_TIGHT_STOP_MAX_AGE_S,2700,HOOKED_BOTH,True,True,True,False,
ENTRY_FULL_FILTERED,ENTRY,GUARANTEED_REENTRY_TIGHT_STOP_MIN_AGE_S,60,HOOKED_BOTH,True,True,True,False,
ENTRY_FULL_FILTERED,ENTRY,GUARANTEED_REENTRY_TIGHT_STOP_MIN_AGE_S,30,HOOKED_BOTH,True,True,True,False,
ENTRY_FULL_FILTERED,ENTRY,GUARANTEED_REENTRY_TIGHT_STOP_MIN_AGE_S,45,HOOKED_BOTH,True,True,True,False,
ENTRY_FULL_FILTERED,ENTRY,GUARANTEED_REENTRY_TIGHT_STOP_MIN_AGE_S,75,HOOKED_BOTH,True,True,True,False,
ENTRY_FULL_FILTERED,ENTRY,GUARANTEED_REENTRY_TIGHT_STOP_MIN_AGE_S,90,HOOKED_BOTH,True,True,True,False,
ENTRY_FULL_FILTERED,ENTRY,GUARANTEED_REENTRY_TIGHT_STOP_PCT,0.5,HOOKED_BOTH,True,True,True,False,
ENTRY_FULL_FILTERED,ENTRY,GUARANTEED_REENTRY_TIGHT_STOP_PCT,0.25,HOOKED_BOTH,True,True,True,False,
ENTRY_FULL_FILTERED,ENTRY,GUARANTEED_REENTRY_TIGHT_STOP_PCT,0.375,HOOKED_BOTH,True,True,True,False,
ENTRY_FULL_FILTERED,ENTRY,GUARANTEED_REENTRY_TIGHT_STOP_PCT,0.625,HOOKED_BOTH,True,True,True,False,
ENTRY_FULL_FILTERED,ENTRY,GUARANTEED_REENTRY_TIGHT_STOP_PCT,0.75,HOOKED_BOTH,True,True,True,False,
ENTRY_FULL_FILTERED,ENTRY,HLR_REENTRY_MAX_AGE_S,14400,HOOKED_BOTH,True,True,True,False,
ENTRY_FULL_FILTERED,ENTRY,HLR_REENTRY_MAX_AGE_S,False,HOOKED_BOTH,True,True,True,False,
ENTRY_FULL_FILTERED,ENTRY,HLR_REENTRY_MAX_AGE_S,0.5,HOOKED_BOTH,True,True,True,False,
ENTRY_FULL_FILTERED,ENTRY,HLR_REENTRY_MAX_AGE_S,True,HOOKED_BOTH,True,True,True,False,
ENTRY_FULL_FILTERED,ENTRY,HLR_REENTRY_MAX_AGE_S,2,HOOKED_BOTH,True,True,True,False,
ENTRY_FULL_FILTERED,ENTRY,HLR_REENTRY_MULT_1H,1.5,HOOKED_BOTH,True,True,True,False,
ENTRY_FULL_FILTERED,ENTRY,HLR_REENTRY_MULT_1H,0.75,HOOKED_BOTH,True,True,True,False,
ENTRY_FULL_FILTERED,ENTRY,HLR_REENTRY_MULT_1H,1.125,HOOKED_BOTH,True,True,True,False,
ENTRY_FULL_FILTERED,ENTRY,HLR_REENTRY_MULT_1H,1.875,HOOKED_BOTH,True,True,True,False,
ENTRY_FULL_FILTERED,ENTRY,HLR_REENTRY_MULT_1H,2.25,HOOKED_BOTH,True,True,True,False,
ENTRY_FULL_FILTERED,ENTRY,HLR_REENTRY_MULT_4H,2,HOOKED_BOTH,True,True,True,False,
ENTRY_FULL_FILTERED,ENTRY,HLR_REENTRY_MULT_4H,True,HOOKED_BOTH,True,True,True,False,
ENTRY_FULL_FILTERED,ENTRY,HLR_REENTRY_MULT_4H,1.5,HOOKED_BOTH,True,True,True,False,
ENTRY_FULL_FILTERED,ENTRY,HLR_REENTRY_MULT_4H,2.5,HOOKED_BOTH,True,True,True,False,
ENTRY_FULL_FILTERED,ENTRY,HLR_REENTRY_MULT_4H,3,HOOKED_BOTH,True,True,True,False,
ENTRY_FULL_FILTERED,ENTRY,HLR_REENTRY_MULT_D,2.5,HOOKED_BOTH,True,True,True,False,
ENTRY_FULL_FILTERED,ENTRY,HLR_REENTRY_MULT_D,1.25,HOOKED_BOTH,True,True,True,False,
ENTRY_FULL_FILTERED,ENTRY,HLR_REENTRY_MULT_D,1.875,HOOKED_BOTH,True,True,True,False,
ENTRY_FULL_FILTERED,ENTRY,HLR_REENTRY_MULT_D,3.125,HOOKED_BOTH,True,True,True,False,
ENTRY_FULL_FILTERED,ENTRY,HLR_REENTRY_MULT_D,3.75,HOOKED_BOTH,True,True,True,False,
ENTRY_FULL_FILTERED,ENTRY,HLR_REENTRY_MULT_W,3,HOOKED_BOTH,True,True,True,False,
ENTRY_FULL_FILTERED,ENTRY,HLR_REENTRY_MULT_W,1.5,HOOKED_BOTH,True,True,True,False,
ENTRY_FULL_FILTERED,ENTRY,HLR_REENTRY_MULT_W,2.25,HOOKED_BOTH,True,True,True,False,
ENTRY_FULL_FILTERED,ENTRY,HLR_REENTRY_MULT_W,3.75,HOOKED_BOTH,True,True,True,False,
ENTRY_FULL_FILTERED,ENTRY,HLR_REENTRY_MULT_W,4.5,HOOKED_BOTH,True,True,True,False,
ENTRY_FULL_FILTERED,ENTRY,MANDATORY_REENTRY_K_HIGH_BLOCK,80,QUICK_NOT_CAUSAL,False,True,True,False,
ENTRY_FULL_FILTERED,ENTRY,MANDATORY_REENTRY_K_HIGH_BLOCK,False,QUICK_NOT_CAUSAL,False,True,True,False,
ENTRY_FULL_FILTERED,ENTRY,MANDATORY_REENTRY_K_HIGH_BLOCK,0.5,QUICK_NOT_CAUSAL,False,True,True,False,
ENTRY_FULL_FILTERED,ENTRY,MANDATORY_REENTRY_K_HIGH_BLOCK,True,QUICK_NOT_CAUSAL,False,True,True,False,
ENTRY_FULL_FILTERED,ENTRY,MANDATORY_REENTRY_K_HIGH_BLOCK,2,QUICK_NOT_CAUSAL,False,True,True,False,
ENTRY_FULL_FILTERED,ENTRY,MANDATORY_REENTRY_K_LOW_BLOCK,20,QUICK_NOT_CAUSAL,False,True,True,False,
ENTRY_FULL_FILTERED,ENTRY,MANDATORY_REENTRY_K_LOW_BLOCK,False,QUICK_NOT_CAUSAL,False,True,True,False,
ENTRY_FULL_FILTERED,ENTRY,MANDATORY_REENTRY_K_LOW_BLOCK,0.5,QUICK_NOT_CAUSAL,False,True,True,False,
ENTRY_FULL_FILTERED,ENTRY,MANDATORY_REENTRY_K_LOW_BLOCK,True,QUICK_NOT_CAUSAL,False,True,True,False,
ENTRY_FULL_FILTERED,ENTRY,MANDATORY_REENTRY_K_LOW_BLOCK,2,QUICK_NOT_CAUSAL,False,True,True,False,
ENTRY_FULL_FILTERED,ENTRY,OBLIGATORY_REENTRY_K15_HIGH_BLOCK,95,QUICK_NOT_CAUSAL,False,True,True,False,
ENTRY_FULL_FILTERED,ENTRY,OBLIGATORY_REENTRY_K15_HIGH_BLOCK,False,QUICK_NOT_CAUSAL,False,True,True,False,
ENTRY_FULL_FILTERED,ENTRY,OBLIGATORY_REENTRY_K15_HIGH_BLOCK,0.5,QUICK_NOT_CAUSAL,False,True,True,False,
ENTRY_FULL_FILTERED,ENTRY,OBLIGATORY_REENTRY_K15_HIGH_BLOCK,True,QUICK_NOT_CAUSAL,False,True,True,False,
ENTRY_FULL_FILTERED,ENTRY,OBLIGATORY_REENTRY_K15_HIGH_BLOCK,2,QUICK_NOT_CAUSAL,False,True,True,False,
ENTRY_FULL_FILTERED,ENTRY,OBLIGATORY_REENTRY_K15_HIGH_SIZE_FRAC,0.5,QUICK_NOT_CAUSAL,False,True,True,False,
ENTRY_FULL_FILTERED,ENTRY,OBLIGATORY_REENTRY_K15_HIGH_SIZE_FRAC,False,QUICK_NOT_CAUSAL,False,True,True,False,
ENTRY_FULL_FILTERED,ENTRY,OBLIGATORY_REENTRY_K15_HIGH_SIZE_FRAC,True,QUICK_NOT_CAUSAL,False,True,True,False,
ENTRY_FULL_FILTERED,ENTRY,OBLIGATORY_REENTRY_K15_HIGH_SIZE_FRAC,2,QUICK_NOT_CAUSAL,False,True,True,False,
ENTRY_FULL_FILTERED,ENTRY,OBLIGATORY_REENTRY_SCORE_TIER1,40,QUICK_NOT_CAUSAL,False,True,True,False,
ENTRY_FULL_FILTERED,ENTRY,OBLIGATORY_REENTRY_SCORE_TIER1,False,QUICK_NOT_CAUSAL,False,True,True,False,
ENTRY_FULL_FILTERED,ENTRY,OBLIGATORY_REENTRY_SCORE_TIER1,0.5,QUICK_NOT_CAUSAL,False,True,True,False,
ENTRY_FULL_FILTERED,ENTRY,OBLIGATORY_REENTRY_SCORE_TIER1,True,QUICK_NOT_CAUSAL,False,True,True,False,
ENTRY_FULL_FILTERED,ENTRY,OBLIGATORY_REENTRY_SCORE_TIER1,2,QUICK_NOT_CAUSAL,False,True,True,False,
ENTRY_FULL_FILTERED,ENTRY,OBLIGATORY_REENTRY_SCORE_TIER2,30,QUICK_NOT_CAUSAL,False,True,True,False,
ENTRY_FULL_FILTERED,ENTRY,OBLIGATORY_REENTRY_SCORE_TIER2,False,QUICK_NOT_CAUSAL,False,True,True,False,
ENTRY_FULL_FILTERED,ENTRY,OBLIGATORY_REENTRY_SCORE_TIER2,0.5,QUICK_NOT_CAUSAL,False,True,True,False,
ENTRY_FULL_FILTERED,ENTRY,OBLIGATORY_REENTRY_SCORE_TIER2,True,QUICK_NOT_CAUSAL,False,True,True,False,
ENTRY_FULL_FILTERED,ENTRY,OBLIGATORY_REENTRY_SCORE_TIER2,2,QUICK_NOT_CAUSAL,False,True,True,False,
ENTRY_FULL_FILTERED,ENTRY,OBLIGATORY_REENTRY_SCORE_TIER3,30,QUICK_NOT_CAUSAL,False,True,True,False,
ENTRY_FULL_FILTERED,ENTRY,OBLIGATORY_REENTRY_SCORE_TIER3,False,QUICK_NOT_CAUSAL,False,True,True,False,
ENTRY_FULL_FILTERED,ENTRY,OBLIGATORY_REENTRY_SCORE_TIER3,0.5,QUICK_NOT_CAUSAL,False,True,True,False,
ENTRY_FULL_FILTERED,ENTRY,OBLIGATORY_REENTRY_SCORE_TIER3,True,QUICK_NOT_CAUSAL,False,True,True,False,
ENTRY_FULL_FILTERED,ENTRY,OBLIGATORY_REENTRY_SCORE_TIER3,2,QUICK_NOT_CAUSAL,False,True,True,False,
ENTRY_FULL_FILTERED,ENTRY,OBLIGATORY_REENTRY_SHORT_K15_LOW_BLOCK,5,QUICK_NOT_CAUSAL,False,True,True,False,
ENTRY_FULL_FILTERED,ENTRY,OBLIGATORY_REENTRY_SHORT_K15_LOW_BLOCK,False,QUICK_NOT_CAUSAL,False,True,True,False,
ENTRY_FULL_FILTERED,ENTRY,OBLIGATORY_REENTRY_SHORT_K15_LOW_BLOCK,0.5,QUICK_NOT_CAUSAL,False,True,True,False,
ENTRY_FULL_FILTERED,ENTRY,OBLIGATORY_REENTRY_SHORT_K15_LOW_BLOCK,True,QUICK_NOT_CAUSAL,False,True,True,False,
ENTRY_FULL_FILTERED,ENTRY,OBLIGATORY_REENTRY_SHORT_K15_LOW_BLOCK,2,QUICK_NOT_CAUSAL,False,True,True,False,
ENTRY_FULL_FILTERED,ENTRY,OBLIGATORY_REENTRY_SHORT_K15_LOW_SIZE_FRAC,0.5,QUICK_NOT_CAUSAL,False,True,True,False,
ENTRY_FULL_FILTERED,ENTRY,OBLIGATORY_REENTRY_SHORT_K15_LOW_SIZE_FRAC,False,QUICK_NOT_CAUSAL,False,True,True,False,
ENTRY_FULL_FILTERED,ENTRY,OBLIGATORY_REENTRY_SHORT_K15_LOW_SIZE_FRAC,True,QUICK_NOT_CAUSAL,False,True,True,False,
ENTRY_FULL_FILTERED,ENTRY,OBLIGATORY_REENTRY_SHORT_K15_LOW_SIZE_FRAC,2,QUICK_NOT_CAUSAL,False,True,True,False,
ENTRY_FULL_FILTERED,ENTRY,OBLIGATORY_REENTRY_SMA_FIELD,ema_50,QUICK_NOT_CAUSAL,False,True,True,False,
ENTRY_FULL_FILTERED,ENTRY,OBLIGATORY_REENTRY_SMA_FIELD,False,QUICK_NOT_CAUSAL,False,True,True,False,
ENTRY_FULL_FILTERED,ENTRY,OBLIGATORY_REENTRY_SMA_FIELD,0.5,QUICK_NOT_CAUSAL,False,True,True,False,
ENTRY_FULL_FILTERED,ENTRY,OBLIGATORY_REENTRY_SMA_FIELD,True,QUICK_NOT_CAUSAL,False,True,True,False,
ENTRY_FULL_FILTERED,ENTRY,OBLIGATORY_REENTRY_SMA_FIELD,2,QUICK_NOT_CAUSAL,False,True,True,False,
ENTRY_FULL_FILTERED,ENTRY,OBLIGATORY_REENTRY_TIER1_HTF_REQUIRED,3,QUICK_NOT_CAUSAL,False,True,True,False,
ENTRY_FULL_FILTERED,ENTRY,OBLIGATORY_REENTRY_TIER1_HTF_REQUIRED,False,QUICK_NOT_CAUSAL,False,True,True,False,
ENTRY_FULL_FILTERED,ENTRY,OBLIGATORY_REENTRY_TIER1_HTF_REQUIRED,0.5,QUICK_NOT_CAUSAL,False,True,True,False,
ENTRY_FULL_FILTERED,ENTRY,OBLIGATORY_REENTRY_TIER1_HTF_REQUIRED,True,QUICK_NOT_CAUSAL,False,True,True,False,
ENTRY_FULL_FILTERED,ENTRY,OBLIGATORY_REENTRY_TIER1_HTF_REQUIRED,2,QUICK_NOT_CAUSAL,False,True,True,False,
ENTRY_FULL_FILTERED,ENTRY,REENTRY2_DC_BREAK_FILTER_TF,3m,QUICK_NOT_CAUSAL,False,True,True,False,
ENTRY_FULL_FILTERED,ENTRY,REENTRY2_DC_BREAK_FILTER_TF,OFF,QUICK_NOT_CAUSAL,False,True,True,False,
ENTRY_FULL_FILTERED,ENTRY,REENTRY2_DC_BREAK_FILTER_TF,15m,QUICK_NOT_CAUSAL,False,True,True,False,
ENTRY_FULL_FILTERED,ENTRY,REENTRY2_DC_BREAK_FILTER_TF,1h,QUICK_NOT_CAUSAL,False,True,True,False,
ENTRY_FULL_FILTERED,ENTRY,REENTRY2_DC_BREAK_FILTER_TF,4h,QUICK_NOT_CAUSAL,False,True,True,False,
ENTRY_FULL_FILTERED,ENTRY,REENTRY2_DC_BREAK_FILTER_TF,D,QUICK_NOT_CAUSAL,False,True,True,False,
ENTRY_FULL_FILTERED,ENTRY,REENTRY_B16_SIZE_MULT_STRONG,3,QUICK_NOT_CAUSAL,False,True,True,False,
ENTRY_FULL_FILTERED,ENTRY,REENTRY_B16_SIZE_MULT_STRONG,False,QUICK_NOT_CAUSAL,False,True,True,False,
ENTRY_FULL_FILTERED,ENTRY,REENTRY_B16_SIZE_MULT_STRONG,0.5,QUICK_NOT_CAUSAL,False,True,True,False,
ENTRY_FULL_FILTERED,ENTRY,REENTRY_B16_SIZE_MULT_STRONG,True,QUICK_NOT_CAUSAL,False,True,True,False,
ENTRY_FULL_FILTERED,ENTRY,REENTRY_B16_SIZE_MULT_STRONG,2,QUICK_NOT_CAUSAL,False,True,True,False,
ENTRY_FULL_FILTERED,ENTRY,REENTRY_B16_SIZE_MULT_WEAK,1.5,QUICK_NOT_CAUSAL,False,True,True,False,
ENTRY_FULL_FILTERED,ENTRY,REENTRY_B16_SIZE_MULT_WEAK,False,QUICK_NOT_CAUSAL,False,True,True,False,
ENTRY_FULL_FILTERED,ENTRY,REENTRY_B16_SIZE_MULT_WEAK,0.5,QUICK_NOT_CAUSAL,False,True,True,False,
ENTRY_FULL_FILTERED,ENTRY,REENTRY_B16_SIZE_MULT_WEAK,True,QUICK_NOT_CAUSAL,False,True,True,False,
ENTRY_FULL_FILTERED,ENTRY,REENTRY_B16_SIZE_MULT_WEAK,2,QUICK_NOT_CAUSAL,False,True,True,False,
ENTRY_FULL_FILTERED,ENTRY,REENTRY_B16_SMA200_PROX_PCT,0.005,QUICK_NOT_CAUSAL,False,True,True,False,
ENTRY_FULL_FILTERED,ENTRY,REENTRY_B16_SMA200_PROX_PCT,False,QUICK_NOT_CAUSAL,False,True,True,False,
ENTRY_FULL_FILTERED,ENTRY,REENTRY_B16_SMA200_PROX_PCT,0.5,QUICK_NOT_CAUSAL,False,True,True,False,
ENTRY_FULL_FILTERED,ENTRY,REENTRY_B16_SMA200_PROX_PCT,True,QUICK_NOT_CAUSAL,False,True,True,False,
ENTRY_FULL_FILTERED,ENTRY,REENTRY_B16_SMA200_PROX_PCT,2,QUICK_NOT_CAUSAL,False,True,True,False,
ENTRY_FULL_FILTERED,ENTRY,REENTRY_EXIT_RECLAIM_BUFFER_PCT,0.2,QUICK_NOT_CAUSAL,False,True,True,False,
ENTRY_FULL_FILTERED,ENTRY,REENTRY_EXIT_RECLAIM_BUFFER_PCT,False,QUICK_NOT_CAUSAL,False,True,True,False,
ENTRY_FULL_FILTERED,ENTRY,REENTRY_EXIT_RECLAIM_BUFFER_PCT,0.5,QUICK_NOT_CAUSAL,False,True,True,False,
ENTRY_FULL_FILTERED,ENTRY,REENTRY_EXIT_RECLAIM_BUFFER_PCT,True,QUICK_NOT_CAUSAL,False,True,True,False,
ENTRY_FULL_FILTERED,ENTRY,REENTRY_EXIT_RECLAIM_BUFFER_PCT,2,QUICK_NOT_CAUSAL,False,True,True,False,
ENTRY_FULL_FILTERED,ENTRY,REENTRY_POST_CONSOL_ATR_THRESHOLD,0.15,QUICK_NOT_CAUSAL,False,True,True,False,
ENTRY_FULL_FILTERED,ENTRY,REENTRY_POST_CONSOL_ATR_THRESHOLD,False,QUICK_NOT_CAUSAL,False,True,True,False,
ENTRY_FULL_FILTERED,ENTRY,REENTRY_POST_CONSOL_ATR_THRESHOLD,0.5,QUICK_NOT_CAUSAL,False,True,True,False,
ENTRY_FULL_FILTERED,ENTRY,REENTRY_POST_CONSOL_ATR_THRESHOLD,True,QUICK_NOT_CAUSAL,False,True,True,False,
ENTRY_FULL_FILTERED,ENTRY,REENTRY_POST_CONSOL_ATR_THRESHOLD,2,QUICK_NOT_CAUSAL,False,True,True,False,
ENTRY_FULL_FILTERED,ENTRY,REENTRY_POST_CONSOL_MULT,1.5,QUICK_NOT_CAUSAL,False,True,True,False,
ENTRY_FULL_FILTERED,ENTRY,REENTRY_POST_CONSOL_MULT,False,QUICK_NOT_CAUSAL,False,True,True,False,
ENTRY_FULL_FILTERED,ENTRY,REENTRY_POST_CONSOL_MULT,0.5,QUICK_NOT_CAUSAL,False,True,True,False,
ENTRY_FULL_FILTERED,ENTRY,REENTRY_POST_CONSOL_MULT,True,QUICK_NOT_CAUSAL,False,True,True,False,
ENTRY_FULL_FILTERED,ENTRY,REENTRY_POST_CONSOL_MULT,2,QUICK_NOT_CAUSAL,False,True,True,False,
ENTRY_FULL_FILTERED,ENTRY,REENTRY_POST_CONSOL_TFS_REQUIRED,2,QUICK_NOT_CAUSAL,False,True,True,False,
ENTRY_FULL_FILTERED,ENTRY,REENTRY_POST_CONSOL_TFS_REQUIRED,OFF,QUICK_NOT_CAUSAL,False,True,True,False,
ENTRY_FULL_FILTERED,ENTRY,REENTRY_POST_CONSOL_TFS_REQUIRED,15m,QUICK_NOT_CAUSAL,False,True,True,False,
ENTRY_FULL_FILTERED,ENTRY,REENTRY_POST_CONSOL_TFS_REQUIRED,1h,QUICK_NOT_CAUSAL,False,True,True,False,
ENTRY_FULL_FILTERED,ENTRY,REENTRY_POST_CONSOL_TFS_REQUIRED,4h,QUICK_NOT_CAUSAL,False,True,True,False,
ENTRY_FULL_FILTERED,ENTRY,REENTRY_POST_CONSOL_TFS_REQUIRED,D,QUICK_NOT_CAUSAL,False,True,True,False,
ENTRY_FULL_FILTERED,ENTRY,REENTRY_PRICE_IMPROVE_PCT,0.08,QUICK_NOT_CAUSAL,False,True,True,False,
ENTRY_FULL_FILTERED,ENTRY,REENTRY_PRICE_IMPROVE_PCT,False,QUICK_NOT_CAUSAL,False,True,True,False,
ENTRY_FULL_FILTERED,ENTRY,REENTRY_PRICE_IMPROVE_PCT,0.5,QUICK_NOT_CAUSAL,False,True,True,False,
ENTRY_FULL_FILTERED,ENTRY,REENTRY_PRICE_IMPROVE_PCT,True,QUICK_NOT_CAUSAL,False,True,True,False,
ENTRY_FULL_FILTERED,ENTRY,REENTRY_PRICE_IMPROVE_PCT,2,QUICK_NOT_CAUSAL,False,True,True,False,
ENTRY_FULL_FILTERED,ENTRY,REENTRY_SIZE_DIP_MULT,2,QUICK_NOT_CAUSAL,False,True,True,False,
ENTRY_FULL_FILTERED,ENTRY,REENTRY_SIZE_DIP_MULT,True,QUICK_NOT_CAUSAL,False,True,True,False,
ENTRY_FULL_FILTERED,ENTRY,REENTRY_SIZE_DIP_MULT,1.5,QUICK_NOT_CAUSAL,False,True,True,False,
ENTRY_FULL_FILTERED,ENTRY,REENTRY_SIZE_DIP_MULT,2.5,QUICK_NOT_CAUSAL,False,True,True,False,
ENTRY_FULL_FILTERED,ENTRY,REENTRY_SIZE_DIP_MULT,3,QUICK_NOT_CAUSAL,False,True,True,False,
ENTRY_FULL_FILTERED,ENTRY,REENTRY_SIZE_EXTENDED_K1H,90,QUICK_NOT_CAUSAL,False,True,True,False,
ENTRY_FULL_FILTERED,ENTRY,REENTRY_SIZE_EXTENDED_K1H,45,QUICK_NOT_CAUSAL,False,True,True,False,
ENTRY_FULL_FILTERED,ENTRY,REENTRY_SIZE_EXTENDED_K1H,67.5,QUICK_NOT_CAUSAL,False,True,True,False,
ENTRY_FULL_FILTERED,ENTRY,REENTRY_SIZE_EXTENDED_K1H,112.5,QUICK_NOT_CAUSAL,False,True,True,False,
ENTRY_FULL_FILTERED,ENTRY,REENTRY_SIZE_EXTENDED_K1H,135,QUICK_NOT_CAUSAL,False,True,True,False,
ENTRY_FULL_FILTERED,ENTRY,REENTRY_TIER1_SIZE_MULT,1.5,QUICK_NOT_CAUSAL,False,True,True,False,
ENTRY_FULL_FILTERED,ENTRY,REENTRY_TIER1_SIZE_MULT,False,QUICK_NOT_CAUSAL,False,True,True,False,
ENTRY_FULL_FILTERED,ENTRY,REENTRY_TIER1_SIZE_MULT,0.5,QUICK_NOT_CAUSAL,False,True,True,False,
ENTRY_FULL_FILTERED,ENTRY,REENTRY_TIER1_SIZE_MULT,True,QUICK_NOT_CAUSAL,False,True,True,False,
ENTRY_FULL_FILTERED,ENTRY,REENTRY_TIER1_SIZE_MULT,2,QUICK_NOT_CAUSAL,False,True,True,False,
ENTRY_FULL_FILTERED,ENTRY,REENTRY_TIER2_MAX_MINUTES,120,QUICK_NOT_CAUSAL,False,True,True,False,
ENTRY_FULL_FILTERED,ENTRY,REENTRY_TIER2_MAX_MINUTES,False,QUICK_NOT_CAUSAL,False,True,True,False,
ENTRY_FULL_FILTERED,ENTRY,REENTRY_TIER2_MAX_MINUTES,0.5,QUICK_NOT_CAUSAL,False,True,True,False,
ENTRY_FULL_FILTERED,ENTRY,REENTRY_TIER2_MAX_MINUTES,True,QUICK_NOT_CAUSAL,False,True,True,False,
ENTRY_FULL_FILTERED,ENTRY,REENTRY_TIER2_MAX_MINUTES,2,QUICK_NOT_CAUSAL,False,True,True,False,
ENTRY_FULL_FILTERED,ENTRY,BOUNCE_AUGMENT_MIN_LOSS_PCT,-0.5,HOOKED_BOTH,True,True,True,False,
ENTRY_FULL_FILTERED,ENTRY,BOUNCE_AUGMENT_MIN_LOSS_PCT,-0.25,HOOKED_BOTH,True,True,True,False,
ENTRY_FULL_FILTERED,ENTRY,BOUNCE_AUGMENT_MIN_LOSS_PCT,-0.375,HOOKED_BOTH,True,True,True,False,
ENTRY_FULL_FILTERED,ENTRY,BOUNCE_AUGMENT_MIN_LOSS_PCT,-0.625,HOOKED_BOTH,True,True,True,False,
ENTRY_FULL_FILTERED,ENTRY,BOUNCE_AUGMENT_MIN_LOSS_PCT,-0.75,HOOKED_BOTH,True,True,True,False,
ENTRY_FULL_FILTERED,ENTRY,AUGMENTED_POSITIONS_GUARD_FLOOR_MULT,0.5,HOOKED_BOTH,True,True,True,False,
ENTRY_FULL_FILTERED,ENTRY,AUGMENTED_POSITIONS_GUARD_FLOOR_MULT,False,HOOKED_BOTH,True,True,True,False,
ENTRY_FULL_FILTERED,ENTRY,AUGMENTED_POSITIONS_GUARD_FLOOR_MULT,True,HOOKED_BOTH,True,True,True,False,
ENTRY_FULL_FILTERED,ENTRY,AUGMENTED_POSITIONS_GUARD_FLOOR_MULT,2,HOOKED_BOTH,True,True,True,False,
ENTRY_FULL_FILTERED,ENTRY,DELTA_PYRAMID_MAX,8,HOOKED_BOTH,True,True,True,False,
ENTRY_FULL_FILTERED,ENTRY,DELTA_PYRAMID_MAX,4,HOOKED_BOTH,True,True,True,False,
ENTRY_FULL_FILTERED,ENTRY,DELTA_PYRAMID_MAX,6,HOOKED_BOTH,True,True,True,False,
ENTRY_FULL_FILTERED,ENTRY,DELTA_PYRAMID_MAX,10,HOOKED_BOTH,True,True,True,False,
ENTRY_FULL_FILTERED,ENTRY,DELTA_PYRAMID_MAX,12,HOOKED_BOTH,True,True,True,False,
ENTRY_FULL_FILTERED,ENTRY,DELTA_PYRAMID_PRICE_TOL,0.02,HOOKED_BOTH,True,True,True,False,
ENTRY_FULL_FILTERED,ENTRY,DELTA_PYRAMID_PRICE_TOL,0.01,HOOKED_BOTH,True,True,True,False,
ENTRY_FULL_FILTERED,ENTRY,DELTA_PYRAMID_PRICE_TOL,0.015,HOOKED_BOTH,True,True,True,False,
ENTRY_FULL_FILTERED,ENTRY,DELTA_PYRAMID_PRICE_TOL,0.025,HOOKED_BOTH,True,True,True,False,
ENTRY_FULL_FILTERED,ENTRY,DELTA_PYRAMID_PRICE_TOL,0.03,HOOKED_BOTH,True,True,True,False,
ENTRY_FULL_FILTERED,ENTRY,HIGH_GAIN_AUGMENTATION_MIN_SIZE,200,HOOKED_BOTH,True,True,True,False,
ENTRY_FULL_FILTERED,ENTRY,HIGH_GAIN_AUGMENTATION_MIN_SIZE,100,HOOKED_BOTH,True,True,True,False,
ENTRY_FULL_FILTERED,ENTRY,HIGH_GAIN_AUGMENTATION_MIN_SIZE,150,HOOKED_BOTH,True,True,True,False,
ENTRY_FULL_FILTERED,ENTRY,HIGH_GAIN_AUGMENTATION_MIN_SIZE,250,HOOKED_BOTH,True,True,True,False,
ENTRY_FULL_FILTERED,ENTRY,HIGH_GAIN_AUGMENTATION_MIN_SIZE,300,HOOKED_BOTH,True,True,True,False,
ENTRY_FULL_FILTERED,ENTRY,MAX_AUGMENTS_PER_POSITION,3,HOOKED_BOTH,True,True,True,False,
ENTRY_FULL_FILTERED,ENTRY,MAX_AUGMENTS_PER_POSITION,1.5,HOOKED_BOTH,True,True,True,False,
ENTRY_FULL_FILTERED,ENTRY,MAX_AUGMENTS_PER_POSITION,2.25,HOOKED_BOTH,True,True,True,False,
ENTRY_FULL_FILTERED,ENTRY,MAX_AUGMENTS_PER_POSITION,3.75,HOOKED_BOTH,True,True,True,False,
ENTRY_FULL_FILTERED,ENTRY,MAX_AUGMENTS_PER_POSITION,4.5,HOOKED_BOTH,True,True,True,False,
ENTRY_FULL_FILTERED,ENTRY,SCALP_V3_AUG_BE_STOP_PCT,0.1,HOOKED_BOTH,True,True,True,False,
ENTRY_FULL_FILTERED,ENTRY,SCALP_V3_AUG_BE_STOP_PCT,False,HOOKED_BOTH,True,True,True,False,
ENTRY_FULL_FILTERED,ENTRY,SCALP_V3_AUG_BE_STOP_PCT,0.5,HOOKED_BOTH,True,True,True,False,
ENTRY_FULL_FILTERED,ENTRY,SCALP_V3_AUG_BE_STOP_PCT,True,HOOKED_BOTH,True,True,True,False,
ENTRY_FULL_FILTERED,ENTRY,SCALP_V3_AUG_BE_STOP_PCT,2,HOOKED_BOTH,True,True,True,False,
ENTRY_FULL_FILTERED,ENTRY,PARTIAL_PROFIT_LOCK_FRAC,0.5,HOOKED_BOTH,True,True,True,False,
ENTRY_FULL_FILTERED,ENTRY,PARTIAL_PROFIT_LOCK_FRAC,False,HOOKED_BOTH,True,True,True,False,
ENTRY_FULL_FILTERED,ENTRY,PARTIAL_PROFIT_LOCK_FRAC,True,HOOKED_BOTH,True,True,True,False,
ENTRY_FULL_FILTERED,ENTRY,PARTIAL_PROFIT_LOCK_FRAC,2,HOOKED_BOTH,True,True,True,False,
ENTRY_FULL_FILTERED,ENTRY,SIMPLE_TP_PCT,0.5,QUICK_NOT_CAUSAL,False,True,True,False,
ENTRY_FULL_FILTERED,ENTRY,SIMPLE_TP_PCT,0.25,QUICK_NOT_CAUSAL,False,True,True,False,
ENTRY_FULL_FILTERED,ENTRY,SIMPLE_TP_PCT,0.375,QUICK_NOT_CAUSAL,False,True,True,False,
ENTRY_FULL_FILTERED,ENTRY,SIMPLE_TP_PCT,0.625,QUICK_NOT_CAUSAL,False,True,True,False,
ENTRY_FULL_FILTERED,ENTRY,SIMPLE_TP_PCT,0.75,QUICK_NOT_CAUSAL,False,True,True,False,
ENTRY_FULL_FILTERED,ENTRY,WT_REDUCE_FRAC_HIGH,0.5,QUICK_NOT_CAUSAL,False,True,True,False,
ENTRY_FULL_FILTERED,ENTRY,WT_REDUCE_FRAC_HIGH,0.25,QUICK_NOT_CAUSAL,False,True,True,False,
ENTRY_FULL_FILTERED,ENTRY,WT_REDUCE_FRAC_HIGH,0.375,QUICK_NOT_CAUSAL,False,True,True,False,
ENTRY_FULL_FILTERED,ENTRY,WT_REDUCE_FRAC_HIGH,0.625,QUICK_NOT_CAUSAL,False,True,True,False,
ENTRY_FULL_FILTERED,ENTRY,WT_REDUCE_FRAC_HIGH,0.75,QUICK_NOT_CAUSAL,False,True,True,False,
ENTRY_FULL_FILTERED,ENTRY,WT_REDUCE_FRAC_LOW,0.15,QUICK_NOT_CAUSAL,False,True,True,False,
ENTRY_FULL_FILTERED,ENTRY,WT_REDUCE_FRAC_LOW,0.075,QUICK_NOT_CAUSAL,False,True,True,False,
ENTRY_FULL_FILTERED,ENTRY,WT_REDUCE_FRAC_LOW,0.1125,QUICK_NOT_CAUSAL,False,True,True,False,
ENTRY_FULL_FILTERED,ENTRY,WT_REDUCE_FRAC_LOW,0.1875,QUICK_NOT_CAUSAL,False,True,True,False,
ENTRY_FULL_FILTERED,ENTRY,WT_REDUCE_FRAC_LOW,0.225,QUICK_NOT_CAUSAL,False,True,True,False,
ENTRY_FULL_FILTERED,ENTRY,WT_REDUCE_FRAC_MED,0.25,QUICK_NOT_CAUSAL,False,True,True,False,
ENTRY_FULL_FILTERED,ENTRY,WT_REDUCE_FRAC_MED,0.125,QUICK_NOT_CAUSAL,False,True,True,False,
ENTRY_FULL_FILTERED,ENTRY,WT_REDUCE_FRAC_MED,0.1875,QUICK_NOT_CAUSAL,False,True,True,False,
ENTRY_FULL_FILTERED,ENTRY,WT_REDUCE_FRAC_MED,0.3125,QUICK_NOT_CAUSAL,False,True,True,False,
ENTRY_FULL_FILTERED,ENTRY,WT_REDUCE_FRAC_MED,0.375,QUICK_NOT_CAUSAL,False,True,True,False,
ENTRY_FULL_FILTERED,ENTRY,BANDAID_OFF_LOSER_RECOVER_PCT,False,HOOKED_BOTH,True,True,True,False,
ENTRY_FULL_FILTERED,ENTRY,BTC_ROUND_BANDS_EACH_SIDE,False,HOOKED_BOTH,True,True,True,False,
ENTRY_FULL_FILTERED,ENTRY,GOLDEN_RULE_BASE_USD,False,QUICK_NOT_CAUSAL,False,True,True,False,
ENTRY_FULL_FILTERED,ENTRY,HLR_SMA_BAND_PCT,False,HOOKED_BOTH,True,True,True,False,
ENTRY_FULL_FILTERED,ENTRY,HLR_TOP_MIN_TFS,False,HOOKED_BOTH,True,True,True,False,
ENTRY_FULL_FILTERED,ENTRY,HTF_GATE_MIN_CONFIRMATIONS,False,HOOKED_BOTH,True,True,True,False,
ENTRY_FULL_FILTERED,ENTRY,MI_TF_AGREE_MIN,False,QUICK_NOT_CAUSAL,False,True,True,False,
ENTRY_FULL_FILTERED,ENTRY,NEW_POSITION_MAX_LOSS_THRESHOLD,0.5,QUICK_NOT_CAUSAL,False,True,True,False,
ENTRY_FULL_FILTERED,ENTRY,NEW_POSITION_MAX_LOSS_THRESHOLD,True,QUICK_NOT_CAUSAL,False,True,True,False,
ENTRY_FULL_FILTERED,ENTRY,NEW_POSITION_MAX_LOSS_THRESHOLD,2,QUICK_NOT_CAUSAL,False,True,True,False,
ENTRY_FULL_FILTERED,ENTRY,OI_CONFIRM_MIN_CHANGE_PCT,False,QUICK_NOT_CAUSAL,False,True,True,False,
ENTRY_FULL_FILTERED,ENTRY,OI_CONFIRM_MIN_PRICE_PCT,False,QUICK_NOT_CAUSAL,False,True,True,False,
ENTRY_FULL_FILTERED,ENTRY,DELTA_REENTRY_FILTER_ENABLED,False,HOOKED_BOTH,True,True,True,False,
ENTRY_FULL_FILTERED,ENTRY,BAR_PATTERNS_FILTER_TF,OFF,HOOKED_BOTH,True,True,True,False,
ENTRY_FULL_FILTERED,ENTRY,BAR_PATTERNS_FILTER_TF,D,HOOKED_BOTH,True,True,True,False,
ENTRY_FULL_FILTERED,ENTRY,BAR_PATTERNS_FILTER_TF,4h,HOOKED_BOTH,True,True,True,False,
ENTRY_FULL_FILTERED,ENTRY,BAR_PATTERNS_FILTER_TF,1h,HOOKED_BOTH,True,True,True,False,
ENTRY_FULL_FILTERED,ENTRY,BAR_PATTERNS_FILTER_TF,15m,HOOKED_BOTH,True,True,True,False,
ENTRY_FULL_FILTERED,ENTRY,BB_PULLBACK_GATE_FILTER_TF,OFF,HOOKED_BOTH,True,True,True,False,
ENTRY_FULL_FILTERED,ENTRY,BB_PULLBACK_GATE_FILTER_TF,D,HOOKED_BOTH,True,True,True,False,
ENTRY_FULL_FILTERED,ENTRY,BB_PULLBACK_GATE_FILTER_TF,4h,HOOKED_BOTH,True,True,True,False,
ENTRY_FULL_FILTERED,ENTRY,BB_PULLBACK_GATE_FILTER_TF,1h,HOOKED_BOTH,True,True,True,False,
ENTRY_FULL_FILTERED,ENTRY,BB_PULLBACK_GATE_FILTER_TF,15m,HOOKED_BOTH,True,True,True,False,
ENTRY_FULL_FILTERED,ENTRY,BB_RECOVERY_ENTRY_FILTER_TF,OFF,HOOKED_BOTH,True,True,True,False,
ENTRY_FULL_FILTERED,ENTRY,BB_RECOVERY_ENTRY_FILTER_TF,D,HOOKED_BOTH,True,True,True,False,
ENTRY_FULL_FILTERED,ENTRY,BB_RECOVERY_ENTRY_FILTER_TF,4h,HOOKED_BOTH,True,True,True,False,
ENTRY_FULL_FILTERED,ENTRY,BB_RECOVERY_ENTRY_FILTER_TF,1h,HOOKED_BOTH,True,True,True,False,
ENTRY_FULL_FILTERED,ENTRY,BB_RECOVERY_ENTRY_FILTER_TF,15m,HOOKED_BOTH,True,True,True,False,
ENTRY_FULL_FILTERED,ENTRY,BB_RECOVERY_FILTER_TF,OFF,HOOKED_BOTH,True,True,True,False,
ENTRY_FULL_FILTERED,ENTRY,BB_RECOVERY_FILTER_TF,D,HOOKED_BOTH,True,True,True,False,
ENTRY_FULL_FILTERED,ENTRY,BB_RECOVERY_FILTER_TF,4h,HOOKED_BOTH,True,True,True,False,
ENTRY_FULL_FILTERED,ENTRY,BB_RECOVERY_FILTER_TF,1h,HOOKED_BOTH,True,True,True,False,
ENTRY_FULL_FILTERED,ENTRY,BB_RECOVERY_FILTER_TF,15m,HOOKED_BOTH,True,True,True,False,
ENTRY_FULL_FILTERED,ENTRY,BREAKEVEN_GAIN_EROSION_FILTER_TF,OFF,HOOKED_BOTH,True,True,True,False,
ENTRY_FULL_FILTERED,ENTRY,BREAKEVEN_GAIN_EROSION_FILTER_TF,D,HOOKED_BOTH,True,True,True,False,
ENTRY_FULL_FILTERED,ENTRY,BREAKEVEN_GAIN_EROSION_FILTER_TF,4h,HOOKED_BOTH,True,True,True,False,
ENTRY_FULL_FILTERED,ENTRY,BREAKEVEN_GAIN_EROSION_FILTER_TF,1h,HOOKED_BOTH,True,True,True,False,
ENTRY_FULL_FILTERED,ENTRY,BREAKEVEN_GAIN_EROSION_FILTER_TF,15m,HOOKED_BOTH,True,True,True,False,
ENTRY_FULL_FILTERED,ENTRY,BREAKOUT_RETEST_FILTER_TF,OFF,HOOKED_BOTH,True,True,True,False,
ENTRY_FULL_FILTERED,ENTRY,BREAKOUT_RETEST_FILTER_TF,D,HOOKED_BOTH,True,True,True,False,
ENTRY_FULL_FILTERED,ENTRY,BREAKOUT_RETEST_FILTER_TF,4h,HOOKED_BOTH,True,True,True,False,
ENTRY_FULL_FILTERED,ENTRY,BREAKOUT_RETEST_FILTER_TF,1h,HOOKED_BOTH,True,True,True,False,
ENTRY_FULL_FILTERED,ENTRY,BREAKOUT_RETEST_FILTER_TF,15m,HOOKED_BOTH,True,True,True,False,
EXIT_BREAKOUT,EXIT,STDEV_BREAKOUT_EXIT_PCTB_FAIL,0,QUICK_NOT_CAUSAL,False,True,True,False,
EXIT_BREAKOUT,EXIT,STDEV_BREAKOUT_EXIT_PCTB_FAIL,1,QUICK_NOT_CAUSAL,False,True,True,False,
EXIT_BREAKOUT,EXIT,LR_BAND_LADDER_TF_BOTTOM,0,QUICK_NOT_CAUSAL,False,True,True,False,
EXIT_BREAKOUT,EXIT,LR_BAND_LADDER_TF_BOTTOM,1,QUICK_NOT_CAUSAL,False,True,True,False,
EXIT_BREAKOUT,EXIT,LR_BAND_LADDER_TF_TOP,0,QUICK_NOT_CAUSAL,False,True,True,False,
EXIT_BREAKOUT,EXIT,LR_BAND_LADDER_TF_TOP,1,QUICK_NOT_CAUSAL,False,True,True,False,
EXIT_PULLBACK_BOUNCE,EXIT,LR_BAND_LADDER_TF_BOTTOM,0,QUICK_NOT_CAUSAL,False,True,True,False,
EXIT_PULLBACK_BOUNCE,EXIT,LR_BAND_LADDER_TF_BOTTOM,1,QUICK_NOT_CAUSAL,False,True,True,False,
EXIT_PULLBACK_BOUNCE,EXIT,LR_BAND_LADDER_TF_TOP,0,QUICK_NOT_CAUSAL,False,True,True,False,
EXIT_PULLBACK_BOUNCE,EXIT,LR_BAND_LADDER_TF_TOP,1,QUICK_NOT_CAUSAL,False,True,True,False,
EXIT_PULLBACK_BOUNCE,EXIT,ADX_RANGING_THRESHOLD,20,HOOKED_BOTH,True,True,True,False,
EXIT_PULLBACK_BOUNCE,EXIT,ATR_TRAIL_FILTER_TF,OFF,HOOKED_BOTH,True,True,True,False,
EXIT_PULLBACK_BOUNCE,EXIT,BANDAID_OFF_LOSER_RECOVER_PCT,0,HOOKED_BOTH,True,True,True,False,
EXIT_PULLBACK_BOUNCE,EXIT,BAND_ARROW_ENABLED,False,HOOKED_BOTH,True,True,True,False,
EXIT_PULLBACK_BOUNCE,EXIT,BAR_PATTERNS_FILTER_TF,OFF,HOOKED_BOTH,True,True,True,False,
EXIT_PULLBACK_BOUNCE,EXIT,BB_PULLBACK_GATE_FILTER_TF,OFF,HOOKED_BOTH,True,True,True,False,
EXIT_PULLBACK_BOUNCE,EXIT,BB_RECOVERY_ENTRY_FILTER_TF,OFF,HOOKED_BOTH,True,True,True,False,
EXIT_PULLBACK_BOUNCE,EXIT,BB_RECOVERY_FILTER_TF,OFF,HOOKED_BOTH,True,True,True,False,
EXIT_PULLBACK_BOUNCE,EXIT,BREAKEVEN_GAIN_EROSION_FILTER_TF,OFF,HOOKED_BOTH,True,True,True,False,
EXIT_PULLBACK_BOUNCE,EXIT,BREAKOUT_RETEST_FILTER_TF,OFF,HOOKED_BOTH,True,True,True,False,
EXIT_PULLBACK_BOUNCE,EXIT,BTC_ACCEL_RAMP_REQUIRE_POSITIVE,0.0,HOOKED_BOTH,True,True,True,False,
EXIT_PULLBACK_BOUNCE,EXIT,BTC_DEDICATED_FILTER_TF,OFF,HOOKED_BOTH,True,True,True,False,
EXIT_PULLBACK_BOUNCE,EXIT,BTC_HARD_BLOCK_OTHER_ACCOUNTS,0.0,HOOKED_BOTH,True,True,True,False,
EXIT_PULLBACK_BOUNCE,EXIT,BTC_ROUND_BANDS_EACH_SIDE,0.0,HOOKED_BOTH,True,True,True,False,
EXIT_PULLBACK_BOUNCE,EXIT,BT_WT_CROSS_LADDER_FILTER_TF,OFF,HOOKED_BOTH,True,True,True,False,
EXIT_PULLBACK_BOUNCE,EXIT,CANDLE_PATTERN_STOPS_FILTER_TF,OFF,HOOKED_BOTH,True,True,True,False,
EXIT_PULLBACK_BOUNCE,EXIT,CIRCUIT_SHARPE_GATES_FILTER_TF,OFF,HOOKED_BOTH,True,True,True,False,
EXIT_PULLBACK_BOUNCE,EXIT,COOLDOWN_LOCKS_FILTER_TF,OFF,HOOKED_BOTH,True,True,True,False,
EXIT_PULLBACK_BOUNCE,EXIT,CRYPTO_SPIKE_FADE_THRESHOLD_PCT,10,HOOKED_BOTH,True,True,True,False,
EXIT_PULLBACK_BOUNCE,EXIT,DC_BREACH_REDUCE_FILTER_TF,OFF,HOOKED_BOTH,True,True,True,False,
EXIT_PULLBACK_BOUNCE,EXIT,DC_BREAK_FILTER_TF,OFF,HOOKED_BOTH,True,True,True,False,
EXIT_PULLBACK_BOUNCE,EXIT,DC_MOMENTUM_BOTA_SCORER_FILTER_TF,OFF,HOOKED_BOTH,True,True,True,False,
EXIT_PULLBACK_BOUNCE,EXIT,DC_MOMENT_STRONG_THRESHOLD,40,HOOKED_BOTH,True,True,True,False,
EXIT_PULLBACK_BOUNCE,EXIT,DELTA_ENGINE_FILTER_TF,OFF,HOOKED_BOTH,True,True,True,False,
EXIT_PULLBACK_BOUNCE,EXIT,DELTA_HTF_GATE,4h,HOOKED_BOTH,True,True,True,False,
EXIT_PULLBACK_BOUNCE,EXIT,DELTA_REENTRY_FILTER_ENABLED,False,HOOKED_BOTH,True,True,True,False,
EXIT_PULLBACK_BOUNCE,EXIT,DUP_GUARD_FILTER_TF,OFF,HOOKED_BOTH,True,True,True,False,
EXIT_PULLBACK_BOUNCE,EXIT,EMA_9_21_FILTER_FILTER_TF,OFF,HOOKED_BOTH,True,True,True,False,
EXIT_PULLBACK_BOUNCE,EXIT,EMA_9_21_FILTER_MIN_TFS,0,HOOKED_BOTH,True,True,True,False,
EXIT_PULLBACK_BOUNCE,EXIT,EMA_BLANKET_FILTER_ENABLED,False,HOOKED_BOTH,True,True,True,False,
EXIT_PULLBACK_BOUNCE,EXIT,EMA_BLANKET_FILTER_FILTER_TF,OFF,HOOKED_BOTH,True,True,True,False,
EXIT_PULLBACK_BOUNCE,EXIT,EMA_BLANKET_FILTER_MIN_TFS,0,HOOKED_BOTH,True,True,True,False,
EXIT_PULLBACK_BOUNCE,EXIT,EMERGENCY_BRAKE_FILTER_TF,OFF,HOOKED_BOTH,True,True,True,False,
EXIT_PULLBACK_BOUNCE,EXIT,EXECUTE_NOW_SINGLE_GATE_ENFORCE,0.0,HOOKED_BOTH,True,True,True,False,
EXIT_PULLBACK_BOUNCE,EXIT,EXIT_R1_R2_FILTER_TF,OFF,HOOKED_BOTH,True,True,True,False,
EXIT_PULLBACK_BOUNCE,EXIT,EXIT_TIGHT_BREAKOUT_SCORER_FILTER_TF,OFF,QUICK_NOT_CAUSAL,False,True,True,False,
EXIT_PULLBACK_BOUNCE,EXIT,EXIT_TOP_FADE_FILTER_TF,OFF,QUICK_NOT_CAUSAL,False,True,True,False,
EXIT_PULLBACK_BOUNCE,EXIT,EXIT_TO_REDUCE_ADAPTER_FILTER_TF,OFF,QUICK_NOT_CAUSAL,False,True,True,False,
EXIT_PULLBACK_BOUNCE,EXIT,EZ_MANAGE_THROTTLER_RATE,0.0,HOOKED_BOTH,True,True,True,False,
EXIT_PULLBACK_BOUNCE,EXIT,FAST_RISER_FILTER_TF,OFF,QUICK_NOT_CAUSAL,False,True,True,False,
EXIT_PULLBACK_BOUNCE,EXIT,FG_FEAR_THRESHOLD,25,HOOKED_BOTH,True,True,True,False,
EXIT_PULLBACK_BOUNCE,EXIT,FG_GREED_THRESHOLD,75,HOOKED_BOTH,True,True,True,False,
EXIT_PULLBACK_BOUNCE,EXIT,FH_MOMENTUM_FILTER_TF,OFF,QUICK_NOT_CAUSAL,False,True,True,False,
EXIT_PULLBACK_BOUNCE,EXIT,FIRST_OPEN_THROTTLE_FILTER_TF,OFF,QUICK_NOT_CAUSAL,False,True,True,False,
EXIT_PULLBACK_BOUNCE,EXIT,FROZEN_STOP_FILTER_TF,OFF,QUICK_NOT_CAUSAL,False,True,True,False,
EXIT_PULLBACK_BOUNCE,EXIT,FUNDING_GATE_FILTER_TF,OFF,QUICK_NOT_CAUSAL,False,True,True,False,
EXIT_PULLBACK_BOUNCE,EXIT,FUNDING_GATE_LONG_MAX,0.0,HOOKED_BOTH,True,True,True,False,
EXIT_PULLBACK_BOUNCE,EXIT,FUNDING_GATE_MTF_REQUIRED,0.0,HOOKED_BOTH,True,True,True,False,
EXIT_PULLBACK_BOUNCE,EXIT,FUNDING_GATE_SHORT_MIN,0.0,HOOKED_BOTH,True,True,True,False,
EXIT_PULLBACK_BOUNCE,EXIT,GOLDEN_RULE_BASE_USD,0.0,QUICK_NOT_CAUSAL,False,True,True,False,
EXIT_PULLBACK_BOUNCE,EXIT,GOLDEN_RULE_ENFORCE_FILTER_TF,OFF,QUICK_NOT_CAUSAL,False,True,True,False,
EXIT_PULLBACK_BOUNCE,EXIT,GOLDEN_RULE_HTF_VOTE_FILTER_TF,OFF,QUICK_NOT_CAUSAL,False,True,True,False,
EXIT_PULLBACK_BOUNCE,EXIT,GR_FILTER_ALL_ENTRIES,0.0,QUICK_NOT_CAUSAL,False,True,True,False,
EXIT_PULLBACK_BOUNCE,EXIT,GR_FILTER_VEC_ENABLED,False,QUICK_NOT_CAUSAL,False,True,True,False,
EXIT_PULLBACK_BOUNCE,EXIT,GR_FILTER_VEC_FILTER_TF,OFF,QUICK_NOT_CAUSAL,False,True,True,False,
EXIT_PULLBACK_BOUNCE,EXIT,GR_FILTER_VEC_MIN_TFS,0,QUICK_NOT_CAUSAL,False,True,True,False,
EXIT_PULLBACK_BOUNCE,EXIT,GR_V5_STATE_FILTER_TF,OFF,QUICK_NOT_CAUSAL,False,True,True,False,
EXIT_PULLBACK_BOUNCE,EXIT,HAIKU_WINNER_FILTER_TF,OFF,QUICK_NOT_CAUSAL,False,True,True,False,
EXIT_PULLBACK_BOUNCE,EXIT,HA_WICK_QUALITY_ENABLED,False,QUICK_NOT_CAUSAL,False,True,True,False,
EXIT_PULLBACK_BOUNCE,EXIT,HA_WICK_QUALITY_SCORE,15,QUICK_NOT_CAUSAL,False,True,True,False,
EXIT_PULLBACK_BOUNCE,EXIT,HA_WICK_QUALITY_TF,OFF,QUICK_NOT_CAUSAL,False,True,True,False,
EXIT_PULLBACK_BOUNCE,EXIT,HLR_SMA_BAND_PCT,0,HOOKED_BOTH,True,True,True,False,
EXIT_PULLBACK_BOUNCE,EXIT,HLR_TOP_MIN_TFS,0,HOOKED_BOTH,True,True,True,False,
EXIT_PULLBACK_BOUNCE,EXIT,HTF4_CONF,False,HOOKED_BOTH,True,True,True,False,
EXIT_PULLBACK_BOUNCE,EXIT,HTF_DIRECTION_GATE_ENABLED,False,QUICK_NOT_CAUSAL,False,True,True,False,
EXIT_PULLBACK_BOUNCE,EXIT,HTF_GATE_BYPASS_RZ,0.0,HOOKED_BOTH,True,True,True,False,
EXIT_PULLBACK_BOUNCE,EXIT,HTF_GATE_D_MANDATORY,0.0,HOOKED_BOTH,True,True,True,False,
EXIT_PULLBACK_BOUNCE,EXIT,HTF_GATE_MIN_CONFIRMATIONS,0.0,HOOKED_BOTH,True,True,True,False,
EXIT_PULLBACK_BOUNCE,EXIT,HTF_TREND_VETO_BYPASS_ENABLED,False,QUICK_NOT_CAUSAL,False,True,True,False,
EXIT_PULLBACK_BOUNCE,EXIT,HTF_TREND_VETO_BYPASS_REASONS,0.0,HOOKED_BOTH,True,True,True,False,
EXIT_PULLBACK_BOUNCE,EXIT,LEADERBOARD_FILTER,False,HOOKED_BOTH,True,True,True,False,
EXIT_PULLBACK_BOUNCE,EXIT,LH_HL_FILTER_ENABLED,False,QUICK_NOT_CAUSAL,False,True,True,False,
EXIT_PULLBACK_BOUNCE,EXIT,LH_HL_FILTER_MODE,STRICT_2BAR,QUICK_NOT_CAUSAL,False,True,True,False,
EXIT_PULLBACK_BOUNCE,EXIT,LH_HL_FILTER_REQUIRE_BOTH,False,QUICK_NOT_CAUSAL,False,True,True,False,
EXIT_PULLBACK_BOUNCE,EXIT,LH_HL_FILTER_TF_REQ,2,QUICK_NOT_CAUSAL,False,True,True,False,
EXIT_PULLBACK_BOUNCE,EXIT,LIVE_ENTRY_ENGINE_FILTER_TF,OFF,QUICK_NOT_CAUSAL,False,True,True,False,
EXIT_PULLBACK_BOUNCE,EXIT,LIVE_ONLY_SIGNALS_BATCH5_FILTER_TF,OFF,QUICK_NOT_CAUSAL,False,True,True,False,
EXIT_PULLBACK_BOUNCE,EXIT,LIVE_VEC_EMERGENCY_BRAKE_ENABLED,False,QUICK_NOT_CAUSAL,False,True,True,False,
EXIT_PULLBACK_BOUNCE,EXIT,LR_BAND_LADDER_STOCH_EXTREME,30.0,QUICK_NOT_CAUSAL,False,True,True,False,
EXIT_PULLBACK_BOUNCE,EXIT,MANDATORY_REENTRY_WT_FILTER_MIN_TFS,1,QUICK_NOT_CAUSAL,False,True,True,False,
EXIT_PULLBACK_BOUNCE,EXIT,MANDATORY_REENTRY_WT_FILTER_MIN_VELOCITY,0.0,QUICK_NOT_CAUSAL,False,True,True,False,
EXIT_PULLBACK_BOUNCE,EXIT,MANDATORY_REENTRY_WT_FILTER_REQUIRE_FLIP,False,QUICK_NOT_CAUSAL,False,True,True,False,
EXIT_PULLBACK_BOUNCE,EXIT,MANDATORY_REENTRY_WT_FILTER_TF_MODE,15m_only,QUICK_NOT_CAUSAL,False,True,True,False,
EXIT_PULLBACK_BOUNCE,EXIT,MANDATORY_REENTRY_WT_FILTER_VELOCITY_RATIO,0.90,QUICK_NOT_CAUSAL,False,True,True,False,
EXIT_PULLBACK_BOUNCE,EXIT,MARKET_QUALITY_SCORE_ENABLED,False,QUICK_NOT_CAUSAL,False,True,True,False,
EXIT_PULLBACK_BOUNCE,EXIT,MI_TF_AGREE_MIN,0.0,QUICK_NOT_CAUSAL,False,True,True,False,
EXIT_PULLBACK_BOUNCE,EXIT,MOM3_FILTER_TF,OFF,QUICK_NOT_CAUSAL,False,True,True,False,
EXIT_PULLBACK_BOUNCE,EXIT,MOMENTUM_BREAKOUT_FILTER_TF,OFF,QUICK_NOT_CAUSAL,False,True,True,False,
EXIT_PULLBACK_BOUNCE,EXIT,MOVER_THRESHOLD,5,QUICK_NOT_CAUSAL,False,True,True,False,
EXIT_PULLBACK_BOUNCE,EXIT,MTF_ARMED_ENTRIES_FILTER_TF,OFF,QUICK_NOT_CAUSAL,False,True,True,False,
EXIT_PULLBACK_BOUNCE,EXIT,MTF_ATR_TRAIL_FILTER_TF,OFF,QUICK_NOT_CAUSAL,False,True,True,False,
EXIT_PULLBACK_BOUNCE,EXIT,MTF_DC_REJECT_FILTER_TF,OFF,QUICK_NOT_CAUSAL,False,True,True,False,
EXIT_PULLBACK_BOUNCE,EXIT,MTF_FILTER_STRONG_BUY_QUICK_BYPASS,0.0,QUICK_NOT_CAUSAL,False,True,True,False,
EXIT_PULLBACK_BOUNCE,EXIT,MTF_GR_MIN_IND,5,QUICK_NOT_CAUSAL,False,True,True,False,
EXIT_PULLBACK_BOUNCE,EXIT,MTS_BOTTOM_BONUS_THRESHOLD,25,QUICK_NOT_CAUSAL,False,True,True,False,
EXIT_PULLBACK_BOUNCE,EXIT,MTS_BOTTOM_STRONG_THRESHOLD,40,QUICK_NOT_CAUSAL,False,True,True,False,
EXIT_PULLBACK_BOUNCE,EXIT,MTS_GATE_ENABLED,False,QUICK_NOT_CAUSAL,False,True,True,False,
EXIT_PULLBACK_BOUNCE,EXIT,NEWBORN_LOSS_KILL_FILTER_TF,OFF,QUICK_NOT_CAUSAL,False,True,True,False,
EXIT_PULLBACK_BOUNCE,EXIT,NEWBORN_LOSS_KILL_GAIN_THRESHOLD_PCT,0,QUICK_NOT_CAUSAL,False,True,True,False,
EXIT_PULLBACK_BOUNCE,EXIT,NEWBORN_LOSS_KILL_REQUIRE_VEL_AGAINST,0.0,QUICK_NOT_CAUSAL,False,True,True,False,
EXIT_PULLBACK_BOUNCE,EXIT,NEWBORN_PROTECT_FILTER_TF,OFF,QUICK_NOT_CAUSAL,False,True,True,False,
EXIT_PULLBACK_BOUNCE,EXIT,NEW_POSITION_MAX_LOSS_THRESHOLD,0,QUICK_NOT_CAUSAL,False,True,True,False,
EXIT_PULLBACK_BOUNCE,EXIT,NOLOSS_BYPASS_WT5OF5_FILTER_TF,OFF,QUICK_NOT_CAUSAL,False,True,True,False,
EXIT_PULLBACK_BOUNCE,EXIT,OI_CONFIRM_ENABLED,False,QUICK_NOT_CAUSAL,False,True,True,False,
EXIT_PULLBACK_BOUNCE,EXIT,OI_CONFIRM_MIN_CHANGE_PCT,0,QUICK_NOT_CAUSAL,False,True,True,False,
EXIT_PULLBACK_BOUNCE,EXIT,OI_CONFIRM_MIN_PRICE_PCT,0,QUICK_NOT_CAUSAL,False,True,True,False,
EXIT_PULLBACK_BOUNCE,EXIT,OPEN_INTENT_SIZE_GATES_FILTER_TF,OFF,QUICK_NOT_CAUSAL,False,True,True,False,
EXIT_PULLBACK_BOUNCE,EXIT,PARTIAL_PROFIT_LOCK_V2_FILTER_TF,OFF,QUICK_NOT_CAUSAL,False,True,True,False,
EXIT_PULLBACK_BOUNCE,EXIT,PEAK_GIVEBACK_BE_EROSION_FILTER_TF,OFF,QUICK_NOT_CAUSAL,False,True,True,False,
EXIT_NEUTRAL,EXIT,BTC_DIVERGENCE_EXIT_AGAINST,False,HOOKED_BOTH,True,True,True,False,
EXIT_NEUTRAL,EXIT,BTC_DIVERGENCE_EXIT_AGAINST,True,HOOKED_BOTH,True,True,True,False,
EXIT_NEUTRAL,EXIT,INTRADAY_SESSION_FORCE_EXIT_UTC,False,QUICK_NOT_CAUSAL,False,True,True,False,
EXIT_NEUTRAL,EXIT,INTRADAY_SESSION_FORCE_EXIT_UTC,True,QUICK_NOT_CAUSAL,False,True,True,False,
EXIT_NEUTRAL,EXIT,PARTIAL_EXIT_FRAC,False,QUICK_NOT_CAUSAL,False,True,True,False,
EXIT_NEUTRAL,EXIT,PARTIAL_EXIT_FRAC,True,QUICK_NOT_CAUSAL,False,True,True,False,
EXIT_NEUTRAL,EXIT,REVERSE_ON_EXIT_ENABLED,True,QUICK_NOT_CAUSAL,False,True,True,False,
EXIT_NEUTRAL,EXIT,REVERSE_ON_EXIT_ENABLED,False,QUICK_NOT_CAUSAL,False,True,True,False,
EXIT_NEUTRAL,EXIT,ALL_TF_AGAINST_CLOSE_COOLDOWN_SEC,False,HOOKED_BOTH,True,True,True,False,
EXIT_NEUTRAL,EXIT,ALL_TF_AGAINST_CLOSE_COOLDOWN_SEC,True,HOOKED_BOTH,True,True,True,False,
EXIT_NEUTRAL,EXIT,ALL_TF_AGAINST_CLOSE_ENABLED,True,HOOKED_BOTH,True,True,True,False,
EXIT_NEUTRAL,EXIT,ALL_TF_AGAINST_CLOSE_ENABLED,False,HOOKED_BOTH,True,True,True,False,
EXIT_NEUTRAL,EXIT,ALL_TF_AGAINST_CLOSE_MIN_TFS,False,HOOKED_BOTH,True,True,True,False,
EXIT_NEUTRAL,EXIT,ALL_TF_AGAINST_CLOSE_MIN_TFS,True,HOOKED_BOTH,True,True,True,False,
EXIT_NEUTRAL,EXIT,BREAKEVEN_DC_FIELD_MODE,False,HOOKED_BOTH,True,True,True,False,
EXIT_NEUTRAL,EXIT,BREAKEVEN_DC_FIELD_MODE,True,HOOKED_BOTH,True,True,True,False,
EXIT_NEUTRAL,EXIT,BREAKEVEN_GAIN_EROSION_ENABLED,True,HOOKED_BOTH,True,True,True,False,
EXIT_NEUTRAL,EXIT,BREAKEVEN_GAIN_EROSION_ENABLED,False,HOOKED_BOTH,True,True,True,False,
EXIT_NEUTRAL,EXIT,BREAKEVEN_GAIN_EROSION_MIN_GAIN,False,HOOKED_BOTH,True,True,True,False,
EXIT_NEUTRAL,EXIT,BREAKEVEN_GAIN_EROSION_MIN_GAIN,True,HOOKED_BOTH,True,True,True,False,
EXIT_NEUTRAL,EXIT,BREAKEVEN_GAIN_EROSION_REQUIRE_PROFIT,False,HOOKED_BOTH,True,True,True,False,
EXIT_NEUTRAL,EXIT,BREAKEVEN_GAIN_EROSION_REQUIRE_PROFIT,True,HOOKED_BOTH,True,True,True,False,
EXIT_NEUTRAL,EXIT,DC_HOPELESS_EXIT_ENABLED,True,HOOKED_BOTH,True,True,True,False,
EXIT_NEUTRAL,EXIT,DC_HOPELESS_EXIT_ENABLED,False,HOOKED_BOTH,True,True,True,False,
EXIT_NEUTRAL,EXIT,DC_HOPELESS_EXIT_MIN_AGE_S,False,HOOKED_BOTH,True,True,True,False,
EXIT_NEUTRAL,EXIT,DC_HOPELESS_EXIT_MIN_AGE_S,True,HOOKED_BOTH,True,True,True,False,
EXIT_NEUTRAL,EXIT,DYN_STRUCT_TRAIL_ENABLED,True,HOOKED_BOTH,True,True,True,False,
EXIT_NEUTRAL,EXIT,DYN_STRUCT_TRAIL_ENABLED,False,HOOKED_BOTH,True,True,True,False,
EXIT_NEUTRAL,EXIT,E_1_EXIT_DELTA_THR,False,HOOKED_BOTH,True,True,True,False,
EXIT_NEUTRAL,EXIT,E_1_EXIT_DELTA_THR,True,HOOKED_BOTH,True,True,True,False,
EXIT_NEUTRAL,EXIT,E_1_WT_EXIT_USE_DELTA_ENABLED,True,QUICK_NOT_CAUSAL,False,True,True,False,
EXIT_NEUTRAL,EXIT,E_1_WT_EXIT_USE_DELTA_ENABLED,False,QUICK_NOT_CAUSAL,False,True,True,False,
EXIT_NEUTRAL,EXIT,E_3_USE_WT_STRUCTURE_EXIT_MODE,False,HOOKED_BOTH,True,True,True,False,
EXIT_NEUTRAL,EXIT,E_3_USE_WT_STRUCTURE_EXIT_MODE,True,HOOKED_BOTH,True,True,True,False,
EXIT_NEUTRAL,EXIT,HARD_BREAKEVEN_FLOOR_ENABLED,True,BADLY_WIRED_PLACEHOLDER,False,True,True,True,
EXIT_NEUTRAL,EXIT,HARD_BREAKEVEN_FLOOR_ENABLED,False,BADLY_WIRED_PLACEHOLDER,False,True,True,True,
EXIT_NEUTRAL,EXIT,HARD_BREAKEVEN_MIN_PEAK_PCT,False,HOOKED_BOTH,True,True,True,False,
EXIT_NEUTRAL,EXIT,HARD_BREAKEVEN_MIN_PEAK_PCT,True,HOOKED_BOTH,True,True,True,False,
EXIT_NEUTRAL,EXIT,HLR_TOP_EXIT_ENABLED,True,HOOKED_BOTH,True,True,True,False,
EXIT_NEUTRAL,EXIT,HLR_TOP_EXIT_ENABLED,False,HOOKED_BOTH,True,True,True,False,
EXIT_NEUTRAL,EXIT,HTF_AGAINST_FORCE_CLOSE_CONFIRM_4H,False,HOOKED_BOTH,True,True,True,False,
EXIT_NEUTRAL,EXIT,HTF_AGAINST_FORCE_CLOSE_CONFIRM_4H,True,HOOKED_BOTH,True,True,True,False,
EXIT_NEUTRAL,EXIT,HTF_AGAINST_FORCE_CLOSE_ENABLED,True,QUICK_NOT_CAUSAL,False,True,True,False,
EXIT_NEUTRAL,EXIT,HTF_AGAINST_FORCE_CLOSE_ENABLED,False,QUICK_NOT_CAUSAL,False,True,True,False,
EXIT_NEUTRAL,EXIT,HTF_EXIT_VETO_ENABLED,True,QUICK_NOT_CAUSAL,False,True,True,False,
EXIT_NEUTRAL,EXIT,HTF_EXIT_VETO_ENABLED,False,QUICK_NOT_CAUSAL,False,True,True,False,
EXIT_NEUTRAL,EXIT,HTF_EXIT_VETO_MAX_LOSS_PCT,False,HOOKED_BOTH,True,True,True,False,
EXIT_NEUTRAL,EXIT,HTF_EXIT_VETO_MAX_LOSS_PCT,True,HOOKED_BOTH,True,True,True,False,
EXIT_NEUTRAL,EXIT,HTF_EXIT_VETO_MIN_ALIGNED,False,QUICK_NOT_CAUSAL,False,True,True,False,
EXIT_NEUTRAL,EXIT,HTF_EXIT_VETO_MIN_ALIGNED,True,QUICK_NOT_CAUSAL,False,True,True,False,
EXIT_NEUTRAL,EXIT,LOSS_EXIT_STALE_PRICE_ALLOW_NEAR_BE_ENABLED,True,QUICK_NOT_CAUSAL,False,True,True,False,
EXIT_NEUTRAL,EXIT,LOSS_EXIT_STALE_PRICE_ALLOW_NEAR_BE_ENABLED,False,QUICK_NOT_CAUSAL,False,True,True,False,
EXIT_NEUTRAL,EXIT,LOSS_EXIT_STOP_FUNCTIONS_KILL_ENABLED,True,HOOKED_BOTH,True,True,True,False,
EXIT_NEUTRAL,EXIT,LOSS_EXIT_STOP_FUNCTIONS_KILL_ENABLED,False,HOOKED_BOTH,True,True,True,False,
EXIT_NEUTRAL,EXIT,LOSS_TECHNICAL_EXIT_NO_STALE_BLOCK,False,QUICK_NOT_CAUSAL,False,True,True,False,
EXIT_NEUTRAL,EXIT,LOSS_TECHNICAL_EXIT_NO_STALE_BLOCK,True,QUICK_NOT_CAUSAL,False,True,True,False,
EXIT_NEUTRAL,EXIT,MACD_EXIT_ENABLED,True,QUICK_NOT_CAUSAL,False,True,True,False,
EXIT_NEUTRAL,EXIT,MACD_EXIT_ENABLED,False,QUICK_NOT_CAUSAL,False,True,True,False,
EXIT_NEUTRAL,EXIT,MACD_EXIT_MIN_GAIN,False,QUICK_NOT_CAUSAL,False,True,True,False,
EXIT_NEUTRAL,EXIT,MACD_EXIT_MIN_GAIN,True,QUICK_NOT_CAUSAL,False,True,True,False,
EXIT_NEUTRAL,EXIT,MACD_EXIT_TF,15m,QUICK_NOT_CAUSAL,False,True,True,False,
EXIT_NEUTRAL,EXIT,MACD_EXIT_TF,1h,QUICK_NOT_CAUSAL,False,True,True,False,
EXIT_NEUTRAL,EXIT,MACD_EXIT_TF,4h,QUICK_NOT_CAUSAL,False,True,True,False,
EXIT_NEUTRAL,EXIT,MACD_EXIT_TF,D,QUICK_NOT_CAUSAL,False,True,True,False,
EXIT_NEUTRAL,EXIT,MI_DIV_EXIT_ENABLED,True,QUICK_NOT_CAUSAL,False,True,True,False,
EXIT_NEUTRAL,EXIT,MI_DIV_EXIT_ENABLED,False,QUICK_NOT_CAUSAL,False,True,True,False,
EXIT_NEUTRAL,EXIT,MI_EXHAUST_EXIT_ENABLED,True,QUICK_NOT_CAUSAL,False,True,True,False,
EXIT_NEUTRAL,EXIT,MI_EXHAUST_EXIT_ENABLED,False,QUICK_NOT_CAUSAL,False,True,True,False,
EXIT_NEUTRAL,EXIT,MI_MIN_GAIN_EXIT,False,QUICK_NOT_CAUSAL,False,True,True,False,
EXIT_NEUTRAL,EXIT,MI_MIN_GAIN_EXIT,True,QUICK_NOT_CAUSAL,False,True,True,False,
EXIT_NEUTRAL,EXIT,MI_STRUCT_EXIT_ENABLED,True,QUICK_NOT_CAUSAL,False,True,True,False,
EXIT_NEUTRAL,EXIT,MI_STRUCT_EXIT_ENABLED,False,QUICK_NOT_CAUSAL,False,True,True,False,
EXIT_NEUTRAL,EXIT,MI_VELOCITY_EXIT_ENABLED,True,QUICK_NOT_CAUSAL,False,True,True,False,
EXIT_NEUTRAL,EXIT,MI_VELOCITY_EXIT_ENABLED,False,QUICK_NOT_CAUSAL,False,True,True,False,
EXIT_NEUTRAL,EXIT,MI_WAVE_EXIT_ENABLED,True,QUICK_NOT_CAUSAL,False,True,True,False,
EXIT_NEUTRAL,EXIT,MI_WAVE_EXIT_ENABLED,False,QUICK_NOT_CAUSAL,False,True,True,False,
EXIT_NEUTRAL,EXIT,MU_CORRECTION_EXIT_ENABLED,True,QUICK_NOT_CAUSAL,False,True,True,False,
EXIT_NEUTRAL,EXIT,MU_CORRECTION_EXIT_ENABLED,False,QUICK_NOT_CAUSAL,False,True,True,False,
EXIT_NEUTRAL,EXIT,RULE_B_3M_EXIT_ENABLED,True,QUICK_NOT_CAUSAL,False,True,True,False,LOW_TF
EXIT_NEUTRAL,EXIT,RULE_B_3M_EXIT_ENABLED,False,QUICK_NOT_CAUSAL,False,True,True,False,LOW_TF
EXIT_NEUTRAL,EXIT,SCALP_V3_K_OB_EXIT_ENABLED,True,QUICK_NOT_CAUSAL,False,True,True,False,
EXIT_NEUTRAL,EXIT,SCALP_V3_K_OB_EXIT_ENABLED,False,QUICK_NOT_CAUSAL,False,True,True,False,
EXIT_NEUTRAL,EXIT,SCALP_V3_K_OB_EXIT_K15M_HI,False,QUICK_NOT_CAUSAL,False,True,True,False,
EXIT_NEUTRAL,EXIT,SCALP_V3_K_OB_EXIT_K15M_HI,True,QUICK_NOT_CAUSAL,False,True,True,False,
EXIT_NEUTRAL,EXIT,SCALP_V3_K_OB_EXIT_K15M_LO,False,QUICK_NOT_CAUSAL,False,True,True,False,
EXIT_NEUTRAL,EXIT,SCALP_V3_K_OB_EXIT_K15M_LO,True,QUICK_NOT_CAUSAL,False,True,True,False,
EXIT_NEUTRAL,EXIT,SCALP_V3_K_OB_EXIT_K3M_HI,False,QUICK_NOT_CAUSAL,False,True,True,False,
EXIT_NEUTRAL,EXIT,SCALP_V3_K_OB_EXIT_K3M_HI,True,QUICK_NOT_CAUSAL,False,True,True,False,
EXIT_NEUTRAL,EXIT,SCALP_V3_K_OB_EXIT_K3M_LO,False,QUICK_NOT_CAUSAL,False,True,True,False,
EXIT_NEUTRAL,EXIT,SCALP_V3_K_OB_EXIT_K3M_LO,True,QUICK_NOT_CAUSAL,False,True,True,False,
EXIT_NEUTRAL,EXIT,SCALP_V3_K_OB_EXIT_WALL_PCT,False,QUICK_NOT_CAUSAL,False,True,True,False,
EXIT_NEUTRAL,EXIT,SCALP_V3_K_OB_EXIT_WALL_PCT,True,QUICK_NOT_CAUSAL,False,True,True,False,
EXIT_NEUTRAL,EXIT,SCALP_V3_OB_WALL_TOO_CLOSE_PCT,False,QUICK_NOT_CAUSAL,False,True,True,False,
EXIT_NEUTRAL,EXIT,SCALP_V3_OB_WALL_TOO_CLOSE_PCT,True,QUICK_NOT_CAUSAL,False,True,True,False,
EXIT_NEUTRAL,EXIT,SCALP_V3_PROTECTIVE_EXIT_ENABLED,True,QUICK_NOT_CAUSAL,False,True,True,False,
EXIT_NEUTRAL,EXIT,SCALP_V3_PROTECTIVE_EXIT_ENABLED,False,QUICK_NOT_CAUSAL,False,True,True,False,
EXIT_NEUTRAL,EXIT,STDEV_REJECT_EXIT_TF,15m,QUICK_NOT_CAUSAL,False,True,True,False,
EXIT_NEUTRAL,EXIT,STDEV_REJECT_EXIT_TF,1h,QUICK_NOT_CAUSAL,False,True,True,False,
EXIT_NEUTRAL,EXIT,STDEV_REJECT_EXIT_TF,4h,QUICK_NOT_CAUSAL,False,True,True,False,
EXIT_NEUTRAL,EXIT,STDEV_REJECT_EXIT_TF,D,QUICK_NOT_CAUSAL,False,True,True,False,
EXIT_NEUTRAL,EXIT,TREND_EXIT_SCORE_FLIP,False,QUICK_NOT_CAUSAL,False,True,True,False,
EXIT_NEUTRAL,EXIT,TREND_EXIT_SCORE_FLIP,True,QUICK_NOT_CAUSAL,False,True,True,False,
EXIT_NEUTRAL,EXIT,TREND_MIN_GAIN_EXIT,False,QUICK_NOT_CAUSAL,False,True,True,False,
EXIT_NEUTRAL,EXIT,TREND_MIN_GAIN_EXIT,True,QUICK_NOT_CAUSAL,False,True,True,False,
EXIT_NEUTRAL,EXIT,WT_4H_VEL_EXIT_ENABLED,True,QUICK_NOT_CAUSAL,False,True,True,False,
EXIT_NEUTRAL,EXIT,WT_4H_VEL_EXIT_ENABLED,False,QUICK_NOT_CAUSAL,False,True,True,False,
EXIT_NEUTRAL,EXIT,WT_4H_VEL_EXIT_K_EXTREME_HIGH,False,QUICK_NOT_CAUSAL,False,True,True,False,
EXIT_NEUTRAL,EXIT,WT_4H_VEL_EXIT_K_EXTREME_HIGH,True,QUICK_NOT_CAUSAL,False,True,True,False,
EXIT_NEUTRAL,EXIT,WT_4H_VEL_EXIT_K_EXTREME_LOW,False,QUICK_NOT_CAUSAL,False,True,True,False,
EXIT_NEUTRAL,EXIT,WT_4H_VEL_EXIT_K_EXTREME_LOW,True,QUICK_NOT_CAUSAL,False,True,True,False,
EXIT_NEUTRAL,EXIT,WT_4H_VEL_EXIT_REQUIRE_K_EXTREME,False,QUICK_NOT_CAUSAL,False,True,True,False,
EXIT_NEUTRAL,EXIT,WT_4H_VEL_EXIT_REQUIRE_K_EXTREME,True,QUICK_NOT_CAUSAL,False,True,True,False,
EXIT_NEUTRAL,EXIT,WT_4H_VEL_EXIT_REQUIRE_PROFIT,False,QUICK_NOT_CAUSAL,False,True,True,False,
EXIT_NEUTRAL,EXIT,WT_4H_VEL_EXIT_REQUIRE_PROFIT,True,QUICK_NOT_CAUSAL,False,True,True,False,
EXIT_NEUTRAL,EXIT,WT_CROSS_EXIT_ENABLED,True,QUICK_NOT_CAUSAL,False,True,True,False,
EXIT_NEUTRAL,EXIT,WT_CROSS_EXIT_ENABLED,False,QUICK_NOT_CAUSAL,False,True,True,False,
EXIT_NEUTRAL,EXIT,WT_CROSS_EXIT_MIN_AGE_MINUTES,False,QUICK_NOT_CAUSAL,False,True,True,False,
EXIT_NEUTRAL,EXIT,WT_CROSS_EXIT_MIN_AGE_MINUTES,True,QUICK_NOT_CAUSAL,False,True,True,False,
EXIT_NEUTRAL,EXIT,WT_CROSS_EXIT_REQUIRE_15M_CONFIRM,False,QUICK_NOT_CAUSAL,False,True,True,False,
EXIT_NEUTRAL,EXIT,WT_CROSS_EXIT_REQUIRE_15M_CONFIRM,True,QUICK_NOT_CAUSAL,False,True,True,False,
EXIT_NEUTRAL,EXIT,WT_EXHAUST_EXIT_MIN_GAIN_PCT,False,QUICK_NOT_CAUSAL,False,True,True,False,
EXIT_NEUTRAL,EXIT,WT_EXHAUST_EXIT_MIN_GAIN_PCT,True,QUICK_NOT_CAUSAL,False,True,True,False,
EXIT_NEUTRAL,EXIT,WT_EXHAUST_EXIT_REQUIRE_GAIN,False,QUICK_NOT_CAUSAL,False,True,True,False,
EXIT_NEUTRAL,EXIT,WT_EXHAUST_EXIT_REQUIRE_GAIN,True,QUICK_NOT_CAUSAL,False,True,True,False,
EXIT_NEUTRAL,EXIT,WT_PERCENTILE_EXIT_ENABLED,True,QUICK_NOT_CAUSAL,False,True,True,False,
EXIT_NEUTRAL,EXIT,WT_PERCENTILE_EXIT_ENABLED,False,QUICK_NOT_CAUSAL,False,True,True,False,
EXIT_NEUTRAL,EXIT,WT_PERCENTILE_EXIT_OB_4H,False,QUICK_NOT_CAUSAL,False,True,True,False,
EXIT_NEUTRAL,EXIT,WT_PERCENTILE_EXIT_OB_4H,True,QUICK_NOT_CAUSAL,False,True,True,False,
EXIT_NEUTRAL,EXIT,WT_PERCENTILE_EXIT_OB_D,False,QUICK_NOT_CAUSAL,False,True,True,False,
EXIT_NEUTRAL,EXIT,WT_PERCENTILE_EXIT_OB_D,True,QUICK_NOT_CAUSAL,False,True,True,False,
EXIT_NEUTRAL,EXIT,WT_PERCENTILE_EXIT_OS_4H,False,QUICK_NOT_CAUSAL,False,True,True,False,
EXIT_NEUTRAL,EXIT,WT_PERCENTILE_EXIT_OS_4H,True,QUICK_NOT_CAUSAL,False,True,True,False,
EXIT_NEUTRAL,EXIT,WT_PERCENTILE_EXIT_OS_D,False,QUICK_NOT_CAUSAL,False,True,True,False,
EXIT_NEUTRAL,EXIT,WT_PERCENTILE_EXIT_OS_D,True,QUICK_NOT_CAUSAL,False,True,True,False,
EXIT_NEUTRAL,EXIT,ATR_TRAIL_SWEEP_ENABLED,True,HOOKED_BOTH,True,True,True,False,
EXIT_NEUTRAL,EXIT,ATR_TRAIL_SWEEP_ENABLED,False,HOOKED_BOTH,True,True,True,False,
EXIT_NEUTRAL,EXIT,BAND_ARROW_SLOPE_DEADBAND,False,HOOKED_BOTH,True,True,True,False,
EXIT_NEUTRAL,EXIT,BAND_ARROW_SLOPE_DEADBAND,True,HOOKED_BOTH,True,True,True,False,
EXIT_NEUTRAL,EXIT,LR_BAND_LADDER_TF_BOTTOM,False,QUICK_NOT_CAUSAL,False,True,True,False,
EXIT_NEUTRAL,EXIT,LR_BAND_LADDER_TF_BOTTOM,True,QUICK_NOT_CAUSAL,False,True,True,False,
EXIT_NEUTRAL,EXIT,LR_BAND_LADDER_TF_TOP,False,QUICK_NOT_CAUSAL,False,True,True,False,
EXIT_NEUTRAL,EXIT,LR_BAND_LADDER_TF_TOP,True,QUICK_NOT_CAUSAL,False,True,True,False,
EXIT_NEUTRAL,EXIT,BB_SQUEEZE_EXIT_ENABLED,True,HOOKED_BOTH,True,True,True,False,
EXIT_NEUTRAL,EXIT,BB_SQUEEZE_EXIT_ENABLED,False,HOOKED_BOTH,True,True,True,False,
EXIT_NEUTRAL,EXIT,ADX_RANGING_THRESHOLD,20,HOOKED_BOTH,True,True,True,False,
EXIT_NEUTRAL,EXIT,ATR_TRAIL_FILTER_TF,OFF,HOOKED_BOTH,True,True,True,False,
EXIT_NEUTRAL,EXIT,BANDAID_OFF_LOSER_RECOVER_PCT,0,HOOKED_BOTH,True,True,True,False,
EXIT_NEUTRAL,EXIT,BAND_ARROW_ENABLED,False,HOOKED_BOTH,True,True,True,False,
EXIT_NEUTRAL,EXIT,BAR_PATTERNS_FILTER_TF,OFF,HOOKED_BOTH,True,True,True,False,
EXIT_NEUTRAL,EXIT,BB_PULLBACK_GATE_FILTER_TF,OFF,HOOKED_BOTH,True,True,True,False,
EXIT_NEUTRAL,EXIT,BB_RECOVERY_ENTRY_FILTER_TF,OFF,HOOKED_BOTH,True,True,True,False,
EXIT_NEUTRAL,EXIT,BB_RECOVERY_FILTER_TF,OFF,HOOKED_BOTH,True,True,True,False,
EXIT_NEUTRAL,EXIT,BREAKEVEN_GAIN_EROSION_FILTER_TF,OFF,HOOKED_BOTH,True,True,True,False,
EXIT_NEUTRAL,EXIT,BREAKOUT_RETEST_FILTER_TF,OFF,HOOKED_BOTH,True,True,True,False,
EXIT_NEUTRAL,EXIT,BTC_ACCEL_RAMP_REQUIRE_POSITIVE,0.0,HOOKED_BOTH,True,True,True,False,
EXIT_NEUTRAL,EXIT,BTC_DEDICATED_FILTER_TF,OFF,HOOKED_BOTH,True,True,True,False,
EXIT_NEUTRAL,EXIT,BTC_HARD_BLOCK_OTHER_ACCOUNTS,0.0,HOOKED_BOTH,True,True,True,False,
EXIT_NEUTRAL,EXIT,BTC_ROUND_BANDS_EACH_SIDE,0.0,HOOKED_BOTH,True,True,True,False,
EXIT_NEUTRAL,EXIT,BT_WT_CROSS_LADDER_FILTER_TF,OFF,HOOKED_BOTH,True,True,True,False,
EXIT_NEUTRAL,EXIT,CANDLE_PATTERN_STOPS_FILTER_TF,OFF,HOOKED_BOTH,True,True,True,False,
EXIT_NEUTRAL,EXIT,CIRCUIT_SHARPE_GATES_FILTER_TF,OFF,HOOKED_BOTH,True,True,True,False,
EXIT_NEUTRAL,EXIT,COOLDOWN_LOCKS_FILTER_TF,OFF,HOOKED_BOTH,True,True,True,False,
EXIT_NEUTRAL,EXIT,CRYPTO_SPIKE_FADE_THRESHOLD_PCT,10,HOOKED_BOTH,True,True,True,False,
EXIT_NEUTRAL,EXIT,DC_BREACH_REDUCE_FILTER_TF,OFF,HOOKED_BOTH,True,True,True,False,
EXIT_NEUTRAL,EXIT,DC_BREAK_FILTER_TF,OFF,HOOKED_BOTH,True,True,True,False,
EXIT_NEUTRAL,EXIT,DC_MOMENTUM_BOTA_SCORER_FILTER_TF,OFF,HOOKED_BOTH,True,True,True,False,
EXIT_NEUTRAL,EXIT,DC_MOMENT_STRONG_THRESHOLD,40,HOOKED_BOTH,True,True,True,False,
EXIT_NEUTRAL,EXIT,DELTA_ENGINE_FILTER_TF,OFF,HOOKED_BOTH,True,True,True,False,
EXIT_NEUTRAL,EXIT,DELTA_HTF_GATE,4h,HOOKED_BOTH,True,True,True,False,
EXIT_NEUTRAL,EXIT,DELTA_REENTRY_FILTER_ENABLED,False,HOOKED_BOTH,True,True,True,False,
EXIT_NEUTRAL,EXIT,DUP_GUARD_FILTER_TF,OFF,HOOKED_BOTH,True,True,True,False,
EXIT_NEUTRAL,EXIT,EMA_9_21_FILTER_FILTER_TF,OFF,HOOKED_BOTH,True,True,True,False,
EXIT_NEUTRAL,EXIT,EMA_9_21_FILTER_MIN_TFS,0,HOOKED_BOTH,True,True,True,False,
EXIT_NEUTRAL,EXIT,EMA_BLANKET_FILTER_ENABLED,False,HOOKED_BOTH,True,True,True,False,
EXIT_NEUTRAL,EXIT,EMA_BLANKET_FILTER_FILTER_TF,OFF,HOOKED_BOTH,True,True,True,False,
EXIT_NEUTRAL,EXIT,EMA_BLANKET_FILTER_MIN_TFS,0,HOOKED_BOTH,True,True,True,False,
EXIT_NEUTRAL,EXIT,EMERGENCY_BRAKE_FILTER_TF,OFF,HOOKED_BOTH,True,True,True,False,
EXIT_NEUTRAL,EXIT,EXECUTE_NOW_SINGLE_GATE_ENFORCE,0.0,HOOKED_BOTH,True,True,True,False,
EXIT_NEUTRAL,EXIT,EXIT_R1_R2_FILTER_TF,OFF,HOOKED_BOTH,True,True,True,False,
EXIT_NEUTRAL,EXIT,EXIT_TIGHT_BREAKOUT_SCORER_FILTER_TF,OFF,QUICK_NOT_CAUSAL,False,True,True,False,
EXIT_NEUTRAL,EXIT,EXIT_TOP_FADE_FILTER_TF,OFF,QUICK_NOT_CAUSAL,False,True,True,False,
EXIT_NEUTRAL,EXIT,EXIT_TO_REDUCE_ADAPTER_FILTER_TF,OFF,QUICK_NOT_CAUSAL,False,True,True,False,
EXIT_NEUTRAL,EXIT,EZ_MANAGE_THROTTLER_RATE,0.0,HOOKED_BOTH,True,True,True,False,
EXIT_NEUTRAL,EXIT,FAST_RISER_FILTER_TF,OFF,QUICK_NOT_CAUSAL,False,True,True,False,
EXIT_NEUTRAL,EXIT,FG_FEAR_THRESHOLD,25,HOOKED_BOTH,True,True,True,False,
EXIT_NEUTRAL,EXIT,FG_GREED_THRESHOLD,75,HOOKED_BOTH,True,True,True,False,
EXIT_NEUTRAL,EXIT,FH_MOMENTUM_FILTER_TF,OFF,QUICK_NOT_CAUSAL,False,True,True,False,
EXIT_NEUTRAL,EXIT,FIRST_OPEN_THROTTLE_FILTER_TF,OFF,QUICK_NOT_CAUSAL,False,True,True,False,
EXIT_NEUTRAL,EXIT,FROZEN_STOP_FILTER_TF,OFF,QUICK_NOT_CAUSAL,False,True,True,False,
EXIT_NEUTRAL,EXIT,FUNDING_GATE_FILTER_TF,OFF,QUICK_NOT_CAUSAL,False,True,True,False,
EXIT_NEUTRAL,EXIT,FUNDING_GATE_LONG_MAX,0.0,HOOKED_BOTH,True,True,True,False,
EXIT_NEUTRAL,EXIT,FUNDING_GATE_MTF_REQUIRED,0.0,HOOKED_BOTH,True,True,True,False,
EXIT_NEUTRAL,EXIT,FUNDING_GATE_SHORT_MIN,0.0,HOOKED_BOTH,True,True,True,False,
EXIT_NEUTRAL,EXIT,GOLDEN_RULE_BASE_USD,0.0,QUICK_NOT_CAUSAL,False,True,True,False,
EXIT_NEUTRAL,EXIT,GOLDEN_RULE_ENFORCE_FILTER_TF,OFF,QUICK_NOT_CAUSAL,False,True,True,False,
EXIT_NEUTRAL,EXIT,GOLDEN_RULE_HTF_VOTE_FILTER_TF,OFF,QUICK_NOT_CAUSAL,False,True,True,False,
EXIT_NEUTRAL,EXIT,GR_FILTER_ALL_ENTRIES,0.0,QUICK_NOT_CAUSAL,False,True,True,False,
EXIT_NEUTRAL,EXIT,GR_FILTER_VEC_ENABLED,False,QUICK_NOT_CAUSAL,False,True,True,False,
EXIT_NEUTRAL,EXIT,GR_FILTER_VEC_FILTER_TF,OFF,QUICK_NOT_CAUSAL,False,True,True,False,
EXIT_NEUTRAL,EXIT,GR_FILTER_VEC_MIN_TFS,0,QUICK_NOT_CAUSAL,False,True,True,False,
EXIT_NEUTRAL,EXIT,GR_V5_STATE_FILTER_TF,OFF,QUICK_NOT_CAUSAL,False,True,True,False,
EXIT_NEUTRAL,EXIT,HAIKU_WINNER_FILTER_TF,OFF,QUICK_NOT_CAUSAL,False,True,True,False,
EXIT_NEUTRAL,EXIT,HA_WICK_QUALITY_ENABLED,False,QUICK_NOT_CAUSAL,False,True,True,False,
EXIT_NEUTRAL,EXIT,HA_WICK_QUALITY_SCORE,15,QUICK_NOT_CAUSAL,False,True,True,False,
EXIT_NEUTRAL,EXIT,HA_WICK_QUALITY_TF,OFF,QUICK_NOT_CAUSAL,False,True,True,False,
EXIT_NEUTRAL,EXIT,HLR_SMA_BAND_PCT,0,HOOKED_BOTH,True,True,True,False,
EXIT_NEUTRAL,EXIT,HLR_TOP_MIN_TFS,0,HOOKED_BOTH,True,True,True,False,
EXIT_NEUTRAL,EXIT,HTF4_CONF,False,HOOKED_BOTH,True,True,True,False,
EXIT_NEUTRAL,EXIT,HTF_DIRECTION_GATE_ENABLED,False,QUICK_NOT_CAUSAL,False,True,True,False,
EXIT_NEUTRAL,EXIT,HTF_GATE_BYPASS_RZ,0.0,HOOKED_BOTH,True,True,True,False,
EXIT_NEUTRAL,EXIT,HTF_GATE_D_MANDATORY,0.0,HOOKED_BOTH,True,True,True,False,
EXIT_NEUTRAL,EXIT,HTF_GATE_MIN_CONFIRMATIONS,0.0,HOOKED_BOTH,True,True,True,False,
EXIT_NEUTRAL,EXIT,HTF_TREND_VETO_BYPASS_ENABLED,False,QUICK_NOT_CAUSAL,False,True,True,False,
EXIT_NEUTRAL,EXIT,HTF_TREND_VETO_BYPASS_REASONS,0.0,HOOKED_BOTH,True,True,True,False,
EXIT_NEUTRAL,EXIT,LEADERBOARD_FILTER,False,HOOKED_BOTH,True,True,True,False,
EXIT_NEUTRAL,EXIT,LH_HL_FILTER_ENABLED,False,QUICK_NOT_CAUSAL,False,True,True,False,
EXIT_NEUTRAL,EXIT,LH_HL_FILTER_MODE,STRICT_2BAR,QUICK_NOT_CAUSAL,False,True,True,False,
EXIT_NEUTRAL,EXIT,LH_HL_FILTER_REQUIRE_BOTH,False,QUICK_NOT_CAUSAL,False,True,True,False,
EXIT_NEUTRAL,EXIT,LH_HL_FILTER_TF_REQ,2,QUICK_NOT_CAUSAL,False,True,True,False,
EXIT_NEUTRAL,EXIT,LIVE_ENTRY_ENGINE_FILTER_TF,OFF,QUICK_NOT_CAUSAL,False,True,True,False,
EXIT_NEUTRAL,EXIT,LIVE_ONLY_SIGNALS_BATCH5_FILTER_TF,OFF,QUICK_NOT_CAUSAL,False,True,True,False,
EXIT_NEUTRAL,EXIT,LIVE_VEC_EMERGENCY_BRAKE_ENABLED,False,QUICK_NOT_CAUSAL,False,True,True,False,
EXIT_NEUTRAL,EXIT,LR_BAND_LADDER_STOCH_EXTREME,30.0,QUICK_NOT_CAUSAL,False,True,True,False,
EXIT_NEUTRAL,EXIT,MANDATORY_REENTRY_WT_FILTER_MIN_TFS,1,QUICK_NOT_CAUSAL,False,True,True,False,
EXIT_NEUTRAL,EXIT,MANDATORY_REENTRY_WT_FILTER_MIN_VELOCITY,0.0,QUICK_NOT_CAUSAL,False,True,True,False,
EXIT_NEUTRAL,EXIT,MANDATORY_REENTRY_WT_FILTER_REQUIRE_FLIP,False,QUICK_NOT_CAUSAL,False,True,True,False,
EXIT_NEUTRAL,EXIT,MANDATORY_REENTRY_WT_FILTER_TF_MODE,15m_only,QUICK_NOT_CAUSAL,False,True,True,False,
EXIT_NEUTRAL,EXIT,MANDATORY_REENTRY_WT_FILTER_VELOCITY_RATIO,0.90,QUICK_NOT_CAUSAL,False,True,True,False,
EXIT_NEUTRAL,EXIT,MARKET_QUALITY_SCORE_ENABLED,False,QUICK_NOT_CAUSAL,False,True,True,False,
EXIT_NEUTRAL,EXIT,MI_TF_AGREE_MIN,0.0,QUICK_NOT_CAUSAL,False,True,True,False,
EXIT_NEUTRAL,EXIT,MOM3_FILTER_TF,OFF,QUICK_NOT_CAUSAL,False,True,True,False,
EXIT_NEUTRAL,EXIT,MOMENTUM_BREAKOUT_FILTER_TF,OFF,QUICK_NOT_CAUSAL,False,True,True,False,
EXIT_NEUTRAL,EXIT,MOVER_THRESHOLD,5,QUICK_NOT_CAUSAL,False,True,True,False,
EXIT_NEUTRAL,EXIT,MTF_ARMED_ENTRIES_FILTER_TF,OFF,QUICK_NOT_CAUSAL,False,True,True,False,
EXIT_NEUTRAL,EXIT,MTF_ATR_TRAIL_FILTER_TF,OFF,QUICK_NOT_CAUSAL,False,True,True,False,
EXIT_NEUTRAL,EXIT,MTF_DC_REJECT_FILTER_TF,OFF,QUICK_NOT_CAUSAL,False,True,True,False,
EXIT_NEUTRAL,EXIT,MTF_FILTER_STRONG_BUY_QUICK_BYPASS,0.0,QUICK_NOT_CAUSAL,False,True,True,False,
EXIT_NEUTRAL,EXIT,MTF_GR_MIN_IND,5,QUICK_NOT_CAUSAL,False,True,True,False,
EXIT_NEUTRAL,EXIT,MTS_BOTTOM_BONUS_THRESHOLD,25,QUICK_NOT_CAUSAL,False,True,True,False,
EXIT_NEUTRAL,EXIT,MTS_BOTTOM_STRONG_THRESHOLD,40,QUICK_NOT_CAUSAL,False,True,True,False,
EXIT_NEUTRAL,EXIT,MTS_GATE_ENABLED,False,QUICK_NOT_CAUSAL,False,True,True,False,
EXIT_NEUTRAL,EXIT,NEWBORN_LOSS_KILL_FILTER_TF,OFF,QUICK_NOT_CAUSAL,False,True,True,False,
EXIT_NEUTRAL,EXIT,NEWBORN_LOSS_KILL_GAIN_THRESHOLD_PCT,0,QUICK_NOT_CAUSAL,False,True,True,False,
EXIT_NEUTRAL,EXIT,NEWBORN_LOSS_KILL_REQUIRE_VEL_AGAINST,0.0,QUICK_NOT_CAUSAL,False,True,True,False,
EXIT_NEUTRAL,EXIT,NEWBORN_PROTECT_FILTER_TF,OFF,QUICK_NOT_CAUSAL,False,True,True,False,
EXIT_NEUTRAL,EXIT,NEW_POSITION_MAX_LOSS_THRESHOLD,0,QUICK_NOT_CAUSAL,False,True,True,False,
EXIT_NEUTRAL,EXIT,NOLOSS_BYPASS_WT5OF5_FILTER_TF,OFF,QUICK_NOT_CAUSAL,False,True,True,False,
EXIT_NEUTRAL,EXIT,OI_CONFIRM_ENABLED,False,QUICK_NOT_CAUSAL,False,True,True,False,
EXIT_NEUTRAL,EXIT,OI_CONFIRM_MIN_CHANGE_PCT,0,QUICK_NOT_CAUSAL,False,True,True,False,
EXIT_NEUTRAL,EXIT,OI_CONFIRM_MIN_PRICE_PCT,0,QUICK_NOT_CAUSAL,False,True,True,False,
EXIT_NEUTRAL,EXIT,OPEN_INTENT_SIZE_GATES_FILTER_TF,OFF,QUICK_NOT_CAUSAL,False,True,True,False,
EXIT_NEUTRAL,EXIT,PARTIAL_PROFIT_LOCK_V2_FILTER_TF,OFF,QUICK_NOT_CAUSAL,False,True,True,False,
EXIT_NEUTRAL,EXIT,PEAK_GIVEBACK_BE_EROSION_FILTER_TF,OFF,QUICK_NOT_CAUSAL,False,True,True,False,
EXIT_FULL_FILTERED,EXIT,BTC_DIVERGENCE_EXIT_AGAINST,False,HOOKED_BOTH,True,True,True,False,
EXIT_FULL_FILTERED,EXIT,BTC_DIVERGENCE_EXIT_AGAINST,True,HOOKED_BOTH,True,True,True,False,
EXIT_FULL_FILTERED,EXIT,INTRADAY_SESSION_FORCE_EXIT_UTC,False,QUICK_NOT_CAUSAL,False,True,True,False,
EXIT_FULL_FILTERED,EXIT,INTRADAY_SESSION_FORCE_EXIT_UTC,True,QUICK_NOT_CAUSAL,False,True,True,False,
EXIT_FULL_FILTERED,EXIT,PARTIAL_EXIT_FRAC,False,QUICK_NOT_CAUSAL,False,True,True,False,
EXIT_FULL_FILTERED,EXIT,PARTIAL_EXIT_FRAC,True,QUICK_NOT_CAUSAL,False,True,True,False,
EXIT_FULL_FILTERED,EXIT,REVERSE_ON_EXIT_ENABLED,True,QUICK_NOT_CAUSAL,False,True,True,False,
EXIT_FULL_FILTERED,EXIT,REVERSE_ON_EXIT_ENABLED,False,QUICK_NOT_CAUSAL,False,True,True,False,
EXIT_FULL_FILTERED,EXIT,ALL_TF_AGAINST_CLOSE_COOLDOWN_SEC,False,HOOKED_BOTH,True,True,True,False,
EXIT_FULL_FILTERED,EXIT,ALL_TF_AGAINST_CLOSE_COOLDOWN_SEC,True,HOOKED_BOTH,True,True,True,False,
EXIT_FULL_FILTERED,EXIT,ALL_TF_AGAINST_CLOSE_ENABLED,True,HOOKED_BOTH,True,True,True,False,
EXIT_FULL_FILTERED,EXIT,ALL_TF_AGAINST_CLOSE_ENABLED,False,HOOKED_BOTH,True,True,True,False,
EXIT_FULL_FILTERED,EXIT,ALL_TF_AGAINST_CLOSE_MIN_TFS,False,HOOKED_BOTH,True,True,True,False,
EXIT_FULL_FILTERED,EXIT,ALL_TF_AGAINST_CLOSE_MIN_TFS,True,HOOKED_BOTH,True,True,True,False,
EXIT_FULL_FILTERED,EXIT,BREAKEVEN_DC_FIELD_MODE,False,HOOKED_BOTH,True,True,True,False,
EXIT_FULL_FILTERED,EXIT,BREAKEVEN_DC_FIELD_MODE,True,HOOKED_BOTH,True,True,True,False,
EXIT_FULL_FILTERED,EXIT,BREAKEVEN_GAIN_EROSION_ENABLED,True,HOOKED_BOTH,True,True,True,False,
EXIT_FULL_FILTERED,EXIT,BREAKEVEN_GAIN_EROSION_ENABLED,False,HOOKED_BOTH,True,True,True,False,
EXIT_FULL_FILTERED,EXIT,BREAKEVEN_GAIN_EROSION_MIN_GAIN,False,HOOKED_BOTH,True,True,True,False,
EXIT_FULL_FILTERED,EXIT,BREAKEVEN_GAIN_EROSION_MIN_GAIN,True,HOOKED_BOTH,True,True,True,False,
EXIT_FULL_FILTERED,EXIT,BREAKEVEN_GAIN_EROSION_REQUIRE_PROFIT,False,HOOKED_BOTH,True,True,True,False,
EXIT_FULL_FILTERED,EXIT,BREAKEVEN_GAIN_EROSION_REQUIRE_PROFIT,True,HOOKED_BOTH,True,True,True,False,
EXIT_FULL_FILTERED,EXIT,DC_HOPELESS_EXIT_ENABLED,True,HOOKED_BOTH,True,True,True,False,
EXIT_FULL_FILTERED,EXIT,DC_HOPELESS_EXIT_ENABLED,False,HOOKED_BOTH,True,True,True,False,
EXIT_FULL_FILTERED,EXIT,DC_HOPELESS_EXIT_MIN_AGE_S,False,HOOKED_BOTH,True,True,True,False,
EXIT_FULL_FILTERED,EXIT,DC_HOPELESS_EXIT_MIN_AGE_S,True,HOOKED_BOTH,True,True,True,False,
EXIT_FULL_FILTERED,EXIT,DYN_STRUCT_TRAIL_ENABLED,True,HOOKED_BOTH,True,True,True,False,
EXIT_FULL_FILTERED,EXIT,DYN_STRUCT_TRAIL_ENABLED,False,HOOKED_BOTH,True,True,True,False,
EXIT_FULL_FILTERED,EXIT,E_1_EXIT_DELTA_THR,False,HOOKED_BOTH,True,True,True,False,
EXIT_FULL_FILTERED,EXIT,E_1_EXIT_DELTA_THR,True,HOOKED_BOTH,True,True,True,False,
EXIT_FULL_FILTERED,EXIT,E_1_WT_EXIT_USE_DELTA_ENABLED,True,QUICK_NOT_CAUSAL,False,True,True,False,
EXIT_FULL_FILTERED,EXIT,E_1_WT_EXIT_USE_DELTA_ENABLED,False,QUICK_NOT_CAUSAL,False,True,True,False,
EXIT_FULL_FILTERED,EXIT,E_3_USE_WT_STRUCTURE_EXIT_MODE,False,HOOKED_BOTH,True,True,True,False,
EXIT_FULL_FILTERED,EXIT,E_3_USE_WT_STRUCTURE_EXIT_MODE,True,HOOKED_BOTH,True,True,True,False,
EXIT_FULL_FILTERED,EXIT,HARD_BREAKEVEN_FLOOR_ENABLED,True,BADLY_WIRED_PLACEHOLDER,False,True,True,True,
EXIT_FULL_FILTERED,EXIT,HARD_BREAKEVEN_FLOOR_ENABLED,False,BADLY_WIRED_PLACEHOLDER,False,True,True,True,
EXIT_FULL_FILTERED,EXIT,HARD_BREAKEVEN_MIN_PEAK_PCT,False,HOOKED_BOTH,True,True,True,False,
EXIT_FULL_FILTERED,EXIT,HARD_BREAKEVEN_MIN_PEAK_PCT,True,HOOKED_BOTH,True,True,True,False,
EXIT_FULL_FILTERED,EXIT,HLR_TOP_EXIT_ENABLED,True,HOOKED_BOTH,True,True,True,False,
EXIT_FULL_FILTERED,EXIT,HLR_TOP_EXIT_ENABLED,False,HOOKED_BOTH,True,True,True,False,
EXIT_FULL_FILTERED,EXIT,HTF_AGAINST_FORCE_CLOSE_CONFIRM_4H,False,HOOKED_BOTH,True,True,True,False,
EXIT_FULL_FILTERED,EXIT,HTF_AGAINST_FORCE_CLOSE_CONFIRM_4H,True,HOOKED_BOTH,True,True,True,False,
EXIT_FULL_FILTERED,EXIT,HTF_AGAINST_FORCE_CLOSE_ENABLED,True,QUICK_NOT_CAUSAL,False,True,True,False,
EXIT_FULL_FILTERED,EXIT,HTF_AGAINST_FORCE_CLOSE_ENABLED,False,QUICK_NOT_CAUSAL,False,True,True,False,
EXIT_FULL_FILTERED,EXIT,HTF_EXIT_VETO_ENABLED,True,QUICK_NOT_CAUSAL,False,True,True,False,
EXIT_FULL_FILTERED,EXIT,HTF_EXIT_VETO_ENABLED,False,QUICK_NOT_CAUSAL,False,True,True,False,
EXIT_FULL_FILTERED,EXIT,HTF_EXIT_VETO_MAX_LOSS_PCT,False,HOOKED_BOTH,True,True,True,False,
EXIT_FULL_FILTERED,EXIT,HTF_EXIT_VETO_MAX_LOSS_PCT,True,HOOKED_BOTH,True,True,True,False,
EXIT_FULL_FILTERED,EXIT,HTF_EXIT_VETO_MIN_ALIGNED,False,QUICK_NOT_CAUSAL,False,True,True,False,
EXIT_FULL_FILTERED,EXIT,HTF_EXIT_VETO_MIN_ALIGNED,True,QUICK_NOT_CAUSAL,False,True,True,False,
EXIT_FULL_FILTERED,EXIT,LOSS_EXIT_STALE_PRICE_ALLOW_NEAR_BE_ENABLED,True,QUICK_NOT_CAUSAL,False,True,True,False,
EXIT_FULL_FILTERED,EXIT,LOSS_EXIT_STALE_PRICE_ALLOW_NEAR_BE_ENABLED,False,QUICK_NOT_CAUSAL,False,True,True,False,
EXIT_FULL_FILTERED,EXIT,LOSS_EXIT_STOP_FUNCTIONS_KILL_ENABLED,True,HOOKED_BOTH,True,True,True,False,
EXIT_FULL_FILTERED,EXIT,LOSS_EXIT_STOP_FUNCTIONS_KILL_ENABLED,False,HOOKED_BOTH,True,True,True,False,
EXIT_FULL_FILTERED,EXIT,LOSS_TECHNICAL_EXIT_NO_STALE_BLOCK,False,QUICK_NOT_CAUSAL,False,True,True,False,
EXIT_FULL_FILTERED,EXIT,LOSS_TECHNICAL_EXIT_NO_STALE_BLOCK,True,QUICK_NOT_CAUSAL,False,True,True,False,
EXIT_FULL_FILTERED,EXIT,MACD_EXIT_ENABLED,True,QUICK_NOT_CAUSAL,False,True,True,False,
EXIT_FULL_FILTERED,EXIT,MACD_EXIT_ENABLED,False,QUICK_NOT_CAUSAL,False,True,True,False,
EXIT_FULL_FILTERED,EXIT,MACD_EXIT_MIN_GAIN,False,QUICK_NOT_CAUSAL,False,True,True,False,
EXIT_FULL_FILTERED,EXIT,MACD_EXIT_MIN_GAIN,True,QUICK_NOT_CAUSAL,False,True,True,False,
EXIT_FULL_FILTERED,EXIT,MACD_EXIT_TF,15m,QUICK_NOT_CAUSAL,False,True,True,False,
EXIT_FULL_FILTERED,EXIT,MACD_EXIT_TF,1h,QUICK_NOT_CAUSAL,False,True,True,False,
EXIT_FULL_FILTERED,EXIT,MACD_EXIT_TF,4h,QUICK_NOT_CAUSAL,False,True,True,False,
EXIT_FULL_FILTERED,EXIT,MACD_EXIT_TF,D,QUICK_NOT_CAUSAL,False,True,True,False,
EXIT_FULL_FILTERED,EXIT,MI_DIV_EXIT_ENABLED,True,QUICK_NOT_CAUSAL,False,True,True,False,
EXIT_FULL_FILTERED,EXIT,MI_DIV_EXIT_ENABLED,False,QUICK_NOT_CAUSAL,False,True,True,False,
EXIT_FULL_FILTERED,EXIT,MI_EXHAUST_EXIT_ENABLED,True,QUICK_NOT_CAUSAL,False,True,True,False,
EXIT_FULL_FILTERED,EXIT,MI_EXHAUST_EXIT_ENABLED,False,QUICK_NOT_CAUSAL,False,True,True,False,
EXIT_FULL_FILTERED,EXIT,MI_MIN_GAIN_EXIT,False,QUICK_NOT_CAUSAL,False,True,True,False,
EXIT_FULL_FILTERED,EXIT,MI_MIN_GAIN_EXIT,True,QUICK_NOT_CAUSAL,False,True,True,False,
EXIT_FULL_FILTERED,EXIT,MI_STRUCT_EXIT_ENABLED,True,QUICK_NOT_CAUSAL,False,True,True,False,
EXIT_FULL_FILTERED,EXIT,MI_STRUCT_EXIT_ENABLED,False,QUICK_NOT_CAUSAL,False,True,True,False,
EXIT_FULL_FILTERED,EXIT,MI_VELOCITY_EXIT_ENABLED,True,QUICK_NOT_CAUSAL,False,True,True,False,
EXIT_FULL_FILTERED,EXIT,MI_VELOCITY_EXIT_ENABLED,False,QUICK_NOT_CAUSAL,False,True,True,False,
EXIT_FULL_FILTERED,EXIT,MI_WAVE_EXIT_ENABLED,True,QUICK_NOT_CAUSAL,False,True,True,False,
EXIT_FULL_FILTERED,EXIT,MI_WAVE_EXIT_ENABLED,False,QUICK_NOT_CAUSAL,False,True,True,False,
EXIT_FULL_FILTERED,EXIT,MU_CORRECTION_EXIT_ENABLED,True,QUICK_NOT_CAUSAL,False,True,True,False,
EXIT_FULL_FILTERED,EXIT,MU_CORRECTION_EXIT_ENABLED,False,QUICK_NOT_CAUSAL,False,True,True,False,
EXIT_FULL_FILTERED,EXIT,RULE_B_3M_EXIT_ENABLED,True,QUICK_NOT_CAUSAL,False,True,True,False,LOW_TF
EXIT_FULL_FILTERED,EXIT,RULE_B_3M_EXIT_ENABLED,False,QUICK_NOT_CAUSAL,False,True,True,False,LOW_TF
EXIT_FULL_FILTERED,EXIT,SCALP_V3_K_OB_EXIT_ENABLED,True,QUICK_NOT_CAUSAL,False,True,True,False,
EXIT_FULL_FILTERED,EXIT,SCALP_V3_K_OB_EXIT_ENABLED,False,QUICK_NOT_CAUSAL,False,True,True,False,
EXIT_FULL_FILTERED,EXIT,SCALP_V3_K_OB_EXIT_K15M_HI,False,QUICK_NOT_CAUSAL,False,True,True,False,
EXIT_FULL_FILTERED,EXIT,SCALP_V3_K_OB_EXIT_K15M_HI,True,QUICK_NOT_CAUSAL,False,True,True,False,
EXIT_FULL_FILTERED,EXIT,SCALP_V3_K_OB_EXIT_K15M_LO,False,QUICK_NOT_CAUSAL,False,True,True,False,
EXIT_FULL_FILTERED,EXIT,SCALP_V3_K_OB_EXIT_K15M_LO,True,QUICK_NOT_CAUSAL,False,True,True,False,
EXIT_FULL_FILTERED,EXIT,SCALP_V3_K_OB_EXIT_K3M_HI,False,QUICK_NOT_CAUSAL,False,True,True,False,
EXIT_FULL_FILTERED,EXIT,SCALP_V3_K_OB_EXIT_K3M_HI,True,QUICK_NOT_CAUSAL,False,True,True,False,
EXIT_FULL_FILTERED,EXIT,SCALP_V3_K_OB_EXIT_K3M_LO,False,QUICK_NOT_CAUSAL,False,True,True,False,
EXIT_FULL_FILTERED,EXIT,SCALP_V3_K_OB_EXIT_K3M_LO,True,QUICK_NOT_CAUSAL,False,True,True,False,
EXIT_FULL_FILTERED,EXIT,SCALP_V3_K_OB_EXIT_WALL_PCT,False,QUICK_NOT_CAUSAL,False,True,True,False,
EXIT_FULL_FILTERED,EXIT,SCALP_V3_K_OB_EXIT_WALL_PCT,True,QUICK_NOT_CAUSAL,False,True,True,False,
EXIT_FULL_FILTERED,EXIT,SCALP_V3_OB_WALL_TOO_CLOSE_PCT,False,QUICK_NOT_CAUSAL,False,True,True,False,
EXIT_FULL_FILTERED,EXIT,SCALP_V3_OB_WALL_TOO_CLOSE_PCT,True,QUICK_NOT_CAUSAL,False,True,True,False,
EXIT_FULL_FILTERED,EXIT,SCALP_V3_PROTECTIVE_EXIT_ENABLED,True,QUICK_NOT_CAUSAL,False,True,True,False,
EXIT_FULL_FILTERED,EXIT,SCALP_V3_PROTECTIVE_EXIT_ENABLED,False,QUICK_NOT_CAUSAL,False,True,True,False,
EXIT_FULL_FILTERED,EXIT,STDEV_BREAKOUT_EXIT_PCTB_FAIL,False,QUICK_NOT_CAUSAL,False,True,True,False,
EXIT_FULL_FILTERED,EXIT,STDEV_BREAKOUT_EXIT_PCTB_FAIL,True,QUICK_NOT_CAUSAL,False,True,True,False,
EXIT_FULL_FILTERED,EXIT,STDEV_REJECT_EXIT_TF,15m,QUICK_NOT_CAUSAL,False,True,True,False,
EXIT_FULL_FILTERED,EXIT,STDEV_REJECT_EXIT_TF,1h,QUICK_NOT_CAUSAL,False,True,True,False,
EXIT_FULL_FILTERED,EXIT,STDEV_REJECT_EXIT_TF,4h,QUICK_NOT_CAUSAL,False,True,True,False,
EXIT_FULL_FILTERED,EXIT,STDEV_REJECT_EXIT_TF,D,QUICK_NOT_CAUSAL,False,True,True,False,
EXIT_FULL_FILTERED,EXIT,TREND_EXIT_SCORE_FLIP,False,QUICK_NOT_CAUSAL,False,True,True,False,
EXIT_FULL_FILTERED,EXIT,TREND_EXIT_SCORE_FLIP,True,QUICK_NOT_CAUSAL,False,True,True,False,
EXIT_FULL_FILTERED,EXIT,TREND_MIN_GAIN_EXIT,False,QUICK_NOT_CAUSAL,False,True,True,False,
EXIT_FULL_FILTERED,EXIT,TREND_MIN_GAIN_EXIT,True,QUICK_NOT_CAUSAL,False,True,True,False,
EXIT_FULL_FILTERED,EXIT,WT_4H_VEL_EXIT_ENABLED,True,QUICK_NOT_CAUSAL,False,True,True,False,
EXIT_FULL_FILTERED,EXIT,WT_4H_VEL_EXIT_ENABLED,False,QUICK_NOT_CAUSAL,False,True,True,False,
EXIT_FULL_FILTERED,EXIT,WT_4H_VEL_EXIT_K_EXTREME_HIGH,False,QUICK_NOT_CAUSAL,False,True,True,False,
EXIT_FULL_FILTERED,EXIT,WT_4H_VEL_EXIT_K_EXTREME_HIGH,True,QUICK_NOT_CAUSAL,False,True,True,False,
EXIT_FULL_FILTERED,EXIT,WT_4H_VEL_EXIT_K_EXTREME_LOW,False,QUICK_NOT_CAUSAL,False,True,True,False,
EXIT_FULL_FILTERED,EXIT,WT_4H_VEL_EXIT_K_EXTREME_LOW,True,QUICK_NOT_CAUSAL,False,True,True,False,
EXIT_FULL_FILTERED,EXIT,WT_4H_VEL_EXIT_REQUIRE_K_EXTREME,False,QUICK_NOT_CAUSAL,False,True,True,False,
EXIT_FULL_FILTERED,EXIT,WT_4H_VEL_EXIT_REQUIRE_K_EXTREME,True,QUICK_NOT_CAUSAL,False,True,True,False,
EXIT_FULL_FILTERED,EXIT,WT_4H_VEL_EXIT_REQUIRE_PROFIT,False,QUICK_NOT_CAUSAL,False,True,True,False,
EXIT_FULL_FILTERED,EXIT,WT_4H_VEL_EXIT_REQUIRE_PROFIT,True,QUICK_NOT_CAUSAL,False,True,True,False,
EXIT_FULL_FILTERED,EXIT,WT_CROSS_EXIT_ENABLED,True,QUICK_NOT_CAUSAL,False,True,True,False,
EXIT_FULL_FILTERED,EXIT,WT_CROSS_EXIT_ENABLED,False,QUICK_NOT_CAUSAL,False,True,True,False,
EXIT_FULL_FILTERED,EXIT,WT_CROSS_EXIT_MIN_AGE_MINUTES,False,QUICK_NOT_CAUSAL,False,True,True,False,
EXIT_FULL_FILTERED,EXIT,WT_CROSS_EXIT_MIN_AGE_MINUTES,True,QUICK_NOT_CAUSAL,False,True,True,False,
EXIT_FULL_FILTERED,EXIT,WT_CROSS_EXIT_REQUIRE_15M_CONFIRM,False,QUICK_NOT_CAUSAL,False,True,True,False,
EXIT_FULL_FILTERED,EXIT,WT_CROSS_EXIT_REQUIRE_15M_CONFIRM,True,QUICK_NOT_CAUSAL,False,True,True,False,
EXIT_FULL_FILTERED,EXIT,WT_EXHAUST_EXIT_MIN_GAIN_PCT,False,QUICK_NOT_CAUSAL,False,True,True,False,
EXIT_FULL_FILTERED,EXIT,WT_EXHAUST_EXIT_MIN_GAIN_PCT,True,QUICK_NOT_CAUSAL,False,True,True,False,
EXIT_FULL_FILTERED,EXIT,WT_EXHAUST_EXIT_REQUIRE_GAIN,False,QUICK_NOT_CAUSAL,False,True,True,False,
EXIT_FULL_FILTERED,EXIT,WT_EXHAUST_EXIT_REQUIRE_GAIN,True,QUICK_NOT_CAUSAL,False,True,True,False,
EXIT_FULL_FILTERED,EXIT,WT_PERCENTILE_EXIT_ENABLED,True,QUICK_NOT_CAUSAL,False,True,True,False,
EXIT_FULL_FILTERED,EXIT,WT_PERCENTILE_EXIT_ENABLED,False,QUICK_NOT_CAUSAL,False,True,True,False,
EXIT_FULL_FILTERED,EXIT,WT_PERCENTILE_EXIT_OB_4H,False,QUICK_NOT_CAUSAL,False,True,True,False,
EXIT_FULL_FILTERED,EXIT,WT_PERCENTILE_EXIT_OB_4H,True,QUICK_NOT_CAUSAL,False,True,True,False,
EXIT_FULL_FILTERED,EXIT,WT_PERCENTILE_EXIT_OB_D,False,QUICK_NOT_CAUSAL,False,True,True,False,
EXIT_FULL_FILTERED,EXIT,WT_PERCENTILE_EXIT_OB_D,True,QUICK_NOT_CAUSAL,False,True,True,False,
EXIT_FULL_FILTERED,EXIT,WT_PERCENTILE_EXIT_OS_4H,False,QUICK_NOT_CAUSAL,False,True,True,False,
EXIT_FULL_FILTERED,EXIT,WT_PERCENTILE_EXIT_OS_4H,True,QUICK_NOT_CAUSAL,False,True,True,False,
EXIT_FULL_FILTERED,EXIT,WT_PERCENTILE_EXIT_OS_D,False,QUICK_NOT_CAUSAL,False,True,True,False,
EXIT_FULL_FILTERED,EXIT,WT_PERCENTILE_EXIT_OS_D,True,QUICK_NOT_CAUSAL,False,True,True,False,
EXIT_FULL_FILTERED,EXIT,ATR_TRAIL_SWEEP_ENABLED,True,HOOKED_BOTH,True,True,True,False,
EXIT_FULL_FILTERED,EXIT,ATR_TRAIL_SWEEP_ENABLED,False,HOOKED_BOTH,True,True,True,False,
EXIT_FULL_FILTERED,EXIT,BAND_ARROW_SLOPE_DEADBAND,False,HOOKED_BOTH,True,True,True,False,
EXIT_FULL_FILTERED,EXIT,BAND_ARROW_SLOPE_DEADBAND,True,HOOKED_BOTH,True,True,True,False,
EXIT_FULL_FILTERED,EXIT,LR_BAND_LADDER_TF_BOTTOM,False,QUICK_NOT_CAUSAL,False,True,True,False,
EXIT_FULL_FILTERED,EXIT,LR_BAND_LADDER_TF_BOTTOM,True,QUICK_NOT_CAUSAL,False,True,True,False,
EXIT_FULL_FILTERED,EXIT,LR_BAND_LADDER_TF_TOP,False,QUICK_NOT_CAUSAL,False,True,True,False,
EXIT_FULL_FILTERED,EXIT,LR_BAND_LADDER_TF_TOP,True,QUICK_NOT_CAUSAL,False,True,True,False,
EXIT_FULL_FILTERED,EXIT,BB_SQUEEZE_EXIT_ENABLED,True,HOOKED_BOTH,True,True,True,False,
EXIT_FULL_FILTERED,EXIT,BB_SQUEEZE_EXIT_ENABLED,False,HOOKED_BOTH,True,True,True,False,
REENTRY_BREAKOUT,REENTRY,REENTRY_SIZE_BREAKOUT_MULT,False,QUICK_NOT_CAUSAL,False,True,True,False,
REENTRY_BREAKOUT,REENTRY,REENTRY_SIZE_BREAKOUT_MULT,True,QUICK_NOT_CAUSAL,False,True,True,False,
REENTRY_BREAKOUT,REENTRY,BREAKOUT_LEASH_REENTRY_MULT,False,HOOKED_BOTH,True,True,True,False,
REENTRY_BREAKOUT,REENTRY,BREAKOUT_LEASH_REENTRY_MULT,True,HOOKED_BOTH,True,True,True,False,
REENTRY_PULLBACK_BOUNCE,REENTRY,BOUNCE_REENTRY_ENABLED,True,HOOKED_BOTH,True,True,True,False,
REENTRY_PULLBACK_BOUNCE,REENTRY,BOUNCE_REENTRY_ENABLED,False,HOOKED_BOTH,True,True,True,False,
REENTRY_PULLBACK_BOUNCE,REENTRY,BOUNCE_REENTRY_K_RESET_LONG,False,HOOKED_BOTH,True,True,True,False,
REENTRY_PULLBACK_BOUNCE,REENTRY,BOUNCE_REENTRY_K_RESET_LONG,True,HOOKED_BOTH,True,True,True,False,
REENTRY_PULLBACK_BOUNCE,REENTRY,BOUNCE_REENTRY_K_RESET_SHORT,False,HOOKED_BOTH,True,True,True,False,
REENTRY_PULLBACK_BOUNCE,REENTRY,BOUNCE_REENTRY_K_RESET_SHORT,True,HOOKED_BOTH,True,True,True,False,
REENTRY_PULLBACK_BOUNCE,REENTRY,LEGACY_REENTRY_PSR_DC_BOUNCE,False,QUICK_NOT_CAUSAL,False,True,True,False,
REENTRY_PULLBACK_BOUNCE,REENTRY,LEGACY_REENTRY_PSR_DC_BOUNCE,True,QUICK_NOT_CAUSAL,False,True,True,False,
REENTRY_PULLBACK_BOUNCE,REENTRY,LEGACY_REENTRY_PSR_QUICK_RECOVERY,False,QUICK_NOT_CAUSAL,False,True,True,False,
REENTRY_PULLBACK_BOUNCE,REENTRY,LEGACY_REENTRY_PSR_QUICK_RECOVERY,True,QUICK_NOT_CAUSAL,False,True,True,False,
REENTRY_PULLBACK_BOUNCE,REENTRY,REENTRY_B16_SMA200_PULLBACK_ENABLED,True,QUICK_NOT_CAUSAL,False,True,True,False,
REENTRY_PULLBACK_BOUNCE,REENTRY,REENTRY_B16_SMA200_PULLBACK_ENABLED,False,QUICK_NOT_CAUSAL,False,True,True,False,
REENTRY_NEUTRAL,REENTRY,CHANNEL_REENTRY_STOP_ENABLED,True,HOOKED_BOTH,True,True,True,False,
REENTRY_NEUTRAL,REENTRY,CHANNEL_REENTRY_STOP_ENABLED,False,HOOKED_BOTH,True,True,True,False,
REENTRY_NEUTRAL,REENTRY,DAEMON_REENTRY_SHORT_WT_XUNDER_GATE_ENABLED,True,HOOKED_BOTH,True,True,True,False,
REENTRY_NEUTRAL,REENTRY,DAEMON_REENTRY_SHORT_WT_XUNDER_GATE_ENABLED,False,HOOKED_BOTH,True,True,True,False,
REENTRY_NEUTRAL,REENTRY,DAEMON_REENTRY_STALE_EXIT_ENABLED,True,HOOKED_BOTH,True,True,True,False,
REENTRY_NEUTRAL,REENTRY,DAEMON_REENTRY_STALE_EXIT_ENABLED,False,HOOKED_BOTH,True,True,True,False,
REENTRY_NEUTRAL,REENTRY,DELTA_EXIT_MANDATORY_REENTRY_ENABLED,True,HOOKED_BOTH,True,True,True,False,
REENTRY_NEUTRAL,REENTRY,DELTA_EXIT_MANDATORY_REENTRY_ENABLED,False,HOOKED_BOTH,True,True,True,False,
REENTRY_NEUTRAL,REENTRY,DELTA_REENTRY_FILTER_ENABLED,True,HOOKED_BOTH,True,True,True,False,
REENTRY_NEUTRAL,REENTRY,DELTA_REENTRY_FILTER_ENABLED,False,HOOKED_BOTH,True,True,True,False,
REENTRY_NEUTRAL,REENTRY,DIRECTION_FAVORABLE_REENTRY_ENABLED,True,HOOKED_BOTH,True,True,True,False,
REENTRY_NEUTRAL,REENTRY,DIRECTION_FAVORABLE_REENTRY_ENABLED,False,HOOKED_BOTH,True,True,True,False,
REENTRY_NEUTRAL,REENTRY,GUARANTEED_REENTRY_DELTA_GATE_ENABLED,True,HOOKED_BOTH,True,True,True,False,
REENTRY_NEUTRAL,REENTRY,GUARANTEED_REENTRY_DELTA_GATE_ENABLED,False,HOOKED_BOTH,True,True,True,False,
REENTRY_NEUTRAL,REENTRY,GUARANTEED_REENTRY_K_FAVORABLE_HIGH,False,HOOKED_BOTH,True,True,True,False,
REENTRY_NEUTRAL,REENTRY,GUARANTEED_REENTRY_K_FAVORABLE_HIGH,True,HOOKED_BOTH,True,True,True,False,
REENTRY_NEUTRAL,REENTRY,GUARANTEED_REENTRY_K_FAVORABLE_LOW,False,HOOKED_BOTH,True,True,True,False,
REENTRY_NEUTRAL,REENTRY,GUARANTEED_REENTRY_K_FAVORABLE_LOW,True,HOOKED_BOTH,True,True,True,False,
REENTRY_NEUTRAL,REENTRY,GUARANTEED_REENTRY_K_HIGH_BLOCK,False,HOOKED_BOTH,True,True,True,False,
REENTRY_NEUTRAL,REENTRY,GUARANTEED_REENTRY_K_HIGH_BLOCK,True,HOOKED_BOTH,True,True,True,False,
REENTRY_NEUTRAL,REENTRY,GUARANTEED_REENTRY_K_LOW_BLOCK,False,HOOKED_BOTH,True,True,True,False,
REENTRY_NEUTRAL,REENTRY,GUARANTEED_REENTRY_K_LOW_BLOCK,True,HOOKED_BOTH,True,True,True,False,
REENTRY_NEUTRAL,REENTRY,GUARANTEED_REENTRY_STRICT_CONFIRMATION,False,HOOKED_BOTH,True,True,True,False,
REENTRY_NEUTRAL,REENTRY,GUARANTEED_REENTRY_STRICT_CONFIRMATION,True,HOOKED_BOTH,True,True,True,False,
REENTRY_NEUTRAL,REENTRY,GUARANTEED_REENTRY_TIGHT_STOP_ENABLED,True,BADLY_WIRED_PLACEHOLDER,False,True,True,True,
REENTRY_NEUTRAL,REENTRY,GUARANTEED_REENTRY_TIGHT_STOP_ENABLED,False,BADLY_WIRED_PLACEHOLDER,False,True,True,True,
REENTRY_NEUTRAL,REENTRY,GUARANTEED_REENTRY_TIGHT_STOP_MAX_AGE_S,False,HOOKED_BOTH,True,True,True,False,
REENTRY_NEUTRAL,REENTRY,GUARANTEED_REENTRY_TIGHT_STOP_MAX_AGE_S,True,HOOKED_BOTH,True,True,True,False,
REENTRY_NEUTRAL,REENTRY,GUARANTEED_REENTRY_TIGHT_STOP_MIN_AGE_S,False,HOOKED_BOTH,True,True,True,False,
REENTRY_NEUTRAL,REENTRY,GUARANTEED_REENTRY_TIGHT_STOP_MIN_AGE_S,True,HOOKED_BOTH,True,True,True,False,
REENTRY_NEUTRAL,REENTRY,GUARANTEED_REENTRY_TIGHT_STOP_PCT,False,HOOKED_BOTH,True,True,True,False,
REENTRY_NEUTRAL,REENTRY,GUARANTEED_REENTRY_TIGHT_STOP_PCT,True,HOOKED_BOTH,True,True,True,False,
REENTRY_NEUTRAL,REENTRY,HLR_REENTRY_MAX_AGE_S,False,HOOKED_BOTH,True,True,True,False,
REENTRY_NEUTRAL,REENTRY,HLR_REENTRY_MAX_AGE_S,True,HOOKED_BOTH,True,True,True,False,
REENTRY_NEUTRAL,REENTRY,HLR_REENTRY_MULT_1H,False,HOOKED_BOTH,True,True,True,False,
REENTRY_NEUTRAL,REENTRY,HLR_REENTRY_MULT_1H,True,HOOKED_BOTH,True,True,True,False,
REENTRY_NEUTRAL,REENTRY,HLR_REENTRY_MULT_4H,False,HOOKED_BOTH,True,True,True,False,
REENTRY_NEUTRAL,REENTRY,HLR_REENTRY_MULT_4H,True,HOOKED_BOTH,True,True,True,False,
REENTRY_NEUTRAL,REENTRY,HLR_REENTRY_MULT_D,False,HOOKED_BOTH,True,True,True,False,
REENTRY_NEUTRAL,REENTRY,HLR_REENTRY_MULT_D,True,HOOKED_BOTH,True,True,True,False,
REENTRY_NEUTRAL,REENTRY,HLR_REENTRY_MULT_W,False,HOOKED_BOTH,True,True,True,False,
REENTRY_NEUTRAL,REENTRY,HLR_REENTRY_MULT_W,True,HOOKED_BOTH,True,True,True,False,
REENTRY_NEUTRAL,REENTRY,LEGACY_PROC_SINGLE_REENTRY,False,QUICK_NOT_CAUSAL,False,True,True,False,
REENTRY_NEUTRAL,REENTRY,LEGACY_PROC_SINGLE_REENTRY,True,QUICK_NOT_CAUSAL,False,True,True,False,
REENTRY_NEUTRAL,REENTRY,LEGACY_REENTRY_PSR_FULL_DC,False,QUICK_NOT_CAUSAL,False,True,True,False,
REENTRY_NEUTRAL,REENTRY,LEGACY_REENTRY_PSR_FULL_DC,True,QUICK_NOT_CAUSAL,False,True,True,False,
REENTRY_NEUTRAL,REENTRY,LEGACY_REENTRY_PSR_K_DC_CROSSOVER,False,QUICK_NOT_CAUSAL,False,True,True,False,
REENTRY_NEUTRAL,REENTRY,LEGACY_REENTRY_PSR_K_DC_CROSSOVER,True,QUICK_NOT_CAUSAL,False,True,True,False,
REENTRY_NEUTRAL,REENTRY,MANDATORY_REENTRY_ALLOW_WT0_STRONG_CROSS,False,QUICK_NOT_CAUSAL,False,True,True,False,
REENTRY_NEUTRAL,REENTRY,MANDATORY_REENTRY_ALLOW_WT0_STRONG_CROSS,True,QUICK_NOT_CAUSAL,False,True,True,False,
REENTRY_NEUTRAL,REENTRY,MANDATORY_REENTRY_K_HIGH_BLOCK,False,QUICK_NOT_CAUSAL,False,True,True,False,
REENTRY_NEUTRAL,REENTRY,MANDATORY_REENTRY_K_HIGH_BLOCK,True,QUICK_NOT_CAUSAL,False,True,True,False,
REENTRY_NEUTRAL,REENTRY,MANDATORY_REENTRY_K_LOW_BLOCK,False,QUICK_NOT_CAUSAL,False,True,True,False,
REENTRY_NEUTRAL,REENTRY,MANDATORY_REENTRY_K_LOW_BLOCK,True,QUICK_NOT_CAUSAL,False,True,True,False,
REENTRY_NEUTRAL,REENTRY,MANDATORY_REENTRY_REQUIRE_K_NOT_EXTREME,False,QUICK_NOT_CAUSAL,False,True,True,False,
REENTRY_NEUTRAL,REENTRY,MANDATORY_REENTRY_REQUIRE_K_NOT_EXTREME,True,QUICK_NOT_CAUSAL,False,True,True,False,
REENTRY_NEUTRAL,REENTRY,MU_CORRECTION_REENTRY_ENABLED,True,QUICK_NOT_CAUSAL,False,True,True,False,
REENTRY_NEUTRAL,REENTRY,MU_CORRECTION_REENTRY_ENABLED,False,QUICK_NOT_CAUSAL,False,True,True,False,
REENTRY_NEUTRAL,REENTRY,OBLIGATORY_REENTRY_DEFAULT_SIZE_MULT,False,QUICK_NOT_CAUSAL,False,True,True,False,
REENTRY_NEUTRAL,REENTRY,OBLIGATORY_REENTRY_DEFAULT_SIZE_MULT,True,QUICK_NOT_CAUSAL,False,True,True,False,
REENTRY_NEUTRAL,REENTRY,OBLIGATORY_REENTRY_ENABLED,True,QUICK_NOT_CAUSAL,False,True,True,False,
REENTRY_NEUTRAL,REENTRY,OBLIGATORY_REENTRY_ENABLED,False,QUICK_NOT_CAUSAL,False,True,True,False,
REENTRY_NEUTRAL,REENTRY,OBLIGATORY_REENTRY_K15_HIGH_BLOCK,False,QUICK_NOT_CAUSAL,False,True,True,False,
REENTRY_NEUTRAL,REENTRY,OBLIGATORY_REENTRY_K15_HIGH_BLOCK,True,QUICK_NOT_CAUSAL,False,True,True,False,
REENTRY_NEUTRAL,REENTRY,OBLIGATORY_REENTRY_K15_HIGH_SIZE_FRAC,False,QUICK_NOT_CAUSAL,False,True,True,False,
REENTRY_NEUTRAL,REENTRY,OBLIGATORY_REENTRY_K15_HIGH_SIZE_FRAC,True,QUICK_NOT_CAUSAL,False,True,True,False,
REENTRY_NEUTRAL,REENTRY,OBLIGATORY_REENTRY_SCORE_TIER1,False,QUICK_NOT_CAUSAL,False,True,True,False,
REENTRY_NEUTRAL,REENTRY,OBLIGATORY_REENTRY_SCORE_TIER1,True,QUICK_NOT_CAUSAL,False,True,True,False,
REENTRY_NEUTRAL,REENTRY,OBLIGATORY_REENTRY_SCORE_TIER2,False,QUICK_NOT_CAUSAL,False,True,True,False,
REENTRY_NEUTRAL,REENTRY,OBLIGATORY_REENTRY_SCORE_TIER2,True,QUICK_NOT_CAUSAL,False,True,True,False,
REENTRY_NEUTRAL,REENTRY,OBLIGATORY_REENTRY_SCORE_TIER3,False,QUICK_NOT_CAUSAL,False,True,True,False,
REENTRY_NEUTRAL,REENTRY,OBLIGATORY_REENTRY_SCORE_TIER3,True,QUICK_NOT_CAUSAL,False,True,True,False,
REENTRY_NEUTRAL,REENTRY,OBLIGATORY_REENTRY_SHORT_K15_LOW_BLOCK,False,QUICK_NOT_CAUSAL,False,True,True,False,
REENTRY_NEUTRAL,REENTRY,OBLIGATORY_REENTRY_SHORT_K15_LOW_BLOCK,True,QUICK_NOT_CAUSAL,False,True,True,False,
REENTRY_NEUTRAL,REENTRY,OBLIGATORY_REENTRY_SHORT_K15_LOW_SIZE_FRAC,False,QUICK_NOT_CAUSAL,False,True,True,False,
REENTRY_NEUTRAL,REENTRY,OBLIGATORY_REENTRY_SHORT_K15_LOW_SIZE_FRAC,True,QUICK_NOT_CAUSAL,False,True,True,False,
REENTRY_NEUTRAL,REENTRY,OBLIGATORY_REENTRY_SMA_FIELD,False,QUICK_NOT_CAUSAL,False,True,True,False,
REENTRY_NEUTRAL,REENTRY,OBLIGATORY_REENTRY_SMA_FIELD,True,QUICK_NOT_CAUSAL,False,True,True,False,
REENTRY_NEUTRAL,REENTRY,OBLIGATORY_REENTRY_SMA_TF,15m,QUICK_NOT_CAUSAL,False,True,True,False,
REENTRY_NEUTRAL,REENTRY,OBLIGATORY_REENTRY_SMA_TF,1h,QUICK_NOT_CAUSAL,False,True,True,False,
REENTRY_NEUTRAL,REENTRY,OBLIGATORY_REENTRY_SMA_TF,4h,QUICK_NOT_CAUSAL,False,True,True,False,
REENTRY_NEUTRAL,REENTRY,OBLIGATORY_REENTRY_SMA_TF,D,QUICK_NOT_CAUSAL,False,True,True,False,
REENTRY_NEUTRAL,REENTRY,OBLIGATORY_REENTRY_TIER1_HTF_REQUIRED,False,QUICK_NOT_CAUSAL,False,True,True,False,
REENTRY_NEUTRAL,REENTRY,OBLIGATORY_REENTRY_TIER1_HTF_REQUIRED,True,QUICK_NOT_CAUSAL,False,True,True,False,
REENTRY_NEUTRAL,REENTRY,OBLIGATORY_REENTRY_TIER2_HTF_REQUIRED,False,QUICK_NOT_CAUSAL,False,True,True,False,
REENTRY_NEUTRAL,REENTRY,OBLIGATORY_REENTRY_TIER2_HTF_REQUIRED,True,QUICK_NOT_CAUSAL,False,True,True,False,
REENTRY_NEUTRAL,REENTRY,REENTRY2_DC_BREAK_ALLOW_15M,False,QUICK_NOT_CAUSAL,False,True,True,False,
REENTRY_NEUTRAL,REENTRY,REENTRY2_DC_BREAK_ALLOW_15M,True,QUICK_NOT_CAUSAL,False,True,True,False,
REENTRY_NEUTRAL,REENTRY,REENTRY2_DC_BREAK_FILTER_TF,15m,QUICK_NOT_CAUSAL,False,True,True,False,
REENTRY_NEUTRAL,REENTRY,REENTRY2_DC_BREAK_FILTER_TF,1h,QUICK_NOT_CAUSAL,False,True,True,False,
REENTRY_NEUTRAL,REENTRY,REENTRY2_DC_BREAK_FILTER_TF,4h,QUICK_NOT_CAUSAL,False,True,True,False,
REENTRY_NEUTRAL,REENTRY,REENTRY2_DC_BREAK_FILTER_TF,D,QUICK_NOT_CAUSAL,False,True,True,False,
REENTRY_NEUTRAL,REENTRY,REENTRY2_DC_BREAK_REQUIRE_K_FILTER,False,QUICK_NOT_CAUSAL,False,True,True,False,
REENTRY_NEUTRAL,REENTRY,REENTRY2_DC_BREAK_REQUIRE_K_FILTER,True,QUICK_NOT_CAUSAL,False,True,True,False,
REENTRY_NEUTRAL,REENTRY,REENTRY2_DC_BREAK_REQUIRE_WT_FILTER,False,QUICK_NOT_CAUSAL,False,True,True,False,
REENTRY_NEUTRAL,REENTRY,REENTRY2_DC_BREAK_REQUIRE_WT_FILTER,True,QUICK_NOT_CAUSAL,False,True,True,False,
REENTRY_NEUTRAL,REENTRY,REENTRY2_DIR_FAV_ENABLED,True,QUICK_NOT_CAUSAL,False,True,True,False,
REENTRY_NEUTRAL,REENTRY,REENTRY2_DIR_FAV_ENABLED,False,QUICK_NOT_CAUSAL,False,True,True,False,
REENTRY_NEUTRAL,REENTRY,REENTRY_B16_SIZE_MULT_STRONG,False,QUICK_NOT_CAUSAL,False,True,True,False,
REENTRY_NEUTRAL,REENTRY,REENTRY_B16_SIZE_MULT_STRONG,True,QUICK_NOT_CAUSAL,False,True,True,False,
REENTRY_NEUTRAL,REENTRY,REENTRY_B16_SIZE_MULT_WEAK,False,QUICK_NOT_CAUSAL,False,True,True,False,
REENTRY_NEUTRAL,REENTRY,REENTRY_B16_SIZE_MULT_WEAK,True,QUICK_NOT_CAUSAL,False,True,True,False,
REENTRY_NEUTRAL,REENTRY,REENTRY_B16_SMA200_PROX_PCT,False,QUICK_NOT_CAUSAL,False,True,True,False,
REENTRY_NEUTRAL,REENTRY,REENTRY_B16_SMA200_PROX_PCT,True,QUICK_NOT_CAUSAL,False,True,True,False,
REENTRY_NEUTRAL,REENTRY,REENTRY_CROSS_FRESHNESS_ENABLED,True,QUICK_NOT_CAUSAL,False,True,True,False,
REENTRY_NEUTRAL,REENTRY,REENTRY_CROSS_FRESHNESS_ENABLED,False,QUICK_NOT_CAUSAL,False,True,True,False,
REENTRY_NEUTRAL,REENTRY,REENTRY_EXHAUSTED_PARTIAL_ENABLED,True,QUICK_NOT_CAUSAL,False,True,True,False,
REENTRY_NEUTRAL,REENTRY,REENTRY_EXHAUSTED_PARTIAL_ENABLED,False,QUICK_NOT_CAUSAL,False,True,True,False,
REENTRY_NEUTRAL,REENTRY,REENTRY_EXIT_RECLAIM_BUFFER_PCT,False,QUICK_NOT_CAUSAL,False,True,True,False,
REENTRY_NEUTRAL,REENTRY,REENTRY_EXIT_RECLAIM_BUFFER_PCT,True,QUICK_NOT_CAUSAL,False,True,True,False,
REENTRY_NEUTRAL,REENTRY,REENTRY_EXIT_RECLAIM_ENABLED,True,QUICK_NOT_CAUSAL,False,True,True,False,
REENTRY_NEUTRAL,REENTRY,REENTRY_EXIT_RECLAIM_ENABLED,False,QUICK_NOT_CAUSAL,False,True,True,False,
REENTRY_NEUTRAL,REENTRY,REENTRY_POST_CONSOL_ATR_THRESHOLD,0.15,QUICK_NOT_CAUSAL,False,True,True,False,
REENTRY_NEUTRAL,REENTRY,REENTRY_POST_CONSOL_MULT,False,QUICK_NOT_CAUSAL,False,True,True,False,
REENTRY_NEUTRAL,REENTRY,REENTRY_POST_CONSOL_MULT,True,QUICK_NOT_CAUSAL,False,True,True,False,
REENTRY_NEUTRAL,REENTRY,REENTRY_POST_CONSOL_MULT,1.5,QUICK_NOT_CAUSAL,False,True,True,False,
REENTRY_NEUTRAL,REENTRY,REENTRY_PRICE_IMPROVE_PCT,True,QUICK_NOT_CAUSAL,False,True,True,False,
REENTRY_NEUTRAL,REENTRY,REENTRY_SIZE_DIP_MULT,False,QUICK_NOT_CAUSAL,False,True,True,False,
REENTRY_NEUTRAL,REENTRY,REENTRY_SIZE_DIP_MULT,True,QUICK_NOT_CAUSAL,False,True,True,False,
REENTRY_NEUTRAL,REENTRY,REENTRY_SIZE_EXTENDED_K1H,False,QUICK_NOT_CAUSAL,False,True,True,False,
REENTRY_NEUTRAL,REENTRY,REENTRY_SIZE_EXTENDED_K1H,True,QUICK_NOT_CAUSAL,False,True,True,False,
REENTRY_NEUTRAL,REENTRY,REENTRY_SIZE_EXTENDED_MULT,2,QUICK_NOT_CAUSAL,False,True,True,False,
REENTRY_NEUTRAL,REENTRY,REENTRY_TIER2_MAX_MINUTES,False,QUICK_NOT_CAUSAL,False,True,True,False,
REENTRY_NEUTRAL,REENTRY,REENTRY_TIER2_MAX_MINUTES,True,QUICK_NOT_CAUSAL,False,True,True,False,
REENTRY_NEUTRAL,REENTRY,VEC_REENTRY_DC4_EXITPRICE_ENABLED,True,QUICK_NOT_CAUSAL,False,True,True,False,
REENTRY_NEUTRAL,REENTRY,VEC_REENTRY_DC4_EXITPRICE_ENABLED,0.08,QUICK_NOT_CAUSAL,False,True,True,False,
REENTRY_FULL_FILTERED,REENTRY,BOUNCE_REENTRY_ENABLED,True,HOOKED_BOTH,True,True,True,False,
REENTRY_FULL_FILTERED,REENTRY,BOUNCE_REENTRY_ENABLED,False,HOOKED_BOTH,True,True,True,False,
REENTRY_FULL_FILTERED,REENTRY,BOUNCE_REENTRY_K_RESET_LONG,False,HOOKED_BOTH,True,True,True,False,
REENTRY_FULL_FILTERED,REENTRY,BOUNCE_REENTRY_K_RESET_LONG,True,HOOKED_BOTH,True,True,True,False,
REENTRY_FULL_FILTERED,REENTRY,BOUNCE_REENTRY_K_RESET_SHORT,False,HOOKED_BOTH,True,True,True,False,
REENTRY_FULL_FILTERED,REENTRY,BOUNCE_REENTRY_K_RESET_SHORT,True,HOOKED_BOTH,True,True,True,False,
REENTRY_FULL_FILTERED,REENTRY,CHANNEL_REENTRY_STOP_ENABLED,True,HOOKED_BOTH,True,True,True,False,
REENTRY_FULL_FILTERED,REENTRY,CHANNEL_REENTRY_STOP_ENABLED,False,HOOKED_BOTH,True,True,True,False,
REENTRY_FULL_FILTERED,REENTRY,DAEMON_REENTRY_SHORT_WT_XUNDER_GATE_ENABLED,True,HOOKED_BOTH,True,True,True,False,
REENTRY_FULL_FILTERED,REENTRY,DAEMON_REENTRY_SHORT_WT_XUNDER_GATE_ENABLED,False,HOOKED_BOTH,True,True,True,False,
REENTRY_FULL_FILTERED,REENTRY,DAEMON_REENTRY_STALE_EXIT_ENABLED,True,HOOKED_BOTH,True,True,True,False,
REENTRY_FULL_FILTERED,REENTRY,DAEMON_REENTRY_STALE_EXIT_ENABLED,False,HOOKED_BOTH,True,True,True,False,
REENTRY_FULL_FILTERED,REENTRY,DELTA_EXIT_MANDATORY_REENTRY_ENABLED,True,HOOKED_BOTH,True,True,True,False,
REENTRY_FULL_FILTERED,REENTRY,DELTA_EXIT_MANDATORY_REENTRY_ENABLED,False,HOOKED_BOTH,True,True,True,False,
REENTRY_FULL_FILTERED,REENTRY,DELTA_REENTRY_FILTER_ENABLED,True,HOOKED_BOTH,True,True,True,False,
REENTRY_FULL_FILTERED,REENTRY,DELTA_REENTRY_FILTER_ENABLED,False,HOOKED_BOTH,True,True,True,False,
REENTRY_FULL_FILTERED,REENTRY,DIRECTION_FAVORABLE_REENTRY_ENABLED,True,HOOKED_BOTH,True,True,True,False,
REENTRY_FULL_FILTERED,REENTRY,DIRECTION_FAVORABLE_REENTRY_ENABLED,False,HOOKED_BOTH,True,True,True,False,
REENTRY_FULL_FILTERED,REENTRY,GUARANTEED_REENTRY_DELTA_GATE_ENABLED,True,HOOKED_BOTH,True,True,True,False,
REENTRY_FULL_FILTERED,REENTRY,GUARANTEED_REENTRY_DELTA_GATE_ENABLED,False,HOOKED_BOTH,True,True,True,False,
REENTRY_FULL_FILTERED,REENTRY,GUARANTEED_REENTRY_K_FAVORABLE_HIGH,False,HOOKED_BOTH,True,True,True,False,
REENTRY_FULL_FILTERED,REENTRY,GUARANTEED_REENTRY_K_FAVORABLE_HIGH,True,HOOKED_BOTH,True,True,True,False,
REENTRY_FULL_FILTERED,REENTRY,GUARANTEED_REENTRY_K_FAVORABLE_LOW,False,HOOKED_BOTH,True,True,True,False,
REENTRY_FULL_FILTERED,REENTRY,GUARANTEED_REENTRY_K_FAVORABLE_LOW,True,HOOKED_BOTH,True,True,True,False,
REENTRY_FULL_FILTERED,REENTRY,GUARANTEED_REENTRY_K_HIGH_BLOCK,False,HOOKED_BOTH,True,True,True,False,
REENTRY_FULL_FILTERED,REENTRY,GUARANTEED_REENTRY_K_HIGH_BLOCK,True,HOOKED_BOTH,True,True,True,False,
REENTRY_FULL_FILTERED,REENTRY,GUARANTEED_REENTRY_K_LOW_BLOCK,False,HOOKED_BOTH,True,True,True,False,
REENTRY_FULL_FILTERED,REENTRY,GUARANTEED_REENTRY_K_LOW_BLOCK,True,HOOKED_BOTH,True,True,True,False,
REENTRY_FULL_FILTERED,REENTRY,GUARANTEED_REENTRY_STRICT_CONFIRMATION,False,HOOKED_BOTH,True,True,True,False,
REENTRY_FULL_FILTERED,REENTRY,GUARANTEED_REENTRY_STRICT_CONFIRMATION,True,HOOKED_BOTH,True,True,True,False,
REENTRY_FULL_FILTERED,REENTRY,GUARANTEED_REENTRY_TIGHT_STOP_ENABLED,True,BADLY_WIRED_PLACEHOLDER,False,True,True,True,
REENTRY_FULL_FILTERED,REENTRY,GUARANTEED_REENTRY_TIGHT_STOP_ENABLED,False,BADLY_WIRED_PLACEHOLDER,False,True,True,True,
REENTRY_FULL_FILTERED,REENTRY,GUARANTEED_REENTRY_TIGHT_STOP_MAX_AGE_S,False,HOOKED_BOTH,True,True,True,False,
REENTRY_FULL_FILTERED,REENTRY,GUARANTEED_REENTRY_TIGHT_STOP_MAX_AGE_S,True,HOOKED_BOTH,True,True,True,False,
REENTRY_FULL_FILTERED,REENTRY,GUARANTEED_REENTRY_TIGHT_STOP_MIN_AGE_S,False,HOOKED_BOTH,True,True,True,False,
REENTRY_FULL_FILTERED,REENTRY,GUARANTEED_REENTRY_TIGHT_STOP_MIN_AGE_S,True,HOOKED_BOTH,True,True,True,False,
REENTRY_FULL_FILTERED,REENTRY,GUARANTEED_REENTRY_TIGHT_STOP_PCT,False,HOOKED_BOTH,True,True,True,False,
REENTRY_FULL_FILTERED,REENTRY,GUARANTEED_REENTRY_TIGHT_STOP_PCT,True,HOOKED_BOTH,True,True,True,False,
REENTRY_FULL_FILTERED,REENTRY,HLR_REENTRY_MAX_AGE_S,False,HOOKED_BOTH,True,True,True,False,
REENTRY_FULL_FILTERED,REENTRY,HLR_REENTRY_MAX_AGE_S,True,HOOKED_BOTH,True,True,True,False,
REENTRY_FULL_FILTERED,REENTRY,HLR_REENTRY_MULT_1H,False,HOOKED_BOTH,True,True,True,False,
REENTRY_FULL_FILTERED,REENTRY,HLR_REENTRY_MULT_1H,True,HOOKED_BOTH,True,True,True,False,
REENTRY_FULL_FILTERED,REENTRY,HLR_REENTRY_MULT_4H,False,HOOKED_BOTH,True,True,True,False,
REENTRY_FULL_FILTERED,REENTRY,HLR_REENTRY_MULT_4H,True,HOOKED_BOTH,True,True,True,False,
REENTRY_FULL_FILTERED,REENTRY,HLR_REENTRY_MULT_D,False,HOOKED_BOTH,True,True,True,False,
REENTRY_FULL_FILTERED,REENTRY,HLR_REENTRY_MULT_D,True,HOOKED_BOTH,True,True,True,False,
REENTRY_FULL_FILTERED,REENTRY,HLR_REENTRY_MULT_W,False,HOOKED_BOTH,True,True,True,False,
REENTRY_FULL_FILTERED,REENTRY,HLR_REENTRY_MULT_W,True,HOOKED_BOTH,True,True,True,False,
REENTRY_FULL_FILTERED,REENTRY,LEGACY_PROC_SINGLE_REENTRY,False,QUICK_NOT_CAUSAL,False,True,True,False,
REENTRY_FULL_FILTERED,REENTRY,LEGACY_PROC_SINGLE_REENTRY,True,QUICK_NOT_CAUSAL,False,True,True,False,
REENTRY_FULL_FILTERED,REENTRY,LEGACY_REENTRY_PSR_DC_BOUNCE,False,QUICK_NOT_CAUSAL,False,True,True,False,
REENTRY_FULL_FILTERED,REENTRY,LEGACY_REENTRY_PSR_DC_BOUNCE,True,QUICK_NOT_CAUSAL,False,True,True,False,
REENTRY_FULL_FILTERED,REENTRY,LEGACY_REENTRY_PSR_FULL_DC,False,QUICK_NOT_CAUSAL,False,True,True,False,
REENTRY_FULL_FILTERED,REENTRY,LEGACY_REENTRY_PSR_FULL_DC,True,QUICK_NOT_CAUSAL,False,True,True,False,
REENTRY_FULL_FILTERED,REENTRY,LEGACY_REENTRY_PSR_K_DC_CROSSOVER,False,QUICK_NOT_CAUSAL,False,True,True,False,
REENTRY_FULL_FILTERED,REENTRY,LEGACY_REENTRY_PSR_K_DC_CROSSOVER,True,QUICK_NOT_CAUSAL,False,True,True,False,
REENTRY_FULL_FILTERED,REENTRY,LEGACY_REENTRY_PSR_QUICK_RECOVERY,False,QUICK_NOT_CAUSAL,False,True,True,False,
REENTRY_FULL_FILTERED,REENTRY,LEGACY_REENTRY_PSR_QUICK_RECOVERY,True,QUICK_NOT_CAUSAL,False,True,True,False,
REENTRY_FULL_FILTERED,REENTRY,MANDATORY_REENTRY_ALLOW_WT0_STRONG_CROSS,False,QUICK_NOT_CAUSAL,False,True,True,False,
REENTRY_FULL_FILTERED,REENTRY,MANDATORY_REENTRY_ALLOW_WT0_STRONG_CROSS,True,QUICK_NOT_CAUSAL,False,True,True,False,
REENTRY_FULL_FILTERED,REENTRY,MANDATORY_REENTRY_K_HIGH_BLOCK,False,QUICK_NOT_CAUSAL,False,True,True,False,
REENTRY_FULL_FILTERED,REENTRY,MANDATORY_REENTRY_K_HIGH_BLOCK,True,QUICK_NOT_CAUSAL,False,True,True,False,
REENTRY_FULL_FILTERED,REENTRY,MANDATORY_REENTRY_K_LOW_BLOCK,False,QUICK_NOT_CAUSAL,False,True,True,False,
REENTRY_FULL_FILTERED,REENTRY,MANDATORY_REENTRY_K_LOW_BLOCK,True,QUICK_NOT_CAUSAL,False,True,True,False,
REENTRY_FULL_FILTERED,REENTRY,MANDATORY_REENTRY_REQUIRE_K_NOT_EXTREME,False,QUICK_NOT_CAUSAL,False,True,True,False,
REENTRY_FULL_FILTERED,REENTRY,MANDATORY_REENTRY_REQUIRE_K_NOT_EXTREME,True,QUICK_NOT_CAUSAL,False,True,True,False,
REENTRY_FULL_FILTERED,REENTRY,MU_CORRECTION_REENTRY_ENABLED,True,QUICK_NOT_CAUSAL,False,True,True,False,
REENTRY_FULL_FILTERED,REENTRY,MU_CORRECTION_REENTRY_ENABLED,False,QUICK_NOT_CAUSAL,False,True,True,False,
REENTRY_FULL_FILTERED,REENTRY,OBLIGATORY_REENTRY_DEFAULT_SIZE_MULT,False,QUICK_NOT_CAUSAL,False,True,True,False,
REENTRY_FULL_FILTERED,REENTRY,OBLIGATORY_REENTRY_DEFAULT_SIZE_MULT,True,QUICK_NOT_CAUSAL,False,True,True,False,
REENTRY_FULL_FILTERED,REENTRY,OBLIGATORY_REENTRY_ENABLED,True,QUICK_NOT_CAUSAL,False,True,True,False,
REENTRY_FULL_FILTERED,REENTRY,OBLIGATORY_REENTRY_ENABLED,False,QUICK_NOT_CAUSAL,False,True,True,False,
REENTRY_FULL_FILTERED,REENTRY,OBLIGATORY_REENTRY_K15_HIGH_BLOCK,False,QUICK_NOT_CAUSAL,False,True,True,False,
REENTRY_FULL_FILTERED,REENTRY,OBLIGATORY_REENTRY_K15_HIGH_BLOCK,True,QUICK_NOT_CAUSAL,False,True,True,False,
REENTRY_FULL_FILTERED,REENTRY,OBLIGATORY_REENTRY_K15_HIGH_SIZE_FRAC,False,QUICK_NOT_CAUSAL,False,True,True,False,
REENTRY_FULL_FILTERED,REENTRY,OBLIGATORY_REENTRY_K15_HIGH_SIZE_FRAC,True,QUICK_NOT_CAUSAL,False,True,True,False,
REENTRY_FULL_FILTERED,REENTRY,OBLIGATORY_REENTRY_SCORE_TIER1,False,QUICK_NOT_CAUSAL,False,True,True,False,
REENTRY_FULL_FILTERED,REENTRY,OBLIGATORY_REENTRY_SCORE_TIER1,True,QUICK_NOT_CAUSAL,False,True,True,False,
REENTRY_FULL_FILTERED,REENTRY,OBLIGATORY_REENTRY_SCORE_TIER2,False,QUICK_NOT_CAUSAL,False,True,True,False,
REENTRY_FULL_FILTERED,REENTRY,OBLIGATORY_REENTRY_SCORE_TIER2,True,QUICK_NOT_CAUSAL,False,True,True,False,
REENTRY_FULL_FILTERED,REENTRY,OBLIGATORY_REENTRY_SCORE_TIER3,False,QUICK_NOT_CAUSAL,False,True,True,False,
REENTRY_FULL_FILTERED,REENTRY,OBLIGATORY_REENTRY_SCORE_TIER3,True,QUICK_NOT_CAUSAL,False,True,True,False,
REENTRY_FULL_FILTERED,REENTRY,OBLIGATORY_REENTRY_SHORT_K15_LOW_BLOCK,False,QUICK_NOT_CAUSAL,False,True,True,False,
REENTRY_FULL_FILTERED,REENTRY,OBLIGATORY_REENTRY_SHORT_K15_LOW_BLOCK,True,QUICK_NOT_CAUSAL,False,True,True,False,
REENTRY_FULL_FILTERED,REENTRY,OBLIGATORY_REENTRY_SHORT_K15_LOW_SIZE_FRAC,False,QUICK_NOT_CAUSAL,False,True,True,False,
REENTRY_FULL_FILTERED,REENTRY,OBLIGATORY_REENTRY_SHORT_K15_LOW_SIZE_FRAC,True,QUICK_NOT_CAUSAL,False,True,True,False,
REENTRY_FULL_FILTERED,REENTRY,OBLIGATORY_REENTRY_SMA_FIELD,False,QUICK_NOT_CAUSAL,False,True,True,False,
REENTRY_FULL_FILTERED,REENTRY,OBLIGATORY_REENTRY_SMA_FIELD,True,QUICK_NOT_CAUSAL,False,True,True,False,
REENTRY_FULL_FILTERED,REENTRY,OBLIGATORY_REENTRY_SMA_TF,15m,QUICK_NOT_CAUSAL,False,True,True,False,
REENTRY_FULL_FILTERED,REENTRY,OBLIGATORY_REENTRY_SMA_TF,1h,QUICK_NOT_CAUSAL,False,True,True,False,
REENTRY_FULL_FILTERED,REENTRY,OBLIGATORY_REENTRY_SMA_TF,4h,QUICK_NOT_CAUSAL,False,True,True,False,
REENTRY_FULL_FILTERED,REENTRY,OBLIGATORY_REENTRY_SMA_TF,D,QUICK_NOT_CAUSAL,False,True,True,False,
REENTRY_FULL_FILTERED,REENTRY,OBLIGATORY_REENTRY_TIER1_HTF_REQUIRED,False,QUICK_NOT_CAUSAL,False,True,True,False,
REENTRY_FULL_FILTERED,REENTRY,OBLIGATORY_REENTRY_TIER1_HTF_REQUIRED,True,QUICK_NOT_CAUSAL,False,True,True,False,
REENTRY_FULL_FILTERED,REENTRY,OBLIGATORY_REENTRY_TIER2_HTF_REQUIRED,False,QUICK_NOT_CAUSAL,False,True,True,False,
REENTRY_FULL_FILTERED,REENTRY,OBLIGATORY_REENTRY_TIER2_HTF_REQUIRED,True,QUICK_NOT_CAUSAL,False,True,True,False,
REENTRY_FULL_FILTERED,REENTRY,REENTRY2_DC_BREAK_ALLOW_15M,False,QUICK_NOT_CAUSAL,False,True,True,False,
REENTRY_FULL_FILTERED,REENTRY,REENTRY2_DC_BREAK_ALLOW_15M,True,QUICK_NOT_CAUSAL,False,True,True,False,
REENTRY_FULL_FILTERED,REENTRY,REENTRY2_DC_BREAK_FILTER_TF,15m,QUICK_NOT_CAUSAL,False,True,True,False,
REENTRY_FULL_FILTERED,REENTRY,REENTRY2_DC_BREAK_FILTER_TF,1h,QUICK_NOT_CAUSAL,False,True,True,False,
REENTRY_FULL_FILTERED,REENTRY,REENTRY2_DC_BREAK_FILTER_TF,4h,QUICK_NOT_CAUSAL,False,True,True,False,
REENTRY_FULL_FILTERED,REENTRY,REENTRY2_DC_BREAK_FILTER_TF,D,QUICK_NOT_CAUSAL,False,True,True,False,
REENTRY_FULL_FILTERED,REENTRY,REENTRY2_DC_BREAK_REQUIRE_K_FILTER,False,QUICK_NOT_CAUSAL,False,True,True,False,
REENTRY_FULL_FILTERED,REENTRY,REENTRY2_DC_BREAK_REQUIRE_K_FILTER,True,QUICK_NOT_CAUSAL,False,True,True,False,
REENTRY_FULL_FILTERED,REENTRY,REENTRY2_DC_BREAK_REQUIRE_WT_FILTER,False,QUICK_NOT_CAUSAL,False,True,True,False,
REENTRY_FULL_FILTERED,REENTRY,REENTRY2_DC_BREAK_REQUIRE_WT_FILTER,True,QUICK_NOT_CAUSAL,False,True,True,False,
REENTRY_FULL_FILTERED,REENTRY,REENTRY2_DIR_FAV_ENABLED,True,QUICK_NOT_CAUSAL,False,True,True,False,
REENTRY_FULL_FILTERED,REENTRY,REENTRY2_DIR_FAV_ENABLED,False,QUICK_NOT_CAUSAL,False,True,True,False,
REENTRY_FULL_FILTERED,REENTRY,REENTRY_B16_SIZE_MULT_STRONG,False,QUICK_NOT_CAUSAL,False,True,True,False,
REENTRY_FULL_FILTERED,REENTRY,REENTRY_B16_SIZE_MULT_STRONG,True,QUICK_NOT_CAUSAL,False,True,True,False,
REENTRY_FULL_FILTERED,REENTRY,REENTRY_B16_SIZE_MULT_WEAK,False,QUICK_NOT_CAUSAL,False,True,True,False,
REENTRY_FULL_FILTERED,REENTRY,REENTRY_B16_SIZE_MULT_WEAK,True,QUICK_NOT_CAUSAL,False,True,True,False,
REENTRY_FULL_FILTERED,REENTRY,REENTRY_B16_SMA200_PROX_PCT,False,QUICK_NOT_CAUSAL,False,True,True,False,
REENTRY_FULL_FILTERED,REENTRY,REENTRY_B16_SMA200_PROX_PCT,True,QUICK_NOT_CAUSAL,False,True,True,False,
REENTRY_FULL_FILTERED,REENTRY,REENTRY_B16_SMA200_PULLBACK_ENABLED,True,QUICK_NOT_CAUSAL,False,True,True,False,
REENTRY_FULL_FILTERED,REENTRY,REENTRY_B16_SMA200_PULLBACK_ENABLED,False,QUICK_NOT_CAUSAL,False,True,True,False,
REENTRY_FULL_FILTERED,REENTRY,REENTRY_CROSS_FRESHNESS_ENABLED,True,QUICK_NOT_CAUSAL,False,True,True,False,
REENTRY_FULL_FILTERED,REENTRY,REENTRY_CROSS_FRESHNESS_ENABLED,False,QUICK_NOT_CAUSAL,False,True,True,False,
REENTRY_FULL_FILTERED,REENTRY,REENTRY_EXHAUSTED_PARTIAL_ENABLED,True,QUICK_NOT_CAUSAL,False,True,True,False,
REENTRY_FULL_FILTERED,REENTRY,REENTRY_EXHAUSTED_PARTIAL_ENABLED,False,QUICK_NOT_CAUSAL,False,True,True,False,
REENTRY_FULL_FILTERED,REENTRY,REENTRY_EXIT_RECLAIM_BUFFER_PCT,False,QUICK_NOT_CAUSAL,False,True,True,False,
REENTRY_FULL_FILTERED,REENTRY,REENTRY_EXIT_RECLAIM_BUFFER_PCT,True,QUICK_NOT_CAUSAL,False,True,True,False,
REENTRY_FULL_FILTERED,REENTRY,REENTRY_EXIT_RECLAIM_ENABLED,True,QUICK_NOT_CAUSAL,False,True,True,False,
REENTRY_FULL_FILTERED,REENTRY,REENTRY_EXIT_RECLAIM_ENABLED,False,QUICK_NOT_CAUSAL,False,True,True,False,
REENTRY_FULL_FILTERED,REENTRY,REENTRY_POST_CONSOL_ATR_THRESHOLD,0.15,QUICK_NOT_CAUSAL,False,True,True,False,
REENTRY_FULL_FILTERED,REENTRY,REENTRY_POST_CONSOL_MULT,False,QUICK_NOT_CAUSAL,False,True,True,False,
REENTRY_FULL_FILTERED,REENTRY,REENTRY_POST_CONSOL_MULT,True,QUICK_NOT_CAUSAL,False,True,True,False,
REENTRY_FULL_FILTERED,REENTRY,REENTRY_POST_CONSOL_MULT,1.5,QUICK_NOT_CAUSAL,False,True,True,False,
REENTRY_FULL_FILTERED,REENTRY,REENTRY_PRICE_IMPROVE_PCT,True,QUICK_NOT_CAUSAL,False,True,True,False,
REENTRY_FULL_FILTERED,REENTRY,REENTRY_SIZE_BREAKOUT_MULT,False,QUICK_NOT_CAUSAL,False,True,True,False,
REENTRY_FULL_FILTERED,REENTRY,REENTRY_SIZE_BREAKOUT_MULT,True,QUICK_NOT_CAUSAL,False,True,True,False,
REENTRY_FULL_FILTERED,REENTRY,REENTRY_SIZE_DIP_MULT,False,QUICK_NOT_CAUSAL,False,True,True,False,
REENTRY_FULL_FILTERED,REENTRY,REENTRY_SIZE_DIP_MULT,2,QUICK_NOT_CAUSAL,False,True,True,False,
REENTRY_FULL_FILTERED,REENTRY,REENTRY_SIZE_EXTENDED_MULT,True,QUICK_NOT_CAUSAL,False,True,True,False,
REENTRY_FULL_FILTERED,REENTRY,REENTRY_TIER1_SIZE_MULT,False,QUICK_NOT_CAUSAL,False,True,True,False,
REENTRY_FULL_FILTERED,REENTRY,REENTRY_TIER1_SIZE_MULT,True,QUICK_NOT_CAUSAL,False,True,True,False,
REENTRY_FULL_FILTERED,REENTRY,REENTRY_TIER2_MAX_MINUTES,0.08,QUICK_NOT_CAUSAL,False,True,True,False,
REENTRY_FULL_FILTERED,REENTRY,VEC_REENTRY_DC4_EXITPRICE_ENABLED,True,QUICK_NOT_CAUSAL,False,True,True,False,
REENTRY_FULL_FILTERED,REENTRY,VEC_REENTRY_DC4_EXITPRICE_ENABLED,False,QUICK_NOT_CAUSAL,False,True,True,False,
REENTRY_FULL_FILTERED,REENTRY,BREAKOUT_LEASH_REENTRY_MULT,False,HOOKED_BOTH,True,True,True,False,
REENTRY_FULL_FILTERED,REENTRY,BREAKOUT_LEASH_REENTRY_MULT,True,HOOKED_BOTH,True,True,True,False,
REENTRY_FULL_FILTERED,REENTRY,BREAKOUT_LEASH_REENTRY_MULT,2,HOOKED_BOTH,True,True,True,False,
AUGMENT_BREAKOUT,AUGMENT,LR_BAND_LADDER_TF_BOTTOM,0.0,QUICK_NOT_CAUSAL,False,True,True,False,
AUGMENT_BREAKOUT,AUGMENT,LR_BAND_LADDER_TF_BOTTOM,1.0,QUICK_NOT_CAUSAL,False,True,True,False,
AUGMENT_BREAKOUT,AUGMENT,LR_BAND_LADDER_TF_TOP,0.0,QUICK_NOT_CAUSAL,False,True,True,False,
AUGMENT_BREAKOUT,AUGMENT,LR_BAND_LADDER_TF_TOP,1.0,QUICK_NOT_CAUSAL,False,True,True,False,
AUGMENT_BREAKOUT,AUGMENT,AUGMENT_MIN_GAIN_PCT,0.5,HOOKED_BOTH,True,True,True,False,
AUGMENT_BREAKOUT,AUGMENT,AUGMENT_MIN_GAIN_PCT,1.0,HOOKED_BOTH,True,True,True,False,
AUGMENT_BREAKOUT,AUGMENT,AUGMENT_MIN_GAIN_PCT,1.5,HOOKED_BOTH,True,True,True,False,
AUGMENT_BREAKOUT,AUGMENT,AUGMENT_MIN_GAIN_PCT,2.0,HOOKED_BOTH,True,True,True,False,
AUGMENT_BREAKOUT,AUGMENT,AUGMENT_MIN_GAIN_PCT,3.0,HOOKED_BOTH,True,True,True,False,
AUGMENT_BREAKOUT,AUGMENT,AUGMENT_MIN_GAIN_PCT,5.0,HOOKED_BOTH,True,True,True,False,
AUGMENT_BREAKOUT,AUGMENT,AUGMENT_BOUNCE_MIN_GAIN_PCT,0.0,HOOKED_BOTH,True,True,True,False,
AUGMENT_BREAKOUT,AUGMENT,AUGMENT_BOUNCE_MIN_GAIN_PCT,0.5,HOOKED_BOTH,True,True,True,False,
AUGMENT_BREAKOUT,AUGMENT,AUGMENT_BOUNCE_MIN_GAIN_PCT,1.0,HOOKED_BOTH,True,True,True,False,
AUGMENT_BREAKOUT,AUGMENT,AUGMENT_BOUNCE_MIN_GAIN_PCT,1.5,HOOKED_BOTH,True,True,True,False,
AUGMENT_BREAKOUT,AUGMENT,AUGMENT_BREAKOUT_MIN_GAIN_PCT,1.0,HOOKED_BOTH,True,True,True,False,
AUGMENT_BREAKOUT,AUGMENT,AUGMENT_BREAKOUT_MIN_GAIN_PCT,1.5,HOOKED_BOTH,True,True,True,False,
AUGMENT_BREAKOUT,AUGMENT,AUGMENT_BREAKOUT_MIN_GAIN_PCT,2.0,HOOKED_BOTH,True,True,True,False,
AUGMENT_BREAKOUT,AUGMENT,AUGMENT_BREAKOUT_MIN_GAIN_PCT,3.0,HOOKED_BOTH,True,True,True,False,
AUGMENT_BREAKOUT,AUGMENT,AUGMENT_BREAKOUT_MIN_GAIN_PCT,5.0,HOOKED_BOTH,True,True,True,False,
AUGMENT_BREAKOUT,AUGMENT,AUGMENT_FALLBACK_REDUCE_ENABLED,1.0,HOOKED_BOTH,True,True,True,False,
AUGMENT_BREAKOUT,AUGMENT,AUGMENT_FALLBACK_REDUCE_ENABLED,0.0,HOOKED_BOTH,True,True,True,False,
AUGMENT_BREAKOUT,AUGMENT,AUGMENT_FALLBACK_REDUCE_PCT,0.25,HOOKED_BOTH,True,True,True,False,
AUGMENT_BREAKOUT,AUGMENT,AUGMENT_FALLBACK_REDUCE_PCT,0.5,HOOKED_BOTH,True,True,True,False,
AUGMENT_BREAKOUT,AUGMENT,AUGMENT_FALLBACK_REDUCE_PCT,1.0,HOOKED_BOTH,True,True,True,False,
AUGMENT_BREAKOUT,AUGMENT,AUGMENT_FALLBACK_GAIN_PCT,0.5,HOOKED_BOTH,True,True,True,False,
AUGMENT_BREAKOUT,AUGMENT,AUGMENT_FALLBACK_GAIN_PCT,1.0,HOOKED_BOTH,True,True,True,False,
AUGMENT_BREAKOUT,AUGMENT,AUGMENT_FALLBACK_GAIN_PCT,1.5,HOOKED_BOTH,True,True,True,False,
AUGMENT_BREAKOUT,AUGMENT,AUGMENT_FALLBACK_GAIN_PCT,2.0,HOOKED_BOTH,True,True,True,False,
AUGMENT_PULLBACK_BOUNCE,AUGMENT,BOUNCE_AUGMENT_MIN_LOSS_PCT,-0.5,HOOKED_BOTH,True,True,True,False,
AUGMENT_PULLBACK_BOUNCE,AUGMENT,BOUNCE_AUGMENT_MIN_LOSS_PCT,-0.125,HOOKED_BOTH,True,True,True,False,
AUGMENT_PULLBACK_BOUNCE,AUGMENT,LR_BAND_LADDER_TF_BOTTOM,0,QUICK_NOT_CAUSAL,False,True,True,False,
AUGMENT_PULLBACK_BOUNCE,AUGMENT,LR_BAND_LADDER_TF_BOTTOM,1,QUICK_NOT_CAUSAL,False,True,True,False,
AUGMENT_PULLBACK_BOUNCE,AUGMENT,LR_BAND_LADDER_TF_TOP,0,QUICK_NOT_CAUSAL,False,True,True,False,
AUGMENT_PULLBACK_BOUNCE,AUGMENT,LR_BAND_LADDER_TF_TOP,1,QUICK_NOT_CAUSAL,False,True,True,False,
AUGMENT_PULLBACK_BOUNCE,AUGMENT,ADX_RANGING_THRESHOLD,20,HOOKED_BOTH,True,True,True,False,
AUGMENT_PULLBACK_BOUNCE,AUGMENT,ATR_TRAIL_FILTER_TF,OFF,HOOKED_BOTH,True,True,True,False,
AUGMENT_PULLBACK_BOUNCE,AUGMENT,BANDAID_OFF_LOSER_RECOVER_PCT,0,HOOKED_BOTH,True,True,True,False,
AUGMENT_PULLBACK_BOUNCE,AUGMENT,BAND_ARROW_ENABLED,False,HOOKED_BOTH,True,True,True,False,
AUGMENT_PULLBACK_BOUNCE,AUGMENT,BAR_PATTERNS_FILTER_TF,OFF,HOOKED_BOTH,True,True,True,False,
AUGMENT_PULLBACK_BOUNCE,AUGMENT,BB_PULLBACK_GATE_FILTER_TF,OFF,HOOKED_BOTH,True,True,True,False,
AUGMENT_PULLBACK_BOUNCE,AUGMENT,BB_RECOVERY_ENTRY_FILTER_TF,OFF,HOOKED_BOTH,True,True,True,False,
AUGMENT_PULLBACK_BOUNCE,AUGMENT,BB_RECOVERY_FILTER_TF,OFF,HOOKED_BOTH,True,True,True,False,
AUGMENT_PULLBACK_BOUNCE,AUGMENT,BREAKEVEN_GAIN_EROSION_FILTER_TF,OFF,HOOKED_BOTH,True,True,True,False,
AUGMENT_PULLBACK_BOUNCE,AUGMENT,BREAKOUT_RETEST_FILTER_TF,OFF,HOOKED_BOTH,True,True,True,False,
AUGMENT_PULLBACK_BOUNCE,AUGMENT,BT_WT_CROSS_LADDER_FILTER_TF,OFF,HOOKED_BOTH,True,True,True,False,
AUGMENT_PULLBACK_BOUNCE,AUGMENT,CANDLE_PATTERN_STOPS_FILTER_TF,OFF,HOOKED_BOTH,True,True,True,False,
AUGMENT_PULLBACK_BOUNCE,AUGMENT,CIRCUIT_SHARPE_GATES_FILTER_TF,OFF,HOOKED_BOTH,True,True,True,False,
AUGMENT_PULLBACK_BOUNCE,AUGMENT,COOLDOWN_LOCKS_FILTER_TF,OFF,HOOKED_BOTH,True,True,True,False,
AUGMENT_PULLBACK_BOUNCE,AUGMENT,CRYPTO_SPIKE_FADE_THRESHOLD_PCT,10,HOOKED_BOTH,True,True,True,False,
AUGMENT_PULLBACK_BOUNCE,AUGMENT,DC_BREACH_REDUCE_FILTER_TF,OFF,HOOKED_BOTH,True,True,True,False,
AUGMENT_PULLBACK_BOUNCE,AUGMENT,DC_BREAK_FILTER_TF,OFF,HOOKED_BOTH,True,True,True,False,
AUGMENT_PULLBACK_BOUNCE,AUGMENT,DC_MOMENTUM_BOTA_SCORER_FILTER_TF,OFF,HOOKED_BOTH,True,True,True,False,
AUGMENT_PULLBACK_BOUNCE,AUGMENT,DC_MOMENT_STRONG_THRESHOLD,40,HOOKED_BOTH,True,True,True,False,
AUGMENT_PULLBACK_BOUNCE,AUGMENT,DELTA_ENGINE_FILTER_TF,OFF,HOOKED_BOTH,True,True,True,False,
AUGMENT_PULLBACK_BOUNCE,AUGMENT,DELTA_HTF_GATE,4h,HOOKED_BOTH,True,True,True,False,
AUGMENT_PULLBACK_BOUNCE,AUGMENT,DELTA_REENTRY_FILTER_ENABLED,False,HOOKED_BOTH,True,True,True,False,
AUGMENT_PULLBACK_BOUNCE,AUGMENT,DUP_GUARD_FILTER_TF,OFF,HOOKED_BOTH,True,True,True,False,
AUGMENT_PULLBACK_BOUNCE,AUGMENT,EMA_9_21_FILTER_FILTER_TF,OFF,HOOKED_BOTH,True,True,True,False,
AUGMENT_PULLBACK_BOUNCE,AUGMENT,EMA_9_21_FILTER_MIN_TFS,0,HOOKED_BOTH,True,True,True,False,
AUGMENT_PULLBACK_BOUNCE,AUGMENT,EMA_BLANKET_FILTER_ENABLED,False,HOOKED_BOTH,True,True,True,False,
AUGMENT_PULLBACK_BOUNCE,AUGMENT,EMA_BLANKET_FILTER_FILTER_TF,OFF,HOOKED_BOTH,True,True,True,False,
AUGMENT_PULLBACK_BOUNCE,AUGMENT,EMA_BLANKET_FILTER_MIN_TFS,0,HOOKED_BOTH,True,True,True,False,
AUGMENT_PULLBACK_BOUNCE,AUGMENT,EMERGENCY_BRAKE_FILTER_TF,OFF,HOOKED_BOTH,True,True,True,False,
AUGMENT_PULLBACK_BOUNCE,AUGMENT,EXECUTE_NOW_SINGLE_GATE_ENFORCE,0.0,HOOKED_BOTH,True,True,True,False,
AUGMENT_PULLBACK_BOUNCE,AUGMENT,EXIT_R1_R2_FILTER_TF,OFF,HOOKED_BOTH,True,True,True,False,
AUGMENT_PULLBACK_BOUNCE,AUGMENT,EXIT_TIGHT_BREAKOUT_SCORER_FILTER_TF,OFF,QUICK_NOT_CAUSAL,False,True,True,False,
AUGMENT_PULLBACK_BOUNCE,AUGMENT,EXIT_TOP_FADE_FILTER_TF,OFF,QUICK_NOT_CAUSAL,False,True,True,False,
AUGMENT_PULLBACK_BOUNCE,AUGMENT,EXIT_TO_REDUCE_ADAPTER_FILTER_TF,OFF,QUICK_NOT_CAUSAL,False,True,True,False,
AUGMENT_PULLBACK_BOUNCE,AUGMENT,EZ_MANAGE_THROTTLER_RATE,0.0,HOOKED_BOTH,True,True,True,False,
AUGMENT_PULLBACK_BOUNCE,AUGMENT,FAST_RISER_FILTER_TF,OFF,QUICK_NOT_CAUSAL,False,True,True,False,
AUGMENT_PULLBACK_BOUNCE,AUGMENT,FG_FEAR_THRESHOLD,25,HOOKED_BOTH,True,True,True,False,
AUGMENT_PULLBACK_BOUNCE,AUGMENT,FG_GREED_THRESHOLD,75,HOOKED_BOTH,True,True,True,False,
AUGMENT_PULLBACK_BOUNCE,AUGMENT,FH_MOMENTUM_FILTER_TF,OFF,QUICK_NOT_CAUSAL,False,True,True,False,
AUGMENT_PULLBACK_BOUNCE,AUGMENT,FIRST_OPEN_THROTTLE_FILTER_TF,OFF,QUICK_NOT_CAUSAL,False,True,True,False,
AUGMENT_PULLBACK_BOUNCE,AUGMENT,FROZEN_STOP_FILTER_TF,OFF,QUICK_NOT_CAUSAL,False,True,True,False,
AUGMENT_PULLBACK_BOUNCE,AUGMENT,FUNDING_GATE_FILTER_TF,OFF,QUICK_NOT_CAUSAL,False,True,True,False,
AUGMENT_PULLBACK_BOUNCE,AUGMENT,FUNDING_GATE_LONG_MAX,0.0,HOOKED_BOTH,True,True,True,False,
AUGMENT_PULLBACK_BOUNCE,AUGMENT,FUNDING_GATE_MTF_REQUIRED,0.0,HOOKED_BOTH,True,True,True,False,
AUGMENT_PULLBACK_BOUNCE,AUGMENT,FUNDING_GATE_SHORT_MIN,0.0,HOOKED_BOTH,True,True,True,False,
AUGMENT_PULLBACK_BOUNCE,AUGMENT,GOLDEN_RULE_BASE_USD,0.0,QUICK_NOT_CAUSAL,False,True,True,False,
AUGMENT_PULLBACK_BOUNCE,AUGMENT,GOLDEN_RULE_ENFORCE_FILTER_TF,OFF,QUICK_NOT_CAUSAL,False,True,True,False,
AUGMENT_PULLBACK_BOUNCE,AUGMENT,GOLDEN_RULE_HTF_VOTE_FILTER_TF,OFF,QUICK_NOT_CAUSAL,False,True,True,False,
AUGMENT_PULLBACK_BOUNCE,AUGMENT,GR_FILTER_ALL_ENTRIES,0.0,QUICK_NOT_CAUSAL,False,True,True,False,
AUGMENT_PULLBACK_BOUNCE,AUGMENT,GR_FILTER_VEC_ENABLED,False,QUICK_NOT_CAUSAL,False,True,True,False,
AUGMENT_PULLBACK_BOUNCE,AUGMENT,GR_FILTER_VEC_FILTER_TF,OFF,QUICK_NOT_CAUSAL,False,True,True,False,
AUGMENT_PULLBACK_BOUNCE,AUGMENT,GR_FILTER_VEC_MIN_TFS,0,QUICK_NOT_CAUSAL,False,True,True,False,
AUGMENT_PULLBACK_BOUNCE,AUGMENT,GR_V5_STATE_FILTER_TF,OFF,QUICK_NOT_CAUSAL,False,True,True,False,
AUGMENT_PULLBACK_BOUNCE,AUGMENT,HAIKU_WINNER_FILTER_TF,OFF,QUICK_NOT_CAUSAL,False,True,True,False,
AUGMENT_PULLBACK_BOUNCE,AUGMENT,HA_WICK_QUALITY_ENABLED,False,QUICK_NOT_CAUSAL,False,True,True,False,
AUGMENT_PULLBACK_BOUNCE,AUGMENT,HA_WICK_QUALITY_SCORE,15,QUICK_NOT_CAUSAL,False,True,True,False,
AUGMENT_PULLBACK_BOUNCE,AUGMENT,HA_WICK_QUALITY_TF,OFF,QUICK_NOT_CAUSAL,False,True,True,False,
AUGMENT_PULLBACK_BOUNCE,AUGMENT,HLR_SMA_BAND_PCT,0,HOOKED_BOTH,True,True,True,False,
AUGMENT_PULLBACK_BOUNCE,AUGMENT,HLR_TOP_MIN_TFS,0,HOOKED_BOTH,True,True,True,False,
AUGMENT_PULLBACK_BOUNCE,AUGMENT,HTF4_CONF,False,HOOKED_BOTH,True,True,True,False,
AUGMENT_PULLBACK_BOUNCE,AUGMENT,HTF_DIRECTION_GATE_ENABLED,False,QUICK_NOT_CAUSAL,False,True,True,False,
AUGMENT_PULLBACK_BOUNCE,AUGMENT,HTF_GATE_BYPASS_RZ,0.0,HOOKED_BOTH,True,True,True,False,
AUGMENT_PULLBACK_BOUNCE,AUGMENT,HTF_GATE_D_MANDATORY,0.0,HOOKED_BOTH,True,True,True,False,
AUGMENT_PULLBACK_BOUNCE,AUGMENT,HTF_GATE_MIN_CONFIRMATIONS,0.0,HOOKED_BOTH,True,True,True,False,
AUGMENT_PULLBACK_BOUNCE,AUGMENT,HTF_TREND_VETO_BYPASS_ENABLED,False,QUICK_NOT_CAUSAL,False,True,True,False,
AUGMENT_PULLBACK_BOUNCE,AUGMENT,HTF_TREND_VETO_BYPASS_REASONS,0.0,HOOKED_BOTH,True,True,True,False,
AUGMENT_PULLBACK_BOUNCE,AUGMENT,LEADERBOARD_FILTER,False,HOOKED_BOTH,True,True,True,False,
AUGMENT_PULLBACK_BOUNCE,AUGMENT,LH_HL_FILTER_ENABLED,False,QUICK_NOT_CAUSAL,False,True,True,False,
AUGMENT_PULLBACK_BOUNCE,AUGMENT,LH_HL_FILTER_MODE,STRICT_2BAR,QUICK_NOT_CAUSAL,False,True,True,False,
AUGMENT_PULLBACK_BOUNCE,AUGMENT,LH_HL_FILTER_REQUIRE_BOTH,False,QUICK_NOT_CAUSAL,False,True,True,False,
AUGMENT_PULLBACK_BOUNCE,AUGMENT,LH_HL_FILTER_TF_REQ,2,QUICK_NOT_CAUSAL,False,True,True,False,
AUGMENT_PULLBACK_BOUNCE,AUGMENT,LIVE_ENTRY_ENGINE_FILTER_TF,OFF,QUICK_NOT_CAUSAL,False,True,True,False,
AUGMENT_PULLBACK_BOUNCE,AUGMENT,LIVE_ONLY_SIGNALS_BATCH5_FILTER_TF,OFF,QUICK_NOT_CAUSAL,False,True,True,False,
AUGMENT_PULLBACK_BOUNCE,AUGMENT,LIVE_VEC_EMERGENCY_BRAKE_ENABLED,False,QUICK_NOT_CAUSAL,False,True,True,False,
AUGMENT_PULLBACK_BOUNCE,AUGMENT,LR_BAND_LADDER_STOCH_EXTREME,30.0,QUICK_NOT_CAUSAL,False,True,True,False,
AUGMENT_PULLBACK_BOUNCE,AUGMENT,MANDATORY_REENTRY_WT_FILTER_MIN_TFS,1,QUICK_NOT_CAUSAL,False,True,True,False,
AUGMENT_PULLBACK_BOUNCE,AUGMENT,MANDATORY_REENTRY_WT_FILTER_MIN_VELOCITY,0.0,QUICK_NOT_CAUSAL,False,True,True,False,
AUGMENT_PULLBACK_BOUNCE,AUGMENT,MANDATORY_REENTRY_WT_FILTER_REQUIRE_FLIP,False,QUICK_NOT_CAUSAL,False,True,True,False,
AUGMENT_PULLBACK_BOUNCE,AUGMENT,MANDATORY_REENTRY_WT_FILTER_TF_MODE,15m_only,QUICK_NOT_CAUSAL,False,True,True,False,
AUGMENT_PULLBACK_BOUNCE,AUGMENT,MANDATORY_REENTRY_WT_FILTER_VELOCITY_RATIO,0.90,QUICK_NOT_CAUSAL,False,True,True,False,
AUGMENT_PULLBACK_BOUNCE,AUGMENT,MARKET_QUALITY_SCORE_ENABLED,False,QUICK_NOT_CAUSAL,False,True,True,False,
AUGMENT_PULLBACK_BOUNCE,AUGMENT,MI_TF_AGREE_MIN,0.0,QUICK_NOT_CAUSAL,False,True,True,False,
AUGMENT_PULLBACK_BOUNCE,AUGMENT,MOM3_FILTER_TF,OFF,QUICK_NOT_CAUSAL,False,True,True,False,
AUGMENT_PULLBACK_BOUNCE,AUGMENT,MOMENTUM_BREAKOUT_FILTER_TF,OFF,QUICK_NOT_CAUSAL,False,True,True,False,
AUGMENT_PULLBACK_BOUNCE,AUGMENT,MOVER_THRESHOLD,5,QUICK_NOT_CAUSAL,False,True,True,False,
AUGMENT_PULLBACK_BOUNCE,AUGMENT,MTF_ARMED_ENTRIES_FILTER_TF,OFF,QUICK_NOT_CAUSAL,False,True,True,False,
AUGMENT_PULLBACK_BOUNCE,AUGMENT,MTF_ATR_TRAIL_FILTER_TF,OFF,QUICK_NOT_CAUSAL,False,True,True,False,
AUGMENT_PULLBACK_BOUNCE,AUGMENT,MTF_DC_REJECT_FILTER_TF,OFF,QUICK_NOT_CAUSAL,False,True,True,False,
AUGMENT_PULLBACK_BOUNCE,AUGMENT,MTF_FILTER_STRONG_BUY_QUICK_BYPASS,0.0,QUICK_NOT_CAUSAL,False,True,True,False,
AUGMENT_PULLBACK_BOUNCE,AUGMENT,MTF_GR_MIN_IND,5,QUICK_NOT_CAUSAL,False,True,True,False,
AUGMENT_PULLBACK_BOUNCE,AUGMENT,MTS_BOTTOM_BONUS_THRESHOLD,25,QUICK_NOT_CAUSAL,False,True,True,False,
AUGMENT_PULLBACK_BOUNCE,AUGMENT,MTS_BOTTOM_STRONG_THRESHOLD,40,QUICK_NOT_CAUSAL,False,True,True,False,
AUGMENT_PULLBACK_BOUNCE,AUGMENT,MTS_GATE_ENABLED,False,QUICK_NOT_CAUSAL,False,True,True,False,
AUGMENT_PULLBACK_BOUNCE,AUGMENT,NEWBORN_LOSS_KILL_FILTER_TF,OFF,QUICK_NOT_CAUSAL,False,True,True,False,
AUGMENT_PULLBACK_BOUNCE,AUGMENT,NEWBORN_LOSS_KILL_GAIN_THRESHOLD_PCT,0,QUICK_NOT_CAUSAL,False,True,True,False,
AUGMENT_PULLBACK_BOUNCE,AUGMENT,NEWBORN_LOSS_KILL_REQUIRE_VEL_AGAINST,0.0,QUICK_NOT_CAUSAL,False,True,True,False,
AUGMENT_PULLBACK_BOUNCE,AUGMENT,NEWBORN_PROTECT_FILTER_TF,OFF,QUICK_NOT_CAUSAL,False,True,True,False,
AUGMENT_PULLBACK_BOUNCE,AUGMENT,NEW_POSITION_MAX_LOSS_THRESHOLD,0,QUICK_NOT_CAUSAL,False,True,True,False,
AUGMENT_PULLBACK_BOUNCE,AUGMENT,NOLOSS_BYPASS_WT5OF5_FILTER_TF,OFF,QUICK_NOT_CAUSAL,False,True,True,False,
AUGMENT_PULLBACK_BOUNCE,AUGMENT,OI_CONFIRM_ENABLED,False,QUICK_NOT_CAUSAL,False,True,True,False,
AUGMENT_PULLBACK_BOUNCE,AUGMENT,OI_CONFIRM_MIN_CHANGE_PCT,0,QUICK_NOT_CAUSAL,False,True,True,False,
AUGMENT_PULLBACK_BOUNCE,AUGMENT,OI_CONFIRM_MIN_PRICE_PCT,0,QUICK_NOT_CAUSAL,False,True,True,False,
AUGMENT_PULLBACK_BOUNCE,AUGMENT,OPEN_INTENT_SIZE_GATES_FILTER_TF,OFF,QUICK_NOT_CAUSAL,False,True,True,False,
AUGMENT_PULLBACK_BOUNCE,AUGMENT,PARTIAL_PROFIT_LOCK_V2_FILTER_TF,OFF,QUICK_NOT_CAUSAL,False,True,True,False,
AUGMENT_PULLBACK_BOUNCE,AUGMENT,PEAK_GIVEBACK_BE_EROSION_FILTER_TF,OFF,QUICK_NOT_CAUSAL,False,True,True,False,
AUGMENT_PULLBACK_BOUNCE,AUGMENT,AUGMENT_MIN_GAIN_PCT,0.5,HOOKED_BOTH,True,True,True,False,
AUGMENT_PULLBACK_BOUNCE,AUGMENT,AUGMENT_MIN_GAIN_PCT,1,HOOKED_BOTH,True,True,True,False,
AUGMENT_PULLBACK_BOUNCE,AUGMENT,AUGMENT_MIN_GAIN_PCT,1.5,HOOKED_BOTH,True,True,True,False,
AUGMENT_PULLBACK_BOUNCE,AUGMENT,AUGMENT_MIN_GAIN_PCT,2,HOOKED_BOTH,True,True,True,False,
AUGMENT_PULLBACK_BOUNCE,AUGMENT,AUGMENT_MIN_GAIN_PCT,3,HOOKED_BOTH,True,True,True,False,
AUGMENT_PULLBACK_BOUNCE,AUGMENT,AUGMENT_MIN_GAIN_PCT,5,HOOKED_BOTH,True,True,True,False,
AUGMENT_PULLBACK_BOUNCE,AUGMENT,AUGMENT_BOUNCE_MIN_GAIN_PCT,0,HOOKED_BOTH,True,True,True,False,
AUGMENT_PULLBACK_BOUNCE,AUGMENT,AUGMENT_BOUNCE_MIN_GAIN_PCT,0.5,HOOKED_BOTH,True,True,True,False,
AUGMENT_PULLBACK_BOUNCE,AUGMENT,AUGMENT_BOUNCE_MIN_GAIN_PCT,1,HOOKED_BOTH,True,True,True,False,
AUGMENT_PULLBACK_BOUNCE,AUGMENT,AUGMENT_BOUNCE_MIN_GAIN_PCT,1.5,HOOKED_BOTH,True,True,True,False,
AUGMENT_PULLBACK_BOUNCE,AUGMENT,AUGMENT_BREAKOUT_MIN_GAIN_PCT,1,HOOKED_BOTH,True,True,True,False,
AUGMENT_PULLBACK_BOUNCE,AUGMENT,AUGMENT_BREAKOUT_MIN_GAIN_PCT,1.5,HOOKED_BOTH,True,True,True,False,
AUGMENT_PULLBACK_BOUNCE,AUGMENT,AUGMENT_BREAKOUT_MIN_GAIN_PCT,2,HOOKED_BOTH,True,True,True,False,
AUGMENT_PULLBACK_BOUNCE,AUGMENT,AUGMENT_BREAKOUT_MIN_GAIN_PCT,3,HOOKED_BOTH,True,True,True,False,
AUGMENT_PULLBACK_BOUNCE,AUGMENT,AUGMENT_BREAKOUT_MIN_GAIN_PCT,5,HOOKED_BOTH,True,True,True,False,
AUGMENT_PULLBACK_BOUNCE,AUGMENT,AUGMENT_FALLBACK_REDUCE_ENABLED,1,HOOKED_BOTH,True,True,True,False,
AUGMENT_PULLBACK_BOUNCE,AUGMENT,AUGMENT_FALLBACK_REDUCE_ENABLED,0,HOOKED_BOTH,True,True,True,False,
AUGMENT_PULLBACK_BOUNCE,AUGMENT,AUGMENT_FALLBACK_REDUCE_PCT,0.25,HOOKED_BOTH,True,True,True,False,
AUGMENT_PULLBACK_BOUNCE,AUGMENT,AUGMENT_FALLBACK_REDUCE_PCT,0.5,HOOKED_BOTH,True,True,True,False,
AUGMENT_PULLBACK_BOUNCE,AUGMENT,AUGMENT_FALLBACK_REDUCE_PCT,1,HOOKED_BOTH,True,True,True,False,
AUGMENT_PULLBACK_BOUNCE,AUGMENT,AUGMENT_FALLBACK_GAIN_PCT,0.5,HOOKED_BOTH,True,True,True,False,
AUGMENT_PULLBACK_BOUNCE,AUGMENT,AUGMENT_FALLBACK_GAIN_PCT,1,HOOKED_BOTH,True,True,True,False,
AUGMENT_PULLBACK_BOUNCE,AUGMENT,AUGMENT_FALLBACK_GAIN_PCT,1.5,HOOKED_BOTH,True,True,True,False,
AUGMENT_PULLBACK_BOUNCE,AUGMENT,AUGMENT_FALLBACK_GAIN_PCT,2,HOOKED_BOTH,True,True,True,False,
AUGMENT_NEUTRAL,AUGMENT,DYNAMIC_SCORE_AUGMENT_ENABLED,True,HOOKED_BOTH,True,True,True,False,
AUGMENT_NEUTRAL,AUGMENT,DYNAMIC_SCORE_AUGMENT_ENABLED,False,HOOKED_BOTH,True,True,True,False,
AUGMENT_NEUTRAL,AUGMENT,AUGMENTED_POSITIONS_GUARD_FLOOR_MULT,False,HOOKED_BOTH,True,True,True,False,
AUGMENT_NEUTRAL,AUGMENT,AUGMENTED_POSITIONS_GUARD_FLOOR_MULT,True,HOOKED_BOTH,True,True,True,False,
AUGMENT_NEUTRAL,AUGMENT,AUGMENT_ONLY_WHEN_PROFITABLE,False,HOOKED_BOTH,True,True,True,False,
AUGMENT_NEUTRAL,AUGMENT,AUGMENT_ONLY_WHEN_PROFITABLE,True,HOOKED_BOTH,True,True,True,False,
AUGMENT_NEUTRAL,AUGMENT,DELTA_PYRAMID_MAX,False,HOOKED_BOTH,True,True,True,False,
AUGMENT_NEUTRAL,AUGMENT,DELTA_PYRAMID_MAX,True,HOOKED_BOTH,True,True,True,False,
AUGMENT_NEUTRAL,AUGMENT,DELTA_PYRAMID_PRICE_TOL,False,HOOKED_BOTH,True,True,True,False,
AUGMENT_NEUTRAL,AUGMENT,DELTA_PYRAMID_PRICE_TOL,True,HOOKED_BOTH,True,True,True,False,
AUGMENT_NEUTRAL,AUGMENT,HIGH_GAIN_AUGMENTATION_MIN_SIZE,False,HOOKED_BOTH,True,True,True,False,
AUGMENT_NEUTRAL,AUGMENT,HIGH_GAIN_AUGMENTATION_MIN_SIZE,True,HOOKED_BOTH,True,True,True,False,
AUGMENT_NEUTRAL,AUGMENT,HTF_GATE_APPLY_TO_AUGMENT,False,HOOKED_BOTH,True,True,True,False,
AUGMENT_NEUTRAL,AUGMENT,HTF_GATE_APPLY_TO_AUGMENT,True,HOOKED_BOTH,True,True,True,False,
AUGMENT_NEUTRAL,AUGMENT,MAX_AUGMENTS_PER_POSITION,False,HOOKED_BOTH,True,True,True,False,
AUGMENT_NEUTRAL,AUGMENT,MAX_AUGMENTS_PER_POSITION,True,HOOKED_BOTH,True,True,True,False,
AUGMENT_NEUTRAL,AUGMENT,SCALP_V3_AUG_BE_STOP_ENABLED,True,HOOKED_BOTH,True,True,True,False,
AUGMENT_NEUTRAL,AUGMENT,SCALP_V3_AUG_BE_STOP_ENABLED,False,HOOKED_BOTH,True,True,True,False,
AUGMENT_NEUTRAL,AUGMENT,SCALP_V3_AUG_BE_STOP_PCT,False,HOOKED_BOTH,True,True,True,False,
AUGMENT_NEUTRAL,AUGMENT,SCALP_V3_AUG_BE_STOP_PCT,True,HOOKED_BOTH,True,True,True,False,
AUGMENT_NEUTRAL,AUGMENT,UNIVERSAL_AUGMENT_GAIN_GATE_ENABLED,True,QUICK_NOT_CAUSAL,False,True,True,False,
AUGMENT_NEUTRAL,AUGMENT,UNIVERSAL_AUGMENT_GAIN_GATE_ENABLED,False,QUICK_NOT_CAUSAL,False,True,True,False,
AUGMENT_NEUTRAL,AUGMENT,AUGMENT_AT_LOSS_ENABLED,True,HOOKED_BOTH,True,True,True,False,
AUGMENT_NEUTRAL,AUGMENT,AUGMENT_AT_LOSS_ENABLED,False,HOOKED_BOTH,True,True,True,False,
AUGMENT_NEUTRAL,AUGMENT,LR_BAND_LADDER_TF_BOTTOM,False,QUICK_NOT_CAUSAL,False,True,True,False,
AUGMENT_NEUTRAL,AUGMENT,LR_BAND_LADDER_TF_BOTTOM,True,QUICK_NOT_CAUSAL,False,True,True,False,
AUGMENT_NEUTRAL,AUGMENT,LR_BAND_LADDER_TF_TOP,False,QUICK_NOT_CAUSAL,False,True,True,False,
AUGMENT_NEUTRAL,AUGMENT,LR_BAND_LADDER_TF_TOP,True,QUICK_NOT_CAUSAL,False,True,True,False,
AUGMENT_NEUTRAL,AUGMENT,AUGMENT_MIN_GAIN_PCT,0.5,HOOKED_BOTH,True,True,True,False,
AUGMENT_NEUTRAL,AUGMENT,AUGMENT_MIN_GAIN_PCT,True,HOOKED_BOTH,True,True,True,False,
AUGMENT_NEUTRAL,AUGMENT,AUGMENT_MIN_GAIN_PCT,1.5,HOOKED_BOTH,True,True,True,False,
AUGMENT_NEUTRAL,AUGMENT,AUGMENT_MIN_GAIN_PCT,2,HOOKED_BOTH,True,True,True,False,
AUGMENT_NEUTRAL,AUGMENT,AUGMENT_MIN_GAIN_PCT,3,HOOKED_BOTH,True,True,True,False,
AUGMENT_NEUTRAL,AUGMENT,AUGMENT_MIN_GAIN_PCT,5,HOOKED_BOTH,True,True,True,False,
AUGMENT_NEUTRAL,AUGMENT,AUGMENT_BOUNCE_MIN_GAIN_PCT,False,HOOKED_BOTH,True,True,True,False,
AUGMENT_NEUTRAL,AUGMENT,AUGMENT_BOUNCE_MIN_GAIN_PCT,0.5,HOOKED_BOTH,True,True,True,False,
AUGMENT_NEUTRAL,AUGMENT,AUGMENT_BOUNCE_MIN_GAIN_PCT,True,HOOKED_BOTH,True,True,True,False,
AUGMENT_NEUTRAL,AUGMENT,AUGMENT_BOUNCE_MIN_GAIN_PCT,1.5,HOOKED_BOTH,True,True,True,False,
AUGMENT_NEUTRAL,AUGMENT,AUGMENT_BREAKOUT_MIN_GAIN_PCT,True,HOOKED_BOTH,True,True,True,False,
AUGMENT_NEUTRAL,AUGMENT,AUGMENT_BREAKOUT_MIN_GAIN_PCT,1.5,HOOKED_BOTH,True,True,True,False,
AUGMENT_NEUTRAL,AUGMENT,AUGMENT_BREAKOUT_MIN_GAIN_PCT,2,HOOKED_BOTH,True,True,True,False,
AUGMENT_NEUTRAL,AUGMENT,AUGMENT_BREAKOUT_MIN_GAIN_PCT,3,HOOKED_BOTH,True,True,True,False,
AUGMENT_NEUTRAL,AUGMENT,AUGMENT_BREAKOUT_MIN_GAIN_PCT,5,HOOKED_BOTH,True,True,True,False,
AUGMENT_NEUTRAL,AUGMENT,AUGMENT_FALLBACK_REDUCE_ENABLED,True,HOOKED_BOTH,True,True,True,False,
AUGMENT_NEUTRAL,AUGMENT,AUGMENT_FALLBACK_REDUCE_ENABLED,False,HOOKED_BOTH,True,True,True,False,
AUGMENT_NEUTRAL,AUGMENT,AUGMENT_FALLBACK_REDUCE_PCT,0.25,HOOKED_BOTH,True,True,True,False,
AUGMENT_NEUTRAL,AUGMENT,AUGMENT_FALLBACK_REDUCE_PCT,0.5,HOOKED_BOTH,True,True,True,False,
AUGMENT_NEUTRAL,AUGMENT,AUGMENT_FALLBACK_REDUCE_PCT,True,HOOKED_BOTH,True,True,True,False,
AUGMENT_NEUTRAL,AUGMENT,AUGMENT_FALLBACK_GAIN_PCT,0.5,HOOKED_BOTH,True,True,True,False,
AUGMENT_NEUTRAL,AUGMENT,AUGMENT_FALLBACK_GAIN_PCT,True,HOOKED_BOTH,True,True,True,False,
AUGMENT_NEUTRAL,AUGMENT,AUGMENT_FALLBACK_GAIN_PCT,1.5,HOOKED_BOTH,True,True,True,False,
AUGMENT_NEUTRAL,AUGMENT,AUGMENT_FALLBACK_GAIN_PCT,2,HOOKED_BOTH,True,True,True,False,
AUGMENT_NEUTRAL,AUGMENT,ADX_RANGING_THRESHOLD,20,HOOKED_BOTH,True,True,True,False,
AUGMENT_NEUTRAL,AUGMENT,ATR_TRAIL_FILTER_TF,OFF,HOOKED_BOTH,True,True,True,False,
AUGMENT_NEUTRAL,AUGMENT,BANDAID_OFF_LOSER_RECOVER_PCT,0,HOOKED_BOTH,True,True,True,False,
AUGMENT_NEUTRAL,AUGMENT,BAND_ARROW_ENABLED,False,HOOKED_BOTH,True,True,True,False,
AUGMENT_NEUTRAL,AUGMENT,BAR_PATTERNS_FILTER_TF,OFF,HOOKED_BOTH,True,True,True,False,
AUGMENT_NEUTRAL,AUGMENT,BB_PULLBACK_GATE_FILTER_TF,OFF,HOOKED_BOTH,True,True,True,False,
AUGMENT_NEUTRAL,AUGMENT,BB_RECOVERY_ENTRY_FILTER_TF,OFF,HOOKED_BOTH,True,True,True,False,
AUGMENT_NEUTRAL,AUGMENT,BB_RECOVERY_FILTER_TF,OFF,HOOKED_BOTH,True,True,True,False,
AUGMENT_NEUTRAL,AUGMENT,BREAKEVEN_GAIN_EROSION_FILTER_TF,OFF,HOOKED_BOTH,True,True,True,False,
AUGMENT_NEUTRAL,AUGMENT,BREAKOUT_RETEST_FILTER_TF,OFF,HOOKED_BOTH,True,True,True,False,
AUGMENT_NEUTRAL,AUGMENT,BT_WT_CROSS_LADDER_FILTER_TF,OFF,HOOKED_BOTH,True,True,True,False,
AUGMENT_NEUTRAL,AUGMENT,CANDLE_PATTERN_STOPS_FILTER_TF,OFF,HOOKED_BOTH,True,True,True,False,
AUGMENT_NEUTRAL,AUGMENT,CIRCUIT_SHARPE_GATES_FILTER_TF,OFF,HOOKED_BOTH,True,True,True,False,
AUGMENT_NEUTRAL,AUGMENT,COOLDOWN_LOCKS_FILTER_TF,OFF,HOOKED_BOTH,True,True,True,False,
AUGMENT_NEUTRAL,AUGMENT,CRYPTO_SPIKE_FADE_THRESHOLD_PCT,10,HOOKED_BOTH,True,True,True,False,
AUGMENT_NEUTRAL,AUGMENT,DC_BREACH_REDUCE_FILTER_TF,OFF,HOOKED_BOTH,True,True,True,False,
AUGMENT_NEUTRAL,AUGMENT,DC_BREAK_FILTER_TF,OFF,HOOKED_BOTH,True,True,True,False,
AUGMENT_NEUTRAL,AUGMENT,DC_MOMENTUM_BOTA_SCORER_FILTER_TF,OFF,HOOKED_BOTH,True,True,True,False,
AUGMENT_NEUTRAL,AUGMENT,DC_MOMENT_STRONG_THRESHOLD,40,HOOKED_BOTH,True,True,True,False,
AUGMENT_NEUTRAL,AUGMENT,DELTA_ENGINE_FILTER_TF,OFF,HOOKED_BOTH,True,True,True,False,
AUGMENT_NEUTRAL,AUGMENT,DELTA_HTF_GATE,4h,HOOKED_BOTH,True,True,True,False,
AUGMENT_NEUTRAL,AUGMENT,DELTA_REENTRY_FILTER_ENABLED,False,HOOKED_BOTH,True,True,True,False,
AUGMENT_NEUTRAL,AUGMENT,DUP_GUARD_FILTER_TF,OFF,HOOKED_BOTH,True,True,True,False,
AUGMENT_NEUTRAL,AUGMENT,EMA_9_21_FILTER_FILTER_TF,OFF,HOOKED_BOTH,True,True,True,False,
AUGMENT_NEUTRAL,AUGMENT,EMA_9_21_FILTER_MIN_TFS,0,HOOKED_BOTH,True,True,True,False,
AUGMENT_NEUTRAL,AUGMENT,EMA_BLANKET_FILTER_ENABLED,False,HOOKED_BOTH,True,True,True,False,
AUGMENT_NEUTRAL,AUGMENT,EMA_BLANKET_FILTER_FILTER_TF,OFF,HOOKED_BOTH,True,True,True,False,
AUGMENT_NEUTRAL,AUGMENT,EMA_BLANKET_FILTER_MIN_TFS,0,HOOKED_BOTH,True,True,True,False,
AUGMENT_NEUTRAL,AUGMENT,EMERGENCY_BRAKE_FILTER_TF,OFF,HOOKED_BOTH,True,True,True,False,
AUGMENT_NEUTRAL,AUGMENT,EXECUTE_NOW_SINGLE_GATE_ENFORCE,0.0,HOOKED_BOTH,True,True,True,False,
AUGMENT_NEUTRAL,AUGMENT,EXIT_R1_R2_FILTER_TF,OFF,HOOKED_BOTH,True,True,True,False,
AUGMENT_NEUTRAL,AUGMENT,EXIT_TIGHT_BREAKOUT_SCORER_FILTER_TF,OFF,QUICK_NOT_CAUSAL,False,True,True,False,
AUGMENT_NEUTRAL,AUGMENT,EXIT_TOP_FADE_FILTER_TF,OFF,QUICK_NOT_CAUSAL,False,True,True,False,
AUGMENT_NEUTRAL,AUGMENT,EXIT_TO_REDUCE_ADAPTER_FILTER_TF,OFF,QUICK_NOT_CAUSAL,False,True,True,False,
AUGMENT_NEUTRAL,AUGMENT,EZ_MANAGE_THROTTLER_RATE,0.0,HOOKED_BOTH,True,True,True,False,
AUGMENT_NEUTRAL,AUGMENT,FAST_RISER_FILTER_TF,OFF,QUICK_NOT_CAUSAL,False,True,True,False,
AUGMENT_NEUTRAL,AUGMENT,FG_FEAR_THRESHOLD,25,HOOKED_BOTH,True,True,True,False,
AUGMENT_NEUTRAL,AUGMENT,FG_GREED_THRESHOLD,75,HOOKED_BOTH,True,True,True,False,
AUGMENT_NEUTRAL,AUGMENT,FH_MOMENTUM_FILTER_TF,OFF,QUICK_NOT_CAUSAL,False,True,True,False,
AUGMENT_NEUTRAL,AUGMENT,FIRST_OPEN_THROTTLE_FILTER_TF,OFF,QUICK_NOT_CAUSAL,False,True,True,False,
AUGMENT_NEUTRAL,AUGMENT,FROZEN_STOP_FILTER_TF,OFF,QUICK_NOT_CAUSAL,False,True,True,False,
AUGMENT_NEUTRAL,AUGMENT,FUNDING_GATE_FILTER_TF,OFF,QUICK_NOT_CAUSAL,False,True,True,False,
AUGMENT_NEUTRAL,AUGMENT,FUNDING_GATE_LONG_MAX,0.0,HOOKED_BOTH,True,True,True,False,
AUGMENT_NEUTRAL,AUGMENT,FUNDING_GATE_MTF_REQUIRED,0.0,HOOKED_BOTH,True,True,True,False,
AUGMENT_NEUTRAL,AUGMENT,FUNDING_GATE_SHORT_MIN,0.0,HOOKED_BOTH,True,True,True,False,
AUGMENT_NEUTRAL,AUGMENT,GOLDEN_RULE_BASE_USD,0.0,QUICK_NOT_CAUSAL,False,True,True,False,
AUGMENT_NEUTRAL,AUGMENT,GOLDEN_RULE_ENFORCE_FILTER_TF,OFF,QUICK_NOT_CAUSAL,False,True,True,False,
AUGMENT_NEUTRAL,AUGMENT,GOLDEN_RULE_HTF_VOTE_FILTER_TF,OFF,QUICK_NOT_CAUSAL,False,True,True,False,
AUGMENT_NEUTRAL,AUGMENT,GR_FILTER_ALL_ENTRIES,0.0,QUICK_NOT_CAUSAL,False,True,True,False,
AUGMENT_NEUTRAL,AUGMENT,GR_FILTER_VEC_ENABLED,False,QUICK_NOT_CAUSAL,False,True,True,False,
AUGMENT_NEUTRAL,AUGMENT,GR_FILTER_VEC_FILTER_TF,OFF,QUICK_NOT_CAUSAL,False,True,True,False,
AUGMENT_NEUTRAL,AUGMENT,GR_FILTER_VEC_MIN_TFS,0,QUICK_NOT_CAUSAL,False,True,True,False,
AUGMENT_NEUTRAL,AUGMENT,GR_V5_STATE_FILTER_TF,OFF,QUICK_NOT_CAUSAL,False,True,True,False,
AUGMENT_NEUTRAL,AUGMENT,HAIKU_WINNER_FILTER_TF,OFF,QUICK_NOT_CAUSAL,False,True,True,False,
AUGMENT_NEUTRAL,AUGMENT,HA_WICK_QUALITY_ENABLED,False,QUICK_NOT_CAUSAL,False,True,True,False,
AUGMENT_NEUTRAL,AUGMENT,HA_WICK_QUALITY_SCORE,15,QUICK_NOT_CAUSAL,False,True,True,False,
AUGMENT_NEUTRAL,AUGMENT,HA_WICK_QUALITY_TF,OFF,QUICK_NOT_CAUSAL,False,True,True,False,
AUGMENT_NEUTRAL,AUGMENT,HLR_SMA_BAND_PCT,0,HOOKED_BOTH,True,True,True,False,
AUGMENT_NEUTRAL,AUGMENT,HLR_TOP_MIN_TFS,0,HOOKED_BOTH,True,True,True,False,
AUGMENT_NEUTRAL,AUGMENT,HTF4_CONF,False,HOOKED_BOTH,True,True,True,False,
AUGMENT_NEUTRAL,AUGMENT,HTF_DIRECTION_GATE_ENABLED,False,QUICK_NOT_CAUSAL,False,True,True,False,
AUGMENT_NEUTRAL,AUGMENT,HTF_GATE_BYPASS_RZ,0.0,HOOKED_BOTH,True,True,True,False,
AUGMENT_NEUTRAL,AUGMENT,HTF_GATE_D_MANDATORY,0.0,HOOKED_BOTH,True,True,True,False,
AUGMENT_NEUTRAL,AUGMENT,HTF_GATE_MIN_CONFIRMATIONS,0.0,HOOKED_BOTH,True,True,True,False,
AUGMENT_NEUTRAL,AUGMENT,HTF_TREND_VETO_BYPASS_ENABLED,False,QUICK_NOT_CAUSAL,False,True,True,False,
AUGMENT_NEUTRAL,AUGMENT,HTF_TREND_VETO_BYPASS_REASONS,0.0,HOOKED_BOTH,True,True,True,False,
AUGMENT_NEUTRAL,AUGMENT,LEADERBOARD_FILTER,False,HOOKED_BOTH,True,True,True,False,
AUGMENT_NEUTRAL,AUGMENT,LH_HL_FILTER_ENABLED,False,QUICK_NOT_CAUSAL,False,True,True,False,
AUGMENT_NEUTRAL,AUGMENT,LH_HL_FILTER_MODE,STRICT_2BAR,QUICK_NOT_CAUSAL,False,True,True,False,
AUGMENT_NEUTRAL,AUGMENT,LH_HL_FILTER_REQUIRE_BOTH,False,QUICK_NOT_CAUSAL,False,True,True,False,
AUGMENT_NEUTRAL,AUGMENT,LH_HL_FILTER_TF_REQ,2,QUICK_NOT_CAUSAL,False,True,True,False,
AUGMENT_NEUTRAL,AUGMENT,LIVE_ENTRY_ENGINE_FILTER_TF,OFF,QUICK_NOT_CAUSAL,False,True,True,False,
AUGMENT_NEUTRAL,AUGMENT,LIVE_ONLY_SIGNALS_BATCH5_FILTER_TF,OFF,QUICK_NOT_CAUSAL,False,True,True,False,
AUGMENT_NEUTRAL,AUGMENT,LIVE_VEC_EMERGENCY_BRAKE_ENABLED,False,QUICK_NOT_CAUSAL,False,True,True,False,
AUGMENT_NEUTRAL,AUGMENT,LR_BAND_LADDER_STOCH_EXTREME,30.0,QUICK_NOT_CAUSAL,False,True,True,False,
AUGMENT_NEUTRAL,AUGMENT,MANDATORY_REENTRY_WT_FILTER_MIN_TFS,1,QUICK_NOT_CAUSAL,False,True,True,False,
AUGMENT_NEUTRAL,AUGMENT,MANDATORY_REENTRY_WT_FILTER_MIN_VELOCITY,0.0,QUICK_NOT_CAUSAL,False,True,True,False,
AUGMENT_NEUTRAL,AUGMENT,MANDATORY_REENTRY_WT_FILTER_REQUIRE_FLIP,False,QUICK_NOT_CAUSAL,False,True,True,False,
AUGMENT_NEUTRAL,AUGMENT,MANDATORY_REENTRY_WT_FILTER_TF_MODE,15m_only,QUICK_NOT_CAUSAL,False,True,True,False,
AUGMENT_NEUTRAL,AUGMENT,MANDATORY_REENTRY_WT_FILTER_VELOCITY_RATIO,0.90,QUICK_NOT_CAUSAL,False,True,True,False,
AUGMENT_NEUTRAL,AUGMENT,MARKET_QUALITY_SCORE_ENABLED,False,QUICK_NOT_CAUSAL,False,True,True,False,
AUGMENT_NEUTRAL,AUGMENT,MI_TF_AGREE_MIN,0.0,QUICK_NOT_CAUSAL,False,True,True,False,
AUGMENT_NEUTRAL,AUGMENT,MOM3_FILTER_TF,OFF,QUICK_NOT_CAUSAL,False,True,True,False,
AUGMENT_NEUTRAL,AUGMENT,MOMENTUM_BREAKOUT_FILTER_TF,OFF,QUICK_NOT_CAUSAL,False,True,True,False,
AUGMENT_NEUTRAL,AUGMENT,MOVER_THRESHOLD,5,QUICK_NOT_CAUSAL,False,True,True,False,
AUGMENT_NEUTRAL,AUGMENT,MTF_ARMED_ENTRIES_FILTER_TF,OFF,QUICK_NOT_CAUSAL,False,True,True,False,
AUGMENT_NEUTRAL,AUGMENT,MTF_ATR_TRAIL_FILTER_TF,OFF,QUICK_NOT_CAUSAL,False,True,True,False,
AUGMENT_NEUTRAL,AUGMENT,MTF_DC_REJECT_FILTER_TF,OFF,QUICK_NOT_CAUSAL,False,True,True,False,
AUGMENT_NEUTRAL,AUGMENT,MTF_FILTER_STRONG_BUY_QUICK_BYPASS,0.0,QUICK_NOT_CAUSAL,False,True,True,False,
AUGMENT_NEUTRAL,AUGMENT,MTF_GR_MIN_IND,5,QUICK_NOT_CAUSAL,False,True,True,False,
AUGMENT_NEUTRAL,AUGMENT,MTS_BOTTOM_BONUS_THRESHOLD,25,QUICK_NOT_CAUSAL,False,True,True,False,
AUGMENT_NEUTRAL,AUGMENT,MTS_BOTTOM_STRONG_THRESHOLD,40,QUICK_NOT_CAUSAL,False,True,True,False,
AUGMENT_NEUTRAL,AUGMENT,MTS_GATE_ENABLED,False,QUICK_NOT_CAUSAL,False,True,True,False,
AUGMENT_NEUTRAL,AUGMENT,NEWBORN_LOSS_KILL_FILTER_TF,OFF,QUICK_NOT_CAUSAL,False,True,True,False,
AUGMENT_NEUTRAL,AUGMENT,NEWBORN_LOSS_KILL_GAIN_THRESHOLD_PCT,0,QUICK_NOT_CAUSAL,False,True,True,False,
AUGMENT_NEUTRAL,AUGMENT,NEWBORN_LOSS_KILL_REQUIRE_VEL_AGAINST,0.0,QUICK_NOT_CAUSAL,False,True,True,False,
AUGMENT_NEUTRAL,AUGMENT,NEWBORN_PROTECT_FILTER_TF,OFF,QUICK_NOT_CAUSAL,False,True,True,False,
AUGMENT_NEUTRAL,AUGMENT,NEW_POSITION_MAX_LOSS_THRESHOLD,0,QUICK_NOT_CAUSAL,False,True,True,False,
AUGMENT_NEUTRAL,AUGMENT,NOLOSS_BYPASS_WT5OF5_FILTER_TF,OFF,QUICK_NOT_CAUSAL,False,True,True,False,
AUGMENT_NEUTRAL,AUGMENT,OI_CONFIRM_ENABLED,False,QUICK_NOT_CAUSAL,False,True,True,False,
AUGMENT_NEUTRAL,AUGMENT,OI_CONFIRM_MIN_CHANGE_PCT,0,QUICK_NOT_CAUSAL,False,True,True,False,
AUGMENT_NEUTRAL,AUGMENT,OI_CONFIRM_MIN_PRICE_PCT,0,QUICK_NOT_CAUSAL,False,True,True,False,
AUGMENT_NEUTRAL,AUGMENT,OPEN_INTENT_SIZE_GATES_FILTER_TF,OFF,QUICK_NOT_CAUSAL,False,True,True,False,
AUGMENT_NEUTRAL,AUGMENT,PARTIAL_PROFIT_LOCK_V2_FILTER_TF,OFF,QUICK_NOT_CAUSAL,False,True,True,False,
AUGMENT_NEUTRAL,AUGMENT,PEAK_GIVEBACK_BE_EROSION_FILTER_TF,OFF,QUICK_NOT_CAUSAL,False,True,True,False,
AUGMENT_FULL_FILTERED,AUGMENT,DYNAMIC_SCORE_AUGMENT_ENABLED,1.0,HOOKED_BOTH,True,True,True,False,
AUGMENT_FULL_FILTERED,AUGMENT,DYNAMIC_SCORE_AUGMENT_ENABLED,0.0,HOOKED_BOTH,True,True,True,False,
AUGMENT_FULL_FILTERED,AUGMENT,AUGMENTED_POSITIONS_GUARD_FLOOR_MULT,0.0,HOOKED_BOTH,True,True,True,False,
AUGMENT_FULL_FILTERED,AUGMENT,AUGMENTED_POSITIONS_GUARD_FLOOR_MULT,1.0,HOOKED_BOTH,True,True,True,False,
AUGMENT_FULL_FILTERED,AUGMENT,AUGMENT_ONLY_WHEN_PROFITABLE,0.0,HOOKED_BOTH,True,True,True,False,
AUGMENT_FULL_FILTERED,AUGMENT,AUGMENT_ONLY_WHEN_PROFITABLE,1.0,HOOKED_BOTH,True,True,True,False,
AUGMENT_FULL_FILTERED,AUGMENT,DELTA_PYRAMID_MAX,0.0,HOOKED_BOTH,True,True,True,False,
AUGMENT_FULL_FILTERED,AUGMENT,DELTA_PYRAMID_MAX,1.0,HOOKED_BOTH,True,True,True,False,
AUGMENT_FULL_FILTERED,AUGMENT,DELTA_PYRAMID_PRICE_TOL,0.0,HOOKED_BOTH,True,True,True,False,
AUGMENT_FULL_FILTERED,AUGMENT,DELTA_PYRAMID_PRICE_TOL,1.0,HOOKED_BOTH,True,True,True,False,
AUGMENT_FULL_FILTERED,AUGMENT,HIGH_GAIN_AUGMENTATION_MIN_SIZE,0.0,HOOKED_BOTH,True,True,True,False,
AUGMENT_FULL_FILTERED,AUGMENT,HIGH_GAIN_AUGMENTATION_MIN_SIZE,1.0,HOOKED_BOTH,True,True,True,False,
AUGMENT_FULL_FILTERED,AUGMENT,HTF_GATE_APPLY_TO_AUGMENT,0.0,HOOKED_BOTH,True,True,True,False,
AUGMENT_FULL_FILTERED,AUGMENT,HTF_GATE_APPLY_TO_AUGMENT,1.0,HOOKED_BOTH,True,True,True,False,
AUGMENT_FULL_FILTERED,AUGMENT,MAX_AUGMENTS_PER_POSITION,0.0,HOOKED_BOTH,True,True,True,False,
AUGMENT_FULL_FILTERED,AUGMENT,MAX_AUGMENTS_PER_POSITION,1.0,HOOKED_BOTH,True,True,True,False,
AUGMENT_FULL_FILTERED,AUGMENT,SCALP_V3_AUG_BE_STOP_ENABLED,1.0,HOOKED_BOTH,True,True,True,False,
AUGMENT_FULL_FILTERED,AUGMENT,SCALP_V3_AUG_BE_STOP_ENABLED,0.0,HOOKED_BOTH,True,True,True,False,
AUGMENT_FULL_FILTERED,AUGMENT,SCALP_V3_AUG_BE_STOP_PCT,0.0,HOOKED_BOTH,True,True,True,False,
AUGMENT_FULL_FILTERED,AUGMENT,SCALP_V3_AUG_BE_STOP_PCT,1.0,HOOKED_BOTH,True,True,True,False,
AUGMENT_FULL_FILTERED,AUGMENT,UNIVERSAL_AUGMENT_GAIN_GATE_ENABLED,1.0,QUICK_NOT_CAUSAL,False,True,True,False,
AUGMENT_FULL_FILTERED,AUGMENT,UNIVERSAL_AUGMENT_GAIN_GATE_ENABLED,0.0,QUICK_NOT_CAUSAL,False,True,True,False,
AUGMENT_FULL_FILTERED,AUGMENT,AUGMENT_AT_LOSS_ENABLED,1.0,HOOKED_BOTH,True,True,True,False,
AUGMENT_FULL_FILTERED,AUGMENT,AUGMENT_AT_LOSS_ENABLED,0.0,HOOKED_BOTH,True,True,True,False,
AUGMENT_FULL_FILTERED,AUGMENT,LR_BAND_LADDER_TF_BOTTOM,0.0,QUICK_NOT_CAUSAL,False,True,True,False,
AUGMENT_FULL_FILTERED,AUGMENT,LR_BAND_LADDER_TF_BOTTOM,1.0,QUICK_NOT_CAUSAL,False,True,True,False,
AUGMENT_FULL_FILTERED,AUGMENT,LR_BAND_LADDER_TF_TOP,0.0,QUICK_NOT_CAUSAL,False,True,True,False,
AUGMENT_FULL_FILTERED,AUGMENT,LR_BAND_LADDER_TF_TOP,1.0,QUICK_NOT_CAUSAL,False,True,True,False,
AUGMENT_FULL_FILTERED,AUGMENT,AUGMENT_MIN_GAIN_PCT,0.5,HOOKED_BOTH,True,True,True,False,
AUGMENT_FULL_FILTERED,AUGMENT,AUGMENT_MIN_GAIN_PCT,1.0,HOOKED_BOTH,True,True,True,False,
AUGMENT_FULL_FILTERED,AUGMENT,AUGMENT_MIN_GAIN_PCT,1.5,HOOKED_BOTH,True,True,True,False,
AUGMENT_FULL_FILTERED,AUGMENT,AUGMENT_MIN_GAIN_PCT,2.0,HOOKED_BOTH,True,True,True,False,
AUGMENT_FULL_FILTERED,AUGMENT,AUGMENT_MIN_GAIN_PCT,3.0,HOOKED_BOTH,True,True,True,False,
AUGMENT_FULL_FILTERED,AUGMENT,AUGMENT_MIN_GAIN_PCT,5.0,HOOKED_BOTH,True,True,True,False,
AUGMENT_FULL_FILTERED,AUGMENT,AUGMENT_BOUNCE_MIN_GAIN_PCT,0.0,HOOKED_BOTH,True,True,True,False,
AUGMENT_FULL_FILTERED,AUGMENT,AUGMENT_BOUNCE_MIN_GAIN_PCT,0.5,HOOKED_BOTH,True,True,True,False,
AUGMENT_FULL_FILTERED,AUGMENT,AUGMENT_BOUNCE_MIN_GAIN_PCT,1.0,HOOKED_BOTH,True,True,True,False,
AUGMENT_FULL_FILTERED,AUGMENT,AUGMENT_BOUNCE_MIN_GAIN_PCT,1.5,HOOKED_BOTH,True,True,True,False,
AUGMENT_FULL_FILTERED,AUGMENT,AUGMENT_BREAKOUT_MIN_GAIN_PCT,1.0,HOOKED_BOTH,True,True,True,False,
AUGMENT_FULL_FILTERED,AUGMENT,AUGMENT_BREAKOUT_MIN_GAIN_PCT,1.5,HOOKED_BOTH,True,True,True,False,
AUGMENT_FULL_FILTERED,AUGMENT,AUGMENT_BREAKOUT_MIN_GAIN_PCT,2.0,HOOKED_BOTH,True,True,True,False,
AUGMENT_FULL_FILTERED,AUGMENT,AUGMENT_BREAKOUT_MIN_GAIN_PCT,3.0,HOOKED_BOTH,True,True,True,False,
AUGMENT_FULL_FILTERED,AUGMENT,AUGMENT_BREAKOUT_MIN_GAIN_PCT,5.0,HOOKED_BOTH,True,True,True,False,
AUGMENT_FULL_FILTERED,AUGMENT,AUGMENT_FALLBACK_REDUCE_ENABLED,1.0,HOOKED_BOTH,True,True,True,False,
AUGMENT_FULL_FILTERED,AUGMENT,AUGMENT_FALLBACK_REDUCE_ENABLED,0.0,HOOKED_BOTH,True,True,True,False,
AUGMENT_FULL_FILTERED,AUGMENT,AUGMENT_FALLBACK_REDUCE_PCT,0.25,HOOKED_BOTH,True,True,True,False,
AUGMENT_FULL_FILTERED,AUGMENT,AUGMENT_FALLBACK_REDUCE_PCT,0.5,HOOKED_BOTH,True,True,True,False,
AUGMENT_FULL_FILTERED,AUGMENT,AUGMENT_FALLBACK_REDUCE_PCT,1.0,HOOKED_BOTH,True,True,True,False,
AUGMENT_FULL_FILTERED,AUGMENT,AUGMENT_FALLBACK_GAIN_PCT,0.5,HOOKED_BOTH,True,True,True,False,
AUGMENT_FULL_FILTERED,AUGMENT,AUGMENT_FALLBACK_GAIN_PCT,1.0,HOOKED_BOTH,True,True,True,False,
AUGMENT_FULL_FILTERED,AUGMENT,AUGMENT_FALLBACK_GAIN_PCT,1.5,HOOKED_BOTH,True,True,True,False,
AUGMENT_FULL_FILTERED,AUGMENT,AUGMENT_FALLBACK_GAIN_PCT,2.0,HOOKED_BOTH,True,True,True,False,
REDUCE_BREAKOUT,REDUCE,AUGMENT_FALLBACK_REDUCE_ENABLED,1.0,HOOKED_BOTH,True,True,True,False,
REDUCE_BREAKOUT,REDUCE,AUGMENT_FALLBACK_REDUCE_ENABLED,0.0,HOOKED_BOTH,True,True,True,False,
REDUCE_BREAKOUT,REDUCE,AUGMENT_FALLBACK_REDUCE_PCT,0.25,HOOKED_BOTH,True,True,True,False,
REDUCE_BREAKOUT,REDUCE,AUGMENT_FALLBACK_REDUCE_PCT,0.5,HOOKED_BOTH,True,True,True,False,
REDUCE_PULLBACK_BOUNCE,REDUCE,AUGMENT_FALLBACK_REDUCE_ENABLED,1.0,HOOKED_BOTH,True,True,True,False,
REDUCE_PULLBACK_BOUNCE,REDUCE,AUGMENT_FALLBACK_REDUCE_ENABLED,0.0,HOOKED_BOTH,True,True,True,False,
REDUCE_PULLBACK_BOUNCE,REDUCE,BOUNCE_AUGMENT_MIN_LOSS_PCT,-0.5,HOOKED_BOTH,True,True,True,False,
REDUCE_PULLBACK_BOUNCE,REDUCE,BOUNCE_AUGMENT_MIN_LOSS_PCT,-0.125,HOOKED_BOTH,True,True,True,False,
REDUCE_NEUTRAL,REDUCE,HTF_GATE_APPLY_TO_OPEN,False,HOOKED_BOTH,True,True,True,False,
REDUCE_NEUTRAL,REDUCE,HTF_GATE_APPLY_TO_OPEN,True,HOOKED_BOTH,True,True,True,False,
REDUCE_NEUTRAL,REDUCE,PARTIAL_PROFIT_LOCK_FRAC,False,HOOKED_BOTH,True,True,True,False,
REDUCE_NEUTRAL,REDUCE,PARTIAL_PROFIT_LOCK_FRAC,True,HOOKED_BOTH,True,True,True,False,
REDUCE_NEUTRAL,REDUCE,PEAK_GIVEBACK_DROP_TRIGGER_ENABLED,True,HOOKED_BOTH,True,True,True,False,
REDUCE_NEUTRAL,REDUCE,PEAK_GIVEBACK_DROP_TRIGGER_ENABLED,False,HOOKED_BOTH,True,True,True,False,
REDUCE_NEUTRAL,REDUCE,QUICK_REDUCE_TECHNICAL_ONLY,False,QUICK_NOT_CAUSAL,False,True,True,False,
REDUCE_NEUTRAL,REDUCE,QUICK_REDUCE_TECHNICAL_ONLY,True,QUICK_NOT_CAUSAL,False,True,True,False,
REDUCE_NEUTRAL,REDUCE,SIMPLE_TP_EXIT_ENABLED,True,QUICK_NOT_CAUSAL,False,True,True,False,
REDUCE_NEUTRAL,REDUCE,SIMPLE_TP_EXIT_ENABLED,False,QUICK_NOT_CAUSAL,False,True,True,False,
REDUCE_NEUTRAL,REDUCE,SIMPLE_TP_PCT,False,QUICK_NOT_CAUSAL,False,True,True,False,
REDUCE_NEUTRAL,REDUCE,SIMPLE_TP_PCT,True,QUICK_NOT_CAUSAL,False,True,True,False,
REDUCE_NEUTRAL,REDUCE,WT_CROSS_EXIT_APPLIES_TO_WINNERS,False,QUICK_NOT_CAUSAL,False,True,True,False,
REDUCE_NEUTRAL,REDUCE,WT_CROSS_EXIT_APPLIES_TO_WINNERS,True,QUICK_NOT_CAUSAL,False,True,True,False,
REDUCE_NEUTRAL,REDUCE,WT_REDUCE_FRAC_HIGH,False,QUICK_NOT_CAUSAL,False,True,True,False,
REDUCE_NEUTRAL,REDUCE,WT_REDUCE_FRAC_HIGH,True,QUICK_NOT_CAUSAL,False,True,True,False,
REDUCE_NEUTRAL,REDUCE,WT_REDUCE_FRAC_LOW,False,QUICK_NOT_CAUSAL,False,True,True,False,
REDUCE_NEUTRAL,REDUCE,WT_REDUCE_FRAC_LOW,True,QUICK_NOT_CAUSAL,False,True,True,False,
REDUCE_NEUTRAL,REDUCE,WT_REDUCE_FRAC_MED,False,QUICK_NOT_CAUSAL,False,True,True,False,
REDUCE_NEUTRAL,REDUCE,WT_REDUCE_FRAC_MED,True,QUICK_NOT_CAUSAL,False,True,True,False,
REDUCE_NEUTRAL,REDUCE,LR_BAND_LADDER_TF_BOTTOM,False,QUICK_NOT_CAUSAL,False,True,True,False,
REDUCE_NEUTRAL,REDUCE,LR_BAND_LADDER_TF_BOTTOM,True,QUICK_NOT_CAUSAL,False,True,True,False,
REDUCE_NEUTRAL,REDUCE,LR_BAND_LADDER_TF_TOP,False,QUICK_NOT_CAUSAL,False,True,True,False,
REDUCE_NEUTRAL,REDUCE,LR_BAND_LADDER_TF_TOP,True,QUICK_NOT_CAUSAL,False,True,True,False,
REDUCE_NEUTRAL,REDUCE,AUGMENT_FALLBACK_REDUCE_ENABLED,True,HOOKED_BOTH,True,True,True,False,
REDUCE_NEUTRAL,REDUCE,AUGMENT_FALLBACK_REDUCE_ENABLED,False,HOOKED_BOTH,True,True,True,False,
REDUCE_NEUTRAL,REDUCE,AUGMENT_FALLBACK_REDUCE_PCT,0.25,HOOKED_BOTH,True,True,True,False,
REDUCE_NEUTRAL,REDUCE,AUGMENT_FALLBACK_REDUCE_PCT,0.5,HOOKED_BOTH,True,True,True,False,
REDUCE_NEUTRAL,REDUCE,AUGMENT_FALLBACK_REDUCE_PCT,True,HOOKED_BOTH,True,True,True,False,
REDUCE_NEUTRAL,REDUCE,ADX_RANGING_THRESHOLD,20,HOOKED_BOTH,True,True,True,False,
REDUCE_NEUTRAL,REDUCE,ATR_TRAIL_FILTER_TF,OFF,HOOKED_BOTH,True,True,True,False,
REDUCE_NEUTRAL,REDUCE,BANDAID_OFF_LOSER_RECOVER_PCT,0,HOOKED_BOTH,True,True,True,False,
REDUCE_NEUTRAL,REDUCE,BAND_ARROW_ENABLED,False,HOOKED_BOTH,True,True,True,False,
REDUCE_NEUTRAL,REDUCE,BAR_PATTERNS_FILTER_TF,OFF,HOOKED_BOTH,True,True,True,False,
REDUCE_NEUTRAL,REDUCE,BB_PULLBACK_GATE_FILTER_TF,OFF,HOOKED_BOTH,True,True,True,False,
REDUCE_NEUTRAL,REDUCE,BB_RECOVERY_ENTRY_FILTER_TF,OFF,HOOKED_BOTH,True,True,True,False,
REDUCE_NEUTRAL,REDUCE,BB_RECOVERY_FILTER_TF,OFF,HOOKED_BOTH,True,True,True,False,
REDUCE_NEUTRAL,REDUCE,BREAKEVEN_GAIN_EROSION_FILTER_TF,OFF,HOOKED_BOTH,True,True,True,False,
REDUCE_NEUTRAL,REDUCE,BREAKOUT_RETEST_FILTER_TF,OFF,HOOKED_BOTH,True,True,True,False,
REDUCE_NEUTRAL,REDUCE,BT_WT_CROSS_LADDER_FILTER_TF,OFF,HOOKED_BOTH,True,True,True,False,
REDUCE_NEUTRAL,REDUCE,CANDLE_PATTERN_STOPS_FILTER_TF,OFF,HOOKED_BOTH,True,True,True,False,
REDUCE_NEUTRAL,REDUCE,CIRCUIT_SHARPE_GATES_FILTER_TF,OFF,HOOKED_BOTH,True,True,True,False,
REDUCE_NEUTRAL,REDUCE,COOLDOWN_LOCKS_FILTER_TF,OFF,HOOKED_BOTH,True,True,True,False,
REDUCE_NEUTRAL,REDUCE,CRYPTO_SPIKE_FADE_THRESHOLD_PCT,10,HOOKED_BOTH,True,True,True,False,
REDUCE_NEUTRAL,REDUCE,DC_BREACH_REDUCE_FILTER_TF,OFF,HOOKED_BOTH,True,True,True,False,
REDUCE_NEUTRAL,REDUCE,DC_BREAK_FILTER_TF,OFF,HOOKED_BOTH,True,True,True,False,
REDUCE_NEUTRAL,REDUCE,DC_MOMENTUM_BOTA_SCORER_FILTER_TF,OFF,HOOKED_BOTH,True,True,True,False,
REDUCE_NEUTRAL,REDUCE,DC_MOMENT_STRONG_THRESHOLD,40,HOOKED_BOTH,True,True,True,False,
REDUCE_NEUTRAL,REDUCE,DELTA_ENGINE_FILTER_TF,OFF,HOOKED_BOTH,True,True,True,False,
REDUCE_NEUTRAL,REDUCE,DELTA_HTF_GATE,4h,HOOKED_BOTH,True,True,True,False,
REDUCE_NEUTRAL,REDUCE,DELTA_REENTRY_FILTER_ENABLED,False,HOOKED_BOTH,True,True,True,False,
REDUCE_NEUTRAL,REDUCE,DUP_GUARD_FILTER_TF,OFF,HOOKED_BOTH,True,True,True,False,
REDUCE_NEUTRAL,REDUCE,EMA_9_21_FILTER_FILTER_TF,OFF,HOOKED_BOTH,True,True,True,False,
REDUCE_NEUTRAL,REDUCE,EMA_9_21_FILTER_MIN_TFS,0,HOOKED_BOTH,True,True,True,False,
REDUCE_NEUTRAL,REDUCE,EMA_BLANKET_FILTER_ENABLED,False,HOOKED_BOTH,True,True,True,False,
REDUCE_NEUTRAL,REDUCE,EMA_BLANKET_FILTER_FILTER_TF,OFF,HOOKED_BOTH,True,True,True,False,
REDUCE_NEUTRAL,REDUCE,EMA_BLANKET_FILTER_MIN_TFS,0,HOOKED_BOTH,True,True,True,False,
REDUCE_NEUTRAL,REDUCE,EMERGENCY_BRAKE_FILTER_TF,OFF,HOOKED_BOTH,True,True,True,False,
REDUCE_NEUTRAL,REDUCE,EXECUTE_NOW_SINGLE_GATE_ENFORCE,0.0,HOOKED_BOTH,True,True,True,False,
REDUCE_NEUTRAL,REDUCE,EXIT_R1_R2_FILTER_TF,OFF,HOOKED_BOTH,True,True,True,False,
REDUCE_NEUTRAL,REDUCE,EXIT_TIGHT_BREAKOUT_SCORER_FILTER_TF,OFF,QUICK_NOT_CAUSAL,False,True,True,False,
REDUCE_NEUTRAL,REDUCE,EXIT_TOP_FADE_FILTER_TF,OFF,QUICK_NOT_CAUSAL,False,True,True,False,
REDUCE_NEUTRAL,REDUCE,EXIT_TO_REDUCE_ADAPTER_FILTER_TF,OFF,QUICK_NOT_CAUSAL,False,True,True,False,
REDUCE_NEUTRAL,REDUCE,EZ_MANAGE_THROTTLER_RATE,0.0,HOOKED_BOTH,True,True,True,False,
REDUCE_NEUTRAL,REDUCE,FAST_RISER_FILTER_TF,OFF,QUICK_NOT_CAUSAL,False,True,True,False,
REDUCE_NEUTRAL,REDUCE,FG_FEAR_THRESHOLD,25,HOOKED_BOTH,True,True,True,False,
REDUCE_NEUTRAL,REDUCE,FG_GREED_THRESHOLD,75,HOOKED_BOTH,True,True,True,False,
REDUCE_NEUTRAL,REDUCE,FH_MOMENTUM_FILTER_TF,OFF,QUICK_NOT_CAUSAL,False,True,True,False,
REDUCE_NEUTRAL,REDUCE,FIRST_OPEN_THROTTLE_FILTER_TF,OFF,QUICK_NOT_CAUSAL,False,True,True,False,
REDUCE_NEUTRAL,REDUCE,FROZEN_STOP_FILTER_TF,OFF,QUICK_NOT_CAUSAL,False,True,True,False,
REDUCE_NEUTRAL,REDUCE,FUNDING_GATE_FILTER_TF,OFF,QUICK_NOT_CAUSAL,False,True,True,False,
REDUCE_NEUTRAL,REDUCE,FUNDING_GATE_LONG_MAX,0.0,HOOKED_BOTH,True,True,True,False,
REDUCE_NEUTRAL,REDUCE,FUNDING_GATE_MTF_REQUIRED,0.0,HOOKED_BOTH,True,True,True,False,
REDUCE_NEUTRAL,REDUCE,FUNDING_GATE_SHORT_MIN,0.0,HOOKED_BOTH,True,True,True,False,
REDUCE_NEUTRAL,REDUCE,GOLDEN_RULE_BASE_USD,0.0,QUICK_NOT_CAUSAL,False,True,True,False,
REDUCE_NEUTRAL,REDUCE,GOLDEN_RULE_ENFORCE_FILTER_TF,OFF,QUICK_NOT_CAUSAL,False,True,True,False,
REDUCE_NEUTRAL,REDUCE,GOLDEN_RULE_HTF_VOTE_FILTER_TF,OFF,QUICK_NOT_CAUSAL,False,True,True,False,
REDUCE_NEUTRAL,REDUCE,GR_FILTER_ALL_ENTRIES,0.0,QUICK_NOT_CAUSAL,False,True,True,False,
REDUCE_NEUTRAL,REDUCE,GR_FILTER_VEC_ENABLED,False,QUICK_NOT_CAUSAL,False,True,True,False,
REDUCE_NEUTRAL,REDUCE,GR_FILTER_VEC_FILTER_TF,OFF,QUICK_NOT_CAUSAL,False,True,True,False,
REDUCE_NEUTRAL,REDUCE,GR_FILTER_VEC_MIN_TFS,0,QUICK_NOT_CAUSAL,False,True,True,False,
REDUCE_NEUTRAL,REDUCE,GR_V5_STATE_FILTER_TF,OFF,QUICK_NOT_CAUSAL,False,True,True,False,
REDUCE_NEUTRAL,REDUCE,HAIKU_WINNER_FILTER_TF,OFF,QUICK_NOT_CAUSAL,False,True,True,False,
REDUCE_NEUTRAL,REDUCE,HA_WICK_QUALITY_ENABLED,False,QUICK_NOT_CAUSAL,False,True,True,False,
REDUCE_NEUTRAL,REDUCE,HA_WICK_QUALITY_SCORE,15,QUICK_NOT_CAUSAL,False,True,True,False,
REDUCE_NEUTRAL,REDUCE,HA_WICK_QUALITY_TF,OFF,QUICK_NOT_CAUSAL,False,True,True,False,
REDUCE_NEUTRAL,REDUCE,HLR_SMA_BAND_PCT,0,HOOKED_BOTH,True,True,True,False,
REDUCE_NEUTRAL,REDUCE,HLR_TOP_MIN_TFS,0,HOOKED_BOTH,True,True,True,False,
REDUCE_NEUTRAL,REDUCE,HTF4_CONF,False,HOOKED_BOTH,True,True,True,False,
REDUCE_NEUTRAL,REDUCE,HTF_DIRECTION_GATE_ENABLED,False,QUICK_NOT_CAUSAL,False,True,True,False,
REDUCE_NEUTRAL,REDUCE,HTF_GATE_BYPASS_RZ,0.0,HOOKED_BOTH,True,True,True,False,
REDUCE_NEUTRAL,REDUCE,HTF_GATE_D_MANDATORY,0.0,HOOKED_BOTH,True,True,True,False,
REDUCE_NEUTRAL,REDUCE,HTF_GATE_MIN_CONFIRMATIONS,0.0,HOOKED_BOTH,True,True,True,False,
REDUCE_NEUTRAL,REDUCE,HTF_TREND_VETO_BYPASS_ENABLED,False,QUICK_NOT_CAUSAL,False,True,True,False,
REDUCE_NEUTRAL,REDUCE,HTF_TREND_VETO_BYPASS_REASONS,0.0,HOOKED_BOTH,True,True,True,False,
REDUCE_NEUTRAL,REDUCE,LEADERBOARD_FILTER,False,HOOKED_BOTH,True,True,True,False,
REDUCE_NEUTRAL,REDUCE,LH_HL_FILTER_ENABLED,False,QUICK_NOT_CAUSAL,False,True,True,False,
REDUCE_NEUTRAL,REDUCE,LH_HL_FILTER_MODE,STRICT_2BAR,QUICK_NOT_CAUSAL,False,True,True,False,
REDUCE_NEUTRAL,REDUCE,LH_HL_FILTER_REQUIRE_BOTH,False,QUICK_NOT_CAUSAL,False,True,True,False,
REDUCE_NEUTRAL,REDUCE,LH_HL_FILTER_TF_REQ,2,QUICK_NOT_CAUSAL,False,True,True,False,
REDUCE_NEUTRAL,REDUCE,LIVE_ENTRY_ENGINE_FILTER_TF,OFF,QUICK_NOT_CAUSAL,False,True,True,False,
REDUCE_NEUTRAL,REDUCE,LIVE_ONLY_SIGNALS_BATCH5_FILTER_TF,OFF,QUICK_NOT_CAUSAL,False,True,True,False,
REDUCE_NEUTRAL,REDUCE,LIVE_VEC_EMERGENCY_BRAKE_ENABLED,False,QUICK_NOT_CAUSAL,False,True,True,False,
REDUCE_NEUTRAL,REDUCE,LR_BAND_LADDER_STOCH_EXTREME,30.0,QUICK_NOT_CAUSAL,False,True,True,False,
REDUCE_NEUTRAL,REDUCE,MANDATORY_REENTRY_WT_FILTER_MIN_TFS,1,QUICK_NOT_CAUSAL,False,True,True,False,
REDUCE_NEUTRAL,REDUCE,MANDATORY_REENTRY_WT_FILTER_MIN_VELOCITY,0.0,QUICK_NOT_CAUSAL,False,True,True,False,
REDUCE_NEUTRAL,REDUCE,MANDATORY_REENTRY_WT_FILTER_REQUIRE_FLIP,False,QUICK_NOT_CAUSAL,False,True,True,False,
REDUCE_NEUTRAL,REDUCE,MANDATORY_REENTRY_WT_FILTER_TF_MODE,15m_only,QUICK_NOT_CAUSAL,False,True,True,False,
REDUCE_NEUTRAL,REDUCE,MANDATORY_REENTRY_WT_FILTER_VELOCITY_RATIO,0.90,QUICK_NOT_CAUSAL,False,True,True,False,
REDUCE_NEUTRAL,REDUCE,MARKET_QUALITY_SCORE_ENABLED,False,QUICK_NOT_CAUSAL,False,True,True,False,
REDUCE_NEUTRAL,REDUCE,MI_TF_AGREE_MIN,0.0,QUICK_NOT_CAUSAL,False,True,True,False,
REDUCE_NEUTRAL,REDUCE,MOM3_FILTER_TF,OFF,QUICK_NOT_CAUSAL,False,True,True,False,
REDUCE_NEUTRAL,REDUCE,MOMENTUM_BREAKOUT_FILTER_TF,OFF,QUICK_NOT_CAUSAL,False,True,True,False,
REDUCE_NEUTRAL,REDUCE,MOVER_THRESHOLD,5,QUICK_NOT_CAUSAL,False,True,True,False,
REDUCE_NEUTRAL,REDUCE,MTF_ARMED_ENTRIES_FILTER_TF,OFF,QUICK_NOT_CAUSAL,False,True,True,False,
REDUCE_NEUTRAL,REDUCE,MTF_ATR_TRAIL_FILTER_TF,OFF,QUICK_NOT_CAUSAL,False,True,True,False,
REDUCE_NEUTRAL,REDUCE,MTF_DC_REJECT_FILTER_TF,OFF,QUICK_NOT_CAUSAL,False,True,True,False,
REDUCE_NEUTRAL,REDUCE,MTF_FILTER_STRONG_BUY_QUICK_BYPASS,0.0,QUICK_NOT_CAUSAL,False,True,True,False,
REDUCE_NEUTRAL,REDUCE,MTF_GR_MIN_IND,5,QUICK_NOT_CAUSAL,False,True,True,False,
REDUCE_NEUTRAL,REDUCE,MTS_BOTTOM_BONUS_THRESHOLD,25,QUICK_NOT_CAUSAL,False,True,True,False,
REDUCE_NEUTRAL,REDUCE,MTS_BOTTOM_STRONG_THRESHOLD,40,QUICK_NOT_CAUSAL,False,True,True,False,
REDUCE_NEUTRAL,REDUCE,MTS_GATE_ENABLED,False,QUICK_NOT_CAUSAL,False,True,True,False,
REDUCE_NEUTRAL,REDUCE,NEWBORN_LOSS_KILL_FILTER_TF,OFF,QUICK_NOT_CAUSAL,False,True,True,False,
REDUCE_NEUTRAL,REDUCE,NEWBORN_LOSS_KILL_GAIN_THRESHOLD_PCT,0,QUICK_NOT_CAUSAL,False,True,True,False,
REDUCE_NEUTRAL,REDUCE,NEWBORN_LOSS_KILL_REQUIRE_VEL_AGAINST,0.0,QUICK_NOT_CAUSAL,False,True,True,False,
REDUCE_NEUTRAL,REDUCE,NEWBORN_PROTECT_FILTER_TF,OFF,QUICK_NOT_CAUSAL,False,True,True,False,
REDUCE_NEUTRAL,REDUCE,NEW_POSITION_MAX_LOSS_THRESHOLD,0,QUICK_NOT_CAUSAL,False,True,True,False,
REDUCE_NEUTRAL,REDUCE,NOLOSS_BYPASS_WT5OF5_FILTER_TF,OFF,QUICK_NOT_CAUSAL,False,True,True,False,
REDUCE_NEUTRAL,REDUCE,OI_CONFIRM_ENABLED,False,QUICK_NOT_CAUSAL,False,True,True,False,
REDUCE_NEUTRAL,REDUCE,OI_CONFIRM_MIN_CHANGE_PCT,0,QUICK_NOT_CAUSAL,False,True,True,False,
REDUCE_NEUTRAL,REDUCE,OI_CONFIRM_MIN_PRICE_PCT,0,QUICK_NOT_CAUSAL,False,True,True,False,
REDUCE_NEUTRAL,REDUCE,OPEN_INTENT_SIZE_GATES_FILTER_TF,OFF,QUICK_NOT_CAUSAL,False,True,True,False,
REDUCE_NEUTRAL,REDUCE,PARTIAL_PROFIT_LOCK_V2_FILTER_TF,OFF,QUICK_NOT_CAUSAL,False,True,True,False,
REDUCE_NEUTRAL,REDUCE,PEAK_GIVEBACK_BE_EROSION_FILTER_TF,OFF,QUICK_NOT_CAUSAL,False,True,True,False,
REDUCE_FULL_FILTERED,REDUCE,HTF_GATE_APPLY_TO_OPEN,0,HOOKED_BOTH,True,True,True,False,
REDUCE_FULL_FILTERED,REDUCE,HTF_GATE_APPLY_TO_OPEN,1,HOOKED_BOTH,True,True,True,False,
REDUCE_FULL_FILTERED,REDUCE,PARTIAL_PROFIT_LOCK_FRAC,0,HOOKED_BOTH,True,True,True,False,
REDUCE_FULL_FILTERED,REDUCE,PARTIAL_PROFIT_LOCK_FRAC,1,HOOKED_BOTH,True,True,True,False,
REDUCE_FULL_FILTERED,REDUCE,PEAK_GIVEBACK_DROP_TRIGGER_ENABLED,1,HOOKED_BOTH,True,True,True,False,
REDUCE_FULL_FILTERED,REDUCE,PEAK_GIVEBACK_DROP_TRIGGER_ENABLED,0,HOOKED_BOTH,True,True,True,False,
REDUCE_FULL_FILTERED,REDUCE,QUICK_REDUCE_TECHNICAL_ONLY,0,QUICK_NOT_CAUSAL,False,True,True,False,
REDUCE_FULL_FILTERED,REDUCE,QUICK_REDUCE_TECHNICAL_ONLY,1,QUICK_NOT_CAUSAL,False,True,True,False,
REDUCE_FULL_FILTERED,REDUCE,SIMPLE_TP_EXIT_ENABLED,1,QUICK_NOT_CAUSAL,False,True,True,False,
REDUCE_FULL_FILTERED,REDUCE,SIMPLE_TP_EXIT_ENABLED,0,QUICK_NOT_CAUSAL,False,True,True,False,
REDUCE_FULL_FILTERED,REDUCE,SIMPLE_TP_PCT,0,QUICK_NOT_CAUSAL,False,True,True,False,
REDUCE_FULL_FILTERED,REDUCE,SIMPLE_TP_PCT,1,QUICK_NOT_CAUSAL,False,True,True,False,
REDUCE_FULL_FILTERED,REDUCE,WT_CROSS_EXIT_APPLIES_TO_WINNERS,0,QUICK_NOT_CAUSAL,False,True,True,False,
REDUCE_FULL_FILTERED,REDUCE,WT_CROSS_EXIT_APPLIES_TO_WINNERS,1,QUICK_NOT_CAUSAL,False,True,True,False,
REDUCE_FULL_FILTERED,REDUCE,WT_REDUCE_FRAC_HIGH,0,QUICK_NOT_CAUSAL,False,True,True,False,
REDUCE_FULL_FILTERED,REDUCE,WT_REDUCE_FRAC_HIGH,1,QUICK_NOT_CAUSAL,False,True,True,False,
REDUCE_FULL_FILTERED,REDUCE,WT_REDUCE_FRAC_LOW,0,QUICK_NOT_CAUSAL,False,True,True,False,
REDUCE_FULL_FILTERED,REDUCE,WT_REDUCE_FRAC_LOW,1,QUICK_NOT_CAUSAL,False,True,True,False,
REDUCE_FULL_FILTERED,REDUCE,WT_REDUCE_FRAC_MED,0,QUICK_NOT_CAUSAL,False,True,True,False,
REDUCE_FULL_FILTERED,REDUCE,WT_REDUCE_FRAC_MED,1,QUICK_NOT_CAUSAL,False,True,True,False,
REDUCE_FULL_FILTERED,REDUCE,LR_BAND_LADDER_TF_BOTTOM,0,QUICK_NOT_CAUSAL,False,True,True,False,
REDUCE_FULL_FILTERED,REDUCE,LR_BAND_LADDER_TF_BOTTOM,1,QUICK_NOT_CAUSAL,False,True,True,False,
REDUCE_FULL_FILTERED,REDUCE,LR_BAND_LADDER_TF_TOP,0,QUICK_NOT_CAUSAL,False,True,True,False,
REDUCE_FULL_FILTERED,REDUCE,LR_BAND_LADDER_TF_TOP,1,QUICK_NOT_CAUSAL,False,True,True,False,
FILTER_DICTIONARY_V8,FILTER,ADX_RANGING_THRESHOLD,20.0,HOOKED_BOTH,True,True,True,False,
FILTER_DICTIONARY_V8,FILTER,ADX_RANGING_THRESHOLD,20.0,HOOKED_BOTH,True,True,True,False,
FILTER_DICTIONARY_V8,FILTER,ADX_RANGING_THRESHOLD,20.0,HOOKED_BOTH,True,True,True,False,
FILTER_DICTIONARY_V8,FILTER,ADX_RANGING_THRESHOLD,20.0,HOOKED_BOTH,True,True,True,False,
FILTER_DICTIONARY_V8,FILTER,ATR_TRAIL_FILTER_TF,15m,HOOKED_BOTH,True,True,True,False,
FILTER_DICTIONARY_V8,FILTER,ATR_TRAIL_FILTER_TF,15m,HOOKED_BOTH,True,True,True,False,
FILTER_DICTIONARY_V8,FILTER,ATR_TRAIL_FILTER_TF,15m,HOOKED_BOTH,True,True,True,False,
FILTER_DICTIONARY_V8,FILTER,ATR_TRAIL_FILTER_TF,15m,HOOKED_BOTH,True,True,True,False,
FILTER_DICTIONARY_V8,FILTER,ATR_TRAIL_FILTER_TF,15m,HOOKED_BOTH,True,True,True,False,
FILTER_DICTIONARY_V8,FILTER,BANDAID_OFF_LOSER_RECOVER_PCT,0.0,HOOKED_BOTH,True,True,True,False,
FILTER_DICTIONARY_V8,FILTER,BANDAID_OFF_LOSER_RECOVER_PCT,0.0,HOOKED_BOTH,True,True,True,False,
FILTER_DICTIONARY_V8,FILTER,BANDAID_OFF_LOSER_RECOVER_PCT,0.0,HOOKED_BOTH,True,True,True,False,
FILTER_DICTIONARY_V8,FILTER,BANDAID_OFF_LOSER_RECOVER_PCT,0.0,HOOKED_BOTH,True,True,True,False,
FILTER_DICTIONARY_V8,FILTER,BAND_ARROW_ENABLED,False,HOOKED_BOTH,True,True,True,False,
FILTER_DICTIONARY_V8,FILTER,BAND_ARROW_ENABLED,False,HOOKED_BOTH,True,True,True,False,
FILTER_DICTIONARY_V8,FILTER,BAR_PATTERNS_FILTER_TF,15m,HOOKED_BOTH,True,True,True,False,
FILTER_DICTIONARY_V8,FILTER,BAR_PATTERNS_FILTER_TF,15m,HOOKED_BOTH,True,True,True,False,
FILTER_DICTIONARY_V8,FILTER,BAR_PATTERNS_FILTER_TF,15m,HOOKED_BOTH,True,True,True,False,
FILTER_DICTIONARY_V8,FILTER,BAR_PATTERNS_FILTER_TF,15m,HOOKED_BOTH,True,True,True,False,
FILTER_DICTIONARY_V8,FILTER,BAR_PATTERNS_FILTER_TF,15m,HOOKED_BOTH,True,True,True,False,
FILTER_DICTIONARY_V8,FILTER,BB_PULLBACK_GATE_FILTER_TF,15m,HOOKED_BOTH,True,True,True,False,
FILTER_DICTIONARY_V8,FILTER,BB_PULLBACK_GATE_FILTER_TF,15m,HOOKED_BOTH,True,True,True,False,
FILTER_DICTIONARY_V8,FILTER,BB_PULLBACK_GATE_FILTER_TF,15m,HOOKED_BOTH,True,True,True,False,
FILTER_DICTIONARY_V8,FILTER,BB_PULLBACK_GATE_FILTER_TF,15m,HOOKED_BOTH,True,True,True,False,
FILTER_DICTIONARY_V8,FILTER,BB_PULLBACK_GATE_FILTER_TF,15m,HOOKED_BOTH,True,True,True,False,
FILTER_DICTIONARY_V8,FILTER,BB_RECOVERY_ENTRY_FILTER_TF,15m,HOOKED_BOTH,True,True,True,False,
FILTER_DICTIONARY_V8,FILTER,BB_RECOVERY_ENTRY_FILTER_TF,15m,HOOKED_BOTH,True,True,True,False,
FILTER_DICTIONARY_V8,FILTER,BB_RECOVERY_ENTRY_FILTER_TF,15m,HOOKED_BOTH,True,True,True,False,
FILTER_DICTIONARY_V8,FILTER,BB_RECOVERY_ENTRY_FILTER_TF,15m,HOOKED_BOTH,True,True,True,False,
FILTER_DICTIONARY_V8,FILTER,BB_RECOVERY_ENTRY_FILTER_TF,15m,HOOKED_BOTH,True,True,True,False,
FILTER_DICTIONARY_V8,FILTER,BB_RECOVERY_FILTER_TF,15m,HOOKED_BOTH,True,True,True,False,
FILTER_DICTIONARY_V8,FILTER,BB_RECOVERY_FILTER_TF,15m,HOOKED_BOTH,True,True,True,False,
FILTER_DICTIONARY_V8,FILTER,BB_RECOVERY_FILTER_TF,15m,HOOKED_BOTH,True,True,True,False,
FILTER_DICTIONARY_V8,FILTER,BB_RECOVERY_FILTER_TF,15m,HOOKED_BOTH,True,True,True,False,
FILTER_DICTIONARY_V8,FILTER,BB_RECOVERY_FILTER_TF,15m,HOOKED_BOTH,True,True,True,False,
FILTER_DICTIONARY_V8,FILTER,BREAKEVEN_GAIN_EROSION_FILTER_TF,15m,HOOKED_BOTH,True,True,True,False,
FILTER_DICTIONARY_V8,FILTER,BREAKEVEN_GAIN_EROSION_FILTER_TF,15m,HOOKED_BOTH,True,True,True,False,
FILTER_DICTIONARY_V8,FILTER,BREAKEVEN_GAIN_EROSION_FILTER_TF,15m,HOOKED_BOTH,True,True,True,False,
FILTER_DICTIONARY_V8,FILTER,BREAKEVEN_GAIN_EROSION_FILTER_TF,15m,HOOKED_BOTH,True,True,True,False,
FILTER_DICTIONARY_V8,FILTER,BREAKEVEN_GAIN_EROSION_FILTER_TF,15m,HOOKED_BOTH,True,True,True,False,
FILTER_DICTIONARY_V8,FILTER,BREAKOUT_RETEST_FILTER_TF,15m,HOOKED_BOTH,True,True,True,False,
FILTER_DICTIONARY_V8,FILTER,BREAKOUT_RETEST_FILTER_TF,15m,HOOKED_BOTH,True,True,True,False,
FILTER_DICTIONARY_V8,FILTER,BREAKOUT_RETEST_FILTER_TF,15m,HOOKED_BOTH,True,True,True,False,
FILTER_DICTIONARY_V8,FILTER,BREAKOUT_RETEST_FILTER_TF,15m,HOOKED_BOTH,True,True,True,False,
FILTER_DICTIONARY_V8,FILTER,BREAKOUT_RETEST_FILTER_TF,15m,HOOKED_BOTH,True,True,True,False,
FILTER_DICTIONARY_V8,FILTER,BTC_ACCEL_RAMP_REQUIRE_POSITIVE,0.0,HOOKED_BOTH,True,True,True,False,
FILTER_DICTIONARY_V8,FILTER,BTC_ACCEL_RAMP_REQUIRE_POSITIVE,0.0,HOOKED_BOTH,True,True,True,False,
FILTER_DICTIONARY_V8,FILTER,BTC_DEDICATED_FILTER_TF,15m,HOOKED_BOTH,True,True,True,False,
FILTER_DICTIONARY_V8,FILTER,BTC_DEDICATED_FILTER_TF,15m,HOOKED_BOTH,True,True,True,False,
FILTER_DICTIONARY_V8,FILTER,BTC_DEDICATED_FILTER_TF,15m,HOOKED_BOTH,True,True,True,False,
FILTER_DICTIONARY_V8,FILTER,BTC_DEDICATED_FILTER_TF,15m,HOOKED_BOTH,True,True,True,False,
FILTER_DICTIONARY_V8,FILTER,BTC_DEDICATED_FILTER_TF,15m,HOOKED_BOTH,True,True,True,False,
FILTER_DICTIONARY_V8,FILTER,BTC_HARD_BLOCK_OTHER_ACCOUNTS,0.0,HOOKED_BOTH,True,True,True,False,
FILTER_DICTIONARY_V8,FILTER,BTC_HARD_BLOCK_OTHER_ACCOUNTS,0.0,HOOKED_BOTH,True,True,True,False,
FILTER_DICTIONARY_V8,FILTER,BTC_ROUND_BANDS_EACH_SIDE,0.0,HOOKED_BOTH,True,True,True,False,
FILTER_DICTIONARY_V8,FILTER,BTC_ROUND_BANDS_EACH_SIDE,0.0,HOOKED_BOTH,True,True,True,False,
FILTER_DICTIONARY_V8,FILTER,BT_WT_CROSS_LADDER_FILTER_TF,15m,HOOKED_BOTH,True,True,True,False,
FILTER_DICTIONARY_V8,FILTER,BT_WT_CROSS_LADDER_FILTER_TF,15m,HOOKED_BOTH,True,True,True,False,
FILTER_DICTIONARY_V8,FILTER,BT_WT_CROSS_LADDER_FILTER_TF,15m,HOOKED_BOTH,True,True,True,False,
FILTER_DICTIONARY_V8,FILTER,BT_WT_CROSS_LADDER_FILTER_TF,15m,HOOKED_BOTH,True,True,True,False,
FILTER_DICTIONARY_V8,FILTER,BT_WT_CROSS_LADDER_FILTER_TF,15m,HOOKED_BOTH,True,True,True,False,
FILTER_DICTIONARY_V8,FILTER,CANDLE_PATTERN_STOPS_FILTER_TF,15m,HOOKED_BOTH,True,True,True,False,
FILTER_DICTIONARY_V8,FILTER,CANDLE_PATTERN_STOPS_FILTER_TF,15m,HOOKED_BOTH,True,True,True,False,
FILTER_DICTIONARY_V8,FILTER,CANDLE_PATTERN_STOPS_FILTER_TF,15m,HOOKED_BOTH,True,True,True,False,
FILTER_DICTIONARY_V8,FILTER,CANDLE_PATTERN_STOPS_FILTER_TF,15m,HOOKED_BOTH,True,True,True,False,
FILTER_DICTIONARY_V8,FILTER,CANDLE_PATTERN_STOPS_FILTER_TF,15m,HOOKED_BOTH,True,True,True,False,
FILTER_DICTIONARY_V8,FILTER,CIRCUIT_SHARPE_GATES_FILTER_TF,15m,HOOKED_BOTH,True,True,True,False,
FILTER_DICTIONARY_V8,FILTER,CIRCUIT_SHARPE_GATES_FILTER_TF,15m,HOOKED_BOTH,True,True,True,False,
FILTER_DICTIONARY_V8,FILTER,CIRCUIT_SHARPE_GATES_FILTER_TF,15m,HOOKED_BOTH,True,True,True,False,
FILTER_DICTIONARY_V8,FILTER,CIRCUIT_SHARPE_GATES_FILTER_TF,15m,HOOKED_BOTH,True,True,True,False,
FILTER_DICTIONARY_V8,FILTER,CIRCUIT_SHARPE_GATES_FILTER_TF,15m,HOOKED_BOTH,True,True,True,False,
FILTER_DICTIONARY_V8,FILTER,COOLDOWN_LOCKS_FILTER_TF,15m,HOOKED_BOTH,True,True,True,False,
FILTER_DICTIONARY_V8,FILTER,COOLDOWN_LOCKS_FILTER_TF,15m,HOOKED_BOTH,True,True,True,False,
FILTER_DICTIONARY_V8,FILTER,COOLDOWN_LOCKS_FILTER_TF,15m,HOOKED_BOTH,True,True,True,False,
FILTER_DICTIONARY_V8,FILTER,COOLDOWN_LOCKS_FILTER_TF,15m,HOOKED_BOTH,True,True,True,False,
FILTER_DICTIONARY_V8,FILTER,COOLDOWN_LOCKS_FILTER_TF,15m,HOOKED_BOTH,True,True,True,False,
FILTER_DICTIONARY_V8,FILTER,CRYPTO_SPIKE_FADE_THRESHOLD_PCT,10.0,HOOKED_BOTH,True,True,True,False,
FILTER_DICTIONARY_V8,FILTER,CRYPTO_SPIKE_FADE_THRESHOLD_PCT,10.0,HOOKED_BOTH,True,True,True,False,
FILTER_DICTIONARY_V8,FILTER,CRYPTO_SPIKE_FADE_THRESHOLD_PCT,10.0,HOOKED_BOTH,True,True,True,False,
FILTER_DICTIONARY_V8,FILTER,CRYPTO_SPIKE_FADE_THRESHOLD_PCT,10.0,HOOKED_BOTH,True,True,True,False,
FILTER_DICTIONARY_V8,FILTER,DC_BREACH_REDUCE_FILTER_TF,15m,HOOKED_BOTH,True,True,True,False,
FILTER_DICTIONARY_V8,FILTER,DC_BREACH_REDUCE_FILTER_TF,15m,HOOKED_BOTH,True,True,True,False,
FILTER_DICTIONARY_V8,FILTER,DC_BREACH_REDUCE_FILTER_TF,15m,HOOKED_BOTH,True,True,True,False,
FILTER_DICTIONARY_V8,FILTER,DC_BREACH_REDUCE_FILTER_TF,15m,HOOKED_BOTH,True,True,True,False,
FILTER_DICTIONARY_V8,FILTER,DC_BREACH_REDUCE_FILTER_TF,15m,HOOKED_BOTH,True,True,True,False,
FILTER_DICTIONARY_V8,FILTER,DC_BREAK_FILTER_TF,15m,HOOKED_BOTH,True,True,True,False,
FILTER_DICTIONARY_V8,FILTER,DC_BREAK_FILTER_TF,15m,HOOKED_BOTH,True,True,True,False,
FILTER_DICTIONARY_V8,FILTER,DC_BREAK_FILTER_TF,15m,HOOKED_BOTH,True,True,True,False,
FILTER_DICTIONARY_V8,FILTER,DC_BREAK_FILTER_TF,15m,HOOKED_BOTH,True,True,True,False,
FILTER_DICTIONARY_V8,FILTER,DC_BREAK_FILTER_TF,15m,HOOKED_BOTH,True,True,True,False,
FILTER_DICTIONARY_V8,FILTER,DC_MOMENTUM_BOTA_SCORER_FILTER_TF,15m,HOOKED_BOTH,True,True,True,False,
FILTER_DICTIONARY_V8,FILTER,DC_MOMENTUM_BOTA_SCORER_FILTER_TF,15m,HOOKED_BOTH,True,True,True,False,
FILTER_DICTIONARY_V8,FILTER,DC_MOMENTUM_BOTA_SCORER_FILTER_TF,15m,HOOKED_BOTH,True,True,True,False,
FILTER_DICTIONARY_V8,FILTER,DC_MOMENTUM_BOTA_SCORER_FILTER_TF,15m,HOOKED_BOTH,True,True,True,False,
FILTER_DICTIONARY_V8,FILTER,DC_MOMENTUM_BOTA_SCORER_FILTER_TF,15m,HOOKED_BOTH,True,True,True,False,
FILTER_DICTIONARY_V8,FILTER,DC_MOMENT_STRONG_THRESHOLD,40.0,HOOKED_BOTH,True,True,True,False,
FILTER_DICTIONARY_V8,FILTER,DC_MOMENT_STRONG_THRESHOLD,40.0,HOOKED_BOTH,True,True,True,False,
FILTER_DICTIONARY_V8,FILTER,DC_MOMENT_STRONG_THRESHOLD,40.0,HOOKED_BOTH,True,True,True,False,
FILTER_DICTIONARY_V8,FILTER,DC_MOMENT_STRONG_THRESHOLD,40.0,HOOKED_BOTH,True,True,True,False,
FILTER_DICTIONARY_V8,FILTER,DELTA_ENGINE_FILTER_TF,15m,HOOKED_BOTH,True,True,True,False,
FILTER_DICTIONARY_V8,FILTER,DELTA_ENGINE_FILTER_TF,15m,HOOKED_BOTH,True,True,True,False,
FILTER_DICTIONARY_V8,FILTER,DELTA_ENGINE_FILTER_TF,15m,HOOKED_BOTH,True,True,True,False,
FILTER_DICTIONARY_V8,FILTER,DELTA_ENGINE_FILTER_TF,15m,HOOKED_BOTH,True,True,True,False,
FILTER_DICTIONARY_V8,FILTER,DELTA_ENGINE_FILTER_TF,15m,HOOKED_BOTH,True,True,True,False,
FILTER_DICTIONARY_V8,FILTER,DELTA_HTF_GATE,4h,HOOKED_BOTH,True,True,True,False,
FILTER_DICTIONARY_V8,FILTER,DELTA_HTF_GATE,4h,HOOKED_BOTH,True,True,True,False,
FILTER_DICTIONARY_V8,FILTER,DELTA_REENTRY_FILTER_ENABLED,False,HOOKED_BOTH,True,True,True,False,
FILTER_DICTIONARY_V8,FILTER,DELTA_REENTRY_FILTER_ENABLED,False,HOOKED_BOTH,True,True,True,False,
FILTER_DICTIONARY_V8,FILTER,DUP_GUARD_FILTER_TF,15m,HOOKED_BOTH,True,True,True,False,
FILTER_DICTIONARY_V8,FILTER,DUP_GUARD_FILTER_TF,15m,HOOKED_BOTH,True,True,True,False,
FILTER_DICTIONARY_V8,FILTER,DUP_GUARD_FILTER_TF,15m,HOOKED_BOTH,True,True,True,False,
FILTER_DICTIONARY_V8,FILTER,DUP_GUARD_FILTER_TF,15m,HOOKED_BOTH,True,True,True,False,
FILTER_DICTIONARY_V8,FILTER,DUP_GUARD_FILTER_TF,15m,HOOKED_BOTH,True,True,True,False,
FILTER_DICTIONARY_V8,FILTER,E2E_REPLAY_VALIDATOR_FILTER_TF,15m,HOOKED_BOTH,True,True,True,False,
FILTER_DICTIONARY_V8,FILTER,E2E_REPLAY_VALIDATOR_FILTER_TF,15m,HOOKED_BOTH,True,True,True,False,
FILTER_DICTIONARY_V8,FILTER,E2E_REPLAY_VALIDATOR_FILTER_TF,15m,HOOKED_BOTH,True,True,True,False,
FILTER_DICTIONARY_V8,FILTER,E2E_REPLAY_VALIDATOR_FILTER_TF,15m,HOOKED_BOTH,True,True,True,False,
FILTER_DICTIONARY_V8,FILTER,E2E_REPLAY_VALIDATOR_FILTER_TF,15m,HOOKED_BOTH,True,True,True,False,
FILTER_DICTIONARY_V8,FILTER,EMA_9_21_FILTER_FILTER_TF,15m,HOOKED_BOTH,True,True,True,False,
FILTER_DICTIONARY_V8,FILTER,EMA_9_21_FILTER_FILTER_TF,15m,HOOKED_BOTH,True,True,True,False,
FILTER_DICTIONARY_V8,FILTER,EMA_9_21_FILTER_FILTER_TF,15m,HOOKED_BOTH,True,True,True,False,
FILTER_DICTIONARY_V8,FILTER,EMA_9_21_FILTER_FILTER_TF,15m,HOOKED_BOTH,True,True,True,False,
FILTER_DICTIONARY_V8,FILTER,EMA_9_21_FILTER_FILTER_TF,15m,HOOKED_BOTH,True,True,True,False,
FILTER_DICTIONARY_V8,FILTER,EMA_9_21_FILTER_MIN_TFS,0.0,HOOKED_BOTH,True,True,True,False,
FILTER_DICTIONARY_V8,FILTER,EMA_9_21_FILTER_MIN_TFS,0.0,HOOKED_BOTH,True,True,True,False,
FILTER_DICTIONARY_V8,FILTER,EMA_9_21_FILTER_MIN_TFS,0.0,HOOKED_BOTH,True,True,True,False,
FILTER_DICTIONARY_V8,FILTER,EMA_BLANKET_FILTER_ENABLED,False,HOOKED_BOTH,True,True,True,False,
FILTER_DICTIONARY_V8,FILTER,EMA_BLANKET_FILTER_ENABLED,False,HOOKED_BOTH,True,True,True,False,
FILTER_DICTIONARY_V8,FILTER,EMA_BLANKET_FILTER_FILTER_TF,15m,HOOKED_BOTH,True,True,True,False,
FILTER_DICTIONARY_V8,FILTER,EMA_BLANKET_FILTER_FILTER_TF,15m,HOOKED_BOTH,True,True,True,False,
FILTER_DICTIONARY_V8,FILTER,EMA_BLANKET_FILTER_FILTER_TF,15m,HOOKED_BOTH,True,True,True,False,
FILTER_DICTIONARY_V8,FILTER,EMA_BLANKET_FILTER_FILTER_TF,15m,HOOKED_BOTH,True,True,True,False,
FILTER_DICTIONARY_V8,FILTER,EMA_BLANKET_FILTER_FILTER_TF,15m,HOOKED_BOTH,True,True,True,False,
FILTER_DICTIONARY_V8,FILTER,EMA_BLANKET_FILTER_MIN_TFS,0.0,HOOKED_BOTH,True,True,True,False,
FILTER_DICTIONARY_V8,FILTER,EMA_BLANKET_FILTER_MIN_TFS,0.0,HOOKED_BOTH,True,True,True,False,
FILTER_DICTIONARY_V8,FILTER,EMA_BLANKET_FILTER_MIN_TFS,0.0,HOOKED_BOTH,True,True,True,False,
FILTER_DICTIONARY_V8,FILTER,EMERGENCY_BRAKE_FILTER_TF,15m,HOOKED_BOTH,True,True,True,False,
FILTER_DICTIONARY_V8,FILTER,EMERGENCY_BRAKE_FILTER_TF,15m,HOOKED_BOTH,True,True,True,False,
FILTER_DICTIONARY_V8,FILTER,EMERGENCY_BRAKE_FILTER_TF,15m,HOOKED_BOTH,True,True,True,False,
FILTER_DICTIONARY_V8,FILTER,EMERGENCY_BRAKE_FILTER_TF,15m,HOOKED_BOTH,True,True,True,False,
FILTER_DICTIONARY_V8,FILTER,EMERGENCY_BRAKE_FILTER_TF,15m,HOOKED_BOTH,True,True,True,False,
FILTER_DICTIONARY_V8,FILTER,EXECUTE_NOW_SINGLE_GATE_ENFORCE,0.0,HOOKED_BOTH,True,True,True,False,
FILTER_DICTIONARY_V8,FILTER,EXECUTE_NOW_SINGLE_GATE_ENFORCE,0.0,HOOKED_BOTH,True,True,True,False,
FILTER_DICTIONARY_V8,FILTER,EXHAUSTION_EXIT_FILTER_TF,15m,HOOKED_BOTH,True,True,True,False,
FILTER_DICTIONARY_V8,FILTER,EXHAUSTION_EXIT_FILTER_TF,15m,HOOKED_BOTH,True,True,True,False,
FILTER_DICTIONARY_V8,FILTER,EXHAUSTION_EXIT_FILTER_TF,15m,HOOKED_BOTH,True,True,True,False,
FILTER_DICTIONARY_V8,FILTER,EXHAUSTION_EXIT_FILTER_TF,15m,HOOKED_BOTH,True,True,True,False,
FILTER_DICTIONARY_V8,FILTER,EXHAUSTION_EXIT_FILTER_TF,15m,HOOKED_BOTH,True,True,True,False,
FILTER_DICTIONARY_V8,FILTER,EXIT_R1_R2_FILTER_TF,15m,HOOKED_BOTH,True,True,True,False,
FILTER_DICTIONARY_V8,FILTER,EXIT_R1_R2_FILTER_TF,15m,HOOKED_BOTH,True,True,True,False,
FILTER_DICTIONARY_V8,FILTER,EXIT_R1_R2_FILTER_TF,15m,HOOKED_BOTH,True,True,True,False,
FILTER_DICTIONARY_V8,FILTER,EXIT_R1_R2_FILTER_TF,15m,HOOKED_BOTH,True,True,True,False,
FILTER_DICTIONARY_V8,FILTER,EXIT_R1_R2_FILTER_TF,15m,HOOKED_BOTH,True,True,True,False,
FILTER_DICTIONARY_V8,FILTER,EXIT_TIGHT_BREAKOUT_SCORER_FILTER_TF,15m,QUICK_NOT_CAUSAL,False,True,True,False,
FILTER_DICTIONARY_V8,FILTER,EXIT_TIGHT_BREAKOUT_SCORER_FILTER_TF,15m,QUICK_NOT_CAUSAL,False,True,True,False,
FILTER_DICTIONARY_V8,FILTER,EXIT_TIGHT_BREAKOUT_SCORER_FILTER_TF,15m,QUICK_NOT_CAUSAL,False,True,True,False,
FILTER_DICTIONARY_V8,FILTER,EXIT_TIGHT_BREAKOUT_SCORER_FILTER_TF,15m,QUICK_NOT_CAUSAL,False,True,True,False,
FILTER_DICTIONARY_V8,FILTER,EXIT_TIGHT_BREAKOUT_SCORER_FILTER_TF,15m,QUICK_NOT_CAUSAL,False,True,True,False,
FILTER_DICTIONARY_V8,FILTER,EXIT_TOP_FADE_FILTER_TF,15m,QUICK_NOT_CAUSAL,False,True,True,False,
FILTER_DICTIONARY_V8,FILTER,EXIT_TOP_FADE_FILTER_TF,15m,QUICK_NOT_CAUSAL,False,True,True,False,
FILTER_DICTIONARY_V8,FILTER,EXIT_TOP_FADE_FILTER_TF,15m,QUICK_NOT_CAUSAL,False,True,True,False,
FILTER_DICTIONARY_V8,FILTER,EXIT_TOP_FADE_FILTER_TF,15m,QUICK_NOT_CAUSAL,False,True,True,False,
FILTER_DICTIONARY_V8,FILTER,EXIT_TOP_FADE_FILTER_TF,15m,QUICK_NOT_CAUSAL,False,True,True,False,
FILTER_DICTIONARY_V8,FILTER,EXIT_TO_REDUCE_ADAPTER_FILTER_TF,15m,QUICK_NOT_CAUSAL,False,True,True,False,
FILTER_DICTIONARY_V8,FILTER,EXIT_TO_REDUCE_ADAPTER_FILTER_TF,15m,QUICK_NOT_CAUSAL,False,True,True,False,
FILTER_DICTIONARY_V8,FILTER,EXIT_TO_REDUCE_ADAPTER_FILTER_TF,15m,QUICK_NOT_CAUSAL,False,True,True,False,
FILTER_DICTIONARY_V8,FILTER,EXIT_TO_REDUCE_ADAPTER_FILTER_TF,15m,QUICK_NOT_CAUSAL,False,True,True,False,
FILTER_DICTIONARY_V8,FILTER,EXIT_TO_REDUCE_ADAPTER_FILTER_TF,15m,QUICK_NOT_CAUSAL,False,True,True,False,
FILTER_DICTIONARY_V8,FILTER,EZ_MANAGE_THROTTLER_RATE,0.0,HOOKED_BOTH,True,True,True,False,
FILTER_DICTIONARY_V8,FILTER,EZ_MANAGE_THROTTLER_RATE,0.0,HOOKED_BOTH,True,True,True,False,
FILTER_DICTIONARY_V8,FILTER,FAST_RISER_FILTER_TF,15m,QUICK_NOT_CAUSAL,False,True,True,False,
FILTER_DICTIONARY_V8,FILTER,FAST_RISER_FILTER_TF,15m,QUICK_NOT_CAUSAL,False,True,True,False,
FILTER_DICTIONARY_V8,FILTER,FAST_RISER_FILTER_TF,15m,QUICK_NOT_CAUSAL,False,True,True,False,
FILTER_DICTIONARY_V8,FILTER,FAST_RISER_FILTER_TF,15m,QUICK_NOT_CAUSAL,False,True,True,False,
FILTER_DICTIONARY_V8,FILTER,FAST_RISER_FILTER_TF,15m,QUICK_NOT_CAUSAL,False,True,True,False,
FILTER_DICTIONARY_V8,FILTER,FG_FEAR_THRESHOLD,25,HOOKED_BOTH,True,True,True,False,
FILTER_DICTIONARY_V8,FILTER,FG_FEAR_THRESHOLD,25,HOOKED_BOTH,True,True,True,False,
FILTER_DICTIONARY_V8,FILTER,FG_FEAR_THRESHOLD,25,HOOKED_BOTH,True,True,True,False,
FILTER_DICTIONARY_V8,FILTER,FG_FEAR_THRESHOLD,25,HOOKED_BOTH,True,True,True,False,
FILTER_DICTIONARY_V8,FILTER,FG_GREED_THRESHOLD,75,HOOKED_BOTH,True,True,True,False,
FILTER_DICTIONARY_V8,FILTER,FG_GREED_THRESHOLD,75,HOOKED_BOTH,True,True,True,False,
FILTER_DICTIONARY_V8,FILTER,FG_GREED_THRESHOLD,75,HOOKED_BOTH,True,True,True,False,
FILTER_DICTIONARY_V8,FILTER,FG_GREED_THRESHOLD,75,HOOKED_BOTH,True,True,True,False,
FILTER_DICTIONARY_V8,FILTER,FH_MOMENTUM_FILTER_TF,15m,QUICK_NOT_CAUSAL,False,True,True,False,
FILTER_DICTIONARY_V8,FILTER,FH_MOMENTUM_FILTER_TF,15m,QUICK_NOT_CAUSAL,False,True,True,False,
FILTER_DICTIONARY_V8,FILTER,FH_MOMENTUM_FILTER_TF,15m,QUICK_NOT_CAUSAL,False,True,True,False,
FILTER_DICTIONARY_V8,FILTER,FH_MOMENTUM_FILTER_TF,15m,QUICK_NOT_CAUSAL,False,True,True,False,
FILTER_DICTIONARY_V8,FILTER,FH_MOMENTUM_FILTER_TF,15m,QUICK_NOT_CAUSAL,False,True,True,False,
FILTER_DICTIONARY_V8,FILTER,FIRST_OPEN_THROTTLE_FILTER_TF,15m,QUICK_NOT_CAUSAL,False,True,True,False,
FILTER_DICTIONARY_V8,FILTER,FIRST_OPEN_THROTTLE_FILTER_TF,15m,QUICK_NOT_CAUSAL,False,True,True,False,
FILTER_DICTIONARY_V8,FILTER,FIRST_OPEN_THROTTLE_FILTER_TF,15m,QUICK_NOT_CAUSAL,False,True,True,False,
FILTER_DICTIONARY_V8,FILTER,FIRST_OPEN_THROTTLE_FILTER_TF,15m,QUICK_NOT_CAUSAL,False,True,True,False,
FILTER_DICTIONARY_V8,FILTER,FIRST_OPEN_THROTTLE_FILTER_TF,15m,QUICK_NOT_CAUSAL,False,True,True,False,
FILTER_DICTIONARY_V8,FILTER,FROZEN_STOP_FILTER_TF,15m,QUICK_NOT_CAUSAL,False,True,True,False,
FILTER_DICTIONARY_V8,FILTER,FROZEN_STOP_FILTER_TF,15m,QUICK_NOT_CAUSAL,False,True,True,False,
FILTER_DICTIONARY_V8,FILTER,FROZEN_STOP_FILTER_TF,15m,QUICK_NOT_CAUSAL,False,True,True,False,
FILTER_DICTIONARY_V8,FILTER,FROZEN_STOP_FILTER_TF,15m,QUICK_NOT_CAUSAL,False,True,True,False,
FILTER_DICTIONARY_V8,FILTER,FROZEN_STOP_FILTER_TF,15m,QUICK_NOT_CAUSAL,False,True,True,False,
FILTER_DICTIONARY_V8,FILTER,FUNDING_GATE_FILTER_TF,15m,QUICK_NOT_CAUSAL,False,True,True,False,
FILTER_DICTIONARY_V8,FILTER,FUNDING_GATE_FILTER_TF,15m,QUICK_NOT_CAUSAL,False,True,True,False,
FILTER_DICTIONARY_V8,FILTER,FUNDING_GATE_FILTER_TF,15m,QUICK_NOT_CAUSAL,False,True,True,False,
FILTER_DICTIONARY_V8,FILTER,FUNDING_GATE_FILTER_TF,15m,QUICK_NOT_CAUSAL,False,True,True,False,
FILTER_DICTIONARY_V8,FILTER,FUNDING_GATE_FILTER_TF,15m,QUICK_NOT_CAUSAL,False,True,True,False,
FILTER_DICTIONARY_V8,FILTER,FUNDING_GATE_LONG_MAX,0.0,HOOKED_BOTH,True,True,True,False,
FILTER_DICTIONARY_V8,FILTER,FUNDING_GATE_LONG_MAX,0.0,HOOKED_BOTH,True,True,True,False,
FILTER_DICTIONARY_V8,FILTER,FUNDING_GATE_MTF_REQUIRED,0.0,HOOKED_BOTH,True,True,True,False,
FILTER_DICTIONARY_V8,FILTER,FUNDING_GATE_MTF_REQUIRED,0.0,HOOKED_BOTH,True,True,True,False,
FILTER_DICTIONARY_V8,FILTER,FUNDING_GATE_SHORT_MIN,0.0,HOOKED_BOTH,True,True,True,False,
FILTER_DICTIONARY_V8,FILTER,FUNDING_GATE_SHORT_MIN,0.0,HOOKED_BOTH,True,True,True,False,
FILTER_DICTIONARY_V8,FILTER,GOLDEN_RULE_BASE_USD,0.0,QUICK_NOT_CAUSAL,False,True,True,False,
FILTER_DICTIONARY_V8,FILTER,GOLDEN_RULE_BASE_USD,0.0,QUICK_NOT_CAUSAL,False,True,True,False,
FILTER_DICTIONARY_V8,FILTER,GOLDEN_RULE_ENFORCE_FILTER_TF,15m,QUICK_NOT_CAUSAL,False,True,True,False,
FILTER_DICTIONARY_V8,FILTER,GOLDEN_RULE_ENFORCE_FILTER_TF,15m,QUICK_NOT_CAUSAL,False,True,True,False,
FILTER_DICTIONARY_V8,FILTER,GOLDEN_RULE_ENFORCE_FILTER_TF,15m,QUICK_NOT_CAUSAL,False,True,True,False,
FILTER_DICTIONARY_V8,FILTER,GOLDEN_RULE_ENFORCE_FILTER_TF,15m,QUICK_NOT_CAUSAL,False,True,True,False,
FILTER_DICTIONARY_V8,FILTER,GOLDEN_RULE_ENFORCE_FILTER_TF,15m,QUICK_NOT_CAUSAL,False,True,True,False,
FILTER_DICTIONARY_V8,FILTER,GOLDEN_RULE_HTF_VOTE_FILTER_TF,15m,QUICK_NOT_CAUSAL,False,True,True,False,
FILTER_DICTIONARY_V8,FILTER,GOLDEN_RULE_HTF_VOTE_FILTER_TF,15m,QUICK_NOT_CAUSAL,False,True,True,False,
FILTER_DICTIONARY_V8,FILTER,GOLDEN_RULE_HTF_VOTE_FILTER_TF,15m,QUICK_NOT_CAUSAL,False,True,True,False,
FILTER_DICTIONARY_V8,FILTER,GOLDEN_RULE_HTF_VOTE_FILTER_TF,15m,QUICK_NOT_CAUSAL,False,True,True,False,
FILTER_DICTIONARY_V8,FILTER,GOLDEN_RULE_HTF_VOTE_FILTER_TF,15m,QUICK_NOT_CAUSAL,False,True,True,False,
FILTER_DICTIONARY_V8,FILTER,GR_FILTER_ALL_ENTRIES,0.0,QUICK_NOT_CAUSAL,False,True,True,False,
FILTER_DICTIONARY_V8,FILTER,GR_FILTER_ALL_ENTRIES,0.0,QUICK_NOT_CAUSAL,False,True,True,False,
FILTER_DICTIONARY_V8,FILTER,GR_FILTER_VEC_ENABLED,False,QUICK_NOT_CAUSAL,False,True,True,False,
FILTER_DICTIONARY_V8,FILTER,GR_FILTER_VEC_ENABLED,False,QUICK_NOT_CAUSAL,False,True,True,False,
FILTER_DICTIONARY_V8,FILTER,GR_FILTER_VEC_FILTER_TF,15m,QUICK_NOT_CAUSAL,False,True,True,False,
FILTER_DICTIONARY_V8,FILTER,GR_FILTER_VEC_FILTER_TF,15m,QUICK_NOT_CAUSAL,False,True,True,False,
FILTER_DICTIONARY_V8,FILTER,GR_FILTER_VEC_FILTER_TF,15m,QUICK_NOT_CAUSAL,False,True,True,False,
FILTER_DICTIONARY_V8,FILTER,GR_FILTER_VEC_FILTER_TF,15m,QUICK_NOT_CAUSAL,False,True,True,False,
FILTER_DICTIONARY_V8,FILTER,GR_FILTER_VEC_FILTER_TF,15m,QUICK_NOT_CAUSAL,False,True,True,False,
FILTER_DICTIONARY_V8,FILTER,GR_FILTER_VEC_MIN_TFS,0.0,QUICK_NOT_CAUSAL,False,True,True,False,
FILTER_DICTIONARY_V8,FILTER,GR_FILTER_VEC_MIN_TFS,0.0,QUICK_NOT_CAUSAL,False,True,True,False,
FILTER_DICTIONARY_V8,FILTER,GR_FILTER_VEC_MIN_TFS,0.0,QUICK_NOT_CAUSAL,False,True,True,False,
FILTER_DICTIONARY_V8,FILTER,GR_V5_STATE_FILTER_TF,15m,QUICK_NOT_CAUSAL,False,True,True,False,
FILTER_DICTIONARY_V8,FILTER,GR_V5_STATE_FILTER_TF,15m,QUICK_NOT_CAUSAL,False,True,True,False,
FILTER_DICTIONARY_V8,FILTER,GR_V5_STATE_FILTER_TF,15m,QUICK_NOT_CAUSAL,False,True,True,False,
FILTER_DICTIONARY_V8,FILTER,GR_V5_STATE_FILTER_TF,15m,QUICK_NOT_CAUSAL,False,True,True,False,
FILTER_DICTIONARY_V8,FILTER,GR_V5_STATE_FILTER_TF,15m,QUICK_NOT_CAUSAL,False,True,True,False,
FILTER_DICTIONARY_V8,FILTER,HAIKU_WINNER_FILTER_TF,15m,QUICK_NOT_CAUSAL,False,True,True,False,
FILTER_DICTIONARY_V8,FILTER,HAIKU_WINNER_FILTER_TF,15m,QUICK_NOT_CAUSAL,False,True,True,False,
FILTER_DICTIONARY_V8,FILTER,HAIKU_WINNER_FILTER_TF,15m,QUICK_NOT_CAUSAL,False,True,True,False,
FILTER_DICTIONARY_V8,FILTER,HAIKU_WINNER_FILTER_TF,15m,QUICK_NOT_CAUSAL,False,True,True,False,
FILTER_DICTIONARY_V8,FILTER,HAIKU_WINNER_FILTER_TF,15m,QUICK_NOT_CAUSAL,False,True,True,False,
FILTER_DICTIONARY_V8,FILTER,HA_WICK_QUALITY_ENABLED,False,QUICK_NOT_CAUSAL,False,True,True,False,
FILTER_DICTIONARY_V8,FILTER,HA_WICK_QUALITY_ENABLED,False,QUICK_NOT_CAUSAL,False,True,True,False,
FILTER_DICTIONARY_V8,FILTER,HA_WICK_QUALITY_SCORE,15,QUICK_NOT_CAUSAL,False,True,True,False,
FILTER_DICTIONARY_V8,FILTER,HA_WICK_QUALITY_SCORE,15,QUICK_NOT_CAUSAL,False,True,True,False,
FILTER_DICTIONARY_V8,FILTER,HA_WICK_QUALITY_TF,1h,QUICK_NOT_CAUSAL,False,True,True,False,
FILTER_DICTIONARY_V8,FILTER,HA_WICK_QUALITY_TF,1h,QUICK_NOT_CAUSAL,False,True,True,False,
FILTER_DICTIONARY_V8,FILTER,HA_WICK_QUALITY_TF,1h,QUICK_NOT_CAUSAL,False,True,True,False,
FILTER_DICTIONARY_V8,FILTER,HA_WICK_QUALITY_TF,1h,QUICK_NOT_CAUSAL,False,True,True,False,
FILTER_DICTIONARY_V8,FILTER,HA_WICK_QUALITY_TF,1h,QUICK_NOT_CAUSAL,False,True,True,False,
FILTER_DICTIONARY_V8,FILTER,HLR_SMA_BAND_PCT,0.0,HOOKED_BOTH,True,True,True,False,
FILTER_DICTIONARY_V8,FILTER,HLR_SMA_BAND_PCT,0.0,HOOKED_BOTH,True,True,True,False,
FILTER_DICTIONARY_V8,FILTER,HLR_SMA_BAND_PCT,0.0,HOOKED_BOTH,True,True,True,False,
FILTER_DICTIONARY_V8,FILTER,HLR_SMA_BAND_PCT,0.0,HOOKED_BOTH,True,True,True,False,
FILTER_DICTIONARY_V8,FILTER,HLR_TOP_MIN_TFS,0.0,HOOKED_BOTH,True,True,True,False,
FILTER_DICTIONARY_V8,FILTER,HLR_TOP_MIN_TFS,0.0,HOOKED_BOTH,True,True,True,False,
FILTER_DICTIONARY_V8,FILTER,HLR_TOP_MIN_TFS,0.0,HOOKED_BOTH,True,True,True,False,
FILTER_DICTIONARY_V8,FILTER,HTF4_CONF,False,HOOKED_BOTH,True,True,True,False,
FILTER_DICTIONARY_V8,FILTER,HTF4_CONF,False,HOOKED_BOTH,True,True,True,False,
FILTER_DICTIONARY_V8,FILTER,HTF_DIRECTION_GATE_ENABLED,False,QUICK_NOT_CAUSAL,False,True,True,False,
FILTER_DICTIONARY_V8,FILTER,HTF_DIRECTION_GATE_ENABLED,False,QUICK_NOT_CAUSAL,False,True,True,False,
FILTER_DICTIONARY_V8,FILTER,HTF_GATE_BYPASS_RZ,0.0,HOOKED_BOTH,True,True,True,False,
FILTER_DICTIONARY_V8,FILTER,HTF_GATE_BYPASS_RZ,0.0,HOOKED_BOTH,True,True,True,False,
FILTER_DICTIONARY_V8,FILTER,HTF_GATE_D_MANDATORY,0.0,HOOKED_BOTH,True,True,True,False,
FILTER_DICTIONARY_V8,FILTER,HTF_GATE_D_MANDATORY,0.0,HOOKED_BOTH,True,True,True,False,
FILTER_DICTIONARY_V8,FILTER,HTF_GATE_MIN_CONFIRMATIONS,0.0,HOOKED_BOTH,True,True,True,False,
FILTER_DICTIONARY_V8,FILTER,HTF_GATE_MIN_CONFIRMATIONS,0.0,HOOKED_BOTH,True,True,True,False,
FILTER_DICTIONARY_V8,FILTER,HTF_TREND_VETO_BYPASS_ENABLED,False,QUICK_NOT_CAUSAL,False,True,True,False,
FILTER_DICTIONARY_V8,FILTER,HTF_TREND_VETO_BYPASS_ENABLED,False,QUICK_NOT_CAUSAL,False,True,True,False,
FILTER_DICTIONARY_V8,FILTER,HTF_TREND_VETO_BYPASS_REASONS,0.0,HOOKED_BOTH,True,True,True,False,
FILTER_DICTIONARY_V8,FILTER,HTF_TREND_VETO_BYPASS_REASONS,0.0,HOOKED_BOTH,True,True,True,False,
FILTER_DICTIONARY_V8,FILTER,KILLER_KNOB_FINDER_FILTER_TF,15m,QUICK_NOT_CAUSAL,False,True,True,False,
FILTER_DICTIONARY_V8,FILTER,KILLER_KNOB_FINDER_FILTER_TF,15m,QUICK_NOT_CAUSAL,False,True,True,False,
FILTER_DICTIONARY_V8,FILTER,KILLER_KNOB_FINDER_FILTER_TF,15m,QUICK_NOT_CAUSAL,False,True,True,False,
FILTER_DICTIONARY_V8,FILTER,KILLER_KNOB_FINDER_FILTER_TF,15m,QUICK_NOT_CAUSAL,False,True,True,False,
FILTER_DICTIONARY_V8,FILTER,KILLER_KNOB_FINDER_FILTER_TF,15m,QUICK_NOT_CAUSAL,False,True,True,False,
FILTER_DICTIONARY_V8,FILTER,LEADERBOARD_FILTER,False,HOOKED_BOTH,True,True,True,False,
FILTER_DICTIONARY_V8,FILTER,LEADERBOARD_FILTER,False,HOOKED_BOTH,True,True,True,False,
FILTER_DICTIONARY_V8,FILTER,LH_HL_FILTER_ENABLED,False,QUICK_NOT_CAUSAL,False,True,True,False,
FILTER_DICTIONARY_V8,FILTER,LH_HL_FILTER_ENABLED,False,QUICK_NOT_CAUSAL,False,True,True,False,
FILTER_DICTIONARY_V8,FILTER,LH_HL_FILTER_MODE,STRICT_2BAR,QUICK_NOT_CAUSAL,False,True,True,False,
FILTER_DICTIONARY_V8,FILTER,LH_HL_FILTER_MODE,STRICT_2BAR,QUICK_NOT_CAUSAL,False,True,True,False,
FILTER_DICTIONARY_V8,FILTER,LH_HL_FILTER_REQUIRE_BOTH,False,QUICK_NOT_CAUSAL,False,True,True,False,
FILTER_DICTIONARY_V8,FILTER,LH_HL_FILTER_REQUIRE_BOTH,False,QUICK_NOT_CAUSAL,False,True,True,False,
FILTER_DICTIONARY_V8,FILTER,LH_HL_FILTER_TF_REQ,2,QUICK_NOT_CAUSAL,False,True,True,False,
FILTER_DICTIONARY_V8,FILTER,LH_HL_FILTER_TF_REQ,2,QUICK_NOT_CAUSAL,False,True,True,False,
FILTER_DICTIONARY_V8,FILTER,LIVE_ENTRY_ENGINE_FILTER_TF,15m,QUICK_NOT_CAUSAL,False,True,True,False,
FILTER_DICTIONARY_V8,FILTER,LIVE_ENTRY_ENGINE_FILTER_TF,15m,QUICK_NOT_CAUSAL,False,True,True,False,
FILTER_DICTIONARY_V8,FILTER,LIVE_ENTRY_ENGINE_FILTER_TF,15m,QUICK_NOT_CAUSAL,False,True,True,False,
FILTER_DICTIONARY_V8,FILTER,LIVE_ENTRY_ENGINE_FILTER_TF,15m,QUICK_NOT_CAUSAL,False,True,True,False,
FILTER_DICTIONARY_V8,FILTER,LIVE_ENTRY_ENGINE_FILTER_TF,15m,QUICK_NOT_CAUSAL,False,True,True,False,
FILTER_DICTIONARY_V8,FILTER,LIVE_ONLY_SIGNALS_BATCH5_FILTER_TF,15m,QUICK_NOT_CAUSAL,False,True,True,False,
FILTER_DICTIONARY_V8,FILTER,LIVE_ONLY_SIGNALS_BATCH5_FILTER_TF,15m,QUICK_NOT_CAUSAL,False,True,True,False,
FILTER_DICTIONARY_V8,FILTER,LIVE_ONLY_SIGNALS_BATCH5_FILTER_TF,15m,QUICK_NOT_CAUSAL,False,True,True,False,
FILTER_DICTIONARY_V8,FILTER,LIVE_ONLY_SIGNALS_BATCH5_FILTER_TF,15m,QUICK_NOT_CAUSAL,False,True,True,False,
FILTER_DICTIONARY_V8,FILTER,LIVE_ONLY_SIGNALS_BATCH5_FILTER_TF,15m,QUICK_NOT_CAUSAL,False,True,True,False,
FILTER_DICTIONARY_V8,FILTER,LIVE_VEC_EMERGENCY_BRAKE_ENABLED,False,QUICK_NOT_CAUSAL,False,True,True,False,
FILTER_DICTIONARY_V8,FILTER,LIVE_VEC_EMERGENCY_BRAKE_ENABLED,False,QUICK_NOT_CAUSAL,False,True,True,False,
FILTER_DICTIONARY_V8,FILTER,LR_BAND_LADDER_STOCH_EXTREME,30.0,QUICK_NOT_CAUSAL,False,True,True,False,
FILTER_DICTIONARY_V8,FILTER,LR_BAND_LADDER_STOCH_EXTREME,30.0,QUICK_NOT_CAUSAL,False,True,True,False,
FILTER_DICTIONARY_V8,FILTER,LR_BAND_LADDER_TF_BOTTOM,nan,QUICK_NOT_CAUSAL,False,True,True,False,
FILTER_DICTIONARY_V8,FILTER,LR_BAND_LADDER_TF_BOTTOM,nan,QUICK_NOT_CAUSAL,False,True,True,False,
FILTER_DICTIONARY_V8,FILTER,LR_BAND_LADDER_TF_TOP,nan,QUICK_NOT_CAUSAL,False,True,True,False,
FILTER_DICTIONARY_V8,FILTER,LR_BAND_LADDER_TF_TOP,nan,QUICK_NOT_CAUSAL,False,True,True,False,
FILTER_DICTIONARY_V8,FILTER,MANDATORY_REENTRY_WT_FILTER_MIN_TFS,1,QUICK_NOT_CAUSAL,False,True,True,False,
FILTER_DICTIONARY_V8,FILTER,MANDATORY_REENTRY_WT_FILTER_MIN_TFS,1,QUICK_NOT_CAUSAL,False,True,True,False,
FILTER_DICTIONARY_V8,FILTER,MANDATORY_REENTRY_WT_FILTER_MIN_TFS,1,QUICK_NOT_CAUSAL,False,True,True,False,
FILTER_DICTIONARY_V8,FILTER,MANDATORY_REENTRY_WT_FILTER_MIN_VELOCITY,0.0,QUICK_NOT_CAUSAL,False,True,True,False,
FILTER_DICTIONARY_V8,FILTER,MANDATORY_REENTRY_WT_FILTER_MIN_VELOCITY,0.0,QUICK_NOT_CAUSAL,False,True,True,False,
FILTER_DICTIONARY_V8,FILTER,MANDATORY_REENTRY_WT_FILTER_REQUIRE_FLIP,False,QUICK_NOT_CAUSAL,False,True,True,False,
FILTER_DICTIONARY_V8,FILTER,MANDATORY_REENTRY_WT_FILTER_REQUIRE_FLIP,False,QUICK_NOT_CAUSAL,False,True,True,False,
FILTER_DICTIONARY_V8,FILTER,MANDATORY_REENTRY_WT_FILTER_TF_MODE,15m_only,QUICK_NOT_CAUSAL,False,True,True,False,
FILTER_DICTIONARY_V8,FILTER,MANDATORY_REENTRY_WT_FILTER_TF_MODE,15m_only,QUICK_NOT_CAUSAL,False,True,True,False,
FILTER_DICTIONARY_V8,FILTER,MANDATORY_REENTRY_WT_FILTER_VELOCITY_RATIO,0.90,QUICK_NOT_CAUSAL,False,True,True,False,
FILTER_DICTIONARY_V8,FILTER,MANDATORY_REENTRY_WT_FILTER_VELOCITY_RATIO,0.90,QUICK_NOT_CAUSAL,False,True,True,False,
FILTER_DICTIONARY_V8,FILTER,MARKET_QUALITY_SCORE_ENABLED,False,QUICK_NOT_CAUSAL,False,True,True,False,
FILTER_DICTIONARY_V8,FILTER,MARKET_QUALITY_SCORE_ENABLED,False,QUICK_NOT_CAUSAL,False,True,True,False,
FILTER_DICTIONARY_V8,FILTER,MI_TF_AGREE_MIN,0.0,QUICK_NOT_CAUSAL,False,True,True,False,
FILTER_DICTIONARY_V8,FILTER,MI_TF_AGREE_MIN,0.0,QUICK_NOT_CAUSAL,False,True,True,False,
FILTER_DICTIONARY_V8,FILTER,MOM3_FILTER_TF,15m,QUICK_NOT_CAUSAL,False,True,True,False,
FILTER_DICTIONARY_V8,FILTER,MOM3_FILTER_TF,15m,QUICK_NOT_CAUSAL,False,True,True,False,
FILTER_DICTIONARY_V8,FILTER,MOM3_FILTER_TF,15m,QUICK_NOT_CAUSAL,False,True,True,False,
FILTER_DICTIONARY_V8,FILTER,MOM3_FILTER_TF,15m,QUICK_NOT_CAUSAL,False,True,True,False,
FILTER_DICTIONARY_V8,FILTER,MOM3_FILTER_TF,15m,QUICK_NOT_CAUSAL,False,True,True,False,
FILTER_DICTIONARY_V8,FILTER,MOMENTUM_BREAKOUT_FILTER_TF,15m,QUICK_NOT_CAUSAL,False,True,True,False,
FILTER_DICTIONARY_V8,FILTER,MOMENTUM_BREAKOUT_FILTER_TF,15m,QUICK_NOT_CAUSAL,False,True,True,False,
FILTER_DICTIONARY_V8,FILTER,MOMENTUM_BREAKOUT_FILTER_TF,15m,QUICK_NOT_CAUSAL,False,True,True,False,
FILTER_DICTIONARY_V8,FILTER,MOMENTUM_BREAKOUT_FILTER_TF,15m,QUICK_NOT_CAUSAL,False,True,True,False,
FILTER_DICTIONARY_V8,FILTER,MOMENTUM_BREAKOUT_FILTER_TF,15m,QUICK_NOT_CAUSAL,False,True,True,False,
FILTER_DICTIONARY_V8,FILTER,MOVER_THRESHOLD,5.0,QUICK_NOT_CAUSAL,False,True,True,False,
FILTER_DICTIONARY_V8,FILTER,MOVER_THRESHOLD,5.0,QUICK_NOT_CAUSAL,False,True,True,False,
FILTER_DICTIONARY_V8,FILTER,MOVER_THRESHOLD,5.0,QUICK_NOT_CAUSAL,False,True,True,False,
FILTER_DICTIONARY_V8,FILTER,MOVER_THRESHOLD,5.0,QUICK_NOT_CAUSAL,False,True,True,False,
FILTER_DICTIONARY_V8,FILTER,MTF_ARMED_ENTRIES_FILTER_TF,15m,QUICK_NOT_CAUSAL,False,True,True,False,
FILTER_DICTIONARY_V8,FILTER,MTF_ARMED_ENTRIES_FILTER_TF,15m,QUICK_NOT_CAUSAL,False,True,True,False,
FILTER_DICTIONARY_V8,FILTER,MTF_ARMED_ENTRIES_FILTER_TF,15m,QUICK_NOT_CAUSAL,False,True,True,False,
FILTER_DICTIONARY_V8,FILTER,MTF_ARMED_ENTRIES_FILTER_TF,15m,QUICK_NOT_CAUSAL,False,True,True,False,
FILTER_DICTIONARY_V8,FILTER,MTF_ARMED_ENTRIES_FILTER_TF,15m,QUICK_NOT_CAUSAL,False,True,True,False,
FILTER_DICTIONARY_V8,FILTER,MTF_ATR_TRAIL_FILTER_TF,15m,QUICK_NOT_CAUSAL,False,True,True,False,
FILTER_DICTIONARY_V8,FILTER,MTF_ATR_TRAIL_FILTER_TF,15m,QUICK_NOT_CAUSAL,False,True,True,False,
FILTER_DICTIONARY_V8,FILTER,MTF_ATR_TRAIL_FILTER_TF,15m,QUICK_NOT_CAUSAL,False,True,True,False,
FILTER_DICTIONARY_V8,FILTER,MTF_ATR_TRAIL_FILTER_TF,15m,QUICK_NOT_CAUSAL,False,True,True,False,
FILTER_DICTIONARY_V8,FILTER,MTF_ATR_TRAIL_FILTER_TF,15m,QUICK_NOT_CAUSAL,False,True,True,False,
FILTER_DICTIONARY_V8,FILTER,MTF_DC_REJECT_FILTER_TF,15m,QUICK_NOT_CAUSAL,False,True,True,False,
FILTER_DICTIONARY_V8,FILTER,MTF_DC_REJECT_FILTER_TF,15m,QUICK_NOT_CAUSAL,False,True,True,False,
FILTER_DICTIONARY_V8,FILTER,MTF_DC_REJECT_FILTER_TF,15m,QUICK_NOT_CAUSAL,False,True,True,False,
FILTER_DICTIONARY_V8,FILTER,MTF_DC_REJECT_FILTER_TF,15m,QUICK_NOT_CAUSAL,False,True,True,False,
FILTER_DICTIONARY_V8,FILTER,MTF_DC_REJECT_FILTER_TF,15m,QUICK_NOT_CAUSAL,False,True,True,False,
FILTER_DICTIONARY_V8,FILTER,MTF_FILTER_STRONG_BUY_QUICK_BYPASS,0.0,QUICK_NOT_CAUSAL,False,True,True,False,
FILTER_DICTIONARY_V8,FILTER,MTF_FILTER_STRONG_BUY_QUICK_BYPASS,0.0,QUICK_NOT_CAUSAL,False,True,True,False,
FILTER_DICTIONARY_V8,FILTER,MTF_GR_MIN_IND,5,QUICK_NOT_CAUSAL,False,True,True,False,
FILTER_DICTIONARY_V8,FILTER,MTF_GR_MIN_IND,5,QUICK_NOT_CAUSAL,False,True,True,False,
FILTER_DICTIONARY_V8,FILTER,MTS_BOTTOM_BONUS_THRESHOLD,25.0,QUICK_NOT_CAUSAL,False,True,True,False,
FILTER_DICTIONARY_V8,FILTER,MTS_BOTTOM_BONUS_THRESHOLD,25.0,QUICK_NOT_CAUSAL,False,True,True,False,
FILTER_DICTIONARY_V8,FILTER,MTS_BOTTOM_BONUS_THRESHOLD,25.0,QUICK_NOT_CAUSAL,False,True,True,False,
FILTER_DICTIONARY_V8,FILTER,MTS_BOTTOM_BONUS_THRESHOLD,25.0,QUICK_NOT_CAUSAL,False,True,True,False,
FILTER_DICTIONARY_V8,FILTER,MTS_BOTTOM_STRONG_THRESHOLD,40.0,QUICK_NOT_CAUSAL,False,True,True,False,
FILTER_DICTIONARY_V8,FILTER,MTS_BOTTOM_STRONG_THRESHOLD,40.0,QUICK_NOT_CAUSAL,False,True,True,False,
FILTER_DICTIONARY_V8,FILTER,MTS_BOTTOM_STRONG_THRESHOLD,40.0,QUICK_NOT_CAUSAL,False,True,True,False,
FILTER_DICTIONARY_V8,FILTER,MTS_BOTTOM_STRONG_THRESHOLD,40.0,QUICK_NOT_CAUSAL,False,True,True,False,
FILTER_DICTIONARY_V8,FILTER,MTS_GATE_ENABLED,False,QUICK_NOT_CAUSAL,False,True,True,False,
FILTER_DICTIONARY_V8,FILTER,MTS_GATE_ENABLED,False,QUICK_NOT_CAUSAL,False,True,True,False,
FILTER_DICTIONARY_V8,FILTER,NEWBORN_LOSS_KILL_FILTER_TF,15m,QUICK_NOT_CAUSAL,False,True,True,False,
FILTER_DICTIONARY_V8,FILTER,NEWBORN_LOSS_KILL_FILTER_TF,15m,QUICK_NOT_CAUSAL,False,True,True,False,
FILTER_DICTIONARY_V8,FILTER,NEWBORN_LOSS_KILL_FILTER_TF,15m,QUICK_NOT_CAUSAL,False,True,True,False,
FILTER_DICTIONARY_V8,FILTER,NEWBORN_LOSS_KILL_FILTER_TF,15m,QUICK_NOT_CAUSAL,False,True,True,False,
FILTER_DICTIONARY_V8,FILTER,NEWBORN_LOSS_KILL_FILTER_TF,15m,QUICK_NOT_CAUSAL,False,True,True,False,
FILTER_DICTIONARY_V8,FILTER,NEWBORN_LOSS_KILL_GAIN_THRESHOLD_PCT,0.0,QUICK_NOT_CAUSAL,False,True,True,False,
FILTER_DICTIONARY_V8,FILTER,NEWBORN_LOSS_KILL_GAIN_THRESHOLD_PCT,0.0,QUICK_NOT_CAUSAL,False,True,True,False,
FILTER_DICTIONARY_V8,FILTER,NEWBORN_LOSS_KILL_GAIN_THRESHOLD_PCT,0.0,QUICK_NOT_CAUSAL,False,True,True,False,
FILTER_DICTIONARY_V8,FILTER,NEWBORN_LOSS_KILL_GAIN_THRESHOLD_PCT,0.0,QUICK_NOT_CAUSAL,False,True,True,False,
FILTER_DICTIONARY_V8,FILTER,NEWBORN_LOSS_KILL_REQUIRE_VEL_AGAINST,0.0,QUICK_NOT_CAUSAL,False,True,True,False,
FILTER_DICTIONARY_V8,FILTER,NEWBORN_LOSS_KILL_REQUIRE_VEL_AGAINST,0.0,QUICK_NOT_CAUSAL,False,True,True,False,
FILTER_DICTIONARY_V8,FILTER,NEWBORN_PROTECT_FILTER_TF,15m,QUICK_NOT_CAUSAL,False,True,True,False,
FILTER_DICTIONARY_V8,FILTER,NEWBORN_PROTECT_FILTER_TF,15m,QUICK_NOT_CAUSAL,False,True,True,False,
FILTER_DICTIONARY_V8,FILTER,NEWBORN_PROTECT_FILTER_TF,15m,QUICK_NOT_CAUSAL,False,True,True,False,
FILTER_DICTIONARY_V8,FILTER,NEWBORN_PROTECT_FILTER_TF,15m,QUICK_NOT_CAUSAL,False,True,True,False,
FILTER_DICTIONARY_V8,FILTER,NEWBORN_PROTECT_FILTER_TF,15m,QUICK_NOT_CAUSAL,False,True,True,False,
FILTER_DICTIONARY_V8,FILTER,NEW_POSITION_MAX_LOSS_THRESHOLD,0.0,QUICK_NOT_CAUSAL,False,True,True,False,
FILTER_DICTIONARY_V8,FILTER,NEW_POSITION_MAX_LOSS_THRESHOLD,0.0,QUICK_NOT_CAUSAL,False,True,True,False,
FILTER_DICTIONARY_V8,FILTER,NEW_POSITION_MAX_LOSS_THRESHOLD,0.0,QUICK_NOT_CAUSAL,False,True,True,False,
FILTER_DICTIONARY_V8,FILTER,NEW_POSITION_MAX_LOSS_THRESHOLD,0.0,QUICK_NOT_CAUSAL,False,True,True,False,
FILTER_DICTIONARY_V8,FILTER,NOLOSS_BYPASS_WT5OF5_FILTER_TF,15m,QUICK_NOT_CAUSAL,False,True,True,False,
FILTER_DICTIONARY_V8,FILTER,NOLOSS_BYPASS_WT5OF5_FILTER_TF,15m,QUICK_NOT_CAUSAL,False,True,True,False,
FILTER_DICTIONARY_V8,FILTER,NOLOSS_BYPASS_WT5OF5_FILTER_TF,15m,QUICK_NOT_CAUSAL,False,True,True,False,
FILTER_DICTIONARY_V8,FILTER,NOLOSS_BYPASS_WT5OF5_FILTER_TF,15m,QUICK_NOT_CAUSAL,False,True,True,False,
FILTER_DICTIONARY_V8,FILTER,NOLOSS_BYPASS_WT5OF5_FILTER_TF,15m,QUICK_NOT_CAUSAL,False,True,True,False,
FILTER_DICTIONARY_V8,FILTER,OI_CONFIRM_ENABLED,False,QUICK_NOT_CAUSAL,False,True,True,False,
FILTER_DICTIONARY_V8,FILTER,OI_CONFIRM_ENABLED,False,QUICK_NOT_CAUSAL,False,True,True,False,
FILTER_DICTIONARY_V8,FILTER,OI_CONFIRM_MIN_CHANGE_PCT,0.0,QUICK_NOT_CAUSAL,False,True,True,False,
FILTER_DICTIONARY_V8,FILTER,OI_CONFIRM_MIN_CHANGE_PCT,0.0,QUICK_NOT_CAUSAL,False,True,True,False,
FILTER_DICTIONARY_V8,FILTER,OI_CONFIRM_MIN_CHANGE_PCT,0.0,QUICK_NOT_CAUSAL,False,True,True,False,
FILTER_DICTIONARY_V8,FILTER,OI_CONFIRM_MIN_CHANGE_PCT,0.0,QUICK_NOT_CAUSAL,False,True,True,False,
FILTER_DICTIONARY_V8,FILTER,OI_CONFIRM_MIN_PRICE_PCT,0.0,QUICK_NOT_CAUSAL,False,True,True,False,
FILTER_DICTIONARY_V8,FILTER,OI_CONFIRM_MIN_PRICE_PCT,0.0,QUICK_NOT_CAUSAL,False,True,True,False,
FILTER_DICTIONARY_V8,FILTER,OI_CONFIRM_MIN_PRICE_PCT,0.0,QUICK_NOT_CAUSAL,False,True,True,False,
FILTER_DICTIONARY_V8,FILTER,OI_CONFIRM_MIN_PRICE_PCT,0.0,QUICK_NOT_CAUSAL,False,True,True,False,
FILTER_DICTIONARY_V8,FILTER,OPEN_INTENT_SIZE_GATES_FILTER_TF,15m,QUICK_NOT_CAUSAL,False,True,True,False,
FILTER_DICTIONARY_V8,FILTER,OPEN_INTENT_SIZE_GATES_FILTER_TF,15m,QUICK_NOT_CAUSAL,False,True,True,False,
FILTER_DICTIONARY_V8,FILTER,OPEN_INTENT_SIZE_GATES_FILTER_TF,15m,QUICK_NOT_CAUSAL,False,True,True,False,
FILTER_DICTIONARY_V8,FILTER,OPEN_INTENT_SIZE_GATES_FILTER_TF,15m,QUICK_NOT_CAUSAL,False,True,True,False,
FILTER_DICTIONARY_V8,FILTER,OPEN_INTENT_SIZE_GATES_FILTER_TF,15m,QUICK_NOT_CAUSAL,False,True,True,False,
FILTER_DICTIONARY_V8,FILTER,PARTIAL_PROFIT_LOCK_V2_FILTER_TF,15m,QUICK_NOT_CAUSAL,False,True,True,False,
FILTER_DICTIONARY_V8,FILTER,PARTIAL_PROFIT_LOCK_V2_FILTER_TF,15m,QUICK_NOT_CAUSAL,False,True,True,False,
FILTER_DICTIONARY_V8,FILTER,PARTIAL_PROFIT_LOCK_V2_FILTER_TF,15m,QUICK_NOT_CAUSAL,False,True,True,False,
FILTER_DICTIONARY_V8,FILTER,PARTIAL_PROFIT_LOCK_V2_FILTER_TF,15m,QUICK_NOT_CAUSAL,False,True,True,False,
FILTER_DICTIONARY_V8,FILTER,PARTIAL_PROFIT_LOCK_V2_FILTER_TF,15m,QUICK_NOT_CAUSAL,False,True,True,False,
FILTER_DICTIONARY_V8,FILTER,PEAK_GIVEBACK_BE_EROSION_FILTER_TF,15m,QUICK_NOT_CAUSAL,False,True,True,False,
FILTER_DICTIONARY_V8,FILTER,PEAK_GIVEBACK_BE_EROSION_FILTER_TF,15m,QUICK_NOT_CAUSAL,False,True,True,False,
FILTER_DICTIONARY_V8,FILTER,PEAK_GIVEBACK_BE_EROSION_FILTER_TF,15m,QUICK_NOT_CAUSAL,False,True,True,False,
FILTER_DICTIONARY_V8,FILTER,PEAK_GIVEBACK_BE_EROSION_FILTER_TF,15m,QUICK_NOT_CAUSAL,False,True,True,False,
FILTER_DICTIONARY_V8,FILTER,PEAK_GIVEBACK_BE_EROSION_FILTER_TF,15m,QUICK_NOT_CAUSAL,False,True,True,False,
FILTER_DICTIONARY_V8,FILTER,SCALP_V3_ENTRY_K_15M_MAX,nan,NOT_DECLARED_IN_QUICK,False,True,False,False,
FILTER_DICTIONARY_V8,FILTER,SCALP_V3_ENTRY_K_15M_MAX,nan,NOT_DECLARED_IN_QUICK,False,True,False,False,
FILTER_DICTIONARY_V8,FILTER,WT_1M_FILTER_TF,nan,,,,,,
FILTER_DICTIONARY_V8,FILTER,WT_1M_FILTER_TF,nan,,,,,,
FILTER_DICTIONARY_V8,FILTER,BB_15M_FILTER_TF,nan,,,,,,
FILTER_DICTIONARY_V8,FILTER,BB_15M_FILTER_TF,nan,,,,,,
FILTER_DICTIONARY_V8,FILTER,WT_15M_BOUNCE_BB_MIN,nan,HOOKED_BOTH,True,True,True,False,
FILTER_DICTIONARY_V8,FILTER,WT_15M_BOUNCE_BB_MIN,nan,HOOKED_BOTH,True,True,True,False,
FILTER_DICTIONARY_V8,FILTER,WT_15M_BOUNCE_BB_MIN,nan,HOOKED_BOTH,True,True,True,False,
FILTER_DICTIONARY_V8,FILTER,WT_15M_BOUNCE_BB_MAX,nan,HOOKED_BOTH,True,True,True,False,
FILTER_DICTIONARY_V8,FILTER,WT_15M_BOUNCE_BB_MAX,nan,HOOKED_BOTH,True,True,True,False,
FILTER_DICTIONARY_V8,FILTER,WT_15M_BOUNCE_BB_MAX,nan,HOOKED_BOTH,True,True,True,False,
FILTER_DICTIONARY_V8,FILTER,WT_15M_BOUNCE_LOW_1H_GT_PREV,nan,V12_NOT_HOOKED,True,False,True,False,
FILTER_DICTIONARY_V8,FILTER,WT_15M_BOUNCE_LOW_1H_GT_PREV,nan,V12_NOT_HOOKED,True,False,True,False,
FILTER_DICTIONARY_V8,FILTER,WT_15M_BOUNCE_HIGH_1H_GT_PREV,nan,V12_NOT_HOOKED,True,False,True,False,
FILTER_DICTIONARY_V8,FILTER,WT_15M_BOUNCE_HIGH_1H_GT_PREV,nan,V12_NOT_HOOKED,True,False,True,False,
FILTER_DICTIONARY_V8,FILTER,WT_15M_BOUNCE_REL_VOL_GT_1,nan,V12_NOT_HOOKED,True,False,True,False,
FILTER_DICTIONARY_V8,FILTER,WT_15M_BOUNCE_REL_VOL_GT_1,nan,V12_NOT_HOOKED,True,False,True,False,
