Switch,Scope,Scope_Reason,Verdict,Reason,Groups,Source_Sheets,Declared_Quick,Read_Quick,Read_Wide,Read_Scalar,Read_Live_Crypto,Read_Live_Stock,Timeframe,TF_Param,Value,Moves_Reference,Delta_vs_BH,Reference_Delta_vs_BH,Marginal_Delta,Gain_Pct,Trades,TIM_Pct,Max_DD_Pct,Pool_Sharpe,Behavior_Fingerprint,Reference_Fingerprint,Valid,Invalid_Reason,Applied_Overrides_JSON
K_ZONE_ENTRY_ENABLED_TRADIER,STRATEGY_CAUSAL,declared strategy/catalog/live-path setting,PASS,all applicable values/timeframes change real execution uniquely,ENGINE_AUTO_WIRED|ENTRY|QUICK_CONFIG|RECENT_5D,DISCONNECTED_LIVE_PATHS|ENGINE_AUTO_WIRED|QUICK_CONFIG|RECENT_RESULTS_5D|SWITCH_CATALOG,True,True,False,True,False,True,5m,WT_TF_5M_ENABLED,false,False,-663.3575295497209,-663.3575295497209,0.0,17.9632152824511,2626,5.16,10.32191508289406,0.06639853274973735,810439002bd9139086de6d0d3d4c66baf376e3ebd66c159968a09b16b1f16559,810439002bd9139086de6d0d3d4c66baf376e3ebd66c159968a09b16b1f16559,True,,"{""BACKTEST_VALIDATED_GATES_TRADIER"":false,""BASE_TF"":""5m"",""COMBINED_STOCH_GATE_TRADIER"":100.0,""COOLDOWN_BARS"":0,""COOLDOWN_BARS_TRADIER"":0,""DELTA_ENGINE_ENABLED"":true,""DELTA_MAX_HOLD_BARS"":1,""D_TREND_REQUIRED"":false,""HTF_ALIGNMENT_ENABLED"":false,""K3M_FLOOR"":0.0,""KINDERGARTEN_EMA_GATE_ENABLED"":false,""K_ZONE_ENTRY_ENABLED"":true,""K_ZONE_ENTRY_ENABLED_TRADIER"":false,""MFI_ENTRY_ENABLED"":false,""MIN_HOLD_BARS"":0,""MIN_HOLD_BARS_BEFORE_EXIT"":0,""MIN_HOLD_MINUTES_TRADIER"":0.0,""MTF_ARMED_WT_DIRECTION_SUSPEND_ENABLED"":false,""RSI_ENTRY_LONG_TRADIER"":-1.0,""RSI_ENTRY_SHORT_TRADIER"":101.0,""START_POSITION_SIZE"":10000.0,""STOCH_CROSS_ENTRY_TRADIER"":false,""TRADIER_ENTRY_SCORE_THRESHOLD"":0,""WT_COMPOSITE_SCORING_ENABLED_TRADIER"":false,""WT_DC_HTF_GATE"":""none"",""WT_TF_15M_ENABLED"":false,""WT_TF_1H_ENABLED"":false,""WT_TF_4H_ENABLED"":false,""WT_TF_5M_ENABLED"":true,""WT_TF_D_ENABLED"":false}"
K_ZONE_ENTRY_ENABLED_TRADIER,STRATEGY_CAUSAL,declared strategy/catalog/live-path setting,PASS,all applicable values/timeframes change real execution uniquely,ENGINE_AUTO_WIRED|ENTRY|QUICK_CONFIG|RECENT_5D,DISCONNECTED_LIVE_PATHS|ENGINE_AUTO_WIRED|QUICK_CONFIG|RECENT_RESULTS_5D|SWITCH_CATALOG,True,True,False,True,False,True,5m,WT_TF_5M_ENABLED,true,True,-660.8414234293758,-663.3575295497209,2.516106120345057,20.479321402796185,2974,5.84,9.521556205922385,0.06487474297835515,eb6caa50bbe6b77e763e255ba6710424e67895a551cecb4dc9da168734bad7d2,810439002bd9139086de6d0d3d4c66baf376e3ebd66c159968a09b16b1f16559,True,,"{""BACKTEST_VALIDATED_GATES_TRADIER"":false,""BASE_TF"":""5m"",""COMBINED_STOCH_GATE_TRADIER"":100.0,""COOLDOWN_BARS"":0,""COOLDOWN_BARS_TRADIER"":0,""DELTA_ENGINE_ENABLED"":true,""DELTA_MAX_HOLD_BARS"":1,""D_TREND_REQUIRED"":false,""HTF_ALIGNMENT_ENABLED"":false,""K3M_FLOOR"":0.0,""KINDERGARTEN_EMA_GATE_ENABLED"":false,""K_ZONE_ENTRY_ENABLED"":true,""K_ZONE_ENTRY_ENABLED_TRADIER"":true,""MFI_ENTRY_ENABLED"":false,""MIN_HOLD_BARS"":0,""MIN_HOLD_BARS_BEFORE_EXIT"":0,""MIN_HOLD_MINUTES_TRADIER"":0.0,""MTF_ARMED_WT_DIRECTION_SUSPEND_ENABLED"":false,""RSI_ENTRY_LONG_TRADIER"":-1.0,""RSI_ENTRY_SHORT_TRADIER"":101.0,""START_POSITION_SIZE"":10000.0,""STOCH_CROSS_ENTRY_TRADIER"":false,""TRADIER_ENTRY_SCORE_THRESHOLD"":0,""WT_COMPOSITE_SCORING_ENABLED_TRADIER"":false,""WT_DC_HTF_GATE"":""none"",""WT_TF_15M_ENABLED"":false,""WT_TF_1H_ENABLED"":false,""WT_TF_4H_ENABLED"":false,""WT_TF_5M_ENABLED"":true,""WT_TF_D_ENABLED"":false}"
K_ZONE_ENTRY_ENABLED_TRADIER,STRATEGY_CAUSAL,declared strategy/catalog/live-path setting,PASS,all applicable values/timeframes change real execution uniquely,ENGINE_AUTO_WIRED|ENTRY|QUICK_CONFIG|RECENT_5D,DISCONNECTED_LIVE_PATHS|ENGINE_AUTO_WIRED|QUICK_CONFIG|RECENT_RESULTS_5D|SWITCH_CATALOG,True,True,False,True,False,True,15m,WT_TF_15M_ENABLED,false,False,-686.5133361486788,-686.5133361486788,0.0,-5.192591316506909,1279,2.51,12.547378996940301,-0.005929570004022845,eccb9e6439c2ed3f9b9d1b783769558a782c04bdc5b94800fa6e57fed2a57260,eccb9e6439c2ed3f9b9d1b783769558a782c04bdc5b94800fa6e57fed2a57260,True,,"{""BACKTEST_VALIDATED_GATES_TRADIER"":false,""BASE_TF"":""5m"",""COMBINED_STOCH_GATE_TRADIER"":100.0,""COOLDOWN_BARS"":0,""COOLDOWN_BARS_TRADIER"":0,""DELTA_ENGINE_ENABLED"":true,""DELTA_MAX_HOLD_BARS"":1,""D_TREND_REQUIRED"":false,""HTF_ALIGNMENT_ENABLED"":false,""K3M_FLOOR"":0.0,""KINDERGARTEN_EMA_GATE_ENABLED"":false,""K_ZONE_ENTRY_ENABLED"":true,""K_ZONE_ENTRY_ENABLED_TRADIER"":false,""MFI_ENTRY_ENABLED"":false,""MIN_HOLD_BARS"":0,""MIN_HOLD_BARS_BEFORE_EXIT"":0,""MIN_HOLD_MINUTES_TRADIER"":0.0,""MTF_ARMED_WT_DIRECTION_SUSPEND_ENABLED"":false,""RSI_ENTRY_LONG_TRADIER"":-1.0,""RSI_ENTRY_SHORT_TRADIER"":101.0,""START_POSITION_SIZE"":10000.0,""STOCH_CROSS_ENTRY_TRADIER"":false,""TRADIER_ENTRY_SCORE_THRESHOLD"":0,""WT_COMPOSITE_SCORING_ENABLED_TRADIER"":false,""WT_DC_HTF_GATE"":""none"",""WT_TF_15M_ENABLED"":true,""WT_TF_1H_ENABLED"":false,""WT_TF_4H_ENABLED"":false,""WT_TF_5M_ENABLED"":false,""WT_TF_D_ENABLED"":false}"
K_ZONE_ENTRY_ENABLED_TRADIER,STRATEGY_CAUSAL,declared strategy/catalog/live-path setting,PASS,all applicable values/timeframes change real execution uniquely,ENGINE_AUTO_WIRED|ENTRY|QUICK_CONFIG|RECENT_5D,DISCONNECTED_LIVE_PATHS|ENGINE_AUTO_WIRED|QUICK_CONFIG|RECENT_RESULTS_5D|SWITCH_CATALOG,True,True,False,True,False,True,15m,WT_TF_15M_ENABLED,true,True,-684.0112985145549,-686.5133361486788,2.5020376341238943,-2.6905536823830154,1669,3.28,12.160612882753611,0.006680995892890334,513a32a0045fd5c7abef0e6266aec7a552de44e24ed1947d6c2a8d70b6ad2e67,eccb9e6439c2ed3f9b9d1b783769558a782c04bdc5b94800fa6e57fed2a57260,True,,"{""BACKTEST_VALIDATED_GATES_TRADIER"":false,""BASE_TF"":""5m"",""COMBINED_STOCH_GATE_TRADIER"":100.0,""COOLDOWN_BARS"":0,""COOLDOWN_BARS_TRADIER"":0,""DELTA_ENGINE_ENABLED"":true,""DELTA_MAX_HOLD_BARS"":1,""D_TREND_REQUIRED"":false,""HTF_ALIGNMENT_ENABLED"":false,""K3M_FLOOR"":0.0,""KINDERGARTEN_EMA_GATE_ENABLED"":false,""K_ZONE_ENTRY_ENABLED"":true,""K_ZONE_ENTRY_ENABLED_TRADIER"":true,""MFI_ENTRY_ENABLED"":false,""MIN_HOLD_BARS"":0,""MIN_HOLD_BARS_BEFORE_EXIT"":0,""MIN_HOLD_MINUTES_TRADIER"":0.0,""MTF_ARMED_WT_DIRECTION_SUSPEND_ENABLED"":false,""RSI_ENTRY_LONG_TRADIER"":-1.0,""RSI_ENTRY_SHORT_TRADIER"":101.0,""START_POSITION_SIZE"":10000.0,""STOCH_CROSS_ENTRY_TRADIER"":false,""TRADIER_ENTRY_SCORE_THRESHOLD"":0,""WT_COMPOSITE_SCORING_ENABLED_TRADIER"":false,""WT_DC_HTF_GATE"":""none"",""WT_TF_15M_ENABLED"":true,""WT_TF_1H_ENABLED"":false,""WT_TF_4H_ENABLED"":false,""WT_TF_5M_ENABLED"":false,""WT_TF_D_ENABLED"":false}"
K_ZONE_ENTRY_ENABLED_TRADIER,STRATEGY_CAUSAL,declared strategy/catalog/live-path setting,PASS,all applicable values/timeframes change real execution uniquely,ENGINE_AUTO_WIRED|ENTRY|QUICK_CONFIG|RECENT_5D,DISCONNECTED_LIVE_PATHS|ENGINE_AUTO_WIRED|QUICK_CONFIG|RECENT_RESULTS_5D|SWITCH_CATALOG,True,True,False,True,False,True,1h,WT_TF_1H_ENABLED,false,False,-690.7025958815956,-690.7025958815956,0.0,-9.381851049423604,1731,3.4,16.313834967281444,-0.030262289803063648,9358a90471702560c5da3bb0501b822cd819a7cbcab999f2b7d5010fb031c594,9358a90471702560c5da3bb0501b822cd819a7cbcab999f2b7d5010fb031c594,True,,"{""BACKTEST_VALIDATED_GATES_TRADIER"":false,""BASE_TF"":""5m"",""COMBINED_STOCH_GATE_TRADIER"":100.0,""COOLDOWN_BARS"":0,""COOLDOWN_BARS_TRADIER"":0,""DELTA_ENGINE_ENABLED"":true,""DELTA_MAX_HOLD_BARS"":1,""D_TREND_REQUIRED"":false,""HTF_ALIGNMENT_ENABLED"":false,""K3M_FLOOR"":0.0,""KINDERGARTEN_EMA_GATE_ENABLED"":false,""K_ZONE_ENTRY_ENABLED"":true,""K_ZONE_ENTRY_ENABLED_TRADIER"":false,""MFI_ENTRY_ENABLED"":false,""MIN_HOLD_BARS"":0,""MIN_HOLD_BARS_BEFORE_EXIT"":0,""MIN_HOLD_MINUTES_TRADIER"":0.0,""MTF_ARMED_WT_DIRECTION_SUSPEND_ENABLED"":false,""RSI_ENTRY_LONG_TRADIER"":-1.0,""RSI_ENTRY_SHORT_TRADIER"":101.0,""START_POSITION_SIZE"":10000.0,""STOCH_CROSS_ENTRY_TRADIER"":false,""TRADIER_ENTRY_SCORE_THRESHOLD"":0,""WT_COMPOSITE_SCORING_ENABLED_TRADIER"":false,""WT_DC_HTF_GATE"":""none"",""WT_TF_15M_ENABLED"":false,""WT_TF_1H_ENABLED"":true,""WT_TF_4H_ENABLED"":false,""WT_TF_5M_ENABLED"":false,""WT_TF_D_ENABLED"":false}"
K_ZONE_ENTRY_ENABLED_TRADIER,STRATEGY_CAUSAL,declared strategy/catalog/live-path setting,PASS,all applicable values/timeframes change real execution uniquely,ENGINE_AUTO_WIRED|ENTRY|QUICK_CONFIG|RECENT_5D,DISCONNECTED_LIVE_PATHS|ENGINE_AUTO_WIRED|QUICK_CONFIG|RECENT_RESULTS_5D|SWITCH_CATALOG,True,True,False,True,False,True,1h,WT_TF_1H_ENABLED,true,True,-689.2493934335411,-690.7025958815956,1.453202448054526,-7.9286486013691135,2026,3.98,15.958510140400998,-0.029631170101101813,fe0c69e1428480b054d300c1fc8c3dae54b097d7a7733124e29d3549f4ed39ef,9358a90471702560c5da3bb0501b822cd819a7cbcab999f2b7d5010fb031c594,True,,"{""BACKTEST_VALIDATED_GATES_TRADIER"":false,""BASE_TF"":""5m"",""COMBINED_STOCH_GATE_TRADIER"":100.0,""COOLDOWN_BARS"":0,""COOLDOWN_BARS_TRADIER"":0,""DELTA_ENGINE_ENABLED"":true,""DELTA_MAX_HOLD_BARS"":1,""D_TREND_REQUIRED"":false,""HTF_ALIGNMENT_ENABLED"":false,""K3M_FLOOR"":0.0,""KINDERGARTEN_EMA_GATE_ENABLED"":false,""K_ZONE_ENTRY_ENABLED"":true,""K_ZONE_ENTRY_ENABLED_TRADIER"":true,""MFI_ENTRY_ENABLED"":false,""MIN_HOLD_BARS"":0,""MIN_HOLD_BARS_BEFORE_EXIT"":0,""MIN_HOLD_MINUTES_TRADIER"":0.0,""MTF_ARMED_WT_DIRECTION_SUSPEND_ENABLED"":false,""RSI_ENTRY_LONG_TRADIER"":-1.0,""RSI_ENTRY_SHORT_TRADIER"":101.0,""START_POSITION_SIZE"":10000.0,""STOCH_CROSS_ENTRY_TRADIER"":false,""TRADIER_ENTRY_SCORE_THRESHOLD"":0,""WT_COMPOSITE_SCORING_ENABLED_TRADIER"":false,""WT_DC_HTF_GATE"":""none"",""WT_TF_15M_ENABLED"":false,""WT_TF_1H_ENABLED"":true,""WT_TF_4H_ENABLED"":false,""WT_TF_5M_ENABLED"":false,""WT_TF_D_ENABLED"":false}"
K_ZONE_ENTRY_ENABLED_TRADIER,STRATEGY_CAUSAL,declared strategy/catalog/live-path setting,PASS,all applicable values/timeframes change real execution uniquely,ENGINE_AUTO_WIRED|ENTRY|QUICK_CONFIG|RECENT_5D,DISCONNECTED_LIVE_PATHS|ENGINE_AUTO_WIRED|QUICK_CONFIG|RECENT_RESULTS_5D|SWITCH_CATALOG,True,True,False,True,False,True,4h,WT_TF_4H_ENABLED,false,False,-688.1840173743669,-688.1840173743669,0.0,-6.863272542194977,1624,3.19,13.964518499963496,-0.01477729837670089,65f6e023a2e17572416936da1a7b989c8e823188d062b2f749a0ed92bd698b75,65f6e023a2e17572416936da1a7b989c8e823188d062b2f749a0ed92bd698b75,True,,"{""BACKTEST_VALIDATED_GATES_TRADIER"":false,""BASE_TF"":""5m"",""COMBINED_STOCH_GATE_TRADIER"":100.0,""COOLDOWN_BARS"":0,""COOLDOWN_BARS_TRADIER"":0,""DELTA_ENGINE_ENABLED"":true,""DELTA_MAX_HOLD_BARS"":1,""D_TREND_REQUIRED"":false,""HTF_ALIGNMENT_ENABLED"":false,""K3M_FLOOR"":0.0,""KINDERGARTEN_EMA_GATE_ENABLED"":false,""K_ZONE_ENTRY_ENABLED"":true,""K_ZONE_ENTRY_ENABLED_TRADIER"":false,""MFI_ENTRY_ENABLED"":false,""MIN_HOLD_BARS"":0,""MIN_HOLD_BARS_BEFORE_EXIT"":0,""MIN_HOLD_MINUTES_TRADIER"":0.0,""MTF_ARMED_WT_DIRECTION_SUSPEND_ENABLED"":false,""RSI_ENTRY_LONG_TRADIER"":-1.0,""RSI_ENTRY_SHORT_TRADIER"":101.0,""START_POSITION_SIZE"":10000.0,""STOCH_CROSS_ENTRY_TRADIER"":false,""TRADIER_ENTRY_SCORE_THRESHOLD"":0,""WT_COMPOSITE_SCORING_ENABLED_TRADIER"":false,""WT_DC_HTF_GATE"":""none"",""WT_TF_15M_ENABLED"":false,""WT_TF_1H_ENABLED"":false,""WT_TF_4H_ENABLED"":true,""WT_TF_5M_ENABLED"":false,""WT_TF_D_ENABLED"":false}"
K_ZONE_ENTRY_ENABLED_TRADIER,STRATEGY_CAUSAL,declared strategy/catalog/live-path setting,PASS,all applicable values/timeframes change real execution uniquely,ENGINE_AUTO_WIRED|ENTRY|QUICK_CONFIG|RECENT_5D,DISCONNECTED_LIVE_PATHS|ENGINE_AUTO_WIRED|QUICK_CONFIG|RECENT_RESULTS_5D|SWITCH_CATALOG,True,True,False,True,False,True,4h,WT_TF_4H_ENABLED,true,True,-686.3796307029614,-688.1840173743669,1.8043866714054957,-5.058885870789458,2122,4.17,13.009948149198186,-0.005131285049906888,681c13d63b8eed8a007f096f20a16706cd7ad7c4eb7fdfcbb918ed60010b291e,65f6e023a2e17572416936da1a7b989c8e823188d062b2f749a0ed92bd698b75,True,,"{""BACKTEST_VALIDATED_GATES_TRADIER"":false,""BASE_TF"":""5m"",""COMBINED_STOCH_GATE_TRADIER"":100.0,""COOLDOWN_BARS"":0,""COOLDOWN_BARS_TRADIER"":0,""DELTA_ENGINE_ENABLED"":true,""DELTA_MAX_HOLD_BARS"":1,""D_TREND_REQUIRED"":false,""HTF_ALIGNMENT_ENABLED"":false,""K3M_FLOOR"":0.0,""KINDERGARTEN_EMA_GATE_ENABLED"":false,""K_ZONE_ENTRY_ENABLED"":true,""K_ZONE_ENTRY_ENABLED_TRADIER"":true,""MFI_ENTRY_ENABLED"":false,""MIN_HOLD_BARS"":0,""MIN_HOLD_BARS_BEFORE_EXIT"":0,""MIN_HOLD_MINUTES_TRADIER"":0.0,""MTF_ARMED_WT_DIRECTION_SUSPEND_ENABLED"":false,""RSI_ENTRY_LONG_TRADIER"":-1.0,""RSI_ENTRY_SHORT_TRADIER"":101.0,""START_POSITION_SIZE"":10000.0,""STOCH_CROSS_ENTRY_TRADIER"":false,""TRADIER_ENTRY_SCORE_THRESHOLD"":0,""WT_COMPOSITE_SCORING_ENABLED_TRADIER"":false,""WT_DC_HTF_GATE"":""none"",""WT_TF_15M_ENABLED"":false,""WT_TF_1H_ENABLED"":false,""WT_TF_4H_ENABLED"":true,""WT_TF_5M_ENABLED"":false,""WT_TF_D_ENABLED"":false}"
K_ZONE_ENTRY_ENABLED_TRADIER,STRATEGY_CAUSAL,declared strategy/catalog/live-path setting,PASS,all applicable values/timeframes change real execution uniquely,ENGINE_AUTO_WIRED|ENTRY|QUICK_CONFIG|RECENT_5D,DISCONNECTED_LIVE_PATHS|ENGINE_AUTO_WIRED|QUICK_CONFIG|RECENT_RESULTS_5D|SWITCH_CATALOG,True,True,False,True,False,True,D,WT_TF_D_ENABLED,false,False,-698.383899522548,-698.383899522548,0.0,-17.063154690376013,1595,3.13,21.38084941250735,-0.05856281689096611,a447d871c01f7aedbf707d7ae3d8c9f7ca21e6e6b5a98342496c5cadf6b3bc02,a447d871c01f7aedbf707d7ae3d8c9f7ca21e6e6b5a98342496c5cadf6b3bc02,True,,"{""BACKTEST_VALIDATED_GATES_TRADIER"":false,""BASE_TF"":""5m"",""COMBINED_STOCH_GATE_TRADIER"":100.0,""COOLDOWN_BARS"":0,""COOLDOWN_BARS_TRADIER"":0,""DELTA_ENGINE_ENABLED"":true,""DELTA_MAX_HOLD_BARS"":1,""D_TREND_REQUIRED"":false,""HTF_ALIGNMENT_ENABLED"":false,""K3M_FLOOR"":0.0,""KINDERGARTEN_EMA_GATE_ENABLED"":false,""K_ZONE_ENTRY_ENABLED"":true,""K_ZONE_ENTRY_ENABLED_TRADIER"":false,""MFI_ENTRY_ENABLED"":false,""MIN_HOLD_BARS"":0,""MIN_HOLD_BARS_BEFORE_EXIT"":0,""MIN_HOLD_MINUTES_TRADIER"":0.0,""MTF_ARMED_WT_DIRECTION_SUSPEND_ENABLED"":false,""RSI_ENTRY_LONG_TRADIER"":-1.0,""RSI_ENTRY_SHORT_TRADIER"":101.0,""START_POSITION_SIZE"":10000.0,""STOCH_CROSS_ENTRY_TRADIER"":false,""TRADIER_ENTRY_SCORE_THRESHOLD"":0,""WT_COMPOSITE_SCORING_ENABLED_TRADIER"":false,""WT_DC_HTF_GATE"":""none"",""WT_TF_15M_ENABLED"":false,""WT_TF_1H_ENABLED"":false,""WT_TF_4H_ENABLED"":false,""WT_TF_5M_ENABLED"":false,""WT_TF_D_ENABLED"":true}"
K_ZONE_ENTRY_ENABLED_TRADIER,STRATEGY_CAUSAL,declared strategy/catalog/live-path setting,PASS,all applicable values/timeframes change real execution uniquely,ENGINE_AUTO_WIRED|ENTRY|QUICK_CONFIG|RECENT_5D,DISCONNECTED_LIVE_PATHS|ENGINE_AUTO_WIRED|QUICK_CONFIG|RECENT_RESULTS_5D|SWITCH_CATALOG,True,True,False,True,False,True,D,WT_TF_D_ENABLED,true,True,-697.9904004221046,-698.383899522548,0.3934991004433641,-16.66965558993262,1783,3.5,21.352971219459747,-0.05157673606240726,380811fda2f02ecfff417a7034c14adda5f75cf3b913de60fcf0831a1a0a0443,a447d871c01f7aedbf707d7ae3d8c9f7ca21e6e6b5a98342496c5cadf6b3bc02,True,,"{""BACKTEST_VALIDATED_GATES_TRADIER"":false,""BASE_TF"":""5m"",""COMBINED_STOCH_GATE_TRADIER"":100.0,""COOLDOWN_BARS"":0,""COOLDOWN_BARS_TRADIER"":0,""DELTA_ENGINE_ENABLED"":true,""DELTA_MAX_HOLD_BARS"":1,""D_TREND_REQUIRED"":false,""HTF_ALIGNMENT_ENABLED"":false,""K3M_FLOOR"":0.0,""KINDERGARTEN_EMA_GATE_ENABLED"":false,""K_ZONE_ENTRY_ENABLED"":true,""K_ZONE_ENTRY_ENABLED_TRADIER"":true,""MFI_ENTRY_ENABLED"":false,""MIN_HOLD_BARS"":0,""MIN_HOLD_BARS_BEFORE_EXIT"":0,""MIN_HOLD_MINUTES_TRADIER"":0.0,""MTF_ARMED_WT_DIRECTION_SUSPEND_ENABLED"":false,""RSI_ENTRY_LONG_TRADIER"":-1.0,""RSI_ENTRY_SHORT_TRADIER"":101.0,""START_POSITION_SIZE"":10000.0,""STOCH_CROSS_ENTRY_TRADIER"":false,""TRADIER_ENTRY_SCORE_THRESHOLD"":0,""WT_COMPOSITE_SCORING_ENABLED_TRADIER"":false,""WT_DC_HTF_GATE"":""none"",""WT_TF_15M_ENABLED"":false,""WT_TF_1H_ENABLED"":false,""WT_TF_4H_ENABLED"":false,""WT_TF_5M_ENABLED"":false,""WT_TF_D_ENABLED"":true}"
MOMENTUM_FADE_BODY_ATR_MIN_TRADIER,STRATEGY_CAUSAL,declared strategy/catalog/live-path setting,PASS,all applicable values/timeframes change real execution uniquely,ENGINE_AUTO_WIRED|GLOBAL|OTHER|QUICK_CONFIG|RECENT_5D,DISCONNECTED_LIVE_PATHS|ENGINE_AUTO_WIRED|QUICK_CONFIG|RECENT_RESULTS_5D|SWITCH_CATALOG,True,True,False,True,False,True,5m,WT_TF_5M_ENABLED,2.0,False,-646.3257522244725,-646.3257522244725,0.0,34.9949926076995,6657,13.07,10.649322720648904,0.06824675065482784,175727a446bac5d2e8c442835f29cc402c6390ce1374a0b661e96a246cf97839,175727a446bac5d2e8c442835f29cc402c6390ce1374a0b661e96a246cf97839,True,,"{""BACKTEST_VALIDATED_GATES_TRADIER"":false,""BASE_TF"":""5m"",""COMBINED_STOCH_GATE_TRADIER"":100.0,""COOLDOWN_BARS"":0,""COOLDOWN_BARS_TRADIER"":0,""DELTA_ENGINE_ENABLED"":true,""DELTA_MAX_HOLD_BARS"":1,""D_TREND_REQUIRED"":false,""HTF_ALIGNMENT_ENABLED"":false,""K3M_FLOOR"":0.0,""KINDERGARTEN_EMA_GATE_ENABLED"":false,""MFI_ENTRY_ENABLED"":false,""MIN_HOLD_BARS"":0,""MIN_HOLD_BARS_BEFORE_EXIT"":0,""MIN_HOLD_MINUTES_TRADIER"":0.0,""MOMENTUM_FADE_BODY_ATR_MIN_TRADIER"":2.0,""MOMENTUM_FADE_ENABLED_TRADIER"":true,""MTF_ARMED_WT_DIRECTION_SUSPEND_ENABLED"":false,""RSI_ENTRY_LONG_TRADIER"":101.0,""RSI_ENTRY_SHORT_TRADIER"":-1.0,""START_POSITION_SIZE"":10000.0,""STOCH_CROSS_ENTRY_TRADIER"":false,""TRADIER_ENTRY_SCORE_THRESHOLD"":0.25,""WT_COMPOSITE_SCORING_ENABLED_TRADIER"":false,""WT_DC_HTF_GATE"":""none"",""WT_TF_15M_ENABLED"":false,""WT_TF_1H_ENABLED"":false,""WT_TF_4H_ENABLED"":false,""WT_TF_5M_ENABLED"":true,""WT_TF_D_ENABLED"":false}"
MOMENTUM_FADE_BODY_ATR_MIN_TRADIER,STRATEGY_CAUSAL,declared strategy/catalog/live-path setting,PASS,all applicable values/timeframes change real execution uniquely,ENGINE_AUTO_WIRED|GLOBAL|OTHER|QUICK_CONFIG|RECENT_5D,DISCONNECTED_LIVE_PATHS|ENGINE_AUTO_WIRED|QUICK_CONFIG|RECENT_RESULTS_5D|SWITCH_CATALOG,True,True,False,True,False,True,5m,WT_TF_5M_ENABLED,1.0,True,-645.7225884694373,-646.3257522244725,0.6031637550352116,35.59815636273475,6664,13.08,10.327963998432518,0.06872536726209592,c2e4d7dcf5f7660bde7f45c6b202d07c0d0d2ac705a2e04326176a7fc500955a,175727a446bac5d2e8c442835f29cc402c6390ce1374a0b661e96a246cf97839,True,,"{""BACKTEST_VALIDATED_GATES_TRADIER"":false,""BASE_TF"":""5m"",""COMBINED_STOCH_GATE_TRADIER"":100.0,""COOLDOWN_BARS"":0,""COOLDOWN_BARS_TRADIER"":0,""DELTA_ENGINE_ENABLED"":true,""DELTA_MAX_HOLD_BARS"":1,""D_TREND_REQUIRED"":false,""HTF_ALIGNMENT_ENABLED"":false,""K3M_FLOOR"":0.0,""KINDERGARTEN_EMA_GATE_ENABLED"":false,""MFI_ENTRY_ENABLED"":false,""MIN_HOLD_BARS"":0,""MIN_HOLD_BARS_BEFORE_EXIT"":0,""MIN_HOLD_MINUTES_TRADIER"":0.0,""MOMENTUM_FADE_BODY_ATR_MIN_TRADIER"":1.0,""MOMENTUM_FADE_ENABLED_TRADIER"":true,""MTF_ARMED_WT_DIRECTION_SUSPEND_ENABLED"":false,""RSI_ENTRY_LONG_TRADIER"":101.0,""RSI_ENTRY_SHORT_TRADIER"":-1.0,""START_POSITION_SIZE"":10000.0,""STOCH_CROSS_ENTRY_TRADIER"":false,""TRADIER_ENTRY_SCORE_THRESHOLD"":0.25,""WT_COMPOSITE_SCORING_ENABLED_TRADIER"":false,""WT_DC_HTF_GATE"":""none"",""WT_TF_15M_ENABLED"":false,""WT_TF_1H_ENABLED"":false,""WT_TF_4H_ENABLED"":false,""WT_TF_5M_ENABLED"":true,""WT_TF_D_ENABLED"":false}"
MOMENTUM_FADE_BODY_ATR_MIN_TRADIER,STRATEGY_CAUSAL,declared strategy/catalog/live-path setting,PASS,all applicable values/timeframes change real execution uniquely,ENGINE_AUTO_WIRED|GLOBAL|OTHER|QUICK_CONFIG|RECENT_5D,DISCONNECTED_LIVE_PATHS|ENGINE_AUTO_WIRED|QUICK_CONFIG|RECENT_RESULTS_5D|SWITCH_CATALOG,True,True,False,True,False,True,5m,WT_TF_5M_ENABLED,1.5,True,-645.7399251452567,-646.3257522244725,0.5858270792157327,35.580819686915206,6661,13.08,10.284496724612504,0.06878055395109073,aa3ef1b5409cd0354baea233fad6fc0ca2aa482f387d705a85d142296702fe9b,175727a446bac5d2e8c442835f29cc402c6390ce1374a0b661e96a246cf97839,True,,"{""BACKTEST_VALIDATED_GATES_TRADIER"":false,""BASE_TF"":""5m"",""COMBINED_STOCH_GATE_TRADIER"":100.0,""COOLDOWN_BARS"":0,""COOLDOWN_BARS_TRADIER"":0,""DELTA_ENGINE_ENABLED"":true,""DELTA_MAX_HOLD_BARS"":1,""D_TREND_REQUIRED"":false,""HTF_ALIGNMENT_ENABLED"":false,""K3M_FLOOR"":0.0,""KINDERGARTEN_EMA_GATE_ENABLED"":false,""MFI_ENTRY_ENABLED"":false,""MIN_HOLD_BARS"":0,""MIN_HOLD_BARS_BEFORE_EXIT"":0,""MIN_HOLD_MINUTES_TRADIER"":0.0,""MOMENTUM_FADE_BODY_ATR_MIN_TRADIER"":1.5,""MOMENTUM_FADE_ENABLED_TRADIER"":true,""MTF_ARMED_WT_DIRECTION_SUSPEND_ENABLED"":false,""RSI_ENTRY_LONG_TRADIER"":101.0,""RSI_ENTRY_SHORT_TRADIER"":-1.0,""START_POSITION_SIZE"":10000.0,""STOCH_CROSS_ENTRY_TRADIER"":false,""TRADIER_ENTRY_SCORE_THRESHOLD"":0.25,""WT_COMPOSITE_SCORING_ENABLED_TRADIER"":false,""WT_DC_HTF_GATE"":""none"",""WT_TF_15M_ENABLED"":false,""WT_TF_1H_ENABLED"":false,""WT_TF_4H_ENABLED"":false,""WT_TF_5M_ENABLED"":true,""WT_TF_D_ENABLED"":false}"
MOMENTUM_FADE_BODY_ATR_MIN_TRADIER,STRATEGY_CAUSAL,declared strategy/catalog/live-path setting,PASS,all applicable values/timeframes change real execution uniquely,ENGINE_AUTO_WIRED|GLOBAL|OTHER|QUICK_CONFIG|RECENT_5D,DISCONNECTED_LIVE_PATHS|ENGINE_AUTO_WIRED|QUICK_CONFIG|RECENT_RESULTS_5D|SWITCH_CATALOG,True,True,False,True,False,True,5m,WT_TF_5M_ENABLED,2.5,True,-646.9108901757535,-646.3257522244725,-0.5851379512810126,34.409854656418446,6657,13.07,11.048306561460045,0.06732913888738115,c713877d24160ac854cafd237114b2ab5256f1673bf1d5c5bda55ef7b9be13fb,175727a446bac5d2e8c442835f29cc402c6390ce1374a0b661e96a246cf97839,True,,"{""BACKTEST_VALIDATED_GATES_TRADIER"":false,""BASE_TF"":""5m"",""COMBINED_STOCH_GATE_TRADIER"":100.0,""COOLDOWN_BARS"":0,""COOLDOWN_BARS_TRADIER"":0,""DELTA_ENGINE_ENABLED"":true,""DELTA_MAX_HOLD_BARS"":1,""D_TREND_REQUIRED"":false,""HTF_ALIGNMENT_ENABLED"":false,""K3M_FLOOR"":0.0,""KINDERGARTEN_EMA_GATE_ENABLED"":false,""MFI_ENTRY_ENABLED"":false,""MIN_HOLD_BARS"":0,""MIN_HOLD_BARS_BEFORE_EXIT"":0,""MIN_HOLD_MINUTES_TRADIER"":0.0,""MOMENTUM_FADE_BODY_ATR_MIN_TRADIER"":2.5,""MOMENTUM_FADE_ENABLED_TRADIER"":true,""MTF_ARMED_WT_DIRECTION_SUSPEND_ENABLED"":false,""RSI_ENTRY_LONG_TRADIER"":101.0,""RSI_ENTRY_SHORT_TRADIER"":-1.0,""START_POSITION_SIZE"":10000.0,""STOCH_CROSS_ENTRY_TRADIER"":false,""TRADIER_ENTRY_SCORE_THRESHOLD"":0.25,""WT_COMPOSITE_SCORING_ENABLED_TRADIER"":false,""WT_DC_HTF_GATE"":""none"",""WT_TF_15M_ENABLED"":false,""WT_TF_1H_ENABLED"":false,""WT_TF_4H_ENABLED"":false,""WT_TF_5M_ENABLED"":true,""WT_TF_D_ENABLED"":false}"
MOMENTUM_FADE_BODY_ATR_MIN_TRADIER,STRATEGY_CAUSAL,declared strategy/catalog/live-path setting,PASS,all applicable values/timeframes change real execution uniquely,ENGINE_AUTO_WIRED|GLOBAL|OTHER|QUICK_CONFIG|RECENT_5D,DISCONNECTED_LIVE_PATHS|ENGINE_AUTO_WIRED|QUICK_CONFIG|RECENT_RESULTS_5D|SWITCH_CATALOG,True,True,False,True,False,True,5m,WT_TF_5M_ENABLED,3.0,True,-647.1103664888789,-646.3257522244725,-0.7846142644064003,34.210378343293115,6656,13.07,11.063354437284078,0.06697988128124155,3b04c87662c6286c9774f0a193c4d992c4378394884bbb6b43a280962698df1a,175727a446bac5d2e8c442835f29cc402c6390ce1374a0b661e96a246cf97839,True,,"{""BACKTEST_VALIDATED_GATES_TRADIER"":false,""BASE_TF"":""5m"",""COMBINED_STOCH_GATE_TRADIER"":100.0,""COOLDOWN_BARS"":0,""COOLDOWN_BARS_TRADIER"":0,""DELTA_ENGINE_ENABLED"":true,""DELTA_MAX_HOLD_BARS"":1,""D_TREND_REQUIRED"":false,""HTF_ALIGNMENT_ENABLED"":false,""K3M_FLOOR"":0.0,""KINDERGARTEN_EMA_GATE_ENABLED"":false,""MFI_ENTRY_ENABLED"":false,""MIN_HOLD_BARS"":0,""MIN_HOLD_BARS_BEFORE_EXIT"":0,""MIN_HOLD_MINUTES_TRADIER"":0.0,""MOMENTUM_FADE_BODY_ATR_MIN_TRADIER"":3.0,""MOMENTUM_FADE_ENABLED_TRADIER"":true,""MTF_ARMED_WT_DIRECTION_SUSPEND_ENABLED"":false,""RSI_ENTRY_LONG_TRADIER"":101.0,""RSI_ENTRY_SHORT_TRADIER"":-1.0,""START_POSITION_SIZE"":10000.0,""STOCH_CROSS_ENTRY_TRADIER"":false,""TRADIER_ENTRY_SCORE_THRESHOLD"":0.25,""WT_COMPOSITE_SCORING_ENABLED_TRADIER"":false,""WT_DC_HTF_GATE"":""none"",""WT_TF_15M_ENABLED"":false,""WT_TF_1H_ENABLED"":false,""WT_TF_4H_ENABLED"":false,""WT_TF_5M_ENABLED"":true,""WT_TF_D_ENABLED"":false}"
MOMENTUM_FADE_BODY_ATR_MIN_TRADIER,STRATEGY_CAUSAL,declared strategy/catalog/live-path setting,PASS,all applicable values/timeframes change real execution uniquely,ENGINE_AUTO_WIRED|GLOBAL|OTHER|QUICK_CONFIG|RECENT_5D,DISCONNECTED_LIVE_PATHS|ENGINE_AUTO_WIRED|QUICK_CONFIG|RECENT_RESULTS_5D|SWITCH_CATALOG,True,True,False,True,False,True,15m,WT_TF_15M_ENABLED,2.0,False,-692.2483453059734,-692.2483453059734,0.0,-10.927600473801425,5118,10.05,17.453347664043843,-0.005465128838528571,649013e5a5b95b8b388ff0ce16ad91af23659b17f27660b4e0809c5c773b09fe,649013e5a5b95b8b388ff0ce16ad91af23659b17f27660b4e0809c5c773b09fe,True,,"{""BACKTEST_VALIDATED_GATES_TRADIER"":false,""BASE_TF"":""5m"",""COMBINED_STOCH_GATE_TRADIER"":100.0,""COOLDOWN_BARS"":0,""COOLDOWN_BARS_TRADIER"":0,""DELTA_ENGINE_ENABLED"":true,""DELTA_MAX_HOLD_BARS"":1,""D_TREND_REQUIRED"":false,""HTF_ALIGNMENT_ENABLED"":false,""K3M_FLOOR"":0.0,""KINDERGARTEN_EMA_GATE_ENABLED"":false,""MFI_ENTRY_ENABLED"":false,""MIN_HOLD_BARS"":0,""MIN_HOLD_BARS_BEFORE_EXIT"":0,""MIN_HOLD_MINUTES_TRADIER"":0.0,""MOMENTUM_FADE_BODY_ATR_MIN_TRADIER"":2.0,""MOMENTUM_FADE_ENABLED_TRADIER"":true,""MTF_ARMED_WT_DIRECTION_SUSPEND_ENABLED"":false,""RSI_ENTRY_LONG_TRADIER"":101.0,""RSI_ENTRY_SHORT_TRADIER"":-1.0,""START_POSITION_SIZE"":10000.0,""STOCH_CROSS_ENTRY_TRADIER"":false,""TRADIER_ENTRY_SCORE_THRESHOLD"":2.25,""WT_COMPOSITE_SCORING_ENABLED_TRADIER"":false,""WT_DC_HTF_GATE"":""none"",""WT_TF_15M_ENABLED"":true,""WT_TF_1H_ENABLED"":false,""WT_TF_4H_ENABLED"":false,""WT_TF_5M_ENABLED"":false,""WT_TF_D_ENABLED"":false}"
MOMENTUM_FADE_BODY_ATR_MIN_TRADIER,STRATEGY_CAUSAL,declared strategy/catalog/live-path setting,PASS,all applicable values/timeframes change real execution uniquely,ENGINE_AUTO_WIRED|GLOBAL|OTHER|QUICK_CONFIG|RECENT_5D,DISCONNECTED_LIVE_PATHS|ENGINE_AUTO_WIRED|QUICK_CONFIG|RECENT_RESULTS_5D|SWITCH_CATALOG,True,True,False,True,False,True,15m,WT_TF_15M_ENABLED,1.0,True,-692.23600245834,-692.2483453059734,0.012342847633476595,-10.915257626167987,5140,10.09,17.2527727337024,-0.005655669627487168,7db75da2118c215d8ac92e421bc5dcba502fe6e454ee73847e7abc4cf458ad0b,649013e5a5b95b8b388ff0ce16ad91af23659b17f27660b4e0809c5c773b09fe,True,,"{""BACKTEST_VALIDATED_GATES_TRADIER"":false,""BASE_TF"":""5m"",""COMBINED_STOCH_GATE_TRADIER"":100.0,""COOLDOWN_BARS"":0,""COOLDOWN_BARS_TRADIER"":0,""DELTA_ENGINE_ENABLED"":true,""DELTA_MAX_HOLD_BARS"":1,""D_TREND_REQUIRED"":false,""HTF_ALIGNMENT_ENABLED"":false,""K3M_FLOOR"":0.0,""KINDERGARTEN_EMA_GATE_ENABLED"":false,""MFI_ENTRY_ENABLED"":false,""MIN_HOLD_BARS"":0,""MIN_HOLD_BARS_BEFORE_EXIT"":0,""MIN_HOLD_MINUTES_TRADIER"":0.0,""MOMENTUM_FADE_BODY_ATR_MIN_TRADIER"":1.0,""MOMENTUM_FADE_ENABLED_TRADIER"":true,""MTF_ARMED_WT_DIRECTION_SUSPEND_ENABLED"":false,""RSI_ENTRY_LONG_TRADIER"":101.0,""RSI_ENTRY_SHORT_TRADIER"":-1.0,""START_POSITION_SIZE"":10000.0,""STOCH_CROSS_ENTRY_TRADIER"":false,""TRADIER_ENTRY_SCORE_THRESHOLD"":2.25,""WT_COMPOSITE_SCORING_ENABLED_TRADIER"":false,""WT_DC_HTF_GATE"":""none"",""WT_TF_15M_ENABLED"":true,""WT_TF_1H_ENABLED"":false,""WT_TF_4H_ENABLED"":false,""WT_TF_5M_ENABLED"":false,""WT_TF_D_ENABLED"":false}"
MOMENTUM_FADE_BODY_ATR_MIN_TRADIER,STRATEGY_CAUSAL,declared strategy/catalog/live-path setting,PASS,all applicable values/timeframes change real execution uniquely,ENGINE_AUTO_WIRED|GLOBAL|OTHER|QUICK_CONFIG|RECENT_5D,DISCONNECTED_LIVE_PATHS|ENGINE_AUTO_WIRED|QUICK_CONFIG|RECENT_RESULTS_5D|SWITCH_CATALOG,True,True,False,True,False,True,15m,WT_TF_15M_ENABLED,1.5,True,-692.7899306058323,-692.2483453059734,-0.5415852998588662,-11.469185773660358,5135,10.08,17.71828647862426,-0.006879069372721848,0fb12e520ba20d242be9065cde15785e31279354392fc6be4020723ce08aaa5b,649013e5a5b95b8b388ff0ce16ad91af23659b17f27660b4e0809c5c773b09fe,True,,"{""BACKTEST_VALIDATED_GATES_TRADIER"":false,""BASE_TF"":""5m"",""COMBINED_STOCH_GATE_TRADIER"":100.0,""COOLDOWN_BARS"":0,""COOLDOWN_BARS_TRADIER"":0,""DELTA_ENGINE_ENABLED"":true,""DELTA_MAX_HOLD_BARS"":1,""D_TREND_REQUIRED"":false,""HTF_ALIGNMENT_ENABLED"":false,""K3M_FLOOR"":0.0,""KINDERGARTEN_EMA_GATE_ENABLED"":false,""MFI_ENTRY_ENABLED"":false,""MIN_HOLD_BARS"":0,""MIN_HOLD_BARS_BEFORE_EXIT"":0,""MIN_HOLD_MINUTES_TRADIER"":0.0,""MOMENTUM_FADE_BODY_ATR_MIN_TRADIER"":1.5,""MOMENTUM_FADE_ENABLED_TRADIER"":true,""MTF_ARMED_WT_DIRECTION_SUSPEND_ENABLED"":false,""RSI_ENTRY_LONG_TRADIER"":101.0,""RSI_ENTRY_SHORT_TRADIER"":-1.0,""START_POSITION_SIZE"":10000.0,""STOCH_CROSS_ENTRY_TRADIER"":false,""TRADIER_ENTRY_SCORE_THRESHOLD"":2.25,""WT_COMPOSITE_SCORING_ENABLED_TRADIER"":false,""WT_DC_HTF_GATE"":""none"",""WT_TF_15M_ENABLED"":true,""WT_TF_1H_ENABLED"":false,""WT_TF_4H_ENABLED"":false,""WT_TF_5M_ENABLED"":false,""WT_TF_D_ENABLED"":false}"
MOMENTUM_FADE_BODY_ATR_MIN_TRADIER,STRATEGY_CAUSAL,declared strategy/catalog/live-path setting,PASS,all applicable values/timeframes change real execution uniquely,ENGINE_AUTO_WIRED|GLOBAL|OTHER|QUICK_CONFIG|RECENT_5D,DISCONNECTED_LIVE_PATHS|ENGINE_AUTO_WIRED|QUICK_CONFIG|RECENT_RESULTS_5D|SWITCH_CATALOG,True,True,False,True,False,True,15m,WT_TF_15M_ENABLED,2.5,True,-691.3552263535448,-692.2483453059734,0.8931189524286083,-10.034481521372909,5107,10.03,16.518040989538658,-0.004657104830279756,979ab782342a9f8a8e386cb266ff50b137cac263c5a827ac599a7f825bb8a6c9,649013e5a5b95b8b388ff0ce16ad91af23659b17f27660b4e0809c5c773b09fe,True,,"{""BACKTEST_VALIDATED_GATES_TRADIER"":false,""BASE_TF"":""5m"",""COMBINED_STOCH_GATE_TRADIER"":100.0,""COOLDOWN_BARS"":0,""COOLDOWN_BARS_TRADIER"":0,""DELTA_ENGINE_ENABLED"":true,""DELTA_MAX_HOLD_BARS"":1,""D_TREND_REQUIRED"":false,""HTF_ALIGNMENT_ENABLED"":false,""K3M_FLOOR"":0.0,""KINDERGARTEN_EMA_GATE_ENABLED"":false,""MFI_ENTRY_ENABLED"":false,""MIN_HOLD_BARS"":0,""MIN_HOLD_BARS_BEFORE_EXIT"":0,""MIN_HOLD_MINUTES_TRADIER"":0.0,""MOMENTUM_FADE_BODY_ATR_MIN_TRADIER"":2.5,""MOMENTUM_FADE_ENABLED_TRADIER"":true,""MTF_ARMED_WT_DIRECTION_SUSPEND_ENABLED"":false,""RSI_ENTRY_LONG_TRADIER"":101.0,""RSI_ENTRY_SHORT_TRADIER"":-1.0,""START_POSITION_SIZE"":10000.0,""STOCH_CROSS_ENTRY_TRADIER"":false,""TRADIER_ENTRY_SCORE_THRESHOLD"":2.25,""WT_COMPOSITE_SCORING_ENABLED_TRADIER"":false,""WT_DC_HTF_GATE"":""none"",""WT_TF_15M_ENABLED"":true,""WT_TF_1H_ENABLED"":false,""WT_TF_4H_ENABLED"":false,""WT_TF_5M_ENABLED"":false,""WT_TF_D_ENABLED"":false}"
MOMENTUM_FADE_BODY_ATR_MIN_TRADIER,STRATEGY_CAUSAL,declared strategy/catalog/live-path setting,PASS,all applicable values/timeframes change real execution uniquely,ENGINE_AUTO_WIRED|GLOBAL|OTHER|QUICK_CONFIG|RECENT_5D,DISCONNECTED_LIVE_PATHS|ENGINE_AUTO_WIRED|QUICK_CONFIG|RECENT_RESULTS_5D|SWITCH_CATALOG,True,True,False,True,False,True,15m,WT_TF_15M_ENABLED,3.0,True,-691.4574650944903,-692.2483453059734,0.7908802114831133,-10.136720262318406,5103,10.02,16.4648736823024,-0.0047470845727621514,07d29b2cab994019cba96b2a52614cacd6102b3c577fe132a1f70a80b2eb6a82,649013e5a5b95b8b388ff0ce16ad91af23659b17f27660b4e0809c5c773b09fe,True,,"{""BACKTEST_VALIDATED_GATES_TRADIER"":false,""BASE_TF"":""5m"",""COMBINED_STOCH_GATE_TRADIER"":100.0,""COOLDOWN_BARS"":0,""COOLDOWN_BARS_TRADIER"":0,""DELTA_ENGINE_ENABLED"":true,""DELTA_MAX_HOLD_BARS"":1,""D_TREND_REQUIRED"":false,""HTF_ALIGNMENT_ENABLED"":false,""K3M_FLOOR"":0.0,""KINDERGARTEN_EMA_GATE_ENABLED"":false,""MFI_ENTRY_ENABLED"":false,""MIN_HOLD_BARS"":0,""MIN_HOLD_BARS_BEFORE_EXIT"":0,""MIN_HOLD_MINUTES_TRADIER"":0.0,""MOMENTUM_FADE_BODY_ATR_MIN_TRADIER"":3.0,""MOMENTUM_FADE_ENABLED_TRADIER"":true,""MTF_ARMED_WT_DIRECTION_SUSPEND_ENABLED"":false,""RSI_ENTRY_LONG_TRADIER"":101.0,""RSI_ENTRY_SHORT_TRADIER"":-1.0,""START_POSITION_SIZE"":10000.0,""STOCH_CROSS_ENTRY_TRADIER"":false,""TRADIER_ENTRY_SCORE_THRESHOLD"":2.25,""WT_COMPOSITE_SCORING_ENABLED_TRADIER"":false,""WT_DC_HTF_GATE"":""none"",""WT_TF_15M_ENABLED"":true,""WT_TF_1H_ENABLED"":false,""WT_TF_4H_ENABLED"":false,""WT_TF_5M_ENABLED"":false,""WT_TF_D_ENABLED"":false}"
MOMENTUM_FADE_BODY_ATR_MIN_TRADIER,STRATEGY_CAUSAL,declared strategy/catalog/live-path setting,PASS,all applicable values/timeframes change real execution uniquely,ENGINE_AUTO_WIRED|GLOBAL|OTHER|QUICK_CONFIG|RECENT_5D,DISCONNECTED_LIVE_PATHS|ENGINE_AUTO_WIRED|QUICK_CONFIG|RECENT_RESULTS_5D|SWITCH_CATALOG,True,True,False,True,False,True,1h,WT_TF_1H_ENABLED,2.0,False,-694.916525740809,-694.916525740809,0.0,-13.595780908636995,4181,8.21,16.69352357775322,-0.02405143912734744,da245a156c7a27b8e331a4a5afed2a726f768bf95712f2c31c49cbfb749beb2f,da245a156c7a27b8e331a4a5afed2a726f768bf95712f2c31c49cbfb749beb2f,True,,"{""BACKTEST_VALIDATED_GATES_TRADIER"":false,""BASE_TF"":""5m"",""COMBINED_STOCH_GATE_TRADIER"":100.0,""COOLDOWN_BARS"":0,""COOLDOWN_BARS_TRADIER"":0,""DELTA_ENGINE_ENABLED"":true,""DELTA_MAX_HOLD_BARS"":1,""D_TREND_REQUIRED"":false,""HTF_ALIGNMENT_ENABLED"":false,""K3M_FLOOR"":0.0,""KINDERGARTEN_EMA_GATE_ENABLED"":false,""MFI_ENTRY_ENABLED"":false,""MIN_HOLD_BARS"":0,""MIN_HOLD_BARS_BEFORE_EXIT"":0,""MIN_HOLD_MINUTES_TRADIER"":0.0,""MOMENTUM_FADE_BODY_ATR_MIN_TRADIER"":2.0,""MOMENTUM_FADE_ENABLED_TRADIER"":true,""MTF_ARMED_WT_DIRECTION_SUSPEND_ENABLED"":false,""RSI_ENTRY_LONG_TRADIER"":101.0,""RSI_ENTRY_SHORT_TRADIER"":-1.0,""START_POSITION_SIZE"":10000.0,""STOCH_CROSS_ENTRY_TRADIER"":false,""TRADIER_ENTRY_SCORE_THRESHOLD"":5.25,""WT_COMPOSITE_SCORING_ENABLED_TRADIER"":false,""WT_DC_HTF_GATE"":""none"",""WT_TF_15M_ENABLED"":false,""WT_TF_1H_ENABLED"":true,""WT_TF_4H_ENABLED"":false,""WT_TF_5M_ENABLED"":false,""WT_TF_D_ENABLED"":false}"
MOMENTUM_FADE_BODY_ATR_MIN_TRADIER,STRATEGY_CAUSAL,declared strategy/catalog/live-path setting,PASS,all applicable values/timeframes change real execution uniquely,ENGINE_AUTO_WIRED|GLOBAL|OTHER|QUICK_CONFIG|RECENT_5D,DISCONNECTED_LIVE_PATHS|ENGINE_AUTO_WIRED|QUICK_CONFIG|RECENT_RESULTS_5D|SWITCH_CATALOG,True,True,False,True,False,True,1h,WT_TF_1H_ENABLED,1.0,True,-694.8871918274446,-694.916525740809,0.029333913364439468,-13.56644699527258,4208,8.26,16.795423126461152,-0.022802472471462047,13db347e25861ff24d0260831fe439dd1e9e8de73fa1bd8f34fae724caa862ad,da245a156c7a27b8e331a4a5afed2a726f768bf95712f2c31c49cbfb749beb2f,True,,"{""BACKTEST_VALIDATED_GATES_TRADIER"":false,""BASE_TF"":""5m"",""COMBINED_STOCH_GATE_TRADIER"":100.0,""COOLDOWN_BARS"":0,""COOLDOWN_BARS_TRADIER"":0,""DELTA_ENGINE_ENABLED"":true,""DELTA_MAX_HOLD_BARS"":1,""D_TREND_REQUIRED"":false,""HTF_ALIGNMENT_ENABLED"":false,""K3M_FLOOR"":0.0,""KINDERGARTEN_EMA_GATE_ENABLED"":false,""MFI_ENTRY_ENABLED"":false,""MIN_HOLD_BARS"":0,""MIN_HOLD_BARS_BEFORE_EXIT"":0,""MIN_HOLD_MINUTES_TRADIER"":0.0,""MOMENTUM_FADE_BODY_ATR_MIN_TRADIER"":1.0,""MOMENTUM_FADE_ENABLED_TRADIER"":true,""MTF_ARMED_WT_DIRECTION_SUSPEND_ENABLED"":false,""RSI_ENTRY_LONG_TRADIER"":101.0,""RSI_ENTRY_SHORT_TRADIER"":-1.0,""START_POSITION_SIZE"":10000.0,""STOCH_CROSS_ENTRY_TRADIER"":false,""TRADIER_ENTRY_SCORE_THRESHOLD"":5.25,""WT_COMPOSITE_SCORING_ENABLED_TRADIER"":false,""WT_DC_HTF_GATE"":""none"",""WT_TF_15M_ENABLED"":false,""WT_TF_1H_ENABLED"":true,""WT_TF_4H_ENABLED"":false,""WT_TF_5M_ENABLED"":false,""WT_TF_D_ENABLED"":false}"
MOMENTUM_FADE_BODY_ATR_MIN_TRADIER,STRATEGY_CAUSAL,declared strategy/catalog/live-path setting,PASS,all applicable values/timeframes change real execution uniquely,ENGINE_AUTO_WIRED|GLOBAL|OTHER|QUICK_CONFIG|RECENT_5D,DISCONNECTED_LIVE_PATHS|ENGINE_AUTO_WIRED|QUICK_CONFIG|RECENT_RESULTS_5D|SWITCH_CATALOG,True,True,False,True,False,True,1h,WT_TF_1H_ENABLED,1.5,True,-694.0696075450112,-694.916525740809,0.846918195797798,-12.748862712839248,4196,8.24,15.93241871876414,-0.02282929605575452,b42b37bf3fea0e409ea95819e47b341bca07af5f4e20df78376c509714fc9595,da245a156c7a27b8e331a4a5afed2a726f768bf95712f2c31c49cbfb749beb2f,True,,"{""BACKTEST_VALIDATED_GATES_TRADIER"":false,""BASE_TF"":""5m"",""COMBINED_STOCH_GATE_TRADIER"":100.0,""COOLDOWN_BARS"":0,""COOLDOWN_BARS_TRADIER"":0,""DELTA_ENGINE_ENABLED"":true,""DELTA_MAX_HOLD_BARS"":1,""D_TREND_REQUIRED"":false,""HTF_ALIGNMENT_ENABLED"":false,""K3M_FLOOR"":0.0,""KINDERGARTEN_EMA_GATE_ENABLED"":false,""MFI_ENTRY_ENABLED"":false,""MIN_HOLD_BARS"":0,""MIN_HOLD_BARS_BEFORE_EXIT"":0,""MIN_HOLD_MINUTES_TRADIER"":0.0,""MOMENTUM_FADE_BODY_ATR_MIN_TRADIER"":1.5,""MOMENTUM_FADE_ENABLED_TRADIER"":true,""MTF_ARMED_WT_DIRECTION_SUSPEND_ENABLED"":false,""RSI_ENTRY_LONG_TRADIER"":101.0,""RSI_ENTRY_SHORT_TRADIER"":-1.0,""START_POSITION_SIZE"":10000.0,""STOCH_CROSS_ENTRY_TRADIER"":false,""TRADIER_ENTRY_SCORE_THRESHOLD"":5.25,""WT_COMPOSITE_SCORING_ENABLED_TRADIER"":false,""WT_DC_HTF_GATE"":""none"",""WT_TF_15M_ENABLED"":false,""WT_TF_1H_ENABLED"":true,""WT_TF_4H_ENABLED"":false,""WT_TF_5M_ENABLED"":false,""WT_TF_D_ENABLED"":false}"
MOMENTUM_FADE_BODY_ATR_MIN_TRADIER,STRATEGY_CAUSAL,declared strategy/catalog/live-path setting,PASS,all applicable values/timeframes change real execution uniquely,ENGINE_AUTO_WIRED|GLOBAL|OTHER|QUICK_CONFIG|RECENT_5D,DISCONNECTED_LIVE_PATHS|ENGINE_AUTO_WIRED|QUICK_CONFIG|RECENT_RESULTS_5D|SWITCH_CATALOG,True,True,False,True,False,True,1h,WT_TF_1H_ENABLED,2.5,True,-692.9130654767154,-694.916525740809,2.0034602640936328,-11.59232064454344,4168,8.18,15.393494554049262,-0.020573440242670313,373fdbfe403ee0aeef197907b375cf08e88323e31835a3ff144895bab043b1d3,da245a156c7a27b8e331a4a5afed2a726f768bf95712f2c31c49cbfb749beb2f,True,,"{""BACKTEST_VALIDATED_GATES_TRADIER"":false,""BASE_TF"":""5m"",""COMBINED_STOCH_GATE_TRADIER"":100.0,""COOLDOWN_BARS"":0,""COOLDOWN_BARS_TRADIER"":0,""DELTA_ENGINE_ENABLED"":true,""DELTA_MAX_HOLD_BARS"":1,""D_TREND_REQUIRED"":false,""HTF_ALIGNMENT_ENABLED"":false,""K3M_FLOOR"":0.0,""KINDERGARTEN_EMA_GATE_ENABLED"":false,""MFI_ENTRY_ENABLED"":false,""MIN_HOLD_BARS"":0,""MIN_HOLD_BARS_BEFORE_EXIT"":0,""MIN_HOLD_MINUTES_TRADIER"":0.0,""MOMENTUM_FADE_BODY_ATR_MIN_TRADIER"":2.5,""MOMENTUM_FADE_ENABLED_TRADIER"":true,""MTF_ARMED_WT_DIRECTION_SUSPEND_ENABLED"":false,""RSI_ENTRY_LONG_TRADIER"":101.0,""RSI_ENTRY_SHORT_TRADIER"":-1.0,""START_POSITION_SIZE"":10000.0,""STOCH_CROSS_ENTRY_TRADIER"":false,""TRADIER_ENTRY_SCORE_THRESHOLD"":5.25,""WT_COMPOSITE_SCORING_ENABLED_TRADIER"":false,""WT_DC_HTF_GATE"":""none"",""WT_TF_15M_ENABLED"":false,""WT_TF_1H_ENABLED"":true,""WT_TF_4H_ENABLED"":false,""WT_TF_5M_ENABLED"":false,""WT_TF_D_ENABLED"":false}"
MOMENTUM_FADE_BODY_ATR_MIN_TRADIER,STRATEGY_CAUSAL,declared strategy/catalog/live-path setting,PASS,all applicable values/timeframes change real execution uniquely,ENGINE_AUTO_WIRED|GLOBAL|OTHER|QUICK_CONFIG|RECENT_5D,DISCONNECTED_LIVE_PATHS|ENGINE_AUTO_WIRED|QUICK_CONFIG|RECENT_RESULTS_5D|SWITCH_CATALOG,True,True,False,True,False,True,1h,WT_TF_1H_ENABLED,3.0,True,-692.8198188038765,-694.916525740809,2.0967069369324918,-11.499073971704563,4163,8.17,15.33193862729,-0.020134220625026553,bea996527e8647e6d5bbfef476a0168b0a0f27386b8ff6817a7bdb12f7ca2dec,da245a156c7a27b8e331a4a5afed2a726f768bf95712f2c31c49cbfb749beb2f,True,,"{""BACKTEST_VALIDATED_GATES_TRADIER"":false,""BASE_TF"":""5m"",""COMBINED_STOCH_GATE_TRADIER"":100.0,""COOLDOWN_BARS"":0,""COOLDOWN_BARS_TRADIER"":0,""DELTA_ENGINE_ENABLED"":true,""DELTA_MAX_HOLD_BARS"":1,""D_TREND_REQUIRED"":false,""HTF_ALIGNMENT_ENABLED"":false,""K3M_FLOOR"":0.0,""KINDERGARTEN_EMA_GATE_ENABLED"":false,""MFI_ENTRY_ENABLED"":false,""MIN_HOLD_BARS"":0,""MIN_HOLD_BARS_BEFORE_EXIT"":0,""MIN_HOLD_MINUTES_TRADIER"":0.0,""MOMENTUM_FADE_BODY_ATR_MIN_TRADIER"":3.0,""MOMENTUM_FADE_ENABLED_TRADIER"":true,""MTF_ARMED_WT_DIRECTION_SUSPEND_ENABLED"":false,""RSI_ENTRY_LONG_TRADIER"":101.0,""RSI_ENTRY_SHORT_TRADIER"":-1.0,""START_POSITION_SIZE"":10000.0,""STOCH_CROSS_ENTRY_TRADIER"":false,""TRADIER_ENTRY_SCORE_THRESHOLD"":5.25,""WT_COMPOSITE_SCORING_ENABLED_TRADIER"":false,""WT_DC_HTF_GATE"":""none"",""WT_TF_15M_ENABLED"":false,""WT_TF_1H_ENABLED"":true,""WT_TF_4H_ENABLED"":false,""WT_TF_5M_ENABLED"":false,""WT_TF_D_ENABLED"":false}"
MOMENTUM_FADE_BODY_ATR_MIN_TRADIER,STRATEGY_CAUSAL,declared strategy/catalog/live-path setting,PASS,all applicable values/timeframes change real execution uniquely,ENGINE_AUTO_WIRED|GLOBAL|OTHER|QUICK_CONFIG|RECENT_5D,DISCONNECTED_LIVE_PATHS|ENGINE_AUTO_WIRED|QUICK_CONFIG|RECENT_RESULTS_5D|SWITCH_CATALOG,True,True,False,True,False,True,4h,WT_TF_4H_ENABLED,2.0,False,-687.7994055032187,-687.7994055032187,0.0,-6.478660671046775,4960,9.74,13.10474523534354,-0.004616705097725206,ecf19608ad29ccf361b7901ae66efb93250c538f985d4f4df321b0fa668358f1,ecf19608ad29ccf361b7901ae66efb93250c538f985d4f4df321b0fa668358f1,True,,"{""BACKTEST_VALIDATED_GATES_TRADIER"":false,""BASE_TF"":""5m"",""COMBINED_STOCH_GATE_TRADIER"":100.0,""COOLDOWN_BARS"":0,""COOLDOWN_BARS_TRADIER"":0,""DELTA_ENGINE_ENABLED"":true,""DELTA_MAX_HOLD_BARS"":1,""D_TREND_REQUIRED"":false,""HTF_ALIGNMENT_ENABLED"":false,""K3M_FLOOR"":0.0,""KINDERGARTEN_EMA_GATE_ENABLED"":false,""MFI_ENTRY_ENABLED"":false,""MIN_HOLD_BARS"":0,""MIN_HOLD_BARS_BEFORE_EXIT"":0,""MIN_HOLD_MINUTES_TRADIER"":0.0,""MOMENTUM_FADE_BODY_ATR_MIN_TRADIER"":2.0,""MOMENTUM_FADE_ENABLED_TRADIER"":true,""MTF_ARMED_WT_DIRECTION_SUSPEND_ENABLED"":false,""RSI_ENTRY_LONG_TRADIER"":101.0,""RSI_ENTRY_SHORT_TRADIER"":-1.0,""START_POSITION_SIZE"":10000.0,""STOCH_CROSS_ENTRY_TRADIER"":false,""TRADIER_ENTRY_SCORE_THRESHOLD"":0.25,""WT_COMPOSITE_SCORING_ENABLED_TRADIER"":false,""WT_DC_HTF_GATE"":""none"",""WT_TF_15M_ENABLED"":false,""WT_TF_1H_ENABLED"":false,""WT_TF_4H_ENABLED"":true,""WT_TF_5M_ENABLED"":false,""WT_TF_D_ENABLED"":false}"
MOMENTUM_FADE_BODY_ATR_MIN_TRADIER,STRATEGY_CAUSAL,declared strategy/catalog/live-path setting,PASS,all applicable values/timeframes change real execution uniquely,ENGINE_AUTO_WIRED|GLOBAL|OTHER|QUICK_CONFIG|RECENT_5D,DISCONNECTED_LIVE_PATHS|ENGINE_AUTO_WIRED|QUICK_CONFIG|RECENT_RESULTS_5D|SWITCH_CATALOG,True,True,False,True,False,True,4h,WT_TF_4H_ENABLED,1.0,True,-687.3199996995161,-687.7994055032187,0.4794058037026616,-5.999254867344149,4963,9.74,12.650648901751463,-0.003981731766507327,efb88b3805a23999a737bb1b86324903b6c7a421207d32d424d4510fd508d6e7,ecf19608ad29ccf361b7901ae66efb93250c538f985d4f4df321b0fa668358f1,True,,"{""BACKTEST_VALIDATED_GATES_TRADIER"":false,""BASE_TF"":""5m"",""COMBINED_STOCH_GATE_TRADIER"":100.0,""COOLDOWN_BARS"":0,""COOLDOWN_BARS_TRADIER"":0,""DELTA_ENGINE_ENABLED"":true,""DELTA_MAX_HOLD_BARS"":1,""D_TREND_REQUIRED"":false,""HTF_ALIGNMENT_ENABLED"":false,""K3M_FLOOR"":0.0,""KINDERGARTEN_EMA_GATE_ENABLED"":false,""MFI_ENTRY_ENABLED"":false,""MIN_HOLD_BARS"":0,""MIN_HOLD_BARS_BEFORE_EXIT"":0,""MIN_HOLD_MINUTES_TRADIER"":0.0,""MOMENTUM_FADE_BODY_ATR_MIN_TRADIER"":1.0,""MOMENTUM_FADE_ENABLED_TRADIER"":true,""MTF_ARMED_WT_DIRECTION_SUSPEND_ENABLED"":false,""RSI_ENTRY_LONG_TRADIER"":101.0,""RSI_ENTRY_SHORT_TRADIER"":-1.0,""START_POSITION_SIZE"":10000.0,""STOCH_CROSS_ENTRY_TRADIER"":false,""TRADIER_ENTRY_SCORE_THRESHOLD"":0.25,""WT_COMPOSITE_SCORING_ENABLED_TRADIER"":false,""WT_DC_HTF_GATE"":""none"",""WT_TF_15M_ENABLED"":false,""WT_TF_1H_ENABLED"":false,""WT_TF_4H_ENABLED"":true,""WT_TF_5M_ENABLED"":false,""WT_TF_D_ENABLED"":false}"
MOMENTUM_FADE_BODY_ATR_MIN_TRADIER,STRATEGY_CAUSAL,declared strategy/catalog/live-path setting,PASS,all applicable values/timeframes change real execution uniquely,ENGINE_AUTO_WIRED|GLOBAL|OTHER|QUICK_CONFIG|RECENT_5D,DISCONNECTED_LIVE_PATHS|ENGINE_AUTO_WIRED|QUICK_CONFIG|RECENT_RESULTS_5D|SWITCH_CATALOG,True,True,False,True,False,True,4h,WT_TF_4H_ENABLED,1.5,True,-687.3346177367322,-687.7994055032187,0.46478776648655185,-6.013872904560199,4962,9.74,12.652448479646653,-0.004041886512917882,b374e3cc8c9a722be78c18f7b66caf152ac4d7599ed3a92ea07e6625ec6c38bc,ecf19608ad29ccf361b7901ae66efb93250c538f985d4f4df321b0fa668358f1,True,,"{""BACKTEST_VALIDATED_GATES_TRADIER"":false,""BASE_TF"":""5m"",""COMBINED_STOCH_GATE_TRADIER"":100.0,""COOLDOWN_BARS"":0,""COOLDOWN_BARS_TRADIER"":0,""DELTA_ENGINE_ENABLED"":true,""DELTA_MAX_HOLD_BARS"":1,""D_TREND_REQUIRED"":false,""HTF_ALIGNMENT_ENABLED"":false,""K3M_FLOOR"":0.0,""KINDERGARTEN_EMA_GATE_ENABLED"":false,""MFI_ENTRY_ENABLED"":false,""MIN_HOLD_BARS"":0,""MIN_HOLD_BARS_BEFORE_EXIT"":0,""MIN_HOLD_MINUTES_TRADIER"":0.0,""MOMENTUM_FADE_BODY_ATR_MIN_TRADIER"":1.5,""MOMENTUM_FADE_ENABLED_TRADIER"":true,""MTF_ARMED_WT_DIRECTION_SUSPEND_ENABLED"":false,""RSI_ENTRY_LONG_TRADIER"":101.0,""RSI_ENTRY_SHORT_TRADIER"":-1.0,""START_POSITION_SIZE"":10000.0,""STOCH_CROSS_ENTRY_TRADIER"":false,""TRADIER_ENTRY_SCORE_THRESHOLD"":0.25,""WT_COMPOSITE_SCORING_ENABLED_TRADIER"":false,""WT_DC_HTF_GATE"":""none"",""WT_TF_15M_ENABLED"":false,""WT_TF_1H_ENABLED"":false,""WT_TF_4H_ENABLED"":true,""WT_TF_5M_ENABLED"":false,""WT_TF_D_ENABLED"":false}"
MOMENTUM_FADE_BODY_ATR_MIN_TRADIER,STRATEGY_CAUSAL,declared strategy/catalog/live-path setting,PASS,all applicable values/timeframes change real execution uniquely,ENGINE_AUTO_WIRED|GLOBAL|OTHER|QUICK_CONFIG|RECENT_5D,DISCONNECTED_LIVE_PATHS|ENGINE_AUTO_WIRED|QUICK_CONFIG|RECENT_RESULTS_5D|SWITCH_CATALOG,True,True,False,True,False,True,4h,WT_TF_4H_ENABLED,2.5,True,-688.3370104004108,-687.7994055032187,-0.5376048971920682,-7.016265568238891,4959,9.74,13.667835664079247,-0.00547149442508674,809fafe2a820bc76015d9734780854fd94c4164ea3b03c4da33b4bb043419e34,ecf19608ad29ccf361b7901ae66efb93250c538f985d4f4df321b0fa668358f1,True,,"{""BACKTEST_VALIDATED_GATES_TRADIER"":false,""BASE_TF"":""5m"",""COMBINED_STOCH_GATE_TRADIER"":100.0,""COOLDOWN_BARS"":0,""COOLDOWN_BARS_TRADIER"":0,""DELTA_ENGINE_ENABLED"":true,""DELTA_MAX_HOLD_BARS"":1,""D_TREND_REQUIRED"":false,""HTF_ALIGNMENT_ENABLED"":false,""K3M_FLOOR"":0.0,""KINDERGARTEN_EMA_GATE_ENABLED"":false,""MFI_ENTRY_ENABLED"":false,""MIN_HOLD_BARS"":0,""MIN_HOLD_BARS_BEFORE_EXIT"":0,""MIN_HOLD_MINUTES_TRADIER"":0.0,""MOMENTUM_FADE_BODY_ATR_MIN_TRADIER"":2.5,""MOMENTUM_FADE_ENABLED_TRADIER"":true,""MTF_ARMED_WT_DIRECTION_SUSPEND_ENABLED"":false,""RSI_ENTRY_LONG_TRADIER"":101.0,""RSI_ENTRY_SHORT_TRADIER"":-1.0,""START_POSITION_SIZE"":10000.0,""STOCH_CROSS_ENTRY_TRADIER"":false,""TRADIER_ENTRY_SCORE_THRESHOLD"":0.25,""WT_COMPOSITE_SCORING_ENABLED_TRADIER"":false,""WT_DC_HTF_GATE"":""none"",""WT_TF_15M_ENABLED"":false,""WT_TF_1H_ENABLED"":false,""WT_TF_4H_ENABLED"":true,""WT_TF_5M_ENABLED"":false,""WT_TF_D_ENABLED"":false}"
MOMENTUM_FADE_BODY_ATR_MIN_TRADIER,STRATEGY_CAUSAL,declared strategy/catalog/live-path setting,PASS,all applicable values/timeframes change real execution uniquely,ENGINE_AUTO_WIRED|GLOBAL|OTHER|QUICK_CONFIG|RECENT_5D,DISCONNECTED_LIVE_PATHS|ENGINE_AUTO_WIRED|QUICK_CONFIG|RECENT_RESULTS_5D|SWITCH_CATALOG,True,True,False,True,False,True,4h,WT_TF_4H_ENABLED,3.0,True,-688.5364867135362,-687.7994055032187,-0.7370812103174558,-7.2157418813642265,4958,9.73,13.694406332960323,-0.005953459053653659,4f8392cd060d9cca1e96245ba8204054ba2510bfeb91494df8fb5423a75ed2b8,ecf19608ad29ccf361b7901ae66efb93250c538f985d4f4df321b0fa668358f1,True,,"{""BACKTEST_VALIDATED_GATES_TRADIER"":false,""BASE_TF"":""5m"",""COMBINED_STOCH_GATE_TRADIER"":100.0,""COOLDOWN_BARS"":0,""COOLDOWN_BARS_TRADIER"":0,""DELTA_ENGINE_ENABLED"":true,""DELTA_MAX_HOLD_BARS"":1,""D_TREND_REQUIRED"":false,""HTF_ALIGNMENT_ENABLED"":false,""K3M_FLOOR"":0.0,""KINDERGARTEN_EMA_GATE_ENABLED"":false,""MFI_ENTRY_ENABLED"":false,""MIN_HOLD_BARS"":0,""MIN_HOLD_BARS_BEFORE_EXIT"":0,""MIN_HOLD_MINUTES_TRADIER"":0.0,""MOMENTUM_FADE_BODY_ATR_MIN_TRADIER"":3.0,""MOMENTUM_FADE_ENABLED_TRADIER"":true,""MTF_ARMED_WT_DIRECTION_SUSPEND_ENABLED"":false,""RSI_ENTRY_LONG_TRADIER"":101.0,""RSI_ENTRY_SHORT_TRADIER"":-1.0,""START_POSITION_SIZE"":10000.0,""STOCH_CROSS_ENTRY_TRADIER"":false,""TRADIER_ENTRY_SCORE_THRESHOLD"":0.25,""WT_COMPOSITE_SCORING_ENABLED_TRADIER"":false,""WT_DC_HTF_GATE"":""none"",""WT_TF_15M_ENABLED"":false,""WT_TF_1H_ENABLED"":false,""WT_TF_4H_ENABLED"":true,""WT_TF_5M_ENABLED"":false,""WT_TF_D_ENABLED"":false}"
MOMENTUM_FADE_BODY_ATR_MIN_TRADIER,STRATEGY_CAUSAL,declared strategy/catalog/live-path setting,PASS,all applicable values/timeframes change real execution uniquely,ENGINE_AUTO_WIRED|GLOBAL|OTHER|QUICK_CONFIG|RECENT_5D,DISCONNECTED_LIVE_PATHS|ENGINE_AUTO_WIRED|QUICK_CONFIG|RECENT_RESULTS_5D|SWITCH_CATALOG,True,True,False,True,False,True,D,WT_TF_D_ENABLED,2.0,False,-699.2324452524961,-699.2324452524961,0.0,-17.911700420324063,4200,8.25,20.53386783721471,-0.028851247326924803,08bc9840983f03e38bb8748f0e3a66e2c00cbcc3494403e7878f63eb1b77bcca,08bc9840983f03e38bb8748f0e3a66e2c00cbcc3494403e7878f63eb1b77bcca,True,,"{""BACKTEST_VALIDATED_GATES_TRADIER"":false,""BASE_TF"":""5m"",""COMBINED_STOCH_GATE_TRADIER"":100.0,""COOLDOWN_BARS"":0,""COOLDOWN_BARS_TRADIER"":0,""DELTA_ENGINE_ENABLED"":true,""DELTA_MAX_HOLD_BARS"":1,""D_TREND_REQUIRED"":false,""HTF_ALIGNMENT_ENABLED"":false,""K3M_FLOOR"":0.0,""KINDERGARTEN_EMA_GATE_ENABLED"":false,""MFI_ENTRY_ENABLED"":false,""MIN_HOLD_BARS"":0,""MIN_HOLD_BARS_BEFORE_EXIT"":0,""MIN_HOLD_MINUTES_TRADIER"":0.0,""MOMENTUM_FADE_BODY_ATR_MIN_TRADIER"":2.0,""MOMENTUM_FADE_ENABLED_TRADIER"":true,""MTF_ARMED_WT_DIRECTION_SUSPEND_ENABLED"":false,""RSI_ENTRY_LONG_TRADIER"":101.0,""RSI_ENTRY_SHORT_TRADIER"":-1.0,""START_POSITION_SIZE"":10000.0,""STOCH_CROSS_ENTRY_TRADIER"":false,""TRADIER_ENTRY_SCORE_THRESHOLD"":5.25,""WT_COMPOSITE_SCORING_ENABLED_TRADIER"":false,""WT_DC_HTF_GATE"":""none"",""WT_TF_15M_ENABLED"":false,""WT_TF_1H_ENABLED"":false,""WT_TF_4H_ENABLED"":false,""WT_TF_5M_ENABLED"":false,""WT_TF_D_ENABLED"":true}"
MOMENTUM_FADE_BODY_ATR_MIN_TRADIER,STRATEGY_CAUSAL,declared strategy/catalog/live-path setting,PASS,all applicable values/timeframes change real execution uniquely,ENGINE_AUTO_WIRED|GLOBAL|OTHER|QUICK_CONFIG|RECENT_5D,DISCONNECTED_LIVE_PATHS|ENGINE_AUTO_WIRED|QUICK_CONFIG|RECENT_RESULTS_5D|SWITCH_CATALOG,True,True,False,True,False,True,D,WT_TF_D_ENABLED,1.0,True,-700.071635236493,-699.2324452524961,-0.8391899839969028,-18.750890404320998,4227,8.3,21.61285886305058,-0.030029681767744468,ecc35e51cae9472b5ba2653b23c836535b715a8f5f81f0dd0c0dec2f8edd86d9,08bc9840983f03e38bb8748f0e3a66e2c00cbcc3494403e7878f63eb1b77bcca,True,,"{""BACKTEST_VALIDATED_GATES_TRADIER"":false,""BASE_TF"":""5m"",""COMBINED_STOCH_GATE_TRADIER"":100.0,""COOLDOWN_BARS"":0,""COOLDOWN_BARS_TRADIER"":0,""DELTA_ENGINE_ENABLED"":true,""DELTA_MAX_HOLD_BARS"":1,""D_TREND_REQUIRED"":false,""HTF_ALIGNMENT_ENABLED"":false,""K3M_FLOOR"":0.0,""KINDERGARTEN_EMA_GATE_ENABLED"":false,""MFI_ENTRY_ENABLED"":false,""MIN_HOLD_BARS"":0,""MIN_HOLD_BARS_BEFORE_EXIT"":0,""MIN_HOLD_MINUTES_TRADIER"":0.0,""MOMENTUM_FADE_BODY_ATR_MIN_TRADIER"":1.0,""MOMENTUM_FADE_ENABLED_TRADIER"":true,""MTF_ARMED_WT_DIRECTION_SUSPEND_ENABLED"":false,""RSI_ENTRY_LONG_TRADIER"":101.0,""RSI_ENTRY_SHORT_TRADIER"":-1.0,""START_POSITION_SIZE"":10000.0,""STOCH_CROSS_ENTRY_TRADIER"":false,""TRADIER_ENTRY_SCORE_THRESHOLD"":5.25,""WT_COMPOSITE_SCORING_ENABLED_TRADIER"":false,""WT_DC_HTF_GATE"":""none"",""WT_TF_15M_ENABLED"":false,""WT_TF_1H_ENABLED"":false,""WT_TF_4H_ENABLED"":false,""WT_TF_5M_ENABLED"":false,""WT_TF_D_ENABLED"":true}"
MOMENTUM_FADE_BODY_ATR_MIN_TRADIER,STRATEGY_CAUSAL,declared strategy/catalog/live-path setting,PASS,all applicable values/timeframes change real execution uniquely,ENGINE_AUTO_WIRED|GLOBAL|OTHER|QUICK_CONFIG|RECENT_5D,DISCONNECTED_LIVE_PATHS|ENGINE_AUTO_WIRED|QUICK_CONFIG|RECENT_RESULTS_5D|SWITCH_CATALOG,True,True,False,True,False,True,D,WT_TF_D_ENABLED,1.5,True,-698.7374325965035,-699.2324452524961,0.49501265599258204,-17.416687764331563,4215,8.28,20.284978456722026,-0.02840732141049292,560354f524eb02ff46e5d97746f41fc9f233e30ce4b1990b3df9ba68cdc556de,08bc9840983f03e38bb8748f0e3a66e2c00cbcc3494403e7878f63eb1b77bcca,True,,"{""BACKTEST_VALIDATED_GATES_TRADIER"":false,""BASE_TF"":""5m"",""COMBINED_STOCH_GATE_TRADIER"":100.0,""COOLDOWN_BARS"":0,""COOLDOWN_BARS_TRADIER"":0,""DELTA_ENGINE_ENABLED"":true,""DELTA_MAX_HOLD_BARS"":1,""D_TREND_REQUIRED"":false,""HTF_ALIGNMENT_ENABLED"":false,""K3M_FLOOR"":0.0,""KINDERGARTEN_EMA_GATE_ENABLED"":false,""MFI_ENTRY_ENABLED"":false,""MIN_HOLD_BARS"":0,""MIN_HOLD_BARS_BEFORE_EXIT"":0,""MIN_HOLD_MINUTES_TRADIER"":0.0,""MOMENTUM_FADE_BODY_ATR_MIN_TRADIER"":1.5,""MOMENTUM_FADE_ENABLED_TRADIER"":true,""MTF_ARMED_WT_DIRECTION_SUSPEND_ENABLED"":false,""RSI_ENTRY_LONG_TRADIER"":101.0,""RSI_ENTRY_SHORT_TRADIER"":-1.0,""START_POSITION_SIZE"":10000.0,""STOCH_CROSS_ENTRY_TRADIER"":false,""TRADIER_ENTRY_SCORE_THRESHOLD"":5.25,""WT_COMPOSITE_SCORING_ENABLED_TRADIER"":false,""WT_DC_HTF_GATE"":""none"",""WT_TF_15M_ENABLED"":false,""WT_TF_1H_ENABLED"":false,""WT_TF_4H_ENABLED"":false,""WT_TF_5M_ENABLED"":false,""WT_TF_D_ENABLED"":true}"
MOMENTUM_FADE_BODY_ATR_MIN_TRADIER,STRATEGY_CAUSAL,declared strategy/catalog/live-path setting,PASS,all applicable values/timeframes change real execution uniquely,ENGINE_AUTO_WIRED|GLOBAL|OTHER|QUICK_CONFIG|RECENT_5D,DISCONNECTED_LIVE_PATHS|ENGINE_AUTO_WIRED|QUICK_CONFIG|RECENT_RESULTS_5D|SWITCH_CATALOG,True,True,False,True,False,True,D,WT_TF_D_ENABLED,2.5,True,-697.5956001276286,-699.2324452524961,1.6368451248674774,-16.274855295456675,4187,8.22,19.265291318514535,-0.02635906086286414,61a906ea7893fd6aed841a4f4c86a7eaccb9368825cefea631f8d11308aafe21,08bc9840983f03e38bb8748f0e3a66e2c00cbcc3494403e7878f63eb1b77bcca,True,,"{""BACKTEST_VALIDATED_GATES_TRADIER"":false,""BASE_TF"":""5m"",""COMBINED_STOCH_GATE_TRADIER"":100.0,""COOLDOWN_BARS"":0,""COOLDOWN_BARS_TRADIER"":0,""DELTA_ENGINE_ENABLED"":true,""DELTA_MAX_HOLD_BARS"":1,""D_TREND_REQUIRED"":false,""HTF_ALIGNMENT_ENABLED"":false,""K3M_FLOOR"":0.0,""KINDERGARTEN_EMA_GATE_ENABLED"":false,""MFI_ENTRY_ENABLED"":false,""MIN_HOLD_BARS"":0,""MIN_HOLD_BARS_BEFORE_EXIT"":0,""MIN_HOLD_MINUTES_TRADIER"":0.0,""MOMENTUM_FADE_BODY_ATR_MIN_TRADIER"":2.5,""MOMENTUM_FADE_ENABLED_TRADIER"":true,""MTF_ARMED_WT_DIRECTION_SUSPEND_ENABLED"":false,""RSI_ENTRY_LONG_TRADIER"":101.0,""RSI_ENTRY_SHORT_TRADIER"":-1.0,""START_POSITION_SIZE"":10000.0,""STOCH_CROSS_ENTRY_TRADIER"":false,""TRADIER_ENTRY_SCORE_THRESHOLD"":5.25,""WT_COMPOSITE_SCORING_ENABLED_TRADIER"":false,""WT_DC_HTF_GATE"":""none"",""WT_TF_15M_ENABLED"":false,""WT_TF_1H_ENABLED"":false,""WT_TF_4H_ENABLED"":false,""WT_TF_5M_ENABLED"":false,""WT_TF_D_ENABLED"":true}"
MOMENTUM_FADE_BODY_ATR_MIN_TRADIER,STRATEGY_CAUSAL,declared strategy/catalog/live-path setting,PASS,all applicable values/timeframes change real execution uniquely,ENGINE_AUTO_WIRED|GLOBAL|OTHER|QUICK_CONFIG|RECENT_5D,DISCONNECTED_LIVE_PATHS|ENGINE_AUTO_WIRED|QUICK_CONFIG|RECENT_RESULTS_5D|SWITCH_CATALOG,True,True,False,True,False,True,D,WT_TF_D_ENABLED,3.0,True,-697.5023534547897,-699.2324452524961,1.7300917977063364,-16.181608622617798,4182,8.21,19.238233636518636,-0.02592746642531931,d6ea07c228feda0d3ee7253304ff695461c77498d991ec0e09aac2a95dbaf824,08bc9840983f03e38bb8748f0e3a66e2c00cbcc3494403e7878f63eb1b77bcca,True,,"{""BACKTEST_VALIDATED_GATES_TRADIER"":false,""BASE_TF"":""5m"",""COMBINED_STOCH_GATE_TRADIER"":100.0,""COOLDOWN_BARS"":0,""COOLDOWN_BARS_TRADIER"":0,""DELTA_ENGINE_ENABLED"":true,""DELTA_MAX_HOLD_BARS"":1,""D_TREND_REQUIRED"":false,""HTF_ALIGNMENT_ENABLED"":false,""K3M_FLOOR"":0.0,""KINDERGARTEN_EMA_GATE_ENABLED"":false,""MFI_ENTRY_ENABLED"":false,""MIN_HOLD_BARS"":0,""MIN_HOLD_BARS_BEFORE_EXIT"":0,""MIN_HOLD_MINUTES_TRADIER"":0.0,""MOMENTUM_FADE_BODY_ATR_MIN_TRADIER"":3.0,""MOMENTUM_FADE_ENABLED_TRADIER"":true,""MTF_ARMED_WT_DIRECTION_SUSPEND_ENABLED"":false,""RSI_ENTRY_LONG_TRADIER"":101.0,""RSI_ENTRY_SHORT_TRADIER"":-1.0,""START_POSITION_SIZE"":10000.0,""STOCH_CROSS_ENTRY_TRADIER"":false,""TRADIER_ENTRY_SCORE_THRESHOLD"":5.25,""WT_COMPOSITE_SCORING_ENABLED_TRADIER"":false,""WT_DC_HTF_GATE"":""none"",""WT_TF_15M_ENABLED"":false,""WT_TF_1H_ENABLED"":false,""WT_TF_4H_ENABLED"":false,""WT_TF_5M_ENABLED"":false,""WT_TF_D_ENABLED"":true}"
MOMENTUM_FADE_ENABLED_TRADIER,STRATEGY_CAUSAL,declared strategy/catalog/live-path setting,PASS,all applicable values/timeframes change real execution uniquely,ENGINE_AUTO_WIRED|GLOBAL|OTHER|QUICK_CONFIG|RECENT_5D,DISCONNECTED_LIVE_PATHS|ENGINE_AUTO_WIRED|QUICK_CONFIG|RECENT_RESULTS_5D|SWITCH_CATALOG,True,True,False,True,False,True,5m,WT_TF_5M_ENABLED,false,False,-656.9388218079218,-656.9388218079218,0.0,24.381923024250128,5822,11.43,10.988121383821742,0.058687443293111145,afbadb6f681d9e352bb4a264e56d400772e309ce20115712be2ec1054ae712a2,afbadb6f681d9e352bb4a264e56d400772e309ce20115712be2ec1054ae712a2,True,,"{""BACKTEST_VALIDATED_GATES_TRADIER"":false,""BASE_TF"":""5m"",""COMBINED_STOCH_GATE_TRADIER"":100.0,""COOLDOWN_BARS"":0,""COOLDOWN_BARS_TRADIER"":0,""DELTA_ENGINE_ENABLED"":true,""DELTA_MAX_HOLD_BARS"":1,""D_TREND_REQUIRED"":false,""HTF_ALIGNMENT_ENABLED"":false,""K3M_FLOOR"":0.0,""KINDERGARTEN_EMA_GATE_ENABLED"":false,""MFI_ENTRY_ENABLED"":false,""MIN_HOLD_BARS"":0,""MIN_HOLD_BARS_BEFORE_EXIT"":0,""MIN_HOLD_MINUTES_TRADIER"":0.0,""MOMENTUM_FADE_ENABLED_TRADIER"":false,""MTF_ARMED_WT_DIRECTION_SUSPEND_ENABLED"":false,""RSI_ENTRY_LONG_TRADIER"":101.0,""RSI_ENTRY_SHORT_TRADIER"":-1.0,""START_POSITION_SIZE"":10000.0,""STOCH_CROSS_ENTRY_TRADIER"":false,""TRADIER_ENTRY_SCORE_THRESHOLD"":5.0,""WT_COMPOSITE_SCORING_ENABLED_TRADIER"":false,""WT_DC_HTF_GATE"":""none"",""WT_TF_15M_ENABLED"":false,""WT_TF_1H_ENABLED"":false,""WT_TF_4H_ENABLED"":false,""WT_TF_5M_ENABLED"":true,""WT_TF_D_ENABLED"":false}"
MOMENTUM_FADE_ENABLED_TRADIER,STRATEGY_CAUSAL,declared strategy/catalog/live-path setting,PASS,all applicable values/timeframes change real execution uniquely,ENGINE_AUTO_WIRED|GLOBAL|OTHER|QUICK_CONFIG|RECENT_5D,DISCONNECTED_LIVE_PATHS|ENGINE_AUTO_WIRED|QUICK_CONFIG|RECENT_RESULTS_5D|SWITCH_CATALOG,True,True,False,True,False,True,5m,WT_TF_5M_ENABLED,true,True,-654.4397277045891,-656.9388218079218,2.499094103332709,26.88101712758279,5841,11.47,11.143057071414242,0.062470209213886595,58e887241a0de35eba648b31fa8d594bb68d196a5b77dd327c9a26c745e1a44f,afbadb6f681d9e352bb4a264e56d400772e309ce20115712be2ec1054ae712a2,True,,"{""BACKTEST_VALIDATED_GATES_TRADIER"":false,""BASE_TF"":""5m"",""COMBINED_STOCH_GATE_TRADIER"":100.0,""COOLDOWN_BARS"":0,""COOLDOWN_BARS_TRADIER"":0,""DELTA_ENGINE_ENABLED"":true,""DELTA_MAX_HOLD_BARS"":1,""D_TREND_REQUIRED"":false,""HTF_ALIGNMENT_ENABLED"":false,""K3M_FLOOR"":0.0,""KINDERGARTEN_EMA_GATE_ENABLED"":false,""MFI_ENTRY_ENABLED"":false,""MIN_HOLD_BARS"":0,""MIN_HOLD_BARS_BEFORE_EXIT"":0,""MIN_HOLD_MINUTES_TRADIER"":0.0,""MOMENTUM_FADE_ENABLED_TRADIER"":true,""MTF_ARMED_WT_DIRECTION_SUSPEND_ENABLED"":false,""RSI_ENTRY_LONG_TRADIER"":101.0,""RSI_ENTRY_SHORT_TRADIER"":-1.0,""START_POSITION_SIZE"":10000.0,""STOCH_CROSS_ENTRY_TRADIER"":false,""TRADIER_ENTRY_SCORE_THRESHOLD"":5.0,""WT_COMPOSITE_SCORING_ENABLED_TRADIER"":false,""WT_DC_HTF_GATE"":""none"",""WT_TF_15M_ENABLED"":false,""WT_TF_1H_ENABLED"":false,""WT_TF_4H_ENABLED"":false,""WT_TF_5M_ENABLED"":true,""WT_TF_D_ENABLED"":false}"
MOMENTUM_FADE_ENABLED_TRADIER,STRATEGY_CAUSAL,declared strategy/catalog/live-path setting,PASS,all applicable values/timeframes change real execution uniquely,ENGINE_AUTO_WIRED|GLOBAL|OTHER|QUICK_CONFIG|RECENT_5D,DISCONNECTED_LIVE_PATHS|ENGINE_AUTO_WIRED|QUICK_CONFIG|RECENT_RESULTS_5D|SWITCH_CATALOG,True,True,False,True,False,True,15m,WT_TF_15M_ENABLED,false,False,-687.0901914379009,-687.0901914379009,0.0,-5.769446605728952,5002,9.82,12.41322244527443,0.00012011715575014621,d7491898b12b629ac54376a3f0cc4127275677914a020e0a9678bc5ba7d37261,d7491898b12b629ac54376a3f0cc4127275677914a020e0a9678bc5ba7d37261,True,,"{""BACKTEST_VALIDATED_GATES_TRADIER"":false,""BASE_TF"":""5m"",""COMBINED_STOCH_GATE_TRADIER"":100.0,""COOLDOWN_BARS"":0,""COOLDOWN_BARS_TRADIER"":0,""DELTA_ENGINE_ENABLED"":true,""DELTA_MAX_HOLD_BARS"":1,""D_TREND_REQUIRED"":false,""HTF_ALIGNMENT_ENABLED"":false,""K3M_FLOOR"":0.0,""KINDERGARTEN_EMA_GATE_ENABLED"":false,""MFI_ENTRY_ENABLED"":false,""MIN_HOLD_BARS"":0,""MIN_HOLD_BARS_BEFORE_EXIT"":0,""MIN_HOLD_MINUTES_TRADIER"":0.0,""MOMENTUM_FADE_ENABLED_TRADIER"":false,""MTF_ARMED_WT_DIRECTION_SUSPEND_ENABLED"":false,""RSI_ENTRY_LONG_TRADIER"":101.0,""RSI_ENTRY_SHORT_TRADIER"":-1.0,""START_POSITION_SIZE"":10000.0,""STOCH_CROSS_ENTRY_TRADIER"":false,""TRADIER_ENTRY_SCORE_THRESHOLD"":5.0,""WT_COMPOSITE_SCORING_ENABLED_TRADIER"":false,""WT_DC_HTF_GATE"":""none"",""WT_TF_15M_ENABLED"":true,""WT_TF_1H_ENABLED"":false,""WT_TF_4H_ENABLED"":false,""WT_TF_5M_ENABLED"":false,""WT_TF_D_ENABLED"":false}"
MOMENTUM_FADE_ENABLED_TRADIER,STRATEGY_CAUSAL,declared strategy/catalog/live-path setting,PASS,all applicable values/timeframes change real execution uniquely,ENGINE_AUTO_WIRED|GLOBAL|OTHER|QUICK_CONFIG|RECENT_5D,DISCONNECTED_LIVE_PATHS|ENGINE_AUTO_WIRED|QUICK_CONFIG|RECENT_RESULTS_5D|SWITCH_CATALOG,True,True,False,True,False,True,15m,WT_TF_15M_ENABLED,true,True,-685.5286387439035,-687.0901914379009,1.5615526939974416,-4.207893911731468,5033,9.88,11.399460969043652,0.003516887305395749,2d71f4e9b0e24ba9b0f076ceda793b905938718c8fa5cf42127b065a7b483fac,d7491898b12b629ac54376a3f0cc4127275677914a020e0a9678bc5ba7d37261,True,,"{""BACKTEST_VALIDATED_GATES_TRADIER"":false,""BASE_TF"":""5m"",""COMBINED_STOCH_GATE_TRADIER"":100.0,""COOLDOWN_BARS"":0,""COOLDOWN_BARS_TRADIER"":0,""DELTA_ENGINE_ENABLED"":true,""DELTA_MAX_HOLD_BARS"":1,""D_TREND_REQUIRED"":false,""HTF_ALIGNMENT_ENABLED"":false,""K3M_FLOOR"":0.0,""KINDERGARTEN_EMA_GATE_ENABLED"":false,""MFI_ENTRY_ENABLED"":false,""MIN_HOLD_BARS"":0,""MIN_HOLD_BARS_BEFORE_EXIT"":0,""MIN_HOLD_MINUTES_TRADIER"":0.0,""MOMENTUM_FADE_ENABLED_TRADIER"":true,""MTF_ARMED_WT_DIRECTION_SUSPEND_ENABLED"":false,""RSI_ENTRY_LONG_TRADIER"":101.0,""RSI_ENTRY_SHORT_TRADIER"":-1.0,""START_POSITION_SIZE"":10000.0,""STOCH_CROSS_ENTRY_TRADIER"":false,""TRADIER_ENTRY_SCORE_THRESHOLD"":5.0,""WT_COMPOSITE_SCORING_ENABLED_TRADIER"":false,""WT_DC_HTF_GATE"":""none"",""WT_TF_15M_ENABLED"":true,""WT_TF_1H_ENABLED"":false,""WT_TF_4H_ENABLED"":false,""WT_TF_5M_ENABLED"":false,""WT_TF_D_ENABLED"":false}"
MOMENTUM_FADE_ENABLED_TRADIER,STRATEGY_CAUSAL,declared strategy/catalog/live-path setting,PASS,all applicable values/timeframes change real execution uniquely,ENGINE_AUTO_WIRED|GLOBAL|OTHER|QUICK_CONFIG|RECENT_5D,DISCONNECTED_LIVE_PATHS|ENGINE_AUTO_WIRED|QUICK_CONFIG|RECENT_RESULTS_5D|SWITCH_CATALOG,True,True,False,True,False,True,1h,WT_TF_1H_ENABLED,false,False,-695.6542712913069,-695.6542712913069,0.0,-14.333526459134946,4633,9.1,18.085671550924314,-0.024515453378560426,14e71d68e65c589cde89e47be1b3d57f86d2c9e3c4cb8806eb2457d984a41015,14e71d68e65c589cde89e47be1b3d57f86d2c9e3c4cb8806eb2457d984a41015,True,,"{""BACKTEST_VALIDATED_GATES_TRADIER"":false,""BASE_TF"":""5m"",""COMBINED_STOCH_GATE_TRADIER"":100.0,""COOLDOWN_BARS"":0,""COOLDOWN_BARS_TRADIER"":0,""DELTA_ENGINE_ENABLED"":true,""DELTA_MAX_HOLD_BARS"":1,""D_TREND_REQUIRED"":false,""HTF_ALIGNMENT_ENABLED"":false,""K3M_FLOOR"":0.0,""KINDERGARTEN_EMA_GATE_ENABLED"":false,""MFI_ENTRY_ENABLED"":false,""MIN_HOLD_BARS"":0,""MIN_HOLD_BARS_BEFORE_EXIT"":0,""MIN_HOLD_MINUTES_TRADIER"":0.0,""MOMENTUM_FADE_ENABLED_TRADIER"":false,""MTF_ARMED_WT_DIRECTION_SUSPEND_ENABLED"":false,""RSI_ENTRY_LONG_TRADIER"":101.0,""RSI_ENTRY_SHORT_TRADIER"":-1.0,""START_POSITION_SIZE"":10000.0,""STOCH_CROSS_ENTRY_TRADIER"":false,""TRADIER_ENTRY_SCORE_THRESHOLD"":5.0,""WT_COMPOSITE_SCORING_ENABLED_TRADIER"":false,""WT_DC_HTF_GATE"":""none"",""WT_TF_15M_ENABLED"":false,""WT_TF_1H_ENABLED"":true,""WT_TF_4H_ENABLED"":false,""WT_TF_5M_ENABLED"":false,""WT_TF_D_ENABLED"":false}"
MOMENTUM_FADE_ENABLED_TRADIER,STRATEGY_CAUSAL,declared strategy/catalog/live-path setting,PASS,all applicable values/timeframes change real execution uniquely,ENGINE_AUTO_WIRED|GLOBAL|OTHER|QUICK_CONFIG|RECENT_5D,DISCONNECTED_LIVE_PATHS|ENGINE_AUTO_WIRED|QUICK_CONFIG|RECENT_RESULTS_5D|SWITCH_CATALOG,True,True,False,True,False,True,1h,WT_TF_1H_ENABLED,true,True,-694.284194210647,-695.6542712913069,1.3700770806599394,-12.963449378475067,4644,9.12,17.330654671062046,-0.021103505084623626,c5a892fa16ffc5a73cbe2ea2dd2581720677509ff7cb0d6d6e5ede3a949f9bf5,14e71d68e65c589cde89e47be1b3d57f86d2c9e3c4cb8806eb2457d984a41015,True,,"{""BACKTEST_VALIDATED_GATES_TRADIER"":false,""BASE_TF"":""5m"",""COMBINED_STOCH_GATE_TRADIER"":100.0,""COOLDOWN_BARS"":0,""COOLDOWN_BARS_TRADIER"":0,""DELTA_ENGINE_ENABLED"":true,""DELTA_MAX_HOLD_BARS"":1,""D_TREND_REQUIRED"":false,""HTF_ALIGNMENT_ENABLED"":false,""K3M_FLOOR"":0.0,""KINDERGARTEN_EMA_GATE_ENABLED"":false,""MFI_ENTRY_ENABLED"":false,""MIN_HOLD_BARS"":0,""MIN_HOLD_BARS_BEFORE_EXIT"":0,""MIN_HOLD_MINUTES_TRADIER"":0.0,""MOMENTUM_FADE_ENABLED_TRADIER"":true,""MTF_ARMED_WT_DIRECTION_SUSPEND_ENABLED"":false,""RSI_ENTRY_LONG_TRADIER"":101.0,""RSI_ENTRY_SHORT_TRADIER"":-1.0,""START_POSITION_SIZE"":10000.0,""STOCH_CROSS_ENTRY_TRADIER"":false,""TRADIER_ENTRY_SCORE_THRESHOLD"":5.0,""WT_COMPOSITE_SCORING_ENABLED_TRADIER"":false,""WT_DC_HTF_GATE"":""none"",""WT_TF_15M_ENABLED"":false,""WT_TF_1H_ENABLED"":true,""WT_TF_4H_ENABLED"":false,""WT_TF_5M_ENABLED"":false,""WT_TF_D_ENABLED"":false}"
MOMENTUM_FADE_ENABLED_TRADIER,STRATEGY_CAUSAL,declared strategy/catalog/live-path setting,PASS,all applicable values/timeframes change real execution uniquely,ENGINE_AUTO_WIRED|GLOBAL|OTHER|QUICK_CONFIG|RECENT_5D,DISCONNECTED_LIVE_PATHS|ENGINE_AUTO_WIRED|QUICK_CONFIG|RECENT_RESULTS_5D|SWITCH_CATALOG,True,True,False,True,False,True,4h,WT_TF_4H_ENABLED,false,False,-691.235851792058,-691.235851792058,0.0,-9.915106959886097,4486,8.81,14.46823072382547,-0.014306801723567296,4b38b574be5e87db89f6f29ff195ee6aaa7993567e5374a62f957fbf0ecf0cd7,4b38b574be5e87db89f6f29ff195ee6aaa7993567e5374a62f957fbf0ecf0cd7,True,,"{""BACKTEST_VALIDATED_GATES_TRADIER"":false,""BASE_TF"":""5m"",""COMBINED_STOCH_GATE_TRADIER"":100.0,""COOLDOWN_BARS"":0,""COOLDOWN_BARS_TRADIER"":0,""DELTA_ENGINE_ENABLED"":true,""DELTA_MAX_HOLD_BARS"":1,""D_TREND_REQUIRED"":false,""HTF_ALIGNMENT_ENABLED"":false,""K3M_FLOOR"":0.0,""KINDERGARTEN_EMA_GATE_ENABLED"":false,""MFI_ENTRY_ENABLED"":false,""MIN_HOLD_BARS"":0,""MIN_HOLD_BARS_BEFORE_EXIT"":0,""MIN_HOLD_MINUTES_TRADIER"":0.0,""MOMENTUM_FADE_ENABLED_TRADIER"":false,""MTF_ARMED_WT_DIRECTION_SUSPEND_ENABLED"":false,""RSI_ENTRY_LONG_TRADIER"":101.0,""RSI_ENTRY_SHORT_TRADIER"":-1.0,""START_POSITION_SIZE"":10000.0,""STOCH_CROSS_ENTRY_TRADIER"":false,""TRADIER_ENTRY_SCORE_THRESHOLD"":5.0,""WT_COMPOSITE_SCORING_ENABLED_TRADIER"":false,""WT_DC_HTF_GATE"":""none"",""WT_TF_15M_ENABLED"":false,""WT_TF_1H_ENABLED"":false,""WT_TF_4H_ENABLED"":true,""WT_TF_5M_ENABLED"":false,""WT_TF_D_ENABLED"":false}"
MOMENTUM_FADE_ENABLED_TRADIER,STRATEGY_CAUSAL,declared strategy/catalog/live-path setting,PASS,all applicable values/timeframes change real execution uniquely,ENGINE_AUTO_WIRED|GLOBAL|OTHER|QUICK_CONFIG|RECENT_5D,DISCONNECTED_LIVE_PATHS|ENGINE_AUTO_WIRED|QUICK_CONFIG|RECENT_RESULTS_5D|SWITCH_CATALOG,True,True,False,True,False,True,4h,WT_TF_4H_ENABLED,true,True,-689.5075284711747,-691.235851792058,1.7283233208833053,-8.1867836390028,4501,8.84,13.62616394415242,-0.00995366935931382,12ff2f22121c4afd79ba64e4dcc8584d4cb168ec9358e5174aafd478ee2cffe0,4b38b574be5e87db89f6f29ff195ee6aaa7993567e5374a62f957fbf0ecf0cd7,True,,"{""BACKTEST_VALIDATED_GATES_TRADIER"":false,""BASE_TF"":""5m"",""COMBINED_STOCH_GATE_TRADIER"":100.0,""COOLDOWN_BARS"":0,""COOLDOWN_BARS_TRADIER"":0,""DELTA_ENGINE_ENABLED"":true,""DELTA_MAX_HOLD_BARS"":1,""D_TREND_REQUIRED"":false,""HTF_ALIGNMENT_ENABLED"":false,""K3M_FLOOR"":0.0,""KINDERGARTEN_EMA_GATE_ENABLED"":false,""MFI_ENTRY_ENABLED"":false,""MIN_HOLD_BARS"":0,""MIN_HOLD_BARS_BEFORE_EXIT"":0,""MIN_HOLD_MINUTES_TRADIER"":0.0,""MOMENTUM_FADE_ENABLED_TRADIER"":true,""MTF_ARMED_WT_DIRECTION_SUSPEND_ENABLED"":false,""RSI_ENTRY_LONG_TRADIER"":101.0,""RSI_ENTRY_SHORT_TRADIER"":-1.0,""START_POSITION_SIZE"":10000.0,""STOCH_CROSS_ENTRY_TRADIER"":false,""TRADIER_ENTRY_SCORE_THRESHOLD"":5.0,""WT_COMPOSITE_SCORING_ENABLED_TRADIER"":false,""WT_DC_HTF_GATE"":""none"",""WT_TF_15M_ENABLED"":false,""WT_TF_1H_ENABLED"":false,""WT_TF_4H_ENABLED"":true,""WT_TF_5M_ENABLED"":false,""WT_TF_D_ENABLED"":false}"
MOMENTUM_FADE_ENABLED_TRADIER,STRATEGY_CAUSAL,declared strategy/catalog/live-path setting,PASS,all applicable values/timeframes change real execution uniquely,ENGINE_AUTO_WIRED|GLOBAL|OTHER|QUICK_CONFIG|RECENT_5D,DISCONNECTED_LIVE_PATHS|ENGINE_AUTO_WIRED|QUICK_CONFIG|RECENT_RESULTS_5D|SWITCH_CATALOG,True,True,False,True,False,True,D,WT_TF_D_ENABLED,false,False,-701.5657107345239,-701.5657107345239,0.0,-20.24496590235192,4599,9.03,23.290930068462274,-0.030029469410877113,3bca9da68001e466ef9cc4298fad0c25b537c534943bc1ca8e0cd911cb9f1d40,3bca9da68001e466ef9cc4298fad0c25b537c534943bc1ca8e0cd911cb9f1d40,True,,"{""BACKTEST_VALIDATED_GATES_TRADIER"":false,""BASE_TF"":""5m"",""COMBINED_STOCH_GATE_TRADIER"":100.0,""COOLDOWN_BARS"":0,""COOLDOWN_BARS_TRADIER"":0,""DELTA_ENGINE_ENABLED"":true,""DELTA_MAX_HOLD_BARS"":1,""D_TREND_REQUIRED"":false,""HTF_ALIGNMENT_ENABLED"":false,""K3M_FLOOR"":0.0,""KINDERGARTEN_EMA_GATE_ENABLED"":false,""MFI_ENTRY_ENABLED"":false,""MIN_HOLD_BARS"":0,""MIN_HOLD_BARS_BEFORE_EXIT"":0,""MIN_HOLD_MINUTES_TRADIER"":0.0,""MOMENTUM_FADE_ENABLED_TRADIER"":false,""MTF_ARMED_WT_DIRECTION_SUSPEND_ENABLED"":false,""RSI_ENTRY_LONG_TRADIER"":101.0,""RSI_ENTRY_SHORT_TRADIER"":-1.0,""START_POSITION_SIZE"":10000.0,""STOCH_CROSS_ENTRY_TRADIER"":false,""TRADIER_ENTRY_SCORE_THRESHOLD"":5.0,""WT_COMPOSITE_SCORING_ENABLED_TRADIER"":false,""WT_DC_HTF_GATE"":""none"",""WT_TF_15M_ENABLED"":false,""WT_TF_1H_ENABLED"":false,""WT_TF_4H_ENABLED"":false,""WT_TF_5M_ENABLED"":false,""WT_TF_D_ENABLED"":true}"
MOMENTUM_FADE_ENABLED_TRADIER,STRATEGY_CAUSAL,declared strategy/catalog/live-path setting,PASS,all applicable values/timeframes change real execution uniquely,ENGINE_AUTO_WIRED|GLOBAL|OTHER|QUICK_CONFIG|RECENT_5D,DISCONNECTED_LIVE_PATHS|ENGINE_AUTO_WIRED|QUICK_CONFIG|RECENT_RESULTS_5D|SWITCH_CATALOG,True,True,False,True,False,True,D,WT_TF_D_ENABLED,true,True,-699.9420389002464,-701.5657107345239,1.623671834277502,-18.621294068074462,4609,9.05,21.777406003325744,-0.025951292657256715,72b9d51338e8be7d2f5346016d27542c64048f8d23c13cf515eedbb082f3b0ad,3bca9da68001e466ef9cc4298fad0c25b537c534943bc1ca8e0cd911cb9f1d40,True,,"{""BACKTEST_VALIDATED_GATES_TRADIER"":false,""BASE_TF"":""5m"",""COMBINED_STOCH_GATE_TRADIER"":100.0,""COOLDOWN_BARS"":0,""COOLDOWN_BARS_TRADIER"":0,""DELTA_ENGINE_ENABLED"":true,""DELTA_MAX_HOLD_BARS"":1,""D_TREND_REQUIRED"":false,""HTF_ALIGNMENT_ENABLED"":false,""K3M_FLOOR"":0.0,""KINDERGARTEN_EMA_GATE_ENABLED"":false,""MFI_ENTRY_ENABLED"":false,""MIN_HOLD_BARS"":0,""MIN_HOLD_BARS_BEFORE_EXIT"":0,""MIN_HOLD_MINUTES_TRADIER"":0.0,""MOMENTUM_FADE_ENABLED_TRADIER"":true,""MTF_ARMED_WT_DIRECTION_SUSPEND_ENABLED"":false,""RSI_ENTRY_LONG_TRADIER"":101.0,""RSI_ENTRY_SHORT_TRADIER"":-1.0,""START_POSITION_SIZE"":10000.0,""STOCH_CROSS_ENTRY_TRADIER"":false,""TRADIER_ENTRY_SCORE_THRESHOLD"":5.0,""WT_COMPOSITE_SCORING_ENABLED_TRADIER"":false,""WT_DC_HTF_GATE"":""none"",""WT_TF_15M_ENABLED"":false,""WT_TF_1H_ENABLED"":false,""WT_TF_4H_ENABLED"":false,""WT_TF_5M_ENABLED"":false,""WT_TF_D_ENABLED"":true}"
MOMENTUM_FADE_K_ZONE_TRADIER,STRATEGY_CAUSAL,declared strategy/catalog/live-path setting,PASS,all applicable values/timeframes change real execution uniquely,ENGINE_AUTO_WIRED|ENTRY|GLOBAL|QUICK_CONFIG|RECENT_5D,DISCONNECTED_LIVE_PATHS|ENGINE_AUTO_WIRED|QUICK_CONFIG|RECENT_RESULTS_5D|SWITCH_CATALOG,True,True,False,True,False,True,5m,WT_TF_5M_ENABLED,false,True,-654.9523480172643,-654.4397277045891,-0.5126203126751534,26.368396814907648,5867,11.52,11.633027775917096,0.06100091386037894,518f14d264906f9a5d143f5a4717d2d611a49d3bf3c12a2567633acd9c6e9ea6,58e887241a0de35eba648b31fa8d594bb68d196a5b77dd327c9a26c745e1a44f,True,,"{""BACKTEST_VALIDATED_GATES_TRADIER"":false,""BASE_TF"":""5m"",""COMBINED_STOCH_GATE_TRADIER"":100.0,""COOLDOWN_BARS"":0,""COOLDOWN_BARS_TRADIER"":0,""DELTA_ENGINE_ENABLED"":true,""DELTA_MAX_HOLD_BARS"":1,""D_TREND_REQUIRED"":false,""HTF_ALIGNMENT_ENABLED"":false,""K3M_FLOOR"":0.0,""KINDERGARTEN_EMA_GATE_ENABLED"":false,""MFI_ENTRY_ENABLED"":false,""MIN_HOLD_BARS"":0,""MIN_HOLD_BARS_BEFORE_EXIT"":0,""MIN_HOLD_MINUTES_TRADIER"":0.0,""MOMENTUM_FADE_ENABLED_TRADIER"":true,""MOMENTUM_FADE_K_ZONE_TRADIER"":false,""MTF_ARMED_WT_DIRECTION_SUSPEND_ENABLED"":false,""RSI_ENTRY_LONG_TRADIER"":101.0,""RSI_ENTRY_SHORT_TRADIER"":-1.0,""START_POSITION_SIZE"":10000.0,""STOCH_CROSS_ENTRY_TRADIER"":false,""TRADIER_ENTRY_SCORE_THRESHOLD"":5.0,""WT_COMPOSITE_SCORING_ENABLED_TRADIER"":false,""WT_DC_HTF_GATE"":""none"",""WT_TF_15M_ENABLED"":false,""WT_TF_1H_ENABLED"":false,""WT_TF_4H_ENABLED"":false,""WT_TF_5M_ENABLED"":true,""WT_TF_D_ENABLED"":false}"
MOMENTUM_FADE_K_ZONE_TRADIER,STRATEGY_CAUSAL,declared strategy/catalog/live-path setting,PASS,all applicable values/timeframes change real execution uniquely,ENGINE_AUTO_WIRED|ENTRY|GLOBAL|QUICK_CONFIG|RECENT_5D,DISCONNECTED_LIVE_PATHS|ENGINE_AUTO_WIRED|QUICK_CONFIG|RECENT_RESULTS_5D|SWITCH_CATALOG,True,True,False,True,False,True,5m,WT_TF_5M_ENABLED,true,False,-654.4397277045891,-654.4397277045891,0.0,26.88101712758279,5841,11.47,11.143057071414242,0.062470209213886595,58e887241a0de35eba648b31fa8d594bb68d196a5b77dd327c9a26c745e1a44f,58e887241a0de35eba648b31fa8d594bb68d196a5b77dd327c9a26c745e1a44f,True,,"{""BACKTEST_VALIDATED_GATES_TRADIER"":false,""BASE_TF"":""5m"",""COMBINED_STOCH_GATE_TRADIER"":100.0,""COOLDOWN_BARS"":0,""COOLDOWN_BARS_TRADIER"":0,""DELTA_ENGINE_ENABLED"":true,""DELTA_MAX_HOLD_BARS"":1,""D_TREND_REQUIRED"":false,""HTF_ALIGNMENT_ENABLED"":false,""K3M_FLOOR"":0.0,""KINDERGARTEN_EMA_GATE_ENABLED"":false,""MFI_ENTRY_ENABLED"":false,""MIN_HOLD_BARS"":0,""MIN_HOLD_BARS_BEFORE_EXIT"":0,""MIN_HOLD_MINUTES_TRADIER"":0.0,""MOMENTUM_FADE_ENABLED_TRADIER"":true,""MOMENTUM_FADE_K_ZONE_TRADIER"":true,""MTF_ARMED_WT_DIRECTION_SUSPEND_ENABLED"":false,""RSI_ENTRY_LONG_TRADIER"":101.0,""RSI_ENTRY_SHORT_TRADIER"":-1.0,""START_POSITION_SIZE"":10000.0,""STOCH_CROSS_ENTRY_TRADIER"":false,""TRADIER_ENTRY_SCORE_THRESHOLD"":5.0,""WT_COMPOSITE_SCORING_ENABLED_TRADIER"":false,""WT_DC_HTF_GATE"":""none"",""WT_TF_15M_ENABLED"":false,""WT_TF_1H_ENABLED"":false,""WT_TF_4H_ENABLED"":false,""WT_TF_5M_ENABLED"":true,""WT_TF_D_ENABLED"":false}"
MOMENTUM_FADE_K_ZONE_TRADIER,STRATEGY_CAUSAL,declared strategy/catalog/live-path setting,PASS,all applicable values/timeframes change real execution uniquely,ENGINE_AUTO_WIRED|ENTRY|GLOBAL|QUICK_CONFIG|RECENT_5D,DISCONNECTED_LIVE_PATHS|ENGINE_AUTO_WIRED|QUICK_CONFIG|RECENT_RESULTS_5D|SWITCH_CATALOG,True,True,False,True,False,True,15m,WT_TF_15M_ENABLED,false,True,-684.5255760129737,-685.5286387439035,1.0030627309297415,-3.2048311808017553,5059,9.93,10.467884094943471,0.007479038276994743,a51a3ff3edadafafaf268a6ede4ca049f658fa49a6fc1bb6f26f0bf68238f430,2d71f4e9b0e24ba9b0f076ceda793b905938718c8fa5cf42127b065a7b483fac,True,,"{""BACKTEST_VALIDATED_GATES_TRADIER"":false,""BASE_TF"":""5m"",""COMBINED_STOCH_GATE_TRADIER"":100.0,""COOLDOWN_BARS"":0,""COOLDOWN_BARS_TRADIER"":0,""DELTA_ENGINE_ENABLED"":true,""DELTA_MAX_HOLD_BARS"":1,""D_TREND_REQUIRED"":false,""HTF_ALIGNMENT_ENABLED"":false,""K3M_FLOOR"":0.0,""KINDERGARTEN_EMA_GATE_ENABLED"":false,""MFI_ENTRY_ENABLED"":false,""MIN_HOLD_BARS"":0,""MIN_HOLD_BARS_BEFORE_EXIT"":0,""MIN_HOLD_MINUTES_TRADIER"":0.0,""MOMENTUM_FADE_ENABLED_TRADIER"":true,""MOMENTUM_FADE_K_ZONE_TRADIER"":false,""MTF_ARMED_WT_DIRECTION_SUSPEND_ENABLED"":false,""RSI_ENTRY_LONG_TRADIER"":101.0,""RSI_ENTRY_SHORT_TRADIER"":-1.0,""START_POSITION_SIZE"":10000.0,""STOCH_CROSS_ENTRY_TRADIER"":false,""TRADIER_ENTRY_SCORE_THRESHOLD"":5.0,""WT_COMPOSITE_SCORING_ENABLED_TRADIER"":false,""WT_DC_HTF_GATE"":""none"",""WT_TF_15M_ENABLED"":true,""WT_TF_1H_ENABLED"":false,""WT_TF_4H_ENABLED"":false,""WT_TF_5M_ENABLED"":false,""WT_TF_D_ENABLED"":false}"
MOMENTUM_FADE_K_ZONE_TRADIER,STRATEGY_CAUSAL,declared strategy/catalog/live-path setting,PASS,all applicable values/timeframes change real execution uniquely,ENGINE_AUTO_WIRED|ENTRY|GLOBAL|QUICK_CONFIG|RECENT_5D,DISCONNECTED_LIVE_PATHS|ENGINE_AUTO_WIRED|QUICK_CONFIG|RECENT_RESULTS_5D|SWITCH_CATALOG,True,True,False,True,False,True,15m,WT_TF_15M_ENABLED,true,False,-685.5286387439035,-685.5286387439035,0.0,-4.207893911731468,5033,9.88,11.399460969043652,0.003516887305395749,2d71f4e9b0e24ba9b0f076ceda793b905938718c8fa5cf42127b065a7b483fac,2d71f4e9b0e24ba9b0f076ceda793b905938718c8fa5cf42127b065a7b483fac,True,,"{""BACKTEST_VALIDATED_GATES_TRADIER"":false,""BASE_TF"":""5m"",""COMBINED_STOCH_GATE_TRADIER"":100.0,""COOLDOWN_BARS"":0,""COOLDOWN_BARS_TRADIER"":0,""DELTA_ENGINE_ENABLED"":true,""DELTA_MAX_HOLD_BARS"":1,""D_TREND_REQUIRED"":false,""HTF_ALIGNMENT_ENABLED"":false,""K3M_FLOOR"":0.0,""KINDERGARTEN_EMA_GATE_ENABLED"":false,""MFI_ENTRY_ENABLED"":false,""MIN_HOLD_BARS"":0,""MIN_HOLD_BARS_BEFORE_EXIT"":0,""MIN_HOLD_MINUTES_TRADIER"":0.0,""MOMENTUM_FADE_ENABLED_TRADIER"":true,""MOMENTUM_FADE_K_ZONE_TRADIER"":true,""MTF_ARMED_WT_DIRECTION_SUSPEND_ENABLED"":false,""RSI_ENTRY_LONG_TRADIER"":101.0,""RSI_ENTRY_SHORT_TRADIER"":-1.0,""START_POSITION_SIZE"":10000.0,""STOCH_CROSS_ENTRY_TRADIER"":false,""TRADIER_ENTRY_SCORE_THRESHOLD"":5.0,""WT_COMPOSITE_SCORING_ENABLED_TRADIER"":false,""WT_DC_HTF_GATE"":""none"",""WT_TF_15M_ENABLED"":true,""WT_TF_1H_ENABLED"":false,""WT_TF_4H_ENABLED"":false,""WT_TF_5M_ENABLED"":false,""WT_TF_D_ENABLED"":false}"
MOMENTUM_FADE_K_ZONE_TRADIER,STRATEGY_CAUSAL,declared strategy/catalog/live-path setting,PASS,all applicable values/timeframes change real execution uniquely,ENGINE_AUTO_WIRED|ENTRY|GLOBAL|QUICK_CONFIG|RECENT_5D,DISCONNECTED_LIVE_PATHS|ENGINE_AUTO_WIRED|QUICK_CONFIG|RECENT_RESULTS_5D|SWITCH_CATALOG,True,True,False,True,False,True,1h,WT_TF_1H_ENABLED,false,True,-693.0783908605108,-694.284194210647,1.2058033501361933,-11.757646028338815,4669,9.17,16.139323376134513,-0.017240572000865147,a9ebc8460b3605a8af84cb53d28da66582bf582f6cd8fb0ffc4934d8099530f4,c5a892fa16ffc5a73cbe2ea2dd2581720677509ff7cb0d6d6e5ede3a949f9bf5,True,,"{""BACKTEST_VALIDATED_GATES_TRADIER"":false,""BASE_TF"":""5m"",""COMBINED_STOCH_GATE_TRADIER"":100.0,""COOLDOWN_BARS"":0,""COOLDOWN_BARS_TRADIER"":0,""DELTA_ENGINE_ENABLED"":true,""DELTA_MAX_HOLD_BARS"":1,""D_TREND_REQUIRED"":false,""HTF_ALIGNMENT_ENABLED"":false,""K3M_FLOOR"":0.0,""KINDERGARTEN_EMA_GATE_ENABLED"":false,""MFI_ENTRY_ENABLED"":false,""MIN_HOLD_BARS"":0,""MIN_HOLD_BARS_BEFORE_EXIT"":0,""MIN_HOLD_MINUTES_TRADIER"":0.0,""MOMENTUM_FADE_ENABLED_TRADIER"":true,""MOMENTUM_FADE_K_ZONE_TRADIER"":false,""MTF_ARMED_WT_DIRECTION_SUSPEND_ENABLED"":false,""RSI_ENTRY_LONG_TRADIER"":101.0,""RSI_ENTRY_SHORT_TRADIER"":-1.0,""START_POSITION_SIZE"":10000.0,""STOCH_CROSS_ENTRY_TRADIER"":false,""TRADIER_ENTRY_SCORE_THRESHOLD"":5.0,""WT_COMPOSITE_SCORING_ENABLED_TRADIER"":false,""WT_DC_HTF_GATE"":""none"",""WT_TF_15M_ENABLED"":false,""WT_TF_1H_ENABLED"":true,""WT_TF_4H_ENABLED"":false,""WT_TF_5M_ENABLED"":false,""WT_TF_D_ENABLED"":false}"
MOMENTUM_FADE_K_ZONE_TRADIER,STRATEGY_CAUSAL,declared strategy/catalog/live-path setting,PASS,all applicable values/timeframes change real execution uniquely,ENGINE_AUTO_WIRED|ENTRY|GLOBAL|QUICK_CONFIG|RECENT_5D,DISCONNECTED_LIVE_PATHS|ENGINE_AUTO_WIRED|QUICK_CONFIG|RECENT_RESULTS_5D|SWITCH_CATALOG,True,True,False,True,False,True,1h,WT_TF_1H_ENABLED,true,False,-694.284194210647,-694.284194210647,0.0,-12.963449378475067,4644,9.12,17.330654671062046,-0.021103505084623626,c5a892fa16ffc5a73cbe2ea2dd2581720677509ff7cb0d6d6e5ede3a949f9bf5,c5a892fa16ffc5a73cbe2ea2dd2581720677509ff7cb0d6d6e5ede3a949f9bf5,True,,"{""BACKTEST_VALIDATED_GATES_TRADIER"":false,""BASE_TF"":""5m"",""COMBINED_STOCH_GATE_TRADIER"":100.0,""COOLDOWN_BARS"":0,""COOLDOWN_BARS_TRADIER"":0,""DELTA_ENGINE_ENABLED"":true,""DELTA_MAX_HOLD_BARS"":1,""D_TREND_REQUIRED"":false,""HTF_ALIGNMENT_ENABLED"":false,""K3M_FLOOR"":0.0,""KINDERGARTEN_EMA_GATE_ENABLED"":false,""MFI_ENTRY_ENABLED"":false,""MIN_HOLD_BARS"":0,""MIN_HOLD_BARS_BEFORE_EXIT"":0,""MIN_HOLD_MINUTES_TRADIER"":0.0,""MOMENTUM_FADE_ENABLED_TRADIER"":true,""MOMENTUM_FADE_K_ZONE_TRADIER"":true,""MTF_ARMED_WT_DIRECTION_SUSPEND_ENABLED"":false,""RSI_ENTRY_LONG_TRADIER"":101.0,""RSI_ENTRY_SHORT_TRADIER"":-1.0,""START_POSITION_SIZE"":10000.0,""STOCH_CROSS_ENTRY_TRADIER"":false,""TRADIER_ENTRY_SCORE_THRESHOLD"":5.0,""WT_COMPOSITE_SCORING_ENABLED_TRADIER"":false,""WT_DC_HTF_GATE"":""none"",""WT_TF_15M_ENABLED"":false,""WT_TF_1H_ENABLED"":true,""WT_TF_4H_ENABLED"":false,""WT_TF_5M_ENABLED"":false,""WT_TF_D_ENABLED"":false}"
MOMENTUM_FADE_K_ZONE_TRADIER,STRATEGY_CAUSAL,declared strategy/catalog/live-path setting,PASS,all applicable values/timeframes change real execution uniquely,ENGINE_AUTO_WIRED|ENTRY|GLOBAL|QUICK_CONFIG|RECENT_5D,DISCONNECTED_LIVE_PATHS|ENGINE_AUTO_WIRED|QUICK_CONFIG|RECENT_RESULTS_5D|SWITCH_CATALOG,True,True,False,True,False,True,4h,WT_TF_4H_ENABLED,false,True,-688.9771583357134,-689.5075284711747,0.5303701354613395,-7.656413503541483,4512,8.86,13.103683880564656,-0.008247194230469978,d92c1cbaf82730a81f5abe563449d11f4d70451c9cbf2903076ecfdfaa09b6d8,12ff2f22121c4afd79ba64e4dcc8584d4cb168ec9358e5174aafd478ee2cffe0,True,,"{""BACKTEST_VALIDATED_GATES_TRADIER"":false,""BASE_TF"":""5m"",""COMBINED_STOCH_GATE_TRADIER"":100.0,""COOLDOWN_BARS"":0,""COOLDOWN_BARS_TRADIER"":0,""DELTA_ENGINE_ENABLED"":true,""DELTA_MAX_HOLD_BARS"":1,""D_TREND_REQUIRED"":false,""HTF_ALIGNMENT_ENABLED"":false,""K3M_FLOOR"":0.0,""KINDERGARTEN_EMA_GATE_ENABLED"":false,""MFI_ENTRY_ENABLED"":false,""MIN_HOLD_BARS"":0,""MIN_HOLD_BARS_BEFORE_EXIT"":0,""MIN_HOLD_MINUTES_TRADIER"":0.0,""MOMENTUM_FADE_ENABLED_TRADIER"":true,""MOMENTUM_FADE_K_ZONE_TRADIER"":false,""MTF_ARMED_WT_DIRECTION_SUSPEND_ENABLED"":false,""RSI_ENTRY_LONG_TRADIER"":101.0,""RSI_ENTRY_SHORT_TRADIER"":-1.0,""START_POSITION_SIZE"":10000.0,""STOCH_CROSS_ENTRY_TRADIER"":false,""TRADIER_ENTRY_SCORE_THRESHOLD"":5.0,""WT_COMPOSITE_SCORING_ENABLED_TRADIER"":false,""WT_DC_HTF_GATE"":""none"",""WT_TF_15M_ENABLED"":false,""WT_TF_1H_ENABLED"":false,""WT_TF_4H_ENABLED"":true,""WT_TF_5M_ENABLED"":false,""WT_TF_D_ENABLED"":false}"
MOMENTUM_FADE_K_ZONE_TRADIER,STRATEGY_CAUSAL,declared strategy/catalog/live-path setting,PASS,all applicable values/timeframes change real execution uniquely,ENGINE_AUTO_WIRED|ENTRY|GLOBAL|QUICK_CONFIG|RECENT_5D,DISCONNECTED_LIVE_PATHS|ENGINE_AUTO_WIRED|QUICK_CONFIG|RECENT_RESULTS_5D|SWITCH_CATALOG,True,True,False,True,False,True,4h,WT_TF_4H_ENABLED,true,False,-689.5075284711747,-689.5075284711747,0.0,-8.1867836390028,4501,8.84,13.62616394415242,-0.00995366935931382,12ff2f22121c4afd79ba64e4dcc8584d4cb168ec9358e5174aafd478ee2cffe0,12ff2f22121c4afd79ba64e4dcc8584d4cb168ec9358e5174aafd478ee2cffe0,True,,"{""BACKTEST_VALIDATED_GATES_TRADIER"":false,""BASE_TF"":""5m"",""COMBINED_STOCH_GATE_TRADIER"":100.0,""COOLDOWN_BARS"":0,""COOLDOWN_BARS_TRADIER"":0,""DELTA_ENGINE_ENABLED"":true,""DELTA_MAX_HOLD_BARS"":1,""D_TREND_REQUIRED"":false,""HTF_ALIGNMENT_ENABLED"":false,""K3M_FLOOR"":0.0,""KINDERGARTEN_EMA_GATE_ENABLED"":false,""MFI_ENTRY_ENABLED"":false,""MIN_HOLD_BARS"":0,""MIN_HOLD_BARS_BEFORE_EXIT"":0,""MIN_HOLD_MINUTES_TRADIER"":0.0,""MOMENTUM_FADE_ENABLED_TRADIER"":true,""MOMENTUM_FADE_K_ZONE_TRADIER"":true,""MTF_ARMED_WT_DIRECTION_SUSPEND_ENABLED"":false,""RSI_ENTRY_LONG_TRADIER"":101.0,""RSI_ENTRY_SHORT_TRADIER"":-1.0,""START_POSITION_SIZE"":10000.0,""STOCH_CROSS_ENTRY_TRADIER"":false,""TRADIER_ENTRY_SCORE_THRESHOLD"":5.0,""WT_COMPOSITE_SCORING_ENABLED_TRADIER"":false,""WT_DC_HTF_GATE"":""none"",""WT_TF_15M_ENABLED"":false,""WT_TF_1H_ENABLED"":false,""WT_TF_4H_ENABLED"":true,""WT_TF_5M_ENABLED"":false,""WT_TF_D_ENABLED"":false}"
MOMENTUM_FADE_K_ZONE_TRADIER,STRATEGY_CAUSAL,declared strategy/catalog/live-path setting,PASS,all applicable values/timeframes change real execution uniquely,ENGINE_AUTO_WIRED|ENTRY|GLOBAL|QUICK_CONFIG|RECENT_5D,DISCONNECTED_LIVE_PATHS|ENGINE_AUTO_WIRED|QUICK_CONFIG|RECENT_RESULTS_5D|SWITCH_CATALOG,True,True,False,True,False,True,D,WT_TF_D_ENABLED,false,True,-699.4116687647851,-699.9420389002464,0.5303701354613395,-18.090923932613144,4620,9.07,21.279299742046103,-0.02413643652211656,0fc9a3e74a0306d358e964ac5f7a7cdd2c8466a927ad35620d72d90ec4d56e86,72b9d51338e8be7d2f5346016d27542c64048f8d23c13cf515eedbb082f3b0ad,True,,"{""BACKTEST_VALIDATED_GATES_TRADIER"":false,""BASE_TF"":""5m"",""COMBINED_STOCH_GATE_TRADIER"":100.0,""COOLDOWN_BARS"":0,""COOLDOWN_BARS_TRADIER"":0,""DELTA_ENGINE_ENABLED"":true,""DELTA_MAX_HOLD_BARS"":1,""D_TREND_REQUIRED"":false,""HTF_ALIGNMENT_ENABLED"":false,""K3M_FLOOR"":0.0,""KINDERGARTEN_EMA_GATE_ENABLED"":false,""MFI_ENTRY_ENABLED"":false,""MIN_HOLD_BARS"":0,""MIN_HOLD_BARS_BEFORE_EXIT"":0,""MIN_HOLD_MINUTES_TRADIER"":0.0,""MOMENTUM_FADE_ENABLED_TRADIER"":true,""MOMENTUM_FADE_K_ZONE_TRADIER"":false,""MTF_ARMED_WT_DIRECTION_SUSPEND_ENABLED"":false,""RSI_ENTRY_LONG_TRADIER"":101.0,""RSI_ENTRY_SHORT_TRADIER"":-1.0,""START_POSITION_SIZE"":10000.0,""STOCH_CROSS_ENTRY_TRADIER"":false,""TRADIER_ENTRY_SCORE_THRESHOLD"":5.0,""WT_COMPOSITE_SCORING_ENABLED_TRADIER"":false,""WT_DC_HTF_GATE"":""none"",""WT_TF_15M_ENABLED"":false,""WT_TF_1H_ENABLED"":false,""WT_TF_4H_ENABLED"":false,""WT_TF_5M_ENABLED"":false,""WT_TF_D_ENABLED"":true}"
MOMENTUM_FADE_K_ZONE_TRADIER,STRATEGY_CAUSAL,declared strategy/catalog/live-path setting,PASS,all applicable values/timeframes change real execution uniquely,ENGINE_AUTO_WIRED|ENTRY|GLOBAL|QUICK_CONFIG|RECENT_5D,DISCONNECTED_LIVE_PATHS|ENGINE_AUTO_WIRED|QUICK_CONFIG|RECENT_RESULTS_5D|SWITCH_CATALOG,True,True,False,True,False,True,D,WT_TF_D_ENABLED,true,False,-699.9420389002464,-699.9420389002464,0.0,-18.621294068074462,4609,9.05,21.777406003325744,-0.025951292657256715,72b9d51338e8be7d2f5346016d27542c64048f8d23c13cf515eedbb082f3b0ad,72b9d51338e8be7d2f5346016d27542c64048f8d23c13cf515eedbb082f3b0ad,True,,"{""BACKTEST_VALIDATED_GATES_TRADIER"":false,""BASE_TF"":""5m"",""COMBINED_STOCH_GATE_TRADIER"":100.0,""COOLDOWN_BARS"":0,""COOLDOWN_BARS_TRADIER"":0,""DELTA_ENGINE_ENABLED"":true,""DELTA_MAX_HOLD_BARS"":1,""D_TREND_REQUIRED"":false,""HTF_ALIGNMENT_ENABLED"":false,""K3M_FLOOR"":0.0,""KINDERGARTEN_EMA_GATE_ENABLED"":false,""MFI_ENTRY_ENABLED"":false,""MIN_HOLD_BARS"":0,""MIN_HOLD_BARS_BEFORE_EXIT"":0,""MIN_HOLD_MINUTES_TRADIER"":0.0,""MOMENTUM_FADE_ENABLED_TRADIER"":true,""MOMENTUM_FADE_K_ZONE_TRADIER"":true,""MTF_ARMED_WT_DIRECTION_SUSPEND_ENABLED"":false,""RSI_ENTRY_LONG_TRADIER"":101.0,""RSI_ENTRY_SHORT_TRADIER"":-1.0,""START_POSITION_SIZE"":10000.0,""STOCH_CROSS_ENTRY_TRADIER"":false,""TRADIER_ENTRY_SCORE_THRESHOLD"":5.0,""WT_COMPOSITE_SCORING_ENABLED_TRADIER"":false,""WT_DC_HTF_GATE"":""none"",""WT_TF_15M_ENABLED"":false,""WT_TF_1H_ENABLED"":false,""WT_TF_4H_ENABLED"":false,""WT_TF_5M_ENABLED"":false,""WT_TF_D_ENABLED"":true}"
MOMENTUM_FADE_SCORE_BONUS_TRADIER,STRATEGY_CAUSAL,declared strategy/catalog/live-path setting,PASS,all applicable values/timeframes change real execution uniquely,ENGINE_AUTO_WIRED|GLOBAL|QUICK_CONFIG|RECENT_5D,DISCONNECTED_LIVE_PATHS|ENGINE_AUTO_WIRED|QUICK_CONFIG|RECENT_RESULTS_5D,True,True,False,True,False,True,5m,WT_TF_5M_ENABLED,5,False,-656.5570244352443,-656.5570244352443,0.0,24.763720396927628,5973,11.73,13.435055425359366,0.05980185697105322,e729a9f2eaa40ba1f8f403c426704a7babe69ce33a06409d139912c93bbb0825,e729a9f2eaa40ba1f8f403c426704a7babe69ce33a06409d139912c93bbb0825,True,,"{""BACKTEST_VALIDATED_GATES_TRADIER"":false,""BASE_TF"":""5m"",""COMBINED_STOCH_GATE_TRADIER"":100.0,""COOLDOWN_BARS"":0,""COOLDOWN_BARS_TRADIER"":0,""DELTA_ENGINE_ENABLED"":true,""DELTA_MAX_HOLD_BARS"":1,""D_TREND_REQUIRED"":false,""HTF_ALIGNMENT_ENABLED"":false,""K3M_FLOOR"":0.0,""KINDERGARTEN_EMA_GATE_ENABLED"":false,""MFI_ENTRY_ENABLED"":false,""MIN_HOLD_BARS"":0,""MIN_HOLD_BARS_BEFORE_EXIT"":0,""MIN_HOLD_MINUTES_TRADIER"":0.0,""MOMENTUM_FADE_ENABLED_TRADIER"":true,""MOMENTUM_FADE_SCORE_BONUS_TRADIER"":5,""MTF_ARMED_WT_DIRECTION_SUSPEND_ENABLED"":false,""RSI_ENTRY_LONG_TRADIER"":101.0,""RSI_ENTRY_SHORT_TRADIER"":-1.0,""START_POSITION_SIZE"":10000.0,""STOCH_CROSS_ENTRY_TRADIER"":false,""TRADIER_ENTRY_SCORE_THRESHOLD"":2.25,""WT_COMPOSITE_SCORING_ENABLED_TRADIER"":false,""WT_DC_HTF_GATE"":""none"",""WT_TF_15M_ENABLED"":false,""WT_TF_1H_ENABLED"":false,""WT_TF_4H_ENABLED"":false,""WT_TF_5M_ENABLED"":true,""WT_TF_D_ENABLED"":false}"
MOMENTUM_FADE_SCORE_BONUS_TRADIER,STRATEGY_CAUSAL,declared strategy/catalog/live-path setting,PASS,all applicable values/timeframes change real execution uniquely,ENGINE_AUTO_WIRED|GLOBAL|QUICK_CONFIG|RECENT_5D,DISCONNECTED_LIVE_PATHS|ENGINE_AUTO_WIRED|QUICK_CONFIG|RECENT_RESULTS_5D,True,True,False,True,False,True,5m,WT_TF_5M_ENABLED,2,True,-656.8186858829422,-656.5570244352443,-0.26166144769786115,24.502058949229806,5968,11.72,13.460193305335627,0.05934583776210594,72186cbeeaeb234c0a5ed22819bfab2d2e71b35f37d95f6d53a0c6aa48b3ff17,e729a9f2eaa40ba1f8f403c426704a7babe69ce33a06409d139912c93bbb0825,True,,"{""BACKTEST_VALIDATED_GATES_TRADIER"":false,""BASE_TF"":""5m"",""COMBINED_STOCH_GATE_TRADIER"":100.0,""COOLDOWN_BARS"":0,""COOLDOWN_BARS_TRADIER"":0,""DELTA_ENGINE_ENABLED"":true,""DELTA_MAX_HOLD_BARS"":1,""D_TREND_REQUIRED"":false,""HTF_ALIGNMENT_ENABLED"":false,""K3M_FLOOR"":0.0,""KINDERGARTEN_EMA_GATE_ENABLED"":false,""MFI_ENTRY_ENABLED"":false,""MIN_HOLD_BARS"":0,""MIN_HOLD_BARS_BEFORE_EXIT"":0,""MIN_HOLD_MINUTES_TRADIER"":0.0,""MOMENTUM_FADE_ENABLED_TRADIER"":true,""MOMENTUM_FADE_SCORE_BONUS_TRADIER"":2,""MTF_ARMED_WT_DIRECTION_SUSPEND_ENABLED"":false,""RSI_ENTRY_LONG_TRADIER"":101.0,""RSI_ENTRY_SHORT_TRADIER"":-1.0,""START_POSITION_SIZE"":10000.0,""STOCH_CROSS_ENTRY_TRADIER"":false,""TRADIER_ENTRY_SCORE_THRESHOLD"":2.25,""WT_COMPOSITE_SCORING_ENABLED_TRADIER"":false,""WT_DC_HTF_GATE"":""none"",""WT_TF_15M_ENABLED"":false,""WT_TF_1H_ENABLED"":false,""WT_TF_4H_ENABLED"":false,""WT_TF_5M_ENABLED"":true,""WT_TF_D_ENABLED"":false}"
MOMENTUM_FADE_SCORE_BONUS_TRADIER,STRATEGY_CAUSAL,declared strategy/catalog/live-path setting,PASS,all applicable values/timeframes change real execution uniquely,ENGINE_AUTO_WIRED|GLOBAL|QUICK_CONFIG|RECENT_5D,DISCONNECTED_LIVE_PATHS|ENGINE_AUTO_WIRED|QUICK_CONFIG|RECENT_RESULTS_5D,True,True,False,True,False,True,15m,WT_TF_15M_ENABLED,5,False,-692.2483453059734,-692.2483453059734,0.0,-10.927600473801425,5118,10.05,17.453347664043843,-0.005465128838528571,649013e5a5b95b8b388ff0ce16ad91af23659b17f27660b4e0809c5c773b09fe,649013e5a5b95b8b388ff0ce16ad91af23659b17f27660b4e0809c5c773b09fe,True,,"{""BACKTEST_VALIDATED_GATES_TRADIER"":false,""BASE_TF"":""5m"",""COMBINED_STOCH_GATE_TRADIER"":100.0,""COOLDOWN_BARS"":0,""COOLDOWN_BARS_TRADIER"":0,""DELTA_ENGINE_ENABLED"":true,""DELTA_MAX_HOLD_BARS"":1,""D_TREND_REQUIRED"":false,""HTF_ALIGNMENT_ENABLED"":false,""K3M_FLOOR"":0.0,""KINDERGARTEN_EMA_GATE_ENABLED"":false,""MFI_ENTRY_ENABLED"":false,""MIN_HOLD_BARS"":0,""MIN_HOLD_BARS_BEFORE_EXIT"":0,""MIN_HOLD_MINUTES_TRADIER"":0.0,""MOMENTUM_FADE_ENABLED_TRADIER"":true,""MOMENTUM_FADE_SCORE_BONUS_TRADIER"":5,""MTF_ARMED_WT_DIRECTION_SUSPEND_ENABLED"":false,""RSI_ENTRY_LONG_TRADIER"":101.0,""RSI_ENTRY_SHORT_TRADIER"":-1.0,""START_POSITION_SIZE"":10000.0,""STOCH_CROSS_ENTRY_TRADIER"":false,""TRADIER_ENTRY_SCORE_THRESHOLD"":2.25,""WT_COMPOSITE_SCORING_ENABLED_TRADIER"":false,""WT_DC_HTF_GATE"":""none"",""WT_TF_15M_ENABLED"":true,""WT_TF_1H_ENABLED"":false,""WT_TF_4H_ENABLED"":false,""WT_TF_5M_ENABLED"":false,""WT_TF_D_ENABLED"":false}"
MOMENTUM_FADE_SCORE_BONUS_TRADIER,STRATEGY_CAUSAL,declared strategy/catalog/live-path setting,PASS,all applicable values/timeframes change real execution uniquely,ENGINE_AUTO_WIRED|GLOBAL|QUICK_CONFIG|RECENT_5D,DISCONNECTED_LIVE_PATHS|ENGINE_AUTO_WIRED|QUICK_CONFIG|RECENT_RESULTS_5D,True,True,False,True,False,True,15m,WT_TF_15M_ENABLED,2,True,-692.2495642677202,-692.2483453059734,-0.0012189617467583957,-10.92881943554822,5112,10.04,17.24785854909966,-0.00554705005252091,f7fb12059b40a72f92f0b0662461dc82e8242bd6df28e0340aee12c77b8f2164,649013e5a5b95b8b388ff0ce16ad91af23659b17f27660b4e0809c5c773b09fe,True,,"{""BACKTEST_VALIDATED_GATES_TRADIER"":false,""BASE_TF"":""5m"",""COMBINED_STOCH_GATE_TRADIER"":100.0,""COOLDOWN_BARS"":0,""COOLDOWN_BARS_TRADIER"":0,""DELTA_ENGINE_ENABLED"":true,""DELTA_MAX_HOLD_BARS"":1,""D_TREND_REQUIRED"":false,""HTF_ALIGNMENT_ENABLED"":false,""K3M_FLOOR"":0.0,""KINDERGARTEN_EMA_GATE_ENABLED"":false,""MFI_ENTRY_ENABLED"":false,""MIN_HOLD_BARS"":0,""MIN_HOLD_BARS_BEFORE_EXIT"":0,""MIN_HOLD_MINUTES_TRADIER"":0.0,""MOMENTUM_FADE_ENABLED_TRADIER"":true,""MOMENTUM_FADE_SCORE_BONUS_TRADIER"":2,""MTF_ARMED_WT_DIRECTION_SUSPEND_ENABLED"":false,""RSI_ENTRY_LONG_TRADIER"":101.0,""RSI_ENTRY_SHORT_TRADIER"":-1.0,""START_POSITION_SIZE"":10000.0,""STOCH_CROSS_ENTRY_TRADIER"":false,""TRADIER_ENTRY_SCORE_THRESHOLD"":2.25,""WT_COMPOSITE_SCORING_ENABLED_TRADIER"":false,""WT_DC_HTF_GATE"":""none"",""WT_TF_15M_ENABLED"":true,""WT_TF_1H_ENABLED"":false,""WT_TF_4H_ENABLED"":false,""WT_TF_5M_ENABLED"":false,""WT_TF_D_ENABLED"":false}"
MOMENTUM_FADE_SCORE_BONUS_TRADIER,STRATEGY_CAUSAL,declared strategy/catalog/live-path setting,PASS,all applicable values/timeframes change real execution uniquely,ENGINE_AUTO_WIRED|GLOBAL|QUICK_CONFIG|RECENT_5D,DISCONNECTED_LIVE_PATHS|ENGINE_AUTO_WIRED|QUICK_CONFIG|RECENT_RESULTS_5D,True,True,False,True,False,True,1h,WT_TF_1H_ENABLED,5,False,-694.284194210647,-694.284194210647,0.0,-12.963449378475067,4644,9.12,17.330654671062046,-0.021103505084623626,c5a892fa16ffc5a73cbe2ea2dd2581720677509ff7cb0d6d6e5ede3a949f9bf5,c5a892fa16ffc5a73cbe2ea2dd2581720677509ff7cb0d6d6e5ede3a949f9bf5,True,,"{""BACKTEST_VALIDATED_GATES_TRADIER"":false,""BASE_TF"":""5m"",""COMBINED_STOCH_GATE_TRADIER"":100.0,""COOLDOWN_BARS"":0,""COOLDOWN_BARS_TRADIER"":0,""DELTA_ENGINE_ENABLED"":true,""DELTA_MAX_HOLD_BARS"":1,""D_TREND_REQUIRED"":false,""HTF_ALIGNMENT_ENABLED"":false,""K3M_FLOOR"":0.0,""KINDERGARTEN_EMA_GATE_ENABLED"":false,""MFI_ENTRY_ENABLED"":false,""MIN_HOLD_BARS"":0,""MIN_HOLD_BARS_BEFORE_EXIT"":0,""MIN_HOLD_MINUTES_TRADIER"":0.0,""MOMENTUM_FADE_ENABLED_TRADIER"":true,""MOMENTUM_FADE_SCORE_BONUS_TRADIER"":5,""MTF_ARMED_WT_DIRECTION_SUSPEND_ENABLED"":false,""RSI_ENTRY_LONG_TRADIER"":101.0,""RSI_ENTRY_SHORT_TRADIER"":-1.0,""START_POSITION_SIZE"":10000.0,""STOCH_CROSS_ENTRY_TRADIER"":false,""TRADIER_ENTRY_SCORE_THRESHOLD"":4.25,""WT_COMPOSITE_SCORING_ENABLED_TRADIER"":false,""WT_DC_HTF_GATE"":""none"",""WT_TF_15M_ENABLED"":false,""WT_TF_1H_ENABLED"":true,""WT_TF_4H_ENABLED"":false,""WT_TF_5M_ENABLED"":false,""WT_TF_D_ENABLED"":false}"
MOMENTUM_FADE_SCORE_BONUS_TRADIER,STRATEGY_CAUSAL,declared strategy/catalog/live-path setting,PASS,all applicable values/timeframes change real execution uniquely,ENGINE_AUTO_WIRED|GLOBAL|QUICK_CONFIG|RECENT_5D,DISCONNECTED_LIVE_PATHS|ENGINE_AUTO_WIRED|QUICK_CONFIG|RECENT_RESULTS_5D,True,True,False,True,False,True,1h,WT_TF_1H_ENABLED,2,True,-694.0073851756149,-694.284194210647,0.27680903503210175,-12.686640343442937,4634,9.1,16.460461806317973,-0.022139768491778282,e525a1eba722f6a6aa10d4050aa4ca52c1f9e40a45c39c6ea3412ff2e0096da9,c5a892fa16ffc5a73cbe2ea2dd2581720677509ff7cb0d6d6e5ede3a949f9bf5,True,,"{""BACKTEST_VALIDATED_GATES_TRADIER"":false,""BASE_TF"":""5m"",""COMBINED_STOCH_GATE_TRADIER"":100.0,""COOLDOWN_BARS"":0,""COOLDOWN_BARS_TRADIER"":0,""DELTA_ENGINE_ENABLED"":true,""DELTA_MAX_HOLD_BARS"":1,""D_TREND_REQUIRED"":false,""HTF_ALIGNMENT_ENABLED"":false,""K3M_FLOOR"":0.0,""KINDERGARTEN_EMA_GATE_ENABLED"":false,""MFI_ENTRY_ENABLED"":false,""MIN_HOLD_BARS"":0,""MIN_HOLD_BARS_BEFORE_EXIT"":0,""MIN_HOLD_MINUTES_TRADIER"":0.0,""MOMENTUM_FADE_ENABLED_TRADIER"":true,""MOMENTUM_FADE_SCORE_BONUS_TRADIER"":2,""MTF_ARMED_WT_DIRECTION_SUSPEND_ENABLED"":false,""RSI_ENTRY_LONG_TRADIER"":101.0,""RSI_ENTRY_SHORT_TRADIER"":-1.0,""START_POSITION_SIZE"":10000.0,""STOCH_CROSS_ENTRY_TRADIER"":false,""TRADIER_ENTRY_SCORE_THRESHOLD"":4.25,""WT_COMPOSITE_SCORING_ENABLED_TRADIER"":false,""WT_DC_HTF_GATE"":""none"",""WT_TF_15M_ENABLED"":false,""WT_TF_1H_ENABLED"":true,""WT_TF_4H_ENABLED"":false,""WT_TF_5M_ENABLED"":false,""WT_TF_D_ENABLED"":false}"
MOMENTUM_FADE_SCORE_BONUS_TRADIER,STRATEGY_CAUSAL,declared strategy/catalog/live-path setting,PASS,all applicable values/timeframes change real execution uniquely,ENGINE_AUTO_WIRED|GLOBAL|QUICK_CONFIG|RECENT_5D,DISCONNECTED_LIVE_PATHS|ENGINE_AUTO_WIRED|QUICK_CONFIG|RECENT_RESULTS_5D,True,True,False,True,False,True,4h,WT_TF_4H_ENABLED,5,False,-695.0577176395057,-695.0577176395057,0.0,-13.736972807333684,4586,9.0,19.512591218721383,-0.017618374473560336,716ea84162cced87980d30d60852beee0071909817f48b9385aec97dc41ef342,716ea84162cced87980d30d60852beee0071909817f48b9385aec97dc41ef342,True,,"{""BACKTEST_VALIDATED_GATES_TRADIER"":false,""BASE_TF"":""5m"",""COMBINED_STOCH_GATE_TRADIER"":100.0,""COOLDOWN_BARS"":0,""COOLDOWN_BARS_TRADIER"":0,""DELTA_ENGINE_ENABLED"":true,""DELTA_MAX_HOLD_BARS"":1,""D_TREND_REQUIRED"":false,""HTF_ALIGNMENT_ENABLED"":false,""K3M_FLOOR"":0.0,""KINDERGARTEN_EMA_GATE_ENABLED"":false,""MFI_ENTRY_ENABLED"":false,""MIN_HOLD_BARS"":0,""MIN_HOLD_BARS_BEFORE_EXIT"":0,""MIN_HOLD_MINUTES_TRADIER"":0.0,""MOMENTUM_FADE_ENABLED_TRADIER"":true,""MOMENTUM_FADE_SCORE_BONUS_TRADIER"":5,""MTF_ARMED_WT_DIRECTION_SUSPEND_ENABLED"":false,""RSI_ENTRY_LONG_TRADIER"":101.0,""RSI_ENTRY_SHORT_TRADIER"":-1.0,""START_POSITION_SIZE"":10000.0,""STOCH_CROSS_ENTRY_TRADIER"":false,""TRADIER_ENTRY_SCORE_THRESHOLD"":2.25,""WT_COMPOSITE_SCORING_ENABLED_TRADIER"":false,""WT_DC_HTF_GATE"":""none"",""WT_TF_15M_ENABLED"":false,""WT_TF_1H_ENABLED"":false,""WT_TF_4H_ENABLED"":true,""WT_TF_5M_ENABLED"":false,""WT_TF_D_ENABLED"":false}"
MOMENTUM_FADE_SCORE_BONUS_TRADIER,STRATEGY_CAUSAL,declared strategy/catalog/live-path setting,PASS,all applicable values/timeframes change real execution uniquely,ENGINE_AUTO_WIRED|GLOBAL|QUICK_CONFIG|RECENT_5D,DISCONNECTED_LIVE_PATHS|ENGINE_AUTO_WIRED|QUICK_CONFIG|RECENT_RESULTS_5D,True,True,False,True,False,True,4h,WT_TF_4H_ENABLED,2,True,-695.2804590861764,-695.0577176395057,-0.2227414466707387,-13.959714254004393,4580,8.99,19.555084804387693,-0.01815662027471319,2064eed593d49f5d255d5bb4cfd4c7bdcdd19d6a6057c21dd340d85f190ffe13,716ea84162cced87980d30d60852beee0071909817f48b9385aec97dc41ef342,True,,"{""BACKTEST_VALIDATED_GATES_TRADIER"":false,""BASE_TF"":""5m"",""COMBINED_STOCH_GATE_TRADIER"":100.0,""COOLDOWN_BARS"":0,""COOLDOWN_BARS_TRADIER"":0,""DELTA_ENGINE_ENABLED"":true,""DELTA_MAX_HOLD_BARS"":1,""D_TREND_REQUIRED"":false,""HTF_ALIGNMENT_ENABLED"":false,""K3M_FLOOR"":0.0,""KINDERGARTEN_EMA_GATE_ENABLED"":false,""MFI_ENTRY_ENABLED"":false,""MIN_HOLD_BARS"":0,""MIN_HOLD_BARS_BEFORE_EXIT"":0,""MIN_HOLD_MINUTES_TRADIER"":0.0,""MOMENTUM_FADE_ENABLED_TRADIER"":true,""MOMENTUM_FADE_SCORE_BONUS_TRADIER"":2,""MTF_ARMED_WT_DIRECTION_SUSPEND_ENABLED"":false,""RSI_ENTRY_LONG_TRADIER"":101.0,""RSI_ENTRY_SHORT_TRADIER"":-1.0,""START_POSITION_SIZE"":10000.0,""STOCH_CROSS_ENTRY_TRADIER"":false,""TRADIER_ENTRY_SCORE_THRESHOLD"":2.25,""WT_COMPOSITE_SCORING_ENABLED_TRADIER"":false,""WT_DC_HTF_GATE"":""none"",""WT_TF_15M_ENABLED"":false,""WT_TF_1H_ENABLED"":false,""WT_TF_4H_ENABLED"":true,""WT_TF_5M_ENABLED"":false,""WT_TF_D_ENABLED"":false}"
MOMENTUM_FADE_SCORE_BONUS_TRADIER,STRATEGY_CAUSAL,declared strategy/catalog/live-path setting,PASS,all applicable values/timeframes change real execution uniquely,ENGINE_AUTO_WIRED|GLOBAL|QUICK_CONFIG|RECENT_5D,DISCONNECTED_LIVE_PATHS|ENGINE_AUTO_WIRED|QUICK_CONFIG|RECENT_RESULTS_5D,True,True,False,True,False,True,D,WT_TF_D_ENABLED,5,False,-699.9420389002464,-699.9420389002464,0.0,-18.621294068074462,4609,9.05,21.777406003325744,-0.025951292657256715,72b9d51338e8be7d2f5346016d27542c64048f8d23c13cf515eedbb082f3b0ad,72b9d51338e8be7d2f5346016d27542c64048f8d23c13cf515eedbb082f3b0ad,True,,"{""BACKTEST_VALIDATED_GATES_TRADIER"":false,""BASE_TF"":""5m"",""COMBINED_STOCH_GATE_TRADIER"":100.0,""COOLDOWN_BARS"":0,""COOLDOWN_BARS_TRADIER"":0,""DELTA_ENGINE_ENABLED"":true,""DELTA_MAX_HOLD_BARS"":1,""D_TREND_REQUIRED"":false,""HTF_ALIGNMENT_ENABLED"":false,""K3M_FLOOR"":0.0,""KINDERGARTEN_EMA_GATE_ENABLED"":false,""MFI_ENTRY_ENABLED"":false,""MIN_HOLD_BARS"":0,""MIN_HOLD_BARS_BEFORE_EXIT"":0,""MIN_HOLD_MINUTES_TRADIER"":0.0,""MOMENTUM_FADE_ENABLED_TRADIER"":true,""MOMENTUM_FADE_SCORE_BONUS_TRADIER"":5,""MTF_ARMED_WT_DIRECTION_SUSPEND_ENABLED"":false,""RSI_ENTRY_LONG_TRADIER"":101.0,""RSI_ENTRY_SHORT_TRADIER"":-1.0,""START_POSITION_SIZE"":10000.0,""STOCH_CROSS_ENTRY_TRADIER"":false,""TRADIER_ENTRY_SCORE_THRESHOLD"":4.25,""WT_COMPOSITE_SCORING_ENABLED_TRADIER"":false,""WT_DC_HTF_GATE"":""none"",""WT_TF_15M_ENABLED"":false,""WT_TF_1H_ENABLED"":false,""WT_TF_4H_ENABLED"":false,""WT_TF_5M_ENABLED"":false,""WT_TF_D_ENABLED"":true}"
MOMENTUM_FADE_SCORE_BONUS_TRADIER,STRATEGY_CAUSAL,declared strategy/catalog/live-path setting,PASS,all applicable values/timeframes change real execution uniquely,ENGINE_AUTO_WIRED|GLOBAL|QUICK_CONFIG|RECENT_5D,DISCONNECTED_LIVE_PATHS|ENGINE_AUTO_WIRED|QUICK_CONFIG|RECENT_RESULTS_5D,True,True,False,True,False,True,D,WT_TF_D_ENABLED,2,True,-699.9188246188319,-699.9420389002464,0.023214281414539073,-18.598079786659913,4600,9.03,21.652381495438817,-0.027653488197723314,79bc6c7c82c839d7a71c3805802d097c1c165a6cdbe1bb15a6224557baa90525,72b9d51338e8be7d2f5346016d27542c64048f8d23c13cf515eedbb082f3b0ad,True,,"{""BACKTEST_VALIDATED_GATES_TRADIER"":false,""BASE_TF"":""5m"",""COMBINED_STOCH_GATE_TRADIER"":100.0,""COOLDOWN_BARS"":0,""COOLDOWN_BARS_TRADIER"":0,""DELTA_ENGINE_ENABLED"":true,""DELTA_MAX_HOLD_BARS"":1,""D_TREND_REQUIRED"":false,""HTF_ALIGNMENT_ENABLED"":false,""K3M_FLOOR"":0.0,""KINDERGARTEN_EMA_GATE_ENABLED"":false,""MFI_ENTRY_ENABLED"":false,""MIN_HOLD_BARS"":0,""MIN_HOLD_BARS_BEFORE_EXIT"":0,""MIN_HOLD_MINUTES_TRADIER"":0.0,""MOMENTUM_FADE_ENABLED_TRADIER"":true,""MOMENTUM_FADE_SCORE_BONUS_TRADIER"":2,""MTF_ARMED_WT_DIRECTION_SUSPEND_ENABLED"":false,""RSI_ENTRY_LONG_TRADIER"":101.0,""RSI_ENTRY_SHORT_TRADIER"":-1.0,""START_POSITION_SIZE"":10000.0,""STOCH_CROSS_ENTRY_TRADIER"":false,""TRADIER_ENTRY_SCORE_THRESHOLD"":4.25,""WT_COMPOSITE_SCORING_ENABLED_TRADIER"":false,""WT_DC_HTF_GATE"":""none"",""WT_TF_15M_ENABLED"":false,""WT_TF_1H_ENABLED"":false,""WT_TF_4H_ENABLED"":false,""WT_TF_5M_ENABLED"":false,""WT_TF_D_ENABLED"":true}"
MOMENTUM_FADE_VOL_MIN_TRADIER,STRATEGY_CAUSAL,declared strategy/catalog/live-path setting,PASS,all applicable values/timeframes change real execution uniquely,ENGINE_AUTO_WIRED|GLOBAL|OTHER|QUICK_CONFIG|RECENT_5D,DISCONNECTED_LIVE_PATHS|ENGINE_AUTO_WIRED|QUICK_CONFIG|RECENT_RESULTS_5D|SWITCH_CATALOG,True,True,False,True,False,True,5m,WT_TF_5M_ENABLED,2.0,False,-661.1603597470707,-661.1603597470707,0.0,20.160385085101247,5262,10.33,12.840806718058209,0.05343047901507458,9d63a1cd640b78847f78c468f32ff1b9c353f4668156ec6ce99dfd62c61d8319,9d63a1cd640b78847f78c468f32ff1b9c353f4668156ec6ce99dfd62c61d8319,True,,"{""BACKTEST_VALIDATED_GATES_TRADIER"":false,""BASE_TF"":""5m"",""COMBINED_STOCH_GATE_TRADIER"":100.0,""COOLDOWN_BARS"":0,""COOLDOWN_BARS_TRADIER"":0,""DELTA_ENGINE_ENABLED"":true,""DELTA_MAX_HOLD_BARS"":1,""D_TREND_REQUIRED"":false,""HTF_ALIGNMENT_ENABLED"":false,""K3M_FLOOR"":0.0,""KINDERGARTEN_EMA_GATE_ENABLED"":false,""MFI_ENTRY_ENABLED"":false,""MIN_HOLD_BARS"":0,""MIN_HOLD_BARS_BEFORE_EXIT"":0,""MIN_HOLD_MINUTES_TRADIER"":0.0,""MOMENTUM_FADE_ENABLED_TRADIER"":true,""MOMENTUM_FADE_VOL_MIN_TRADIER"":2.0,""MTF_ARMED_WT_DIRECTION_SUSPEND_ENABLED"":false,""RSI_ENTRY_LONG_TRADIER"":101.0,""RSI_ENTRY_SHORT_TRADIER"":-1.0,""START_POSITION_SIZE"":10000.0,""STOCH_CROSS_ENTRY_TRADIER"":false,""TRADIER_ENTRY_SCORE_THRESHOLD"":5.25,""WT_COMPOSITE_SCORING_ENABLED_TRADIER"":false,""WT_DC_HTF_GATE"":""none"",""WT_TF_15M_ENABLED"":false,""WT_TF_1H_ENABLED"":false,""WT_TF_4H_ENABLED"":false,""WT_TF_5M_ENABLED"":true,""WT_TF_D_ENABLED"":false}"
MOMENTUM_FADE_VOL_MIN_TRADIER,STRATEGY_CAUSAL,declared strategy/catalog/live-path setting,PASS,all applicable values/timeframes change real execution uniquely,ENGINE_AUTO_WIRED|GLOBAL|OTHER|QUICK_CONFIG|RECENT_5D,DISCONNECTED_LIVE_PATHS|ENGINE_AUTO_WIRED|QUICK_CONFIG|RECENT_RESULTS_5D|SWITCH_CATALOG,True,True,False,True,False,True,5m,WT_TF_5M_ENABLED,1.0,True,-660.6042499225962,-661.1603597470707,0.5561098244745608,20.716494909575825,5265,10.34,12.424455055981658,0.054318248889196806,d4afe37cb9d4972d2fbe0614a15984b4c759226399694aa49c2851d66b838920,9d63a1cd640b78847f78c468f32ff1b9c353f4668156ec6ce99dfd62c61d8319,True,,"{""BACKTEST_VALIDATED_GATES_TRADIER"":false,""BASE_TF"":""5m"",""COMBINED_STOCH_GATE_TRADIER"":100.0,""COOLDOWN_BARS"":0,""COOLDOWN_BARS_TRADIER"":0,""DELTA_ENGINE_ENABLED"":true,""DELTA_MAX_HOLD_BARS"":1,""D_TREND_REQUIRED"":false,""HTF_ALIGNMENT_ENABLED"":false,""K3M_FLOOR"":0.0,""KINDERGARTEN_EMA_GATE_ENABLED"":false,""MFI_ENTRY_ENABLED"":false,""MIN_HOLD_BARS"":0,""MIN_HOLD_BARS_BEFORE_EXIT"":0,""MIN_HOLD_MINUTES_TRADIER"":0.0,""MOMENTUM_FADE_ENABLED_TRADIER"":true,""MOMENTUM_FADE_VOL_MIN_TRADIER"":1.0,""MTF_ARMED_WT_DIRECTION_SUSPEND_ENABLED"":false,""RSI_ENTRY_LONG_TRADIER"":101.0,""RSI_ENTRY_SHORT_TRADIER"":-1.0,""START_POSITION_SIZE"":10000.0,""STOCH_CROSS_ENTRY_TRADIER"":false,""TRADIER_ENTRY_SCORE_THRESHOLD"":5.25,""WT_COMPOSITE_SCORING_ENABLED_TRADIER"":false,""WT_DC_HTF_GATE"":""none"",""WT_TF_15M_ENABLED"":false,""WT_TF_1H_ENABLED"":false,""WT_TF_4H_ENABLED"":false,""WT_TF_5M_ENABLED"":true,""WT_TF_D_ENABLED"":false}"
MOMENTUM_FADE_VOL_MIN_TRADIER,STRATEGY_CAUSAL,declared strategy/catalog/live-path setting,PASS,all applicable values/timeframes change real execution uniquely,ENGINE_AUTO_WIRED|GLOBAL|OTHER|QUICK_CONFIG|RECENT_5D,DISCONNECTED_LIVE_PATHS|ENGINE_AUTO_WIRED|QUICK_CONFIG|RECENT_RESULTS_5D|SWITCH_CATALOG,True,True,False,True,False,True,5m,WT_TF_5M_ENABLED,1.5,True,-660.7457553030476,-661.1603597470707,0.41460444402309804,20.574989529124277,5263,10.33,12.530398158856059,0.05390385376936472,ef8a7e705104c4ef52ea25825e0a5d2acf36cb6e18e5318be33e73bc323d775d,9d63a1cd640b78847f78c468f32ff1b9c353f4668156ec6ce99dfd62c61d8319,True,,"{""BACKTEST_VALIDATED_GATES_TRADIER"":false,""BASE_TF"":""5m"",""COMBINED_STOCH_GATE_TRADIER"":100.0,""COOLDOWN_BARS"":0,""COOLDOWN_BARS_TRADIER"":0,""DELTA_ENGINE_ENABLED"":true,""DELTA_MAX_HOLD_BARS"":1,""D_TREND_REQUIRED"":false,""HTF_ALIGNMENT_ENABLED"":false,""K3M_FLOOR"":0.0,""KINDERGARTEN_EMA_GATE_ENABLED"":false,""MFI_ENTRY_ENABLED"":false,""MIN_HOLD_BARS"":0,""MIN_HOLD_BARS_BEFORE_EXIT"":0,""MIN_HOLD_MINUTES_TRADIER"":0.0,""MOMENTUM_FADE_ENABLED_TRADIER"":true,""MOMENTUM_FADE_VOL_MIN_TRADIER"":1.5,""MTF_ARMED_WT_DIRECTION_SUSPEND_ENABLED"":false,""RSI_ENTRY_LONG_TRADIER"":101.0,""RSI_ENTRY_SHORT_TRADIER"":-1.0,""START_POSITION_SIZE"":10000.0,""STOCH_CROSS_ENTRY_TRADIER"":false,""TRADIER_ENTRY_SCORE_THRESHOLD"":5.25,""WT_COMPOSITE_SCORING_ENABLED_TRADIER"":false,""WT_DC_HTF_GATE"":""none"",""WT_TF_15M_ENABLED"":false,""WT_TF_1H_ENABLED"":false,""WT_TF_4H_ENABLED"":false,""WT_TF_5M_ENABLED"":true,""WT_TF_D_ENABLED"":false}"
MOMENTUM_FADE_VOL_MIN_TRADIER,STRATEGY_CAUSAL,declared strategy/catalog/live-path setting,PASS,all applicable values/timeframes change real execution uniquely,ENGINE_AUTO_WIRED|GLOBAL|OTHER|QUICK_CONFIG|RECENT_5D,DISCONNECTED_LIVE_PATHS|ENGINE_AUTO_WIRED|QUICK_CONFIG|RECENT_RESULTS_5D|SWITCH_CATALOG,True,True,False,True,False,True,5m,WT_TF_5M_ENABLED,2.5,True,-661.3113326311366,-661.1603597470707,-0.15097288406582265,20.009412201035445,5260,10.33,12.855337271695152,0.053168758720562016,242690480a24a8f5b5e541a2cac78c53dd5df0fa75c9c2954dd37ae3cebc9ab0,9d63a1cd640b78847f78c468f32ff1b9c353f4668156ec6ce99dfd62c61d8319,True,,"{""BACKTEST_VALIDATED_GATES_TRADIER"":false,""BASE_TF"":""5m"",""COMBINED_STOCH_GATE_TRADIER"":100.0,""COOLDOWN_BARS"":0,""COOLDOWN_BARS_TRADIER"":0,""DELTA_ENGINE_ENABLED"":true,""DELTA_MAX_HOLD_BARS"":1,""D_TREND_REQUIRED"":false,""HTF_ALIGNMENT_ENABLED"":false,""K3M_FLOOR"":0.0,""KINDERGARTEN_EMA_GATE_ENABLED"":false,""MFI_ENTRY_ENABLED"":false,""MIN_HOLD_BARS"":0,""MIN_HOLD_BARS_BEFORE_EXIT"":0,""MIN_HOLD_MINUTES_TRADIER"":0.0,""MOMENTUM_FADE_ENABLED_TRADIER"":true,""MOMENTUM_FADE_VOL_MIN_TRADIER"":2.5,""MTF_ARMED_WT_DIRECTION_SUSPEND_ENABLED"":false,""RSI_ENTRY_LONG_TRADIER"":101.0,""RSI_ENTRY_SHORT_TRADIER"":-1.0,""START_POSITION_SIZE"":10000.0,""STOCH_CROSS_ENTRY_TRADIER"":false,""TRADIER_ENTRY_SCORE_THRESHOLD"":5.25,""WT_COMPOSITE_SCORING_ENABLED_TRADIER"":false,""WT_DC_HTF_GATE"":""none"",""WT_TF_15M_ENABLED"":false,""WT_TF_1H_ENABLED"":false,""WT_TF_4H_ENABLED"":false,""WT_TF_5M_ENABLED"":true,""WT_TF_D_ENABLED"":false}"
MOMENTUM_FADE_VOL_MIN_TRADIER,STRATEGY_CAUSAL,declared strategy/catalog/live-path setting,PASS,all applicable values/timeframes change real execution uniquely,ENGINE_AUTO_WIRED|GLOBAL|OTHER|QUICK_CONFIG|RECENT_5D,DISCONNECTED_LIVE_PATHS|ENGINE_AUTO_WIRED|QUICK_CONFIG|RECENT_RESULTS_5D|SWITCH_CATALOG,True,True,False,True,False,True,5m,WT_TF_5M_ENABLED,3.0,True,-662.0262002547951,-661.1603597470707,-0.8658405077243287,19.294544577376833,5259,10.33,13.010756230925816,0.05219316595970848,b4dbfb9e313f22f6a595c5c4b07b10408396365060bce2f2e4eb7d2d1a66d2cf,9d63a1cd640b78847f78c468f32ff1b9c353f4668156ec6ce99dfd62c61d8319,True,,"{""BACKTEST_VALIDATED_GATES_TRADIER"":false,""BASE_TF"":""5m"",""COMBINED_STOCH_GATE_TRADIER"":100.0,""COOLDOWN_BARS"":0,""COOLDOWN_BARS_TRADIER"":0,""DELTA_ENGINE_ENABLED"":true,""DELTA_MAX_HOLD_BARS"":1,""D_TREND_REQUIRED"":false,""HTF_ALIGNMENT_ENABLED"":false,""K3M_FLOOR"":0.0,""KINDERGARTEN_EMA_GATE_ENABLED"":false,""MFI_ENTRY_ENABLED"":false,""MIN_HOLD_BARS"":0,""MIN_HOLD_BARS_BEFORE_EXIT"":0,""MIN_HOLD_MINUTES_TRADIER"":0.0,""MOMENTUM_FADE_ENABLED_TRADIER"":true,""MOMENTUM_FADE_VOL_MIN_TRADIER"":3.0,""MTF_ARMED_WT_DIRECTION_SUSPEND_ENABLED"":false,""RSI_ENTRY_LONG_TRADIER"":101.0,""RSI_ENTRY_SHORT_TRADIER"":-1.0,""START_POSITION_SIZE"":10000.0,""STOCH_CROSS_ENTRY_TRADIER"":false,""TRADIER_ENTRY_SCORE_THRESHOLD"":5.25,""WT_COMPOSITE_SCORING_ENABLED_TRADIER"":false,""WT_DC_HTF_GATE"":""none"",""WT_TF_15M_ENABLED"":false,""WT_TF_1H_ENABLED"":false,""WT_TF_4H_ENABLED"":false,""WT_TF_5M_ENABLED"":true,""WT_TF_D_ENABLED"":false}"
MOMENTUM_FADE_VOL_MIN_TRADIER,STRATEGY_CAUSAL,declared strategy/catalog/live-path setting,PASS,all applicable values/timeframes change real execution uniquely,ENGINE_AUTO_WIRED|GLOBAL|OTHER|QUICK_CONFIG|RECENT_5D,DISCONNECTED_LIVE_PATHS|ENGINE_AUTO_WIRED|QUICK_CONFIG|RECENT_RESULTS_5D|SWITCH_CATALOG,True,True,False,True,False,True,15m,WT_TF_15M_ENABLED,2.0,False,-688.2474027578278,-688.2474027578278,0.0,-6.926657925655831,4503,8.84,12.55997921962172,-0.0024661577578221384,ad3ddcb95078dd9c766d57028535f447e3a7de9d7f8a49353a3fdee544585833,ad3ddcb95078dd9c766d57028535f447e3a7de9d7f8a49353a3fdee544585833,True,,"{""BACKTEST_VALIDATED_GATES_TRADIER"":false,""BASE_TF"":""5m"",""COMBINED_STOCH_GATE_TRADIER"":100.0,""COOLDOWN_BARS"":0,""COOLDOWN_BARS_TRADIER"":0,""DELTA_ENGINE_ENABLED"":true,""DELTA_MAX_HOLD_BARS"":1,""D_TREND_REQUIRED"":false,""HTF_ALIGNMENT_ENABLED"":false,""K3M_FLOOR"":0.0,""KINDERGARTEN_EMA_GATE_ENABLED"":false,""MFI_ENTRY_ENABLED"":false,""MIN_HOLD_BARS"":0,""MIN_HOLD_BARS_BEFORE_EXIT"":0,""MIN_HOLD_MINUTES_TRADIER"":0.0,""MOMENTUM_FADE_ENABLED_TRADIER"":true,""MOMENTUM_FADE_VOL_MIN_TRADIER"":2.0,""MTF_ARMED_WT_DIRECTION_SUSPEND_ENABLED"":false,""RSI_ENTRY_LONG_TRADIER"":101.0,""RSI_ENTRY_SHORT_TRADIER"":-1.0,""START_POSITION_SIZE"":10000.0,""STOCH_CROSS_ENTRY_TRADIER"":false,""TRADIER_ENTRY_SCORE_THRESHOLD"":5.25,""WT_COMPOSITE_SCORING_ENABLED_TRADIER"":false,""WT_DC_HTF_GATE"":""none"",""WT_TF_15M_ENABLED"":true,""WT_TF_1H_ENABLED"":false,""WT_TF_4H_ENABLED"":false,""WT_TF_5M_ENABLED"":false,""WT_TF_D_ENABLED"":false}"
MOMENTUM_FADE_VOL_MIN_TRADIER,STRATEGY_CAUSAL,declared strategy/catalog/live-path setting,PASS,all applicable values/timeframes change real execution uniquely,ENGINE_AUTO_WIRED|GLOBAL|OTHER|QUICK_CONFIG|RECENT_5D,DISCONNECTED_LIVE_PATHS|ENGINE_AUTO_WIRED|QUICK_CONFIG|RECENT_RESULTS_5D|SWITCH_CATALOG,True,True,False,True,False,True,15m,WT_TF_15M_ENABLED,1.0,True,-687.838034806657,-688.2474027578278,0.4093679511707933,-6.517289974485026,4508,8.85,12.156647283976863,-0.0014515051680805175,749e42170ee9b42c2e69f078d267c09a1a0fccaebbe4621de30cfa0ccc06b659,ad3ddcb95078dd9c766d57028535f447e3a7de9d7f8a49353a3fdee544585833,True,,"{""BACKTEST_VALIDATED_GATES_TRADIER"":false,""BASE_TF"":""5m"",""COMBINED_STOCH_GATE_TRADIER"":100.0,""COOLDOWN_BARS"":0,""COOLDOWN_BARS_TRADIER"":0,""DELTA_ENGINE_ENABLED"":true,""DELTA_MAX_HOLD_BARS"":1,""D_TREND_REQUIRED"":false,""HTF_ALIGNMENT_ENABLED"":false,""K3M_FLOOR"":0.0,""KINDERGARTEN_EMA_GATE_ENABLED"":false,""MFI_ENTRY_ENABLED"":false,""MIN_HOLD_BARS"":0,""MIN_HOLD_BARS_BEFORE_EXIT"":0,""MIN_HOLD_MINUTES_TRADIER"":0.0,""MOMENTUM_FADE_ENABLED_TRADIER"":true,""MOMENTUM_FADE_VOL_MIN_TRADIER"":1.0,""MTF_ARMED_WT_DIRECTION_SUSPEND_ENABLED"":false,""RSI_ENTRY_LONG_TRADIER"":101.0,""RSI_ENTRY_SHORT_TRADIER"":-1.0,""START_POSITION_SIZE"":10000.0,""STOCH_CROSS_ENTRY_TRADIER"":false,""TRADIER_ENTRY_SCORE_THRESHOLD"":5.25,""WT_COMPOSITE_SCORING_ENABLED_TRADIER"":false,""WT_DC_HTF_GATE"":""none"",""WT_TF_15M_ENABLED"":true,""WT_TF_1H_ENABLED"":false,""WT_TF_4H_ENABLED"":false,""WT_TF_5M_ENABLED"":false,""WT_TF_D_ENABLED"":false}"
MOMENTUM_FADE_VOL_MIN_TRADIER,STRATEGY_CAUSAL,declared strategy/catalog/live-path setting,PASS,all applicable values/timeframes change real execution uniquely,ENGINE_AUTO_WIRED|GLOBAL|OTHER|QUICK_CONFIG|RECENT_5D,DISCONNECTED_LIVE_PATHS|ENGINE_AUTO_WIRED|QUICK_CONFIG|RECENT_RESULTS_5D|SWITCH_CATALOG,True,True,False,True,False,True,15m,WT_TF_15M_ENABLED,1.5,True,-688.0728685992511,-688.2474027578278,0.17453415857664822,-6.752123767079176,4505,8.84,12.38801851821963,-0.0021953169714149677,8036211d1b6795e93ed79f180c7d2088aa2ff7854b7a472268b5876a78d4235b,ad3ddcb95078dd9c766d57028535f447e3a7de9d7f8a49353a3fdee544585833,True,,"{""BACKTEST_VALIDATED_GATES_TRADIER"":false,""BASE_TF"":""5m"",""COMBINED_STOCH_GATE_TRADIER"":100.0,""COOLDOWN_BARS"":0,""COOLDOWN_BARS_TRADIER"":0,""DELTA_ENGINE_ENABLED"":true,""DELTA_MAX_HOLD_BARS"":1,""D_TREND_REQUIRED"":false,""HTF_ALIGNMENT_ENABLED"":false,""K3M_FLOOR"":0.0,""KINDERGARTEN_EMA_GATE_ENABLED"":false,""MFI_ENTRY_ENABLED"":false,""MIN_HOLD_BARS"":0,""MIN_HOLD_BARS_BEFORE_EXIT"":0,""MIN_HOLD_MINUTES_TRADIER"":0.0,""MOMENTUM_FADE_ENABLED_TRADIER"":true,""MOMENTUM_FADE_VOL_MIN_TRADIER"":1.5,""MTF_ARMED_WT_DIRECTION_SUSPEND_ENABLED"":false,""RSI_ENTRY_LONG_TRADIER"":101.0,""RSI_ENTRY_SHORT_TRADIER"":-1.0,""START_POSITION_SIZE"":10000.0,""STOCH_CROSS_ENTRY_TRADIER"":false,""TRADIER_ENTRY_SCORE_THRESHOLD"":5.25,""WT_COMPOSITE_SCORING_ENABLED_TRADIER"":false,""WT_DC_HTF_GATE"":""none"",""WT_TF_15M_ENABLED"":true,""WT_TF_1H_ENABLED"":false,""WT_TF_4H_ENABLED"":false,""WT_TF_5M_ENABLED"":false,""WT_TF_D_ENABLED"":false}"
MOMENTUM_FADE_VOL_MIN_TRADIER,STRATEGY_CAUSAL,declared strategy/catalog/live-path setting,PASS,all applicable values/timeframes change real execution uniquely,ENGINE_AUTO_WIRED|GLOBAL|OTHER|QUICK_CONFIG|RECENT_5D,DISCONNECTED_LIVE_PATHS|ENGINE_AUTO_WIRED|QUICK_CONFIG|RECENT_RESULTS_5D|SWITCH_CATALOG,True,True,False,True,False,True,15m,WT_TF_15M_ENABLED,2.5,True,-688.4664402260714,-688.2474027578278,-0.21903746824364134,-7.145695393899447,4500,8.84,12.587143259374594,-0.0029949062340987914,61bfb37545c7fc03b69fee7e8f0ac1452ae23499a66896a051f787f6292ac3e8,ad3ddcb95078dd9c766d57028535f447e3a7de9d7f8a49353a3fdee544585833,True,,"{""BACKTEST_VALIDATED_GATES_TRADIER"":false,""BASE_TF"":""5m"",""COMBINED_STOCH_GATE_TRADIER"":100.0,""COOLDOWN_BARS"":0,""COOLDOWN_BARS_TRADIER"":0,""DELTA_ENGINE_ENABLED"":true,""DELTA_MAX_HOLD_BARS"":1,""D_TREND_REQUIRED"":false,""HTF_ALIGNMENT_ENABLED"":false,""K3M_FLOOR"":0.0,""KINDERGARTEN_EMA_GATE_ENABLED"":false,""MFI_ENTRY_ENABLED"":false,""MIN_HOLD_BARS"":0,""MIN_HOLD_BARS_BEFORE_EXIT"":0,""MIN_HOLD_MINUTES_TRADIER"":0.0,""MOMENTUM_FADE_ENABLED_TRADIER"":true,""MOMENTUM_FADE_VOL_MIN_TRADIER"":2.5,""MTF_ARMED_WT_DIRECTION_SUSPEND_ENABLED"":false,""RSI_ENTRY_LONG_TRADIER"":101.0,""RSI_ENTRY_SHORT_TRADIER"":-1.0,""START_POSITION_SIZE"":10000.0,""STOCH_CROSS_ENTRY_TRADIER"":false,""TRADIER_ENTRY_SCORE_THRESHOLD"":5.25,""WT_COMPOSITE_SCORING_ENABLED_TRADIER"":false,""WT_DC_HTF_GATE"":""none"",""WT_TF_15M_ENABLED"":true,""WT_TF_1H_ENABLED"":false,""WT_TF_4H_ENABLED"":false,""WT_TF_5M_ENABLED"":false,""WT_TF_D_ENABLED"":false}"
MOMENTUM_FADE_VOL_MIN_TRADIER,STRATEGY_CAUSAL,declared strategy/catalog/live-path setting,PASS,all applicable values/timeframes change real execution uniquely,ENGINE_AUTO_WIRED|GLOBAL|OTHER|QUICK_CONFIG|RECENT_5D,DISCONNECTED_LIVE_PATHS|ENGINE_AUTO_WIRED|QUICK_CONFIG|RECENT_RESULTS_5D|SWITCH_CATALOG,True,True,False,True,False,True,15m,WT_TF_15M_ENABLED,3.0,True,-689.018502518811,-688.2474027578278,-0.7710997609832475,-7.697757686639113,4498,8.83,13.159130372758074,-0.0034794407884724864,8725e277b97f8be4d42ef49c57e5aae8b0926dfac9bfe6276a4b8839a45ba9b5,ad3ddcb95078dd9c766d57028535f447e3a7de9d7f8a49353a3fdee544585833,True,,"{""BACKTEST_VALIDATED_GATES_TRADIER"":false,""BASE_TF"":""5m"",""COMBINED_STOCH_GATE_TRADIER"":100.0,""COOLDOWN_BARS"":0,""COOLDOWN_BARS_TRADIER"":0,""DELTA_ENGINE_ENABLED"":true,""DELTA_MAX_HOLD_BARS"":1,""D_TREND_REQUIRED"":false,""HTF_ALIGNMENT_ENABLED"":false,""K3M_FLOOR"":0.0,""KINDERGARTEN_EMA_GATE_ENABLED"":false,""MFI_ENTRY_ENABLED"":false,""MIN_HOLD_BARS"":0,""MIN_HOLD_BARS_BEFORE_EXIT"":0,""MIN_HOLD_MINUTES_TRADIER"":0.0,""MOMENTUM_FADE_ENABLED_TRADIER"":true,""MOMENTUM_FADE_VOL_MIN_TRADIER"":3.0,""MTF_ARMED_WT_DIRECTION_SUSPEND_ENABLED"":false,""RSI_ENTRY_LONG_TRADIER"":101.0,""RSI_ENTRY_SHORT_TRADIER"":-1.0,""START_POSITION_SIZE"":10000.0,""STOCH_CROSS_ENTRY_TRADIER"":false,""TRADIER_ENTRY_SCORE_THRESHOLD"":5.25,""WT_COMPOSITE_SCORING_ENABLED_TRADIER"":false,""WT_DC_HTF_GATE"":""none"",""WT_TF_15M_ENABLED"":true,""WT_TF_1H_ENABLED"":false,""WT_TF_4H_ENABLED"":false,""WT_TF_5M_ENABLED"":false,""WT_TF_D_ENABLED"":false}"
MOMENTUM_FADE_VOL_MIN_TRADIER,STRATEGY_CAUSAL,declared strategy/catalog/live-path setting,PASS,all applicable values/timeframes change real execution uniquely,ENGINE_AUTO_WIRED|GLOBAL|OTHER|QUICK_CONFIG|RECENT_5D,DISCONNECTED_LIVE_PATHS|ENGINE_AUTO_WIRED|QUICK_CONFIG|RECENT_RESULTS_5D|SWITCH_CATALOG,True,True,False,True,False,True,1h,WT_TF_1H_ENABLED,2.0,False,-681.771197350842,-681.771197350842,0.0,-0.4504525186700507,51,0.1,2.93826428656549,-0.01860730967814004,39bd148868a4d80d456473f14135a389ac3cb5712cc63a87dccd10abfbecaba3,39bd148868a4d80d456473f14135a389ac3cb5712cc63a87dccd10abfbecaba3,True,,"{""BACKTEST_VALIDATED_GATES_TRADIER"":false,""BASE_TF"":""5m"",""COMBINED_STOCH_GATE_TRADIER"":100.0,""COOLDOWN_BARS"":0,""COOLDOWN_BARS_TRADIER"":0,""DELTA_ENGINE_ENABLED"":true,""DELTA_MAX_HOLD_BARS"":1,""D_TREND_REQUIRED"":false,""HTF_ALIGNMENT_ENABLED"":false,""K3M_FLOOR"":0.0,""KINDERGARTEN_EMA_GATE_ENABLED"":false,""MFI_ENTRY_ENABLED"":false,""MIN_HOLD_BARS"":0,""MIN_HOLD_BARS_BEFORE_EXIT"":0,""MIN_HOLD_MINUTES_TRADIER"":0.0,""MOMENTUM_FADE_ENABLED_TRADIER"":true,""MOMENTUM_FADE_VOL_MIN_TRADIER"":2.0,""MTF_ARMED_WT_DIRECTION_SUSPEND_ENABLED"":false,""RSI_ENTRY_LONG_TRADIER"":101.0,""RSI_ENTRY_SHORT_TRADIER"":-1.0,""START_POSITION_SIZE"":10000.0,""STOCH_CROSS_ENTRY_TRADIER"":false,""TRADIER_ENTRY_SCORE_THRESHOLD"":18.25,""WT_COMPOSITE_SCORING_ENABLED_TRADIER"":false,""WT_DC_HTF_GATE"":""none"",""WT_TF_15M_ENABLED"":false,""WT_TF_1H_ENABLED"":true,""WT_TF_4H_ENABLED"":false,""WT_TF_5M_ENABLED"":false,""WT_TF_D_ENABLED"":false}"
MOMENTUM_FADE_VOL_MIN_TRADIER,STRATEGY_CAUSAL,declared strategy/catalog/live-path setting,PASS,all applicable values/timeframes change real execution uniquely,ENGINE_AUTO_WIRED|GLOBAL|OTHER|QUICK_CONFIG|RECENT_5D,DISCONNECTED_LIVE_PATHS|ENGINE_AUTO_WIRED|QUICK_CONFIG|RECENT_RESULTS_5D|SWITCH_CATALOG,True,True,False,True,False,True,1h,WT_TF_1H_ENABLED,1.0,True,-680.6868117525308,-681.771197350842,1.0843855983112007,0.6339330796411335,57,0.11,2.4978519456562323,0.04847533847781901,83a381b96fe96cfe8985557dbc65b920d72367f31581c53d2c05281d17d745ca,39bd148868a4d80d456473f14135a389ac3cb5712cc63a87dccd10abfbecaba3,True,,"{""BACKTEST_VALIDATED_GATES_TRADIER"":false,""BASE_TF"":""5m"",""COMBINED_STOCH_GATE_TRADIER"":100.0,""COOLDOWN_BARS"":0,""COOLDOWN_BARS_TRADIER"":0,""DELTA_ENGINE_ENABLED"":true,""DELTA_MAX_HOLD_BARS"":1,""D_TREND_REQUIRED"":false,""HTF_ALIGNMENT_ENABLED"":false,""K3M_FLOOR"":0.0,""KINDERGARTEN_EMA_GATE_ENABLED"":false,""MFI_ENTRY_ENABLED"":false,""MIN_HOLD_BARS"":0,""MIN_HOLD_BARS_BEFORE_EXIT"":0,""MIN_HOLD_MINUTES_TRADIER"":0.0,""MOMENTUM_FADE_ENABLED_TRADIER"":true,""MOMENTUM_FADE_VOL_MIN_TRADIER"":1.0,""MTF_ARMED_WT_DIRECTION_SUSPEND_ENABLED"":false,""RSI_ENTRY_LONG_TRADIER"":101.0,""RSI_ENTRY_SHORT_TRADIER"":-1.0,""START_POSITION_SIZE"":10000.0,""STOCH_CROSS_ENTRY_TRADIER"":false,""TRADIER_ENTRY_SCORE_THRESHOLD"":18.25,""WT_COMPOSITE_SCORING_ENABLED_TRADIER"":false,""WT_DC_HTF_GATE"":""none"",""WT_TF_15M_ENABLED"":false,""WT_TF_1H_ENABLED"":true,""WT_TF_4H_ENABLED"":false,""WT_TF_5M_ENABLED"":false,""WT_TF_D_ENABLED"":false}"
MOMENTUM_FADE_VOL_MIN_TRADIER,STRATEGY_CAUSAL,declared strategy/catalog/live-path setting,PASS,all applicable values/timeframes change real execution uniquely,ENGINE_AUTO_WIRED|GLOBAL|OTHER|QUICK_CONFIG|RECENT_5D,DISCONNECTED_LIVE_PATHS|ENGINE_AUTO_WIRED|QUICK_CONFIG|RECENT_RESULTS_5D|SWITCH_CATALOG,True,True,False,True,False,True,1h,WT_TF_1H_ENABLED,1.5,True,-680.9520462327273,-681.771197350842,0.8191511181147462,0.3686985994446661,54,0.11,2.4978519456562323,0.02922903018401936,b57a69008356d9db0c47db383dbf8c10294d06088761ac15156b2f1ac1dfb001,39bd148868a4d80d456473f14135a389ac3cb5712cc63a87dccd10abfbecaba3,True,,"{""BACKTEST_VALIDATED_GATES_TRADIER"":false,""BASE_TF"":""5m"",""COMBINED_STOCH_GATE_TRADIER"":100.0,""COOLDOWN_BARS"":0,""COOLDOWN_BARS_TRADIER"":0,""DELTA_ENGINE_ENABLED"":true,""DELTA_MAX_HOLD_BARS"":1,""D_TREND_REQUIRED"":false,""HTF_ALIGNMENT_ENABLED"":false,""K3M_FLOOR"":0.0,""KINDERGARTEN_EMA_GATE_ENABLED"":false,""MFI_ENTRY_ENABLED"":false,""MIN_HOLD_BARS"":0,""MIN_HOLD_BARS_BEFORE_EXIT"":0,""MIN_HOLD_MINUTES_TRADIER"":0.0,""MOMENTUM_FADE_ENABLED_TRADIER"":true,""MOMENTUM_FADE_VOL_MIN_TRADIER"":1.5,""MTF_ARMED_WT_DIRECTION_SUSPEND_ENABLED"":false,""RSI_ENTRY_LONG_TRADIER"":101.0,""RSI_ENTRY_SHORT_TRADIER"":-1.0,""START_POSITION_SIZE"":10000.0,""STOCH_CROSS_ENTRY_TRADIER"":false,""TRADIER_ENTRY_SCORE_THRESHOLD"":18.25,""WT_COMPOSITE_SCORING_ENABLED_TRADIER"":false,""WT_DC_HTF_GATE"":""none"",""WT_TF_15M_ENABLED"":false,""WT_TF_1H_ENABLED"":true,""WT_TF_4H_ENABLED"":false,""WT_TF_5M_ENABLED"":false,""WT_TF_D_ENABLED"":false}"
MOMENTUM_FADE_VOL_MIN_TRADIER,STRATEGY_CAUSAL,declared strategy/catalog/live-path setting,PASS,all applicable values/timeframes change real execution uniquely,ENGINE_AUTO_WIRED|GLOBAL|OTHER|QUICK_CONFIG|RECENT_5D,DISCONNECTED_LIVE_PATHS|ENGINE_AUTO_WIRED|QUICK_CONFIG|RECENT_RESULTS_5D|SWITCH_CATALOG,True,True,False,True,False,True,1h,WT_TF_1H_ENABLED,2.5,True,-682.0644320471802,-681.771197350842,-0.29323469633811783,-0.7436872150081558,47,0.09,2.970243590572734,-0.05370402864963402,cdba8728fde1b5126f689aa4981166972a9976a23c1ad2707b82f428fb10ae05,39bd148868a4d80d456473f14135a389ac3cb5712cc63a87dccd10abfbecaba3,True,,"{""BACKTEST_VALIDATED_GATES_TRADIER"":false,""BASE_TF"":""5m"",""COMBINED_STOCH_GATE_TRADIER"":100.0,""COOLDOWN_BARS"":0,""COOLDOWN_BARS_TRADIER"":0,""DELTA_ENGINE_ENABLED"":true,""DELTA_MAX_HOLD_BARS"":1,""D_TREND_REQUIRED"":false,""HTF_ALIGNMENT_ENABLED"":false,""K3M_FLOOR"":0.0,""KINDERGARTEN_EMA_GATE_ENABLED"":false,""MFI_ENTRY_ENABLED"":false,""MIN_HOLD_BARS"":0,""MIN_HOLD_BARS_BEFORE_EXIT"":0,""MIN_HOLD_MINUTES_TRADIER"":0.0,""MOMENTUM_FADE_ENABLED_TRADIER"":true,""MOMENTUM_FADE_VOL_MIN_TRADIER"":2.5,""MTF_ARMED_WT_DIRECTION_SUSPEND_ENABLED"":false,""RSI_ENTRY_LONG_TRADIER"":101.0,""RSI_ENTRY_SHORT_TRADIER"":-1.0,""START_POSITION_SIZE"":10000.0,""STOCH_CROSS_ENTRY_TRADIER"":false,""TRADIER_ENTRY_SCORE_THRESHOLD"":18.25,""WT_COMPOSITE_SCORING_ENABLED_TRADIER"":false,""WT_DC_HTF_GATE"":""none"",""WT_TF_15M_ENABLED"":false,""WT_TF_1H_ENABLED"":true,""WT_TF_4H_ENABLED"":false,""WT_TF_5M_ENABLED"":false,""WT_TF_D_ENABLED"":false}"
MOMENTUM_FADE_VOL_MIN_TRADIER,STRATEGY_CAUSAL,declared strategy/catalog/live-path setting,PASS,all applicable values/timeframes change real execution uniquely,ENGINE_AUTO_WIRED|GLOBAL|OTHER|QUICK_CONFIG|RECENT_5D,DISCONNECTED_LIVE_PATHS|ENGINE_AUTO_WIRED|QUICK_CONFIG|RECENT_RESULTS_5D|SWITCH_CATALOG,True,True,False,True,False,True,1h,WT_TF_1H_ENABLED,3.0,True,-680.9751619239271,-681.771197350842,0.7960354269149548,0.34558290824482535,43,0.08,1.997200397262663,0.009033207612031979,05b483fab6a20223aa03edc98d4c787cdf60fdc56db200fc62ef5f4e991408c5,39bd148868a4d80d456473f14135a389ac3cb5712cc63a87dccd10abfbecaba3,True,,"{""BACKTEST_VALIDATED_GATES_TRADIER"":false,""BASE_TF"":""5m"",""COMBINED_STOCH_GATE_TRADIER"":100.0,""COOLDOWN_BARS"":0,""COOLDOWN_BARS_TRADIER"":0,""DELTA_ENGINE_ENABLED"":true,""DELTA_MAX_HOLD_BARS"":1,""D_TREND_REQUIRED"":false,""HTF_ALIGNMENT_ENABLED"":false,""K3M_FLOOR"":0.0,""KINDERGARTEN_EMA_GATE_ENABLED"":false,""MFI_ENTRY_ENABLED"":false,""MIN_HOLD_BARS"":0,""MIN_HOLD_BARS_BEFORE_EXIT"":0,""MIN_HOLD_MINUTES_TRADIER"":0.0,""MOMENTUM_FADE_ENABLED_TRADIER"":true,""MOMENTUM_FADE_VOL_MIN_TRADIER"":3.0,""MTF_ARMED_WT_DIRECTION_SUSPEND_ENABLED"":false,""RSI_ENTRY_LONG_TRADIER"":101.0,""RSI_ENTRY_SHORT_TRADIER"":-1.0,""START_POSITION_SIZE"":10000.0,""STOCH_CROSS_ENTRY_TRADIER"":false,""TRADIER_ENTRY_SCORE_THRESHOLD"":18.25,""WT_COMPOSITE_SCORING_ENABLED_TRADIER"":false,""WT_DC_HTF_GATE"":""none"",""WT_TF_15M_ENABLED"":false,""WT_TF_1H_ENABLED"":true,""WT_TF_4H_ENABLED"":false,""WT_TF_5M_ENABLED"":false,""WT_TF_D_ENABLED"":false}"
MOMENTUM_FADE_VOL_MIN_TRADIER,STRATEGY_CAUSAL,declared strategy/catalog/live-path setting,PASS,all applicable values/timeframes change real execution uniquely,ENGINE_AUTO_WIRED|GLOBAL|OTHER|QUICK_CONFIG|RECENT_5D,DISCONNECTED_LIVE_PATHS|ENGINE_AUTO_WIRED|QUICK_CONFIG|RECENT_RESULTS_5D|SWITCH_CATALOG,True,True,False,True,False,True,4h,WT_TF_4H_ENABLED,2.0,False,-694.7810165812803,-694.7810165812803,0.0,-13.460271749108301,3098,6.08,17.159879937319957,-0.020619735811497317,19a0d7f94b8cd68719ab8d6652d5ef280ba2d5c98a54cda010760bffb2ddebe6,19a0d7f94b8cd68719ab8d6652d5ef280ba2d5c98a54cda010760bffb2ddebe6,True,,"{""BACKTEST_VALIDATED_GATES_TRADIER"":false,""BASE_TF"":""5m"",""COMBINED_STOCH_GATE_TRADIER"":100.0,""COOLDOWN_BARS"":0,""COOLDOWN_BARS_TRADIER"":0,""DELTA_ENGINE_ENABLED"":true,""DELTA_MAX_HOLD_BARS"":1,""D_TREND_REQUIRED"":false,""HTF_ALIGNMENT_ENABLED"":false,""K3M_FLOOR"":0.0,""KINDERGARTEN_EMA_GATE_ENABLED"":false,""MFI_ENTRY_ENABLED"":false,""MIN_HOLD_BARS"":0,""MIN_HOLD_BARS_BEFORE_EXIT"":0,""MIN_HOLD_MINUTES_TRADIER"":0.0,""MOMENTUM_FADE_ENABLED_TRADIER"":true,""MOMENTUM_FADE_VOL_MIN_TRADIER"":2.0,""MTF_ARMED_WT_DIRECTION_SUSPEND_ENABLED"":false,""RSI_ENTRY_LONG_TRADIER"":101.0,""RSI_ENTRY_SHORT_TRADIER"":-1.0,""START_POSITION_SIZE"":10000.0,""STOCH_CROSS_ENTRY_TRADIER"":false,""TRADIER_ENTRY_SCORE_THRESHOLD"":9.25,""WT_COMPOSITE_SCORING_ENABLED_TRADIER"":false,""WT_DC_HTF_GATE"":""none"",""WT_TF_15M_ENABLED"":false,""WT_TF_1H_ENABLED"":false,""WT_TF_4H_ENABLED"":true,""WT_TF_5M_ENABLED"":false,""WT_TF_D_ENABLED"":false}"
MOMENTUM_FADE_VOL_MIN_TRADIER,STRATEGY_CAUSAL,declared strategy/catalog/live-path setting,PASS,all applicable values/timeframes change real execution uniquely,ENGINE_AUTO_WIRED|GLOBAL|OTHER|QUICK_CONFIG|RECENT_5D,DISCONNECTED_LIVE_PATHS|ENGINE_AUTO_WIRED|QUICK_CONFIG|RECENT_RESULTS_5D|SWITCH_CATALOG,True,True,False,True,False,True,4h,WT_TF_4H_ENABLED,1.0,True,-694.3399779852191,-694.7810165812803,0.441038596061162,-13.019233153047121,3105,6.1,16.78567740360273,-0.01885004067856681,7417fbbe73f2db10da0e82a68167d64b24fa1531675c4c6e55c4d667f6b59375,19a0d7f94b8cd68719ab8d6652d5ef280ba2d5c98a54cda010760bffb2ddebe6,True,,"{""BACKTEST_VALIDATED_GATES_TRADIER"":false,""BASE_TF"":""5m"",""COMBINED_STOCH_GATE_TRADIER"":100.0,""COOLDOWN_BARS"":0,""COOLDOWN_BARS_TRADIER"":0,""DELTA_ENGINE_ENABLED"":true,""DELTA_MAX_HOLD_BARS"":1,""D_TREND_REQUIRED"":false,""HTF_ALIGNMENT_ENABLED"":false,""K3M_FLOOR"":0.0,""KINDERGARTEN_EMA_GATE_ENABLED"":false,""MFI_ENTRY_ENABLED"":false,""MIN_HOLD_BARS"":0,""MIN_HOLD_BARS_BEFORE_EXIT"":0,""MIN_HOLD_MINUTES_TRADIER"":0.0,""MOMENTUM_FADE_ENABLED_TRADIER"":true,""MOMENTUM_FADE_VOL_MIN_TRADIER"":1.0,""MTF_ARMED_WT_DIRECTION_SUSPEND_ENABLED"":false,""RSI_ENTRY_LONG_TRADIER"":101.0,""RSI_ENTRY_SHORT_TRADIER"":-1.0,""START_POSITION_SIZE"":10000.0,""STOCH_CROSS_ENTRY_TRADIER"":false,""TRADIER_ENTRY_SCORE_THRESHOLD"":9.25,""WT_COMPOSITE_SCORING_ENABLED_TRADIER"":false,""WT_DC_HTF_GATE"":""none"",""WT_TF_15M_ENABLED"":false,""WT_TF_1H_ENABLED"":false,""WT_TF_4H_ENABLED"":true,""WT_TF_5M_ENABLED"":false,""WT_TF_D_ENABLED"":false}"
MOMENTUM_FADE_VOL_MIN_TRADIER,STRATEGY_CAUSAL,declared strategy/catalog/live-path setting,PASS,all applicable values/timeframes change real execution uniquely,ENGINE_AUTO_WIRED|GLOBAL|OTHER|QUICK_CONFIG|RECENT_5D,DISCONNECTED_LIVE_PATHS|ENGINE_AUTO_WIRED|QUICK_CONFIG|RECENT_RESULTS_5D|SWITCH_CATALOG,True,True,False,True,False,True,4h,WT_TF_4H_ENABLED,1.5,True,-694.8018136517586,-694.7810165812803,-0.020797070478351998,-13.481068819586664,3101,6.09,17.180659907182882,-0.020541116026535817,06fe0b94253e930d80142603f9d2cd31f9678e0f543809657587094e515889ef,19a0d7f94b8cd68719ab8d6652d5ef280ba2d5c98a54cda010760bffb2ddebe6,True,,"{""BACKTEST_VALIDATED_GATES_TRADIER"":false,""BASE_TF"":""5m"",""COMBINED_STOCH_GATE_TRADIER"":100.0,""COOLDOWN_BARS"":0,""COOLDOWN_BARS_TRADIER"":0,""DELTA_ENGINE_ENABLED"":true,""DELTA_MAX_HOLD_BARS"":1,""D_TREND_REQUIRED"":false,""HTF_ALIGNMENT_ENABLED"":false,""K3M_FLOOR"":0.0,""KINDERGARTEN_EMA_GATE_ENABLED"":false,""MFI_ENTRY_ENABLED"":false,""MIN_HOLD_BARS"":0,""MIN_HOLD_BARS_BEFORE_EXIT"":0,""MIN_HOLD_MINUTES_TRADIER"":0.0,""MOMENTUM_FADE_ENABLED_TRADIER"":true,""MOMENTUM_FADE_VOL_MIN_TRADIER"":1.5,""MTF_ARMED_WT_DIRECTION_SUSPEND_ENABLED"":false,""RSI_ENTRY_LONG_TRADIER"":101.0,""RSI_ENTRY_SHORT_TRADIER"":-1.0,""START_POSITION_SIZE"":10000.0,""STOCH_CROSS_ENTRY_TRADIER"":false,""TRADIER_ENTRY_SCORE_THRESHOLD"":9.25,""WT_COMPOSITE_SCORING_ENABLED_TRADIER"":false,""WT_DC_HTF_GATE"":""none"",""WT_TF_15M_ENABLED"":false,""WT_TF_1H_ENABLED"":false,""WT_TF_4H_ENABLED"":true,""WT_TF_5M_ENABLED"":false,""WT_TF_D_ENABLED"":false}"
MOMENTUM_FADE_VOL_MIN_TRADIER,STRATEGY_CAUSAL,declared strategy/catalog/live-path setting,PASS,all applicable values/timeframes change real execution uniquely,ENGINE_AUTO_WIRED|GLOBAL|OTHER|QUICK_CONFIG|RECENT_5D,DISCONNECTED_LIVE_PATHS|ENGINE_AUTO_WIRED|QUICK_CONFIG|RECENT_RESULTS_5D|SWITCH_CATALOG,True,True,False,True,False,True,4h,WT_TF_4H_ENABLED,2.5,True,-694.9330219060139,-694.7810165812803,-0.15200532473363637,-13.612277073841994,3096,6.08,17.311760274036477,-0.021980941218790715,d16146c707fbd0db2c2ca1a49d801f23c592bdcbbfa40723c1d9624e14218401,19a0d7f94b8cd68719ab8d6652d5ef280ba2d5c98a54cda010760bffb2ddebe6,True,,"{""BACKTEST_VALIDATED_GATES_TRADIER"":false,""BASE_TF"":""5m"",""COMBINED_STOCH_GATE_TRADIER"":100.0,""COOLDOWN_BARS"":0,""COOLDOWN_BARS_TRADIER"":0,""DELTA_ENGINE_ENABLED"":true,""DELTA_MAX_HOLD_BARS"":1,""D_TREND_REQUIRED"":false,""HTF_ALIGNMENT_ENABLED"":false,""K3M_FLOOR"":0.0,""KINDERGARTEN_EMA_GATE_ENABLED"":false,""MFI_ENTRY_ENABLED"":false,""MIN_HOLD_BARS"":0,""MIN_HOLD_BARS_BEFORE_EXIT"":0,""MIN_HOLD_MINUTES_TRADIER"":0.0,""MOMENTUM_FADE_ENABLED_TRADIER"":true,""MOMENTUM_FADE_VOL_MIN_TRADIER"":2.5,""MTF_ARMED_WT_DIRECTION_SUSPEND_ENABLED"":false,""RSI_ENTRY_LONG_TRADIER"":101.0,""RSI_ENTRY_SHORT_TRADIER"":-1.0,""START_POSITION_SIZE"":10000.0,""STOCH_CROSS_ENTRY_TRADIER"":false,""TRADIER_ENTRY_SCORE_THRESHOLD"":9.25,""WT_COMPOSITE_SCORING_ENABLED_TRADIER"":false,""WT_DC_HTF_GATE"":""none"",""WT_TF_15M_ENABLED"":false,""WT_TF_1H_ENABLED"":false,""WT_TF_4H_ENABLED"":true,""WT_TF_5M_ENABLED"":false,""WT_TF_D_ENABLED"":false}"
MOMENTUM_FADE_VOL_MIN_TRADIER,STRATEGY_CAUSAL,declared strategy/catalog/live-path setting,PASS,all applicable values/timeframes change real execution uniquely,ENGINE_AUTO_WIRED|GLOBAL|OTHER|QUICK_CONFIG|RECENT_5D,DISCONNECTED_LIVE_PATHS|ENGINE_AUTO_WIRED|QUICK_CONFIG|RECENT_RESULTS_5D|SWITCH_CATALOG,True,True,False,True,False,True,4h,WT_TF_4H_ENABLED,3.0,True,-695.0505313957506,-694.7810165812803,-0.26951481447031256,-13.729786563578664,3096,6.08,17.429173140328228,-0.02241064379979405,179071a556551fad6acf2e9bb0e9b33256c8d4c50b9e18423f208f364d81e500,19a0d7f94b8cd68719ab8d6652d5ef280ba2d5c98a54cda010760bffb2ddebe6,True,,"{""BACKTEST_VALIDATED_GATES_TRADIER"":false,""BASE_TF"":""5m"",""COMBINED_STOCH_GATE_TRADIER"":100.0,""COOLDOWN_BARS"":0,""COOLDOWN_BARS_TRADIER"":0,""DELTA_ENGINE_ENABLED"":true,""DELTA_MAX_HOLD_BARS"":1,""D_TREND_REQUIRED"":false,""HTF_ALIGNMENT_ENABLED"":false,""K3M_FLOOR"":0.0,""KINDERGARTEN_EMA_GATE_ENABLED"":false,""MFI_ENTRY_ENABLED"":false,""MIN_HOLD_BARS"":0,""MIN_HOLD_BARS_BEFORE_EXIT"":0,""MIN_HOLD_MINUTES_TRADIER"":0.0,""MOMENTUM_FADE_ENABLED_TRADIER"":true,""MOMENTUM_FADE_VOL_MIN_TRADIER"":3.0,""MTF_ARMED_WT_DIRECTION_SUSPEND_ENABLED"":false,""RSI_ENTRY_LONG_TRADIER"":101.0,""RSI_ENTRY_SHORT_TRADIER"":-1.0,""START_POSITION_SIZE"":10000.0,""STOCH_CROSS_ENTRY_TRADIER"":false,""TRADIER_ENTRY_SCORE_THRESHOLD"":9.25,""WT_COMPOSITE_SCORING_ENABLED_TRADIER"":false,""WT_DC_HTF_GATE"":""none"",""WT_TF_15M_ENABLED"":false,""WT_TF_1H_ENABLED"":false,""WT_TF_4H_ENABLED"":true,""WT_TF_5M_ENABLED"":false,""WT_TF_D_ENABLED"":false}"
MOMENTUM_FADE_VOL_MIN_TRADIER,STRATEGY_CAUSAL,declared strategy/catalog/live-path setting,PASS,all applicable values/timeframes change real execution uniquely,ENGINE_AUTO_WIRED|GLOBAL|OTHER|QUICK_CONFIG|RECENT_5D,DISCONNECTED_LIVE_PATHS|ENGINE_AUTO_WIRED|QUICK_CONFIG|RECENT_RESULTS_5D|SWITCH_CATALOG,True,True,False,True,False,True,D,WT_TF_D_ENABLED,2.0,False,-705.9972216998208,-705.9972216998208,0.0,-24.676476867648862,1293,2.54,25.63422557929974,-0.06567947709080087,fa7cdf8c3dc8b3b14fda63f3ecd82aa92489612e8603c6c158c37a114b04d3d4,fa7cdf8c3dc8b3b14fda63f3ecd82aa92489612e8603c6c158c37a114b04d3d4,True,,"{""BACKTEST_VALIDATED_GATES_TRADIER"":false,""BASE_TF"":""5m"",""COMBINED_STOCH_GATE_TRADIER"":100.0,""COOLDOWN_BARS"":0,""COOLDOWN_BARS_TRADIER"":0,""DELTA_ENGINE_ENABLED"":true,""DELTA_MAX_HOLD_BARS"":1,""D_TREND_REQUIRED"":false,""HTF_ALIGNMENT_ENABLED"":false,""K3M_FLOOR"":0.0,""KINDERGARTEN_EMA_GATE_ENABLED"":false,""MFI_ENTRY_ENABLED"":false,""MIN_HOLD_BARS"":0,""MIN_HOLD_BARS_BEFORE_EXIT"":0,""MIN_HOLD_MINUTES_TRADIER"":0.0,""MOMENTUM_FADE_ENABLED_TRADIER"":true,""MOMENTUM_FADE_VOL_MIN_TRADIER"":2.0,""MTF_ARMED_WT_DIRECTION_SUSPEND_ENABLED"":false,""RSI_ENTRY_LONG_TRADIER"":101.0,""RSI_ENTRY_SHORT_TRADIER"":-1.0,""START_POSITION_SIZE"":10000.0,""STOCH_CROSS_ENTRY_TRADIER"":false,""TRADIER_ENTRY_SCORE_THRESHOLD"":14.25,""WT_COMPOSITE_SCORING_ENABLED_TRADIER"":false,""WT_DC_HTF_GATE"":""none"",""WT_TF_15M_ENABLED"":false,""WT_TF_1H_ENABLED"":false,""WT_TF_4H_ENABLED"":false,""WT_TF_5M_ENABLED"":false,""WT_TF_D_ENABLED"":true}"
MOMENTUM_FADE_VOL_MIN_TRADIER,STRATEGY_CAUSAL,declared strategy/catalog/live-path setting,PASS,all applicable values/timeframes change real execution uniquely,ENGINE_AUTO_WIRED|GLOBAL|OTHER|QUICK_CONFIG|RECENT_5D,DISCONNECTED_LIVE_PATHS|ENGINE_AUTO_WIRED|QUICK_CONFIG|RECENT_RESULTS_5D|SWITCH_CATALOG,True,True,False,True,False,True,D,WT_TF_D_ENABLED,1.0,True,-701.6969738518278,-705.9972216998208,4.300247847992978,-20.376229019655852,1300,2.55,21.3399806286346,-0.05081030322399086,e380fa65ae344fac37ee2613830a4d107dc3159272093b3b18a4444867d81e2e,fa7cdf8c3dc8b3b14fda63f3ecd82aa92489612e8603c6c158c37a114b04d3d4,True,,"{""BACKTEST_VALIDATED_GATES_TRADIER"":false,""BASE_TF"":""5m"",""COMBINED_STOCH_GATE_TRADIER"":100.0,""COOLDOWN_BARS"":0,""COOLDOWN_BARS_TRADIER"":0,""DELTA_ENGINE_ENABLED"":true,""DELTA_MAX_HOLD_BARS"":1,""D_TREND_REQUIRED"":false,""HTF_ALIGNMENT_ENABLED"":false,""K3M_FLOOR"":0.0,""KINDERGARTEN_EMA_GATE_ENABLED"":false,""MFI_ENTRY_ENABLED"":false,""MIN_HOLD_BARS"":0,""MIN_HOLD_BARS_BEFORE_EXIT"":0,""MIN_HOLD_MINUTES_TRADIER"":0.0,""MOMENTUM_FADE_ENABLED_TRADIER"":true,""MOMENTUM_FADE_VOL_MIN_TRADIER"":1.0,""MTF_ARMED_WT_DIRECTION_SUSPEND_ENABLED"":false,""RSI_ENTRY_LONG_TRADIER"":101.0,""RSI_ENTRY_SHORT_TRADIER"":-1.0,""START_POSITION_SIZE"":10000.0,""STOCH_CROSS_ENTRY_TRADIER"":false,""TRADIER_ENTRY_SCORE_THRESHOLD"":14.25,""WT_COMPOSITE_SCORING_ENABLED_TRADIER"":false,""WT_DC_HTF_GATE"":""none"",""WT_TF_15M_ENABLED"":false,""WT_TF_1H_ENABLED"":false,""WT_TF_4H_ENABLED"":false,""WT_TF_5M_ENABLED"":false,""WT_TF_D_ENABLED"":true}"
MOMENTUM_FADE_VOL_MIN_TRADIER,STRATEGY_CAUSAL,declared strategy/catalog/live-path setting,PASS,all applicable values/timeframes change real execution uniquely,ENGINE_AUTO_WIRED|GLOBAL|OTHER|QUICK_CONFIG|RECENT_5D,DISCONNECTED_LIVE_PATHS|ENGINE_AUTO_WIRED|QUICK_CONFIG|RECENT_RESULTS_5D|SWITCH_CATALOG,True,True,False,True,False,True,D,WT_TF_D_ENABLED,1.5,True,-701.8889684045129,-705.9972216998208,4.108253295307918,-20.56822357234094,1299,2.55,21.531707168026497,-0.05174161640921602,9a7812856eeb462e9d0a337c0543c536e17eb849b533e64fc8dce63207bf6e78,fa7cdf8c3dc8b3b14fda63f3ecd82aa92489612e8603c6c158c37a114b04d3d4,True,,"{""BACKTEST_VALIDATED_GATES_TRADIER"":false,""BASE_TF"":""5m"",""COMBINED_STOCH_GATE_TRADIER"":100.0,""COOLDOWN_BARS"":0,""COOLDOWN_BARS_TRADIER"":0,""DELTA_ENGINE_ENABLED"":true,""DELTA_MAX_HOLD_BARS"":1,""D_TREND_REQUIRED"":false,""HTF_ALIGNMENT_ENABLED"":false,""K3M_FLOOR"":0.0,""KINDERGARTEN_EMA_GATE_ENABLED"":false,""MFI_ENTRY_ENABLED"":false,""MIN_HOLD_BARS"":0,""MIN_HOLD_BARS_BEFORE_EXIT"":0,""MIN_HOLD_MINUTES_TRADIER"":0.0,""MOMENTUM_FADE_ENABLED_TRADIER"":true,""MOMENTUM_FADE_VOL_MIN_TRADIER"":1.5,""MTF_ARMED_WT_DIRECTION_SUSPEND_ENABLED"":false,""RSI_ENTRY_LONG_TRADIER"":101.0,""RSI_ENTRY_SHORT_TRADIER"":-1.0,""START_POSITION_SIZE"":10000.0,""STOCH_CROSS_ENTRY_TRADIER"":false,""TRADIER_ENTRY_SCORE_THRESHOLD"":14.25,""WT_COMPOSITE_SCORING_ENABLED_TRADIER"":false,""WT_DC_HTF_GATE"":""none"",""WT_TF_15M_ENABLED"":false,""WT_TF_1H_ENABLED"":false,""WT_TF_4H_ENABLED"":false,""WT_TF_5M_ENABLED"":false,""WT_TF_D_ENABLED"":true}"
MOMENTUM_FADE_VOL_MIN_TRADIER,STRATEGY_CAUSAL,declared strategy/catalog/live-path setting,PASS,all applicable values/timeframes change real execution uniquely,ENGINE_AUTO_WIRED|GLOBAL|OTHER|QUICK_CONFIG|RECENT_5D,DISCONNECTED_LIVE_PATHS|ENGINE_AUTO_WIRED|QUICK_CONFIG|RECENT_RESULTS_5D|SWITCH_CATALOG,True,True,False,True,False,True,D,WT_TF_D_ENABLED,2.5,True,-705.9533277154911,-705.9972216998208,0.04389398432965663,-24.6325828833192,1292,2.54,25.54145140170132,-0.06577832200767474,6ebbe4d08523f7d30b7d2e990c079ae552a967e716f8fabbffaad8286ad2ea23,fa7cdf8c3dc8b3b14fda63f3ecd82aa92489612e8603c6c158c37a114b04d3d4,True,,"{""BACKTEST_VALIDATED_GATES_TRADIER"":false,""BASE_TF"":""5m"",""COMBINED_STOCH_GATE_TRADIER"":100.0,""COOLDOWN_BARS"":0,""COOLDOWN_BARS_TRADIER"":0,""DELTA_ENGINE_ENABLED"":true,""DELTA_MAX_HOLD_BARS"":1,""D_TREND_REQUIRED"":false,""HTF_ALIGNMENT_ENABLED"":false,""K3M_FLOOR"":0.0,""KINDERGARTEN_EMA_GATE_ENABLED"":false,""MFI_ENTRY_ENABLED"":false,""MIN_HOLD_BARS"":0,""MIN_HOLD_BARS_BEFORE_EXIT"":0,""MIN_HOLD_MINUTES_TRADIER"":0.0,""MOMENTUM_FADE_ENABLED_TRADIER"":true,""MOMENTUM_FADE_VOL_MIN_TRADIER"":2.5,""MTF_ARMED_WT_DIRECTION_SUSPEND_ENABLED"":false,""RSI_ENTRY_LONG_TRADIER"":101.0,""RSI_ENTRY_SHORT_TRADIER"":-1.0,""START_POSITION_SIZE"":10000.0,""STOCH_CROSS_ENTRY_TRADIER"":false,""TRADIER_ENTRY_SCORE_THRESHOLD"":14.25,""WT_COMPOSITE_SCORING_ENABLED_TRADIER"":false,""WT_DC_HTF_GATE"":""none"",""WT_TF_15M_ENABLED"":false,""WT_TF_1H_ENABLED"":false,""WT_TF_4H_ENABLED"":false,""WT_TF_5M_ENABLED"":false,""WT_TF_D_ENABLED"":true}"
MOMENTUM_FADE_VOL_MIN_TRADIER,STRATEGY_CAUSAL,declared strategy/catalog/live-path setting,PASS,all applicable values/timeframes change real execution uniquely,ENGINE_AUTO_WIRED|GLOBAL|OTHER|QUICK_CONFIG|RECENT_5D,DISCONNECTED_LIVE_PATHS|ENGINE_AUTO_WIRED|QUICK_CONFIG|RECENT_RESULTS_5D|SWITCH_CATALOG,True,True,False,True,False,True,D,WT_TF_D_ENABLED,3.0,True,-705.3352242949735,-705.9972216998208,0.6619974048472841,-24.0144794628015,1287,2.53,24.92380483986947,-0.06464871075206416,89024ae5dfbf9cc9777a7c6532207c59813e002ec10ba1bae7fb6aec89ebfa0c,fa7cdf8c3dc8b3b14fda63f3ecd82aa92489612e8603c6c158c37a114b04d3d4,True,,"{""BACKTEST_VALIDATED_GATES_TRADIER"":false,""BASE_TF"":""5m"",""COMBINED_STOCH_GATE_TRADIER"":100.0,""COOLDOWN_BARS"":0,""COOLDOWN_BARS_TRADIER"":0,""DELTA_ENGINE_ENABLED"":true,""DELTA_MAX_HOLD_BARS"":1,""D_TREND_REQUIRED"":false,""HTF_ALIGNMENT_ENABLED"":false,""K3M_FLOOR"":0.0,""KINDERGARTEN_EMA_GATE_ENABLED"":false,""MFI_ENTRY_ENABLED"":false,""MIN_HOLD_BARS"":0,""MIN_HOLD_BARS_BEFORE_EXIT"":0,""MIN_HOLD_MINUTES_TRADIER"":0.0,""MOMENTUM_FADE_ENABLED_TRADIER"":true,""MOMENTUM_FADE_VOL_MIN_TRADIER"":3.0,""MTF_ARMED_WT_DIRECTION_SUSPEND_ENABLED"":false,""RSI_ENTRY_LONG_TRADIER"":101.0,""RSI_ENTRY_SHORT_TRADIER"":-1.0,""START_POSITION_SIZE"":10000.0,""STOCH_CROSS_ENTRY_TRADIER"":false,""TRADIER_ENTRY_SCORE_THRESHOLD"":14.25,""WT_COMPOSITE_SCORING_ENABLED_TRADIER"":false,""WT_DC_HTF_GATE"":""none"",""WT_TF_15M_ENABLED"":false,""WT_TF_1H_ENABLED"":false,""WT_TF_4H_ENABLED"":false,""WT_TF_5M_ENABLED"":false,""WT_TF_D_ENABLED"":true}"
MTS_BOTTOM_MIN_TRADIER,STRATEGY_CAUSAL,declared strategy/catalog/live-path setting,PASS,all applicable values/timeframes change real execution uniquely,ENGINE_AUTO_WIRED|GLOBAL|OTHER|QUICK_CONFIG|RECENT_5D,DISCONNECTED_LIVE_PATHS|ENGINE_AUTO_WIRED|QUICK_CONFIG|RECENT_RESULTS_5D|SWITCH_CATALOG,True,True,False,True,False,True,5m,WT_TF_5M_ENABLED,5.0,False,-647.0570299087634,-647.0570299087634,0.0,34.263714923408514,6602,12.96,10.113466854284514,0.06369517100051107,6c7565f82dd126ede0a2e39b32dc286cd3f10013cb0ca7813829df738ec7d319,6c7565f82dd126ede0a2e39b32dc286cd3f10013cb0ca7813829df738ec7d319,True,,"{""BACKTEST_VALIDATED_GATES_TRADIER"":false,""BASE_TF"":""5m"",""COMBINED_STOCH_GATE_TRADIER"":100.0,""COOLDOWN_BARS"":0,""COOLDOWN_BARS_TRADIER"":0,""DELTA_ENGINE_ENABLED"":true,""DELTA_MAX_HOLD_BARS"":1,""D_TREND_REQUIRED"":false,""HTF_ALIGNMENT_ENABLED"":false,""K3M_FLOOR"":0.0,""KINDERGARTEN_EMA_GATE_ENABLED"":false,""MFI_ENTRY_ENABLED"":false,""MIN_HOLD_BARS"":0,""MIN_HOLD_BARS_BEFORE_EXIT"":0,""MIN_HOLD_MINUTES_TRADIER"":0.0,""MTF_ARMED_WT_DIRECTION_SUSPEND_ENABLED"":false,""MTS_BOTTOM_MIN_TRADIER"":5.0,""MTS_ENTRY_QUALITY_MIN_TRADIER"":-100.0,""MTS_GATE_ENABLED_TRADIER"":true,""RSI_ENTRY_LONG_TRADIER"":101.0,""RSI_ENTRY_SHORT_TRADIER"":-1.0,""START_POSITION_SIZE"":10000.0,""STOCH_CROSS_ENTRY_TRADIER"":false,""TRADIER_ENTRY_SCORE_THRESHOLD"":0,""WT_COMPOSITE_SCORING_ENABLED_TRADIER"":false,""WT_DC_HTF_GATE"":""none"",""WT_TF_15M_ENABLED"":false,""WT_TF_1H_ENABLED"":false,""WT_TF_4H_ENABLED"":false,""WT_TF_5M_ENABLED"":true,""WT_TF_D_ENABLED"":false}"
MTS_BOTTOM_MIN_TRADIER,STRATEGY_CAUSAL,declared strategy/catalog/live-path setting,PASS,all applicable values/timeframes change real execution uniquely,ENGINE_AUTO_WIRED|GLOBAL|OTHER|QUICK_CONFIG|RECENT_5D,DISCONNECTED_LIVE_PATHS|ENGINE_AUTO_WIRED|QUICK_CONFIG|RECENT_RESULTS_5D|SWITCH_CATALOG,True,True,False,True,False,True,5m,WT_TF_5M_ENABLED,2.5,True,-645.9221789338939,-647.0570299087634,1.1348509748695506,35.398565898278086,6745,13.24,10.034074532885976,0.06627553537538908,8b7dc1766107d440fd20490bd6e4c25d04eb5fe46d49988808b9e5fefbe3edbd,6c7565f82dd126ede0a2e39b32dc286cd3f10013cb0ca7813829df738ec7d319,True,,"{""BACKTEST_VALIDATED_GATES_TRADIER"":false,""BASE_TF"":""5m"",""COMBINED_STOCH_GATE_TRADIER"":100.0,""COOLDOWN_BARS"":0,""COOLDOWN_BARS_TRADIER"":0,""DELTA_ENGINE_ENABLED"":true,""DELTA_MAX_HOLD_BARS"":1,""D_TREND_REQUIRED"":false,""HTF_ALIGNMENT_ENABLED"":false,""K3M_FLOOR"":0.0,""KINDERGARTEN_EMA_GATE_ENABLED"":false,""MFI_ENTRY_ENABLED"":false,""MIN_HOLD_BARS"":0,""MIN_HOLD_BARS_BEFORE_EXIT"":0,""MIN_HOLD_MINUTES_TRADIER"":0.0,""MTF_ARMED_WT_DIRECTION_SUSPEND_ENABLED"":false,""MTS_BOTTOM_MIN_TRADIER"":2.5,""MTS_ENTRY_QUALITY_MIN_TRADIER"":-100.0,""MTS_GATE_ENABLED_TRADIER"":true,""RSI_ENTRY_LONG_TRADIER"":101.0,""RSI_ENTRY_SHORT_TRADIER"":-1.0,""START_POSITION_SIZE"":10000.0,""STOCH_CROSS_ENTRY_TRADIER"":false,""TRADIER_ENTRY_SCORE_THRESHOLD"":0,""WT_COMPOSITE_SCORING_ENABLED_TRADIER"":false,""WT_DC_HTF_GATE"":""none"",""WT_TF_15M_ENABLED"":false,""WT_TF_1H_ENABLED"":false,""WT_TF_4H_ENABLED"":false,""WT_TF_5M_ENABLED"":true,""WT_TF_D_ENABLED"":false}"
MTS_BOTTOM_MIN_TRADIER,STRATEGY_CAUSAL,declared strategy/catalog/live-path setting,PASS,all applicable values/timeframes change real execution uniquely,ENGINE_AUTO_WIRED|GLOBAL|OTHER|QUICK_CONFIG|RECENT_5D,DISCONNECTED_LIVE_PATHS|ENGINE_AUTO_WIRED|QUICK_CONFIG|RECENT_RESULTS_5D|SWITCH_CATALOG,True,True,False,True,False,True,5m,WT_TF_5M_ENABLED,3.75,True,-646.0319956352606,-647.0570299087634,1.025034273502797,35.28874919691134,6689,13.13,9.817297695169094,0.06550618119473155,445fd156daa3d12dd101d7eb4501b8b91a799dc7023ae9d55d79a04d126b8640,6c7565f82dd126ede0a2e39b32dc286cd3f10013cb0ca7813829df738ec7d319,True,,"{""BACKTEST_VALIDATED_GATES_TRADIER"":false,""BASE_TF"":""5m"",""COMBINED_STOCH_GATE_TRADIER"":100.0,""COOLDOWN_BARS"":0,""COOLDOWN_BARS_TRADIER"":0,""DELTA_ENGINE_ENABLED"":true,""DELTA_MAX_HOLD_BARS"":1,""D_TREND_REQUIRED"":false,""HTF_ALIGNMENT_ENABLED"":false,""K3M_FLOOR"":0.0,""KINDERGARTEN_EMA_GATE_ENABLED"":false,""MFI_ENTRY_ENABLED"":false,""MIN_HOLD_BARS"":0,""MIN_HOLD_BARS_BEFORE_EXIT"":0,""MIN_HOLD_MINUTES_TRADIER"":0.0,""MTF_ARMED_WT_DIRECTION_SUSPEND_ENABLED"":false,""MTS_BOTTOM_MIN_TRADIER"":3.75,""MTS_ENTRY_QUALITY_MIN_TRADIER"":-100.0,""MTS_GATE_ENABLED_TRADIER"":true,""RSI_ENTRY_LONG_TRADIER"":101.0,""RSI_ENTRY_SHORT_TRADIER"":-1.0,""START_POSITION_SIZE"":10000.0,""STOCH_CROSS_ENTRY_TRADIER"":false,""TRADIER_ENTRY_SCORE_THRESHOLD"":0,""WT_COMPOSITE_SCORING_ENABLED_TRADIER"":false,""WT_DC_HTF_GATE"":""none"",""WT_TF_15M_ENABLED"":false,""WT_TF_1H_ENABLED"":false,""WT_TF_4H_ENABLED"":false,""WT_TF_5M_ENABLED"":true,""WT_TF_D_ENABLED"":false}"
MTS_BOTTOM_MIN_TRADIER,STRATEGY_CAUSAL,declared strategy/catalog/live-path setting,PASS,all applicable values/timeframes change real execution uniquely,ENGINE_AUTO_WIRED|GLOBAL|OTHER|QUICK_CONFIG|RECENT_5D,DISCONNECTED_LIVE_PATHS|ENGINE_AUTO_WIRED|QUICK_CONFIG|RECENT_RESULTS_5D|SWITCH_CATALOG,True,True,False,True,False,True,5m,WT_TF_5M_ENABLED,6.25,True,-649.0463207266137,-647.0570299087634,-1.9892908178502466,32.27442410555827,6470,12.7,10.249919863033007,0.06020407007426342,ab9e71a61bad156f010eff2a67bdaa00bf55e75160ab3d604490ddc6f72373ad,6c7565f82dd126ede0a2e39b32dc286cd3f10013cb0ca7813829df738ec7d319,True,,"{""BACKTEST_VALIDATED_GATES_TRADIER"":false,""BASE_TF"":""5m"",""COMBINED_STOCH_GATE_TRADIER"":100.0,""COOLDOWN_BARS"":0,""COOLDOWN_BARS_TRADIER"":0,""DELTA_ENGINE_ENABLED"":true,""DELTA_MAX_HOLD_BARS"":1,""D_TREND_REQUIRED"":false,""HTF_ALIGNMENT_ENABLED"":false,""K3M_FLOOR"":0.0,""KINDERGARTEN_EMA_GATE_ENABLED"":false,""MFI_ENTRY_ENABLED"":false,""MIN_HOLD_BARS"":0,""MIN_HOLD_BARS_BEFORE_EXIT"":0,""MIN_HOLD_MINUTES_TRADIER"":0.0,""MTF_ARMED_WT_DIRECTION_SUSPEND_ENABLED"":false,""MTS_BOTTOM_MIN_TRADIER"":6.25,""MTS_ENTRY_QUALITY_MIN_TRADIER"":-100.0,""MTS_GATE_ENABLED_TRADIER"":true,""RSI_ENTRY_LONG_TRADIER"":101.0,""RSI_ENTRY_SHORT_TRADIER"":-1.0,""START_POSITION_SIZE"":10000.0,""STOCH_CROSS_ENTRY_TRADIER"":false,""TRADIER_ENTRY_SCORE_THRESHOLD"":0,""WT_COMPOSITE_SCORING_ENABLED_TRADIER"":false,""WT_DC_HTF_GATE"":""none"",""WT_TF_15M_ENABLED"":false,""WT_TF_1H_ENABLED"":false,""WT_TF_4H_ENABLED"":false,""WT_TF_5M_ENABLED"":true,""WT_TF_D_ENABLED"":false}"
MTS_BOTTOM_MIN_TRADIER,STRATEGY_CAUSAL,declared strategy/catalog/live-path setting,PASS,all applicable values/timeframes change real execution uniquely,ENGINE_AUTO_WIRED|GLOBAL|OTHER|QUICK_CONFIG|RECENT_5D,DISCONNECTED_LIVE_PATHS|ENGINE_AUTO_WIRED|QUICK_CONFIG|RECENT_RESULTS_5D|SWITCH_CATALOG,True,True,False,True,False,True,5m,WT_TF_5M_ENABLED,7.5,True,-649.9109276268939,-647.0570299087634,-2.853897718130497,31.409817205278028,6365,12.5,9.892412543784431,0.058236303533386234,3ee1976fed83c70b5d81a6a761ffd4109bbc3c0376c6a0683bb99fddcee8d5ac,6c7565f82dd126ede0a2e39b32dc286cd3f10013cb0ca7813829df738ec7d319,True,,"{""BACKTEST_VALIDATED_GATES_TRADIER"":false,""BASE_TF"":""5m"",""COMBINED_STOCH_GATE_TRADIER"":100.0,""COOLDOWN_BARS"":0,""COOLDOWN_BARS_TRADIER"":0,""DELTA_ENGINE_ENABLED"":true,""DELTA_MAX_HOLD_BARS"":1,""D_TREND_REQUIRED"":false,""HTF_ALIGNMENT_ENABLED"":false,""K3M_FLOOR"":0.0,""KINDERGARTEN_EMA_GATE_ENABLED"":false,""MFI_ENTRY_ENABLED"":false,""MIN_HOLD_BARS"":0,""MIN_HOLD_BARS_BEFORE_EXIT"":0,""MIN_HOLD_MINUTES_TRADIER"":0.0,""MTF_ARMED_WT_DIRECTION_SUSPEND_ENABLED"":false,""MTS_BOTTOM_MIN_TRADIER"":7.5,""MTS_ENTRY_QUALITY_MIN_TRADIER"":-100.0,""MTS_GATE_ENABLED_TRADIER"":true,""RSI_ENTRY_LONG_TRADIER"":101.0,""RSI_ENTRY_SHORT_TRADIER"":-1.0,""START_POSITION_SIZE"":10000.0,""STOCH_CROSS_ENTRY_TRADIER"":false,""TRADIER_ENTRY_SCORE_THRESHOLD"":0,""WT_COMPOSITE_SCORING_ENABLED_TRADIER"":false,""WT_DC_HTF_GATE"":""none"",""WT_TF_15M_ENABLED"":false,""WT_TF_1H_ENABLED"":false,""WT_TF_4H_ENABLED"":false,""WT_TF_5M_ENABLED"":true,""WT_TF_D_ENABLED"":false}"
MTS_BOTTOM_MIN_TRADIER,STRATEGY_CAUSAL,declared strategy/catalog/live-path setting,PASS,all applicable values/timeframes change real execution uniquely,ENGINE_AUTO_WIRED|GLOBAL|OTHER|QUICK_CONFIG|RECENT_5D,DISCONNECTED_LIVE_PATHS|ENGINE_AUTO_WIRED|QUICK_CONFIG|RECENT_RESULTS_5D|SWITCH_CATALOG,True,True,False,True,False,True,15m,WT_TF_15M_ENABLED,5.0,False,-689.9440469920262,-689.9440469920262,0.0,-8.623302159854184,5583,10.96,14.78754697968953,-0.0002735212779045128,ac021576850e1e313c7bc46b93f16d1d1d67cd39dc67334cf07895873052184f,ac021576850e1e313c7bc46b93f16d1d1d67cd39dc67334cf07895873052184f,True,,"{""BACKTEST_VALIDATED_GATES_TRADIER"":false,""BASE_TF"":""5m"",""COMBINED_STOCH_GATE_TRADIER"":100.0,""COOLDOWN_BARS"":0,""COOLDOWN_BARS_TRADIER"":0,""DELTA_ENGINE_ENABLED"":true,""DELTA_MAX_HOLD_BARS"":1,""D_TREND_REQUIRED"":false,""HTF_ALIGNMENT_ENABLED"":false,""K3M_FLOOR"":0.0,""KINDERGARTEN_EMA_GATE_ENABLED"":false,""MFI_ENTRY_ENABLED"":false,""MIN_HOLD_BARS"":0,""MIN_HOLD_BARS_BEFORE_EXIT"":0,""MIN_HOLD_MINUTES_TRADIER"":0.0,""MTF_ARMED_WT_DIRECTION_SUSPEND_ENABLED"":false,""MTS_BOTTOM_MIN_TRADIER"":5.0,""MTS_ENTRY_QUALITY_MIN_TRADIER"":-100.0,""MTS_GATE_ENABLED_TRADIER"":true,""RSI_ENTRY_LONG_TRADIER"":101.0,""RSI_ENTRY_SHORT_TRADIER"":-1.0,""START_POSITION_SIZE"":10000.0,""STOCH_CROSS_ENTRY_TRADIER"":false,""TRADIER_ENTRY_SCORE_THRESHOLD"":0,""WT_COMPOSITE_SCORING_ENABLED_TRADIER"":false,""WT_DC_HTF_GATE"":""none"",""WT_TF_15M_ENABLED"":true,""WT_TF_1H_ENABLED"":false,""WT_TF_4H_ENABLED"":false,""WT_TF_5M_ENABLED"":false,""WT_TF_D_ENABLED"":false}"
MTS_BOTTOM_MIN_TRADIER,STRATEGY_CAUSAL,declared strategy/catalog/live-path setting,PASS,all applicable values/timeframes change real execution uniquely,ENGINE_AUTO_WIRED|GLOBAL|OTHER|QUICK_CONFIG|RECENT_5D,DISCONNECTED_LIVE_PATHS|ENGINE_AUTO_WIRED|QUICK_CONFIG|RECENT_RESULTS_5D|SWITCH_CATALOG,True,True,False,True,False,True,15m,WT_TF_15M_ENABLED,2.5,True,-691.0120260318558,-689.9440469920262,-1.0679790398296518,-9.691281199683896,5681,11.15,15.324874406778804,-0.004169351659841585,d3b7b882cb3c22b1d3c6bde0d5d7818b4afa6362bbeb3ff0729b0e086731cf09,ac021576850e1e313c7bc46b93f16d1d1d67cd39dc67334cf07895873052184f,True,,"{""BACKTEST_VALIDATED_GATES_TRADIER"":false,""BASE_TF"":""5m"",""COMBINED_STOCH_GATE_TRADIER"":100.0,""COOLDOWN_BARS"":0,""COOLDOWN_BARS_TRADIER"":0,""DELTA_ENGINE_ENABLED"":true,""DELTA_MAX_HOLD_BARS"":1,""D_TREND_REQUIRED"":false,""HTF_ALIGNMENT_ENABLED"":false,""K3M_FLOOR"":0.0,""KINDERGARTEN_EMA_GATE_ENABLED"":false,""MFI_ENTRY_ENABLED"":false,""MIN_HOLD_BARS"":0,""MIN_HOLD_BARS_BEFORE_EXIT"":0,""MIN_HOLD_MINUTES_TRADIER"":0.0,""MTF_ARMED_WT_DIRECTION_SUSPEND_ENABLED"":false,""MTS_BOTTOM_MIN_TRADIER"":2.5,""MTS_ENTRY_QUALITY_MIN_TRADIER"":-100.0,""MTS_GATE_ENABLED_TRADIER"":true,""RSI_ENTRY_LONG_TRADIER"":101.0,""RSI_ENTRY_SHORT_TRADIER"":-1.0,""START_POSITION_SIZE"":10000.0,""STOCH_CROSS_ENTRY_TRADIER"":false,""TRADIER_ENTRY_SCORE_THRESHOLD"":0,""WT_COMPOSITE_SCORING_ENABLED_TRADIER"":false,""WT_DC_HTF_GATE"":""none"",""WT_TF_15M_ENABLED"":true,""WT_TF_1H_ENABLED"":false,""WT_TF_4H_ENABLED"":false,""WT_TF_5M_ENABLED"":false,""WT_TF_D_ENABLED"":false}"
MTS_BOTTOM_MIN_TRADIER,STRATEGY_CAUSAL,declared strategy/catalog/live-path setting,PASS,all applicable values/timeframes change real execution uniquely,ENGINE_AUTO_WIRED|GLOBAL|OTHER|QUICK_CONFIG|RECENT_5D,DISCONNECTED_LIVE_PATHS|ENGINE_AUTO_WIRED|QUICK_CONFIG|RECENT_RESULTS_5D|SWITCH_CATALOG,True,True,False,True,False,True,15m,WT_TF_15M_ENABLED,3.75,True,-690.7347953922329,-689.9440469920262,-0.7907484002066667,-9.414050560060863,5636,11.07,15.237217865015285,-0.003188136958269766,4b76cbb952c6b06de15cfecea78c58f5d35924ea928caf7824dbaf8317842c7f,ac021576850e1e313c7bc46b93f16d1d1d67cd39dc67334cf07895873052184f,True,,"{""BACKTEST_VALIDATED_GATES_TRADIER"":false,""BASE_TF"":""5m"",""COMBINED_STOCH_GATE_TRADIER"":100.0,""COOLDOWN_BARS"":0,""COOLDOWN_BARS_TRADIER"":0,""DELTA_ENGINE_ENABLED"":true,""DELTA_MAX_HOLD_BARS"":1,""D_TREND_REQUIRED"":false,""HTF_ALIGNMENT_ENABLED"":false,""K3M_FLOOR"":0.0,""KINDERGARTEN_EMA_GATE_ENABLED"":false,""MFI_ENTRY_ENABLED"":false,""MIN_HOLD_BARS"":0,""MIN_HOLD_BARS_BEFORE_EXIT"":0,""MIN_HOLD_MINUTES_TRADIER"":0.0,""MTF_ARMED_WT_DIRECTION_SUSPEND_ENABLED"":false,""MTS_BOTTOM_MIN_TRADIER"":3.75,""MTS_ENTRY_QUALITY_MIN_TRADIER"":-100.0,""MTS_GATE_ENABLED_TRADIER"":true,""RSI_ENTRY_LONG_TRADIER"":101.0,""RSI_ENTRY_SHORT_TRADIER"":-1.0,""START_POSITION_SIZE"":10000.0,""STOCH_CROSS_ENTRY_TRADIER"":false,""TRADIER_ENTRY_SCORE_THRESHOLD"":0,""WT_COMPOSITE_SCORING_ENABLED_TRADIER"":false,""WT_DC_HTF_GATE"":""none"",""WT_TF_15M_ENABLED"":true,""WT_TF_1H_ENABLED"":false,""WT_TF_4H_ENABLED"":false,""WT_TF_5M_ENABLED"":false,""WT_TF_D_ENABLED"":false}"
MTS_BOTTOM_MIN_TRADIER,STRATEGY_CAUSAL,declared strategy/catalog/live-path setting,PASS,all applicable values/timeframes change real execution uniquely,ENGINE_AUTO_WIRED|GLOBAL|OTHER|QUICK_CONFIG|RECENT_5D,DISCONNECTED_LIVE_PATHS|ENGINE_AUTO_WIRED|QUICK_CONFIG|RECENT_RESULTS_5D|SWITCH_CATALOG,True,True,False,True,False,True,15m,WT_TF_15M_ENABLED,6.25,True,-689.5748249186679,-689.9440469920262,0.36922207335828716,-8.254080086495998,5503,10.8,14.458826403341224,0.000157030579847388,cc24b2ce7f68b9017e355e56efa860a6818a73f292372b7ed9db1e6a79c54257,ac021576850e1e313c7bc46b93f16d1d1d67cd39dc67334cf07895873052184f,True,,"{""BACKTEST_VALIDATED_GATES_TRADIER"":false,""BASE_TF"":""5m"",""COMBINED_STOCH_GATE_TRADIER"":100.0,""COOLDOWN_BARS"":0,""COOLDOWN_BARS_TRADIER"":0,""DELTA_ENGINE_ENABLED"":true,""DELTA_MAX_HOLD_BARS"":1,""D_TREND_REQUIRED"":false,""HTF_ALIGNMENT_ENABLED"":false,""K3M_FLOOR"":0.0,""KINDERGARTEN_EMA_GATE_ENABLED"":false,""MFI_ENTRY_ENABLED"":false,""MIN_HOLD_BARS"":0,""MIN_HOLD_BARS_BEFORE_EXIT"":0,""MIN_HOLD_MINUTES_TRADIER"":0.0,""MTF_ARMED_WT_DIRECTION_SUSPEND_ENABLED"":false,""MTS_BOTTOM_MIN_TRADIER"":6.25,""MTS_ENTRY_QUALITY_MIN_TRADIER"":-100.0,""MTS_GATE_ENABLED_TRADIER"":true,""RSI_ENTRY_LONG_TRADIER"":101.0,""RSI_ENTRY_SHORT_TRADIER"":-1.0,""START_POSITION_SIZE"":10000.0,""STOCH_CROSS_ENTRY_TRADIER"":false,""TRADIER_ENTRY_SCORE_THRESHOLD"":0,""WT_COMPOSITE_SCORING_ENABLED_TRADIER"":false,""WT_DC_HTF_GATE"":""none"",""WT_TF_15M_ENABLED"":true,""WT_TF_1H_ENABLED"":false,""WT_TF_4H_ENABLED"":false,""WT_TF_5M_ENABLED"":false,""WT_TF_D_ENABLED"":false}"
MTS_BOTTOM_MIN_TRADIER,STRATEGY_CAUSAL,declared strategy/catalog/live-path setting,PASS,all applicable values/timeframes change real execution uniquely,ENGINE_AUTO_WIRED|GLOBAL|OTHER|QUICK_CONFIG|RECENT_5D,DISCONNECTED_LIVE_PATHS|ENGINE_AUTO_WIRED|QUICK_CONFIG|RECENT_RESULTS_5D|SWITCH_CATALOG,True,True,False,True,False,True,15m,WT_TF_15M_ENABLED,7.5,True,-690.2698281184337,-689.9440469920262,-0.3257811264074917,-8.949083286261718,5420,10.64,14.591084641939696,-0.002419972991378737,7aa6f7574ad0cb73d02ff7053be478e41829b56bddd0adabfc0213b79b468497,ac021576850e1e313c7bc46b93f16d1d1d67cd39dc67334cf07895873052184f,True,,"{""BACKTEST_VALIDATED_GATES_TRADIER"":false,""BASE_TF"":""5m"",""COMBINED_STOCH_GATE_TRADIER"":100.0,""COOLDOWN_BARS"":0,""COOLDOWN_BARS_TRADIER"":0,""DELTA_ENGINE_ENABLED"":true,""DELTA_MAX_HOLD_BARS"":1,""D_TREND_REQUIRED"":false,""HTF_ALIGNMENT_ENABLED"":false,""K3M_FLOOR"":0.0,""KINDERGARTEN_EMA_GATE_ENABLED"":false,""MFI_ENTRY_ENABLED"":false,""MIN_HOLD_BARS"":0,""MIN_HOLD_BARS_BEFORE_EXIT"":0,""MIN_HOLD_MINUTES_TRADIER"":0.0,""MTF_ARMED_WT_DIRECTION_SUSPEND_ENABLED"":false,""MTS_BOTTOM_MIN_TRADIER"":7.5,""MTS_ENTRY_QUALITY_MIN_TRADIER"":-100.0,""MTS_GATE_ENABLED_TRADIER"":true,""RSI_ENTRY_LONG_TRADIER"":101.0,""RSI_ENTRY_SHORT_TRADIER"":-1.0,""START_POSITION_SIZE"":10000.0,""STOCH_CROSS_ENTRY_TRADIER"":false,""TRADIER_ENTRY_SCORE_THRESHOLD"":0,""WT_COMPOSITE_SCORING_ENABLED_TRADIER"":false,""WT_DC_HTF_GATE"":""none"",""WT_TF_15M_ENABLED"":true,""WT_TF_1H_ENABLED"":false,""WT_TF_4H_ENABLED"":false,""WT_TF_5M_ENABLED"":false,""WT_TF_D_ENABLED"":false}"
MTS_BOTTOM_MIN_TRADIER,STRATEGY_CAUSAL,declared strategy/catalog/live-path setting,PASS,all applicable values/timeframes change real execution uniquely,ENGINE_AUTO_WIRED|GLOBAL|OTHER|QUICK_CONFIG|RECENT_5D,DISCONNECTED_LIVE_PATHS|ENGINE_AUTO_WIRED|QUICK_CONFIG|RECENT_RESULTS_5D|SWITCH_CATALOG,True,True,False,True,False,True,1h,WT_TF_1H_ENABLED,5.0,False,-692.571421464277,-692.571421464277,0.0,-11.250676632105074,5224,10.26,15.665220948607214,-0.013615044611097145,b075bee522e1b1b72985332bcfb6250355f9bc549c210a4e51a57676f7a20e97,b075bee522e1b1b72985332bcfb6250355f9bc549c210a4e51a57676f7a20e97,True,,"{""BACKTEST_VALIDATED_GATES_TRADIER"":false,""BASE_TF"":""5m"",""COMBINED_STOCH_GATE_TRADIER"":100.0,""COOLDOWN_BARS"":0,""COOLDOWN_BARS_TRADIER"":0,""DELTA_ENGINE_ENABLED"":true,""DELTA_MAX_HOLD_BARS"":1,""D_TREND_REQUIRED"":false,""HTF_ALIGNMENT_ENABLED"":false,""K3M_FLOOR"":0.0,""KINDERGARTEN_EMA_GATE_ENABLED"":false,""MFI_ENTRY_ENABLED"":false,""MIN_HOLD_BARS"":0,""MIN_HOLD_BARS_BEFORE_EXIT"":0,""MIN_HOLD_MINUTES_TRADIER"":0.0,""MTF_ARMED_WT_DIRECTION_SUSPEND_ENABLED"":false,""MTS_BOTTOM_MIN_TRADIER"":5.0,""MTS_ENTRY_QUALITY_MIN_TRADIER"":-100.0,""MTS_GATE_ENABLED_TRADIER"":true,""RSI_ENTRY_LONG_TRADIER"":101.0,""RSI_ENTRY_SHORT_TRADIER"":-1.0,""START_POSITION_SIZE"":10000.0,""STOCH_CROSS_ENTRY_TRADIER"":false,""TRADIER_ENTRY_SCORE_THRESHOLD"":0,""WT_COMPOSITE_SCORING_ENABLED_TRADIER"":false,""WT_DC_HTF_GATE"":""none"",""WT_TF_15M_ENABLED"":false,""WT_TF_1H_ENABLED"":true,""WT_TF_4H_ENABLED"":false,""WT_TF_5M_ENABLED"":false,""WT_TF_D_ENABLED"":false}"
MTS_BOTTOM_MIN_TRADIER,STRATEGY_CAUSAL,declared strategy/catalog/live-path setting,PASS,all applicable values/timeframes change real execution uniquely,ENGINE_AUTO_WIRED|GLOBAL|OTHER|QUICK_CONFIG|RECENT_5D,DISCONNECTED_LIVE_PATHS|ENGINE_AUTO_WIRED|QUICK_CONFIG|RECENT_RESULTS_5D|SWITCH_CATALOG,True,True,False,True,False,True,1h,WT_TF_1H_ENABLED,2.5,True,-693.0576425528237,-692.571421464277,-0.4862210885466993,-11.736897720651815,5367,10.54,15.91728425235599,-0.015179856910963907,2d1e4ec8c605a818246bf7801cfe64a14ae478321bb3de9e52ad7f93ddd23ecd,b075bee522e1b1b72985332bcfb6250355f9bc549c210a4e51a57676f7a20e97,True,,"{""BACKTEST_VALIDATED_GATES_TRADIER"":false,""BASE_TF"":""5m"",""COMBINED_STOCH_GATE_TRADIER"":100.0,""COOLDOWN_BARS"":0,""COOLDOWN_BARS_TRADIER"":0,""DELTA_ENGINE_ENABLED"":true,""DELTA_MAX_HOLD_BARS"":1,""D_TREND_REQUIRED"":false,""HTF_ALIGNMENT_ENABLED"":false,""K3M_FLOOR"":0.0,""KINDERGARTEN_EMA_GATE_ENABLED"":false,""MFI_ENTRY_ENABLED"":false,""MIN_HOLD_BARS"":0,""MIN_HOLD_BARS_BEFORE_EXIT"":0,""MIN_HOLD_MINUTES_TRADIER"":0.0,""MTF_ARMED_WT_DIRECTION_SUSPEND_ENABLED"":false,""MTS_BOTTOM_MIN_TRADIER"":2.5,""MTS_ENTRY_QUALITY_MIN_TRADIER"":-100.0,""MTS_GATE_ENABLED_TRADIER"":true,""RSI_ENTRY_LONG_TRADIER"":101.0,""RSI_ENTRY_SHORT_TRADIER"":-1.0,""START_POSITION_SIZE"":10000.0,""STOCH_CROSS_ENTRY_TRADIER"":false,""TRADIER_ENTRY_SCORE_THRESHOLD"":0,""WT_COMPOSITE_SCORING_ENABLED_TRADIER"":false,""WT_DC_HTF_GATE"":""none"",""WT_TF_15M_ENABLED"":false,""WT_TF_1H_ENABLED"":true,""WT_TF_4H_ENABLED"":false,""WT_TF_5M_ENABLED"":false,""WT_TF_D_ENABLED"":false}"
MTS_BOTTOM_MIN_TRADIER,STRATEGY_CAUSAL,declared strategy/catalog/live-path setting,PASS,all applicable values/timeframes change real execution uniquely,ENGINE_AUTO_WIRED|GLOBAL|OTHER|QUICK_CONFIG|RECENT_5D,DISCONNECTED_LIVE_PATHS|ENGINE_AUTO_WIRED|QUICK_CONFIG|RECENT_RESULTS_5D|SWITCH_CATALOG,True,True,False,True,False,True,1h,WT_TF_1H_ENABLED,3.75,True,-692.9888291231463,-692.571421464277,-0.41740765886925146,-11.668084290974285,5298,10.4,15.882475672936813,-0.014774348227701442,36936743a49eee197141756ed8097d603d00a2bcb16fd640761294d78649505f,b075bee522e1b1b72985332bcfb6250355f9bc549c210a4e51a57676f7a20e97,True,,"{""BACKTEST_VALIDATED_GATES_TRADIER"":false,""BASE_TF"":""5m"",""COMBINED_STOCH_GATE_TRADIER"":100.0,""COOLDOWN_BARS"":0,""COOLDOWN_BARS_TRADIER"":0,""DELTA_ENGINE_ENABLED"":true,""DELTA_MAX_HOLD_BARS"":1,""D_TREND_REQUIRED"":false,""HTF_ALIGNMENT_ENABLED"":false,""K3M_FLOOR"":0.0,""KINDERGARTEN_EMA_GATE_ENABLED"":false,""MFI_ENTRY_ENABLED"":false,""MIN_HOLD_BARS"":0,""MIN_HOLD_BARS_BEFORE_EXIT"":0,""MIN_HOLD_MINUTES_TRADIER"":0.0,""MTF_ARMED_WT_DIRECTION_SUSPEND_ENABLED"":false,""MTS_BOTTOM_MIN_TRADIER"":3.75,""MTS_ENTRY_QUALITY_MIN_TRADIER"":-100.0,""MTS_GATE_ENABLED_TRADIER"":true,""RSI_ENTRY_LONG_TRADIER"":101.0,""RSI_ENTRY_SHORT_TRADIER"":-1.0,""START_POSITION_SIZE"":10000.0,""STOCH_CROSS_ENTRY_TRADIER"":false,""TRADIER_ENTRY_SCORE_THRESHOLD"":0,""WT_COMPOSITE_SCORING_ENABLED_TRADIER"":false,""WT_DC_HTF_GATE"":""none"",""WT_TF_15M_ENABLED"":false,""WT_TF_1H_ENABLED"":true,""WT_TF_4H_ENABLED"":false,""WT_TF_5M_ENABLED"":false,""WT_TF_D_ENABLED"":false}"
MTS_BOTTOM_MIN_TRADIER,STRATEGY_CAUSAL,declared strategy/catalog/live-path setting,PASS,all applicable values/timeframes change real execution uniquely,ENGINE_AUTO_WIRED|GLOBAL|OTHER|QUICK_CONFIG|RECENT_5D,DISCONNECTED_LIVE_PATHS|ENGINE_AUTO_WIRED|QUICK_CONFIG|RECENT_RESULTS_5D|SWITCH_CATALOG,True,True,False,True,False,True,1h,WT_TF_1H_ENABLED,6.25,True,-692.1184825634278,-692.571421464277,0.4529389008491762,-10.797737731255872,5147,10.11,15.166517100485361,-0.012485871891462694,fda3e881cd05a7b791f7e7bcb61f41bf205cd5ca99441bc2e130a3220cce4f94,b075bee522e1b1b72985332bcfb6250355f9bc549c210a4e51a57676f7a20e97,True,,"{""BACKTEST_VALIDATED_GATES_TRADIER"":false,""BASE_TF"":""5m"",""COMBINED_STOCH_GATE_TRADIER"":100.0,""COOLDOWN_BARS"":0,""COOLDOWN_BARS_TRADIER"":0,""DELTA_ENGINE_ENABLED"":true,""DELTA_MAX_HOLD_BARS"":1,""D_TREND_REQUIRED"":false,""HTF_ALIGNMENT_ENABLED"":false,""K3M_FLOOR"":0.0,""KINDERGARTEN_EMA_GATE_ENABLED"":false,""MFI_ENTRY_ENABLED"":false,""MIN_HOLD_BARS"":0,""MIN_HOLD_BARS_BEFORE_EXIT"":0,""MIN_HOLD_MINUTES_TRADIER"":0.0,""MTF_ARMED_WT_DIRECTION_SUSPEND_ENABLED"":false,""MTS_BOTTOM_MIN_TRADIER"":6.25,""MTS_ENTRY_QUALITY_MIN_TRADIER"":-100.0,""MTS_GATE_ENABLED_TRADIER"":true,""RSI_ENTRY_LONG_TRADIER"":101.0,""RSI_ENTRY_SHORT_TRADIER"":-1.0,""START_POSITION_SIZE"":10000.0,""STOCH_CROSS_ENTRY_TRADIER"":false,""TRADIER_ENTRY_SCORE_THRESHOLD"":0,""WT_COMPOSITE_SCORING_ENABLED_TRADIER"":false,""WT_DC_HTF_GATE"":""none"",""WT_TF_15M_ENABLED"":false,""WT_TF_1H_ENABLED"":true,""WT_TF_4H_ENABLED"":false,""WT_TF_5M_ENABLED"":false,""WT_TF_D_ENABLED"":false}"
MTS_BOTTOM_MIN_TRADIER,STRATEGY_CAUSAL,declared strategy/catalog/live-path setting,PASS,all applicable values/timeframes change real execution uniquely,ENGINE_AUTO_WIRED|GLOBAL|OTHER|QUICK_CONFIG|RECENT_5D,DISCONNECTED_LIVE_PATHS|ENGINE_AUTO_WIRED|QUICK_CONFIG|RECENT_RESULTS_5D|SWITCH_CATALOG,True,True,False,True,False,True,1h,WT_TF_1H_ENABLED,7.5,True,-691.2155444688012,-692.571421464277,1.3558769954757963,-9.894799636629255,5071,9.96,14.415338014484636,-0.01036539075755996,611f4ad5671ec88b5c9c3ddbce5e21e0d61486b703d2486255607f7cba321475,b075bee522e1b1b72985332bcfb6250355f9bc549c210a4e51a57676f7a20e97,True,,"{""BACKTEST_VALIDATED_GATES_TRADIER"":false,""BASE_TF"":""5m"",""COMBINED_STOCH_GATE_TRADIER"":100.0,""COOLDOWN_BARS"":0,""COOLDOWN_BARS_TRADIER"":0,""DELTA_ENGINE_ENABLED"":true,""DELTA_MAX_HOLD_BARS"":1,""D_TREND_REQUIRED"":false,""HTF_ALIGNMENT_ENABLED"":false,""K3M_FLOOR"":0.0,""KINDERGARTEN_EMA_GATE_ENABLED"":false,""MFI_ENTRY_ENABLED"":false,""MIN_HOLD_BARS"":0,""MIN_HOLD_BARS_BEFORE_EXIT"":0,""MIN_HOLD_MINUTES_TRADIER"":0.0,""MTF_ARMED_WT_DIRECTION_SUSPEND_ENABLED"":false,""MTS_BOTTOM_MIN_TRADIER"":7.5,""MTS_ENTRY_QUALITY_MIN_TRADIER"":-100.0,""MTS_GATE_ENABLED_TRADIER"":true,""RSI_ENTRY_LONG_TRADIER"":101.0,""RSI_ENTRY_SHORT_TRADIER"":-1.0,""START_POSITION_SIZE"":10000.0,""STOCH_CROSS_ENTRY_TRADIER"":false,""TRADIER_ENTRY_SCORE_THRESHOLD"":0,""WT_COMPOSITE_SCORING_ENABLED_TRADIER"":false,""WT_DC_HTF_GATE"":""none"",""WT_TF_15M_ENABLED"":false,""WT_TF_1H_ENABLED"":true,""WT_TF_4H_ENABLED"":false,""WT_TF_5M_ENABLED"":false,""WT_TF_D_ENABLED"":false}"
MTS_BOTTOM_MIN_TRADIER,STRATEGY_CAUSAL,declared strategy/catalog/live-path setting,PASS,all applicable values/timeframes change real execution uniquely,ENGINE_AUTO_WIRED|GLOBAL|OTHER|QUICK_CONFIG|RECENT_5D,DISCONNECTED_LIVE_PATHS|ENGINE_AUTO_WIRED|QUICK_CONFIG|RECENT_RESULTS_5D|SWITCH_CATALOG,True,True,False,True,False,True,4h,WT_TF_4H_ENABLED,5.0,False,-688.7157454747918,-688.7157454747918,0.0,-7.395000642619869,4998,9.81,13.46776174724639,-0.00710975743361207,3bcd79bc980a4d3e67c5423dce2da63ec3af6d4b9ffa585b0c307bf91c4194de,3bcd79bc980a4d3e67c5423dce2da63ec3af6d4b9ffa585b0c307bf91c4194de,True,,"{""BACKTEST_VALIDATED_GATES_TRADIER"":false,""BASE_TF"":""5m"",""COMBINED_STOCH_GATE_TRADIER"":100.0,""COOLDOWN_BARS"":0,""COOLDOWN_BARS_TRADIER"":0,""DELTA_ENGINE_ENABLED"":true,""DELTA_MAX_HOLD_BARS"":1,""D_TREND_REQUIRED"":false,""HTF_ALIGNMENT_ENABLED"":false,""K3M_FLOOR"":0.0,""KINDERGARTEN_EMA_GATE_ENABLED"":false,""MFI_ENTRY_ENABLED"":false,""MIN_HOLD_BARS"":0,""MIN_HOLD_BARS_BEFORE_EXIT"":0,""MIN_HOLD_MINUTES_TRADIER"":0.0,""MTF_ARMED_WT_DIRECTION_SUSPEND_ENABLED"":false,""MTS_BOTTOM_MIN_TRADIER"":5.0,""MTS_ENTRY_QUALITY_MIN_TRADIER"":-100.0,""MTS_GATE_ENABLED_TRADIER"":true,""RSI_ENTRY_LONG_TRADIER"":101.0,""RSI_ENTRY_SHORT_TRADIER"":-1.0,""START_POSITION_SIZE"":10000.0,""STOCH_CROSS_ENTRY_TRADIER"":false,""TRADIER_ENTRY_SCORE_THRESHOLD"":0,""WT_COMPOSITE_SCORING_ENABLED_TRADIER"":false,""WT_DC_HTF_GATE"":""none"",""WT_TF_15M_ENABLED"":false,""WT_TF_1H_ENABLED"":false,""WT_TF_4H_ENABLED"":true,""WT_TF_5M_ENABLED"":false,""WT_TF_D_ENABLED"":false}"
MTS_BOTTOM_MIN_TRADIER,STRATEGY_CAUSAL,declared strategy/catalog/live-path setting,PASS,all applicable values/timeframes change real execution uniquely,ENGINE_AUTO_WIRED|GLOBAL|OTHER|QUICK_CONFIG|RECENT_5D,DISCONNECTED_LIVE_PATHS|ENGINE_AUTO_WIRED|QUICK_CONFIG|RECENT_RESULTS_5D|SWITCH_CATALOG,True,True,False,True,False,True,4h,WT_TF_4H_ENABLED,2.5,True,-687.5535065139127,-688.7157454747918,1.1622389608791082,-6.232761681740679,5070,9.95,12.569064989674242,-0.003548948128234606,00dfd8a024449afec7962a5b2a5d852019d3a264abde865a0242d38cebfdf704,3bcd79bc980a4d3e67c5423dce2da63ec3af6d4b9ffa585b0c307bf91c4194de,True,,"{""BACKTEST_VALIDATED_GATES_TRADIER"":false,""BASE_TF"":""5m"",""COMBINED_STOCH_GATE_TRADIER"":100.0,""COOLDOWN_BARS"":0,""COOLDOWN_BARS_TRADIER"":0,""DELTA_ENGINE_ENABLED"":true,""DELTA_MAX_HOLD_BARS"":1,""D_TREND_REQUIRED"":false,""HTF_ALIGNMENT_ENABLED"":false,""K3M_FLOOR"":0.0,""KINDERGARTEN_EMA_GATE_ENABLED"":false,""MFI_ENTRY_ENABLED"":false,""MIN_HOLD_BARS"":0,""MIN_HOLD_BARS_BEFORE_EXIT"":0,""MIN_HOLD_MINUTES_TRADIER"":0.0,""MTF_ARMED_WT_DIRECTION_SUSPEND_ENABLED"":false,""MTS_BOTTOM_MIN_TRADIER"":2.5,""MTS_ENTRY_QUALITY_MIN_TRADIER"":-100.0,""MTS_GATE_ENABLED_TRADIER"":true,""RSI_ENTRY_LONG_TRADIER"":101.0,""RSI_ENTRY_SHORT_TRADIER"":-1.0,""START_POSITION_SIZE"":10000.0,""STOCH_CROSS_ENTRY_TRADIER"":false,""TRADIER_ENTRY_SCORE_THRESHOLD"":0,""WT_COMPOSITE_SCORING_ENABLED_TRADIER"":false,""WT_DC_HTF_GATE"":""none"",""WT_TF_15M_ENABLED"":false,""WT_TF_1H_ENABLED"":false,""WT_TF_4H_ENABLED"":true,""WT_TF_5M_ENABLED"":false,""WT_TF_D_ENABLED"":false}"
MTS_BOTTOM_MIN_TRADIER,STRATEGY_CAUSAL,declared strategy/catalog/live-path setting,PASS,all applicable values/timeframes change real execution uniquely,ENGINE_AUTO_WIRED|GLOBAL|OTHER|QUICK_CONFIG|RECENT_5D,DISCONNECTED_LIVE_PATHS|ENGINE_AUTO_WIRED|QUICK_CONFIG|RECENT_RESULTS_5D|SWITCH_CATALOG,True,True,False,True,False,True,4h,WT_TF_4H_ENABLED,3.75,True,-688.1513863282916,-688.7157454747918,0.5643591465002373,-6.830641496119622,5032,9.88,13.099715772052747,-0.005434568905540861,9bc2dcca13df3f65ac44d310eb16776b4521dfd0ffdf2a65ade4987a46f38fb5,3bcd79bc980a4d3e67c5423dce2da63ec3af6d4b9ffa585b0c307bf91c4194de,True,,"{""BACKTEST_VALIDATED_GATES_TRADIER"":false,""BASE_TF"":""5m"",""COMBINED_STOCH_GATE_TRADIER"":100.0,""COOLDOWN_BARS"":0,""COOLDOWN_BARS_TRADIER"":0,""DELTA_ENGINE_ENABLED"":true,""DELTA_MAX_HOLD_BARS"":1,""D_TREND_REQUIRED"":false,""HTF_ALIGNMENT_ENABLED"":false,""K3M_FLOOR"":0.0,""KINDERGARTEN_EMA_GATE_ENABLED"":false,""MFI_ENTRY_ENABLED"":false,""MIN_HOLD_BARS"":0,""MIN_HOLD_BARS_BEFORE_EXIT"":0,""MIN_HOLD_MINUTES_TRADIER"":0.0,""MTF_ARMED_WT_DIRECTION_SUSPEND_ENABLED"":false,""MTS_BOTTOM_MIN_TRADIER"":3.75,""MTS_ENTRY_QUALITY_MIN_TRADIER"":-100.0,""MTS_GATE_ENABLED_TRADIER"":true,""RSI_ENTRY_LONG_TRADIER"":101.0,""RSI_ENTRY_SHORT_TRADIER"":-1.0,""START_POSITION_SIZE"":10000.0,""STOCH_CROSS_ENTRY_TRADIER"":false,""TRADIER_ENTRY_SCORE_THRESHOLD"":0,""WT_COMPOSITE_SCORING_ENABLED_TRADIER"":false,""WT_DC_HTF_GATE"":""none"",""WT_TF_15M_ENABLED"":false,""WT_TF_1H_ENABLED"":false,""WT_TF_4H_ENABLED"":true,""WT_TF_5M_ENABLED"":false,""WT_TF_D_ENABLED"":false}"
MTS_BOTTOM_MIN_TRADIER,STRATEGY_CAUSAL,declared strategy/catalog/live-path setting,PASS,all applicable values/timeframes change real execution uniquely,ENGINE_AUTO_WIRED|GLOBAL|OTHER|QUICK_CONFIG|RECENT_5D,DISCONNECTED_LIVE_PATHS|ENGINE_AUTO_WIRED|QUICK_CONFIG|RECENT_RESULTS_5D|SWITCH_CATALOG,True,True,False,True,False,True,4h,WT_TF_4H_ENABLED,6.25,True,-687.7235357907326,-688.7157454747918,0.9922096840591621,-6.402790958560647,4957,9.73,12.842517021374036,-0.0036659150295503457,34cdbad385a2804692041ee410aab85ed4ff4808cc6ea421457497c473d71a1c,3bcd79bc980a4d3e67c5423dce2da63ec3af6d4b9ffa585b0c307bf91c4194de,True,,"{""BACKTEST_VALIDATED_GATES_TRADIER"":false,""BASE_TF"":""5m"",""COMBINED_STOCH_GATE_TRADIER"":100.0,""COOLDOWN_BARS"":0,""COOLDOWN_BARS_TRADIER"":0,""DELTA_ENGINE_ENABLED"":true,""DELTA_MAX_HOLD_BARS"":1,""D_TREND_REQUIRED"":false,""HTF_ALIGNMENT_ENABLED"":false,""K3M_FLOOR"":0.0,""KINDERGARTEN_EMA_GATE_ENABLED"":false,""MFI_ENTRY_ENABLED"":false,""MIN_HOLD_BARS"":0,""MIN_HOLD_BARS_BEFORE_EXIT"":0,""MIN_HOLD_MINUTES_TRADIER"":0.0,""MTF_ARMED_WT_DIRECTION_SUSPEND_ENABLED"":false,""MTS_BOTTOM_MIN_TRADIER"":6.25,""MTS_ENTRY_QUALITY_MIN_TRADIER"":-100.0,""MTS_GATE_ENABLED_TRADIER"":true,""RSI_ENTRY_LONG_TRADIER"":101.0,""RSI_ENTRY_SHORT_TRADIER"":-1.0,""START_POSITION_SIZE"":10000.0,""STOCH_CROSS_ENTRY_TRADIER"":false,""TRADIER_ENTRY_SCORE_THRESHOLD"":0,""WT_COMPOSITE_SCORING_ENABLED_TRADIER"":false,""WT_DC_HTF_GATE"":""none"",""WT_TF_15M_ENABLED"":false,""WT_TF_1H_ENABLED"":false,""WT_TF_4H_ENABLED"":true,""WT_TF_5M_ENABLED"":false,""WT_TF_D_ENABLED"":false}"
MTS_BOTTOM_MIN_TRADIER,STRATEGY_CAUSAL,declared strategy/catalog/live-path setting,PASS,all applicable values/timeframes change real execution uniquely,ENGINE_AUTO_WIRED|GLOBAL|OTHER|QUICK_CONFIG|RECENT_5D,DISCONNECTED_LIVE_PATHS|ENGINE_AUTO_WIRED|QUICK_CONFIG|RECENT_RESULTS_5D|SWITCH_CATALOG,True,True,False,True,False,True,4h,WT_TF_4H_ENABLED,7.5,True,-687.4934371684151,-688.7157454747918,1.2223083063767035,-6.1726923362431,4910,9.64,12.256258567385675,-0.0046932854171836125,603c648514230431990f1f9d3ba442f5f8af7137ed01c5de9ea0873831afd6e1,3bcd79bc980a4d3e67c5423dce2da63ec3af6d4b9ffa585b0c307bf91c4194de,True,,"{""BACKTEST_VALIDATED_GATES_TRADIER"":false,""BASE_TF"":""5m"",""COMBINED_STOCH_GATE_TRADIER"":100.0,""COOLDOWN_BARS"":0,""COOLDOWN_BARS_TRADIER"":0,""DELTA_ENGINE_ENABLED"":true,""DELTA_MAX_HOLD_BARS"":1,""D_TREND_REQUIRED"":false,""HTF_ALIGNMENT_ENABLED"":false,""K3M_FLOOR"":0.0,""KINDERGARTEN_EMA_GATE_ENABLED"":false,""MFI_ENTRY_ENABLED"":false,""MIN_HOLD_BARS"":0,""MIN_HOLD_BARS_BEFORE_EXIT"":0,""MIN_HOLD_MINUTES_TRADIER"":0.0,""MTF_ARMED_WT_DIRECTION_SUSPEND_ENABLED"":false,""MTS_BOTTOM_MIN_TRADIER"":7.5,""MTS_ENTRY_QUALITY_MIN_TRADIER"":-100.0,""MTS_GATE_ENABLED_TRADIER"":true,""RSI_ENTRY_LONG_TRADIER"":101.0,""RSI_ENTRY_SHORT_TRADIER"":-1.0,""START_POSITION_SIZE"":10000.0,""STOCH_CROSS_ENTRY_TRADIER"":false,""TRADIER_ENTRY_SCORE_THRESHOLD"":0,""WT_COMPOSITE_SCORING_ENABLED_TRADIER"":false,""WT_DC_HTF_GATE"":""none"",""WT_TF_15M_ENABLED"":false,""WT_TF_1H_ENABLED"":false,""WT_TF_4H_ENABLED"":true,""WT_TF_5M_ENABLED"":false,""WT_TF_D_ENABLED"":false}"
MTS_BOTTOM_MIN_TRADIER,STRATEGY_CAUSAL,declared strategy/catalog/live-path setting,PASS,all applicable values/timeframes change real execution uniquely,ENGINE_AUTO_WIRED|GLOBAL|OTHER|QUICK_CONFIG|RECENT_5D,DISCONNECTED_LIVE_PATHS|ENGINE_AUTO_WIRED|QUICK_CONFIG|RECENT_RESULTS_5D|SWITCH_CATALOG,True,True,False,True,False,True,D,WT_TF_D_ENABLED,5.0,False,-655.0082391013336,-655.0082391013336,0.0,26.312505730838332,7999,15.7,12.157851162175307,0.045936335358627234,fcf87a2eb019b360ff962969fb4be9a3de3d9bb9c37da26e8ee2df2e2bb8c4d4,fcf87a2eb019b360ff962969fb4be9a3de3d9bb9c37da26e8ee2df2e2bb8c4d4,True,,"{""BACKTEST_VALIDATED_GATES_TRADIER"":false,""BASE_TF"":""5m"",""COMBINED_STOCH_GATE_TRADIER"":100.0,""COOLDOWN_BARS"":0,""COOLDOWN_BARS_TRADIER"":0,""DELTA_ENGINE_ENABLED"":true,""DELTA_MAX_HOLD_BARS"":1,""D_TREND_REQUIRED"":false,""HTF_ALIGNMENT_ENABLED"":false,""K3M_FLOOR"":0.0,""KINDERGARTEN_EMA_GATE_ENABLED"":false,""MFI_ENTRY_ENABLED"":false,""MIN_HOLD_BARS"":0,""MIN_HOLD_BARS_BEFORE_EXIT"":0,""MIN_HOLD_MINUTES_TRADIER"":0.0,""MTF_ARMED_WT_DIRECTION_SUSPEND_ENABLED"":false,""MTS_BOTTOM_MIN_TRADIER"":5.0,""MTS_ENTRY_QUALITY_MIN_TRADIER"":-100.0,""MTS_GATE_ENABLED_TRADIER"":true,""RSI_ENTRY_LONG_TRADIER"":101.0,""RSI_ENTRY_SHORT_TRADIER"":-1.0,""START_POSITION_SIZE"":10000.0,""STOCH_CROSS_ENTRY_TRADIER"":false,""TRADIER_ENTRY_SCORE_THRESHOLD"":0,""WT_COMPOSITE_SCORING_ENABLED_TRADIER"":false,""WT_DC_HTF_GATE"":""none"",""WT_TF_15M_ENABLED"":false,""WT_TF_1H_ENABLED"":false,""WT_TF_4H_ENABLED"":false,""WT_TF_5M_ENABLED"":true,""WT_TF_D_ENABLED"":true}"
MTS_BOTTOM_MIN_TRADIER,STRATEGY_CAUSAL,declared strategy/catalog/live-path setting,PASS,all applicable values/timeframes change real execution uniquely,ENGINE_AUTO_WIRED|GLOBAL|OTHER|QUICK_CONFIG|RECENT_5D,DISCONNECTED_LIVE_PATHS|ENGINE_AUTO_WIRED|QUICK_CONFIG|RECENT_RESULTS_5D|SWITCH_CATALOG,True,True,False,True,False,True,D,WT_TF_D_ENABLED,2.5,True,-653.8733881264641,-655.0082391013336,1.1348509748695506,27.447356705707897,8142,15.99,12.058756876576432,0.04838132275258024,ea0b63ab3cb8aab5a495a2c85992b8f064c56f48ba78353db78a95a13ab2a515,fcf87a2eb019b360ff962969fb4be9a3de3d9bb9c37da26e8ee2df2e2bb8c4d4,True,,"{""BACKTEST_VALIDATED_GATES_TRADIER"":false,""BASE_TF"":""5m"",""COMBINED_STOCH_GATE_TRADIER"":100.0,""COOLDOWN_BARS"":0,""COOLDOWN_BARS_TRADIER"":0,""DELTA_ENGINE_ENABLED"":true,""DELTA_MAX_HOLD_BARS"":1,""D_TREND_REQUIRED"":false,""HTF_ALIGNMENT_ENABLED"":false,""K3M_FLOOR"":0.0,""KINDERGARTEN_EMA_GATE_ENABLED"":false,""MFI_ENTRY_ENABLED"":false,""MIN_HOLD_BARS"":0,""MIN_HOLD_BARS_BEFORE_EXIT"":0,""MIN_HOLD_MINUTES_TRADIER"":0.0,""MTF_ARMED_WT_DIRECTION_SUSPEND_ENABLED"":false,""MTS_BOTTOM_MIN_TRADIER"":2.5,""MTS_ENTRY_QUALITY_MIN_TRADIER"":-100.0,""MTS_GATE_ENABLED_TRADIER"":true,""RSI_ENTRY_LONG_TRADIER"":101.0,""RSI_ENTRY_SHORT_TRADIER"":-1.0,""START_POSITION_SIZE"":10000.0,""STOCH_CROSS_ENTRY_TRADIER"":false,""TRADIER_ENTRY_SCORE_THRESHOLD"":0,""WT_COMPOSITE_SCORING_ENABLED_TRADIER"":false,""WT_DC_HTF_GATE"":""none"",""WT_TF_15M_ENABLED"":false,""WT_TF_1H_ENABLED"":false,""WT_TF_4H_ENABLED"":false,""WT_TF_5M_ENABLED"":true,""WT_TF_D_ENABLED"":true}"
MTS_BOTTOM_MIN_TRADIER,STRATEGY_CAUSAL,declared strategy/catalog/live-path setting,PASS,all applicable values/timeframes change real execution uniquely,ENGINE_AUTO_WIRED|GLOBAL|OTHER|QUICK_CONFIG|RECENT_5D,DISCONNECTED_LIVE_PATHS|ENGINE_AUTO_WIRED|QUICK_CONFIG|RECENT_RESULTS_5D|SWITCH_CATALOG,True,True,False,True,False,True,D,WT_TF_D_ENABLED,3.75,True,-653.9832048278308,-655.0082391013336,1.025034273502797,27.337540004341154,8086,15.88,11.840032972561245,0.04762012197786141,1a19f363c0302313a649369390d305fbee0e38868d313c092854e6ad37d95271,fcf87a2eb019b360ff962969fb4be9a3de3d9bb9c37da26e8ee2df2e2bb8c4d4,True,,"{""BACKTEST_VALIDATED_GATES_TRADIER"":false,""BASE_TF"":""5m"",""COMBINED_STOCH_GATE_TRADIER"":100.0,""COOLDOWN_BARS"":0,""COOLDOWN_BARS_TRADIER"":0,""DELTA_ENGINE_ENABLED"":true,""DELTA_MAX_HOLD_BARS"":1,""D_TREND_REQUIRED"":false,""HTF_ALIGNMENT_ENABLED"":false,""K3M_FLOOR"":0.0,""KINDERGARTEN_EMA_GATE_ENABLED"":false,""MFI_ENTRY_ENABLED"":false,""MIN_HOLD_BARS"":0,""MIN_HOLD_BARS_BEFORE_EXIT"":0,""MIN_HOLD_MINUTES_TRADIER"":0.0,""MTF_ARMED_WT_DIRECTION_SUSPEND_ENABLED"":false,""MTS_BOTTOM_MIN_TRADIER"":3.75,""MTS_ENTRY_QUALITY_MIN_TRADIER"":-100.0,""MTS_GATE_ENABLED_TRADIER"":true,""RSI_ENTRY_LONG_TRADIER"":101.0,""RSI_ENTRY_SHORT_TRADIER"":-1.0,""START_POSITION_SIZE"":10000.0,""STOCH_CROSS_ENTRY_TRADIER"":false,""TRADIER_ENTRY_SCORE_THRESHOLD"":0,""WT_COMPOSITE_SCORING_ENABLED_TRADIER"":false,""WT_DC_HTF_GATE"":""none"",""WT_TF_15M_ENABLED"":false,""WT_TF_1H_ENABLED"":false,""WT_TF_4H_ENABLED"":false,""WT_TF_5M_ENABLED"":true,""WT_TF_D_ENABLED"":true}"
MTS_BOTTOM_MIN_TRADIER,STRATEGY_CAUSAL,declared strategy/catalog/live-path setting,PASS,all applicable values/timeframes change real execution uniquely,ENGINE_AUTO_WIRED|GLOBAL|OTHER|QUICK_CONFIG|RECENT_5D,DISCONNECTED_LIVE_PATHS|ENGINE_AUTO_WIRED|QUICK_CONFIG|RECENT_RESULTS_5D|SWITCH_CATALOG,True,True,False,True,False,True,D,WT_TF_D_ENABLED,6.25,True,-657.1530922257873,-655.0082391013336,-2.1448531244536753,24.167652606384653,7866,15.44,12.343630699834879,0.04237612193648419,e715ff92f18c9a1fd6d860c8d7f98be7bc69b701913149a141e592f7edb8a02b,fcf87a2eb019b360ff962969fb4be9a3de3d9bb9c37da26e8ee2df2e2bb8c4d4,True,,"{""BACKTEST_VALIDATED_GATES_TRADIER"":false,""BASE_TF"":""5m"",""COMBINED_STOCH_GATE_TRADIER"":100.0,""COOLDOWN_BARS"":0,""COOLDOWN_BARS_TRADIER"":0,""DELTA_ENGINE_ENABLED"":true,""DELTA_MAX_HOLD_BARS"":1,""D_TREND_REQUIRED"":false,""HTF_ALIGNMENT_ENABLED"":false,""K3M_FLOOR"":0.0,""KINDERGARTEN_EMA_GATE_ENABLED"":false,""MFI_ENTRY_ENABLED"":false,""MIN_HOLD_BARS"":0,""MIN_HOLD_BARS_BEFORE_EXIT"":0,""MIN_HOLD_MINUTES_TRADIER"":0.0,""MTF_ARMED_WT_DIRECTION_SUSPEND_ENABLED"":false,""MTS_BOTTOM_MIN_TRADIER"":6.25,""MTS_ENTRY_QUALITY_MIN_TRADIER"":-100.0,""MTS_GATE_ENABLED_TRADIER"":true,""RSI_ENTRY_LONG_TRADIER"":101.0,""RSI_ENTRY_SHORT_TRADIER"":-1.0,""START_POSITION_SIZE"":10000.0,""STOCH_CROSS_ENTRY_TRADIER"":false,""TRADIER_ENTRY_SCORE_THRESHOLD"":0,""WT_COMPOSITE_SCORING_ENABLED_TRADIER"":false,""WT_DC_HTF_GATE"":""none"",""WT_TF_15M_ENABLED"":false,""WT_TF_1H_ENABLED"":false,""WT_TF_4H_ENABLED"":false,""WT_TF_5M_ENABLED"":true,""WT_TF_D_ENABLED"":true}"
MTS_BOTTOM_MIN_TRADIER,STRATEGY_CAUSAL,declared strategy/catalog/live-path setting,PASS,all applicable values/timeframes change real execution uniquely,ENGINE_AUTO_WIRED|GLOBAL|OTHER|QUICK_CONFIG|RECENT_5D,DISCONNECTED_LIVE_PATHS|ENGINE_AUTO_WIRED|QUICK_CONFIG|RECENT_RESULTS_5D|SWITCH_CATALOG,True,True,False,True,False,True,D,WT_TF_D_ENABLED,7.5,True,-657.9090529811766,-655.0082391013336,-2.9008138798429854,23.41169185099533,7759,15.23,11.98472352422639,0.040792050967662315,00b07b2370f1df4cc1d10787968dc4399747b802aab81e4787e25a671608423d,fcf87a2eb019b360ff962969fb4be9a3de3d9bb9c37da26e8ee2df2e2bb8c4d4,True,,"{""BACKTEST_VALIDATED_GATES_TRADIER"":false,""BASE_TF"":""5m"",""COMBINED_STOCH_GATE_TRADIER"":100.0,""COOLDOWN_BARS"":0,""COOLDOWN_BARS_TRADIER"":0,""DELTA_ENGINE_ENABLED"":true,""DELTA_MAX_HOLD_BARS"":1,""D_TREND_REQUIRED"":false,""HTF_ALIGNMENT_ENABLED"":false,""K3M_FLOOR"":0.0,""KINDERGARTEN_EMA_GATE_ENABLED"":false,""MFI_ENTRY_ENABLED"":false,""MIN_HOLD_BARS"":0,""MIN_HOLD_BARS_BEFORE_EXIT"":0,""MIN_HOLD_MINUTES_TRADIER"":0.0,""MTF_ARMED_WT_DIRECTION_SUSPEND_ENABLED"":false,""MTS_BOTTOM_MIN_TRADIER"":7.5,""MTS_ENTRY_QUALITY_MIN_TRADIER"":-100.0,""MTS_GATE_ENABLED_TRADIER"":true,""RSI_ENTRY_LONG_TRADIER"":101.0,""RSI_ENTRY_SHORT_TRADIER"":-1.0,""START_POSITION_SIZE"":10000.0,""STOCH_CROSS_ENTRY_TRADIER"":false,""TRADIER_ENTRY_SCORE_THRESHOLD"":0,""WT_COMPOSITE_SCORING_ENABLED_TRADIER"":false,""WT_DC_HTF_GATE"":""none"",""WT_TF_15M_ENABLED"":false,""WT_TF_1H_ENABLED"":false,""WT_TF_4H_ENABLED"":false,""WT_TF_5M_ENABLED"":true,""WT_TF_D_ENABLED"":true}"
MTS_ENTRY_QUALITY_MIN_TRADIER,STRATEGY_CAUSAL,declared strategy/catalog/live-path setting,VALUE_ALIAS,present-data MTS entry-quality values 0/1/2 admit the same bars at every tested TF,ENGINE_AUTO_WIRED|ENTRY|QUICK_CONFIG|RECENT_5D,DISCONNECTED_LIVE_PATHS|ENGINE_AUTO_WIRED|QUICK_CONFIG|RECENT_RESULTS_5D|SWITCH_CATALOG,True,True,False,True,False,True,5m,WT_TF_5M_ENABLED,0.0,False,-645.1424579636492,-645.1424579636492,0.0,36.1782868685227,6809,13.37,10.169096024064423,0.06806815349857726,0a9f4c0afe24497c41539c0f77fc0329b73d17678db18fdf4e220712cac94bb3,0a9f4c0afe24497c41539c0f77fc0329b73d17678db18fdf4e220712cac94bb3,True,,"{""BACKTEST_VALIDATED_GATES_TRADIER"":false,""BASE_TF"":""5m"",""COMBINED_STOCH_GATE_TRADIER"":100.0,""COOLDOWN_BARS"":0,""COOLDOWN_BARS_TRADIER"":0,""DELTA_ENGINE_ENABLED"":true,""DELTA_MAX_HOLD_BARS"":1,""D_TREND_REQUIRED"":false,""HTF_ALIGNMENT_ENABLED"":false,""K3M_FLOOR"":0.0,""KINDERGARTEN_EMA_GATE_ENABLED"":false,""MFI_ENTRY_ENABLED"":false,""MIN_HOLD_BARS"":0,""MIN_HOLD_BARS_BEFORE_EXIT"":0,""MIN_HOLD_MINUTES_TRADIER"":0.0,""MTF_ARMED_WT_DIRECTION_SUSPEND_ENABLED"":false,""MTS_BOTTOM_MIN_TRADIER"":-100.0,""MTS_ENTRY_QUALITY_MIN_TRADIER"":0.0,""MTS_GATE_ENABLED_TRADIER"":true,""RSI_ENTRY_LONG_TRADIER"":101.0,""RSI_ENTRY_SHORT_TRADIER"":-1.0,""START_POSITION_SIZE"":10000.0,""STOCH_CROSS_ENTRY_TRADIER"":false,""TRADIER_ENTRY_SCORE_THRESHOLD"":0,""WT_COMPOSITE_SCORING_ENABLED_TRADIER"":false,""WT_DC_HTF_GATE"":""none"",""WT_TF_15M_ENABLED"":false,""WT_TF_1H_ENABLED"":false,""WT_TF_4H_ENABLED"":false,""WT_TF_5M_ENABLED"":true,""WT_TF_D_ENABLED"":false}"
MTS_ENTRY_QUALITY_MIN_TRADIER,STRATEGY_CAUSAL,declared strategy/catalog/live-path setting,VALUE_ALIAS,present-data MTS entry-quality values 0/1/2 admit the same bars at every tested TF,ENGINE_AUTO_WIRED|ENTRY|QUICK_CONFIG|RECENT_5D,DISCONNECTED_LIVE_PATHS|ENGINE_AUTO_WIRED|QUICK_CONFIG|RECENT_RESULTS_5D|SWITCH_CATALOG,True,True,False,True,False,True,5m,WT_TF_5M_ENABLED,1.0,False,-645.1424579636492,-645.1424579636492,0.0,36.1782868685227,6809,13.37,10.169096024064423,0.06806815349857726,0a9f4c0afe24497c41539c0f77fc0329b73d17678db18fdf4e220712cac94bb3,0a9f4c0afe24497c41539c0f77fc0329b73d17678db18fdf4e220712cac94bb3,True,,"{""BACKTEST_VALIDATED_GATES_TRADIER"":false,""BASE_TF"":""5m"",""COMBINED_STOCH_GATE_TRADIER"":100.0,""COOLDOWN_BARS"":0,""COOLDOWN_BARS_TRADIER"":0,""DELTA_ENGINE_ENABLED"":true,""DELTA_MAX_HOLD_BARS"":1,""D_TREND_REQUIRED"":false,""HTF_ALIGNMENT_ENABLED"":false,""K3M_FLOOR"":0.0,""KINDERGARTEN_EMA_GATE_ENABLED"":false,""MFI_ENTRY_ENABLED"":false,""MIN_HOLD_BARS"":0,""MIN_HOLD_BARS_BEFORE_EXIT"":0,""MIN_HOLD_MINUTES_TRADIER"":0.0,""MTF_ARMED_WT_DIRECTION_SUSPEND_ENABLED"":false,""MTS_BOTTOM_MIN_TRADIER"":-100.0,""MTS_ENTRY_QUALITY_MIN_TRADIER"":1.0,""MTS_GATE_ENABLED_TRADIER"":true,""RSI_ENTRY_LONG_TRADIER"":101.0,""RSI_ENTRY_SHORT_TRADIER"":-1.0,""START_POSITION_SIZE"":10000.0,""STOCH_CROSS_ENTRY_TRADIER"":false,""TRADIER_ENTRY_SCORE_THRESHOLD"":0,""WT_COMPOSITE_SCORING_ENABLED_TRADIER"":false,""WT_DC_HTF_GATE"":""none"",""WT_TF_15M_ENABLED"":false,""WT_TF_1H_ENABLED"":false,""WT_TF_4H_ENABLED"":false,""WT_TF_5M_ENABLED"":true,""WT_TF_D_ENABLED"":false}"
MTS_ENTRY_QUALITY_MIN_TRADIER,STRATEGY_CAUSAL,declared strategy/catalog/live-path setting,VALUE_ALIAS,present-data MTS entry-quality values 0/1/2 admit the same bars at every tested TF,ENGINE_AUTO_WIRED|ENTRY|QUICK_CONFIG|RECENT_5D,DISCONNECTED_LIVE_PATHS|ENGINE_AUTO_WIRED|QUICK_CONFIG|RECENT_RESULTS_5D|SWITCH_CATALOG,True,True,False,True,False,True,5m,WT_TF_5M_ENABLED,2.0,False,-645.1424579636492,-645.1424579636492,0.0,36.1782868685227,6809,13.37,10.169096024064423,0.06806815349857726,0a9f4c0afe24497c41539c0f77fc0329b73d17678db18fdf4e220712cac94bb3,0a9f4c0afe24497c41539c0f77fc0329b73d17678db18fdf4e220712cac94bb3,True,,"{""BACKTEST_VALIDATED_GATES_TRADIER"":false,""BASE_TF"":""5m"",""COMBINED_STOCH_GATE_TRADIER"":100.0,""COOLDOWN_BARS"":0,""COOLDOWN_BARS_TRADIER"":0,""DELTA_ENGINE_ENABLED"":true,""DELTA_MAX_HOLD_BARS"":1,""D_TREND_REQUIRED"":false,""HTF_ALIGNMENT_ENABLED"":false,""K3M_FLOOR"":0.0,""KINDERGARTEN_EMA_GATE_ENABLED"":false,""MFI_ENTRY_ENABLED"":false,""MIN_HOLD_BARS"":0,""MIN_HOLD_BARS_BEFORE_EXIT"":0,""MIN_HOLD_MINUTES_TRADIER"":0.0,""MTF_ARMED_WT_DIRECTION_SUSPEND_ENABLED"":false,""MTS_BOTTOM_MIN_TRADIER"":-100.0,""MTS_ENTRY_QUALITY_MIN_TRADIER"":2.0,""MTS_GATE_ENABLED_TRADIER"":true,""RSI_ENTRY_LONG_TRADIER"":101.0,""RSI_ENTRY_SHORT_TRADIER"":-1.0,""START_POSITION_SIZE"":10000.0,""STOCH_CROSS_ENTRY_TRADIER"":false,""TRADIER_ENTRY_SCORE_THRESHOLD"":0,""WT_COMPOSITE_SCORING_ENABLED_TRADIER"":false,""WT_DC_HTF_GATE"":""none"",""WT_TF_15M_ENABLED"":false,""WT_TF_1H_ENABLED"":false,""WT_TF_4H_ENABLED"":false,""WT_TF_5M_ENABLED"":true,""WT_TF_D_ENABLED"":false}"
MTS_ENTRY_QUALITY_MIN_TRADIER,STRATEGY_CAUSAL,declared strategy/catalog/live-path setting,VALUE_ALIAS,present-data MTS entry-quality values 0/1/2 admit the same bars at every tested TF,ENGINE_AUTO_WIRED|ENTRY|QUICK_CONFIG|RECENT_5D,DISCONNECTED_LIVE_PATHS|ENGINE_AUTO_WIRED|QUICK_CONFIG|RECENT_RESULTS_5D|SWITCH_CATALOG,True,True,False,True,False,True,15m,WT_TF_15M_ENABLED,0.0,False,-691.0594816375112,-691.0594816375112,0.0,-9.73873680533928,5695,11.18,15.390936771501154,-0.004392038409548673,b284252124f59f28b93f7bee5465e722c6cc40bb83fd3739ca3279553f1aa8b4,b284252124f59f28b93f7bee5465e722c6cc40bb83fd3739ca3279553f1aa8b4,True,,"{""BACKTEST_VALIDATED_GATES_TRADIER"":false,""BASE_TF"":""5m"",""COMBINED_STOCH_GATE_TRADIER"":100.0,""COOLDOWN_BARS"":0,""COOLDOWN_BARS_TRADIER"":0,""DELTA_ENGINE_ENABLED"":true,""DELTA_MAX_HOLD_BARS"":1,""D_TREND_REQUIRED"":false,""HTF_ALIGNMENT_ENABLED"":false,""K3M_FLOOR"":0.0,""KINDERGARTEN_EMA_GATE_ENABLED"":false,""MFI_ENTRY_ENABLED"":false,""MIN_HOLD_BARS"":0,""MIN_HOLD_BARS_BEFORE_EXIT"":0,""MIN_HOLD_MINUTES_TRADIER"":0.0,""MTF_ARMED_WT_DIRECTION_SUSPEND_ENABLED"":false,""MTS_BOTTOM_MIN_TRADIER"":-100.0,""MTS_ENTRY_QUALITY_MIN_TRADIER"":0.0,""MTS_GATE_ENABLED_TRADIER"":true,""RSI_ENTRY_LONG_TRADIER"":101.0,""RSI_ENTRY_SHORT_TRADIER"":-1.0,""START_POSITION_SIZE"":10000.0,""STOCH_CROSS_ENTRY_TRADIER"":false,""TRADIER_ENTRY_SCORE_THRESHOLD"":0,""WT_COMPOSITE_SCORING_ENABLED_TRADIER"":false,""WT_DC_HTF_GATE"":""none"",""WT_TF_15M_ENABLED"":true,""WT_TF_1H_ENABLED"":false,""WT_TF_4H_ENABLED"":false,""WT_TF_5M_ENABLED"":false,""WT_TF_D_ENABLED"":false}"
MTS_ENTRY_QUALITY_MIN_TRADIER,STRATEGY_CAUSAL,declared strategy/catalog/live-path setting,VALUE_ALIAS,present-data MTS entry-quality values 0/1/2 admit the same bars at every tested TF,ENGINE_AUTO_WIRED|ENTRY|QUICK_CONFIG|RECENT_5D,DISCONNECTED_LIVE_PATHS|ENGINE_AUTO_WIRED|QUICK_CONFIG|RECENT_RESULTS_5D|SWITCH_CATALOG,True,True,False,True,False,True,15m,WT_TF_15M_ENABLED,1.0,False,-691.0594816375112,-691.0594816375112,0.0,-9.73873680533928,5695,11.18,15.390936771501154,-0.004392038409548673,b284252124f59f28b93f7bee5465e722c6cc40bb83fd3739ca3279553f1aa8b4,b284252124f59f28b93f7bee5465e722c6cc40bb83fd3739ca3279553f1aa8b4,True,,"{""BACKTEST_VALIDATED_GATES_TRADIER"":false,""BASE_TF"":""5m"",""COMBINED_STOCH_GATE_TRADIER"":100.0,""COOLDOWN_BARS"":0,""COOLDOWN_BARS_TRADIER"":0,""DELTA_ENGINE_ENABLED"":true,""DELTA_MAX_HOLD_BARS"":1,""D_TREND_REQUIRED"":false,""HTF_ALIGNMENT_ENABLED"":false,""K3M_FLOOR"":0.0,""KINDERGARTEN_EMA_GATE_ENABLED"":false,""MFI_ENTRY_ENABLED"":false,""MIN_HOLD_BARS"":0,""MIN_HOLD_BARS_BEFORE_EXIT"":0,""MIN_HOLD_MINUTES_TRADIER"":0.0,""MTF_ARMED_WT_DIRECTION_SUSPEND_ENABLED"":false,""MTS_BOTTOM_MIN_TRADIER"":-100.0,""MTS_ENTRY_QUALITY_MIN_TRADIER"":1.0,""MTS_GATE_ENABLED_TRADIER"":true,""RSI_ENTRY_LONG_TRADIER"":101.0,""RSI_ENTRY_SHORT_TRADIER"":-1.0,""START_POSITION_SIZE"":10000.0,""STOCH_CROSS_ENTRY_TRADIER"":false,""TRADIER_ENTRY_SCORE_THRESHOLD"":0,""WT_COMPOSITE_SCORING_ENABLED_TRADIER"":false,""WT_DC_HTF_GATE"":""none"",""WT_TF_15M_ENABLED"":true,""WT_TF_1H_ENABLED"":false,""WT_TF_4H_ENABLED"":false,""WT_TF_5M_ENABLED"":false,""WT_TF_D_ENABLED"":false}"
MTS_ENTRY_QUALITY_MIN_TRADIER,STRATEGY_CAUSAL,declared strategy/catalog/live-path setting,VALUE_ALIAS,present-data MTS entry-quality values 0/1/2 admit the same bars at every tested TF,ENGINE_AUTO_WIRED|ENTRY|QUICK_CONFIG|RECENT_5D,DISCONNECTED_LIVE_PATHS|ENGINE_AUTO_WIRED|QUICK_CONFIG|RECENT_RESULTS_5D|SWITCH_CATALOG,True,True,False,True,False,True,15m,WT_TF_15M_ENABLED,2.0,False,-691.0594816375112,-691.0594816375112,0.0,-9.73873680533928,5695,11.18,15.390936771501154,-0.004392038409548673,b284252124f59f28b93f7bee5465e722c6cc40bb83fd3739ca3279553f1aa8b4,b284252124f59f28b93f7bee5465e722c6cc40bb83fd3739ca3279553f1aa8b4,True,,"{""BACKTEST_VALIDATED_GATES_TRADIER"":false,""BASE_TF"":""5m"",""COMBINED_STOCH_GATE_TRADIER"":100.0,""COOLDOWN_BARS"":0,""COOLDOWN_BARS_TRADIER"":0,""DELTA_ENGINE_ENABLED"":true,""DELTA_MAX_HOLD_BARS"":1,""D_TREND_REQUIRED"":false,""HTF_ALIGNMENT_ENABLED"":false,""K3M_FLOOR"":0.0,""KINDERGARTEN_EMA_GATE_ENABLED"":false,""MFI_ENTRY_ENABLED"":false,""MIN_HOLD_BARS"":0,""MIN_HOLD_BARS_BEFORE_EXIT"":0,""MIN_HOLD_MINUTES_TRADIER"":0.0,""MTF_ARMED_WT_DIRECTION_SUSPEND_ENABLED"":false,""MTS_BOTTOM_MIN_TRADIER"":-100.0,""MTS_ENTRY_QUALITY_MIN_TRADIER"":2.0,""MTS_GATE_ENABLED_TRADIER"":true,""RSI_ENTRY_LONG_TRADIER"":101.0,""RSI_ENTRY_SHORT_TRADIER"":-1.0,""START_POSITION_SIZE"":10000.0,""STOCH_CROSS_ENTRY_TRADIER"":false,""TRADIER_ENTRY_SCORE_THRESHOLD"":0,""WT_COMPOSITE_SCORING_ENABLED_TRADIER"":false,""WT_DC_HTF_GATE"":""none"",""WT_TF_15M_ENABLED"":true,""WT_TF_1H_ENABLED"":false,""WT_TF_4H_ENABLED"":false,""WT_TF_5M_ENABLED"":false,""WT_TF_D_ENABLED"":false}"
MTS_ENTRY_QUALITY_MIN_TRADIER,STRATEGY_CAUSAL,declared strategy/catalog/live-path setting,VALUE_ALIAS,present-data MTS entry-quality values 0/1/2 admit the same bars at every tested TF,ENGINE_AUTO_WIRED|ENTRY|QUICK_CONFIG|RECENT_5D,DISCONNECTED_LIVE_PATHS|ENGINE_AUTO_WIRED|QUICK_CONFIG|RECENT_RESULTS_5D|SWITCH_CATALOG,True,True,False,True,False,True,1h,WT_TF_1H_ENABLED,0.0,False,-693.5042971374166,-693.5042971374166,0.0,-12.18355230524464,5392,10.59,16.36075866107798,-0.01595645568291649,f9ee99f22ddd44aa8ab516171c36e6baa4bbc52f6468ed0dc56a79a84600b18b,f9ee99f22ddd44aa8ab516171c36e6baa4bbc52f6468ed0dc56a79a84600b18b,True,,"{""BACKTEST_VALIDATED_GATES_TRADIER"":false,""BASE_TF"":""5m"",""COMBINED_STOCH_GATE_TRADIER"":100.0,""COOLDOWN_BARS"":0,""COOLDOWN_BARS_TRADIER"":0,""DELTA_ENGINE_ENABLED"":true,""DELTA_MAX_HOLD_BARS"":1,""D_TREND_REQUIRED"":false,""HTF_ALIGNMENT_ENABLED"":false,""K3M_FLOOR"":0.0,""KINDERGARTEN_EMA_GATE_ENABLED"":false,""MFI_ENTRY_ENABLED"":false,""MIN_HOLD_BARS"":0,""MIN_HOLD_BARS_BEFORE_EXIT"":0,""MIN_HOLD_MINUTES_TRADIER"":0.0,""MTF_ARMED_WT_DIRECTION_SUSPEND_ENABLED"":false,""MTS_BOTTOM_MIN_TRADIER"":-100.0,""MTS_ENTRY_QUALITY_MIN_TRADIER"":0.0,""MTS_GATE_ENABLED_TRADIER"":true,""RSI_ENTRY_LONG_TRADIER"":101.0,""RSI_ENTRY_SHORT_TRADIER"":-1.0,""START_POSITION_SIZE"":10000.0,""STOCH_CROSS_ENTRY_TRADIER"":false,""TRADIER_ENTRY_SCORE_THRESHOLD"":0,""WT_COMPOSITE_SCORING_ENABLED_TRADIER"":false,""WT_DC_HTF_GATE"":""none"",""WT_TF_15M_ENABLED"":false,""WT_TF_1H_ENABLED"":true,""WT_TF_4H_ENABLED"":false,""WT_TF_5M_ENABLED"":false,""WT_TF_D_ENABLED"":false}"
MTS_ENTRY_QUALITY_MIN_TRADIER,STRATEGY_CAUSAL,declared strategy/catalog/live-path setting,VALUE_ALIAS,present-data MTS entry-quality values 0/1/2 admit the same bars at every tested TF,ENGINE_AUTO_WIRED|ENTRY|QUICK_CONFIG|RECENT_5D,DISCONNECTED_LIVE_PATHS|ENGINE_AUTO_WIRED|QUICK_CONFIG|RECENT_RESULTS_5D|SWITCH_CATALOG,True,True,False,True,False,True,1h,WT_TF_1H_ENABLED,1.0,False,-693.5042971374166,-693.5042971374166,0.0,-12.18355230524464,5392,10.59,16.36075866107798,-0.01595645568291649,f9ee99f22ddd44aa8ab516171c36e6baa4bbc52f6468ed0dc56a79a84600b18b,f9ee99f22ddd44aa8ab516171c36e6baa4bbc52f6468ed0dc56a79a84600b18b,True,,"{""BACKTEST_VALIDATED_GATES_TRADIER"":false,""BASE_TF"":""5m"",""COMBINED_STOCH_GATE_TRADIER"":100.0,""COOLDOWN_BARS"":0,""COOLDOWN_BARS_TRADIER"":0,""DELTA_ENGINE_ENABLED"":true,""DELTA_MAX_HOLD_BARS"":1,""D_TREND_REQUIRED"":false,""HTF_ALIGNMENT_ENABLED"":false,""K3M_FLOOR"":0.0,""KINDERGARTEN_EMA_GATE_ENABLED"":false,""MFI_ENTRY_ENABLED"":false,""MIN_HOLD_BARS"":0,""MIN_HOLD_BARS_BEFORE_EXIT"":0,""MIN_HOLD_MINUTES_TRADIER"":0.0,""MTF_ARMED_WT_DIRECTION_SUSPEND_ENABLED"":false,""MTS_BOTTOM_MIN_TRADIER"":-100.0,""MTS_ENTRY_QUALITY_MIN_TRADIER"":1.0,""MTS_GATE_ENABLED_TRADIER"":true,""RSI_ENTRY_LONG_TRADIER"":101.0,""RSI_ENTRY_SHORT_TRADIER"":-1.0,""START_POSITION_SIZE"":10000.0,""STOCH_CROSS_ENTRY_TRADIER"":false,""TRADIER_ENTRY_SCORE_THRESHOLD"":0,""WT_COMPOSITE_SCORING_ENABLED_TRADIER"":false,""WT_DC_HTF_GATE"":""none"",""WT_TF_15M_ENABLED"":false,""WT_TF_1H_ENABLED"":true,""WT_TF_4H_ENABLED"":false,""WT_TF_5M_ENABLED"":false,""WT_TF_D_ENABLED"":false}"
MTS_ENTRY_QUALITY_MIN_TRADIER,STRATEGY_CAUSAL,declared strategy/catalog/live-path setting,VALUE_ALIAS,present-data MTS entry-quality values 0/1/2 admit the same bars at every tested TF,ENGINE_AUTO_WIRED|ENTRY|QUICK_CONFIG|RECENT_5D,DISCONNECTED_LIVE_PATHS|ENGINE_AUTO_WIRED|QUICK_CONFIG|RECENT_RESULTS_5D|SWITCH_CATALOG,True,True,False,True,False,True,1h,WT_TF_1H_ENABLED,2.0,False,-693.5042971374166,-693.5042971374166,0.0,-12.18355230524464,5392,10.59,16.36075866107798,-0.01595645568291649,f9ee99f22ddd44aa8ab516171c36e6baa4bbc52f6468ed0dc56a79a84600b18b,f9ee99f22ddd44aa8ab516171c36e6baa4bbc52f6468ed0dc56a79a84600b18b,True,,"{""BACKTEST_VALIDATED_GATES_TRADIER"":false,""BASE_TF"":""5m"",""COMBINED_STOCH_GATE_TRADIER"":100.0,""COOLDOWN_BARS"":0,""COOLDOWN_BARS_TRADIER"":0,""DELTA_ENGINE_ENABLED"":true,""DELTA_MAX_HOLD_BARS"":1,""D_TREND_REQUIRED"":false,""HTF_ALIGNMENT_ENABLED"":false,""K3M_FLOOR"":0.0,""KINDERGARTEN_EMA_GATE_ENABLED"":false,""MFI_ENTRY_ENABLED"":false,""MIN_HOLD_BARS"":0,""MIN_HOLD_BARS_BEFORE_EXIT"":0,""MIN_HOLD_MINUTES_TRADIER"":0.0,""MTF_ARMED_WT_DIRECTION_SUSPEND_ENABLED"":false,""MTS_BOTTOM_MIN_TRADIER"":-100.0,""MTS_ENTRY_QUALITY_MIN_TRADIER"":2.0,""MTS_GATE_ENABLED_TRADIER"":true,""RSI_ENTRY_LONG_TRADIER"":101.0,""RSI_ENTRY_SHORT_TRADIER"":-1.0,""START_POSITION_SIZE"":10000.0,""STOCH_CROSS_ENTRY_TRADIER"":false,""TRADIER_ENTRY_SCORE_THRESHOLD"":0,""WT_COMPOSITE_SCORING_ENABLED_TRADIER"":false,""WT_DC_HTF_GATE"":""none"",""WT_TF_15M_ENABLED"":false,""WT_TF_1H_ENABLED"":true,""WT_TF_4H_ENABLED"":false,""WT_TF_5M_ENABLED"":false,""WT_TF_D_ENABLED"":false}"
MTS_ENTRY_QUALITY_MIN_TRADIER,STRATEGY_CAUSAL,declared strategy/catalog/live-path setting,VALUE_ALIAS,present-data MTS entry-quality values 0/1/2 admit the same bars at every tested TF,ENGINE_AUTO_WIRED|ENTRY|QUICK_CONFIG|RECENT_5D,DISCONNECTED_LIVE_PATHS|ENGINE_AUTO_WIRED|QUICK_CONFIG|RECENT_RESULTS_5D|SWITCH_CATALOG,True,True,False,True,False,True,4h,WT_TF_4H_ENABLED,0.0,False,-687.7907331581326,-687.7907331581326,0.0,-6.469988325960728,5072,9.96,12.521167236171122,-0.004235989600911993,b3929d79b7284f241bcf5c1a9aa158049fe94d27c4e5d4b7248c9137a671b6fb,b3929d79b7284f241bcf5c1a9aa158049fe94d27c4e5d4b7248c9137a671b6fb,True,,"{""BACKTEST_VALIDATED_GATES_TRADIER"":false,""BASE_TF"":""5m"",""COMBINED_STOCH_GATE_TRADIER"":100.0,""COOLDOWN_BARS"":0,""COOLDOWN_BARS_TRADIER"":0,""DELTA_ENGINE_ENABLED"":true,""DELTA_MAX_HOLD_BARS"":1,""D_TREND_REQUIRED"":false,""HTF_ALIGNMENT_ENABLED"":false,""K3M_FLOOR"":0.0,""KINDERGARTEN_EMA_GATE_ENABLED"":false,""MFI_ENTRY_ENABLED"":false,""MIN_HOLD_BARS"":0,""MIN_HOLD_BARS_BEFORE_EXIT"":0,""MIN_HOLD_MINUTES_TRADIER"":0.0,""MTF_ARMED_WT_DIRECTION_SUSPEND_ENABLED"":false,""MTS_BOTTOM_MIN_TRADIER"":-100.0,""MTS_ENTRY_QUALITY_MIN_TRADIER"":0.0,""MTS_GATE_ENABLED_TRADIER"":true,""RSI_ENTRY_LONG_TRADIER"":101.0,""RSI_ENTRY_SHORT_TRADIER"":-1.0,""START_POSITION_SIZE"":10000.0,""STOCH_CROSS_ENTRY_TRADIER"":false,""TRADIER_ENTRY_SCORE_THRESHOLD"":0,""WT_COMPOSITE_SCORING_ENABLED_TRADIER"":false,""WT_DC_HTF_GATE"":""none"",""WT_TF_15M_ENABLED"":false,""WT_TF_1H_ENABLED"":false,""WT_TF_4H_ENABLED"":true,""WT_TF_5M_ENABLED"":false,""WT_TF_D_ENABLED"":false}"
MTS_ENTRY_QUALITY_MIN_TRADIER,STRATEGY_CAUSAL,declared strategy/catalog/live-path setting,VALUE_ALIAS,present-data MTS entry-quality values 0/1/2 admit the same bars at every tested TF,ENGINE_AUTO_WIRED|ENTRY|QUICK_CONFIG|RECENT_5D,DISCONNECTED_LIVE_PATHS|ENGINE_AUTO_WIRED|QUICK_CONFIG|RECENT_RESULTS_5D|SWITCH_CATALOG,True,True,False,True,False,True,4h,WT_TF_4H_ENABLED,1.0,False,-687.7907331581326,-687.7907331581326,0.0,-6.469988325960728,5072,9.96,12.521167236171122,-0.004235989600911993,b3929d79b7284f241bcf5c1a9aa158049fe94d27c4e5d4b7248c9137a671b6fb,b3929d79b7284f241bcf5c1a9aa158049fe94d27c4e5d4b7248c9137a671b6fb,True,,"{""BACKTEST_VALIDATED_GATES_TRADIER"":false,""BASE_TF"":""5m"",""COMBINED_STOCH_GATE_TRADIER"":100.0,""COOLDOWN_BARS"":0,""COOLDOWN_BARS_TRADIER"":0,""DELTA_ENGINE_ENABLED"":true,""DELTA_MAX_HOLD_BARS"":1,""D_TREND_REQUIRED"":false,""HTF_ALIGNMENT_ENABLED"":false,""K3M_FLOOR"":0.0,""KINDERGARTEN_EMA_GATE_ENABLED"":false,""MFI_ENTRY_ENABLED"":false,""MIN_HOLD_BARS"":0,""MIN_HOLD_BARS_BEFORE_EXIT"":0,""MIN_HOLD_MINUTES_TRADIER"":0.0,""MTF_ARMED_WT_DIRECTION_SUSPEND_ENABLED"":false,""MTS_BOTTOM_MIN_TRADIER"":-100.0,""MTS_ENTRY_QUALITY_MIN_TRADIER"":1.0,""MTS_GATE_ENABLED_TRADIER"":true,""RSI_ENTRY_LONG_TRADIER"":101.0,""RSI_ENTRY_SHORT_TRADIER"":-1.0,""START_POSITION_SIZE"":10000.0,""STOCH_CROSS_ENTRY_TRADIER"":false,""TRADIER_ENTRY_SCORE_THRESHOLD"":0,""WT_COMPOSITE_SCORING_ENABLED_TRADIER"":false,""WT_DC_HTF_GATE"":""none"",""WT_TF_15M_ENABLED"":false,""WT_TF_1H_ENABLED"":false,""WT_TF_4H_ENABLED"":true,""WT_TF_5M_ENABLED"":false,""WT_TF_D_ENABLED"":false}"
MTS_ENTRY_QUALITY_MIN_TRADIER,STRATEGY_CAUSAL,declared strategy/catalog/live-path setting,VALUE_ALIAS,present-data MTS entry-quality values 0/1/2 admit the same bars at every tested TF,ENGINE_AUTO_WIRED|ENTRY|QUICK_CONFIG|RECENT_5D,DISCONNECTED_LIVE_PATHS|ENGINE_AUTO_WIRED|QUICK_CONFIG|RECENT_RESULTS_5D|SWITCH_CATALOG,True,True,False,True,False,True,4h,WT_TF_4H_ENABLED,2.0,False,-687.7907331581326,-687.7907331581326,0.0,-6.469988325960728,5072,9.96,12.521167236171122,-0.004235989600911993,b3929d79b7284f241bcf5c1a9aa158049fe94d27c4e5d4b7248c9137a671b6fb,b3929d79b7284f241bcf5c1a9aa158049fe94d27c4e5d4b7248c9137a671b6fb,True,,"{""BACKTEST_VALIDATED_GATES_TRADIER"":false,""BASE_TF"":""5m"",""COMBINED_STOCH_GATE_TRADIER"":100.0,""COOLDOWN_BARS"":0,""COOLDOWN_BARS_TRADIER"":0,""DELTA_ENGINE_ENABLED"":true,""DELTA_MAX_HOLD_BARS"":1,""D_TREND_REQUIRED"":false,""HTF_ALIGNMENT_ENABLED"":false,""K3M_FLOOR"":0.0,""KINDERGARTEN_EMA_GATE_ENABLED"":false,""MFI_ENTRY_ENABLED"":false,""MIN_HOLD_BARS"":0,""MIN_HOLD_BARS_BEFORE_EXIT"":0,""MIN_HOLD_MINUTES_TRADIER"":0.0,""MTF_ARMED_WT_DIRECTION_SUSPEND_ENABLED"":false,""MTS_BOTTOM_MIN_TRADIER"":-100.0,""MTS_ENTRY_QUALITY_MIN_TRADIER"":2.0,""MTS_GATE_ENABLED_TRADIER"":true,""RSI_ENTRY_LONG_TRADIER"":101.0,""RSI_ENTRY_SHORT_TRADIER"":-1.0,""START_POSITION_SIZE"":10000.0,""STOCH_CROSS_ENTRY_TRADIER"":false,""TRADIER_ENTRY_SCORE_THRESHOLD"":0,""WT_COMPOSITE_SCORING_ENABLED_TRADIER"":false,""WT_DC_HTF_GATE"":""none"",""WT_TF_15M_ENABLED"":false,""WT_TF_1H_ENABLED"":false,""WT_TF_4H_ENABLED"":true,""WT_TF_5M_ENABLED"":false,""WT_TF_D_ENABLED"":false}"
MTS_ENTRY_QUALITY_MIN_TRADIER,STRATEGY_CAUSAL,declared strategy/catalog/live-path setting,VALUE_ALIAS,present-data MTS entry-quality values 0/1/2 admit the same bars at every tested TF,ENGINE_AUTO_WIRED|ENTRY|QUICK_CONFIG|RECENT_5D,DISCONNECTED_LIVE_PATHS|ENGINE_AUTO_WIRED|QUICK_CONFIG|RECENT_RESULTS_5D|SWITCH_CATALOG,True,True,False,True,False,True,D,WT_TF_D_ENABLED,0.0,False,-701.634851706535,-701.634851706535,0.0,-20.314106874363034,5062,9.94,24.48200265452379,-0.025830087418455584,367ae9b7965f3f1646c391b11ff4a21af357b00851c77da0f5c80a27f02a04be,367ae9b7965f3f1646c391b11ff4a21af357b00851c77da0f5c80a27f02a04be,True,,"{""BACKTEST_VALIDATED_GATES_TRADIER"":false,""BASE_TF"":""5m"",""COMBINED_STOCH_GATE_TRADIER"":100.0,""COOLDOWN_BARS"":0,""COOLDOWN_BARS_TRADIER"":0,""DELTA_ENGINE_ENABLED"":true,""DELTA_MAX_HOLD_BARS"":1,""D_TREND_REQUIRED"":false,""HTF_ALIGNMENT_ENABLED"":false,""K3M_FLOOR"":0.0,""KINDERGARTEN_EMA_GATE_ENABLED"":false,""MFI_ENTRY_ENABLED"":false,""MIN_HOLD_BARS"":0,""MIN_HOLD_BARS_BEFORE_EXIT"":0,""MIN_HOLD_MINUTES_TRADIER"":0.0,""MTF_ARMED_WT_DIRECTION_SUSPEND_ENABLED"":false,""MTS_BOTTOM_MIN_TRADIER"":-100.0,""MTS_ENTRY_QUALITY_MIN_TRADIER"":0.0,""MTS_GATE_ENABLED_TRADIER"":true,""RSI_ENTRY_LONG_TRADIER"":101.0,""RSI_ENTRY_SHORT_TRADIER"":-1.0,""START_POSITION_SIZE"":10000.0,""STOCH_CROSS_ENTRY_TRADIER"":false,""TRADIER_ENTRY_SCORE_THRESHOLD"":0,""WT_COMPOSITE_SCORING_ENABLED_TRADIER"":false,""WT_DC_HTF_GATE"":""none"",""WT_TF_15M_ENABLED"":false,""WT_TF_1H_ENABLED"":false,""WT_TF_4H_ENABLED"":false,""WT_TF_5M_ENABLED"":false,""WT_TF_D_ENABLED"":true}"
MTS_ENTRY_QUALITY_MIN_TRADIER,STRATEGY_CAUSAL,declared strategy/catalog/live-path setting,VALUE_ALIAS,present-data MTS entry-quality values 0/1/2 admit the same bars at every tested TF,ENGINE_AUTO_WIRED|ENTRY|QUICK_CONFIG|RECENT_5D,DISCONNECTED_LIVE_PATHS|ENGINE_AUTO_WIRED|QUICK_CONFIG|RECENT_RESULTS_5D|SWITCH_CATALOG,True,True,False,True,False,True,D,WT_TF_D_ENABLED,1.0,False,-701.634851706535,-701.634851706535,0.0,-20.314106874363034,5062,9.94,24.48200265452379,-0.025830087418455584,367ae9b7965f3f1646c391b11ff4a21af357b00851c77da0f5c80a27f02a04be,367ae9b7965f3f1646c391b11ff4a21af357b00851c77da0f5c80a27f02a04be,True,,"{""BACKTEST_VALIDATED_GATES_TRADIER"":false,""BASE_TF"":""5m"",""COMBINED_STOCH_GATE_TRADIER"":100.0,""COOLDOWN_BARS"":0,""COOLDOWN_BARS_TRADIER"":0,""DELTA_ENGINE_ENABLED"":true,""DELTA_MAX_HOLD_BARS"":1,""D_TREND_REQUIRED"":false,""HTF_ALIGNMENT_ENABLED"":false,""K3M_FLOOR"":0.0,""KINDERGARTEN_EMA_GATE_ENABLED"":false,""MFI_ENTRY_ENABLED"":false,""MIN_HOLD_BARS"":0,""MIN_HOLD_BARS_BEFORE_EXIT"":0,""MIN_HOLD_MINUTES_TRADIER"":0.0,""MTF_ARMED_WT_DIRECTION_SUSPEND_ENABLED"":false,""MTS_BOTTOM_MIN_TRADIER"":-100.0,""MTS_ENTRY_QUALITY_MIN_TRADIER"":1.0,""MTS_GATE_ENABLED_TRADIER"":true,""RSI_ENTRY_LONG_TRADIER"":101.0,""RSI_ENTRY_SHORT_TRADIER"":-1.0,""START_POSITION_SIZE"":10000.0,""STOCH_CROSS_ENTRY_TRADIER"":false,""TRADIER_ENTRY_SCORE_THRESHOLD"":0,""WT_COMPOSITE_SCORING_ENABLED_TRADIER"":false,""WT_DC_HTF_GATE"":""none"",""WT_TF_15M_ENABLED"":false,""WT_TF_1H_ENABLED"":false,""WT_TF_4H_ENABLED"":false,""WT_TF_5M_ENABLED"":false,""WT_TF_D_ENABLED"":true}"
MTS_ENTRY_QUALITY_MIN_TRADIER,STRATEGY_CAUSAL,declared strategy/catalog/live-path setting,VALUE_ALIAS,present-data MTS entry-quality values 0/1/2 admit the same bars at every tested TF,ENGINE_AUTO_WIRED|ENTRY|QUICK_CONFIG|RECENT_5D,DISCONNECTED_LIVE_PATHS|ENGINE_AUTO_WIRED|QUICK_CONFIG|RECENT_RESULTS_5D|SWITCH_CATALOG,True,True,False,True,False,True,D,WT_TF_D_ENABLED,2.0,False,-701.634851706535,-701.634851706535,0.0,-20.314106874363034,5062,9.94,24.48200265452379,-0.025830087418455584,367ae9b7965f3f1646c391b11ff4a21af357b00851c77da0f5c80a27f02a04be,367ae9b7965f3f1646c391b11ff4a21af357b00851c77da0f5c80a27f02a04be,True,,"{""BACKTEST_VALIDATED_GATES_TRADIER"":false,""BASE_TF"":""5m"",""COMBINED_STOCH_GATE_TRADIER"":100.0,""COOLDOWN_BARS"":0,""COOLDOWN_BARS_TRADIER"":0,""DELTA_ENGINE_ENABLED"":true,""DELTA_MAX_HOLD_BARS"":1,""D_TREND_REQUIRED"":false,""HTF_ALIGNMENT_ENABLED"":false,""K3M_FLOOR"":0.0,""KINDERGARTEN_EMA_GATE_ENABLED"":false,""MFI_ENTRY_ENABLED"":false,""MIN_HOLD_BARS"":0,""MIN_HOLD_BARS_BEFORE_EXIT"":0,""MIN_HOLD_MINUTES_TRADIER"":0.0,""MTF_ARMED_WT_DIRECTION_SUSPEND_ENABLED"":false,""MTS_BOTTOM_MIN_TRADIER"":-100.0,""MTS_ENTRY_QUALITY_MIN_TRADIER"":2.0,""MTS_GATE_ENABLED_TRADIER"":true,""RSI_ENTRY_LONG_TRADIER"":101.0,""RSI_ENTRY_SHORT_TRADIER"":-1.0,""START_POSITION_SIZE"":10000.0,""STOCH_CROSS_ENTRY_TRADIER"":false,""TRADIER_ENTRY_SCORE_THRESHOLD"":0,""WT_COMPOSITE_SCORING_ENABLED_TRADIER"":false,""WT_DC_HTF_GATE"":""none"",""WT_TF_15M_ENABLED"":false,""WT_TF_1H_ENABLED"":false,""WT_TF_4H_ENABLED"":false,""WT_TF_5M_ENABLED"":false,""WT_TF_D_ENABLED"":true}"
MTS_GATE_ENABLED_TRADIER,STRATEGY_CAUSAL,declared strategy/catalog/live-path setting,PASS,all applicable values/timeframes change real execution uniquely,ENGINE_AUTO_WIRED|FILTER|OTHER|QUICK_CONFIG|RECENT_5D,DISCONNECTED_LIVE_PATHS|ENGINE_AUTO_WIRED|QUICK_CONFIG|RECENT_RESULTS_5D|SWITCH_CATALOG,True,True,False,True,False,True,5m,WT_TF_5M_ENABLED,false,False,-645.1424579636492,-645.1424579636492,0.0,36.1782868685227,6809,13.37,10.169096024064423,0.06806815349857726,0a9f4c0afe24497c41539c0f77fc0329b73d17678db18fdf4e220712cac94bb3,0a9f4c0afe24497c41539c0f77fc0329b73d17678db18fdf4e220712cac94bb3,True,,"{""BACKTEST_VALIDATED_GATES_TRADIER"":false,""BASE_TF"":""5m"",""COMBINED_STOCH_GATE_TRADIER"":100.0,""COOLDOWN_BARS"":0,""COOLDOWN_BARS_TRADIER"":0,""DELTA_ENGINE_ENABLED"":true,""DELTA_MAX_HOLD_BARS"":1,""D_TREND_REQUIRED"":false,""HTF_ALIGNMENT_ENABLED"":false,""K3M_FLOOR"":0.0,""KINDERGARTEN_EMA_GATE_ENABLED"":false,""MFI_ENTRY_ENABLED"":false,""MIN_HOLD_BARS"":0,""MIN_HOLD_BARS_BEFORE_EXIT"":0,""MIN_HOLD_MINUTES_TRADIER"":0.0,""MTF_ARMED_WT_DIRECTION_SUSPEND_ENABLED"":false,""MTS_GATE_ENABLED_TRADIER"":false,""RSI_ENTRY_LONG_TRADIER"":101.0,""RSI_ENTRY_SHORT_TRADIER"":-1.0,""START_POSITION_SIZE"":10000.0,""STOCH_CROSS_ENTRY_TRADIER"":false,""TRADIER_ENTRY_SCORE_THRESHOLD"":0,""WT_COMPOSITE_SCORING_ENABLED_TRADIER"":false,""WT_DC_HTF_GATE"":""none"",""WT_TF_15M_ENABLED"":false,""WT_TF_1H_ENABLED"":false,""WT_TF_4H_ENABLED"":false,""WT_TF_5M_ENABLED"":true,""WT_TF_D_ENABLED"":false}"
MTS_GATE_ENABLED_TRADIER,STRATEGY_CAUSAL,declared strategy/catalog/live-path setting,PASS,all applicable values/timeframes change real execution uniquely,ENGINE_AUTO_WIRED|FILTER|OTHER|QUICK_CONFIG|RECENT_5D,DISCONNECTED_LIVE_PATHS|ENGINE_AUTO_WIRED|QUICK_CONFIG|RECENT_RESULTS_5D|SWITCH_CATALOG,True,True,False,True,False,True,5m,WT_TF_5M_ENABLED,true,True,-647.0570299087634,-645.1424579636492,-1.9145719451141758,34.263714923408514,6602,12.96,10.113466854284514,0.06369517100051107,6c7565f82dd126ede0a2e39b32dc286cd3f10013cb0ca7813829df738ec7d319,0a9f4c0afe24497c41539c0f77fc0329b73d17678db18fdf4e220712cac94bb3,True,,"{""BACKTEST_VALIDATED_GATES_TRADIER"":false,""BASE_TF"":""5m"",""COMBINED_STOCH_GATE_TRADIER"":100.0,""COOLDOWN_BARS"":0,""COOLDOWN_BARS_TRADIER"":0,""DELTA_ENGINE_ENABLED"":true,""DELTA_MAX_HOLD_BARS"":1,""D_TREND_REQUIRED"":false,""HTF_ALIGNMENT_ENABLED"":false,""K3M_FLOOR"":0.0,""KINDERGARTEN_EMA_GATE_ENABLED"":false,""MFI_ENTRY_ENABLED"":false,""MIN_HOLD_BARS"":0,""MIN_HOLD_BARS_BEFORE_EXIT"":0,""MIN_HOLD_MINUTES_TRADIER"":0.0,""MTF_ARMED_WT_DIRECTION_SUSPEND_ENABLED"":false,""MTS_GATE_ENABLED_TRADIER"":true,""RSI_ENTRY_LONG_TRADIER"":101.0,""RSI_ENTRY_SHORT_TRADIER"":-1.0,""START_POSITION_SIZE"":10000.0,""STOCH_CROSS_ENTRY_TRADIER"":false,""TRADIER_ENTRY_SCORE_THRESHOLD"":0,""WT_COMPOSITE_SCORING_ENABLED_TRADIER"":false,""WT_DC_HTF_GATE"":""none"",""WT_TF_15M_ENABLED"":false,""WT_TF_1H_ENABLED"":false,""WT_TF_4H_ENABLED"":false,""WT_TF_5M_ENABLED"":true,""WT_TF_D_ENABLED"":false}"
MTS_GATE_ENABLED_TRADIER,STRATEGY_CAUSAL,declared strategy/catalog/live-path setting,PASS,all applicable values/timeframes change real execution uniquely,ENGINE_AUTO_WIRED|FILTER|OTHER|QUICK_CONFIG|RECENT_5D,DISCONNECTED_LIVE_PATHS|ENGINE_AUTO_WIRED|QUICK_CONFIG|RECENT_RESULTS_5D|SWITCH_CATALOG,True,True,False,True,False,True,15m,WT_TF_15M_ENABLED,false,False,-691.0594816375112,-691.0594816375112,0.0,-9.73873680533928,5695,11.18,15.390936771501154,-0.004392038409548673,b284252124f59f28b93f7bee5465e722c6cc40bb83fd3739ca3279553f1aa8b4,b284252124f59f28b93f7bee5465e722c6cc40bb83fd3739ca3279553f1aa8b4,True,,"{""BACKTEST_VALIDATED_GATES_TRADIER"":false,""BASE_TF"":""5m"",""COMBINED_STOCH_GATE_TRADIER"":100.0,""COOLDOWN_BARS"":0,""COOLDOWN_BARS_TRADIER"":0,""DELTA_ENGINE_ENABLED"":true,""DELTA_MAX_HOLD_BARS"":1,""D_TREND_REQUIRED"":false,""HTF_ALIGNMENT_ENABLED"":false,""K3M_FLOOR"":0.0,""KINDERGARTEN_EMA_GATE_ENABLED"":false,""MFI_ENTRY_ENABLED"":false,""MIN_HOLD_BARS"":0,""MIN_HOLD_BARS_BEFORE_EXIT"":0,""MIN_HOLD_MINUTES_TRADIER"":0.0,""MTF_ARMED_WT_DIRECTION_SUSPEND_ENABLED"":false,""MTS_GATE_ENABLED_TRADIER"":false,""RSI_ENTRY_LONG_TRADIER"":101.0,""RSI_ENTRY_SHORT_TRADIER"":-1.0,""START_POSITION_SIZE"":10000.0,""STOCH_CROSS_ENTRY_TRADIER"":false,""TRADIER_ENTRY_SCORE_THRESHOLD"":0,""WT_COMPOSITE_SCORING_ENABLED_TRADIER"":false,""WT_DC_HTF_GATE"":""none"",""WT_TF_15M_ENABLED"":true,""WT_TF_1H_ENABLED"":false,""WT_TF_4H_ENABLED"":false,""WT_TF_5M_ENABLED"":false,""WT_TF_D_ENABLED"":false}"
MTS_GATE_ENABLED_TRADIER,STRATEGY_CAUSAL,declared strategy/catalog/live-path setting,PASS,all applicable values/timeframes change real execution uniquely,ENGINE_AUTO_WIRED|FILTER|OTHER|QUICK_CONFIG|RECENT_5D,DISCONNECTED_LIVE_PATHS|ENGINE_AUTO_WIRED|QUICK_CONFIG|RECENT_RESULTS_5D|SWITCH_CATALOG,True,True,False,True,False,True,15m,WT_TF_15M_ENABLED,true,True,-689.9440469920262,-691.0594816375112,1.1154346454850383,-8.623302159854184,5583,10.96,14.78754697968953,-0.0002735212779045128,ac021576850e1e313c7bc46b93f16d1d1d67cd39dc67334cf07895873052184f,b284252124f59f28b93f7bee5465e722c6cc40bb83fd3739ca3279553f1aa8b4,True,,"{""BACKTEST_VALIDATED_GATES_TRADIER"":false,""BASE_TF"":""5m"",""COMBINED_STOCH_GATE_TRADIER"":100.0,""COOLDOWN_BARS"":0,""COOLDOWN_BARS_TRADIER"":0,""DELTA_ENGINE_ENABLED"":true,""DELTA_MAX_HOLD_BARS"":1,""D_TREND_REQUIRED"":false,""HTF_ALIGNMENT_ENABLED"":false,""K3M_FLOOR"":0.0,""KINDERGARTEN_EMA_GATE_ENABLED"":false,""MFI_ENTRY_ENABLED"":false,""MIN_HOLD_BARS"":0,""MIN_HOLD_BARS_BEFORE_EXIT"":0,""MIN_HOLD_MINUTES_TRADIER"":0.0,""MTF_ARMED_WT_DIRECTION_SUSPEND_ENABLED"":false,""MTS_GATE_ENABLED_TRADIER"":true,""RSI_ENTRY_LONG_TRADIER"":101.0,""RSI_ENTRY_SHORT_TRADIER"":-1.0,""START_POSITION_SIZE"":10000.0,""STOCH_CROSS_ENTRY_TRADIER"":false,""TRADIER_ENTRY_SCORE_THRESHOLD"":0,""WT_COMPOSITE_SCORING_ENABLED_TRADIER"":false,""WT_DC_HTF_GATE"":""none"",""WT_TF_15M_ENABLED"":true,""WT_TF_1H_ENABLED"":false,""WT_TF_4H_ENABLED"":false,""WT_TF_5M_ENABLED"":false,""WT_TF_D_ENABLED"":false}"
MTS_GATE_ENABLED_TRADIER,STRATEGY_CAUSAL,declared strategy/catalog/live-path setting,PASS,all applicable values/timeframes change real execution uniquely,ENGINE_AUTO_WIRED|FILTER|OTHER|QUICK_CONFIG|RECENT_5D,DISCONNECTED_LIVE_PATHS|ENGINE_AUTO_WIRED|QUICK_CONFIG|RECENT_RESULTS_5D|SWITCH_CATALOG,True,True,False,True,False,True,1h,WT_TF_1H_ENABLED,false,False,-693.5042971374166,-693.5042971374166,0.0,-12.18355230524464,5392,10.59,16.36075866107798,-0.01595645568291649,f9ee99f22ddd44aa8ab516171c36e6baa4bbc52f6468ed0dc56a79a84600b18b,f9ee99f22ddd44aa8ab516171c36e6baa4bbc52f6468ed0dc56a79a84600b18b,True,,"{""BACKTEST_VALIDATED_GATES_TRADIER"":false,""BASE_TF"":""5m"",""COMBINED_STOCH_GATE_TRADIER"":100.0,""COOLDOWN_BARS"":0,""COOLDOWN_BARS_TRADIER"":0,""DELTA_ENGINE_ENABLED"":true,""DELTA_MAX_HOLD_BARS"":1,""D_TREND_REQUIRED"":false,""HTF_ALIGNMENT_ENABLED"":false,""K3M_FLOOR"":0.0,""KINDERGARTEN_EMA_GATE_ENABLED"":false,""MFI_ENTRY_ENABLED"":false,""MIN_HOLD_BARS"":0,""MIN_HOLD_BARS_BEFORE_EXIT"":0,""MIN_HOLD_MINUTES_TRADIER"":0.0,""MTF_ARMED_WT_DIRECTION_SUSPEND_ENABLED"":false,""MTS_GATE_ENABLED_TRADIER"":false,""RSI_ENTRY_LONG_TRADIER"":101.0,""RSI_ENTRY_SHORT_TRADIER"":-1.0,""START_POSITION_SIZE"":10000.0,""STOCH_CROSS_ENTRY_TRADIER"":false,""TRADIER_ENTRY_SCORE_THRESHOLD"":0,""WT_COMPOSITE_SCORING_ENABLED_TRADIER"":false,""WT_DC_HTF_GATE"":""none"",""WT_TF_15M_ENABLED"":false,""WT_TF_1H_ENABLED"":true,""WT_TF_4H_ENABLED"":false,""WT_TF_5M_ENABLED"":false,""WT_TF_D_ENABLED"":false}"
MTS_GATE_ENABLED_TRADIER,STRATEGY_CAUSAL,declared strategy/catalog/live-path setting,PASS,all applicable values/timeframes change real execution uniquely,ENGINE_AUTO_WIRED|FILTER|OTHER|QUICK_CONFIG|RECENT_5D,DISCONNECTED_LIVE_PATHS|ENGINE_AUTO_WIRED|QUICK_CONFIG|RECENT_RESULTS_5D|SWITCH_CATALOG,True,True,False,True,False,True,1h,WT_TF_1H_ENABLED,true,True,-692.571421464277,-693.5042971374166,0.9328756731396197,-11.250676632105074,5224,10.26,15.665220948607214,-0.013615044611097145,b075bee522e1b1b72985332bcfb6250355f9bc549c210a4e51a57676f7a20e97,f9ee99f22ddd44aa8ab516171c36e6baa4bbc52f6468ed0dc56a79a84600b18b,True,,"{""BACKTEST_VALIDATED_GATES_TRADIER"":false,""BASE_TF"":""5m"",""COMBINED_STOCH_GATE_TRADIER"":100.0,""COOLDOWN_BARS"":0,""COOLDOWN_BARS_TRADIER"":0,""DELTA_ENGINE_ENABLED"":true,""DELTA_MAX_HOLD_BARS"":1,""D_TREND_REQUIRED"":false,""HTF_ALIGNMENT_ENABLED"":false,""K3M_FLOOR"":0.0,""KINDERGARTEN_EMA_GATE_ENABLED"":false,""MFI_ENTRY_ENABLED"":false,""MIN_HOLD_BARS"":0,""MIN_HOLD_BARS_BEFORE_EXIT"":0,""MIN_HOLD_MINUTES_TRADIER"":0.0,""MTF_ARMED_WT_DIRECTION_SUSPEND_ENABLED"":false,""MTS_GATE_ENABLED_TRADIER"":true,""RSI_ENTRY_LONG_TRADIER"":101.0,""RSI_ENTRY_SHORT_TRADIER"":-1.0,""START_POSITION_SIZE"":10000.0,""STOCH_CROSS_ENTRY_TRADIER"":false,""TRADIER_ENTRY_SCORE_THRESHOLD"":0,""WT_COMPOSITE_SCORING_ENABLED_TRADIER"":false,""WT_DC_HTF_GATE"":""none"",""WT_TF_15M_ENABLED"":false,""WT_TF_1H_ENABLED"":true,""WT_TF_4H_ENABLED"":false,""WT_TF_5M_ENABLED"":false,""WT_TF_D_ENABLED"":false}"
MTS_GATE_ENABLED_TRADIER,STRATEGY_CAUSAL,declared strategy/catalog/live-path setting,PASS,all applicable values/timeframes change real execution uniquely,ENGINE_AUTO_WIRED|FILTER|OTHER|QUICK_CONFIG|RECENT_5D,DISCONNECTED_LIVE_PATHS|ENGINE_AUTO_WIRED|QUICK_CONFIG|RECENT_RESULTS_5D|SWITCH_CATALOG,True,True,False,True,False,True,4h,WT_TF_4H_ENABLED,false,False,-687.7907331581326,-687.7907331581326,0.0,-6.469988325960728,5072,9.96,12.521167236171122,-0.004235989600911993,b3929d79b7284f241bcf5c1a9aa158049fe94d27c4e5d4b7248c9137a671b6fb,b3929d79b7284f241bcf5c1a9aa158049fe94d27c4e5d4b7248c9137a671b6fb,True,,"{""BACKTEST_VALIDATED_GATES_TRADIER"":false,""BASE_TF"":""5m"",""COMBINED_STOCH_GATE_TRADIER"":100.0,""COOLDOWN_BARS"":0,""COOLDOWN_BARS_TRADIER"":0,""DELTA_ENGINE_ENABLED"":true,""DELTA_MAX_HOLD_BARS"":1,""D_TREND_REQUIRED"":false,""HTF_ALIGNMENT_ENABLED"":false,""K3M_FLOOR"":0.0,""KINDERGARTEN_EMA_GATE_ENABLED"":false,""MFI_ENTRY_ENABLED"":false,""MIN_HOLD_BARS"":0,""MIN_HOLD_BARS_BEFORE_EXIT"":0,""MIN_HOLD_MINUTES_TRADIER"":0.0,""MTF_ARMED_WT_DIRECTION_SUSPEND_ENABLED"":false,""MTS_GATE_ENABLED_TRADIER"":false,""RSI_ENTRY_LONG_TRADIER"":101.0,""RSI_ENTRY_SHORT_TRADIER"":-1.0,""START_POSITION_SIZE"":10000.0,""STOCH_CROSS_ENTRY_TRADIER"":false,""TRADIER_ENTRY_SCORE_THRESHOLD"":0,""WT_COMPOSITE_SCORING_ENABLED_TRADIER"":false,""WT_DC_HTF_GATE"":""none"",""WT_TF_15M_ENABLED"":false,""WT_TF_1H_ENABLED"":false,""WT_TF_4H_ENABLED"":true,""WT_TF_5M_ENABLED"":false,""WT_TF_D_ENABLED"":false}"
MTS_GATE_ENABLED_TRADIER,STRATEGY_CAUSAL,declared strategy/catalog/live-path setting,PASS,all applicable values/timeframes change real execution uniquely,ENGINE_AUTO_WIRED|FILTER|OTHER|QUICK_CONFIG|RECENT_5D,DISCONNECTED_LIVE_PATHS|ENGINE_AUTO_WIRED|QUICK_CONFIG|RECENT_RESULTS_5D|SWITCH_CATALOG,True,True,False,True,False,True,4h,WT_TF_4H_ENABLED,true,True,-688.7157454747918,-687.7907331581326,-0.9250123166591493,-7.395000642619869,4998,9.81,13.46776174724639,-0.00710975743361207,3bcd79bc980a4d3e67c5423dce2da63ec3af6d4b9ffa585b0c307bf91c4194de,b3929d79b7284f241bcf5c1a9aa158049fe94d27c4e5d4b7248c9137a671b6fb,True,,"{""BACKTEST_VALIDATED_GATES_TRADIER"":false,""BASE_TF"":""5m"",""COMBINED_STOCH_GATE_TRADIER"":100.0,""COOLDOWN_BARS"":0,""COOLDOWN_BARS_TRADIER"":0,""DELTA_ENGINE_ENABLED"":true,""DELTA_MAX_HOLD_BARS"":1,""D_TREND_REQUIRED"":false,""HTF_ALIGNMENT_ENABLED"":false,""K3M_FLOOR"":0.0,""KINDERGARTEN_EMA_GATE_ENABLED"":false,""MFI_ENTRY_ENABLED"":false,""MIN_HOLD_BARS"":0,""MIN_HOLD_BARS_BEFORE_EXIT"":0,""MIN_HOLD_MINUTES_TRADIER"":0.0,""MTF_ARMED_WT_DIRECTION_SUSPEND_ENABLED"":false,""MTS_GATE_ENABLED_TRADIER"":true,""RSI_ENTRY_LONG_TRADIER"":101.0,""RSI_ENTRY_SHORT_TRADIER"":-1.0,""START_POSITION_SIZE"":10000.0,""STOCH_CROSS_ENTRY_TRADIER"":false,""TRADIER_ENTRY_SCORE_THRESHOLD"":0,""WT_COMPOSITE_SCORING_ENABLED_TRADIER"":false,""WT_DC_HTF_GATE"":""none"",""WT_TF_15M_ENABLED"":false,""WT_TF_1H_ENABLED"":false,""WT_TF_4H_ENABLED"":true,""WT_TF_5M_ENABLED"":false,""WT_TF_D_ENABLED"":false}"
MTS_GATE_ENABLED_TRADIER,STRATEGY_CAUSAL,declared strategy/catalog/live-path setting,PASS,all applicable values/timeframes change real execution uniquely,ENGINE_AUTO_WIRED|FILTER|OTHER|QUICK_CONFIG|RECENT_5D,DISCONNECTED_LIVE_PATHS|ENGINE_AUTO_WIRED|QUICK_CONFIG|RECENT_RESULTS_5D|SWITCH_CATALOG,True,True,False,True,False,True,D,WT_TF_D_ENABLED,false,False,-701.634851706535,-701.634851706535,0.0,-20.314106874363034,5062,9.94,24.48200265452379,-0.025830087418455584,367ae9b7965f3f1646c391b11ff4a21af357b00851c77da0f5c80a27f02a04be,367ae9b7965f3f1646c391b11ff4a21af357b00851c77da0f5c80a27f02a04be,True,,"{""BACKTEST_VALIDATED_GATES_TRADIER"":false,""BASE_TF"":""5m"",""COMBINED_STOCH_GATE_TRADIER"":100.0,""COOLDOWN_BARS"":0,""COOLDOWN_BARS_TRADIER"":0,""DELTA_ENGINE_ENABLED"":true,""DELTA_MAX_HOLD_BARS"":1,""D_TREND_REQUIRED"":false,""HTF_ALIGNMENT_ENABLED"":false,""K3M_FLOOR"":0.0,""KINDERGARTEN_EMA_GATE_ENABLED"":false,""MFI_ENTRY_ENABLED"":false,""MIN_HOLD_BARS"":0,""MIN_HOLD_BARS_BEFORE_EXIT"":0,""MIN_HOLD_MINUTES_TRADIER"":0.0,""MTF_ARMED_WT_DIRECTION_SUSPEND_ENABLED"":false,""MTS_GATE_ENABLED_TRADIER"":false,""RSI_ENTRY_LONG_TRADIER"":101.0,""RSI_ENTRY_SHORT_TRADIER"":-1.0,""START_POSITION_SIZE"":10000.0,""STOCH_CROSS_ENTRY_TRADIER"":false,""TRADIER_ENTRY_SCORE_THRESHOLD"":0,""WT_COMPOSITE_SCORING_ENABLED_TRADIER"":false,""WT_DC_HTF_GATE"":""none"",""WT_TF_15M_ENABLED"":false,""WT_TF_1H_ENABLED"":false,""WT_TF_4H_ENABLED"":false,""WT_TF_5M_ENABLED"":false,""WT_TF_D_ENABLED"":true}"
MTS_GATE_ENABLED_TRADIER,STRATEGY_CAUSAL,declared strategy/catalog/live-path setting,PASS,all applicable values/timeframes change real execution uniquely,ENGINE_AUTO_WIRED|FILTER|OTHER|QUICK_CONFIG|RECENT_5D,DISCONNECTED_LIVE_PATHS|ENGINE_AUTO_WIRED|QUICK_CONFIG|RECENT_RESULTS_5D|SWITCH_CATALOG,True,True,False,True,False,True,D,WT_TF_D_ENABLED,true,True,-701.6370805830891,-701.634851706535,-0.0022288765541134126,-20.316335750917155,5061,9.94,24.48421740162794,-0.025845599482499954,f96d77f627b93b8564339ad976066aad7e12538e5f0239e4e4731fd2dc355f3e,367ae9b7965f3f1646c391b11ff4a21af357b00851c77da0f5c80a27f02a04be,True,,"{""BACKTEST_VALIDATED_GATES_TRADIER"":false,""BASE_TF"":""5m"",""COMBINED_STOCH_GATE_TRADIER"":100.0,""COOLDOWN_BARS"":0,""COOLDOWN_BARS_TRADIER"":0,""DELTA_ENGINE_ENABLED"":true,""DELTA_MAX_HOLD_BARS"":1,""D_TREND_REQUIRED"":false,""HTF_ALIGNMENT_ENABLED"":false,""K3M_FLOOR"":0.0,""KINDERGARTEN_EMA_GATE_ENABLED"":false,""MFI_ENTRY_ENABLED"":false,""MIN_HOLD_BARS"":0,""MIN_HOLD_BARS_BEFORE_EXIT"":0,""MIN_HOLD_MINUTES_TRADIER"":0.0,""MTF_ARMED_WT_DIRECTION_SUSPEND_ENABLED"":false,""MTS_GATE_ENABLED_TRADIER"":true,""RSI_ENTRY_LONG_TRADIER"":101.0,""RSI_ENTRY_SHORT_TRADIER"":-1.0,""START_POSITION_SIZE"":10000.0,""STOCH_CROSS_ENTRY_TRADIER"":false,""TRADIER_ENTRY_SCORE_THRESHOLD"":0,""WT_COMPOSITE_SCORING_ENABLED_TRADIER"":false,""WT_DC_HTF_GATE"":""none"",""WT_TF_15M_ENABLED"":false,""WT_TF_1H_ENABLED"":false,""WT_TF_4H_ENABLED"":false,""WT_TF_5M_ENABLED"":false,""WT_TF_D_ENABLED"":true}"
RSI_ENTRY_LONG_TRADIER,STRATEGY_CAUSAL,declared strategy/catalog/live-path setting,PASS,all applicable values/timeframes change real execution uniquely,ENGINE_AUTO_WIRED|ENTRY|QUICK_CONFIG|RECENT_5D,DISCONNECTED_LIVE_PATHS|ENGINE_AUTO_WIRED|QUICK_CONFIG|RECENT_RESULTS_5D|SWITCH_CATALOG,True,True,False,True,False,True,5m,WT_TF_5M_ENABLED,40.0,False,-666.4047712938194,-666.4047712938194,0.0,14.915973538352581,3618,7.1,11.27540840328128,0.05593032289404938,e9823d9db4e45a3965084cdd33dba9f75191bf0858603aaaeff68c48d230c231,e9823d9db4e45a3965084cdd33dba9f75191bf0858603aaaeff68c48d230c231,True,,"{""BACKTEST_VALIDATED_GATES_TRADIER"":false,""BASE_TF"":""5m"",""COMBINED_STOCH_GATE_TRADIER"":100.0,""COOLDOWN_BARS"":0,""COOLDOWN_BARS_TRADIER"":0,""DELTA_ENGINE_ENABLED"":true,""DELTA_MAX_HOLD_BARS"":1,""D_TREND_REQUIRED"":false,""HTF_ALIGNMENT_ENABLED"":false,""K3M_FLOOR"":0.0,""KINDERGARTEN_EMA_GATE_ENABLED"":false,""K_ZONE_ENTRY_ENABLED_TRADIER"":false,""MFI_ENTRY_ENABLED"":false,""MIN_HOLD_BARS"":0,""MIN_HOLD_BARS_BEFORE_EXIT"":0,""MIN_HOLD_MINUTES_TRADIER"":0.0,""MTF_ARMED_WT_DIRECTION_SUSPEND_ENABLED"":false,""RSI_ENTRY_LONG_TRADIER"":40.0,""RSI_ENTRY_SHORT_TRADIER"":-1.0,""START_POSITION_SIZE"":10000.0,""STOCH_CROSS_ENTRY_TRADIER"":false,""TRADIER_ENTRY_SCORE_THRESHOLD"":0,""WT_COMPOSITE_SCORING_ENABLED_TRADIER"":false,""WT_DC_HTF_GATE"":""none"",""WT_TF_15M_ENABLED"":false,""WT_TF_1H_ENABLED"":false,""WT_TF_4H_ENABLED"":false,""WT_TF_5M_ENABLED"":true,""WT_TF_D_ENABLED"":false}"
RSI_ENTRY_LONG_TRADIER,STRATEGY_CAUSAL,declared strategy/catalog/live-path setting,PASS,all applicable values/timeframes change real execution uniquely,ENGINE_AUTO_WIRED|ENTRY|QUICK_CONFIG|RECENT_5D,DISCONNECTED_LIVE_PATHS|ENGINE_AUTO_WIRED|QUICK_CONFIG|RECENT_RESULTS_5D|SWITCH_CATALOG,True,True,False,True,False,True,5m,WT_TF_5M_ENABLED,20.0,True,-669.2996129890666,-666.4047712938194,-2.894841695247237,12.021131843105307,2837,5.57,13.957800260198598,0.05369228346438073,5143caaaf984acc484079ac42df24a0ae6080f645c2918a44da5662ac3852a14,e9823d9db4e45a3965084cdd33dba9f75191bf0858603aaaeff68c48d230c231,True,,"{""BACKTEST_VALIDATED_GATES_TRADIER"":false,""BASE_TF"":""5m"",""COMBINED_STOCH_GATE_TRADIER"":100.0,""COOLDOWN_BARS"":0,""COOLDOWN_BARS_TRADIER"":0,""DELTA_ENGINE_ENABLED"":true,""DELTA_MAX_HOLD_BARS"":1,""D_TREND_REQUIRED"":false,""HTF_ALIGNMENT_ENABLED"":false,""K3M_FLOOR"":0.0,""KINDERGARTEN_EMA_GATE_ENABLED"":false,""K_ZONE_ENTRY_ENABLED_TRADIER"":false,""MFI_ENTRY_ENABLED"":false,""MIN_HOLD_BARS"":0,""MIN_HOLD_BARS_BEFORE_EXIT"":0,""MIN_HOLD_MINUTES_TRADIER"":0.0,""MTF_ARMED_WT_DIRECTION_SUSPEND_ENABLED"":false,""RSI_ENTRY_LONG_TRADIER"":20.0,""RSI_ENTRY_SHORT_TRADIER"":-1.0,""START_POSITION_SIZE"":10000.0,""STOCH_CROSS_ENTRY_TRADIER"":false,""TRADIER_ENTRY_SCORE_THRESHOLD"":0,""WT_COMPOSITE_SCORING_ENABLED_TRADIER"":false,""WT_DC_HTF_GATE"":""none"",""WT_TF_15M_ENABLED"":false,""WT_TF_1H_ENABLED"":false,""WT_TF_4H_ENABLED"":false,""WT_TF_5M_ENABLED"":true,""WT_TF_D_ENABLED"":false}"
RSI_ENTRY_LONG_TRADIER,STRATEGY_CAUSAL,declared strategy/catalog/live-path setting,PASS,all applicable values/timeframes change real execution uniquely,ENGINE_AUTO_WIRED|ENTRY|QUICK_CONFIG|RECENT_5D,DISCONNECTED_LIVE_PATHS|ENGINE_AUTO_WIRED|QUICK_CONFIG|RECENT_RESULTS_5D|SWITCH_CATALOG,True,True,False,True,False,True,5m,WT_TF_5M_ENABLED,30.0,True,-668.0235893628242,-666.4047712938194,-1.6188180690047602,13.297155469347805,3090,6.07,15.906917181268232,0.05441602357928993,4dcb43a911a08635b5deca267eeb5c7c9126beb02af9b68bba021da642918921,e9823d9db4e45a3965084cdd33dba9f75191bf0858603aaaeff68c48d230c231,True,,"{""BACKTEST_VALIDATED_GATES_TRADIER"":false,""BASE_TF"":""5m"",""COMBINED_STOCH_GATE_TRADIER"":100.0,""COOLDOWN_BARS"":0,""COOLDOWN_BARS_TRADIER"":0,""DELTA_ENGINE_ENABLED"":true,""DELTA_MAX_HOLD_BARS"":1,""D_TREND_REQUIRED"":false,""HTF_ALIGNMENT_ENABLED"":false,""K3M_FLOOR"":0.0,""KINDERGARTEN_EMA_GATE_ENABLED"":false,""K_ZONE_ENTRY_ENABLED_TRADIER"":false,""MFI_ENTRY_ENABLED"":false,""MIN_HOLD_BARS"":0,""MIN_HOLD_BARS_BEFORE_EXIT"":0,""MIN_HOLD_MINUTES_TRADIER"":0.0,""MTF_ARMED_WT_DIRECTION_SUSPEND_ENABLED"":false,""RSI_ENTRY_LONG_TRADIER"":30.0,""RSI_ENTRY_SHORT_TRADIER"":-1.0,""START_POSITION_SIZE"":10000.0,""STOCH_CROSS_ENTRY_TRADIER"":false,""TRADIER_ENTRY_SCORE_THRESHOLD"":0,""WT_COMPOSITE_SCORING_ENABLED_TRADIER"":false,""WT_DC_HTF_GATE"":""none"",""WT_TF_15M_ENABLED"":false,""WT_TF_1H_ENABLED"":false,""WT_TF_4H_ENABLED"":false,""WT_TF_5M_ENABLED"":true,""WT_TF_D_ENABLED"":false}"
RSI_ENTRY_LONG_TRADIER,STRATEGY_CAUSAL,declared strategy/catalog/live-path setting,PASS,all applicable values/timeframes change real execution uniquely,ENGINE_AUTO_WIRED|ENTRY|QUICK_CONFIG|RECENT_5D,DISCONNECTED_LIVE_PATHS|ENGINE_AUTO_WIRED|QUICK_CONFIG|RECENT_RESULTS_5D|SWITCH_CATALOG,True,True,False,True,False,True,5m,WT_TF_5M_ENABLED,50.0,True,-657.4500619675248,-666.4047712938194,8.95470932629462,23.870682864647208,4401,8.64,9.599602486886157,0.06370243390703159,69365e7658f528d745bfbd1343c11d3f1719a8de4dbb0836e424f2c60f9dfc12,e9823d9db4e45a3965084cdd33dba9f75191bf0858603aaaeff68c48d230c231,True,,"{""BACKTEST_VALIDATED_GATES_TRADIER"":false,""BASE_TF"":""5m"",""COMBINED_STOCH_GATE_TRADIER"":100.0,""COOLDOWN_BARS"":0,""COOLDOWN_BARS_TRADIER"":0,""DELTA_ENGINE_ENABLED"":true,""DELTA_MAX_HOLD_BARS"":1,""D_TREND_REQUIRED"":false,""HTF_ALIGNMENT_ENABLED"":false,""K3M_FLOOR"":0.0,""KINDERGARTEN_EMA_GATE_ENABLED"":false,""K_ZONE_ENTRY_ENABLED_TRADIER"":false,""MFI_ENTRY_ENABLED"":false,""MIN_HOLD_BARS"":0,""MIN_HOLD_BARS_BEFORE_EXIT"":0,""MIN_HOLD_MINUTES_TRADIER"":0.0,""MTF_ARMED_WT_DIRECTION_SUSPEND_ENABLED"":false,""RSI_ENTRY_LONG_TRADIER"":50.0,""RSI_ENTRY_SHORT_TRADIER"":-1.0,""START_POSITION_SIZE"":10000.0,""STOCH_CROSS_ENTRY_TRADIER"":false,""TRADIER_ENTRY_SCORE_THRESHOLD"":0,""WT_COMPOSITE_SCORING_ENABLED_TRADIER"":false,""WT_DC_HTF_GATE"":""none"",""WT_TF_15M_ENABLED"":false,""WT_TF_1H_ENABLED"":false,""WT_TF_4H_ENABLED"":false,""WT_TF_5M_ENABLED"":true,""WT_TF_D_ENABLED"":false}"
RSI_ENTRY_LONG_TRADIER,STRATEGY_CAUSAL,declared strategy/catalog/live-path setting,PASS,all applicable values/timeframes change real execution uniquely,ENGINE_AUTO_WIRED|ENTRY|QUICK_CONFIG|RECENT_5D,DISCONNECTED_LIVE_PATHS|ENGINE_AUTO_WIRED|QUICK_CONFIG|RECENT_RESULTS_5D|SWITCH_CATALOG,True,True,False,True,False,True,5m,WT_TF_5M_ENABLED,60.0,True,-653.2727166932269,-666.4047712938194,13.132054600592483,28.048028138945035,5169,10.15,9.879512688349168,0.06806730106837243,53e2d005daec517a7c4e63d90078da92df606f0bf51c850ae75f28e33d603661,e9823d9db4e45a3965084cdd33dba9f75191bf0858603aaaeff68c48d230c231,True,,"{""BACKTEST_VALIDATED_GATES_TRADIER"":false,""BASE_TF"":""5m"",""COMBINED_STOCH_GATE_TRADIER"":100.0,""COOLDOWN_BARS"":0,""COOLDOWN_BARS_TRADIER"":0,""DELTA_ENGINE_ENABLED"":true,""DELTA_MAX_HOLD_BARS"":1,""D_TREND_REQUIRED"":false,""HTF_ALIGNMENT_ENABLED"":false,""K3M_FLOOR"":0.0,""KINDERGARTEN_EMA_GATE_ENABLED"":false,""K_ZONE_ENTRY_ENABLED_TRADIER"":false,""MFI_ENTRY_ENABLED"":false,""MIN_HOLD_BARS"":0,""MIN_HOLD_BARS_BEFORE_EXIT"":0,""MIN_HOLD_MINUTES_TRADIER"":0.0,""MTF_ARMED_WT_DIRECTION_SUSPEND_ENABLED"":false,""RSI_ENTRY_LONG_TRADIER"":60.0,""RSI_ENTRY_SHORT_TRADIER"":-1.0,""START_POSITION_SIZE"":10000.0,""STOCH_CROSS_ENTRY_TRADIER"":false,""TRADIER_ENTRY_SCORE_THRESHOLD"":0,""WT_COMPOSITE_SCORING_ENABLED_TRADIER"":false,""WT_DC_HTF_GATE"":""none"",""WT_TF_15M_ENABLED"":false,""WT_TF_1H_ENABLED"":false,""WT_TF_4H_ENABLED"":false,""WT_TF_5M_ENABLED"":true,""WT_TF_D_ENABLED"":false}"
RSI_ENTRY_LONG_TRADIER,STRATEGY_CAUSAL,declared strategy/catalog/live-path setting,PASS,all applicable values/timeframes change real execution uniquely,ENGINE_AUTO_WIRED|ENTRY|QUICK_CONFIG|RECENT_5D,DISCONNECTED_LIVE_PATHS|ENGINE_AUTO_WIRED|QUICK_CONFIG|RECENT_RESULTS_5D|SWITCH_CATALOG,True,True,False,True,False,True,15m,WT_TF_15M_ENABLED,40.0,False,-690.9117516938301,-690.9117516938301,0.0,-9.591006861658158,2287,4.49,13.3313538824337,-0.013765139238414006,597ebd28ba175f6033a81bfd840513a8eb4fac0b47207a4f8462933e48967c48,597ebd28ba175f6033a81bfd840513a8eb4fac0b47207a4f8462933e48967c48,True,,"{""BACKTEST_VALIDATED_GATES_TRADIER"":false,""BASE_TF"":""5m"",""COMBINED_STOCH_GATE_TRADIER"":100.0,""COOLDOWN_BARS"":0,""COOLDOWN_BARS_TRADIER"":0,""DELTA_ENGINE_ENABLED"":true,""DELTA_MAX_HOLD_BARS"":1,""D_TREND_REQUIRED"":false,""HTF_ALIGNMENT_ENABLED"":false,""K3M_FLOOR"":0.0,""KINDERGARTEN_EMA_GATE_ENABLED"":false,""K_ZONE_ENTRY_ENABLED_TRADIER"":false,""MFI_ENTRY_ENABLED"":false,""MIN_HOLD_BARS"":0,""MIN_HOLD_BARS_BEFORE_EXIT"":0,""MIN_HOLD_MINUTES_TRADIER"":0.0,""MTF_ARMED_WT_DIRECTION_SUSPEND_ENABLED"":false,""RSI_ENTRY_LONG_TRADIER"":40.0,""RSI_ENTRY_SHORT_TRADIER"":-1.0,""START_POSITION_SIZE"":10000.0,""STOCH_CROSS_ENTRY_TRADIER"":false,""TRADIER_ENTRY_SCORE_THRESHOLD"":0,""WT_COMPOSITE_SCORING_ENABLED_TRADIER"":false,""WT_DC_HTF_GATE"":""none"",""WT_TF_15M_ENABLED"":true,""WT_TF_1H_ENABLED"":false,""WT_TF_4H_ENABLED"":false,""WT_TF_5M_ENABLED"":false,""WT_TF_D_ENABLED"":false}"
RSI_ENTRY_LONG_TRADIER,STRATEGY_CAUSAL,declared strategy/catalog/live-path setting,PASS,all applicable values/timeframes change real execution uniquely,ENGINE_AUTO_WIRED|ENTRY|QUICK_CONFIG|RECENT_5D,DISCONNECTED_LIVE_PATHS|ENGINE_AUTO_WIRED|QUICK_CONFIG|RECENT_RESULTS_5D|SWITCH_CATALOG,True,True,False,True,False,True,15m,WT_TF_15M_ENABLED,20.0,True,-689.086309840809,-690.9117516938301,1.8254418530210614,-7.765565008637061,1460,2.87,16.182996690512212,-0.005826621666498072,cc028abceb108166e256aa8a2cadb593420a8858306b35708558bc12e80ac081,597ebd28ba175f6033a81bfd840513a8eb4fac0b47207a4f8462933e48967c48,True,,"{""BACKTEST_VALIDATED_GATES_TRADIER"":false,""BASE_TF"":""5m"",""COMBINED_STOCH_GATE_TRADIER"":100.0,""COOLDOWN_BARS"":0,""COOLDOWN_BARS_TRADIER"":0,""DELTA_ENGINE_ENABLED"":true,""DELTA_MAX_HOLD_BARS"":1,""D_TREND_REQUIRED"":false,""HTF_ALIGNMENT_ENABLED"":false,""K3M_FLOOR"":0.0,""KINDERGARTEN_EMA_GATE_ENABLED"":false,""K_ZONE_ENTRY_ENABLED_TRADIER"":false,""MFI_ENTRY_ENABLED"":false,""MIN_HOLD_BARS"":0,""MIN_HOLD_BARS_BEFORE_EXIT"":0,""MIN_HOLD_MINUTES_TRADIER"":0.0,""MTF_ARMED_WT_DIRECTION_SUSPEND_ENABLED"":false,""RSI_ENTRY_LONG_TRADIER"":20.0,""RSI_ENTRY_SHORT_TRADIER"":-1.0,""START_POSITION_SIZE"":10000.0,""STOCH_CROSS_ENTRY_TRADIER"":false,""TRADIER_ENTRY_SCORE_THRESHOLD"":0,""WT_COMPOSITE_SCORING_ENABLED_TRADIER"":false,""WT_DC_HTF_GATE"":""none"",""WT_TF_15M_ENABLED"":true,""WT_TF_1H_ENABLED"":false,""WT_TF_4H_ENABLED"":false,""WT_TF_5M_ENABLED"":false,""WT_TF_D_ENABLED"":false}"
RSI_ENTRY_LONG_TRADIER,STRATEGY_CAUSAL,declared strategy/catalog/live-path setting,PASS,all applicable values/timeframes change real execution uniquely,ENGINE_AUTO_WIRED|ENTRY|QUICK_CONFIG|RECENT_5D,DISCONNECTED_LIVE_PATHS|ENGINE_AUTO_WIRED|QUICK_CONFIG|RECENT_RESULTS_5D|SWITCH_CATALOG,True,True,False,True,False,True,15m,WT_TF_15M_ENABLED,30.0,True,-688.4015321199586,-690.9117516938301,2.5102195738714954,-7.080787287786576,1722,3.38,17.09402588481017,-0.0012133678646928357,873166efd8f8a42a9989f1198af2ffcfd3b8c7c0eeeebb37840b7cfb367ed7a2,597ebd28ba175f6033a81bfd840513a8eb4fac0b47207a4f8462933e48967c48,True,,"{""BACKTEST_VALIDATED_GATES_TRADIER"":false,""BASE_TF"":""5m"",""COMBINED_STOCH_GATE_TRADIER"":100.0,""COOLDOWN_BARS"":0,""COOLDOWN_BARS_TRADIER"":0,""DELTA_ENGINE_ENABLED"":true,""DELTA_MAX_HOLD_BARS"":1,""D_TREND_REQUIRED"":false,""HTF_ALIGNMENT_ENABLED"":false,""K3M_FLOOR"":0.0,""KINDERGARTEN_EMA_GATE_ENABLED"":false,""K_ZONE_ENTRY_ENABLED_TRADIER"":false,""MFI_ENTRY_ENABLED"":false,""MIN_HOLD_BARS"":0,""MIN_HOLD_BARS_BEFORE_EXIT"":0,""MIN_HOLD_MINUTES_TRADIER"":0.0,""MTF_ARMED_WT_DIRECTION_SUSPEND_ENABLED"":false,""RSI_ENTRY_LONG_TRADIER"":30.0,""RSI_ENTRY_SHORT_TRADIER"":-1.0,""START_POSITION_SIZE"":10000.0,""STOCH_CROSS_ENTRY_TRADIER"":false,""TRADIER_ENTRY_SCORE_THRESHOLD"":0,""WT_COMPOSITE_SCORING_ENABLED_TRADIER"":false,""WT_DC_HTF_GATE"":""none"",""WT_TF_15M_ENABLED"":true,""WT_TF_1H_ENABLED"":false,""WT_TF_4H_ENABLED"":false,""WT_TF_5M_ENABLED"":false,""WT_TF_D_ENABLED"":false}"
RSI_ENTRY_LONG_TRADIER,STRATEGY_CAUSAL,declared strategy/catalog/live-path setting,PASS,all applicable values/timeframes change real execution uniquely,ENGINE_AUTO_WIRED|ENTRY|QUICK_CONFIG|RECENT_5D,DISCONNECTED_LIVE_PATHS|ENGINE_AUTO_WIRED|QUICK_CONFIG|RECENT_RESULTS_5D|SWITCH_CATALOG,True,True,False,True,False,True,15m,WT_TF_15M_ENABLED,50.0,True,-691.8986178792458,-690.9117516938301,-0.9868661854156926,-10.577873047073824,3091,6.07,13.540733038705591,-0.012950157814076022,27811975448c9d90c1e18784dd6c3cd577caa5ec26433b9181ab5fa8930639a8,597ebd28ba175f6033a81bfd840513a8eb4fac0b47207a4f8462933e48967c48,True,,"{""BACKTEST_VALIDATED_GATES_TRADIER"":false,""BASE_TF"":""5m"",""COMBINED_STOCH_GATE_TRADIER"":100.0,""COOLDOWN_BARS"":0,""COOLDOWN_BARS_TRADIER"":0,""DELTA_ENGINE_ENABLED"":true,""DELTA_MAX_HOLD_BARS"":1,""D_TREND_REQUIRED"":false,""HTF_ALIGNMENT_ENABLED"":false,""K3M_FLOOR"":0.0,""KINDERGARTEN_EMA_GATE_ENABLED"":false,""K_ZONE_ENTRY_ENABLED_TRADIER"":false,""MFI_ENTRY_ENABLED"":false,""MIN_HOLD_BARS"":0,""MIN_HOLD_BARS_BEFORE_EXIT"":0,""MIN_HOLD_MINUTES_TRADIER"":0.0,""MTF_ARMED_WT_DIRECTION_SUSPEND_ENABLED"":false,""RSI_ENTRY_LONG_TRADIER"":50.0,""RSI_ENTRY_SHORT_TRADIER"":-1.0,""START_POSITION_SIZE"":10000.0,""STOCH_CROSS_ENTRY_TRADIER"":false,""TRADIER_ENTRY_SCORE_THRESHOLD"":0,""WT_COMPOSITE_SCORING_ENABLED_TRADIER"":false,""WT_DC_HTF_GATE"":""none"",""WT_TF_15M_ENABLED"":true,""WT_TF_1H_ENABLED"":false,""WT_TF_4H_ENABLED"":false,""WT_TF_5M_ENABLED"":false,""WT_TF_D_ENABLED"":false}"
RSI_ENTRY_LONG_TRADIER,STRATEGY_CAUSAL,declared strategy/catalog/live-path setting,PASS,all applicable values/timeframes change real execution uniquely,ENGINE_AUTO_WIRED|ENTRY|QUICK_CONFIG|RECENT_5D,DISCONNECTED_LIVE_PATHS|ENGINE_AUTO_WIRED|QUICK_CONFIG|RECENT_RESULTS_5D|SWITCH_CATALOG,True,True,False,True,False,True,15m,WT_TF_15M_ENABLED,60.0,True,-691.8977320982488,-690.9117516938301,-0.9859804044186831,-10.576987266076781,3869,7.6,15.4169625084085,-0.006815969535185372,e6ad21f6d5b8b2ebc39d2f4d00613e3596ef62511ee46a52990c3c3d875a44de,597ebd28ba175f6033a81bfd840513a8eb4fac0b47207a4f8462933e48967c48,True,,"{""BACKTEST_VALIDATED_GATES_TRADIER"":false,""BASE_TF"":""5m"",""COMBINED_STOCH_GATE_TRADIER"":100.0,""COOLDOWN_BARS"":0,""COOLDOWN_BARS_TRADIER"":0,""DELTA_ENGINE_ENABLED"":true,""DELTA_MAX_HOLD_BARS"":1,""D_TREND_REQUIRED"":false,""HTF_ALIGNMENT_ENABLED"":false,""K3M_FLOOR"":0.0,""KINDERGARTEN_EMA_GATE_ENABLED"":false,""K_ZONE_ENTRY_ENABLED_TRADIER"":false,""MFI_ENTRY_ENABLED"":false,""MIN_HOLD_BARS"":0,""MIN_HOLD_BARS_BEFORE_EXIT"":0,""MIN_HOLD_MINUTES_TRADIER"":0.0,""MTF_ARMED_WT_DIRECTION_SUSPEND_ENABLED"":false,""RSI_ENTRY_LONG_TRADIER"":60.0,""RSI_ENTRY_SHORT_TRADIER"":-1.0,""START_POSITION_SIZE"":10000.0,""STOCH_CROSS_ENTRY_TRADIER"":false,""TRADIER_ENTRY_SCORE_THRESHOLD"":0,""WT_COMPOSITE_SCORING_ENABLED_TRADIER"":false,""WT_DC_HTF_GATE"":""none"",""WT_TF_15M_ENABLED"":true,""WT_TF_1H_ENABLED"":false,""WT_TF_4H_ENABLED"":false,""WT_TF_5M_ENABLED"":false,""WT_TF_D_ENABLED"":false}"
RSI_ENTRY_LONG_TRADIER,STRATEGY_CAUSAL,declared strategy/catalog/live-path setting,PASS,all applicable values/timeframes change real execution uniquely,ENGINE_AUTO_WIRED|ENTRY|QUICK_CONFIG|RECENT_5D,DISCONNECTED_LIVE_PATHS|ENGINE_AUTO_WIRED|QUICK_CONFIG|RECENT_RESULTS_5D|SWITCH_CATALOG,True,True,False,True,False,True,1h,WT_TF_1H_ENABLED,40.0,False,-692.306750662656,-692.306750662656,0.0,-10.98600583048403,2656,5.21,14.100693621105354,-0.029066928328537533,b15d6f4ded263acf742a13d3688b3e9dca81d26af132f13ac44c5d092ce56139,b15d6f4ded263acf742a13d3688b3e9dca81d26af132f13ac44c5d092ce56139,True,,"{""BACKTEST_VALIDATED_GATES_TRADIER"":false,""BASE_TF"":""5m"",""COMBINED_STOCH_GATE_TRADIER"":100.0,""COOLDOWN_BARS"":0,""COOLDOWN_BARS_TRADIER"":0,""DELTA_ENGINE_ENABLED"":true,""DELTA_MAX_HOLD_BARS"":1,""D_TREND_REQUIRED"":false,""HTF_ALIGNMENT_ENABLED"":false,""K3M_FLOOR"":0.0,""KINDERGARTEN_EMA_GATE_ENABLED"":false,""K_ZONE_ENTRY_ENABLED_TRADIER"":false,""MFI_ENTRY_ENABLED"":false,""MIN_HOLD_BARS"":0,""MIN_HOLD_BARS_BEFORE_EXIT"":0,""MIN_HOLD_MINUTES_TRADIER"":0.0,""MTF_ARMED_WT_DIRECTION_SUSPEND_ENABLED"":false,""RSI_ENTRY_LONG_TRADIER"":40.0,""RSI_ENTRY_SHORT_TRADIER"":-1.0,""START_POSITION_SIZE"":10000.0,""STOCH_CROSS_ENTRY_TRADIER"":false,""TRADIER_ENTRY_SCORE_THRESHOLD"":0,""WT_COMPOSITE_SCORING_ENABLED_TRADIER"":false,""WT_DC_HTF_GATE"":""none"",""WT_TF_15M_ENABLED"":false,""WT_TF_1H_ENABLED"":true,""WT_TF_4H_ENABLED"":false,""WT_TF_5M_ENABLED"":false,""WT_TF_D_ENABLED"":false}"
RSI_ENTRY_LONG_TRADIER,STRATEGY_CAUSAL,declared strategy/catalog/live-path setting,PASS,all applicable values/timeframes change real execution uniquely,ENGINE_AUTO_WIRED|ENTRY|QUICK_CONFIG|RECENT_5D,DISCONNECTED_LIVE_PATHS|ENGINE_AUTO_WIRED|QUICK_CONFIG|RECENT_RESULTS_5D|SWITCH_CATALOG,True,True,False,True,False,True,1h,WT_TF_1H_ENABLED,20.0,True,-692.1011569318545,-692.306750662656,0.20559373080152454,-10.780412099682499,1917,3.76,20.38315864697523,-0.027777612834732728,43cf148eaa9f723d290e40f6777b213b6d97926a9be6a77f1fa9effba45d8880,b15d6f4ded263acf742a13d3688b3e9dca81d26af132f13ac44c5d092ce56139,True,,"{""BACKTEST_VALIDATED_GATES_TRADIER"":false,""BASE_TF"":""5m"",""COMBINED_STOCH_GATE_TRADIER"":100.0,""COOLDOWN_BARS"":0,""COOLDOWN_BARS_TRADIER"":0,""DELTA_ENGINE_ENABLED"":true,""DELTA_MAX_HOLD_BARS"":1,""D_TREND_REQUIRED"":false,""HTF_ALIGNMENT_ENABLED"":false,""K3M_FLOOR"":0.0,""KINDERGARTEN_EMA_GATE_ENABLED"":false,""K_ZONE_ENTRY_ENABLED_TRADIER"":false,""MFI_ENTRY_ENABLED"":false,""MIN_HOLD_BARS"":0,""MIN_HOLD_BARS_BEFORE_EXIT"":0,""MIN_HOLD_MINUTES_TRADIER"":0.0,""MTF_ARMED_WT_DIRECTION_SUSPEND_ENABLED"":false,""RSI_ENTRY_LONG_TRADIER"":20.0,""RSI_ENTRY_SHORT_TRADIER"":-1.0,""START_POSITION_SIZE"":10000.0,""STOCH_CROSS_ENTRY_TRADIER"":false,""TRADIER_ENTRY_SCORE_THRESHOLD"":0,""WT_COMPOSITE_SCORING_ENABLED_TRADIER"":false,""WT_DC_HTF_GATE"":""none"",""WT_TF_15M_ENABLED"":false,""WT_TF_1H_ENABLED"":true,""WT_TF_4H_ENABLED"":false,""WT_TF_5M_ENABLED"":false,""WT_TF_D_ENABLED"":false}"
RSI_ENTRY_LONG_TRADIER,STRATEGY_CAUSAL,declared strategy/catalog/live-path setting,PASS,all applicable values/timeframes change real execution uniquely,ENGINE_AUTO_WIRED|ENTRY|QUICK_CONFIG|RECENT_5D,DISCONNECTED_LIVE_PATHS|ENGINE_AUTO_WIRED|QUICK_CONFIG|RECENT_RESULTS_5D|SWITCH_CATALOG,True,True,False,True,False,True,1h,WT_TF_1H_ENABLED,30.0,True,-690.4965068168852,-692.306750662656,1.8102438457707422,-9.175761984713244,2171,4.26,18.078689522398417,-0.01975235856255431,4450baa6b2bba55b42856afd4edb1732c29e03dd411290b7c873feb417ae8a48,b15d6f4ded263acf742a13d3688b3e9dca81d26af132f13ac44c5d092ce56139,True,,"{""BACKTEST_VALIDATED_GATES_TRADIER"":false,""BASE_TF"":""5m"",""COMBINED_STOCH_GATE_TRADIER"":100.0,""COOLDOWN_BARS"":0,""COOLDOWN_BARS_TRADIER"":0,""DELTA_ENGINE_ENABLED"":true,""DELTA_MAX_HOLD_BARS"":1,""D_TREND_REQUIRED"":false,""HTF_ALIGNMENT_ENABLED"":false,""K3M_FLOOR"":0.0,""KINDERGARTEN_EMA_GATE_ENABLED"":false,""K_ZONE_ENTRY_ENABLED_TRADIER"":false,""MFI_ENTRY_ENABLED"":false,""MIN_HOLD_BARS"":0,""MIN_HOLD_BARS_BEFORE_EXIT"":0,""MIN_HOLD_MINUTES_TRADIER"":0.0,""MTF_ARMED_WT_DIRECTION_SUSPEND_ENABLED"":false,""RSI_ENTRY_LONG_TRADIER"":30.0,""RSI_ENTRY_SHORT_TRADIER"":-1.0,""START_POSITION_SIZE"":10000.0,""STOCH_CROSS_ENTRY_TRADIER"":false,""TRADIER_ENTRY_SCORE_THRESHOLD"":0,""WT_COMPOSITE_SCORING_ENABLED_TRADIER"":false,""WT_DC_HTF_GATE"":""none"",""WT_TF_15M_ENABLED"":false,""WT_TF_1H_ENABLED"":true,""WT_TF_4H_ENABLED"":false,""WT_TF_5M_ENABLED"":false,""WT_TF_D_ENABLED"":false}"
RSI_ENTRY_LONG_TRADIER,STRATEGY_CAUSAL,declared strategy/catalog/live-path setting,PASS,all applicable values/timeframes change real execution uniquely,ENGINE_AUTO_WIRED|ENTRY|QUICK_CONFIG|RECENT_5D,DISCONNECTED_LIVE_PATHS|ENGINE_AUTO_WIRED|QUICK_CONFIG|RECENT_RESULTS_5D|SWITCH_CATALOG,True,True,False,True,False,True,1h,WT_TF_1H_ENABLED,50.0,True,-690.9039831443034,-692.306750662656,1.4027675183525616,-9.583238312131524,3378,6.63,12.67107033939514,-0.01966647284884099,70b27a223cca2291e52600e09987f6d30022180d276ad3ba7099a70256f519cd,b15d6f4ded263acf742a13d3688b3e9dca81d26af132f13ac44c5d092ce56139,True,,"{""BACKTEST_VALIDATED_GATES_TRADIER"":false,""BASE_TF"":""5m"",""COMBINED_STOCH_GATE_TRADIER"":100.0,""COOLDOWN_BARS"":0,""COOLDOWN_BARS_TRADIER"":0,""DELTA_ENGINE_ENABLED"":true,""DELTA_MAX_HOLD_BARS"":1,""D_TREND_REQUIRED"":false,""HTF_ALIGNMENT_ENABLED"":false,""K3M_FLOOR"":0.0,""KINDERGARTEN_EMA_GATE_ENABLED"":false,""K_ZONE_ENTRY_ENABLED_TRADIER"":false,""MFI_ENTRY_ENABLED"":false,""MIN_HOLD_BARS"":0,""MIN_HOLD_BARS_BEFORE_EXIT"":0,""MIN_HOLD_MINUTES_TRADIER"":0.0,""MTF_ARMED_WT_DIRECTION_SUSPEND_ENABLED"":false,""RSI_ENTRY_LONG_TRADIER"":50.0,""RSI_ENTRY_SHORT_TRADIER"":-1.0,""START_POSITION_SIZE"":10000.0,""STOCH_CROSS_ENTRY_TRADIER"":false,""TRADIER_ENTRY_SCORE_THRESHOLD"":0,""WT_COMPOSITE_SCORING_ENABLED_TRADIER"":false,""WT_DC_HTF_GATE"":""none"",""WT_TF_15M_ENABLED"":false,""WT_TF_1H_ENABLED"":true,""WT_TF_4H_ENABLED"":false,""WT_TF_5M_ENABLED"":false,""WT_TF_D_ENABLED"":false}"
RSI_ENTRY_LONG_TRADIER,STRATEGY_CAUSAL,declared strategy/catalog/live-path setting,PASS,all applicable values/timeframes change real execution uniquely,ENGINE_AUTO_WIRED|ENTRY|QUICK_CONFIG|RECENT_5D,DISCONNECTED_LIVE_PATHS|ENGINE_AUTO_WIRED|QUICK_CONFIG|RECENT_RESULTS_5D|SWITCH_CATALOG,True,True,False,True,False,True,1h,WT_TF_1H_ENABLED,60.0,True,-689.7114739206258,-692.306750662656,2.595276742030137,-8.390729088453948,4019,7.89,11.975980516427267,-0.0091084263636988,1cbf131cbd942377aa31996103e0e493fb25c33256bfefc14741eab55da92b14,b15d6f4ded263acf742a13d3688b3e9dca81d26af132f13ac44c5d092ce56139,True,,"{""BACKTEST_VALIDATED_GATES_TRADIER"":false,""BASE_TF"":""5m"",""COMBINED_STOCH_GATE_TRADIER"":100.0,""COOLDOWN_BARS"":0,""COOLDOWN_BARS_TRADIER"":0,""DELTA_ENGINE_ENABLED"":true,""DELTA_MAX_HOLD_BARS"":1,""D_TREND_REQUIRED"":false,""HTF_ALIGNMENT_ENABLED"":false,""K3M_FLOOR"":0.0,""KINDERGARTEN_EMA_GATE_ENABLED"":false,""K_ZONE_ENTRY_ENABLED_TRADIER"":false,""MFI_ENTRY_ENABLED"":false,""MIN_HOLD_BARS"":0,""MIN_HOLD_BARS_BEFORE_EXIT"":0,""MIN_HOLD_MINUTES_TRADIER"":0.0,""MTF_ARMED_WT_DIRECTION_SUSPEND_ENABLED"":false,""RSI_ENTRY_LONG_TRADIER"":60.0,""RSI_ENTRY_SHORT_TRADIER"":-1.0,""START_POSITION_SIZE"":10000.0,""STOCH_CROSS_ENTRY_TRADIER"":false,""TRADIER_ENTRY_SCORE_THRESHOLD"":0,""WT_COMPOSITE_SCORING_ENABLED_TRADIER"":false,""WT_DC_HTF_GATE"":""none"",""WT_TF_15M_ENABLED"":false,""WT_TF_1H_ENABLED"":true,""WT_TF_4H_ENABLED"":false,""WT_TF_5M_ENABLED"":false,""WT_TF_D_ENABLED"":false}"
RSI_ENTRY_LONG_TRADIER,STRATEGY_CAUSAL,declared strategy/catalog/live-path setting,PASS,all applicable values/timeframes change real execution uniquely,ENGINE_AUTO_WIRED|ENTRY|QUICK_CONFIG|RECENT_5D,DISCONNECTED_LIVE_PATHS|ENGINE_AUTO_WIRED|QUICK_CONFIG|RECENT_RESULTS_5D|SWITCH_CATALOG,True,True,False,True,False,True,4h,WT_TF_4H_ENABLED,40.0,False,-692.5087760008969,-692.5087760008969,0.0,-11.18803116872491,2551,5.01,14.284140431836171,-0.022361574663974,277c1d4afffd850d31c1f126b8b749fb253ce457d303d28d04351844d6cb2fae,277c1d4afffd850d31c1f126b8b749fb253ce457d303d28d04351844d6cb2fae,True,,"{""BACKTEST_VALIDATED_GATES_TRADIER"":false,""BASE_TF"":""5m"",""COMBINED_STOCH_GATE_TRADIER"":100.0,""COOLDOWN_BARS"":0,""COOLDOWN_BARS_TRADIER"":0,""DELTA_ENGINE_ENABLED"":true,""DELTA_MAX_HOLD_BARS"":1,""D_TREND_REQUIRED"":false,""HTF_ALIGNMENT_ENABLED"":false,""K3M_FLOOR"":0.0,""KINDERGARTEN_EMA_GATE_ENABLED"":false,""K_ZONE_ENTRY_ENABLED_TRADIER"":false,""MFI_ENTRY_ENABLED"":false,""MIN_HOLD_BARS"":0,""MIN_HOLD_BARS_BEFORE_EXIT"":0,""MIN_HOLD_MINUTES_TRADIER"":0.0,""MTF_ARMED_WT_DIRECTION_SUSPEND_ENABLED"":false,""RSI_ENTRY_LONG_TRADIER"":40.0,""RSI_ENTRY_SHORT_TRADIER"":-1.0,""START_POSITION_SIZE"":10000.0,""STOCH_CROSS_ENTRY_TRADIER"":false,""TRADIER_ENTRY_SCORE_THRESHOLD"":0,""WT_COMPOSITE_SCORING_ENABLED_TRADIER"":false,""WT_DC_HTF_GATE"":""none"",""WT_TF_15M_ENABLED"":false,""WT_TF_1H_ENABLED"":false,""WT_TF_4H_ENABLED"":true,""WT_TF_5M_ENABLED"":false,""WT_TF_D_ENABLED"":false}"
RSI_ENTRY_LONG_TRADIER,STRATEGY_CAUSAL,declared strategy/catalog/live-path setting,PASS,all applicable values/timeframes change real execution uniquely,ENGINE_AUTO_WIRED|ENTRY|QUICK_CONFIG|RECENT_5D,DISCONNECTED_LIVE_PATHS|ENGINE_AUTO_WIRED|QUICK_CONFIG|RECENT_RESULTS_5D|SWITCH_CATALOG,True,True,False,True,False,True,4h,WT_TF_4H_ENABLED,20.0,True,-692.0946261501848,-692.5087760008969,0.41414985071207866,-10.773881318012883,1836,3.6,18.17965618471436,-0.019932817826420927,ca8228ca136537a196d69f8200cee0a49903014b69aef169f61c8b56ce8390ed,277c1d4afffd850d31c1f126b8b749fb253ce457d303d28d04351844d6cb2fae,True,,"{""BACKTEST_VALIDATED_GATES_TRADIER"":false,""BASE_TF"":""5m"",""COMBINED_STOCH_GATE_TRADIER"":100.0,""COOLDOWN_BARS"":0,""COOLDOWN_BARS_TRADIER"":0,""DELTA_ENGINE_ENABLED"":true,""DELTA_MAX_HOLD_BARS"":1,""D_TREND_REQUIRED"":false,""HTF_ALIGNMENT_ENABLED"":false,""K3M_FLOOR"":0.0,""KINDERGARTEN_EMA_GATE_ENABLED"":false,""K_ZONE_ENTRY_ENABLED_TRADIER"":false,""MFI_ENTRY_ENABLED"":false,""MIN_HOLD_BARS"":0,""MIN_HOLD_BARS_BEFORE_EXIT"":0,""MIN_HOLD_MINUTES_TRADIER"":0.0,""MTF_ARMED_WT_DIRECTION_SUSPEND_ENABLED"":false,""RSI_ENTRY_LONG_TRADIER"":20.0,""RSI_ENTRY_SHORT_TRADIER"":-1.0,""START_POSITION_SIZE"":10000.0,""STOCH_CROSS_ENTRY_TRADIER"":false,""TRADIER_ENTRY_SCORE_THRESHOLD"":0,""WT_COMPOSITE_SCORING_ENABLED_TRADIER"":false,""WT_DC_HTF_GATE"":""none"",""WT_TF_15M_ENABLED"":false,""WT_TF_1H_ENABLED"":false,""WT_TF_4H_ENABLED"":true,""WT_TF_5M_ENABLED"":false,""WT_TF_D_ENABLED"":false}"
RSI_ENTRY_LONG_TRADIER,STRATEGY_CAUSAL,declared strategy/catalog/live-path setting,PASS,all applicable values/timeframes change real execution uniquely,ENGINE_AUTO_WIRED|ENTRY|QUICK_CONFIG|RECENT_5D,DISCONNECTED_LIVE_PATHS|ENGINE_AUTO_WIRED|QUICK_CONFIG|RECENT_RESULTS_5D|SWITCH_CATALOG,True,True,False,True,False,True,4h,WT_TF_4H_ENABLED,30.0,True,-690.1844373748236,-692.5087760008969,2.324338626073313,-8.863692542651625,2095,4.11,17.91049529929441,-0.008484672097112693,d87b0deea62c1b69babb60f18f8664ca3488ea05bcc43fdeac08c850b137ad31,277c1d4afffd850d31c1f126b8b749fb253ce457d303d28d04351844d6cb2fae,True,,"{""BACKTEST_VALIDATED_GATES_TRADIER"":false,""BASE_TF"":""5m"",""COMBINED_STOCH_GATE_TRADIER"":100.0,""COOLDOWN_BARS"":0,""COOLDOWN_BARS_TRADIER"":0,""DELTA_ENGINE_ENABLED"":true,""DELTA_MAX_HOLD_BARS"":1,""D_TREND_REQUIRED"":false,""HTF_ALIGNMENT_ENABLED"":false,""K3M_FLOOR"":0.0,""KINDERGARTEN_EMA_GATE_ENABLED"":false,""K_ZONE_ENTRY_ENABLED_TRADIER"":false,""MFI_ENTRY_ENABLED"":false,""MIN_HOLD_BARS"":0,""MIN_HOLD_BARS_BEFORE_EXIT"":0,""MIN_HOLD_MINUTES_TRADIER"":0.0,""MTF_ARMED_WT_DIRECTION_SUSPEND_ENABLED"":false,""RSI_ENTRY_LONG_TRADIER"":30.0,""RSI_ENTRY_SHORT_TRADIER"":-1.0,""START_POSITION_SIZE"":10000.0,""STOCH_CROSS_ENTRY_TRADIER"":false,""TRADIER_ENTRY_SCORE_THRESHOLD"":0,""WT_COMPOSITE_SCORING_ENABLED_TRADIER"":false,""WT_DC_HTF_GATE"":""none"",""WT_TF_15M_ENABLED"":false,""WT_TF_1H_ENABLED"":false,""WT_TF_4H_ENABLED"":true,""WT_TF_5M_ENABLED"":false,""WT_TF_D_ENABLED"":false}"
RSI_ENTRY_LONG_TRADIER,STRATEGY_CAUSAL,declared strategy/catalog/live-path setting,PASS,all applicable values/timeframes change real execution uniquely,ENGINE_AUTO_WIRED|ENTRY|QUICK_CONFIG|RECENT_5D,DISCONNECTED_LIVE_PATHS|ENGINE_AUTO_WIRED|QUICK_CONFIG|RECENT_RESULTS_5D|SWITCH_CATALOG,True,True,False,True,False,True,4h,WT_TF_4H_ENABLED,50.0,True,-690.2375109332536,-692.5087760008969,2.2712650676432986,-8.916766101081624,3317,6.51,11.776974988041818,-0.013582136706019331,e44e9016e7b1bcd8a621fba76418d9916f8c990f96396d81a9b98fe45841d0b5,277c1d4afffd850d31c1f126b8b749fb253ce457d303d28d04351844d6cb2fae,True,,"{""BACKTEST_VALIDATED_GATES_TRADIER"":false,""BASE_TF"":""5m"",""COMBINED_STOCH_GATE_TRADIER"":100.0,""COOLDOWN_BARS"":0,""COOLDOWN_BARS_TRADIER"":0,""DELTA_ENGINE_ENABLED"":true,""DELTA_MAX_HOLD_BARS"":1,""D_TREND_REQUIRED"":false,""HTF_ALIGNMENT_ENABLED"":false,""K3M_FLOOR"":0.0,""KINDERGARTEN_EMA_GATE_ENABLED"":false,""K_ZONE_ENTRY_ENABLED_TRADIER"":false,""MFI_ENTRY_ENABLED"":false,""MIN_HOLD_BARS"":0,""MIN_HOLD_BARS_BEFORE_EXIT"":0,""MIN_HOLD_MINUTES_TRADIER"":0.0,""MTF_ARMED_WT_DIRECTION_SUSPEND_ENABLED"":false,""RSI_ENTRY_LONG_TRADIER"":50.0,""RSI_ENTRY_SHORT_TRADIER"":-1.0,""START_POSITION_SIZE"":10000.0,""STOCH_CROSS_ENTRY_TRADIER"":false,""TRADIER_ENTRY_SCORE_THRESHOLD"":0,""WT_COMPOSITE_SCORING_ENABLED_TRADIER"":false,""WT_DC_HTF_GATE"":""none"",""WT_TF_15M_ENABLED"":false,""WT_TF_1H_ENABLED"":false,""WT_TF_4H_ENABLED"":true,""WT_TF_5M_ENABLED"":false,""WT_TF_D_ENABLED"":false}"
RSI_ENTRY_LONG_TRADIER,STRATEGY_CAUSAL,declared strategy/catalog/live-path setting,PASS,all applicable values/timeframes change real execution uniquely,ENGINE_AUTO_WIRED|ENTRY|QUICK_CONFIG|RECENT_5D,DISCONNECTED_LIVE_PATHS|ENGINE_AUTO_WIRED|QUICK_CONFIG|RECENT_RESULTS_5D|SWITCH_CATALOG,True,True,False,True,False,True,4h,WT_TF_4H_ENABLED,60.0,True,-690.0177182718593,-692.5087760008969,2.491057729037607,-8.69697343968738,4023,7.9,12.794642235676196,-0.008485302566185701,ea7d871a92c0e1e460cdc07adb85ed844efe9d72a0dbb1596eb1b58d04e65519,277c1d4afffd850d31c1f126b8b749fb253ce457d303d28d04351844d6cb2fae,True,,"{""BACKTEST_VALIDATED_GATES_TRADIER"":false,""BASE_TF"":""5m"",""COMBINED_STOCH_GATE_TRADIER"":100.0,""COOLDOWN_BARS"":0,""COOLDOWN_BARS_TRADIER"":0,""DELTA_ENGINE_ENABLED"":true,""DELTA_MAX_HOLD_BARS"":1,""D_TREND_REQUIRED"":false,""HTF_ALIGNMENT_ENABLED"":false,""K3M_FLOOR"":0.0,""KINDERGARTEN_EMA_GATE_ENABLED"":false,""K_ZONE_ENTRY_ENABLED_TRADIER"":false,""MFI_ENTRY_ENABLED"":false,""MIN_HOLD_BARS"":0,""MIN_HOLD_BARS_BEFORE_EXIT"":0,""MIN_HOLD_MINUTES_TRADIER"":0.0,""MTF_ARMED_WT_DIRECTION_SUSPEND_ENABLED"":false,""RSI_ENTRY_LONG_TRADIER"":60.0,""RSI_ENTRY_SHORT_TRADIER"":-1.0,""START_POSITION_SIZE"":10000.0,""STOCH_CROSS_ENTRY_TRADIER"":false,""TRADIER_ENTRY_SCORE_THRESHOLD"":0,""WT_COMPOSITE_SCORING_ENABLED_TRADIER"":false,""WT_DC_HTF_GATE"":""none"",""WT_TF_15M_ENABLED"":false,""WT_TF_1H_ENABLED"":false,""WT_TF_4H_ENABLED"":true,""WT_TF_5M_ENABLED"":false,""WT_TF_D_ENABLED"":false}"
RSI_ENTRY_LONG_TRADIER,STRATEGY_CAUSAL,declared strategy/catalog/live-path setting,PASS,all applicable values/timeframes change real execution uniquely,ENGINE_AUTO_WIRED|ENTRY|QUICK_CONFIG|RECENT_5D,DISCONNECTED_LIVE_PATHS|ENGINE_AUTO_WIRED|QUICK_CONFIG|RECENT_RESULTS_5D|SWITCH_CATALOG,True,True,False,True,False,True,D,WT_TF_D_ENABLED,40.0,False,-700.600675255393,-700.600675255393,0.0,-19.279930423220968,2267,4.45,22.612327515105417,-0.057532361132874396,5fa4518567875330de4432f46cc0ddcc754393e7ff5dc560d343663caa0b0596,5fa4518567875330de4432f46cc0ddcc754393e7ff5dc560d343663caa0b0596,True,,"{""BACKTEST_VALIDATED_GATES_TRADIER"":false,""BASE_TF"":""5m"",""COMBINED_STOCH_GATE_TRADIER"":100.0,""COOLDOWN_BARS"":0,""COOLDOWN_BARS_TRADIER"":0,""DELTA_ENGINE_ENABLED"":true,""DELTA_MAX_HOLD_BARS"":1,""D_TREND_REQUIRED"":false,""HTF_ALIGNMENT_ENABLED"":false,""K3M_FLOOR"":0.0,""KINDERGARTEN_EMA_GATE_ENABLED"":false,""K_ZONE_ENTRY_ENABLED_TRADIER"":false,""MFI_ENTRY_ENABLED"":false,""MIN_HOLD_BARS"":0,""MIN_HOLD_BARS_BEFORE_EXIT"":0,""MIN_HOLD_MINUTES_TRADIER"":0.0,""MTF_ARMED_WT_DIRECTION_SUSPEND_ENABLED"":false,""RSI_ENTRY_LONG_TRADIER"":40.0,""RSI_ENTRY_SHORT_TRADIER"":-1.0,""START_POSITION_SIZE"":10000.0,""STOCH_CROSS_ENTRY_TRADIER"":false,""TRADIER_ENTRY_SCORE_THRESHOLD"":0,""WT_COMPOSITE_SCORING_ENABLED_TRADIER"":false,""WT_DC_HTF_GATE"":""none"",""WT_TF_15M_ENABLED"":false,""WT_TF_1H_ENABLED"":false,""WT_TF_4H_ENABLED"":false,""WT_TF_5M_ENABLED"":false,""WT_TF_D_ENABLED"":true}"
RSI_ENTRY_LONG_TRADIER,STRATEGY_CAUSAL,declared strategy/catalog/live-path setting,PASS,all applicable values/timeframes change real execution uniquely,ENGINE_AUTO_WIRED|ENTRY|QUICK_CONFIG|RECENT_5D,DISCONNECTED_LIVE_PATHS|ENGINE_AUTO_WIRED|QUICK_CONFIG|RECENT_RESULTS_5D|SWITCH_CATALOG,True,True,False,True,False,True,D,WT_TF_D_ENABLED,20.0,True,-702.2167731737848,-700.600675255393,-1.6160979183918016,-20.896028341612777,1738,3.41,25.690003608183382,-0.062247679027419726,72f7e5525147fa2cf7bc9a8161be5a4250643676cbe2f47bbe39dcbfded5d63a,5fa4518567875330de4432f46cc0ddcc754393e7ff5dc560d343663caa0b0596,True,,"{""BACKTEST_VALIDATED_GATES_TRADIER"":false,""BASE_TF"":""5m"",""COMBINED_STOCH_GATE_TRADIER"":100.0,""COOLDOWN_BARS"":0,""COOLDOWN_BARS_TRADIER"":0,""DELTA_ENGINE_ENABLED"":true,""DELTA_MAX_HOLD_BARS"":1,""D_TREND_REQUIRED"":false,""HTF_ALIGNMENT_ENABLED"":false,""K3M_FLOOR"":0.0,""KINDERGARTEN_EMA_GATE_ENABLED"":false,""K_ZONE_ENTRY_ENABLED_TRADIER"":false,""MFI_ENTRY_ENABLED"":false,""MIN_HOLD_BARS"":0,""MIN_HOLD_BARS_BEFORE_EXIT"":0,""MIN_HOLD_MINUTES_TRADIER"":0.0,""MTF_ARMED_WT_DIRECTION_SUSPEND_ENABLED"":false,""RSI_ENTRY_LONG_TRADIER"":20.0,""RSI_ENTRY_SHORT_TRADIER"":-1.0,""START_POSITION_SIZE"":10000.0,""STOCH_CROSS_ENTRY_TRADIER"":false,""TRADIER_ENTRY_SCORE_THRESHOLD"":0,""WT_COMPOSITE_SCORING_ENABLED_TRADIER"":false,""WT_DC_HTF_GATE"":""none"",""WT_TF_15M_ENABLED"":false,""WT_TF_1H_ENABLED"":false,""WT_TF_4H_ENABLED"":false,""WT_TF_5M_ENABLED"":false,""WT_TF_D_ENABLED"":true}"
RSI_ENTRY_LONG_TRADIER,STRATEGY_CAUSAL,declared strategy/catalog/live-path setting,PASS,all applicable values/timeframes change real execution uniquely,ENGINE_AUTO_WIRED|ENTRY|QUICK_CONFIG|RECENT_5D,DISCONNECTED_LIVE_PATHS|ENGINE_AUTO_WIRED|QUICK_CONFIG|RECENT_RESULTS_5D|SWITCH_CATALOG,True,True,False,True,False,True,D,WT_TF_D_ENABLED,30.0,True,-702.4705710633482,-700.600675255393,-1.8698958079552312,-21.149826231176245,1928,3.79,27.242471380255406,-0.05583108195236192,6df2ff2a6c7c3066a5dc2a22d2ff275372892214ebe8498705788b2bb38e3da6,5fa4518567875330de4432f46cc0ddcc754393e7ff5dc560d343663caa0b0596,True,,"{""BACKTEST_VALIDATED_GATES_TRADIER"":false,""BASE_TF"":""5m"",""COMBINED_STOCH_GATE_TRADIER"":100.0,""COOLDOWN_BARS"":0,""COOLDOWN_BARS_TRADIER"":0,""DELTA_ENGINE_ENABLED"":true,""DELTA_MAX_HOLD_BARS"":1,""D_TREND_REQUIRED"":false,""HTF_ALIGNMENT_ENABLED"":false,""K3M_FLOOR"":0.0,""KINDERGARTEN_EMA_GATE_ENABLED"":false,""K_ZONE_ENTRY_ENABLED_TRADIER"":false,""MFI_ENTRY_ENABLED"":false,""MIN_HOLD_BARS"":0,""MIN_HOLD_BARS_BEFORE_EXIT"":0,""MIN_HOLD_MINUTES_TRADIER"":0.0,""MTF_ARMED_WT_DIRECTION_SUSPEND_ENABLED"":false,""RSI_ENTRY_LONG_TRADIER"":30.0,""RSI_ENTRY_SHORT_TRADIER"":-1.0,""START_POSITION_SIZE"":10000.0,""STOCH_CROSS_ENTRY_TRADIER"":false,""TRADIER_ENTRY_SCORE_THRESHOLD"":0,""WT_COMPOSITE_SCORING_ENABLED_TRADIER"":false,""WT_DC_HTF_GATE"":""none"",""WT_TF_15M_ENABLED"":false,""WT_TF_1H_ENABLED"":false,""WT_TF_4H_ENABLED"":false,""WT_TF_5M_ENABLED"":false,""WT_TF_D_ENABLED"":true}"
RSI_ENTRY_LONG_TRADIER,STRATEGY_CAUSAL,declared strategy/catalog/live-path setting,PASS,all applicable values/timeframes change real execution uniquely,ENGINE_AUTO_WIRED|ENTRY|QUICK_CONFIG|RECENT_5D,DISCONNECTED_LIVE_PATHS|ENGINE_AUTO_WIRED|QUICK_CONFIG|RECENT_RESULTS_5D|SWITCH_CATALOG,True,True,False,True,False,True,D,WT_TF_D_ENABLED,50.0,True,-701.6242440726153,-700.600675255393,-1.0235688172223263,-20.30349924044328,2875,5.64,23.611159868968425,-0.04961140339957454,ffe08e3072d43bfcdd631014743b8fe28cd37de0f7ede4c28b49a7f654c0aca4,5fa4518567875330de4432f46cc0ddcc754393e7ff5dc560d343663caa0b0596,True,,"{""BACKTEST_VALIDATED_GATES_TRADIER"":false,""BASE_TF"":""5m"",""COMBINED_STOCH_GATE_TRADIER"":100.0,""COOLDOWN_BARS"":0,""COOLDOWN_BARS_TRADIER"":0,""DELTA_ENGINE_ENABLED"":true,""DELTA_MAX_HOLD_BARS"":1,""D_TREND_REQUIRED"":false,""HTF_ALIGNMENT_ENABLED"":false,""K3M_FLOOR"":0.0,""KINDERGARTEN_EMA_GATE_ENABLED"":false,""K_ZONE_ENTRY_ENABLED_TRADIER"":false,""MFI_ENTRY_ENABLED"":false,""MIN_HOLD_BARS"":0,""MIN_HOLD_BARS_BEFORE_EXIT"":0,""MIN_HOLD_MINUTES_TRADIER"":0.0,""MTF_ARMED_WT_DIRECTION_SUSPEND_ENABLED"":false,""RSI_ENTRY_LONG_TRADIER"":50.0,""RSI_ENTRY_SHORT_TRADIER"":-1.0,""START_POSITION_SIZE"":10000.0,""STOCH_CROSS_ENTRY_TRADIER"":false,""TRADIER_ENTRY_SCORE_THRESHOLD"":0,""WT_COMPOSITE_SCORING_ENABLED_TRADIER"":false,""WT_DC_HTF_GATE"":""none"",""WT_TF_15M_ENABLED"":false,""WT_TF_1H_ENABLED"":false,""WT_TF_4H_ENABLED"":false,""WT_TF_5M_ENABLED"":false,""WT_TF_D_ENABLED"":true}"
RSI_ENTRY_LONG_TRADIER,STRATEGY_CAUSAL,declared strategy/catalog/live-path setting,PASS,all applicable values/timeframes change real execution uniquely,ENGINE_AUTO_WIRED|ENTRY|QUICK_CONFIG|RECENT_5D,DISCONNECTED_LIVE_PATHS|ENGINE_AUTO_WIRED|QUICK_CONFIG|RECENT_RESULTS_5D|SWITCH_CATALOG,True,True,False,True,False,True,D,WT_TF_D_ENABLED,60.0,True,-702.2588102595944,-700.600675255393,-1.6581350042014265,-20.938065427422455,3590,7.05,24.444895915106333,-0.039322083556407816,a490118b3b29fdea934bee216477409498ff2dd857a9aad246be777c026bef9d,5fa4518567875330de4432f46cc0ddcc754393e7ff5dc560d343663caa0b0596,True,,"{""BACKTEST_VALIDATED_GATES_TRADIER"":false,""BASE_TF"":""5m"",""COMBINED_STOCH_GATE_TRADIER"":100.0,""COOLDOWN_BARS"":0,""COOLDOWN_BARS_TRADIER"":0,""DELTA_ENGINE_ENABLED"":true,""DELTA_MAX_HOLD_BARS"":1,""D_TREND_REQUIRED"":false,""HTF_ALIGNMENT_ENABLED"":false,""K3M_FLOOR"":0.0,""KINDERGARTEN_EMA_GATE_ENABLED"":false,""K_ZONE_ENTRY_ENABLED_TRADIER"":false,""MFI_ENTRY_ENABLED"":false,""MIN_HOLD_BARS"":0,""MIN_HOLD_BARS_BEFORE_EXIT"":0,""MIN_HOLD_MINUTES_TRADIER"":0.0,""MTF_ARMED_WT_DIRECTION_SUSPEND_ENABLED"":false,""RSI_ENTRY_LONG_TRADIER"":60.0,""RSI_ENTRY_SHORT_TRADIER"":-1.0,""START_POSITION_SIZE"":10000.0,""STOCH_CROSS_ENTRY_TRADIER"":false,""TRADIER_ENTRY_SCORE_THRESHOLD"":0,""WT_COMPOSITE_SCORING_ENABLED_TRADIER"":false,""WT_DC_HTF_GATE"":""none"",""WT_TF_15M_ENABLED"":false,""WT_TF_1H_ENABLED"":false,""WT_TF_4H_ENABLED"":false,""WT_TF_5M_ENABLED"":false,""WT_TF_D_ENABLED"":true}"
RSI_ENTRY_SHORT_TRADIER,STRATEGY_CAUSAL,declared strategy/catalog/live-path setting,SIDE_NA,RSI_ENTRY_SHORT_TRADIER is an exact SHORT-side gate; it cannot alter a MU_LONG ledger,ENGINE_AUTO_WIRED|ENTRY|QUICK_CONFIG|RECENT_5D,DISCONNECTED_LIVE_PATHS|ENGINE_AUTO_WIRED|QUICK_CONFIG|RECENT_RESULTS_5D|SWITCH_CATALOG,True,True,False,False,False,True,5m,WT_TF_5M_ENABLED,58.0,False,-645.1424579636492,-645.1424579636492,0.0,36.1782868685227,6809,13.37,10.169096024064423,0.06806815349857726,0a9f4c0afe24497c41539c0f77fc0329b73d17678db18fdf4e220712cac94bb3,0a9f4c0afe24497c41539c0f77fc0329b73d17678db18fdf4e220712cac94bb3,True,,"{""BACKTEST_VALIDATED_GATES_TRADIER"":false,""BASE_TF"":""5m"",""COMBINED_STOCH_GATE_TRADIER"":100.0,""COOLDOWN_BARS"":0,""COOLDOWN_BARS_TRADIER"":0,""DELTA_ENGINE_ENABLED"":true,""DELTA_MAX_HOLD_BARS"":1,""D_TREND_REQUIRED"":false,""HTF_ALIGNMENT_ENABLED"":false,""K3M_FLOOR"":0.0,""KINDERGARTEN_EMA_GATE_ENABLED"":false,""K_ZONE_ENTRY_ENABLED_TRADIER"":false,""MFI_ENTRY_ENABLED"":false,""MIN_HOLD_BARS"":0,""MIN_HOLD_BARS_BEFORE_EXIT"":0,""MIN_HOLD_MINUTES_TRADIER"":0.0,""MTF_ARMED_WT_DIRECTION_SUSPEND_ENABLED"":false,""RSI_ENTRY_LONG_TRADIER"":101.0,""RSI_ENTRY_SHORT_TRADIER"":58.0,""START_POSITION_SIZE"":10000.0,""STOCH_CROSS_ENTRY_TRADIER"":false,""TRADIER_ENTRY_SCORE_THRESHOLD"":0,""WT_COMPOSITE_SCORING_ENABLED_TRADIER"":false,""WT_DC_HTF_GATE"":""none"",""WT_TF_15M_ENABLED"":false,""WT_TF_1H_ENABLED"":false,""WT_TF_4H_ENABLED"":false,""WT_TF_5M_ENABLED"":true,""WT_TF_D_ENABLED"":false}"
RSI_ENTRY_SHORT_TRADIER,STRATEGY_CAUSAL,declared strategy/catalog/live-path setting,SIDE_NA,RSI_ENTRY_SHORT_TRADIER is an exact SHORT-side gate; it cannot alter a MU_LONG ledger,ENGINE_AUTO_WIRED|ENTRY|QUICK_CONFIG|RECENT_5D,DISCONNECTED_LIVE_PATHS|ENGINE_AUTO_WIRED|QUICK_CONFIG|RECENT_RESULTS_5D|SWITCH_CATALOG,True,True,False,False,False,True,5m,WT_TF_5M_ENABLED,29.0,False,-645.1424579636492,-645.1424579636492,0.0,36.1782868685227,6809,13.37,10.169096024064423,0.06806815349857726,0a9f4c0afe24497c41539c0f77fc0329b73d17678db18fdf4e220712cac94bb3,0a9f4c0afe24497c41539c0f77fc0329b73d17678db18fdf4e220712cac94bb3,True,,"{""BACKTEST_VALIDATED_GATES_TRADIER"":false,""BASE_TF"":""5m"",""COMBINED_STOCH_GATE_TRADIER"":100.0,""COOLDOWN_BARS"":0,""COOLDOWN_BARS_TRADIER"":0,""DELTA_ENGINE_ENABLED"":true,""DELTA_MAX_HOLD_BARS"":1,""D_TREND_REQUIRED"":false,""HTF_ALIGNMENT_ENABLED"":false,""K3M_FLOOR"":0.0,""KINDERGARTEN_EMA_GATE_ENABLED"":false,""K_ZONE_ENTRY_ENABLED_TRADIER"":false,""MFI_ENTRY_ENABLED"":false,""MIN_HOLD_BARS"":0,""MIN_HOLD_BARS_BEFORE_EXIT"":0,""MIN_HOLD_MINUTES_TRADIER"":0.0,""MTF_ARMED_WT_DIRECTION_SUSPEND_ENABLED"":false,""RSI_ENTRY_LONG_TRADIER"":101.0,""RSI_ENTRY_SHORT_TRADIER"":29.0,""START_POSITION_SIZE"":10000.0,""STOCH_CROSS_ENTRY_TRADIER"":false,""TRADIER_ENTRY_SCORE_THRESHOLD"":0,""WT_COMPOSITE_SCORING_ENABLED_TRADIER"":false,""WT_DC_HTF_GATE"":""none"",""WT_TF_15M_ENABLED"":false,""WT_TF_1H_ENABLED"":false,""WT_TF_4H_ENABLED"":false,""WT_TF_5M_ENABLED"":true,""WT_TF_D_ENABLED"":false}"
RSI_ENTRY_SHORT_TRADIER,STRATEGY_CAUSAL,declared strategy/catalog/live-path setting,SIDE_NA,RSI_ENTRY_SHORT_TRADIER is an exact SHORT-side gate; it cannot alter a MU_LONG ledger,ENGINE_AUTO_WIRED|ENTRY|QUICK_CONFIG|RECENT_5D,DISCONNECTED_LIVE_PATHS|ENGINE_AUTO_WIRED|QUICK_CONFIG|RECENT_RESULTS_5D|SWITCH_CATALOG,True,True,False,False,False,True,5m,WT_TF_5M_ENABLED,43.5,False,-645.1424579636492,-645.1424579636492,0.0,36.1782868685227,6809,13.37,10.169096024064423,0.06806815349857726,0a9f4c0afe24497c41539c0f77fc0329b73d17678db18fdf4e220712cac94bb3,0a9f4c0afe24497c41539c0f77fc0329b73d17678db18fdf4e220712cac94bb3,True,,"{""BACKTEST_VALIDATED_GATES_TRADIER"":false,""BASE_TF"":""5m"",""COMBINED_STOCH_GATE_TRADIER"":100.0,""COOLDOWN_BARS"":0,""COOLDOWN_BARS_TRADIER"":0,""DELTA_ENGINE_ENABLED"":true,""DELTA_MAX_HOLD_BARS"":1,""D_TREND_REQUIRED"":false,""HTF_ALIGNMENT_ENABLED"":false,""K3M_FLOOR"":0.0,""KINDERGARTEN_EMA_GATE_ENABLED"":false,""K_ZONE_ENTRY_ENABLED_TRADIER"":false,""MFI_ENTRY_ENABLED"":false,""MIN_HOLD_BARS"":0,""MIN_HOLD_BARS_BEFORE_EXIT"":0,""MIN_HOLD_MINUTES_TRADIER"":0.0,""MTF_ARMED_WT_DIRECTION_SUSPEND_ENABLED"":false,""RSI_ENTRY_LONG_TRADIER"":101.0,""RSI_ENTRY_SHORT_TRADIER"":43.5,""START_POSITION_SIZE"":10000.0,""STOCH_CROSS_ENTRY_TRADIER"":false,""TRADIER_ENTRY_SCORE_THRESHOLD"":0,""WT_COMPOSITE_SCORING_ENABLED_TRADIER"":false,""WT_DC_HTF_GATE"":""none"",""WT_TF_15M_ENABLED"":false,""WT_TF_1H_ENABLED"":false,""WT_TF_4H_ENABLED"":false,""WT_TF_5M_ENABLED"":true,""WT_TF_D_ENABLED"":false}"
RSI_ENTRY_SHORT_TRADIER,STRATEGY_CAUSAL,declared strategy/catalog/live-path setting,SIDE_NA,RSI_ENTRY_SHORT_TRADIER is an exact SHORT-side gate; it cannot alter a MU_LONG ledger,ENGINE_AUTO_WIRED|ENTRY|QUICK_CONFIG|RECENT_5D,DISCONNECTED_LIVE_PATHS|ENGINE_AUTO_WIRED|QUICK_CONFIG|RECENT_RESULTS_5D|SWITCH_CATALOG,True,True,False,False,False,True,5m,WT_TF_5M_ENABLED,72.5,False,-645.1424579636492,-645.1424579636492,0.0,36.1782868685227,6809,13.37,10.169096024064423,0.06806815349857726,0a9f4c0afe24497c41539c0f77fc0329b73d17678db18fdf4e220712cac94bb3,0a9f4c0afe24497c41539c0f77fc0329b73d17678db18fdf4e220712cac94bb3,True,,"{""BACKTEST_VALIDATED_GATES_TRADIER"":false,""BASE_TF"":""5m"",""COMBINED_STOCH_GATE_TRADIER"":100.0,""COOLDOWN_BARS"":0,""COOLDOWN_BARS_TRADIER"":0,""DELTA_ENGINE_ENABLED"":true,""DELTA_MAX_HOLD_BARS"":1,""D_TREND_REQUIRED"":false,""HTF_ALIGNMENT_ENABLED"":false,""K3M_FLOOR"":0.0,""KINDERGARTEN_EMA_GATE_ENABLED"":false,""K_ZONE_ENTRY_ENABLED_TRADIER"":false,""MFI_ENTRY_ENABLED"":false,""MIN_HOLD_BARS"":0,""MIN_HOLD_BARS_BEFORE_EXIT"":0,""MIN_HOLD_MINUTES_TRADIER"":0.0,""MTF_ARMED_WT_DIRECTION_SUSPEND_ENABLED"":false,""RSI_ENTRY_LONG_TRADIER"":101.0,""RSI_ENTRY_SHORT_TRADIER"":72.5,""START_POSITION_SIZE"":10000.0,""STOCH_CROSS_ENTRY_TRADIER"":false,""TRADIER_ENTRY_SCORE_THRESHOLD"":0,""WT_COMPOSITE_SCORING_ENABLED_TRADIER"":false,""WT_DC_HTF_GATE"":""none"",""WT_TF_15M_ENABLED"":false,""WT_TF_1H_ENABLED"":false,""WT_TF_4H_ENABLED"":false,""WT_TF_5M_ENABLED"":true,""WT_TF_D_ENABLED"":false}"
RSI_ENTRY_SHORT_TRADIER,STRATEGY_CAUSAL,declared strategy/catalog/live-path setting,SIDE_NA,RSI_ENTRY_SHORT_TRADIER is an exact SHORT-side gate; it cannot alter a MU_LONG ledger,ENGINE_AUTO_WIRED|ENTRY|QUICK_CONFIG|RECENT_5D,DISCONNECTED_LIVE_PATHS|ENGINE_AUTO_WIRED|QUICK_CONFIG|RECENT_RESULTS_5D|SWITCH_CATALOG,True,True,False,False,False,True,5m,WT_TF_5M_ENABLED,87.0,False,-645.1424579636492,-645.1424579636492,0.0,36.1782868685227,6809,13.37,10.169096024064423,0.06806815349857726,0a9f4c0afe24497c41539c0f77fc0329b73d17678db18fdf4e220712cac94bb3,0a9f4c0afe24497c41539c0f77fc0329b73d17678db18fdf4e220712cac94bb3,True,,"{""BACKTEST_VALIDATED_GATES_TRADIER"":false,""BASE_TF"":""5m"",""COMBINED_STOCH_GATE_TRADIER"":100.0,""COOLDOWN_BARS"":0,""COOLDOWN_BARS_TRADIER"":0,""DELTA_ENGINE_ENABLED"":true,""DELTA_MAX_HOLD_BARS"":1,""D_TREND_REQUIRED"":false,""HTF_ALIGNMENT_ENABLED"":false,""K3M_FLOOR"":0.0,""KINDERGARTEN_EMA_GATE_ENABLED"":false,""K_ZONE_ENTRY_ENABLED_TRADIER"":false,""MFI_ENTRY_ENABLED"":false,""MIN_HOLD_BARS"":0,""MIN_HOLD_BARS_BEFORE_EXIT"":0,""MIN_HOLD_MINUTES_TRADIER"":0.0,""MTF_ARMED_WT_DIRECTION_SUSPEND_ENABLED"":false,""RSI_ENTRY_LONG_TRADIER"":101.0,""RSI_ENTRY_SHORT_TRADIER"":87.0,""START_POSITION_SIZE"":10000.0,""STOCH_CROSS_ENTRY_TRADIER"":false,""TRADIER_ENTRY_SCORE_THRESHOLD"":0,""WT_COMPOSITE_SCORING_ENABLED_TRADIER"":false,""WT_DC_HTF_GATE"":""none"",""WT_TF_15M_ENABLED"":false,""WT_TF_1H_ENABLED"":false,""WT_TF_4H_ENABLED"":false,""WT_TF_5M_ENABLED"":true,""WT_TF_D_ENABLED"":false}"
RSI_ENTRY_SHORT_TRADIER,STRATEGY_CAUSAL,declared strategy/catalog/live-path setting,SIDE_NA,RSI_ENTRY_SHORT_TRADIER is an exact SHORT-side gate; it cannot alter a MU_LONG ledger,ENGINE_AUTO_WIRED|ENTRY|QUICK_CONFIG|RECENT_5D,DISCONNECTED_LIVE_PATHS|ENGINE_AUTO_WIRED|QUICK_CONFIG|RECENT_RESULTS_5D|SWITCH_CATALOG,True,True,False,False,False,True,5m,WT_TF_5M_ENABLED,58.1,False,-645.1424579636492,-645.1424579636492,0.0,36.1782868685227,6809,13.37,10.169096024064423,0.06806815349857726,0a9f4c0afe24497c41539c0f77fc0329b73d17678db18fdf4e220712cac94bb3,0a9f4c0afe24497c41539c0f77fc0329b73d17678db18fdf4e220712cac94bb3,True,,"{""BACKTEST_VALIDATED_GATES_TRADIER"":false,""BASE_TF"":""5m"",""COMBINED_STOCH_GATE_TRADIER"":100.0,""COOLDOWN_BARS"":0,""COOLDOWN_BARS_TRADIER"":0,""DELTA_ENGINE_ENABLED"":true,""DELTA_MAX_HOLD_BARS"":1,""D_TREND_REQUIRED"":false,""HTF_ALIGNMENT_ENABLED"":false,""K3M_FLOOR"":0.0,""KINDERGARTEN_EMA_GATE_ENABLED"":false,""K_ZONE_ENTRY_ENABLED_TRADIER"":false,""MFI_ENTRY_ENABLED"":false,""MIN_HOLD_BARS"":0,""MIN_HOLD_BARS_BEFORE_EXIT"":0,""MIN_HOLD_MINUTES_TRADIER"":0.0,""MTF_ARMED_WT_DIRECTION_SUSPEND_ENABLED"":false,""RSI_ENTRY_LONG_TRADIER"":101.0,""RSI_ENTRY_SHORT_TRADIER"":58.1,""START_POSITION_SIZE"":10000.0,""STOCH_CROSS_ENTRY_TRADIER"":false,""TRADIER_ENTRY_SCORE_THRESHOLD"":0,""WT_COMPOSITE_SCORING_ENABLED_TRADIER"":false,""WT_DC_HTF_GATE"":""none"",""WT_TF_15M_ENABLED"":false,""WT_TF_1H_ENABLED"":false,""WT_TF_4H_ENABLED"":false,""WT_TF_5M_ENABLED"":true,""WT_TF_D_ENABLED"":false}"
RSI_ENTRY_SHORT_TRADIER,STRATEGY_CAUSAL,declared strategy/catalog/live-path setting,SIDE_NA,RSI_ENTRY_SHORT_TRADIER is an exact SHORT-side gate; it cannot alter a MU_LONG ledger,ENGINE_AUTO_WIRED|ENTRY|QUICK_CONFIG|RECENT_5D,DISCONNECTED_LIVE_PATHS|ENGINE_AUTO_WIRED|QUICK_CONFIG|RECENT_RESULTS_5D|SWITCH_CATALOG,True,True,False,False,False,True,15m,WT_TF_15M_ENABLED,58.0,False,-691.0594816375112,-691.0594816375112,0.0,-9.73873680533928,5695,11.18,15.390936771501154,-0.004392038409548673,b284252124f59f28b93f7bee5465e722c6cc40bb83fd3739ca3279553f1aa8b4,b284252124f59f28b93f7bee5465e722c6cc40bb83fd3739ca3279553f1aa8b4,True,,"{""BACKTEST_VALIDATED_GATES_TRADIER"":false,""BASE_TF"":""5m"",""COMBINED_STOCH_GATE_TRADIER"":100.0,""COOLDOWN_BARS"":0,""COOLDOWN_BARS_TRADIER"":0,""DELTA_ENGINE_ENABLED"":true,""DELTA_MAX_HOLD_BARS"":1,""D_TREND_REQUIRED"":false,""HTF_ALIGNMENT_ENABLED"":false,""K3M_FLOOR"":0.0,""KINDERGARTEN_EMA_GATE_ENABLED"":false,""K_ZONE_ENTRY_ENABLED_TRADIER"":false,""MFI_ENTRY_ENABLED"":false,""MIN_HOLD_BARS"":0,""MIN_HOLD_BARS_BEFORE_EXIT"":0,""MIN_HOLD_MINUTES_TRADIER"":0.0,""MTF_ARMED_WT_DIRECTION_SUSPEND_ENABLED"":false,""RSI_ENTRY_LONG_TRADIER"":101.0,""RSI_ENTRY_SHORT_TRADIER"":58.0,""START_POSITION_SIZE"":10000.0,""STOCH_CROSS_ENTRY_TRADIER"":false,""TRADIER_ENTRY_SCORE_THRESHOLD"":0,""WT_COMPOSITE_SCORING_ENABLED_TRADIER"":false,""WT_DC_HTF_GATE"":""none"",""WT_TF_15M_ENABLED"":true,""WT_TF_1H_ENABLED"":false,""WT_TF_4H_ENABLED"":false,""WT_TF_5M_ENABLED"":false,""WT_TF_D_ENABLED"":false}"
RSI_ENTRY_SHORT_TRADIER,STRATEGY_CAUSAL,declared strategy/catalog/live-path setting,SIDE_NA,RSI_ENTRY_SHORT_TRADIER is an exact SHORT-side gate; it cannot alter a MU_LONG ledger,ENGINE_AUTO_WIRED|ENTRY|QUICK_CONFIG|RECENT_5D,DISCONNECTED_LIVE_PATHS|ENGINE_AUTO_WIRED|QUICK_CONFIG|RECENT_RESULTS_5D|SWITCH_CATALOG,True,True,False,False,False,True,15m,WT_TF_15M_ENABLED,29.0,False,-691.0594816375112,-691.0594816375112,0.0,-9.73873680533928,5695,11.18,15.390936771501154,-0.004392038409548673,b284252124f59f28b93f7bee5465e722c6cc40bb83fd3739ca3279553f1aa8b4,b284252124f59f28b93f7bee5465e722c6cc40bb83fd3739ca3279553f1aa8b4,True,,"{""BACKTEST_VALIDATED_GATES_TRADIER"":false,""BASE_TF"":""5m"",""COMBINED_STOCH_GATE_TRADIER"":100.0,""COOLDOWN_BARS"":0,""COOLDOWN_BARS_TRADIER"":0,""DELTA_ENGINE_ENABLED"":true,""DELTA_MAX_HOLD_BARS"":1,""D_TREND_REQUIRED"":false,""HTF_ALIGNMENT_ENABLED"":false,""K3M_FLOOR"":0.0,""KINDERGARTEN_EMA_GATE_ENABLED"":false,""K_ZONE_ENTRY_ENABLED_TRADIER"":false,""MFI_ENTRY_ENABLED"":false,""MIN_HOLD_BARS"":0,""MIN_HOLD_BARS_BEFORE_EXIT"":0,""MIN_HOLD_MINUTES_TRADIER"":0.0,""MTF_ARMED_WT_DIRECTION_SUSPEND_ENABLED"":false,""RSI_ENTRY_LONG_TRADIER"":101.0,""RSI_ENTRY_SHORT_TRADIER"":29.0,""START_POSITION_SIZE"":10000.0,""STOCH_CROSS_ENTRY_TRADIER"":false,""TRADIER_ENTRY_SCORE_THRESHOLD"":0,""WT_COMPOSITE_SCORING_ENABLED_TRADIER"":false,""WT_DC_HTF_GATE"":""none"",""WT_TF_15M_ENABLED"":true,""WT_TF_1H_ENABLED"":false,""WT_TF_4H_ENABLED"":false,""WT_TF_5M_ENABLED"":false,""WT_TF_D_ENABLED"":false}"
RSI_ENTRY_SHORT_TRADIER,STRATEGY_CAUSAL,declared strategy/catalog/live-path setting,SIDE_NA,RSI_ENTRY_SHORT_TRADIER is an exact SHORT-side gate; it cannot alter a MU_LONG ledger,ENGINE_AUTO_WIRED|ENTRY|QUICK_CONFIG|RECENT_5D,DISCONNECTED_LIVE_PATHS|ENGINE_AUTO_WIRED|QUICK_CONFIG|RECENT_RESULTS_5D|SWITCH_CATALOG,True,True,False,False,False,True,15m,WT_TF_15M_ENABLED,43.5,False,-691.0594816375112,-691.0594816375112,0.0,-9.73873680533928,5695,11.18,15.390936771501154,-0.004392038409548673,b284252124f59f28b93f7bee5465e722c6cc40bb83fd3739ca3279553f1aa8b4,b284252124f59f28b93f7bee5465e722c6cc40bb83fd3739ca3279553f1aa8b4,True,,"{""BACKTEST_VALIDATED_GATES_TRADIER"":false,""BASE_TF"":""5m"",""COMBINED_STOCH_GATE_TRADIER"":100.0,""COOLDOWN_BARS"":0,""COOLDOWN_BARS_TRADIER"":0,""DELTA_ENGINE_ENABLED"":true,""DELTA_MAX_HOLD_BARS"":1,""D_TREND_REQUIRED"":false,""HTF_ALIGNMENT_ENABLED"":false,""K3M_FLOOR"":0.0,""KINDERGARTEN_EMA_GATE_ENABLED"":false,""K_ZONE_ENTRY_ENABLED_TRADIER"":false,""MFI_ENTRY_ENABLED"":false,""MIN_HOLD_BARS"":0,""MIN_HOLD_BARS_BEFORE_EXIT"":0,""MIN_HOLD_MINUTES_TRADIER"":0.0,""MTF_ARMED_WT_DIRECTION_SUSPEND_ENABLED"":false,""RSI_ENTRY_LONG_TRADIER"":101.0,""RSI_ENTRY_SHORT_TRADIER"":43.5,""START_POSITION_SIZE"":10000.0,""STOCH_CROSS_ENTRY_TRADIER"":false,""TRADIER_ENTRY_SCORE_THRESHOLD"":0,""WT_COMPOSITE_SCORING_ENABLED_TRADIER"":false,""WT_DC_HTF_GATE"":""none"",""WT_TF_15M_ENABLED"":true,""WT_TF_1H_ENABLED"":false,""WT_TF_4H_ENABLED"":false,""WT_TF_5M_ENABLED"":false,""WT_TF_D_ENABLED"":false}"
RSI_ENTRY_SHORT_TRADIER,STRATEGY_CAUSAL,declared strategy/catalog/live-path setting,SIDE_NA,RSI_ENTRY_SHORT_TRADIER is an exact SHORT-side gate; it cannot alter a MU_LONG ledger,ENGINE_AUTO_WIRED|ENTRY|QUICK_CONFIG|RECENT_5D,DISCONNECTED_LIVE_PATHS|ENGINE_AUTO_WIRED|QUICK_CONFIG|RECENT_RESULTS_5D|SWITCH_CATALOG,True,True,False,False,False,True,15m,WT_TF_15M_ENABLED,72.5,False,-691.0594816375112,-691.0594816375112,0.0,-9.73873680533928,5695,11.18,15.390936771501154,-0.004392038409548673,b284252124f59f28b93f7bee5465e722c6cc40bb83fd3739ca3279553f1aa8b4,b284252124f59f28b93f7bee5465e722c6cc40bb83fd3739ca3279553f1aa8b4,True,,"{""BACKTEST_VALIDATED_GATES_TRADIER"":false,""BASE_TF"":""5m"",""COMBINED_STOCH_GATE_TRADIER"":100.0,""COOLDOWN_BARS"":0,""COOLDOWN_BARS_TRADIER"":0,""DELTA_ENGINE_ENABLED"":true,""DELTA_MAX_HOLD_BARS"":1,""D_TREND_REQUIRED"":false,""HTF_ALIGNMENT_ENABLED"":false,""K3M_FLOOR"":0.0,""KINDERGARTEN_EMA_GATE_ENABLED"":false,""K_ZONE_ENTRY_ENABLED_TRADIER"":false,""MFI_ENTRY_ENABLED"":false,""MIN_HOLD_BARS"":0,""MIN_HOLD_BARS_BEFORE_EXIT"":0,""MIN_HOLD_MINUTES_TRADIER"":0.0,""MTF_ARMED_WT_DIRECTION_SUSPEND_ENABLED"":false,""RSI_ENTRY_LONG_TRADIER"":101.0,""RSI_ENTRY_SHORT_TRADIER"":72.5,""START_POSITION_SIZE"":10000.0,""STOCH_CROSS_ENTRY_TRADIER"":false,""TRADIER_ENTRY_SCORE_THRESHOLD"":0,""WT_COMPOSITE_SCORING_ENABLED_TRADIER"":false,""WT_DC_HTF_GATE"":""none"",""WT_TF_15M_ENABLED"":true,""WT_TF_1H_ENABLED"":false,""WT_TF_4H_ENABLED"":false,""WT_TF_5M_ENABLED"":false,""WT_TF_D_ENABLED"":false}"
RSI_ENTRY_SHORT_TRADIER,STRATEGY_CAUSAL,declared strategy/catalog/live-path setting,SIDE_NA,RSI_ENTRY_SHORT_TRADIER is an exact SHORT-side gate; it cannot alter a MU_LONG ledger,ENGINE_AUTO_WIRED|ENTRY|QUICK_CONFIG|RECENT_5D,DISCONNECTED_LIVE_PATHS|ENGINE_AUTO_WIRED|QUICK_CONFIG|RECENT_RESULTS_5D|SWITCH_CATALOG,True,True,False,False,False,True,15m,WT_TF_15M_ENABLED,87.0,False,-691.0594816375112,-691.0594816375112,0.0,-9.73873680533928,5695,11.18,15.390936771501154,-0.004392038409548673,b284252124f59f28b93f7bee5465e722c6cc40bb83fd3739ca3279553f1aa8b4,b284252124f59f28b93f7bee5465e722c6cc40bb83fd3739ca3279553f1aa8b4,True,,"{""BACKTEST_VALIDATED_GATES_TRADIER"":false,""BASE_TF"":""5m"",""COMBINED_STOCH_GATE_TRADIER"":100.0,""COOLDOWN_BARS"":0,""COOLDOWN_BARS_TRADIER"":0,""DELTA_ENGINE_ENABLED"":true,""DELTA_MAX_HOLD_BARS"":1,""D_TREND_REQUIRED"":false,""HTF_ALIGNMENT_ENABLED"":false,""K3M_FLOOR"":0.0,""KINDERGARTEN_EMA_GATE_ENABLED"":false,""K_ZONE_ENTRY_ENABLED_TRADIER"":false,""MFI_ENTRY_ENABLED"":false,""MIN_HOLD_BARS"":0,""MIN_HOLD_BARS_BEFORE_EXIT"":0,""MIN_HOLD_MINUTES_TRADIER"":0.0,""MTF_ARMED_WT_DIRECTION_SUSPEND_ENABLED"":false,""RSI_ENTRY_LONG_TRADIER"":101.0,""RSI_ENTRY_SHORT_TRADIER"":87.0,""START_POSITION_SIZE"":10000.0,""STOCH_CROSS_ENTRY_TRADIER"":false,""TRADIER_ENTRY_SCORE_THRESHOLD"":0,""WT_COMPOSITE_SCORING_ENABLED_TRADIER"":false,""WT_DC_HTF_GATE"":""none"",""WT_TF_15M_ENABLED"":true,""WT_TF_1H_ENABLED"":false,""WT_TF_4H_ENABLED"":false,""WT_TF_5M_ENABLED"":false,""WT_TF_D_ENABLED"":false}"
RSI_ENTRY_SHORT_TRADIER,STRATEGY_CAUSAL,declared strategy/catalog/live-path setting,SIDE_NA,RSI_ENTRY_SHORT_TRADIER is an exact SHORT-side gate; it cannot alter a MU_LONG ledger,ENGINE_AUTO_WIRED|ENTRY|QUICK_CONFIG|RECENT_5D,DISCONNECTED_LIVE_PATHS|ENGINE_AUTO_WIRED|QUICK_CONFIG|RECENT_RESULTS_5D|SWITCH_CATALOG,True,True,False,False,False,True,15m,WT_TF_15M_ENABLED,58.1,False,-691.0594816375112,-691.0594816375112,0.0,-9.73873680533928,5695,11.18,15.390936771501154,-0.004392038409548673,b284252124f59f28b93f7bee5465e722c6cc40bb83fd3739ca3279553f1aa8b4,b284252124f59f28b93f7bee5465e722c6cc40bb83fd3739ca3279553f1aa8b4,True,,"{""BACKTEST_VALIDATED_GATES_TRADIER"":false,""BASE_TF"":""5m"",""COMBINED_STOCH_GATE_TRADIER"":100.0,""COOLDOWN_BARS"":0,""COOLDOWN_BARS_TRADIER"":0,""DELTA_ENGINE_ENABLED"":true,""DELTA_MAX_HOLD_BARS"":1,""D_TREND_REQUIRED"":false,""HTF_ALIGNMENT_ENABLED"":false,""K3M_FLOOR"":0.0,""KINDERGARTEN_EMA_GATE_ENABLED"":false,""K_ZONE_ENTRY_ENABLED_TRADIER"":false,""MFI_ENTRY_ENABLED"":false,""MIN_HOLD_BARS"":0,""MIN_HOLD_BARS_BEFORE_EXIT"":0,""MIN_HOLD_MINUTES_TRADIER"":0.0,""MTF_ARMED_WT_DIRECTION_SUSPEND_ENABLED"":false,""RSI_ENTRY_LONG_TRADIER"":101.0,""RSI_ENTRY_SHORT_TRADIER"":58.1,""START_POSITION_SIZE"":10000.0,""STOCH_CROSS_ENTRY_TRADIER"":false,""TRADIER_ENTRY_SCORE_THRESHOLD"":0,""WT_COMPOSITE_SCORING_ENABLED_TRADIER"":false,""WT_DC_HTF_GATE"":""none"",""WT_TF_15M_ENABLED"":true,""WT_TF_1H_ENABLED"":false,""WT_TF_4H_ENABLED"":false,""WT_TF_5M_ENABLED"":false,""WT_TF_D_ENABLED"":false}"
RSI_ENTRY_SHORT_TRADIER,STRATEGY_CAUSAL,declared strategy/catalog/live-path setting,SIDE_NA,RSI_ENTRY_SHORT_TRADIER is an exact SHORT-side gate; it cannot alter a MU_LONG ledger,ENGINE_AUTO_WIRED|ENTRY|QUICK_CONFIG|RECENT_5D,DISCONNECTED_LIVE_PATHS|ENGINE_AUTO_WIRED|QUICK_CONFIG|RECENT_RESULTS_5D|SWITCH_CATALOG,True,True,False,False,False,True,1h,WT_TF_1H_ENABLED,58.0,False,-693.5042971374166,-693.5042971374166,0.0,-12.18355230524464,5392,10.59,16.36075866107798,-0.01595645568291649,f9ee99f22ddd44aa8ab516171c36e6baa4bbc52f6468ed0dc56a79a84600b18b,f9ee99f22ddd44aa8ab516171c36e6baa4bbc52f6468ed0dc56a79a84600b18b,True,,"{""BACKTEST_VALIDATED_GATES_TRADIER"":false,""BASE_TF"":""5m"",""COMBINED_STOCH_GATE_TRADIER"":100.0,""COOLDOWN_BARS"":0,""COOLDOWN_BARS_TRADIER"":0,""DELTA_ENGINE_ENABLED"":true,""DELTA_MAX_HOLD_BARS"":1,""D_TREND_REQUIRED"":false,""HTF_ALIGNMENT_ENABLED"":false,""K3M_FLOOR"":0.0,""KINDERGARTEN_EMA_GATE_ENABLED"":false,""K_ZONE_ENTRY_ENABLED_TRADIER"":false,""MFI_ENTRY_ENABLED"":false,""MIN_HOLD_BARS"":0,""MIN_HOLD_BARS_BEFORE_EXIT"":0,""MIN_HOLD_MINUTES_TRADIER"":0.0,""MTF_ARMED_WT_DIRECTION_SUSPEND_ENABLED"":false,""RSI_ENTRY_LONG_TRADIER"":101.0,""RSI_ENTRY_SHORT_TRADIER"":58.0,""START_POSITION_SIZE"":10000.0,""STOCH_CROSS_ENTRY_TRADIER"":false,""TRADIER_ENTRY_SCORE_THRESHOLD"":0,""WT_COMPOSITE_SCORING_ENABLED_TRADIER"":false,""WT_DC_HTF_GATE"":""none"",""WT_TF_15M_ENABLED"":false,""WT_TF_1H_ENABLED"":true,""WT_TF_4H_ENABLED"":false,""WT_TF_5M_ENABLED"":false,""WT_TF_D_ENABLED"":false}"
RSI_ENTRY_SHORT_TRADIER,STRATEGY_CAUSAL,declared strategy/catalog/live-path setting,SIDE_NA,RSI_ENTRY_SHORT_TRADIER is an exact SHORT-side gate; it cannot alter a MU_LONG ledger,ENGINE_AUTO_WIRED|ENTRY|QUICK_CONFIG|RECENT_5D,DISCONNECTED_LIVE_PATHS|ENGINE_AUTO_WIRED|QUICK_CONFIG|RECENT_RESULTS_5D|SWITCH_CATALOG,True,True,False,False,False,True,1h,WT_TF_1H_ENABLED,29.0,False,-693.5042971374166,-693.5042971374166,0.0,-12.18355230524464,5392,10.59,16.36075866107798,-0.01595645568291649,f9ee99f22ddd44aa8ab516171c36e6baa4bbc52f6468ed0dc56a79a84600b18b,f9ee99f22ddd44aa8ab516171c36e6baa4bbc52f6468ed0dc56a79a84600b18b,True,,"{""BACKTEST_VALIDATED_GATES_TRADIER"":false,""BASE_TF"":""5m"",""COMBINED_STOCH_GATE_TRADIER"":100.0,""COOLDOWN_BARS"":0,""COOLDOWN_BARS_TRADIER"":0,""DELTA_ENGINE_ENABLED"":true,""DELTA_MAX_HOLD_BARS"":1,""D_TREND_REQUIRED"":false,""HTF_ALIGNMENT_ENABLED"":false,""K3M_FLOOR"":0.0,""KINDERGARTEN_EMA_GATE_ENABLED"":false,""K_ZONE_ENTRY_ENABLED_TRADIER"":false,""MFI_ENTRY_ENABLED"":false,""MIN_HOLD_BARS"":0,""MIN_HOLD_BARS_BEFORE_EXIT"":0,""MIN_HOLD_MINUTES_TRADIER"":0.0,""MTF_ARMED_WT_DIRECTION_SUSPEND_ENABLED"":false,""RSI_ENTRY_LONG_TRADIER"":101.0,""RSI_ENTRY_SHORT_TRADIER"":29.0,""START_POSITION_SIZE"":10000.0,""STOCH_CROSS_ENTRY_TRADIER"":false,""TRADIER_ENTRY_SCORE_THRESHOLD"":0,""WT_COMPOSITE_SCORING_ENABLED_TRADIER"":false,""WT_DC_HTF_GATE"":""none"",""WT_TF_15M_ENABLED"":false,""WT_TF_1H_ENABLED"":true,""WT_TF_4H_ENABLED"":false,""WT_TF_5M_ENABLED"":false,""WT_TF_D_ENABLED"":false}"
RSI_ENTRY_SHORT_TRADIER,STRATEGY_CAUSAL,declared strategy/catalog/live-path setting,SIDE_NA,RSI_ENTRY_SHORT_TRADIER is an exact SHORT-side gate; it cannot alter a MU_LONG ledger,ENGINE_AUTO_WIRED|ENTRY|QUICK_CONFIG|RECENT_5D,DISCONNECTED_LIVE_PATHS|ENGINE_AUTO_WIRED|QUICK_CONFIG|RECENT_RESULTS_5D|SWITCH_CATALOG,True,True,False,False,False,True,1h,WT_TF_1H_ENABLED,43.5,False,-693.5042971374166,-693.5042971374166,0.0,-12.18355230524464,5392,10.59,16.36075866107798,-0.01595645568291649,f9ee99f22ddd44aa8ab516171c36e6baa4bbc52f6468ed0dc56a79a84600b18b,f9ee99f22ddd44aa8ab516171c36e6baa4bbc52f6468ed0dc56a79a84600b18b,True,,"{""BACKTEST_VALIDATED_GATES_TRADIER"":false,""BASE_TF"":""5m"",""COMBINED_STOCH_GATE_TRADIER"":100.0,""COOLDOWN_BARS"":0,""COOLDOWN_BARS_TRADIER"":0,""DELTA_ENGINE_ENABLED"":true,""DELTA_MAX_HOLD_BARS"":1,""D_TREND_REQUIRED"":false,""HTF_ALIGNMENT_ENABLED"":false,""K3M_FLOOR"":0.0,""KINDERGARTEN_EMA_GATE_ENABLED"":false,""K_ZONE_ENTRY_ENABLED_TRADIER"":false,""MFI_ENTRY_ENABLED"":false,""MIN_HOLD_BARS"":0,""MIN_HOLD_BARS_BEFORE_EXIT"":0,""MIN_HOLD_MINUTES_TRADIER"":0.0,""MTF_ARMED_WT_DIRECTION_SUSPEND_ENABLED"":false,""RSI_ENTRY_LONG_TRADIER"":101.0,""RSI_ENTRY_SHORT_TRADIER"":43.5,""START_POSITION_SIZE"":10000.0,""STOCH_CROSS_ENTRY_TRADIER"":false,""TRADIER_ENTRY_SCORE_THRESHOLD"":0,""WT_COMPOSITE_SCORING_ENABLED_TRADIER"":false,""WT_DC_HTF_GATE"":""none"",""WT_TF_15M_ENABLED"":false,""WT_TF_1H_ENABLED"":true,""WT_TF_4H_ENABLED"":false,""WT_TF_5M_ENABLED"":false,""WT_TF_D_ENABLED"":false}"
RSI_ENTRY_SHORT_TRADIER,STRATEGY_CAUSAL,declared strategy/catalog/live-path setting,SIDE_NA,RSI_ENTRY_SHORT_TRADIER is an exact SHORT-side gate; it cannot alter a MU_LONG ledger,ENGINE_AUTO_WIRED|ENTRY|QUICK_CONFIG|RECENT_5D,DISCONNECTED_LIVE_PATHS|ENGINE_AUTO_WIRED|QUICK_CONFIG|RECENT_RESULTS_5D|SWITCH_CATALOG,True,True,False,False,False,True,1h,WT_TF_1H_ENABLED,72.5,False,-693.5042971374166,-693.5042971374166,0.0,-12.18355230524464,5392,10.59,16.36075866107798,-0.01595645568291649,f9ee99f22ddd44aa8ab516171c36e6baa4bbc52f6468ed0dc56a79a84600b18b,f9ee99f22ddd44aa8ab516171c36e6baa4bbc52f6468ed0dc56a79a84600b18b,True,,"{""BACKTEST_VALIDATED_GATES_TRADIER"":false,""BASE_TF"":""5m"",""COMBINED_STOCH_GATE_TRADIER"":100.0,""COOLDOWN_BARS"":0,""COOLDOWN_BARS_TRADIER"":0,""DELTA_ENGINE_ENABLED"":true,""DELTA_MAX_HOLD_BARS"":1,""D_TREND_REQUIRED"":false,""HTF_ALIGNMENT_ENABLED"":false,""K3M_FLOOR"":0.0,""KINDERGARTEN_EMA_GATE_ENABLED"":false,""K_ZONE_ENTRY_ENABLED_TRADIER"":false,""MFI_ENTRY_ENABLED"":false,""MIN_HOLD_BARS"":0,""MIN_HOLD_BARS_BEFORE_EXIT"":0,""MIN_HOLD_MINUTES_TRADIER"":0.0,""MTF_ARMED_WT_DIRECTION_SUSPEND_ENABLED"":false,""RSI_ENTRY_LONG_TRADIER"":101.0,""RSI_ENTRY_SHORT_TRADIER"":72.5,""START_POSITION_SIZE"":10000.0,""STOCH_CROSS_ENTRY_TRADIER"":false,""TRADIER_ENTRY_SCORE_THRESHOLD"":0,""WT_COMPOSITE_SCORING_ENABLED_TRADIER"":false,""WT_DC_HTF_GATE"":""none"",""WT_TF_15M_ENABLED"":false,""WT_TF_1H_ENABLED"":true,""WT_TF_4H_ENABLED"":false,""WT_TF_5M_ENABLED"":false,""WT_TF_D_ENABLED"":false}"
RSI_ENTRY_SHORT_TRADIER,STRATEGY_CAUSAL,declared strategy/catalog/live-path setting,SIDE_NA,RSI_ENTRY_SHORT_TRADIER is an exact SHORT-side gate; it cannot alter a MU_LONG ledger,ENGINE_AUTO_WIRED|ENTRY|QUICK_CONFIG|RECENT_5D,DISCONNECTED_LIVE_PATHS|ENGINE_AUTO_WIRED|QUICK_CONFIG|RECENT_RESULTS_5D|SWITCH_CATALOG,True,True,False,False,False,True,1h,WT_TF_1H_ENABLED,87.0,False,-693.5042971374166,-693.5042971374166,0.0,-12.18355230524464,5392,10.59,16.36075866107798,-0.01595645568291649,f9ee99f22ddd44aa8ab516171c36e6baa4bbc52f6468ed0dc56a79a84600b18b,f9ee99f22ddd44aa8ab516171c36e6baa4bbc52f6468ed0dc56a79a84600b18b,True,,"{""BACKTEST_VALIDATED_GATES_TRADIER"":false,""BASE_TF"":""5m"",""COMBINED_STOCH_GATE_TRADIER"":100.0,""COOLDOWN_BARS"":0,""COOLDOWN_BARS_TRADIER"":0,""DELTA_ENGINE_ENABLED"":true,""DELTA_MAX_HOLD_BARS"":1,""D_TREND_REQUIRED"":false,""HTF_ALIGNMENT_ENABLED"":false,""K3M_FLOOR"":0.0,""KINDERGARTEN_EMA_GATE_ENABLED"":false,""K_ZONE_ENTRY_ENABLED_TRADIER"":false,""MFI_ENTRY_ENABLED"":false,""MIN_HOLD_BARS"":0,""MIN_HOLD_BARS_BEFORE_EXIT"":0,""MIN_HOLD_MINUTES_TRADIER"":0.0,""MTF_ARMED_WT_DIRECTION_SUSPEND_ENABLED"":false,""RSI_ENTRY_LONG_TRADIER"":101.0,""RSI_ENTRY_SHORT_TRADIER"":87.0,""START_POSITION_SIZE"":10000.0,""STOCH_CROSS_ENTRY_TRADIER"":false,""TRADIER_ENTRY_SCORE_THRESHOLD"":0,""WT_COMPOSITE_SCORING_ENABLED_TRADIER"":false,""WT_DC_HTF_GATE"":""none"",""WT_TF_15M_ENABLED"":false,""WT_TF_1H_ENABLED"":true,""WT_TF_4H_ENABLED"":false,""WT_TF_5M_ENABLED"":false,""WT_TF_D_ENABLED"":false}"
RSI_ENTRY_SHORT_TRADIER,STRATEGY_CAUSAL,declared strategy/catalog/live-path setting,SIDE_NA,RSI_ENTRY_SHORT_TRADIER is an exact SHORT-side gate; it cannot alter a MU_LONG ledger,ENGINE_AUTO_WIRED|ENTRY|QUICK_CONFIG|RECENT_5D,DISCONNECTED_LIVE_PATHS|ENGINE_AUTO_WIRED|QUICK_CONFIG|RECENT_RESULTS_5D|SWITCH_CATALOG,True,True,False,False,False,True,1h,WT_TF_1H_ENABLED,58.1,False,-693.5042971374166,-693.5042971374166,0.0,-12.18355230524464,5392,10.59,16.36075866107798,-0.01595645568291649,f9ee99f22ddd44aa8ab516171c36e6baa4bbc52f6468ed0dc56a79a84600b18b,f9ee99f22ddd44aa8ab516171c36e6baa4bbc52f6468ed0dc56a79a84600b18b,True,,"{""BACKTEST_VALIDATED_GATES_TRADIER"":false,""BASE_TF"":""5m"",""COMBINED_STOCH_GATE_TRADIER"":100.0,""COOLDOWN_BARS"":0,""COOLDOWN_BARS_TRADIER"":0,""DELTA_ENGINE_ENABLED"":true,""DELTA_MAX_HOLD_BARS"":1,""D_TREND_REQUIRED"":false,""HTF_ALIGNMENT_ENABLED"":false,""K3M_FLOOR"":0.0,""KINDERGARTEN_EMA_GATE_ENABLED"":false,""K_ZONE_ENTRY_ENABLED_TRADIER"":false,""MFI_ENTRY_ENABLED"":false,""MIN_HOLD_BARS"":0,""MIN_HOLD_BARS_BEFORE_EXIT"":0,""MIN_HOLD_MINUTES_TRADIER"":0.0,""MTF_ARMED_WT_DIRECTION_SUSPEND_ENABLED"":false,""RSI_ENTRY_LONG_TRADIER"":101.0,""RSI_ENTRY_SHORT_TRADIER"":58.1,""START_POSITION_SIZE"":10000.0,""STOCH_CROSS_ENTRY_TRADIER"":false,""TRADIER_ENTRY_SCORE_THRESHOLD"":0,""WT_COMPOSITE_SCORING_ENABLED_TRADIER"":false,""WT_DC_HTF_GATE"":""none"",""WT_TF_15M_ENABLED"":false,""WT_TF_1H_ENABLED"":true,""WT_TF_4H_ENABLED"":false,""WT_TF_5M_ENABLED"":false,""WT_TF_D_ENABLED"":false}"
RSI_ENTRY_SHORT_TRADIER,STRATEGY_CAUSAL,declared strategy/catalog/live-path setting,SIDE_NA,RSI_ENTRY_SHORT_TRADIER is an exact SHORT-side gate; it cannot alter a MU_LONG ledger,ENGINE_AUTO_WIRED|ENTRY|QUICK_CONFIG|RECENT_5D,DISCONNECTED_LIVE_PATHS|ENGINE_AUTO_WIRED|QUICK_CONFIG|RECENT_RESULTS_5D|SWITCH_CATALOG,True,True,False,False,False,True,4h,WT_TF_4H_ENABLED,58.0,False,-687.7907331581326,-687.7907331581326,0.0,-6.469988325960728,5072,9.96,12.521167236171122,-0.004235989600911993,b3929d79b7284f241bcf5c1a9aa158049fe94d27c4e5d4b7248c9137a671b6fb,b3929d79b7284f241bcf5c1a9aa158049fe94d27c4e5d4b7248c9137a671b6fb,True,,"{""BACKTEST_VALIDATED_GATES_TRADIER"":false,""BASE_TF"":""5m"",""COMBINED_STOCH_GATE_TRADIER"":100.0,""COOLDOWN_BARS"":0,""COOLDOWN_BARS_TRADIER"":0,""DELTA_ENGINE_ENABLED"":true,""DELTA_MAX_HOLD_BARS"":1,""D_TREND_REQUIRED"":false,""HTF_ALIGNMENT_ENABLED"":false,""K3M_FLOOR"":0.0,""KINDERGARTEN_EMA_GATE_ENABLED"":false,""K_ZONE_ENTRY_ENABLED_TRADIER"":false,""MFI_ENTRY_ENABLED"":false,""MIN_HOLD_BARS"":0,""MIN_HOLD_BARS_BEFORE_EXIT"":0,""MIN_HOLD_MINUTES_TRADIER"":0.0,""MTF_ARMED_WT_DIRECTION_SUSPEND_ENABLED"":false,""RSI_ENTRY_LONG_TRADIER"":101.0,""RSI_ENTRY_SHORT_TRADIER"":58.0,""START_POSITION_SIZE"":10000.0,""STOCH_CROSS_ENTRY_TRADIER"":false,""TRADIER_ENTRY_SCORE_THRESHOLD"":0,""WT_COMPOSITE_SCORING_ENABLED_TRADIER"":false,""WT_DC_HTF_GATE"":""none"",""WT_TF_15M_ENABLED"":false,""WT_TF_1H_ENABLED"":false,""WT_TF_4H_ENABLED"":true,""WT_TF_5M_ENABLED"":false,""WT_TF_D_ENABLED"":false}"
RSI_ENTRY_SHORT_TRADIER,STRATEGY_CAUSAL,declared strategy/catalog/live-path setting,SIDE_NA,RSI_ENTRY_SHORT_TRADIER is an exact SHORT-side gate; it cannot alter a MU_LONG ledger,ENGINE_AUTO_WIRED|ENTRY|QUICK_CONFIG|RECENT_5D,DISCONNECTED_LIVE_PATHS|ENGINE_AUTO_WIRED|QUICK_CONFIG|RECENT_RESULTS_5D|SWITCH_CATALOG,True,True,False,False,False,True,4h,WT_TF_4H_ENABLED,29.0,False,-687.7907331581326,-687.7907331581326,0.0,-6.469988325960728,5072,9.96,12.521167236171122,-0.004235989600911993,b3929d79b7284f241bcf5c1a9aa158049fe94d27c4e5d4b7248c9137a671b6fb,b3929d79b7284f241bcf5c1a9aa158049fe94d27c4e5d4b7248c9137a671b6fb,True,,"{""BACKTEST_VALIDATED_GATES_TRADIER"":false,""BASE_TF"":""5m"",""COMBINED_STOCH_GATE_TRADIER"":100.0,""COOLDOWN_BARS"":0,""COOLDOWN_BARS_TRADIER"":0,""DELTA_ENGINE_ENABLED"":true,""DELTA_MAX_HOLD_BARS"":1,""D_TREND_REQUIRED"":false,""HTF_ALIGNMENT_ENABLED"":false,""K3M_FLOOR"":0.0,""KINDERGARTEN_EMA_GATE_ENABLED"":false,""K_ZONE_ENTRY_ENABLED_TRADIER"":false,""MFI_ENTRY_ENABLED"":false,""MIN_HOLD_BARS"":0,""MIN_HOLD_BARS_BEFORE_EXIT"":0,""MIN_HOLD_MINUTES_TRADIER"":0.0,""MTF_ARMED_WT_DIRECTION_SUSPEND_ENABLED"":false,""RSI_ENTRY_LONG_TRADIER"":101.0,""RSI_ENTRY_SHORT_TRADIER"":29.0,""START_POSITION_SIZE"":10000.0,""STOCH_CROSS_ENTRY_TRADIER"":false,""TRADIER_ENTRY_SCORE_THRESHOLD"":0,""WT_COMPOSITE_SCORING_ENABLED_TRADIER"":false,""WT_DC_HTF_GATE"":""none"",""WT_TF_15M_ENABLED"":false,""WT_TF_1H_ENABLED"":false,""WT_TF_4H_ENABLED"":true,""WT_TF_5M_ENABLED"":false,""WT_TF_D_ENABLED"":false}"
RSI_ENTRY_SHORT_TRADIER,STRATEGY_CAUSAL,declared strategy/catalog/live-path setting,SIDE_NA,RSI_ENTRY_SHORT_TRADIER is an exact SHORT-side gate; it cannot alter a MU_LONG ledger,ENGINE_AUTO_WIRED|ENTRY|QUICK_CONFIG|RECENT_5D,DISCONNECTED_LIVE_PATHS|ENGINE_AUTO_WIRED|QUICK_CONFIG|RECENT_RESULTS_5D|SWITCH_CATALOG,True,True,False,False,False,True,4h,WT_TF_4H_ENABLED,43.5,False,-687.7907331581326,-687.7907331581326,0.0,-6.469988325960728,5072,9.96,12.521167236171122,-0.004235989600911993,b3929d79b7284f241bcf5c1a9aa158049fe94d27c4e5d4b7248c9137a671b6fb,b3929d79b7284f241bcf5c1a9aa158049fe94d27c4e5d4b7248c9137a671b6fb,True,,"{""BACKTEST_VALIDATED_GATES_TRADIER"":false,""BASE_TF"":""5m"",""COMBINED_STOCH_GATE_TRADIER"":100.0,""COOLDOWN_BARS"":0,""COOLDOWN_BARS_TRADIER"":0,""DELTA_ENGINE_ENABLED"":true,""DELTA_MAX_HOLD_BARS"":1,""D_TREND_REQUIRED"":false,""HTF_ALIGNMENT_ENABLED"":false,""K3M_FLOOR"":0.0,""KINDERGARTEN_EMA_GATE_ENABLED"":false,""K_ZONE_ENTRY_ENABLED_TRADIER"":false,""MFI_ENTRY_ENABLED"":false,""MIN_HOLD_BARS"":0,""MIN_HOLD_BARS_BEFORE_EXIT"":0,""MIN_HOLD_MINUTES_TRADIER"":0.0,""MTF_ARMED_WT_DIRECTION_SUSPEND_ENABLED"":false,""RSI_ENTRY_LONG_TRADIER"":101.0,""RSI_ENTRY_SHORT_TRADIER"":43.5,""START_POSITION_SIZE"":10000.0,""STOCH_CROSS_ENTRY_TRADIER"":false,""TRADIER_ENTRY_SCORE_THRESHOLD"":0,""WT_COMPOSITE_SCORING_ENABLED_TRADIER"":false,""WT_DC_HTF_GATE"":""none"",""WT_TF_15M_ENABLED"":false,""WT_TF_1H_ENABLED"":false,""WT_TF_4H_ENABLED"":true,""WT_TF_5M_ENABLED"":false,""WT_TF_D_ENABLED"":false}"
RSI_ENTRY_SHORT_TRADIER,STRATEGY_CAUSAL,declared strategy/catalog/live-path setting,SIDE_NA,RSI_ENTRY_SHORT_TRADIER is an exact SHORT-side gate; it cannot alter a MU_LONG ledger,ENGINE_AUTO_WIRED|ENTRY|QUICK_CONFIG|RECENT_5D,DISCONNECTED_LIVE_PATHS|ENGINE_AUTO_WIRED|QUICK_CONFIG|RECENT_RESULTS_5D|SWITCH_CATALOG,True,True,False,False,False,True,4h,WT_TF_4H_ENABLED,72.5,False,-687.7907331581326,-687.7907331581326,0.0,-6.469988325960728,5072,9.96,12.521167236171122,-0.004235989600911993,b3929d79b7284f241bcf5c1a9aa158049fe94d27c4e5d4b7248c9137a671b6fb,b3929d79b7284f241bcf5c1a9aa158049fe94d27c4e5d4b7248c9137a671b6fb,True,,"{""BACKTEST_VALIDATED_GATES_TRADIER"":false,""BASE_TF"":""5m"",""COMBINED_STOCH_GATE_TRADIER"":100.0,""COOLDOWN_BARS"":0,""COOLDOWN_BARS_TRADIER"":0,""DELTA_ENGINE_ENABLED"":true,""DELTA_MAX_HOLD_BARS"":1,""D_TREND_REQUIRED"":false,""HTF_ALIGNMENT_ENABLED"":false,""K3M_FLOOR"":0.0,""KINDERGARTEN_EMA_GATE_ENABLED"":false,""K_ZONE_ENTRY_ENABLED_TRADIER"":false,""MFI_ENTRY_ENABLED"":false,""MIN_HOLD_BARS"":0,""MIN_HOLD_BARS_BEFORE_EXIT"":0,""MIN_HOLD_MINUTES_TRADIER"":0.0,""MTF_ARMED_WT_DIRECTION_SUSPEND_ENABLED"":false,""RSI_ENTRY_LONG_TRADIER"":101.0,""RSI_ENTRY_SHORT_TRADIER"":72.5,""START_POSITION_SIZE"":10000.0,""STOCH_CROSS_ENTRY_TRADIER"":false,""TRADIER_ENTRY_SCORE_THRESHOLD"":0,""WT_COMPOSITE_SCORING_ENABLED_TRADIER"":false,""WT_DC_HTF_GATE"":""none"",""WT_TF_15M_ENABLED"":false,""WT_TF_1H_ENABLED"":false,""WT_TF_4H_ENABLED"":true,""WT_TF_5M_ENABLED"":false,""WT_TF_D_ENABLED"":false}"
RSI_ENTRY_SHORT_TRADIER,STRATEGY_CAUSAL,declared strategy/catalog/live-path setting,SIDE_NA,RSI_ENTRY_SHORT_TRADIER is an exact SHORT-side gate; it cannot alter a MU_LONG ledger,ENGINE_AUTO_WIRED|ENTRY|QUICK_CONFIG|RECENT_5D,DISCONNECTED_LIVE_PATHS|ENGINE_AUTO_WIRED|QUICK_CONFIG|RECENT_RESULTS_5D|SWITCH_CATALOG,True,True,False,False,False,True,4h,WT_TF_4H_ENABLED,87.0,False,-687.7907331581326,-687.7907331581326,0.0,-6.469988325960728,5072,9.96,12.521167236171122,-0.004235989600911993,b3929d79b7284f241bcf5c1a9aa158049fe94d27c4e5d4b7248c9137a671b6fb,b3929d79b7284f241bcf5c1a9aa158049fe94d27c4e5d4b7248c9137a671b6fb,True,,"{""BACKTEST_VALIDATED_GATES_TRADIER"":false,""BASE_TF"":""5m"",""COMBINED_STOCH_GATE_TRADIER"":100.0,""COOLDOWN_BARS"":0,""COOLDOWN_BARS_TRADIER"":0,""DELTA_ENGINE_ENABLED"":true,""DELTA_MAX_HOLD_BARS"":1,""D_TREND_REQUIRED"":false,""HTF_ALIGNMENT_ENABLED"":false,""K3M_FLOOR"":0.0,""KINDERGARTEN_EMA_GATE_ENABLED"":false,""K_ZONE_ENTRY_ENABLED_TRADIER"":false,""MFI_ENTRY_ENABLED"":false,""MIN_HOLD_BARS"":0,""MIN_HOLD_BARS_BEFORE_EXIT"":0,""MIN_HOLD_MINUTES_TRADIER"":0.0,""MTF_ARMED_WT_DIRECTION_SUSPEND_ENABLED"":false,""RSI_ENTRY_LONG_TRADIER"":101.0,""RSI_ENTRY_SHORT_TRADIER"":87.0,""START_POSITION_SIZE"":10000.0,""STOCH_CROSS_ENTRY_TRADIER"":false,""TRADIER_ENTRY_SCORE_THRESHOLD"":0,""WT_COMPOSITE_SCORING_ENABLED_TRADIER"":false,""WT_DC_HTF_GATE"":""none"",""WT_TF_15M_ENABLED"":false,""WT_TF_1H_ENABLED"":false,""WT_TF_4H_ENABLED"":true,""WT_TF_5M_ENABLED"":false,""WT_TF_D_ENABLED"":false}"
RSI_ENTRY_SHORT_TRADIER,STRATEGY_CAUSAL,declared strategy/catalog/live-path setting,SIDE_NA,RSI_ENTRY_SHORT_TRADIER is an exact SHORT-side gate; it cannot alter a MU_LONG ledger,ENGINE_AUTO_WIRED|ENTRY|QUICK_CONFIG|RECENT_5D,DISCONNECTED_LIVE_PATHS|ENGINE_AUTO_WIRED|QUICK_CONFIG|RECENT_RESULTS_5D|SWITCH_CATALOG,True,True,False,False,False,True,4h,WT_TF_4H_ENABLED,58.1,False,-687.7907331581326,-687.7907331581326,0.0,-6.469988325960728,5072,9.96,12.521167236171122,-0.004235989600911993,b3929d79b7284f241bcf5c1a9aa158049fe94d27c4e5d4b7248c9137a671b6fb,b3929d79b7284f241bcf5c1a9aa158049fe94d27c4e5d4b7248c9137a671b6fb,True,,"{""BACKTEST_VALIDATED_GATES_TRADIER"":false,""BASE_TF"":""5m"",""COMBINED_STOCH_GATE_TRADIER"":100.0,""COOLDOWN_BARS"":0,""COOLDOWN_BARS_TRADIER"":0,""DELTA_ENGINE_ENABLED"":true,""DELTA_MAX_HOLD_BARS"":1,""D_TREND_REQUIRED"":false,""HTF_ALIGNMENT_ENABLED"":false,""K3M_FLOOR"":0.0,""KINDERGARTEN_EMA_GATE_ENABLED"":false,""K_ZONE_ENTRY_ENABLED_TRADIER"":false,""MFI_ENTRY_ENABLED"":false,""MIN_HOLD_BARS"":0,""MIN_HOLD_BARS_BEFORE_EXIT"":0,""MIN_HOLD_MINUTES_TRADIER"":0.0,""MTF_ARMED_WT_DIRECTION_SUSPEND_ENABLED"":false,""RSI_ENTRY_LONG_TRADIER"":101.0,""RSI_ENTRY_SHORT_TRADIER"":58.1,""START_POSITION_SIZE"":10000.0,""STOCH_CROSS_ENTRY_TRADIER"":false,""TRADIER_ENTRY_SCORE_THRESHOLD"":0,""WT_COMPOSITE_SCORING_ENABLED_TRADIER"":false,""WT_DC_HTF_GATE"":""none"",""WT_TF_15M_ENABLED"":false,""WT_TF_1H_ENABLED"":false,""WT_TF_4H_ENABLED"":true,""WT_TF_5M_ENABLED"":false,""WT_TF_D_ENABLED"":false}"
RSI_ENTRY_SHORT_TRADIER,STRATEGY_CAUSAL,declared strategy/catalog/live-path setting,SIDE_NA,RSI_ENTRY_SHORT_TRADIER is an exact SHORT-side gate; it cannot alter a MU_LONG ledger,ENGINE_AUTO_WIRED|ENTRY|QUICK_CONFIG|RECENT_5D,DISCONNECTED_LIVE_PATHS|ENGINE_AUTO_WIRED|QUICK_CONFIG|RECENT_RESULTS_5D|SWITCH_CATALOG,True,True,False,False,False,True,D,WT_TF_D_ENABLED,58.0,False,-701.634851706535,-701.634851706535,0.0,-20.314106874363034,5062,9.94,24.48200265452379,-0.025830087418455584,367ae9b7965f3f1646c391b11ff4a21af357b00851c77da0f5c80a27f02a04be,367ae9b7965f3f1646c391b11ff4a21af357b00851c77da0f5c80a27f02a04be,True,,"{""BACKTEST_VALIDATED_GATES_TRADIER"":false,""BASE_TF"":""5m"",""COMBINED_STOCH_GATE_TRADIER"":100.0,""COOLDOWN_BARS"":0,""COOLDOWN_BARS_TRADIER"":0,""DELTA_ENGINE_ENABLED"":true,""DELTA_MAX_HOLD_BARS"":1,""D_TREND_REQUIRED"":false,""HTF_ALIGNMENT_ENABLED"":false,""K3M_FLOOR"":0.0,""KINDERGARTEN_EMA_GATE_ENABLED"":false,""K_ZONE_ENTRY_ENABLED_TRADIER"":false,""MFI_ENTRY_ENABLED"":false,""MIN_HOLD_BARS"":0,""MIN_HOLD_BARS_BEFORE_EXIT"":0,""MIN_HOLD_MINUTES_TRADIER"":0.0,""MTF_ARMED_WT_DIRECTION_SUSPEND_ENABLED"":false,""RSI_ENTRY_LONG_TRADIER"":101.0,""RSI_ENTRY_SHORT_TRADIER"":58.0,""START_POSITION_SIZE"":10000.0,""STOCH_CROSS_ENTRY_TRADIER"":false,""TRADIER_ENTRY_SCORE_THRESHOLD"":0,""WT_COMPOSITE_SCORING_ENABLED_TRADIER"":false,""WT_DC_HTF_GATE"":""none"",""WT_TF_15M_ENABLED"":false,""WT_TF_1H_ENABLED"":false,""WT_TF_4H_ENABLED"":false,""WT_TF_5M_ENABLED"":false,""WT_TF_D_ENABLED"":true}"
RSI_ENTRY_SHORT_TRADIER,STRATEGY_CAUSAL,declared strategy/catalog/live-path setting,SIDE_NA,RSI_ENTRY_SHORT_TRADIER is an exact SHORT-side gate; it cannot alter a MU_LONG ledger,ENGINE_AUTO_WIRED|ENTRY|QUICK_CONFIG|RECENT_5D,DISCONNECTED_LIVE_PATHS|ENGINE_AUTO_WIRED|QUICK_CONFIG|RECENT_RESULTS_5D|SWITCH_CATALOG,True,True,False,False,False,True,D,WT_TF_D_ENABLED,29.0,False,-701.634851706535,-701.634851706535,0.0,-20.314106874363034,5062,9.94,24.48200265452379,-0.025830087418455584,367ae9b7965f3f1646c391b11ff4a21af357b00851c77da0f5c80a27f02a04be,367ae9b7965f3f1646c391b11ff4a21af357b00851c77da0f5c80a27f02a04be,True,,"{""BACKTEST_VALIDATED_GATES_TRADIER"":false,""BASE_TF"":""5m"",""COMBINED_STOCH_GATE_TRADIER"":100.0,""COOLDOWN_BARS"":0,""COOLDOWN_BARS_TRADIER"":0,""DELTA_ENGINE_ENABLED"":true,""DELTA_MAX_HOLD_BARS"":1,""D_TREND_REQUIRED"":false,""HTF_ALIGNMENT_ENABLED"":false,""K3M_FLOOR"":0.0,""KINDERGARTEN_EMA_GATE_ENABLED"":false,""K_ZONE_ENTRY_ENABLED_TRADIER"":false,""MFI_ENTRY_ENABLED"":false,""MIN_HOLD_BARS"":0,""MIN_HOLD_BARS_BEFORE_EXIT"":0,""MIN_HOLD_MINUTES_TRADIER"":0.0,""MTF_ARMED_WT_DIRECTION_SUSPEND_ENABLED"":false,""RSI_ENTRY_LONG_TRADIER"":101.0,""RSI_ENTRY_SHORT_TRADIER"":29.0,""START_POSITION_SIZE"":10000.0,""STOCH_CROSS_ENTRY_TRADIER"":false,""TRADIER_ENTRY_SCORE_THRESHOLD"":0,""WT_COMPOSITE_SCORING_ENABLED_TRADIER"":false,""WT_DC_HTF_GATE"":""none"",""WT_TF_15M_ENABLED"":false,""WT_TF_1H_ENABLED"":false,""WT_TF_4H_ENABLED"":false,""WT_TF_5M_ENABLED"":false,""WT_TF_D_ENABLED"":true}"
RSI_ENTRY_SHORT_TRADIER,STRATEGY_CAUSAL,declared strategy/catalog/live-path setting,SIDE_NA,RSI_ENTRY_SHORT_TRADIER is an exact SHORT-side gate; it cannot alter a MU_LONG ledger,ENGINE_AUTO_WIRED|ENTRY|QUICK_CONFIG|RECENT_5D,DISCONNECTED_LIVE_PATHS|ENGINE_AUTO_WIRED|QUICK_CONFIG|RECENT_RESULTS_5D|SWITCH_CATALOG,True,True,False,False,False,True,D,WT_TF_D_ENABLED,43.5,False,-701.634851706535,-701.634851706535,0.0,-20.314106874363034,5062,9.94,24.48200265452379,-0.025830087418455584,367ae9b7965f3f1646c391b11ff4a21af357b00851c77da0f5c80a27f02a04be,367ae9b7965f3f1646c391b11ff4a21af357b00851c77da0f5c80a27f02a04be,True,,"{""BACKTEST_VALIDATED_GATES_TRADIER"":false,""BASE_TF"":""5m"",""COMBINED_STOCH_GATE_TRADIER"":100.0,""COOLDOWN_BARS"":0,""COOLDOWN_BARS_TRADIER"":0,""DELTA_ENGINE_ENABLED"":true,""DELTA_MAX_HOLD_BARS"":1,""D_TREND_REQUIRED"":false,""HTF_ALIGNMENT_ENABLED"":false,""K3M_FLOOR"":0.0,""KINDERGARTEN_EMA_GATE_ENABLED"":false,""K_ZONE_ENTRY_ENABLED_TRADIER"":false,""MFI_ENTRY_ENABLED"":false,""MIN_HOLD_BARS"":0,""MIN_HOLD_BARS_BEFORE_EXIT"":0,""MIN_HOLD_MINUTES_TRADIER"":0.0,""MTF_ARMED_WT_DIRECTION_SUSPEND_ENABLED"":false,""RSI_ENTRY_LONG_TRADIER"":101.0,""RSI_ENTRY_SHORT_TRADIER"":43.5,""START_POSITION_SIZE"":10000.0,""STOCH_CROSS_ENTRY_TRADIER"":false,""TRADIER_ENTRY_SCORE_THRESHOLD"":0,""WT_COMPOSITE_SCORING_ENABLED_TRADIER"":false,""WT_DC_HTF_GATE"":""none"",""WT_TF_15M_ENABLED"":false,""WT_TF_1H_ENABLED"":false,""WT_TF_4H_ENABLED"":false,""WT_TF_5M_ENABLED"":false,""WT_TF_D_ENABLED"":true}"
RSI_ENTRY_SHORT_TRADIER,STRATEGY_CAUSAL,declared strategy/catalog/live-path setting,SIDE_NA,RSI_ENTRY_SHORT_TRADIER is an exact SHORT-side gate; it cannot alter a MU_LONG ledger,ENGINE_AUTO_WIRED|ENTRY|QUICK_CONFIG|RECENT_5D,DISCONNECTED_LIVE_PATHS|ENGINE_AUTO_WIRED|QUICK_CONFIG|RECENT_RESULTS_5D|SWITCH_CATALOG,True,True,False,False,False,True,D,WT_TF_D_ENABLED,72.5,False,-701.634851706535,-701.634851706535,0.0,-20.314106874363034,5062,9.94,24.48200265452379,-0.025830087418455584,367ae9b7965f3f1646c391b11ff4a21af357b00851c77da0f5c80a27f02a04be,367ae9b7965f3f1646c391b11ff4a21af357b00851c77da0f5c80a27f02a04be,True,,"{""BACKTEST_VALIDATED_GATES_TRADIER"":false,""BASE_TF"":""5m"",""COMBINED_STOCH_GATE_TRADIER"":100.0,""COOLDOWN_BARS"":0,""COOLDOWN_BARS_TRADIER"":0,""DELTA_ENGINE_ENABLED"":true,""DELTA_MAX_HOLD_BARS"":1,""D_TREND_REQUIRED"":false,""HTF_ALIGNMENT_ENABLED"":false,""K3M_FLOOR"":0.0,""KINDERGARTEN_EMA_GATE_ENABLED"":false,""K_ZONE_ENTRY_ENABLED_TRADIER"":false,""MFI_ENTRY_ENABLED"":false,""MIN_HOLD_BARS"":0,""MIN_HOLD_BARS_BEFORE_EXIT"":0,""MIN_HOLD_MINUTES_TRADIER"":0.0,""MTF_ARMED_WT_DIRECTION_SUSPEND_ENABLED"":false,""RSI_ENTRY_LONG_TRADIER"":101.0,""RSI_ENTRY_SHORT_TRADIER"":72.5,""START_POSITION_SIZE"":10000.0,""STOCH_CROSS_ENTRY_TRADIER"":false,""TRADIER_ENTRY_SCORE_THRESHOLD"":0,""WT_COMPOSITE_SCORING_ENABLED_TRADIER"":false,""WT_DC_HTF_GATE"":""none"",""WT_TF_15M_ENABLED"":false,""WT_TF_1H_ENABLED"":false,""WT_TF_4H_ENABLED"":false,""WT_TF_5M_ENABLED"":false,""WT_TF_D_ENABLED"":true}"
RSI_ENTRY_SHORT_TRADIER,STRATEGY_CAUSAL,declared strategy/catalog/live-path setting,SIDE_NA,RSI_ENTRY_SHORT_TRADIER is an exact SHORT-side gate; it cannot alter a MU_LONG ledger,ENGINE_AUTO_WIRED|ENTRY|QUICK_CONFIG|RECENT_5D,DISCONNECTED_LIVE_PATHS|ENGINE_AUTO_WIRED|QUICK_CONFIG|RECENT_RESULTS_5D|SWITCH_CATALOG,True,True,False,False,False,True,D,WT_TF_D_ENABLED,87.0,False,-701.634851706535,-701.634851706535,0.0,-20.314106874363034,5062,9.94,24.48200265452379,-0.025830087418455584,367ae9b7965f3f1646c391b11ff4a21af357b00851c77da0f5c80a27f02a04be,367ae9b7965f3f1646c391b11ff4a21af357b00851c77da0f5c80a27f02a04be,True,,"{""BACKTEST_VALIDATED_GATES_TRADIER"":false,""BASE_TF"":""5m"",""COMBINED_STOCH_GATE_TRADIER"":100.0,""COOLDOWN_BARS"":0,""COOLDOWN_BARS_TRADIER"":0,""DELTA_ENGINE_ENABLED"":true,""DELTA_MAX_HOLD_BARS"":1,""D_TREND_REQUIRED"":false,""HTF_ALIGNMENT_ENABLED"":false,""K3M_FLOOR"":0.0,""KINDERGARTEN_EMA_GATE_ENABLED"":false,""K_ZONE_ENTRY_ENABLED_TRADIER"":false,""MFI_ENTRY_ENABLED"":false,""MIN_HOLD_BARS"":0,""MIN_HOLD_BARS_BEFORE_EXIT"":0,""MIN_HOLD_MINUTES_TRADIER"":0.0,""MTF_ARMED_WT_DIRECTION_SUSPEND_ENABLED"":false,""RSI_ENTRY_LONG_TRADIER"":101.0,""RSI_ENTRY_SHORT_TRADIER"":87.0,""START_POSITION_SIZE"":10000.0,""STOCH_CROSS_ENTRY_TRADIER"":false,""TRADIER_ENTRY_SCORE_THRESHOLD"":0,""WT_COMPOSITE_SCORING_ENABLED_TRADIER"":false,""WT_DC_HTF_GATE"":""none"",""WT_TF_15M_ENABLED"":false,""WT_TF_1H_ENABLED"":false,""WT_TF_4H_ENABLED"":false,""WT_TF_5M_ENABLED"":false,""WT_TF_D_ENABLED"":true}"
RSI_ENTRY_SHORT_TRADIER,STRATEGY_CAUSAL,declared strategy/catalog/live-path setting,SIDE_NA,RSI_ENTRY_SHORT_TRADIER is an exact SHORT-side gate; it cannot alter a MU_LONG ledger,ENGINE_AUTO_WIRED|ENTRY|QUICK_CONFIG|RECENT_5D,DISCONNECTED_LIVE_PATHS|ENGINE_AUTO_WIRED|QUICK_CONFIG|RECENT_RESULTS_5D|SWITCH_CATALOG,True,True,False,False,False,True,D,WT_TF_D_ENABLED,58.1,False,-701.634851706535,-701.634851706535,0.0,-20.314106874363034,5062,9.94,24.48200265452379,-0.025830087418455584,367ae9b7965f3f1646c391b11ff4a21af357b00851c77da0f5c80a27f02a04be,367ae9b7965f3f1646c391b11ff4a21af357b00851c77da0f5c80a27f02a04be,True,,"{""BACKTEST_VALIDATED_GATES_TRADIER"":false,""BASE_TF"":""5m"",""COMBINED_STOCH_GATE_TRADIER"":100.0,""COOLDOWN_BARS"":0,""COOLDOWN_BARS_TRADIER"":0,""DELTA_ENGINE_ENABLED"":true,""DELTA_MAX_HOLD_BARS"":1,""D_TREND_REQUIRED"":false,""HTF_ALIGNMENT_ENABLED"":false,""K3M_FLOOR"":0.0,""KINDERGARTEN_EMA_GATE_ENABLED"":false,""K_ZONE_ENTRY_ENABLED_TRADIER"":false,""MFI_ENTRY_ENABLED"":false,""MIN_HOLD_BARS"":0,""MIN_HOLD_BARS_BEFORE_EXIT"":0,""MIN_HOLD_MINUTES_TRADIER"":0.0,""MTF_ARMED_WT_DIRECTION_SUSPEND_ENABLED"":false,""RSI_ENTRY_LONG_TRADIER"":101.0,""RSI_ENTRY_SHORT_TRADIER"":58.1,""START_POSITION_SIZE"":10000.0,""STOCH_CROSS_ENTRY_TRADIER"":false,""TRADIER_ENTRY_SCORE_THRESHOLD"":0,""WT_COMPOSITE_SCORING_ENABLED_TRADIER"":false,""WT_DC_HTF_GATE"":""none"",""WT_TF_15M_ENABLED"":false,""WT_TF_1H_ENABLED"":false,""WT_TF_4H_ENABLED"":false,""WT_TF_5M_ENABLED"":false,""WT_TF_D_ENABLED"":true}"
TRADIER_K_ZONE_ENTRY_BONUS_TRADIER,STRATEGY_CAUSAL,declared strategy/catalog/live-path setting,PASS,all applicable values/timeframes change real execution uniquely,ENGINE_AUTO_WIRED|ENTRY|QUICK_CONFIG|RECENT_5D,DISCONNECTED_LIVE_PATHS|ENGINE_AUTO_WIRED|QUICK_CONFIG|RECENT_RESULTS_5D,True,True,False,False,False,True,5m,WT_TF_5M_ENABLED,25,False,-675.4030711884878,-675.4030711884878,0.0,5.9176736436840995,2294,4.5,12.816385836089628,0.034138255265678014,3dc1e8569dea3f12f7cdff2b81994f0dcdbe2a20082d53879bb064bea39574fb,3dc1e8569dea3f12f7cdff2b81994f0dcdbe2a20082d53879bb064bea39574fb,True,,"{""BACKTEST_VALIDATED_GATES_TRADIER"":false,""BASE_TF"":""5m"",""COMBINED_STOCH_GATE_TRADIER"":100.0,""COOLDOWN_BARS"":0,""COOLDOWN_BARS_TRADIER"":0,""DELTA_ENGINE_ENABLED"":true,""DELTA_MAX_HOLD_BARS"":1,""D_TREND_REQUIRED"":false,""HTF_ALIGNMENT_ENABLED"":false,""K3M_FLOOR"":0.0,""KINDERGARTEN_EMA_GATE_ENABLED"":false,""K_ZONE_ENTRY_ENABLED_TRADIER"":true,""MFI_ENTRY_ENABLED"":false,""MIN_HOLD_BARS"":0,""MIN_HOLD_BARS_BEFORE_EXIT"":0,""MIN_HOLD_MINUTES_TRADIER"":0.0,""MTF_ARMED_WT_DIRECTION_SUSPEND_ENABLED"":false,""RSI_ENTRY_LONG_TRADIER"":-1.0,""RSI_ENTRY_SHORT_TRADIER"":101.0,""START_POSITION_SIZE"":10000.0,""STOCH_CROSS_ENTRY_TRADIER"":false,""TRADIER_ENTRY_SCORE_THRESHOLD"":7.25,""TRADIER_K_ZONE_ENTRY_BONUS_TRADIER"":25,""WT_COMPOSITE_SCORING_ENABLED_TRADIER"":false,""WT_DC_HTF_GATE"":""none"",""WT_TF_15M_ENABLED"":false,""WT_TF_1H_ENABLED"":false,""WT_TF_4H_ENABLED"":false,""WT_TF_5M_ENABLED"":true,""WT_TF_D_ENABLED"":false}"
TRADIER_K_ZONE_ENTRY_BONUS_TRADIER,STRATEGY_CAUSAL,declared strategy/catalog/live-path setting,PASS,all applicable values/timeframes change real execution uniquely,ENGINE_AUTO_WIRED|ENTRY|QUICK_CONFIG|RECENT_5D,DISCONNECTED_LIVE_PATHS|ENGINE_AUTO_WIRED|QUICK_CONFIG|RECENT_RESULTS_5D,True,True,False,False,False,True,5m,WT_TF_5M_ENABLED,1,True,-673.6545182288938,-675.4030711884878,1.748552959594008,7.666226603278092,2009,3.94,7.932290400709641,0.0442127827221894,f02b77c971dba7fca68a2a4f0231befe5b4530f49b10ef345ea4548283aa90f8,3dc1e8569dea3f12f7cdff2b81994f0dcdbe2a20082d53879bb064bea39574fb,True,,"{""BACKTEST_VALIDATED_GATES_TRADIER"":false,""BASE_TF"":""5m"",""COMBINED_STOCH_GATE_TRADIER"":100.0,""COOLDOWN_BARS"":0,""COOLDOWN_BARS_TRADIER"":0,""DELTA_ENGINE_ENABLED"":true,""DELTA_MAX_HOLD_BARS"":1,""D_TREND_REQUIRED"":false,""HTF_ALIGNMENT_ENABLED"":false,""K3M_FLOOR"":0.0,""KINDERGARTEN_EMA_GATE_ENABLED"":false,""K_ZONE_ENTRY_ENABLED_TRADIER"":true,""MFI_ENTRY_ENABLED"":false,""MIN_HOLD_BARS"":0,""MIN_HOLD_BARS_BEFORE_EXIT"":0,""MIN_HOLD_MINUTES_TRADIER"":0.0,""MTF_ARMED_WT_DIRECTION_SUSPEND_ENABLED"":false,""RSI_ENTRY_LONG_TRADIER"":-1.0,""RSI_ENTRY_SHORT_TRADIER"":101.0,""START_POSITION_SIZE"":10000.0,""STOCH_CROSS_ENTRY_TRADIER"":false,""TRADIER_ENTRY_SCORE_THRESHOLD"":7.25,""TRADIER_K_ZONE_ENTRY_BONUS_TRADIER"":1,""WT_COMPOSITE_SCORING_ENABLED_TRADIER"":false,""WT_DC_HTF_GATE"":""none"",""WT_TF_15M_ENABLED"":false,""WT_TF_1H_ENABLED"":false,""WT_TF_4H_ENABLED"":false,""WT_TF_5M_ENABLED"":true,""WT_TF_D_ENABLED"":false}"
TRADIER_K_ZONE_ENTRY_BONUS_TRADIER,STRATEGY_CAUSAL,declared strategy/catalog/live-path setting,PASS,all applicable values/timeframes change real execution uniquely,ENGINE_AUTO_WIRED|ENTRY|QUICK_CONFIG|RECENT_5D,DISCONNECTED_LIVE_PATHS|ENGINE_AUTO_WIRED|QUICK_CONFIG|RECENT_RESULTS_5D,True,True,False,False,False,True,5m,WT_TF_5M_ENABLED,3,True,-677.2842067165243,-675.4030711884878,-1.8811355280364523,4.036538115647631,2119,4.16,12.9983645957523,0.030057028665132064,806b03658baedaca0cbec53216d1fbcc25ae3ad4c4db859cb5f174b0faee23c9,3dc1e8569dea3f12f7cdff2b81994f0dcdbe2a20082d53879bb064bea39574fb,True,,"{""BACKTEST_VALIDATED_GATES_TRADIER"":false,""BASE_TF"":""5m"",""COMBINED_STOCH_GATE_TRADIER"":100.0,""COOLDOWN_BARS"":0,""COOLDOWN_BARS_TRADIER"":0,""DELTA_ENGINE_ENABLED"":true,""DELTA_MAX_HOLD_BARS"":1,""D_TREND_REQUIRED"":false,""HTF_ALIGNMENT_ENABLED"":false,""K3M_FLOOR"":0.0,""KINDERGARTEN_EMA_GATE_ENABLED"":false,""K_ZONE_ENTRY_ENABLED_TRADIER"":true,""MFI_ENTRY_ENABLED"":false,""MIN_HOLD_BARS"":0,""MIN_HOLD_BARS_BEFORE_EXIT"":0,""MIN_HOLD_MINUTES_TRADIER"":0.0,""MTF_ARMED_WT_DIRECTION_SUSPEND_ENABLED"":false,""RSI_ENTRY_LONG_TRADIER"":-1.0,""RSI_ENTRY_SHORT_TRADIER"":101.0,""START_POSITION_SIZE"":10000.0,""STOCH_CROSS_ENTRY_TRADIER"":false,""TRADIER_ENTRY_SCORE_THRESHOLD"":7.25,""TRADIER_K_ZONE_ENTRY_BONUS_TRADIER"":3,""WT_COMPOSITE_SCORING_ENABLED_TRADIER"":false,""WT_DC_HTF_GATE"":""none"",""WT_TF_15M_ENABLED"":false,""WT_TF_1H_ENABLED"":false,""WT_TF_4H_ENABLED"":false,""WT_TF_5M_ENABLED"":true,""WT_TF_D_ENABLED"":false}"
TRADIER_K_ZONE_ENTRY_BONUS_TRADIER,STRATEGY_CAUSAL,declared strategy/catalog/live-path setting,PASS,all applicable values/timeframes change real execution uniquely,ENGINE_AUTO_WIRED|ENTRY|QUICK_CONFIG|RECENT_5D,DISCONNECTED_LIVE_PATHS|ENGINE_AUTO_WIRED|QUICK_CONFIG|RECENT_RESULTS_5D,True,True,False,False,False,True,5m,WT_TF_5M_ENABLED,4,True,-676.7826116005813,-675.4030711884878,-1.3795404120934336,4.538133231590667,2163,4.25,12.528878892968834,0.03117898050569991,425af8800f130d0cbcd935dc0614c35997c5fe01570f9c7b2a904298cf0c0eef,3dc1e8569dea3f12f7cdff2b81994f0dcdbe2a20082d53879bb064bea39574fb,True,,"{""BACKTEST_VALIDATED_GATES_TRADIER"":false,""BASE_TF"":""5m"",""COMBINED_STOCH_GATE_TRADIER"":100.0,""COOLDOWN_BARS"":0,""COOLDOWN_BARS_TRADIER"":0,""DELTA_ENGINE_ENABLED"":true,""DELTA_MAX_HOLD_BARS"":1,""D_TREND_REQUIRED"":false,""HTF_ALIGNMENT_ENABLED"":false,""K3M_FLOOR"":0.0,""KINDERGARTEN_EMA_GATE_ENABLED"":false,""K_ZONE_ENTRY_ENABLED_TRADIER"":true,""MFI_ENTRY_ENABLED"":false,""MIN_HOLD_BARS"":0,""MIN_HOLD_BARS_BEFORE_EXIT"":0,""MIN_HOLD_MINUTES_TRADIER"":0.0,""MTF_ARMED_WT_DIRECTION_SUSPEND_ENABLED"":false,""RSI_ENTRY_LONG_TRADIER"":-1.0,""RSI_ENTRY_SHORT_TRADIER"":101.0,""START_POSITION_SIZE"":10000.0,""STOCH_CROSS_ENTRY_TRADIER"":false,""TRADIER_ENTRY_SCORE_THRESHOLD"":7.25,""TRADIER_K_ZONE_ENTRY_BONUS_TRADIER"":4,""WT_COMPOSITE_SCORING_ENABLED_TRADIER"":false,""WT_DC_HTF_GATE"":""none"",""WT_TF_15M_ENABLED"":false,""WT_TF_1H_ENABLED"":false,""WT_TF_4H_ENABLED"":false,""WT_TF_5M_ENABLED"":true,""WT_TF_D_ENABLED"":false}"
TRADIER_K_ZONE_ENTRY_BONUS_TRADIER,STRATEGY_CAUSAL,declared strategy/catalog/live-path setting,PASS,all applicable values/timeframes change real execution uniquely,ENGINE_AUTO_WIRED|ENTRY|QUICK_CONFIG|RECENT_5D,DISCONNECTED_LIVE_PATHS|ENGINE_AUTO_WIRED|QUICK_CONFIG|RECENT_RESULTS_5D,True,True,False,False,False,True,15m,WT_TF_15M_ENABLED,25,False,-685.454196705142,-685.454196705142,0.0,-4.133451872969999,1458,2.86,11.791535238208153,-0.0009140602562603292,413adba3c65a3965ec84c8973d1ec1bc78e5804470de36527c73bbcfc3673811,413adba3c65a3965ec84c8973d1ec1bc78e5804470de36527c73bbcfc3673811,True,,"{""BACKTEST_VALIDATED_GATES_TRADIER"":false,""BASE_TF"":""5m"",""COMBINED_STOCH_GATE_TRADIER"":100.0,""COOLDOWN_BARS"":0,""COOLDOWN_BARS_TRADIER"":0,""DELTA_ENGINE_ENABLED"":true,""DELTA_MAX_HOLD_BARS"":1,""D_TREND_REQUIRED"":false,""HTF_ALIGNMENT_ENABLED"":false,""K3M_FLOOR"":0.0,""KINDERGARTEN_EMA_GATE_ENABLED"":false,""K_ZONE_ENTRY_ENABLED_TRADIER"":true,""MFI_ENTRY_ENABLED"":false,""MIN_HOLD_BARS"":0,""MIN_HOLD_BARS_BEFORE_EXIT"":0,""MIN_HOLD_MINUTES_TRADIER"":0.0,""MTF_ARMED_WT_DIRECTION_SUSPEND_ENABLED"":false,""RSI_ENTRY_LONG_TRADIER"":-1.0,""RSI_ENTRY_SHORT_TRADIER"":101.0,""START_POSITION_SIZE"":10000.0,""STOCH_CROSS_ENTRY_TRADIER"":false,""TRADIER_ENTRY_SCORE_THRESHOLD"":7.25,""TRADIER_K_ZONE_ENTRY_BONUS_TRADIER"":25,""WT_COMPOSITE_SCORING_ENABLED_TRADIER"":false,""WT_DC_HTF_GATE"":""none"",""WT_TF_15M_ENABLED"":true,""WT_TF_1H_ENABLED"":false,""WT_TF_4H_ENABLED"":false,""WT_TF_5M_ENABLED"":false,""WT_TF_D_ENABLED"":false}"
TRADIER_K_ZONE_ENTRY_BONUS_TRADIER,STRATEGY_CAUSAL,declared strategy/catalog/live-path setting,PASS,all applicable values/timeframes change real execution uniquely,ENGINE_AUTO_WIRED|ENTRY|QUICK_CONFIG|RECENT_5D,DISCONNECTED_LIVE_PATHS|ENGINE_AUTO_WIRED|QUICK_CONFIG|RECENT_RESULTS_5D,True,True,False,False,False,True,15m,WT_TF_15M_ENABLED,1,True,-686.4725178621045,-685.454196705142,-1.0183211569625428,-5.151773029932552,1270,2.49,12.760939607201399,-0.011390183781803424,c87c9e0ba9da0b7362481026b190fdc640db3c98afbdc2f7ad8c98f2e823154d,413adba3c65a3965ec84c8973d1ec1bc78e5804470de36527c73bbcfc3673811,True,,"{""BACKTEST_VALIDATED_GATES_TRADIER"":false,""BASE_TF"":""5m"",""COMBINED_STOCH_GATE_TRADIER"":100.0,""COOLDOWN_BARS"":0,""COOLDOWN_BARS_TRADIER"":0,""DELTA_ENGINE_ENABLED"":true,""DELTA_MAX_HOLD_BARS"":1,""D_TREND_REQUIRED"":false,""HTF_ALIGNMENT_ENABLED"":false,""K3M_FLOOR"":0.0,""KINDERGARTEN_EMA_GATE_ENABLED"":false,""K_ZONE_ENTRY_ENABLED_TRADIER"":true,""MFI_ENTRY_ENABLED"":false,""MIN_HOLD_BARS"":0,""MIN_HOLD_BARS_BEFORE_EXIT"":0,""MIN_HOLD_MINUTES_TRADIER"":0.0,""MTF_ARMED_WT_DIRECTION_SUSPEND_ENABLED"":false,""RSI_ENTRY_LONG_TRADIER"":-1.0,""RSI_ENTRY_SHORT_TRADIER"":101.0,""START_POSITION_SIZE"":10000.0,""STOCH_CROSS_ENTRY_TRADIER"":false,""TRADIER_ENTRY_SCORE_THRESHOLD"":7.25,""TRADIER_K_ZONE_ENTRY_BONUS_TRADIER"":1,""WT_COMPOSITE_SCORING_ENABLED_TRADIER"":false,""WT_DC_HTF_GATE"":""none"",""WT_TF_15M_ENABLED"":true,""WT_TF_1H_ENABLED"":false,""WT_TF_4H_ENABLED"":false,""WT_TF_5M_ENABLED"":false,""WT_TF_D_ENABLED"":false}"
TRADIER_K_ZONE_ENTRY_BONUS_TRADIER,STRATEGY_CAUSAL,declared strategy/catalog/live-path setting,PASS,all applicable values/timeframes change real execution uniquely,ENGINE_AUTO_WIRED|ENTRY|QUICK_CONFIG|RECENT_5D,DISCONNECTED_LIVE_PATHS|ENGINE_AUTO_WIRED|QUICK_CONFIG|RECENT_RESULTS_5D,True,True,False,False,False,True,15m,WT_TF_15M_ENABLED,3,True,-685.4573473923625,-685.454196705142,-0.0031506872205682157,-4.136602560190615,1335,2.62,11.749965150046343,-0.0044438467080434784,1e618a5e5c3c4eea48b005e7a311ccde9579df57725f2449c84d091bca96adf4,413adba3c65a3965ec84c8973d1ec1bc78e5804470de36527c73bbcfc3673811,True,,"{""BACKTEST_VALIDATED_GATES_TRADIER"":false,""BASE_TF"":""5m"",""COMBINED_STOCH_GATE_TRADIER"":100.0,""COOLDOWN_BARS"":0,""COOLDOWN_BARS_TRADIER"":0,""DELTA_ENGINE_ENABLED"":true,""DELTA_MAX_HOLD_BARS"":1,""D_TREND_REQUIRED"":false,""HTF_ALIGNMENT_ENABLED"":false,""K3M_FLOOR"":0.0,""KINDERGARTEN_EMA_GATE_ENABLED"":false,""K_ZONE_ENTRY_ENABLED_TRADIER"":true,""MFI_ENTRY_ENABLED"":false,""MIN_HOLD_BARS"":0,""MIN_HOLD_BARS_BEFORE_EXIT"":0,""MIN_HOLD_MINUTES_TRADIER"":0.0,""MTF_ARMED_WT_DIRECTION_SUSPEND_ENABLED"":false,""RSI_ENTRY_LONG_TRADIER"":-1.0,""RSI_ENTRY_SHORT_TRADIER"":101.0,""START_POSITION_SIZE"":10000.0,""STOCH_CROSS_ENTRY_TRADIER"":false,""TRADIER_ENTRY_SCORE_THRESHOLD"":7.25,""TRADIER_K_ZONE_ENTRY_BONUS_TRADIER"":3,""WT_COMPOSITE_SCORING_ENABLED_TRADIER"":false,""WT_DC_HTF_GATE"":""none"",""WT_TF_15M_ENABLED"":true,""WT_TF_1H_ENABLED"":false,""WT_TF_4H_ENABLED"":false,""WT_TF_5M_ENABLED"":false,""WT_TF_D_ENABLED"":false}"
TRADIER_K_ZONE_ENTRY_BONUS_TRADIER,STRATEGY_CAUSAL,declared strategy/catalog/live-path setting,PASS,all applicable values/timeframes change real execution uniquely,ENGINE_AUTO_WIRED|ENTRY|QUICK_CONFIG|RECENT_5D,DISCONNECTED_LIVE_PATHS|ENGINE_AUTO_WIRED|QUICK_CONFIG|RECENT_RESULTS_5D,True,True,False,False,False,True,15m,WT_TF_15M_ENABLED,4,True,-685.4745446351579,-685.454196705142,-0.020347930015987004,-4.153799802985965,1357,2.66,11.905443484641918,-0.0035092149168844938,d245d2bffb246365eb8d8ca2d5c2152f0b3b922d079c0deb892560467f6d5c8c,413adba3c65a3965ec84c8973d1ec1bc78e5804470de36527c73bbcfc3673811,True,,"{""BACKTEST_VALIDATED_GATES_TRADIER"":false,""BASE_TF"":""5m"",""COMBINED_STOCH_GATE_TRADIER"":100.0,""COOLDOWN_BARS"":0,""COOLDOWN_BARS_TRADIER"":0,""DELTA_ENGINE_ENABLED"":true,""DELTA_MAX_HOLD_BARS"":1,""D_TREND_REQUIRED"":false,""HTF_ALIGNMENT_ENABLED"":false,""K3M_FLOOR"":0.0,""KINDERGARTEN_EMA_GATE_ENABLED"":false,""K_ZONE_ENTRY_ENABLED_TRADIER"":true,""MFI_ENTRY_ENABLED"":false,""MIN_HOLD_BARS"":0,""MIN_HOLD_BARS_BEFORE_EXIT"":0,""MIN_HOLD_MINUTES_TRADIER"":0.0,""MTF_ARMED_WT_DIRECTION_SUSPEND_ENABLED"":false,""RSI_ENTRY_LONG_TRADIER"":-1.0,""RSI_ENTRY_SHORT_TRADIER"":101.0,""START_POSITION_SIZE"":10000.0,""STOCH_CROSS_ENTRY_TRADIER"":false,""TRADIER_ENTRY_SCORE_THRESHOLD"":7.25,""TRADIER_K_ZONE_ENTRY_BONUS_TRADIER"":4,""WT_COMPOSITE_SCORING_ENABLED_TRADIER"":false,""WT_DC_HTF_GATE"":""none"",""WT_TF_15M_ENABLED"":true,""WT_TF_1H_ENABLED"":false,""WT_TF_4H_ENABLED"":false,""WT_TF_5M_ENABLED"":false,""WT_TF_D_ENABLED"":false}"
TRADIER_K_ZONE_ENTRY_BONUS_TRADIER,STRATEGY_CAUSAL,declared strategy/catalog/live-path setting,PASS,all applicable values/timeframes change real execution uniquely,ENGINE_AUTO_WIRED|ENTRY|QUICK_CONFIG|RECENT_5D,DISCONNECTED_LIVE_PATHS|ENGINE_AUTO_WIRED|QUICK_CONFIG|RECENT_RESULTS_5D,True,True,False,False,False,True,1h,WT_TF_1H_ENABLED,25,False,-691.5067470882992,-691.5067470882992,0.0,-10.186002256127217,1670,3.28,15.96017674523733,-0.04461554076407724,b52a7d3ef5715691e3fdcfbaeb689bd4a0b687a8682bfabdb8b57550aa82e0be,b52a7d3ef5715691e3fdcfbaeb689bd4a0b687a8682bfabdb8b57550aa82e0be,True,,"{""BACKTEST_VALIDATED_GATES_TRADIER"":false,""BASE_TF"":""5m"",""COMBINED_STOCH_GATE_TRADIER"":100.0,""COOLDOWN_BARS"":0,""COOLDOWN_BARS_TRADIER"":0,""DELTA_ENGINE_ENABLED"":true,""DELTA_MAX_HOLD_BARS"":1,""D_TREND_REQUIRED"":false,""HTF_ALIGNMENT_ENABLED"":false,""K3M_FLOOR"":0.0,""KINDERGARTEN_EMA_GATE_ENABLED"":false,""K_ZONE_ENTRY_ENABLED_TRADIER"":true,""MFI_ENTRY_ENABLED"":false,""MIN_HOLD_BARS"":0,""MIN_HOLD_BARS_BEFORE_EXIT"":0,""MIN_HOLD_MINUTES_TRADIER"":0.0,""MTF_ARMED_WT_DIRECTION_SUSPEND_ENABLED"":false,""RSI_ENTRY_LONG_TRADIER"":-1.0,""RSI_ENTRY_SHORT_TRADIER"":101.0,""START_POSITION_SIZE"":10000.0,""STOCH_CROSS_ENTRY_TRADIER"":false,""TRADIER_ENTRY_SCORE_THRESHOLD"":7.25,""TRADIER_K_ZONE_ENTRY_BONUS_TRADIER"":25,""WT_COMPOSITE_SCORING_ENABLED_TRADIER"":false,""WT_DC_HTF_GATE"":""none"",""WT_TF_15M_ENABLED"":false,""WT_TF_1H_ENABLED"":true,""WT_TF_4H_ENABLED"":false,""WT_TF_5M_ENABLED"":false,""WT_TF_D_ENABLED"":false}"
TRADIER_K_ZONE_ENTRY_BONUS_TRADIER,STRATEGY_CAUSAL,declared strategy/catalog/live-path setting,PASS,all applicable values/timeframes change real execution uniquely,ENGINE_AUTO_WIRED|ENTRY|QUICK_CONFIG|RECENT_5D,DISCONNECTED_LIVE_PATHS|ENGINE_AUTO_WIRED|QUICK_CONFIG|RECENT_RESULTS_5D,True,True,False,False,False,True,1h,WT_TF_1H_ENABLED,1,True,-691.8231526405806,-691.5067470882992,-0.3164055522813669,-10.50240780840863,1489,2.92,16.19770186870166,-0.04955696743761591,00207221d4a55b46f649a38291749e30e887343be28d5d453c986e87d445099a,b52a7d3ef5715691e3fdcfbaeb689bd4a0b687a8682bfabdb8b57550aa82e0be,True,,"{""BACKTEST_VALIDATED_GATES_TRADIER"":false,""BASE_TF"":""5m"",""COMBINED_STOCH_GATE_TRADIER"":100.0,""COOLDOWN_BARS"":0,""COOLDOWN_BARS_TRADIER"":0,""DELTA_ENGINE_ENABLED"":true,""DELTA_MAX_HOLD_BARS"":1,""D_TREND_REQUIRED"":false,""HTF_ALIGNMENT_ENABLED"":false,""K3M_FLOOR"":0.0,""KINDERGARTEN_EMA_GATE_ENABLED"":false,""K_ZONE_ENTRY_ENABLED_TRADIER"":true,""MFI_ENTRY_ENABLED"":false,""MIN_HOLD_BARS"":0,""MIN_HOLD_BARS_BEFORE_EXIT"":0,""MIN_HOLD_MINUTES_TRADIER"":0.0,""MTF_ARMED_WT_DIRECTION_SUSPEND_ENABLED"":false,""RSI_ENTRY_LONG_TRADIER"":-1.0,""RSI_ENTRY_SHORT_TRADIER"":101.0,""START_POSITION_SIZE"":10000.0,""STOCH_CROSS_ENTRY_TRADIER"":false,""TRADIER_ENTRY_SCORE_THRESHOLD"":7.25,""TRADIER_K_ZONE_ENTRY_BONUS_TRADIER"":1,""WT_COMPOSITE_SCORING_ENABLED_TRADIER"":false,""WT_DC_HTF_GATE"":""none"",""WT_TF_15M_ENABLED"":false,""WT_TF_1H_ENABLED"":true,""WT_TF_4H_ENABLED"":false,""WT_TF_5M_ENABLED"":false,""WT_TF_D_ENABLED"":false}"
TRADIER_K_ZONE_ENTRY_BONUS_TRADIER,STRATEGY_CAUSAL,declared strategy/catalog/live-path setting,PASS,all applicable values/timeframes change real execution uniquely,ENGINE_AUTO_WIRED|ENTRY|QUICK_CONFIG|RECENT_5D,DISCONNECTED_LIVE_PATHS|ENGINE_AUTO_WIRED|QUICK_CONFIG|RECENT_RESULTS_5D,True,True,False,False,False,True,1h,WT_TF_1H_ENABLED,3,True,-690.1626420456909,-691.5067470882992,1.344105042608362,-8.841897213518912,1540,3.02,14.50734145830519,-0.04313926736304604,d6c7a8f37f883b642337a69892f7e41235441972d9e038b75d1c1b28668bf04e,b52a7d3ef5715691e3fdcfbaeb689bd4a0b687a8682bfabdb8b57550aa82e0be,True,,"{""BACKTEST_VALIDATED_GATES_TRADIER"":false,""BASE_TF"":""5m"",""COMBINED_STOCH_GATE_TRADIER"":100.0,""COOLDOWN_BARS"":0,""COOLDOWN_BARS_TRADIER"":0,""DELTA_ENGINE_ENABLED"":true,""DELTA_MAX_HOLD_BARS"":1,""D_TREND_REQUIRED"":false,""HTF_ALIGNMENT_ENABLED"":false,""K3M_FLOOR"":0.0,""KINDERGARTEN_EMA_GATE_ENABLED"":false,""K_ZONE_ENTRY_ENABLED_TRADIER"":true,""MFI_ENTRY_ENABLED"":false,""MIN_HOLD_BARS"":0,""MIN_HOLD_BARS_BEFORE_EXIT"":0,""MIN_HOLD_MINUTES_TRADIER"":0.0,""MTF_ARMED_WT_DIRECTION_SUSPEND_ENABLED"":false,""RSI_ENTRY_LONG_TRADIER"":-1.0,""RSI_ENTRY_SHORT_TRADIER"":101.0,""START_POSITION_SIZE"":10000.0,""STOCH_CROSS_ENTRY_TRADIER"":false,""TRADIER_ENTRY_SCORE_THRESHOLD"":7.25,""TRADIER_K_ZONE_ENTRY_BONUS_TRADIER"":3,""WT_COMPOSITE_SCORING_ENABLED_TRADIER"":false,""WT_DC_HTF_GATE"":""none"",""WT_TF_15M_ENABLED"":false,""WT_TF_1H_ENABLED"":true,""WT_TF_4H_ENABLED"":false,""WT_TF_5M_ENABLED"":false,""WT_TF_D_ENABLED"":false}"
TRADIER_K_ZONE_ENTRY_BONUS_TRADIER,STRATEGY_CAUSAL,declared strategy/catalog/live-path setting,PASS,all applicable values/timeframes change real execution uniquely,ENGINE_AUTO_WIRED|ENTRY|QUICK_CONFIG|RECENT_5D,DISCONNECTED_LIVE_PATHS|ENGINE_AUTO_WIRED|QUICK_CONFIG|RECENT_RESULTS_5D,True,True,False,False,False,True,1h,WT_TF_1H_ENABLED,4,True,-689.4388813099866,-691.5067470882992,2.06786577831258,-8.118136477814717,1568,3.08,13.890637544202589,-0.03750416374932785,c612f7f9b64df3dbb8d6fd9a6d64e5fd3851fab6ca8eb7a48c66b56e8ebf4663,b52a7d3ef5715691e3fdcfbaeb689bd4a0b687a8682bfabdb8b57550aa82e0be,True,,"{""BACKTEST_VALIDATED_GATES_TRADIER"":false,""BASE_TF"":""5m"",""COMBINED_STOCH_GATE_TRADIER"":100.0,""COOLDOWN_BARS"":0,""COOLDOWN_BARS_TRADIER"":0,""DELTA_ENGINE_ENABLED"":true,""DELTA_MAX_HOLD_BARS"":1,""D_TREND_REQUIRED"":false,""HTF_ALIGNMENT_ENABLED"":false,""K3M_FLOOR"":0.0,""KINDERGARTEN_EMA_GATE_ENABLED"":false,""K_ZONE_ENTRY_ENABLED_TRADIER"":true,""MFI_ENTRY_ENABLED"":false,""MIN_HOLD_BARS"":0,""MIN_HOLD_BARS_BEFORE_EXIT"":0,""MIN_HOLD_MINUTES_TRADIER"":0.0,""MTF_ARMED_WT_DIRECTION_SUSPEND_ENABLED"":false,""RSI_ENTRY_LONG_TRADIER"":-1.0,""RSI_ENTRY_SHORT_TRADIER"":101.0,""START_POSITION_SIZE"":10000.0,""STOCH_CROSS_ENTRY_TRADIER"":false,""TRADIER_ENTRY_SCORE_THRESHOLD"":7.25,""TRADIER_K_ZONE_ENTRY_BONUS_TRADIER"":4,""WT_COMPOSITE_SCORING_ENABLED_TRADIER"":false,""WT_DC_HTF_GATE"":""none"",""WT_TF_15M_ENABLED"":false,""WT_TF_1H_ENABLED"":true,""WT_TF_4H_ENABLED"":false,""WT_TF_5M_ENABLED"":false,""WT_TF_D_ENABLED"":false}"
TRADIER_K_ZONE_ENTRY_BONUS_TRADIER,STRATEGY_CAUSAL,declared strategy/catalog/live-path setting,PASS,all applicable values/timeframes change real execution uniquely,ENGINE_AUTO_WIRED|ENTRY|QUICK_CONFIG|RECENT_5D,DISCONNECTED_LIVE_PATHS|ENGINE_AUTO_WIRED|QUICK_CONFIG|RECENT_RESULTS_5D,True,True,False,False,False,True,4h,WT_TF_4H_ENABLED,25,False,-687.6740586518446,-687.6740586518446,0.0,-6.353313819672654,1812,3.56,13.357790687165227,-0.010247946539797883,59954c84299d176bfca075c12b9396009e884bf1492878939db4cfb381d3d245,59954c84299d176bfca075c12b9396009e884bf1492878939db4cfb381d3d245,True,,"{""BACKTEST_VALIDATED_GATES_TRADIER"":false,""BASE_TF"":""5m"",""COMBINED_STOCH_GATE_TRADIER"":100.0,""COOLDOWN_BARS"":0,""COOLDOWN_BARS_TRADIER"":0,""DELTA_ENGINE_ENABLED"":true,""DELTA_MAX_HOLD_BARS"":1,""D_TREND_REQUIRED"":false,""HTF_ALIGNMENT_ENABLED"":false,""K3M_FLOOR"":0.0,""KINDERGARTEN_EMA_GATE_ENABLED"":false,""K_ZONE_ENTRY_ENABLED_TRADIER"":true,""MFI_ENTRY_ENABLED"":false,""MIN_HOLD_BARS"":0,""MIN_HOLD_BARS_BEFORE_EXIT"":0,""MIN_HOLD_MINUTES_TRADIER"":0.0,""MTF_ARMED_WT_DIRECTION_SUSPEND_ENABLED"":false,""RSI_ENTRY_LONG_TRADIER"":-1.0,""RSI_ENTRY_SHORT_TRADIER"":101.0,""START_POSITION_SIZE"":10000.0,""STOCH_CROSS_ENTRY_TRADIER"":false,""TRADIER_ENTRY_SCORE_THRESHOLD"":7.25,""TRADIER_K_ZONE_ENTRY_BONUS_TRADIER"":25,""WT_COMPOSITE_SCORING_ENABLED_TRADIER"":false,""WT_DC_HTF_GATE"":""none"",""WT_TF_15M_ENABLED"":false,""WT_TF_1H_ENABLED"":false,""WT_TF_4H_ENABLED"":true,""WT_TF_5M_ENABLED"":false,""WT_TF_D_ENABLED"":false}"
TRADIER_K_ZONE_ENTRY_BONUS_TRADIER,STRATEGY_CAUSAL,declared strategy/catalog/live-path setting,PASS,all applicable values/timeframes change real execution uniquely,ENGINE_AUTO_WIRED|ENTRY|QUICK_CONFIG|RECENT_5D,DISCONNECTED_LIVE_PATHS|ENGINE_AUTO_WIRED|QUICK_CONFIG|RECENT_RESULTS_5D,True,True,False,False,False,True,4h,WT_TF_4H_ENABLED,1,True,-689.4067751957803,-687.6740586518446,-1.7327165439356804,-8.086030363608348,1599,3.14,15.276664218339024,-0.022089019341419085,0af605f9142c7d66fa7354aabe9cc8321f8ae98c11f177636a0f86cff16b1c2d,59954c84299d176bfca075c12b9396009e884bf1492878939db4cfb381d3d245,True,,"{""BACKTEST_VALIDATED_GATES_TRADIER"":false,""BASE_TF"":""5m"",""COMBINED_STOCH_GATE_TRADIER"":100.0,""COOLDOWN_BARS"":0,""COOLDOWN_BARS_TRADIER"":0,""DELTA_ENGINE_ENABLED"":true,""DELTA_MAX_HOLD_BARS"":1,""D_TREND_REQUIRED"":false,""HTF_ALIGNMENT_ENABLED"":false,""K3M_FLOOR"":0.0,""KINDERGARTEN_EMA_GATE_ENABLED"":false,""K_ZONE_ENTRY_ENABLED_TRADIER"":true,""MFI_ENTRY_ENABLED"":false,""MIN_HOLD_BARS"":0,""MIN_HOLD_BARS_BEFORE_EXIT"":0,""MIN_HOLD_MINUTES_TRADIER"":0.0,""MTF_ARMED_WT_DIRECTION_SUSPEND_ENABLED"":false,""RSI_ENTRY_LONG_TRADIER"":-1.0,""RSI_ENTRY_SHORT_TRADIER"":101.0,""START_POSITION_SIZE"":10000.0,""STOCH_CROSS_ENTRY_TRADIER"":false,""TRADIER_ENTRY_SCORE_THRESHOLD"":7.25,""TRADIER_K_ZONE_ENTRY_BONUS_TRADIER"":1,""WT_COMPOSITE_SCORING_ENABLED_TRADIER"":false,""WT_DC_HTF_GATE"":""none"",""WT_TF_15M_ENABLED"":false,""WT_TF_1H_ENABLED"":false,""WT_TF_4H_ENABLED"":true,""WT_TF_5M_ENABLED"":false,""WT_TF_D_ENABLED"":false}"
TRADIER_K_ZONE_ENTRY_BONUS_TRADIER,STRATEGY_CAUSAL,declared strategy/catalog/live-path setting,PASS,all applicable values/timeframes change real execution uniquely,ENGINE_AUTO_WIRED|ENTRY|QUICK_CONFIG|RECENT_5D,DISCONNECTED_LIVE_PATHS|ENGINE_AUTO_WIRED|QUICK_CONFIG|RECENT_RESULTS_5D,True,True,False,False,False,True,4h,WT_TF_4H_ENABLED,3,True,-689.0765054832792,-687.6740586518446,-1.402446831434645,-7.755760651107307,1681,3.3,14.421968687934317,-0.01790343709217765,d331c2cf5d3025f4ba37aa1da2ee1eb7afb2a5acb4041b5f9729bde770399948,59954c84299d176bfca075c12b9396009e884bf1492878939db4cfb381d3d245,True,,"{""BACKTEST_VALIDATED_GATES_TRADIER"":false,""BASE_TF"":""5m"",""COMBINED_STOCH_GATE_TRADIER"":100.0,""COOLDOWN_BARS"":0,""COOLDOWN_BARS_TRADIER"":0,""DELTA_ENGINE_ENABLED"":true,""DELTA_MAX_HOLD_BARS"":1,""D_TREND_REQUIRED"":false,""HTF_ALIGNMENT_ENABLED"":false,""K3M_FLOOR"":0.0,""KINDERGARTEN_EMA_GATE_ENABLED"":false,""K_ZONE_ENTRY_ENABLED_TRADIER"":true,""MFI_ENTRY_ENABLED"":false,""MIN_HOLD_BARS"":0,""MIN_HOLD_BARS_BEFORE_EXIT"":0,""MIN_HOLD_MINUTES_TRADIER"":0.0,""MTF_ARMED_WT_DIRECTION_SUSPEND_ENABLED"":false,""RSI_ENTRY_LONG_TRADIER"":-1.0,""RSI_ENTRY_SHORT_TRADIER"":101.0,""START_POSITION_SIZE"":10000.0,""STOCH_CROSS_ENTRY_TRADIER"":false,""TRADIER_ENTRY_SCORE_THRESHOLD"":7.25,""TRADIER_K_ZONE_ENTRY_BONUS_TRADIER"":3,""WT_COMPOSITE_SCORING_ENABLED_TRADIER"":false,""WT_DC_HTF_GATE"":""none"",""WT_TF_15M_ENABLED"":false,""WT_TF_1H_ENABLED"":false,""WT_TF_4H_ENABLED"":true,""WT_TF_5M_ENABLED"":false,""WT_TF_D_ENABLED"":false}"
TRADIER_K_ZONE_ENTRY_BONUS_TRADIER,STRATEGY_CAUSAL,declared strategy/catalog/live-path setting,PASS,all applicable values/timeframes change real execution uniquely,ENGINE_AUTO_WIRED|ENTRY|QUICK_CONFIG|RECENT_5D,DISCONNECTED_LIVE_PATHS|ENGINE_AUTO_WIRED|QUICK_CONFIG|RECENT_RESULTS_5D,True,True,False,False,False,True,4h,WT_TF_4H_ENABLED,4,True,-688.6554999047389,-687.6740586518446,-0.9814412528943421,-7.334755072566974,1703,3.34,14.144410364628435,-0.015086499045883122,b49a27a5efd760d01ecf58d4f59de3f5224b815fbf7eeb23b1326ee2e33dc3e7,59954c84299d176bfca075c12b9396009e884bf1492878939db4cfb381d3d245,True,,"{""BACKTEST_VALIDATED_GATES_TRADIER"":false,""BASE_TF"":""5m"",""COMBINED_STOCH_GATE_TRADIER"":100.0,""COOLDOWN_BARS"":0,""COOLDOWN_BARS_TRADIER"":0,""DELTA_ENGINE_ENABLED"":true,""DELTA_MAX_HOLD_BARS"":1,""D_TREND_REQUIRED"":false,""HTF_ALIGNMENT_ENABLED"":false,""K3M_FLOOR"":0.0,""KINDERGARTEN_EMA_GATE_ENABLED"":false,""K_ZONE_ENTRY_ENABLED_TRADIER"":true,""MFI_ENTRY_ENABLED"":false,""MIN_HOLD_BARS"":0,""MIN_HOLD_BARS_BEFORE_EXIT"":0,""MIN_HOLD_MINUTES_TRADIER"":0.0,""MTF_ARMED_WT_DIRECTION_SUSPEND_ENABLED"":false,""RSI_ENTRY_LONG_TRADIER"":-1.0,""RSI_ENTRY_SHORT_TRADIER"":101.0,""START_POSITION_SIZE"":10000.0,""STOCH_CROSS_ENTRY_TRADIER"":false,""TRADIER_ENTRY_SCORE_THRESHOLD"":7.25,""TRADIER_K_ZONE_ENTRY_BONUS_TRADIER"":4,""WT_COMPOSITE_SCORING_ENABLED_TRADIER"":false,""WT_DC_HTF_GATE"":""none"",""WT_TF_15M_ENABLED"":false,""WT_TF_1H_ENABLED"":false,""WT_TF_4H_ENABLED"":true,""WT_TF_5M_ENABLED"":false,""WT_TF_D_ENABLED"":false}"
TRADIER_K_ZONE_ENTRY_BONUS_TRADIER,STRATEGY_CAUSAL,declared strategy/catalog/live-path setting,PASS,all applicable values/timeframes change real execution uniquely,ENGINE_AUTO_WIRED|ENTRY|QUICK_CONFIG|RECENT_5D,DISCONNECTED_LIVE_PATHS|ENGINE_AUTO_WIRED|QUICK_CONFIG|RECENT_RESULTS_5D,True,True,False,False,False,True,D,WT_TF_D_ENABLED,25,False,-695.8872252698625,-695.8872252698625,0.0,-14.56648043769054,1528,3.0,18.76393184274041,-0.0479504663005621,66ff95adadf2dbcc702d85ce0ad30663db2103efc2e869a127e7fd5b360f7394,66ff95adadf2dbcc702d85ce0ad30663db2103efc2e869a127e7fd5b360f7394,True,,"{""BACKTEST_VALIDATED_GATES_TRADIER"":false,""BASE_TF"":""5m"",""COMBINED_STOCH_GATE_TRADIER"":100.0,""COOLDOWN_BARS"":0,""COOLDOWN_BARS_TRADIER"":0,""DELTA_ENGINE_ENABLED"":true,""DELTA_MAX_HOLD_BARS"":1,""D_TREND_REQUIRED"":false,""HTF_ALIGNMENT_ENABLED"":false,""K3M_FLOOR"":0.0,""KINDERGARTEN_EMA_GATE_ENABLED"":false,""K_ZONE_ENTRY_ENABLED_TRADIER"":true,""MFI_ENTRY_ENABLED"":false,""MIN_HOLD_BARS"":0,""MIN_HOLD_BARS_BEFORE_EXIT"":0,""MIN_HOLD_MINUTES_TRADIER"":0.0,""MTF_ARMED_WT_DIRECTION_SUSPEND_ENABLED"":false,""RSI_ENTRY_LONG_TRADIER"":-1.0,""RSI_ENTRY_SHORT_TRADIER"":101.0,""START_POSITION_SIZE"":10000.0,""STOCH_CROSS_ENTRY_TRADIER"":false,""TRADIER_ENTRY_SCORE_THRESHOLD"":7.25,""TRADIER_K_ZONE_ENTRY_BONUS_TRADIER"":25,""WT_COMPOSITE_SCORING_ENABLED_TRADIER"":false,""WT_DC_HTF_GATE"":""none"",""WT_TF_15M_ENABLED"":false,""WT_TF_1H_ENABLED"":false,""WT_TF_4H_ENABLED"":false,""WT_TF_5M_ENABLED"":false,""WT_TF_D_ENABLED"":true}"
TRADIER_K_ZONE_ENTRY_BONUS_TRADIER,STRATEGY_CAUSAL,declared strategy/catalog/live-path setting,PASS,all applicable values/timeframes change real execution uniquely,ENGINE_AUTO_WIRED|ENTRY|QUICK_CONFIG|RECENT_5D,DISCONNECTED_LIVE_PATHS|ENGINE_AUTO_WIRED|QUICK_CONFIG|RECENT_RESULTS_5D,True,True,False,False,False,True,D,WT_TF_D_ENABLED,1,True,-696.1375044521576,-695.8872252698625,-0.2502791822951167,-14.816759619985604,1430,2.81,18.873380326733557,-0.055641236914123975,d55c08fa9868ef36027fe270ecb228beb82753f50c138089bb6c4f44576cdeff,66ff95adadf2dbcc702d85ce0ad30663db2103efc2e869a127e7fd5b360f7394,True,,"{""BACKTEST_VALIDATED_GATES_TRADIER"":false,""BASE_TF"":""5m"",""COMBINED_STOCH_GATE_TRADIER"":100.0,""COOLDOWN_BARS"":0,""COOLDOWN_BARS_TRADIER"":0,""DELTA_ENGINE_ENABLED"":true,""DELTA_MAX_HOLD_BARS"":1,""D_TREND_REQUIRED"":false,""HTF_ALIGNMENT_ENABLED"":false,""K3M_FLOOR"":0.0,""KINDERGARTEN_EMA_GATE_ENABLED"":false,""K_ZONE_ENTRY_ENABLED_TRADIER"":true,""MFI_ENTRY_ENABLED"":false,""MIN_HOLD_BARS"":0,""MIN_HOLD_BARS_BEFORE_EXIT"":0,""MIN_HOLD_MINUTES_TRADIER"":0.0,""MTF_ARMED_WT_DIRECTION_SUSPEND_ENABLED"":false,""RSI_ENTRY_LONG_TRADIER"":-1.0,""RSI_ENTRY_SHORT_TRADIER"":101.0,""START_POSITION_SIZE"":10000.0,""STOCH_CROSS_ENTRY_TRADIER"":false,""TRADIER_ENTRY_SCORE_THRESHOLD"":7.25,""TRADIER_K_ZONE_ENTRY_BONUS_TRADIER"":1,""WT_COMPOSITE_SCORING_ENABLED_TRADIER"":false,""WT_DC_HTF_GATE"":""none"",""WT_TF_15M_ENABLED"":false,""WT_TF_1H_ENABLED"":false,""WT_TF_4H_ENABLED"":false,""WT_TF_5M_ENABLED"":false,""WT_TF_D_ENABLED"":true}"
TRADIER_K_ZONE_ENTRY_BONUS_TRADIER,STRATEGY_CAUSAL,declared strategy/catalog/live-path setting,PASS,all applicable values/timeframes change real execution uniquely,ENGINE_AUTO_WIRED|ENTRY|QUICK_CONFIG|RECENT_5D,DISCONNECTED_LIVE_PATHS|ENGINE_AUTO_WIRED|QUICK_CONFIG|RECENT_RESULTS_5D,True,True,False,False,False,True,D,WT_TF_D_ENABLED,3,True,-695.2479157672456,-695.8872252698625,0.6393095026169249,-13.927170935073619,1469,2.88,18.06201723672131,-0.04804920280232127,bd6315f57401f142a42e9759dcb0fc50e81471a61010ce46ea4cb353c03d8cbb,66ff95adadf2dbcc702d85ce0ad30663db2103efc2e869a127e7fd5b360f7394,True,,"{""BACKTEST_VALIDATED_GATES_TRADIER"":false,""BASE_TF"":""5m"",""COMBINED_STOCH_GATE_TRADIER"":100.0,""COOLDOWN_BARS"":0,""COOLDOWN_BARS_TRADIER"":0,""DELTA_ENGINE_ENABLED"":true,""DELTA_MAX_HOLD_BARS"":1,""D_TREND_REQUIRED"":false,""HTF_ALIGNMENT_ENABLED"":false,""K3M_FLOOR"":0.0,""KINDERGARTEN_EMA_GATE_ENABLED"":false,""K_ZONE_ENTRY_ENABLED_TRADIER"":true,""MFI_ENTRY_ENABLED"":false,""MIN_HOLD_BARS"":0,""MIN_HOLD_BARS_BEFORE_EXIT"":0,""MIN_HOLD_MINUTES_TRADIER"":0.0,""MTF_ARMED_WT_DIRECTION_SUSPEND_ENABLED"":false,""RSI_ENTRY_LONG_TRADIER"":-1.0,""RSI_ENTRY_SHORT_TRADIER"":101.0,""START_POSITION_SIZE"":10000.0,""STOCH_CROSS_ENTRY_TRADIER"":false,""TRADIER_ENTRY_SCORE_THRESHOLD"":7.25,""TRADIER_K_ZONE_ENTRY_BONUS_TRADIER"":3,""WT_COMPOSITE_SCORING_ENABLED_TRADIER"":false,""WT_DC_HTF_GATE"":""none"",""WT_TF_15M_ENABLED"":false,""WT_TF_1H_ENABLED"":false,""WT_TF_4H_ENABLED"":false,""WT_TF_5M_ENABLED"":false,""WT_TF_D_ENABLED"":true}"
TRADIER_K_ZONE_ENTRY_BONUS_TRADIER,STRATEGY_CAUSAL,declared strategy/catalog/live-path setting,PASS,all applicable values/timeframes change real execution uniquely,ENGINE_AUTO_WIRED|ENTRY|QUICK_CONFIG|RECENT_5D,DISCONNECTED_LIVE_PATHS|ENGINE_AUTO_WIRED|QUICK_CONFIG|RECENT_RESULTS_5D,True,True,False,False,False,True,D,WT_TF_D_ENABLED,4,True,-695.0625848988406,-695.8872252698625,0.8246403710219283,-13.741840066668559,1488,2.92,18.009793788407734,-0.04585591578589532,1f029b3deb82efdfdedc1034cfa35b7434d4ef54fac9749a8adc645d0be322f8,66ff95adadf2dbcc702d85ce0ad30663db2103efc2e869a127e7fd5b360f7394,True,,"{""BACKTEST_VALIDATED_GATES_TRADIER"":false,""BASE_TF"":""5m"",""COMBINED_STOCH_GATE_TRADIER"":100.0,""COOLDOWN_BARS"":0,""COOLDOWN_BARS_TRADIER"":0,""DELTA_ENGINE_ENABLED"":true,""DELTA_MAX_HOLD_BARS"":1,""D_TREND_REQUIRED"":false,""HTF_ALIGNMENT_ENABLED"":false,""K3M_FLOOR"":0.0,""KINDERGARTEN_EMA_GATE_ENABLED"":false,""K_ZONE_ENTRY_ENABLED_TRADIER"":true,""MFI_ENTRY_ENABLED"":false,""MIN_HOLD_BARS"":0,""MIN_HOLD_BARS_BEFORE_EXIT"":0,""MIN_HOLD_MINUTES_TRADIER"":0.0,""MTF_ARMED_WT_DIRECTION_SUSPEND_ENABLED"":false,""RSI_ENTRY_LONG_TRADIER"":-1.0,""RSI_ENTRY_SHORT_TRADIER"":101.0,""START_POSITION_SIZE"":10000.0,""STOCH_CROSS_ENTRY_TRADIER"":false,""TRADIER_ENTRY_SCORE_THRESHOLD"":7.25,""TRADIER_K_ZONE_ENTRY_BONUS_TRADIER"":4,""WT_COMPOSITE_SCORING_ENABLED_TRADIER"":false,""WT_DC_HTF_GATE"":""none"",""WT_TF_15M_ENABLED"":false,""WT_TF_1H_ENABLED"":false,""WT_TF_4H_ENABLED"":false,""WT_TF_5M_ENABLED"":false,""WT_TF_D_ENABLED"":true}"
WT_COMPOSITE_SCORING_ENABLED_TRADIER,STRATEGY_CAUSAL,declared strategy/catalog/live-path setting,PASS,all applicable values/timeframes change real execution uniquely,ENGINE_AUTO_WIRED|GLOBAL|OTHER|QUICK_CONFIG|RECENT_5D,DISCONNECTED_LIVE_PATHS|ENGINE_AUTO_WIRED|QUICK_CONFIG|RECENT_RESULTS_5D|SWITCH_CATALOG,True,True,False,False,False,True,5m,WT_TF_5M_ENABLED,false,True,-645.1424579636492,-622.4128855782087,-22.72957238544052,36.1782868685227,6809,13.37,10.169096024064423,0.06806815349857726,0a9f4c0afe24497c41539c0f77fc0329b73d17678db18fdf4e220712cac94bb3,7f866d1221bb003a3e9816fea7473536597ac726cbffeb15239aedaf14cf5671,True,,"{""BACKTEST_VALIDATED_GATES_TRADIER"":false,""BASE_TF"":""5m"",""COMBINED_STOCH_GATE_TRADIER"":100.0,""COOLDOWN_BARS"":0,""COOLDOWN_BARS_TRADIER"":0,""DELTA_ENGINE_ENABLED"":true,""DELTA_MAX_HOLD_BARS"":1,""D_TREND_REQUIRED"":false,""HTF_ALIGNMENT_ENABLED"":false,""K3M_FLOOR"":0.0,""KINDERGARTEN_EMA_GATE_ENABLED"":false,""MFI_ENTRY_ENABLED"":false,""MIN_HOLD_BARS"":0,""MIN_HOLD_BARS_BEFORE_EXIT"":0,""MIN_HOLD_MINUTES_TRADIER"":0.0,""MTF_ARMED_WT_DIRECTION_SUSPEND_ENABLED"":false,""RSI_ENTRY_LONG_TRADIER"":101.0,""RSI_ENTRY_SHORT_TRADIER"":-1.0,""START_POSITION_SIZE"":10000.0,""STOCH_CROSS_ENTRY_TRADIER"":false,""TRADIER_ENTRY_SCORE_THRESHOLD"":0,""WT_COMPOSITE_SCORING_ENABLED_TRADIER"":false,""WT_DC_HTF_GATE"":""none"",""WT_TF_15M_ENABLED"":false,""WT_TF_1H_ENABLED"":false,""WT_TF_4H_ENABLED"":false,""WT_TF_5M_ENABLED"":true,""WT_TF_D_ENABLED"":false}"
WT_COMPOSITE_SCORING_ENABLED_TRADIER,STRATEGY_CAUSAL,declared strategy/catalog/live-path setting,PASS,all applicable values/timeframes change real execution uniquely,ENGINE_AUTO_WIRED|GLOBAL|OTHER|QUICK_CONFIG|RECENT_5D,DISCONNECTED_LIVE_PATHS|ENGINE_AUTO_WIRED|QUICK_CONFIG|RECENT_RESULTS_5D|SWITCH_CATALOG,True,True,False,False,False,True,5m,WT_TF_5M_ENABLED,true,False,-622.4128855782087,-622.4128855782087,0.0,58.907859253963245,6206,12.18,4.800195061591472,0.09442404333231345,7f866d1221bb003a3e9816fea7473536597ac726cbffeb15239aedaf14cf5671,7f866d1221bb003a3e9816fea7473536597ac726cbffeb15239aedaf14cf5671,True,,"{""BACKTEST_VALIDATED_GATES_TRADIER"":false,""BASE_TF"":""5m"",""COMBINED_STOCH_GATE_TRADIER"":100.0,""COOLDOWN_BARS"":0,""COOLDOWN_BARS_TRADIER"":0,""DELTA_ENGINE_ENABLED"":true,""DELTA_MAX_HOLD_BARS"":1,""D_TREND_REQUIRED"":false,""HTF_ALIGNMENT_ENABLED"":false,""K3M_FLOOR"":0.0,""KINDERGARTEN_EMA_GATE_ENABLED"":false,""MFI_ENTRY_ENABLED"":false,""MIN_HOLD_BARS"":0,""MIN_HOLD_BARS_BEFORE_EXIT"":0,""MIN_HOLD_MINUTES_TRADIER"":0.0,""MTF_ARMED_WT_DIRECTION_SUSPEND_ENABLED"":false,""RSI_ENTRY_LONG_TRADIER"":101.0,""RSI_ENTRY_SHORT_TRADIER"":-1.0,""START_POSITION_SIZE"":10000.0,""STOCH_CROSS_ENTRY_TRADIER"":false,""TRADIER_ENTRY_SCORE_THRESHOLD"":0,""WT_COMPOSITE_SCORING_ENABLED_TRADIER"":true,""WT_DC_HTF_GATE"":""none"",""WT_TF_15M_ENABLED"":false,""WT_TF_1H_ENABLED"":false,""WT_TF_4H_ENABLED"":false,""WT_TF_5M_ENABLED"":true,""WT_TF_D_ENABLED"":false}"
WT_COMPOSITE_SCORING_ENABLED_TRADIER,STRATEGY_CAUSAL,declared strategy/catalog/live-path setting,PASS,all applicable values/timeframes change real execution uniquely,ENGINE_AUTO_WIRED|GLOBAL|OTHER|QUICK_CONFIG|RECENT_5D,DISCONNECTED_LIVE_PATHS|ENGINE_AUTO_WIRED|QUICK_CONFIG|RECENT_RESULTS_5D|SWITCH_CATALOG,True,True,False,False,False,True,15m,WT_TF_15M_ENABLED,false,True,-691.0594816375112,-668.2457785653506,-22.813703072160592,-9.73873680533928,5695,11.18,15.390936771501154,-0.004392038409548673,b284252124f59f28b93f7bee5465e722c6cc40bb83fd3739ca3279553f1aa8b4,b436b7ada6e935fa215366c181dbc2f7a780aa021f6384cf0917197739ae66e6,True,,"{""BACKTEST_VALIDATED_GATES_TRADIER"":false,""BASE_TF"":""5m"",""COMBINED_STOCH_GATE_TRADIER"":100.0,""COOLDOWN_BARS"":0,""COOLDOWN_BARS_TRADIER"":0,""DELTA_ENGINE_ENABLED"":true,""DELTA_MAX_HOLD_BARS"":1,""D_TREND_REQUIRED"":false,""HTF_ALIGNMENT_ENABLED"":false,""K3M_FLOOR"":0.0,""KINDERGARTEN_EMA_GATE_ENABLED"":false,""MFI_ENTRY_ENABLED"":false,""MIN_HOLD_BARS"":0,""MIN_HOLD_BARS_BEFORE_EXIT"":0,""MIN_HOLD_MINUTES_TRADIER"":0.0,""MTF_ARMED_WT_DIRECTION_SUSPEND_ENABLED"":false,""RSI_ENTRY_LONG_TRADIER"":101.0,""RSI_ENTRY_SHORT_TRADIER"":-1.0,""START_POSITION_SIZE"":10000.0,""STOCH_CROSS_ENTRY_TRADIER"":false,""TRADIER_ENTRY_SCORE_THRESHOLD"":0,""WT_COMPOSITE_SCORING_ENABLED_TRADIER"":false,""WT_DC_HTF_GATE"":""none"",""WT_TF_15M_ENABLED"":true,""WT_TF_1H_ENABLED"":false,""WT_TF_4H_ENABLED"":false,""WT_TF_5M_ENABLED"":false,""WT_TF_D_ENABLED"":false}"
WT_COMPOSITE_SCORING_ENABLED_TRADIER,STRATEGY_CAUSAL,declared strategy/catalog/live-path setting,PASS,all applicable values/timeframes change real execution uniquely,ENGINE_AUTO_WIRED|GLOBAL|OTHER|QUICK_CONFIG|RECENT_5D,DISCONNECTED_LIVE_PATHS|ENGINE_AUTO_WIRED|QUICK_CONFIG|RECENT_RESULTS_5D|SWITCH_CATALOG,True,True,False,False,False,True,15m,WT_TF_15M_ENABLED,true,False,-668.2457785653506,-668.2457785653506,0.0,13.074966266821328,5118,10.05,6.683238640916475,0.019977213796014574,b436b7ada6e935fa215366c181dbc2f7a780aa021f6384cf0917197739ae66e6,b436b7ada6e935fa215366c181dbc2f7a780aa021f6384cf0917197739ae66e6,True,,"{""BACKTEST_VALIDATED_GATES_TRADIER"":false,""BASE_TF"":""5m"",""COMBINED_STOCH_GATE_TRADIER"":100.0,""COOLDOWN_BARS"":0,""COOLDOWN_BARS_TRADIER"":0,""DELTA_ENGINE_ENABLED"":true,""DELTA_MAX_HOLD_BARS"":1,""D_TREND_REQUIRED"":false,""HTF_ALIGNMENT_ENABLED"":false,""K3M_FLOOR"":0.0,""KINDERGARTEN_EMA_GATE_ENABLED"":false,""MFI_ENTRY_ENABLED"":false,""MIN_HOLD_BARS"":0,""MIN_HOLD_BARS_BEFORE_EXIT"":0,""MIN_HOLD_MINUTES_TRADIER"":0.0,""MTF_ARMED_WT_DIRECTION_SUSPEND_ENABLED"":false,""RSI_ENTRY_LONG_TRADIER"":101.0,""RSI_ENTRY_SHORT_TRADIER"":-1.0,""START_POSITION_SIZE"":10000.0,""STOCH_CROSS_ENTRY_TRADIER"":false,""TRADIER_ENTRY_SCORE_THRESHOLD"":0,""WT_COMPOSITE_SCORING_ENABLED_TRADIER"":true,""WT_DC_HTF_GATE"":""none"",""WT_TF_15M_ENABLED"":true,""WT_TF_1H_ENABLED"":false,""WT_TF_4H_ENABLED"":false,""WT_TF_5M_ENABLED"":false,""WT_TF_D_ENABLED"":false}"
WT_COMPOSITE_SCORING_ENABLED_TRADIER,STRATEGY_CAUSAL,declared strategy/catalog/live-path setting,PASS,all applicable values/timeframes change real execution uniquely,ENGINE_AUTO_WIRED|GLOBAL|OTHER|QUICK_CONFIG|RECENT_5D,DISCONNECTED_LIVE_PATHS|ENGINE_AUTO_WIRED|QUICK_CONFIG|RECENT_RESULTS_5D|SWITCH_CATALOG,True,True,False,False,False,True,1h,WT_TF_1H_ENABLED,false,True,-693.5042971374166,-676.33511059601,-17.16918654140659,-12.18355230524464,5392,10.59,16.36075866107798,-0.01595645568291649,f9ee99f22ddd44aa8ab516171c36e6baa4bbc52f6468ed0dc56a79a84600b18b,9bd15c083d13cf7321f109a48906cfb54b070850d69bf62b15d8e1512390bc6f,True,,"{""BACKTEST_VALIDATED_GATES_TRADIER"":false,""BASE_TF"":""5m"",""COMBINED_STOCH_GATE_TRADIER"":100.0,""COOLDOWN_BARS"":0,""COOLDOWN_BARS_TRADIER"":0,""DELTA_ENGINE_ENABLED"":true,""DELTA_MAX_HOLD_BARS"":1,""D_TREND_REQUIRED"":false,""HTF_ALIGNMENT_ENABLED"":false,""K3M_FLOOR"":0.0,""KINDERGARTEN_EMA_GATE_ENABLED"":false,""MFI_ENTRY_ENABLED"":false,""MIN_HOLD_BARS"":0,""MIN_HOLD_BARS_BEFORE_EXIT"":0,""MIN_HOLD_MINUTES_TRADIER"":0.0,""MTF_ARMED_WT_DIRECTION_SUSPEND_ENABLED"":false,""RSI_ENTRY_LONG_TRADIER"":101.0,""RSI_ENTRY_SHORT_TRADIER"":-1.0,""START_POSITION_SIZE"":10000.0,""STOCH_CROSS_ENTRY_TRADIER"":false,""TRADIER_ENTRY_SCORE_THRESHOLD"":0,""WT_COMPOSITE_SCORING_ENABLED_TRADIER"":false,""WT_DC_HTF_GATE"":""none"",""WT_TF_15M_ENABLED"":false,""WT_TF_1H_ENABLED"":true,""WT_TF_4H_ENABLED"":false,""WT_TF_5M_ENABLED"":false,""WT_TF_D_ENABLED"":false}"
WT_COMPOSITE_SCORING_ENABLED_TRADIER,STRATEGY_CAUSAL,declared strategy/catalog/live-path setting,PASS,all applicable values/timeframes change real execution uniquely,ENGINE_AUTO_WIRED|GLOBAL|OTHER|QUICK_CONFIG|RECENT_5D,DISCONNECTED_LIVE_PATHS|ENGINE_AUTO_WIRED|QUICK_CONFIG|RECENT_RESULTS_5D|SWITCH_CATALOG,True,True,False,False,False,True,1h,WT_TF_1H_ENABLED,true,False,-676.33511059601,-676.33511059601,0.0,4.985634236161853,4805,9.43,8.314645896499112,0.0027117789686008707,9bd15c083d13cf7321f109a48906cfb54b070850d69bf62b15d8e1512390bc6f,9bd15c083d13cf7321f109a48906cfb54b070850d69bf62b15d8e1512390bc6f,True,,"{""BACKTEST_VALIDATED_GATES_TRADIER"":false,""BASE_TF"":""5m"",""COMBINED_STOCH_GATE_TRADIER"":100.0,""COOLDOWN_BARS"":0,""COOLDOWN_BARS_TRADIER"":0,""DELTA_ENGINE_ENABLED"":true,""DELTA_MAX_HOLD_BARS"":1,""D_TREND_REQUIRED"":false,""HTF_ALIGNMENT_ENABLED"":false,""K3M_FLOOR"":0.0,""KINDERGARTEN_EMA_GATE_ENABLED"":false,""MFI_ENTRY_ENABLED"":false,""MIN_HOLD_BARS"":0,""MIN_HOLD_BARS_BEFORE_EXIT"":0,""MIN_HOLD_MINUTES_TRADIER"":0.0,""MTF_ARMED_WT_DIRECTION_SUSPEND_ENABLED"":false,""RSI_ENTRY_LONG_TRADIER"":101.0,""RSI_ENTRY_SHORT_TRADIER"":-1.0,""START_POSITION_SIZE"":10000.0,""STOCH_CROSS_ENTRY_TRADIER"":false,""TRADIER_ENTRY_SCORE_THRESHOLD"":0,""WT_COMPOSITE_SCORING_ENABLED_TRADIER"":true,""WT_DC_HTF_GATE"":""none"",""WT_TF_15M_ENABLED"":false,""WT_TF_1H_ENABLED"":true,""WT_TF_4H_ENABLED"":false,""WT_TF_5M_ENABLED"":false,""WT_TF_D_ENABLED"":false}"
WT_COMPOSITE_SCORING_ENABLED_TRADIER,STRATEGY_CAUSAL,declared strategy/catalog/live-path setting,PASS,all applicable values/timeframes change real execution uniquely,ENGINE_AUTO_WIRED|GLOBAL|OTHER|QUICK_CONFIG|RECENT_5D,DISCONNECTED_LIVE_PATHS|ENGINE_AUTO_WIRED|QUICK_CONFIG|RECENT_RESULTS_5D|SWITCH_CATALOG,True,True,False,False,False,True,4h,WT_TF_4H_ENABLED,false,True,-687.7907331581326,-666.2663205691058,-21.524412589026838,-6.469988325960728,5072,9.96,12.521167236171122,-0.004235989600911993,b3929d79b7284f241bcf5c1a9aa158049fe94d27c4e5d4b7248c9137a671b6fb,5dc9d8d6fe7a75e50d1690add881c42477978820c8060a52c13bbcc591db0a2e,True,,"{""BACKTEST_VALIDATED_GATES_TRADIER"":false,""BASE_TF"":""5m"",""COMBINED_STOCH_GATE_TRADIER"":100.0,""COOLDOWN_BARS"":0,""COOLDOWN_BARS_TRADIER"":0,""DELTA_ENGINE_ENABLED"":true,""DELTA_MAX_HOLD_BARS"":1,""D_TREND_REQUIRED"":false,""HTF_ALIGNMENT_ENABLED"":false,""K3M_FLOOR"":0.0,""KINDERGARTEN_EMA_GATE_ENABLED"":false,""MFI_ENTRY_ENABLED"":false,""MIN_HOLD_BARS"":0,""MIN_HOLD_BARS_BEFORE_EXIT"":0,""MIN_HOLD_MINUTES_TRADIER"":0.0,""MTF_ARMED_WT_DIRECTION_SUSPEND_ENABLED"":false,""RSI_ENTRY_LONG_TRADIER"":101.0,""RSI_ENTRY_SHORT_TRADIER"":-1.0,""START_POSITION_SIZE"":10000.0,""STOCH_CROSS_ENTRY_TRADIER"":false,""TRADIER_ENTRY_SCORE_THRESHOLD"":0,""WT_COMPOSITE_SCORING_ENABLED_TRADIER"":false,""WT_DC_HTF_GATE"":""none"",""WT_TF_15M_ENABLED"":false,""WT_TF_1H_ENABLED"":false,""WT_TF_4H_ENABLED"":true,""WT_TF_5M_ENABLED"":false,""WT_TF_D_ENABLED"":false}"
WT_COMPOSITE_SCORING_ENABLED_TRADIER,STRATEGY_CAUSAL,declared strategy/catalog/live-path setting,PASS,all applicable values/timeframes change real execution uniquely,ENGINE_AUTO_WIRED|GLOBAL|OTHER|QUICK_CONFIG|RECENT_5D,DISCONNECTED_LIVE_PATHS|ENGINE_AUTO_WIRED|QUICK_CONFIG|RECENT_RESULTS_5D|SWITCH_CATALOG,True,True,False,False,False,True,4h,WT_TF_4H_ENABLED,true,False,-666.2663205691058,-666.2663205691058,0.0,15.054424263066208,4480,8.8,5.3345444358305505,0.02417245530179638,5dc9d8d6fe7a75e50d1690add881c42477978820c8060a52c13bbcc591db0a2e,5dc9d8d6fe7a75e50d1690add881c42477978820c8060a52c13bbcc591db0a2e,True,,"{""BACKTEST_VALIDATED_GATES_TRADIER"":false,""BASE_TF"":""5m"",""COMBINED_STOCH_GATE_TRADIER"":100.0,""COOLDOWN_BARS"":0,""COOLDOWN_BARS_TRADIER"":0,""DELTA_ENGINE_ENABLED"":true,""DELTA_MAX_HOLD_BARS"":1,""D_TREND_REQUIRED"":false,""HTF_ALIGNMENT_ENABLED"":false,""K3M_FLOOR"":0.0,""KINDERGARTEN_EMA_GATE_ENABLED"":false,""MFI_ENTRY_ENABLED"":false,""MIN_HOLD_BARS"":0,""MIN_HOLD_BARS_BEFORE_EXIT"":0,""MIN_HOLD_MINUTES_TRADIER"":0.0,""MTF_ARMED_WT_DIRECTION_SUSPEND_ENABLED"":false,""RSI_ENTRY_LONG_TRADIER"":101.0,""RSI_ENTRY_SHORT_TRADIER"":-1.0,""START_POSITION_SIZE"":10000.0,""STOCH_CROSS_ENTRY_TRADIER"":false,""TRADIER_ENTRY_SCORE_THRESHOLD"":0,""WT_COMPOSITE_SCORING_ENABLED_TRADIER"":true,""WT_DC_HTF_GATE"":""none"",""WT_TF_15M_ENABLED"":false,""WT_TF_1H_ENABLED"":false,""WT_TF_4H_ENABLED"":true,""WT_TF_5M_ENABLED"":false,""WT_TF_D_ENABLED"":false}"
WT_COMPOSITE_SCORING_ENABLED_TRADIER,STRATEGY_CAUSAL,declared strategy/catalog/live-path setting,PASS,all applicable values/timeframes change real execution uniquely,ENGINE_AUTO_WIRED|GLOBAL|OTHER|QUICK_CONFIG|RECENT_5D,DISCONNECTED_LIVE_PATHS|ENGINE_AUTO_WIRED|QUICK_CONFIG|RECENT_RESULTS_5D|SWITCH_CATALOG,True,True,False,False,False,True,D,WT_TF_D_ENABLED,false,True,-701.634851706535,-679.6487200162069,-21.98613169032808,-20.314106874363034,5062,9.94,24.48200265452379,-0.025830087418455584,367ae9b7965f3f1646c391b11ff4a21af357b00851c77da0f5c80a27f02a04be,a3ce8ec32b218d1b34fa7af3bd4d134bfd039f338c640c5e2b792ba1a73a470f,True,,"{""BACKTEST_VALIDATED_GATES_TRADIER"":false,""BASE_TF"":""5m"",""COMBINED_STOCH_GATE_TRADIER"":100.0,""COOLDOWN_BARS"":0,""COOLDOWN_BARS_TRADIER"":0,""DELTA_ENGINE_ENABLED"":true,""DELTA_MAX_HOLD_BARS"":1,""D_TREND_REQUIRED"":false,""HTF_ALIGNMENT_ENABLED"":false,""K3M_FLOOR"":0.0,""KINDERGARTEN_EMA_GATE_ENABLED"":false,""MFI_ENTRY_ENABLED"":false,""MIN_HOLD_BARS"":0,""MIN_HOLD_BARS_BEFORE_EXIT"":0,""MIN_HOLD_MINUTES_TRADIER"":0.0,""MTF_ARMED_WT_DIRECTION_SUSPEND_ENABLED"":false,""RSI_ENTRY_LONG_TRADIER"":101.0,""RSI_ENTRY_SHORT_TRADIER"":-1.0,""START_POSITION_SIZE"":10000.0,""STOCH_CROSS_ENTRY_TRADIER"":false,""TRADIER_ENTRY_SCORE_THRESHOLD"":0,""WT_COMPOSITE_SCORING_ENABLED_TRADIER"":false,""WT_DC_HTF_GATE"":""none"",""WT_TF_15M_ENABLED"":false,""WT_TF_1H_ENABLED"":false,""WT_TF_4H_ENABLED"":false,""WT_TF_5M_ENABLED"":false,""WT_TF_D_ENABLED"":true}"
WT_COMPOSITE_SCORING_ENABLED_TRADIER,STRATEGY_CAUSAL,declared strategy/catalog/live-path setting,PASS,all applicable values/timeframes change real execution uniquely,ENGINE_AUTO_WIRED|GLOBAL|OTHER|QUICK_CONFIG|RECENT_5D,DISCONNECTED_LIVE_PATHS|ENGINE_AUTO_WIRED|QUICK_CONFIG|RECENT_RESULTS_5D|SWITCH_CATALOG,True,True,False,False,False,True,D,WT_TF_D_ENABLED,true,False,-679.6487200162069,-679.6487200162069,0.0,1.6720248159650355,4498,8.83,6.745016150975289,-0.0006209121940700478,a3ce8ec32b218d1b34fa7af3bd4d134bfd039f338c640c5e2b792ba1a73a470f,a3ce8ec32b218d1b34fa7af3bd4d134bfd039f338c640c5e2b792ba1a73a470f,True,,"{""BACKTEST_VALIDATED_GATES_TRADIER"":false,""BASE_TF"":""5m"",""COMBINED_STOCH_GATE_TRADIER"":100.0,""COOLDOWN_BARS"":0,""COOLDOWN_BARS_TRADIER"":0,""DELTA_ENGINE_ENABLED"":true,""DELTA_MAX_HOLD_BARS"":1,""D_TREND_REQUIRED"":false,""HTF_ALIGNMENT_ENABLED"":false,""K3M_FLOOR"":0.0,""KINDERGARTEN_EMA_GATE_ENABLED"":false,""MFI_ENTRY_ENABLED"":false,""MIN_HOLD_BARS"":0,""MIN_HOLD_BARS_BEFORE_EXIT"":0,""MIN_HOLD_MINUTES_TRADIER"":0.0,""MTF_ARMED_WT_DIRECTION_SUSPEND_ENABLED"":false,""RSI_ENTRY_LONG_TRADIER"":101.0,""RSI_ENTRY_SHORT_TRADIER"":-1.0,""START_POSITION_SIZE"":10000.0,""STOCH_CROSS_ENTRY_TRADIER"":false,""TRADIER_ENTRY_SCORE_THRESHOLD"":0,""WT_COMPOSITE_SCORING_ENABLED_TRADIER"":true,""WT_DC_HTF_GATE"":""none"",""WT_TF_15M_ENABLED"":false,""WT_TF_1H_ENABLED"":false,""WT_TF_4H_ENABLED"":false,""WT_TF_5M_ENABLED"":false,""WT_TF_D_ENABLED"":true}"
