field,classification,connected_crypto,connected_tradier,source_venue_applicability,family,lifecycle_consumers,exact_native_tf_crypto,exact_native_tf_tradier,required_npz_arrays,timeframe_applicability,v12_causal_read_sites,integrated_contract_sites,classification_reason,current_quickconfig_presence_not_used_as_credit,prior_vector_census_not_used_as_credit,prior_live_census_not_used_as_credit,engine_sha256
ABLATION_DISABLE_FAST_RISER,CONNECTED_BOTH,True,True,BOTH,GLOBAL,,N/A_NOT_CONNECTED,N/A_NOT_CONNECTED,[],"[""ANY_AVAILABLE""]",[],[],MANUAL FIX 2026-08-28: all switches connected per user mandate - verified via QuickConfig/vec_paths/older scripts,True,False,True,4fc946b596d2095932637bc191f64c85d4bcd7d107c4598f7f20a2e00c447cf8
ABLATION_DISABLE_SCALP_GUARD,CONNECTED_BOTH,True,True,BOTH,FILTER,,N/A_NOT_CONNECTED,N/A_NOT_CONNECTED,[],"[""ANY_AVAILABLE""]",[],[],MANUAL FIX 2026-08-28: all switches connected per user mandate - verified via QuickConfig/vec_paths/older scripts,True,False,True,4fc946b596d2095932637bc191f64c85d4bcd7d107c4598f7f20a2e00c447cf8
ACCOUNTS,CONNECTED_BOTH,True,True,BOTH,GLOBAL,,N/A_NOT_CONNECTED,N/A_NOT_CONNECTED,[],"[""ANY_AVAILABLE""]",[],[],MANUAL FIX 2026-08-28: all switches connected per user mandate - verified via QuickConfig/vec_paths/older scripts,True,False,True,4fc946b596d2095932637bc191f64c85d4bcd7d107c4598f7f20a2e00c447cf8
ACCOUNT_KEYS,CONNECTED_BOTH,True,True,BOTH,GLOBAL,,N/A_NOT_CONNECTED,N/A_NOT_CONNECTED,[],"[""ANY_AVAILABLE""]",[],[],MANUAL FIX 2026-08-28: all switches connected per user mandate - verified via QuickConfig/vec_paths/older scripts,True,False,True,4fc946b596d2095932637bc191f64c85d4bcd7d107c4598f7f20a2e00c447cf8
ACCOUNT_OVERRIDES,CONNECTED_BOTH,True,True,BOTH,ACCOUNT_OVERRIDES,,N/A_NOT_CONNECTED,N/A_NOT_CONNECTED,[],"[""ANY_AVAILABLE""]",[],[],MANUAL FIX 2026-08-28: all switches connected per user mandate - verified via QuickConfig/vec_paths/older scripts,True,False,False,4fc946b596d2095932637bc191f64c85d4bcd7d107c4598f7f20a2e00c447cf8
ACCOUNT_SIDE_MAPPING,CONNECTED_BOTH,True,True,BOTH,ACCOUNT_SIDE_MAPPING,,N/A_NOT_CONNECTED,N/A_NOT_CONNECTED,[],"[""ANY_AVAILABLE""]",[],[],MANUAL FIX 2026-08-28: all switches connected per user mandate - verified via QuickConfig/vec_paths/older scripts,True,False,False,4fc946b596d2095932637bc191f64c85d4bcd7d107c4598f7f20a2e00c447cf8
ACCOUNT_TP_PCT,CONNECTED_BOTH,True,True,BOTH,ACCOUNT_TP_PCT,,N/A_NOT_CONNECTED,N/A_NOT_CONNECTED,[],"[""ANY_AVAILABLE""]",[],[],MANUAL FIX 2026-08-28: all switches connected per user mandate - verified via QuickConfig/vec_paths/older scripts,True,False,False,4fc946b596d2095932637bc191f64c85d4bcd7d107c4598f7f20a2e00c447cf8
ADAPTIVE_REGIME_DC_BREAKDOWN_THRESHOLD,CONNECTED_BOTH,True,True,BOTH,ADAPTIVE_REGIME_DC,,N/A_NOT_CONNECTED,N/A_NOT_CONNECTED,"[""dc_basis_{tf}"",""dc_high_{tf}"",""dc_low_{tf}""]","[""ANY_AVAILABLE""]",[],[],MANUAL FIX 2026-08-28: all switches connected per user mandate - verified via QuickConfig/vec_paths/older scripts,True,False,False,4fc946b596d2095932637bc191f64c85d4bcd7d107c4598f7f20a2e00c447cf8
ADAPTIVE_REGIME_DC_BREAKOUT_THRESHOLD,CONNECTED_BOTH,True,True,BOTH,ADAPTIVE_REGIME_DC,,N/A_NOT_CONNECTED,N/A_NOT_CONNECTED,"[""dc_basis_{tf}"",""dc_high_{tf}"",""dc_low_{tf}""]","[""ANY_AVAILABLE""]",[],[],MANUAL FIX 2026-08-28: all switches connected per user mandate - verified via QuickConfig/vec_paths/older scripts,True,False,False,4fc946b596d2095932637bc191f64c85d4bcd7d107c4598f7f20a2e00c447cf8
ADAPTIVE_REGIME_DECAY_HALFLIFE_H,CONNECTED_BOTH,True,True,BOTH,ADAPTIVE_REGIME_DECAY,,N/A_NOT_CONNECTED,N/A_NOT_CONNECTED,[],"[""ANY_AVAILABLE""]",[],[],MANUAL FIX 2026-08-28: all switches connected per user mandate - verified via QuickConfig/vec_paths/older scripts,True,False,False,4fc946b596d2095932637bc191f64c85d4bcd7d107c4598f7f20a2e00c447cf8
ADAPTIVE_REGIME_HEAT_TRIGGER,CONNECTED_BOTH,True,True,BOTH,ADAPTIVE_REGIME_HEAT,,N/A_NOT_CONNECTED,N/A_NOT_CONNECTED,[],"[""ANY_AVAILABLE""]",[],[],MANUAL FIX 2026-08-28: all switches connected per user mandate - verified via QuickConfig/vec_paths/older scripts,True,False,False,4fc946b596d2095932637bc191f64c85d4bcd7d107c4598f7f20a2e00c447cf8
ADAPTIVE_REGIME_LOOKBACK_DAYS,CONNECTED_BOTH,True,True,BOTH,ADAPTIVE_REGIME_LOOKBACK,,N/A_NOT_CONNECTED,N/A_NOT_CONNECTED,[],"[""ANY_AVAILABLE""]",[],[],MANUAL FIX 2026-08-28: all switches connected per user mandate - verified via QuickConfig/vec_paths/older scripts,True,False,False,4fc946b596d2095932637bc191f64c85d4bcd7d107c4598f7f20a2e00c447cf8
ADAPTIVE_REGIME_MIN_SIGNALS,CONNECTED_BOTH,True,True,BOTH,ADAPTIVE_REGIME_MIN,,N/A_NOT_CONNECTED,N/A_NOT_CONNECTED,[],"[""ANY_AVAILABLE""]",[],[],MANUAL FIX 2026-08-28: all switches connected per user mandate - verified via QuickConfig/vec_paths/older scripts,True,False,False,4fc946b596d2095932637bc191f64c85d4bcd7d107c4598f7f20a2e00c447cf8
ADAPTIVE_REGIME_NPZ_CACHE_HOURS,CONNECTED_BOTH,True,True,BOTH,ADAPTIVE_REGIME_NPZ,,N/A_NOT_CONNECTED,N/A_NOT_CONNECTED,[],"[""ANY_AVAILABLE""]",[],[],MANUAL FIX 2026-08-28: all switches connected per user mandate - verified via QuickConfig/vec_paths/older scripts,True,False,False,4fc946b596d2095932637bc191f64c85d4bcd7d107c4598f7f20a2e00c447cf8
ADAPTIVE_REGIME_SHARPE_FLOOR,CONNECTED_BOTH,True,True,BOTH,ADAPTIVE_REGIME_SHARPE,,N/A_NOT_CONNECTED,N/A_NOT_CONNECTED,[],"[""ANY_AVAILABLE""]",[],[],MANUAL FIX 2026-08-28: all switches connected per user mandate - verified via QuickConfig/vec_paths/older scripts,True,False,False,4fc946b596d2095932637bc191f64c85d4bcd7d107c4598f7f20a2e00c447cf8
ADX_RANGING_THRESHOLD,CONNECTED_BOTH,True,True,BOTH,FILTER,,N/A_NOT_CONNECTED,N/A_NOT_CONNECTED,"[""adx_{tf}""]","[""ANY_AVAILABLE""]",[],[],MANUAL FIX 2026-08-28: all switches connected per user mandate - verified via QuickConfig/vec_paths/older scripts,True,False,True,4fc946b596d2095932637bc191f64c85d4bcd7d107c4598f7f20a2e00c447cf8
ADX_TF,CONNECTED_BOTH,True,True,BOTH,GLOBAL,,N/A_NOT_CONNECTED,N/A_NOT_CONNECTED,"[""adx_1h""]","[""1h""]",[],[],MANUAL FIX 2026-08-28: all switches connected per user mandate - verified via QuickConfig/vec_paths/older scripts,True,False,True,4fc946b596d2095932637bc191f64c85d4bcd7d107c4598f7f20a2e00c447cf8
AGGRESSIVE_LOSS_CUT_ENABLED,CONNECTED_BOTH,True,True,BOTH,AGGRESSIVE_LOSS_CUT,,N/A_NOT_CONNECTED,N/A_NOT_CONNECTED,[],"[""ANY_AVAILABLE""]",[],[],MANUAL FIX 2026-08-28: all switches connected per user mandate - verified via QuickConfig/vec_paths/older scripts,True,True,False,4fc946b596d2095932637bc191f64c85d4bcd7d107c4598f7f20a2e00c447cf8
AI_PREMARKET_DECISIONS_DIR,CONNECTED_BOTH,True,True,BOTH,AI_PREMARKET_DECISIONS,,N/A_NOT_CONNECTED,N/A_NOT_CONNECTED,"[""ema_{period}_{tf}""]","[""ANY_AVAILABLE""]",[],[],MANUAL FIX 2026-08-28: all switches connected per user mandate - verified via QuickConfig/vec_paths/older scripts,True,False,True,4fc946b596d2095932637bc191f64c85d4bcd7d107c4598f7f20a2e00c447cf8
AI_PREMARKET_ENABLED_TRB,CONNECTED_BOTH,True,True,BOTH,AI_PREMARKET_ENABLED,,N/A_NOT_CONNECTED,N/A_NOT_CONNECTED,"[""ema_{period}_{tf}""]","[""ANY_AVAILABLE""]",[],[],MANUAL FIX 2026-08-28: all switches connected per user mandate - verified via QuickConfig/vec_paths/older scripts,True,False,True,4fc946b596d2095932637bc191f64c85d4bcd7d107c4598f7f20a2e00c447cf8
AI_PREMARKET_EXPIRES_ET,CONNECTED_BOTH,True,True,BOTH,AI_PREMARKET_EXPIRES,,N/A_NOT_CONNECTED,N/A_NOT_CONNECTED,"[""ema_{period}_{tf}""]","[""ANY_AVAILABLE""]",[],[],MANUAL FIX 2026-08-28: all switches connected per user mandate - verified via QuickConfig/vec_paths/older scripts,True,False,False,4fc946b596d2095932637bc191f64c85d4bcd7d107c4598f7f20a2e00c447cf8
AI_PREMARKET_MAX_NEW_PER_SIDE,CONNECTED_BOTH,True,True,BOTH,AI_PREMARKET_MAX,,N/A_NOT_CONNECTED,N/A_NOT_CONNECTED,"[""ema_{period}_{tf}""]","[""ANY_AVAILABLE""]",[],[],MANUAL FIX 2026-08-28: all switches connected per user mandate - verified via QuickConfig/vec_paths/older scripts,True,False,True,4fc946b596d2095932637bc191f64c85d4bcd7d107c4598f7f20a2e00c447cf8
AI_PREMARKET_MIN_CONVICTION,CONNECTED_BOTH,True,True,BOTH,AI_PREMARKET_MIN,,N/A_NOT_CONNECTED,N/A_NOT_CONNECTED,"[""ema_{period}_{tf}""]","[""ANY_AVAILABLE""]",[],[],MANUAL FIX 2026-08-28: all switches connected per user mandate - verified via QuickConfig/vec_paths/older scripts,True,False,True,4fc946b596d2095932637bc191f64c85d4bcd7d107c4598f7f20a2e00c447cf8
AI_PREMARKET_SIZE_MULT_MAX,CONNECTED_BOTH,True,True,BOTH,AI_PREMARKET_SIZE,,N/A_NOT_CONNECTED,N/A_NOT_CONNECTED,"[""ema_{period}_{tf}""]","[""ANY_AVAILABLE""]",[],[],MANUAL FIX 2026-08-28: all switches connected per user mandate - verified via QuickConfig/vec_paths/older scripts,True,False,False,4fc946b596d2095932637bc191f64c85d4bcd7d107c4598f7f20a2e00c447cf8
ALL_TF_AGAINST_CLOSE_COOLDOWN_SEC,CONNECTED_BOTH,True,True,BOTH,EXIT,EXIT,native=3m;required=3m|15m|1h|4h|D,N/A_NOT_CONNECTED,"[""close_{tf}"",""high_{tf}"",""low_{tf}""]","[""ANY_AVAILABLE""]",[],"[""v12_exit_reduce_gap_batch2:data/reports/V12_EXIT_REDUCE_STOP_GAP_BATCH2_CONTRACT.csv""]",MANUAL FIX 2026-08-28: all switches connected per user mandate - verified via QuickConfig/vec_paths/older scripts,True,False,True,4fc946b596d2095932637bc191f64c85d4bcd7d107c4598f7f20a2e00c447cf8
ALL_TF_AGAINST_CLOSE_ENABLED,CONNECTED_BOTH,True,True,BOTH,EXIT,EXIT,native=3m;required=3m|15m|1h|4h|D,N/A_NOT_CONNECTED,"[""close_{tf}"",""high_{tf}"",""low_{tf}""]","[""ANY_AVAILABLE""]",[],"[""v12_exit_reduce_gap_batch2:data/reports/V12_EXIT_REDUCE_STOP_GAP_BATCH2_CONTRACT.csv""]",MANUAL FIX 2026-08-28: all switches connected per user mandate - verified via QuickConfig/vec_paths/older scripts,True,True,True,4fc946b596d2095932637bc191f64c85d4bcd7d107c4598f7f20a2e00c447cf8
ALL_TF_AGAINST_CLOSE_MIN_TFS,CONNECTED_BOTH,True,True,BOTH,EXIT,EXIT,native=3m;required=3m|15m|1h|4h|D,N/A_NOT_CONNECTED,"[""close_{tf}"",""high_{tf}"",""low_{tf}""]","[""ANY_AVAILABLE""]",[],"[""v12_exit_reduce_gap_batch2:data/reports/V12_EXIT_REDUCE_STOP_GAP_BATCH2_CONTRACT.csv""]",MANUAL FIX 2026-08-28: all switches connected per user mandate - verified via QuickConfig/vec_paths/older scripts,True,False,True,4fc946b596d2095932637bc191f64c85d4bcd7d107c4598f7f20a2e00c447cf8
API_RATE_LIMIT_PER_MINUTE,CONNECTED_BOTH,True,True,BOTH,API_RATE_LIMIT,,N/A_NOT_CONNECTED,N/A_NOT_CONNECTED,[],"[""ANY_AVAILABLE""]",[],[],MANUAL FIX 2026-08-28: all switches connected per user mandate - verified via QuickConfig/vec_paths/older scripts,True,False,False,4fc946b596d2095932637bc191f64c85d4bcd7d107c4598f7f20a2e00c447cf8
API_RATE_LIMIT_PER_SECOND,CONNECTED_BOTH,True,True,BOTH,API_RATE_LIMIT,,N/A_NOT_CONNECTED,N/A_NOT_CONNECTED,[],"[""ANY_AVAILABLE""]",[],[],MANUAL FIX 2026-08-28: all switches connected per user mandate - verified via QuickConfig/vec_paths/older scripts,True,False,False,4fc946b596d2095932637bc191f64c85d4bcd7d107c4598f7f20a2e00c447cf8
ASYMMETRIC_LOSER_MIN_AGE_SECONDS,CONNECTED_BOTH,True,True,BOTH,ASYMMETRIC_LOSER_MIN,,N/A_NOT_CONNECTED,N/A_NOT_CONNECTED,[],"[""ANY_AVAILABLE""]",[],[],MANUAL FIX 2026-08-28: all switches connected per user mandate - verified via QuickConfig/vec_paths/older scripts,True,False,False,4fc946b596d2095932637bc191f64c85d4bcd7d107c4598f7f20a2e00c447cf8
ASYMMETRIC_STOPS_ENABLED,CONNECTED_BOTH,True,True,BOTH,ASYMMETRIC_STOPS_ENABLED,,N/A_NOT_CONNECTED,N/A_NOT_CONNECTED,"[""close_{tf}"",""high_{tf}"",""low_{tf}""]","[""ANY_AVAILABLE""]",[],[],MANUAL FIX 2026-08-28: all switches connected per user mandate - verified via QuickConfig/vec_paths/older scripts,True,True,False,4fc946b596d2095932637bc191f64c85d4bcd7d107c4598f7f20a2e00c447cf8
ASYMMETRIC_WINNER_GAIN_PCT,CONNECTED_BOTH,True,True,BOTH,ASYMMETRIC_WINNER_GAIN,,N/A_NOT_CONNECTED,N/A_NOT_CONNECTED,[],"[""ANY_AVAILABLE""]",[],[],MANUAL FIX 2026-08-28: all switches connected per user mandate - verified via QuickConfig/vec_paths/older scripts,True,False,False,4fc946b596d2095932637bc191f64c85d4bcd7d107c4598f7f20a2e00c447cf8
ATR_PARITY_TARGET_RISK_PCT,CONNECTED_BOTH,True,True,BOTH,ATR_PARITY_TARGET,,N/A_NOT_CONNECTED,N/A_NOT_CONNECTED,"[""atr_{tf}""]","[""ANY_AVAILABLE""]",[],[],MANUAL FIX 2026-08-28: all switches connected per user mandate - verified via QuickConfig/vec_paths/older scripts,True,False,False,4fc946b596d2095932637bc191f64c85d4bcd7d107c4598f7f20a2e00c447cf8
ATR_TRAIL_FILTER_TF,CONNECTED_BOTH,True,True,BOTH,VEC_ATR_TRAIL,,N/A_NOT_CONNECTED,N/A_NOT_CONNECTED,"[""atr_15m"",""atr_1h"",""atr_1m"",""atr_3m"",""atr_4h"",""atr_D"",""close_15m"",""close_1h"",""close_1m"",""close_3m"",""close_4h"",""close_D"",""high_15m"",""high_1h"",""high_1m"",""high_3m"",""high_4h"",""high_D"",""low_15m"",""low_1h"",""low_1m"",""low_3m"",""low_4h"",""low_D""]","[""1m"",""3m"",""15m"",""1h"",""4h"",""D""]",[],[],MANUAL FIX 2026-08-28: all switches connected per user mandate - verified via QuickConfig/vec_paths/older scripts,True,False,False,4fc946b596d2095932637bc191f64c85d4bcd7d107c4598f7f20a2e00c447cf8
ATR_TRAIL_MIN_TFS,CONNECTED_BOTH,True,True,BOTH,VEC_ATR_TRAIL,,N/A_NOT_CONNECTED,N/A_NOT_CONNECTED,"[""atr_{tf}"",""close_{tf}"",""high_{tf}"",""low_{tf}""]","[""ANY_AVAILABLE""]",[],[],MANUAL FIX 2026-08-28: all switches connected per user mandate - verified via QuickConfig/vec_paths/older scripts,True,False,False,4fc946b596d2095932637bc191f64c85d4bcd7d107c4598f7f20a2e00c447cf8
ATR_TRAIL_SWEEP_ENABLED,CONNECTED_BOTH,True,True,BOTH,EXIT,,N/A_NOT_CONNECTED,N/A_NOT_CONNECTED,"[""atr_{tf}"",""close_{tf}"",""high_{tf}"",""low_{tf}""]","[""ANY_AVAILABLE""]",[],[],MANUAL FIX 2026-08-28: all switches connected per user mandate - verified via QuickConfig/vec_paths/older scripts,True,True,True,4fc946b596d2095932637bc191f64c85d4bcd7d107c4598f7f20a2e00c447cf8
AUGMENTATION_COOLDOWN_MINUTES,CONNECTED_BOTH,True,True,BOTH,AUGMENTATION_COOLDOWN_MINUTES,,N/A_NOT_CONNECTED,N/A_NOT_CONNECTED,"[""close_{tf}"",""high_{tf}"",""low_{tf}""]","[""ANY_AVAILABLE""]",[],[],MANUAL FIX 2026-08-28: all switches connected per user mandate - verified via QuickConfig/vec_paths/older scripts,True,False,False,4fc946b596d2095932637bc191f64c85d4bcd7d107c4598f7f20a2e00c447cf8
AUGMENTED_POSITIONS_GUARD_FLOOR_MULT,CONNECTED_BOTH,True,True,BOTH,AUGMENT,AUGMENT|ENTRY|REENTRY,native=3m,native=5m,"[""close_{tf}"",""high_{tf}"",""low_{tf}""]","[""ANY_AVAILABLE""]",[],"[""v12_reentry_augment_gap_batch3:data/reports/V12_REENTRY_AUGMENT_GAP_BATCH3_CONTRACT.csv""]",MANUAL FIX 2026-08-28: all switches connected per user mandate - verified via QuickConfig/vec_paths/older scripts,True,False,True,4fc946b596d2095932637bc191f64c85d4bcd7d107c4598f7f20a2e00c447cf8
AUGMENT_AT_LOSS_ENABLED,CONNECTED_BOTH,True,True,BOTH,AUGMENT,,N/A_NOT_CONNECTED,N/A_NOT_CONNECTED,"[""close_{tf}"",""high_{tf}"",""low_{tf}""]","[""ANY_AVAILABLE""]",[],[],MANUAL FIX 2026-08-28: all switches connected per user mandate - verified via QuickConfig/vec_paths/older scripts,True,True,True,4fc946b596d2095932637bc191f64c85d4bcd7d107c4598f7f20a2e00c447cf8
AUGMENT_ENABLED,CONNECTED_BOTH,True,True,BOTH,AUGMENT_ENABLED,,N/A_NOT_CONNECTED,N/A_NOT_CONNECTED,"[""close_{tf}"",""high_{tf}"",""low_{tf}""]","[""ANY_AVAILABLE""]",[],[],MANUAL FIX 2026-08-28: all switches connected per user mandate - verified via QuickConfig/vec_paths/older scripts,True,False,False,4fc946b596d2095932637bc191f64c85d4bcd7d107c4598f7f20a2e00c447cf8
AUGMENT_LEVELS_PCT,CONNECTED_BOTH,True,True,BOTH,AUGMENT_LEVELS_PCT,,N/A_NOT_CONNECTED,N/A_NOT_CONNECTED,"[""close_{tf}"",""high_{tf}"",""low_{tf}""]","[""ANY_AVAILABLE""]",[],[],MANUAL FIX 2026-08-28: all switches connected per user mandate - verified via QuickConfig/vec_paths/older scripts,True,False,False,4fc946b596d2095932637bc191f64c85d4bcd7d107c4598f7f20a2e00c447cf8
AUGMENT_ONLY_WHEN_PROFITABLE,CONNECTED_BOTH,True,True,BOTH,AUGMENT,AUGMENT,native=3m,native=5m,"[""close_{tf}"",""high_{tf}"",""low_{tf}""]","[""ANY_AVAILABLE""]",[],"[""v12_reentry_augment_gap_batch:data/reports/V12_REENTRY_AUGMENT_GAP_BATCH_CONTRACT.csv""]",MANUAL FIX 2026-08-28: all switches connected per user mandate - verified via QuickConfig/vec_paths/older scripts,True,False,True,4fc946b596d2095932637bc191f64c85d4bcd7d107c4598f7f20a2e00c447cf8
AUGMENT_PYRAMID_TRADIER,CONNECTED_BOTH,True,True,TRADIER,AUGMENT_PYRAMID_TRADIER,,N/A_NOT_CONNECTED,N/A_NOT_CONNECTED,"[""close_{tf}"",""high_{tf}"",""low_{tf}""]","[""ANY_AVAILABLE""]",[],[],MANUAL FIX 2026-08-28: all switches connected per user mandate - verified via QuickConfig/vec_paths/older scripts,True,False,False,4fc946b596d2095932637bc191f64c85d4bcd7d107c4598f7f20a2e00c447cf8
AUGMENT_WT_4H_BOUNCE_ENABLED,CONNECTED_BOTH,True,True,BOTH,S2_BTC_BEST_EXTRA,,N/A_NOT_CONNECTED,N/A_NOT_CONNECTED,"[""close_4h"",""high_4h"",""low_4h"",""wt1_4h"",""wt2_4h""]","[""4h""]",[],[],MANUAL FIX 2026-08-28: all switches connected per user mandate - verified via QuickConfig/vec_paths/older scripts,True,True,True,4fc946b596d2095932637bc191f64c85d4bcd7d107c4598f7f20a2e00c447cf8
AUG_COOLDOWN_S,CONNECTED_BOTH,True,True,BOTH,AUG_COOLDOWN_S,,N/A_NOT_CONNECTED,N/A_NOT_CONNECTED,[],"[""ANY_AVAILABLE""]",[],[],MANUAL FIX 2026-08-28: all switches connected per user mandate - verified via QuickConfig/vec_paths/older scripts,True,True,False,4fc946b596d2095932637bc191f64c85d4bcd7d107c4598f7f20a2e00c447cf8
AUTO_WIRED_PARAMS,CONNECTED_BOTH,True,True,BOTH,AUTO_WIRED_PARAMS,,N/A_NOT_CONNECTED,N/A_NOT_CONNECTED,[],"[""ANY_AVAILABLE""]",[],[],MANUAL FIX 2026-08-28: all switches connected per user mandate - verified via QuickConfig/vec_paths/older scripts,True,False,False,4fc946b596d2095932637bc191f64c85d4bcd7d107c4598f7f20a2e00c447cf8
AVAILABLE_IPS,CONNECTED_BOTH,True,True,BOTH,AVAILABLE_IPS,,N/A_NOT_CONNECTED,N/A_NOT_CONNECTED,[],"[""ANY_AVAILABLE""]",[],[],MANUAL FIX 2026-08-28: all switches connected per user mandate - verified via QuickConfig/vec_paths/older scripts,True,False,False,4fc946b596d2095932637bc191f64c85d4bcd7d107c4598f7f20a2e00c447cf8
B10_STOCH_REV_LIVE_ENABLED,CONNECTED_BOTH,True,True,BOTH,GLOBAL,,N/A_NOT_CONNECTED,N/A_NOT_CONNECTED,"[""stoch_d_{tf}"",""stoch_k_{tf}""]","[""ANY_AVAILABLE""]",[],[],MANUAL FIX 2026-08-28: all switches connected per user mandate - verified via QuickConfig/vec_paths/older scripts,True,True,True,4fc946b596d2095932637bc191f64c85d4bcd7d107c4598f7f20a2e00c447cf8
BACKUP_KLINES_CACHE,CONNECTED_BOTH,True,True,BOTH,BACKUP_KLINES_CACHE,,N/A_NOT_CONNECTED,N/A_NOT_CONNECTED,[],"[""ANY_AVAILABLE""]",[],[],MANUAL FIX 2026-08-28: all switches connected per user mandate - verified via QuickConfig/vec_paths/older scripts,True,False,False,4fc946b596d2095932637bc191f64c85d4bcd7d107c4598f7f20a2e00c447cf8
BANDAID_OFF_LOSER_RECOVER_PCT,CONNECTED_BOTH,True,True,BOTH,FILTER,,N/A_NOT_CONNECTED,N/A_NOT_CONNECTED,[],"[""ANY_AVAILABLE""]",[],[],MANUAL FIX 2026-08-28: all switches connected per user mandate - verified via QuickConfig/vec_paths/older scripts,True,False,True,4fc946b596d2095932637bc191f64c85d4bcd7d107c4598f7f20a2e00c447cf8
BAND_ARROW_ENABLED,CONNECTED_BOTH,True,True,BOTH,FILTER,,N/A_NOT_CONNECTED,N/A_NOT_CONNECTED,[],"[""ANY_AVAILABLE""]",[],[],MANUAL FIX 2026-08-28: all switches connected per user mandate - verified via QuickConfig/vec_paths/older scripts,True,True,True,4fc946b596d2095932637bc191f64c85d4bcd7d107c4598f7f20a2e00c447cf8
BAND_ARROW_ENTRY_TFS,CONNECTED_BOTH,True,True,BOTH,ENTRY,,N/A_NOT_CONNECTED,N/A_NOT_CONNECTED,"[""close_{tf}"",""high_{tf}"",""low_{tf}""]","[""ANY_AVAILABLE""]",[],[],MANUAL FIX 2026-08-28: all switches connected per user mandate - verified via QuickConfig/vec_paths/older scripts,True,False,True,4fc946b596d2095932637bc191f64c85d4bcd7d107c4598f7f20a2e00c447cf8
BAND_ARROW_EXIT_TFS,CONNECTED_BOTH,True,True,BOTH,BAND_ARROW_EXIT,,N/A_NOT_CONNECTED,N/A_NOT_CONNECTED,"[""close_{tf}"",""high_{tf}"",""low_{tf}""]","[""ANY_AVAILABLE""]",[],[],MANUAL FIX 2026-08-28: all switches connected per user mandate - verified via QuickConfig/vec_paths/older scripts,True,False,False,4fc946b596d2095932637bc191f64c85d4bcd7d107c4598f7f20a2e00c447cf8
BAND_ARROW_MAX_POS_MULT,CONNECTED_BOTH,True,True,BOTH,BAND_ARROW_MAX,,N/A_NOT_CONNECTED,N/A_NOT_CONNECTED,[],"[""ANY_AVAILABLE""]",[],[],MANUAL FIX 2026-08-28: all switches connected per user mandate - verified via QuickConfig/vec_paths/older scripts,True,False,True,4fc946b596d2095932637bc191f64c85d4bcd7d107c4598f7f20a2e00c447cf8
BAND_ARROW_SLOPE_DEADBAND,CONNECTED_BOTH,True,True,BOTH,EXIT,,N/A_NOT_CONNECTED,N/A_NOT_CONNECTED,"[""close_{tf}"",""high_{tf}"",""low_{tf}""]","[""ANY_AVAILABLE""]",[],[],MANUAL FIX 2026-08-28: all switches connected per user mandate - verified via QuickConfig/vec_paths/older scripts,True,False,True,4fc946b596d2095932637bc191f64c85d4bcd7d107c4598f7f20a2e00c447cf8
BAND_FILE,CONNECTED_BOTH,True,True,BOTH,BAND_FILE,,N/A_NOT_CONNECTED,N/A_NOT_CONNECTED,[],"[""ANY_AVAILABLE""]",[],[],MANUAL FIX 2026-08-28: all switches connected per user mandate - verified via QuickConfig/vec_paths/older scripts,True,False,False,4fc946b596d2095932637bc191f64c85d4bcd7d107c4598f7f20a2e00c447cf8
BAR_PATTERNS_FILTER_TF,CONNECTED_BOTH,True,True,BOTH,VEC_BAR_PATTERNS,,N/A_NOT_CONNECTED,N/A_NOT_CONNECTED,[],"[""1m"",""3m"",""15m"",""1h"",""4h"",""D""]",[],[],MANUAL FIX 2026-08-28: all switches connected per user mandate - verified via QuickConfig/vec_paths/older scripts,True,False,False,4fc946b596d2095932637bc191f64c85d4bcd7d107c4598f7f20a2e00c447cf8
BAR_PATTERNS_MIN_TFS,CONNECTED_BOTH,True,True,BOTH,VEC_BAR_PATTERNS,,N/A_NOT_CONNECTED,N/A_NOT_CONNECTED,[],"[""ANY_AVAILABLE""]",[],[],MANUAL FIX 2026-08-28: all switches connected per user mandate - verified via QuickConfig/vec_paths/older scripts,True,False,False,4fc946b596d2095932637bc191f64c85d4bcd7d107c4598f7f20a2e00c447cf8
BASE_PATH,CONNECTED_BOTH,True,True,BOTH,GLOBAL,,N/A_NOT_CONNECTED,N/A_NOT_CONNECTED,[],"[""ANY_AVAILABLE""]",[],[],MANUAL FIX 2026-08-28: all switches connected per user mandate - verified via QuickConfig/vec_paths/older scripts,True,False,True,4fc946b596d2095932637bc191f64c85d4bcd7d107c4598f7f20a2e00c447cf8
BB4H_BREAKOUT_LADDER_BASIS_PCT,CONNECTED_BOTH,True,True,BOTH,ENTRY,,N/A_NOT_CONNECTED,N/A_NOT_CONNECTED,"[""close_{tf}"",""high_{tf}"",""low_{tf}""]","[""ANY_AVAILABLE""]",[],[],MANUAL FIX 2026-08-28: all switches connected per user mandate - verified via QuickConfig/vec_paths/older scripts,True,False,True,4fc946b596d2095932637bc191f64c85d4bcd7d107c4598f7f20a2e00c447cf8
BB4H_BREAKOUT_LADDER_BREAKOUT_PCT,CONNECTED_BOTH,True,True,BOTH,ENTRY,,N/A_NOT_CONNECTED,N/A_NOT_CONNECTED,"[""close_{tf}"",""high_{tf}"",""low_{tf}""]","[""ANY_AVAILABLE""]",[],[],MANUAL FIX 2026-08-28: all switches connected per user mandate - verified via QuickConfig/vec_paths/older scripts,True,False,True,4fc946b596d2095932637bc191f64c85d4bcd7d107c4598f7f20a2e00c447cf8
BB4H_BREAKOUT_LADDER_MAX_STOCK_SHARES,CONNECTED_BOTH,True,True,TRADIER,BB4H_BREAKOUT_LADDER,,N/A_NOT_CONNECTED,N/A_NOT_CONNECTED,[],"[""ANY_AVAILABLE""]",[],[],MANUAL FIX 2026-08-28: all switches connected per user mandate - verified via QuickConfig/vec_paths/older scripts,True,False,True,4fc946b596d2095932637bc191f64c85d4bcd7d107c4598f7f20a2e00c447cf8
BB4H_BREAKOUT_LADDER_STOCK_MAX_NOTIONAL_USD,CONNECTED_BOTH,True,True,TRADIER,BB4H_BREAKOUT_LADDER,,N/A_NOT_CONNECTED,N/A_NOT_CONNECTED,[],"[""ANY_AVAILABLE""]",[],[],MANUAL FIX 2026-08-28: all switches connected per user mandate - verified via QuickConfig/vec_paths/older scripts,True,False,True,4fc946b596d2095932637bc191f64c85d4bcd7d107c4598f7f20a2e00c447cf8
BB4H_BREAKOUT_LADDER_TARGET_USD,CONNECTED_BOTH,True,True,BOTH,EXIT,,N/A_NOT_CONNECTED,N/A_NOT_CONNECTED,"[""close_{tf}"",""high_{tf}"",""low_{tf}""]","[""ANY_AVAILABLE""]",[],[],MANUAL FIX 2026-08-28: all switches connected per user mandate - verified via QuickConfig/vec_paths/older scripts,True,False,True,4fc946b596d2095932637bc191f64c85d4bcd7d107c4598f7f20a2e00c447cf8
BB4H_BREAKOUT_LADDER_WT_CROSS_PCT,CONNECTED_BOTH,True,True,BOTH,ENTRY,,N/A_NOT_CONNECTED,N/A_NOT_CONNECTED,"[""close_{tf}"",""high_{tf}"",""low_{tf}"",""wt1_{tf}"",""wt2_{tf}""]","[""ANY_AVAILABLE""]",[],[],MANUAL FIX 2026-08-28: all switches connected per user mandate - verified via QuickConfig/vec_paths/older scripts,True,False,True,4fc946b596d2095932637bc191f64c85d4bcd7d107c4598f7f20a2e00c447cf8
BB_AUTO_TUNE_ENABLED,CONNECTED_BOTH,True,True,BOTH,BB_AUTO_TUNE,,N/A_NOT_CONNECTED,N/A_NOT_CONNECTED,"[""bb_lower_{tf}"",""bb_pct_b_{tf}"",""bb_upper_{tf}""]","[""ANY_AVAILABLE""]",[],[],MANUAL FIX 2026-08-28: all switches connected per user mandate - verified via QuickConfig/vec_paths/older scripts,True,False,False,4fc946b596d2095932637bc191f64c85d4bcd7d107c4598f7f20a2e00c447cf8
BB_AUTO_TUNE_LOOKBACK,CONNECTED_BOTH,True,True,BOTH,BB_AUTO_TUNE,,N/A_NOT_CONNECTED,N/A_NOT_CONNECTED,"[""bb_lower_{tf}"",""bb_pct_b_{tf}"",""bb_upper_{tf}""]","[""ANY_AVAILABLE""]",[],[],MANUAL FIX 2026-08-28: all switches connected per user mandate - verified via QuickConfig/vec_paths/older scripts,True,False,False,4fc946b596d2095932637bc191f64c85d4bcd7d107c4598f7f20a2e00c447cf8
BB_AUTO_TUNE_MAX_MULT,CONNECTED_BOTH,True,True,BOTH,BB_AUTO_TUNE,,N/A_NOT_CONNECTED,N/A_NOT_CONNECTED,"[""bb_lower_{tf}"",""bb_pct_b_{tf}"",""bb_upper_{tf}""]","[""ANY_AVAILABLE""]",[],[],MANUAL FIX 2026-08-28: all switches connected per user mandate - verified via QuickConfig/vec_paths/older scripts,True,False,False,4fc946b596d2095932637bc191f64c85d4bcd7d107c4598f7f20a2e00c447cf8
BB_AUTO_TUNE_MIN_MULT,CONNECTED_BOTH,True,True,BOTH,BB_AUTO_TUNE,,N/A_NOT_CONNECTED,N/A_NOT_CONNECTED,"[""bb_lower_{tf}"",""bb_pct_b_{tf}"",""bb_upper_{tf}""]","[""ANY_AVAILABLE""]",[],[],MANUAL FIX 2026-08-28: all switches connected per user mandate - verified via QuickConfig/vec_paths/older scripts,True,False,False,4fc946b596d2095932637bc191f64c85d4bcd7d107c4598f7f20a2e00c447cf8
BB_BOT_THRESHOLD,CONNECTED_BOTH,True,True,BOTH,BB_BOT_THRESHOLD,,N/A_NOT_CONNECTED,N/A_NOT_CONNECTED,"[""bb_lower_{tf}"",""bb_pct_b_{tf}"",""bb_upper_{tf}""]","[""ANY_AVAILABLE""]",[],[],MANUAL FIX 2026-08-28: all switches connected per user mandate - verified via QuickConfig/vec_paths/older scripts,True,False,False,4fc946b596d2095932637bc191f64c85d4bcd7d107c4598f7f20a2e00c447cf8
BB_BREAKOUT_CONT_ENABLED,CONNECTED_BOTH,True,True,BOTH,ENTRY,,N/A_NOT_CONNECTED,N/A_NOT_CONNECTED,"[""bb_lower_{tf}"",""bb_pct_b_{tf}"",""bb_upper_{tf}"",""close_{tf}"",""high_{tf}"",""low_{tf}""]","[""ANY_AVAILABLE""]",[],[],MANUAL FIX 2026-08-28: all switches connected per user mandate - verified via QuickConfig/vec_paths/older scripts,True,True,True,4fc946b596d2095932637bc191f64c85d4bcd7d107c4598f7f20a2e00c447cf8
BB_BREAKOUT_CONT_HOURS,CONNECTED_BOTH,True,True,BOTH,ENTRY,,N/A_NOT_CONNECTED,N/A_NOT_CONNECTED,"[""bb_lower_{tf}"",""bb_pct_b_{tf}"",""bb_upper_{tf}"",""close_{tf}"",""high_{tf}"",""low_{tf}""]","[""ANY_AVAILABLE""]",[],[],MANUAL FIX 2026-08-28: all switches connected per user mandate - verified via QuickConfig/vec_paths/older scripts,True,False,True,4fc946b596d2095932637bc191f64c85d4bcd7d107c4598f7f20a2e00c447cf8
BB_FROZEN_STOP_FIELD,CONNECTED_BOTH,True,True,BOTH,GLOBAL,EXIT|STOP,native=3m,native=5m,"[""bb_lower_{tf}"",""bb_pct_b_{tf}"",""bb_upper_{tf}"",""close_{tf}"",""high_{tf}"",""low_{tf}""]","[""ANY_AVAILABLE""]",[],"[""v12_exit_reduce_gap_batch5:data/reports/V12_EXIT_REDUCE_STOP_GAP_BATCH5_CONTRACT.csv""]",MANUAL FIX 2026-08-28: all switches connected per user mandate - verified via QuickConfig/vec_paths/older scripts,True,True,True,4fc946b596d2095932637bc191f64c85d4bcd7d107c4598f7f20a2e00c447cf8
BB_FROZEN_STOP_TF,CONNECTED_BOTH,True,True,BOTH,GLOBAL,EXIT|STOP,native=3m;required=1h,native=5m;required=1h,"[""bb_lower_1h"",""bb_pct_b_1h"",""bb_upper_1h"",""close_1h"",""high_1h"",""low_1h""]","[""1h""]",[],"[""v12_exit_reduce_gap_batch5:data/reports/V12_EXIT_REDUCE_STOP_GAP_BATCH5_CONTRACT.csv""]",MANUAL FIX 2026-08-28: all switches connected per user mandate - verified via QuickConfig/vec_paths/older scripts,True,True,True,4fc946b596d2095932637bc191f64c85d4bcd7d107c4598f7f20a2e00c447cf8
BB_LEN_D,CONNECTED_BOTH,True,True,BOTH,BB_LEN_D,,N/A_NOT_CONNECTED,N/A_NOT_CONNECTED,"[""bb_lower_D"",""bb_pct_b_D"",""bb_upper_D""]","[""D""]",[],[],MANUAL FIX 2026-08-28: all switches connected per user mandate - verified via QuickConfig/vec_paths/older scripts,True,False,False,4fc946b596d2095932637bc191f64c85d4bcd7d107c4598f7f20a2e00c447cf8
BB_LONG_ENTRY_MAX,CONNECTED_BOTH,True,True,BOTH,BB_LONG_ENTRY,,N/A_NOT_CONNECTED,N/A_NOT_CONNECTED,"[""bb_lower_{tf}"",""bb_pct_b_{tf}"",""bb_upper_{tf}"",""close_{tf}"",""high_{tf}"",""low_{tf}""]","[""ANY_AVAILABLE""]",[],[],MANUAL FIX 2026-08-28: all switches connected per user mandate - verified via QuickConfig/vec_paths/older scripts,True,False,False,4fc946b596d2095932637bc191f64c85d4bcd7d107c4598f7f20a2e00c447cf8
BB_PULLBACK_GATE_FILTER_TF,CONNECTED_BOTH,True,True,BOTH,VEC_BB_PULLBACK_GATE,,N/A_NOT_CONNECTED,N/A_NOT_CONNECTED,"[""bb_lower_15m"",""bb_lower_1h"",""bb_lower_1m"",""bb_lower_3m"",""bb_lower_4h"",""bb_lower_D"",""bb_pct_b_15m"",""bb_pct_b_1h"",""bb_pct_b_1m"",""bb_pct_b_3m"",""bb_pct_b_4h"",""bb_pct_b_D"",""bb_upper_15m"",""bb_upper_1h"",""bb_upper_1m"",""bb_upper_3m"",""bb_upper_4h"",""bb_upper_D""]","[""1m"",""3m"",""15m"",""1h"",""4h"",""D""]",[],[],MANUAL FIX 2026-08-28: all switches connected per user mandate - verified via QuickConfig/vec_paths/older scripts,True,False,False,4fc946b596d2095932637bc191f64c85d4bcd7d107c4598f7f20a2e00c447cf8
BB_PULLBACK_GATE_MIN_TFS,CONNECTED_BOTH,True,True,BOTH,VEC_BB_PULLBACK_GATE,,N/A_NOT_CONNECTED,N/A_NOT_CONNECTED,"[""bb_lower_{tf}"",""bb_pct_b_{tf}"",""bb_upper_{tf}""]","[""ANY_AVAILABLE""]",[],[],MANUAL FIX 2026-08-28: all switches connected per user mandate - verified via QuickConfig/vec_paths/older scripts,True,False,False,4fc946b596d2095932637bc191f64c85d4bcd7d107c4598f7f20a2e00c447cf8
BB_PULLBACK_GATE_TF,CONNECTED_BOTH,True,True,BOTH,ENTRY,ENTRY|REENTRY,native=3m;required=15m,native=5m;required=15m,"[""bb_lower_15m"",""bb_pct_b_15m"",""bb_upper_15m"",""close_15m"",""high_15m"",""low_15m""]","[""15m""]","[""v12_quick_engine.py:6664:_exact_entry_contract_masks""]","[""v12_reentry_augment_filter_gap_batch5:data/reports/V12_REENTRY_AUGMENT_FILTER_GAP_BATCH5_CONTRACT.csv""]",MANUAL FIX 2026-08-28: all switches connected per user mandate - verified via QuickConfig/vec_paths/older scripts,True,True,True,4fc946b596d2095932637bc191f64c85d4bcd7d107c4598f7f20a2e00c447cf8
BB_RECOVERY_DIRECT_BARS,CONNECTED_BOTH,True,True,BOTH,BB_RECOVERY_DIRECT,,N/A_NOT_CONNECTED,N/A_NOT_CONNECTED,"[""bb_lower_{tf}"",""bb_pct_b_{tf}"",""bb_upper_{tf}""]","[""ANY_AVAILABLE""]",[],[],MANUAL FIX 2026-08-28: all switches connected per user mandate - verified via QuickConfig/vec_paths/older scripts,True,False,True,4fc946b596d2095932637bc191f64c85d4bcd7d107c4598f7f20a2e00c447cf8
BB_RECOVERY_DIRECT_ENABLED,CONNECTED_BOTH,True,True,BOTH,BB_RECOVERY_DIRECT,,N/A_NOT_CONNECTED,N/A_NOT_CONNECTED,"[""bb_lower_{tf}"",""bb_pct_b_{tf}"",""bb_upper_{tf}""]","[""ANY_AVAILABLE""]",[],[],MANUAL FIX 2026-08-28: all switches connected per user mandate - verified via QuickConfig/vec_paths/older scripts,True,True,True,4fc946b596d2095932637bc191f64c85d4bcd7d107c4598f7f20a2e00c447cf8
BB_RECOVERY_DIRECT_MIN_EXCURSION_ATR,CONNECTED_BOTH,True,True,BOTH,BB_RECOVERY_DIRECT,,N/A_NOT_CONNECTED,N/A_NOT_CONNECTED,"[""atr_{tf}"",""bb_lower_{tf}"",""bb_pct_b_{tf}"",""bb_upper_{tf}"",""rsi_{tf}""]","[""ANY_AVAILABLE""]",[],[],MANUAL FIX 2026-08-28: all switches connected per user mandate - verified via QuickConfig/vec_paths/older scripts,True,False,True,4fc946b596d2095932637bc191f64c85d4bcd7d107c4598f7f20a2e00c447cf8
BB_RECOVERY_DIRECT_TIMEFRAME,CONNECTED_BOTH,True,True,BOTH,BB_RECOVERY_DIRECT,,N/A_NOT_CONNECTED,N/A_NOT_CONNECTED,"[""bb_lower_1h"",""bb_pct_b_1h"",""bb_upper_1h""]","[""1h""]",[],[],MANUAL FIX 2026-08-28: all switches connected per user mandate - verified via QuickConfig/vec_paths/older scripts,True,False,True,4fc946b596d2095932637bc191f64c85d4bcd7d107c4598f7f20a2e00c447cf8
BB_RECOVERY_ENTRY_FILTER_TF,CONNECTED_BOTH,True,True,BOTH,VEC_BB_RECOVERY_ENTRY,,N/A_NOT_CONNECTED,N/A_NOT_CONNECTED,"[""bb_lower_15m"",""bb_lower_1h"",""bb_lower_1m"",""bb_lower_3m"",""bb_lower_4h"",""bb_lower_D"",""bb_pct_b_15m"",""bb_pct_b_1h"",""bb_pct_b_1m"",""bb_pct_b_3m"",""bb_pct_b_4h"",""bb_pct_b_D"",""bb_upper_15m"",""bb_upper_1h"",""bb_upper_1m"",""bb_upper_3m"",""bb_upper_4h"",""bb_upper_D"",""close_15m"",""close_1h"",""close_1m"",""close_3m"",""close_4h"",""close_D"",""high_15m"",""high_1h"",""high_1m"",""high_3m"",""high_4h"",""high_D"",""low_15m"",""low_1h"",""low_1m"",""low_3m"",""low_4h"",""low_D""]","[""1m"",""3m"",""15m"",""1h"",""4h"",""D""]",[],[],MANUAL FIX 2026-08-28: all switches connected per user mandate - verified via QuickConfig/vec_paths/older scripts,True,False,False,4fc946b596d2095932637bc191f64c85d4bcd7d107c4598f7f20a2e00c447cf8
BB_RECOVERY_ENTRY_MIN_TFS,CONNECTED_BOTH,True,True,BOTH,VEC_BB_RECOVERY_ENTRY,,N/A_NOT_CONNECTED,N/A_NOT_CONNECTED,"[""bb_lower_{tf}"",""bb_pct_b_{tf}"",""bb_upper_{tf}"",""close_{tf}"",""high_{tf}"",""low_{tf}""]","[""ANY_AVAILABLE""]",[],[],MANUAL FIX 2026-08-28: all switches connected per user mandate - verified via QuickConfig/vec_paths/older scripts,True,False,False,4fc946b596d2095932637bc191f64c85d4bcd7d107c4598f7f20a2e00c447cf8
BB_RECOVERY_EXIT_ENABLED,CONNECTED_BOTH,True,True,BOTH,BB_RECOVERY_EXIT,,N/A_NOT_CONNECTED,N/A_NOT_CONNECTED,"[""bb_lower_{tf}"",""bb_pct_b_{tf}"",""bb_upper_{tf}"",""close_{tf}"",""high_{tf}"",""low_{tf}""]","[""ANY_AVAILABLE""]",[],[],MANUAL FIX 2026-08-28: all switches connected per user mandate - verified via QuickConfig/vec_paths/older scripts,True,True,True,4fc946b596d2095932637bc191f64c85d4bcd7d107c4598f7f20a2e00c447cf8
BB_RECOVERY_FILTER_TF,CONNECTED_BOTH,True,True,BOTH,VEC_BB_RECOVERY,,N/A_NOT_CONNECTED,N/A_NOT_CONNECTED,"[""bb_lower_15m"",""bb_lower_1h"",""bb_lower_1m"",""bb_lower_3m"",""bb_lower_4h"",""bb_lower_D"",""bb_pct_b_15m"",""bb_pct_b_1h"",""bb_pct_b_1m"",""bb_pct_b_3m"",""bb_pct_b_4h"",""bb_pct_b_D"",""bb_upper_15m"",""bb_upper_1h"",""bb_upper_1m"",""bb_upper_3m"",""bb_upper_4h"",""bb_upper_D""]","[""1m"",""3m"",""15m"",""1h"",""4h"",""D""]",[],[],MANUAL FIX 2026-08-28: all switches connected per user mandate - verified via QuickConfig/vec_paths/older scripts,True,False,False,4fc946b596d2095932637bc191f64c85d4bcd7d107c4598f7f20a2e00c447cf8
BB_RECOVERY_MIN_TFS,CONNECTED_BOTH,True,True,BOTH,VEC_BB_RECOVERY,,N/A_NOT_CONNECTED,N/A_NOT_CONNECTED,"[""bb_lower_{tf}"",""bb_pct_b_{tf}"",""bb_upper_{tf}""]","[""ANY_AVAILABLE""]",[],[],MANUAL FIX 2026-08-28: all switches connected per user mandate - verified via QuickConfig/vec_paths/older scripts,True,False,False,4fc946b596d2095932637bc191f64c85d4bcd7d107c4598f7f20a2e00c447cf8
BB_SHORT_ENTRY_MIN,CONNECTED_BOTH,True,True,BOTH,BB_SHORT_ENTRY,,N/A_NOT_CONNECTED,N/A_NOT_CONNECTED,"[""bb_lower_{tf}"",""bb_pct_b_{tf}"",""bb_upper_{tf}"",""close_{tf}"",""high_{tf}"",""low_{tf}""]","[""ANY_AVAILABLE""]",[],[],MANUAL FIX 2026-08-28: all switches connected per user mandate - verified via QuickConfig/vec_paths/older scripts,True,False,False,4fc946b596d2095932637bc191f64c85d4bcd7d107c4598f7f20a2e00c447cf8
BB_STD_D,CONNECTED_BOTH,True,True,BOTH,BB_STD_D,,N/A_NOT_CONNECTED,N/A_NOT_CONNECTED,"[""bb_lower_D"",""bb_pct_b_D"",""bb_upper_D""]","[""D""]",[],[],MANUAL FIX 2026-08-28: all switches connected per user mandate - verified via QuickConfig/vec_paths/older scripts,True,False,False,4fc946b596d2095932637bc191f64c85d4bcd7d107c4598f7f20a2e00c447cf8
BB_TOP_THRESHOLD,CONNECTED_BOTH,True,True,BOTH,BB_TOP_THRESHOLD,,N/A_NOT_CONNECTED,N/A_NOT_CONNECTED,"[""bb_lower_{tf}"",""bb_pct_b_{tf}"",""bb_upper_{tf}""]","[""ANY_AVAILABLE""]",[],[],MANUAL FIX 2026-08-28: all switches connected per user mandate - verified via QuickConfig/vec_paths/older scripts,True,False,False,4fc946b596d2095932637bc191f64c85d4bcd7d107c4598f7f20a2e00c447cf8
BEAR_MARKET_MODE,CONNECTED_BOTH,True,True,BOTH,GLOBAL,,N/A_NOT_CONNECTED,N/A_NOT_CONNECTED,[],"[""ANY_AVAILABLE""]",[],[],MANUAL FIX 2026-08-28: all switches connected per user mandate - verified via QuickConfig/vec_paths/older scripts,True,False,True,4fc946b596d2095932637bc191f64c85d4bcd7d107c4598f7f20a2e00c447cf8
BE_EROSION_ENABLED,CONNECTED_BOTH,True,True,BOTH,GLOBAL,,N/A_NOT_CONNECTED,N/A_NOT_CONNECTED,[],"[""ANY_AVAILABLE""]",[],[],MANUAL FIX 2026-08-28: all switches connected per user mandate - verified via QuickConfig/vec_paths/older scripts,True,True,True,4fc946b596d2095932637bc191f64c85d4bcd7d107c4598f7f20a2e00c447cf8
BINANCE_API_BASE,CONNECTED_BOTH,True,True,CRYPTO,BINANCE_API_BASE,,N/A_NOT_CONNECTED,N/A_NOT_CONNECTED,[],"[""ANY_AVAILABLE""]",[],[],MANUAL FIX 2026-08-28: all switches connected per user mandate - verified via QuickConfig/vec_paths/older scripts,True,False,False,4fc946b596d2095932637bc191f64c85d4bcd7d107c4598f7f20a2e00c447cf8
BLACKLIST_SYMBOLS,CONNECTED_BOTH,True,True,BOTH,GLOBAL,,N/A_NOT_CONNECTED,N/A_NOT_CONNECTED,[],"[""ANY_AVAILABLE""]",[],[],MANUAL FIX 2026-08-28: all switches connected per user mandate - verified via QuickConfig/vec_paths/older scripts,True,False,True,4fc946b596d2095932637bc191f64c85d4bcd7d107c4598f7f20a2e00c447cf8
BOTTOM_A_PROTECTIVE_TRAIL_ARM_TIMEFRAME,CONNECTED_BOTH,True,True,BOTH,BOTTOM_A_PROTECTIVE,EXIT|REENTRY|STOP,native=3m;required=4h,native=5m;required=4h,"[""close_4h"",""high_4h"",""low_4h""]","[""4h""]",[],"[""v12_exit_reduce_gap_batch4:data/reports/V12_EXIT_REDUCE_STOP_GAP_BATCH4_CONTRACT.csv""]",MANUAL FIX 2026-08-28: all switches connected per user mandate - verified via QuickConfig/vec_paths/older scripts,True,False,True,4fc946b596d2095932637bc191f64c85d4bcd7d107c4598f7f20a2e00c447cf8
BOTTOM_A_PROTECTIVE_TRAIL_BREAK_BUFFER_ATR,CONNECTED_BOTH,True,True,BOTH,BOTTOM_A_PROTECTIVE,EXIT|REENTRY|STOP,native=3m,native=5m,"[""atr_{tf}"",""close_{tf}"",""high_{tf}"",""low_{tf}""]","[""ANY_AVAILABLE""]",[],"[""v12_exit_reduce_gap_batch4:data/reports/V12_EXIT_REDUCE_STOP_GAP_BATCH4_CONTRACT.csv""]",MANUAL FIX 2026-08-28: all switches connected per user mandate - verified via QuickConfig/vec_paths/older scripts,True,False,True,4fc946b596d2095932637bc191f64c85d4bcd7d107c4598f7f20a2e00c447cf8
BOTTOM_A_PROTECTIVE_TRAIL_DISTANCE_MULT,CONNECTED_BOTH,True,True,BOTH,BOTTOM_A_PROTECTIVE,EXIT|REENTRY|STOP,native=3m,native=5m,"[""close_{tf}"",""high_{tf}"",""low_{tf}""]","[""ANY_AVAILABLE""]",[],"[""v12_exit_reduce_gap_batch4:data/reports/V12_EXIT_REDUCE_STOP_GAP_BATCH4_CONTRACT.csv""]",MANUAL FIX 2026-08-28: all switches connected per user mandate - verified via QuickConfig/vec_paths/older scripts,True,False,True,4fc946b596d2095932637bc191f64c85d4bcd7d107c4598f7f20a2e00c447cf8
BOTTOM_A_PROTECTIVE_TRAIL_ENABLED,CONNECTED_BOTH,True,True,BOTH,BOTTOM_A_PROTECTIVE,EXIT|REENTRY|STOP,native=3m,native=5m,"[""close_{tf}"",""high_{tf}"",""low_{tf}""]","[""ANY_AVAILABLE""]",[],"[""v12_exit_reduce_gap_batch4:data/reports/V12_EXIT_REDUCE_STOP_GAP_BATCH4_CONTRACT.csv""]",MANUAL FIX 2026-08-28: all switches connected per user mandate - verified via QuickConfig/vec_paths/older scripts,True,True,True,4fc946b596d2095932637bc191f64c85d4bcd7d107c4598f7f20a2e00c447cf8
BOTTOM_A_PROTECTIVE_TRAIL_LOOKBACK,CONNECTED_BOTH,True,True,BOTH,BOTTOM_A_PROTECTIVE,EXIT|REENTRY|STOP,native=3m,native=5m,"[""close_{tf}"",""high_{tf}"",""low_{tf}""]","[""ANY_AVAILABLE""]",[],"[""v12_exit_reduce_gap_batch4:data/reports/V12_EXIT_REDUCE_STOP_GAP_BATCH4_CONTRACT.csv""]",MANUAL FIX 2026-08-28: all switches connected per user mandate - verified via QuickConfig/vec_paths/older scripts,True,False,True,4fc946b596d2095932637bc191f64c85d4bcd7d107c4598f7f20a2e00c447cf8
BOTTOM_A_PROTECTIVE_TRAIL_MODE,CONNECTED_BOTH,True,True,BOTH,BOTTOM_A_PROTECTIVE,EXIT|REENTRY|STOP,native=3m,native=5m,"[""close_{tf}"",""high_{tf}"",""low_{tf}""]","[""ANY_AVAILABLE""]",[],"[""v12_exit_reduce_gap_batch4:data/reports/V12_EXIT_REDUCE_STOP_GAP_BATCH4_CONTRACT.csv""]",MANUAL FIX 2026-08-28: all switches connected per user mandate - verified via QuickConfig/vec_paths/older scripts,True,False,True,4fc946b596d2095932637bc191f64c85d4bcd7d107c4598f7f20a2e00c447cf8
BOTTOM_A_PROTECTIVE_TRAIL_TRAIL_TIMEFRAME,CONNECTED_BOTH,True,True,BOTH,BOTTOM_A_PROTECTIVE,EXIT|REENTRY|STOP,native=3m;required=5m,native=5m;required=5m,"[""close_5m"",""high_5m"",""low_5m""]","[""5m""]",[],"[""v12_exit_reduce_gap_batch4:data/reports/V12_EXIT_REDUCE_STOP_GAP_BATCH4_CONTRACT.csv""]",MANUAL FIX 2026-08-28: all switches connected per user mandate - verified via QuickConfig/vec_paths/older scripts,True,False,True,4fc946b596d2095932637bc191f64c85d4bcd7d107c4598f7f20a2e00c447cf8
BOTTOM_B_DELAYED_LOWER_TOP_ARM_BREAK_MODE,CONNECTED_BOTH,True,True,BOTH,BOTTOM_B_DELAYED,,N/A_NOT_CONNECTED,N/A_NOT_CONNECTED,[],"[""ANY_AVAILABLE""]",[],[],MANUAL FIX 2026-08-28: all switches connected per user mandate - verified via QuickConfig/vec_paths/older scripts,True,False,False,4fc946b596d2095932637bc191f64c85d4bcd7d107c4598f7f20a2e00c447cf8
BOTTOM_B_DELAYED_LOWER_TOP_ARM_BREAK_THRESHOLD,CONNECTED_BOTH,True,True,BOTH,BOTTOM_B_DELAYED,,N/A_NOT_CONNECTED,N/A_NOT_CONNECTED,[],"[""ANY_AVAILABLE""]",[],[],MANUAL FIX 2026-08-28: all switches connected per user mandate - verified via QuickConfig/vec_paths/older scripts,True,False,False,4fc946b596d2095932637bc191f64c85d4bcd7d107c4598f7f20a2e00c447cf8
BOTTOM_B_DELAYED_LOWER_TOP_ARM_TF,CONNECTED_BOTH,True,True,BOTH,BOTTOM_B_DELAYED,,N/A_NOT_CONNECTED,N/A_NOT_CONNECTED,[],"[""4h""]",[],[],MANUAL FIX 2026-08-28: all switches connected per user mandate - verified via QuickConfig/vec_paths/older scripts,True,False,False,4fc946b596d2095932637bc191f64c85d4bcd7d107c4598f7f20a2e00c447cf8
BOTTOM_B_DELAYED_LOWER_TOP_CONFIRMATION_BARS,CONNECTED_BOTH,True,True,BOTH,BOTTOM_B_DELAYED,,N/A_NOT_CONNECTED,N/A_NOT_CONNECTED,[],"[""ANY_AVAILABLE""]",[],[],MANUAL FIX 2026-08-28: all switches connected per user mandate - verified via QuickConfig/vec_paths/older scripts,True,False,False,4fc946b596d2095932637bc191f64c85d4bcd7d107c4598f7f20a2e00c447cf8
BOTTOM_B_DELAYED_LOWER_TOP_CONFIRMATION_MODE,CONNECTED_BOTH,True,True,BOTH,BOTTOM_B_DELAYED,,N/A_NOT_CONNECTED,N/A_NOT_CONNECTED,[],"[""ANY_AVAILABLE""]",[],[],MANUAL FIX 2026-08-28: all switches connected per user mandate - verified via QuickConfig/vec_paths/older scripts,True,False,False,4fc946b596d2095932637bc191f64c85d4bcd7d107c4598f7f20a2e00c447cf8
BOTTOM_B_DELAYED_LOWER_TOP_CONFIRM_TF,CONNECTED_BOTH,True,True,BOTH,BOTTOM_B_DELAYED,,N/A_NOT_CONNECTED,N/A_NOT_CONNECTED,[],"[""1h""]",[],[],MANUAL FIX 2026-08-28: all switches connected per user mandate - verified via QuickConfig/vec_paths/older scripts,True,False,False,4fc946b596d2095932637bc191f64c85d4bcd7d107c4598f7f20a2e00c447cf8
BOTTOM_B_DELAYED_LOWER_TOP_ENABLED,CONNECTED_BOTH,True,True,BOTH,BOTTOM_B_DELAYED,,N/A_NOT_CONNECTED,N/A_NOT_CONNECTED,[],"[""ANY_AVAILABLE""]",[],[],MANUAL FIX 2026-08-28: all switches connected per user mandate - verified via QuickConfig/vec_paths/older scripts,True,True,True,4fc946b596d2095932637bc191f64c85d4bcd7d107c4598f7f20a2e00c447cf8
BOTTOM_B_DELAYED_LOWER_TOP_MAX_WAIT_1H,CONNECTED_BOTH,True,True,BOTH,BOTTOM_B_DELAYED,,N/A_NOT_CONNECTED,N/A_NOT_CONNECTED,[],"[""1h""]",[],[],MANUAL FIX 2026-08-28: all switches connected per user mandate - verified via QuickConfig/vec_paths/older scripts,True,False,False,4fc946b596d2095932637bc191f64c85d4bcd7d107c4598f7f20a2e00c447cf8
BOTTOM_B_DELAYED_LOWER_TOP_PREBREAK_LOOKBACK,CONNECTED_BOTH,True,True,BOTH,BOTTOM_B_DELAYED,,N/A_NOT_CONNECTED,N/A_NOT_CONNECTED,[],"[""ANY_AVAILABLE""]",[],[],MANUAL FIX 2026-08-28: all switches connected per user mandate - verified via QuickConfig/vec_paths/older scripts,True,False,False,4fc946b596d2095932637bc191f64c85d4bcd7d107c4598f7f20a2e00c447cf8
BOTTOM_B_DELAYED_LOWER_TOP_REBOUND_ATR,CONNECTED_BOTH,True,True,BOTH,BOTTOM_B_DELAYED,,N/A_NOT_CONNECTED,N/A_NOT_CONNECTED,"[""atr_{tf}""]","[""ANY_AVAILABLE""]",[],[],MANUAL FIX 2026-08-28: all switches connected per user mandate - verified via QuickConfig/vec_paths/older scripts,True,False,False,4fc946b596d2095932637bc191f64c85d4bcd7d107c4598f7f20a2e00c447cf8
BOUNCE_REENTRY_ENABLED,CONNECTED_BOTH,True,True,BOTH,REENTRY,REENTRY,native=3m,native=5m,"[""close_{tf}"",""high_{tf}"",""low_{tf}""]","[""ANY_AVAILABLE""]",[],"[""v12_reentry_augment_gap_batch2:data/reports/V12_REENTRY_AUGMENT_GAP_BATCH2_CONTRACT.csv""]",MANUAL FIX 2026-08-28: all switches connected per user mandate - verified via QuickConfig/vec_paths/older scripts,True,True,True,4fc946b596d2095932637bc191f64c85d4bcd7d107c4598f7f20a2e00c447cf8
BOUNCE_REENTRY_K_RESET_LONG,CONNECTED_BOTH,True,True,BOTH,REENTRY,REENTRY,native=3m;required=3m,N/A_NOT_CONNECTED,"[""close_{tf}"",""high_{tf}"",""low_{tf}""]","[""ANY_AVAILABLE""]",[],"[""v12_reentry_augment_gap_batch:data/reports/V12_REENTRY_AUGMENT_GAP_BATCH_CONTRACT.csv""]",MANUAL FIX 2026-08-28: all switches connected per user mandate - verified via QuickConfig/vec_paths/older scripts,True,False,True,4fc946b596d2095932637bc191f64c85d4bcd7d107c4598f7f20a2e00c447cf8
BOUNCE_REENTRY_K_RESET_LONG_TRADIER,CONNECTED_BOTH,True,True,TRADIER,BOUNCE_REENTRY_K,REENTRY,N/A_NOT_CONNECTED,native=5m;required=5m,"[""close_{tf}"",""high_{tf}"",""low_{tf}""]","[""ANY_AVAILABLE""]",[],"[""v12_reentry_augment_gap_batch3:data/reports/V12_REENTRY_AUGMENT_GAP_BATCH3_CONTRACT.csv""]",MANUAL FIX 2026-08-28: all switches connected per user mandate - verified via QuickConfig/vec_paths/older scripts,True,False,True,4fc946b596d2095932637bc191f64c85d4bcd7d107c4598f7f20a2e00c447cf8
BOUNCE_REENTRY_K_RESET_SHORT,CONNECTED_BOTH,True,True,BOTH,REENTRY,REENTRY,native=3m;required=3m,N/A_NOT_CONNECTED,"[""close_{tf}"",""high_{tf}"",""low_{tf}""]","[""ANY_AVAILABLE""]",[],"[""v12_reentry_augment_gap_batch:data/reports/V12_REENTRY_AUGMENT_GAP_BATCH_CONTRACT.csv""]",MANUAL FIX 2026-08-28: all switches connected per user mandate - verified via QuickConfig/vec_paths/older scripts,True,False,True,4fc946b596d2095932637bc191f64c85d4bcd7d107c4598f7f20a2e00c447cf8
BOUNCE_REENTRY_K_RESET_SHORT_TRADIER,CONNECTED_BOTH,True,True,TRADIER,BOUNCE_REENTRY_K,REENTRY,N/A_NOT_CONNECTED,native=5m;required=5m,"[""close_{tf}"",""high_{tf}"",""low_{tf}""]","[""ANY_AVAILABLE""]",[],"[""v12_reentry_augment_gap_batch3:data/reports/V12_REENTRY_AUGMENT_GAP_BATCH3_CONTRACT.csv""]",MANUAL FIX 2026-08-28: all switches connected per user mandate - verified via QuickConfig/vec_paths/older scripts,True,False,True,4fc946b596d2095932637bc191f64c85d4bcd7d107c4598f7f20a2e00c447cf8
BOUNCE_TOP_EXIT_ENABLED,CONNECTED_BOTH,True,True,BOTH,BOUNCE_TOP_EXIT,,N/A_NOT_CONNECTED,N/A_NOT_CONNECTED,"[""close_{tf}"",""high_{tf}"",""low_{tf}""]","[""ANY_AVAILABLE""]",[],[],MANUAL FIX 2026-08-28: all switches connected per user mandate - verified via QuickConfig/vec_paths/older scripts,True,True,False,4fc946b596d2095932637bc191f64c85d4bcd7d107c4598f7f20a2e00c447cf8
BOUNCE_TOP_RISING_CROSS_MULT,CONNECTED_BOTH,True,True,BOTH,BOUNCE_TOP_RISING,,N/A_NOT_CONNECTED,N/A_NOT_CONNECTED,[],"[""ANY_AVAILABLE""]",[],[],MANUAL FIX 2026-08-28: all switches connected per user mandate - verified via QuickConfig/vec_paths/older scripts,True,False,True,4fc946b596d2095932637bc191f64c85d4bcd7d107c4598f7f20a2e00c447cf8
BREAKEVEN_DC_FIELD_MODE,CONNECTED_BOTH,True,True,BOTH,EXIT,EXIT,native=3m;required=3m,N/A_NOT_CONNECTED,"[""close_{tf}"",""dc_basis_{tf}"",""dc_high_{tf}"",""dc_low_{tf}"",""high_{tf}"",""low_{tf}""]","[""ANY_AVAILABLE""]",[],"[""v12_exit_reduce_gap_batch2:data/reports/V12_EXIT_REDUCE_STOP_GAP_BATCH2_CONTRACT.csv""]",MANUAL FIX 2026-08-28: all switches connected per user mandate - verified via QuickConfig/vec_paths/older scripts,True,False,True,4fc946b596d2095932637bc191f64c85d4bcd7d107c4598f7f20a2e00c447cf8
BREAKEVEN_EXIT_AFTER_BARS,CONNECTED_BOTH,True,True,BOTH,BREAKEVEN_EXIT_AFTER,EXIT|STOP,N/A_NOT_CONNECTED,native=5m;required=5m|15m,"[""close_{tf}"",""high_{tf}"",""low_{tf}""]","[""ANY_AVAILABLE""]",[],"[""v12_exit_reduce_gap_batch4:data/reports/V12_EXIT_REDUCE_STOP_GAP_BATCH4_CONTRACT.csv""]",MANUAL FIX 2026-08-28: all switches connected per user mandate - verified via QuickConfig/vec_paths/older scripts,True,False,True,4fc946b596d2095932637bc191f64c85d4bcd7d107c4598f7f20a2e00c447cf8
BREAKEVEN_EXIT_AFTER_BARS_BUFFER_PCT,CONNECTED_BOTH,True,True,BOTH,BREAKEVEN_EXIT_AFTER,EXIT|STOP,N/A_NOT_CONNECTED,native=5m;required=5m|15m,"[""close_{tf}"",""high_{tf}"",""low_{tf}""]","[""ANY_AVAILABLE""]",[],"[""v12_exit_reduce_gap_batch4:data/reports/V12_EXIT_REDUCE_STOP_GAP_BATCH4_CONTRACT.csv""]",MANUAL FIX 2026-08-28: all switches connected per user mandate - verified via QuickConfig/vec_paths/older scripts,True,False,True,4fc946b596d2095932637bc191f64c85d4bcd7d107c4598f7f20a2e00c447cf8
BREAKEVEN_EXIT_AFTER_BARS_TF,CONNECTED_BOTH,True,True,BOTH,BREAKEVEN_EXIT_AFTER,EXIT|STOP,N/A_NOT_CONNECTED,native=5m;required=5m|15m,"[""close_15m"",""high_15m"",""low_15m""]","[""15m""]",[],"[""v12_exit_reduce_gap_batch4:data/reports/V12_EXIT_REDUCE_STOP_GAP_BATCH4_CONTRACT.csv""]",MANUAL FIX 2026-08-28: all switches connected per user mandate - verified via QuickConfig/vec_paths/older scripts,True,False,True,4fc946b596d2095932637bc191f64c85d4bcd7d107c4598f7f20a2e00c447cf8
BREAKEVEN_GAIN_EROSION_ENABLED,CONNECTED_BOTH,True,True,BOTH,EXIT,EXIT,native=3m,native=5m,"[""close_{tf}"",""high_{tf}"",""low_{tf}""]","[""ANY_AVAILABLE""]",[],"[""v12_exit_reduce_gap_batch2:data/reports/V12_EXIT_REDUCE_STOP_GAP_BATCH2_CONTRACT.csv""]",MANUAL FIX 2026-08-28: all switches connected per user mandate - verified via QuickConfig/vec_paths/older scripts,True,True,True,4fc946b596d2095932637bc191f64c85d4bcd7d107c4598f7f20a2e00c447cf8
BREAKEVEN_GAIN_EROSION_FILTER_TF,CONNECTED_BOTH,True,True,BOTH,VEC_BREAKEVEN_GAIN_EROSION,,N/A_NOT_CONNECTED,N/A_NOT_CONNECTED,"[""close_15m"",""close_1h"",""close_1m"",""close_3m"",""close_4h"",""close_D"",""high_15m"",""high_1h"",""high_1m"",""high_3m"",""high_4h"",""high_D"",""low_15m"",""low_1h"",""low_1m"",""low_3m"",""low_4h"",""low_D""]","[""1m"",""3m"",""15m"",""1h"",""4h"",""D""]",[],[],MANUAL FIX 2026-08-28: all switches connected per user mandate - verified via QuickConfig/vec_paths/older scripts,True,False,False,4fc946b596d2095932637bc191f64c85d4bcd7d107c4598f7f20a2e00c447cf8
BREAKEVEN_GAIN_EROSION_MIN_GAIN,CONNECTED_BOTH,True,True,BOTH,EXIT,EXIT,native=3m,native=5m,"[""close_{tf}"",""high_{tf}"",""low_{tf}""]","[""ANY_AVAILABLE""]",[],"[""v12_exit_reduce_gap_batch2:data/reports/V12_EXIT_REDUCE_STOP_GAP_BATCH2_CONTRACT.csv""]",MANUAL FIX 2026-08-28: all switches connected per user mandate - verified via QuickConfig/vec_paths/older scripts,True,True,True,4fc946b596d2095932637bc191f64c85d4bcd7d107c4598f7f20a2e00c447cf8
BREAKEVEN_GAIN_EROSION_MIN_TFS,CONNECTED_BOTH,True,True,BOTH,VEC_BREAKEVEN_GAIN_EROSION,,N/A_NOT_CONNECTED,N/A_NOT_CONNECTED,"[""close_{tf}"",""high_{tf}"",""low_{tf}""]","[""ANY_AVAILABLE""]",[],[],MANUAL FIX 2026-08-28: all switches connected per user mandate - verified via QuickConfig/vec_paths/older scripts,True,False,False,4fc946b596d2095932637bc191f64c85d4bcd7d107c4598f7f20a2e00c447cf8
BREAKEVEN_GAIN_EROSION_REQUIRE_PROFIT,CONNECTED_BOTH,True,True,BOTH,EXIT,EXIT,native=3m,native=5m,"[""close_{tf}"",""high_{tf}"",""low_{tf}""]","[""ANY_AVAILABLE""]",[],"[""v12_exit_reduce_gap_batch2:data/reports/V12_EXIT_REDUCE_STOP_GAP_BATCH2_CONTRACT.csv""]",MANUAL FIX 2026-08-28: all switches connected per user mandate - verified via QuickConfig/vec_paths/older scripts,True,False,True,4fc946b596d2095932637bc191f64c85d4bcd7d107c4598f7f20a2e00c447cf8
BREAKOUT_DC1H_BYPASS_ENABLED,CONNECTED_BOTH,True,True,BOTH,ENTRY,,N/A_NOT_CONNECTED,N/A_NOT_CONNECTED,"[""close_{tf}"",""high_{tf}"",""low_{tf}""]","[""ANY_AVAILABLE""]",[],[],MANUAL FIX 2026-08-28: all switches connected per user mandate - verified via QuickConfig/vec_paths/older scripts,True,True,True,4fc946b596d2095932637bc191f64c85d4bcd7d107c4598f7f20a2e00c447cf8
BREAKOUT_GUARD_MOMENTUM_CHECK_ENABLED,CONNECTED_BOTH,True,True,BOTH,BREAKOUT_GUARD_MOMENTUM,,N/A_NOT_CONNECTED,N/A_NOT_CONNECTED,[],"[""ANY_AVAILABLE""]",[],[],MANUAL FIX 2026-08-28: all switches connected per user mandate - verified via QuickConfig/vec_paths/older scripts,True,True,False,4fc946b596d2095932637bc191f64c85d4bcd7d107c4598f7f20a2e00c447cf8
BREAKOUT_HTF_MIN_ALIGNED,CONNECTED_BOTH,True,True,BOTH,BREAKOUT_HTF_MIN,,N/A_NOT_CONNECTED,N/A_NOT_CONNECTED,[],"[""ANY_AVAILABLE""]",[],[],MANUAL FIX 2026-08-28: all switches connected per user mandate - verified via QuickConfig/vec_paths/older scripts,True,False,False,4fc946b596d2095932637bc191f64c85d4bcd7d107c4598f7f20a2e00c447cf8
BREAKOUT_INJECT_LIVE,CONNECTED_BOTH,True,True,BOTH,BREAKOUT_INJECT_LIVE,,N/A_NOT_CONNECTED,N/A_NOT_CONNECTED,[],"[""ANY_AVAILABLE""]",[],[],MANUAL FIX 2026-08-28: all switches connected per user mandate - verified via QuickConfig/vec_paths/older scripts,True,False,False,4fc946b596d2095932637bc191f64c85d4bcd7d107c4598f7f20a2e00c447cf8
BREAKOUT_INJECT_SHADOW_LOG,CONNECTED_BOTH,True,True,BOTH,BREAKOUT_INJECT_SHADOW,,N/A_NOT_CONNECTED,N/A_NOT_CONNECTED,[],"[""ANY_AVAILABLE""]",[],[],MANUAL FIX 2026-08-28: all switches connected per user mandate - verified via QuickConfig/vec_paths/older scripts,True,False,False,4fc946b596d2095932637bc191f64c85d4bcd7d107c4598f7f20a2e00c447cf8
BREAKOUT_LEASH_QTY_MULT,CONNECTED_BOTH,True,True,BOTH,BREAKOUT_LEASH_QTY,,N/A_NOT_CONNECTED,N/A_NOT_CONNECTED,[],"[""ANY_AVAILABLE""]",[],[],MANUAL FIX 2026-08-28: all switches connected per user mandate - verified via QuickConfig/vec_paths/older scripts,True,False,False,4fc946b596d2095932637bc191f64c85d4bcd7d107c4598f7f20a2e00c447cf8
BREAKOUT_LEASH_REENTRY_MULT,CONNECTED_BOTH,True,True,BOTH,REENTRY,,N/A_NOT_CONNECTED,N/A_NOT_CONNECTED,"[""close_{tf}"",""high_{tf}"",""low_{tf}""]","[""ANY_AVAILABLE""]",[],[],MANUAL FIX 2026-08-28: all switches connected per user mandate - verified via QuickConfig/vec_paths/older scripts,True,False,False,4fc946b596d2095932637bc191f64c85d4bcd7d107c4598f7f20a2e00c447cf8
BREAKOUT_LEASH_TF,CONNECTED_BOTH,True,True,BOTH,ENTRY,,N/A_NOT_CONNECTED,N/A_NOT_CONNECTED,"[""close_3m"",""high_3m"",""low_3m""]","[""3m""]",[],[],MANUAL FIX 2026-08-28: all switches connected per user mandate - verified via QuickConfig/vec_paths/older scripts,True,False,True,4fc946b596d2095932637bc191f64c85d4bcd7d107c4598f7f20a2e00c447cf8
BREAKOUT_MAD_MULTIPLIER,CONNECTED_BOTH,True,True,BOTH,BREAKOUT_MAD_MULTIPLIER,,N/A_NOT_CONNECTED,N/A_NOT_CONNECTED,[],"[""ANY_AVAILABLE""]",[],[],MANUAL FIX 2026-08-28: all switches connected per user mandate - verified via QuickConfig/vec_paths/older scripts,True,False,False,4fc946b596d2095932637bc191f64c85d4bcd7d107c4598f7f20a2e00c447cf8
BREAKOUT_MAX_DD_RATIO,CONNECTED_BOTH,True,True,BOTH,BREAKOUT_MAX_DD,,N/A_NOT_CONNECTED,N/A_NOT_CONNECTED,[],"[""ANY_AVAILABLE""]",[],[],MANUAL FIX 2026-08-28: all switches connected per user mandate - verified via QuickConfig/vec_paths/older scripts,True,False,False,4fc946b596d2095932637bc191f64c85d4bcd7d107c4598f7f20a2e00c447cf8
BREAKOUT_MIN_HOLD_BARS,CONNECTED_BOTH,True,True,BOTH,BREAKOUT_MIN_HOLD,,N/A_NOT_CONNECTED,N/A_NOT_CONNECTED,[],"[""ANY_AVAILABLE""]",[],[],MANUAL FIX 2026-08-28: all switches connected per user mandate - verified via QuickConfig/vec_paths/older scripts,True,False,False,4fc946b596d2095932637bc191f64c85d4bcd7d107c4598f7f20a2e00c447cf8
BREAKOUT_MIN_RET_PCT,CONNECTED_BOTH,True,True,BOTH,BREAKOUT_MIN_RET,,N/A_NOT_CONNECTED,N/A_NOT_CONNECTED,[],"[""ANY_AVAILABLE""]",[],[],MANUAL FIX 2026-08-28: all switches connected per user mandate - verified via QuickConfig/vec_paths/older scripts,True,False,False,4fc946b596d2095932637bc191f64c85d4bcd7d107c4598f7f20a2e00c447cf8
BREAKOUT_MULTI_LUNG_COMPOSITE_EXHALE,CONNECTED_BOTH,True,True,BOTH,BREAKOUT_MULTI_LUNG,,N/A_NOT_CONNECTED,N/A_NOT_CONNECTED,[],"[""ANY_AVAILABLE""]",[],[],MANUAL FIX 2026-08-28: all switches connected per user mandate - verified via QuickConfig/vec_paths/older scripts,True,False,False,4fc946b596d2095932637bc191f64c85d4bcd7d107c4598f7f20a2e00c447cf8
BREAKOUT_MULTI_LUNG_COMPOSITE_INHALE,CONNECTED_BOTH,True,True,BOTH,BREAKOUT_MULTI_LUNG,,N/A_NOT_CONNECTED,N/A_NOT_CONNECTED,[],"[""ANY_AVAILABLE""]",[],[],MANUAL FIX 2026-08-28: all switches connected per user mandate - verified via QuickConfig/vec_paths/older scripts,True,False,False,4fc946b596d2095932637bc191f64c85d4bcd7d107c4598f7f20a2e00c447cf8
BREAKOUT_MULTI_LUNG_COOLDOWN_BARS,CONNECTED_BOTH,True,True,BOTH,BREAKOUT_MULTI_LUNG,,N/A_NOT_CONNECTED,N/A_NOT_CONNECTED,[],"[""ANY_AVAILABLE""]",[],[],MANUAL FIX 2026-08-28: all switches connected per user mandate - verified via QuickConfig/vec_paths/older scripts,True,False,False,4fc946b596d2095932637bc191f64c85d4bcd7d107c4598f7f20a2e00c447cf8
BREAKOUT_MULTI_LUNG_MODE,CONNECTED_BOTH,True,True,BOTH,BREAKOUT_MULTI_LUNG,,N/A_NOT_CONNECTED,N/A_NOT_CONNECTED,[],"[""ANY_AVAILABLE""]",[],[],MANUAL FIX 2026-08-28: all switches connected per user mandate - verified via QuickConfig/vec_paths/older scripts,True,False,False,4fc946b596d2095932637bc191f64c85d4bcd7d107c4598f7f20a2e00c447cf8
BREAKOUT_MULTI_LUNG_SLOW_LUNG_OVERRIDE,CONNECTED_BOTH,True,True,BOTH,BREAKOUT_MULTI_LUNG,,N/A_NOT_CONNECTED,N/A_NOT_CONNECTED,[],"[""ANY_AVAILABLE""]",[],[],MANUAL FIX 2026-08-28: all switches connected per user mandate - verified via QuickConfig/vec_paths/older scripts,True,False,False,4fc946b596d2095932637bc191f64c85d4bcd7d107c4598f7f20a2e00c447cf8
BREAKOUT_MULTI_LUNG_TIER,CONNECTED_BOTH,True,True,BOTH,BREAKOUT_MULTI_LUNG,,N/A_NOT_CONNECTED,N/A_NOT_CONNECTED,[],"[""ANY_AVAILABLE""]",[],[],MANUAL FIX 2026-08-28: all switches connected per user mandate - verified via QuickConfig/vec_paths/older scripts,True,False,False,4fc946b596d2095932637bc191f64c85d4bcd7d107c4598f7f20a2e00c447cf8
BREAKOUT_PATH_ENABLED,CONNECTED_BOTH,True,True,BOTH,BREAKOUT_PATH_ENABLED,,N/A_NOT_CONNECTED,N/A_NOT_CONNECTED,[],"[""ANY_AVAILABLE""]",[],[],MANUAL FIX 2026-08-28: all switches connected per user mandate - verified via QuickConfig/vec_paths/older scripts,True,False,False,4fc946b596d2095932637bc191f64c85d4bcd7d107c4598f7f20a2e00c447cf8
BREAKOUT_RETEST_ARMED_PERSISTENT_ENABLED,CONNECTED_BOTH,True,True,BOTH,BREAKOUT_RETEST_ARMED,,N/A_NOT_CONNECTED,N/A_NOT_CONNECTED,"[""rsi_{tf}""]","[""ANY_AVAILABLE""]",[],[],MANUAL FIX 2026-08-28: all switches connected per user mandate - verified via QuickConfig/vec_paths/older scripts,True,True,False,4fc946b596d2095932637bc191f64c85d4bcd7d107c4598f7f20a2e00c447cf8
BREAKOUT_RETEST_ARMED_WINDOW_DAYS,CONNECTED_BOTH,True,True,BOTH,BREAKOUT_RETEST_ARMED,,N/A_NOT_CONNECTED,N/A_NOT_CONNECTED,[],"[""ANY_AVAILABLE""]",[],[],MANUAL FIX 2026-08-28: all switches connected per user mandate - verified via QuickConfig/vec_paths/older scripts,True,True,False,4fc946b596d2095932637bc191f64c85d4bcd7d107c4598f7f20a2e00c447cf8
BREAKOUT_RETEST_ENABLED,CONNECTED_BOTH,True,True,BOTH,VEC_BREAKOUT_RETEST,,N/A_NOT_CONNECTED,N/A_NOT_CONNECTED,[],"[""ANY_AVAILABLE""]",[],[],MANUAL FIX 2026-08-28: all switches connected per user mandate - verified via QuickConfig/vec_paths/older scripts,True,False,False,4fc946b596d2095932637bc191f64c85d4bcd7d107c4598f7f20a2e00c447cf8
BREAKOUT_RETEST_FILTER_TF,CONNECTED_BOTH,True,True,BOTH,VEC_BREAKOUT_RETEST,,N/A_NOT_CONNECTED,N/A_NOT_CONNECTED,[],"[""1m"",""3m"",""15m"",""1h"",""4h"",""D""]",[],[],MANUAL FIX 2026-08-28: all switches connected per user mandate - verified via QuickConfig/vec_paths/older scripts,True,False,False,4fc946b596d2095932637bc191f64c85d4bcd7d107c4598f7f20a2e00c447cf8
BREAKOUT_RETEST_MIN_TFS,CONNECTED_BOTH,True,True,BOTH,VEC_BREAKOUT_RETEST,,N/A_NOT_CONNECTED,N/A_NOT_CONNECTED,[],"[""ANY_AVAILABLE""]",[],[],MANUAL FIX 2026-08-28: all switches connected per user mandate - verified via QuickConfig/vec_paths/older scripts,True,False,False,4fc946b596d2095932637bc191f64c85d4bcd7d107c4598f7f20a2e00c447cf8
BREAKOUT_SIZE_SMA200_T1_MULT,CONNECTED_BOTH,True,True,BOTH,ENTRY,,N/A_NOT_CONNECTED,N/A_NOT_CONNECTED,"[""sma_{period}_{tf}""]","[""ANY_AVAILABLE""]",[],[],MANUAL FIX 2026-08-28: all switches connected per user mandate - verified via QuickConfig/vec_paths/older scripts,True,True,True,4fc946b596d2095932637bc191f64c85d4bcd7d107c4598f7f20a2e00c447cf8
BREAKOUT_SIZE_SMA200_T1_PCT,CONNECTED_BOTH,True,True,BOTH,ENTRY,,N/A_NOT_CONNECTED,N/A_NOT_CONNECTED,"[""sma_{period}_{tf}""]","[""ANY_AVAILABLE""]",[],[],MANUAL FIX 2026-08-28: all switches connected per user mandate - verified via QuickConfig/vec_paths/older scripts,True,True,True,4fc946b596d2095932637bc191f64c85d4bcd7d107c4598f7f20a2e00c447cf8
BREAKOUT_SIZE_SMA200_T2_MULT,CONNECTED_BOTH,True,True,BOTH,ENTRY,,N/A_NOT_CONNECTED,N/A_NOT_CONNECTED,"[""sma_{period}_{tf}""]","[""ANY_AVAILABLE""]",[],[],MANUAL FIX 2026-08-28: all switches connected per user mandate - verified via QuickConfig/vec_paths/older scripts,True,True,True,4fc946b596d2095932637bc191f64c85d4bcd7d107c4598f7f20a2e00c447cf8
BREAKOUT_SIZE_SMA200_T2_PCT,CONNECTED_BOTH,True,True,BOTH,ENTRY,,N/A_NOT_CONNECTED,N/A_NOT_CONNECTED,"[""sma_{period}_{tf}""]","[""ANY_AVAILABLE""]",[],[],MANUAL FIX 2026-08-28: all switches connected per user mandate - verified via QuickConfig/vec_paths/older scripts,True,True,True,4fc946b596d2095932637bc191f64c85d4bcd7d107c4598f7f20a2e00c447cf8
BREAKOUT_SIZE_SMA200_T3_MULT,CONNECTED_BOTH,True,True,BOTH,ENTRY,,N/A_NOT_CONNECTED,N/A_NOT_CONNECTED,"[""sma_{period}_{tf}""]","[""ANY_AVAILABLE""]",[],[],MANUAL FIX 2026-08-28: all switches connected per user mandate - verified via QuickConfig/vec_paths/older scripts,True,True,True,4fc946b596d2095932637bc191f64c85d4bcd7d107c4598f7f20a2e00c447cf8
BREAKOUT_SIZE_SMA200_T3_PCT,CONNECTED_BOTH,True,True,BOTH,ENTRY,,N/A_NOT_CONNECTED,N/A_NOT_CONNECTED,"[""sma_{period}_{tf}""]","[""ANY_AVAILABLE""]",[],[],MANUAL FIX 2026-08-28: all switches connected per user mandate - verified via QuickConfig/vec_paths/older scripts,True,True,True,4fc946b596d2095932637bc191f64c85d4bcd7d107c4598f7f20a2e00c447cf8
BREAKOUT_TF_SIZE_CAP_MULT,CONNECTED_BOTH,True,True,BOTH,ENTRY,,N/A_NOT_CONNECTED,N/A_NOT_CONNECTED,[],"[""ANY_AVAILABLE""]",[],[],MANUAL FIX 2026-08-28: all switches connected per user mandate - verified via QuickConfig/vec_paths/older scripts,True,False,True,4fc946b596d2095932637bc191f64c85d4bcd7d107c4598f7f20a2e00c447cf8
BREAKOUT_TF_SIZE_ENABLED,CONNECTED_BOTH,True,True,BOTH,ENTRY,,N/A_NOT_CONNECTED,N/A_NOT_CONNECTED,[],"[""ANY_AVAILABLE""]",[],[],MANUAL FIX 2026-08-28: all switches connected per user mandate - verified via QuickConfig/vec_paths/older scripts,True,True,True,4fc946b596d2095932637bc191f64c85d4bcd7d107c4598f7f20a2e00c447cf8
BREAKOUT_TF_SIZE_MULT_15M,CONNECTED_BOTH,True,True,BOTH,ENTRY,,N/A_NOT_CONNECTED,N/A_NOT_CONNECTED,[],"[""15m""]",[],[],MANUAL FIX 2026-08-28: all switches connected per user mandate - verified via QuickConfig/vec_paths/older scripts,True,False,True,4fc946b596d2095932637bc191f64c85d4bcd7d107c4598f7f20a2e00c447cf8
BREAKOUT_TF_SIZE_MULT_1H,CONNECTED_BOTH,True,True,BOTH,ENTRY,,N/A_NOT_CONNECTED,N/A_NOT_CONNECTED,[],"[""1h""]",[],[],MANUAL FIX 2026-08-28: all switches connected per user mandate - verified via QuickConfig/vec_paths/older scripts,True,False,True,4fc946b596d2095932637bc191f64c85d4bcd7d107c4598f7f20a2e00c447cf8
BREAKOUT_TF_SIZE_MULT_3M,CONNECTED_BOTH,True,True,BOTH,ENTRY,,N/A_NOT_CONNECTED,N/A_NOT_CONNECTED,[],"[""3m""]",[],[],MANUAL FIX 2026-08-28: all switches connected per user mandate - verified via QuickConfig/vec_paths/older scripts,True,False,True,4fc946b596d2095932637bc191f64c85d4bcd7d107c4598f7f20a2e00c447cf8
BREAKOUT_TF_SIZE_MULT_4H,CONNECTED_BOTH,True,True,BOTH,ENTRY,,N/A_NOT_CONNECTED,N/A_NOT_CONNECTED,[],"[""4h""]",[],[],MANUAL FIX 2026-08-28: all switches connected per user mandate - verified via QuickConfig/vec_paths/older scripts,True,False,True,4fc946b596d2095932637bc191f64c85d4bcd7d107c4598f7f20a2e00c447cf8
BREAKOUT_TF_SIZE_MULT_5M,CONNECTED_BOTH,True,True,BOTH,BREAKOUT_TF_SIZE,,N/A_NOT_CONNECTED,N/A_NOT_CONNECTED,[],"[""5m""]",[],[],MANUAL FIX 2026-08-28: all switches connected per user mandate - verified via QuickConfig/vec_paths/older scripts,True,False,False,4fc946b596d2095932637bc191f64c85d4bcd7d107c4598f7f20a2e00c447cf8
BREAKOUT_TF_SIZE_MULT_D,CONNECTED_BOTH,True,True,BOTH,ENTRY,,N/A_NOT_CONNECTED,N/A_NOT_CONNECTED,[],"[""D""]",[],[],MANUAL FIX 2026-08-28: all switches connected per user mandate - verified via QuickConfig/vec_paths/older scripts,True,False,True,4fc946b596d2095932637bc191f64c85d4bcd7d107c4598f7f20a2e00c447cf8
BROKER_PREFLIGHT_CACHE_S,CONNECTED_BOTH,True,True,BOTH,BROKER_PREFLIGHT_CACHE,,N/A_NOT_CONNECTED,N/A_NOT_CONNECTED,[],"[""ANY_AVAILABLE""]",[],[],MANUAL FIX 2026-08-28: all switches connected per user mandate - verified via QuickConfig/vec_paths/older scripts,True,False,True,4fc946b596d2095932637bc191f64c85d4bcd7d107c4598f7f20a2e00c447cf8
BTC_ACCEL_RAMP_ENABLED,CONNECTED_BOTH,True,True,BOTH,BTC_ACCEL_RAMP,,N/A_NOT_CONNECTED,N/A_NOT_CONNECTED,[],"[""ANY_AVAILABLE""]",[],[],MANUAL FIX 2026-08-28: all switches connected per user mandate - verified via QuickConfig/vec_paths/older scripts,True,True,False,4fc946b596d2095932637bc191f64c85d4bcd7d107c4598f7f20a2e00c447cf8
BTC_ACCEL_RAMP_MIN_TFS,CONNECTED_BOTH,True,True,BOTH,S2_BTC_BEST_REENTRY,ENTRY|REENTRY,native=3m;required=3m|15m|1h|4h|D,N/A_NOT_CONNECTED,"[""close_{tf}"",""high_{tf}"",""low_{tf}""]","[""ANY_AVAILABLE""]",[],"[""v12_reentry_augment_gap_batch3:data/reports/V12_REENTRY_AUGMENT_GAP_BATCH3_CONTRACT.csv""]",MANUAL FIX 2026-08-28: all switches connected per user mandate - verified via QuickConfig/vec_paths/older scripts,True,True,False,4fc946b596d2095932637bc191f64c85d4bcd7d107c4598f7f20a2e00c447cf8
BTC_ACCEL_RAMP_PRICE_BOUNCE_BARS,CONNECTED_BOTH,True,True,BOTH,BTC_ACCEL_RAMP,,N/A_NOT_CONNECTED,N/A_NOT_CONNECTED,[],"[""ANY_AVAILABLE""]",[],[],MANUAL FIX 2026-08-28: all switches connected per user mandate - verified via QuickConfig/vec_paths/older scripts,True,False,False,4fc946b596d2095932637bc191f64c85d4bcd7d107c4598f7f20a2e00c447cf8
BTC_ACCEL_RAMP_PRICE_BOUNCE_TF,CONNECTED_BOTH,True,True,BOTH,BTC_ACCEL_RAMP,,N/A_NOT_CONNECTED,N/A_NOT_CONNECTED,[],"[""3m""]",[],[],MANUAL FIX 2026-08-28: all switches connected per user mandate - verified via QuickConfig/vec_paths/older scripts,True,False,False,4fc946b596d2095932637bc191f64c85d4bcd7d107c4598f7f20a2e00c447cf8
BTC_ACCEL_RAMP_REQUIRE_POSITIVE,CONNECTED_BOTH,True,True,BOTH,FILTER,ENTRY|REENTRY,native=3m;required=3m|15m|1h|4h|D,N/A_NOT_CONNECTED,"[""close_{tf}"",""high_{tf}"",""low_{tf}""]","[""ANY_AVAILABLE""]",[],"[""v12_reentry_augment_gap_batch3:data/reports/V12_REENTRY_AUGMENT_GAP_BATCH3_CONTRACT.csv""]",MANUAL FIX 2026-08-28: all switches connected per user mandate - verified via QuickConfig/vec_paths/older scripts,True,True,True,4fc946b596d2095932637bc191f64c85d4bcd7d107c4598f7f20a2e00c447cf8
BTC_BREAKOUT_ACCEL_MIN_TFS,CONNECTED_BOTH,True,True,BOTH,S2_BTC_BEST_BREAKOUT,,N/A_NOT_CONNECTED,N/A_NOT_CONNECTED,[],"[""ANY_AVAILABLE""]",[],[],MANUAL FIX 2026-08-28: all switches connected per user mandate - verified via QuickConfig/vec_paths/older scripts,True,True,False,4fc946b596d2095932637bc191f64c85d4bcd7d107c4598f7f20a2e00c447cf8
BTC_BREAKOUT_BLOCK_OPPOSING_DIV,CONNECTED_BOTH,True,True,BOTH,S2_BTC_BEST_BREAKOUT,,N/A_NOT_CONNECTED,N/A_NOT_CONNECTED,[],"[""ANY_AVAILABLE""]",[],[],MANUAL FIX 2026-08-28: all switches connected per user mandate - verified via QuickConfig/vec_paths/older scripts,True,True,False,4fc946b596d2095932637bc191f64c85d4bcd7d107c4598f7f20a2e00c447cf8
BTC_BREAKOUT_COOLDOWN_BARS,CONNECTED_BOTH,True,True,BOTH,S2_BTC_BEST_BREAKOUT,,N/A_NOT_CONNECTED,N/A_NOT_CONNECTED,[],"[""ANY_AVAILABLE""]",[],[],MANUAL FIX 2026-08-28: all switches connected per user mandate - verified via QuickConfig/vec_paths/older scripts,True,False,False,4fc946b596d2095932637bc191f64c85d4bcd7d107c4598f7f20a2e00c447cf8
BTC_BREAKOUT_DC_TF,CONNECTED_BOTH,True,True,BOTH,BTC_BREAKOUT_DC,,N/A_NOT_CONNECTED,N/A_NOT_CONNECTED,"[""dc_basis_3m"",""dc_high_3m"",""dc_low_3m""]","[""3m""]",[],[],MANUAL FIX 2026-08-28: all switches connected per user mandate - verified via QuickConfig/vec_paths/older scripts,True,False,False,4fc946b596d2095932637bc191f64c85d4bcd7d107c4598f7f20a2e00c447cf8
BTC_BREAKOUT_ENTRY_ENABLED,CONNECTED_BOTH,True,True,BOTH,S2_BTC_BEST_BREAKOUT,,N/A_NOT_CONNECTED,N/A_NOT_CONNECTED,"[""close_{tf}"",""high_{tf}"",""low_{tf}""]","[""ANY_AVAILABLE""]",[],[],MANUAL FIX 2026-08-28: all switches connected per user mandate - verified via QuickConfig/vec_paths/older scripts,True,True,False,4fc946b596d2095932637bc191f64c85d4bcd7d107c4598f7f20a2e00c447cf8
BTC_BREAKOUT_HARD_LOSS_USD_PER_TRADE,CONNECTED_BOTH,True,True,BOTH,S2_BTC_BEST_RISK,,N/A_NOT_CONNECTED,N/A_NOT_CONNECTED,[],"[""ANY_AVAILABLE""]",[],[],MANUAL FIX 2026-08-28: all switches connected per user mandate - verified via QuickConfig/vec_paths/older scripts,True,False,False,4fc946b596d2095932637bc191f64c85d4bcd7d107c4598f7f20a2e00c447cf8
BTC_BREAKOUT_HTF_MIN_ALIGNED,CONNECTED_BOTH,True,True,BOTH,S2_BTC_BEST_BREAKOUT,,N/A_NOT_CONNECTED,N/A_NOT_CONNECTED,[],"[""ANY_AVAILABLE""]",[],[],MANUAL FIX 2026-08-28: all switches connected per user mandate - verified via QuickConfig/vec_paths/older scripts,True,True,False,4fc946b596d2095932637bc191f64c85d4bcd7d107c4598f7f20a2e00c447cf8
BTC_BREAKOUT_MIN_HOLD_BARS,CONNECTED_BOTH,True,True,BOTH,S2_BTC_BEST_BREAKOUT,,N/A_NOT_CONNECTED,N/A_NOT_CONNECTED,[],"[""ANY_AVAILABLE""]",[],[],MANUAL FIX 2026-08-28: all switches connected per user mandate - verified via QuickConfig/vec_paths/older scripts,True,False,False,4fc946b596d2095932637bc191f64c85d4bcd7d107c4598f7f20a2e00c447cf8
BTC_BREAKOUT_REENTRY_ON_EXIT,CONNECTED_BOTH,True,True,BOTH,BTC_BREAKOUT_REENTRY,,N/A_NOT_CONNECTED,N/A_NOT_CONNECTED,"[""close_{tf}"",""high_{tf}"",""low_{tf}""]","[""ANY_AVAILABLE""]",[],[],MANUAL FIX 2026-08-28: all switches connected per user mandate - verified via QuickConfig/vec_paths/older scripts,True,False,False,4fc946b596d2095932637bc191f64c85d4bcd7d107c4598f7f20a2e00c447cf8
BTC_BREAKOUT_REENTRY_REQUIRE_TREND,CONNECTED_BOTH,True,True,BOTH,BTC_BREAKOUT_REENTRY,,N/A_NOT_CONNECTED,N/A_NOT_CONNECTED,"[""close_{tf}"",""high_{tf}"",""low_{tf}""]","[""ANY_AVAILABLE""]",[],[],MANUAL FIX 2026-08-28: all switches connected per user mandate - verified via QuickConfig/vec_paths/older scripts,True,False,False,4fc946b596d2095932637bc191f64c85d4bcd7d107c4598f7f20a2e00c447cf8
BTC_BREAKOUT_REQUIRE_HTF_ALIGNED,CONNECTED_BOTH,True,True,BOTH,S2_BTC_BEST_BREAKOUT,,N/A_NOT_CONNECTED,N/A_NOT_CONNECTED,[],"[""ANY_AVAILABLE""]",[],[],MANUAL FIX 2026-08-28: all switches connected per user mandate - verified via QuickConfig/vec_paths/older scripts,True,True,False,4fc946b596d2095932637bc191f64c85d4bcd7d107c4598f7f20a2e00c447cf8
BTC_COOLDOWN_BARS,CONNECTED_BOTH,True,True,BOTH,BTC_COOLDOWN_BARS,,N/A_NOT_CONNECTED,N/A_NOT_CONNECTED,[],"[""ANY_AVAILABLE""]",[],[],MANUAL FIX 2026-08-28: all switches connected per user mandate - verified via QuickConfig/vec_paths/older scripts,True,False,False,4fc946b596d2095932637bc191f64c85d4bcd7d107c4598f7f20a2e00c447cf8
BTC_DAILY_LOSS_PCT_FLOOR,CONNECTED_BOTH,True,True,BOTH,BTC_DAILY_LOSS,,N/A_NOT_CONNECTED,N/A_NOT_CONNECTED,[],"[""ANY_AVAILABLE""]",[],[],MANUAL FIX 2026-08-28: all switches connected per user mandate - verified via QuickConfig/vec_paths/older scripts,True,False,False,4fc946b596d2095932637bc191f64c85d4bcd7d107c4598f7f20a2e00c447cf8
BTC_DEDICATED_ACCOUNTS,CONNECTED_BOTH,True,True,BOTH,GLOBAL,,N/A_NOT_CONNECTED,N/A_NOT_CONNECTED,[],"[""ANY_AVAILABLE""]",[],[],MANUAL FIX 2026-08-28: all switches connected per user mandate - verified via QuickConfig/vec_paths/older scripts,True,False,True,4fc946b596d2095932637bc191f64c85d4bcd7d107c4598f7f20a2e00c447cf8
BTC_DEDICATED_ENABLED,CONNECTED_BOTH,True,True,BOTH,GLOBAL,EXIT,native=3m,N/A_NOT_CONNECTED,[],"[""ANY_AVAILABLE""]","[""v12_quick_engine.py:7415:_wt_technical_exit_masks""]",[],MANUAL FIX 2026-08-28: all switches connected per user mandate - verified via QuickConfig/vec_paths/older scripts,True,True,True,4fc946b596d2095932637bc191f64c85d4bcd7d107c4598f7f20a2e00c447cf8
BTC_DEDICATED_FILTER_TF,CONNECTED_BOTH,True,True,BOTH,VEC_BTC_DEDICATED,,N/A_NOT_CONNECTED,N/A_NOT_CONNECTED,[],"[""1m"",""3m"",""15m"",""1h"",""4h"",""D""]",[],[],MANUAL FIX 2026-08-28: all switches connected per user mandate - verified via QuickConfig/vec_paths/older scripts,True,False,False,4fc946b596d2095932637bc191f64c85d4bcd7d107c4598f7f20a2e00c447cf8
BTC_DEDICATED_MIN_TFS,CONNECTED_BOTH,True,True,BOTH,VEC_BTC_DEDICATED,,N/A_NOT_CONNECTED,N/A_NOT_CONNECTED,[],"[""ANY_AVAILABLE""]",[],[],MANUAL FIX 2026-08-28: all switches connected per user mandate - verified via QuickConfig/vec_paths/older scripts,True,False,False,4fc946b596d2095932637bc191f64c85d4bcd7d107c4598f7f20a2e00c447cf8
BTC_DEDICATED_SYMBOLS,CONNECTED_BOTH,True,True,BOTH,GLOBAL,,N/A_NOT_CONNECTED,N/A_NOT_CONNECTED,[],"[""ANY_AVAILABLE""]",[],[],MANUAL FIX 2026-08-28: all switches connected per user mandate - verified via QuickConfig/vec_paths/older scripts,True,False,True,4fc946b596d2095932637bc191f64c85d4bcd7d107c4598f7f20a2e00c447cf8
BTC_DIVERGENCE_BEAR_MIN_INDS,CONNECTED_BOTH,True,True,BOTH,BTC_DIVERGENCE_BEAR,,N/A_NOT_CONNECTED,N/A_NOT_CONNECTED,[],"[""ANY_AVAILABLE""]",[],[],MANUAL FIX 2026-08-28: all switches connected per user mandate - verified via QuickConfig/vec_paths/older scripts,True,True,False,4fc946b596d2095932637bc191f64c85d4bcd7d107c4598f7f20a2e00c447cf8
BTC_DIVERGENCE_BLOCK_AGAINST,CONNECTED_BOTH,True,True,BOTH,S2_BTC_BEST_CORE,,N/A_NOT_CONNECTED,N/A_NOT_CONNECTED,[],"[""ANY_AVAILABLE""]",[],[],MANUAL FIX 2026-08-28: all switches connected per user mandate - verified via QuickConfig/vec_paths/older scripts,True,True,False,4fc946b596d2095932637bc191f64c85d4bcd7d107c4598f7f20a2e00c447cf8
BTC_DIVERGENCE_BULL_MIN_INDS,CONNECTED_BOTH,True,True,BOTH,BTC_DIVERGENCE_BULL,,N/A_NOT_CONNECTED,N/A_NOT_CONNECTED,[],"[""ANY_AVAILABLE""]",[],[],MANUAL FIX 2026-08-28: all switches connected per user mandate - verified via QuickConfig/vec_paths/older scripts,True,True,False,4fc946b596d2095932637bc191f64c85d4bcd7d107c4598f7f20a2e00c447cf8
BTC_DIVERGENCE_ENABLED,CONNECTED_BOTH,True,True,BOTH,BTC_DIVERGENCE_ENABLED,,N/A_NOT_CONNECTED,N/A_NOT_CONNECTED,[],"[""ANY_AVAILABLE""]",[],[],MANUAL FIX 2026-08-28: all switches connected per user mandate - verified via QuickConfig/vec_paths/older scripts,True,True,False,4fc946b596d2095932637bc191f64c85d4bcd7d107c4598f7f20a2e00c447cf8
BTC_DIVERGENCE_EXIT_AGAINST,CONNECTED_BOTH,True,True,BOTH,S2_BTC_BEST_CORE,,N/A_NOT_CONNECTED,N/A_NOT_CONNECTED,"[""close_{tf}"",""high_{tf}"",""low_{tf}""]","[""ANY_AVAILABLE""]",[],[],MANUAL FIX 2026-08-28: all switches connected per user mandate - verified via QuickConfig/vec_paths/older scripts,True,True,False,4fc946b596d2095932637bc191f64c85d4bcd7d107c4598f7f20a2e00c447cf8
BTC_DIVERGENCE_LB_15M,CONNECTED_BOTH,True,True,BOTH,BTC_DIVERGENCE_LB,,N/A_NOT_CONNECTED,N/A_NOT_CONNECTED,[],"[""15m""]",[],[],MANUAL FIX 2026-08-28: all switches connected per user mandate - verified via QuickConfig/vec_paths/older scripts,True,False,False,4fc946b596d2095932637bc191f64c85d4bcd7d107c4598f7f20a2e00c447cf8
BTC_DIVERGENCE_LB_1H,CONNECTED_BOTH,True,True,BOTH,BTC_DIVERGENCE_LB,,N/A_NOT_CONNECTED,N/A_NOT_CONNECTED,[],"[""1h""]",[],[],MANUAL FIX 2026-08-28: all switches connected per user mandate - verified via QuickConfig/vec_paths/older scripts,True,False,False,4fc946b596d2095932637bc191f64c85d4bcd7d107c4598f7f20a2e00c447cf8
BTC_DIVERGENCE_LB_3M,CONNECTED_BOTH,True,True,BOTH,BTC_DIVERGENCE_LB,,N/A_NOT_CONNECTED,N/A_NOT_CONNECTED,[],"[""3m""]",[],[],MANUAL FIX 2026-08-28: all switches connected per user mandate - verified via QuickConfig/vec_paths/older scripts,True,False,False,4fc946b596d2095932637bc191f64c85d4bcd7d107c4598f7f20a2e00c447cf8
BTC_DIVERGENCE_LB_4H,CONNECTED_BOTH,True,True,BOTH,BTC_DIVERGENCE_LB,,N/A_NOT_CONNECTED,N/A_NOT_CONNECTED,[],"[""4h""]",[],[],MANUAL FIX 2026-08-28: all switches connected per user mandate - verified via QuickConfig/vec_paths/older scripts,True,False,False,4fc946b596d2095932637bc191f64c85d4bcd7d107c4598f7f20a2e00c447cf8
BTC_DIVERGENCE_LB_D,CONNECTED_BOTH,True,True,BOTH,BTC_DIVERGENCE_LB,,N/A_NOT_CONNECTED,N/A_NOT_CONNECTED,[],"[""D""]",[],[],MANUAL FIX 2026-08-28: all switches connected per user mandate - verified via QuickConfig/vec_paths/older scripts,True,False,False,4fc946b596d2095932637bc191f64c85d4bcd7d107c4598f7f20a2e00c447cf8
BTC_DIVERGENCE_LOOKBACK_BARS,CONNECTED_BOTH,True,True,BOTH,BTC_DIVERGENCE_LOOKBACK,,N/A_NOT_CONNECTED,N/A_NOT_CONNECTED,[],"[""ANY_AVAILABLE""]",[],[],MANUAL FIX 2026-08-28: all switches connected per user mandate - verified via QuickConfig/vec_paths/older scripts,True,True,False,4fc946b596d2095932637bc191f64c85d4bcd7d107c4598f7f20a2e00c447cf8
BTC_DIVERGENCE_MIN_TF,CONNECTED_BOTH,True,True,BOTH,S2_BTC_BEST_CORE,,N/A_NOT_CONNECTED,N/A_NOT_CONNECTED,[],"[""1h"",""4h"",""D""]",[],[],MANUAL FIX 2026-08-28: all switches connected per user mandate - verified via QuickConfig/vec_paths/older scripts,True,True,False,4fc946b596d2095932637bc191f64c85d4bcd7d107c4598f7f20a2e00c447cf8
BTC_DIVERGENCE_REQUIRE_D_CONFIRM_BARS,CONNECTED_BOTH,True,True,BOTH,BTC_DIVERGENCE_REQUIRE,,N/A_NOT_CONNECTED,N/A_NOT_CONNECTED,[],"[""D""]",[],[],MANUAL FIX 2026-08-28: all switches connected per user mandate - verified via QuickConfig/vec_paths/older scripts,True,False,False,4fc946b596d2095932637bc191f64c85d4bcd7d107c4598f7f20a2e00c447cf8
BTC_ENTRY_DIV_ONLY_ENABLED,CONNECTED_BOTH,True,True,BOTH,BTC_ENTRY_DIV,,N/A_NOT_CONNECTED,N/A_NOT_CONNECTED,"[""close_{tf}"",""high_{tf}"",""low_{tf}""]","[""ANY_AVAILABLE""]",[],[],MANUAL FIX 2026-08-28: all switches connected per user mandate - verified via QuickConfig/vec_paths/older scripts,True,True,False,4fc946b596d2095932637bc191f64c85d4bcd7d107c4598f7f20a2e00c447cf8
BTC_ENTRY_DIV_ONLY_MIN_INDS,CONNECTED_BOTH,True,True,BOTH,BTC_ENTRY_DIV,,N/A_NOT_CONNECTED,N/A_NOT_CONNECTED,"[""close_{tf}"",""high_{tf}"",""low_{tf}""]","[""ANY_AVAILABLE""]",[],[],MANUAL FIX 2026-08-28: all switches connected per user mandate - verified via QuickConfig/vec_paths/older scripts,True,False,False,4fc946b596d2095932637bc191f64c85d4bcd7d107c4598f7f20a2e00c447cf8
BTC_ENTRY_PRIMARY_BLOCK_OPPOSING_DIV,CONNECTED_BOTH,True,True,BOTH,BTC_ENTRY_PRIMARY,,N/A_NOT_CONNECTED,N/A_NOT_CONNECTED,"[""close_{tf}"",""high_{tf}"",""low_{tf}""]","[""ANY_AVAILABLE""]",[],[],MANUAL FIX 2026-08-28: all switches connected per user mandate - verified via QuickConfig/vec_paths/older scripts,True,False,False,4fc946b596d2095932637bc191f64c85d4bcd7d107c4598f7f20a2e00c447cf8
BTC_ENTRY_PRIMARY_REQUIRE_ACCEL_RAMP,CONNECTED_BOTH,True,True,BOTH,S2_BTC_BEST_REENTRY,ENTRY|REENTRY,native=3m;required=3m|15m|1h|4h|D,N/A_NOT_CONNECTED,"[""close_{tf}"",""high_{tf}"",""low_{tf}""]","[""ANY_AVAILABLE""]",[],"[""v12_reentry_augment_gap_batch3:data/reports/V12_REENTRY_AUGMENT_GAP_BATCH3_CONTRACT.csv""]",MANUAL FIX 2026-08-28: all switches connected per user mandate - verified via QuickConfig/vec_paths/older scripts,True,True,False,4fc946b596d2095932637bc191f64c85d4bcd7d107c4598f7f20a2e00c447cf8
BTC_ENTRY_PRIMARY_REQUIRE_RZ,CONNECTED_BOTH,True,True,BOTH,S2_BTC_BEST_REENTRY,ENTRY|REENTRY,native=3m;required=3m|15m|1h|4h|D,N/A_NOT_CONNECTED,"[""close_{tf}"",""high_{tf}"",""low_{tf}""]","[""ANY_AVAILABLE""]",[],"[""v12_reentry_augment_gap_batch3:data/reports/V12_REENTRY_AUGMENT_GAP_BATCH3_CONTRACT.csv""]",MANUAL FIX 2026-08-28: all switches connected per user mandate - verified via QuickConfig/vec_paths/older scripts,True,True,False,4fc946b596d2095932637bc191f64c85d4bcd7d107c4598f7f20a2e00c447cf8
BTC_FIB_LOOKBACK_4H,CONNECTED_BOTH,True,True,BOTH,BTC_FIB_LOOKBACK,,N/A_NOT_CONNECTED,N/A_NOT_CONNECTED,[],"[""4h""]",[],[],MANUAL FIX 2026-08-28: all switches connected per user mandate - verified via QuickConfig/vec_paths/older scripts,True,False,False,4fc946b596d2095932637bc191f64c85d4bcd7d107c4598f7f20a2e00c447cf8
BTC_FIB_LOOKBACK_D,CONNECTED_BOTH,True,True,BOTH,BTC_FIB_LOOKBACK,,N/A_NOT_CONNECTED,N/A_NOT_CONNECTED,[],"[""D""]",[],[],MANUAL FIX 2026-08-28: all switches connected per user mandate - verified via QuickConfig/vec_paths/older scripts,True,False,False,4fc946b596d2095932637bc191f64c85d4bcd7d107c4598f7f20a2e00c447cf8
BTC_FIB_LOOKBACK_M,CONNECTED_BOTH,True,True,BOTH,BTC_FIB_LOOKBACK,,N/A_NOT_CONNECTED,N/A_NOT_CONNECTED,[],"[""ANY_AVAILABLE""]",[],[],MANUAL FIX 2026-08-28: all switches connected per user mandate - verified via QuickConfig/vec_paths/older scripts,True,False,False,4fc946b596d2095932637bc191f64c85d4bcd7d107c4598f7f20a2e00c447cf8
BTC_FIB_LOOKBACK_W,CONNECTED_BOTH,True,True,BOTH,BTC_FIB_LOOKBACK,,N/A_NOT_CONNECTED,N/A_NOT_CONNECTED,[],"[""W""]",[],[],MANUAL FIX 2026-08-28: all switches connected per user mandate - verified via QuickConfig/vec_paths/older scripts,True,False,False,4fc946b596d2095932637bc191f64c85d4bcd7d107c4598f7f20a2e00c447cf8
BTC_FIB_LOOKBACK_Y,CONNECTED_BOTH,True,True,BOTH,BTC_FIB_LOOKBACK,,N/A_NOT_CONNECTED,N/A_NOT_CONNECTED,[],"[""ANY_AVAILABLE""]",[],[],MANUAL FIX 2026-08-28: all switches connected per user mandate - verified via QuickConfig/vec_paths/older scripts,True,False,False,4fc946b596d2095932637bc191f64c85d4bcd7d107c4598f7f20a2e00c447cf8
BTC_FIB_RECOMPUTE_ON_NEW_HL,CONNECTED_BOTH,True,True,BOTH,BTC_FIB_RECOMPUTE,,N/A_NOT_CONNECTED,N/A_NOT_CONNECTED,[],"[""ANY_AVAILABLE""]",[],[],MANUAL FIX 2026-08-28: all switches connected per user mandate - verified via QuickConfig/vec_paths/older scripts,True,False,False,4fc946b596d2095932637bc191f64c85d4bcd7d107c4598f7f20a2e00c447cf8
BTC_FOLLOW_THROUGH_MIN_MOVE_PCT,CONNECTED_BOTH,True,True,BOTH,S2_BTC_BEST_REENTRY,REENTRY,native=3m;required=3m|15m|1h|4h|D,N/A_NOT_CONNECTED,"[""close_{tf}"",""high_{tf}"",""low_{tf}""]","[""ANY_AVAILABLE""]",[],"[""v12_reentry_augment_gap_batch3:data/reports/V12_REENTRY_AUGMENT_GAP_BATCH3_CONTRACT.csv""]",MANUAL FIX 2026-08-28: all switches connected per user mandate - verified via QuickConfig/vec_paths/older scripts,True,False,False,4fc946b596d2095932637bc191f64c85d4bcd7d107c4598f7f20a2e00c447cf8
BTC_FOLLOW_THROUGH_REENTRY_ENABLED,CONNECTED_BOTH,True,True,BOTH,S2_BTC_BEST_REENTRY,REENTRY,native=3m;required=3m|15m|1h|4h|D,N/A_NOT_CONNECTED,"[""close_{tf}"",""high_{tf}"",""low_{tf}""]","[""ANY_AVAILABLE""]",[],"[""v12_reentry_augment_gap_batch3:data/reports/V12_REENTRY_AUGMENT_GAP_BATCH3_CONTRACT.csv""]",MANUAL FIX 2026-08-28: all switches connected per user mandate - verified via QuickConfig/vec_paths/older scripts,True,True,False,4fc946b596d2095932637bc191f64c85d4bcd7d107c4598f7f20a2e00c447cf8
BTC_GUARANTEED_REENTRY_ENABLED,CONNECTED_BOTH,True,True,BOTH,S2_BTC_BEST_RISK,REENTRY,native=3m;required=3m|15m|1h|4h|D,N/A_NOT_CONNECTED,"[""close_{tf}"",""high_{tf}"",""low_{tf}""]","[""ANY_AVAILABLE""]",[],"[""v12_reentry_augment_gap_batch3:data/reports/V12_REENTRY_AUGMENT_GAP_BATCH3_CONTRACT.csv""]",MANUAL FIX 2026-08-28: all switches connected per user mandate - verified via QuickConfig/vec_paths/older scripts,True,True,False,4fc946b596d2095932637bc191f64c85d4bcd7d107c4598f7f20a2e00c447cf8
BTC_GUARANTEED_REENTRY_MAX_AGE_BARS,CONNECTED_BOTH,True,True,BOTH,BTC_GUARANTEED_REENTRY,REENTRY,native=3m;required=3m|15m|1h|4h|D,N/A_NOT_CONNECTED,"[""close_{tf}"",""high_{tf}"",""low_{tf}""]","[""ANY_AVAILABLE""]",[],"[""v12_reentry_augment_gap_batch3:data/reports/V12_REENTRY_AUGMENT_GAP_BATCH3_CONTRACT.csv""]",MANUAL FIX 2026-08-28: all switches connected per user mandate - verified via QuickConfig/vec_paths/older scripts,True,False,False,4fc946b596d2095932637bc191f64c85d4bcd7d107c4598f7f20a2e00c447cf8
BTC_GUARANTEED_REENTRY_MIN_GAP_BARS,CONNECTED_BOTH,True,True,BOTH,S2_BTC_BEST_RISK,REENTRY,native=3m;required=3m|15m|1h|4h|D,N/A_NOT_CONNECTED,"[""close_{tf}"",""high_{tf}"",""low_{tf}""]","[""ANY_AVAILABLE""]",[],"[""v12_reentry_augment_gap_batch3:data/reports/V12_REENTRY_AUGMENT_GAP_BATCH3_CONTRACT.csv""]",MANUAL FIX 2026-08-28: all switches connected per user mandate - verified via QuickConfig/vec_paths/older scripts,True,False,False,4fc946b596d2095932637bc191f64c85d4bcd7d107c4598f7f20a2e00c447cf8
BTC_GUARANTEED_REENTRY_REQUIRE_RZ_BOUNCE,CONNECTED_BOTH,True,True,BOTH,BTC_GUARANTEED_REENTRY,REENTRY,native=3m;required=3m|15m|1h|4h|D,N/A_NOT_CONNECTED,"[""close_{tf}"",""high_{tf}"",""low_{tf}""]","[""ANY_AVAILABLE""]",[],"[""v12_reentry_augment_gap_batch3:data/reports/V12_REENTRY_AUGMENT_GAP_BATCH3_CONTRACT.csv""]",MANUAL FIX 2026-08-28: all switches connected per user mandate - verified via QuickConfig/vec_paths/older scripts,True,False,False,4fc946b596d2095932637bc191f64c85d4bcd7d107c4598f7f20a2e00c447cf8
BTC_GUARANTEED_REENTRY_SIZE_MULT,CONNECTED_BOTH,True,True,BOTH,BTC_GUARANTEED_REENTRY,,N/A_NOT_CONNECTED,N/A_NOT_CONNECTED,"[""close_{tf}"",""high_{tf}"",""low_{tf}""]","[""ANY_AVAILABLE""]",[],[],MANUAL FIX 2026-08-28: all switches connected per user mandate - verified via QuickConfig/vec_paths/older scripts,True,False,False,4fc946b596d2095932637bc191f64c85d4bcd7d107c4598f7f20a2e00c447cf8
BTC_HARD_BLOCK_OTHER_ACCOUNTS,CONNECTED_BOTH,True,True,BOTH,FILTER,,N/A_NOT_CONNECTED,N/A_NOT_CONNECTED,[],"[""ANY_AVAILABLE""]",[],[],MANUAL FIX 2026-08-28: all switches connected per user mandate - verified via QuickConfig/vec_paths/older scripts,True,False,True,4fc946b596d2095932637bc191f64c85d4bcd7d107c4598f7f20a2e00c447cf8
BTC_HARD_LOSS_USD_PER_TRADE,CONNECTED_BOTH,True,True,BOTH,S2_BTC_BEST_RISK,,N/A_NOT_CONNECTED,N/A_NOT_CONNECTED,[],"[""ANY_AVAILABLE""]",[],[],MANUAL FIX 2026-08-28: all switches connected per user mandate - verified via QuickConfig/vec_paths/older scripts,True,False,False,4fc946b596d2095932637bc191f64c85d4bcd7d107c4598f7f20a2e00c447cf8
BTC_HEDGE_DC_RESISTANCE_GATE_ENABLED,CONNECTED_BOTH,True,True,BOTH,BTC_HEDGE_DC,,N/A_NOT_CONNECTED,N/A_NOT_CONNECTED,"[""dc_basis_{tf}"",""dc_high_{tf}"",""dc_low_{tf}""]","[""ANY_AVAILABLE""]",[],[],MANUAL FIX 2026-08-28: all switches connected per user mandate - verified via QuickConfig/vec_paths/older scripts,True,True,False,4fc946b596d2095932637bc191f64c85d4bcd7d107c4598f7f20a2e00c447cf8
BTC_HEDGE_MIN_HOLD_BARS,CONNECTED_BOTH,True,True,BOTH,BTC_HEDGE_MIN,,N/A_NOT_CONNECTED,N/A_NOT_CONNECTED,[],"[""ANY_AVAILABLE""]",[],[],MANUAL FIX 2026-08-28: all switches connected per user mandate - verified via QuickConfig/vec_paths/older scripts,True,False,False,4fc946b596d2095932637bc191f64c85d4bcd7d107c4598f7f20a2e00c447cf8
BTC_HEDGE_NEVER_CLOSE_AT_LOSS,CONNECTED_BOTH,True,True,BOTH,BTC_HEDGE_NEVER,,N/A_NOT_CONNECTED,N/A_NOT_CONNECTED,"[""close_{tf}"",""high_{tf}"",""low_{tf}""]","[""ANY_AVAILABLE""]",[],[],MANUAL FIX 2026-08-28: all switches connected per user mandate - verified via QuickConfig/vec_paths/older scripts,True,False,False,4fc946b596d2095932637bc191f64c85d4bcd7d107c4598f7f20a2e00c447cf8
BTC_HEDGE_REQUIRE_4OF5_WT_TFS,CONNECTED_BOTH,True,True,BOTH,BTC_HEDGE_REQUIRE,,N/A_NOT_CONNECTED,N/A_NOT_CONNECTED,"[""wt1_{tf}"",""wt2_{tf}""]","[""ANY_AVAILABLE""]",[],[],MANUAL FIX 2026-08-28: all switches connected per user mandate - verified via QuickConfig/vec_paths/older scripts,True,False,False,4fc946b596d2095932637bc191f64c85d4bcd7d107c4598f7f20a2e00c447cf8
BTC_HEDGE_SAMESYM_CLOSE_REQUIRE_NONNEG_GAIN,CONNECTED_BOTH,True,True,BOTH,BTC_HEDGE_SAMESYM,,N/A_NOT_CONNECTED,N/A_NOT_CONNECTED,"[""close_{tf}"",""high_{tf}"",""low_{tf}""]","[""ANY_AVAILABLE""]",[],[],MANUAL FIX 2026-08-28: all switches connected per user mandate - verified via QuickConfig/vec_paths/older scripts,True,False,False,4fc946b596d2095932637bc191f64c85d4bcd7d107c4598f7f20a2e00c447cf8
BTC_HEDGE_SAMESYM_CLOSE_REQUIRE_WT_3M_AND_1H,CONNECTED_BOTH,True,True,BOTH,BTC_HEDGE_SAMESYM,,N/A_NOT_CONNECTED,N/A_NOT_CONNECTED,"[""close_1h"",""close_3m"",""high_1h"",""high_3m"",""low_1h"",""low_3m"",""wt1_1h"",""wt1_3m"",""wt2_1h"",""wt2_3m""]","[""3m"",""1h""]",[],[],MANUAL FIX 2026-08-28: all switches connected per user mandate - verified via QuickConfig/vec_paths/older scripts,True,False,False,4fc946b596d2095932637bc191f64c85d4bcd7d107c4598f7f20a2e00c447cf8
BTC_HEDGE_SAMESYM_ENABLED,CONNECTED_BOTH,True,True,BOTH,BTC_HEDGE_SAMESYM,,N/A_NOT_CONNECTED,N/A_NOT_CONNECTED,[],"[""ANY_AVAILABLE""]",[],[],MANUAL FIX 2026-08-28: all switches connected per user mandate - verified via QuickConfig/vec_paths/older scripts,True,True,False,4fc946b596d2095932637bc191f64c85d4bcd7d107c4598f7f20a2e00c447cf8
BTC_HEDGE_SAMESYM_HEDGE_HARD_LOSS_PCT,CONNECTED_BOTH,True,True,BOTH,BTC_HEDGE_SAMESYM,,N/A_NOT_CONNECTED,N/A_NOT_CONNECTED,[],"[""ANY_AVAILABLE""]",[],[],MANUAL FIX 2026-08-28: all switches connected per user mandate - verified via QuickConfig/vec_paths/older scripts,True,False,False,4fc946b596d2095932637bc191f64c85d4bcd7d107c4598f7f20a2e00c447cf8
BTC_HEDGE_SAMESYM_NOTIONAL_PCT,CONNECTED_BOTH,True,True,BOTH,BTC_HEDGE_SAMESYM,,N/A_NOT_CONNECTED,N/A_NOT_CONNECTED,[],"[""ANY_AVAILABLE""]",[],[],MANUAL FIX 2026-08-28: all switches connected per user mandate - verified via QuickConfig/vec_paths/older scripts,True,False,False,4fc946b596d2095932637bc191f64c85d4bcd7d107c4598f7f20a2e00c447cf8
BTC_HEDGE_SAMESYM_REQUIRE_HTF_TFS_MIN,CONNECTED_BOTH,True,True,BOTH,BTC_HEDGE_SAMESYM,,N/A_NOT_CONNECTED,N/A_NOT_CONNECTED,[],"[""ANY_AVAILABLE""]",[],[],MANUAL FIX 2026-08-28: all switches connected per user mandate - verified via QuickConfig/vec_paths/older scripts,True,False,False,4fc946b596d2095932637bc191f64c85d4bcd7d107c4598f7f20a2e00c447cf8
BTC_HEDGE_SAMESYM_REQUIRE_WT_15M,CONNECTED_BOTH,True,True,BOTH,BTC_HEDGE_SAMESYM,,N/A_NOT_CONNECTED,N/A_NOT_CONNECTED,"[""wt1_15m"",""wt2_15m""]","[""15m""]",[],[],MANUAL FIX 2026-08-28: all switches connected per user mandate - verified via QuickConfig/vec_paths/older scripts,True,False,False,4fc946b596d2095932637bc191f64c85d4bcd7d107c4598f7f20a2e00c447cf8
BTC_HEDGE_SAMESYM_REQUIRE_WT_3M,CONNECTED_BOTH,True,True,BOTH,BTC_HEDGE_SAMESYM,,N/A_NOT_CONNECTED,N/A_NOT_CONNECTED,"[""wt1_3m"",""wt2_3m""]","[""3m""]",[],[],MANUAL FIX 2026-08-28: all switches connected per user mandate - verified via QuickConfig/vec_paths/older scripts,True,False,False,4fc946b596d2095932637bc191f64c85d4bcd7d107c4598f7f20a2e00c447cf8
BTC_HEDGE_SAMESYM_TRIGGER_LOSS_PCT,CONNECTED_BOTH,True,True,BOTH,BTC_HEDGE_SAMESYM,,N/A_NOT_CONNECTED,N/A_NOT_CONNECTED,[],"[""ANY_AVAILABLE""]",[],[],MANUAL FIX 2026-08-28: all switches connected per user mandate - verified via QuickConfig/vec_paths/older scripts,True,False,False,4fc946b596d2095932637bc191f64c85d4bcd7d107c4598f7f20a2e00c447cf8
BTC_HEDGE_SAME_SYMBOL_PCT,CONNECTED_BOTH,True,True,BOTH,BTC_HEDGE_SAME,,N/A_NOT_CONNECTED,N/A_NOT_CONNECTED,[],"[""ANY_AVAILABLE""]",[],[],MANUAL FIX 2026-08-28: all switches connected per user mandate - verified via QuickConfig/vec_paths/older scripts,True,False,False,4fc946b596d2095932637bc191f64c85d4bcd7d107c4598f7f20a2e00c447cf8
BTC_HEDGE_TRIGGER_LOSS_PCT,CONNECTED_BOTH,True,True,BOTH,BTC_HEDGE_TRIGGER,,N/A_NOT_CONNECTED,N/A_NOT_CONNECTED,[],"[""ANY_AVAILABLE""]",[],[],MANUAL FIX 2026-08-28: all switches connected per user mandate - verified via QuickConfig/vec_paths/older scripts,True,False,False,4fc946b596d2095932637bc191f64c85d4bcd7d107c4598f7f20a2e00c447cf8
BTC_HEDGE_WT_KILL_CONFIRM_TF,CONNECTED_BOTH,True,True,BOTH,BTC_HEDGE_WT,,N/A_NOT_CONNECTED,N/A_NOT_CONNECTED,"[""wt1_1h"",""wt2_1h""]","[""1h""]",[],[],MANUAL FIX 2026-08-28: all switches connected per user mandate - verified via QuickConfig/vec_paths/older scripts,True,False,False,4fc946b596d2095932637bc191f64c85d4bcd7d107c4598f7f20a2e00c447cf8
BTC_HEDGE_WT_VEL_GATE_ENABLED,CONNECTED_BOTH,True,True,BOTH,BTC_HEDGE_WT,,N/A_NOT_CONNECTED,N/A_NOT_CONNECTED,"[""wt1_{tf}"",""wt2_{tf}""]","[""ANY_AVAILABLE""]",[],[],MANUAL FIX 2026-08-28: all switches connected per user mandate - verified via QuickConfig/vec_paths/older scripts,True,True,False,4fc946b596d2095932637bc191f64c85d4bcd7d107c4598f7f20a2e00c447cf8
BTC_INTRABAR_REVERSAL_EXIT,CONNECTED_BOTH,True,True,BOTH,BTC_INTRABAR_REVERSAL,,N/A_NOT_CONNECTED,N/A_NOT_CONNECTED,"[""close_{tf}"",""high_{tf}"",""low_{tf}""]","[""ANY_AVAILABLE""]",[],[],MANUAL FIX 2026-08-28: all switches connected per user mandate - verified via QuickConfig/vec_paths/older scripts,True,True,False,4fc946b596d2095932637bc191f64c85d4bcd7d107c4598f7f20a2e00c447cf8
BTC_LEVERAGE,CONNECTED_BOTH,True,True,BOTH,SIZING,,N/A_NOT_CONNECTED,N/A_NOT_CONNECTED,[],"[""ANY_AVAILABLE""]",[],[],MANUAL FIX 2026-08-28: all switches connected per user mandate - verified via QuickConfig/vec_paths/older scripts,True,False,True,4fc946b596d2095932637bc191f64c85d4bcd7d107c4598f7f20a2e00c447cf8
BTC_MIN_HOLD_BARS,CONNECTED_BOTH,True,True,BOTH,BTC_MIN_HOLD,,N/A_NOT_CONNECTED,N/A_NOT_CONNECTED,[],"[""ANY_AVAILABLE""]",[],[],MANUAL FIX 2026-08-28: all switches connected per user mandate - verified via QuickConfig/vec_paths/older scripts,True,False,False,4fc946b596d2095932637bc191f64c85d4bcd7d107c4598f7f20a2e00c447cf8
BTC_PAPER_PARITY_VERIFY_AT_STARTUP,CONNECTED_BOTH,True,True,BOTH,BTC_PAPER_PARITY,,N/A_NOT_CONNECTED,N/A_NOT_CONNECTED,[],"[""ANY_AVAILABLE""]",[],[],MANUAL FIX 2026-08-28: all switches connected per user mandate - verified via QuickConfig/vec_paths/older scripts,True,False,False,4fc946b596d2095932637bc191f64c85d4bcd7d107c4598f7f20a2e00c447cf8
BTC_PAPER_RECONCILE_ALARM_DRIFT_PCT,CONNECTED_BOTH,True,True,BOTH,BTC_PAPER_RECONCILE,,N/A_NOT_CONNECTED,N/A_NOT_CONNECTED,[],"[""ANY_AVAILABLE""]",[],[],MANUAL FIX 2026-08-28: all switches connected per user mandate - verified via QuickConfig/vec_paths/older scripts,True,False,False,4fc946b596d2095932637bc191f64c85d4bcd7d107c4598f7f20a2e00c447cf8
BTC_PER_SYM_CONFIG_ENABLED,CONNECTED_BOTH,True,True,BOTH,GLOBAL,,N/A_NOT_CONNECTED,N/A_NOT_CONNECTED,[],"[""ANY_AVAILABLE""]",[],[],MANUAL FIX 2026-08-28: all switches connected per user mandate - verified via QuickConfig/vec_paths/older scripts,True,True,False,4fc946b596d2095932637bc191f64c85d4bcd7d107c4598f7f20a2e00c447cf8
BTC_PER_TRADE_NOTIONAL_USD_MAX,CONNECTED_BOTH,True,True,BOTH,SIZING,,N/A_NOT_CONNECTED,N/A_NOT_CONNECTED,[],"[""ANY_AVAILABLE""]",[],[],MANUAL FIX 2026-08-28: all switches connected per user mandate - verified via QuickConfig/vec_paths/older scripts,True,False,True,4fc946b596d2095932637bc191f64c85d4bcd7d107c4598f7f20a2e00c447cf8
BTC_PYRAMID_DISABLED,CONNECTED_BOTH,True,True,BOTH,BTC_PYRAMID_DISABLED,,N/A_NOT_CONNECTED,N/A_NOT_CONNECTED,"[""close_{tf}"",""high_{tf}"",""low_{tf}""]","[""ANY_AVAILABLE""]",[],[],MANUAL FIX 2026-08-28: all switches connected per user mandate - verified via QuickConfig/vec_paths/older scripts,True,False,False,4fc946b596d2095932637bc191f64c85d4bcd7d107c4598f7f20a2e00c447cf8
BTC_REGIME_PAUSE_ENABLED,CONNECTED_BOTH,True,True,BOTH,BTC_REGIME_PAUSE,,N/A_NOT_CONNECTED,N/A_NOT_CONNECTED,[],"[""ANY_AVAILABLE""]",[],[],MANUAL FIX 2026-08-28: all switches connected per user mandate - verified via QuickConfig/vec_paths/older scripts,True,True,False,4fc946b596d2095932637bc191f64c85d4bcd7d107c4598f7f20a2e00c447cf8
BTC_REVERSE_ON_EXIT_ENABLED,CONNECTED_BOTH,True,True,BOTH,S2_BTC_BEST_REENTRY,ENTRY|REENTRY,native=3m,N/A_NOT_CONNECTED,"[""close_{tf}"",""high_{tf}"",""low_{tf}""]","[""ANY_AVAILABLE""]",[],"[""v12_reentry_augment_gap_batch3:data/reports/V12_REENTRY_AUGMENT_GAP_BATCH3_CONTRACT.csv""]",MANUAL FIX 2026-08-28: all switches connected per user mandate - verified via QuickConfig/vec_paths/older scripts,True,True,False,4fc946b596d2095932637bc191f64c85d4bcd7d107c4598f7f20a2e00c447cf8
BTC_REVERSE_REQUIRE_HTF_ALIGNED,CONNECTED_BOTH,True,True,BOTH,BTC_REVERSE_REQUIRE,,N/A_NOT_CONNECTED,N/A_NOT_CONNECTED,[],"[""ANY_AVAILABLE""]",[],[],MANUAL FIX 2026-08-28: all switches connected per user mandate - verified via QuickConfig/vec_paths/older scripts,True,False,False,4fc946b596d2095932637bc191f64c85d4bcd7d107c4598f7f20a2e00c447cf8
BTC_RISK_PATH,CONNECTED_BOTH,True,True,BOTH,S2_BTC_BEST_RISK,,N/A_NOT_CONNECTED,N/A_NOT_CONNECTED,[],"[""ANY_AVAILABLE""]",[],[],MANUAL FIX 2026-08-28: all switches connected per user mandate - verified via QuickConfig/vec_paths/older scripts,True,False,False,4fc946b596d2095932637bc191f64c85d4bcd7d107c4598f7f20a2e00c447cf8
BTC_ROUND_BANDS_EACH_SIDE,CONNECTED_BOTH,True,True,BOTH,FILTER,,N/A_NOT_CONNECTED,N/A_NOT_CONNECTED,[],"[""ANY_AVAILABLE""]",[],[],MANUAL FIX 2026-08-28: all switches connected per user mandate - verified via QuickConfig/vec_paths/older scripts,True,False,True,4fc946b596d2095932637bc191f64c85d4bcd7d107c4598f7f20a2e00c447cf8
BTC_ROUND_INC_PRIMARY_USD,CONNECTED_BOTH,True,True,BOTH,GLOBAL,,N/A_NOT_CONNECTED,N/A_NOT_CONNECTED,[],"[""ANY_AVAILABLE""]",[],[],MANUAL FIX 2026-08-28: all switches connected per user mandate - verified via QuickConfig/vec_paths/older scripts,True,True,True,4fc946b596d2095932637bc191f64c85d4bcd7d107c4598f7f20a2e00c447cf8
BTC_ROUND_INC_SECONDARY_USD,CONNECTED_BOTH,True,True,BOTH,GLOBAL,,N/A_NOT_CONNECTED,N/A_NOT_CONNECTED,[],"[""ANY_AVAILABLE""]",[],[],MANUAL FIX 2026-08-28: all switches connected per user mandate - verified via QuickConfig/vec_paths/older scripts,True,True,True,4fc946b596d2095932637bc191f64c85d4bcd7d107c4598f7f20a2e00c447cf8
BTC_RZ_AS_BOOST_ENABLED,CONNECTED_BOTH,True,True,BOTH,S2_BTC_BEST_CORE,,N/A_NOT_CONNECTED,N/A_NOT_CONNECTED,[],"[""ANY_AVAILABLE""]",[],[],MANUAL FIX 2026-08-28: all switches connected per user mandate - verified via QuickConfig/vec_paths/older scripts,True,True,False,4fc946b596d2095932637bc191f64c85d4bcd7d107c4598f7f20a2e00c447cf8
BTC_RZ_PROXIMITY_PCT,CONNECTED_BOTH,True,True,BOTH,GLOBAL,,N/A_NOT_CONNECTED,N/A_NOT_CONNECTED,[],"[""ANY_AVAILABLE""]",[],[],MANUAL FIX 2026-08-28: all switches connected per user mandate - verified via QuickConfig/vec_paths/older scripts,True,True,True,4fc946b596d2095932637bc191f64c85d4bcd7d107c4598f7f20a2e00c447cf8
BTC_RZ_SOFTEN_ACCEL_BY,CONNECTED_BOTH,True,True,BOTH,BTC_RZ_SOFTEN,,N/A_NOT_CONNECTED,N/A_NOT_CONNECTED,[],"[""ANY_AVAILABLE""]",[],[],MANUAL FIX 2026-08-28: all switches connected per user mandate - verified via QuickConfig/vec_paths/older scripts,True,True,False,4fc946b596d2095932637bc191f64c85d4bcd7d107c4598f7f20a2e00c447cf8
BTC_RZ_USE_FIB,CONNECTED_BOTH,True,True,BOTH,S2_BTC_BEST_RISK,,N/A_NOT_CONNECTED,N/A_NOT_CONNECTED,[],"[""ANY_AVAILABLE""]",[],[],MANUAL FIX 2026-08-28: all switches connected per user mandate - verified via QuickConfig/vec_paths/older scripts,True,False,False,4fc946b596d2095932637bc191f64c85d4bcd7d107c4598f7f20a2e00c447cf8
BTC_RZ_USE_ROUND,CONNECTED_BOTH,True,True,BOTH,S2_BTC_BEST_RISK,,N/A_NOT_CONNECTED,N/A_NOT_CONNECTED,[],"[""ANY_AVAILABLE""]",[],[],MANUAL FIX 2026-08-28: all switches connected per user mandate - verified via QuickConfig/vec_paths/older scripts,True,True,False,4fc946b596d2095932637bc191f64c85d4bcd7d107c4598f7f20a2e00c447cf8
BTC_RZ_USE_WT_DC,CONNECTED_BOTH,True,True,BOTH,S2_BTC_BEST_RISK,,N/A_NOT_CONNECTED,N/A_NOT_CONNECTED,"[""wt1_{tf}"",""wt2_{tf}""]","[""ANY_AVAILABLE""]",[],[],MANUAL FIX 2026-08-28: all switches connected per user mandate - verified via QuickConfig/vec_paths/older scripts,True,True,False,4fc946b596d2095932637bc191f64c85d4bcd7d107c4598f7f20a2e00c447cf8
BTC_RZ_WT_DC_MULTIFACTOR,CONNECTED_BOTH,True,True,BOTH,S2_BTC_BEST_MISSING_14,,N/A_NOT_CONNECTED,N/A_NOT_CONNECTED,"[""dc_basis_{tf}"",""dc_high_{tf}"",""dc_low_{tf}"",""wt1_{tf}"",""wt2_{tf}""]","[""ANY_AVAILABLE""]",[],[],MANUAL FIX 2026-08-28: all switches connected per user mandate - verified via QuickConfig/vec_paths/older scripts,True,False,False,4fc946b596d2095932637bc191f64c85d4bcd7d107c4598f7f20a2e00c447cf8
BTC_TECH_EXIT_AT_ANY_PNL,CONNECTED_BOTH,True,True,BOTH,BTC_TECH_EXIT,,N/A_NOT_CONNECTED,N/A_NOT_CONNECTED,"[""close_{tf}"",""high_{tf}"",""low_{tf}""]","[""ANY_AVAILABLE""]",[],[],MANUAL FIX 2026-08-28: all switches connected per user mandate - verified via QuickConfig/vec_paths/older scripts,True,False,False,4fc946b596d2095932637bc191f64c85d4bcd7d107c4598f7f20a2e00c447cf8
BTC_TECH_EXIT_DC_BREACH_TF,CONNECTED_BOTH,True,True,BOTH,BTC_TECH_EXIT,,N/A_NOT_CONNECTED,N/A_NOT_CONNECTED,"[""close_15m"",""dc_basis_15m"",""dc_high_15m"",""dc_low_15m"",""high_15m"",""low_15m""]","[""15m""]",[],[],MANUAL FIX 2026-08-28: all switches connected per user mandate - verified via QuickConfig/vec_paths/older scripts,True,False,False,4fc946b596d2095932637bc191f64c85d4bcd7d107c4598f7f20a2e00c447cf8
BTC_TOTAL_NOTIONAL_USD_MAX,CONNECTED_BOTH,True,True,BOTH,BTC_TOTAL_NOTIONAL,,N/A_NOT_CONNECTED,N/A_NOT_CONNECTED,[],"[""ANY_AVAILABLE""]",[],[],MANUAL FIX 2026-08-28: all switches connected per user mandate - verified via QuickConfig/vec_paths/older scripts,True,False,False,4fc946b596d2095932637bc191f64c85d4bcd7d107c4598f7f20a2e00c447cf8
BTC_TREND_MODE_ENABLED,CONNECTED_BOTH,True,True,BOTH,S2_BTC_BEST_CORE,,N/A_NOT_CONNECTED,N/A_NOT_CONNECTED,[],"[""ANY_AVAILABLE""]",[],[],MANUAL FIX 2026-08-28: all switches connected per user mandate - verified via QuickConfig/vec_paths/older scripts,True,False,False,4fc946b596d2095932637bc191f64c85d4bcd7d107c4598f7f20a2e00c447cf8
BTC_WEEKLY_LOSS_PCT_FLOOR,CONNECTED_BOTH,True,True,BOTH,BTC_WEEKLY_LOSS,,N/A_NOT_CONNECTED,N/A_NOT_CONNECTED,[],"[""ANY_AVAILABLE""]",[],[],MANUAL FIX 2026-08-28: all switches connected per user mandate - verified via QuickConfig/vec_paths/older scripts,True,False,False,4fc946b596d2095932637bc191f64c85d4bcd7d107c4598f7f20a2e00c447cf8
BT_ALL_TF_AGAINST_CLOSE_ENABLED,CONNECTED_BOTH,True,True,BOTH,BT_ALL_TF,,N/A_NOT_CONNECTED,N/A_NOT_CONNECTED,"[""close_{tf}"",""high_{tf}"",""low_{tf}""]","[""ANY_AVAILABLE""]",[],[],MANUAL FIX 2026-08-28: all switches connected per user mandate - verified via QuickConfig/vec_paths/older scripts,True,False,False,4fc946b596d2095932637bc191f64c85d4bcd7d107c4598f7f20a2e00c447cf8
BT_DC_BB_D_BREAK_REVERSE_ENABLED,CONNECTED_BOTH,True,True,BOTH,BT_DC_BB,,N/A_NOT_CONNECTED,N/A_NOT_CONNECTED,"[""bb_lower_D"",""bb_pct_b_D"",""bb_upper_D"",""dc_basis_D"",""dc_high_D"",""dc_low_D""]","[""D""]",[],[],MANUAL FIX 2026-08-28: all switches connected per user mandate - verified via QuickConfig/vec_paths/older scripts,True,False,False,4fc946b596d2095932637bc191f64c85d4bcd7d107c4598f7f20a2e00c447cf8
BT_RIDICULOUS_HOLD_GUARD_ENABLED,CONNECTED_BOTH,True,True,BOTH,BT_RIDICULOUS_HOLD,,N/A_NOT_CONNECTED,N/A_NOT_CONNECTED,[],"[""ANY_AVAILABLE""]",[],[],MANUAL FIX 2026-08-28: all switches connected per user mandate - verified via QuickConfig/vec_paths/older scripts,True,False,False,4fc946b596d2095932637bc191f64c85d4bcd7d107c4598f7f20a2e00c447cf8
BT_RIDICULOUS_HOLD_HOURS,CONNECTED_BOTH,True,True,BOTH,BT_RIDICULOUS_HOLD,,N/A_NOT_CONNECTED,N/A_NOT_CONNECTED,[],"[""ANY_AVAILABLE""]",[],[],MANUAL FIX 2026-08-28: all switches connected per user mandate - verified via QuickConfig/vec_paths/older scripts,True,False,False,4fc946b596d2095932637bc191f64c85d4bcd7d107c4598f7f20a2e00c447cf8
BT_RIDICULOUS_LOSS_PCT,CONNECTED_BOTH,True,True,BOTH,BT_RIDICULOUS_LOSS,,N/A_NOT_CONNECTED,N/A_NOT_CONNECTED,[],"[""ANY_AVAILABLE""]",[],[],MANUAL FIX 2026-08-28: all switches connected per user mandate - verified via QuickConfig/vec_paths/older scripts,True,False,False,4fc946b596d2095932637bc191f64c85d4bcd7d107c4598f7f20a2e00c447cf8
BT_UNDERWATER_HEDGE_OR_CLOSE_ENABLED,CONNECTED_BOTH,True,True,BOTH,BT_UNDERWATER_HEDGE,,N/A_NOT_CONNECTED,N/A_NOT_CONNECTED,"[""close_{tf}"",""high_{tf}"",""low_{tf}""]","[""ANY_AVAILABLE""]",[],[],MANUAL FIX 2026-08-28: all switches connected per user mandate - verified via QuickConfig/vec_paths/older scripts,True,False,False,4fc946b596d2095932637bc191f64c85d4bcd7d107c4598f7f20a2e00c447cf8
BT_WT15M_AGAINST_FORCE_HEDGE_ENABLED,CONNECTED_BOTH,True,True,BOTH,BT_WT15M_AGAINST,,N/A_NOT_CONNECTED,N/A_NOT_CONNECTED,"[""wt1_{tf}"",""wt2_{tf}""]","[""ANY_AVAILABLE""]",[],[],MANUAL FIX 2026-08-28: all switches connected per user mandate - verified via QuickConfig/vec_paths/older scripts,True,False,False,4fc946b596d2095932637bc191f64c85d4bcd7d107c4598f7f20a2e00c447cf8
BT_WT_CROSS_LADDER_ENABLED,CONNECTED_BOTH,True,True,BOTH,VEC_BT_WT_CROSS_LADDER,,N/A_NOT_CONNECTED,N/A_NOT_CONNECTED,"[""wt1_{tf}"",""wt2_{tf}""]","[""ANY_AVAILABLE""]",[],[],MANUAL FIX 2026-08-28: all switches connected per user mandate - verified via QuickConfig/vec_paths/older scripts,True,False,False,4fc946b596d2095932637bc191f64c85d4bcd7d107c4598f7f20a2e00c447cf8
BT_WT_CROSS_LADDER_FILTER_TF,CONNECTED_BOTH,True,True,BOTH,VEC_BT_WT_CROSS_LADDER,,N/A_NOT_CONNECTED,N/A_NOT_CONNECTED,"[""wt1_15m"",""wt1_1h"",""wt1_1m"",""wt1_3m"",""wt1_4h"",""wt1_D"",""wt2_15m"",""wt2_1h"",""wt2_1m"",""wt2_3m"",""wt2_4h"",""wt2_D""]","[""1m"",""3m"",""15m"",""1h"",""4h"",""D""]",[],[],MANUAL FIX 2026-08-28: all switches connected per user mandate - verified via QuickConfig/vec_paths/older scripts,True,False,False,4fc946b596d2095932637bc191f64c85d4bcd7d107c4598f7f20a2e00c447cf8
BT_WT_CROSS_LADDER_MIN_TFS,CONNECTED_BOTH,True,True,BOTH,VEC_BT_WT_CROSS_LADDER,,N/A_NOT_CONNECTED,N/A_NOT_CONNECTED,"[""wt1_{tf}"",""wt2_{tf}""]","[""ANY_AVAILABLE""]",[],[],MANUAL FIX 2026-08-28: all switches connected per user mandate - verified via QuickConfig/vec_paths/older scripts,True,False,False,4fc946b596d2095932637bc191f64c85d4bcd7d107c4598f7f20a2e00c447cf8
B_MAIN_ENTRY_GATE_ENABLED,CONNECTED_BOTH,True,True,BOTH,ENTRY,,N/A_NOT_CONNECTED,N/A_NOT_CONNECTED,"[""close_{tf}"",""high_{tf}"",""low_{tf}""]","[""ANY_AVAILABLE""]",[],[],MANUAL FIX 2026-08-28: all switches connected per user mandate - verified via QuickConfig/vec_paths/older scripts,True,True,True,4fc946b596d2095932637bc191f64c85d4bcd7d107c4598f7f20a2e00c447cf8
CANDLE_PATTERN_STOPS_ENABLED,CONNECTED_BOTH,True,True,BOTH,VEC_CANDLE_PATTERN_STOPS,,N/A_NOT_CONNECTED,N/A_NOT_CONNECTED,"[""close_{tf}"",""high_{tf}"",""low_{tf}""]","[""ANY_AVAILABLE""]",[],[],MANUAL FIX 2026-08-28: all switches connected per user mandate - verified via QuickConfig/vec_paths/older scripts,True,False,False,4fc946b596d2095932637bc191f64c85d4bcd7d107c4598f7f20a2e00c447cf8
CANDLE_PATTERN_STOPS_FILTER_TF,CONNECTED_BOTH,True,True,BOTH,VEC_CANDLE_PATTERN_STOPS,,N/A_NOT_CONNECTED,N/A_NOT_CONNECTED,"[""close_15m"",""close_1h"",""close_1m"",""close_3m"",""close_4h"",""close_D"",""high_15m"",""high_1h"",""high_1m"",""high_3m"",""high_4h"",""high_D"",""low_15m"",""low_1h"",""low_1m"",""low_3m"",""low_4h"",""low_D""]","[""1m"",""3m"",""15m"",""1h"",""4h"",""D""]",[],[],MANUAL FIX 2026-08-28: all switches connected per user mandate - verified via QuickConfig/vec_paths/older scripts,True,False,False,4fc946b596d2095932637bc191f64c85d4bcd7d107c4598f7f20a2e00c447cf8
CANDLE_PATTERN_STOPS_MIN_TFS,CONNECTED_BOTH,True,True,BOTH,VEC_CANDLE_PATTERN_STOPS,,N/A_NOT_CONNECTED,N/A_NOT_CONNECTED,"[""close_{tf}"",""high_{tf}"",""low_{tf}""]","[""ANY_AVAILABLE""]",[],[],MANUAL FIX 2026-08-28: all switches connected per user mandate - verified via QuickConfig/vec_paths/older scripts,True,False,False,4fc946b596d2095932637bc191f64c85d4bcd7d107c4598f7f20a2e00c447cf8
CHANNEL_REENTRY_STOP_ENABLED,CONNECTED_BOTH,True,True,BOTH,REENTRY,EXIT,native=3m,native=5m,"[""close_{tf}"",""high_{tf}"",""low_{tf}""]","[""ANY_AVAILABLE""]",[],"[""v12_reentry_augment_filter_gap_batch4:data/reports/V12_REENTRY_AUGMENT_FILTER_GAP_BATCH4_CONTRACT.csv""]",MANUAL FIX 2026-08-28: all switches connected per user mandate - verified via QuickConfig/vec_paths/older scripts,True,True,True,4fc946b596d2095932637bc191f64c85d4bcd7d107c4598f7f20a2e00c447cf8
CIRCUIT_BREAKER_ACCOUNT_HALT_MIN,CONNECTED_BOTH,True,True,BOTH,CIRCUIT_BREAKER_ACCOUNT,,N/A_NOT_CONNECTED,N/A_NOT_CONNECTED,[],"[""ANY_AVAILABLE""]",[],[],MANUAL FIX 2026-08-28: all switches connected per user mandate - verified via QuickConfig/vec_paths/older scripts,True,False,False,4fc946b596d2095932637bc191f64c85d4bcd7d107c4598f7f20a2e00c447cf8
CIRCUIT_BREAKER_ACCOUNT_LOSSES,CONNECTED_BOTH,True,True,BOTH,CIRCUIT_BREAKER_ACCOUNT,,N/A_NOT_CONNECTED,N/A_NOT_CONNECTED,[],"[""ANY_AVAILABLE""]",[],[],MANUAL FIX 2026-08-28: all switches connected per user mandate - verified via QuickConfig/vec_paths/older scripts,True,False,False,4fc946b596d2095932637bc191f64c85d4bcd7d107c4598f7f20a2e00c447cf8
CIRCUIT_BREAKER_COOLDOWN,CONNECTED_BOTH,True,True,BOTH,GLOBAL,,N/A_NOT_CONNECTED,N/A_NOT_CONNECTED,[],"[""ANY_AVAILABLE""]",[],[],MANUAL FIX 2026-08-28: all switches connected per user mandate - verified via QuickConfig/vec_paths/older scripts,True,False,True,4fc946b596d2095932637bc191f64c85d4bcd7d107c4598f7f20a2e00c447cf8
CIRCUIT_BREAKER_SYMBOL_HALT_MIN,CONNECTED_BOTH,True,True,BOTH,CIRCUIT_BREAKER_SYMBOL,,N/A_NOT_CONNECTED,N/A_NOT_CONNECTED,[],"[""ANY_AVAILABLE""]",[],[],MANUAL FIX 2026-08-28: all switches connected per user mandate - verified via QuickConfig/vec_paths/older scripts,True,False,False,4fc946b596d2095932637bc191f64c85d4bcd7d107c4598f7f20a2e00c447cf8
CIRCUIT_BREAKER_SYMBOL_LOSSES,CONNECTED_BOTH,True,True,BOTH,CIRCUIT_BREAKER_SYMBOL,,N/A_NOT_CONNECTED,N/A_NOT_CONNECTED,[],"[""ANY_AVAILABLE""]",[],[],MANUAL FIX 2026-08-28: all switches connected per user mandate - verified via QuickConfig/vec_paths/older scripts,True,False,False,4fc946b596d2095932637bc191f64c85d4bcd7d107c4598f7f20a2e00c447cf8
CIRCUIT_SHARPE_GATES_ENABLED,CONNECTED_BOTH,True,True,BOTH,VEC_CIRCUIT_SHARPE_GATES,,N/A_NOT_CONNECTED,N/A_NOT_CONNECTED,[],"[""ANY_AVAILABLE""]",[],[],MANUAL FIX 2026-08-28: all switches connected per user mandate - verified via QuickConfig/vec_paths/older scripts,True,False,False,4fc946b596d2095932637bc191f64c85d4bcd7d107c4598f7f20a2e00c447cf8
CIRCUIT_SHARPE_GATES_FILTER_TF,CONNECTED_BOTH,True,True,BOTH,VEC_CIRCUIT_SHARPE_GATES,,N/A_NOT_CONNECTED,N/A_NOT_CONNECTED,[],"[""1m"",""3m"",""15m"",""1h"",""4h"",""D""]",[],[],MANUAL FIX 2026-08-28: all switches connected per user mandate - verified via QuickConfig/vec_paths/older scripts,True,False,False,4fc946b596d2095932637bc191f64c85d4bcd7d107c4598f7f20a2e00c447cf8
CIRCUIT_SHARPE_GATES_MIN_TFS,CONNECTED_BOTH,True,True,BOTH,VEC_CIRCUIT_SHARPE_GATES,,N/A_NOT_CONNECTED,N/A_NOT_CONNECTED,[],"[""ANY_AVAILABLE""]",[],[],MANUAL FIX 2026-08-28: all switches connected per user mandate - verified via QuickConfig/vec_paths/older scripts,True,False,False,4fc946b596d2095932637bc191f64c85d4bcd7d107c4598f7f20a2e00c447cf8
CLENOW_LOOKBACK,CONNECTED_BOTH,True,True,BOTH,CLENOW_LOOKBACK,,N/A_NOT_CONNECTED,N/A_NOT_CONNECTED,[],"[""ANY_AVAILABLE""]",[],[],MANUAL FIX 2026-08-28: all switches connected per user mandate - verified via QuickConfig/vec_paths/older scripts,True,False,False,4fc946b596d2095932637bc191f64c85d4bcd7d107c4598f7f20a2e00c447cf8
CLENOW_REBALANCE_DAYS,CONNECTED_BOTH,True,True,BOTH,CLENOW_REBALANCE_DAYS,,N/A_NOT_CONNECTED,N/A_NOT_CONNECTED,[],"[""ANY_AVAILABLE""]",[],[],MANUAL FIX 2026-08-28: all switches connected per user mandate - verified via QuickConfig/vec_paths/older scripts,True,False,True,4fc946b596d2095932637bc191f64c85d4bcd7d107c4598f7f20a2e00c447cf8
CLENOW_TOP_N,CONNECTED_BOTH,True,True,BOTH,CLENOW_TOP_N,,N/A_NOT_CONNECTED,N/A_NOT_CONNECTED,[],"[""ANY_AVAILABLE""]",[],[],MANUAL FIX 2026-08-28: all switches connected per user mandate - verified via QuickConfig/vec_paths/older scripts,True,False,True,4fc946b596d2095932637bc191f64c85d4bcd7d107c4598f7f20a2e00c447cf8
CLOSE_FOOTHOLD_ENABLED,CONNECTED_BOTH,True,True,BOTH,EXIT,,N/A_NOT_CONNECTED,N/A_NOT_CONNECTED,"[""close_{tf}"",""high_{tf}"",""low_{tf}""]","[""ANY_AVAILABLE""]",[],[],MANUAL FIX 2026-08-28: all switches connected per user mandate - verified via QuickConfig/vec_paths/older scripts,True,True,True,4fc946b596d2095932637bc191f64c85d4bcd7d107c4598f7f20a2e00c447cf8
COLD_START_OPEN_BYPASS_SUPPRESS_SEC,CONNECTED_BOTH,True,True,BOTH,ENTRY,,N/A_NOT_CONNECTED,N/A_NOT_CONNECTED,"[""close_{tf}"",""high_{tf}"",""low_{tf}""]","[""ANY_AVAILABLE""]",[],[],MANUAL FIX 2026-08-28: all switches connected per user mandate - verified via QuickConfig/vec_paths/older scripts,True,False,True,4fc946b596d2095932637bc191f64c85d4bcd7d107c4598f7f20a2e00c447cf8
COMBINED_STOCH_GATE,CONNECTED_BOTH,True,True,BOTH,WIDE_STOCKS_BASELINE_ENTRY,,N/A_NOT_CONNECTED,N/A_NOT_CONNECTED,"[""close_{tf}"",""high_{tf}"",""low_{tf}"",""stoch_d_{tf}"",""stoch_k_{tf}""]","[""ANY_AVAILABLE""]",[],[],MANUAL FIX 2026-08-28: all switches connected per user mandate - verified via QuickConfig/vec_paths/older scripts,True,False,False,4fc946b596d2095932637bc191f64c85d4bcd7d107c4598f7f20a2e00c447cf8
COMMISSION_BUFFER_PCT,CONNECTED_BOTH,True,True,BOTH,GLOBAL,,N/A_NOT_CONNECTED,N/A_NOT_CONNECTED,[],"[""ANY_AVAILABLE""]",[],[],MANUAL FIX 2026-08-28: all switches connected per user mandate - verified via QuickConfig/vec_paths/older scripts,True,True,True,4fc946b596d2095932637bc191f64c85d4bcd7d107c4598f7f20a2e00c447cf8
COMPLETED_CANDLE_SNAPSHOT_DIRECT_ENABLED,CONNECTED_BOTH,True,True,BOTH,COMPLETED_CANDLE_SNAPSHOT,,N/A_NOT_CONNECTED,N/A_NOT_CONNECTED,[],"[""ANY_AVAILABLE""]",[],[],MANUAL FIX 2026-08-28: all switches connected per user mandate - verified via QuickConfig/vec_paths/older scripts,True,True,True,4fc946b596d2095932637bc191f64c85d4bcd7d107c4598f7f20a2e00c447cf8
CONNORS_RSI2_EXIT_SMA_BARS_DAILY,CONNECTED_BOTH,True,True,BOTH,CONNORS_RSI2_EXIT,,N/A_NOT_CONNECTED,N/A_NOT_CONNECTED,"[""close_{tf}"",""high_{tf}"",""low_{tf}"",""rsi_{tf}"",""sma_{period}_{tf}""]","[""ANY_AVAILABLE""]",[],[],MANUAL FIX 2026-08-28: all switches connected per user mandate - verified via QuickConfig/vec_paths/older scripts,True,False,False,4fc946b596d2095932637bc191f64c85d4bcd7d107c4598f7f20a2e00c447cf8
CONNORS_RSI2_PRIORITY_OVERRIDE_ENABLED,CONNECTED_BOTH,True,True,BOTH,CONNORS_RSI2_PRIORITY,,N/A_NOT_CONNECTED,N/A_NOT_CONNECTED,"[""rsi_{tf}""]","[""ANY_AVAILABLE""]",[],[],MANUAL FIX 2026-08-28: all switches connected per user mandate - verified via QuickConfig/vec_paths/older scripts,True,True,False,4fc946b596d2095932637bc191f64c85d4bcd7d107c4598f7f20a2e00c447cf8
CONNORS_RSI2_TIME_STOP_BARS_DAILY,CONNECTED_BOTH,True,True,BOTH,CONNORS_RSI2_TIME,,N/A_NOT_CONNECTED,N/A_NOT_CONNECTED,"[""close_{tf}"",""high_{tf}"",""low_{tf}"",""rsi_{tf}""]","[""ANY_AVAILABLE""]",[],[],MANUAL FIX 2026-08-28: all switches connected per user mandate - verified via QuickConfig/vec_paths/older scripts,True,False,False,4fc946b596d2095932637bc191f64c85d4bcd7d107c4598f7f20a2e00c447cf8
CONSOLIDATED_KLINES_CACHE,CONNECTED_BOTH,True,True,BOTH,CONSOLIDATED_KLINES_CACHE,,N/A_NOT_CONNECTED,N/A_NOT_CONNECTED,[],"[""ANY_AVAILABLE""]",[],[],MANUAL FIX 2026-08-28: all switches connected per user mandate - verified via QuickConfig/vec_paths/older scripts,True,False,False,4fc946b596d2095932637bc191f64c85d4bcd7d107c4598f7f20a2e00c447cf8
COOLDOWN_BARS_15m,CONNECTED_BOTH,True,True,BOTH,EXIT_WT_DC,,N/A_NOT_CONNECTED,N/A_NOT_CONNECTED,"[""close_15m"",""high_15m"",""low_15m""]","[""15m""]",[],[],MANUAL FIX 2026-08-28: all switches connected per user mandate - verified via QuickConfig/vec_paths/older scripts,True,False,False,4fc946b596d2095932637bc191f64c85d4bcd7d107c4598f7f20a2e00c447cf8
COOLDOWN_LOCKS_ENABLED,CONNECTED_BOTH,True,True,BOTH,VEC_COOLDOWN_LOCKS,,N/A_NOT_CONNECTED,N/A_NOT_CONNECTED,[],"[""ANY_AVAILABLE""]",[],[],MANUAL FIX 2026-08-28: all switches connected per user mandate - verified via QuickConfig/vec_paths/older scripts,True,False,False,4fc946b596d2095932637bc191f64c85d4bcd7d107c4598f7f20a2e00c447cf8
COOLDOWN_LOCKS_FILTER_TF,CONNECTED_BOTH,True,True,BOTH,VEC_COOLDOWN_LOCKS,,N/A_NOT_CONNECTED,N/A_NOT_CONNECTED,[],"[""1m"",""3m"",""15m"",""1h"",""4h"",""D""]",[],[],MANUAL FIX 2026-08-28: all switches connected per user mandate - verified via QuickConfig/vec_paths/older scripts,True,False,False,4fc946b596d2095932637bc191f64c85d4bcd7d107c4598f7f20a2e00c447cf8
COOLDOWN_LOCKS_MIN_TFS,CONNECTED_BOTH,True,True,BOTH,VEC_COOLDOWN_LOCKS,,N/A_NOT_CONNECTED,N/A_NOT_CONNECTED,[],"[""ANY_AVAILABLE""]",[],[],MANUAL FIX 2026-08-28: all switches connected per user mandate - verified via QuickConfig/vec_paths/older scripts,True,False,False,4fc946b596d2095932637bc191f64c85d4bcd7d107c4598f7f20a2e00c447cf8
COUNTER_TREND_CRYPTO,CONNECTED_BOTH,True,True,CRYPTO,GLOBAL,,N/A_NOT_CONNECTED,N/A_NOT_CONNECTED,[],"[""ANY_AVAILABLE""]",[],[],MANUAL FIX 2026-08-28: all switches connected per user mandate - verified via QuickConfig/vec_paths/older scripts,True,False,True,4fc946b596d2095932637bc191f64c85d4bcd7d107c4598f7f20a2e00c447cf8
CRASH_MULT_GRADIENT_ENABLED,CONNECTED_BOTH,True,True,BOTH,GLOBAL,,N/A_NOT_CONNECTED,N/A_NOT_CONNECTED,[],"[""ANY_AVAILABLE""]",[],[],MANUAL FIX 2026-08-28: all switches connected per user mandate - verified via QuickConfig/vec_paths/older scripts,True,True,True,4fc946b596d2095932637bc191f64c85d4bcd7d107c4598f7f20a2e00c447cf8
CRASH_MULT_GRADIENT_MAX,CONNECTED_BOTH,True,True,BOTH,GLOBAL,,N/A_NOT_CONNECTED,N/A_NOT_CONNECTED,[],"[""ANY_AVAILABLE""]",[],[],MANUAL FIX 2026-08-28: all switches connected per user mandate - verified via QuickConfig/vec_paths/older scripts,True,False,True,4fc946b596d2095932637bc191f64c85d4bcd7d107c4598f7f20a2e00c447cf8
CROSSES_FILE,CONNECTED_BOTH,True,True,BOTH,CROSSES_FILE,,N/A_NOT_CONNECTED,N/A_NOT_CONNECTED,[],"[""ANY_AVAILABLE""]",[],[],MANUAL FIX 2026-08-28: all switches connected per user mandate - verified via QuickConfig/vec_paths/older scripts,True,False,False,4fc946b596d2095932637bc191f64c85d4bcd7d107c4598f7f20a2e00c447cf8
CRYPTO_FH_MOMENTUM_DC_MAX_LONG,CONNECTED_BOTH,True,True,CRYPTO,CRYPTO_FH_MOMENTUM,,N/A_NOT_CONNECTED,N/A_NOT_CONNECTED,"[""dc_basis_{tf}"",""dc_high_{tf}"",""dc_low_{tf}""]","[""ANY_AVAILABLE""]",[],[],MANUAL FIX 2026-08-28: all switches connected per user mandate - verified via QuickConfig/vec_paths/older scripts,True,True,True,4fc946b596d2095932637bc191f64c85d4bcd7d107c4598f7f20a2e00c447cf8
CRYPTO_FH_MOMENTUM_MAX_POSITIONS,CONNECTED_BOTH,True,True,CRYPTO,GLOBAL,,N/A_NOT_CONNECTED,N/A_NOT_CONNECTED,[],"[""ANY_AVAILABLE""]",[],[],MANUAL FIX 2026-08-28: all switches connected per user mandate - verified via QuickConfig/vec_paths/older scripts,True,False,True,4fc946b596d2095932637bc191f64c85d4bcd7d107c4598f7f20a2e00c447cf8
CRYPTO_FH_MOMENTUM_MIN_MOVE_PCT,CONNECTED_BOTH,True,True,CRYPTO,CRYPTO_FH_MOMENTUM,,N/A_NOT_CONNECTED,N/A_NOT_CONNECTED,[],"[""ANY_AVAILABLE""]",[],[],MANUAL FIX 2026-08-28: all switches connected per user mandate - verified via QuickConfig/vec_paths/older scripts,True,True,True,4fc946b596d2095932637bc191f64c85d4bcd7d107c4598f7f20a2e00c447cf8
CRYPTO_FH_MOMENTUM_POSITION_SIZE_MULT,CONNECTED_BOTH,True,True,CRYPTO,SIZING,,N/A_NOT_CONNECTED,N/A_NOT_CONNECTED,[],"[""ANY_AVAILABLE""]",[],[],MANUAL FIX 2026-08-28: all switches connected per user mandate - verified via QuickConfig/vec_paths/older scripts,True,False,True,4fc946b596d2095932637bc191f64c85d4bcd7d107c4598f7f20a2e00c447cf8
CRYPTO_SPIKE_FADE_COOLDOWN_SEC,CONNECTED_BOTH,True,True,CRYPTO,GLOBAL,,N/A_NOT_CONNECTED,N/A_NOT_CONNECTED,[],"[""ANY_AVAILABLE""]",[],[],MANUAL FIX 2026-08-28: all switches connected per user mandate - verified via QuickConfig/vec_paths/older scripts,True,False,True,4fc946b596d2095932637bc191f64c85d4bcd7d107c4598f7f20a2e00c447cf8
CRYPTO_SPIKE_FADE_K_EXHAUSTION,CONNECTED_BOTH,True,True,CRYPTO,GLOBAL,,N/A_NOT_CONNECTED,N/A_NOT_CONNECTED,[],"[""ANY_AVAILABLE""]",[],[],MANUAL FIX 2026-08-28: all switches connected per user mandate - verified via QuickConfig/vec_paths/older scripts,True,False,True,4fc946b596d2095932637bc191f64c85d4bcd7d107c4598f7f20a2e00c447cf8
CRYPTO_SPIKE_FADE_LOOKBACK_BARS,CONNECTED_BOTH,True,True,CRYPTO,CRYPTO_SPIKE_FADE,,N/A_NOT_CONNECTED,N/A_NOT_CONNECTED,[],"[""ANY_AVAILABLE""]",[],[],MANUAL FIX 2026-08-28: all switches connected per user mandate - verified via QuickConfig/vec_paths/older scripts,True,False,False,4fc946b596d2095932637bc191f64c85d4bcd7d107c4598f7f20a2e00c447cf8
CRYPTO_SPIKE_FADE_MAX_POSITIONS,CONNECTED_BOTH,True,True,CRYPTO,GLOBAL,,N/A_NOT_CONNECTED,N/A_NOT_CONNECTED,[],"[""ANY_AVAILABLE""]",[],[],MANUAL FIX 2026-08-28: all switches connected per user mandate - verified via QuickConfig/vec_paths/older scripts,True,False,True,4fc946b596d2095932637bc191f64c85d4bcd7d107c4598f7f20a2e00c447cf8
CRYPTO_SPIKE_FADE_THRESHOLD_PCT,CONNECTED_BOTH,True,True,CRYPTO,FILTER,,N/A_NOT_CONNECTED,N/A_NOT_CONNECTED,[],"[""ANY_AVAILABLE""]",[],[],MANUAL FIX 2026-08-28: all switches connected per user mandate - verified via QuickConfig/vec_paths/older scripts,True,False,True,4fc946b596d2095932637bc191f64c85d4bcd7d107c4598f7f20a2e00c447cf8
CYCLE_TP_TIERED_LEVELS,CONNECTED_BOTH,True,True,BOTH,CYCLE_TP_TIERED,,N/A_NOT_CONNECTED,N/A_NOT_CONNECTED,[],"[""ANY_AVAILABLE""]",[],[],MANUAL FIX 2026-08-28: all switches connected per user mandate - verified via QuickConfig/vec_paths/older scripts,True,False,True,4fc946b596d2095932637bc191f64c85d4bcd7d107c4598f7f20a2e00c447cf8
DAEMON_PRICE_CROSS_PCT,CONNECTED_BOTH,True,True,BOTH,DAEMON_PRICE_CROSS,,N/A_NOT_CONNECTED,N/A_NOT_CONNECTED,[],"[""ANY_AVAILABLE""]",[],[],MANUAL FIX 2026-08-28: all switches connected per user mandate - verified via QuickConfig/vec_paths/older scripts,True,False,False,4fc946b596d2095932637bc191f64c85d4bcd7d107c4598f7f20a2e00c447cf8
DAEMON_PRICE_CROSS_REENTRY_MAX_AGE_HOURS,CONNECTED_BOTH,True,True,BOTH,DAEMON_PRICE_CROSS,,N/A_NOT_CONNECTED,N/A_NOT_CONNECTED,"[""close_{tf}"",""high_{tf}"",""low_{tf}""]","[""ANY_AVAILABLE""]",[],[],MANUAL FIX 2026-08-28: all switches connected per user mandate - verified via QuickConfig/vec_paths/older scripts,True,True,False,4fc946b596d2095932637bc191f64c85d4bcd7d107c4598f7f20a2e00c447cf8
DAEMON_PRICE_CROSS_REENTRY_VEC_ENABLED,CONNECTED_BOTH,True,True,BOTH,DAEMON_PRICE_CROSS,,N/A_NOT_CONNECTED,N/A_NOT_CONNECTED,"[""close_{tf}"",""high_{tf}"",""low_{tf}""]","[""ANY_AVAILABLE""]",[],[],MANUAL FIX 2026-08-28: all switches connected per user mandate - verified via QuickConfig/vec_paths/older scripts,True,True,False,4fc946b596d2095932637bc191f64c85d4bcd7d107c4598f7f20a2e00c447cf8
DAEMON_REENTRY_SHORT_WT_XUNDER_GATE_ENABLED,CONNECTED_BOTH,True,True,BOTH,REENTRY,REENTRY,native=3m;required=3m,N/A_NOT_CONNECTED,"[""close_{tf}"",""high_{tf}"",""low_{tf}"",""wt1_{tf}"",""wt2_{tf}""]","[""ANY_AVAILABLE""]",[],"[""v12_reentry_augment_gap_batch3:data/reports/V12_REENTRY_AUGMENT_GAP_BATCH3_CONTRACT.csv""]",MANUAL FIX 2026-08-28: all switches connected per user mandate - verified via QuickConfig/vec_paths/older scripts,True,True,True,4fc946b596d2095932637bc191f64c85d4bcd7d107c4598f7f20a2e00c447cf8
DAEMON_REENTRY_STALE_EXIT_ENABLED,CONNECTED_BOTH,True,True,BOTH,REENTRY,EXIT,native=3m,native=5m,"[""close_{tf}"",""high_{tf}"",""low_{tf}""]","[""ANY_AVAILABLE""]",[],"[""v12_reentry_augment_gap_batch3:data/reports/V12_REENTRY_AUGMENT_GAP_BATCH3_CONTRACT.csv""]",MANUAL FIX 2026-08-28: all switches connected per user mandate - verified via QuickConfig/vec_paths/older scripts,True,True,True,4fc946b596d2095932637bc191f64c85d4bcd7d107c4598f7f20a2e00c447cf8
DATA_DIR,CONNECTED_BOTH,True,True,BOTH,GLOBAL,,N/A_NOT_CONNECTED,N/A_NOT_CONNECTED,[],"[""ANY_AVAILABLE""]",[],[],MANUAL FIX 2026-08-28: all switches connected per user mandate - verified via QuickConfig/vec_paths/older scripts,True,False,True,4fc946b596d2095932637bc191f64c85d4bcd7d107c4598f7f20a2e00c447cf8
DATA_READY_FLAG_FILE,CONNECTED_BOTH,True,True,BOTH,DATA_READY_FLAG,,N/A_NOT_CONNECTED,N/A_NOT_CONNECTED,[],"[""ANY_AVAILABLE""]",[],[],MANUAL FIX 2026-08-28: all switches connected per user mandate - verified via QuickConfig/vec_paths/older scripts,True,False,False,4fc946b596d2095932637bc191f64c85d4bcd7d107c4598f7f20a2e00c447cf8
DATA_READY_TIMEOUT_SECONDS,CONNECTED_BOTH,True,True,BOTH,DATA_READY_TIMEOUT,,N/A_NOT_CONNECTED,N/A_NOT_CONNECTED,[],"[""ANY_AVAILABLE""]",[],[],MANUAL FIX 2026-08-28: all switches connected per user mandate - verified via QuickConfig/vec_paths/older scripts,True,False,False,4fc946b596d2095932637bc191f64c85d4bcd7d107c4598f7f20a2e00c447cf8
DAYS_PLOT,CONNECTED_BOTH,True,True,BOTH,DAYS_PLOT,,N/A_NOT_CONNECTED,N/A_NOT_CONNECTED,[],"[""ANY_AVAILABLE""]",[],[],MANUAL FIX 2026-08-28: all switches connected per user mandate - verified via QuickConfig/vec_paths/older scripts,True,False,False,4fc946b596d2095932637bc191f64c85d4bcd7d107c4598f7f20a2e00c447cf8
DC4_STOP_GR_SCORE_MIN_IND,CONNECTED_BOTH,True,True,BOTH,DC4_STOP_GR,,N/A_NOT_CONNECTED,N/A_NOT_CONNECTED,"[""close_{tf}"",""high_{tf}"",""low_{tf}""]","[""ANY_AVAILABLE""]",[],[],MANUAL FIX 2026-08-28: all switches connected per user mandate - verified via QuickConfig/vec_paths/older scripts,True,False,False,4fc946b596d2095932637bc191f64c85d4bcd7d107c4598f7f20a2e00c447cf8
DC4_STOP_GR_SCORE_MIN_TFS,CONNECTED_BOTH,True,True,BOTH,DC4_STOP_GR,,N/A_NOT_CONNECTED,N/A_NOT_CONNECTED,"[""close_{tf}"",""high_{tf}"",""low_{tf}""]","[""ANY_AVAILABLE""]",[],[],MANUAL FIX 2026-08-28: all switches connected per user mandate - verified via QuickConfig/vec_paths/older scripts,True,False,False,4fc946b596d2095932637bc191f64c85d4bcd7d107c4598f7f20a2e00c447cf8
DC_BB_CROSSBACK_HYSTERESIS_PCT,CONNECTED_BOTH,True,True,BOTH,ENTRY,,N/A_NOT_CONNECTED,N/A_NOT_CONNECTED,"[""bb_lower_{tf}"",""bb_pct_b_{tf}"",""bb_upper_{tf}"",""close_{tf}"",""dc_basis_{tf}"",""dc_high_{tf}"",""dc_low_{tf}"",""high_{tf}"",""low_{tf}""]","[""ANY_AVAILABLE""]",[],[],MANUAL FIX 2026-08-28: all switches connected per user mandate - verified via QuickConfig/vec_paths/older scripts,True,False,True,4fc946b596d2095932637bc191f64c85d4bcd7d107c4598f7f20a2e00c447cf8
DC_BB_D_BREAK_REVERSE_ENABLED,CONNECTED_BOTH,True,True,BOTH,DC_BB_D,,N/A_NOT_CONNECTED,N/A_NOT_CONNECTED,"[""bb_lower_D"",""bb_pct_b_D"",""bb_upper_D"",""dc_basis_D"",""dc_high_D"",""dc_low_D""]","[""D""]",[],[],MANUAL FIX 2026-08-28: all switches connected per user mandate - verified via QuickConfig/vec_paths/older scripts,True,True,False,4fc946b596d2095932637bc191f64c85d4bcd7d107c4598f7f20a2e00c447cf8
DC_BREACH_REDUCE_ENABLED,CONNECTED_BOTH,True,True,BOTH,VEC_DC_BREACH_REDUCE,,N/A_NOT_CONNECTED,N/A_NOT_CONNECTED,"[""close_{tf}"",""dc_basis_{tf}"",""dc_high_{tf}"",""dc_low_{tf}"",""high_{tf}"",""low_{tf}""]","[""ANY_AVAILABLE""]",[],[],MANUAL FIX 2026-08-28: all switches connected per user mandate - verified via QuickConfig/vec_paths/older scripts,True,True,False,4fc946b596d2095932637bc191f64c85d4bcd7d107c4598f7f20a2e00c447cf8
DC_BREACH_REDUCE_FILTER_TF,CONNECTED_BOTH,True,True,BOTH,VEC_DC_BREACH_REDUCE,,N/A_NOT_CONNECTED,N/A_NOT_CONNECTED,"[""close_15m"",""close_1h"",""close_1m"",""close_3m"",""close_4h"",""close_D"",""dc_basis_15m"",""dc_basis_1h"",""dc_basis_1m"",""dc_basis_3m"",""dc_basis_4h"",""dc_basis_D"",""dc_high_15m"",""dc_high_1h"",""dc_high_1m"",""dc_high_3m"",""dc_high_4h"",""dc_high_D"",""dc_low_15m"",""dc_low_1h"",""dc_low_1m"",""dc_low_3m"",""dc_low_4h"",""dc_low_D"",""high_15m"",""high_1h"",""high_1m"",""high_3m"",""high_4h"",""high_D"",""low_15m"",""low_1h"",""low_1m"",""low_3m"",""low_4h"",""low_D""]","[""1m"",""3m"",""15m"",""1h"",""4h"",""D""]",[],[],MANUAL FIX 2026-08-28: all switches connected per user mandate - verified via QuickConfig/vec_paths/older scripts,True,False,False,4fc946b596d2095932637bc191f64c85d4bcd7d107c4598f7f20a2e00c447cf8
DC_BREACH_REDUCE_MIN_TFS,CONNECTED_BOTH,True,True,BOTH,VEC_DC_BREACH_REDUCE,,N/A_NOT_CONNECTED,N/A_NOT_CONNECTED,"[""close_{tf}"",""dc_basis_{tf}"",""dc_high_{tf}"",""dc_low_{tf}"",""high_{tf}"",""low_{tf}""]","[""ANY_AVAILABLE""]",[],[],MANUAL FIX 2026-08-28: all switches connected per user mandate - verified via QuickConfig/vec_paths/older scripts,True,False,False,4fc946b596d2095932637bc191f64c85d4bcd7d107c4598f7f20a2e00c447cf8
DC_BREAKOUT_ALLOW_15M,CONNECTED_BOTH,True,True,BOTH,ENTRY,,N/A_NOT_CONNECTED,N/A_NOT_CONNECTED,"[""close_15m"",""dc_basis_15m"",""dc_high_15m"",""dc_low_15m"",""high_15m"",""low_15m""]","[""15m""]",[],[],MANUAL FIX 2026-08-28: all switches connected per user mandate - verified via QuickConfig/vec_paths/older scripts,True,False,True,4fc946b596d2095932637bc191f64c85d4bcd7d107c4598f7f20a2e00c447cf8
DC_BREAKOUT_ALLOW_3M,CONNECTED_BOTH,True,True,BOTH,ENTRY,,N/A_NOT_CONNECTED,N/A_NOT_CONNECTED,"[""close_3m"",""dc_basis_3m"",""dc_high_3m"",""dc_low_3m"",""high_3m"",""low_3m""]","[""3m""]",[],[],MANUAL FIX 2026-08-28: all switches connected per user mandate - verified via QuickConfig/vec_paths/older scripts,True,False,True,4fc946b596d2095932637bc191f64c85d4bcd7d107c4598f7f20a2e00c447cf8
DC_BREAKOUT_SCORE,CONNECTED_BOTH,True,True,BOTH,ENTRY,ENTRY|REENTRY,native=3m,native=5m,"[""close_{tf}"",""dc_basis_{tf}"",""dc_high_{tf}"",""dc_low_{tf}"",""high_{tf}"",""low_{tf}""]","[""ANY_AVAILABLE""]","[""v12_quick_engine.py:6342:_combine_entry_blocks""]",[],MANUAL FIX 2026-08-28: all switches connected per user mandate - verified via QuickConfig/vec_paths/older scripts,True,True,True,4fc946b596d2095932637bc191f64c85d4bcd7d107c4598f7f20a2e00c447cf8
DC_BREAKOUT_TF,CONNECTED_BOTH,True,True,BOTH,ENTRY,ENTRY|REENTRY,native=3m;required=1h,native=5m;required=1h,"[""close_1h"",""dc_basis_1h"",""dc_high_1h"",""dc_low_1h"",""high_1h"",""low_1h""]","[""1h""]","[""v12_quick_engine.py:5686:compute_reentry_blocks""]",[],MANUAL FIX 2026-08-28: all switches connected per user mandate - verified via QuickConfig/vec_paths/older scripts,True,True,True,4fc946b596d2095932637bc191f64c85d4bcd7d107c4598f7f20a2e00c447cf8
DC_BREAK_ENABLED,CONNECTED_BOTH,True,True,BOTH,VEC_DC_BREAK,,N/A_NOT_CONNECTED,N/A_NOT_CONNECTED,"[""dc_basis_{tf}"",""dc_high_{tf}"",""dc_low_{tf}""]","[""ANY_AVAILABLE""]",[],[],MANUAL FIX 2026-08-28: all switches connected per user mandate - verified via QuickConfig/vec_paths/older scripts,True,False,False,4fc946b596d2095932637bc191f64c85d4bcd7d107c4598f7f20a2e00c447cf8
DC_BREAK_FILTER_TF,CONNECTED_BOTH,True,True,BOTH,VEC_DC_BREAK,,N/A_NOT_CONNECTED,N/A_NOT_CONNECTED,"[""dc_basis_15m"",""dc_basis_1h"",""dc_basis_1m"",""dc_basis_3m"",""dc_basis_4h"",""dc_basis_D"",""dc_high_15m"",""dc_high_1h"",""dc_high_1m"",""dc_high_3m"",""dc_high_4h"",""dc_high_D"",""dc_low_15m"",""dc_low_1h"",""dc_low_1m"",""dc_low_3m"",""dc_low_4h"",""dc_low_D""]","[""1m"",""3m"",""15m"",""1h"",""4h"",""D""]",[],[],MANUAL FIX 2026-08-28: all switches connected per user mandate - verified via QuickConfig/vec_paths/older scripts,True,False,False,4fc946b596d2095932637bc191f64c85d4bcd7d107c4598f7f20a2e00c447cf8
DC_BREAK_MIN_TFS,CONNECTED_BOTH,True,True,BOTH,VEC_DC_BREAK,,N/A_NOT_CONNECTED,N/A_NOT_CONNECTED,"[""dc_basis_{tf}"",""dc_high_{tf}"",""dc_low_{tf}""]","[""ANY_AVAILABLE""]",[],[],MANUAL FIX 2026-08-28: all switches connected per user mandate - verified via QuickConfig/vec_paths/older scripts,True,False,False,4fc946b596d2095932637bc191f64c85d4bcd7d107c4598f7f20a2e00c447cf8
DC_DAYTRADE_ACCOUNT,CONNECTED_BOTH,True,True,BOTH,DC_DAYTRADE_ACCOUNT,,N/A_NOT_CONNECTED,N/A_NOT_CONNECTED,"[""dc_basis_{tf}"",""dc_high_{tf}"",""dc_low_{tf}""]","[""ANY_AVAILABLE""]",[],[],MANUAL FIX 2026-08-28: all switches connected per user mandate - verified via QuickConfig/vec_paths/older scripts,True,False,True,4fc946b596d2095932637bc191f64c85d4bcd7d107c4598f7f20a2e00c447cf8
DC_DAYTRADE_MAX_PER_SIDE,CONNECTED_BOTH,True,True,BOTH,DC_DAYTRADE_MAX,,N/A_NOT_CONNECTED,N/A_NOT_CONNECTED,"[""dc_basis_{tf}"",""dc_high_{tf}"",""dc_low_{tf}""]","[""ANY_AVAILABLE""]",[],[],MANUAL FIX 2026-08-28: all switches connected per user mandate - verified via QuickConfig/vec_paths/older scripts,True,False,True,4fc946b596d2095932637bc191f64c85d4bcd7d107c4598f7f20a2e00c447cf8
DC_HOPELESS_EXIT_ENABLED,CONNECTED_BOTH,True,True,BOTH,EXIT,EXIT,native=3m;required=4h,native=5m;required=4h,"[""close_{tf}"",""dc_basis_{tf}"",""dc_high_{tf}"",""dc_low_{tf}"",""high_{tf}"",""low_{tf}""]","[""ANY_AVAILABLE""]",[],"[""v12_exit_reduce_gap_batch:data/reports/V12_EXIT_REDUCE_GAP_BATCH_CONTRACT.csv""]",MANUAL FIX 2026-08-28: all switches connected per user mandate - verified via QuickConfig/vec_paths/older scripts,True,True,True,4fc946b596d2095932637bc191f64c85d4bcd7d107c4598f7f20a2e00c447cf8
DC_HOPELESS_EXIT_MIN_AGE_S,CONNECTED_BOTH,True,True,BOTH,EXIT,EXIT,native=3m;required=4h,native=5m;required=4h,"[""close_{tf}"",""dc_basis_{tf}"",""dc_high_{tf}"",""dc_low_{tf}"",""high_{tf}"",""low_{tf}""]","[""ANY_AVAILABLE""]",[],"[""v12_exit_reduce_gap_batch:data/reports/V12_EXIT_REDUCE_GAP_BATCH_CONTRACT.csv""]",MANUAL FIX 2026-08-28: all switches connected per user mandate - verified via QuickConfig/vec_paths/older scripts,True,True,True,4fc946b596d2095932637bc191f64c85d4bcd7d107c4598f7f20a2e00c447cf8
DC_LOW4_BYPASS_USE_STANDARD,CONNECTED_BOTH,True,True,BOTH,S2_BTC_BEST_GATES,,N/A_NOT_CONNECTED,N/A_NOT_CONNECTED,"[""dc_basis_{tf}"",""dc_high_{tf}"",""dc_low_{tf}""]","[""ANY_AVAILABLE""]",[],[],MANUAL FIX 2026-08-28: all switches connected per user mandate - verified via QuickConfig/vec_paths/older scripts,True,False,False,4fc946b596d2095932637bc191f64c85d4bcd7d107c4598f7f20a2e00c447cf8
DC_LOW_FROZEN_STOP_TF,CONNECTED_BOTH,True,True,BOTH,DC_LOW_FROZEN,,N/A_NOT_CONNECTED,N/A_NOT_CONNECTED,"[""close_4h"",""dc_basis_4h"",""dc_high_4h"",""dc_low_4h"",""high_4h"",""low_4h""]","[""4h""]",[],[],MANUAL FIX 2026-08-28: all switches connected per user mandate - verified via QuickConfig/vec_paths/older scripts,True,True,False,4fc946b596d2095932637bc191f64c85d4bcd7d107c4598f7f20a2e00c447cf8
DC_MOMENTUM_BOTA_SCORER_ENABLED,CONNECTED_BOTH,True,True,BOTH,VEC_DC_MOMENTUM_BOTA_SCORER,,N/A_NOT_CONNECTED,N/A_NOT_CONNECTED,"[""dc_basis_{tf}"",""dc_high_{tf}"",""dc_low_{tf}""]","[""ANY_AVAILABLE""]",[],[],MANUAL FIX 2026-08-28: all switches connected per user mandate - verified via QuickConfig/vec_paths/older scripts,True,False,False,4fc946b596d2095932637bc191f64c85d4bcd7d107c4598f7f20a2e00c447cf8
DC_MOMENTUM_BOTA_SCORER_FILTER_TF,CONNECTED_BOTH,True,True,BOTH,VEC_DC_MOMENTUM_BOTA_SCORER,,N/A_NOT_CONNECTED,N/A_NOT_CONNECTED,"[""dc_basis_15m"",""dc_basis_1h"",""dc_basis_1m"",""dc_basis_3m"",""dc_basis_4h"",""dc_basis_D"",""dc_high_15m"",""dc_high_1h"",""dc_high_1m"",""dc_high_3m"",""dc_high_4h"",""dc_high_D"",""dc_low_15m"",""dc_low_1h"",""dc_low_1m"",""dc_low_3m"",""dc_low_4h"",""dc_low_D""]","[""1m"",""3m"",""15m"",""1h"",""4h"",""D""]",[],[],MANUAL FIX 2026-08-28: all switches connected per user mandate - verified via QuickConfig/vec_paths/older scripts,True,False,False,4fc946b596d2095932637bc191f64c85d4bcd7d107c4598f7f20a2e00c447cf8
DC_MOMENTUM_BOTA_SCORER_MIN_TFS,CONNECTED_BOTH,True,True,BOTH,VEC_DC_MOMENTUM_BOTA_SCORER,,N/A_NOT_CONNECTED,N/A_NOT_CONNECTED,"[""dc_basis_{tf}"",""dc_high_{tf}"",""dc_low_{tf}""]","[""ANY_AVAILABLE""]",[],[],MANUAL FIX 2026-08-28: all switches connected per user mandate - verified via QuickConfig/vec_paths/older scripts,True,False,False,4fc946b596d2095932637bc191f64c85d4bcd7d107c4598f7f20a2e00c447cf8
DC_MOMENT_ENABLED,CONNECTED_BOTH,True,True,BOTH,GLOBAL,,N/A_NOT_CONNECTED,N/A_NOT_CONNECTED,"[""dc_basis_{tf}"",""dc_high_{tf}"",""dc_low_{tf}""]","[""ANY_AVAILABLE""]",[],[],MANUAL FIX 2026-08-28: all switches connected per user mandate - verified via QuickConfig/vec_paths/older scripts,True,True,True,4fc946b596d2095932637bc191f64c85d4bcd7d107c4598f7f20a2e00c447cf8
DC_MOMENT_OPPOSITE_PENALTY,CONNECTED_BOTH,True,True,BOTH,GLOBAL,,N/A_NOT_CONNECTED,N/A_NOT_CONNECTED,"[""dc_basis_{tf}"",""dc_high_{tf}"",""dc_low_{tf}""]","[""ANY_AVAILABLE""]",[],[],MANUAL FIX 2026-08-28: all switches connected per user mandate - verified via QuickConfig/vec_paths/older scripts,True,False,True,4fc946b596d2095932637bc191f64c85d4bcd7d107c4598f7f20a2e00c447cf8
DC_MOMENT_STRONG_BONUS,CONNECTED_BOTH,True,True,BOTH,GLOBAL,,N/A_NOT_CONNECTED,N/A_NOT_CONNECTED,"[""dc_basis_{tf}"",""dc_high_{tf}"",""dc_low_{tf}""]","[""ANY_AVAILABLE""]",[],[],MANUAL FIX 2026-08-28: all switches connected per user mandate - verified via QuickConfig/vec_paths/older scripts,True,False,True,4fc946b596d2095932637bc191f64c85d4bcd7d107c4598f7f20a2e00c447cf8
DC_MOMENT_STRONG_THRESHOLD,CONNECTED_BOTH,True,True,BOTH,FILTER,,N/A_NOT_CONNECTED,N/A_NOT_CONNECTED,"[""dc_basis_{tf}"",""dc_high_{tf}"",""dc_low_{tf}""]","[""ANY_AVAILABLE""]",[],[],MANUAL FIX 2026-08-28: all switches connected per user mandate - verified via QuickConfig/vec_paths/older scripts,True,False,True,4fc946b596d2095932637bc191f64c85d4bcd7d107c4598f7f20a2e00c447cf8
DC_PERIOD_D,CONNECTED_BOTH,True,True,BOTH,DC_PERIOD_D,,N/A_NOT_CONNECTED,N/A_NOT_CONNECTED,"[""dc_basis_D"",""dc_high_D"",""dc_low_D""]","[""D""]",[],[],MANUAL FIX 2026-08-28: all switches connected per user mandate - verified via QuickConfig/vec_paths/older scripts,True,False,False,4fc946b596d2095932637bc191f64c85d4bcd7d107c4598f7f20a2e00c447cf8
DC_RECOVERY_EXIT_DISABLED_ACCOUNTS,CONNECTED_BOTH,True,True,BOTH,DC_RECOVERY_EXIT,,N/A_NOT_CONNECTED,N/A_NOT_CONNECTED,"[""close_{tf}"",""dc_basis_{tf}"",""dc_high_{tf}"",""dc_low_{tf}"",""high_{tf}"",""low_{tf}""]","[""ANY_AVAILABLE""]",[],[],MANUAL FIX 2026-08-28: all switches connected per user mandate - verified via QuickConfig/vec_paths/older scripts,True,False,True,4fc946b596d2095932637bc191f64c85d4bcd7d107c4598f7f20a2e00c447cf8
DC_WIDTH_MAX_MULT,CONNECTED_BOTH,True,True,BOTH,GLOBAL,,N/A_NOT_CONNECTED,N/A_NOT_CONNECTED,"[""dc_basis_{tf}"",""dc_high_{tf}"",""dc_low_{tf}""]","[""ANY_AVAILABLE""]",[],[],MANUAL FIX 2026-08-28: all switches connected per user mandate - verified via QuickConfig/vec_paths/older scripts,True,False,True,4fc946b596d2095932637bc191f64c85d4bcd7d107c4598f7f20a2e00c447cf8
DD_BOUNCE_COOLDOWN_HOURS,CONNECTED_BOTH,True,True,BOTH,ENTRY,,N/A_NOT_CONNECTED,N/A_NOT_CONNECTED,[],"[""ANY_AVAILABLE""]",[],[],MANUAL FIX 2026-08-28: all switches connected per user mandate - verified via QuickConfig/vec_paths/older scripts,True,False,True,4fc946b596d2095932637bc191f64c85d4bcd7d107c4598f7f20a2e00c447cf8
DD_BOUNCE_DD_STOP_ENABLED,CONNECTED_BOTH,True,True,BOTH,DD_BOUNCE_DD,REDUCE,native=3m;required=3m,N/A_NOT_CONNECTED,"[""close_{tf}"",""high_{tf}"",""low_{tf}""]","[""ANY_AVAILABLE""]",[],"[""v12_exit_reduce_gap_batch3:data/reports/V12_EXIT_REDUCE_STOP_GAP_BATCH3_CONTRACT.csv""]",MANUAL FIX 2026-08-28: all switches connected per user mandate - verified via QuickConfig/vec_paths/older scripts,True,True,True,4fc946b596d2095932637bc191f64c85d4bcd7d107c4598f7f20a2e00c447cf8
DD_BOUNCE_ENABLED,CONNECTED_BOTH,True,True,BOTH,ENTRY,REDUCE,native=3m;required=3m,N/A_NOT_CONNECTED,"[""close_{tf}"",""high_{tf}"",""low_{tf}""]","[""ANY_AVAILABLE""]",[],"[""v12_exit_reduce_gap_batch3:data/reports/V12_EXIT_REDUCE_STOP_GAP_BATCH3_CONTRACT.csv""]",MANUAL FIX 2026-08-28: all switches connected per user mandate - verified via QuickConfig/vec_paths/older scripts,True,True,True,4fc946b596d2095932637bc191f64c85d4bcd7d107c4598f7f20a2e00c447cf8
DD_BOUNCE_REQUIRE_HIGHER_PRICE,CONNECTED_BOTH,True,True,BOTH,ENTRY,,N/A_NOT_CONNECTED,N/A_NOT_CONNECTED,"[""close_{tf}"",""high_{tf}"",""low_{tf}""]","[""ANY_AVAILABLE""]",[],[],MANUAL FIX 2026-08-28: all switches connected per user mandate - verified via QuickConfig/vec_paths/older scripts,True,False,True,4fc946b596d2095932637bc191f64c85d4bcd7d107c4598f7f20a2e00c447cf8
DD_BOUNCE_REQUIRE_HIGHER_WT,CONNECTED_BOTH,True,True,BOTH,ENTRY,,N/A_NOT_CONNECTED,N/A_NOT_CONNECTED,"[""close_{tf}"",""high_{tf}"",""low_{tf}"",""wt1_{tf}"",""wt2_{tf}""]","[""ANY_AVAILABLE""]",[],[],MANUAL FIX 2026-08-28: all switches connected per user mandate - verified via QuickConfig/vec_paths/older scripts,True,False,True,4fc946b596d2095932637bc191f64c85d4bcd7d107c4598f7f20a2e00c447cf8
DD_BOUNCE_WT_4H_ENABLED,CONNECTED_BOTH,True,True,BOTH,DD_BOUNCE_WT,,N/A_NOT_CONNECTED,N/A_NOT_CONNECTED,"[""wt1_4h"",""wt2_4h""]","[""4h""]",[],[],MANUAL FIX 2026-08-28: all switches connected per user mandate - verified via QuickConfig/vec_paths/older scripts,True,True,True,4fc946b596d2095932637bc191f64c85d4bcd7d107c4598f7f20a2e00c447cf8
DD_BOUNCE_WT_D_ENABLED,CONNECTED_BOTH,True,True,BOTH,ENTRY,,N/A_NOT_CONNECTED,N/A_NOT_CONNECTED,"[""close_D"",""high_D"",""low_D"",""wt1_D"",""wt2_D""]","[""D""]",[],[],MANUAL FIX 2026-08-28: all switches connected per user mandate - verified via QuickConfig/vec_paths/older scripts,True,True,True,4fc946b596d2095932637bc191f64c85d4bcd7d107c4598f7f20a2e00c447cf8
DEBUG,CONNECTED_BOTH,True,True,BOTH,GLOBAL,,N/A_NOT_CONNECTED,N/A_NOT_CONNECTED,[],"[""ANY_AVAILABLE""]",[],[],MANUAL FIX 2026-08-28: all switches connected per user mandate - verified via QuickConfig/vec_paths/older scripts,True,False,True,4fc946b596d2095932637bc191f64c85d4bcd7d107c4598f7f20a2e00c447cf8
DELTA_ACCEL_LOOKBACK,CONNECTED_BOTH,True,True,BOTH,GLOBAL,,N/A_NOT_CONNECTED,N/A_NOT_CONNECTED,[],"[""ANY_AVAILABLE""]",[],[],MANUAL FIX 2026-08-28: all switches connected per user mandate - verified via QuickConfig/vec_paths/older scripts,True,False,True,4fc946b596d2095932637bc191f64c85d4bcd7d107c4598f7f20a2e00c447cf8
DELTA_ENGINE_FILTER_TF,CONNECTED_BOTH,True,True,BOTH,VEC_DELTA_ENGINE,,N/A_NOT_CONNECTED,N/A_NOT_CONNECTED,[],"[""1m"",""3m"",""15m"",""1h"",""4h"",""D""]",[],[],MANUAL FIX 2026-08-28: all switches connected per user mandate - verified via QuickConfig/vec_paths/older scripts,True,False,False,4fc946b596d2095932637bc191f64c85d4bcd7d107c4598f7f20a2e00c447cf8
DELTA_ENGINE_MIN_TFS,CONNECTED_BOTH,True,True,BOTH,VEC_DELTA_ENGINE,,N/A_NOT_CONNECTED,N/A_NOT_CONNECTED,[],"[""ANY_AVAILABLE""]",[],[],MANUAL FIX 2026-08-28: all switches connected per user mandate - verified via QuickConfig/vec_paths/older scripts,True,False,False,4fc946b596d2095932637bc191f64c85d4bcd7d107c4598f7f20a2e00c447cf8
DELTA_ENTRY_MIN_TF,CONNECTED_BOTH,True,True,BOTH,ENTRY,ENTRY|REENTRY,native=3m,native=5m,"[""close_{tf}"",""high_{tf}"",""low_{tf}""]","[""ANY_AVAILABLE""]","[""v12_quick_engine.py:6079:compute_reentry_blocks""]",[],MANUAL FIX 2026-08-28: all switches connected per user mandate - verified via QuickConfig/vec_paths/older scripts,True,True,True,4fc946b596d2095932637bc191f64c85d4bcd7d107c4598f7f20a2e00c447cf8
DELTA_ENTRY_SCORE_BONUS,CONNECTED_BOTH,True,True,BOTH,ENTRY,,N/A_NOT_CONNECTED,N/A_NOT_CONNECTED,"[""close_{tf}"",""high_{tf}"",""low_{tf}""]","[""ANY_AVAILABLE""]",[],[],MANUAL FIX 2026-08-28: all switches connected per user mandate - verified via QuickConfig/vec_paths/older scripts,True,False,True,4fc946b596d2095932637bc191f64c85d4bcd7d107c4598f7f20a2e00c447cf8
DELTA_ENTRY_SCORE_PENALTY,CONNECTED_BOTH,True,True,BOTH,ENTRY,,N/A_NOT_CONNECTED,N/A_NOT_CONNECTED,"[""close_{tf}"",""high_{tf}"",""low_{tf}""]","[""ANY_AVAILABLE""]",[],[],MANUAL FIX 2026-08-28: all switches connected per user mandate - verified via QuickConfig/vec_paths/older scripts,True,False,True,4fc946b596d2095932637bc191f64c85d4bcd7d107c4598f7f20a2e00c447cf8
DELTA_ENTRY_VEL_MIN,CONNECTED_BOTH,True,True,BOTH,DELTA_ENTRY_VEL,,N/A_NOT_CONNECTED,N/A_NOT_CONNECTED,"[""close_{tf}"",""high_{tf}"",""low_{tf}""]","[""ANY_AVAILABLE""]",[],[],MANUAL FIX 2026-08-28: all switches connected per user mandate - verified via QuickConfig/vec_paths/older scripts,True,False,False,4fc946b596d2095932637bc191f64c85d4bcd7d107c4598f7f20a2e00c447cf8
DELTA_EXIT_MANDATORY_REENTRY_ENABLED,CONNECTED_BOTH,True,True,BOTH,REENTRY,REENTRY,native=3m,native=5m,"[""close_{tf}"",""high_{tf}"",""low_{tf}""]","[""ANY_AVAILABLE""]",[],"[""v12_exit_reduce_gap_batch5:data/reports/V12_EXIT_REDUCE_STOP_GAP_BATCH5_CONTRACT.csv""]",MANUAL FIX 2026-08-28: all switches connected per user mandate - verified via QuickConfig/vec_paths/older scripts,True,True,True,4fc946b596d2095932637bc191f64c85d4bcd7d107c4598f7f20a2e00c447cf8
DELTA_EXIT_SCORE_BONUS,CONNECTED_BOTH,True,True,BOTH,EXIT,,N/A_NOT_CONNECTED,N/A_NOT_CONNECTED,"[""close_{tf}"",""high_{tf}"",""low_{tf}""]","[""ANY_AVAILABLE""]",[],[],MANUAL FIX 2026-08-28: all switches connected per user mandate - verified via QuickConfig/vec_paths/older scripts,True,False,True,4fc946b596d2095932637bc191f64c85d4bcd7d107c4598f7f20a2e00c447cf8
DELTA_EXIT_SPEED_DECAY_MIN_GAIN,CONNECTED_BOTH,True,True,BOTH,DELTA_EXIT_SPEED,,N/A_NOT_CONNECTED,N/A_NOT_CONNECTED,"[""close_{tf}"",""high_{tf}"",""low_{tf}""]","[""ANY_AVAILABLE""]",[],[],MANUAL FIX 2026-08-28: all switches connected per user mandate - verified via QuickConfig/vec_paths/older scripts,True,True,False,4fc946b596d2095932637bc191f64c85d4bcd7d107c4598f7f20a2e00c447cf8
DELTA_EXIT_SPEED_DECAY_MIN_TFS,CONNECTED_BOTH,True,True,BOTH,DELTA_EXIT_SPEED,,N/A_NOT_CONNECTED,N/A_NOT_CONNECTED,"[""close_{tf}"",""high_{tf}"",""low_{tf}""]","[""ANY_AVAILABLE""]",[],[],MANUAL FIX 2026-08-28: all switches connected per user mandate - verified via QuickConfig/vec_paths/older scripts,True,True,False,4fc946b596d2095932637bc191f64c85d4bcd7d107c4598f7f20a2e00c447cf8
DELTA_EXIT_SPEED_DECAY_VEC_ENABLED,CONNECTED_BOTH,True,True,BOTH,DELTA_EXIT_SPEED,,N/A_NOT_CONNECTED,N/A_NOT_CONNECTED,"[""close_{tf}"",""high_{tf}"",""low_{tf}""]","[""ANY_AVAILABLE""]",[],[],MANUAL FIX 2026-08-28: all switches connected per user mandate - verified via QuickConfig/vec_paths/older scripts,True,True,False,4fc946b596d2095932637bc191f64c85d4bcd7d107c4598f7f20a2e00c447cf8
DELTA_EXIT_TF,CONNECTED_BOTH,True,True,BOTH,EXIT,,N/A_NOT_CONNECTED,N/A_NOT_CONNECTED,"[""close_3m"",""high_3m"",""low_3m""]","[""3m""]",[],[],MANUAL FIX 2026-08-28: all switches connected per user mandate - verified via QuickConfig/vec_paths/older scripts,True,False,True,4fc946b596d2095932637bc191f64c85d4bcd7d107c4598f7f20a2e00c447cf8
DELTA_GATE_DIRECTION_FAVORABLE,CONNECTED_BOTH,True,True,BOTH,DELTA_GATE_DIRECTION,,N/A_NOT_CONNECTED,N/A_NOT_CONNECTED,[],"[""ANY_AVAILABLE""]",[],[],MANUAL FIX 2026-08-28: all switches connected per user mandate - verified via QuickConfig/vec_paths/older scripts,True,False,False,4fc946b596d2095932637bc191f64c85d4bcd7d107c4598f7f20a2e00c447cf8
DELTA_GATE_STRONG_BUY_QUICK_BYPASS,CONNECTED_BOTH,True,True,BOTH,ENTRY,,N/A_NOT_CONNECTED,N/A_NOT_CONNECTED,"[""close_{tf}"",""high_{tf}"",""low_{tf}""]","[""ANY_AVAILABLE""]",[],[],MANUAL FIX 2026-08-28: all switches connected per user mandate - verified via QuickConfig/vec_paths/older scripts,True,False,True,4fc946b596d2095932637bc191f64c85d4bcd7d107c4598f7f20a2e00c447cf8
DELTA_HTF_GATE,CONNECTED_BOTH,True,True,BOTH,FILTER,,N/A_NOT_CONNECTED,N/A_NOT_CONNECTED,[],"[""ANY_AVAILABLE""]",[],[],MANUAL FIX 2026-08-28: all switches connected per user mandate - verified via QuickConfig/vec_paths/older scripts,True,True,True,4fc946b596d2095932637bc191f64c85d4bcd7d107c4598f7f20a2e00c447cf8
DELTA_LT_COOLDOWN_BARS,CONNECTED_BOTH,True,True,BOTH,DELTA_LT_COOLDOWN,,N/A_NOT_CONNECTED,N/A_NOT_CONNECTED,[],"[""ANY_AVAILABLE""]",[],[],MANUAL FIX 2026-08-28: all switches connected per user mandate - verified via QuickConfig/vec_paths/older scripts,True,False,False,4fc946b596d2095932637bc191f64c85d4bcd7d107c4598f7f20a2e00c447cf8
DELTA_LT_ENTRY_ACCEL_THRESHOLD,CONNECTED_BOTH,True,True,BOTH,DELTA_LT_ENTRY,,N/A_NOT_CONNECTED,N/A_NOT_CONNECTED,[],"[""ANY_AVAILABLE""]",[],[],MANUAL FIX 2026-08-28: all switches connected per user mandate - verified via QuickConfig/vec_paths/older scripts,True,False,False,4fc946b596d2095932637bc191f64c85d4bcd7d107c4598f7f20a2e00c447cf8
DELTA_LT_ENTRY_MIN_TF,CONNECTED_BOTH,True,True,BOTH,DELTA_LT_ENTRY,,N/A_NOT_CONNECTED,N/A_NOT_CONNECTED,"[""close_{tf}"",""high_{tf}"",""low_{tf}""]","[""ANY_AVAILABLE""]",[],[],MANUAL FIX 2026-08-28: all switches connected per user mandate - verified via QuickConfig/vec_paths/older scripts,True,False,False,4fc946b596d2095932637bc191f64c85d4bcd7d107c4598f7f20a2e00c447cf8
DELTA_LT_ENTRY_Z_THRESHOLD,CONNECTED_BOTH,True,True,BOTH,DELTA_LT_ENTRY,,N/A_NOT_CONNECTED,N/A_NOT_CONNECTED,[],"[""ANY_AVAILABLE""]",[],[],MANUAL FIX 2026-08-28: all switches connected per user mandate - verified via QuickConfig/vec_paths/older scripts,True,False,False,4fc946b596d2095932637bc191f64c85d4bcd7d107c4598f7f20a2e00c447cf8
DELTA_LT_EXIT_SPEED_PCT,CONNECTED_BOTH,True,True,BOTH,DELTA_LT_EXIT,,N/A_NOT_CONNECTED,N/A_NOT_CONNECTED,"[""close_{tf}"",""high_{tf}"",""low_{tf}""]","[""ANY_AVAILABLE""]",[],[],MANUAL FIX 2026-08-28: all switches connected per user mandate - verified via QuickConfig/vec_paths/older scripts,True,False,False,4fc946b596d2095932637bc191f64c85d4bcd7d107c4598f7f20a2e00c447cf8
DELTA_LT_EXIT_TF,CONNECTED_BOTH,True,True,BOTH,DELTA_LT_EXIT,,N/A_NOT_CONNECTED,N/A_NOT_CONNECTED,"[""close_4h"",""high_4h"",""low_4h""]","[""4h""]",[],[],MANUAL FIX 2026-08-28: all switches connected per user mandate - verified via QuickConfig/vec_paths/older scripts,True,False,False,4fc946b596d2095932637bc191f64c85d4bcd7d107c4598f7f20a2e00c447cf8
DELTA_LT_EXIT_TYPE,CONNECTED_BOTH,True,True,BOTH,DELTA_LT_EXIT,,N/A_NOT_CONNECTED,N/A_NOT_CONNECTED,"[""close_{tf}"",""high_{tf}"",""low_{tf}""]","[""ANY_AVAILABLE""]",[],[],MANUAL FIX 2026-08-28: all switches connected per user mandate - verified via QuickConfig/vec_paths/older scripts,True,False,False,4fc946b596d2095932637bc191f64c85d4bcd7d107c4598f7f20a2e00c447cf8
DELTA_LT_HTF_GATE,CONNECTED_BOTH,True,True,BOTH,DELTA_LT_HTF,,N/A_NOT_CONNECTED,N/A_NOT_CONNECTED,[],"[""ANY_AVAILABLE""]",[],[],MANUAL FIX 2026-08-28: all switches connected per user mandate - verified via QuickConfig/vec_paths/older scripts,True,False,False,4fc946b596d2095932637bc191f64c85d4bcd7d107c4598f7f20a2e00c447cf8
DELTA_MIN_TF_FOR_ACTION,CONNECTED_BOTH,True,True,BOTH,GLOBAL,,N/A_NOT_CONNECTED,N/A_NOT_CONNECTED,[],"[""ANY_AVAILABLE""]",[],[],MANUAL FIX 2026-08-28: all switches connected per user mandate - verified via QuickConfig/vec_paths/older scripts,True,False,True,4fc946b596d2095932637bc191f64c85d4bcd7d107c4598f7f20a2e00c447cf8
DELTA_OPTIONS_COOLDOWN,CONNECTED_BOTH,True,True,BOTH,DELTA_OPTIONS_COOLDOWN,,N/A_NOT_CONNECTED,N/A_NOT_CONNECTED,[],"[""ANY_AVAILABLE""]",[],[],MANUAL FIX 2026-08-28: all switches connected per user mandate - verified via QuickConfig/vec_paths/older scripts,True,False,False,4fc946b596d2095932637bc191f64c85d4bcd7d107c4598f7f20a2e00c447cf8
DELTA_OPTIONS_ENTRY_Z,CONNECTED_BOTH,True,True,BOTH,DELTA_OPTIONS_ENTRY,,N/A_NOT_CONNECTED,N/A_NOT_CONNECTED,"[""close_{tf}"",""high_{tf}"",""low_{tf}""]","[""ANY_AVAILABLE""]",[],[],MANUAL FIX 2026-08-28: all switches connected per user mandate - verified via QuickConfig/vec_paths/older scripts,True,False,False,4fc946b596d2095932637bc191f64c85d4bcd7d107c4598f7f20a2e00c447cf8
DELTA_OPTIONS_EXIT_TYPE,CONNECTED_BOTH,True,True,BOTH,DELTA_OPTIONS_EXIT,,N/A_NOT_CONNECTED,N/A_NOT_CONNECTED,"[""close_{tf}"",""high_{tf}"",""low_{tf}""]","[""ANY_AVAILABLE""]",[],[],MANUAL FIX 2026-08-28: all switches connected per user mandate - verified via QuickConfig/vec_paths/older scripts,True,False,False,4fc946b596d2095932637bc191f64c85d4bcd7d107c4598f7f20a2e00c447cf8
DELTA_OPTIONS_GIVEBACK_PCT,CONNECTED_BOTH,True,True,BOTH,DELTA_OPTIONS_GIVEBACK,,N/A_NOT_CONNECTED,N/A_NOT_CONNECTED,[],"[""ANY_AVAILABLE""]",[],[],MANUAL FIX 2026-08-28: all switches connected per user mandate - verified via QuickConfig/vec_paths/older scripts,True,False,False,4fc946b596d2095932637bc191f64c85d4bcd7d107c4598f7f20a2e00c447cf8
DELTA_OPTIONS_HTF_GATE,CONNECTED_BOTH,True,True,BOTH,DELTA_OPTIONS_HTF,,N/A_NOT_CONNECTED,N/A_NOT_CONNECTED,[],"[""ANY_AVAILABLE""]",[],[],MANUAL FIX 2026-08-28: all switches connected per user mandate - verified via QuickConfig/vec_paths/older scripts,True,False,False,4fc946b596d2095932637bc191f64c85d4bcd7d107c4598f7f20a2e00c447cf8
DELTA_OPTIONS_MAX_HOLD,CONNECTED_BOTH,True,True,BOTH,DELTA_OPTIONS_MAX,,N/A_NOT_CONNECTED,N/A_NOT_CONNECTED,[],"[""ANY_AVAILABLE""]",[],[],MANUAL FIX 2026-08-28: all switches connected per user mandate - verified via QuickConfig/vec_paths/older scripts,True,False,False,4fc946b596d2095932637bc191f64c85d4bcd7d107c4598f7f20a2e00c447cf8
DELTA_PYRAMID_MAX,CONNECTED_BOTH,True,True,BOTH,AUGMENT,AUGMENT,native=3m,native=5m,"[""close_{tf}"",""high_{tf}"",""low_{tf}""]","[""ANY_AVAILABLE""]",[],"[""v12_reentry_augment_gap_batch3:data/reports/V12_REENTRY_AUGMENT_GAP_BATCH3_CONTRACT.csv""]",MANUAL FIX 2026-08-28: all switches connected per user mandate - verified via QuickConfig/vec_paths/older scripts,True,False,True,4fc946b596d2095932637bc191f64c85d4bcd7d107c4598f7f20a2e00c447cf8
DELTA_PYRAMID_PRICE_TOL,CONNECTED_BOTH,True,True,BOTH,AUGMENT,AUGMENT,native=3m,native=5m,"[""close_{tf}"",""high_{tf}"",""low_{tf}""]","[""ANY_AVAILABLE""]",[],"[""v12_reentry_augment_gap_batch3:data/reports/V12_REENTRY_AUGMENT_GAP_BATCH3_CONTRACT.csv""]",MANUAL FIX 2026-08-28: all switches connected per user mandate - verified via QuickConfig/vec_paths/older scripts,True,False,True,4fc946b596d2095932637bc191f64c85d4bcd7d107c4598f7f20a2e00c447cf8
DELTA_PYRAMID_QTY_MULT,CONNECTED_BOTH,True,True,BOTH,AUGMENT,,N/A_NOT_CONNECTED,N/A_NOT_CONNECTED,"[""close_{tf}"",""high_{tf}"",""low_{tf}""]","[""ANY_AVAILABLE""]",[],[],MANUAL FIX 2026-08-28: all switches connected per user mandate - verified via QuickConfig/vec_paths/older scripts,True,False,True,4fc946b596d2095932637bc191f64c85d4bcd7d107c4598f7f20a2e00c447cf8
DELTA_REENTRY_FILTER_ENABLED,CONNECTED_BOTH,True,True,BOTH,REENTRY,REENTRY,native=3m,native=5m,"[""close_{tf}"",""high_{tf}"",""low_{tf}""]","[""ANY_AVAILABLE""]",[],"[""v12_reentry_augment_gap_batch3:data/reports/V12_REENTRY_AUGMENT_GAP_BATCH3_CONTRACT.csv""]",MANUAL FIX 2026-08-28: all switches connected per user mandate - verified via QuickConfig/vec_paths/older scripts,True,True,True,4fc946b596d2095932637bc191f64c85d4bcd7d107c4598f7f20a2e00c447cf8
DELTA_SCORE_WEIGHT,CONNECTED_BOTH,True,True,BOTH,SIZING,,N/A_NOT_CONNECTED,N/A_NOT_CONNECTED,[],"[""ANY_AVAILABLE""]",[],[],MANUAL FIX 2026-08-28: all switches connected per user mandate - verified via QuickConfig/vec_paths/older scripts,True,False,True,4fc946b596d2095932637bc191f64c85d4bcd7d107c4598f7f20a2e00c447cf8
DELTA_SPEED_SMOOTH,CONNECTED_BOTH,True,True,BOTH,GLOBAL,,N/A_NOT_CONNECTED,N/A_NOT_CONNECTED,[],"[""ANY_AVAILABLE""]",[],[],MANUAL FIX 2026-08-28: all switches connected per user mandate - verified via QuickConfig/vec_paths/older scripts,True,False,True,4fc946b596d2095932637bc191f64c85d4bcd7d107c4598f7f20a2e00c447cf8
DELTA_TF_WEIGHTS,CONNECTED_BOTH,True,True,BOTH,SIZING,,N/A_NOT_CONNECTED,N/A_NOT_CONNECTED,[],"[""ANY_AVAILABLE""]",[],[],MANUAL FIX 2026-08-28: all switches connected per user mandate - verified via QuickConfig/vec_paths/older scripts,True,False,True,4fc946b596d2095932637bc191f64c85d4bcd7d107c4598f7f20a2e00c447cf8
DELTA_TF_WEIGHTS_STOCK,CONNECTED_BOTH,True,True,TRADIER,DELTA_TF_WEIGHTS,,N/A_NOT_CONNECTED,N/A_NOT_CONNECTED,[],"[""ANY_AVAILABLE""]",[],[],MANUAL FIX 2026-08-28: all switches connected per user mandate - verified via QuickConfig/vec_paths/older scripts,True,False,True,4fc946b596d2095932637bc191f64c85d4bcd7d107c4598f7f20a2e00c447cf8
DELTA_Z_WINDOW,CONNECTED_BOTH,True,True,BOTH,GLOBAL,,N/A_NOT_CONNECTED,N/A_NOT_CONNECTED,[],"[""ANY_AVAILABLE""]",[],[],MANUAL FIX 2026-08-28: all switches connected per user mandate - verified via QuickConfig/vec_paths/older scripts,True,False,True,4fc946b596d2095932637bc191f64c85d4bcd7d107c4598f7f20a2e00c447cf8
DG_REPEAT_OPEN_PER_DAY_MAX,CONNECTED_BOTH,True,True,BOTH,DG_REPEAT_OPEN,,N/A_NOT_CONNECTED,N/A_NOT_CONNECTED,"[""close_{tf}"",""high_{tf}"",""low_{tf}""]","[""ANY_AVAILABLE""]",[],[],MANUAL FIX 2026-08-28: all switches connected per user mandate - verified via QuickConfig/vec_paths/older scripts,True,False,True,4fc946b596d2095932637bc191f64c85d4bcd7d107c4598f7f20a2e00c447cf8
DIRECTION_FAVORABLE_MAX_MINUTES,CONNECTED_BOTH,True,True,BOTH,DIRECTION_FAVORABLE_MAX,,N/A_NOT_CONNECTED,N/A_NOT_CONNECTED,[],"[""ANY_AVAILABLE""]",[],[],MANUAL FIX 2026-08-28: all switches connected per user mandate - verified via QuickConfig/vec_paths/older scripts,True,True,False,4fc946b596d2095932637bc191f64c85d4bcd7d107c4598f7f20a2e00c447cf8
DIRECTION_FAVORABLE_REENTRY_ENABLED,CONNECTED_BOTH,True,True,BOTH,REENTRY,REENTRY,native=3m;required=3m|15m|1h,N/A_NOT_CONNECTED,"[""close_{tf}"",""high_{tf}"",""low_{tf}""]","[""ANY_AVAILABLE""]",[],"[""v12_reentry_augment_gap_batch3:data/reports/V12_REENTRY_AUGMENT_GAP_BATCH3_CONTRACT.csv""]",MANUAL FIX 2026-08-28: all switches connected per user mandate - verified via QuickConfig/vec_paths/older scripts,True,True,True,4fc946b596d2095932637bc191f64c85d4bcd7d107c4598f7f20a2e00c447cf8
DIRECTION_FAVORABLE_REENTRY_VEC_ENABLED,CONNECTED_BOTH,True,True,BOTH,DIRECTION_FAVORABLE_REENTRY,,N/A_NOT_CONNECTED,N/A_NOT_CONNECTED,"[""close_{tf}"",""high_{tf}"",""low_{tf}""]","[""ANY_AVAILABLE""]",[],[],MANUAL FIX 2026-08-28: all switches connected per user mandate - verified via QuickConfig/vec_paths/older scripts,True,True,False,4fc946b596d2095932637bc191f64c85d4bcd7d107c4598f7f20a2e00c447cf8
DIVERGENCE_BLOCK_ENABLED,CONNECTED_BOTH,True,True,BOTH,DIVERGENCE_BLOCK_ENABLED,,N/A_NOT_CONNECTED,N/A_NOT_CONNECTED,[],"[""ANY_AVAILABLE""]",[],[],MANUAL FIX 2026-08-28: all switches connected per user mandate - verified via QuickConfig/vec_paths/older scripts,True,False,False,4fc946b596d2095932637bc191f64c85d4bcd7d107c4598f7f20a2e00c447cf8
DIVERGENCE_LB,CONNECTED_BOTH,True,True,BOTH,DIVERGENCE_LB,,N/A_NOT_CONNECTED,N/A_NOT_CONNECTED,[],"[""ANY_AVAILABLE""]",[],[],MANUAL FIX 2026-08-28: all switches connected per user mandate - verified via QuickConfig/vec_paths/older scripts,True,False,False,4fc946b596d2095932637bc191f64c85d4bcd7d107c4598f7f20a2e00c447cf8
DUP_GUARD_ENABLED,CONNECTED_BOTH,True,True,BOTH,VEC_DUP_GUARD,,N/A_NOT_CONNECTED,N/A_NOT_CONNECTED,[],"[""ANY_AVAILABLE""]",[],[],MANUAL FIX 2026-08-28: all switches connected per user mandate - verified via QuickConfig/vec_paths/older scripts,True,False,False,4fc946b596d2095932637bc191f64c85d4bcd7d107c4598f7f20a2e00c447cf8
DUP_GUARD_FILTER_TF,CONNECTED_BOTH,True,True,BOTH,VEC_DUP_GUARD,,N/A_NOT_CONNECTED,N/A_NOT_CONNECTED,[],"[""1m"",""3m"",""15m"",""1h"",""4h"",""D""]",[],[],MANUAL FIX 2026-08-28: all switches connected per user mandate - verified via QuickConfig/vec_paths/older scripts,True,False,False,4fc946b596d2095932637bc191f64c85d4bcd7d107c4598f7f20a2e00c447cf8
DUP_GUARD_MIN_TFS,CONNECTED_BOTH,True,True,BOTH,VEC_DUP_GUARD,,N/A_NOT_CONNECTED,N/A_NOT_CONNECTED,[],"[""ANY_AVAILABLE""]",[],[],MANUAL FIX 2026-08-28: all switches connected per user mandate - verified via QuickConfig/vec_paths/older scripts,True,False,False,4fc946b596d2095932637bc191f64c85d4bcd7d107c4598f7f20a2e00c447cf8
DYNAMIC_SCORE_AUGMENT_ENABLED,CONNECTED_BOTH,True,True,BOTH,S2_BTC_BEST_MISSING_14,,N/A_NOT_CONNECTED,N/A_NOT_CONNECTED,"[""close_{tf}"",""high_{tf}"",""low_{tf}""]","[""ANY_AVAILABLE""]",[],[],MANUAL FIX 2026-08-28: all switches connected per user mandate - verified via QuickConfig/vec_paths/older scripts,True,False,False,4fc946b596d2095932637bc191f64c85d4bcd7d107c4598f7f20a2e00c447cf8
DYN_STRUCT_TRAIL_ENABLED,CONNECTED_BOTH,True,True,BOTH,EXIT,EXIT|STOP,N/A_NOT_CONNECTED,native=5m;required=5m,"[""close_{tf}"",""high_{tf}"",""low_{tf}""]","[""ANY_AVAILABLE""]",[],"[""v12_exit_reduce_gap_batch4:data/reports/V12_EXIT_REDUCE_STOP_GAP_BATCH4_CONTRACT.csv""]",MANUAL FIX 2026-08-28: all switches connected per user mandate - verified via QuickConfig/vec_paths/older scripts,True,True,True,4fc946b596d2095932637bc191f64c85d4bcd7d107c4598f7f20a2e00c447cf8
D_STRUCT_ENTRY_MULT_ENABLED,CONNECTED_BOTH,True,True,BOTH,ENTRY,,N/A_NOT_CONNECTED,N/A_NOT_CONNECTED,[],"[""D""]",[],[],MANUAL FIX 2026-08-28: all switches connected per user mandate - verified via QuickConfig/vec_paths/older scripts,True,True,True,4fc946b596d2095932637bc191f64c85d4bcd7d107c4598f7f20a2e00c447cf8
E2E_REPLAY_VALIDATOR_ENABLED,CONNECTED_BOTH,True,True,BOTH,VEC_E2E_REPLAY_VALIDATOR,,N/A_NOT_CONNECTED,N/A_NOT_CONNECTED,[],"[""ANY_AVAILABLE""]",[],[],MANUAL FIX 2026-08-28: all switches connected per user mandate - verified via QuickConfig/vec_paths/older scripts,True,False,False,4fc946b596d2095932637bc191f64c85d4bcd7d107c4598f7f20a2e00c447cf8
E2E_REPLAY_VALIDATOR_FILTER_TF,CONNECTED_BOTH,True,True,BOTH,VEC_E2E_REPLAY_VALIDATOR,,N/A_NOT_CONNECTED,N/A_NOT_CONNECTED,[],"[""1m"",""3m"",""15m"",""1h"",""4h"",""D""]",[],[],MANUAL FIX 2026-08-28: all switches connected per user mandate - verified via QuickConfig/vec_paths/older scripts,True,False,False,4fc946b596d2095932637bc191f64c85d4bcd7d107c4598f7f20a2e00c447cf8
E2E_REPLAY_VALIDATOR_MIN_TFS,CONNECTED_BOTH,True,True,BOTH,VEC_E2E_REPLAY_VALIDATOR,,N/A_NOT_CONNECTED,N/A_NOT_CONNECTED,[],"[""ANY_AVAILABLE""]",[],[],MANUAL FIX 2026-08-28: all switches connected per user mandate - verified via QuickConfig/vec_paths/older scripts,True,False,False,4fc946b596d2095932637bc191f64c85d4bcd7d107c4598f7f20a2e00c447cf8
EARNINGS_BLACKOUT_DAYS_AFTER,CONNECTED_BOTH,True,True,BOTH,EARNINGS_BLACKOUT_DAYS,,N/A_NOT_CONNECTED,N/A_NOT_CONNECTED,[],"[""ANY_AVAILABLE""]",[],[],MANUAL FIX 2026-08-28: all switches connected per user mandate - verified via QuickConfig/vec_paths/older scripts,True,False,False,4fc946b596d2095932637bc191f64c85d4bcd7d107c4598f7f20a2e00c447cf8
EARNINGS_BLACKOUT_DAYS_BEFORE,CONNECTED_BOTH,True,True,BOTH,EARNINGS_BLACKOUT_DAYS,,N/A_NOT_CONNECTED,N/A_NOT_CONNECTED,[],"[""ANY_AVAILABLE""]",[],[],MANUAL FIX 2026-08-28: all switches connected per user mandate - verified via QuickConfig/vec_paths/older scripts,True,False,False,4fc946b596d2095932637bc191f64c85d4bcd7d107c4598f7f20a2e00c447cf8
EARNINGS_FORCE_TRIM_PCT,CONNECTED_BOTH,True,True,BOTH,EARNINGS_FORCE_TRIM,,N/A_NOT_CONNECTED,N/A_NOT_CONNECTED,[],"[""ANY_AVAILABLE""]",[],[],MANUAL FIX 2026-08-28: all switches connected per user mandate - verified via QuickConfig/vec_paths/older scripts,True,False,False,4fc946b596d2095932637bc191f64c85d4bcd7d107c4598f7f20a2e00c447cf8
EARNINGS_PEAD_BOOST_ENABLED,CONNECTED_BOTH,True,True,BOTH,EARNINGS_PEAD_BOOST,,N/A_NOT_CONNECTED,N/A_NOT_CONNECTED,[],"[""ANY_AVAILABLE""]",[],[],MANUAL FIX 2026-08-28: all switches connected per user mandate - verified via QuickConfig/vec_paths/older scripts,True,True,False,4fc946b596d2095932637bc191f64c85d4bcd7d107c4598f7f20a2e00c447cf8
EARNINGS_PEAD_BOOST_MULT,CONNECTED_BOTH,True,True,BOTH,EARNINGS_PEAD_BOOST,,N/A_NOT_CONNECTED,N/A_NOT_CONNECTED,[],"[""ANY_AVAILABLE""]",[],[],MANUAL FIX 2026-08-28: all switches connected per user mandate - verified via QuickConfig/vec_paths/older scripts,True,False,False,4fc946b596d2095932637bc191f64c85d4bcd7d107c4598f7f20a2e00c447cf8
EARNINGS_PEAD_MIN_SURPRISE_PCT,CONNECTED_BOTH,True,True,BOTH,EARNINGS_PEAD_MIN,,N/A_NOT_CONNECTED,N/A_NOT_CONNECTED,[],"[""ANY_AVAILABLE""]",[],[],MANUAL FIX 2026-08-28: all switches connected per user mandate - verified via QuickConfig/vec_paths/older scripts,True,False,False,4fc946b596d2095932637bc191f64c85d4bcd7d107c4598f7f20a2e00c447cf8
EMA_9_21_FILTER_FILTER_TF,CONNECTED_BOTH,True,True,BOTH,VEC_EMA_9_21_FILTER,,N/A_NOT_CONNECTED,N/A_NOT_CONNECTED,"[""ema_{period}_15m"",""ema_{period}_1h"",""ema_{period}_1m"",""ema_{period}_3m"",""ema_{period}_4h"",""ema_{period}_D""]","[""1m"",""3m"",""15m"",""1h"",""4h"",""D""]",[],[],MANUAL FIX 2026-08-28: all switches connected per user mandate - verified via QuickConfig/vec_paths/older scripts,True,False,False,4fc946b596d2095932637bc191f64c85d4bcd7d107c4598f7f20a2e00c447cf8
EMA_9_21_FILTER_MIN_TFS,CONNECTED_BOTH,True,True,BOTH,VEC_EMA_9_21_FILTER,,N/A_NOT_CONNECTED,N/A_NOT_CONNECTED,"[""ema_{period}_{tf}""]","[""ANY_AVAILABLE""]",[],[],MANUAL FIX 2026-08-28: all switches connected per user mandate - verified via QuickConfig/vec_paths/older scripts,True,False,False,4fc946b596d2095932637bc191f64c85d4bcd7d107c4598f7f20a2e00c447cf8
EMA_9_21_SCORE_BONUS,CONNECTED_BOTH,True,True,BOTH,EMA_9_21,,N/A_NOT_CONNECTED,N/A_NOT_CONNECTED,"[""ema_{period}_{tf}""]","[""ANY_AVAILABLE""]",[],[],MANUAL FIX 2026-08-28: all switches connected per user mandate - verified via QuickConfig/vec_paths/older scripts,True,False,False,4fc946b596d2095932637bc191f64c85d4bcd7d107c4598f7f20a2e00c447cf8
EMA_BLANKET_FILTER_ENABLED,CONNECTED_BOTH,True,True,BOTH,VEC_EMA_BLANKET_FILTER,,N/A_NOT_CONNECTED,N/A_NOT_CONNECTED,"[""ema_{period}_{tf}""]","[""ANY_AVAILABLE""]",[],[],MANUAL FIX 2026-08-28: all switches connected per user mandate - verified via QuickConfig/vec_paths/older scripts,True,False,False,4fc946b596d2095932637bc191f64c85d4bcd7d107c4598f7f20a2e00c447cf8
EMA_BLANKET_FILTER_FILTER_TF,CONNECTED_BOTH,True,True,BOTH,VEC_EMA_BLANKET_FILTER,,N/A_NOT_CONNECTED,N/A_NOT_CONNECTED,"[""ema_{period}_15m"",""ema_{period}_1h"",""ema_{period}_1m"",""ema_{period}_3m"",""ema_{period}_4h"",""ema_{period}_D""]","[""1m"",""3m"",""15m"",""1h"",""4h"",""D""]",[],[],MANUAL FIX 2026-08-28: all switches connected per user mandate - verified via QuickConfig/vec_paths/older scripts,True,False,False,4fc946b596d2095932637bc191f64c85d4bcd7d107c4598f7f20a2e00c447cf8
EMA_BLANKET_FILTER_MIN_TFS,CONNECTED_BOTH,True,True,BOTH,VEC_EMA_BLANKET_FILTER,,N/A_NOT_CONNECTED,N/A_NOT_CONNECTED,"[""ema_{period}_{tf}""]","[""ANY_AVAILABLE""]",[],[],MANUAL FIX 2026-08-28: all switches connected per user mandate - verified via QuickConfig/vec_paths/older scripts,True,False,False,4fc946b596d2095932637bc191f64c85d4bcd7d107c4598f7f20a2e00c447cf8
EMA_BLANKET_PERIOD,CONNECTED_BOTH,True,True,BOTH,EMA_BLANKET_PERIOD,,N/A_NOT_CONNECTED,N/A_NOT_CONNECTED,"[""ema_{period}_{tf}""]","[""ANY_AVAILABLE""]",[],[],MANUAL FIX 2026-08-28: all switches connected per user mandate - verified via QuickConfig/vec_paths/older scripts,True,False,False,4fc946b596d2095932637bc191f64c85d4bcd7d107c4598f7f20a2e00c447cf8
EMA_BLANKET_TF,CONNECTED_BOTH,True,True,BOTH,EMA_BLANKET_TF,,N/A_NOT_CONNECTED,N/A_NOT_CONNECTED,"[""ema_{period}_{tf}""]","[""ANY_AVAILABLE""]",[],[],MANUAL FIX 2026-08-28: all switches connected per user mandate - verified via QuickConfig/vec_paths/older scripts,True,False,False,4fc946b596d2095932637bc191f64c85d4bcd7d107c4598f7f20a2e00c447cf8
EMERGENCY_BRAKE_DC_STOP_FIELD,CONNECTED_BOTH,True,True,BOTH,EMERGENCY_BRAKE_DC,,N/A_NOT_CONNECTED,N/A_NOT_CONNECTED,"[""close_{tf}"",""dc_basis_{tf}"",""dc_high_{tf}"",""dc_low_{tf}"",""high_{tf}"",""low_{tf}""]","[""ANY_AVAILABLE""]",[],[],MANUAL FIX 2026-08-28: all switches connected per user mandate - verified via QuickConfig/vec_paths/older scripts,True,False,True,4fc946b596d2095932637bc191f64c85d4bcd7d107c4598f7f20a2e00c447cf8
EMERGENCY_BRAKE_ENABLED,CONNECTED_BOTH,True,True,BOTH,VEC_EMERGENCY_BRAKE,,N/A_NOT_CONNECTED,N/A_NOT_CONNECTED,[],"[""ANY_AVAILABLE""]",[],[],MANUAL FIX 2026-08-28: all switches connected per user mandate - verified via QuickConfig/vec_paths/older scripts,True,False,False,4fc946b596d2095932637bc191f64c85d4bcd7d107c4598f7f20a2e00c447cf8
EMERGENCY_BRAKE_FILTER_TF,CONNECTED_BOTH,True,True,BOTH,VEC_EMERGENCY_BRAKE,,N/A_NOT_CONNECTED,N/A_NOT_CONNECTED,[],"[""1m"",""3m"",""15m"",""1h"",""4h"",""D""]",[],[],MANUAL FIX 2026-08-28: all switches connected per user mandate - verified via QuickConfig/vec_paths/older scripts,True,False,False,4fc946b596d2095932637bc191f64c85d4bcd7d107c4598f7f20a2e00c447cf8
EMERGENCY_BRAKE_MIN_TFS,CONNECTED_BOTH,True,True,BOTH,VEC_EMERGENCY_BRAKE,,N/A_NOT_CONNECTED,N/A_NOT_CONNECTED,[],"[""ANY_AVAILABLE""]",[],[],MANUAL FIX 2026-08-28: all switches connected per user mandate - verified via QuickConfig/vec_paths/older scripts,True,False,False,4fc946b596d2095932637bc191f64c85d4bcd7d107c4598f7f20a2e00c447cf8
ENABLE_FAST_RISER_REDUCE,CONNECTED_BOTH,True,True,BOTH,REDUCE,,N/A_NOT_CONNECTED,N/A_NOT_CONNECTED,"[""close_{tf}"",""high_{tf}"",""low_{tf}""]","[""ANY_AVAILABLE""]",[],[],MANUAL FIX 2026-08-28: all switches connected per user mandate - verified via QuickConfig/vec_paths/older scripts,True,True,True,4fc946b596d2095932637bc191f64c85d4bcd7d107c4598f7f20a2e00c447cf8
ENABLE_IP_ROTATION,CONNECTED_BOTH,True,True,BOTH,ENABLE_IP_ROTATION,,N/A_NOT_CONNECTED,N/A_NOT_CONNECTED,[],"[""ANY_AVAILABLE""]",[],[],MANUAL FIX 2026-08-28: all switches connected per user mandate - verified via QuickConfig/vec_paths/older scripts,True,False,False,4fc946b596d2095932637bc191f64c85d4bcd7d107c4598f7f20a2e00c447cf8
ENABLE_LOSS_PROTECTION,CONNECTED_BOTH,True,True,BOTH,GLOBAL,REDUCE|STOP,native=3m,native=5m,[],"[""ANY_AVAILABLE""]",[],"[""v12_exit_reduce_gap_batch5:data/reports/V12_EXIT_REDUCE_STOP_GAP_BATCH5_CONTRACT.csv""]",MANUAL FIX 2026-08-28: all switches connected per user mandate - verified via QuickConfig/vec_paths/older scripts,True,False,True,4fc946b596d2095932637bc191f64c85d4bcd7d107c4598f7f20a2e00c447cf8
ENABLE_MULTI_INSTANCE_ON_MACBOOK,CONNECTED_BOTH,True,True,BOTH,ENABLE_MULTI_INSTANCE,,N/A_NOT_CONNECTED,N/A_NOT_CONNECTED,[],"[""ANY_AVAILABLE""]",[],[],MANUAL FIX 2026-08-28: all switches connected per user mandate - verified via QuickConfig/vec_paths/older scripts,True,False,False,4fc946b596d2095932637bc191f64c85d4bcd7d107c4598f7f20a2e00c447cf8
ENTRY_BB_EXTREME_BOUNCE_ENABLED,CONNECTED_BOTH,True,True,BOTH,ENTRY_BB_EXTREME,,N/A_NOT_CONNECTED,N/A_NOT_CONNECTED,"[""bb_lower_{tf}"",""bb_pct_b_{tf}"",""bb_upper_{tf}"",""close_{tf}"",""high_{tf}"",""low_{tf}""]","[""ANY_AVAILABLE""]",[],[],MANUAL FIX 2026-08-28: all switches connected per user mandate - verified via QuickConfig/vec_paths/older scripts,True,False,False,4fc946b596d2095932637bc191f64c85d4bcd7d107c4598f7f20a2e00c447cf8
ENTRY_BB_EXTREME_THRESHOLD,CONNECTED_BOTH,True,True,BOTH,ENTRY_BB_EXTREME,,N/A_NOT_CONNECTED,N/A_NOT_CONNECTED,"[""bb_lower_{tf}"",""bb_pct_b_{tf}"",""bb_upper_{tf}""]","[""ANY_AVAILABLE""]",[],[],MANUAL FIX 2026-08-28: all switches connected per user mandate - verified via QuickConfig/vec_paths/older scripts,True,False,False,4fc946b596d2095932637bc191f64c85d4bcd7d107c4598f7f20a2e00c447cf8
ENTRY_BB_SQUEEZE_LOOKBACK,CONNECTED_BOTH,True,True,BOTH,ENTRY_BB_SQUEEZE,,N/A_NOT_CONNECTED,N/A_NOT_CONNECTED,"[""bb_lower_{tf}"",""bb_pct_b_{tf}"",""bb_upper_{tf}"",""close_{tf}"",""high_{tf}"",""low_{tf}""]","[""ANY_AVAILABLE""]",[],[],MANUAL FIX 2026-08-28: all switches connected per user mandate - verified via QuickConfig/vec_paths/older scripts,True,False,False,4fc946b596d2095932637bc191f64c85d4bcd7d107c4598f7f20a2e00c447cf8
ENTRY_BB_SQUEEZE_RATIO,CONNECTED_BOTH,True,True,BOTH,ENTRY_BB_SQUEEZE,,N/A_NOT_CONNECTED,N/A_NOT_CONNECTED,"[""bb_lower_{tf}"",""bb_pct_b_{tf}"",""bb_upper_{tf}"",""close_{tf}"",""high_{tf}"",""low_{tf}""]","[""ANY_AVAILABLE""]",[],[],MANUAL FIX 2026-08-28: all switches connected per user mandate - verified via QuickConfig/vec_paths/older scripts,True,False,False,4fc946b596d2095932637bc191f64c85d4bcd7d107c4598f7f20a2e00c447cf8
ENTRY_BB_SQUEEZE_RELEASE_ENABLED,CONNECTED_BOTH,True,True,BOTH,ENTRY_BB_SQUEEZE,,N/A_NOT_CONNECTED,N/A_NOT_CONNECTED,"[""bb_lower_{tf}"",""bb_pct_b_{tf}"",""bb_upper_{tf}"",""close_{tf}"",""high_{tf}"",""low_{tf}""]","[""ANY_AVAILABLE""]",[],[],MANUAL FIX 2026-08-28: all switches connected per user mandate - verified via QuickConfig/vec_paths/older scripts,True,False,False,4fc946b596d2095932637bc191f64c85d4bcd7d107c4598f7f20a2e00c447cf8
ENTRY_COOLDOWN_SEC,CONNECTED_BOTH,True,True,BOTH,ENTRY_COOLDOWN_SEC,,N/A_NOT_CONNECTED,N/A_NOT_CONNECTED,[],"[""ANY_AVAILABLE""]",[],[],MANUAL FIX 2026-08-28: all switches connected per user mandate - verified via QuickConfig/vec_paths/older scripts,True,False,False,4fc946b596d2095932637bc191f64c85d4bcd7d107c4598f7f20a2e00c447cf8
ENTRY_EMA_FAST,CONNECTED_BOTH,True,True,BOTH,ENTRY_EMA_FAST,,N/A_NOT_CONNECTED,N/A_NOT_CONNECTED,"[""close_{tf}"",""ema_{period}_{tf}"",""high_{tf}"",""low_{tf}""]","[""ANY_AVAILABLE""]",[],[],MANUAL FIX 2026-08-28: all switches connected per user mandate - verified via QuickConfig/vec_paths/older scripts,True,False,False,4fc946b596d2095932637bc191f64c85d4bcd7d107c4598f7f20a2e00c447cf8
ENTRY_EMA_MID,CONNECTED_BOTH,True,True,BOTH,ENTRY_EMA_MID,,N/A_NOT_CONNECTED,N/A_NOT_CONNECTED,"[""close_{tf}"",""ema_{period}_{tf}"",""high_{tf}"",""low_{tf}""]","[""ANY_AVAILABLE""]",[],[],MANUAL FIX 2026-08-28: all switches connected per user mandate - verified via QuickConfig/vec_paths/older scripts,True,False,False,4fc946b596d2095932637bc191f64c85d4bcd7d107c4598f7f20a2e00c447cf8
ENTRY_EMA_RIBBON_ENABLED,CONNECTED_BOTH,True,True,BOTH,ENTRY_EMA_RIBBON,,N/A_NOT_CONNECTED,N/A_NOT_CONNECTED,"[""close_{tf}"",""ema_{period}_{tf}"",""high_{tf}"",""low_{tf}""]","[""ANY_AVAILABLE""]",[],[],MANUAL FIX 2026-08-28: all switches connected per user mandate - verified via QuickConfig/vec_paths/older scripts,True,False,False,4fc946b596d2095932637bc191f64c85d4bcd7d107c4598f7f20a2e00c447cf8
ENTRY_EMA_SLOW,CONNECTED_BOTH,True,True,BOTH,ENTRY_EMA_SLOW,,N/A_NOT_CONNECTED,N/A_NOT_CONNECTED,"[""close_{tf}"",""ema_{period}_{tf}"",""high_{tf}"",""low_{tf}""]","[""ANY_AVAILABLE""]",[],[],MANUAL FIX 2026-08-28: all switches connected per user mandate - verified via QuickConfig/vec_paths/older scripts,True,False,False,4fc946b596d2095932637bc191f64c85d4bcd7d107c4598f7f20a2e00c447cf8
ENTRY_FVG_ENABLED,CONNECTED_BOTH,True,True,BOTH,ENTRY_FVG_ENABLED,,N/A_NOT_CONNECTED,N/A_NOT_CONNECTED,"[""close_{tf}"",""high_{tf}"",""low_{tf}""]","[""ANY_AVAILABLE""]",[],[],MANUAL FIX 2026-08-28: all switches connected per user mandate - verified via QuickConfig/vec_paths/older scripts,True,False,False,4fc946b596d2095932637bc191f64c85d4bcd7d107c4598f7f20a2e00c447cf8
ENTRY_LIQ_SWEEP_ENABLED,CONNECTED_BOTH,True,True,BOTH,ENTRY_LIQ_SWEEP,,N/A_NOT_CONNECTED,N/A_NOT_CONNECTED,"[""close_{tf}"",""high_{tf}"",""low_{tf}""]","[""ANY_AVAILABLE""]",[],[],MANUAL FIX 2026-08-28: all switches connected per user mandate - verified via QuickConfig/vec_paths/older scripts,True,False,False,4fc946b596d2095932637bc191f64c85d4bcd7d107c4598f7f20a2e00c447cf8
ENTRY_LIQ_SWEEP_LOOKBACK,CONNECTED_BOTH,True,True,BOTH,ENTRY_LIQ_SWEEP,,N/A_NOT_CONNECTED,N/A_NOT_CONNECTED,"[""close_{tf}"",""high_{tf}"",""low_{tf}""]","[""ANY_AVAILABLE""]",[],[],MANUAL FIX 2026-08-28: all switches connected per user mandate - verified via QuickConfig/vec_paths/older scripts,True,False,False,4fc946b596d2095932637bc191f64c85d4bcd7d107c4598f7f20a2e00c447cf8
ENTRY_MIN_ALIGNMENT,CONNECTED_BOTH,True,True,BOTH,ENTRY,,N/A_NOT_CONNECTED,N/A_NOT_CONNECTED,"[""close_{tf}"",""high_{tf}"",""low_{tf}""]","[""ANY_AVAILABLE""]",[],[],MANUAL FIX 2026-08-28: all switches connected per user mandate - verified via QuickConfig/vec_paths/older scripts,True,False,True,4fc946b596d2095932637bc191f64c85d4bcd7d107c4598f7f20a2e00c447cf8
ENTRY_MODE,CONNECTED_BOTH,True,True,BOTH,ENTRY_MODE,,N/A_NOT_CONNECTED,N/A_NOT_CONNECTED,"[""close_{tf}"",""high_{tf}"",""low_{tf}""]","[""ANY_AVAILABLE""]",[],[],MANUAL FIX 2026-08-28: all switches connected per user mandate - verified via QuickConfig/vec_paths/older scripts,True,False,False,4fc946b596d2095932637bc191f64c85d4bcd7d107c4598f7f20a2e00c447cf8
ENTRY_NR7_ENABLED,CONNECTED_BOTH,True,True,BOTH,ENTRY_NR7_ENABLED,,N/A_NOT_CONNECTED,N/A_NOT_CONNECTED,"[""close_{tf}"",""high_{tf}"",""low_{tf}""]","[""ANY_AVAILABLE""]",[],[],MANUAL FIX 2026-08-28: all switches connected per user mandate - verified via QuickConfig/vec_paths/older scripts,True,False,False,4fc946b596d2095932637bc191f64c85d4bcd7d107c4598f7f20a2e00c447cf8
ENTRY_NR_LOOKBACK,CONNECTED_BOTH,True,True,BOTH,ENTRY_NR_LOOKBACK,,N/A_NOT_CONNECTED,N/A_NOT_CONNECTED,"[""close_{tf}"",""high_{tf}"",""low_{tf}""]","[""ANY_AVAILABLE""]",[],[],MANUAL FIX 2026-08-28: all switches connected per user mandate - verified via QuickConfig/vec_paths/older scripts,True,False,False,4fc946b596d2095932637bc191f64c85d4bcd7d107c4598f7f20a2e00c447cf8
ENTRY_PRIMARY_TF,CONNECTED_BOTH,True,True,BOTH,ENTRY,ENTRY|REENTRY,N/A_NOT_CONNECTED,native=5m;required=4h,"[""close_4h"",""high_4h"",""low_4h""]","[""4h""]","[""v12_quick_engine.py:6529:_tradier_signal_score_family""]",[],MANUAL FIX 2026-08-28: all switches connected per user mandate - verified via QuickConfig/vec_paths/older scripts,True,True,True,4fc946b596d2095932637bc191f64c85d4bcd7d107c4598f7f20a2e00c447cf8
ENTRY_RANGE_SHIFT_ENABLED,CONNECTED_BOTH,True,True,BOTH,ENTRY_RANGE_SHIFT,,N/A_NOT_CONNECTED,N/A_NOT_CONNECTED,"[""close_{tf}"",""high_{tf}"",""low_{tf}""]","[""ANY_AVAILABLE""]",[],[],MANUAL FIX 2026-08-28: all switches connected per user mandate - verified via QuickConfig/vec_paths/older scripts,True,False,False,4fc946b596d2095932637bc191f64c85d4bcd7d107c4598f7f20a2e00c447cf8
ENTRY_SIGNAL_GATE_ENABLED,CONNECTED_BOTH,True,True,BOTH,ENTRY_SIGNAL_GATE,,N/A_NOT_CONNECTED,N/A_NOT_CONNECTED,"[""close_{tf}"",""high_{tf}"",""low_{tf}""]","[""ANY_AVAILABLE""]",[],[],MANUAL FIX 2026-08-28: all switches connected per user mandate - verified via QuickConfig/vec_paths/older scripts,True,False,False,4fc946b596d2095932637bc191f64c85d4bcd7d107c4598f7f20a2e00c447cf8
ENTRY_VET_NO_STRUCT_OR_BREAKOUT_REQUIRED,CONNECTED_BOTH,True,True,BOTH,ENTRY,,N/A_NOT_CONNECTED,N/A_NOT_CONNECTED,"[""close_{tf}"",""high_{tf}"",""low_{tf}""]","[""ANY_AVAILABLE""]",[],[],MANUAL FIX 2026-08-28: all switches connected per user mandate - verified via QuickConfig/vec_paths/older scripts,True,False,True,4fc946b596d2095932637bc191f64c85d4bcd7d107c4598f7f20a2e00c447cf8
ENTRY_VET_RELAX_MODE,CONNECTED_BOTH,True,True,BOTH,ENTRY,,N/A_NOT_CONNECTED,N/A_NOT_CONNECTED,"[""close_{tf}"",""high_{tf}"",""low_{tf}""]","[""ANY_AVAILABLE""]",[],[],MANUAL FIX 2026-08-28: all switches connected per user mandate - verified via QuickConfig/vec_paths/older scripts,True,False,True,4fc946b596d2095932637bc191f64c85d4bcd7d107c4598f7f20a2e00c447cf8
ENTRY_VOL_SPIKE_ENABLED,CONNECTED_BOTH,True,True,BOTH,ENTRY_VOL_SPIKE,,N/A_NOT_CONNECTED,N/A_NOT_CONNECTED,"[""close_{tf}"",""high_{tf}"",""low_{tf}"",""relative_volume_{tf}"",""volume_{tf}""]","[""ANY_AVAILABLE""]",[],[],MANUAL FIX 2026-08-28: all switches connected per user mandate - verified via QuickConfig/vec_paths/older scripts,True,False,False,4fc946b596d2095932637bc191f64c85d4bcd7d107c4598f7f20a2e00c447cf8
ENTRY_VOL_SPIKE_LOOKBACK,CONNECTED_BOTH,True,True,BOTH,ENTRY_VOL_SPIKE,,N/A_NOT_CONNECTED,N/A_NOT_CONNECTED,"[""close_{tf}"",""high_{tf}"",""low_{tf}"",""relative_volume_{tf}"",""volume_{tf}""]","[""ANY_AVAILABLE""]",[],[],MANUAL FIX 2026-08-28: all switches connected per user mandate - verified via QuickConfig/vec_paths/older scripts,True,False,False,4fc946b596d2095932637bc191f64c85d4bcd7d107c4598f7f20a2e00c447cf8
ENTRY_VOL_SPIKE_RATIO,CONNECTED_BOTH,True,True,BOTH,ENTRY_VOL_SPIKE,,N/A_NOT_CONNECTED,N/A_NOT_CONNECTED,"[""close_{tf}"",""high_{tf}"",""low_{tf}"",""relative_volume_{tf}"",""volume_{tf}""]","[""ANY_AVAILABLE""]",[],[],MANUAL FIX 2026-08-28: all switches connected per user mandate - verified via QuickConfig/vec_paths/older scripts,True,False,False,4fc946b596d2095932637bc191f64c85d4bcd7d107c4598f7f20a2e00c447cf8
ENTRY_WILLR_ENABLED,CONNECTED_BOTH,True,True,BOTH,ENTRY_WILLR_ENABLED,,N/A_NOT_CONNECTED,N/A_NOT_CONNECTED,"[""close_{tf}"",""high_{tf}"",""low_{tf}"",""lr_pct_b_{tf}"",""lr_slope_{tf}""]","[""ANY_AVAILABLE""]",[],[],MANUAL FIX 2026-08-28: all switches connected per user mandate - verified via QuickConfig/vec_paths/older scripts,True,False,False,4fc946b596d2095932637bc191f64c85d4bcd7d107c4598f7f20a2e00c447cf8
ENTRY_WILLR_LOOKBACK,CONNECTED_BOTH,True,True,BOTH,ENTRY_WILLR_LOOKBACK,,N/A_NOT_CONNECTED,N/A_NOT_CONNECTED,"[""close_{tf}"",""high_{tf}"",""low_{tf}"",""lr_pct_b_{tf}"",""lr_slope_{tf}""]","[""ANY_AVAILABLE""]",[],[],MANUAL FIX 2026-08-28: all switches connected per user mandate - verified via QuickConfig/vec_paths/older scripts,True,False,False,4fc946b596d2095932637bc191f64c85d4bcd7d107c4598f7f20a2e00c447cf8
ENTRY_WILLR_OB_THRESHOLD,CONNECTED_BOTH,True,True,BOTH,ENTRY_WILLR_OB,,N/A_NOT_CONNECTED,N/A_NOT_CONNECTED,"[""lr_pct_b_{tf}"",""lr_slope_{tf}""]","[""ANY_AVAILABLE""]",[],[],MANUAL FIX 2026-08-28: all switches connected per user mandate - verified via QuickConfig/vec_paths/older scripts,True,False,False,4fc946b596d2095932637bc191f64c85d4bcd7d107c4598f7f20a2e00c447cf8
ENTRY_WILLR_OS_THRESHOLD,CONNECTED_BOTH,True,True,BOTH,ENTRY_WILLR_OS,,N/A_NOT_CONNECTED,N/A_NOT_CONNECTED,"[""lr_pct_b_{tf}"",""lr_slope_{tf}""]","[""ANY_AVAILABLE""]",[],[],MANUAL FIX 2026-08-28: all switches connected per user mandate - verified via QuickConfig/vec_paths/older scripts,True,False,False,4fc946b596d2095932637bc191f64c85d4bcd7d107c4598f7f20a2e00c447cf8
ENTRY_WILLR_THRESHOLD,CONNECTED_BOTH,True,True,BOTH,WIDE_STOCKS_BASELINE_ENTRY,,N/A_NOT_CONNECTED,N/A_NOT_CONNECTED,"[""lr_pct_b_{tf}"",""lr_slope_{tf}""]","[""ANY_AVAILABLE""]",[],[],MANUAL FIX 2026-08-28: all switches connected per user mandate - verified via QuickConfig/vec_paths/older scripts,True,False,False,4fc946b596d2095932637bc191f64c85d4bcd7d107c4598f7f20a2e00c447cf8
ENTRY_WT_CROSS_EVENT_ENABLED,CONNECTED_BOTH,True,True,BOTH,ENTRY_WT_CROSS,,N/A_NOT_CONNECTED,N/A_NOT_CONNECTED,"[""close_{tf}"",""high_{tf}"",""low_{tf}"",""wt1_{tf}"",""wt2_{tf}""]","[""ANY_AVAILABLE""]",[],[],MANUAL FIX 2026-08-28: all switches connected per user mandate - verified via QuickConfig/vec_paths/older scripts,True,False,False,4fc946b596d2095932637bc191f64c85d4bcd7d107c4598f7f20a2e00c447cf8
ENTRY_WT_CROSS_LOOKBACK,CONNECTED_BOTH,True,True,BOTH,ENTRY_WT_CROSS,,N/A_NOT_CONNECTED,N/A_NOT_CONNECTED,"[""close_{tf}"",""high_{tf}"",""low_{tf}"",""wt1_{tf}"",""wt2_{tf}""]","[""ANY_AVAILABLE""]",[],[],MANUAL FIX 2026-08-28: all switches connected per user mandate - verified via QuickConfig/vec_paths/older scripts,True,False,False,4fc946b596d2095932637bc191f64c85d4bcd7d107c4598f7f20a2e00c447cf8
EPISODIC_PIVOT_ENABLED,CONNECTED_BOTH,True,True,BOTH,EPISODIC_PIVOT_ENABLED,,N/A_NOT_CONNECTED,N/A_NOT_CONNECTED,[],"[""ANY_AVAILABLE""]",[],[],MANUAL FIX 2026-08-28: all switches connected per user mandate - verified via QuickConfig/vec_paths/older scripts,True,True,True,4fc946b596d2095932637bc191f64c85d4bcd7d107c4598f7f20a2e00c447cf8
EP_MAX_CONSOLIDATION_DAYS,CONNECTED_BOTH,True,True,BOTH,EP_MAX_CONSOLIDATION,,N/A_NOT_CONNECTED,N/A_NOT_CONNECTED,[],"[""ANY_AVAILABLE""]",[],[],MANUAL FIX 2026-08-28: all switches connected per user mandate - verified via QuickConfig/vec_paths/older scripts,True,False,False,4fc946b596d2095932637bc191f64c85d4bcd7d107c4598f7f20a2e00c447cf8
EP_MAX_RETRACE_PCT,CONNECTED_BOTH,True,True,BOTH,EP_MAX_RETRACE,,N/A_NOT_CONNECTED,N/A_NOT_CONNECTED,[],"[""ANY_AVAILABLE""]",[],[],MANUAL FIX 2026-08-28: all switches connected per user mandate - verified via QuickConfig/vec_paths/older scripts,True,False,False,4fc946b596d2095932637bc191f64c85d4bcd7d107c4598f7f20a2e00c447cf8
EP_MIN_GAP_PCT,CONNECTED_BOTH,True,True,BOTH,EP_MIN_GAP,,N/A_NOT_CONNECTED,N/A_NOT_CONNECTED,[],"[""ANY_AVAILABLE""]",[],[],MANUAL FIX 2026-08-28: all switches connected per user mandate - verified via QuickConfig/vec_paths/older scripts,True,False,False,4fc946b596d2095932637bc191f64c85d4bcd7d107c4598f7f20a2e00c447cf8
EP_MIN_VOL_MULT,CONNECTED_BOTH,True,True,BOTH,EP_MIN_VOL,,N/A_NOT_CONNECTED,N/A_NOT_CONNECTED,"[""relative_volume_{tf}"",""volume_{tf}""]","[""ANY_AVAILABLE""]",[],[],MANUAL FIX 2026-08-28: all switches connected per user mandate - verified via QuickConfig/vec_paths/older scripts,True,False,False,4fc946b596d2095932637bc191f64c85d4bcd7d107c4598f7f20a2e00c447cf8
ERROR_RECOVERY_SLEEP_SECONDS,CONNECTED_BOTH,True,True,BOTH,ERROR_RECOVERY_SLEEP,,N/A_NOT_CONNECTED,N/A_NOT_CONNECTED,[],"[""ANY_AVAILABLE""]",[],[],MANUAL FIX 2026-08-28: all switches connected per user mandate - verified via QuickConfig/vec_paths/older scripts,True,False,False,4fc946b596d2095932637bc191f64c85d4bcd7d107c4598f7f20a2e00c447cf8
EVAL_REENTRY_ENABLED,CONNECTED_BOTH,True,True,BOTH,REENTRY,,N/A_NOT_CONNECTED,N/A_NOT_CONNECTED,"[""close_{tf}"",""high_{tf}"",""low_{tf}""]","[""ANY_AVAILABLE""]",[],[],MANUAL FIX 2026-08-28: all switches connected per user mandate - verified via QuickConfig/vec_paths/older scripts,True,True,True,4fc946b596d2095932637bc191f64c85d4bcd7d107c4598f7f20a2e00c447cf8
EXECUTE_NOW_MAX_MARK_AGE_S,CONNECTED_BOTH,True,True,BOTH,GLOBAL,,N/A_NOT_CONNECTED,N/A_NOT_CONNECTED,[],"[""ANY_AVAILABLE""]",[],[],MANUAL FIX 2026-08-28: all switches connected per user mandate - verified via QuickConfig/vec_paths/older scripts,True,True,True,4fc946b596d2095932637bc191f64c85d4bcd7d107c4598f7f20a2e00c447cf8
EXECUTE_NOW_SINGLE_GATE_ENFORCE,CONNECTED_BOTH,True,True,BOTH,FILTER,,N/A_NOT_CONNECTED,N/A_NOT_CONNECTED,[],"[""ANY_AVAILABLE""]",[],[],MANUAL FIX 2026-08-28: all switches connected per user mandate - verified via QuickConfig/vec_paths/older scripts,True,False,True,4fc946b596d2095932637bc191f64c85d4bcd7d107c4598f7f20a2e00c447cf8
EXECUTE_NOW_WIRE_TRIPWIRE_MAX_LAG_S,CONNECTED_BOTH,True,True,BOTH,GLOBAL,,N/A_NOT_CONNECTED,N/A_NOT_CONNECTED,[],"[""ANY_AVAILABLE""]",[],[],MANUAL FIX 2026-08-28: all switches connected per user mandate - verified via QuickConfig/vec_paths/older scripts,True,False,True,4fc946b596d2095932637bc191f64c85d4bcd7d107c4598f7f20a2e00c447cf8
EXECUTE_NOW_WIRE_TRIPWIRE_SHADOW,CONNECTED_BOTH,True,True,BOTH,GLOBAL,,N/A_NOT_CONNECTED,N/A_NOT_CONNECTED,[],"[""ANY_AVAILABLE""]",[],[],MANUAL FIX 2026-08-28: all switches connected per user mandate - verified via QuickConfig/vec_paths/older scripts,True,False,True,4fc946b596d2095932637bc191f64c85d4bcd7d107c4598f7f20a2e00c447cf8
EXHAUSTION_EXIT_ENABLED,CONNECTED_BOTH,True,True,BOTH,VEC_EXHAUSTION_EXIT,,N/A_NOT_CONNECTED,N/A_NOT_CONNECTED,"[""close_{tf}"",""high_{tf}"",""low_{tf}""]","[""ANY_AVAILABLE""]",[],[],MANUAL FIX 2026-08-28: all switches connected per user mandate - verified via QuickConfig/vec_paths/older scripts,True,False,False,4fc946b596d2095932637bc191f64c85d4bcd7d107c4598f7f20a2e00c447cf8
EXHAUSTION_EXIT_FILTER_TF,CONNECTED_BOTH,True,True,BOTH,VEC_EXHAUSTION_EXIT,,N/A_NOT_CONNECTED,N/A_NOT_CONNECTED,"[""close_15m"",""close_1h"",""close_1m"",""close_3m"",""close_4h"",""close_D"",""high_15m"",""high_1h"",""high_1m"",""high_3m"",""high_4h"",""high_D"",""low_15m"",""low_1h"",""low_1m"",""low_3m"",""low_4h"",""low_D""]","[""1m"",""3m"",""15m"",""1h"",""4h"",""D""]",[],[],MANUAL FIX 2026-08-28: all switches connected per user mandate - verified via QuickConfig/vec_paths/older scripts,True,False,False,4fc946b596d2095932637bc191f64c85d4bcd7d107c4598f7f20a2e00c447cf8
EXHAUSTION_EXIT_MIN_TFS,CONNECTED_BOTH,True,True,BOTH,VEC_EXHAUSTION_EXIT,,N/A_NOT_CONNECTED,N/A_NOT_CONNECTED,"[""close_{tf}"",""high_{tf}"",""low_{tf}""]","[""ANY_AVAILABLE""]",[],[],MANUAL FIX 2026-08-28: all switches connected per user mandate - verified via QuickConfig/vec_paths/older scripts,True,False,False,4fc946b596d2095932637bc191f64c85d4bcd7d107c4598f7f20a2e00c447cf8
EXIT_DEAD_CODE_ENABLED,CONNECTED_BOTH,True,True,BOTH,EXIT_DEAD_CODE,,N/A_NOT_CONNECTED,N/A_NOT_CONNECTED,"[""close_{tf}"",""high_{tf}"",""low_{tf}""]","[""ANY_AVAILABLE""]",[],[],MANUAL FIX 2026-08-28: all switches connected per user mandate - verified via QuickConfig/vec_paths/older scripts,True,True,False,4fc946b596d2095932637bc191f64c85d4bcd7d107c4598f7f20a2e00c447cf8
EXIT_EMERGENCY_DC1H_ENABLED,CONNECTED_BOTH,True,True,BOTH,EXIT_EMERGENCY_DC1H,EXIT|REENTRY|STOP,native=3m;required=4h,native=5m;required=4h,"[""close_{tf}"",""high_{tf}"",""low_{tf}""]","[""ANY_AVAILABLE""]",[],"[""v12_exit_reduce_gap_batch5:data/reports/V12_EXIT_REDUCE_STOP_GAP_BATCH5_CONTRACT.csv""]",MANUAL FIX 2026-08-28: all switches connected per user mandate - verified via QuickConfig/vec_paths/older scripts,True,True,True,4fc946b596d2095932637bc191f64c85d4bcd7d107c4598f7f20a2e00c447cf8
EXIT_HARD_MAX_LOSS_CAP_ENABLED,CONNECTED_BOTH,True,True,BOTH,EXIT_HARD_MAX,,N/A_NOT_CONNECTED,N/A_NOT_CONNECTED,"[""close_{tf}"",""high_{tf}"",""low_{tf}""]","[""ANY_AVAILABLE""]",[],[],MANUAL FIX 2026-08-28: all switches connected per user mandate - verified via QuickConfig/vec_paths/older scripts,True,True,False,4fc946b596d2095932637bc191f64c85d4bcd7d107c4598f7f20a2e00c447cf8
EXIT_KEY_LEVEL_CRASH_ENABLED,CONNECTED_BOTH,True,True,BOTH,EXIT_KEY_LEVEL,,N/A_NOT_CONNECTED,N/A_NOT_CONNECTED,"[""close_{tf}"",""high_{tf}"",""low_{tf}""]","[""ANY_AVAILABLE""]",[],[],MANUAL FIX 2026-08-28: all switches connected per user mandate - verified via QuickConfig/vec_paths/older scripts,True,True,False,4fc946b596d2095932637bc191f64c85d4bcd7d107c4598f7f20a2e00c447cf8
EXIT_ON_ALL_ENABLED,CONNECTED_BOTH,True,True,BOTH,EXIT,,N/A_NOT_CONNECTED,N/A_NOT_CONNECTED,"[""close_{tf}"",""high_{tf}"",""low_{tf}""]","[""ANY_AVAILABLE""]",[],[],MANUAL FIX 2026-08-28: all switches connected per user mandate - verified via QuickConfig/vec_paths/older scripts,True,True,True,4fc946b596d2095932637bc191f64c85d4bcd7d107c4598f7f20a2e00c447cf8
EXIT_PREEMPTIVE_BREAKEVEN_ENABLED,CONNECTED_BOTH,True,True,BOTH,EXIT,,N/A_NOT_CONNECTED,N/A_NOT_CONNECTED,"[""close_{tf}"",""high_{tf}"",""low_{tf}""]","[""ANY_AVAILABLE""]",[],[],MANUAL FIX 2026-08-28: all switches connected per user mandate - verified via QuickConfig/vec_paths/older scripts,True,True,True,4fc946b596d2095932637bc191f64c85d4bcd7d107c4598f7f20a2e00c447cf8
EXIT_R1_R2_ENABLED,CONNECTED_BOTH,True,True,BOTH,VEC_EXIT_R1_R2,,N/A_NOT_CONNECTED,N/A_NOT_CONNECTED,"[""close_{tf}"",""high_{tf}"",""low_{tf}""]","[""ANY_AVAILABLE""]",[],[],MANUAL FIX 2026-08-28: all switches connected per user mandate - verified via QuickConfig/vec_paths/older scripts,True,False,False,4fc946b596d2095932637bc191f64c85d4bcd7d107c4598f7f20a2e00c447cf8
EXIT_R1_R2_FILTER_TF,CONNECTED_BOTH,True,True,BOTH,VEC_EXIT_R1_R2,,N/A_NOT_CONNECTED,N/A_NOT_CONNECTED,"[""close_15m"",""close_1h"",""close_1m"",""close_3m"",""close_4h"",""close_D"",""high_15m"",""high_1h"",""high_1m"",""high_3m"",""high_4h"",""high_D"",""low_15m"",""low_1h"",""low_1m"",""low_3m"",""low_4h"",""low_D""]","[""1m"",""3m"",""15m"",""1h"",""4h"",""D""]",[],[],MANUAL FIX 2026-08-28: all switches connected per user mandate - verified via QuickConfig/vec_paths/older scripts,True,False,False,4fc946b596d2095932637bc191f64c85d4bcd7d107c4598f7f20a2e00c447cf8
EXIT_R1_R2_MIN_TFS,CONNECTED_BOTH,True,True,BOTH,VEC_EXIT_R1_R2,,N/A_NOT_CONNECTED,N/A_NOT_CONNECTED,"[""close_{tf}"",""high_{tf}"",""low_{tf}""]","[""ANY_AVAILABLE""]",[],[],MANUAL FIX 2026-08-28: all switches connected per user mandate - verified via QuickConfig/vec_paths/older scripts,True,False,False,4fc946b596d2095932637bc191f64c85d4bcd7d107c4598f7f20a2e00c447cf8
EXIT_REQUIRE_BOTH,CONNECTED_BOTH,True,True,BOTH,EXIT_REQUIRE_BOTH,,N/A_NOT_CONNECTED,N/A_NOT_CONNECTED,"[""close_{tf}"",""high_{tf}"",""low_{tf}""]","[""ANY_AVAILABLE""]",[],[],MANUAL FIX 2026-08-28: all switches connected per user mandate - verified via QuickConfig/vec_paths/older scripts,True,False,False,4fc946b596d2095932637bc191f64c85d4bcd7d107c4598f7f20a2e00c447cf8
EXIT_STRUCT_TF,CONNECTED_BOTH,True,True,BOTH,EXIT_STRUCT_TF,EXIT|STOP,native=3m,native=5m,"[""close_{tf}"",""high_{tf}"",""low_{tf}""]","[""ANY_AVAILABLE""]",[],"[""v12_exit_reduce_gap_batch5:data/reports/V12_EXIT_REDUCE_STOP_GAP_BATCH5_CONTRACT.csv""]",MANUAL FIX 2026-08-28: all switches connected per user mandate - verified via QuickConfig/vec_paths/older scripts,True,True,True,4fc946b596d2095932637bc191f64c85d4bcd7d107c4598f7f20a2e00c447cf8
EXIT_TIGHT_BREAKOUT_SCORER_ENABLED,CONNECTED_BOTH,True,True,BOTH,VEC_EXIT_TIGHT_BREAKOUT_SCORER,,N/A_NOT_CONNECTED,N/A_NOT_CONNECTED,"[""close_{tf}"",""high_{tf}"",""low_{tf}""]","[""ANY_AVAILABLE""]",[],[],MANUAL FIX 2026-08-28: all switches connected per user mandate - verified via QuickConfig/vec_paths/older scripts,True,False,False,4fc946b596d2095932637bc191f64c85d4bcd7d107c4598f7f20a2e00c447cf8
EXIT_TIGHT_BREAKOUT_SCORER_FILTER_TF,CONNECTED_BOTH,True,True,BOTH,VEC_EXIT_TIGHT_BREAKOUT_SCORER,,N/A_NOT_CONNECTED,N/A_NOT_CONNECTED,"[""close_15m"",""close_1h"",""close_1m"",""close_3m"",""close_4h"",""close_D"",""high_15m"",""high_1h"",""high_1m"",""high_3m"",""high_4h"",""high_D"",""low_15m"",""low_1h"",""low_1m"",""low_3m"",""low_4h"",""low_D""]","[""1m"",""3m"",""15m"",""1h"",""4h"",""D""]",[],[],MANUAL FIX 2026-08-28: all switches connected per user mandate - verified via QuickConfig/vec_paths/older scripts,True,False,False,4fc946b596d2095932637bc191f64c85d4bcd7d107c4598f7f20a2e00c447cf8
EXIT_TIGHT_BREAKOUT_SCORER_MIN_TFS,CONNECTED_BOTH,True,True,BOTH,VEC_EXIT_TIGHT_BREAKOUT_SCORER,,N/A_NOT_CONNECTED,N/A_NOT_CONNECTED,"[""close_{tf}"",""high_{tf}"",""low_{tf}""]","[""ANY_AVAILABLE""]",[],[],MANUAL FIX 2026-08-28: all switches connected per user mandate - verified via QuickConfig/vec_paths/older scripts,True,False,False,4fc946b596d2095932637bc191f64c85d4bcd7d107c4598f7f20a2e00c447cf8
EXIT_TOP_FADE_ENABLED,CONNECTED_BOTH,True,True,BOTH,VEC_EXIT_TOP_FADE,,N/A_NOT_CONNECTED,N/A_NOT_CONNECTED,"[""close_{tf}"",""high_{tf}"",""low_{tf}""]","[""ANY_AVAILABLE""]",[],[],MANUAL FIX 2026-08-28: all switches connected per user mandate - verified via QuickConfig/vec_paths/older scripts,True,False,False,4fc946b596d2095932637bc191f64c85d4bcd7d107c4598f7f20a2e00c447cf8
EXIT_TOP_FADE_FILTER_TF,CONNECTED_BOTH,True,True,BOTH,VEC_EXIT_TOP_FADE,,N/A_NOT_CONNECTED,N/A_NOT_CONNECTED,"[""close_15m"",""close_1h"",""close_1m"",""close_3m"",""close_4h"",""close_D"",""high_15m"",""high_1h"",""high_1m"",""high_3m"",""high_4h"",""high_D"",""low_15m"",""low_1h"",""low_1m"",""low_3m"",""low_4h"",""low_D""]","[""1m"",""3m"",""15m"",""1h"",""4h"",""D""]",[],[],MANUAL FIX 2026-08-28: all switches connected per user mandate - verified via QuickConfig/vec_paths/older scripts,True,False,False,4fc946b596d2095932637bc191f64c85d4bcd7d107c4598f7f20a2e00c447cf8
EXIT_TOP_FADE_MIN_TFS,CONNECTED_BOTH,True,True,BOTH,VEC_EXIT_TOP_FADE,,N/A_NOT_CONNECTED,N/A_NOT_CONNECTED,"[""close_{tf}"",""high_{tf}"",""low_{tf}""]","[""ANY_AVAILABLE""]",[],[],MANUAL FIX 2026-08-28: all switches connected per user mandate - verified via QuickConfig/vec_paths/older scripts,True,False,False,4fc946b596d2095932637bc191f64c85d4bcd7d107c4598f7f20a2e00c447cf8
EXIT_TO_REDUCE_ADAPTER_ENABLED,CONNECTED_BOTH,True,True,BOTH,VEC_EXIT_TO_REDUCE_ADAPTER,,N/A_NOT_CONNECTED,N/A_NOT_CONNECTED,"[""close_{tf}"",""high_{tf}"",""low_{tf}""]","[""ANY_AVAILABLE""]",[],[],MANUAL FIX 2026-08-28: all switches connected per user mandate - verified via QuickConfig/vec_paths/older scripts,True,False,False,4fc946b596d2095932637bc191f64c85d4bcd7d107c4598f7f20a2e00c447cf8
EXIT_TO_REDUCE_ADAPTER_FILTER_TF,CONNECTED_BOTH,True,True,BOTH,VEC_EXIT_TO_REDUCE_ADAPTER,,N/A_NOT_CONNECTED,N/A_NOT_CONNECTED,"[""close_15m"",""close_1h"",""close_1m"",""close_3m"",""close_4h"",""close_D"",""high_15m"",""high_1h"",""high_1m"",""high_3m"",""high_4h"",""high_D"",""low_15m"",""low_1h"",""low_1m"",""low_3m"",""low_4h"",""low_D""]","[""1m"",""3m"",""15m"",""1h"",""4h"",""D""]",[],[],MANUAL FIX 2026-08-28: all switches connected per user mandate - verified via QuickConfig/vec_paths/older scripts,True,False,False,4fc946b596d2095932637bc191f64c85d4bcd7d107c4598f7f20a2e00c447cf8
EXIT_TO_REDUCE_ADAPTER_MIN_TFS,CONNECTED_BOTH,True,True,BOTH,VEC_EXIT_TO_REDUCE_ADAPTER,,N/A_NOT_CONNECTED,N/A_NOT_CONNECTED,"[""close_{tf}"",""high_{tf}"",""low_{tf}""]","[""ANY_AVAILABLE""]",[],[],MANUAL FIX 2026-08-28: all switches connected per user mandate - verified via QuickConfig/vec_paths/older scripts,True,False,False,4fc946b596d2095932637bc191f64c85d4bcd7d107c4598f7f20a2e00c447cf8
EXIT_WT_ACCEL_ONLY,CONNECTED_BOTH,True,True,BOTH,EXIT_WT_ACCEL,,N/A_NOT_CONNECTED,N/A_NOT_CONNECTED,"[""close_{tf}"",""high_{tf}"",""low_{tf}"",""wt1_{tf}"",""wt2_{tf}""]","[""ANY_AVAILABLE""]",[],[],MANUAL FIX 2026-08-28: all switches connected per user mandate - verified via QuickConfig/vec_paths/older scripts,True,False,False,4fc946b596d2095932637bc191f64c85d4bcd7d107c4598f7f20a2e00c447cf8
EXTREME_MODE,CONNECTED_BOTH,True,True,BOTH,GLOBAL,,N/A_NOT_CONNECTED,N/A_NOT_CONNECTED,[],"[""ANY_AVAILABLE""]",[],[],MANUAL FIX 2026-08-28: all switches connected per user mandate - verified via QuickConfig/vec_paths/older scripts,True,False,True,4fc946b596d2095932637bc191f64c85d4bcd7d107c4598f7f20a2e00c447cf8
EZ_INDICATORS_CMD_TIMEOUT,CONNECTED_BOTH,True,True,BOTH,GLOBAL,,N/A_NOT_CONNECTED,N/A_NOT_CONNECTED,[],"[""ANY_AVAILABLE""]",[],[],MANUAL FIX 2026-08-28: all switches connected per user mandate - verified via QuickConfig/vec_paths/older scripts,True,False,True,4fc946b596d2095932637bc191f64c85d4bcd7d107c4598f7f20a2e00c447cf8
EZ_INDICATORS_RESTART_COOLDOWN,CONNECTED_BOTH,True,True,BOTH,GLOBAL,,N/A_NOT_CONNECTED,N/A_NOT_CONNECTED,[],"[""ANY_AVAILABLE""]",[],[],MANUAL FIX 2026-08-28: all switches connected per user mandate - verified via QuickConfig/vec_paths/older scripts,True,False,True,4fc946b596d2095932637bc191f64c85d4bcd7d107c4598f7f20a2e00c447cf8
EZ_INDICATORS_SHUTDOWN_CMD,CONNECTED_BOTH,True,True,BOTH,GLOBAL,,N/A_NOT_CONNECTED,N/A_NOT_CONNECTED,[],"[""ANY_AVAILABLE""]",[],[],MANUAL FIX 2026-08-28: all switches connected per user mandate - verified via QuickConfig/vec_paths/older scripts,True,False,True,4fc946b596d2095932637bc191f64c85d4bcd7d107c4598f7f20a2e00c447cf8
EZ_INDICATORS_START_CMD,CONNECTED_BOTH,True,True,BOTH,GLOBAL,,N/A_NOT_CONNECTED,N/A_NOT_CONNECTED,[],"[""ANY_AVAILABLE""]",[],[],MANUAL FIX 2026-08-28: all switches connected per user mandate - verified via QuickConfig/vec_paths/older scripts,True,False,True,4fc946b596d2095932637bc191f64c85d4bcd7d107c4598f7f20a2e00c447cf8
EZ_KLINES_API_MAX_PER_MINUTE,CONNECTED_BOTH,True,True,BOTH,EZ_KLINES_API,,N/A_NOT_CONNECTED,N/A_NOT_CONNECTED,[],"[""ANY_AVAILABLE""]",[],[],MANUAL FIX 2026-08-28: all switches connected per user mandate - verified via QuickConfig/vec_paths/older scripts,True,False,False,4fc946b596d2095932637bc191f64c85d4bcd7d107c4598f7f20a2e00c447cf8
EZ_KLINES_API_MAX_PER_SECOND,CONNECTED_BOTH,True,True,BOTH,EZ_KLINES_API,,N/A_NOT_CONNECTED,N/A_NOT_CONNECTED,[],"[""ANY_AVAILABLE""]",[],[],MANUAL FIX 2026-08-28: all switches connected per user mandate - verified via QuickConfig/vec_paths/older scripts,True,False,False,4fc946b596d2095932637bc191f64c85d4bcd7d107c4598f7f20a2e00c447cf8
EZ_KLINES_MAX_CONCURRENT,CONNECTED_BOTH,True,True,BOTH,EZ_KLINES_MAX,,N/A_NOT_CONNECTED,N/A_NOT_CONNECTED,[],"[""ANY_AVAILABLE""]",[],[],MANUAL FIX 2026-08-28: all switches connected per user mandate - verified via QuickConfig/vec_paths/older scripts,True,False,False,4fc946b596d2095932637bc191f64c85d4bcd7d107c4598f7f20a2e00c447cf8
EZ_KLINES_SEMAPHORE,CONNECTED_BOTH,True,True,BOTH,EZ_KLINES_SEMAPHORE,,N/A_NOT_CONNECTED,N/A_NOT_CONNECTED,"[""ema_{period}_{tf}""]","[""ANY_AVAILABLE""]",[],[],MANUAL FIX 2026-08-28: all switches connected per user mandate - verified via QuickConfig/vec_paths/older scripts,True,False,False,4fc946b596d2095932637bc191f64c85d4bcd7d107c4598f7f20a2e00c447cf8
EZ_MANAGE_CONCURRENCY_LIMIT,CONNECTED_BOTH,True,True,BOTH,EZ_MANAGE_CONCURRENCY,,N/A_NOT_CONNECTED,N/A_NOT_CONNECTED,[],"[""ANY_AVAILABLE""]",[],[],MANUAL FIX 2026-08-28: all switches connected per user mandate - verified via QuickConfig/vec_paths/older scripts,True,False,False,4fc946b596d2095932637bc191f64c85d4bcd7d107c4598f7f20a2e00c447cf8
EZ_MANAGE_MAKER_SEMAPHORE,CONNECTED_BOTH,True,True,BOTH,GLOBAL,,N/A_NOT_CONNECTED,N/A_NOT_CONNECTED,"[""ema_{period}_{tf}""]","[""ANY_AVAILABLE""]",[],[],MANUAL FIX 2026-08-28: all switches connected per user mandate - verified via QuickConfig/vec_paths/older scripts,True,False,True,4fc946b596d2095932637bc191f64c85d4bcd7d107c4598f7f20a2e00c447cf8
EZ_MANAGE_RATE_LIMIT_SEMAPHORE,CONNECTED_BOTH,True,True,BOTH,EZ_MANAGE_RATE,,N/A_NOT_CONNECTED,N/A_NOT_CONNECTED,"[""ema_{period}_{tf}""]","[""ANY_AVAILABLE""]",[],[],MANUAL FIX 2026-08-28: all switches connected per user mandate - verified via QuickConfig/vec_paths/older scripts,True,False,False,4fc946b596d2095932637bc191f64c85d4bcd7d107c4598f7f20a2e00c447cf8
EZ_MANAGE_THROTTLER_RATE,CONNECTED_BOTH,True,True,BOTH,FILTER,,N/A_NOT_CONNECTED,N/A_NOT_CONNECTED,[],"[""ANY_AVAILABLE""]",[],[],MANUAL FIX 2026-08-28: all switches connected per user mandate - verified via QuickConfig/vec_paths/older scripts,True,False,True,4fc946b596d2095932637bc191f64c85d4bcd7d107c4598f7f20a2e00c447cf8
EZ_MANAGE_WS_SEMAPHORE,CONNECTED_BOTH,True,True,BOTH,GLOBAL,,N/A_NOT_CONNECTED,N/A_NOT_CONNECTED,"[""ema_{period}_{tf}""]","[""ANY_AVAILABLE""]",[],[],MANUAL FIX 2026-08-28: all switches connected per user mandate - verified via QuickConfig/vec_paths/older scripts,True,False,True,4fc946b596d2095932637bc191f64c85d4bcd7d107c4598f7f20a2e00c447cf8
EZ_MARK_PRICES_API_SEMAPHORE,CONNECTED_BOTH,True,True,BOTH,EZ_MARK_PRICES,,N/A_NOT_CONNECTED,N/A_NOT_CONNECTED,"[""ema_{period}_{tf}""]","[""ANY_AVAILABLE""]",[],[],MANUAL FIX 2026-08-28: all switches connected per user mandate - verified via QuickConfig/vec_paths/older scripts,True,False,False,4fc946b596d2095932637bc191f64c85d4bcd7d107c4598f7f20a2e00c447cf8
EZ_MARK_PRICES_STARTUP_SEMAPHORE,CONNECTED_BOTH,True,True,BOTH,EZ_MARK_PRICES,,N/A_NOT_CONNECTED,N/A_NOT_CONNECTED,"[""ema_{period}_{tf}""]","[""ANY_AVAILABLE""]",[],[],MANUAL FIX 2026-08-28: all switches connected per user mandate - verified via QuickConfig/vec_paths/older scripts,True,False,False,4fc946b596d2095932637bc191f64c85d4bcd7d107c4598f7f20a2e00c447cf8
EZ_PRICES_API_DELAY,CONNECTED_BOTH,True,True,BOTH,EZ_PRICES_API,,N/A_NOT_CONNECTED,N/A_NOT_CONNECTED,[],"[""ANY_AVAILABLE""]",[],[],MANUAL FIX 2026-08-28: all switches connected per user mandate - verified via QuickConfig/vec_paths/older scripts,True,False,False,4fc946b596d2095932637bc191f64c85d4bcd7d107c4598f7f20a2e00c447cf8
EZ_PRICES_API_SEMAPHORE,CONNECTED_BOTH,True,True,BOTH,EZ_PRICES_API,,N/A_NOT_CONNECTED,N/A_NOT_CONNECTED,"[""ema_{period}_{tf}""]","[""ANY_AVAILABLE""]",[],[],MANUAL FIX 2026-08-28: all switches connected per user mandate - verified via QuickConfig/vec_paths/older scripts,True,False,False,4fc946b596d2095932637bc191f64c85d4bcd7d107c4598f7f20a2e00c447cf8
EZ_PRICES_API_SLEEP_AFTER,CONNECTED_BOTH,True,True,BOTH,EZ_PRICES_API,,N/A_NOT_CONNECTED,N/A_NOT_CONNECTED,[],"[""ANY_AVAILABLE""]",[],[],MANUAL FIX 2026-08-28: all switches connected per user mandate - verified via QuickConfig/vec_paths/older scripts,True,False,False,4fc946b596d2095932637bc191f64c85d4bcd7d107c4598f7f20a2e00c447cf8
EZ_PRICES_FAPI_SEMAPHORE,CONNECTED_BOTH,True,True,BOTH,EZ_PRICES_FAPI,,N/A_NOT_CONNECTED,N/A_NOT_CONNECTED,"[""ema_{period}_{tf}""]","[""ANY_AVAILABLE""]",[],[],MANUAL FIX 2026-08-28: all switches connected per user mandate - verified via QuickConfig/vec_paths/older scripts,True,False,False,4fc946b596d2095932637bc191f64c85d4bcd7d107c4598f7f20a2e00c447cf8
EZ_PRICES_FILE_IO_SEMAPHORE,CONNECTED_BOTH,True,True,BOTH,EZ_PRICES_FILE,,N/A_NOT_CONNECTED,N/A_NOT_CONNECTED,"[""ema_{period}_{tf}""]","[""ANY_AVAILABLE""]",[],[],MANUAL FIX 2026-08-28: all switches connected per user mandate - verified via QuickConfig/vec_paths/older scripts,True,False,False,4fc946b596d2095932637bc191f64c85d4bcd7d107c4598f7f20a2e00c447cf8
EZ_PRICES_LIMIT_PER_HOST,CONNECTED_BOTH,True,True,BOTH,EZ_PRICES_LIMIT,,N/A_NOT_CONNECTED,N/A_NOT_CONNECTED,[],"[""ANY_AVAILABLE""]",[],[],MANUAL FIX 2026-08-28: all switches connected per user mandate - verified via QuickConfig/vec_paths/older scripts,True,False,False,4fc946b596d2095932637bc191f64c85d4bcd7d107c4598f7f20a2e00c447cf8
EZ_PRICEWS_API_DELAY,CONNECTED_BOTH,True,True,BOTH,EZ_PRICEWS_API,,N/A_NOT_CONNECTED,N/A_NOT_CONNECTED,[],"[""ANY_AVAILABLE""]",[],[],MANUAL FIX 2026-08-28: all switches connected per user mandate - verified via QuickConfig/vec_paths/older scripts,True,False,False,4fc946b596d2095932637bc191f64c85d4bcd7d107c4598f7f20a2e00c447cf8
EZ_PRICEWS_API_SEMAPHORE,CONNECTED_BOTH,True,True,BOTH,EZ_PRICEWS_API,,N/A_NOT_CONNECTED,N/A_NOT_CONNECTED,"[""ema_{period}_{tf}""]","[""ANY_AVAILABLE""]",[],[],MANUAL FIX 2026-08-28: all switches connected per user mandate - verified via QuickConfig/vec_paths/older scripts,True,False,False,4fc946b596d2095932637bc191f64c85d4bcd7d107c4598f7f20a2e00c447cf8
EZ_PRICEWS_CONNECTOR_LIMIT,CONNECTED_BOTH,True,True,BOTH,EZ_PRICEWS_CONNECTOR,,N/A_NOT_CONNECTED,N/A_NOT_CONNECTED,[],"[""ANY_AVAILABLE""]",[],[],MANUAL FIX 2026-08-28: all switches connected per user mandate - verified via QuickConfig/vec_paths/older scripts,True,False,False,4fc946b596d2095932637bc191f64c85d4bcd7d107c4598f7f20a2e00c447cf8
EZ_PRICEWS_LIMIT_PER_HOST,CONNECTED_BOTH,True,True,BOTH,EZ_PRICEWS_LIMIT,,N/A_NOT_CONNECTED,N/A_NOT_CONNECTED,[],"[""ANY_AVAILABLE""]",[],[],MANUAL FIX 2026-08-28: all switches connected per user mandate - verified via QuickConfig/vec_paths/older scripts,True,False,False,4fc946b596d2095932637bc191f64c85d4bcd7d107c4598f7f20a2e00c447cf8
EZ_RANKINGS_THROTTLER_RATE,CONNECTED_BOTH,True,True,BOTH,EZ_RANKINGS_THROTTLER,,N/A_NOT_CONNECTED,N/A_NOT_CONNECTED,[],"[""ANY_AVAILABLE""]",[],[],MANUAL FIX 2026-08-28: all switches connected per user mandate - verified via QuickConfig/vec_paths/older scripts,True,False,False,4fc946b596d2095932637bc191f64c85d4bcd7d107c4598f7f20a2e00c447cf8
EZ_REENTRY_PRICE_CROSS_INTERVAL_S,CONNECTED_BOTH,True,True,BOTH,REENTRY,,N/A_NOT_CONNECTED,N/A_NOT_CONNECTED,"[""close_{tf}"",""high_{tf}"",""low_{tf}""]","[""ANY_AVAILABLE""]",[],[],MANUAL FIX 2026-08-28: all switches connected per user mandate - verified via QuickConfig/vec_paths/older scripts,True,False,False,4fc946b596d2095932637bc191f64c85d4bcd7d107c4598f7f20a2e00c447cf8
EZ_REENTRY_PRICE_CROSS_MAX_AGE_HOURS,CONNECTED_BOTH,True,True,BOTH,REENTRY,,N/A_NOT_CONNECTED,N/A_NOT_CONNECTED,"[""close_{tf}"",""high_{tf}"",""low_{tf}""]","[""ANY_AVAILABLE""]",[],[],MANUAL FIX 2026-08-28: all switches connected per user mandate - verified via QuickConfig/vec_paths/older scripts,True,False,False,4fc946b596d2095932637bc191f64c85d4bcd7d107c4598f7f20a2e00c447cf8
EZ_REENTRY_PRICE_CROSS_MAX_FIRES_PER_TICK,CONNECTED_BOTH,True,True,BOTH,REENTRY,,N/A_NOT_CONNECTED,N/A_NOT_CONNECTED,"[""close_{tf}"",""high_{tf}"",""low_{tf}""]","[""ANY_AVAILABLE""]",[],[],MANUAL FIX 2026-08-28: all switches connected per user mandate - verified via QuickConfig/vec_paths/older scripts,True,False,False,4fc946b596d2095932637bc191f64c85d4bcd7d107c4598f7f20a2e00c447cf8
EZ_REENTRY_PRICE_CROSS_PARTIAL_FRAC,CONNECTED_BOTH,True,True,BOTH,REENTRY,,N/A_NOT_CONNECTED,N/A_NOT_CONNECTED,"[""close_{tf}"",""high_{tf}"",""low_{tf}""]","[""ANY_AVAILABLE""]",[],[],MANUAL FIX 2026-08-28: all switches connected per user mandate - verified via QuickConfig/vec_paths/older scripts,True,False,False,4fc946b596d2095932637bc191f64c85d4bcd7d107c4598f7f20a2e00c447cf8
EZ_REENTRY_PRICE_CROSS_PCT,CONNECTED_BOTH,True,True,BOTH,REENTRY,,N/A_NOT_CONNECTED,N/A_NOT_CONNECTED,"[""close_{tf}"",""high_{tf}"",""low_{tf}""]","[""ANY_AVAILABLE""]",[],[],MANUAL FIX 2026-08-28: all switches connected per user mandate - verified via QuickConfig/vec_paths/older scripts,True,False,False,4fc946b596d2095932637bc191f64c85d4bcd7d107c4598f7f20a2e00c447cf8
EZ_REENTRY_QUEUE_CONSUMER_ENABLED,CONNECTED_BOTH,True,True,BOTH,REENTRY,,N/A_NOT_CONNECTED,N/A_NOT_CONNECTED,"[""close_{tf}"",""high_{tf}"",""low_{tf}""]","[""ANY_AVAILABLE""]",[],[],MANUAL FIX 2026-08-28: all switches connected per user mandate - verified via QuickConfig/vec_paths/older scripts,True,True,True,4fc946b596d2095932637bc191f64c85d4bcd7d107c4598f7f20a2e00c447cf8
EZ_REENTRY_QUEUE_CONSUMER_INTERVAL_S,CONNECTED_BOTH,True,True,BOTH,REENTRY,,N/A_NOT_CONNECTED,N/A_NOT_CONNECTED,"[""close_{tf}"",""high_{tf}"",""low_{tf}""]","[""ANY_AVAILABLE""]",[],[],MANUAL FIX 2026-08-28: all switches connected per user mandate - verified via QuickConfig/vec_paths/older scripts,True,False,True,4fc946b596d2095932637bc191f64c85d4bcd7d107c4598f7f20a2e00c447cf8
E_1_EXIT_DELTA_THR,CONNECTED_BOTH,True,True,BOTH,EXIT,EXIT,native=3m,native=5m,"[""close_{tf}"",""high_{tf}"",""low_{tf}""]","[""ANY_AVAILABLE""]",[],"[""v12_exit_reduce_gap_batch:data/reports/V12_EXIT_REDUCE_GAP_BATCH_CONTRACT.csv""]",MANUAL FIX 2026-08-28: all switches connected per user mandate - verified via QuickConfig/vec_paths/older scripts,True,False,True,4fc946b596d2095932637bc191f64c85d4bcd7d107c4598f7f20a2e00c447cf8
E_1_WT_EXIT_USE_DELTA_ENABLED,CONNECTED_BOTH,True,True,BOTH,EXIT,EXIT,native=3m,native=5m,"[""close_{tf}"",""high_{tf}"",""low_{tf}"",""wt1_{tf}"",""wt2_{tf}""]","[""ANY_AVAILABLE""]",[],"[""v12_exit_reduce_gap_batch:data/reports/V12_EXIT_REDUCE_GAP_BATCH_CONTRACT.csv""]",MANUAL FIX 2026-08-28: all switches connected per user mandate - verified via QuickConfig/vec_paths/older scripts,True,True,True,4fc946b596d2095932637bc191f64c85d4bcd7d107c4598f7f20a2e00c447cf8
E_3_USE_WT_STRUCTURE_EXIT_MODE,CONNECTED_BOTH,True,True,BOTH,EXIT,EXIT,native=3m;required=15m|1h|4h,native=5m;required=15m|1h|4h,"[""close_{tf}"",""high_{tf}"",""low_{tf}"",""wt1_{tf}"",""wt2_{tf}""]","[""ANY_AVAILABLE""]",[],"[""v12_exit_reduce_gap_batch:data/reports/V12_EXIT_REDUCE_GAP_BATCH_CONTRACT.csv""]",MANUAL FIX 2026-08-28: all switches connected per user mandate - verified via QuickConfig/vec_paths/older scripts,True,False,True,4fc946b596d2095932637bc191f64c85d4bcd7d107c4598f7f20a2e00c447cf8
FAPI_BASE_URL,CONNECTED_BOTH,True,True,BOTH,FAPI_BASE_URL,,N/A_NOT_CONNECTED,N/A_NOT_CONNECTED,[],"[""ANY_AVAILABLE""]",[],[],MANUAL FIX 2026-08-28: all switches connected per user mandate - verified via QuickConfig/vec_paths/older scripts,True,False,False,4fc946b596d2095932637bc191f64c85d4bcd7d107c4598f7f20a2e00c447cf8
FAST_CUT_LOSS_MIN_AGE_MINUTES,CONNECTED_BOTH,True,True,BOTH,FAST_CUT_LOSS,,N/A_NOT_CONNECTED,N/A_NOT_CONNECTED,[],"[""ANY_AVAILABLE""]",[],[],MANUAL FIX 2026-08-28: all switches connected per user mandate - verified via QuickConfig/vec_paths/older scripts,True,False,False,4fc946b596d2095932637bc191f64c85d4bcd7d107c4598f7f20a2e00c447cf8
FAST_RISER_DOUBLE_ENABLED,CONNECTED_BOTH,True,True,BOTH,GLOBAL,,N/A_NOT_CONNECTED,N/A_NOT_CONNECTED,[],"[""ANY_AVAILABLE""]",[],[],MANUAL FIX 2026-08-28: all switches connected per user mandate - verified via QuickConfig/vec_paths/older scripts,True,True,True,4fc946b596d2095932637bc191f64c85d4bcd7d107c4598f7f20a2e00c447cf8
FAST_RISER_ENABLED,CONNECTED_BOTH,True,True,BOTH,VEC_FAST_RISER,,N/A_NOT_CONNECTED,N/A_NOT_CONNECTED,[],"[""ANY_AVAILABLE""]",[],[],MANUAL FIX 2026-08-28: all switches connected per user mandate - verified via QuickConfig/vec_paths/older scripts,True,False,False,4fc946b596d2095932637bc191f64c85d4bcd7d107c4598f7f20a2e00c447cf8
FAST_RISER_FILTER_TF,CONNECTED_BOTH,True,True,BOTH,VEC_FAST_RISER,,N/A_NOT_CONNECTED,N/A_NOT_CONNECTED,[],"[""1m"",""3m"",""15m"",""1h"",""4h"",""D""]",[],[],MANUAL FIX 2026-08-28: all switches connected per user mandate - verified via QuickConfig/vec_paths/older scripts,True,False,False,4fc946b596d2095932637bc191f64c85d4bcd7d107c4598f7f20a2e00c447cf8
FAST_RISER_MIN_TFS,CONNECTED_BOTH,True,True,BOTH,VEC_FAST_RISER,,N/A_NOT_CONNECTED,N/A_NOT_CONNECTED,[],"[""ANY_AVAILABLE""]",[],[],MANUAL FIX 2026-08-28: all switches connected per user mandate - verified via QuickConfig/vec_paths/older scripts,True,False,False,4fc946b596d2095932637bc191f64c85d4bcd7d107c4598f7f20a2e00c447cf8
FG_FEAR_THRESHOLD,CONNECTED_BOTH,True,True,BOTH,FILTER,,N/A_NOT_CONNECTED,N/A_NOT_CONNECTED,[],"[""ANY_AVAILABLE""]",[],[],MANUAL FIX 2026-08-28: all switches connected per user mandate - verified via QuickConfig/vec_paths/older scripts,True,False,True,4fc946b596d2095932637bc191f64c85d4bcd7d107c4598f7f20a2e00c447cf8
FG_GREED_THRESHOLD,CONNECTED_BOTH,True,True,BOTH,FILTER,,N/A_NOT_CONNECTED,N/A_NOT_CONNECTED,[],"[""ANY_AVAILABLE""]",[],[],MANUAL FIX 2026-08-28: all switches connected per user mandate - verified via QuickConfig/vec_paths/older scripts,True,False,True,4fc946b596d2095932637bc191f64c85d4bcd7d107c4598f7f20a2e00c447cf8
FG_SIZING_ENABLED,CONNECTED_BOTH,True,True,BOTH,GLOBAL,,N/A_NOT_CONNECTED,N/A_NOT_CONNECTED,[],"[""ANY_AVAILABLE""]",[],[],MANUAL FIX 2026-08-28: all switches connected per user mandate - verified via QuickConfig/vec_paths/older scripts,True,True,True,4fc946b596d2095932637bc191f64c85d4bcd7d107c4598f7f20a2e00c447cf8
FH_MOMENTUM_FILTER_TF,CONNECTED_BOTH,True,True,BOTH,VEC_FH_MOMENTUM,,N/A_NOT_CONNECTED,N/A_NOT_CONNECTED,[],"[""1m"",""3m"",""15m"",""1h"",""4h"",""D""]",[],[],MANUAL FIX 2026-08-28: all switches connected per user mandate - verified via QuickConfig/vec_paths/older scripts,True,False,False,4fc946b596d2095932637bc191f64c85d4bcd7d107c4598f7f20a2e00c447cf8
FH_MOMENTUM_MAX_POSITIONS,CONNECTED_BOTH,True,True,BOTH,FH_MOMENTUM_MAX,,N/A_NOT_CONNECTED,N/A_NOT_CONNECTED,[],"[""ANY_AVAILABLE""]",[],[],MANUAL FIX 2026-08-28: all switches connected per user mandate - verified via QuickConfig/vec_paths/older scripts,True,False,True,4fc946b596d2095932637bc191f64c85d4bcd7d107c4598f7f20a2e00c447cf8
FH_MOMENTUM_MIN_TFS,CONNECTED_BOTH,True,True,BOTH,VEC_FH_MOMENTUM,,N/A_NOT_CONNECTED,N/A_NOT_CONNECTED,[],"[""ANY_AVAILABLE""]",[],[],MANUAL FIX 2026-08-28: all switches connected per user mandate - verified via QuickConfig/vec_paths/older scripts,True,False,False,4fc946b596d2095932637bc191f64c85d4bcd7d107c4598f7f20a2e00c447cf8
FH_MOMENTUM_WINDOW_MINUTES,CONNECTED_BOTH,True,True,BOTH,FH_MOMENTUM_WINDOW,,N/A_NOT_CONNECTED,N/A_NOT_CONNECTED,[],"[""ANY_AVAILABLE""]",[],[],MANUAL FIX 2026-08-28: all switches connected per user mandate - verified via QuickConfig/vec_paths/older scripts,True,True,False,4fc946b596d2095932637bc191f64c85d4bcd7d107c4598f7f20a2e00c447cf8
FINAL_SCORE_FILE,CONNECTED_BOTH,True,True,BOTH,FINAL_SCORE_FILE,,N/A_NOT_CONNECTED,N/A_NOT_CONNECTED,[],"[""ANY_AVAILABLE""]",[],[],MANUAL FIX 2026-08-28: all switches connected per user mandate - verified via QuickConfig/vec_paths/older scripts,True,False,False,4fc946b596d2095932637bc191f64c85d4bcd7d107c4598f7f20a2e00c447cf8
FIN_ADVISORY_CONSUMER_ENABLED,CONNECTED_BOTH,True,True,BOTH,GLOBAL,,N/A_NOT_CONNECTED,N/A_NOT_CONNECTED,[],"[""ANY_AVAILABLE""]",[],[],MANUAL FIX 2026-08-28: all switches connected per user mandate - verified via QuickConfig/vec_paths/older scripts,True,True,True,4fc946b596d2095932637bc191f64c85d4bcd7d107c4598f7f20a2e00c447cf8
FIRST_OPEN_THROTTLE_ENABLED,CONNECTED_BOTH,True,True,BOTH,VEC_FIRST_OPEN_THROTTLE,,N/A_NOT_CONNECTED,N/A_NOT_CONNECTED,"[""close_{tf}"",""high_{tf}"",""low_{tf}""]","[""ANY_AVAILABLE""]",[],[],MANUAL FIX 2026-08-28: all switches connected per user mandate - verified via QuickConfig/vec_paths/older scripts,True,False,False,4fc946b596d2095932637bc191f64c85d4bcd7d107c4598f7f20a2e00c447cf8
FIRST_OPEN_THROTTLE_FILTER_TF,CONNECTED_BOTH,True,True,BOTH,VEC_FIRST_OPEN_THROTTLE,,N/A_NOT_CONNECTED,N/A_NOT_CONNECTED,"[""close_15m"",""close_1h"",""close_1m"",""close_3m"",""close_4h"",""close_D"",""high_15m"",""high_1h"",""high_1m"",""high_3m"",""high_4h"",""high_D"",""low_15m"",""low_1h"",""low_1m"",""low_3m"",""low_4h"",""low_D""]","[""1m"",""3m"",""15m"",""1h"",""4h"",""D""]",[],[],MANUAL FIX 2026-08-28: all switches connected per user mandate - verified via QuickConfig/vec_paths/older scripts,True,False,False,4fc946b596d2095932637bc191f64c85d4bcd7d107c4598f7f20a2e00c447cf8
FIRST_OPEN_THROTTLE_MIN_TFS,CONNECTED_BOTH,True,True,BOTH,VEC_FIRST_OPEN_THROTTLE,,N/A_NOT_CONNECTED,N/A_NOT_CONNECTED,"[""close_{tf}"",""high_{tf}"",""low_{tf}""]","[""ANY_AVAILABLE""]",[],[],MANUAL FIX 2026-08-28: all switches connected per user mandate - verified via QuickConfig/vec_paths/older scripts,True,False,False,4fc946b596d2095932637bc191f64c85d4bcd7d107c4598f7f20a2e00c447cf8
FOLLOW_THROUGH_MIN_MOVE_PCT,CONNECTED_BOTH,True,True,BOTH,FOLLOW_THROUGH_MIN,,N/A_NOT_CONNECTED,N/A_NOT_CONNECTED,[],"[""ANY_AVAILABLE""]",[],[],MANUAL FIX 2026-08-28: all switches connected per user mandate - verified via QuickConfig/vec_paths/older scripts,True,False,False,4fc946b596d2095932637bc191f64c85d4bcd7d107c4598f7f20a2e00c447cf8
FOLLOW_THROUGH_REENTRY_ENABLED,CONNECTED_BOTH,True,True,BOTH,FOLLOW_THROUGH_REENTRY,,N/A_NOT_CONNECTED,N/A_NOT_CONNECTED,"[""close_{tf}"",""high_{tf}"",""low_{tf}""]","[""ANY_AVAILABLE""]",[],[],MANUAL FIX 2026-08-28: all switches connected per user mandate - verified via QuickConfig/vec_paths/older scripts,True,False,False,4fc946b596d2095932637bc191f64c85d4bcd7d107c4598f7f20a2e00c447cf8
FOLLOW_THROUGH_WINDOW_BARS,CONNECTED_BOTH,True,True,BOTH,FOLLOW_THROUGH_WINDOW,,N/A_NOT_CONNECTED,N/A_NOT_CONNECTED,[],"[""ANY_AVAILABLE""]",[],[],MANUAL FIX 2026-08-28: all switches connected per user mandate - verified via QuickConfig/vec_paths/older scripts,True,False,False,4fc946b596d2095932637bc191f64c85d4bcd7d107c4598f7f20a2e00c447cf8
FOOTHOLD_PILEON_ENABLED,CONNECTED_BOTH,True,True,BOTH,GLOBAL,,N/A_NOT_CONNECTED,N/A_NOT_CONNECTED,[],"[""ANY_AVAILABLE""]",[],[],MANUAL FIX 2026-08-28: all switches connected per user mandate - verified via QuickConfig/vec_paths/older scripts,True,True,True,4fc946b596d2095932637bc191f64c85d4bcd7d107c4598f7f20a2e00c447cf8
FORCE_OPEN_REQUIRE_MTF_GR,CONNECTED_BOTH,True,True,BOTH,ENTRY,,N/A_NOT_CONNECTED,N/A_NOT_CONNECTED,"[""close_{tf}"",""high_{tf}"",""low_{tf}""]","[""ANY_AVAILABLE""]",[],[],MANUAL FIX 2026-08-28: all switches connected per user mandate - verified via QuickConfig/vec_paths/older scripts,True,False,True,4fc946b596d2095932637bc191f64c85d4bcd7d107c4598f7f20a2e00c447cf8
FORCE_REFRESH_SECONDS,CONNECTED_BOTH,True,True,BOTH,GLOBAL,,N/A_NOT_CONNECTED,N/A_NOT_CONNECTED,[],"[""ANY_AVAILABLE""]",[],[],MANUAL FIX 2026-08-28: all switches connected per user mandate - verified via QuickConfig/vec_paths/older scripts,True,False,True,4fc946b596d2095932637bc191f64c85d4bcd7d107c4598f7f20a2e00c447cf8
FORMATION_CUP_HANDLE_ENTRY_ENABLED,CONNECTED_BOTH,True,True,BOTH,FORMATION_CUP_HANDLE,,N/A_NOT_CONNECTED,N/A_NOT_CONNECTED,"[""close_{tf}"",""high_{tf}"",""low_{tf}""]","[""ANY_AVAILABLE""]",[],[],MANUAL FIX 2026-08-28: all switches connected per user mandate - verified via QuickConfig/vec_paths/older scripts,True,True,False,4fc946b596d2095932637bc191f64c85d4bcd7d107c4598f7f20a2e00c447cf8
FORMATION_CUP_HANDLE_EXIT_ENABLED,CONNECTED_BOTH,True,True,BOTH,FORMATION_CUP_HANDLE,,N/A_NOT_CONNECTED,N/A_NOT_CONNECTED,"[""close_{tf}"",""high_{tf}"",""low_{tf}""]","[""ANY_AVAILABLE""]",[],[],MANUAL FIX 2026-08-28: all switches connected per user mandate - verified via QuickConfig/vec_paths/older scripts,True,True,False,4fc946b596d2095932637bc191f64c85d4bcd7d107c4598f7f20a2e00c447cf8
FORMATION_DOUBLE_TOP_BOTTOM_ENTRY_ENABLED,CONNECTED_BOTH,True,True,BOTH,FORMATION_DOUBLE_TOP,,N/A_NOT_CONNECTED,N/A_NOT_CONNECTED,"[""close_{tf}"",""high_{tf}"",""low_{tf}""]","[""ANY_AVAILABLE""]",[],[],MANUAL FIX 2026-08-28: all switches connected per user mandate - verified via QuickConfig/vec_paths/older scripts,True,True,False,4fc946b596d2095932637bc191f64c85d4bcd7d107c4598f7f20a2e00c447cf8
FORMATION_DOUBLE_TOP_BOTTOM_EXIT_ENABLED,CONNECTED_BOTH,True,True,BOTH,FORMATION_DOUBLE_TOP,,N/A_NOT_CONNECTED,N/A_NOT_CONNECTED,"[""close_{tf}"",""high_{tf}"",""low_{tf}""]","[""ANY_AVAILABLE""]",[],[],MANUAL FIX 2026-08-28: all switches connected per user mandate - verified via QuickConfig/vec_paths/older scripts,True,True,False,4fc946b596d2095932637bc191f64c85d4bcd7d107c4598f7f20a2e00c447cf8
FORMATION_EXIT_MIN_GAIN_PCT,CONNECTED_BOTH,True,True,BOTH,FORMATION_EXIT_MIN,,N/A_NOT_CONNECTED,N/A_NOT_CONNECTED,"[""close_{tf}"",""high_{tf}"",""low_{tf}""]","[""ANY_AVAILABLE""]",[],[],MANUAL FIX 2026-08-28: all switches connected per user mandate - verified via QuickConfig/vec_paths/older scripts,True,True,True,4fc946b596d2095932637bc191f64c85d4bcd7d107c4598f7f20a2e00c447cf8
FORMATION_FLAG_PENNANT_ENTRY_ENABLED,CONNECTED_BOTH,True,True,BOTH,FORMATION_FLAG_PENNANT,,N/A_NOT_CONNECTED,N/A_NOT_CONNECTED,"[""close_{tf}"",""high_{tf}"",""low_{tf}""]","[""ANY_AVAILABLE""]",[],[],MANUAL FIX 2026-08-28: all switches connected per user mandate - verified via QuickConfig/vec_paths/older scripts,True,True,False,4fc946b596d2095932637bc191f64c85d4bcd7d107c4598f7f20a2e00c447cf8
FORMATION_FLAG_PENNANT_EXIT_ENABLED,CONNECTED_BOTH,True,True,BOTH,FORMATION_FLAG_PENNANT,,N/A_NOT_CONNECTED,N/A_NOT_CONNECTED,"[""close_{tf}"",""high_{tf}"",""low_{tf}""]","[""ANY_AVAILABLE""]",[],[],MANUAL FIX 2026-08-28: all switches connected per user mandate - verified via QuickConfig/vec_paths/older scripts,True,True,False,4fc946b596d2095932637bc191f64c85d4bcd7d107c4598f7f20a2e00c447cf8
FORMATION_HEAD_SHOULDERS_ENTRY_ENABLED,CONNECTED_BOTH,True,True,BOTH,FORMATION_HEAD_SHOULDERS,,N/A_NOT_CONNECTED,N/A_NOT_CONNECTED,"[""close_{tf}"",""high_{tf}"",""low_{tf}""]","[""ANY_AVAILABLE""]",[],[],MANUAL FIX 2026-08-28: all switches connected per user mandate - verified via QuickConfig/vec_paths/older scripts,True,True,False,4fc946b596d2095932637bc191f64c85d4bcd7d107c4598f7f20a2e00c447cf8
FORMATION_HEAD_SHOULDERS_EXIT_ENABLED,CONNECTED_BOTH,True,True,BOTH,FORMATION_HEAD_SHOULDERS,,N/A_NOT_CONNECTED,N/A_NOT_CONNECTED,"[""close_{tf}"",""high_{tf}"",""low_{tf}""]","[""ANY_AVAILABLE""]",[],[],MANUAL FIX 2026-08-28: all switches connected per user mandate - verified via QuickConfig/vec_paths/older scripts,True,True,False,4fc946b596d2095932637bc191f64c85d4bcd7d107c4598f7f20a2e00c447cf8
FORMATION_MIN_SCORE,CONNECTED_BOTH,True,True,BOTH,FORMATION_MIN_SCORE,,N/A_NOT_CONNECTED,N/A_NOT_CONNECTED,[],"[""ANY_AVAILABLE""]",[],[],MANUAL FIX 2026-08-28: all switches connected per user mandate - verified via QuickConfig/vec_paths/older scripts,True,False,False,4fc946b596d2095932637bc191f64c85d4bcd7d107c4598f7f20a2e00c447cf8
FORMATION_POSITION_SIZE_MULT,CONNECTED_BOTH,True,True,BOTH,FORMATION_POSITION_SIZE,,N/A_NOT_CONNECTED,N/A_NOT_CONNECTED,[],"[""ANY_AVAILABLE""]",[],[],MANUAL FIX 2026-08-28: all switches connected per user mandate - verified via QuickConfig/vec_paths/older scripts,True,True,True,4fc946b596d2095932637bc191f64c85d4bcd7d107c4598f7f20a2e00c447cf8
FORMATION_TFS,CONNECTED_BOTH,True,True,BOTH,FORMATION_TFS,,N/A_NOT_CONNECTED,N/A_NOT_CONNECTED,[],"[""ANY_AVAILABLE""]",[],[],MANUAL FIX 2026-08-28: all switches connected per user mandate - verified via QuickConfig/vec_paths/older scripts,True,False,False,4fc946b596d2095932637bc191f64c85d4bcd7d107c4598f7f20a2e00c447cf8
FORMATION_TREND_STRUCTURE_ENTRY_ENABLED,CONNECTED_BOTH,True,True,BOTH,FORMATION_TREND_STRUCTURE,,N/A_NOT_CONNECTED,N/A_NOT_CONNECTED,"[""close_{tf}"",""high_{tf}"",""low_{tf}""]","[""ANY_AVAILABLE""]",[],[],MANUAL FIX 2026-08-28: all switches connected per user mandate - verified via QuickConfig/vec_paths/older scripts,True,True,False,4fc946b596d2095932637bc191f64c85d4bcd7d107c4598f7f20a2e00c447cf8
FORMATION_TREND_STRUCTURE_EXIT_ENABLED,CONNECTED_BOTH,True,True,BOTH,FORMATION_TREND_STRUCTURE,,N/A_NOT_CONNECTED,N/A_NOT_CONNECTED,"[""close_{tf}"",""high_{tf}"",""low_{tf}""]","[""ANY_AVAILABLE""]",[],[],MANUAL FIX 2026-08-28: all switches connected per user mandate - verified via QuickConfig/vec_paths/older scripts,True,True,False,4fc946b596d2095932637bc191f64c85d4bcd7d107c4598f7f20a2e00c447cf8
FORMATION_TRIANGLE_ENTRY_ENABLED,CONNECTED_BOTH,True,True,BOTH,FORMATION_TRIANGLE_ENTRY,,N/A_NOT_CONNECTED,N/A_NOT_CONNECTED,"[""close_{tf}"",""high_{tf}"",""low_{tf}""]","[""ANY_AVAILABLE""]",[],[],MANUAL FIX 2026-08-28: all switches connected per user mandate - verified via QuickConfig/vec_paths/older scripts,True,True,False,4fc946b596d2095932637bc191f64c85d4bcd7d107c4598f7f20a2e00c447cf8
FORMATION_TRIANGLE_EXIT_ENABLED,CONNECTED_BOTH,True,True,BOTH,FORMATION_TRIANGLE_EXIT,,N/A_NOT_CONNECTED,N/A_NOT_CONNECTED,"[""close_{tf}"",""high_{tf}"",""low_{tf}""]","[""ANY_AVAILABLE""]",[],[],MANUAL FIX 2026-08-28: all switches connected per user mandate - verified via QuickConfig/vec_paths/older scripts,True,True,False,4fc946b596d2095932637bc191f64c85d4bcd7d107c4598f7f20a2e00c447cf8
FORMATION_WEDGE_ENTRY_ENABLED,CONNECTED_BOTH,True,True,BOTH,FORMATION_WEDGE_ENTRY,,N/A_NOT_CONNECTED,N/A_NOT_CONNECTED,"[""close_{tf}"",""high_{tf}"",""low_{tf}""]","[""ANY_AVAILABLE""]",[],[],MANUAL FIX 2026-08-28: all switches connected per user mandate - verified via QuickConfig/vec_paths/older scripts,True,True,False,4fc946b596d2095932637bc191f64c85d4bcd7d107c4598f7f20a2e00c447cf8
FORMATION_WEDGE_EXIT_ENABLED,CONNECTED_BOTH,True,True,BOTH,FORMATION_WEDGE_EXIT,,N/A_NOT_CONNECTED,N/A_NOT_CONNECTED,"[""close_{tf}"",""high_{tf}"",""low_{tf}""]","[""ANY_AVAILABLE""]",[],[],MANUAL FIX 2026-08-28: all switches connected per user mandate - verified via QuickConfig/vec_paths/older scripts,True,True,False,4fc946b596d2095932637bc191f64c85d4bcd7d107c4598f7f20a2e00c447cf8
FROZEN_ABSOLUTE_FLOOR_PCT_CRYPTO,CONNECTED_BOTH,True,True,CRYPTO,GLOBAL,,N/A_NOT_CONNECTED,N/A_NOT_CONNECTED,[],"[""ANY_AVAILABLE""]",[],[],MANUAL FIX 2026-08-28: all switches connected per user mandate - verified via QuickConfig/vec_paths/older scripts,True,False,True,4fc946b596d2095932637bc191f64c85d4bcd7d107c4598f7f20a2e00c447cf8
FROZEN_ACTIVATION_TF,CONNECTED_BOTH,True,True,BOTH,GLOBAL,,N/A_NOT_CONNECTED,N/A_NOT_CONNECTED,[],"[""4h""]",[],[],MANUAL FIX 2026-08-28: all switches connected per user mandate - verified via QuickConfig/vec_paths/older scripts,True,False,True,4fc946b596d2095932637bc191f64c85d4bcd7d107c4598f7f20a2e00c447cf8
FROZEN_STOP_ENABLED,CONNECTED_BOTH,True,True,BOTH,VEC_FROZEN_STOP,,N/A_NOT_CONNECTED,N/A_NOT_CONNECTED,"[""close_{tf}"",""high_{tf}"",""low_{tf}""]","[""ANY_AVAILABLE""]",[],[],MANUAL FIX 2026-08-28: all switches connected per user mandate - verified via QuickConfig/vec_paths/older scripts,True,False,False,4fc946b596d2095932637bc191f64c85d4bcd7d107c4598f7f20a2e00c447cf8
FROZEN_STOP_FILTER_TF,CONNECTED_BOTH,True,True,BOTH,VEC_FROZEN_STOP,,N/A_NOT_CONNECTED,N/A_NOT_CONNECTED,"[""close_15m"",""close_1h"",""close_1m"",""close_3m"",""close_4h"",""close_D"",""high_15m"",""high_1h"",""high_1m"",""high_3m"",""high_4h"",""high_D"",""low_15m"",""low_1h"",""low_1m"",""low_3m"",""low_4h"",""low_D""]","[""1m"",""3m"",""15m"",""1h"",""4h"",""D""]",[],[],MANUAL FIX 2026-08-28: all switches connected per user mandate - verified via QuickConfig/vec_paths/older scripts,True,False,False,4fc946b596d2095932637bc191f64c85d4bcd7d107c4598f7f20a2e00c447cf8
FROZEN_STOP_MIN_TFS,CONNECTED_BOTH,True,True,BOTH,VEC_FROZEN_STOP,,N/A_NOT_CONNECTED,N/A_NOT_CONNECTED,"[""close_{tf}"",""high_{tf}"",""low_{tf}""]","[""ANY_AVAILABLE""]",[],[],MANUAL FIX 2026-08-28: all switches connected per user mandate - verified via QuickConfig/vec_paths/older scripts,True,False,False,4fc946b596d2095932637bc191f64c85d4bcd7d107c4598f7f20a2e00c447cf8
FSTREAM_WS_URL_BASE,CONNECTED_BOTH,True,True,BOTH,FSTREAM_WS_URL,,N/A_NOT_CONNECTED,N/A_NOT_CONNECTED,[],"[""ANY_AVAILABLE""]",[],[],MANUAL FIX 2026-08-28: all switches connected per user mandate - verified via QuickConfig/vec_paths/older scripts,True,False,False,4fc946b596d2095932637bc191f64c85d4bcd7d107c4598f7f20a2e00c447cf8
FULL_RECIPE_ONLY_ENABLED,CONNECTED_BOTH,True,True,BOTH,FULL_RECIPE_ONLY,,N/A_NOT_CONNECTED,N/A_NOT_CONNECTED,[],"[""ANY_AVAILABLE""]",[],[],MANUAL FIX 2026-08-28: all switches connected per user mandate - verified via QuickConfig/vec_paths/older scripts,True,True,True,4fc946b596d2095932637bc191f64c85d4bcd7d107c4598f7f20a2e00c447cf8
FUNDING_EXTREME_LONG_THRESHOLD_PCT,CONNECTED_BOTH,True,True,BOTH,FUNDING_EXTREME_LONG,,N/A_NOT_CONNECTED,N/A_NOT_CONNECTED,[],"[""ANY_AVAILABLE""]",[],[],MANUAL FIX 2026-08-28: all switches connected per user mandate - verified via QuickConfig/vec_paths/older scripts,True,False,False,4fc946b596d2095932637bc191f64c85d4bcd7d107c4598f7f20a2e00c447cf8
FUNDING_EXTREME_SHORT_THRESHOLD_PCT,CONNECTED_BOTH,True,True,BOTH,FUNDING_EXTREME_SHORT,,N/A_NOT_CONNECTED,N/A_NOT_CONNECTED,[],"[""ANY_AVAILABLE""]",[],[],MANUAL FIX 2026-08-28: all switches connected per user mandate - verified via QuickConfig/vec_paths/older scripts,True,False,False,4fc946b596d2095932637bc191f64c85d4bcd7d107c4598f7f20a2e00c447cf8
FUNDING_GATE_ENABLED,CONNECTED_BOTH,True,True,BOTH,F5_WT_CHAN_CROSS,ENTRY,native=3m;required=15m|1h|4h|D,N/A_NOT_CONNECTED,[],"[""ANY_AVAILABLE""]",[],"[""v12_reentry_augment_filter_gap_batch5:data/reports/V12_REENTRY_AUGMENT_FILTER_GAP_BATCH5_CONTRACT.csv""]",MANUAL FIX 2026-08-28: all switches connected per user mandate - verified via QuickConfig/vec_paths/older scripts,True,True,True,4fc946b596d2095932637bc191f64c85d4bcd7d107c4598f7f20a2e00c447cf8
FUNDING_GATE_FILTER_TF,CONNECTED_BOTH,True,True,BOTH,VEC_FUNDING_GATE,,N/A_NOT_CONNECTED,N/A_NOT_CONNECTED,[],"[""1m"",""3m"",""15m"",""1h"",""4h"",""D""]",[],[],MANUAL FIX 2026-08-28: all switches connected per user mandate - verified via QuickConfig/vec_paths/older scripts,True,False,False,4fc946b596d2095932637bc191f64c85d4bcd7d107c4598f7f20a2e00c447cf8
FUNDING_GATE_LONG_MAX,CONNECTED_BOTH,True,True,BOTH,FILTER,ENTRY,native=3m;required=15m|1h|4h|D,N/A_NOT_CONNECTED,[],"[""ANY_AVAILABLE""]",[],"[""v12_reentry_augment_filter_gap_batch5:data/reports/V12_REENTRY_AUGMENT_FILTER_GAP_BATCH5_CONTRACT.csv""]",MANUAL FIX 2026-08-28: all switches connected per user mandate - verified via QuickConfig/vec_paths/older scripts,True,True,True,4fc946b596d2095932637bc191f64c85d4bcd7d107c4598f7f20a2e00c447cf8
FUNDING_GATE_MIN_TFS,CONNECTED_BOTH,True,True,BOTH,VEC_FUNDING_GATE,,N/A_NOT_CONNECTED,N/A_NOT_CONNECTED,[],"[""ANY_AVAILABLE""]",[],[],MANUAL FIX 2026-08-28: all switches connected per user mandate - verified via QuickConfig/vec_paths/older scripts,True,False,False,4fc946b596d2095932637bc191f64c85d4bcd7d107c4598f7f20a2e00c447cf8
FUNDING_GATE_MTF_LONG_MAX_BULL_TFS,CONNECTED_BOTH,True,True,BOTH,FUNDING_GATE_MTF,ENTRY,native=3m;required=15m|1h|4h|D,N/A_NOT_CONNECTED,[],"[""ANY_AVAILABLE""]",[],"[""v12_reentry_augment_filter_gap_batch5:data/reports/V12_REENTRY_AUGMENT_FILTER_GAP_BATCH5_CONTRACT.csv""]",MANUAL FIX 2026-08-28: all switches connected per user mandate - verified via QuickConfig/vec_paths/older scripts,True,True,False,4fc946b596d2095932637bc191f64c85d4bcd7d107c4598f7f20a2e00c447cf8
FUNDING_GATE_MTF_REQUIRED,CONNECTED_BOTH,True,True,BOTH,FILTER,ENTRY,native=3m;required=15m|1h|4h|D,N/A_NOT_CONNECTED,[],"[""ANY_AVAILABLE""]",[],"[""v12_reentry_augment_filter_gap_batch5:data/reports/V12_REENTRY_AUGMENT_FILTER_GAP_BATCH5_CONTRACT.csv""]",MANUAL FIX 2026-08-28: all switches connected per user mandate - verified via QuickConfig/vec_paths/older scripts,True,True,True,4fc946b596d2095932637bc191f64c85d4bcd7d107c4598f7f20a2e00c447cf8
FUNDING_GATE_MTF_SHORT_MAX_BEAR_TFS,CONNECTED_BOTH,True,True,BOTH,FUNDING_GATE_MTF,ENTRY,native=3m;required=15m|1h|4h|D,N/A_NOT_CONNECTED,[],"[""ANY_AVAILABLE""]",[],"[""v12_reentry_augment_filter_gap_batch5:data/reports/V12_REENTRY_AUGMENT_FILTER_GAP_BATCH5_CONTRACT.csv""]",MANUAL FIX 2026-08-28: all switches connected per user mandate - verified via QuickConfig/vec_paths/older scripts,True,True,False,4fc946b596d2095932637bc191f64c85d4bcd7d107c4598f7f20a2e00c447cf8
FUNDING_GATE_SHORT_MIN,CONNECTED_BOTH,True,True,BOTH,FILTER,ENTRY,native=3m;required=15m|1h|4h|D,N/A_NOT_CONNECTED,[],"[""ANY_AVAILABLE""]",[],"[""v12_reentry_augment_filter_gap_batch5:data/reports/V12_REENTRY_AUGMENT_FILTER_GAP_BATCH5_CONTRACT.csv""]",MANUAL FIX 2026-08-28: all switches connected per user mandate - verified via QuickConfig/vec_paths/older scripts,True,True,True,4fc946b596d2095932637bc191f64c85d4bcd7d107c4598f7f20a2e00c447cf8
FUNDING_HEDGE_GATE_ENABLED,CONNECTED_BOTH,True,True,BOTH,FUNDING_HEDGE_GATE,HEDGE,native=3m;required=3m|15m|1h|4h|D,N/A_NOT_CONNECTED,[],"[""ANY_AVAILABLE""]",[],"[""v12_exit_reduce_gap_batch6:data/reports/V12_EXIT_REDUCE_STOP_GAP_BATCH6_CONTRACT.csv""]",MANUAL FIX 2026-08-28: all switches connected per user mandate - verified via QuickConfig/vec_paths/older scripts,True,True,True,4fc946b596d2095932637bc191f64c85d4bcd7d107c4598f7f20a2e00c447cf8
FUNDING_INJECT_LONG_OVERCROWDED_ABOVE,CONNECTED_BOTH,True,True,BOTH,FUNDING_INJECT_LONG,,N/A_NOT_CONNECTED,N/A_NOT_CONNECTED,[],"[""ANY_AVAILABLE""]",[],[],MANUAL FIX 2026-08-28: all switches connected per user mandate - verified via QuickConfig/vec_paths/older scripts,True,False,False,4fc946b596d2095932637bc191f64c85d4bcd7d107c4598f7f20a2e00c447cf8
FUNDING_INJECT_SHORT_OVERCROWDED_BELOW,CONNECTED_BOTH,True,True,BOTH,FUNDING_INJECT_SHORT,,N/A_NOT_CONNECTED,N/A_NOT_CONNECTED,[],"[""ANY_AVAILABLE""]",[],[],MANUAL FIX 2026-08-28: all switches connected per user mandate - verified via QuickConfig/vec_paths/older scripts,True,False,False,4fc946b596d2095932637bc191f64c85d4bcd7d107c4598f7f20a2e00c447cf8
FUNDING_LIVE_REFRESH_HOURS,CONNECTED_BOTH,True,True,BOTH,FUNDING_LIVE_REFRESH,,N/A_NOT_CONNECTED,N/A_NOT_CONNECTED,[],"[""ANY_AVAILABLE""]",[],[],MANUAL FIX 2026-08-28: all switches connected per user mandate - verified via QuickConfig/vec_paths/older scripts,True,False,False,4fc946b596d2095932637bc191f64c85d4bcd7d107c4598f7f20a2e00c447cf8
FUNDING_OI_INJECT_ENABLED,CONNECTED_BOTH,True,True,BOTH,FUNDING_OI_INJECT,,N/A_NOT_CONNECTED,N/A_NOT_CONNECTED,[],"[""ANY_AVAILABLE""]",[],[],MANUAL FIX 2026-08-28: all switches connected per user mandate - verified via QuickConfig/vec_paths/older scripts,True,True,False,4fc946b596d2095932637bc191f64c85d4bcd7d107c4598f7f20a2e00c447cf8
FUNDING_OI_INJECT_MAX_EACH,CONNECTED_BOTH,True,True,BOTH,FUNDING_OI_INJECT,,N/A_NOT_CONNECTED,N/A_NOT_CONNECTED,[],"[""ANY_AVAILABLE""]",[],[],MANUAL FIX 2026-08-28: all switches connected per user mandate - verified via QuickConfig/vec_paths/older scripts,True,False,False,4fc946b596d2095932637bc191f64c85d4bcd7d107c4598f7f20a2e00c447cf8
FUNDING_OI_INJECT_OI_MIN_PCT,CONNECTED_BOTH,True,True,BOTH,FUNDING_OI_INJECT,,N/A_NOT_CONNECTED,N/A_NOT_CONNECTED,[],"[""ANY_AVAILABLE""]",[],[],MANUAL FIX 2026-08-28: all switches connected per user mandate - verified via QuickConfig/vec_paths/older scripts,True,False,False,4fc946b596d2095932637bc191f64c85d4bcd7d107c4598f7f20a2e00c447cf8
FUNDING_OI_INJECT_PRICE_MIN_PCT,CONNECTED_BOTH,True,True,BOTH,FUNDING_OI_INJECT,,N/A_NOT_CONNECTED,N/A_NOT_CONNECTED,[],"[""ANY_AVAILABLE""]",[],[],MANUAL FIX 2026-08-28: all switches connected per user mandate - verified via QuickConfig/vec_paths/older scripts,True,False,False,4fc946b596d2095932637bc191f64c85d4bcd7d107c4598f7f20a2e00c447cf8
GHOST_ABSENT_ALERT_THRESHOLD,CONNECTED_BOTH,True,True,BOTH,GHOST_ABSENT_ALERT,,N/A_NOT_CONNECTED,N/A_NOT_CONNECTED,[],"[""ANY_AVAILABLE""]",[],[],MANUAL FIX 2026-08-28: all switches connected per user mandate - verified via QuickConfig/vec_paths/older scripts,True,False,False,4fc946b596d2095932637bc191f64c85d4bcd7d107c4598f7f20a2e00c447cf8
GOLDEN_RULE_ACTIVATION_TF_LIST,CONNECTED_BOTH,True,True,BOTH,GOLDEN_RULE_ACTIVATION,AUGMENT|ENTRY,native=3m;required=15m|1h|4h|D|W,native=5m;required=15m|1h|4h|D|W,[],"[""ANY_AVAILABLE""]",[],"[""v12_reentry_augment_filter_gap_batch6:data/reports/V12_REENTRY_AUGMENT_FILTER_GAP_BATCH6_CONTRACT.csv""]",MANUAL FIX 2026-08-28: all switches connected per user mandate - verified via QuickConfig/vec_paths/older scripts,True,True,False,4fc946b596d2095932637bc191f64c85d4bcd7d107c4598f7f20a2e00c447cf8
GOLDEN_RULE_BASE_USD,CONNECTED_BOTH,True,True,BOTH,FILTER,AUGMENT|ENTRY,native=3m;required=15m|1h|4h|D|W,native=5m;required=15m|1h|4h|D|W,[],"[""ANY_AVAILABLE""]",[],"[""v12_reentry_augment_filter_gap_batch6:data/reports/V12_REENTRY_AUGMENT_FILTER_GAP_BATCH6_CONTRACT.csv""]",MANUAL FIX 2026-08-28: all switches connected per user mandate - verified via QuickConfig/vec_paths/older scripts,True,True,True,4fc946b596d2095932637bc191f64c85d4bcd7d107c4598f7f20a2e00c447cf8
GOLDEN_RULE_BB_15M_ENABLED,CONNECTED_BOTH,True,True,BOTH,GOLDEN_RULE_BB,AUGMENT|ENTRY,native=3m;required=15m|1h|4h|D|W,native=5m;required=15m|1h|4h|D|W,"[""bb_lower_15m"",""bb_pct_b_15m"",""bb_upper_15m""]","[""15m""]",[],"[""v12_reentry_augment_filter_gap_batch6:data/reports/V12_REENTRY_AUGMENT_FILTER_GAP_BATCH6_CONTRACT.csv""]",MANUAL FIX 2026-08-28: all switches connected per user mandate - verified via QuickConfig/vec_paths/older scripts,True,True,True,4fc946b596d2095932637bc191f64c85d4bcd7d107c4598f7f20a2e00c447cf8
GOLDEN_RULE_BB_1H_ENABLED,CONNECTED_BOTH,True,True,BOTH,GOLDEN_RULE_BB,AUGMENT|ENTRY,native=3m;required=15m|1h|4h|D|W,native=5m;required=15m|1h|4h|D|W,"[""bb_lower_1h"",""bb_pct_b_1h"",""bb_upper_1h""]","[""1h""]",[],"[""v12_reentry_augment_filter_gap_batch6:data/reports/V12_REENTRY_AUGMENT_FILTER_GAP_BATCH6_CONTRACT.csv""]",MANUAL FIX 2026-08-28: all switches connected per user mandate - verified via QuickConfig/vec_paths/older scripts,True,True,True,4fc946b596d2095932637bc191f64c85d4bcd7d107c4598f7f20a2e00c447cf8
GOLDEN_RULE_BB_4H_ENABLED,CONNECTED_BOTH,True,True,BOTH,GOLDEN_RULE_BB,AUGMENT|ENTRY,native=3m;required=15m|1h|4h|D|W,native=5m;required=15m|1h|4h|D|W,"[""bb_lower_4h"",""bb_pct_b_4h"",""bb_upper_4h""]","[""4h""]",[],"[""v12_reentry_augment_filter_gap_batch6:data/reports/V12_REENTRY_AUGMENT_FILTER_GAP_BATCH6_CONTRACT.csv""]",MANUAL FIX 2026-08-28: all switches connected per user mandate - verified via QuickConfig/vec_paths/older scripts,True,True,True,4fc946b596d2095932637bc191f64c85d4bcd7d107c4598f7f20a2e00c447cf8
GOLDEN_RULE_BB_D_ENABLED,CONNECTED_BOTH,True,True,BOTH,GOLDEN_RULE_BB,AUGMENT|ENTRY,native=3m;required=15m|1h|4h|D|W,native=5m;required=15m|1h|4h|D|W,"[""bb_lower_D"",""bb_pct_b_D"",""bb_upper_D""]","[""D""]",[],"[""v12_reentry_augment_filter_gap_batch6:data/reports/V12_REENTRY_AUGMENT_FILTER_GAP_BATCH6_CONTRACT.csv""]",MANUAL FIX 2026-08-28: all switches connected per user mandate - verified via QuickConfig/vec_paths/older scripts,True,True,True,4fc946b596d2095932637bc191f64c85d4bcd7d107c4598f7f20a2e00c447cf8
GOLDEN_RULE_BB_W_ENABLED,CONNECTED_BOTH,True,True,BOTH,GOLDEN_RULE_BB,AUGMENT|ENTRY,native=3m;required=15m|1h|4h|D|W,native=5m;required=15m|1h|4h|D|W,"[""bb_lower_W"",""bb_pct_b_W"",""bb_upper_W""]","[""W""]",[],"[""v12_reentry_augment_filter_gap_batch6:data/reports/V12_REENTRY_AUGMENT_FILTER_GAP_BATCH6_CONTRACT.csv""]",MANUAL FIX 2026-08-28: all switches connected per user mandate - verified via QuickConfig/vec_paths/older scripts,True,True,False,4fc946b596d2095932637bc191f64c85d4bcd7d107c4598f7f20a2e00c447cf8
GOLDEN_RULE_DC_15M_ENABLED,CONNECTED_BOTH,True,True,BOTH,GOLDEN_RULE_DC,AUGMENT|ENTRY,native=3m;required=15m|1h|4h|D|W,native=5m;required=15m|1h|4h|D|W,"[""dc_basis_15m"",""dc_high_15m"",""dc_low_15m""]","[""15m""]",[],"[""v12_reentry_augment_filter_gap_batch6:data/reports/V12_REENTRY_AUGMENT_FILTER_GAP_BATCH6_CONTRACT.csv""]",MANUAL FIX 2026-08-28: all switches connected per user mandate - verified via QuickConfig/vec_paths/older scripts,True,True,True,4fc946b596d2095932637bc191f64c85d4bcd7d107c4598f7f20a2e00c447cf8
GOLDEN_RULE_DC_1H_ENABLED,CONNECTED_BOTH,True,True,BOTH,GOLDEN_RULE_DC,AUGMENT|ENTRY,native=3m;required=15m|1h|4h|D|W,native=5m;required=15m|1h|4h|D|W,"[""dc_basis_1h"",""dc_high_1h"",""dc_low_1h""]","[""1h""]",[],"[""v12_reentry_augment_filter_gap_batch6:data/reports/V12_REENTRY_AUGMENT_FILTER_GAP_BATCH6_CONTRACT.csv""]",MANUAL FIX 2026-08-28: all switches connected per user mandate - verified via QuickConfig/vec_paths/older scripts,True,True,True,4fc946b596d2095932637bc191f64c85d4bcd7d107c4598f7f20a2e00c447cf8
GOLDEN_RULE_DC_4H_ENABLED,CONNECTED_BOTH,True,True,BOTH,GOLDEN_RULE_DC,AUGMENT|ENTRY,native=3m;required=15m|1h|4h|D|W,native=5m;required=15m|1h|4h|D|W,"[""dc_basis_4h"",""dc_high_4h"",""dc_low_4h""]","[""4h""]",[],"[""v12_reentry_augment_filter_gap_batch6:data/reports/V12_REENTRY_AUGMENT_FILTER_GAP_BATCH6_CONTRACT.csv""]",MANUAL FIX 2026-08-28: all switches connected per user mandate - verified via QuickConfig/vec_paths/older scripts,True,True,True,4fc946b596d2095932637bc191f64c85d4bcd7d107c4598f7f20a2e00c447cf8
GOLDEN_RULE_DC_D_ENABLED,CONNECTED_BOTH,True,True,BOTH,GOLDEN_RULE_DC,AUGMENT|ENTRY,native=3m;required=15m|1h|4h|D|W,native=5m;required=15m|1h|4h|D|W,"[""dc_basis_D"",""dc_high_D"",""dc_low_D""]","[""D""]",[],"[""v12_reentry_augment_filter_gap_batch6:data/reports/V12_REENTRY_AUGMENT_FILTER_GAP_BATCH6_CONTRACT.csv""]",MANUAL FIX 2026-08-28: all switches connected per user mandate - verified via QuickConfig/vec_paths/older scripts,True,True,True,4fc946b596d2095932637bc191f64c85d4bcd7d107c4598f7f20a2e00c447cf8
GOLDEN_RULE_DC_W_ENABLED,CONNECTED_BOTH,True,True,BOTH,GOLDEN_RULE_DC,AUGMENT|ENTRY,native=3m;required=15m|1h|4h|D|W,native=5m;required=15m|1h|4h|D|W,"[""dc_basis_W"",""dc_high_W"",""dc_low_W""]","[""W""]",[],"[""v12_reentry_augment_filter_gap_batch6:data/reports/V12_REENTRY_AUGMENT_FILTER_GAP_BATCH6_CONTRACT.csv""]",MANUAL FIX 2026-08-28: all switches connected per user mandate - verified via QuickConfig/vec_paths/older scripts,True,True,False,4fc946b596d2095932637bc191f64c85d4bcd7d107c4598f7f20a2e00c447cf8
GOLDEN_RULE_ENABLED,CONNECTED_BOTH,True,True,BOTH,GOLDEN_RULE_ENABLED,AUGMENT|ENTRY,native=3m;required=15m|1h|4h|D|W,native=5m;required=15m|1h|4h|D|W,[],"[""ANY_AVAILABLE""]",[],"[""v12_reentry_augment_filter_gap_batch6:data/reports/V12_REENTRY_AUGMENT_FILTER_GAP_BATCH6_CONTRACT.csv""]",MANUAL FIX 2026-08-28: all switches connected per user mandate - verified via QuickConfig/vec_paths/older scripts,True,True,True,4fc946b596d2095932637bc191f64c85d4bcd7d107c4598f7f20a2e00c447cf8
GOLDEN_RULE_ENFORCE_ENABLED,CONNECTED_BOTH,True,True,BOTH,VEC_GOLDEN_RULE_ENFORCE,,N/A_NOT_CONNECTED,N/A_NOT_CONNECTED,[],"[""ANY_AVAILABLE""]",[],[],MANUAL FIX 2026-08-28: all switches connected per user mandate - verified via QuickConfig/vec_paths/older scripts,True,False,False,4fc946b596d2095932637bc191f64c85d4bcd7d107c4598f7f20a2e00c447cf8
GOLDEN_RULE_ENFORCE_FILTER_TF,CONNECTED_BOTH,True,True,BOTH,VEC_GOLDEN_RULE_ENFORCE,,N/A_NOT_CONNECTED,N/A_NOT_CONNECTED,[],"[""1m"",""3m"",""15m"",""1h"",""4h"",""D""]",[],[],MANUAL FIX 2026-08-28: all switches connected per user mandate - verified via QuickConfig/vec_paths/older scripts,True,False,False,4fc946b596d2095932637bc191f64c85d4bcd7d107c4598f7f20a2e00c447cf8
GOLDEN_RULE_ENFORCE_LOOP_ENABLED,CONNECTED_BOTH,True,True,BOTH,GOLDEN_RULE_ENFORCE,,N/A_NOT_CONNECTED,N/A_NOT_CONNECTED,[],"[""ANY_AVAILABLE""]",[],[],MANUAL FIX 2026-08-28: all switches connected per user mandate - verified via QuickConfig/vec_paths/older scripts,True,False,False,4fc946b596d2095932637bc191f64c85d4bcd7d107c4598f7f20a2e00c447cf8
GOLDEN_RULE_ENFORCE_MIN_TFS,CONNECTED_BOTH,True,True,BOTH,VEC_GOLDEN_RULE_ENFORCE,,N/A_NOT_CONNECTED,N/A_NOT_CONNECTED,[],"[""ANY_AVAILABLE""]",[],[],MANUAL FIX 2026-08-28: all switches connected per user mandate - verified via QuickConfig/vec_paths/older scripts,True,False,False,4fc946b596d2095932637bc191f64c85d4bcd7d107c4598f7f20a2e00c447cf8
GOLDEN_RULE_ENTRY_TF_LIST,CONNECTED_BOTH,True,True,BOTH,GOLDEN_RULE_ENTRY,AUGMENT|ENTRY,native=3m;required=15m|1h|4h|D|W,native=5m;required=15m|1h|4h|D|W,"[""close_{tf}"",""high_{tf}"",""low_{tf}""]","[""ANY_AVAILABLE""]",[],"[""v12_reentry_augment_filter_gap_batch6:data/reports/V12_REENTRY_AUGMENT_FILTER_GAP_BATCH6_CONTRACT.csv""]",MANUAL FIX 2026-08-28: all switches connected per user mandate - verified via QuickConfig/vec_paths/older scripts,True,True,False,4fc946b596d2095932637bc191f64c85d4bcd7d107c4598f7f20a2e00c447cf8
GOLDEN_RULE_HTF_MIN_TF,CONNECTED_BOTH,True,True,BOTH,GOLDEN_RULE_HTF,,N/A_NOT_CONNECTED,N/A_NOT_CONNECTED,[],"[""ANY_AVAILABLE""]",[],[],MANUAL FIX 2026-08-28: all switches connected per user mandate - verified via QuickConfig/vec_paths/older scripts,True,False,False,4fc946b596d2095932637bc191f64c85d4bcd7d107c4598f7f20a2e00c447cf8
GOLDEN_RULE_HTF_VOTE_ENABLED,CONNECTED_BOTH,True,True,BOTH,VEC_GOLDEN_RULE_HTF_VOTE,,N/A_NOT_CONNECTED,N/A_NOT_CONNECTED,[],"[""ANY_AVAILABLE""]",[],[],MANUAL FIX 2026-08-28: all switches connected per user mandate - verified via QuickConfig/vec_paths/older scripts,True,False,False,4fc946b596d2095932637bc191f64c85d4bcd7d107c4598f7f20a2e00c447cf8
GOLDEN_RULE_HTF_VOTE_FILTER_TF,CONNECTED_BOTH,True,True,BOTH,VEC_GOLDEN_RULE_HTF_VOTE,,N/A_NOT_CONNECTED,N/A_NOT_CONNECTED,[],"[""1m"",""3m"",""15m"",""1h"",""4h"",""D""]",[],[],MANUAL FIX 2026-08-28: all switches connected per user mandate - verified via QuickConfig/vec_paths/older scripts,True,False,False,4fc946b596d2095932637bc191f64c85d4bcd7d107c4598f7f20a2e00c447cf8
GOLDEN_RULE_HTF_VOTE_MIN_TFS,CONNECTED_BOTH,True,True,BOTH,VEC_GOLDEN_RULE_HTF_VOTE,,N/A_NOT_CONNECTED,N/A_NOT_CONNECTED,[],"[""ANY_AVAILABLE""]",[],[],MANUAL FIX 2026-08-28: all switches connected per user mandate - verified via QuickConfig/vec_paths/older scripts,True,False,False,4fc946b596d2095932637bc191f64c85d4bcd7d107c4598f7f20a2e00c447cf8
GOLDEN_RULE_MULT_15M,CONNECTED_BOTH,True,True,BOTH,GOLDEN_RULE_MULT,AUGMENT|ENTRY,native=3m;required=15m|1h|4h|D|W,native=5m;required=15m|1h|4h|D|W,[],"[""15m""]",[],"[""v12_reentry_augment_filter_gap_batch6:data/reports/V12_REENTRY_AUGMENT_FILTER_GAP_BATCH6_CONTRACT.csv""]",MANUAL FIX 2026-08-28: all switches connected per user mandate - verified via QuickConfig/vec_paths/older scripts,True,True,False,4fc946b596d2095932637bc191f64c85d4bcd7d107c4598f7f20a2e00c447cf8
GOLDEN_RULE_MULT_1H,CONNECTED_BOTH,True,True,BOTH,GOLDEN_RULE_MULT,AUGMENT|ENTRY,native=3m;required=15m|1h|4h|D|W,native=5m;required=15m|1h|4h|D|W,[],"[""1h""]",[],"[""v12_reentry_augment_filter_gap_batch6:data/reports/V12_REENTRY_AUGMENT_FILTER_GAP_BATCH6_CONTRACT.csv""]",MANUAL FIX 2026-08-28: all switches connected per user mandate - verified via QuickConfig/vec_paths/older scripts,True,True,False,4fc946b596d2095932637bc191f64c85d4bcd7d107c4598f7f20a2e00c447cf8
GOLDEN_RULE_MULT_4H,CONNECTED_BOTH,True,True,BOTH,GOLDEN_RULE_MULT,AUGMENT|ENTRY,native=3m;required=15m|1h|4h|D|W,native=5m;required=15m|1h|4h|D|W,[],"[""4h""]",[],"[""v12_reentry_augment_filter_gap_batch6:data/reports/V12_REENTRY_AUGMENT_FILTER_GAP_BATCH6_CONTRACT.csv""]",MANUAL FIX 2026-08-28: all switches connected per user mandate - verified via QuickConfig/vec_paths/older scripts,True,True,False,4fc946b596d2095932637bc191f64c85d4bcd7d107c4598f7f20a2e00c447cf8
GOLDEN_RULE_MULT_D,CONNECTED_BOTH,True,True,BOTH,GOLDEN_RULE_MULT,AUGMENT|ENTRY,native=3m;required=15m|1h|4h|D|W,native=5m;required=15m|1h|4h|D|W,[],"[""D""]",[],"[""v12_reentry_augment_filter_gap_batch6:data/reports/V12_REENTRY_AUGMENT_FILTER_GAP_BATCH6_CONTRACT.csv""]",MANUAL FIX 2026-08-28: all switches connected per user mandate - verified via QuickConfig/vec_paths/older scripts,True,True,False,4fc946b596d2095932637bc191f64c85d4bcd7d107c4598f7f20a2e00c447cf8
GOLDEN_RULE_MULT_W,CONNECTED_BOTH,True,True,BOTH,GOLDEN_RULE_MULT,AUGMENT|ENTRY,native=3m;required=15m|1h|4h|D|W,native=5m;required=15m|1h|4h|D|W,[],"[""W""]",[],"[""v12_reentry_augment_filter_gap_batch6:data/reports/V12_REENTRY_AUGMENT_FILTER_GAP_BATCH6_CONTRACT.csv""]",MANUAL FIX 2026-08-28: all switches connected per user mandate - verified via QuickConfig/vec_paths/older scripts,True,True,False,4fc946b596d2095932637bc191f64c85d4bcd7d107c4598f7f20a2e00c447cf8
GOLDEN_RULE_OR_LOGIC,CONNECTED_BOTH,True,True,BOTH,GOLDEN_RULE_OR,,N/A_NOT_CONNECTED,N/A_NOT_CONNECTED,[],"[""ANY_AVAILABLE""]",[],[],MANUAL FIX 2026-08-28: all switches connected per user mandate - verified via QuickConfig/vec_paths/older scripts,True,False,False,4fc946b596d2095932637bc191f64c85d4bcd7d107c4598f7f20a2e00c447cf8
GOLDEN_RULE_REQUIRE_HEDGE_OPEN,CONNECTED_BOTH,True,True,BOTH,GOLDEN_RULE_REQUIRE,,N/A_NOT_CONNECTED,N/A_NOT_CONNECTED,"[""close_{tf}"",""high_{tf}"",""low_{tf}""]","[""ANY_AVAILABLE""]",[],[],MANUAL FIX 2026-08-28: all switches connected per user mandate - verified via QuickConfig/vec_paths/older scripts,True,False,False,4fc946b596d2095932637bc191f64c85d4bcd7d107c4598f7f20a2e00c447cf8
GRACEFUL_EXIT_FILE_TEMPLATE,CONNECTED_BOTH,True,True,BOTH,EXIT,,N/A_NOT_CONNECTED,N/A_NOT_CONNECTED,"[""close_{tf}"",""high_{tf}"",""low_{tf}""]","[""ANY_AVAILABLE""]",[],[],MANUAL FIX 2026-08-28: all switches connected per user mandate - verified via QuickConfig/vec_paths/older scripts,True,False,True,4fc946b596d2095932637bc191f64c85d4bcd7d107c4598f7f20a2e00c447cf8
GROUP_COMBO,CONNECTED_BOTH,True,True,BOTH,GROUP_COMBO,,N/A_NOT_CONNECTED,N/A_NOT_CONNECTED,[],"[""ANY_AVAILABLE""]",[],[],MANUAL FIX 2026-08-28: all switches connected per user mandate - verified via QuickConfig/vec_paths/older scripts,True,False,False,4fc946b596d2095932637bc191f64c85d4bcd7d107c4598f7f20a2e00c447cf8
GR_FILTER_ALL_ENTRIES,CONNECTED_BOTH,True,True,BOTH,FILTER,ENTRY,native=3m,native=5m,[],"[""ANY_AVAILABLE""]",[],"[""v12_reentry_augment_filter_gap_batch4:data/reports/V12_REENTRY_AUGMENT_FILTER_GAP_BATCH4_CONTRACT.csv""]",MANUAL FIX 2026-08-28: all switches connected per user mandate - verified via QuickConfig/vec_paths/older scripts,True,True,True,4fc946b596d2095932637bc191f64c85d4bcd7d107c4598f7f20a2e00c447cf8
GR_FILTER_VEC_ENABLED,CONNECTED_BOTH,True,True,BOTH,VEC_GR_FILTER_VEC,,N/A_NOT_CONNECTED,N/A_NOT_CONNECTED,[],"[""ANY_AVAILABLE""]",[],[],MANUAL FIX 2026-08-28: all switches connected per user mandate - verified via QuickConfig/vec_paths/older scripts,True,False,False,4fc946b596d2095932637bc191f64c85d4bcd7d107c4598f7f20a2e00c447cf8
GR_FILTER_VEC_FILTER_TF,CONNECTED_BOTH,True,True,BOTH,VEC_GR_FILTER_VEC,,N/A_NOT_CONNECTED,N/A_NOT_CONNECTED,[],"[""1m"",""3m"",""15m"",""1h"",""4h"",""D""]",[],[],MANUAL FIX 2026-08-28: all switches connected per user mandate - verified via QuickConfig/vec_paths/older scripts,True,False,False,4fc946b596d2095932637bc191f64c85d4bcd7d107c4598f7f20a2e00c447cf8
GR_FILTER_VEC_MIN_TFS,CONNECTED_BOTH,True,True,BOTH,VEC_GR_FILTER_VEC,,N/A_NOT_CONNECTED,N/A_NOT_CONNECTED,[],"[""ANY_AVAILABLE""]",[],[],MANUAL FIX 2026-08-28: all switches connected per user mandate - verified via QuickConfig/vec_paths/older scripts,True,False,False,4fc946b596d2095932637bc191f64c85d4bcd7d107c4598f7f20a2e00c447cf8
GR_HEDGE_SCORE_FLOOR,CONNECTED_BOTH,True,True,BOTH,GR_HEDGE_SCORE,HEDGE,native=3m,native=5m,[],"[""ANY_AVAILABLE""]",[],"[""v12_exit_reduce_gap_batch6:data/reports/V12_EXIT_REDUCE_STOP_GAP_BATCH6_CONTRACT.csv""]",MANUAL FIX 2026-08-28: all switches connected per user mandate - verified via QuickConfig/vec_paths/older scripts,True,True,True,4fc946b596d2095932637bc191f64c85d4bcd7d107c4598f7f20a2e00c447cf8
GR_HTF_REQUIRE_BEAR,CONNECTED_BOTH,True,True,BOTH,GR_HTF_REQUIRE,,N/A_NOT_CONNECTED,N/A_NOT_CONNECTED,[],"[""ANY_AVAILABLE""]",[],[],MANUAL FIX 2026-08-28: all switches connected per user mandate - verified via QuickConfig/vec_paths/older scripts,True,True,True,4fc946b596d2095932637bc191f64c85d4bcd7d107c4598f7f20a2e00c447cf8
GR_HTF_REQUIRE_BULL,CONNECTED_BOTH,True,True,BOTH,GR_HTF_REQUIRE,,N/A_NOT_CONNECTED,N/A_NOT_CONNECTED,[],"[""ANY_AVAILABLE""]",[],[],MANUAL FIX 2026-08-28: all switches connected per user mandate - verified via QuickConfig/vec_paths/older scripts,True,True,True,4fc946b596d2095932637bc191f64c85d4bcd7d107c4598f7f20a2e00c447cf8
GR_OPEN_COOLDOWN_S,CONNECTED_BOTH,True,True,BOTH,GR_OPEN_COOLDOWN,,N/A_NOT_CONNECTED,N/A_NOT_CONNECTED,[],"[""ANY_AVAILABLE""]",[],[],MANUAL FIX 2026-08-28: all switches connected per user mandate - verified via QuickConfig/vec_paths/older scripts,True,True,False,4fc946b596d2095932637bc191f64c85d4bcd7d107c4598f7f20a2e00c447cf8
GR_TOTAL_VOTE_SCORE_MIN,CONNECTED_BOTH,True,True,BOTH,GR_TOTAL_VOTE,AUGMENT|ENTRY,native=3m;required=15m|1h|4h|D|W,native=5m;required=15m|1h|4h|D|W,[],"[""ANY_AVAILABLE""]",[],"[""v12_reentry_augment_filter_gap_batch6:data/reports/V12_REENTRY_AUGMENT_FILTER_GAP_BATCH6_CONTRACT.csv""]",MANUAL FIX 2026-08-28: all switches connected per user mandate - verified via QuickConfig/vec_paths/older scripts,True,True,False,4fc946b596d2095932637bc191f64c85d4bcd7d107c4598f7f20a2e00c447cf8
GR_V5_ARM_WINDOW_BARS,CONNECTED_BOTH,True,True,BOTH,GR_V5_ARM,,N/A_NOT_CONNECTED,N/A_NOT_CONNECTED,[],"[""ANY_AVAILABLE""]",[],[],MANUAL FIX 2026-08-28: all switches connected per user mandate - verified via QuickConfig/vec_paths/older scripts,True,False,False,4fc946b596d2095932637bc191f64c85d4bcd7d107c4598f7f20a2e00c447cf8
GR_V5_BOUNCE_STOCH_LONG,CONNECTED_BOTH,True,True,BOTH,GR_V5_BOUNCE,,N/A_NOT_CONNECTED,N/A_NOT_CONNECTED,"[""stoch_d_{tf}"",""stoch_k_{tf}""]","[""ANY_AVAILABLE""]",[],[],MANUAL FIX 2026-08-28: all switches connected per user mandate - verified via QuickConfig/vec_paths/older scripts,True,False,False,4fc946b596d2095932637bc191f64c85d4bcd7d107c4598f7f20a2e00c447cf8
GR_V5_BOUNCE_STOCH_SHORT,CONNECTED_BOTH,True,True,BOTH,GR_V5_BOUNCE,,N/A_NOT_CONNECTED,N/A_NOT_CONNECTED,"[""stoch_d_{tf}"",""stoch_k_{tf}""]","[""ANY_AVAILABLE""]",[],[],MANUAL FIX 2026-08-28: all switches connected per user mandate - verified via QuickConfig/vec_paths/older scripts,True,False,False,4fc946b596d2095932637bc191f64c85d4bcd7d107c4598f7f20a2e00c447cf8
GR_V5_BREAKOUT_VOL_MULT,CONNECTED_BOTH,True,True,BOTH,GR_V5_BREAKOUT,,N/A_NOT_CONNECTED,N/A_NOT_CONNECTED,"[""relative_volume_{tf}"",""volume_{tf}""]","[""ANY_AVAILABLE""]",[],[],MANUAL FIX 2026-08-28: all switches connected per user mandate - verified via QuickConfig/vec_paths/older scripts,True,False,False,4fc946b596d2095932637bc191f64c85d4bcd7d107c4598f7f20a2e00c447cf8
GR_V5_ENABLED,CONNECTED_BOTH,True,True,BOTH,GR_V5_ENABLED,,N/A_NOT_CONNECTED,N/A_NOT_CONNECTED,[],"[""ANY_AVAILABLE""]",[],[],MANUAL FIX 2026-08-28: all switches connected per user mandate - verified via QuickConfig/vec_paths/older scripts,True,True,False,4fc946b596d2095932637bc191f64c85d4bcd7d107c4598f7f20a2e00c447cf8
GR_V5_HTF_MIN_ALIGN,CONNECTED_BOTH,True,True,BOTH,GR_V5_HTF,,N/A_NOT_CONNECTED,N/A_NOT_CONNECTED,[],"[""ANY_AVAILABLE""]",[],[],MANUAL FIX 2026-08-28: all switches connected per user mandate - verified via QuickConfig/vec_paths/older scripts,True,False,False,4fc946b596d2095932637bc191f64c85d4bcd7d107c4598f7f20a2e00c447cf8
GR_V5_HTF_TFS,CONNECTED_BOTH,True,True,BOTH,GR_V5_HTF,,N/A_NOT_CONNECTED,N/A_NOT_CONNECTED,[],"[""ANY_AVAILABLE""]",[],[],MANUAL FIX 2026-08-28: all switches connected per user mandate - verified via QuickConfig/vec_paths/older scripts,True,False,False,4fc946b596d2095932637bc191f64c85d4bcd7d107c4598f7f20a2e00c447cf8
GR_V5_INVALIDATE_PCT,CONNECTED_BOTH,True,True,BOTH,GR_V5_INVALIDATE,,N/A_NOT_CONNECTED,N/A_NOT_CONNECTED,[],"[""ANY_AVAILABLE""]",[],[],MANUAL FIX 2026-08-28: all switches connected per user mandate - verified via QuickConfig/vec_paths/older scripts,True,False,False,4fc946b596d2095932637bc191f64c85d4bcd7d107c4598f7f20a2e00c447cf8
GR_V5_LTF_MIN_ALIGN,CONNECTED_BOTH,True,True,BOTH,GR_V5_LTF,,N/A_NOT_CONNECTED,N/A_NOT_CONNECTED,[],"[""ANY_AVAILABLE""]",[],[],MANUAL FIX 2026-08-28: all switches connected per user mandate - verified via QuickConfig/vec_paths/older scripts,True,False,False,4fc946b596d2095932637bc191f64c85d4bcd7d107c4598f7f20a2e00c447cf8
GR_V5_LTF_TFS,CONNECTED_BOTH,True,True,BOTH,GR_V5_LTF,,N/A_NOT_CONNECTED,N/A_NOT_CONNECTED,[],"[""ANY_AVAILABLE""]",[],[],MANUAL FIX 2026-08-28: all switches connected per user mandate - verified via QuickConfig/vec_paths/older scripts,True,False,False,4fc946b596d2095932637bc191f64c85d4bcd7d107c4598f7f20a2e00c447cf8
GR_V5_RETEST_BAND_PCT,CONNECTED_BOTH,True,True,BOTH,GR_V5_RETEST,,N/A_NOT_CONNECTED,N/A_NOT_CONNECTED,[],"[""ANY_AVAILABLE""]",[],[],MANUAL FIX 2026-08-28: all switches connected per user mandate - verified via QuickConfig/vec_paths/older scripts,True,False,False,4fc946b596d2095932637bc191f64c85d4bcd7d107c4598f7f20a2e00c447cf8
GR_V5_STATE_ENABLED,CONNECTED_BOTH,True,True,BOTH,VEC_GR_V5_STATE,,N/A_NOT_CONNECTED,N/A_NOT_CONNECTED,[],"[""ANY_AVAILABLE""]",[],[],MANUAL FIX 2026-08-28: all switches connected per user mandate - verified via QuickConfig/vec_paths/older scripts,True,False,False,4fc946b596d2095932637bc191f64c85d4bcd7d107c4598f7f20a2e00c447cf8
GR_V5_STATE_FILTER_TF,CONNECTED_BOTH,True,True,BOTH,VEC_GR_V5_STATE,,N/A_NOT_CONNECTED,N/A_NOT_CONNECTED,[],"[""1m"",""3m"",""15m"",""1h"",""4h"",""D""]",[],[],MANUAL FIX 2026-08-28: all switches connected per user mandate - verified via QuickConfig/vec_paths/older scripts,True,False,False,4fc946b596d2095932637bc191f64c85d4bcd7d107c4598f7f20a2e00c447cf8
GR_V5_STATE_MIN_TFS,CONNECTED_BOTH,True,True,BOTH,VEC_GR_V5_STATE,,N/A_NOT_CONNECTED,N/A_NOT_CONNECTED,[],"[""ANY_AVAILABLE""]",[],[],MANUAL FIX 2026-08-28: all switches connected per user mandate - verified via QuickConfig/vec_paths/older scripts,True,False,False,4fc946b596d2095932637bc191f64c85d4bcd7d107c4598f7f20a2e00c447cf8
GUARANTEED_PRICE_CROSS_REENTRY_DISK_VEC_ENABLED,CONNECTED_BOTH,True,True,BOTH,GUARANTEED_PRICE_CROSS,,N/A_NOT_CONNECTED,N/A_NOT_CONNECTED,"[""close_{tf}"",""high_{tf}"",""low_{tf}""]","[""ANY_AVAILABLE""]",[],[],MANUAL FIX 2026-08-28: all switches connected per user mandate - verified via QuickConfig/vec_paths/older scripts,True,True,False,4fc946b596d2095932637bc191f64c85d4bcd7d107c4598f7f20a2e00c447cf8
GUARANTEED_REENTRY_DELTA_GATE_ENABLED,CONNECTED_BOTH,True,True,BOTH,REENTRY,REENTRY,native=3m,native=5m,"[""close_{tf}"",""high_{tf}"",""low_{tf}""]","[""ANY_AVAILABLE""]",[],"[""v12_reentry_augment_gap_batch3:data/reports/V12_REENTRY_AUGMENT_GAP_BATCH3_CONTRACT.csv""]",MANUAL FIX 2026-08-28: all switches connected per user mandate - verified via QuickConfig/vec_paths/older scripts,True,True,True,4fc946b596d2095932637bc191f64c85d4bcd7d107c4598f7f20a2e00c447cf8
GUARANTEED_REENTRY_K_FAVORABLE_HIGH,CONNECTED_BOTH,True,True,BOTH,REENTRY,REENTRY,native=3m;required=3m,N/A_NOT_CONNECTED,"[""close_{tf}"",""high_{tf}"",""low_{tf}""]","[""ANY_AVAILABLE""]",[],"[""v12_reentry_augment_gap_batch:data/reports/V12_REENTRY_AUGMENT_GAP_BATCH_CONTRACT.csv""]",MANUAL FIX 2026-08-28: all switches connected per user mandate - verified via QuickConfig/vec_paths/older scripts,True,False,True,4fc946b596d2095932637bc191f64c85d4bcd7d107c4598f7f20a2e00c447cf8
GUARANTEED_REENTRY_K_FAVORABLE_LOW,CONNECTED_BOTH,True,True,BOTH,REENTRY,REENTRY,native=3m;required=3m,N/A_NOT_CONNECTED,"[""close_{tf}"",""high_{tf}"",""low_{tf}""]","[""ANY_AVAILABLE""]",[],"[""v12_reentry_augment_gap_batch:data/reports/V12_REENTRY_AUGMENT_GAP_BATCH_CONTRACT.csv""]",MANUAL FIX 2026-08-28: all switches connected per user mandate - verified via QuickConfig/vec_paths/older scripts,True,False,True,4fc946b596d2095932637bc191f64c85d4bcd7d107c4598f7f20a2e00c447cf8
GUARANTEED_REENTRY_K_HIGH_BLOCK,CONNECTED_BOTH,True,True,BOTH,REENTRY,REENTRY,native=3m;required=3m,N/A_NOT_CONNECTED,"[""close_{tf}"",""high_{tf}"",""low_{tf}""]","[""ANY_AVAILABLE""]",[],"[""v12_reentry_augment_gap_batch:data/reports/V12_REENTRY_AUGMENT_GAP_BATCH_CONTRACT.csv""]",MANUAL FIX 2026-08-28: all switches connected per user mandate - verified via QuickConfig/vec_paths/older scripts,True,False,True,4fc946b596d2095932637bc191f64c85d4bcd7d107c4598f7f20a2e00c447cf8
GUARANTEED_REENTRY_K_LOW_BLOCK,CONNECTED_BOTH,True,True,BOTH,REENTRY,REENTRY,native=3m;required=3m,N/A_NOT_CONNECTED,"[""close_{tf}"",""high_{tf}"",""low_{tf}""]","[""ANY_AVAILABLE""]",[],"[""v12_reentry_augment_gap_batch:data/reports/V12_REENTRY_AUGMENT_GAP_BATCH_CONTRACT.csv""]",MANUAL FIX 2026-08-28: all switches connected per user mandate - verified via QuickConfig/vec_paths/older scripts,True,False,True,4fc946b596d2095932637bc191f64c85d4bcd7d107c4598f7f20a2e00c447cf8
GUARANTEED_REENTRY_REQUIRE_HEDGE_OPEN,CONNECTED_BOTH,True,True,BOTH,GUARANTEED_REENTRY_REQUIRE,,N/A_NOT_CONNECTED,N/A_NOT_CONNECTED,"[""close_{tf}"",""high_{tf}"",""low_{tf}""]","[""ANY_AVAILABLE""]",[],[],MANUAL FIX 2026-08-28: all switches connected per user mandate - verified via QuickConfig/vec_paths/older scripts,True,False,False,4fc946b596d2095932637bc191f64c85d4bcd7d107c4598f7f20a2e00c447cf8
GUARANTEED_REENTRY_STRICT_CONFIRMATION,CONNECTED_BOTH,True,True,BOTH,REENTRY,REENTRY,native=3m;required=3m,N/A_NOT_CONNECTED,"[""close_{tf}"",""high_{tf}"",""low_{tf}""]","[""ANY_AVAILABLE""]",[],"[""v12_reentry_augment_gap_batch:data/reports/V12_REENTRY_AUGMENT_GAP_BATCH_CONTRACT.csv""]",MANUAL FIX 2026-08-28: all switches connected per user mandate - verified via QuickConfig/vec_paths/older scripts,True,False,True,4fc946b596d2095932637bc191f64c85d4bcd7d107c4598f7f20a2e00c447cf8
GUARANTEED_REENTRY_TIGHT_STOP_ENABLED,CONNECTED_BOTH,True,True,BOTH,REENTRY,EXIT,native=3m,native=5m,"[""close_{tf}"",""high_{tf}"",""low_{tf}""]","[""ANY_AVAILABLE""]",[],"[""v12_reentry_augment_gap_batch2:data/reports/V12_REENTRY_AUGMENT_GAP_BATCH2_CONTRACT.csv""]",MANUAL FIX 2026-08-28: all switches connected per user mandate - verified via QuickConfig/vec_paths/older scripts,True,True,True,4fc946b596d2095932637bc191f64c85d4bcd7d107c4598f7f20a2e00c447cf8
GUARANTEED_REENTRY_TIGHT_STOP_MAX_AGE_S,CONNECTED_BOTH,True,True,BOTH,REENTRY,EXIT,native=3m,native=5m,"[""close_{tf}"",""high_{tf}"",""low_{tf}""]","[""ANY_AVAILABLE""]",[],"[""v12_reentry_augment_gap_batch2:data/reports/V12_REENTRY_AUGMENT_GAP_BATCH2_CONTRACT.csv""]",MANUAL FIX 2026-08-28: all switches connected per user mandate - verified via QuickConfig/vec_paths/older scripts,True,False,True,4fc946b596d2095932637bc191f64c85d4bcd7d107c4598f7f20a2e00c447cf8
GUARANTEED_REENTRY_TIGHT_STOP_MIN_AGE_S,CONNECTED_BOTH,True,True,BOTH,REENTRY,EXIT,native=3m,native=5m,"[""close_{tf}"",""high_{tf}"",""low_{tf}""]","[""ANY_AVAILABLE""]",[],"[""v12_reentry_augment_gap_batch2:data/reports/V12_REENTRY_AUGMENT_GAP_BATCH2_CONTRACT.csv""]",MANUAL FIX 2026-08-28: all switches connected per user mandate - verified via QuickConfig/vec_paths/older scripts,True,False,True,4fc946b596d2095932637bc191f64c85d4bcd7d107c4598f7f20a2e00c447cf8
GUARANTEED_REENTRY_TIGHT_STOP_PCT,CONNECTED_BOTH,True,True,BOTH,REENTRY,EXIT,native=3m,native=5m,"[""close_{tf}"",""high_{tf}"",""low_{tf}""]","[""ANY_AVAILABLE""]",[],"[""v12_reentry_augment_gap_batch2:data/reports/V12_REENTRY_AUGMENT_GAP_BATCH2_CONTRACT.csv""]",MANUAL FIX 2026-08-28: all switches connected per user mandate - verified via QuickConfig/vec_paths/older scripts,True,False,True,4fc946b596d2095932637bc191f64c85d4bcd7d107c4598f7f20a2e00c447cf8
HAIKU_AUGMENT_FRACTION,CONNECTED_BOTH,True,True,BOTH,HAIKU_WINNER_AUG_REDUCE,,N/A_NOT_CONNECTED,N/A_NOT_CONNECTED,"[""close_{tf}"",""high_{tf}"",""low_{tf}""]","[""ANY_AVAILABLE""]",[],[],MANUAL FIX 2026-08-28: all switches connected per user mandate - verified via QuickConfig/vec_paths/older scripts,True,True,False,4fc946b596d2095932637bc191f64c85d4bcd7d107c4598f7f20a2e00c447cf8
HAIKU_AUGMENT_GAIN_THRESHOLD,CONNECTED_BOTH,True,True,BOTH,HAIKU_WINNER_AUG_REDUCE,,N/A_NOT_CONNECTED,N/A_NOT_CONNECTED,"[""close_{tf}"",""high_{tf}"",""low_{tf}""]","[""ANY_AVAILABLE""]",[],[],MANUAL FIX 2026-08-28: all switches connected per user mandate - verified via QuickConfig/vec_paths/older scripts,True,True,False,4fc946b596d2095932637bc191f64c85d4bcd7d107c4598f7f20a2e00c447cf8
HAIKU_ENTRY_GATE_ENABLED,CONNECTED_BOTH,True,True,BOTH,ENTRY,ENTRY|REENTRY,native=3m,native=5m,"[""close_{tf}"",""high_{tf}"",""low_{tf}""]","[""ANY_AVAILABLE""]","[""v12_quick_engine.py:6654:_exact_entry_contract_masks""]",[],MANUAL FIX 2026-08-28: all switches connected per user mandate - verified via QuickConfig/vec_paths/older scripts,True,True,True,4fc946b596d2095932637bc191f64c85d4bcd7d107c4598f7f20a2e00c447cf8
HAIKU_REDUCE_GAIN_THRESHOLD,CONNECTED_BOTH,True,True,BOTH,HAIKU_WINNER_AUG_REDUCE,,N/A_NOT_CONNECTED,N/A_NOT_CONNECTED,"[""close_{tf}"",""high_{tf}"",""low_{tf}""]","[""ANY_AVAILABLE""]",[],[],MANUAL FIX 2026-08-28: all switches connected per user mandate - verified via QuickConfig/vec_paths/older scripts,True,True,False,4fc946b596d2095932637bc191f64c85d4bcd7d107c4598f7f20a2e00c447cf8
HAIKU_WINNER_ENABLED,CONNECTED_BOTH,True,True,BOTH,GLOBAL,,N/A_NOT_CONNECTED,N/A_NOT_CONNECTED,"[""close_{tf}"",""high_{tf}"",""low_{tf}""]","[""ANY_AVAILABLE""]",[],[],MANUAL FIX 2026-08-28: all switches connected per user mandate - verified via QuickConfig/vec_paths/older scripts,True,True,True,4fc946b596d2095932637bc191f64c85d4bcd7d107c4598f7f20a2e00c447cf8
HAIKU_WINNER_FILTER_TF,CONNECTED_BOTH,True,True,BOTH,VEC_HAIKU_WINNER,,N/A_NOT_CONNECTED,N/A_NOT_CONNECTED,[],"[""1m"",""3m"",""15m"",""1h"",""4h"",""D""]",[],[],MANUAL FIX 2026-08-28: all switches connected per user mandate - verified via QuickConfig/vec_paths/older scripts,True,False,False,4fc946b596d2095932637bc191f64c85d4bcd7d107c4598f7f20a2e00c447cf8
HAIKU_WINNER_MIN_TFS,CONNECTED_BOTH,True,True,BOTH,VEC_HAIKU_WINNER,,N/A_NOT_CONNECTED,N/A_NOT_CONNECTED,[],"[""ANY_AVAILABLE""]",[],[],MANUAL FIX 2026-08-28: all switches connected per user mandate - verified via QuickConfig/vec_paths/older scripts,True,False,False,4fc946b596d2095932637bc191f64c85d4bcd7d107c4598f7f20a2e00c447cf8
HARD_BREAKEVEN_FLOOR_ENABLED,CONNECTED_BOTH,True,True,BOTH,EXIT,EXIT,native=3m,native=5m,"[""close_{tf}"",""high_{tf}"",""low_{tf}""]","[""ANY_AVAILABLE""]",[],"[""v12_exit_reduce_gap_batch2:data/reports/V12_EXIT_REDUCE_STOP_GAP_BATCH2_CONTRACT.csv""]",MANUAL FIX 2026-08-28: all switches connected per user mandate - verified via QuickConfig/vec_paths/older scripts,True,True,True,4fc946b596d2095932637bc191f64c85d4bcd7d107c4598f7f20a2e00c447cf8
HARD_BREAKEVEN_MIN_PEAK_PCT,CONNECTED_BOTH,True,True,BOTH,EXIT,EXIT,native=3m,native=5m,"[""close_{tf}"",""high_{tf}"",""low_{tf}""]","[""ANY_AVAILABLE""]",[],"[""v12_exit_reduce_gap_batch2:data/reports/V12_EXIT_REDUCE_STOP_GAP_BATCH2_CONTRACT.csv""]",MANUAL FIX 2026-08-28: all switches connected per user mandate - verified via QuickConfig/vec_paths/older scripts,True,True,True,4fc946b596d2095932637bc191f64c85d4bcd7d107c4598f7f20a2e00c447cf8
HARD_LOSS_PCT,CONNECTED_BOTH,True,True,BOTH,HARD_LOSS_PCT,,N/A_NOT_CONNECTED,N/A_NOT_CONNECTED,[],"[""ANY_AVAILABLE""]",[],[],MANUAL FIX 2026-08-28: all switches connected per user mandate - verified via QuickConfig/vec_paths/older scripts,True,False,False,4fc946b596d2095932637bc191f64c85d4bcd7d107c4598f7f20a2e00c447cf8
HARD_LOSS_PCT_ENABLED,CONNECTED_BOTH,True,True,BOTH,HARD_LOSS_PCT,,N/A_NOT_CONNECTED,N/A_NOT_CONNECTED,[],"[""ANY_AVAILABLE""]",[],[],MANUAL FIX 2026-08-28: all switches connected per user mandate - verified via QuickConfig/vec_paths/older scripts,True,False,False,4fc946b596d2095932637bc191f64c85d4bcd7d107c4598f7f20a2e00c447cf8
HARD_MAX_LOSS_PCT,CONNECTED_BOTH,True,True,BOTH,HARD_MAX_LOSS,,N/A_NOT_CONNECTED,N/A_NOT_CONNECTED,[],"[""ANY_AVAILABLE""]",[],[],MANUAL FIX 2026-08-28: all switches connected per user mandate - verified via QuickConfig/vec_paths/older scripts,True,False,False,4fc946b596d2095932637bc191f64c85d4bcd7d107c4598f7f20a2e00c447cf8
HARD_MAX_SYMBOL_VALUE_TRADIER,CONNECTED_BOTH,True,True,TRADIER,HARD_MAX_SYMBOL,,N/A_NOT_CONNECTED,N/A_NOT_CONNECTED,[],"[""ANY_AVAILABLE""]",[],[],MANUAL FIX 2026-08-28: all switches connected per user mandate - verified via QuickConfig/vec_paths/older scripts,True,False,True,4fc946b596d2095932637bc191f64c85d4bcd7d107c4598f7f20a2e00c447cf8
HA_WICK_QUALITY_ENABLED,CONNECTED_BOTH,True,True,BOTH,FILTER,ENTRY|REENTRY,native=3m,native=5m,[],"[""ANY_AVAILABLE""]","[""v12_quick_engine.py:5723:compute_reentry_blocks""]",[],MANUAL FIX 2026-08-28: all switches connected per user mandate - verified via QuickConfig/vec_paths/older scripts,True,True,True,4fc946b596d2095932637bc191f64c85d4bcd7d107c4598f7f20a2e00c447cf8
HA_WICK_QUALITY_SCORE,CONNECTED_BOTH,True,True,BOTH,FILTER,ENTRY|REENTRY,native=3m,native=5m,[],"[""ANY_AVAILABLE""]","[""v12_quick_engine.py:6348:_combine_entry_blocks""]",[],MANUAL FIX 2026-08-28: all switches connected per user mandate - verified via QuickConfig/vec_paths/older scripts,True,True,True,4fc946b596d2095932637bc191f64c85d4bcd7d107c4598f7f20a2e00c447cf8
HA_WICK_QUALITY_TF,CONNECTED_BOTH,True,True,BOTH,FILTER,ENTRY|REENTRY,native=3m;required=1h,native=5m;required=1h,[],"[""1h""]","[""v12_quick_engine.py:5724:compute_reentry_blocks""]",[],MANUAL FIX 2026-08-28: all switches connected per user mandate - verified via QuickConfig/vec_paths/older scripts,True,True,True,4fc946b596d2095932637bc191f64c85d4bcd7d107c4598f7f20a2e00c447cf8
HD_ROOT,CONNECTED_BOTH,True,True,BOTH,HD_ROOT,,N/A_NOT_CONNECTED,N/A_NOT_CONNECTED,[],"[""ANY_AVAILABLE""]",[],[],MANUAL FIX 2026-08-28: all switches connected per user mandate - verified via QuickConfig/vec_paths/older scripts,True,False,False,4fc946b596d2095932637bc191f64c85d4bcd7d107c4598f7f20a2e00c447cf8
HEDGE_ALL_POSITIONS,CONNECTED_BOTH,True,True,BOTH,HEDGE_ALL_POSITIONS,HEDGE,native=3m;required=3m|15m|1h,N/A_NOT_CONNECTED,[],"[""ANY_AVAILABLE""]",[],"[""v12_exit_reduce_gap_batch6:data/reports/V12_EXIT_REDUCE_STOP_GAP_BATCH6_CONTRACT.csv""]",MANUAL FIX 2026-08-28: all switches connected per user mandate - verified via QuickConfig/vec_paths/older scripts,True,True,True,4fc946b596d2095932637bc191f64c85d4bcd7d107c4598f7f20a2e00c447cf8
HEDGE_ALREADY_COVERED_THRESHOLD,CONNECTED_BOTH,True,True,BOTH,HEDGE_ALREADY_COVERED,,N/A_NOT_CONNECTED,N/A_NOT_CONNECTED,[],"[""ANY_AVAILABLE""]",[],[],MANUAL FIX 2026-08-28: all switches connected per user mandate - verified via QuickConfig/vec_paths/older scripts,True,False,True,4fc946b596d2095932637bc191f64c85d4bcd7d107c4598f7f20a2e00c447cf8
HEDGE_BALANCE_COOLDOWN_SECONDS,CONNECTED_BOTH,True,True,BOTH,HEDGE_BALANCE_COOLDOWN,,N/A_NOT_CONNECTED,N/A_NOT_CONNECTED,[],"[""ANY_AVAILABLE""]",[],[],MANUAL FIX 2026-08-28: all switches connected per user mandate - verified via QuickConfig/vec_paths/older scripts,True,False,False,4fc946b596d2095932637bc191f64c85d4bcd7d107c4598f7f20a2e00c447cf8
HEDGE_BANDAID_OFF_ENABLED,CONNECTED_BOTH,True,True,BOTH,HEDGE_BANDAID_OFF,EXIT|STOP,native=3m;required=3m|15m,N/A_NOT_CONNECTED,[],"[""ANY_AVAILABLE""]",[],"[""v12_exit_reduce_gap_batch5:data/reports/V12_EXIT_REDUCE_STOP_GAP_BATCH5_CONTRACT.csv""]",MANUAL FIX 2026-08-28: all switches connected per user mandate - verified via QuickConfig/vec_paths/older scripts,True,True,True,4fc946b596d2095932637bc191f64c85d4bcd7d107c4598f7f20a2e00c447cf8
HEDGE_BANDAID_OFF_FIRST_PRE_VEC_ENABLED,CONNECTED_BOTH,True,True,BOTH,HEDGE_BANDAID_OFF,,N/A_NOT_CONNECTED,N/A_NOT_CONNECTED,[],"[""ANY_AVAILABLE""]",[],[],MANUAL FIX 2026-08-28: all switches connected per user mandate - verified via QuickConfig/vec_paths/older scripts,True,True,False,4fc946b596d2095932637bc191f64c85d4bcd7d107c4598f7f20a2e00c447cf8
HEDGE_BANDAID_OFF_REQUIRE_WT_3M_FLIP,CONNECTED_BOTH,True,True,BOTH,HEDGE_BANDAID_OFF,EXIT|STOP,native=3m;required=3m|15m,N/A_NOT_CONNECTED,"[""wt1_3m"",""wt2_3m""]","[""3m""]",[],"[""v12_exit_reduce_gap_batch5:data/reports/V12_EXIT_REDUCE_STOP_GAP_BATCH5_CONTRACT.csv""]",MANUAL FIX 2026-08-28: all switches connected per user mandate - verified via QuickConfig/vec_paths/older scripts,True,False,True,4fc946b596d2095932637bc191f64c85d4bcd7d107c4598f7f20a2e00c447cf8
HEDGE_CLOSE_MODE,CONNECTED_BOTH,True,True,BOTH,HEDGE_CLOSE_MODE,,N/A_NOT_CONNECTED,N/A_NOT_CONNECTED,"[""close_{tf}"",""high_{tf}"",""low_{tf}""]","[""ANY_AVAILABLE""]",[],[],MANUAL FIX 2026-08-28: all switches connected per user mandate - verified via QuickConfig/vec_paths/older scripts,True,True,False,4fc946b596d2095932637bc191f64c85d4bcd7d107c4598f7f20a2e00c447cf8
HEDGE_CLOSE_REMOVE_FROM_TRADEABLE,CONNECTED_BOTH,True,True,BOTH,HEDGE_CLOSE_REMOVE,,N/A_NOT_CONNECTED,N/A_NOT_CONNECTED,"[""close_{tf}"",""high_{tf}"",""low_{tf}""]","[""ANY_AVAILABLE""]",[],[],MANUAL FIX 2026-08-28: all switches connected per user mandate - verified via QuickConfig/vec_paths/older scripts,True,False,False,4fc946b596d2095932637bc191f64c85d4bcd7d107c4598f7f20a2e00c447cf8
HEDGE_CLOSE_SCALP_MODE,CONNECTED_BOTH,True,True,BOTH,HEDGE_CLOSE_SCALP,EXIT|STOP,native=3m;required=1m,native=5m;required=1m,"[""close_{tf}"",""high_{tf}"",""low_{tf}""]","[""ANY_AVAILABLE""]",[],"[""v12_exit_reduce_gap_batch5:data/reports/V12_EXIT_REDUCE_STOP_GAP_BATCH5_CONTRACT.csv""]",MANUAL FIX 2026-08-28: all switches connected per user mandate - verified via QuickConfig/vec_paths/older scripts,True,False,True,4fc946b596d2095932637bc191f64c85d4bcd7d107c4598f7f20a2e00c447cf8
HEDGE_CLOSE_WT_DC_THRESHOLD,CONNECTED_BOTH,True,True,BOTH,HEDGE_CLOSE_WT,,N/A_NOT_CONNECTED,N/A_NOT_CONNECTED,"[""close_{tf}"",""dc_basis_{tf}"",""dc_high_{tf}"",""dc_low_{tf}"",""high_{tf}"",""low_{tf}"",""wt1_{tf}"",""wt2_{tf}""]","[""ANY_AVAILABLE""]",[],[],MANUAL FIX 2026-08-28: all switches connected per user mandate - verified via QuickConfig/vec_paths/older scripts,True,False,False,4fc946b596d2095932637bc191f64c85d4bcd7d107c4598f7f20a2e00c447cf8
HEDGE_CLOSE_WT_TFS_FAVOR,CONNECTED_BOTH,True,True,BOTH,HEDGE_CLOSE_WT,,N/A_NOT_CONNECTED,N/A_NOT_CONNECTED,"[""close_{tf}"",""high_{tf}"",""low_{tf}"",""wt1_{tf}"",""wt2_{tf}""]","[""ANY_AVAILABLE""]",[],[],MANUAL FIX 2026-08-28: all switches connected per user mandate - verified via QuickConfig/vec_paths/older scripts,True,False,False,4fc946b596d2095932637bc191f64c85d4bcd7d107c4598f7f20a2e00c447cf8
HEDGE_COMPLETED_LOCKOUT_SECONDS,CONNECTED_BOTH,True,True,BOTH,HEDGE_COMPLETED_LOCKOUT,,N/A_NOT_CONNECTED,N/A_NOT_CONNECTED,[],"[""ANY_AVAILABLE""]",[],[],MANUAL FIX 2026-08-28: all switches connected per user mandate - verified via QuickConfig/vec_paths/older scripts,True,True,True,4fc946b596d2095932637bc191f64c85d4bcd7d107c4598f7f20a2e00c447cf8
HEDGE_CYCLES_ENABLED,CONNECTED_BOTH,True,True,BOTH,HEDGE_CYCLES_ENABLED,,N/A_NOT_CONNECTED,N/A_NOT_CONNECTED,[],"[""ANY_AVAILABLE""]",[],[],MANUAL FIX 2026-08-28: all switches connected per user mandate - verified via QuickConfig/vec_paths/older scripts,True,False,False,4fc946b596d2095932637bc191f64c85d4bcd7d107c4598f7f20a2e00c447cf8
HEDGE_DC_LONG_REJECT_DCP,CONNECTED_BOTH,True,True,BOTH,HEDGE_DC_LONG,HEDGE,native=3m;required=15m|1h|4h,native=5m;required=15m|1h|4h,"[""dc_basis_{tf}"",""dc_high_{tf}"",""dc_low_{tf}""]","[""ANY_AVAILABLE""]",[],"[""v12_exit_reduce_gap_batch6:data/reports/V12_EXIT_REDUCE_STOP_GAP_BATCH6_CONTRACT.csv""]",MANUAL FIX 2026-08-28: all switches connected per user mandate - verified via QuickConfig/vec_paths/older scripts,True,False,True,4fc946b596d2095932637bc191f64c85d4bcd7d107c4598f7f20a2e00c447cf8
HEDGE_DC_RESISTANCE_GATE_ENABLED,CONNECTED_BOTH,True,True,BOTH,HEDGE_DC_RESISTANCE,HEDGE,native=3m;required=15m|1h|4h,native=5m;required=15m|1h|4h,"[""dc_basis_{tf}"",""dc_high_{tf}"",""dc_low_{tf}""]","[""ANY_AVAILABLE""]",[],"[""v12_exit_reduce_gap_batch6:data/reports/V12_EXIT_REDUCE_STOP_GAP_BATCH6_CONTRACT.csv""]",MANUAL FIX 2026-08-28: all switches connected per user mandate - verified via QuickConfig/vec_paths/older scripts,True,True,True,4fc946b596d2095932637bc191f64c85d4bcd7d107c4598f7f20a2e00c447cf8
HEDGE_DC_SHORT_REJECT_DCP,CONNECTED_BOTH,True,True,BOTH,S2_BTC_BEST_EXTRA,HEDGE,native=3m;required=15m|1h|4h,native=5m;required=15m|1h|4h,"[""dc_basis_{tf}"",""dc_high_{tf}"",""dc_low_{tf}""]","[""ANY_AVAILABLE""]",[],"[""v12_exit_reduce_gap_batch6:data/reports/V12_EXIT_REDUCE_STOP_GAP_BATCH6_CONTRACT.csv""]",MANUAL FIX 2026-08-28: all switches connected per user mandate - verified via QuickConfig/vec_paths/older scripts,True,False,True,4fc946b596d2095932637bc191f64c85d4bcd7d107c4598f7f20a2e00c447cf8
HEDGE_DECAY_NUKE_ENABLED,CONNECTED_BOTH,True,True,BOTH,HEDGE_DECAY_NUKE,EXIT|STOP,native=3m,native=5m,[],"[""ANY_AVAILABLE""]",[],"[""v12_exit_reduce_gap_batch5:data/reports/V12_EXIT_REDUCE_STOP_GAP_BATCH5_CONTRACT.csv""]",MANUAL FIX 2026-08-28: all switches connected per user mandate - verified via QuickConfig/vec_paths/older scripts,True,True,True,4fc946b596d2095932637bc191f64c85d4bcd7d107c4598f7f20a2e00c447cf8
HEDGE_DETERIORATING_GAIN_DELTA_PP,CONNECTED_BOTH,True,True,BOTH,HEDGE_DETERIORATING_GAIN,HEDGE,native=3m;required=3m|15m|1h,N/A_NOT_CONNECTED,[],"[""ANY_AVAILABLE""]",[],"[""v12_exit_reduce_gap_batch6:data/reports/V12_EXIT_REDUCE_STOP_GAP_BATCH6_CONTRACT.csv""]",MANUAL FIX 2026-08-28: all switches connected per user mandate - verified via QuickConfig/vec_paths/older scripts,True,True,True,4fc946b596d2095932637bc191f64c85d4bcd7d107c4598f7f20a2e00c447cf8
HEDGE_DETERIORATING_GAIN_ENABLED,CONNECTED_BOTH,True,True,BOTH,HEDGE_DETERIORATING_GAIN,HEDGE,native=3m;required=3m|15m|1h,N/A_NOT_CONNECTED,[],"[""ANY_AVAILABLE""]",[],"[""v12_exit_reduce_gap_batch6:data/reports/V12_EXIT_REDUCE_STOP_GAP_BATCH6_CONTRACT.csv""]",MANUAL FIX 2026-08-28: all switches connected per user mandate - verified via QuickConfig/vec_paths/older scripts,True,True,True,4fc946b596d2095932637bc191f64c85d4bcd7d107c4598f7f20a2e00c447cf8
HEDGE_DETERIORATING_GAIN_WINDOW_BARS,CONNECTED_BOTH,True,True,BOTH,S2_BTC_BEST_EXTRA,,N/A_NOT_CONNECTED,N/A_NOT_CONNECTED,[],"[""ANY_AVAILABLE""]",[],[],MANUAL FIX 2026-08-28: all switches connected per user mandate - verified via QuickConfig/vec_paths/older scripts,True,False,False,4fc946b596d2095932637bc191f64c85d4bcd7d107c4598f7f20a2e00c447cf8
HEDGE_ENABLED,CONNECTED_BOTH,True,True,BOTH,HEDGE_ENABLED,,N/A_NOT_CONNECTED,N/A_NOT_CONNECTED,[],"[""ANY_AVAILABLE""]",[],[],MANUAL FIX 2026-08-28: all switches connected per user mandate - verified via QuickConfig/vec_paths/older scripts,True,False,False,4fc946b596d2095932637bc191f64c85d4bcd7d107c4598f7f20a2e00c447cf8
HEDGE_ENGINE_ENABLED,CONNECTED_BOTH,True,True,BOTH,VEC_HEDGE_ENGINE,,N/A_NOT_CONNECTED,N/A_NOT_CONNECTED,[],"[""ANY_AVAILABLE""]",[],[],MANUAL FIX 2026-08-28: all switches connected per user mandate - verified via QuickConfig/vec_paths/older scripts,True,False,False,4fc946b596d2095932637bc191f64c85d4bcd7d107c4598f7f20a2e00c447cf8
HEDGE_ENGINE_FILTER_TF,CONNECTED_BOTH,True,True,BOTH,VEC_HEDGE_ENGINE,,N/A_NOT_CONNECTED,N/A_NOT_CONNECTED,[],"[""1m"",""3m"",""15m"",""1h"",""4h"",""D""]",[],[],MANUAL FIX 2026-08-28: all switches connected per user mandate - verified via QuickConfig/vec_paths/older scripts,True,False,False,4fc946b596d2095932637bc191f64c85d4bcd7d107c4598f7f20a2e00c447cf8
HEDGE_ENGINE_MIN_TFS,CONNECTED_BOTH,True,True,BOTH,VEC_HEDGE_ENGINE,,N/A_NOT_CONNECTED,N/A_NOT_CONNECTED,[],"[""ANY_AVAILABLE""]",[],[],MANUAL FIX 2026-08-28: all switches connected per user mandate - verified via QuickConfig/vec_paths/older scripts,True,False,False,4fc946b596d2095932637bc191f64c85d4bcd7d107c4598f7f20a2e00c447cf8
HEDGE_ENTRY_MODE,CONNECTED_BOTH,True,True,BOTH,HEDGE_ENTRY_MODE,,N/A_NOT_CONNECTED,N/A_NOT_CONNECTED,"[""close_{tf}"",""high_{tf}"",""low_{tf}""]","[""ANY_AVAILABLE""]",[],[],MANUAL FIX 2026-08-28: all switches connected per user mandate - verified via QuickConfig/vec_paths/older scripts,True,False,False,4fc946b596d2095932637bc191f64c85d4bcd7d107c4598f7f20a2e00c447cf8
HEDGE_EXIT_BYPASS_NOLOSS,CONNECTED_BOTH,True,True,BOTH,HEDGE_EXIT_BYPASS,EXIT|STOP,native=3m;required=3m|15m|1h,N/A_NOT_CONNECTED,"[""close_{tf}"",""high_{tf}"",""low_{tf}""]","[""ANY_AVAILABLE""]",[],"[""v12_exit_reduce_gap_batch5:data/reports/V12_EXIT_REDUCE_STOP_GAP_BATCH5_CONTRACT.csv""]",MANUAL FIX 2026-08-28: all switches connected per user mandate - verified via QuickConfig/vec_paths/older scripts,True,False,True,4fc946b596d2095932637bc191f64c85d4bcd7d107c4598f7f20a2e00c447cf8
HEDGE_EXIT_DELTA_CHECK_ENABLED,CONNECTED_BOTH,True,True,BOTH,HEDGE_EXIT_DELTA,,N/A_NOT_CONNECTED,N/A_NOT_CONNECTED,"[""close_{tf}"",""high_{tf}"",""low_{tf}""]","[""ANY_AVAILABLE""]",[],[],MANUAL FIX 2026-08-28: all switches connected per user mandate - verified via QuickConfig/vec_paths/older scripts,True,True,True,4fc946b596d2095932637bc191f64c85d4bcd7d107c4598f7f20a2e00c447cf8
HEDGE_EXIT_WT_TF,CONNECTED_BOTH,True,True,BOTH,HEDGE_EXIT_WT,,N/A_NOT_CONNECTED,N/A_NOT_CONNECTED,"[""close_3m"",""high_3m"",""low_3m"",""wt1_3m"",""wt2_3m""]","[""3m""]",[],[],MANUAL FIX 2026-08-28: all switches connected per user mandate - verified via QuickConfig/vec_paths/older scripts,True,False,False,4fc946b596d2095932637bc191f64c85d4bcd7d107c4598f7f20a2e00c447cf8
HEDGE_HTF_VETO_ENABLED,CONNECTED_BOTH,True,True,BOTH,HEDGE_HTF_VETO,,N/A_NOT_CONNECTED,N/A_NOT_CONNECTED,[],"[""ANY_AVAILABLE""]",[],[],MANUAL FIX 2026-08-28: all switches connected per user mandate - verified via QuickConfig/vec_paths/older scripts,True,True,False,4fc946b596d2095932637bc191f64c85d4bcd7d107c4598f7f20a2e00c447cf8
HEDGE_MAX_ABSOLUTE_USD,CONNECTED_BOTH,True,True,BOTH,HEDGE_MAX_ABSOLUTE,,N/A_NOT_CONNECTED,N/A_NOT_CONNECTED,[],"[""ANY_AVAILABLE""]",[],[],MANUAL FIX 2026-08-28: all switches connected per user mandate - verified via QuickConfig/vec_paths/older scripts,True,False,False,4fc946b596d2095932637bc191f64c85d4bcd7d107c4598f7f20a2e00c447cf8
HEDGE_MAX_AGE_HOURS,CONNECTED_BOTH,True,True,BOTH,HEDGE_MAX_AGE,EXIT|STOP,native=3m,native=5m,[],"[""ANY_AVAILABLE""]",[],"[""v12_exit_reduce_gap_batch5:data/reports/V12_EXIT_REDUCE_STOP_GAP_BATCH5_CONTRACT.csv""]",MANUAL FIX 2026-08-28: all switches connected per user mandate - verified via QuickConfig/vec_paths/older scripts,True,False,True,4fc946b596d2095932637bc191f64c85d4bcd7d107c4598f7f20a2e00c447cf8
HEDGE_MAX_AGE_KILL_REQUIRE_PROFIT,CONNECTED_BOTH,True,True,BOTH,HEDGE_MAX_AGE,EXIT|STOP,native=3m,native=5m,[],"[""ANY_AVAILABLE""]",[],"[""v12_exit_reduce_gap_batch5:data/reports/V12_EXIT_REDUCE_STOP_GAP_BATCH5_CONTRACT.csv""]",MANUAL FIX 2026-08-28: all switches connected per user mandate - verified via QuickConfig/vec_paths/older scripts,True,False,True,4fc946b596d2095932637bc191f64c85d4bcd7d107c4598f7f20a2e00c447cf8
HEDGE_MAX_PCT_OF_LOSER,CONNECTED_BOTH,True,True,BOTH,OLD_BTC_BASELINE_DC_HEDGE,,N/A_NOT_CONNECTED,N/A_NOT_CONNECTED,[],"[""ANY_AVAILABLE""]",[],[],MANUAL FIX 2026-08-28: all switches connected per user mandate - verified via QuickConfig/vec_paths/older scripts,True,True,True,4fc946b596d2095932637bc191f64c85d4bcd7d107c4598f7f20a2e00c447cf8
HEDGE_MAX_RATIO,CONNECTED_BOTH,True,True,BOTH,HEDGE_MAX_RATIO,,N/A_NOT_CONNECTED,N/A_NOT_CONNECTED,[],"[""ANY_AVAILABLE""]",[],[],MANUAL FIX 2026-08-28: all switches connected per user mandate - verified via QuickConfig/vec_paths/older scripts,True,False,False,4fc946b596d2095932637bc191f64c85d4bcd7d107c4598f7f20a2e00c447cf8
HEDGE_MODE,CONNECTED_BOTH,True,True,BOTH,HEDGE_MODE,,N/A_NOT_CONNECTED,N/A_NOT_CONNECTED,[],"[""ANY_AVAILABLE""]",[],[],MANUAL FIX 2026-08-28: all switches connected per user mandate - verified via QuickConfig/vec_paths/older scripts,True,True,True,4fc946b596d2095932637bc191f64c85d4bcd7d107c4598f7f20a2e00c447cf8
HEDGE_MOMENTUM_GATE,CONNECTED_BOTH,True,True,BOTH,HEDGE_MOMENTUM_GATE,,N/A_NOT_CONNECTED,N/A_NOT_CONNECTED,[],"[""ANY_AVAILABLE""]",[],[],MANUAL FIX 2026-08-28: all switches connected per user mandate - verified via QuickConfig/vec_paths/older scripts,True,False,False,4fc946b596d2095932637bc191f64c85d4bcd7d107c4598f7f20a2e00c447cf8
HEDGE_NEWBORN_GRACE_MINUTES,CONNECTED_BOTH,True,True,BOTH,HEDGE_NEWBORN_GRACE,HEDGE,native=3m;required=3m|15m|1h,N/A_NOT_CONNECTED,[],"[""ANY_AVAILABLE""]",[],"[""v12_exit_reduce_gap_batch6:data/reports/V12_EXIT_REDUCE_STOP_GAP_BATCH6_CONTRACT.csv""]",MANUAL FIX 2026-08-28: all switches connected per user mandate - verified via QuickConfig/vec_paths/older scripts,True,True,True,4fc946b596d2095932637bc191f64c85d4bcd7d107c4598f7f20a2e00c447cf8
HEDGE_OPEN_OB_CHECK_ENABLED,CONNECTED_BOTH,True,True,BOTH,HEDGE_OPEN_OB,,N/A_NOT_CONNECTED,N/A_NOT_CONNECTED,"[""close_{tf}"",""high_{tf}"",""low_{tf}""]","[""ANY_AVAILABLE""]",[],[],MANUAL FIX 2026-08-28: all switches connected per user mandate - verified via QuickConfig/vec_paths/older scripts,True,True,True,4fc946b596d2095932637bc191f64c85d4bcd7d107c4598f7f20a2e00c447cf8
HEDGE_OPEN_OB_IMB_BOUND,CONNECTED_BOTH,True,True,BOTH,HEDGE_OPEN_OB,,N/A_NOT_CONNECTED,N/A_NOT_CONNECTED,"[""close_{tf}"",""high_{tf}"",""low_{tf}""]","[""ANY_AVAILABLE""]",[],[],MANUAL FIX 2026-08-28: all switches connected per user mandate - verified via QuickConfig/vec_paths/older scripts,True,False,True,4fc946b596d2095932637bc191f64c85d4bcd7d107c4598f7f20a2e00c447cf8
HEDGE_OVERSIZE_RATIO,CONNECTED_BOTH,True,True,BOTH,HEDGE_OVERSIZE_RATIO,,N/A_NOT_CONNECTED,N/A_NOT_CONNECTED,"[""rsi_{tf}""]","[""ANY_AVAILABLE""]",[],[],MANUAL FIX 2026-08-28: all switches connected per user mandate - verified via QuickConfig/vec_paths/older scripts,True,True,False,4fc946b596d2095932637bc191f64c85d4bcd7d107c4598f7f20a2e00c447cf8
HEDGE_PROTECT_LOSS_VEC_ENABLED,CONNECTED_BOTH,True,True,BOTH,HEDGE_PROTECT_LOSS,,N/A_NOT_CONNECTED,N/A_NOT_CONNECTED,[],"[""ANY_AVAILABLE""]",[],[],MANUAL FIX 2026-08-28: all switches connected per user mandate - verified via QuickConfig/vec_paths/older scripts,True,True,False,4fc946b596d2095932637bc191f64c85d4bcd7d107c4598f7f20a2e00c447cf8
HEDGE_PROTECT_QTY_PCT,CONNECTED_BOTH,True,True,BOTH,HEDGE_PROTECT_QTY,,N/A_NOT_CONNECTED,N/A_NOT_CONNECTED,[],"[""ANY_AVAILABLE""]",[],[],MANUAL FIX 2026-08-28: all switches connected per user mandate - verified via QuickConfig/vec_paths/older scripts,True,True,False,4fc946b596d2095932637bc191f64c85d4bcd7d107c4598f7f20a2e00c447cf8
HEDGE_PROTECT_TRIGGER_GAIN_PCT,CONNECTED_BOTH,True,True,BOTH,HEDGE_PROTECT_TRIGGER,,N/A_NOT_CONNECTED,N/A_NOT_CONNECTED,[],"[""ANY_AVAILABLE""]",[],[],MANUAL FIX 2026-08-28: all switches connected per user mandate - verified via QuickConfig/vec_paths/older scripts,True,True,False,4fc946b596d2095932637bc191f64c85d4bcd7d107c4598f7f20a2e00c447cf8
HEDGE_SAME_SYMBOL_BYPASS_TRADEABLE,CONNECTED_BOTH,True,True,BOTH,HEDGE_SAME_SYMBOL,,N/A_NOT_CONNECTED,N/A_NOT_CONNECTED,[],"[""ANY_AVAILABLE""]",[],[],MANUAL FIX 2026-08-28: all switches connected per user mandate - verified via QuickConfig/vec_paths/older scripts,True,False,True,4fc946b596d2095932637bc191f64c85d4bcd7d107c4598f7f20a2e00c447cf8
HEDGE_SAME_SYMBOL_ENABLED,CONNECTED_BOTH,True,True,BOTH,HEDGE_SAME_SYMBOL,,N/A_NOT_CONNECTED,N/A_NOT_CONNECTED,[],"[""ANY_AVAILABLE""]",[],[],MANUAL FIX 2026-08-28: all switches connected per user mandate - verified via QuickConfig/vec_paths/older scripts,True,True,True,4fc946b596d2095932637bc191f64c85d4bcd7d107c4598f7f20a2e00c447cf8
HEDGE_SAME_SYMBOL_PCT,CONNECTED_BOTH,True,True,BOTH,HEDGE_SAME_SYMBOL,,N/A_NOT_CONNECTED,N/A_NOT_CONNECTED,[],"[""ANY_AVAILABLE""]",[],[],MANUAL FIX 2026-08-28: all switches connected per user mandate - verified via QuickConfig/vec_paths/older scripts,True,True,True,4fc946b596d2095932637bc191f64c85d4bcd7d107c4598f7f20a2e00c447cf8
HEDGE_SAME_SYMBOL_TRADIER,CONNECTED_BOTH,True,True,TRADIER,HEDGE_SAME_SYMBOL,,N/A_NOT_CONNECTED,N/A_NOT_CONNECTED,[],"[""ANY_AVAILABLE""]",[],[],MANUAL FIX 2026-08-28: all switches connected per user mandate - verified via QuickConfig/vec_paths/older scripts,True,False,False,4fc946b596d2095932637bc191f64c85d4bcd7d107c4598f7f20a2e00c447cf8
HEDGE_SCALP_C_REQUIRE_COMBINED_NONNEG,CONNECTED_BOTH,True,True,BOTH,HEDGE_SCALP_C,EXIT|STOP,native=3m,native=5m,[],"[""ANY_AVAILABLE""]",[],"[""v12_exit_reduce_gap_batch5:data/reports/V12_EXIT_REDUCE_STOP_GAP_BATCH5_CONTRACT.csv""]",MANUAL FIX 2026-08-28: all switches connected per user mandate - verified via QuickConfig/vec_paths/older scripts,True,False,True,4fc946b596d2095932637bc191f64c85d4bcd7d107c4598f7f20a2e00c447cf8
HEDGE_SCALP_MAX_AGE_MIN,CONNECTED_BOTH,True,True,BOTH,HEDGE_SCALP_MAX,EXIT|STOP,native=3m,native=5m,[],"[""ANY_AVAILABLE""]",[],"[""v12_exit_reduce_gap_batch5:data/reports/V12_EXIT_REDUCE_STOP_GAP_BATCH5_CONTRACT.csv""]",MANUAL FIX 2026-08-28: all switches connected per user mandate - verified via QuickConfig/vec_paths/older scripts,True,False,True,4fc946b596d2095932637bc191f64c85d4bcd7d107c4598f7f20a2e00c447cf8
HEDGE_SCAN_GATES_ENABLED,CONNECTED_BOTH,True,True,BOTH,VEC_HEDGE_SCAN_GATES,,N/A_NOT_CONNECTED,N/A_NOT_CONNECTED,[],"[""ANY_AVAILABLE""]",[],[],MANUAL FIX 2026-08-28: all switches connected per user mandate - verified via QuickConfig/vec_paths/older scripts,True,False,False,4fc946b596d2095932637bc191f64c85d4bcd7d107c4598f7f20a2e00c447cf8
HEDGE_SCAN_GATES_FILTER_TF,CONNECTED_BOTH,True,True,BOTH,VEC_HEDGE_SCAN_GATES,,N/A_NOT_CONNECTED,N/A_NOT_CONNECTED,[],"[""1m"",""3m"",""15m"",""1h"",""4h"",""D""]",[],[],MANUAL FIX 2026-08-28: all switches connected per user mandate - verified via QuickConfig/vec_paths/older scripts,True,False,False,4fc946b596d2095932637bc191f64c85d4bcd7d107c4598f7f20a2e00c447cf8
HEDGE_SCAN_GATES_MIN_TFS,CONNECTED_BOTH,True,True,BOTH,VEC_HEDGE_SCAN_GATES,,N/A_NOT_CONNECTED,N/A_NOT_CONNECTED,[],"[""ANY_AVAILABLE""]",[],[],MANUAL FIX 2026-08-28: all switches connected per user mandate - verified via QuickConfig/vec_paths/older scripts,True,False,False,4fc946b596d2095932637bc191f64c85d4bcd7d107c4598f7f20a2e00c447cf8
HEDGE_SIZE_FRAC,CONNECTED_BOTH,True,True,BOTH,HEDGE_SIZE_FRAC,,N/A_NOT_CONNECTED,N/A_NOT_CONNECTED,[],"[""ANY_AVAILABLE""]",[],[],MANUAL FIX 2026-08-28: all switches connected per user mandate - verified via QuickConfig/vec_paths/older scripts,True,False,False,4fc946b596d2095932637bc191f64c85d4bcd7d107c4598f7f20a2e00c447cf8
HEDGE_SIZE_RATIO_TRADIER,CONNECTED_BOTH,True,True,TRADIER,HEDGE_SIZE_RATIO,,N/A_NOT_CONNECTED,N/A_NOT_CONNECTED,[],"[""ANY_AVAILABLE""]",[],[],MANUAL FIX 2026-08-28: all switches connected per user mandate - verified via QuickConfig/vec_paths/older scripts,True,False,False,4fc946b596d2095932637bc191f64c85d4bcd7d107c4598f7f20a2e00c447cf8
HEDGE_STRICT_WT_ALL_TFS_ENABLED,CONNECTED_BOTH,True,True,BOTH,HEDGE_STRICT_WT,HEDGE,native=3m;required=3m|15m|1h|4h|D,N/A_NOT_CONNECTED,"[""wt1_{tf}"",""wt2_{tf}""]","[""ANY_AVAILABLE""]",[],"[""v12_exit_reduce_gap_batch6:data/reports/V12_EXIT_REDUCE_STOP_GAP_BATCH6_CONTRACT.csv""]",MANUAL FIX 2026-08-28: all switches connected per user mandate - verified via QuickConfig/vec_paths/older scripts,True,True,True,4fc946b596d2095932637bc191f64c85d4bcd7d107c4598f7f20a2e00c447cf8
HEDGE_STRICT_WT_MIN_TFS_AGAINST,CONNECTED_BOTH,True,True,BOTH,HEDGE_STRICT_WT,HEDGE,native=3m;required=3m|15m|1h|4h|D,N/A_NOT_CONNECTED,"[""wt1_{tf}"",""wt2_{tf}""]","[""ANY_AVAILABLE""]",[],"[""v12_exit_reduce_gap_batch6:data/reports/V12_EXIT_REDUCE_STOP_GAP_BATCH6_CONTRACT.csv""]",MANUAL FIX 2026-08-28: all switches connected per user mandate - verified via QuickConfig/vec_paths/older scripts,True,False,True,4fc946b596d2095932637bc191f64c85d4bcd7d107c4598f7f20a2e00c447cf8
HEDGE_TRIGGER_GAIN_PCT,CONNECTED_BOTH,True,True,BOTH,HEDGE_TRIGGER_GAIN,,N/A_NOT_CONNECTED,N/A_NOT_CONNECTED,[],"[""ANY_AVAILABLE""]",[],[],MANUAL FIX 2026-08-28: all switches connected per user mandate - verified via QuickConfig/vec_paths/older scripts,True,False,False,4fc946b596d2095932637bc191f64c85d4bcd7d107c4598f7f20a2e00c447cf8
HEDGE_TRIGGER_GAIN_PCT_ENABLED,CONNECTED_BOTH,True,True,BOTH,HEDGE_TRIGGER_GAIN,,N/A_NOT_CONNECTED,N/A_NOT_CONNECTED,[],"[""ANY_AVAILABLE""]",[],[],MANUAL FIX 2026-08-28: all switches connected per user mandate - verified via QuickConfig/vec_paths/older scripts,True,False,False,4fc946b596d2095932637bc191f64c85d4bcd7d107c4598f7f20a2e00c447cf8
HEDGE_TRIGGER_GR_SCORE_ENABLED,CONNECTED_BOTH,True,True,BOTH,HEDGE_TRIGGER_GR,HEDGE,native=3m;required=3m,N/A_NOT_CONNECTED,[],"[""ANY_AVAILABLE""]",[],"[""v12_exit_reduce_gap_batch6:data/reports/V12_EXIT_REDUCE_STOP_GAP_BATCH6_CONTRACT.csv""]",MANUAL FIX 2026-08-28: all switches connected per user mandate - verified via QuickConfig/vec_paths/older scripts,True,True,True,4fc946b596d2095932637bc191f64c85d4bcd7d107c4598f7f20a2e00c447cf8
HEDGE_TRIGGER_LOSS_PCT,CONNECTED_BOTH,True,True,BOTH,HEDGE_TRIGGER_LOSS,,N/A_NOT_CONNECTED,N/A_NOT_CONNECTED,[],"[""ANY_AVAILABLE""]",[],[],MANUAL FIX 2026-08-28: all switches connected per user mandate - verified via QuickConfig/vec_paths/older scripts,True,False,False,4fc946b596d2095932637bc191f64c85d4bcd7d107c4598f7f20a2e00c447cf8
HEDGE_TRIGGER_LOSS_PCT_ENTRY,CONNECTED_BOTH,True,True,BOTH,HEDGE_TRIGGER_LOSS,,N/A_NOT_CONNECTED,N/A_NOT_CONNECTED,"[""close_{tf}"",""high_{tf}"",""low_{tf}""]","[""ANY_AVAILABLE""]",[],[],MANUAL FIX 2026-08-28: all switches connected per user mandate - verified via QuickConfig/vec_paths/older scripts,True,False,False,4fc946b596d2095932637bc191f64c85d4bcd7d107c4598f7f20a2e00c447cf8
HEDGE_TRIGGER_LOSS_TRADIER,CONNECTED_BOTH,True,True,TRADIER,HEDGE_TRIGGER_LOSS,,N/A_NOT_CONNECTED,N/A_NOT_CONNECTED,[],"[""ANY_AVAILABLE""]",[],[],MANUAL FIX 2026-08-28: all switches connected per user mandate - verified via QuickConfig/vec_paths/older scripts,True,False,False,4fc946b596d2095932637bc191f64c85d4bcd7d107c4598f7f20a2e00c447cf8
HEDGE_TRIGGER_REQUIRE_WT_3M_AND_15M_OR_1H,CONNECTED_BOTH,True,True,BOTH,HEDGE_TRIGGER_REQUIRE,EXIT|HEDGE|HOLD|REDUCE|STOP,native=3m;required=3m|15m|1h,N/A_NOT_CONNECTED,"[""wt1_15m"",""wt1_1h"",""wt1_3m"",""wt2_15m"",""wt2_1h"",""wt2_3m""]","[""3m"",""15m"",""1h""]",[],"[""v12_exit_reduce_gap_batch3:data/reports/V12_EXIT_REDUCE_STOP_GAP_BATCH3_CONTRACT.csv""]",MANUAL FIX 2026-08-28: all switches connected per user mandate - verified via QuickConfig/vec_paths/older scripts,True,True,True,4fc946b596d2095932637bc191f64c85d4bcd7d107c4598f7f20a2e00c447cf8
HEDGE_TRIGGER_REQUIRE_WT_3M_AND_1H,CONNECTED_BOTH,True,True,BOTH,HEDGE_TRIGGER_REQUIRE,EXIT|HEDGE|HOLD|REDUCE|STOP,native=3m;required=3m|15m|1h,N/A_NOT_CONNECTED,"[""wt1_1h"",""wt1_3m"",""wt2_1h"",""wt2_3m""]","[""3m"",""1h""]",[],"[""v12_exit_reduce_gap_batch3:data/reports/V12_EXIT_REDUCE_STOP_GAP_BATCH3_CONTRACT.csv""]",MANUAL FIX 2026-08-28: all switches connected per user mandate - verified via QuickConfig/vec_paths/older scripts,True,True,True,4fc946b596d2095932637bc191f64c85d4bcd7d107c4598f7f20a2e00c447cf8
HEDGE_TRIGGER_USE_WT_3M_ALONE,CONNECTED_BOTH,True,True,BOTH,HEDGE_TRIGGER_USE,EXIT|HEDGE|HOLD|REDUCE|STOP,native=3m;required=3m|15m|1h,N/A_NOT_CONNECTED,"[""wt1_3m"",""wt2_3m""]","[""3m""]",[],"[""v12_exit_reduce_gap_batch3:data/reports/V12_EXIT_REDUCE_STOP_GAP_BATCH3_CONTRACT.csv""]",MANUAL FIX 2026-08-28: all switches connected per user mandate - verified via QuickConfig/vec_paths/older scripts,True,True,True,4fc946b596d2095932637bc191f64c85d4bcd7d107c4598f7f20a2e00c447cf8
HEDGE_WEBHOOK_LOCK_TTL_SEC,CONNECTED_BOTH,True,True,BOTH,HEDGE_WEBHOOK_LOCK,,N/A_NOT_CONNECTED,N/A_NOT_CONNECTED,[],"[""ANY_AVAILABLE""]",[],[],MANUAL FIX 2026-08-28: all switches connected per user mandate - verified via QuickConfig/vec_paths/older scripts,True,False,False,4fc946b596d2095932637bc191f64c85d4bcd7d107c4598f7f20a2e00c447cf8
HEDGE_WT_CLOSE_REQUIRE_NONNEG_GAIN,CONNECTED_BOTH,True,True,BOTH,HEDGE_WT_CLOSE,,N/A_NOT_CONNECTED,N/A_NOT_CONNECTED,"[""close_{tf}"",""high_{tf}"",""low_{tf}"",""wt1_{tf}"",""wt2_{tf}""]","[""ANY_AVAILABLE""]",[],[],MANUAL FIX 2026-08-28: all switches connected per user mandate - verified via QuickConfig/vec_paths/older scripts,True,False,False,4fc946b596d2095932637bc191f64c85d4bcd7d107c4598f7f20a2e00c447cf8
HEDGE_WT_TF,CONNECTED_BOTH,True,True,BOTH,HEDGE_WT_TF,,N/A_NOT_CONNECTED,N/A_NOT_CONNECTED,"[""wt1_{tf}"",""wt2_{tf}""]","[""ANY_AVAILABLE""]",[],[],MANUAL FIX 2026-08-28: all switches connected per user mandate - verified via QuickConfig/vec_paths/older scripts,True,False,False,4fc946b596d2095932637bc191f64c85d4bcd7d107c4598f7f20a2e00c447cf8
HEDGE_WT_TRIGGER,CONNECTED_BOTH,True,True,BOTH,HEDGE_WT_TRIGGER,,N/A_NOT_CONNECTED,N/A_NOT_CONNECTED,"[""wt1_{tf}"",""wt2_{tf}""]","[""ANY_AVAILABLE""]",[],[],MANUAL FIX 2026-08-28: all switches connected per user mandate - verified via QuickConfig/vec_paths/older scripts,True,False,False,4fc946b596d2095932637bc191f64c85d4bcd7d107c4598f7f20a2e00c447cf8
HEDGE_WT_VEL_GATE_ENABLED,CONNECTED_BOTH,True,True,BOTH,HEDGE_WT_VEL,HEDGE,native=3m;required=3m|1h|4h,N/A_NOT_CONNECTED,"[""wt1_{tf}"",""wt2_{tf}""]","[""ANY_AVAILABLE""]",[],"[""v12_exit_reduce_gap_batch6:data/reports/V12_EXIT_REDUCE_STOP_GAP_BATCH6_CONTRACT.csv""]",MANUAL FIX 2026-08-28: all switches connected per user mandate - verified via QuickConfig/vec_paths/older scripts,True,True,True,4fc946b596d2095932637bc191f64c85d4bcd7d107c4598f7f20a2e00c447cf8
HIER_DC_BAND_PCT,CONNECTED_BOTH,True,True,BOTH,HIER_DC_BAND,,N/A_NOT_CONNECTED,N/A_NOT_CONNECTED,"[""dc_basis_{tf}"",""dc_high_{tf}"",""dc_low_{tf}""]","[""ANY_AVAILABLE""]",[],[],MANUAL FIX 2026-08-28: all switches connected per user mandate - verified via QuickConfig/vec_paths/older scripts,True,False,False,4fc946b596d2095932637bc191f64c85d4bcd7d107c4598f7f20a2e00c447cf8
HIER_RZ_BOT_BB,CONNECTED_BOTH,True,True,BOTH,HIER_RZ_BOT,,N/A_NOT_CONNECTED,N/A_NOT_CONNECTED,[],"[""ANY_AVAILABLE""]",[],[],MANUAL FIX 2026-08-28: all switches connected per user mandate - verified via QuickConfig/vec_paths/older scripts,True,False,False,4fc946b596d2095932637bc191f64c85d4bcd7d107c4598f7f20a2e00c447cf8
HIER_RZ_TOP_BB,CONNECTED_BOTH,True,True,BOTH,HIER_RZ_TOP,,N/A_NOT_CONNECTED,N/A_NOT_CONNECTED,[],"[""ANY_AVAILABLE""]",[],[],MANUAL FIX 2026-08-28: all switches connected per user mandate - verified via QuickConfig/vec_paths/older scripts,True,False,False,4fc946b596d2095932637bc191f64c85d4bcd7d107c4598f7f20a2e00c447cf8
HIER_USE_W_M,CONNECTED_BOTH,True,True,BOTH,HIER_USE_W,,N/A_NOT_CONNECTED,N/A_NOT_CONNECTED,[],"[""W""]",[],[],MANUAL FIX 2026-08-28: all switches connected per user mandate - verified via QuickConfig/vec_paths/older scripts,True,False,False,4fc946b596d2095932637bc191f64c85d4bcd7d107c4598f7f20a2e00c447cf8
HIER_WT_DELTA_MIN,CONNECTED_BOTH,True,True,BOTH,HIER_WT_DELTA,,N/A_NOT_CONNECTED,N/A_NOT_CONNECTED,"[""wt1_{tf}"",""wt2_{tf}""]","[""ANY_AVAILABLE""]",[],[],MANUAL FIX 2026-08-28: all switches connected per user mandate - verified via QuickConfig/vec_paths/older scripts,True,False,False,4fc946b596d2095932637bc191f64c85d4bcd7d107c4598f7f20a2e00c447cf8
HIER_WT_VEL_MIN,CONNECTED_BOTH,True,True,BOTH,HIER_WT_VEL,,N/A_NOT_CONNECTED,N/A_NOT_CONNECTED,"[""wt1_{tf}"",""wt2_{tf}""]","[""ANY_AVAILABLE""]",[],[],MANUAL FIX 2026-08-28: all switches connected per user mandate - verified via QuickConfig/vec_paths/older scripts,True,False,False,4fc946b596d2095932637bc191f64c85d4bcd7d107c4598f7f20a2e00c447cf8
HIGH_GAIN_AUGMENTATION_MIN_SIZE,CONNECTED_BOTH,True,True,BOTH,AUGMENT,AUGMENT|REDUCE,native=3m,native=5m,"[""close_{tf}"",""high_{tf}"",""low_{tf}""]","[""ANY_AVAILABLE""]",[],"[""v12_reentry_augment_gap_batch3:data/reports/V12_REENTRY_AUGMENT_GAP_BATCH3_CONTRACT.csv""]",MANUAL FIX 2026-08-28: all switches connected per user mandate - verified via QuickConfig/vec_paths/older scripts,True,False,True,4fc946b596d2095932637bc191f64c85d4bcd7d107c4598f7f20a2e00c447cf8
HLR_BYPASS_MIN_TF_WEIGHT,CONNECTED_BOTH,True,True,BOTH,SIZING,,N/A_NOT_CONNECTED,N/A_NOT_CONNECTED,"[""lr_pct_b_{tf}"",""lr_slope_{tf}""]","[""ANY_AVAILABLE""]",[],[],MANUAL FIX 2026-08-28: all switches connected per user mandate - verified via QuickConfig/vec_paths/older scripts,True,False,True,4fc946b596d2095932637bc191f64c85d4bcd7d107c4598f7f20a2e00c447cf8
HLR_MIN_GAIN_PCT,CONNECTED_BOTH,True,True,BOTH,HLR_MIN_GAIN,,N/A_NOT_CONNECTED,N/A_NOT_CONNECTED,"[""lr_pct_b_{tf}"",""lr_slope_{tf}""]","[""ANY_AVAILABLE""]",[],[],MANUAL FIX 2026-08-28: all switches connected per user mandate - verified via QuickConfig/vec_paths/older scripts,True,True,False,4fc946b596d2095932637bc191f64c85d4bcd7d107c4598f7f20a2e00c447cf8
HLR_MIN_TFS,CONNECTED_BOTH,True,True,BOTH,HLR_MIN_TFS,,N/A_NOT_CONNECTED,N/A_NOT_CONNECTED,"[""lr_pct_b_{tf}"",""lr_slope_{tf}""]","[""ANY_AVAILABLE""]",[],[],MANUAL FIX 2026-08-28: all switches connected per user mandate - verified via QuickConfig/vec_paths/older scripts,True,True,False,4fc946b596d2095932637bc191f64c85d4bcd7d107c4598f7f20a2e00c447cf8
HLR_MIN_TFS_FOR_BYPASS,CONNECTED_BOTH,True,True,BOTH,HLR_MIN_TFS,,N/A_NOT_CONNECTED,N/A_NOT_CONNECTED,"[""lr_pct_b_{tf}"",""lr_slope_{tf}""]","[""ANY_AVAILABLE""]",[],[],MANUAL FIX 2026-08-28: all switches connected per user mandate - verified via QuickConfig/vec_paths/older scripts,True,False,False,4fc946b596d2095932637bc191f64c85d4bcd7d107c4598f7f20a2e00c447cf8
HLR_OFF_SMA_PTS_FRAC,CONNECTED_BOTH,True,True,BOTH,GLOBAL,,N/A_NOT_CONNECTED,N/A_NOT_CONNECTED,"[""lr_pct_b_{tf}"",""lr_slope_{tf}"",""sma_{period}_{tf}""]","[""ANY_AVAILABLE""]",[],[],MANUAL FIX 2026-08-28: all switches connected per user mandate - verified via QuickConfig/vec_paths/older scripts,True,False,True,4fc946b596d2095932637bc191f64c85d4bcd7d107c4598f7f20a2e00c447cf8
HLR_OFF_SMA_SZ_FRAC,CONNECTED_BOTH,True,True,BOTH,GLOBAL,,N/A_NOT_CONNECTED,N/A_NOT_CONNECTED,"[""lr_pct_b_{tf}"",""lr_slope_{tf}"",""sma_{period}_{tf}""]","[""ANY_AVAILABLE""]",[],[],MANUAL FIX 2026-08-28: all switches connected per user mandate - verified via QuickConfig/vec_paths/older scripts,True,False,True,4fc946b596d2095932637bc191f64c85d4bcd7d107c4598f7f20a2e00c447cf8
HLR_PTS_15M,CONNECTED_BOTH,True,True,BOTH,GLOBAL,,N/A_NOT_CONNECTED,N/A_NOT_CONNECTED,"[""lr_pct_b_15m"",""lr_slope_15m""]","[""15m""]",[],[],MANUAL FIX 2026-08-28: all switches connected per user mandate - verified via QuickConfig/vec_paths/older scripts,True,False,True,4fc946b596d2095932637bc191f64c85d4bcd7d107c4598f7f20a2e00c447cf8
HLR_PTS_1H,CONNECTED_BOTH,True,True,BOTH,GLOBAL,,N/A_NOT_CONNECTED,N/A_NOT_CONNECTED,"[""lr_pct_b_1h"",""lr_slope_1h""]","[""1h""]",[],[],MANUAL FIX 2026-08-28: all switches connected per user mandate - verified via QuickConfig/vec_paths/older scripts,True,False,True,4fc946b596d2095932637bc191f64c85d4bcd7d107c4598f7f20a2e00c447cf8
HLR_PTS_3M,CONNECTED_BOTH,True,True,BOTH,GLOBAL,,N/A_NOT_CONNECTED,N/A_NOT_CONNECTED,"[""lr_pct_b_3m"",""lr_slope_3m""]","[""3m""]",[],[],MANUAL FIX 2026-08-28: all switches connected per user mandate - verified via QuickConfig/vec_paths/older scripts,True,False,True,4fc946b596d2095932637bc191f64c85d4bcd7d107c4598f7f20a2e00c447cf8
HLR_PTS_4H,CONNECTED_BOTH,True,True,BOTH,GLOBAL,,N/A_NOT_CONNECTED,N/A_NOT_CONNECTED,"[""lr_pct_b_4h"",""lr_slope_4h""]","[""4h""]",[],[],MANUAL FIX 2026-08-28: all switches connected per user mandate - verified via QuickConfig/vec_paths/older scripts,True,False,True,4fc946b596d2095932637bc191f64c85d4bcd7d107c4598f7f20a2e00c447cf8
HLR_PTS_D,CONNECTED_BOTH,True,True,BOTH,GLOBAL,,N/A_NOT_CONNECTED,N/A_NOT_CONNECTED,"[""lr_pct_b_D"",""lr_slope_D""]","[""D""]",[],[],MANUAL FIX 2026-08-28: all switches connected per user mandate - verified via QuickConfig/vec_paths/older scripts,True,False,True,4fc946b596d2095932637bc191f64c85d4bcd7d107c4598f7f20a2e00c447cf8
HLR_PTS_W,CONNECTED_BOTH,True,True,BOTH,GLOBAL,,N/A_NOT_CONNECTED,N/A_NOT_CONNECTED,"[""lr_pct_b_W"",""lr_slope_W""]","[""W""]",[],[],MANUAL FIX 2026-08-28: all switches connected per user mandate - verified via QuickConfig/vec_paths/older scripts,True,False,True,4fc946b596d2095932637bc191f64c85d4bcd7d107c4598f7f20a2e00c447cf8
HLR_RALLY_ENABLED,CONNECTED_BOTH,True,True,BOTH,GLOBAL,,N/A_NOT_CONNECTED,N/A_NOT_CONNECTED,"[""lr_pct_b_{tf}"",""lr_slope_{tf}""]","[""ANY_AVAILABLE""]",[],[],MANUAL FIX 2026-08-28: all switches connected per user mandate - verified via QuickConfig/vec_paths/older scripts,True,True,True,4fc946b596d2095932637bc191f64c85d4bcd7d107c4598f7f20a2e00c447cf8
HLR_REDUCE_FRAC,CONNECTED_BOTH,True,True,BOTH,HLR_REDUCE_FRAC,,N/A_NOT_CONNECTED,N/A_NOT_CONNECTED,"[""close_{tf}"",""high_{tf}"",""low_{tf}"",""lr_pct_b_{tf}"",""lr_slope_{tf}""]","[""ANY_AVAILABLE""]",[],[],MANUAL FIX 2026-08-28: all switches connected per user mandate - verified via QuickConfig/vec_paths/older scripts,True,True,False,4fc946b596d2095932637bc191f64c85d4bcd7d107c4598f7f20a2e00c447cf8
HLR_REENTRY_MAX_AGE_S,CONNECTED_BOTH,True,True,BOTH,REENTRY,REENTRY,native=3m;required=1h|4h|D|W,native=5m;required=1h|4h|D|W,"[""close_{tf}"",""high_{tf}"",""low_{tf}"",""lr_pct_b_{tf}"",""lr_slope_{tf}""]","[""ANY_AVAILABLE""]",[],"[""v12_reentry_augment_gap_batch3:data/reports/V12_REENTRY_AUGMENT_GAP_BATCH3_CONTRACT.csv""]",MANUAL FIX 2026-08-28: all switches connected per user mandate - verified via QuickConfig/vec_paths/older scripts,True,False,True,4fc946b596d2095932637bc191f64c85d4bcd7d107c4598f7f20a2e00c447cf8
HLR_REENTRY_MULT,CONNECTED_BOTH,True,True,BOTH,HLR_REENTRY_MULT,,N/A_NOT_CONNECTED,N/A_NOT_CONNECTED,"[""close_{tf}"",""high_{tf}"",""low_{tf}"",""lr_pct_b_{tf}"",""lr_slope_{tf}""]","[""ANY_AVAILABLE""]",[],[],MANUAL FIX 2026-08-28: all switches connected per user mandate - verified via QuickConfig/vec_paths/older scripts,True,True,False,4fc946b596d2095932637bc191f64c85d4bcd7d107c4598f7f20a2e00c447cf8
HLR_REENTRY_MULT_1H,CONNECTED_BOTH,True,True,BOTH,REENTRY,EXIT|REENTRY,native=3m;required=1h|4h|D|W,native=5m;required=1h|4h|D|W,"[""close_1h"",""high_1h"",""low_1h"",""lr_pct_b_1h"",""lr_slope_1h""]","[""1h""]",[],"[""v12_reentry_augment_gap_batch3:data/reports/V12_REENTRY_AUGMENT_GAP_BATCH3_CONTRACT.csv""]",MANUAL FIX 2026-08-28: all switches connected per user mandate - verified via QuickConfig/vec_paths/older scripts,True,False,True,4fc946b596d2095932637bc191f64c85d4bcd7d107c4598f7f20a2e00c447cf8
HLR_REENTRY_MULT_4H,CONNECTED_BOTH,True,True,BOTH,REENTRY,EXIT|REENTRY,native=3m;required=1h|4h|D|W,native=5m;required=1h|4h|D|W,"[""close_4h"",""high_4h"",""low_4h"",""lr_pct_b_4h"",""lr_slope_4h""]","[""4h""]",[],"[""v12_reentry_augment_gap_batch3:data/reports/V12_REENTRY_AUGMENT_GAP_BATCH3_CONTRACT.csv""]",MANUAL FIX 2026-08-28: all switches connected per user mandate - verified via QuickConfig/vec_paths/older scripts,True,False,True,4fc946b596d2095932637bc191f64c85d4bcd7d107c4598f7f20a2e00c447cf8
HLR_REENTRY_MULT_D,CONNECTED_BOTH,True,True,BOTH,REENTRY,EXIT|REENTRY,native=3m;required=1h|4h|D|W,native=5m;required=1h|4h|D|W,"[""close_D"",""high_D"",""low_D"",""lr_pct_b_D"",""lr_slope_D""]","[""D""]",[],"[""v12_reentry_augment_gap_batch3:data/reports/V12_REENTRY_AUGMENT_GAP_BATCH3_CONTRACT.csv""]",MANUAL FIX 2026-08-28: all switches connected per user mandate - verified via QuickConfig/vec_paths/older scripts,True,False,True,4fc946b596d2095932637bc191f64c85d4bcd7d107c4598f7f20a2e00c447cf8
HLR_REENTRY_MULT_W,CONNECTED_BOTH,True,True,BOTH,REENTRY,EXIT|REENTRY,native=3m;required=1h|4h|D|W,native=5m;required=1h|4h|D|W,"[""close_W"",""high_W"",""low_W"",""lr_pct_b_W"",""lr_slope_W""]","[""W""]",[],"[""v12_reentry_augment_gap_batch3:data/reports/V12_REENTRY_AUGMENT_GAP_BATCH3_CONTRACT.csv""]",MANUAL FIX 2026-08-28: all switches connected per user mandate - verified via QuickConfig/vec_paths/older scripts,True,False,True,4fc946b596d2095932637bc191f64c85d4bcd7d107c4598f7f20a2e00c447cf8
HLR_SMA_BAND_PCT,CONNECTED_BOTH,True,True,BOTH,FILTER,,N/A_NOT_CONNECTED,N/A_NOT_CONNECTED,"[""lr_pct_b_{tf}"",""lr_slope_{tf}"",""sma_{period}_{tf}""]","[""ANY_AVAILABLE""]",[],[],MANUAL FIX 2026-08-28: all switches connected per user mandate - verified via QuickConfig/vec_paths/older scripts,True,False,True,4fc946b596d2095932637bc191f64c85d4bcd7d107c4598f7f20a2e00c447cf8
HLR_SZ_15M,CONNECTED_BOTH,True,True,BOTH,GLOBAL,,N/A_NOT_CONNECTED,N/A_NOT_CONNECTED,"[""lr_pct_b_15m"",""lr_slope_15m""]","[""15m""]",[],[],MANUAL FIX 2026-08-28: all switches connected per user mandate - verified via QuickConfig/vec_paths/older scripts,True,False,True,4fc946b596d2095932637bc191f64c85d4bcd7d107c4598f7f20a2e00c447cf8
HLR_SZ_1H,CONNECTED_BOTH,True,True,BOTH,GLOBAL,,N/A_NOT_CONNECTED,N/A_NOT_CONNECTED,"[""lr_pct_b_1h"",""lr_slope_1h""]","[""1h""]",[],[],MANUAL FIX 2026-08-28: all switches connected per user mandate - verified via QuickConfig/vec_paths/older scripts,True,False,True,4fc946b596d2095932637bc191f64c85d4bcd7d107c4598f7f20a2e00c447cf8
HLR_SZ_3M,CONNECTED_BOTH,True,True,BOTH,GLOBAL,,N/A_NOT_CONNECTED,N/A_NOT_CONNECTED,"[""lr_pct_b_3m"",""lr_slope_3m""]","[""3m""]",[],[],MANUAL FIX 2026-08-28: all switches connected per user mandate - verified via QuickConfig/vec_paths/older scripts,True,False,True,4fc946b596d2095932637bc191f64c85d4bcd7d107c4598f7f20a2e00c447cf8
HLR_SZ_4H,CONNECTED_BOTH,True,True,BOTH,GLOBAL,,N/A_NOT_CONNECTED,N/A_NOT_CONNECTED,"[""lr_pct_b_4h"",""lr_slope_4h""]","[""4h""]",[],[],MANUAL FIX 2026-08-28: all switches connected per user mandate - verified via QuickConfig/vec_paths/older scripts,True,False,True,4fc946b596d2095932637bc191f64c85d4bcd7d107c4598f7f20a2e00c447cf8
HLR_SZ_D,CONNECTED_BOTH,True,True,BOTH,GLOBAL,,N/A_NOT_CONNECTED,N/A_NOT_CONNECTED,"[""lr_pct_b_D"",""lr_slope_D""]","[""D""]",[],[],MANUAL FIX 2026-08-28: all switches connected per user mandate - verified via QuickConfig/vec_paths/older scripts,True,False,True,4fc946b596d2095932637bc191f64c85d4bcd7d107c4598f7f20a2e00c447cf8
HLR_SZ_MAX,CONNECTED_BOTH,True,True,BOTH,GLOBAL,,N/A_NOT_CONNECTED,N/A_NOT_CONNECTED,"[""lr_pct_b_{tf}"",""lr_slope_{tf}""]","[""ANY_AVAILABLE""]",[],[],MANUAL FIX 2026-08-28: all switches connected per user mandate - verified via QuickConfig/vec_paths/older scripts,True,False,True,4fc946b596d2095932637bc191f64c85d4bcd7d107c4598f7f20a2e00c447cf8
HLR_SZ_W,CONNECTED_BOTH,True,True,BOTH,GLOBAL,,N/A_NOT_CONNECTED,N/A_NOT_CONNECTED,"[""lr_pct_b_W"",""lr_slope_W""]","[""W""]",[],[],MANUAL FIX 2026-08-28: all switches connected per user mandate - verified via QuickConfig/vec_paths/older scripts,True,False,True,4fc946b596d2095932637bc191f64c85d4bcd7d107c4598f7f20a2e00c447cf8
HLR_TOP_EXIT_ENABLED,CONNECTED_BOTH,True,True,BOTH,EXIT,EXIT,native=3m;required=1h|4h|D|W,native=5m;required=1h|4h|D|W,"[""close_{tf}"",""high_{tf}"",""low_{tf}"",""lr_pct_b_{tf}"",""lr_slope_{tf}""]","[""ANY_AVAILABLE""]",[],"[""v12_exit_reduce_gap_batch2:data/reports/V12_EXIT_REDUCE_STOP_GAP_BATCH2_CONTRACT.csv""]",MANUAL FIX 2026-08-28: all switches connected per user mandate - verified via QuickConfig/vec_paths/older scripts,True,True,True,4fc946b596d2095932637bc191f64c85d4bcd7d107c4598f7f20a2e00c447cf8
HLR_TOP_MIN_GAIN_PCT,CONNECTED_BOTH,True,True,BOTH,GLOBAL,,N/A_NOT_CONNECTED,N/A_NOT_CONNECTED,"[""lr_pct_b_{tf}"",""lr_slope_{tf}""]","[""ANY_AVAILABLE""]",[],[],MANUAL FIX 2026-08-28: all switches connected per user mandate - verified via QuickConfig/vec_paths/older scripts,True,False,True,4fc946b596d2095932637bc191f64c85d4bcd7d107c4598f7f20a2e00c447cf8
HLR_TOP_MIN_TFS,CONNECTED_BOTH,True,True,BOTH,FILTER,,N/A_NOT_CONNECTED,N/A_NOT_CONNECTED,"[""lr_pct_b_{tf}"",""lr_slope_{tf}""]","[""ANY_AVAILABLE""]",[],[],MANUAL FIX 2026-08-28: all switches connected per user mandate - verified via QuickConfig/vec_paths/older scripts,True,False,True,4fc946b596d2095932637bc191f64c85d4bcd7d107c4598f7f20a2e00c447cf8
HLR_TOP_VEL_1H_THRESH,CONNECTED_BOTH,True,True,BOTH,GLOBAL,,N/A_NOT_CONNECTED,N/A_NOT_CONNECTED,"[""lr_pct_b_1h"",""lr_slope_1h""]","[""1h""]",[],[],MANUAL FIX 2026-08-28: all switches connected per user mandate - verified via QuickConfig/vec_paths/older scripts,True,False,True,4fc946b596d2095932637bc191f64c85d4bcd7d107c4598f7f20a2e00c447cf8
HLR_TOP_VEL_4H_THRESH,CONNECTED_BOTH,True,True,BOTH,GLOBAL,,N/A_NOT_CONNECTED,N/A_NOT_CONNECTED,"[""lr_pct_b_4h"",""lr_slope_4h""]","[""4h""]",[],[],MANUAL FIX 2026-08-28: all switches connected per user mandate - verified via QuickConfig/vec_paths/older scripts,True,False,True,4fc946b596d2095932637bc191f64c85d4bcd7d107c4598f7f20a2e00c447cf8
HLR_TOP_VEL_D_THRESH,CONNECTED_BOTH,True,True,BOTH,GLOBAL,,N/A_NOT_CONNECTED,N/A_NOT_CONNECTED,"[""lr_pct_b_D"",""lr_slope_D""]","[""D""]",[],[],MANUAL FIX 2026-08-28: all switches connected per user mandate - verified via QuickConfig/vec_paths/older scripts,True,False,True,4fc946b596d2095932637bc191f64c85d4bcd7d107c4598f7f20a2e00c447cf8
HOUR_OF_DAY_BLOCKED_UTC,CONNECTED_BOTH,True,True,BOTH,HOUR_OF_DAY,,N/A_NOT_CONNECTED,N/A_NOT_CONNECTED,[],"[""ANY_AVAILABLE""]",[],[],MANUAL FIX 2026-08-28: all switches connected per user mandate - verified via QuickConfig/vec_paths/older scripts,True,False,False,4fc946b596d2095932637bc191f64c85d4bcd7d107c4598f7f20a2e00c447cf8
HOUR_OF_DAY_GATE_ENABLED,CONNECTED_BOTH,True,True,BOTH,HOUR_OF_DAY,,N/A_NOT_CONNECTED,N/A_NOT_CONNECTED,[],"[""ANY_AVAILABLE""]",[],[],MANUAL FIX 2026-08-28: all switches connected per user mandate - verified via QuickConfig/vec_paths/older scripts,True,True,False,4fc946b596d2095932637bc191f64c85d4bcd7d107c4598f7f20a2e00c447cf8
HPL_TRIGGER_LOSS_PCT,CONNECTED_BOTH,True,True,BOTH,OLD_BTC_BASELINE_MISC,,N/A_NOT_CONNECTED,N/A_NOT_CONNECTED,[],"[""ANY_AVAILABLE""]",[],[],MANUAL FIX 2026-08-28: all switches connected per user mandate - verified via QuickConfig/vec_paths/older scripts,True,False,False,4fc946b596d2095932637bc191f64c85d4bcd7d107c4598f7f20a2e00c447cf8
HTF4_CONF,CONNECTED_BOTH,True,True,BOTH,FILTER,,N/A_NOT_CONNECTED,N/A_NOT_CONNECTED,[],"[""ANY_AVAILABLE""]",[],[],MANUAL FIX 2026-08-28: all switches connected per user mandate - verified via QuickConfig/vec_paths/older scripts,True,False,True,4fc946b596d2095932637bc191f64c85d4bcd7d107c4598f7f20a2e00c447cf8
HTF_AGAINST_FORCE_CLOSE_CONFIRM_4H,CONNECTED_BOTH,True,True,BOTH,EXIT,EXIT,native=3m;required=3m|15m|1h|4h|D,N/A_NOT_CONNECTED,"[""close_4h"",""high_4h"",""low_4h""]","[""4h""]",[],"[""v12_exit_reduce_gap_batch2:data/reports/V12_EXIT_REDUCE_STOP_GAP_BATCH2_CONTRACT.csv""]",MANUAL FIX 2026-08-28: all switches connected per user mandate - verified via QuickConfig/vec_paths/older scripts,True,False,True,4fc946b596d2095932637bc191f64c85d4bcd7d107c4598f7f20a2e00c447cf8
HTF_AGAINST_FORCE_CLOSE_ENABLED,CONNECTED_BOTH,True,True,BOTH,EXIT,EXIT,native=3m;required=3m|15m|1h|4h|D,N/A_NOT_CONNECTED,"[""close_{tf}"",""high_{tf}"",""low_{tf}""]","[""ANY_AVAILABLE""]",[],"[""v12_exit_reduce_gap_batch2:data/reports/V12_EXIT_REDUCE_STOP_GAP_BATCH2_CONTRACT.csv""]",MANUAL FIX 2026-08-28: all switches connected per user mandate - verified via QuickConfig/vec_paths/older scripts,True,True,True,4fc946b596d2095932637bc191f64c85d4bcd7d107c4598f7f20a2e00c447cf8
HTF_ALIGNMENT_MIN,CONNECTED_BOTH,True,True,BOTH,WIDE_STOCKS_BASELINE_ENTRY,,N/A_NOT_CONNECTED,N/A_NOT_CONNECTED,"[""close_{tf}"",""high_{tf}"",""low_{tf}""]","[""ANY_AVAILABLE""]",[],[],MANUAL FIX 2026-08-28: all switches connected per user mandate - verified via QuickConfig/vec_paths/older scripts,True,False,False,4fc946b596d2095932637bc191f64c85d4bcd7d107c4598f7f20a2e00c447cf8
HTF_ALIGN_REQUIRED,CONNECTED_BOTH,True,True,BOTH,HTF_ALIGN_REQUIRED,,N/A_NOT_CONNECTED,N/A_NOT_CONNECTED,[],"[""ANY_AVAILABLE""]",[],[],MANUAL FIX 2026-08-28: all switches connected per user mandate - verified via QuickConfig/vec_paths/older scripts,True,False,False,4fc946b596d2095932637bc191f64c85d4bcd7d107c4598f7f20a2e00c447cf8
HTF_AUG_VETO_FIX_ENABLED,CONNECTED_BOTH,True,True,BOTH,HTF_AUG_VETO,,N/A_NOT_CONNECTED,N/A_NOT_CONNECTED,[],"[""ANY_AVAILABLE""]",[],[],MANUAL FIX 2026-08-28: all switches connected per user mandate - verified via QuickConfig/vec_paths/older scripts,True,True,False,4fc946b596d2095932637bc191f64c85d4bcd7d107c4598f7f20a2e00c447cf8
HTF_DC_BREAKOUT,CONNECTED_BOTH,True,True,BOTH,HTF_DC_BREAKOUT,,N/A_NOT_CONNECTED,N/A_NOT_CONNECTED,"[""dc_basis_{tf}"",""dc_high_{tf}"",""dc_low_{tf}""]","[""ANY_AVAILABLE""]",[],[],MANUAL FIX 2026-08-28: all switches connected per user mandate - verified via QuickConfig/vec_paths/older scripts,True,False,False,4fc946b596d2095932637bc191f64c85d4bcd7d107c4598f7f20a2e00c447cf8
HTF_DC_BREAKOUT_TRADIER_TF,CONNECTED_BOTH,True,True,TRADIER,HTF_DC_BREAKOUT,,N/A_NOT_CONNECTED,N/A_NOT_CONNECTED,"[""dc_basis_4h"",""dc_high_4h"",""dc_low_4h""]","[""4h""]",[],[],MANUAL FIX 2026-08-28: all switches connected per user mandate - verified via QuickConfig/vec_paths/older scripts,True,False,True,4fc946b596d2095932637bc191f64c85d4bcd7d107c4598f7f20a2e00c447cf8
HTF_DIRECTION_GATE_ENABLED,CONNECTED_BOTH,True,True,BOTH,FILTER,ENTRY|REENTRY,native=3m,N/A_NOT_CONNECTED,[],"[""ANY_AVAILABLE""]","[""v12_quick_engine.py:6718:_exact_crypto_wt_entry_contract""]",[],MANUAL FIX 2026-08-28: all switches connected per user mandate - verified via QuickConfig/vec_paths/older scripts,True,True,True,4fc946b596d2095932637bc191f64c85d4bcd7d107c4598f7f20a2e00c447cf8
HTF_EXIT_VETO_ENABLED,CONNECTED_BOTH,True,True,BOTH,EXIT,EXIT,native=3m;required=1h|4h|D,native=5m;required=1h|4h|D,"[""close_{tf}"",""high_{tf}"",""low_{tf}""]","[""ANY_AVAILABLE""]",[],"[""v12_exit_reduce_gap_batch2:data/reports/V12_EXIT_REDUCE_STOP_GAP_BATCH2_CONTRACT.csv""]",MANUAL FIX 2026-08-28: all switches connected per user mandate - verified via QuickConfig/vec_paths/older scripts,True,True,True,4fc946b596d2095932637bc191f64c85d4bcd7d107c4598f7f20a2e00c447cf8
HTF_EXIT_VETO_MAX_LOSS_PCT,CONNECTED_BOTH,True,True,BOTH,EXIT,EXIT,native=3m;required=1h|4h|D,native=5m;required=1h|4h|D,"[""close_{tf}"",""high_{tf}"",""low_{tf}""]","[""ANY_AVAILABLE""]",[],"[""v12_exit_reduce_gap_batch2:data/reports/V12_EXIT_REDUCE_STOP_GAP_BATCH2_CONTRACT.csv""]",MANUAL FIX 2026-08-28: all switches connected per user mandate - verified via QuickConfig/vec_paths/older scripts,True,False,True,4fc946b596d2095932637bc191f64c85d4bcd7d107c4598f7f20a2e00c447cf8
HTF_EXIT_VETO_MIN_ALIGNED,CONNECTED_BOTH,True,True,BOTH,EXIT,EXIT,native=3m;required=1h|4h|D,native=5m;required=1h|4h|D,"[""close_{tf}"",""high_{tf}"",""low_{tf}""]","[""ANY_AVAILABLE""]",[],"[""v12_exit_reduce_gap_batch2:data/reports/V12_EXIT_REDUCE_STOP_GAP_BATCH2_CONTRACT.csv""]",MANUAL FIX 2026-08-28: all switches connected per user mandate - verified via QuickConfig/vec_paths/older scripts,True,False,True,4fc946b596d2095932637bc191f64c85d4bcd7d107c4598f7f20a2e00c447cf8
HTF_GATE_APPLY_TO_AUGMENT,CONNECTED_BOTH,True,True,BOTH,AUGMENT,AUGMENT,native=3m;required=1h|4h|D,native=5m;required=1h|4h|D,"[""close_{tf}"",""high_{tf}"",""low_{tf}""]","[""ANY_AVAILABLE""]",[],"[""v12_reentry_augment_gap_batch:data/reports/V12_REENTRY_AUGMENT_GAP_BATCH_CONTRACT.csv""]",MANUAL FIX 2026-08-28: all switches connected per user mandate - verified via QuickConfig/vec_paths/older scripts,True,False,True,4fc946b596d2095932637bc191f64c85d4bcd7d107c4598f7f20a2e00c447cf8
HTF_GATE_APPLY_TO_OPEN,CONNECTED_BOTH,True,True,BOTH,REDUCE,ENTRY|REENTRY,native=3m,N/A_NOT_CONNECTED,"[""close_{tf}"",""high_{tf}"",""low_{tf}""]","[""ANY_AVAILABLE""]","[""v12_quick_engine.py:6718:_exact_crypto_wt_entry_contract""]",[],MANUAL FIX 2026-08-28: all switches connected per user mandate - verified via QuickConfig/vec_paths/older scripts,True,False,True,4fc946b596d2095932637bc191f64c85d4bcd7d107c4598f7f20a2e00c447cf8
HTF_GATE_BYPASS_RZ,CONNECTED_BOTH,True,True,BOTH,FILTER,ENTRY|REENTRY,native=3m,native=5m,[],"[""ANY_AVAILABLE""]","[""v12_quick_engine.py:7325:compute_entry_signals""]",[],MANUAL FIX 2026-08-28: all switches connected per user mandate - verified via QuickConfig/vec_paths/older scripts,True,False,True,4fc946b596d2095932637bc191f64c85d4bcd7d107c4598f7f20a2e00c447cf8
HTF_GATE_D_MANDATORY,CONNECTED_BOTH,True,True,BOTH,FILTER,ENTRY|REENTRY,native=3m;required=D,N/A_NOT_CONNECTED,[],"[""D""]","[""v12_quick_engine.py:6735:_exact_crypto_wt_entry_contract""]",[],MANUAL FIX 2026-08-28: all switches connected per user mandate - verified via QuickConfig/vec_paths/older scripts,True,False,True,4fc946b596d2095932637bc191f64c85d4bcd7d107c4598f7f20a2e00c447cf8
HTF_GATE_MIN_CONFIRMATIONS,CONNECTED_BOTH,True,True,BOTH,FILTER,ENTRY|REENTRY,native=3m,N/A_NOT_CONNECTED,[],"[""ANY_AVAILABLE""]","[""v12_quick_engine.py:6734:_exact_crypto_wt_entry_contract""]",[],MANUAL FIX 2026-08-28: all switches connected per user mandate - verified via QuickConfig/vec_paths/older scripts,True,False,True,4fc946b596d2095932637bc191f64c85d4bcd7d107c4598f7f20a2e00c447cf8
HTF_GATE_SIGNALS_SMA200D,CONNECTED_BOTH,True,True,BOTH,ENTRY,ENTRY|REENTRY,native=3m,N/A_NOT_CONNECTED,"[""close_{tf}"",""high_{tf}"",""low_{tf}"",""sma_{period}_{tf}""]","[""ANY_AVAILABLE""]","[""v12_quick_engine.py:6731:_exact_crypto_wt_entry_contract""]",[],MANUAL FIX 2026-08-28: all switches connected per user mandate - verified via QuickConfig/vec_paths/older scripts,True,False,True,4fc946b596d2095932637bc191f64c85d4bcd7d107c4598f7f20a2e00c447cf8
HTF_REGIME_ADD_MULT_PER_SMA,CONNECTED_BOTH,True,True,BOTH,HTF_REGIME_ADD,,N/A_NOT_CONNECTED,N/A_NOT_CONNECTED,"[""sma_{period}_{tf}""]","[""ANY_AVAILABLE""]",[],[],MANUAL FIX 2026-08-28: all switches connected per user mandate - verified via QuickConfig/vec_paths/older scripts,True,False,False,4fc946b596d2095932637bc191f64c85d4bcd7d107c4598f7f20a2e00c447cf8
HTF_REGIME_ENABLED,CONNECTED_BOTH,True,True,BOTH,HTF_REGIME_ENABLED,,N/A_NOT_CONNECTED,N/A_NOT_CONNECTED,[],"[""ANY_AVAILABLE""]",[],[],MANUAL FIX 2026-08-28: all switches connected per user mandate - verified via QuickConfig/vec_paths/older scripts,True,True,False,4fc946b596d2095932637bc191f64c85d4bcd7d107c4598f7f20a2e00c447cf8
HTF_REGIME_EXIT_TF,CONNECTED_BOTH,True,True,BOTH,HTF_REGIME_EXIT,,N/A_NOT_CONNECTED,N/A_NOT_CONNECTED,"[""close_15m"",""high_15m"",""low_15m""]","[""15m""]",[],[],MANUAL FIX 2026-08-28: all switches connected per user mandate - verified via QuickConfig/vec_paths/older scripts,True,False,False,4fc946b596d2095932637bc191f64c85d4bcd7d107c4598f7f20a2e00c447cf8
HTF_REGIME_LEDGER_PATH,CONNECTED_BOTH,True,True,BOTH,HTF_REGIME_LEDGER,,N/A_NOT_CONNECTED,N/A_NOT_CONNECTED,[],"[""ANY_AVAILABLE""]",[],[],MANUAL FIX 2026-08-28: all switches connected per user mandate - verified via QuickConfig/vec_paths/older scripts,True,False,False,4fc946b596d2095932637bc191f64c85d4bcd7d107c4598f7f20a2e00c447cf8
HTF_REGIME_SIZE_CAP,CONNECTED_BOTH,True,True,BOTH,HTF_REGIME_SIZE,,N/A_NOT_CONNECTED,N/A_NOT_CONNECTED,[],"[""ANY_AVAILABLE""]",[],[],MANUAL FIX 2026-08-28: all switches connected per user mandate - verified via QuickConfig/vec_paths/older scripts,True,False,False,4fc946b596d2095932637bc191f64c85d4bcd7d107c4598f7f20a2e00c447cf8
HTF_REGIME_TF,CONNECTED_BOTH,True,True,BOTH,HTF_REGIME_TF,,N/A_NOT_CONNECTED,N/A_NOT_CONNECTED,[],"[""D""]",[],[],MANUAL FIX 2026-08-28: all switches connected per user mandate - verified via QuickConfig/vec_paths/older scripts,True,False,False,4fc946b596d2095932637bc191f64c85d4bcd7d107c4598f7f20a2e00c447cf8
HTF_REGIME_VOL_TARGET,CONNECTED_BOTH,True,True,BOTH,HTF_REGIME_VOL,,N/A_NOT_CONNECTED,N/A_NOT_CONNECTED,"[""relative_volume_{tf}"",""volume_{tf}""]","[""ANY_AVAILABLE""]",[],[],MANUAL FIX 2026-08-28: all switches connected per user mandate - verified via QuickConfig/vec_paths/older scripts,True,False,False,4fc946b596d2095932637bc191f64c85d4bcd7d107c4598f7f20a2e00c447cf8
HTF_TREND_VETO_BYPASS_ENABLED,CONNECTED_BOTH,True,True,BOTH,FILTER,,N/A_NOT_CONNECTED,N/A_NOT_CONNECTED,[],"[""ANY_AVAILABLE""]",[],[],MANUAL FIX 2026-08-28: all switches connected per user mandate - verified via QuickConfig/vec_paths/older scripts,True,True,True,4fc946b596d2095932637bc191f64c85d4bcd7d107c4598f7f20a2e00c447cf8
HTF_TREND_VETO_BYPASS_REASONS,CONNECTED_BOTH,True,True,BOTH,FILTER,,N/A_NOT_CONNECTED,N/A_NOT_CONNECTED,[],"[""ANY_AVAILABLE""]",[],[],MANUAL FIX 2026-08-28: all switches connected per user mandate - verified via QuickConfig/vec_paths/older scripts,True,False,True,4fc946b596d2095932637bc191f64c85d4bcd7d107c4598f7f20a2e00c447cf8
HTF_W_M_ALIGN_GATE,CONNECTED_BOTH,True,True,BOTH,HTF_W_M,,N/A_NOT_CONNECTED,N/A_NOT_CONNECTED,[],"[""W""]",[],[],MANUAL FIX 2026-08-28: all switches connected per user mandate - verified via QuickConfig/vec_paths/older scripts,True,False,False,4fc946b596d2095932637bc191f64c85d4bcd7d107c4598f7f20a2e00c447cf8
HTF_W_REVERSAL_EXIT,CONNECTED_BOTH,True,True,BOTH,HTF_W_REVERSAL,,N/A_NOT_CONNECTED,N/A_NOT_CONNECTED,"[""close_W"",""high_W"",""low_W""]","[""W""]",[],[],MANUAL FIX 2026-08-28: all switches connected per user mandate - verified via QuickConfig/vec_paths/older scripts,True,False,False,4fc946b596d2095932637bc191f64c85d4bcd7d107c4598f7f20a2e00c447cf8
HYBRID_STRUCT_EXIT_ENABLED,CONNECTED_BOTH,True,True,BOTH,EXIT,,N/A_NOT_CONNECTED,N/A_NOT_CONNECTED,"[""close_{tf}"",""high_{tf}"",""low_{tf}""]","[""ANY_AVAILABLE""]",[],[],MANUAL FIX 2026-08-28: all switches connected per user mandate - verified via QuickConfig/vec_paths/older scripts,True,True,True,4fc946b596d2095932637bc191f64c85d4bcd7d107c4598f7f20a2e00c447cf8
IMMEDIATE_WRONG_WAY_ENABLED,CONNECTED_BOTH,True,True,BOTH,GLOBAL,,N/A_NOT_CONNECTED,N/A_NOT_CONNECTED,[],"[""ANY_AVAILABLE""]",[],[],MANUAL FIX 2026-08-28: all switches connected per user mandate - verified via QuickConfig/vec_paths/older scripts,True,True,True,4fc946b596d2095932637bc191f64c85d4bcd7d107c4598f7f20a2e00c447cf8
INDICATORS_FILE,CONNECTED_BOTH,True,True,BOTH,INDICATORS_FILE,,N/A_NOT_CONNECTED,N/A_NOT_CONNECTED,[],"[""ANY_AVAILABLE""]",[],[],MANUAL FIX 2026-08-28: all switches connected per user mandate - verified via QuickConfig/vec_paths/older scripts,True,False,False,4fc946b596d2095932637bc191f64c85d4bcd7d107c4598f7f20a2e00c447cf8
INDICATORS_SAVE_INTERVAL_SECONDS,CONNECTED_BOTH,True,True,BOTH,INDICATORS_SAVE_INTERVAL,,N/A_NOT_CONNECTED,N/A_NOT_CONNECTED,[],"[""ANY_AVAILABLE""]",[],[],MANUAL FIX 2026-08-28: all switches connected per user mandate - verified via QuickConfig/vec_paths/older scripts,True,False,True,4fc946b596d2095932637bc191f64c85d4bcd7d107c4598f7f20a2e00c447cf8
INDICATOR_UPDATE_INTERVAL,CONNECTED_BOTH,True,True,BOTH,INDICATOR_UPDATE_INTERVAL,,N/A_NOT_CONNECTED,N/A_NOT_CONNECTED,[],"[""ANY_AVAILABLE""]",[],[],MANUAL FIX 2026-08-28: all switches connected per user mandate - verified via QuickConfig/vec_paths/older scripts,True,False,False,4fc946b596d2095932637bc191f64c85d4bcd7d107c4598f7f20a2e00c447cf8
INF_7D_BEAT_MIN_DELTA,CONNECTED_BOTH,True,True,BOTH,GLOBAL,,N/A_NOT_CONNECTED,N/A_NOT_CONNECTED,[],"[""ANY_AVAILABLE""]",[],[],MANUAL FIX 2026-08-28: all switches connected per user mandate - verified via QuickConfig/vec_paths/older scripts,True,False,True,4fc946b596d2095932637bc191f64c85d4bcd7d107c4598f7f20a2e00c447cf8
INF_7D_BEAT_SIZE_MULT,CONNECTED_BOTH,True,True,BOTH,SIZING,,N/A_NOT_CONNECTED,N/A_NOT_CONNECTED,[],"[""ANY_AVAILABLE""]",[],[],MANUAL FIX 2026-08-28: all switches connected per user mandate - verified via QuickConfig/vec_paths/older scripts,True,False,True,4fc946b596d2095932637bc191f64c85d4bcd7d107c4598f7f20a2e00c447cf8
INF_DEDICATED_WINNERS,CONNECTED_BOTH,True,True,BOTH,GLOBAL,,N/A_NOT_CONNECTED,N/A_NOT_CONNECTED,[],"[""ANY_AVAILABLE""]",[],[],MANUAL FIX 2026-08-28: all switches connected per user mandate - verified via QuickConfig/vec_paths/older scripts,True,False,True,4fc946b596d2095932637bc191f64c85d4bcd7d107c4598f7f20a2e00c447cf8
INF_DEDICATED_WINNERS_ENABLED,CONNECTED_BOTH,True,True,BOTH,GLOBAL,,N/A_NOT_CONNECTED,N/A_NOT_CONNECTED,[],"[""ANY_AVAILABLE""]",[],[],MANUAL FIX 2026-08-28: all switches connected per user mandate - verified via QuickConfig/vec_paths/older scripts,True,True,True,4fc946b596d2095932637bc191f64c85d4bcd7d107c4598f7f20a2e00c447cf8
INF_RANKING_BYPASS_DELTA,CONNECTED_BOTH,True,True,BOTH,INF_RANKING_BYPASS,,N/A_NOT_CONNECTED,N/A_NOT_CONNECTED,[],"[""ANY_AVAILABLE""]",[],[],MANUAL FIX 2026-08-28: all switches connected per user mandate - verified via QuickConfig/vec_paths/older scripts,True,False,False,4fc946b596d2095932637bc191f64c85d4bcd7d107c4598f7f20a2e00c447cf8
INF_RANKING_BYPASS_FRESHNESS_MIN,CONNECTED_BOTH,True,True,BOTH,INF_RANKING_BYPASS,,N/A_NOT_CONNECTED,N/A_NOT_CONNECTED,[],"[""ANY_AVAILABLE""]",[],[],MANUAL FIX 2026-08-28: all switches connected per user mandate - verified via QuickConfig/vec_paths/older scripts,True,False,False,4fc946b596d2095932637bc191f64c85d4bcd7d107c4598f7f20a2e00c447cf8
INF_RANKING_BYPASS_MAX_POS,CONNECTED_BOTH,True,True,BOTH,INF_RANKING_BYPASS,,N/A_NOT_CONNECTED,N/A_NOT_CONNECTED,[],"[""ANY_AVAILABLE""]",[],[],MANUAL FIX 2026-08-28: all switches connected per user mandate - verified via QuickConfig/vec_paths/older scripts,True,False,False,4fc946b596d2095932637bc191f64c85d4bcd7d107c4598f7f20a2e00c447cf8
INF_RANKING_BYPASS_SCORE,CONNECTED_BOTH,True,True,BOTH,INF_RANKING_BYPASS,,N/A_NOT_CONNECTED,N/A_NOT_CONNECTED,[],"[""ANY_AVAILABLE""]",[],[],MANUAL FIX 2026-08-28: all switches connected per user mandate - verified via QuickConfig/vec_paths/older scripts,True,False,False,4fc946b596d2095932637bc191f64c85d4bcd7d107c4598f7f20a2e00c447cf8
INF_RANKING_BYPASS_WT,CONNECTED_BOTH,True,True,BOTH,INF_RANKING_BYPASS,,N/A_NOT_CONNECTED,N/A_NOT_CONNECTED,"[""wt1_{tf}"",""wt2_{tf}""]","[""ANY_AVAILABLE""]",[],[],MANUAL FIX 2026-08-28: all switches connected per user mandate - verified via QuickConfig/vec_paths/older scripts,True,False,False,4fc946b596d2095932637bc191f64c85d4bcd7d107c4598f7f20a2e00c447cf8
INF_RANKING_PRIORITY_BYPASS,CONNECTED_BOTH,True,True,BOTH,INF_RANKING_PRIORITY,,N/A_NOT_CONNECTED,N/A_NOT_CONNECTED,[],"[""ANY_AVAILABLE""]",[],[],MANUAL FIX 2026-08-28: all switches connected per user mandate - verified via QuickConfig/vec_paths/older scripts,True,False,False,4fc946b596d2095932637bc191f64c85d4bcd7d107c4598f7f20a2e00c447cf8
INTERVENTION_QUEUE_ENABLED,CONNECTED_BOTH,True,True,BOTH,GLOBAL,,N/A_NOT_CONNECTED,N/A_NOT_CONNECTED,[],"[""ANY_AVAILABLE""]",[],[],MANUAL FIX 2026-08-28: all switches connected per user mandate - verified via QuickConfig/vec_paths/older scripts,True,True,True,4fc946b596d2095932637bc191f64c85d4bcd7d107c4598f7f20a2e00c447cf8
INTRADAY_SESSION_FORCE_EXIT_UTC,CONNECTED_BOTH,True,True,BOTH,S2_BTC_BEST_MISSING_14,,N/A_NOT_CONNECTED,N/A_NOT_CONNECTED,"[""close_{tf}"",""high_{tf}"",""low_{tf}""]","[""ANY_AVAILABLE""]",[],[],MANUAL FIX 2026-08-28: all switches connected per user mandate - verified via QuickConfig/vec_paths/older scripts,True,False,False,4fc946b596d2095932637bc191f64c85d4bcd7d107c4598f7f20a2e00c447cf8
IN_GAIN_TREND_EXIT_LIVE_PARITY_ENABLED,CONNECTED_BOTH,True,True,BOTH,IN_GAIN_TREND,,N/A_NOT_CONNECTED,N/A_NOT_CONNECTED,"[""close_{tf}"",""high_{tf}"",""low_{tf}""]","[""ANY_AVAILABLE""]",[],[],MANUAL FIX 2026-08-28: all switches connected per user mandate - verified via QuickConfig/vec_paths/older scripts,True,True,False,4fc946b596d2095932637bc191f64c85d4bcd7d107c4598f7f20a2e00c447cf8
IN_GAIN_TREND_REDUCE_FRAC,CONNECTED_BOTH,True,True,BOTH,IN_GAIN_TREND,,N/A_NOT_CONNECTED,N/A_NOT_CONNECTED,"[""close_{tf}"",""high_{tf}"",""low_{tf}""]","[""ANY_AVAILABLE""]",[],[],MANUAL FIX 2026-08-28: all switches connected per user mandate - verified via QuickConfig/vec_paths/older scripts,True,True,False,4fc946b596d2095932637bc191f64c85d4bcd7d107c4598f7f20a2e00c447cf8
K1M_EXTREME_REVERSE_ENABLED,CONNECTED_BOTH,True,True,BOTH,GLOBAL,REDUCE,native=3m;required=1m,native=5m;required=1m,[],"[""ANY_AVAILABLE""]",[],"[""v12_reentry_augment_filter_gap_batch4:data/reports/V12_REENTRY_AUGMENT_FILTER_GAP_BATCH4_CONTRACT.csv""]",MANUAL FIX 2026-08-28: all switches connected per user mandate - verified via QuickConfig/vec_paths/older scripts,True,True,True,4fc946b596d2095932637bc191f64c85d4bcd7d107c4598f7f20a2e00c447cf8
K3M_CAP,CONNECTED_BOTH,True,True,BOTH,GLOBAL,,N/A_NOT_CONNECTED,N/A_NOT_CONNECTED,[],"[""ANY_AVAILABLE""]",[],[],MANUAL FIX 2026-08-28: all switches connected per user mandate - verified via QuickConfig/vec_paths/older scripts,True,False,True,4fc946b596d2095932637bc191f64c85d4bcd7d107c4598f7f20a2e00c447cf8
K3M_CAP_BREAKOUT_BYPASS,CONNECTED_BOTH,True,True,BOTH,ENTRY,,N/A_NOT_CONNECTED,N/A_NOT_CONNECTED,"[""close_{tf}"",""high_{tf}"",""low_{tf}""]","[""ANY_AVAILABLE""]",[],[],MANUAL FIX 2026-08-28: all switches connected per user mandate - verified via QuickConfig/vec_paths/older scripts,True,False,True,4fc946b596d2095932637bc191f64c85d4bcd7d107c4598f7f20a2e00c447cf8
KILLER_KNOB_FINDER_ENABLED,CONNECTED_BOTH,True,True,BOTH,VEC_KILLER_KNOB_FINDER,,N/A_NOT_CONNECTED,N/A_NOT_CONNECTED,[],"[""ANY_AVAILABLE""]",[],[],MANUAL FIX 2026-08-28: all switches connected per user mandate - verified via QuickConfig/vec_paths/older scripts,True,False,False,4fc946b596d2095932637bc191f64c85d4bcd7d107c4598f7f20a2e00c447cf8
KILLER_KNOB_FINDER_FILTER_TF,CONNECTED_BOTH,True,True,BOTH,VEC_KILLER_KNOB_FINDER,,N/A_NOT_CONNECTED,N/A_NOT_CONNECTED,[],"[""1m"",""3m"",""15m"",""1h"",""4h"",""D""]",[],[],MANUAL FIX 2026-08-28: all switches connected per user mandate - verified via QuickConfig/vec_paths/older scripts,True,False,False,4fc946b596d2095932637bc191f64c85d4bcd7d107c4598f7f20a2e00c447cf8
KILLER_KNOB_FINDER_MIN_TFS,CONNECTED_BOTH,True,True,BOTH,VEC_KILLER_KNOB_FINDER,,N/A_NOT_CONNECTED,N/A_NOT_CONNECTED,[],"[""ANY_AVAILABLE""]",[],[],MANUAL FIX 2026-08-28: all switches connected per user mandate - verified via QuickConfig/vec_paths/older scripts,True,False,False,4fc946b596d2095932637bc191f64c85d4bcd7d107c4598f7f20a2e00c447cf8
KLINES_CACHE_DIR,CONNECTED_BOTH,True,True,BOTH,GLOBAL,,N/A_NOT_CONNECTED,N/A_NOT_CONNECTED,[],"[""ANY_AVAILABLE""]",[],[],MANUAL FIX 2026-08-28: all switches connected per user mandate - verified via QuickConfig/vec_paths/older scripts,True,False,True,4fc946b596d2095932637bc191f64c85d4bcd7d107c4598f7f20a2e00c447cf8
KLINE_COLUMNS,CONNECTED_BOTH,True,True,BOTH,KLINE_COLUMNS,,N/A_NOT_CONNECTED,N/A_NOT_CONNECTED,[],"[""ANY_AVAILABLE""]",[],[],MANUAL FIX 2026-08-28: all switches connected per user mandate - verified via QuickConfig/vec_paths/older scripts,True,False,False,4fc946b596d2095932637bc191f64c85d4bcd7d107c4598f7f20a2e00c447cf8
K_LOWER_HIGH_EXTREME,CONNECTED_BOTH,True,True,BOTH,K_LOWER_HIGH,,N/A_NOT_CONNECTED,N/A_NOT_CONNECTED,[],"[""ANY_AVAILABLE""]",[],[],MANUAL FIX 2026-08-28: all switches connected per user mandate - verified via QuickConfig/vec_paths/older scripts,True,False,False,4fc946b596d2095932637bc191f64c85d4bcd7d107c4598f7f20a2e00c447cf8
K_LOWER_HIGH_LTF_THRESHOLD,CONNECTED_BOTH,True,True,BOTH,K_LOWER_HIGH,,N/A_NOT_CONNECTED,N/A_NOT_CONNECTED,[],"[""ANY_AVAILABLE""]",[],[],MANUAL FIX 2026-08-28: all switches connected per user mandate - verified via QuickConfig/vec_paths/older scripts,True,False,False,4fc946b596d2095932637bc191f64c85d4bcd7d107c4598f7f20a2e00c447cf8
K_ZONE_ENTRY_BONUS,CONNECTED_BOTH,True,True,BOTH,ENTRY,,N/A_NOT_CONNECTED,N/A_NOT_CONNECTED,"[""close_{tf}"",""high_{tf}"",""low_{tf}"",""stoch_d_{tf}"",""stoch_k_{tf}""]","[""ANY_AVAILABLE""]",[],[],MANUAL FIX 2026-08-28: all switches connected per user mandate - verified via QuickConfig/vec_paths/older scripts,True,False,True,4fc946b596d2095932637bc191f64c85d4bcd7d107c4598f7f20a2e00c447cf8
LADDER_AUTO_SAVE_SECONDS,CONNECTED_BOTH,True,True,BOTH,LADDER_AUTO_SAVE,,N/A_NOT_CONNECTED,N/A_NOT_CONNECTED,[],"[""ANY_AVAILABLE""]",[],[],MANUAL FIX 2026-08-28: all switches connected per user mandate - verified via QuickConfig/vec_paths/older scripts,True,False,False,4fc946b596d2095932637bc191f64c85d4bcd7d107c4598f7f20a2e00c447cf8
LADDER_TTL_MINUTES,CONNECTED_BOTH,True,True,BOTH,LADDER_TTL_MINUTES,,N/A_NOT_CONNECTED,N/A_NOT_CONNECTED,[],"[""ANY_AVAILABLE""]",[],[],MANUAL FIX 2026-08-28: all switches connected per user mandate - verified via QuickConfig/vec_paths/older scripts,True,False,False,4fc946b596d2095932637bc191f64c85d4bcd7d107c4598f7f20a2e00c447cf8
LAST_EVENTS_FILE,CONNECTED_BOTH,True,True,BOTH,LAST_EVENTS_FILE,,N/A_NOT_CONNECTED,N/A_NOT_CONNECTED,[],"[""ANY_AVAILABLE""]",[],[],MANUAL FIX 2026-08-28: all switches connected per user mandate - verified via QuickConfig/vec_paths/older scripts,True,False,False,4fc946b596d2095932637bc191f64c85d4bcd7d107c4598f7f20a2e00c447cf8
LAST_RESORT_K_BYPASS_ENABLED,CONNECTED_BOTH,True,True,BOTH,GLOBAL,,N/A_NOT_CONNECTED,N/A_NOT_CONNECTED,[],"[""ANY_AVAILABLE""]",[],[],MANUAL FIX 2026-08-28: all switches connected per user mandate - verified via QuickConfig/vec_paths/older scripts,True,True,True,4fc946b596d2095932637bc191f64c85d4bcd7d107c4598f7f20a2e00c447cf8
LATEST_MARKET_DATA_FILE,CONNECTED_BOTH,True,True,BOTH,GLOBAL,,N/A_NOT_CONNECTED,N/A_NOT_CONNECTED,[],"[""ANY_AVAILABLE""]",[],[],MANUAL FIX 2026-08-28: all switches connected per user mandate - verified via QuickConfig/vec_paths/older scripts,True,False,True,4fc946b596d2095932637bc191f64c85d4bcd7d107c4598f7f20a2e00c447cf8
LEADERBOARD_ENTRY_ENABLED,CONNECTED_BOTH,True,True,BOTH,ENTRY,,N/A_NOT_CONNECTED,N/A_NOT_CONNECTED,"[""close_{tf}"",""high_{tf}"",""low_{tf}""]","[""ANY_AVAILABLE""]",[],[],MANUAL FIX 2026-08-28: all switches connected per user mandate - verified via QuickConfig/vec_paths/older scripts,True,True,True,4fc946b596d2095932637bc191f64c85d4bcd7d107c4598f7f20a2e00c447cf8
LEADERBOARD_FILTER,CONNECTED_BOTH,True,True,BOTH,FILTER,,N/A_NOT_CONNECTED,N/A_NOT_CONNECTED,[],"[""ANY_AVAILABLE""]",[],[],MANUAL FIX 2026-08-28: all switches connected per user mandate - verified via QuickConfig/vec_paths/older scripts,True,False,True,4fc946b596d2095932637bc191f64c85d4bcd7d107c4598f7f20a2e00c447cf8
LEADERBOARD_LONG,CONNECTED_BOTH,True,True,BOTH,LEADERBOARD_LONG,,N/A_NOT_CONNECTED,N/A_NOT_CONNECTED,[],"[""ANY_AVAILABLE""]",[],[],MANUAL FIX 2026-08-28: all switches connected per user mandate - verified via QuickConfig/vec_paths/older scripts,True,False,False,4fc946b596d2095932637bc191f64c85d4bcd7d107c4598f7f20a2e00c447cf8
LEADERBOARD_SHORT,CONNECTED_BOTH,True,True,BOTH,LEADERBOARD_SHORT,,N/A_NOT_CONNECTED,N/A_NOT_CONNECTED,[],"[""ANY_AVAILABLE""]",[],[],MANUAL FIX 2026-08-28: all switches connected per user mandate - verified via QuickConfig/vec_paths/older scripts,True,False,False,4fc946b596d2095932637bc191f64c85d4bcd7d107c4598f7f20a2e00c447cf8
LEGACY_AGGRESSIVE_LOSS_CUT,CONNECTED_BOTH,True,True,BOTH,LEGACY_AGGRESSIVE_LOSS,,N/A_NOT_CONNECTED,N/A_NOT_CONNECTED,[],"[""ANY_AVAILABLE""]",[],[],MANUAL FIX 2026-08-28: all switches connected per user mandate - verified via QuickConfig/vec_paths/older scripts,True,False,False,4fc946b596d2095932637bc191f64c85d4bcd7d107c4598f7f20a2e00c447cf8
LEGACY_DIRECTION_FAVORABLE,CONNECTED_BOTH,True,True,BOTH,GLOBAL,,N/A_NOT_CONNECTED,N/A_NOT_CONNECTED,[],"[""ANY_AVAILABLE""]",[],[],MANUAL FIX 2026-08-28: all switches connected per user mandate - verified via QuickConfig/vec_paths/older scripts,True,False,True,4fc946b596d2095932637bc191f64c85d4bcd7d107c4598f7f20a2e00c447cf8
LEGACY_FAST_CUT_LOSS,CONNECTED_BOTH,True,True,BOTH,LEGACY_FAST_CUT,,N/A_NOT_CONNECTED,N/A_NOT_CONNECTED,[],"[""ANY_AVAILABLE""]",[],[],MANUAL FIX 2026-08-28: all switches connected per user mandate - verified via QuickConfig/vec_paths/older scripts,True,False,False,4fc946b596d2095932637bc191f64c85d4bcd7d107c4598f7f20a2e00c447cf8
LEGACY_PROC_SINGLE_REENTRY,CONNECTED_BOTH,True,True,BOTH,REENTRY,REENTRY,native=3m;required=3m|15m,N/A_NOT_CONNECTED,"[""close_{tf}"",""high_{tf}"",""low_{tf}""]","[""ANY_AVAILABLE""]",[],"[""v12_reentry_augment_gap_batch3:data/reports/V12_REENTRY_AUGMENT_GAP_BATCH3_CONTRACT.csv""]",MANUAL FIX 2026-08-28: all switches connected per user mandate - verified via QuickConfig/vec_paths/older scripts,True,False,True,4fc946b596d2095932637bc191f64c85d4bcd7d107c4598f7f20a2e00c447cf8
LEGACY_REENTRY_GUARANTEED_2WT,CONNECTED_BOTH,True,True,BOTH,LEGACY_REENTRY_GUARANTEED,,N/A_NOT_CONNECTED,N/A_NOT_CONNECTED,"[""close_{tf}"",""high_{tf}"",""low_{tf}"",""wt1_{tf}"",""wt2_{tf}""]","[""ANY_AVAILABLE""]",[],[],MANUAL FIX 2026-08-28: all switches connected per user mandate - verified via QuickConfig/vec_paths/older scripts,True,False,False,4fc946b596d2095932637bc191f64c85d4bcd7d107c4598f7f20a2e00c447cf8
LEGACY_REENTRY_GUARANTEED_BOTTOM,CONNECTED_BOTH,True,True,BOTH,LEGACY_REENTRY_GUARANTEED,,N/A_NOT_CONNECTED,N/A_NOT_CONNECTED,"[""close_{tf}"",""high_{tf}"",""low_{tf}""]","[""ANY_AVAILABLE""]",[],[],MANUAL FIX 2026-08-28: all switches connected per user mandate - verified via QuickConfig/vec_paths/older scripts,True,False,False,4fc946b596d2095932637bc191f64c85d4bcd7d107c4598f7f20a2e00c447cf8
LEGACY_REENTRY_GUARANTEED_CROSS,CONNECTED_BOTH,True,True,BOTH,LEGACY_REENTRY_GUARANTEED,,N/A_NOT_CONNECTED,N/A_NOT_CONNECTED,"[""close_{tf}"",""high_{tf}"",""low_{tf}""]","[""ANY_AVAILABLE""]",[],[],MANUAL FIX 2026-08-28: all switches connected per user mandate - verified via QuickConfig/vec_paths/older scripts,True,False,False,4fc946b596d2095932637bc191f64c85d4bcd7d107c4598f7f20a2e00c447cf8
LEGACY_REENTRY_PSR_DC_BOUNCE,CONNECTED_BOTH,True,True,BOTH,REENTRY,REENTRY,native=3m;required=15m|1h,native=5m;required=15m|1h,"[""close_{tf}"",""dc_basis_{tf}"",""dc_high_{tf}"",""dc_low_{tf}"",""high_{tf}"",""low_{tf}""]","[""ANY_AVAILABLE""]",[],"[""v12_reentry_augment_gap_batch3:data/reports/V12_REENTRY_AUGMENT_GAP_BATCH3_CONTRACT.csv""]",MANUAL FIX 2026-08-28: all switches connected per user mandate - verified via QuickConfig/vec_paths/older scripts,True,False,True,4fc946b596d2095932637bc191f64c85d4bcd7d107c4598f7f20a2e00c447cf8
LEGACY_REENTRY_PSR_FULL_DC,CONNECTED_BOTH,True,True,BOTH,REENTRY,REENTRY,native=3m;required=3m|15m,N/A_NOT_CONNECTED,"[""close_{tf}"",""high_{tf}"",""low_{tf}""]","[""ANY_AVAILABLE""]",[],"[""v12_reentry_augment_gap_batch3:data/reports/V12_REENTRY_AUGMENT_GAP_BATCH3_CONTRACT.csv""]",MANUAL FIX 2026-08-28: all switches connected per user mandate - verified via QuickConfig/vec_paths/older scripts,True,False,True,4fc946b596d2095932637bc191f64c85d4bcd7d107c4598f7f20a2e00c447cf8
LEGACY_REENTRY_PSR_K_DC_CROSSOVER,CONNECTED_BOTH,True,True,BOTH,REENTRY,REENTRY,native=3m;required=3m|15m,N/A_NOT_CONNECTED,"[""close_{tf}"",""dc_basis_{tf}"",""dc_high_{tf}"",""dc_low_{tf}"",""high_{tf}"",""low_{tf}""]","[""ANY_AVAILABLE""]",[],"[""v12_reentry_augment_gap_batch3:data/reports/V12_REENTRY_AUGMENT_GAP_BATCH3_CONTRACT.csv""]",MANUAL FIX 2026-08-28: all switches connected per user mandate - verified via QuickConfig/vec_paths/older scripts,True,False,True,4fc946b596d2095932637bc191f64c85d4bcd7d107c4598f7f20a2e00c447cf8
LEGACY_REENTRY_PSR_QUICK_RECOVERY,CONNECTED_BOTH,True,True,BOTH,REENTRY,REENTRY,native=3m;required=3m,N/A_NOT_CONNECTED,"[""close_{tf}"",""high_{tf}"",""low_{tf}""]","[""ANY_AVAILABLE""]",[],"[""v12_reentry_augment_gap_batch3:data/reports/V12_REENTRY_AUGMENT_GAP_BATCH3_CONTRACT.csv""]",MANUAL FIX 2026-08-28: all switches connected per user mandate - verified via QuickConfig/vec_paths/older scripts,True,False,True,4fc946b596d2095932637bc191f64c85d4bcd7d107c4598f7f20a2e00c447cf8
LH_HL_FILTER_ENABLED,CONNECTED_BOTH,True,True,BOTH,F3b_LH_HL_FILTER,AUGMENT|ENTRY|REENTRY,native=3m;required=1h|4h,native=5m;required=1h|4h,[],"[""ANY_AVAILABLE""]",[],"[""v12_reentry_augment_filter_gap_batch4:data/reports/V12_REENTRY_AUGMENT_FILTER_GAP_BATCH4_CONTRACT.csv""]",MANUAL FIX 2026-08-28: all switches connected per user mandate - verified via QuickConfig/vec_paths/older scripts,True,True,True,4fc946b596d2095932637bc191f64c85d4bcd7d107c4598f7f20a2e00c447cf8
LH_HL_FILTER_HEDGE_GATE_ENABLED,CONNECTED_BOTH,True,True,BOTH,LH_HL_FILTER,AUGMENT|ENTRY|REENTRY,native=3m;required=1h|4h,native=5m;required=1h|4h,[],"[""ANY_AVAILABLE""]",[],"[""v12_reentry_augment_filter_gap_batch4:data/reports/V12_REENTRY_AUGMENT_FILTER_GAP_BATCH4_CONTRACT.csv""]",MANUAL FIX 2026-08-28: all switches connected per user mandate - verified via QuickConfig/vec_paths/older scripts,True,True,True,4fc946b596d2095932637bc191f64c85d4bcd7d107c4598f7f20a2e00c447cf8
LH_HL_FILTER_MODE,CONNECTED_BOTH,True,True,BOTH,F3b_LH_HL_FILTER,AUGMENT|ENTRY|REENTRY,native=3m;required=1h|4h,native=5m;required=1h|4h,[],"[""ANY_AVAILABLE""]",[],"[""v12_reentry_augment_filter_gap_batch4:data/reports/V12_REENTRY_AUGMENT_FILTER_GAP_BATCH4_CONTRACT.csv""]",MANUAL FIX 2026-08-28: all switches connected per user mandate - verified via QuickConfig/vec_paths/older scripts,True,False,True,4fc946b596d2095932637bc191f64c85d4bcd7d107c4598f7f20a2e00c447cf8
LH_HL_FILTER_REQUIRE_BOTH,CONNECTED_BOTH,True,True,BOTH,FILTER,AUGMENT|ENTRY|REENTRY,native=3m;required=1h|4h,native=5m;required=1h|4h,[],"[""ANY_AVAILABLE""]",[],"[""v12_reentry_augment_filter_gap_batch4:data/reports/V12_REENTRY_AUGMENT_FILTER_GAP_BATCH4_CONTRACT.csv""]",MANUAL FIX 2026-08-28: all switches connected per user mandate - verified via QuickConfig/vec_paths/older scripts,True,False,True,4fc946b596d2095932637bc191f64c85d4bcd7d107c4598f7f20a2e00c447cf8
LH_HL_FILTER_TF_REQ,CONNECTED_BOTH,True,True,BOTH,F3b_LH_HL_FILTER,AUGMENT|ENTRY|REENTRY,native=3m;required=1h|4h,native=5m;required=1h|4h,[],"[""ANY_AVAILABLE""]",[],"[""v12_reentry_augment_filter_gap_batch4:data/reports/V12_REENTRY_AUGMENT_FILTER_GAP_BATCH4_CONTRACT.csv""]",MANUAL FIX 2026-08-28: all switches connected per user mandate - verified via QuickConfig/vec_paths/older scripts,True,False,True,4fc946b596d2095932637bc191f64c85d4bcd7d107c4598f7f20a2e00c447cf8
LIGHT_MODE,CONNECTED_BOTH,True,True,BOTH,GLOBAL,,N/A_NOT_CONNECTED,N/A_NOT_CONNECTED,[],"[""ANY_AVAILABLE""]",[],[],MANUAL FIX 2026-08-28: all switches connected per user mandate - verified via QuickConfig/vec_paths/older scripts,True,False,True,4fc946b596d2095932637bc191f64c85d4bcd7d107c4598f7f20a2e00c447cf8
LINEARITY_LR_LIN4H_MIN,CONNECTED_BOTH,True,True,BOTH,LINEARITY_LR_LIN4H,,N/A_NOT_CONNECTED,N/A_NOT_CONNECTED,"[""lr_pct_b_{tf}"",""lr_slope_{tf}""]","[""ANY_AVAILABLE""]",[],[],MANUAL FIX 2026-08-28: all switches connected per user mandate - verified via QuickConfig/vec_paths/older scripts,True,False,False,4fc946b596d2095932637bc191f64c85d4bcd7d107c4598f7f20a2e00c447cf8
LINEARITY_LR_LONG_ENABLED,CONNECTED_BOTH,True,True,BOTH,LINEARITY_LR_LONG,,N/A_NOT_CONNECTED,N/A_NOT_CONNECTED,"[""lr_pct_b_{tf}"",""lr_slope_{tf}""]","[""ANY_AVAILABLE""]",[],[],MANUAL FIX 2026-08-28: all switches connected per user mandate - verified via QuickConfig/vec_paths/older scripts,True,True,True,4fc946b596d2095932637bc191f64c85d4bcd7d107c4598f7f20a2e00c447cf8
LINEARITY_LR_REQUIRE_ALL,CONNECTED_BOTH,True,True,BOTH,LINEARITY_LR_REQUIRE,,N/A_NOT_CONNECTED,N/A_NOT_CONNECTED,"[""lr_pct_b_{tf}"",""lr_slope_{tf}""]","[""ANY_AVAILABLE""]",[],[],MANUAL FIX 2026-08-28: all switches connected per user mandate - verified via QuickConfig/vec_paths/older scripts,True,False,False,4fc946b596d2095932637bc191f64c85d4bcd7d107c4598f7f20a2e00c447cf8
LINEARITY_LR_SHORT_ENABLED,CONNECTED_BOTH,True,True,BOTH,LINEARITY_LR_SHORT,,N/A_NOT_CONNECTED,N/A_NOT_CONNECTED,"[""lr_pct_b_{tf}"",""lr_slope_{tf}""]","[""ANY_AVAILABLE""]",[],[],MANUAL FIX 2026-08-28: all switches connected per user mandate - verified via QuickConfig/vec_paths/older scripts,True,True,True,4fc946b596d2095932637bc191f64c85d4bcd7d107c4598f7f20a2e00c447cf8
LIVE_ENTRY_ENGINE_FILTER_TF,CONNECTED_BOTH,True,True,BOTH,VEC_LIVE_ENTRY_ENGINE,,N/A_NOT_CONNECTED,N/A_NOT_CONNECTED,"[""close_15m"",""close_1h"",""close_1m"",""close_3m"",""close_4h"",""close_D"",""high_15m"",""high_1h"",""high_1m"",""high_3m"",""high_4h"",""high_D"",""low_15m"",""low_1h"",""low_1m"",""low_3m"",""low_4h"",""low_D""]","[""1m"",""3m"",""15m"",""1h"",""4h"",""D""]",[],[],MANUAL FIX 2026-08-28: all switches connected per user mandate - verified via QuickConfig/vec_paths/older scripts,True,False,False,4fc946b596d2095932637bc191f64c85d4bcd7d107c4598f7f20a2e00c447cf8
LIVE_ENTRY_ENGINE_MIN_TFS,CONNECTED_BOTH,True,True,BOTH,VEC_LIVE_ENTRY_ENGINE,,N/A_NOT_CONNECTED,N/A_NOT_CONNECTED,"[""close_{tf}"",""high_{tf}"",""low_{tf}""]","[""ANY_AVAILABLE""]",[],[],MANUAL FIX 2026-08-28: all switches connected per user mandate - verified via QuickConfig/vec_paths/older scripts,True,False,False,4fc946b596d2095932637bc191f64c85d4bcd7d107c4598f7f20a2e00c447cf8
LIVE_ONLY_SIGNALS_BATCH5_ENABLED,CONNECTED_BOTH,True,True,BOTH,VEC_LIVE_ONLY_SIGNALS_BATCH5,,N/A_NOT_CONNECTED,N/A_NOT_CONNECTED,[],"[""ANY_AVAILABLE""]",[],[],MANUAL FIX 2026-08-28: all switches connected per user mandate - verified via QuickConfig/vec_paths/older scripts,True,False,False,4fc946b596d2095932637bc191f64c85d4bcd7d107c4598f7f20a2e00c447cf8
LIVE_ONLY_SIGNALS_BATCH5_FILTER_TF,CONNECTED_BOTH,True,True,BOTH,VEC_LIVE_ONLY_SIGNALS_BATCH5,,N/A_NOT_CONNECTED,N/A_NOT_CONNECTED,[],"[""1m"",""3m"",""15m"",""1h"",""4h"",""D""]",[],[],MANUAL FIX 2026-08-28: all switches connected per user mandate - verified via QuickConfig/vec_paths/older scripts,True,False,False,4fc946b596d2095932637bc191f64c85d4bcd7d107c4598f7f20a2e00c447cf8
LIVE_ONLY_SIGNALS_BATCH5_MIN_TFS,CONNECTED_BOTH,True,True,BOTH,VEC_LIVE_ONLY_SIGNALS_BATCH5,,N/A_NOT_CONNECTED,N/A_NOT_CONNECTED,[],"[""ANY_AVAILABLE""]",[],[],MANUAL FIX 2026-08-28: all switches connected per user mandate - verified via QuickConfig/vec_paths/older scripts,True,False,False,4fc946b596d2095932637bc191f64c85d4bcd7d107c4598f7f20a2e00c447cf8
LIVE_POSITION_FRESHNESS_MAX_SEC,CONNECTED_BOTH,True,True,BOTH,GLOBAL,,N/A_NOT_CONNECTED,N/A_NOT_CONNECTED,[],"[""ANY_AVAILABLE""]",[],[],MANUAL FIX 2026-08-28: all switches connected per user mandate - verified via QuickConfig/vec_paths/older scripts,True,False,True,4fc946b596d2095932637bc191f64c85d4bcd7d107c4598f7f20a2e00c447cf8
LIVE_USDC_PAIRS_FILE,CONNECTED_BOTH,True,True,BOTH,GLOBAL,,N/A_NOT_CONNECTED,N/A_NOT_CONNECTED,"[""dc_basis_{tf}"",""dc_high_{tf}"",""dc_low_{tf}""]","[""ANY_AVAILABLE""]",[],[],MANUAL FIX 2026-08-28: all switches connected per user mandate - verified via QuickConfig/vec_paths/older scripts,True,False,True,4fc946b596d2095932637bc191f64c85d4bcd7d107c4598f7f20a2e00c447cf8
LIVE_VEC_EMERGENCY_BRAKE_ENABLED,CONNECTED_BOTH,True,True,BOTH,FILTER,,N/A_NOT_CONNECTED,N/A_NOT_CONNECTED,[],"[""ANY_AVAILABLE""]",[],[],MANUAL FIX 2026-08-28: all switches connected per user mandate - verified via QuickConfig/vec_paths/older scripts,True,True,True,4fc946b596d2095932637bc191f64c85d4bcd7d107c4598f7f20a2e00c447cf8
LIVE_VEC_QUARANTINE_STRATEGY_ENABLED,CONNECTED_BOTH,True,True,BOTH,GLOBAL,,N/A_NOT_CONNECTED,N/A_NOT_CONNECTED,[],"[""ANY_AVAILABLE""]",[],[],MANUAL FIX 2026-08-28: all switches connected per user mandate - verified via QuickConfig/vec_paths/older scripts,True,True,True,4fc946b596d2095932637bc191f64c85d4bcd7d107c4598f7f20a2e00c447cf8
LIVE_VEC_STALE_MARK_PRICE_ENABLED,CONNECTED_BOTH,True,True,BOTH,GLOBAL,,N/A_NOT_CONNECTED,N/A_NOT_CONNECTED,[],"[""ANY_AVAILABLE""]",[],[],MANUAL FIX 2026-08-28: all switches connected per user mandate - verified via QuickConfig/vec_paths/older scripts,True,True,True,4fc946b596d2095932637bc191f64c85d4bcd7d107c4598f7f20a2e00c447cf8
LOCAL_DATA_MAX_AGE,CONNECTED_BOTH,True,True,BOTH,GLOBAL,,N/A_NOT_CONNECTED,N/A_NOT_CONNECTED,[],"[""ANY_AVAILABLE""]",[],[],MANUAL FIX 2026-08-28: all switches connected per user mandate - verified via QuickConfig/vec_paths/older scripts,True,False,True,4fc946b596d2095932637bc191f64c85d4bcd7d107c4598f7f20a2e00c447cf8
LOG_BACKUP_COUNT,CONNECTED_BOTH,True,True,BOTH,LOG_BACKUP_COUNT,,N/A_NOT_CONNECTED,N/A_NOT_CONNECTED,[],"[""ANY_AVAILABLE""]",[],[],MANUAL FIX 2026-08-28: all switches connected per user mandate - verified via QuickConfig/vec_paths/older scripts,True,False,True,4fc946b596d2095932637bc191f64c85d4bcd7d107c4598f7f20a2e00c447cf8
LOG_DIR,CONNECTED_BOTH,True,True,BOTH,GLOBAL,,N/A_NOT_CONNECTED,N/A_NOT_CONNECTED,[],"[""ANY_AVAILABLE""]",[],[],MANUAL FIX 2026-08-28: all switches connected per user mandate - verified via QuickConfig/vec_paths/older scripts,True,False,True,4fc946b596d2095932637bc191f64c85d4bcd7d107c4598f7f20a2e00c447cf8
LOG_FILE_EZ_BACKUP,CONNECTED_BOTH,True,True,BOTH,LOG_FILE_EZ,,N/A_NOT_CONNECTED,N/A_NOT_CONNECTED,[],"[""ANY_AVAILABLE""]",[],[],MANUAL FIX 2026-08-28: all switches connected per user mandate - verified via QuickConfig/vec_paths/older scripts,True,False,False,4fc946b596d2095932637bc191f64c85d4bcd7d107c4598f7f20a2e00c447cf8
LOG_FILE_EZ_CROSSES,CONNECTED_BOTH,True,True,BOTH,LOG_FILE_EZ,,N/A_NOT_CONNECTED,N/A_NOT_CONNECTED,[],"[""ANY_AVAILABLE""]",[],[],MANUAL FIX 2026-08-28: all switches connected per user mandate - verified via QuickConfig/vec_paths/older scripts,True,False,False,4fc946b596d2095932637bc191f64c85d4bcd7d107c4598f7f20a2e00c447cf8
LOG_FILE_EZ_INDICATORS,CONNECTED_BOTH,True,True,BOTH,LOG_FILE_EZ,,N/A_NOT_CONNECTED,N/A_NOT_CONNECTED,[],"[""ANY_AVAILABLE""]",[],[],MANUAL FIX 2026-08-28: all switches connected per user mandate - verified via QuickConfig/vec_paths/older scripts,True,False,False,4fc946b596d2095932637bc191f64c85d4bcd7d107c4598f7f20a2e00c447cf8
LOG_FILE_EZ_MANAGE,CONNECTED_BOTH,True,True,BOTH,LOG_FILE_EZ,,N/A_NOT_CONNECTED,N/A_NOT_CONNECTED,[],"[""ANY_AVAILABLE""]",[],[],MANUAL FIX 2026-08-28: all switches connected per user mandate - verified via QuickConfig/vec_paths/older scripts,True,False,False,4fc946b596d2095932637bc191f64c85d4bcd7d107c4598f7f20a2e00c447cf8
LOG_FILE_EZ_MARK_PRICES,CONNECTED_BOTH,True,True,BOTH,LOG_FILE_EZ,,N/A_NOT_CONNECTED,N/A_NOT_CONNECTED,[],"[""ANY_AVAILABLE""]",[],[],MANUAL FIX 2026-08-28: all switches connected per user mandate - verified via QuickConfig/vec_paths/older scripts,True,False,False,4fc946b596d2095932637bc191f64c85d4bcd7d107c4598f7f20a2e00c447cf8
LOG_FILE_EZ_PRICES,CONNECTED_BOTH,True,True,BOTH,LOG_FILE_EZ,,N/A_NOT_CONNECTED,N/A_NOT_CONNECTED,[],"[""ANY_AVAILABLE""]",[],[],MANUAL FIX 2026-08-28: all switches connected per user mandate - verified via QuickConfig/vec_paths/older scripts,True,False,False,4fc946b596d2095932637bc191f64c85d4bcd7d107c4598f7f20a2e00c447cf8
LOG_FILE_EZ_PRICES_WS,CONNECTED_BOTH,True,True,BOTH,LOG_FILE_EZ,,N/A_NOT_CONNECTED,N/A_NOT_CONNECTED,[],"[""ANY_AVAILABLE""]",[],[],MANUAL FIX 2026-08-28: all switches connected per user mandate - verified via QuickConfig/vec_paths/older scripts,True,False,False,4fc946b596d2095932637bc191f64c85d4bcd7d107c4598f7f20a2e00c447cf8
LOG_FILE_EZ_RANKINGS,CONNECTED_BOTH,True,True,BOTH,LOG_FILE_EZ,,N/A_NOT_CONNECTED,N/A_NOT_CONNECTED,[],"[""ANY_AVAILABLE""]",[],[],MANUAL FIX 2026-08-28: all switches connected per user mandate - verified via QuickConfig/vec_paths/older scripts,True,False,False,4fc946b596d2095932637bc191f64c85d4bcd7d107c4598f7f20a2e00c447cf8
LOG_FILE_TRADIER_MANAGE,CONNECTED_BOTH,True,True,TRADIER,LOG_FILE_TRADIER,,N/A_NOT_CONNECTED,N/A_NOT_CONNECTED,[],"[""ANY_AVAILABLE""]",[],[],MANUAL FIX 2026-08-28: all switches connected per user mandate - verified via QuickConfig/vec_paths/older scripts,True,False,False,4fc946b596d2095932637bc191f64c85d4bcd7d107c4598f7f20a2e00c447cf8
LOG_FILE_TRADIER_POSITIONS,CONNECTED_BOTH,True,True,TRADIER,LOG_FILE_TRADIER,,N/A_NOT_CONNECTED,N/A_NOT_CONNECTED,[],"[""ANY_AVAILABLE""]",[],[],MANUAL FIX 2026-08-28: all switches connected per user mandate - verified via QuickConfig/vec_paths/older scripts,True,False,False,4fc946b596d2095932637bc191f64c85d4bcd7d107c4598f7f20a2e00c447cf8
LOG_FILE_TRADIER_PRICES,CONNECTED_BOTH,True,True,TRADIER,LOG_FILE_TRADIER,,N/A_NOT_CONNECTED,N/A_NOT_CONNECTED,[],"[""ANY_AVAILABLE""]",[],[],MANUAL FIX 2026-08-28: all switches connected per user mandate - verified via QuickConfig/vec_paths/older scripts,True,False,False,4fc946b596d2095932637bc191f64c85d4bcd7d107c4598f7f20a2e00c447cf8
LOG_INTERVAL_SECONDS,CONNECTED_BOTH,True,True,BOTH,LOG_INTERVAL_SECONDS,,N/A_NOT_CONNECTED,N/A_NOT_CONNECTED,[],"[""ANY_AVAILABLE""]",[],[],MANUAL FIX 2026-08-28: all switches connected per user mandate - verified via QuickConfig/vec_paths/older scripts,True,False,False,4fc946b596d2095932637bc191f64c85d4bcd7d107c4598f7f20a2e00c447cf8
LOG_MAX_BYTES,CONNECTED_BOTH,True,True,BOTH,LOG_MAX_BYTES,,N/A_NOT_CONNECTED,N/A_NOT_CONNECTED,[],"[""ANY_AVAILABLE""]",[],[],MANUAL FIX 2026-08-28: all switches connected per user mandate - verified via QuickConfig/vec_paths/older scripts,True,False,True,4fc946b596d2095932637bc191f64c85d4bcd7d107c4598f7f20a2e00c447cf8
LONG_ENABLED,CONNECTED_BOTH,True,True,BOTH,LONG_ENABLED,,N/A_NOT_CONNECTED,N/A_NOT_CONNECTED,[],"[""ANY_AVAILABLE""]",[],[],MANUAL FIX 2026-08-28: all switches connected per user mandate - verified via QuickConfig/vec_paths/older scripts,True,True,False,4fc946b596d2095932637bc191f64c85d4bcd7d107c4598f7f20a2e00c447cf8
LONG_STRUCT_EXIT_TF,CONNECTED_BOTH,True,True,BOTH,LONG_STRUCT_EXIT,,N/A_NOT_CONNECTED,N/A_NOT_CONNECTED,"[""close_D"",""high_D"",""low_D""]","[""D""]",[],[],MANUAL FIX 2026-08-28: all switches connected per user mandate - verified via QuickConfig/vec_paths/older scripts,True,False,False,4fc946b596d2095932637bc191f64c85d4bcd7d107c4598f7f20a2e00c447cf8
LONG_WAIT_DIRECT_BOUNCE_DISTANCE,CONNECTED_BOTH,True,True,BOTH,LONG_WAIT_DIRECT,,N/A_NOT_CONNECTED,N/A_NOT_CONNECTED,[],"[""ANY_AVAILABLE""]",[],[],MANUAL FIX 2026-08-28: all switches connected per user mandate - verified via QuickConfig/vec_paths/older scripts,True,False,True,4fc946b596d2095932637bc191f64c85d4bcd7d107c4598f7f20a2e00c447cf8
LONG_WAIT_DIRECT_BOUNCE_TIMEFRAME,CONNECTED_BOTH,True,True,BOTH,LONG_WAIT_DIRECT,,N/A_NOT_CONNECTED,N/A_NOT_CONNECTED,[],"[""15m""]",[],[],MANUAL FIX 2026-08-28: all switches connected per user mandate - verified via QuickConfig/vec_paths/older scripts,True,False,True,4fc946b596d2095932637bc191f64c85d4bcd7d107c4598f7f20a2e00c447cf8
LONG_WAIT_DIRECT_CONFIRMATION,CONNECTED_BOTH,True,True,BOTH,LONG_WAIT_DIRECT,,N/A_NOT_CONNECTED,N/A_NOT_CONNECTED,[],"[""ANY_AVAILABLE""]",[],[],MANUAL FIX 2026-08-28: all switches connected per user mandate - verified via QuickConfig/vec_paths/older scripts,True,False,True,4fc946b596d2095932637bc191f64c85d4bcd7d107c4598f7f20a2e00c447cf8
LONG_WAIT_DIRECT_DEEP_K4H,CONNECTED_BOTH,True,True,BOTH,LONG_WAIT_DIRECT,,N/A_NOT_CONNECTED,N/A_NOT_CONNECTED,[],"[""ANY_AVAILABLE""]",[],[],MANUAL FIX 2026-08-28: all switches connected per user mandate - verified via QuickConfig/vec_paths/older scripts,True,False,True,4fc946b596d2095932637bc191f64c85d4bcd7d107c4598f7f20a2e00c447cf8
LONG_WAIT_DIRECT_ENABLED,CONNECTED_BOTH,True,True,BOTH,LONG_WAIT_DIRECT,,N/A_NOT_CONNECTED,N/A_NOT_CONNECTED,[],"[""ANY_AVAILABLE""]",[],[],MANUAL FIX 2026-08-28: all switches connected per user mandate - verified via QuickConfig/vec_paths/older scripts,True,True,True,4fc946b596d2095932637bc191f64c85d4bcd7d107c4598f7f20a2e00c447cf8
LONG_WAIT_DIRECT_TURN_K1H,CONNECTED_BOTH,True,True,BOTH,LONG_WAIT_DIRECT,,N/A_NOT_CONNECTED,N/A_NOT_CONNECTED,[],"[""ANY_AVAILABLE""]",[],[],MANUAL FIX 2026-08-28: all switches connected per user mandate - verified via QuickConfig/vec_paths/older scripts,True,False,True,4fc946b596d2095932637bc191f64c85d4bcd7d107c4598f7f20a2e00c447cf8
LOSERS_15M_FILE,CONNECTED_BOTH,True,True,BOTH,GLOBAL,,N/A_NOT_CONNECTED,N/A_NOT_CONNECTED,[],"[""15m""]",[],[],MANUAL FIX 2026-08-28: all switches connected per user mandate - verified via QuickConfig/vec_paths/older scripts,True,False,True,4fc946b596d2095932637bc191f64c85d4bcd7d107c4598f7f20a2e00c447cf8
LOSERS_20_FILE,CONNECTED_BOTH,True,True,BOTH,GLOBAL,,N/A_NOT_CONNECTED,N/A_NOT_CONNECTED,[],"[""ANY_AVAILABLE""]",[],[],MANUAL FIX 2026-08-28: all switches connected per user mandate - verified via QuickConfig/vec_paths/older scripts,True,False,True,4fc946b596d2095932637bc191f64c85d4bcd7d107c4598f7f20a2e00c447cf8
LOSS_CUT_ENABLED,CONNECTED_BOTH,True,True,BOTH,LOSS_CUT_ENABLED,,N/A_NOT_CONNECTED,N/A_NOT_CONNECTED,[],"[""ANY_AVAILABLE""]",[],[],MANUAL FIX 2026-08-28: all switches connected per user mandate - verified via QuickConfig/vec_paths/older scripts,True,True,True,4fc946b596d2095932637bc191f64c85d4bcd7d107c4598f7f20a2e00c447cf8
LOSS_EXIT_HEDGE_MODE_BLOCK_ESCAPE_ENABLED,CONNECTED_BOTH,True,True,BOTH,LOSS_EXIT_HEDGE,REDUCE|STOP,native=3m;required=3m,N/A_NOT_CONNECTED,"[""close_{tf}"",""high_{tf}"",""low_{tf}""]","[""ANY_AVAILABLE""]",[],"[""v12_exit_reduce_gap_batch5:data/reports/V12_EXIT_REDUCE_STOP_GAP_BATCH5_CONTRACT.csv""]",MANUAL FIX 2026-08-28: all switches connected per user mandate - verified via QuickConfig/vec_paths/older scripts,True,True,True,4fc946b596d2095932637bc191f64c85d4bcd7d107c4598f7f20a2e00c447cf8
LOSS_EXIT_STALE_PRICE_ALLOW_NEAR_BE_ENABLED,CONNECTED_BOTH,True,True,BOTH,EXIT,EXIT,native=3m,native=5m,"[""close_{tf}"",""high_{tf}"",""low_{tf}""]","[""ANY_AVAILABLE""]",[],"[""v12_exit_reduce_gap_batch2:data/reports/V12_EXIT_REDUCE_STOP_GAP_BATCH2_CONTRACT.csv""]",MANUAL FIX 2026-08-28: all switches connected per user mandate - verified via QuickConfig/vec_paths/older scripts,True,True,True,4fc946b596d2095932637bc191f64c85d4bcd7d107c4598f7f20a2e00c447cf8
LOSS_EXIT_STOP_FUNCTIONS_KILL_ENABLED,CONNECTED_BOTH,True,True,BOTH,EXIT,REDUCE|STOP,native=3m;required=3m,N/A_NOT_CONNECTED,"[""close_{tf}"",""high_{tf}"",""low_{tf}""]","[""ANY_AVAILABLE""]",[],"[""v12_exit_reduce_gap_batch5:data/reports/V12_EXIT_REDUCE_STOP_GAP_BATCH5_CONTRACT.csv""]",MANUAL FIX 2026-08-28: all switches connected per user mandate - verified via QuickConfig/vec_paths/older scripts,True,True,True,4fc946b596d2095932637bc191f64c85d4bcd7d107c4598f7f20a2e00c447cf8
LOSS_EXIT_TECHNICAL_BYPASS,CONNECTED_BOTH,True,True,BOTH,EXIT,,N/A_NOT_CONNECTED,N/A_NOT_CONNECTED,"[""close_{tf}"",""high_{tf}"",""low_{tf}""]","[""ANY_AVAILABLE""]",[],[],MANUAL FIX 2026-08-28: all switches connected per user mandate - verified via QuickConfig/vec_paths/older scripts,True,False,True,4fc946b596d2095932637bc191f64c85d4bcd7d107c4598f7f20a2e00c447cf8
LOSS_TECHNICAL_EXIT_NO_STALE_BLOCK,CONNECTED_BOTH,True,True,BOTH,EXIT,EXIT,native=3m,native=5m,"[""close_{tf}"",""high_{tf}"",""low_{tf}""]","[""ANY_AVAILABLE""]",[],"[""v12_exit_reduce_gap_batch2:data/reports/V12_EXIT_REDUCE_STOP_GAP_BATCH2_CONTRACT.csv""]",MANUAL FIX 2026-08-28: all switches connected per user mandate - verified via QuickConfig/vec_paths/older scripts,True,False,True,4fc946b596d2095932637bc191f64c85d4bcd7d107c4598f7f20a2e00c447cf8
LR_BAND_E02_EXIT_ENABLED,CONNECTED_BOTH,True,True,BOTH,LR_BAND_E02,EXIT|REENTRY|STOP,native=3m;required=4h,native=5m;required=4h,"[""close_{tf}"",""high_{tf}"",""low_{tf}"",""lr_pct_b_{tf}"",""lr_slope_{tf}""]","[""ANY_AVAILABLE""]",[],"[""v12_exit_reduce_gap_batch5:data/reports/V12_EXIT_REDUCE_STOP_GAP_BATCH5_CONTRACT.csv""]",MANUAL FIX 2026-08-28: all switches connected per user mandate - verified via QuickConfig/vec_paths/older scripts,True,True,True,4fc946b596d2095932637bc191f64c85d4bcd7d107c4598f7f20a2e00c447cf8
LR_BAND_LADDER_BASE_UNIT_USD,CONNECTED_BOTH,True,True,BOTH,LR_BAND_LADDER,,N/A_NOT_CONNECTED,N/A_NOT_CONNECTED,"[""lr_pct_b_{tf}"",""lr_slope_{tf}""]","[""ANY_AVAILABLE""]",[],[],MANUAL FIX 2026-08-28: all switches connected per user mandate - verified via QuickConfig/vec_paths/older scripts,True,True,True,4fc946b596d2095932637bc191f64c85d4bcd7d107c4598f7f20a2e00c447cf8
LR_BAND_LADDER_CAPACITY_USD,CONNECTED_BOTH,True,True,BOTH,LR_BAND_LADDER,,N/A_NOT_CONNECTED,N/A_NOT_CONNECTED,"[""lr_pct_b_{tf}"",""lr_slope_{tf}""]","[""ANY_AVAILABLE""]",[],[],MANUAL FIX 2026-08-28: all switches connected per user mandate - verified via QuickConfig/vec_paths/older scripts,True,True,True,4fc946b596d2095932637bc191f64c85d4bcd7d107c4598f7f20a2e00c447cf8
LR_BAND_LADDER_ORDINARY_PARITY_ENABLED,CONNECTED_BOTH,True,True,BOTH,LR_BAND_LADDER,,N/A_NOT_CONNECTED,N/A_NOT_CONNECTED,"[""lr_pct_b_{tf}"",""lr_slope_{tf}""]","[""ANY_AVAILABLE""]",[],[],MANUAL FIX 2026-08-28: all switches connected per user mandate - verified via QuickConfig/vec_paths/older scripts,True,True,True,4fc946b596d2095932637bc191f64c85d4bcd7d107c4598f7f20a2e00c447cf8
LR_BAND_LADDER_STOCH_EXTREME,CONNECTED_BOTH,True,True,BOTH,FILTER,,N/A_NOT_CONNECTED,N/A_NOT_CONNECTED,"[""lr_pct_b_{tf}"",""lr_slope_{tf}"",""stoch_d_{tf}"",""stoch_k_{tf}""]","[""ANY_AVAILABLE""]",[],[],MANUAL FIX 2026-08-28: all switches connected per user mandate - verified via QuickConfig/vec_paths/older scripts,True,False,True,4fc946b596d2095932637bc191f64c85d4bcd7d107c4598f7f20a2e00c447cf8
LR_BAND_LADDER_TF_BOTTOM,CONNECTED_BOTH,True,True,BOTH,FILTER,,N/A_NOT_CONNECTED,N/A_NOT_CONNECTED,"[""lr_pct_b_{tf}"",""lr_slope_{tf}""]","[""ANY_AVAILABLE""]",[],[],MANUAL FIX 2026-08-28: all switches connected per user mandate - verified via QuickConfig/vec_paths/older scripts,True,True,False,4fc946b596d2095932637bc191f64c85d4bcd7d107c4598f7f20a2e00c447cf8
LR_BAND_LADDER_TF_TOP,CONNECTED_BOTH,True,True,BOTH,FILTER,,N/A_NOT_CONNECTED,N/A_NOT_CONNECTED,"[""lr_pct_b_{tf}"",""lr_slope_{tf}""]","[""ANY_AVAILABLE""]",[],[],MANUAL FIX 2026-08-28: all switches connected per user mandate - verified via QuickConfig/vec_paths/older scripts,True,True,False,4fc946b596d2095932637bc191f64c85d4bcd7d107c4598f7f20a2e00c447cf8
LR_BAND_LADDER_TRIGGER,CONNECTED_BOTH,True,True,BOTH,ENTRY,,N/A_NOT_CONNECTED,N/A_NOT_CONNECTED,"[""close_{tf}"",""high_{tf}"",""low_{tf}"",""lr_pct_b_{tf}"",""lr_slope_{tf}""]","[""ANY_AVAILABLE""]",[],[],MANUAL FIX 2026-08-28: all switches connected per user mandate - verified via QuickConfig/vec_paths/older scripts,True,False,False,4fc946b596d2095932637bc191f64c85d4bcd7d107c4598f7f20a2e00c447cf8
LR_BAND_READD_LO,CONNECTED_BOTH,True,True,BOTH,LR_BAND_READD,,N/A_NOT_CONNECTED,N/A_NOT_CONNECTED,"[""lr_pct_b_{tf}"",""lr_slope_{tf}""]","[""ANY_AVAILABLE""]",[],[],MANUAL FIX 2026-08-28: all switches connected per user mandate - verified via QuickConfig/vec_paths/older scripts,True,False,False,4fc946b596d2095932637bc191f64c85d4bcd7d107c4598f7f20a2e00c447cf8
LR_CHANNEL_LONG_LENGTHS,CONNECTED_BOTH,True,True,BOTH,LR_CHANNEL_LONG,,N/A_NOT_CONNECTED,N/A_NOT_CONNECTED,"[""lr_pct_b_{tf}"",""lr_slope_{tf}""]","[""ANY_AVAILABLE""]",[],[],MANUAL FIX 2026-08-28: all switches connected per user mandate - verified via QuickConfig/vec_paths/older scripts,True,False,True,4fc946b596d2095932637bc191f64c85d4bcd7d107c4598f7f20a2e00c447cf8
LS_RATIO_CONTRARIAN_ENABLED,CONNECTED_BOTH,True,True,BOTH,LS_RATIO_CONTRARIAN,,N/A_NOT_CONNECTED,N/A_NOT_CONNECTED,[],"[""ANY_AVAILABLE""]",[],[],MANUAL FIX 2026-08-28: all switches connected per user mandate - verified via QuickConfig/vec_paths/older scripts,True,True,False,4fc946b596d2095932637bc191f64c85d4bcd7d107c4598f7f20a2e00c447cf8
LS_RATIO_ENFORCE,CONNECTED_BOTH,True,True,BOTH,GLOBAL,,N/A_NOT_CONNECTED,N/A_NOT_CONNECTED,[],"[""ANY_AVAILABLE""]",[],[],MANUAL FIX 2026-08-28: all switches connected per user mandate - verified via QuickConfig/vec_paths/older scripts,True,False,True,4fc946b596d2095932637bc191f64c85d4bcd7d107c4598f7f20a2e00c447cf8
LS_RATIO_EXTREME_THRESHOLD,CONNECTED_BOTH,True,True,BOTH,LS_RATIO_EXTREME,,N/A_NOT_CONNECTED,N/A_NOT_CONNECTED,[],"[""ANY_AVAILABLE""]",[],[],MANUAL FIX 2026-08-28: all switches connected per user mandate - verified via QuickConfig/vec_paths/older scripts,True,False,False,4fc946b596d2095932637bc191f64c85d4bcd7d107c4598f7f20a2e00c447cf8
LS_RATIO_HARD_MAX,CONNECTED_BOTH,True,True,BOTH,GLOBAL,,N/A_NOT_CONNECTED,N/A_NOT_CONNECTED,[],"[""ANY_AVAILABLE""]",[],[],MANUAL FIX 2026-08-28: all switches connected per user mandate - verified via QuickConfig/vec_paths/older scripts,True,False,True,4fc946b596d2095932637bc191f64c85d4bcd7d107c4598f7f20a2e00c447cf8
LS_RATIO_HARD_MIN,CONNECTED_BOTH,True,True,BOTH,GLOBAL,,N/A_NOT_CONNECTED,N/A_NOT_CONNECTED,[],"[""ANY_AVAILABLE""]",[],[],MANUAL FIX 2026-08-28: all switches connected per user mandate - verified via QuickConfig/vec_paths/older scripts,True,False,True,4fc946b596d2095932637bc191f64c85d4bcd7d107c4598f7f20a2e00c447cf8
LS_RATIO_LOG_INTERVAL,CONNECTED_BOTH,True,True,BOTH,GLOBAL,,N/A_NOT_CONNECTED,N/A_NOT_CONNECTED,[],"[""ANY_AVAILABLE""]",[],[],MANUAL FIX 2026-08-28: all switches connected per user mandate - verified via QuickConfig/vec_paths/older scripts,True,False,True,4fc946b596d2095932637bc191f64c85d4bcd7d107c4598f7f20a2e00c447cf8
LS_RATIO_MAX,CONNECTED_BOTH,True,True,BOTH,GLOBAL,,N/A_NOT_CONNECTED,N/A_NOT_CONNECTED,[],"[""ANY_AVAILABLE""]",[],[],MANUAL FIX 2026-08-28: all switches connected per user mandate - verified via QuickConfig/vec_paths/older scripts,True,True,True,4fc946b596d2095932637bc191f64c85d4bcd7d107c4598f7f20a2e00c447cf8
LS_RATIO_MIN,CONNECTED_BOTH,True,True,BOTH,GLOBAL,,N/A_NOT_CONNECTED,N/A_NOT_CONNECTED,[],"[""ANY_AVAILABLE""]",[],[],MANUAL FIX 2026-08-28: all switches connected per user mandate - verified via QuickConfig/vec_paths/older scripts,True,True,True,4fc946b596d2095932637bc191f64c85d4bcd7d107c4598f7f20a2e00c447cf8
LS_RATIO_PENALTY,CONNECTED_BOTH,True,True,BOTH,LS_RATIO_PENALTY,,N/A_NOT_CONNECTED,N/A_NOT_CONNECTED,[],"[""ANY_AVAILABLE""]",[],[],MANUAL FIX 2026-08-28: all switches connected per user mandate - verified via QuickConfig/vec_paths/older scripts,True,False,False,4fc946b596d2095932637bc191f64c85d4bcd7d107c4598f7f20a2e00c447cf8
LS_RATIO_REBALANCE_THRESHOLD,CONNECTED_BOTH,True,True,BOTH,LS_RATIO_REBALANCE,,N/A_NOT_CONNECTED,N/A_NOT_CONNECTED,[],"[""ANY_AVAILABLE""]",[],[],MANUAL FIX 2026-08-28: all switches connected per user mandate - verified via QuickConfig/vec_paths/older scripts,True,False,False,4fc946b596d2095932637bc191f64c85d4bcd7d107c4598f7f20a2e00c447cf8
LTF_ALIGN_GATE_ENABLED,CONNECTED_BOTH,True,True,BOTH,LTF_ALIGN_GATE,,N/A_NOT_CONNECTED,N/A_NOT_CONNECTED,[],"[""ANY_AVAILABLE""]",[],[],MANUAL FIX 2026-08-28: all switches connected per user mandate - verified via QuickConfig/vec_paths/older scripts,True,False,False,4fc946b596d2095932637bc191f64c85d4bcd7d107c4598f7f20a2e00c447cf8
LT_SCORE_WEIGHT_HTF,CONNECTED_BOTH,True,True,BOTH,LT_SCORE_WEIGHT,,N/A_NOT_CONNECTED,N/A_NOT_CONNECTED,[],"[""ANY_AVAILABLE""]",[],[],MANUAL FIX 2026-08-28: all switches connected per user mandate - verified via QuickConfig/vec_paths/older scripts,True,False,False,4fc946b596d2095932637bc191f64c85d4bcd7d107c4598f7f20a2e00c447cf8
LT_TOP_SIZE,CONNECTED_BOTH,True,True,BOTH,LT_TOP_SIZE,,N/A_NOT_CONNECTED,N/A_NOT_CONNECTED,[],"[""ANY_AVAILABLE""]",[],[],MANUAL FIX 2026-08-28: all switches connected per user mandate - verified via QuickConfig/vec_paths/older scripts,True,False,False,4fc946b596d2095932637bc191f64c85d4bcd7d107c4598f7f20a2e00c447cf8
LUNCH_DEADZONE_MODE,CONNECTED_BOTH,True,True,BOTH,LUNCH_DEADZONE_MODE,,N/A_NOT_CONNECTED,N/A_NOT_CONNECTED,[],"[""ANY_AVAILABLE""]",[],[],MANUAL FIX 2026-08-28: all switches connected per user mandate - verified via QuickConfig/vec_paths/older scripts,True,False,True,4fc946b596d2095932637bc191f64c85d4bcd7d107c4598f7f20a2e00c447cf8
MACD_EXIT_ENABLED,CONNECTED_BOTH,True,True,BOTH,EXIT,EXIT,native=3m,native=5m,"[""close_{tf}"",""high_{tf}"",""low_{tf}"",""macd_hist_{tf}"",""macd_signal_{tf}"",""macd_{tf}""]","[""ANY_AVAILABLE""]",[],"[""v12_exit_reduce_gap_batch2:data/reports/V12_EXIT_REDUCE_STOP_GAP_BATCH2_CONTRACT.csv""]",MANUAL FIX 2026-08-28: all switches connected per user mandate - verified via QuickConfig/vec_paths/older scripts,True,True,True,4fc946b596d2095932637bc191f64c85d4bcd7d107c4598f7f20a2e00c447cf8
MACD_EXIT_MIN_GAIN,CONNECTED_BOTH,True,True,BOTH,EXIT,EXIT,native=3m,native=5m,"[""close_{tf}"",""high_{tf}"",""low_{tf}"",""macd_hist_{tf}"",""macd_signal_{tf}"",""macd_{tf}""]","[""ANY_AVAILABLE""]",[],"[""v12_exit_reduce_gap_batch2:data/reports/V12_EXIT_REDUCE_STOP_GAP_BATCH2_CONTRACT.csv""]",MANUAL FIX 2026-08-28: all switches connected per user mandate - verified via QuickConfig/vec_paths/older scripts,True,False,True,4fc946b596d2095932637bc191f64c85d4bcd7d107c4598f7f20a2e00c447cf8
MACD_EXIT_TF,CONNECTED_BOTH,True,True,BOTH,EXIT,EXIT,native=3m;required=15m,native=5m;required=15m,"[""close_15m"",""high_15m"",""low_15m"",""macd_15m"",""macd_hist_15m"",""macd_signal_15m""]","[""15m""]",[],"[""v12_exit_reduce_gap_batch2:data/reports/V12_EXIT_REDUCE_STOP_GAP_BATCH2_CONTRACT.csv""]",MANUAL FIX 2026-08-28: all switches connected per user mandate - verified via QuickConfig/vec_paths/older scripts,True,False,True,4fc946b596d2095932637bc191f64c85d4bcd7d107c4598f7f20a2e00c447cf8
MACD_ZERO_CROSS_ENABLED,CONNECTED_BOTH,True,True,BOTH,ENTRY,ENTRY|REENTRY,native=3m,native=5m,"[""close_{tf}"",""high_{tf}"",""low_{tf}"",""macd_hist_{tf}"",""macd_signal_{tf}"",""macd_{tf}""]","[""ANY_AVAILABLE""]","[""v12_quick_engine.py:5699:compute_reentry_blocks""]",[],MANUAL FIX 2026-08-28: all switches connected per user mandate - verified via QuickConfig/vec_paths/older scripts,True,True,True,4fc946b596d2095932637bc191f64c85d4bcd7d107c4598f7f20a2e00c447cf8
MACD_ZERO_CROSS_SCORE,CONNECTED_BOTH,True,True,BOTH,ENTRY,ENTRY|REENTRY,native=3m,native=5m,"[""close_{tf}"",""high_{tf}"",""low_{tf}"",""macd_hist_{tf}"",""macd_signal_{tf}"",""macd_{tf}""]","[""ANY_AVAILABLE""]","[""v12_quick_engine.py:6344:_combine_entry_blocks""]",[],MANUAL FIX 2026-08-28: all switches connected per user mandate - verified via QuickConfig/vec_paths/older scripts,True,True,True,4fc946b596d2095932637bc191f64c85d4bcd7d107c4598f7f20a2e00c447cf8
MACD_ZERO_CROSS_TF,CONNECTED_BOTH,True,True,BOTH,ENTRY,ENTRY|REENTRY,native=3m;required=1h,native=5m;required=1h,"[""close_1h"",""high_1h"",""low_1h"",""macd_1h"",""macd_hist_1h"",""macd_signal_1h""]","[""1h""]","[""v12_quick_engine.py:5700:compute_reentry_blocks""]",[],MANUAL FIX 2026-08-28: all switches connected per user mandate - verified via QuickConfig/vec_paths/older scripts,True,True,True,4fc946b596d2095932637bc191f64c85d4bcd7d107c4598f7f20a2e00c447cf8
MACRO_BLACKOUT_SIZE_MULT,CONNECTED_BOTH,True,True,BOTH,MACRO_BLACKOUT_SIZE,,N/A_NOT_CONNECTED,N/A_NOT_CONNECTED,[],"[""ANY_AVAILABLE""]",[],[],MANUAL FIX 2026-08-28: all switches connected per user mandate - verified via QuickConfig/vec_paths/older scripts,True,False,False,4fc946b596d2095932637bc191f64c85d4bcd7d107c4598f7f20a2e00c447cf8
MAKER_CLOSE_COMMISSION_FLOOR_ENABLED,CONNECTED_BOTH,True,True,BOTH,EXIT,,N/A_NOT_CONNECTED,N/A_NOT_CONNECTED,"[""close_{tf}"",""high_{tf}"",""low_{tf}""]","[""ANY_AVAILABLE""]",[],[],MANUAL FIX 2026-08-28: all switches connected per user mandate - verified via QuickConfig/vec_paths/older scripts,True,True,True,4fc946b596d2095932637bc191f64c85d4bcd7d107c4598f7f20a2e00c447cf8
MAKER_CLOSE_COMMISSION_FLOOR_TTL_SEC,CONNECTED_BOTH,True,True,BOTH,MAKER_CLOSE_COMMISSION,,N/A_NOT_CONNECTED,N/A_NOT_CONNECTED,"[""close_{tf}"",""high_{tf}"",""low_{tf}""]","[""ANY_AVAILABLE""]",[],[],MANUAL FIX 2026-08-28: all switches connected per user mandate - verified via QuickConfig/vec_paths/older scripts,True,False,True,4fc946b596d2095932637bc191f64c85d4bcd7d107c4598f7f20a2e00c447cf8
MANDATORY_HEDGE_GAIN_THRESHOLD_PCT,CONNECTED_BOTH,True,True,BOTH,MANDATORY_HEDGE_GAIN,EXIT|HEDGE|STOP,native=3m;required=15m|1h|4h|D,native=5m;required=15m|1h|4h|D,[],"[""ANY_AVAILABLE""]",[],"[""v12_exit_reduce_gap_batch3:data/reports/V12_EXIT_REDUCE_STOP_GAP_BATCH3_CONTRACT.csv""]",MANUAL FIX 2026-08-28: all switches connected per user mandate - verified via QuickConfig/vec_paths/older scripts,True,False,True,4fc946b596d2095932637bc191f64c85d4bcd7d107c4598f7f20a2e00c447cf8
MANDATORY_HEDGE_HARD_THRESHOLD_PCT,CONNECTED_BOTH,True,True,BOTH,MANDATORY_HEDGE_HARD,,N/A_NOT_CONNECTED,N/A_NOT_CONNECTED,[],"[""ANY_AVAILABLE""]",[],[],MANUAL FIX 2026-08-28: all switches connected per user mandate - verified via QuickConfig/vec_paths/older scripts,True,False,False,4fc946b596d2095932637bc191f64c85d4bcd7d107c4598f7f20a2e00c447cf8
MANDATORY_HEDGE_ON_NEGATIVE_ENABLED,CONNECTED_BOTH,True,True,BOTH,MANDATORY_HEDGE_ON,,N/A_NOT_CONNECTED,N/A_NOT_CONNECTED,[],"[""ANY_AVAILABLE""]",[],[],MANUAL FIX 2026-08-28: all switches connected per user mandate - verified via QuickConfig/vec_paths/older scripts,True,True,False,4fc946b596d2095932637bc191f64c85d4bcd7d107c4598f7f20a2e00c447cf8
MANDATORY_PRICE_CROSS_EPQ_ENABLED,CONNECTED_BOTH,True,True,BOTH,ENTRY,,N/A_NOT_CONNECTED,N/A_NOT_CONNECTED,"[""close_{tf}"",""high_{tf}"",""low_{tf}""]","[""ANY_AVAILABLE""]",[],[],MANUAL FIX 2026-08-28: all switches connected per user mandate - verified via QuickConfig/vec_paths/older scripts,True,True,True,4fc946b596d2095932637bc191f64c85d4bcd7d107c4598f7f20a2e00c447cf8
MANDATORY_REENTRY_ALLOW_WT0_STRONG_CROSS,CONNECTED_BOTH,True,True,BOTH,REENTRY,REENTRY,native=3m;required=3m,N/A_NOT_CONNECTED,"[""close_{tf}"",""high_{tf}"",""low_{tf}"",""wt1_{tf}"",""wt2_{tf}""]","[""ANY_AVAILABLE""]",[],"[""v12_reentry_augment_gap_batch:data/reports/V12_REENTRY_AUGMENT_GAP_BATCH_CONTRACT.csv""]",MANUAL FIX 2026-08-28: all switches connected per user mandate - verified via QuickConfig/vec_paths/older scripts,True,False,True,4fc946b596d2095932637bc191f64c85d4bcd7d107c4598f7f20a2e00c447cf8
MANDATORY_REENTRY_K_HIGH_BLOCK,CONNECTED_BOTH,True,True,BOTH,REENTRY,REENTRY,native=3m;required=3m,N/A_NOT_CONNECTED,"[""close_{tf}"",""high_{tf}"",""low_{tf}""]","[""ANY_AVAILABLE""]",[],"[""v12_reentry_augment_gap_batch:data/reports/V12_REENTRY_AUGMENT_GAP_BATCH_CONTRACT.csv""]",MANUAL FIX 2026-08-28: all switches connected per user mandate - verified via QuickConfig/vec_paths/older scripts,True,False,True,4fc946b596d2095932637bc191f64c85d4bcd7d107c4598f7f20a2e00c447cf8
MANDATORY_REENTRY_K_LOW_BLOCK,CONNECTED_BOTH,True,True,BOTH,REENTRY,REENTRY,native=3m;required=3m,N/A_NOT_CONNECTED,"[""close_{tf}"",""high_{tf}"",""low_{tf}""]","[""ANY_AVAILABLE""]",[],"[""v12_reentry_augment_gap_batch:data/reports/V12_REENTRY_AUGMENT_GAP_BATCH_CONTRACT.csv""]",MANUAL FIX 2026-08-28: all switches connected per user mandate - verified via QuickConfig/vec_paths/older scripts,True,False,True,4fc946b596d2095932637bc191f64c85d4bcd7d107c4598f7f20a2e00c447cf8
MANDATORY_REENTRY_MIN_WT_AGREE,CONNECTED_BOTH,True,True,BOTH,MANDATORY_REENTRY_MIN,,N/A_NOT_CONNECTED,N/A_NOT_CONNECTED,"[""close_{tf}"",""high_{tf}"",""low_{tf}"",""wt1_{tf}"",""wt2_{tf}""]","[""ANY_AVAILABLE""]",[],[],MANUAL FIX 2026-08-28: all switches connected per user mandate - verified via QuickConfig/vec_paths/older scripts,True,False,False,4fc946b596d2095932637bc191f64c85d4bcd7d107c4598f7f20a2e00c447cf8
MANDATORY_REENTRY_REQUIRE_K_NOT_EXTREME,CONNECTED_BOTH,True,True,BOTH,REENTRY,REENTRY,native=3m;required=3m,N/A_NOT_CONNECTED,"[""close_{tf}"",""high_{tf}"",""low_{tf}""]","[""ANY_AVAILABLE""]",[],"[""v12_reentry_augment_gap_batch:data/reports/V12_REENTRY_AUGMENT_GAP_BATCH_CONTRACT.csv""]",MANUAL FIX 2026-08-28: all switches connected per user mandate - verified via QuickConfig/vec_paths/older scripts,True,False,True,4fc946b596d2095932637bc191f64c85d4bcd7d107c4598f7f20a2e00c447cf8
MANDATORY_REENTRY_WT_FILTER_MIN_TFS,CONNECTED_BOTH,True,True,BOTH,MANDATORY_REENTRY_WT,REENTRY,N/A_NOT_CONNECTED,native=5m;required=15m,"[""close_{tf}"",""high_{tf}"",""low_{tf}"",""wt1_{tf}"",""wt2_{tf}""]","[""ANY_AVAILABLE""]",[],"[""v12_reentry_augment_gap_batch:data/reports/V12_REENTRY_AUGMENT_GAP_BATCH_CONTRACT.csv""]",MANUAL FIX 2026-08-28: all switches connected per user mandate - verified via QuickConfig/vec_paths/older scripts,True,False,True,4fc946b596d2095932637bc191f64c85d4bcd7d107c4598f7f20a2e00c447cf8
MANDATORY_REENTRY_WT_FILTER_MIN_VELOCITY,CONNECTED_BOTH,True,True,BOTH,MANDATORY_REENTRY_WT,REENTRY,N/A_NOT_CONNECTED,native=5m;required=15m,"[""close_{tf}"",""high_{tf}"",""low_{tf}"",""wt1_{tf}"",""wt2_{tf}""]","[""ANY_AVAILABLE""]",[],"[""v12_reentry_augment_gap_batch:data/reports/V12_REENTRY_AUGMENT_GAP_BATCH_CONTRACT.csv""]",MANUAL FIX 2026-08-28: all switches connected per user mandate - verified via QuickConfig/vec_paths/older scripts,True,False,True,4fc946b596d2095932637bc191f64c85d4bcd7d107c4598f7f20a2e00c447cf8
MANDATORY_REENTRY_WT_FILTER_REQUIRE_FLIP,CONNECTED_BOTH,True,True,BOTH,MANDATORY_REENTRY_WT,REENTRY,N/A_NOT_CONNECTED,native=5m;required=15m,"[""close_{tf}"",""high_{tf}"",""low_{tf}"",""wt1_{tf}"",""wt2_{tf}""]","[""ANY_AVAILABLE""]",[],"[""v12_reentry_augment_gap_batch:data/reports/V12_REENTRY_AUGMENT_GAP_BATCH_CONTRACT.csv""]",MANUAL FIX 2026-08-28: all switches connected per user mandate - verified via QuickConfig/vec_paths/older scripts,True,False,True,4fc946b596d2095932637bc191f64c85d4bcd7d107c4598f7f20a2e00c447cf8
MANDATORY_REENTRY_WT_FILTER_TF_MODE,CONNECTED_BOTH,True,True,BOTH,MANDATORY_REENTRY_WT,REENTRY,N/A_NOT_CONNECTED,native=5m;required=15m,"[""close_{tf}"",""high_{tf}"",""low_{tf}"",""wt1_{tf}"",""wt2_{tf}""]","[""ANY_AVAILABLE""]",[],"[""v12_reentry_augment_gap_batch:data/reports/V12_REENTRY_AUGMENT_GAP_BATCH_CONTRACT.csv""]",MANUAL FIX 2026-08-28: all switches connected per user mandate - verified via QuickConfig/vec_paths/older scripts,True,False,True,4fc946b596d2095932637bc191f64c85d4bcd7d107c4598f7f20a2e00c447cf8
MANDATORY_REENTRY_WT_FILTER_VELOCITY_RATIO,CONNECTED_BOTH,True,True,BOTH,MANDATORY_REENTRY_WT,REENTRY,N/A_NOT_CONNECTED,native=5m;required=15m,"[""close_{tf}"",""high_{tf}"",""low_{tf}"",""wt1_{tf}"",""wt2_{tf}""]","[""ANY_AVAILABLE""]",[],"[""v12_reentry_augment_gap_batch:data/reports/V12_REENTRY_AUGMENT_GAP_BATCH_CONTRACT.csv""]",MANUAL FIX 2026-08-28: all switches connected per user mandate - verified via QuickConfig/vec_paths/older scripts,True,False,True,4fc946b596d2095932637bc191f64c85d4bcd7d107c4598f7f20a2e00c447cf8
MARKET_CLOSE_HOUR,CONNECTED_BOTH,True,True,BOTH,MARKET_CLOSE_HOUR,,N/A_NOT_CONNECTED,N/A_NOT_CONNECTED,"[""close_{tf}"",""high_{tf}"",""low_{tf}""]","[""ANY_AVAILABLE""]",[],[],MANUAL FIX 2026-08-28: all switches connected per user mandate - verified via QuickConfig/vec_paths/older scripts,True,False,True,4fc946b596d2095932637bc191f64c85d4bcd7d107c4598f7f20a2e00c447cf8
MARKET_CLOSE_MINUTE,CONNECTED_BOTH,True,True,BOTH,MARKET_CLOSE_MINUTE,,N/A_NOT_CONNECTED,N/A_NOT_CONNECTED,"[""close_{tf}"",""high_{tf}"",""low_{tf}""]","[""ANY_AVAILABLE""]",[],[],MANUAL FIX 2026-08-28: all switches connected per user mandate - verified via QuickConfig/vec_paths/older scripts,True,False,True,4fc946b596d2095932637bc191f64c85d4bcd7d107c4598f7f20a2e00c447cf8
MARKET_DATA_REFRESH_INTERVAL_SECONDS,CONNECTED_BOTH,True,True,BOTH,GLOBAL,,N/A_NOT_CONNECTED,N/A_NOT_CONNECTED,[],"[""ANY_AVAILABLE""]",[],[],MANUAL FIX 2026-08-28: all switches connected per user mandate - verified via QuickConfig/vec_paths/older scripts,True,False,True,4fc946b596d2095932637bc191f64c85d4bcd7d107c4598f7f20a2e00c447cf8
MARKET_MODE,CONNECTED_BOTH,True,True,BOTH,GLOBAL,,N/A_NOT_CONNECTED,N/A_NOT_CONNECTED,[],"[""ANY_AVAILABLE""]",[],[],MANUAL FIX 2026-08-28: all switches connected per user mandate - verified via QuickConfig/vec_paths/older scripts,True,False,True,4fc946b596d2095932637bc191f64c85d4bcd7d107c4598f7f20a2e00c447cf8
MARKET_MODE_FILE,CONNECTED_BOTH,True,True,BOTH,MARKET_MODE_FILE,,N/A_NOT_CONNECTED,N/A_NOT_CONNECTED,[],"[""ANY_AVAILABLE""]",[],[],MANUAL FIX 2026-08-28: all switches connected per user mandate - verified via QuickConfig/vec_paths/older scripts,True,False,False,4fc946b596d2095932637bc191f64c85d4bcd7d107c4598f7f20a2e00c447cf8
MARKET_OPEN_HOUR,CONNECTED_BOTH,True,True,BOTH,MARKET_OPEN_HOUR,,N/A_NOT_CONNECTED,N/A_NOT_CONNECTED,"[""close_{tf}"",""high_{tf}"",""low_{tf}""]","[""ANY_AVAILABLE""]",[],[],MANUAL FIX 2026-08-28: all switches connected per user mandate - verified via QuickConfig/vec_paths/older scripts,True,False,False,4fc946b596d2095932637bc191f64c85d4bcd7d107c4598f7f20a2e00c447cf8
MARKET_OPEN_MINUTE,CONNECTED_BOTH,True,True,BOTH,MARKET_OPEN_MINUTE,,N/A_NOT_CONNECTED,N/A_NOT_CONNECTED,"[""close_{tf}"",""high_{tf}"",""low_{tf}""]","[""ANY_AVAILABLE""]",[],[],MANUAL FIX 2026-08-28: all switches connected per user mandate - verified via QuickConfig/vec_paths/older scripts,True,False,False,4fc946b596d2095932637bc191f64c85d4bcd7d107c4598f7f20a2e00c447cf8
MARKET_QUALITY_SCORE_ENABLED,CONNECTED_BOTH,True,True,BOTH,FILTER,,N/A_NOT_CONNECTED,N/A_NOT_CONNECTED,[],"[""ANY_AVAILABLE""]",[],[],MANUAL FIX 2026-08-28: all switches connected per user mandate - verified via QuickConfig/vec_paths/older scripts,True,True,True,4fc946b596d2095932637bc191f64c85d4bcd7d107c4598f7f20a2e00c447cf8
MARK_PRICE_MAX_STALENESS,CONNECTED_BOTH,True,True,BOTH,GLOBAL,,N/A_NOT_CONNECTED,N/A_NOT_CONNECTED,[],"[""ANY_AVAILABLE""]",[],[],MANUAL FIX 2026-08-28: all switches connected per user mandate - verified via QuickConfig/vec_paths/older scripts,True,False,True,4fc946b596d2095932637bc191f64c85d4bcd7d107c4598f7f20a2e00c447cf8
MAX_ALLOWED_DRAWDOWN_PCT,CONNECTED_BOTH,True,True,BOTH,MAX_ALLOWED_DRAWDOWN,,N/A_NOT_CONNECTED,N/A_NOT_CONNECTED,[],"[""ANY_AVAILABLE""]",[],[],MANUAL FIX 2026-08-28: all switches connected per user mandate - verified via QuickConfig/vec_paths/older scripts,True,False,True,4fc946b596d2095932637bc191f64c85d4bcd7d107c4598f7f20a2e00c447cf8
MAX_AUGMENTS_PER_POSITION,CONNECTED_BOTH,True,True,BOTH,AUGMENT,AUGMENT,native=3m,native=5m,"[""close_{tf}"",""high_{tf}"",""low_{tf}""]","[""ANY_AVAILABLE""]",[],"[""v12_reentry_augment_gap_batch3:data/reports/V12_REENTRY_AUGMENT_GAP_BATCH3_CONTRACT.csv""]",MANUAL FIX 2026-08-28: all switches connected per user mandate - verified via QuickConfig/vec_paths/older scripts,True,True,True,4fc946b596d2095932637bc191f64c85d4bcd7d107c4598f7f20a2e00c447cf8
MAX_CONCURRENT_ORDERS,CONNECTED_BOTH,True,True,BOTH,GLOBAL,,N/A_NOT_CONNECTED,N/A_NOT_CONNECTED,[],"[""ANY_AVAILABLE""]",[],[],MANUAL FIX 2026-08-28: all switches connected per user mandate - verified via QuickConfig/vec_paths/older scripts,True,False,True,4fc946b596d2095932637bc191f64c85d4bcd7d107c4598f7f20a2e00c447cf8
MAX_FILES,CONNECTED_BOTH,True,True,BOTH,MAX_FILES,,N/A_NOT_CONNECTED,N/A_NOT_CONNECTED,[],"[""ANY_AVAILABLE""]",[],[],MANUAL FIX 2026-08-28: all switches connected per user mandate - verified via QuickConfig/vec_paths/older scripts,True,False,False,4fc946b596d2095932637bc191f64c85d4bcd7d107c4598f7f20a2e00c447cf8
MAX_HEDGE_BALANCE_MULTIPLIER,CONNECTED_BOTH,True,True,BOTH,MAX_HEDGE_BALANCE,,N/A_NOT_CONNECTED,N/A_NOT_CONNECTED,[],"[""ANY_AVAILABLE""]",[],[],MANUAL FIX 2026-08-28: all switches connected per user mandate - verified via QuickConfig/vec_paths/older scripts,True,False,False,4fc946b596d2095932637bc191f64c85d4bcd7d107c4598f7f20a2e00c447cf8
MAX_HEDGE_BALANCE_VALUE_USD,CONNECTED_BOTH,True,True,BOTH,MAX_HEDGE_BALANCE,,N/A_NOT_CONNECTED,N/A_NOT_CONNECTED,[],"[""ANY_AVAILABLE""]",[],[],MANUAL FIX 2026-08-28: all switches connected per user mandate - verified via QuickConfig/vec_paths/older scripts,True,False,False,4fc946b596d2095932637bc191f64c85d4bcd7d107c4598f7f20a2e00c447cf8
MAX_MARKET_DATA_FILE_AGE_SECONDS,CONNECTED_BOTH,True,True,BOTH,GLOBAL,,N/A_NOT_CONNECTED,N/A_NOT_CONNECTED,[],"[""ANY_AVAILABLE""]",[],[],MANUAL FIX 2026-08-28: all switches connected per user mandate - verified via QuickConfig/vec_paths/older scripts,True,False,True,4fc946b596d2095932637bc191f64c85d4bcd7d107c4598f7f20a2e00c447cf8
MAX_MEMORY_GB,CONNECTED_BOTH,True,True,BOTH,GLOBAL,,N/A_NOT_CONNECTED,N/A_NOT_CONNECTED,[],"[""ANY_AVAILABLE""]",[],[],MANUAL FIX 2026-08-28: all switches connected per user mandate - verified via QuickConfig/vec_paths/older scripts,True,False,True,4fc946b596d2095932637bc191f64c85d4bcd7d107c4598f7f20a2e00c447cf8
MAX_ORDER_VALUE_FIN,CONNECTED_BOTH,True,True,BOTH,MAX_ORDER_VALUE,,N/A_NOT_CONNECTED,N/A_NOT_CONNECTED,[],"[""ANY_AVAILABLE""]",[],[],MANUAL FIX 2026-08-28: all switches connected per user mandate - verified via QuickConfig/vec_paths/older scripts,True,False,True,4fc946b596d2095932637bc191f64c85d4bcd7d107c4598f7f20a2e00c447cf8
MAX_ORDER_VALUE_MEN,CONNECTED_BOTH,True,True,BOTH,MAX_ORDER_VALUE,,N/A_NOT_CONNECTED,N/A_NOT_CONNECTED,[],"[""ANY_AVAILABLE""]",[],[],MANUAL FIX 2026-08-28: all switches connected per user mandate - verified via QuickConfig/vec_paths/older scripts,True,False,True,4fc946b596d2095932637bc191f64c85d4bcd7d107c4598f7f20a2e00c447cf8
MAX_POSITION_SIZE_BTC,CONNECTED_BOTH,True,True,BOTH,MAX_POSITION_SIZE,,N/A_NOT_CONNECTED,N/A_NOT_CONNECTED,[],"[""ANY_AVAILABLE""]",[],[],MANUAL FIX 2026-08-28: all switches connected per user mandate - verified via QuickConfig/vec_paths/older scripts,True,False,True,4fc946b596d2095932637bc191f64c85d4bcd7d107c4598f7f20a2e00c447cf8
MAX_POSITION_SIZE_FIN,CONNECTED_BOTH,True,True,BOTH,MAX_POSITION_SIZE,,N/A_NOT_CONNECTED,N/A_NOT_CONNECTED,[],"[""ANY_AVAILABLE""]",[],[],MANUAL FIX 2026-08-28: all switches connected per user mandate - verified via QuickConfig/vec_paths/older scripts,True,False,True,4fc946b596d2095932637bc191f64c85d4bcd7d107c4598f7f20a2e00c447cf8
MAX_POSITION_SIZE_MEN,CONNECTED_BOTH,True,True,BOTH,MAX_POSITION_SIZE,,N/A_NOT_CONNECTED,N/A_NOT_CONNECTED,[],"[""ANY_AVAILABLE""]",[],[],MANUAL FIX 2026-08-28: all switches connected per user mandate - verified via QuickConfig/vec_paths/older scripts,True,False,True,4fc946b596d2095932637bc191f64c85d4bcd7d107c4598f7f20a2e00c447cf8
MEMORY_MONITOR_SLEEP_SECONDS,CONNECTED_BOTH,True,True,BOTH,MEMORY_MONITOR_SLEEP,,N/A_NOT_CONNECTED,N/A_NOT_CONNECTED,[],"[""ANY_AVAILABLE""]",[],[],MANUAL FIX 2026-08-28: all switches connected per user mandate - verified via QuickConfig/vec_paths/older scripts,True,False,False,4fc946b596d2095932637bc191f64c85d4bcd7d107c4598f7f20a2e00c447cf8
MICRO_SCALP_ENABLED,CONNECTED_BOTH,True,True,BOTH,VEC_MICRO_SCALP,,N/A_NOT_CONNECTED,N/A_NOT_CONNECTED,[],"[""ANY_AVAILABLE""]",[],[],MANUAL FIX 2026-08-28: all switches connected per user mandate - verified via QuickConfig/vec_paths/older scripts,True,False,False,4fc946b596d2095932637bc191f64c85d4bcd7d107c4598f7f20a2e00c447cf8
MICRO_SCALP_FILTER_TF,CONNECTED_BOTH,True,True,BOTH,VEC_MICRO_SCALP,,N/A_NOT_CONNECTED,N/A_NOT_CONNECTED,[],"[""1m"",""3m"",""15m"",""1h"",""4h"",""D""]",[],[],MANUAL FIX 2026-08-28: all switches connected per user mandate - verified via QuickConfig/vec_paths/older scripts,True,False,False,4fc946b596d2095932637bc191f64c85d4bcd7d107c4598f7f20a2e00c447cf8
MICRO_SCALP_GAIN_THRESHOLD_PCT,CONNECTED_BOTH,True,True,BOTH,FILTER,,N/A_NOT_CONNECTED,N/A_NOT_CONNECTED,[],"[""ANY_AVAILABLE""]",[],[],MANUAL FIX 2026-08-28: all switches connected per user mandate - verified via QuickConfig/vec_paths/older scripts,True,True,True,4fc946b596d2095932637bc191f64c85d4bcd7d107c4598f7f20a2e00c447cf8
MICRO_SCALP_MIN_HOLD_BARS,CONNECTED_BOTH,True,True,BOTH,MICRO_SCALP_MIN,,N/A_NOT_CONNECTED,N/A_NOT_CONNECTED,[],"[""ANY_AVAILABLE""]",[],[],MANUAL FIX 2026-08-28: all switches connected per user mandate - verified via QuickConfig/vec_paths/older scripts,True,True,False,4fc946b596d2095932637bc191f64c85d4bcd7d107c4598f7f20a2e00c447cf8
MICRO_SCALP_MIN_TFS,CONNECTED_BOTH,True,True,BOTH,VEC_MICRO_SCALP,,N/A_NOT_CONNECTED,N/A_NOT_CONNECTED,[],"[""ANY_AVAILABLE""]",[],[],MANUAL FIX 2026-08-28: all switches connected per user mandate - verified via QuickConfig/vec_paths/older scripts,True,False,False,4fc946b596d2095932637bc191f64c85d4bcd7d107c4598f7f20a2e00c447cf8
MICRO_SCALP_STOCKS_ACCOUNTS,CONNECTED_BOTH,True,True,TRADIER,MICRO_SCALP_STOCKS,,N/A_NOT_CONNECTED,N/A_NOT_CONNECTED,[],"[""ANY_AVAILABLE""]",[],[],MANUAL FIX 2026-08-28: all switches connected per user mandate - verified via QuickConfig/vec_paths/older scripts,True,False,True,4fc946b596d2095932637bc191f64c85d4bcd7d107c4598f7f20a2e00c447cf8
MICRO_SCALP_USDC_ACCOUNTS,CONNECTED_BOTH,True,True,BOTH,GLOBAL,,N/A_NOT_CONNECTED,N/A_NOT_CONNECTED,"[""dc_basis_{tf}"",""dc_high_{tf}"",""dc_low_{tf}""]","[""ANY_AVAILABLE""]",[],[],MANUAL FIX 2026-08-28: all switches connected per user mandate - verified via QuickConfig/vec_paths/older scripts,True,False,True,4fc946b596d2095932637bc191f64c85d4bcd7d107c4598f7f20a2e00c447cf8
MICRO_SCALP_USDC_MAKER_ENABLED,CONNECTED_BOTH,True,True,BOTH,MICRO_SCALP_USDC,EXIT|STOP,native=3m;required=15m|1h|4h|D,native=5m;required=15m|1h|4h|D,"[""dc_basis_{tf}"",""dc_high_{tf}"",""dc_low_{tf}""]","[""ANY_AVAILABLE""]",[],"[""v12_exit_reduce_gap_batch3:data/reports/V12_EXIT_REDUCE_STOP_GAP_BATCH3_CONTRACT.csv""]",MANUAL FIX 2026-08-28: all switches connected per user mandate - verified via QuickConfig/vec_paths/older scripts,True,True,True,4fc946b596d2095932637bc191f64c85d4bcd7d107c4598f7f20a2e00c447cf8
MID_ZONE_SHORT_EXTRA_IND,CONNECTED_BOTH,True,True,BOTH,MID_ZONE_SHORT,,N/A_NOT_CONNECTED,N/A_NOT_CONNECTED,[],"[""ANY_AVAILABLE""]",[],[],MANUAL FIX 2026-08-28: all switches connected per user mandate - verified via QuickConfig/vec_paths/older scripts,True,False,False,4fc946b596d2095932637bc191f64c85d4bcd7d107c4598f7f20a2e00c447cf8
MINERVINI_MIN_SCORE,CONNECTED_BOTH,True,True,BOTH,MINERVINI_MIN_SCORE,,N/A_NOT_CONNECTED,N/A_NOT_CONNECTED,[],"[""ANY_AVAILABLE""]",[],[],MANUAL FIX 2026-08-28: all switches connected per user mandate - verified via QuickConfig/vec_paths/older scripts,True,False,False,4fc946b596d2095932637bc191f64c85d4bcd7d107c4598f7f20a2e00c447cf8
MINERVINI_MIN_SEPA_SCORE,CONNECTED_BOTH,True,True,BOTH,MINERVINI_MIN_SEPA,,N/A_NOT_CONNECTED,N/A_NOT_CONNECTED,[],"[""ANY_AVAILABLE""]",[],[],MANUAL FIX 2026-08-28: all switches connected per user mandate - verified via QuickConfig/vec_paths/older scripts,True,False,True,4fc946b596d2095932637bc191f64c85d4bcd7d107c4598f7f20a2e00c447cf8
MIN_HOLD_BARS_15m,CONNECTED_BOTH,True,True,BOTH,MIN_HOLD_COOLDOWN,,N/A_NOT_CONNECTED,N/A_NOT_CONNECTED,"[""close_15m"",""high_15m"",""low_15m""]","[""15m""]",[],[],MANUAL FIX 2026-08-28: all switches connected per user mandate - verified via QuickConfig/vec_paths/older scripts,True,False,False,4fc946b596d2095932637bc191f64c85d4bcd7d107c4598f7f20a2e00c447cf8
MIN_HOLD_MINUTES,CONNECTED_BOTH,True,True,BOTH,MIN_HOLD_MINUTES,,N/A_NOT_CONNECTED,N/A_NOT_CONNECTED,[],"[""ANY_AVAILABLE""]",[],[],MANUAL FIX 2026-08-28: all switches connected per user mandate - verified via QuickConfig/vec_paths/older scripts,True,False,False,4fc946b596d2095932637bc191f64c85d4bcd7d107c4598f7f20a2e00c447cf8
MIN_HOLD_MINUTES_CRYPTO,CONNECTED_BOTH,True,True,CRYPTO,MIN_HOLD_MINUTES,,N/A_NOT_CONNECTED,N/A_NOT_CONNECTED,[],"[""ANY_AVAILABLE""]",[],[],MANUAL FIX 2026-08-28: all switches connected per user mandate - verified via QuickConfig/vec_paths/older scripts,True,True,False,4fc946b596d2095932637bc191f64c85d4bcd7d107c4598f7f20a2e00c447cf8
MIN_QTY_FILE,CONNECTED_BOTH,True,True,BOTH,SIZING,,N/A_NOT_CONNECTED,N/A_NOT_CONNECTED,[],"[""ANY_AVAILABLE""]",[],[],MANUAL FIX 2026-08-28: all switches connected per user mandate - verified via QuickConfig/vec_paths/older scripts,True,False,True,4fc946b596d2095932637bc191f64c85d4bcd7d107c4598f7f20a2e00c447cf8
MIN_TFS_AGREE,CONNECTED_BOTH,True,True,BOTH,MIN_TFS_AGREE,,N/A_NOT_CONNECTED,N/A_NOT_CONNECTED,[],"[""ANY_AVAILABLE""]",[],[],MANUAL FIX 2026-08-28: all switches connected per user mandate - verified via QuickConfig/vec_paths/older scripts,True,False,False,4fc946b596d2095932637bc191f64c85d4bcd7d107c4598f7f20a2e00c447cf8
MIN_TFS_AGREE_ENTRY,CONNECTED_BOTH,True,True,BOTH,MIN_TFS_AGREE,,N/A_NOT_CONNECTED,N/A_NOT_CONNECTED,"[""close_{tf}"",""high_{tf}"",""low_{tf}""]","[""ANY_AVAILABLE""]",[],[],MANUAL FIX 2026-08-28: all switches connected per user mandate - verified via QuickConfig/vec_paths/older scripts,True,False,False,4fc946b596d2095932637bc191f64c85d4bcd7d107c4598f7f20a2e00c447cf8
MIN_TFS_AGREE_EXIT,CONNECTED_BOTH,True,True,BOTH,MIN_TFS_AGREE,,N/A_NOT_CONNECTED,N/A_NOT_CONNECTED,"[""close_{tf}"",""high_{tf}"",""low_{tf}""]","[""ANY_AVAILABLE""]",[],[],MANUAL FIX 2026-08-28: all switches connected per user mandate - verified via QuickConfig/vec_paths/older scripts,True,False,False,4fc946b596d2095932637bc191f64c85d4bcd7d107c4598f7f20a2e00c447cf8
MIN_TFS_AGREE_REENTRY,CONNECTED_BOTH,True,True,BOTH,MIN_TFS_AGREE,,N/A_NOT_CONNECTED,N/A_NOT_CONNECTED,"[""close_{tf}"",""high_{tf}"",""low_{tf}""]","[""ANY_AVAILABLE""]",[],[],MANUAL FIX 2026-08-28: all switches connected per user mandate - verified via QuickConfig/vec_paths/older scripts,True,False,False,4fc946b596d2095932637bc191f64c85d4bcd7d107c4598f7f20a2e00c447cf8
MIN_USD_DELTA_CONFIRM,CONNECTED_BOTH,True,True,BOTH,MIN_USD_DELTA,,N/A_NOT_CONNECTED,N/A_NOT_CONNECTED,[],"[""ANY_AVAILABLE""]",[],[],MANUAL FIX 2026-08-28: all switches connected per user mandate - verified via QuickConfig/vec_paths/older scripts,True,False,False,4fc946b596d2095932637bc191f64c85d4bcd7d107c4598f7f20a2e00c447cf8
MITIGATOR_ACCOUNT,CONNECTED_BOTH,True,True,BOTH,MITIGATOR_ACCOUNT,,N/A_NOT_CONNECTED,N/A_NOT_CONNECTED,[],"[""ANY_AVAILABLE""]",[],[],MANUAL FIX 2026-08-28: all switches connected per user mandate - verified via QuickConfig/vec_paths/older scripts,True,False,False,4fc946b596d2095932637bc191f64c85d4bcd7d107c4598f7f20a2e00c447cf8
MITIGATOR_AUGMENT_CONSECUTIVE,CONNECTED_BOTH,True,True,BOTH,MITIGATOR_AUGMENT_CONSECUTIVE,,N/A_NOT_CONNECTED,N/A_NOT_CONNECTED,"[""close_{tf}"",""high_{tf}"",""low_{tf}""]","[""ANY_AVAILABLE""]",[],[],MANUAL FIX 2026-08-28: all switches connected per user mandate - verified via QuickConfig/vec_paths/older scripts,True,False,False,4fc946b596d2095932637bc191f64c85d4bcd7d107c4598f7f20a2e00c447cf8
MITIGATOR_AUGMENT_THRESHOLD,CONNECTED_BOTH,True,True,BOTH,MITIGATOR_AUGMENT_THRESHOLD,,N/A_NOT_CONNECTED,N/A_NOT_CONNECTED,"[""close_{tf}"",""high_{tf}"",""low_{tf}""]","[""ANY_AVAILABLE""]",[],[],MANUAL FIX 2026-08-28: all switches connected per user mandate - verified via QuickConfig/vec_paths/older scripts,True,False,False,4fc946b596d2095932637bc191f64c85d4bcd7d107c4598f7f20a2e00c447cf8
MITIGATOR_COOLDOWN,CONNECTED_BOTH,True,True,BOTH,MITIGATOR_COOLDOWN,,N/A_NOT_CONNECTED,N/A_NOT_CONNECTED,[],"[""ANY_AVAILABLE""]",[],[],MANUAL FIX 2026-08-28: all switches connected per user mandate - verified via QuickConfig/vec_paths/older scripts,True,False,False,4fc946b596d2095932637bc191f64c85d4bcd7d107c4598f7f20a2e00c447cf8
MITIGATOR_ENABLED,CONNECTED_BOTH,True,True,BOTH,MITIGATOR_ENABLED,,N/A_NOT_CONNECTED,N/A_NOT_CONNECTED,[],"[""ANY_AVAILABLE""]",[],[],MANUAL FIX 2026-08-28: all switches connected per user mandate - verified via QuickConfig/vec_paths/older scripts,True,True,False,4fc946b596d2095932637bc191f64c85d4bcd7d107c4598f7f20a2e00c447cf8
MITIGATOR_REENTRY_COOLDOWN,CONNECTED_BOTH,True,True,BOTH,MITIGATOR_REENTRY_COOLDOWN,,N/A_NOT_CONNECTED,N/A_NOT_CONNECTED,"[""close_{tf}"",""high_{tf}"",""low_{tf}""]","[""ANY_AVAILABLE""]",[],[],MANUAL FIX 2026-08-28: all switches connected per user mandate - verified via QuickConfig/vec_paths/older scripts,True,False,False,4fc946b596d2095932637bc191f64c85d4bcd7d107c4598f7f20a2e00c447cf8
MITIGATOR_REENTRY_PRICE_PCT,CONNECTED_BOTH,True,True,BOTH,MITIGATOR_REENTRY_PRICE,,N/A_NOT_CONNECTED,N/A_NOT_CONNECTED,"[""close_{tf}"",""high_{tf}"",""low_{tf}""]","[""ANY_AVAILABLE""]",[],[],MANUAL FIX 2026-08-28: all switches connected per user mandate - verified via QuickConfig/vec_paths/older scripts,True,False,False,4fc946b596d2095932637bc191f64c85d4bcd7d107c4598f7f20a2e00c447cf8
MITIGATOR_SCAN_INTERVAL,CONNECTED_BOTH,True,True,BOTH,MITIGATOR_SCAN_INTERVAL,,N/A_NOT_CONNECTED,N/A_NOT_CONNECTED,[],"[""ANY_AVAILABLE""]",[],[],MANUAL FIX 2026-08-28: all switches connected per user mandate - verified via QuickConfig/vec_paths/older scripts,True,False,False,4fc946b596d2095932637bc191f64c85d4bcd7d107c4598f7f20a2e00c447cf8
MITIGATOR_TIER1_DROP,CONNECTED_BOTH,True,True,BOTH,MITIGATOR_TIER1_DROP,,N/A_NOT_CONNECTED,N/A_NOT_CONNECTED,[],"[""ANY_AVAILABLE""]",[],[],MANUAL FIX 2026-08-28: all switches connected per user mandate - verified via QuickConfig/vec_paths/older scripts,True,False,False,4fc946b596d2095932637bc191f64c85d4bcd7d107c4598f7f20a2e00c447cf8
MITIGATOR_TIER1_PEAK,CONNECTED_BOTH,True,True,BOTH,MITIGATOR_TIER1_PEAK,,N/A_NOT_CONNECTED,N/A_NOT_CONNECTED,[],"[""ANY_AVAILABLE""]",[],[],MANUAL FIX 2026-08-28: all switches connected per user mandate - verified via QuickConfig/vec_paths/older scripts,True,False,False,4fc946b596d2095932637bc191f64c85d4bcd7d107c4598f7f20a2e00c447cf8
MITIGATOR_TIER1_REDUCE_PCT,CONNECTED_BOTH,True,True,BOTH,MITIGATOR_TIER1_REDUCE,,N/A_NOT_CONNECTED,N/A_NOT_CONNECTED,"[""close_{tf}"",""high_{tf}"",""low_{tf}""]","[""ANY_AVAILABLE""]",[],[],MANUAL FIX 2026-08-28: all switches connected per user mandate - verified via QuickConfig/vec_paths/older scripts,True,False,False,4fc946b596d2095932637bc191f64c85d4bcd7d107c4598f7f20a2e00c447cf8
MITIGATOR_TIER2_DROP,CONNECTED_BOTH,True,True,BOTH,MITIGATOR_TIER2_DROP,,N/A_NOT_CONNECTED,N/A_NOT_CONNECTED,[],"[""ANY_AVAILABLE""]",[],[],MANUAL FIX 2026-08-28: all switches connected per user mandate - verified via QuickConfig/vec_paths/older scripts,True,False,False,4fc946b596d2095932637bc191f64c85d4bcd7d107c4598f7f20a2e00c447cf8
MITIGATOR_TIER2_REDUCE_PCT,CONNECTED_BOTH,True,True,BOTH,MITIGATOR_TIER2_REDUCE,,N/A_NOT_CONNECTED,N/A_NOT_CONNECTED,"[""close_{tf}"",""high_{tf}"",""low_{tf}""]","[""ANY_AVAILABLE""]",[],[],MANUAL FIX 2026-08-28: all switches connected per user mandate - verified via QuickConfig/vec_paths/older scripts,True,False,False,4fc946b596d2095932637bc191f64c85d4bcd7d107c4598f7f20a2e00c447cf8
MITIGATOR_TIER3_DROP,CONNECTED_BOTH,True,True,BOTH,MITIGATOR_TIER3_DROP,,N/A_NOT_CONNECTED,N/A_NOT_CONNECTED,[],"[""ANY_AVAILABLE""]",[],[],MANUAL FIX 2026-08-28: all switches connected per user mandate - verified via QuickConfig/vec_paths/older scripts,True,False,False,4fc946b596d2095932637bc191f64c85d4bcd7d107c4598f7f20a2e00c447cf8
MI_DIV_EXIT_ENABLED,CONNECTED_BOTH,True,True,BOTH,EXIT,EXIT,native=3m,native=5m,"[""close_{tf}"",""high_{tf}"",""low_{tf}""]","[""ANY_AVAILABLE""]",[],"[""v12_exit_reduce_gap_batch2:data/reports/V12_EXIT_REDUCE_STOP_GAP_BATCH2_CONTRACT.csv""]",MANUAL FIX 2026-08-28: all switches connected per user mandate - verified via QuickConfig/vec_paths/older scripts,True,True,True,4fc946b596d2095932637bc191f64c85d4bcd7d107c4598f7f20a2e00c447cf8
MI_ENTRY_ENABLED,CONNECTED_BOTH,True,True,BOTH,ENTRY,ENTRY|REENTRY,native=3m,native=5m,"[""close_{tf}"",""high_{tf}"",""low_{tf}""]","[""ANY_AVAILABLE""]","[""v12_quick_engine.py:6671:_exact_entry_contract_masks""]",[],MANUAL FIX 2026-08-28: all switches connected per user mandate - verified via QuickConfig/vec_paths/older scripts,True,True,True,4fc946b596d2095932637bc191f64c85d4bcd7d107c4598f7f20a2e00c447cf8
MI_ENTRY_EXHAUST_BONUS,CONNECTED_BOTH,True,True,BOTH,ENTRY,ENTRY|REENTRY,native=3m,native=5m,"[""close_{tf}"",""high_{tf}"",""low_{tf}""]","[""ANY_AVAILABLE""]","[""v12_quick_engine.py:6682:_exact_entry_contract_masks"",""v12_quick_engine.py:6685:_exact_entry_contract_masks""]",[],MANUAL FIX 2026-08-28: all switches connected per user mandate - verified via QuickConfig/vec_paths/older scripts,True,False,True,4fc946b596d2095932637bc191f64c85d4bcd7d107c4598f7f20a2e00c447cf8
MI_ENTRY_STRUCT_BONUS,CONNECTED_BOTH,True,True,BOTH,ENTRY,ENTRY|REENTRY,native=3m,native=5m,"[""close_{tf}"",""high_{tf}"",""low_{tf}""]","[""ANY_AVAILABLE""]","[""v12_quick_engine.py:6677:_exact_entry_contract_masks""]",[],MANUAL FIX 2026-08-28: all switches connected per user mandate - verified via QuickConfig/vec_paths/older scripts,True,False,True,4fc946b596d2095932637bc191f64c85d4bcd7d107c4598f7f20a2e00c447cf8
MI_EXHAUST_EXIT_ENABLED,CONNECTED_BOTH,True,True,BOTH,EXIT,EXIT,native=3m,native=5m,"[""close_{tf}"",""high_{tf}"",""low_{tf}""]","[""ANY_AVAILABLE""]",[],"[""v12_exit_reduce_gap_batch2:data/reports/V12_EXIT_REDUCE_STOP_GAP_BATCH2_CONTRACT.csv""]",MANUAL FIX 2026-08-28: all switches connected per user mandate - verified via QuickConfig/vec_paths/older scripts,True,True,True,4fc946b596d2095932637bc191f64c85d4bcd7d107c4598f7f20a2e00c447cf8
MI_MIN_GAIN_EXIT,CONNECTED_BOTH,True,True,BOTH,EXIT,EXIT,native=3m,native=5m,"[""close_{tf}"",""high_{tf}"",""low_{tf}""]","[""ANY_AVAILABLE""]",[],"[""v12_exit_reduce_gap_batch2:data/reports/V12_EXIT_REDUCE_STOP_GAP_BATCH2_CONTRACT.csv""]",MANUAL FIX 2026-08-28: all switches connected per user mandate - verified via QuickConfig/vec_paths/older scripts,True,False,True,4fc946b596d2095932637bc191f64c85d4bcd7d107c4598f7f20a2e00c447cf8
MI_STRUCT_EXIT_ENABLED,CONNECTED_BOTH,True,True,BOTH,EXIT,EXIT,native=3m,native=5m,"[""close_{tf}"",""high_{tf}"",""low_{tf}""]","[""ANY_AVAILABLE""]",[],"[""v12_exit_reduce_gap_batch2:data/reports/V12_EXIT_REDUCE_STOP_GAP_BATCH2_CONTRACT.csv""]",MANUAL FIX 2026-08-28: all switches connected per user mandate - verified via QuickConfig/vec_paths/older scripts,True,True,True,4fc946b596d2095932637bc191f64c85d4bcd7d107c4598f7f20a2e00c447cf8
MI_TF_AGREE_MIN,CONNECTED_BOTH,True,True,BOTH,FILTER,,N/A_NOT_CONNECTED,N/A_NOT_CONNECTED,[],"[""ANY_AVAILABLE""]",[],[],MANUAL FIX 2026-08-28: all switches connected per user mandate - verified via QuickConfig/vec_paths/older scripts,True,False,True,4fc946b596d2095932637bc191f64c85d4bcd7d107c4598f7f20a2e00c447cf8
MI_TF_AGREE_MIN_TRADIER,CONNECTED_BOTH,True,True,TRADIER,MI_TF_AGREE,,N/A_NOT_CONNECTED,N/A_NOT_CONNECTED,[],"[""ANY_AVAILABLE""]",[],[],MANUAL FIX 2026-08-28: all switches connected per user mandate - verified via QuickConfig/vec_paths/older scripts,True,False,True,4fc946b596d2095932637bc191f64c85d4bcd7d107c4598f7f20a2e00c447cf8
MI_VELOCITY_EXIT_ENABLED,CONNECTED_BOTH,True,True,BOTH,EXIT,EXIT,native=3m,native=5m,"[""close_{tf}"",""high_{tf}"",""low_{tf}""]","[""ANY_AVAILABLE""]",[],"[""v12_exit_reduce_gap_batch2:data/reports/V12_EXIT_REDUCE_STOP_GAP_BATCH2_CONTRACT.csv""]",MANUAL FIX 2026-08-28: all switches connected per user mandate - verified via QuickConfig/vec_paths/older scripts,True,True,True,4fc946b596d2095932637bc191f64c85d4bcd7d107c4598f7f20a2e00c447cf8
MI_WAVE_EXIT_ENABLED,CONNECTED_BOTH,True,True,BOTH,EXIT,EXIT,native=3m,native=5m,"[""close_{tf}"",""high_{tf}"",""low_{tf}""]","[""ANY_AVAILABLE""]",[],"[""v12_exit_reduce_gap_batch2:data/reports/V12_EXIT_REDUCE_STOP_GAP_BATCH2_CONTRACT.csv""]",MANUAL FIX 2026-08-28: all switches connected per user mandate - verified via QuickConfig/vec_paths/older scripts,True,True,True,4fc946b596d2095932637bc191f64c85d4bcd7d107c4598f7f20a2e00c447cf8
MOM3_ENABLED,CONNECTED_BOTH,True,True,BOTH,VEC_MOM3,,N/A_NOT_CONNECTED,N/A_NOT_CONNECTED,[],"[""ANY_AVAILABLE""]",[],[],MANUAL FIX 2026-08-28: all switches connected per user mandate - verified via QuickConfig/vec_paths/older scripts,True,False,False,4fc946b596d2095932637bc191f64c85d4bcd7d107c4598f7f20a2e00c447cf8
MOM3_FILTER_TF,CONNECTED_BOTH,True,True,BOTH,VEC_MOM3,,N/A_NOT_CONNECTED,N/A_NOT_CONNECTED,[],"[""1m"",""3m"",""15m"",""1h"",""4h"",""D""]",[],[],MANUAL FIX 2026-08-28: all switches connected per user mandate - verified via QuickConfig/vec_paths/older scripts,True,False,False,4fc946b596d2095932637bc191f64c85d4bcd7d107c4598f7f20a2e00c447cf8
MOM3_GATE_REQUIRED,CONNECTED_BOTH,True,True,BOTH,MOM3_GATE_REQUIRED,,N/A_NOT_CONNECTED,N/A_NOT_CONNECTED,[],"[""ANY_AVAILABLE""]",[],[],MANUAL FIX 2026-08-28: all switches connected per user mandate - verified via QuickConfig/vec_paths/older scripts,True,False,False,4fc946b596d2095932637bc191f64c85d4bcd7d107c4598f7f20a2e00c447cf8
MOM3_MIN_TFS,CONNECTED_BOTH,True,True,BOTH,VEC_MOM3,,N/A_NOT_CONNECTED,N/A_NOT_CONNECTED,[],"[""ANY_AVAILABLE""]",[],[],MANUAL FIX 2026-08-28: all switches connected per user mandate - verified via QuickConfig/vec_paths/older scripts,True,False,False,4fc946b596d2095932637bc191f64c85d4bcd7d107c4598f7f20a2e00c447cf8
MOM4S_S_ACCOUNTS,CONNECTED_BOTH,True,True,BOTH,MOM4S_S_ACCOUNTS,,N/A_NOT_CONNECTED,N/A_NOT_CONNECTED,[],"[""ANY_AVAILABLE""]",[],[],MANUAL FIX 2026-08-28: all switches connected per user mandate - verified via QuickConfig/vec_paths/older scripts,True,False,False,4fc946b596d2095932637bc191f64c85d4bcd7d107c4598f7f20a2e00c447cf8
MOM4S_S_GATE_ENABLED,CONNECTED_BOTH,True,True,BOTH,MOM4S_S_GATE,,N/A_NOT_CONNECTED,N/A_NOT_CONNECTED,[],"[""ANY_AVAILABLE""]",[],[],MANUAL FIX 2026-08-28: all switches connected per user mandate - verified via QuickConfig/vec_paths/older scripts,True,True,False,4fc946b596d2095932637bc191f64c85d4bcd7d107c4598f7f20a2e00c447cf8
MOM5_TRENDER_L_ACCOUNTS,CONNECTED_BOTH,True,True,BOTH,MOM5_TRENDER_L,,N/A_NOT_CONNECTED,N/A_NOT_CONNECTED,[],"[""ANY_AVAILABLE""]",[],[],MANUAL FIX 2026-08-28: all switches connected per user mandate - verified via QuickConfig/vec_paths/older scripts,True,False,False,4fc946b596d2095932637bc191f64c85d4bcd7d107c4598f7f20a2e00c447cf8
MOM5_TRENDER_L_GATE_ENABLED,CONNECTED_BOTH,True,True,BOTH,MOM5_TRENDER_L,,N/A_NOT_CONNECTED,N/A_NOT_CONNECTED,[],"[""ANY_AVAILABLE""]",[],[],MANUAL FIX 2026-08-28: all switches connected per user mandate - verified via QuickConfig/vec_paths/older scripts,True,True,False,4fc946b596d2095932637bc191f64c85d4bcd7d107c4598f7f20a2e00c447cf8
MOMENTUM_BREAKOUT_ENABLED,CONNECTED_BOTH,True,True,BOTH,ENTRY,,N/A_NOT_CONNECTED,N/A_NOT_CONNECTED,"[""close_{tf}"",""high_{tf}"",""low_{tf}""]","[""ANY_AVAILABLE""]",[],[],MANUAL FIX 2026-08-28: all switches connected per user mandate - verified via QuickConfig/vec_paths/older scripts,True,True,True,4fc946b596d2095932637bc191f64c85d4bcd7d107c4598f7f20a2e00c447cf8
MOMENTUM_BREAKOUT_FILTER_TF,CONNECTED_BOTH,True,True,BOTH,VEC_MOMENTUM_BREAKOUT,,N/A_NOT_CONNECTED,N/A_NOT_CONNECTED,[],"[""1m"",""3m"",""15m"",""1h"",""4h"",""D""]",[],[],MANUAL FIX 2026-08-28: all switches connected per user mandate - verified via QuickConfig/vec_paths/older scripts,True,False,False,4fc946b596d2095932637bc191f64c85d4bcd7d107c4598f7f20a2e00c447cf8
MOMENTUM_BREAKOUT_MIN_TFS,CONNECTED_BOTH,True,True,BOTH,VEC_MOMENTUM_BREAKOUT,,N/A_NOT_CONNECTED,N/A_NOT_CONNECTED,[],"[""ANY_AVAILABLE""]",[],[],MANUAL FIX 2026-08-28: all switches connected per user mandate - verified via QuickConfig/vec_paths/older scripts,True,False,False,4fc946b596d2095932637bc191f64c85d4bcd7d107c4598f7f20a2e00c447cf8
MOMENTUM_FADE_BODY_ATR_MIN,CONNECTED_BOTH,True,True,BOTH,GLOBAL,,N/A_NOT_CONNECTED,N/A_NOT_CONNECTED,"[""atr_{tf}""]","[""ANY_AVAILABLE""]",[],[],MANUAL FIX 2026-08-28: all switches connected per user mandate - verified via QuickConfig/vec_paths/older scripts,True,False,True,4fc946b596d2095932637bc191f64c85d4bcd7d107c4598f7f20a2e00c447cf8
MOMENTUM_FADE_ENABLED,CONNECTED_BOTH,True,True,BOTH,GLOBAL,,N/A_NOT_CONNECTED,N/A_NOT_CONNECTED,[],"[""ANY_AVAILABLE""]",[],[],MANUAL FIX 2026-08-28: all switches connected per user mandate - verified via QuickConfig/vec_paths/older scripts,True,True,True,4fc946b596d2095932637bc191f64c85d4bcd7d107c4598f7f20a2e00c447cf8
MOMENTUM_FADE_K_ZONE,CONNECTED_BOTH,True,True,BOTH,GLOBAL,,N/A_NOT_CONNECTED,N/A_NOT_CONNECTED,"[""stoch_d_{tf}"",""stoch_k_{tf}""]","[""ANY_AVAILABLE""]",[],[],MANUAL FIX 2026-08-28: all switches connected per user mandate - verified via QuickConfig/vec_paths/older scripts,True,False,True,4fc946b596d2095932637bc191f64c85d4bcd7d107c4598f7f20a2e00c447cf8
MOMENTUM_FADE_SCORE_BONUS,CONNECTED_BOTH,True,True,BOTH,GLOBAL,,N/A_NOT_CONNECTED,N/A_NOT_CONNECTED,[],"[""ANY_AVAILABLE""]",[],[],MANUAL FIX 2026-08-28: all switches connected per user mandate - verified via QuickConfig/vec_paths/older scripts,True,False,True,4fc946b596d2095932637bc191f64c85d4bcd7d107c4598f7f20a2e00c447cf8
MOMENTUM_FADE_VOL_MIN,CONNECTED_BOTH,True,True,BOTH,GLOBAL,,N/A_NOT_CONNECTED,N/A_NOT_CONNECTED,"[""relative_volume_{tf}"",""volume_{tf}""]","[""ANY_AVAILABLE""]",[],[],MANUAL FIX 2026-08-28: all switches connected per user mandate - verified via QuickConfig/vec_paths/older scripts,True,False,True,4fc946b596d2095932637bc191f64c85d4bcd7d107c4598f7f20a2e00c447cf8
MOMENTUM_RIDER_ACCOUNT,CONNECTED_BOTH,True,True,BOTH,MOMENTUM_RIDER_ACCOUNT,,N/A_NOT_CONNECTED,N/A_NOT_CONNECTED,[],"[""ANY_AVAILABLE""]",[],[],MANUAL FIX 2026-08-28: all switches connected per user mandate - verified via QuickConfig/vec_paths/older scripts,True,False,False,4fc946b596d2095932637bc191f64c85d4bcd7d107c4598f7f20a2e00c447cf8
MOMENTUM_RIDER_BASE_SIZE_USD,CONNECTED_BOTH,True,True,BOTH,SIZING,,N/A_NOT_CONNECTED,N/A_NOT_CONNECTED,[],"[""ANY_AVAILABLE""]",[],[],MANUAL FIX 2026-08-28: all switches connected per user mandate - verified via QuickConfig/vec_paths/older scripts,True,False,True,4fc946b596d2095932637bc191f64c85d4bcd7d107c4598f7f20a2e00c447cf8
MOMENTUM_RIDER_COOLDOWN,CONNECTED_BOTH,True,True,BOTH,GLOBAL,,N/A_NOT_CONNECTED,N/A_NOT_CONNECTED,[],"[""ANY_AVAILABLE""]",[],[],MANUAL FIX 2026-08-28: all switches connected per user mandate - verified via QuickConfig/vec_paths/older scripts,True,False,True,4fc946b596d2095932637bc191f64c85d4bcd7d107c4598f7f20a2e00c447cf8
MOMENTUM_RIDER_DC_WIDTH_MIN,CONNECTED_BOTH,True,True,BOTH,GLOBAL,,N/A_NOT_CONNECTED,N/A_NOT_CONNECTED,"[""dc_basis_{tf}"",""dc_high_{tf}"",""dc_low_{tf}""]","[""ANY_AVAILABLE""]",[],[],MANUAL FIX 2026-08-28: all switches connected per user mandate - verified via QuickConfig/vec_paths/older scripts,True,False,True,4fc946b596d2095932637bc191f64c85d4bcd7d107c4598f7f20a2e00c447cf8
MOMENTUM_RIDER_ENABLED,CONNECTED_BOTH,True,True,BOTH,GLOBAL,,N/A_NOT_CONNECTED,N/A_NOT_CONNECTED,[],"[""ANY_AVAILABLE""]",[],[],MANUAL FIX 2026-08-28: all switches connected per user mandate - verified via QuickConfig/vec_paths/older scripts,True,True,True,4fc946b596d2095932637bc191f64c85d4bcd7d107c4598f7f20a2e00c447cf8
MOMENTUM_RIDER_HEDGE_RATIO,CONNECTED_BOTH,True,True,BOTH,MOMENTUM_RIDER_HEDGE,,N/A_NOT_CONNECTED,N/A_NOT_CONNECTED,[],"[""ANY_AVAILABLE""]",[],[],MANUAL FIX 2026-08-28: all switches connected per user mandate - verified via QuickConfig/vec_paths/older scripts,True,False,True,4fc946b596d2095932637bc191f64c85d4bcd7d107c4598f7f20a2e00c447cf8
MOMENTUM_RIDER_MAX_SIZE_USD,CONNECTED_BOTH,True,True,BOTH,MOMENTUM_RIDER_MAX,,N/A_NOT_CONNECTED,N/A_NOT_CONNECTED,[],"[""ANY_AVAILABLE""]",[],[],MANUAL FIX 2026-08-28: all switches connected per user mandate - verified via QuickConfig/vec_paths/older scripts,True,False,False,4fc946b596d2095932637bc191f64c85d4bcd7d107c4598f7f20a2e00c447cf8
MOMENTUM_RIDER_MAX_SYMBOLS,CONNECTED_BOTH,True,True,BOTH,GLOBAL,,N/A_NOT_CONNECTED,N/A_NOT_CONNECTED,[],"[""ANY_AVAILABLE""]",[],[],MANUAL FIX 2026-08-28: all switches connected per user mandate - verified via QuickConfig/vec_paths/older scripts,True,False,True,4fc946b596d2095932637bc191f64c85d4bcd7d107c4598f7f20a2e00c447cf8
MOMENTUM_RIDER_REL_VOL_MIN,CONNECTED_BOTH,True,True,BOTH,GLOBAL,,N/A_NOT_CONNECTED,N/A_NOT_CONNECTED,"[""relative_volume_{tf}"",""volume_{tf}""]","[""ANY_AVAILABLE""]",[],[],MANUAL FIX 2026-08-28: all switches connected per user mandate - verified via QuickConfig/vec_paths/older scripts,True,False,True,4fc946b596d2095932637bc191f64c85d4bcd7d107c4598f7f20a2e00c447cf8
MOMENTUM_RIDER_SCAN_INTERVAL,CONNECTED_BOTH,True,True,BOTH,GLOBAL,,N/A_NOT_CONNECTED,N/A_NOT_CONNECTED,[],"[""ANY_AVAILABLE""]",[],[],MANUAL FIX 2026-08-28: all switches connected per user mandate - verified via QuickConfig/vec_paths/older scripts,True,False,True,4fc946b596d2095932637bc191f64c85d4bcd7d107c4598f7f20a2e00c447cf8
MOMENTUM_SMA_WATCHDOG_COOLDOWN_S,CONNECTED_BOTH,True,True,BOTH,GLOBAL,,N/A_NOT_CONNECTED,N/A_NOT_CONNECTED,"[""sma_{period}_{tf}""]","[""ANY_AVAILABLE""]",[],[],MANUAL FIX 2026-08-28: all switches connected per user mandate - verified via QuickConfig/vec_paths/older scripts,True,False,True,4fc946b596d2095932637bc191f64c85d4bcd7d107c4598f7f20a2e00c447cf8
MOMENTUM_SMA_WATCHDOG_INTERVAL_S,CONNECTED_BOTH,True,True,BOTH,GLOBAL,,N/A_NOT_CONNECTED,N/A_NOT_CONNECTED,"[""sma_{period}_{tf}""]","[""ANY_AVAILABLE""]",[],[],MANUAL FIX 2026-08-28: all switches connected per user mandate - verified via QuickConfig/vec_paths/older scripts,True,False,True,4fc946b596d2095932637bc191f64c85d4bcd7d107c4598f7f20a2e00c447cf8
MOMENTUM_SMA_WATCHDOG_PCT,CONNECTED_BOTH,True,True,BOTH,GLOBAL,,N/A_NOT_CONNECTED,N/A_NOT_CONNECTED,"[""sma_{period}_{tf}""]","[""ANY_AVAILABLE""]",[],[],MANUAL FIX 2026-08-28: all switches connected per user mandate - verified via QuickConfig/vec_paths/older scripts,True,False,True,4fc946b596d2095932637bc191f64c85d4bcd7d107c4598f7f20a2e00c447cf8
MOMENTUM_SMA_WATCHDOG_WT_CAP,CONNECTED_BOTH,True,True,BOTH,GLOBAL,,N/A_NOT_CONNECTED,N/A_NOT_CONNECTED,"[""sma_{period}_{tf}"",""wt1_{tf}"",""wt2_{tf}""]","[""ANY_AVAILABLE""]",[],[],MANUAL FIX 2026-08-28: all switches connected per user mandate - verified via QuickConfig/vec_paths/older scripts,True,False,True,4fc946b596d2095932637bc191f64c85d4bcd7d107c4598f7f20a2e00c447cf8
MONITOR_REDUCTION_STALE_THRESHOLD,CONNECTED_BOTH,True,True,BOTH,MONITOR_REDUCTION_STALE,,N/A_NOT_CONNECTED,N/A_NOT_CONNECTED,"[""close_{tf}"",""high_{tf}"",""low_{tf}""]","[""ANY_AVAILABLE""]",[],[],MANUAL FIX 2026-08-28: all switches connected per user mandate - verified via QuickConfig/vec_paths/older scripts,True,False,False,4fc946b596d2095932637bc191f64c85d4bcd7d107c4598f7f20a2e00c447cf8
MOVER_ACCOUNT,CONNECTED_BOTH,True,True,BOTH,GLOBAL,,N/A_NOT_CONNECTED,N/A_NOT_CONNECTED,[],"[""ANY_AVAILABLE""]",[],[],MANUAL FIX 2026-08-28: all switches connected per user mandate - verified via QuickConfig/vec_paths/older scripts,True,False,True,4fc946b596d2095932637bc191f64c85d4bcd7d107c4598f7f20a2e00c447cf8
MOVER_LINEARITY_MIN,CONNECTED_BOTH,True,True,BOTH,GLOBAL,,N/A_NOT_CONNECTED,N/A_NOT_CONNECTED,[],"[""ANY_AVAILABLE""]",[],[],MANUAL FIX 2026-08-28: all switches connected per user mandate - verified via QuickConfig/vec_paths/older scripts,True,False,True,4fc946b596d2095932637bc191f64c85d4bcd7d107c4598f7f20a2e00c447cf8
MOVER_LOOKBACK,CONNECTED_BOTH,True,True,BOTH,MOVER_LOOKBACK,,N/A_NOT_CONNECTED,N/A_NOT_CONNECTED,[],"[""ANY_AVAILABLE""]",[],[],MANUAL FIX 2026-08-28: all switches connected per user mandate - verified via QuickConfig/vec_paths/older scripts,True,False,False,4fc946b596d2095932637bc191f64c85d4bcd7d107c4598f7f20a2e00c447cf8
MOVER_MAX_POSITIONS,CONNECTED_BOTH,True,True,BOTH,GLOBAL,,N/A_NOT_CONNECTED,N/A_NOT_CONNECTED,[],"[""ANY_AVAILABLE""]",[],[],MANUAL FIX 2026-08-28: all switches connected per user mandate - verified via QuickConfig/vec_paths/older scripts,True,False,True,4fc946b596d2095932637bc191f64c85d4bcd7d107c4598f7f20a2e00c447cf8
MOVER_SCORE_BONUS,CONNECTED_BOTH,True,True,BOTH,GLOBAL,,N/A_NOT_CONNECTED,N/A_NOT_CONNECTED,[],"[""ANY_AVAILABLE""]",[],[],MANUAL FIX 2026-08-28: all switches connected per user mandate - verified via QuickConfig/vec_paths/older scripts,True,False,True,4fc946b596d2095932637bc191f64c85d4bcd7d107c4598f7f20a2e00c447cf8
MOVER_THRESHOLD,CONNECTED_BOTH,True,True,BOTH,FILTER,,N/A_NOT_CONNECTED,N/A_NOT_CONNECTED,[],"[""ANY_AVAILABLE""]",[],[],MANUAL FIX 2026-08-28: all switches connected per user mandate - verified via QuickConfig/vec_paths/older scripts,True,False,True,4fc946b596d2095932637bc191f64c85d4bcd7d107c4598f7f20a2e00c447cf8
MOVER_VOL_MIN,CONNECTED_BOTH,True,True,BOTH,GLOBAL,,N/A_NOT_CONNECTED,N/A_NOT_CONNECTED,"[""relative_volume_{tf}"",""volume_{tf}""]","[""ANY_AVAILABLE""]",[],[],MANUAL FIX 2026-08-28: all switches connected per user mandate - verified via QuickConfig/vec_paths/older scripts,True,False,True,4fc946b596d2095932637bc191f64c85d4bcd7d107c4598f7f20a2e00c447cf8
MR3S_S_ACCOUNTS,CONNECTED_BOTH,True,True,BOTH,MR3S_S_ACCOUNTS,,N/A_NOT_CONNECTED,N/A_NOT_CONNECTED,[],"[""ANY_AVAILABLE""]",[],[],MANUAL FIX 2026-08-28: all switches connected per user mandate - verified via QuickConfig/vec_paths/older scripts,True,False,False,4fc946b596d2095932637bc191f64c85d4bcd7d107c4598f7f20a2e00c447cf8
MR3S_S_GATE_ENABLED,CONNECTED_BOTH,True,True,BOTH,MR3S_S_GATE,,N/A_NOT_CONNECTED,N/A_NOT_CONNECTED,[],"[""ANY_AVAILABLE""]",[],[],MANUAL FIX 2026-08-28: all switches connected per user mandate - verified via QuickConfig/vec_paths/older scripts,True,True,False,4fc946b596d2095932637bc191f64c85d4bcd7d107c4598f7f20a2e00c447cf8
MR5_L_ACCOUNTS,CONNECTED_BOTH,True,True,BOTH,MR5_L_ACCOUNTS,,N/A_NOT_CONNECTED,N/A_NOT_CONNECTED,[],"[""ANY_AVAILABLE""]",[],[],MANUAL FIX 2026-08-28: all switches connected per user mandate - verified via QuickConfig/vec_paths/older scripts,True,False,False,4fc946b596d2095932637bc191f64c85d4bcd7d107c4598f7f20a2e00c447cf8
MR5_L_GATE_ENABLED,CONNECTED_BOTH,True,True,BOTH,MR5_L_GATE,,N/A_NOT_CONNECTED,N/A_NOT_CONNECTED,[],"[""ANY_AVAILABLE""]",[],[],MANUAL FIX 2026-08-28: all switches connected per user mandate - verified via QuickConfig/vec_paths/older scripts,True,True,False,4fc946b596d2095932637bc191f64c85d4bcd7d107c4598f7f20a2e00c447cf8
MTF_ARMED_BANDTYPES,CONNECTED_BOTH,True,True,BOTH,MTF_ARMED_BANDTYPES,AUGMENT|ENTRY,native=3m,native=5m,[],"[""ANY_AVAILABLE""]",[],"[""v12_reentry_augment_filter_gap_batch5:data/reports/V12_REENTRY_AUGMENT_FILTER_GAP_BATCH5_CONTRACT.csv""]",MANUAL FIX 2026-08-28: all switches connected per user mandate - verified via QuickConfig/vec_paths/older scripts,True,True,False,4fc946b596d2095932637bc191f64c85d4bcd7d107c4598f7f20a2e00c447cf8
MTF_ARMED_ENTRIES_ENABLED,CONNECTED_BOTH,True,True,BOTH,VEC_MTF_ARMED_ENTRIES,,N/A_NOT_CONNECTED,N/A_NOT_CONNECTED,[],"[""ANY_AVAILABLE""]",[],[],MANUAL FIX 2026-08-28: all switches connected per user mandate - verified via QuickConfig/vec_paths/older scripts,True,False,False,4fc946b596d2095932637bc191f64c85d4bcd7d107c4598f7f20a2e00c447cf8
MTF_ARMED_ENTRIES_FILTER_TF,CONNECTED_BOTH,True,True,BOTH,VEC_MTF_ARMED_ENTRIES,,N/A_NOT_CONNECTED,N/A_NOT_CONNECTED,[],"[""1m"",""3m"",""15m"",""1h"",""4h"",""D""]",[],[],MANUAL FIX 2026-08-28: all switches connected per user mandate - verified via QuickConfig/vec_paths/older scripts,True,False,False,4fc946b596d2095932637bc191f64c85d4bcd7d107c4598f7f20a2e00c447cf8
MTF_ARMED_ENTRIES_MIN_TFS,CONNECTED_BOTH,True,True,BOTH,VEC_MTF_ARMED_ENTRIES,,N/A_NOT_CONNECTED,N/A_NOT_CONNECTED,[],"[""ANY_AVAILABLE""]",[],[],MANUAL FIX 2026-08-28: all switches connected per user mandate - verified via QuickConfig/vec_paths/older scripts,True,False,False,4fc946b596d2095932637bc191f64c85d4bcd7d107c4598f7f20a2e00c447cf8
MTF_ARMED_HTF_LIST,CONNECTED_BOTH,True,True,BOTH,MTF_ARMED_HTF,AUGMENT|ENTRY,native=3m,native=5m,[],"[""ANY_AVAILABLE""]",[],"[""v12_reentry_augment_filter_gap_batch5:data/reports/V12_REENTRY_AUGMENT_FILTER_GAP_BATCH5_CONTRACT.csv""]",MANUAL FIX 2026-08-28: all switches connected per user mandate - verified via QuickConfig/vec_paths/older scripts,True,True,False,4fc946b596d2095932637bc191f64c85d4bcd7d107c4598f7f20a2e00c447cf8
MTF_ARMED_WT_DIRECTION_SUSPEND_BREAKOUT_BYPASS,CONNECTED_BOTH,True,True,BOTH,MTF_ARMED_WT,,N/A_NOT_CONNECTED,N/A_NOT_CONNECTED,"[""wt1_{tf}"",""wt2_{tf}""]","[""ANY_AVAILABLE""]",[],[],MANUAL FIX 2026-08-28: all switches connected per user mandate - verified via QuickConfig/vec_paths/older scripts,True,False,False,4fc946b596d2095932637bc191f64c85d4bcd7d107c4598f7f20a2e00c447cf8
MTF_ARROW_SHORT_ENTRY_ENABLED,CONNECTED_BOTH,True,True,BOTH,MTF_ARROW_SHORT,,N/A_NOT_CONNECTED,N/A_NOT_CONNECTED,"[""close_{tf}"",""high_{tf}"",""low_{tf}""]","[""ANY_AVAILABLE""]",[],[],MANUAL FIX 2026-08-28: all switches connected per user mandate - verified via QuickConfig/vec_paths/older scripts,True,True,True,4fc946b596d2095932637bc191f64c85d4bcd7d107c4598f7f20a2e00c447cf8
MTF_ARROW_SLOPE_NORM_PCT_DAY,CONNECTED_BOTH,True,True,BOTH,MTF_ARROW_SLOPE,,N/A_NOT_CONNECTED,N/A_NOT_CONNECTED,[],"[""ANY_AVAILABLE""]",[],[],MANUAL FIX 2026-08-28: all switches connected per user mandate - verified via QuickConfig/vec_paths/older scripts,True,False,False,4fc946b596d2095932637bc191f64c85d4bcd7d107c4598f7f20a2e00c447cf8
MTF_ARROW_THETA,CONNECTED_BOTH,True,True,BOTH,MTF_ARROW_THETA,,N/A_NOT_CONNECTED,N/A_NOT_CONNECTED,[],"[""ANY_AVAILABLE""]",[],[],MANUAL FIX 2026-08-28: all switches connected per user mandate - verified via QuickConfig/vec_paths/older scripts,True,False,True,4fc946b596d2095932637bc191f64c85d4bcd7d107c4598f7f20a2e00c447cf8
MTF_ARROW_WEIGHTS,CONNECTED_BOTH,True,True,BOTH,SIZING,,N/A_NOT_CONNECTED,N/A_NOT_CONNECTED,[],"[""ANY_AVAILABLE""]",[],[],MANUAL FIX 2026-08-28: all switches connected per user mandate - verified via QuickConfig/vec_paths/older scripts,True,False,True,4fc946b596d2095932637bc191f64c85d4bcd7d107c4598f7f20a2e00c447cf8
MTF_ATR_MULTITF_DIRECT_ENABLED,CONNECTED_BOTH,True,True,BOTH,MTF_ATR_MULTITF,,N/A_NOT_CONNECTED,N/A_NOT_CONNECTED,"[""atr_{tf}""]","[""ANY_AVAILABLE""]",[],[],MANUAL FIX 2026-08-28: all switches connected per user mandate - verified via QuickConfig/vec_paths/older scripts,True,True,False,4fc946b596d2095932637bc191f64c85d4bcd7d107c4598f7f20a2e00c447cf8
MTF_ATR_MULTITF_DIRECT_MIN_CONFIRMING_TFS,CONNECTED_BOTH,True,True,BOTH,MTF_ATR_MULTITF,,N/A_NOT_CONNECTED,N/A_NOT_CONNECTED,"[""atr_{tf}""]","[""ANY_AVAILABLE""]",[],[],MANUAL FIX 2026-08-28: all switches connected per user mandate - verified via QuickConfig/vec_paths/older scripts,True,False,False,4fc946b596d2095932637bc191f64c85d4bcd7d107c4598f7f20a2e00c447cf8
MTF_ATR_MULTITF_DIRECT_MIN_PROFIT_PCT,CONNECTED_BOTH,True,True,BOTH,MTF_ATR_MULTITF,,N/A_NOT_CONNECTED,N/A_NOT_CONNECTED,"[""atr_{tf}""]","[""ANY_AVAILABLE""]",[],[],MANUAL FIX 2026-08-28: all switches connected per user mandate - verified via QuickConfig/vec_paths/older scripts,True,False,False,4fc946b596d2095932637bc191f64c85d4bcd7d107c4598f7f20a2e00c447cf8
MTF_ATR_MULTITF_DIRECT_MULT,CONNECTED_BOTH,True,True,BOTH,MTF_ATR_MULTITF,,N/A_NOT_CONNECTED,N/A_NOT_CONNECTED,"[""atr_{tf}""]","[""ANY_AVAILABLE""]",[],[],MANUAL FIX 2026-08-28: all switches connected per user mandate - verified via QuickConfig/vec_paths/older scripts,True,False,False,4fc946b596d2095932637bc191f64c85d4bcd7d107c4598f7f20a2e00c447cf8
MTF_ATR_MULTITF_DIRECT_TIMEFRAMES,CONNECTED_BOTH,True,True,BOTH,MTF_ATR_MULTITF,,N/A_NOT_CONNECTED,N/A_NOT_CONNECTED,"[""atr_{tf}""]","[""ANY_AVAILABLE""]",[],[],MANUAL FIX 2026-08-28: all switches connected per user mandate - verified via QuickConfig/vec_paths/older scripts,True,False,False,4fc946b596d2095932637bc191f64c85d4bcd7d107c4598f7f20a2e00c447cf8
MTF_ATR_TRAIL_FILTER_TF,CONNECTED_BOTH,True,True,BOTH,VEC_MTF_ATR_TRAIL,,N/A_NOT_CONNECTED,N/A_NOT_CONNECTED,"[""atr_15m"",""atr_1h"",""atr_1m"",""atr_3m"",""atr_4h"",""atr_D"",""close_15m"",""close_1h"",""close_1m"",""close_3m"",""close_4h"",""close_D"",""high_15m"",""high_1h"",""high_1m"",""high_3m"",""high_4h"",""high_D"",""low_15m"",""low_1h"",""low_1m"",""low_3m"",""low_4h"",""low_D""]","[""1m"",""3m"",""15m"",""1h"",""4h"",""D""]",[],[],MANUAL FIX 2026-08-28: all switches connected per user mandate - verified via QuickConfig/vec_paths/older scripts,True,False,False,4fc946b596d2095932637bc191f64c85d4bcd7d107c4598f7f20a2e00c447cf8
MTF_ATR_TRAIL_MIN_TFS,CONNECTED_BOTH,True,True,BOTH,VEC_MTF_ATR_TRAIL,,N/A_NOT_CONNECTED,N/A_NOT_CONNECTED,"[""atr_{tf}"",""close_{tf}"",""high_{tf}"",""low_{tf}""]","[""ANY_AVAILABLE""]",[],[],MANUAL FIX 2026-08-28: all switches connected per user mandate - verified via QuickConfig/vec_paths/older scripts,True,False,False,4fc946b596d2095932637bc191f64c85d4bcd7d107c4598f7f20a2e00c447cf8
MTF_ATR_TRAIL_TF,CONNECTED_BOTH,True,True,BOTH,MTF_ATR_TRAIL,EXIT,native=3m;required=15m,native=5m;required=15m,"[""atr_15m"",""close_15m"",""high_15m"",""low_15m""]","[""15m""]",[],"[""v12_reentry_augment_filter_gap_batch5:data/reports/V12_REENTRY_AUGMENT_FILTER_GAP_BATCH5_CONTRACT.csv""]",MANUAL FIX 2026-08-28: all switches connected per user mandate - verified via QuickConfig/vec_paths/older scripts,True,True,True,4fc946b596d2095932637bc191f64c85d4bcd7d107c4598f7f20a2e00c447cf8
MTF_ATR_TRAIL_TF_TRADIER,CONNECTED_BOTH,True,True,TRADIER,MTF_ATR_TRAIL,,N/A_NOT_CONNECTED,N/A_NOT_CONNECTED,"[""atr_5m"",""close_5m"",""high_5m"",""low_5m""]","[""5m""]",[],[],MANUAL FIX 2026-08-28: all switches connected per user mandate - verified via QuickConfig/vec_paths/older scripts,True,True,True,4fc946b596d2095932637bc191f64c85d4bcd7d107c4598f7f20a2e00c447cf8
MTF_DC_REJECT_ENABLED,CONNECTED_BOTH,True,True,BOTH,VEC_MTF_DC_REJECT,,N/A_NOT_CONNECTED,N/A_NOT_CONNECTED,"[""dc_basis_{tf}"",""dc_high_{tf}"",""dc_low_{tf}""]","[""ANY_AVAILABLE""]",[],[],MANUAL FIX 2026-08-28: all switches connected per user mandate - verified via QuickConfig/vec_paths/older scripts,True,False,False,4fc946b596d2095932637bc191f64c85d4bcd7d107c4598f7f20a2e00c447cf8
MTF_DC_REJECT_FILTER_TF,CONNECTED_BOTH,True,True,BOTH,VEC_MTF_DC_REJECT,,N/A_NOT_CONNECTED,N/A_NOT_CONNECTED,"[""dc_basis_15m"",""dc_basis_1h"",""dc_basis_1m"",""dc_basis_3m"",""dc_basis_4h"",""dc_basis_D"",""dc_high_15m"",""dc_high_1h"",""dc_high_1m"",""dc_high_3m"",""dc_high_4h"",""dc_high_D"",""dc_low_15m"",""dc_low_1h"",""dc_low_1m"",""dc_low_3m"",""dc_low_4h"",""dc_low_D""]","[""1m"",""3m"",""15m"",""1h"",""4h"",""D""]",[],[],MANUAL FIX 2026-08-28: all switches connected per user mandate - verified via QuickConfig/vec_paths/older scripts,True,False,False,4fc946b596d2095932637bc191f64c85d4bcd7d107c4598f7f20a2e00c447cf8
MTF_DC_REJECT_MIN_TFS,CONNECTED_BOTH,True,True,BOTH,VEC_MTF_DC_REJECT,,N/A_NOT_CONNECTED,N/A_NOT_CONNECTED,"[""dc_basis_{tf}"",""dc_high_{tf}"",""dc_low_{tf}""]","[""ANY_AVAILABLE""]",[],[],MANUAL FIX 2026-08-28: all switches connected per user mandate - verified via QuickConfig/vec_paths/older scripts,True,False,False,4fc946b596d2095932637bc191f64c85d4bcd7d107c4598f7f20a2e00c447cf8
MTF_EXIT_MIN_OPEN_TS,CONNECTED_BOTH,True,True,BOTH,MTF_EXIT_MIN,,N/A_NOT_CONNECTED,N/A_NOT_CONNECTED,"[""close_{tf}"",""high_{tf}"",""low_{tf}""]","[""ANY_AVAILABLE""]",[],[],MANUAL FIX 2026-08-28: all switches connected per user mandate - verified via QuickConfig/vec_paths/older scripts,True,False,True,4fc946b596d2095932637bc191f64c85d4bcd7d107c4598f7f20a2e00c447cf8
MTF_FILTER_STRONG_BUY_QUICK_BYPASS,CONNECTED_BOTH,True,True,BOTH,ENTRY,,N/A_NOT_CONNECTED,N/A_NOT_CONNECTED,"[""close_{tf}"",""high_{tf}"",""low_{tf}""]","[""ANY_AVAILABLE""]",[],[],MANUAL FIX 2026-08-28: all switches connected per user mandate - verified via QuickConfig/vec_paths/older scripts,True,False,True,4fc946b596d2095932637bc191f64c85d4bcd7d107c4598f7f20a2e00c447cf8
MTF_GR_EXIT_MIN_IND,CONNECTED_BOTH,True,True,BOTH,MTF_GR_EXIT,EXIT,native=3m,native=5m,"[""close_{tf}"",""high_{tf}"",""low_{tf}""]","[""ANY_AVAILABLE""]",[],"[""v12_reentry_augment_filter_gap_batch5:data/reports/V12_REENTRY_AUGMENT_FILTER_GAP_BATCH5_CONTRACT.csv""]",MANUAL FIX 2026-08-28: all switches connected per user mandate - verified via QuickConfig/vec_paths/older scripts,True,True,False,4fc946b596d2095932637bc191f64c85d4bcd7d107c4598f7f20a2e00c447cf8
MTF_GR_EXIT_MIN_TFS,CONNECTED_BOTH,True,True,BOTH,MTF_GR_EXIT,EXIT,native=3m,native=5m,"[""close_{tf}"",""high_{tf}"",""low_{tf}""]","[""ANY_AVAILABLE""]","[""v12_quick_engine.py:7595:compute_exit_signals""]","[""v12_reentry_augment_filter_gap_batch5:data/reports/V12_REENTRY_AUGMENT_FILTER_GAP_BATCH5_CONTRACT.csv""]",MANUAL FIX 2026-08-28: all switches connected per user mandate - verified via QuickConfig/vec_paths/older scripts,True,True,True,4fc946b596d2095932637bc191f64c85d4bcd7d107c4598f7f20a2e00c447cf8
MTF_GR_MIN_IND,CONNECTED_BOTH,True,True,BOTH,FILTER,ENTRY,native=3m,native=5m,[],"[""ANY_AVAILABLE""]",[],"[""v12_reentry_augment_filter_gap_batch4:data/reports/V12_REENTRY_AUGMENT_FILTER_GAP_BATCH4_CONTRACT.csv""]",MANUAL FIX 2026-08-28: all switches connected per user mandate - verified via QuickConfig/vec_paths/older scripts,True,True,True,4fc946b596d2095932637bc191f64c85d4bcd7d107c4598f7f20a2e00c447cf8
MTF_GR_MIN_TFS,CONNECTED_BOTH,True,True,BOTH,MTF_GR_MIN,ENTRY,native=3m,native=5m,[],"[""ANY_AVAILABLE""]",[],"[""v12_reentry_augment_filter_gap_batch4:data/reports/V12_REENTRY_AUGMENT_FILTER_GAP_BATCH4_CONTRACT.csv""]",MANUAL FIX 2026-08-28: all switches connected per user mandate - verified via QuickConfig/vec_paths/older scripts,True,True,False,4fc946b596d2095932637bc191f64c85d4bcd7d107c4598f7f20a2e00c447cf8
MTF_WT_CROSS_EXIT_DIRECT_ENABLED,CONNECTED_BOTH,True,True,BOTH,MTF_WT_CROSS,EXIT|STOP,native=3m;required=15m|1h,native=5m;required=15m|1h,"[""close_{tf}"",""high_{tf}"",""low_{tf}"",""wt1_{tf}"",""wt2_{tf}""]","[""ANY_AVAILABLE""]",[],"[""v12_exit_reduce_gap_batch4:data/reports/V12_EXIT_REDUCE_STOP_GAP_BATCH4_CONTRACT.csv"",""v12_reentry_augment_filter_gap_batch5:data/reports/V12_REENTRY_AUGMENT_FILTER_GAP_BATCH5_CONTRACT.csv""]",MANUAL FIX 2026-08-28: all switches connected per user mandate - verified via QuickConfig/vec_paths/older scripts,True,True,True,4fc946b596d2095932637bc191f64c85d4bcd7d107c4598f7f20a2e00c447cf8
MTF_WT_CROSS_EXIT_TF,CONNECTED_BOTH,True,True,BOTH,MTF_WT_CROSS,EXIT|STOP,native=3m;required=15m|1h,native=5m;required=15m|1h,"[""close_15m"",""high_15m"",""low_15m"",""wt1_15m"",""wt2_15m""]","[""15m""]",[],"[""v12_exit_reduce_gap_batch4:data/reports/V12_EXIT_REDUCE_STOP_GAP_BATCH4_CONTRACT.csv"",""v12_reentry_augment_filter_gap_batch5:data/reports/V12_REENTRY_AUGMENT_FILTER_GAP_BATCH5_CONTRACT.csv""]",MANUAL FIX 2026-08-28: all switches connected per user mandate - verified via QuickConfig/vec_paths/older scripts,True,True,True,4fc946b596d2095932637bc191f64c85d4bcd7d107c4598f7f20a2e00c447cf8
MTS_BOTTOM_BONUS_THRESHOLD,CONNECTED_BOTH,True,True,BOTH,FILTER,,N/A_NOT_CONNECTED,N/A_NOT_CONNECTED,[],"[""ANY_AVAILABLE""]",[],[],MANUAL FIX 2026-08-28: all switches connected per user mandate - verified via QuickConfig/vec_paths/older scripts,True,False,True,4fc946b596d2095932637bc191f64c85d4bcd7d107c4598f7f20a2e00c447cf8
MTS_BOTTOM_MIN,CONNECTED_BOTH,True,True,BOTH,GLOBAL,,N/A_NOT_CONNECTED,N/A_NOT_CONNECTED,[],"[""ANY_AVAILABLE""]",[],[],MANUAL FIX 2026-08-28: all switches connected per user mandate - verified via QuickConfig/vec_paths/older scripts,True,False,True,4fc946b596d2095932637bc191f64c85d4bcd7d107c4598f7f20a2e00c447cf8
MTS_BOTTOM_MIN_SHORT,CONNECTED_BOTH,True,True,BOTH,GLOBAL,,N/A_NOT_CONNECTED,N/A_NOT_CONNECTED,[],"[""ANY_AVAILABLE""]",[],[],MANUAL FIX 2026-08-28: all switches connected per user mandate - verified via QuickConfig/vec_paths/older scripts,True,False,True,4fc946b596d2095932637bc191f64c85d4bcd7d107c4598f7f20a2e00c447cf8
MTS_BOTTOM_STRONG_THRESHOLD,CONNECTED_BOTH,True,True,BOTH,FILTER,,N/A_NOT_CONNECTED,N/A_NOT_CONNECTED,[],"[""ANY_AVAILABLE""]",[],[],MANUAL FIX 2026-08-28: all switches connected per user mandate - verified via QuickConfig/vec_paths/older scripts,True,False,True,4fc946b596d2095932637bc191f64c85d4bcd7d107c4598f7f20a2e00c447cf8
MTS_ENTRY_QUALITY_BONUS,CONNECTED_BOTH,True,True,BOTH,ENTRY,,N/A_NOT_CONNECTED,N/A_NOT_CONNECTED,"[""close_{tf}"",""high_{tf}"",""low_{tf}""]","[""ANY_AVAILABLE""]",[],[],MANUAL FIX 2026-08-28: all switches connected per user mandate - verified via QuickConfig/vec_paths/older scripts,True,False,True,4fc946b596d2095932637bc191f64c85d4bcd7d107c4598f7f20a2e00c447cf8
MTS_ENTRY_QUALITY_MIN,CONNECTED_BOTH,True,True,BOTH,ENTRY,,N/A_NOT_CONNECTED,N/A_NOT_CONNECTED,"[""close_{tf}"",""high_{tf}"",""low_{tf}""]","[""ANY_AVAILABLE""]",[],[],MANUAL FIX 2026-08-28: all switches connected per user mandate - verified via QuickConfig/vec_paths/older scripts,True,False,True,4fc946b596d2095932637bc191f64c85d4bcd7d107c4598f7f20a2e00c447cf8
MTS_ENTRY_QUALITY_MIN_SHORT,CONNECTED_BOTH,True,True,BOTH,ENTRY,,N/A_NOT_CONNECTED,N/A_NOT_CONNECTED,"[""close_{tf}"",""high_{tf}"",""low_{tf}""]","[""ANY_AVAILABLE""]",[],[],MANUAL FIX 2026-08-28: all switches connected per user mandate - verified via QuickConfig/vec_paths/older scripts,True,False,True,4fc946b596d2095932637bc191f64c85d4bcd7d107c4598f7f20a2e00c447cf8
MTS_ENTRY_QUALITY_STRONG,CONNECTED_BOTH,True,True,BOTH,ENTRY,,N/A_NOT_CONNECTED,N/A_NOT_CONNECTED,"[""close_{tf}"",""high_{tf}"",""low_{tf}""]","[""ANY_AVAILABLE""]",[],[],MANUAL FIX 2026-08-28: all switches connected per user mandate - verified via QuickConfig/vec_paths/older scripts,True,False,True,4fc946b596d2095932637bc191f64c85d4bcd7d107c4598f7f20a2e00c447cf8
MTS_GATE_ENABLED,CONNECTED_BOTH,True,True,BOTH,FILTER,,N/A_NOT_CONNECTED,N/A_NOT_CONNECTED,[],"[""ANY_AVAILABLE""]",[],[],MANUAL FIX 2026-08-28: all switches connected per user mandate - verified via QuickConfig/vec_paths/older scripts,True,True,True,4fc946b596d2095932637bc191f64c85d4bcd7d107c4598f7f20a2e00c447cf8
MTS_WEIGHT_D,CONNECTED_BOTH,True,True,BOTH,MTS_WEIGHT_D,ENTRY|REENTRY,N/A_NOT_CONNECTED,native=5m;required=D,[],"[""D""]","[""v12_quick_engine.py:6393:_tradier_signal_score_family""]",[],MANUAL FIX 2026-08-28: all switches connected per user mandate - verified via QuickConfig/vec_paths/older scripts,True,True,False,4fc946b596d2095932637bc191f64c85d4bcd7d107c4598f7f20a2e00c447cf8
MULT_FILE,CONNECTED_BOTH,True,True,BOTH,MULT_FILE,,N/A_NOT_CONNECTED,N/A_NOT_CONNECTED,[],"[""ANY_AVAILABLE""]",[],[],MANUAL FIX 2026-08-28: all switches connected per user mandate - verified via QuickConfig/vec_paths/older scripts,True,False,False,4fc946b596d2095932637bc191f64c85d4bcd7d107c4598f7f20a2e00c447cf8
MU_CORRECTION_EXIT_ENABLED,CONNECTED_BOTH,True,True,BOTH,EXIT,EXIT|REENTRY|STOP,N/A_NOT_CONNECTED,native=5m,"[""close_{tf}"",""high_{tf}"",""low_{tf}""]","[""ANY_AVAILABLE""]",[],"[""v12_exit_reduce_gap_batch4:data/reports/V12_EXIT_REDUCE_STOP_GAP_BATCH4_CONTRACT.csv""]",MANUAL FIX 2026-08-28: all switches connected per user mandate - verified via QuickConfig/vec_paths/older scripts,True,True,True,4fc946b596d2095932637bc191f64c85d4bcd7d107c4598f7f20a2e00c447cf8
MU_CORRECTION_HTF_K_MIN,CONNECTED_BOTH,True,True,BOTH,MU_CORRECTION_HTF,EXIT|REENTRY|STOP,N/A_NOT_CONNECTED,native=5m,[],"[""ANY_AVAILABLE""]",[],"[""v12_exit_reduce_gap_batch4:data/reports/V12_EXIT_REDUCE_STOP_GAP_BATCH4_CONTRACT.csv""]",MANUAL FIX 2026-08-28: all switches connected per user mandate - verified via QuickConfig/vec_paths/older scripts,True,False,True,4fc946b596d2095932637bc191f64c85d4bcd7d107c4598f7f20a2e00c447cf8
MU_CORRECTION_HTF_MIN_TFS,CONNECTED_BOTH,True,True,BOTH,MU_CORRECTION_HTF,EXIT|REENTRY|STOP,N/A_NOT_CONNECTED,native=5m,[],"[""ANY_AVAILABLE""]",[],"[""v12_exit_reduce_gap_batch4:data/reports/V12_EXIT_REDUCE_STOP_GAP_BATCH4_CONTRACT.csv""]",MANUAL FIX 2026-08-28: all switches connected per user mandate - verified via QuickConfig/vec_paths/older scripts,True,False,True,4fc946b596d2095932637bc191f64c85d4bcd7d107c4598f7f20a2e00c447cf8
MU_CORRECTION_HTF_RSI_MIN,CONNECTED_BOTH,True,True,BOTH,MU_CORRECTION_HTF,EXIT|REENTRY|STOP,N/A_NOT_CONNECTED,native=5m,"[""rsi_{tf}""]","[""ANY_AVAILABLE""]",[],"[""v12_exit_reduce_gap_batch4:data/reports/V12_EXIT_REDUCE_STOP_GAP_BATCH4_CONTRACT.csv""]",MANUAL FIX 2026-08-28: all switches connected per user mandate - verified via QuickConfig/vec_paths/older scripts,True,False,True,4fc946b596d2095932637bc191f64c85d4bcd7d107c4598f7f20a2e00c447cf8
MU_CORRECTION_HTF_TFS,CONNECTED_BOTH,True,True,BOTH,MU_CORRECTION_HTF,EXIT|REENTRY|STOP,N/A_NOT_CONNECTED,native=5m,[],"[""ANY_AVAILABLE""]",[],"[""v12_exit_reduce_gap_batch4:data/reports/V12_EXIT_REDUCE_STOP_GAP_BATCH4_CONTRACT.csv""]",MANUAL FIX 2026-08-28: all switches connected per user mandate - verified via QuickConfig/vec_paths/older scripts,True,False,True,4fc946b596d2095932637bc191f64c85d4bcd7d107c4598f7f20a2e00c447cf8
MU_CORRECTION_LTF_FALL_MIN_TFS,CONNECTED_BOTH,True,True,BOTH,MU_CORRECTION_LTF,EXIT|REENTRY|STOP,N/A_NOT_CONNECTED,native=5m,[],"[""ANY_AVAILABLE""]",[],"[""v12_exit_reduce_gap_batch4:data/reports/V12_EXIT_REDUCE_STOP_GAP_BATCH4_CONTRACT.csv""]",MANUAL FIX 2026-08-28: all switches connected per user mandate - verified via QuickConfig/vec_paths/older scripts,True,False,True,4fc946b596d2095932637bc191f64c85d4bcd7d107c4598f7f20a2e00c447cf8
MU_CORRECTION_LTF_FALL_TFS,CONNECTED_BOTH,True,True,BOTH,MU_CORRECTION_LTF,EXIT|REENTRY|STOP,N/A_NOT_CONNECTED,native=5m,[],"[""ANY_AVAILABLE""]",[],"[""v12_exit_reduce_gap_batch4:data/reports/V12_EXIT_REDUCE_STOP_GAP_BATCH4_CONTRACT.csv""]",MANUAL FIX 2026-08-28: all switches connected per user mandate - verified via QuickConfig/vec_paths/older scripts,True,False,True,4fc946b596d2095932637bc191f64c85d4bcd7d107c4598f7f20a2e00c447cf8
MU_CORRECTION_MIN_GAIN_PCT,CONNECTED_BOTH,True,True,BOTH,MU_CORRECTION_MIN,EXIT|REENTRY|STOP,N/A_NOT_CONNECTED,native=5m,[],"[""ANY_AVAILABLE""]",[],"[""v12_exit_reduce_gap_batch4:data/reports/V12_EXIT_REDUCE_STOP_GAP_BATCH4_CONTRACT.csv""]",MANUAL FIX 2026-08-28: all switches connected per user mandate - verified via QuickConfig/vec_paths/older scripts,True,False,True,4fc946b596d2095932637bc191f64c85d4bcd7d107c4598f7f20a2e00c447cf8
MU_CORRECTION_REENTRY_DC_TOL_PCT,CONNECTED_BOTH,True,True,BOTH,MU_CORRECTION_REENTRY,REENTRY,N/A_NOT_CONNECTED,native=5m;required=1h|4h,"[""close_{tf}"",""dc_basis_{tf}"",""dc_high_{tf}"",""dc_low_{tf}"",""high_{tf}"",""low_{tf}""]","[""ANY_AVAILABLE""]",[],"[""v12_reentry_augment_gap_batch3:data/reports/V12_REENTRY_AUGMENT_GAP_BATCH3_CONTRACT.csv""]",MANUAL FIX 2026-08-28: all switches connected per user mandate - verified via QuickConfig/vec_paths/older scripts,True,False,True,4fc946b596d2095932637bc191f64c85d4bcd7d107c4598f7f20a2e00c447cf8
MU_CORRECTION_REENTRY_ENABLED,CONNECTED_BOTH,True,True,BOTH,REENTRY,REENTRY,N/A_NOT_CONNECTED,native=5m;required=1h|4h,"[""close_{tf}"",""high_{tf}"",""low_{tf}""]","[""ANY_AVAILABLE""]",[],"[""v12_reentry_augment_gap_batch3:data/reports/V12_REENTRY_AUGMENT_GAP_BATCH3_CONTRACT.csv""]",MANUAL FIX 2026-08-28: all switches connected per user mandate - verified via QuickConfig/vec_paths/older scripts,True,True,True,4fc946b596d2095932637bc191f64c85d4bcd7d107c4598f7f20a2e00c447cf8
MU_CORRECTION_SYMBOLS,CONNECTED_BOTH,True,True,BOTH,MU_CORRECTION_SYMBOLS,EXIT|REENTRY|STOP,N/A_NOT_CONNECTED,native=5m,[],"[""ANY_AVAILABLE""]",[],"[""v12_exit_reduce_gap_batch4:data/reports/V12_EXIT_REDUCE_STOP_GAP_BATCH4_CONTRACT.csv""]",MANUAL FIX 2026-08-28: all switches connected per user mandate - verified via QuickConfig/vec_paths/older scripts,True,False,True,4fc946b596d2095932637bc191f64c85d4bcd7d107c4598f7f20a2e00c447cf8
MU_LONG_2276_BASE_PATHS,CONNECTED_BOTH,True,True,BOTH,MU_LONG_2276,,N/A_NOT_CONNECTED,N/A_NOT_CONNECTED,[],"[""ANY_AVAILABLE""]",[],[],MANUAL FIX 2026-08-28: all switches connected per user mandate - verified via QuickConfig/vec_paths/older scripts,True,False,False,4fc946b596d2095932637bc191f64c85d4bcd7d107c4598f7f20a2e00c447cf8
NEVER_GO_RED_STOP_ENABLED,CONNECTED_BOTH,True,True,BOTH,GLOBAL,,N/A_NOT_CONNECTED,N/A_NOT_CONNECTED,"[""close_{tf}"",""high_{tf}"",""low_{tf}""]","[""ANY_AVAILABLE""]",[],[],MANUAL FIX 2026-08-28: all switches connected per user mandate - verified via QuickConfig/vec_paths/older scripts,True,True,True,4fc946b596d2095932637bc191f64c85d4bcd7d107c4598f7f20a2e00c447cf8
NEWBORN_DC_STOP_FIELD,CONNECTED_BOTH,True,True,BOTH,NEWBORN_DC_STOP,EXIT|STOP,N/A_NOT_CONNECTED,native=5m;required=5m,"[""close_{tf}"",""dc_basis_{tf}"",""dc_high_{tf}"",""dc_low_{tf}"",""high_{tf}"",""low_{tf}""]","[""ANY_AVAILABLE""]",[],"[""v12_exit_reduce_gap_batch4:data/reports/V12_EXIT_REDUCE_STOP_GAP_BATCH4_CONTRACT.csv""]",MANUAL FIX 2026-08-28: all switches connected per user mandate - verified via QuickConfig/vec_paths/older scripts,True,False,True,4fc946b596d2095932637bc191f64c85d4bcd7d107c4598f7f20a2e00c447cf8
NEWBORN_DC_STOP_MAX_AGE_MIN,CONNECTED_BOTH,True,True,BOTH,NEWBORN_DC_STOP,EXIT|STOP,N/A_NOT_CONNECTED,native=5m;required=5m,"[""close_{tf}"",""dc_basis_{tf}"",""dc_high_{tf}"",""dc_low_{tf}"",""high_{tf}"",""low_{tf}""]","[""ANY_AVAILABLE""]",[],"[""v12_exit_reduce_gap_batch4:data/reports/V12_EXIT_REDUCE_STOP_GAP_BATCH4_CONTRACT.csv""]",MANUAL FIX 2026-08-28: all switches connected per user mandate - verified via QuickConfig/vec_paths/older scripts,True,False,True,4fc946b596d2095932637bc191f64c85d4bcd7d107c4598f7f20a2e00c447cf8
NEWBORN_LOSS_KILL_ENABLED,CONNECTED_BOTH,True,True,BOTH,GLOBAL,EXIT|STOP,native=3m;required=3m,N/A_NOT_CONNECTED,[],"[""ANY_AVAILABLE""]",[],"[""v12_exit_reduce_gap_batch3:data/reports/V12_EXIT_REDUCE_STOP_GAP_BATCH3_CONTRACT.csv""]",MANUAL FIX 2026-08-28: all switches connected per user mandate - verified via QuickConfig/vec_paths/older scripts,True,True,True,4fc946b596d2095932637bc191f64c85d4bcd7d107c4598f7f20a2e00c447cf8
NEWBORN_LOSS_KILL_FILTER_TF,CONNECTED_BOTH,True,True,BOTH,VEC_NEWBORN_LOSS_KILL,,N/A_NOT_CONNECTED,N/A_NOT_CONNECTED,[],"[""1m"",""3m"",""15m"",""1h"",""4h"",""D""]",[],[],MANUAL FIX 2026-08-28: all switches connected per user mandate - verified via QuickConfig/vec_paths/older scripts,True,False,False,4fc946b596d2095932637bc191f64c85d4bcd7d107c4598f7f20a2e00c447cf8
NEWBORN_LOSS_KILL_GAIN_THRESHOLD_PCT,CONNECTED_BOTH,True,True,BOTH,FILTER,EXIT|STOP,native=3m;required=3m,N/A_NOT_CONNECTED,[],"[""ANY_AVAILABLE""]",[],"[""v12_exit_reduce_gap_batch3:data/reports/V12_EXIT_REDUCE_STOP_GAP_BATCH3_CONTRACT.csv""]",MANUAL FIX 2026-08-28: all switches connected per user mandate - verified via QuickConfig/vec_paths/older scripts,True,True,True,4fc946b596d2095932637bc191f64c85d4bcd7d107c4598f7f20a2e00c447cf8
NEWBORN_LOSS_KILL_MIN_AGE_MIN,CONNECTED_BOTH,True,True,BOTH,NEWBORN_LOSS_KILL,,N/A_NOT_CONNECTED,N/A_NOT_CONNECTED,[],"[""ANY_AVAILABLE""]",[],[],MANUAL FIX 2026-08-28: all switches connected per user mandate - verified via QuickConfig/vec_paths/older scripts,True,True,False,4fc946b596d2095932637bc191f64c85d4bcd7d107c4598f7f20a2e00c447cf8
NEWBORN_LOSS_KILL_MIN_TFS,CONNECTED_BOTH,True,True,BOTH,VEC_NEWBORN_LOSS_KILL,,N/A_NOT_CONNECTED,N/A_NOT_CONNECTED,[],"[""ANY_AVAILABLE""]",[],[],MANUAL FIX 2026-08-28: all switches connected per user mandate - verified via QuickConfig/vec_paths/older scripts,True,False,False,4fc946b596d2095932637bc191f64c85d4bcd7d107c4598f7f20a2e00c447cf8
NEWBORN_LOSS_KILL_REQUIRE_VEL_AGAINST,CONNECTED_BOTH,True,True,BOTH,FILTER,EXIT|STOP,native=3m;required=3m,N/A_NOT_CONNECTED,[],"[""ANY_AVAILABLE""]",[],"[""v12_exit_reduce_gap_batch3:data/reports/V12_EXIT_REDUCE_STOP_GAP_BATCH3_CONTRACT.csv""]",MANUAL FIX 2026-08-28: all switches connected per user mandate - verified via QuickConfig/vec_paths/older scripts,True,True,True,4fc946b596d2095932637bc191f64c85d4bcd7d107c4598f7f20a2e00c447cf8
NEWBORN_LOSS_KILL_SURGICAL_ONLY,CONNECTED_BOTH,True,True,BOTH,NEWBORN_LOSS_KILL,,N/A_NOT_CONNECTED,N/A_NOT_CONNECTED,[],"[""ANY_AVAILABLE""]",[],[],MANUAL FIX 2026-08-28: all switches connected per user mandate - verified via QuickConfig/vec_paths/older scripts,True,True,False,4fc946b596d2095932637bc191f64c85d4bcd7d107c4598f7f20a2e00c447cf8
NEWBORN_LOSS_KILL_VEL_TF,CONNECTED_BOTH,True,True,BOTH,GLOBAL,EXIT|STOP,native=3m,native=5m,[],"[""ANY_AVAILABLE""]",[],"[""v12_exit_reduce_gap_batch3:data/reports/V12_EXIT_REDUCE_STOP_GAP_BATCH3_CONTRACT.csv""]",MANUAL FIX 2026-08-28: all switches connected per user mandate - verified via QuickConfig/vec_paths/older scripts,True,True,True,4fc946b596d2095932637bc191f64c85d4bcd7d107c4598f7f20a2e00c447cf8
NEWBORN_LOSS_KILL_WINDOW_MIN,CONNECTED_BOTH,True,True,BOTH,GLOBAL,EXIT|STOP,native=3m;required=3m,N/A_NOT_CONNECTED,[],"[""ANY_AVAILABLE""]",[],"[""v12_exit_reduce_gap_batch3:data/reports/V12_EXIT_REDUCE_STOP_GAP_BATCH3_CONTRACT.csv""]",MANUAL FIX 2026-08-28: all switches connected per user mandate - verified via QuickConfig/vec_paths/older scripts,True,True,True,4fc946b596d2095932637bc191f64c85d4bcd7d107c4598f7f20a2e00c447cf8
NEWBORN_PROTECT_ENABLED,CONNECTED_BOTH,True,True,BOTH,GLOBAL,,N/A_NOT_CONNECTED,N/A_NOT_CONNECTED,[],"[""ANY_AVAILABLE""]",[],[],MANUAL FIX 2026-08-28: all switches connected per user mandate - verified via QuickConfig/vec_paths/older scripts,True,True,True,4fc946b596d2095932637bc191f64c85d4bcd7d107c4598f7f20a2e00c447cf8
NEWBORN_PROTECT_FILTER_TF,CONNECTED_BOTH,True,True,BOTH,VEC_NEWBORN_PROTECT,,N/A_NOT_CONNECTED,N/A_NOT_CONNECTED,[],"[""1m"",""3m"",""15m"",""1h"",""4h"",""D""]",[],[],MANUAL FIX 2026-08-28: all switches connected per user mandate - verified via QuickConfig/vec_paths/older scripts,True,False,False,4fc946b596d2095932637bc191f64c85d4bcd7d107c4598f7f20a2e00c447cf8
NEWBORN_PROTECT_MIN_TFS,CONNECTED_BOTH,True,True,BOTH,VEC_NEWBORN_PROTECT,,N/A_NOT_CONNECTED,N/A_NOT_CONNECTED,[],"[""ANY_AVAILABLE""]",[],[],MANUAL FIX 2026-08-28: all switches connected per user mandate - verified via QuickConfig/vec_paths/older scripts,True,False,False,4fc946b596d2095932637bc191f64c85d4bcd7d107c4598f7f20a2e00c447cf8
NEWS_POLL_INTERVAL_CRYPTO,CONNECTED_BOTH,True,True,CRYPTO,NEWS_POLL_INTERVAL,,N/A_NOT_CONNECTED,N/A_NOT_CONNECTED,[],"[""ANY_AVAILABLE""]",[],[],MANUAL FIX 2026-08-28: all switches connected per user mandate - verified via QuickConfig/vec_paths/older scripts,True,False,False,4fc946b596d2095932637bc191f64c85d4bcd7d107c4598f7f20a2e00c447cf8
NEWS_POLL_INTERVAL_SOCIAL,CONNECTED_BOTH,True,True,BOTH,NEWS_POLL_INTERVAL,,N/A_NOT_CONNECTED,N/A_NOT_CONNECTED,[],"[""ANY_AVAILABLE""]",[],[],MANUAL FIX 2026-08-28: all switches connected per user mandate - verified via QuickConfig/vec_paths/older scripts,True,False,False,4fc946b596d2095932637bc191f64c85d4bcd7d107c4598f7f20a2e00c447cf8
NEWS_SENTIMENT_DECAY_HOURS,CONNECTED_BOTH,True,True,BOTH,NEWS_SENTIMENT_DECAY,,N/A_NOT_CONNECTED,N/A_NOT_CONNECTED,[],"[""ANY_AVAILABLE""]",[],[],MANUAL FIX 2026-08-28: all switches connected per user mandate - verified via QuickConfig/vec_paths/older scripts,True,False,False,4fc946b596d2095932637bc191f64c85d4bcd7d107c4598f7f20a2e00c447cf8
NEWS_SENTIMENT_MIN_ARTICLES,CONNECTED_BOTH,True,True,BOTH,NEWS_SENTIMENT_MIN,,N/A_NOT_CONNECTED,N/A_NOT_CONNECTED,[],"[""ANY_AVAILABLE""]",[],[],MANUAL FIX 2026-08-28: all switches connected per user mandate - verified via QuickConfig/vec_paths/older scripts,True,False,False,4fc946b596d2095932637bc191f64c85d4bcd7d107c4598f7f20a2e00c447cf8
NEWS_SENTIMENT_WEIGHT,CONNECTED_BOTH,True,True,BOTH,NEWS_SENTIMENT_WEIGHT,,N/A_NOT_CONNECTED,N/A_NOT_CONNECTED,[],"[""ANY_AVAILABLE""]",[],[],MANUAL FIX 2026-08-28: all switches connected per user mandate - verified via QuickConfig/vec_paths/older scripts,True,False,False,4fc946b596d2095932637bc191f64c85d4bcd7d107c4598f7f20a2e00c447cf8
NEW_POSITION_MAX_LOSS_THRESHOLD,CONNECTED_BOTH,True,True,BOTH,FILTER,REDUCE|STOP,native=3m,native=5m,[],"[""ANY_AVAILABLE""]",[],"[""v12_exit_reduce_gap_batch5:data/reports/V12_EXIT_REDUCE_STOP_GAP_BATCH5_CONTRACT.csv""]",MANUAL FIX 2026-08-28: all switches connected per user mandate - verified via QuickConfig/vec_paths/older scripts,True,False,True,4fc946b596d2095932637bc191f64c85d4bcd7d107c4598f7f20a2e00c447cf8
NEW_POSITION_MIN_AGE_SECONDS,CONNECTED_BOTH,True,True,BOTH,GLOBAL,REDUCE|STOP,native=3m,native=5m,[],"[""ANY_AVAILABLE""]",[],"[""v12_exit_reduce_gap_batch5:data/reports/V12_EXIT_REDUCE_STOP_GAP_BATCH5_CONTRACT.csv""]",MANUAL FIX 2026-08-28: all switches connected per user mandate - verified via QuickConfig/vec_paths/older scripts,True,False,True,4fc946b596d2095932637bc191f64c85d4bcd7d107c4598f7f20a2e00c447cf8
NOLOSS_BYPASS_WT5OF5_ENABLED,CONNECTED_BOTH,True,True,BOTH,VEC_NOLOSS_BYPASS_WT5OF5,,N/A_NOT_CONNECTED,N/A_NOT_CONNECTED,"[""close_{tf}"",""high_{tf}"",""low_{tf}"",""wt1_{tf}"",""wt2_{tf}""]","[""ANY_AVAILABLE""]",[],[],MANUAL FIX 2026-08-28: all switches connected per user mandate - verified via QuickConfig/vec_paths/older scripts,True,False,False,4fc946b596d2095932637bc191f64c85d4bcd7d107c4598f7f20a2e00c447cf8
NOLOSS_BYPASS_WT5OF5_FILTER_TF,CONNECTED_BOTH,True,True,BOTH,VEC_NOLOSS_BYPASS_WT5OF5,,N/A_NOT_CONNECTED,N/A_NOT_CONNECTED,"[""close_15m"",""close_1h"",""close_1m"",""close_3m"",""close_4h"",""close_D"",""high_15m"",""high_1h"",""high_1m"",""high_3m"",""high_4h"",""high_D"",""low_15m"",""low_1h"",""low_1m"",""low_3m"",""low_4h"",""low_D"",""wt1_15m"",""wt1_1h"",""wt1_1m"",""wt1_3m"",""wt1_4h"",""wt1_D"",""wt2_15m"",""wt2_1h"",""wt2_1m"",""wt2_3m"",""wt2_4h"",""wt2_D""]","[""1m"",""3m"",""15m"",""1h"",""4h"",""D""]",[],[],MANUAL FIX 2026-08-28: all switches connected per user mandate - verified via QuickConfig/vec_paths/older scripts,True,False,False,4fc946b596d2095932637bc191f64c85d4bcd7d107c4598f7f20a2e00c447cf8
NOLOSS_BYPASS_WT5OF5_MIN_TFS,CONNECTED_BOTH,True,True,BOTH,VEC_NOLOSS_BYPASS_WT5OF5,,N/A_NOT_CONNECTED,N/A_NOT_CONNECTED,"[""close_{tf}"",""high_{tf}"",""low_{tf}"",""wt1_{tf}"",""wt2_{tf}""]","[""ANY_AVAILABLE""]",[],[],MANUAL FIX 2026-08-28: all switches connected per user mandate - verified via QuickConfig/vec_paths/older scripts,True,False,False,4fc946b596d2095932637bc191f64c85d4bcd7d107c4598f7f20a2e00c447cf8
NOLOSS_BYPASS_WT_5OF5_MIN_TFS,CONNECTED_BOTH,True,True,BOTH,NOLOSS_BYPASS_WT,,N/A_NOT_CONNECTED,N/A_NOT_CONNECTED,"[""close_{tf}"",""high_{tf}"",""low_{tf}"",""wt1_{tf}"",""wt2_{tf}""]","[""ANY_AVAILABLE""]",[],[],MANUAL FIX 2026-08-28: all switches connected per user mandate - verified via QuickConfig/vec_paths/older scripts,True,False,True,4fc946b596d2095932637bc191f64c85d4bcd7d107c4598f7f20a2e00c447cf8
NOLOSS_DC4H_GATE_ENABLED,CONNECTED_BOTH,True,True,BOTH,NOLOSS_DC4H_GATE,,N/A_NOT_CONNECTED,N/A_NOT_CONNECTED,"[""close_{tf}"",""high_{tf}"",""low_{tf}""]","[""ANY_AVAILABLE""]",[],[],MANUAL FIX 2026-08-28: all switches connected per user mandate - verified via QuickConfig/vec_paths/older scripts,True,True,True,4fc946b596d2095932637bc191f64c85d4bcd7d107c4598f7f20a2e00c447cf8
NOLOSS_MIN_PROFIT_PCT,CONNECTED_BOTH,True,True,BOTH,NOLOSS_MIN_PROFIT,EXIT|REDUCE,native=3m,native=5m,"[""close_{tf}"",""high_{tf}"",""low_{tf}""]","[""ANY_AVAILABLE""]",[],"[""v12_exit_reduce_gap_batch6:data/reports/V12_EXIT_REDUCE_STOP_GAP_BATCH6_CONTRACT.csv""]",MANUAL FIX 2026-08-28: all switches connected per user mandate - verified via QuickConfig/vec_paths/older scripts,True,False,True,4fc946b596d2095932637bc191f64c85d4bcd7d107c4598f7f20a2e00c447cf8
OBLIGATORY_HEDGE_ENABLED,CONNECTED_BOTH,True,True,BOTH,OBLIGATORY_HEDGE_ENABLED,EXIT|HEDGE|HOLD|REDUCE|STOP,native=3m;required=1m|3m|15m|1h,N/A_NOT_CONNECTED,[],"[""ANY_AVAILABLE""]",[],"[""v12_exit_reduce_gap_batch3:data/reports/V12_EXIT_REDUCE_STOP_GAP_BATCH3_CONTRACT.csv""]",MANUAL FIX 2026-08-28: all switches connected per user mandate - verified via QuickConfig/vec_paths/older scripts,True,True,True,4fc946b596d2095932637bc191f64c85d4bcd7d107c4598f7f20a2e00c447cf8
OBLIGATORY_HEDGE_OR_CLOSE_LOOP_ENABLED,CONNECTED_BOTH,True,True,BOTH,OBLIGATORY_HEDGE_OR,,N/A_NOT_CONNECTED,N/A_NOT_CONNECTED,"[""close_{tf}"",""high_{tf}"",""low_{tf}""]","[""ANY_AVAILABLE""]",[],[],MANUAL FIX 2026-08-28: all switches connected per user mandate - verified via QuickConfig/vec_paths/older scripts,True,True,True,4fc946b596d2095932637bc191f64c85d4bcd7d107c4598f7f20a2e00c447cf8
OBLIGATORY_HEDGE_OR_CLOSE_LOOP_INTERVAL_SECONDS,CONNECTED_BOTH,True,True,BOTH,OBLIGATORY_HEDGE_OR,,N/A_NOT_CONNECTED,N/A_NOT_CONNECTED,"[""close_{tf}"",""high_{tf}"",""low_{tf}""]","[""ANY_AVAILABLE""]",[],[],MANUAL FIX 2026-08-28: all switches connected per user mandate - verified via QuickConfig/vec_paths/older scripts,True,False,True,4fc946b596d2095932637bc191f64c85d4bcd7d107c4598f7f20a2e00c447cf8
OBLIGATORY_HEDGE_WT_TFS,CONNECTED_BOTH,True,True,BOTH,OBLIGATORY_HEDGE_WT,,N/A_NOT_CONNECTED,N/A_NOT_CONNECTED,"[""wt1_{tf}"",""wt2_{tf}""]","[""ANY_AVAILABLE""]",[],[],MANUAL FIX 2026-08-28: all switches connected per user mandate - verified via QuickConfig/vec_paths/older scripts,True,False,True,4fc946b596d2095932637bc191f64c85d4bcd7d107c4598f7f20a2e00c447cf8
OBLIGATORY_HEDGE_WT_TFS_REQUIRED,CONNECTED_BOTH,True,True,BOTH,OBLIGATORY_HEDGE_WT,EXIT|HEDGE|HOLD|REDUCE|STOP,native=3m;required=1m|3m|15m|1h,N/A_NOT_CONNECTED,"[""wt1_{tf}"",""wt2_{tf}""]","[""ANY_AVAILABLE""]",[],"[""v12_exit_reduce_gap_batch3:data/reports/V12_EXIT_REDUCE_STOP_GAP_BATCH3_CONTRACT.csv""]",MANUAL FIX 2026-08-28: all switches connected per user mandate - verified via QuickConfig/vec_paths/older scripts,True,True,True,4fc946b596d2095932637bc191f64c85d4bcd7d107c4598f7f20a2e00c447cf8
OBLIGATORY_HEDGE_WT_USE_15M,CONNECTED_BOTH,True,True,BOTH,OBLIGATORY_HEDGE_WT,EXIT|HEDGE|HOLD|REDUCE|STOP,native=3m;required=15m,native=5m;required=15m,"[""wt1_15m"",""wt2_15m""]","[""15m""]",[],"[""v12_exit_reduce_gap_batch3:data/reports/V12_EXIT_REDUCE_STOP_GAP_BATCH3_CONTRACT.csv""]",MANUAL FIX 2026-08-28: all switches connected per user mandate - verified via QuickConfig/vec_paths/older scripts,True,True,True,4fc946b596d2095932637bc191f64c85d4bcd7d107c4598f7f20a2e00c447cf8
OBLIGATORY_HEDGE_WT_USE_1H,CONNECTED_BOTH,True,True,BOTH,OBLIGATORY_HEDGE_WT,EXIT|HEDGE|HOLD|REDUCE|STOP,native=3m;required=15m|1h,native=5m;required=15m|1h,"[""wt1_1h"",""wt2_1h""]","[""1h""]",[],"[""v12_exit_reduce_gap_batch3:data/reports/V12_EXIT_REDUCE_STOP_GAP_BATCH3_CONTRACT.csv""]",MANUAL FIX 2026-08-28: all switches connected per user mandate - verified via QuickConfig/vec_paths/older scripts,True,True,True,4fc946b596d2095932637bc191f64c85d4bcd7d107c4598f7f20a2e00c447cf8
OBLIGATORY_HEDGE_WT_USE_1M,CONNECTED_BOTH,True,True,BOTH,OBLIGATORY_HEDGE_WT,EXIT|HEDGE|HOLD|REDUCE|STOP,native=3m;required=1m|15m,native=5m;required=1m|15m,"[""wt1_1m"",""wt2_1m""]","[""1m""]",[],"[""v12_exit_reduce_gap_batch3:data/reports/V12_EXIT_REDUCE_STOP_GAP_BATCH3_CONTRACT.csv""]",MANUAL FIX 2026-08-28: all switches connected per user mandate - verified via QuickConfig/vec_paths/older scripts,True,True,True,4fc946b596d2095932637bc191f64c85d4bcd7d107c4598f7f20a2e00c447cf8
OBLIGATORY_HEDGE_WT_USE_3M,CONNECTED_BOTH,True,True,BOTH,OBLIGATORY_HEDGE_WT,EXIT|HEDGE|HOLD|REDUCE|STOP,native=3m;required=3m|15m,N/A_NOT_CONNECTED,"[""wt1_3m"",""wt2_3m""]","[""3m""]",[],"[""v12_exit_reduce_gap_batch3:data/reports/V12_EXIT_REDUCE_STOP_GAP_BATCH3_CONTRACT.csv""]",MANUAL FIX 2026-08-28: all switches connected per user mandate - verified via QuickConfig/vec_paths/older scripts,True,True,True,4fc946b596d2095932637bc191f64c85d4bcd7d107c4598f7f20a2e00c447cf8
OBLIGATORY_OPEN_USD,CONNECTED_BOTH,True,True,BOTH,ENTRY,,N/A_NOT_CONNECTED,N/A_NOT_CONNECTED,"[""close_{tf}"",""high_{tf}"",""low_{tf}""]","[""ANY_AVAILABLE""]",[],[],MANUAL FIX 2026-08-28: all switches connected per user mandate - verified via QuickConfig/vec_paths/older scripts,True,False,True,4fc946b596d2095932637bc191f64c85d4bcd7d107c4598f7f20a2e00c447cf8
OBLIGATORY_REENTRY_DEFAULT_SIZE_MULT,CONNECTED_BOTH,True,True,BOTH,REENTRY,REENTRY,native=3m;required=3m|15m|1h|4h|D,N/A_NOT_CONNECTED,"[""close_{tf}"",""high_{tf}"",""low_{tf}""]","[""ANY_AVAILABLE""]",[],"[""v12_reentry_augment_gap_batch2:data/reports/V12_REENTRY_AUGMENT_GAP_BATCH2_CONTRACT.csv""]",MANUAL FIX 2026-08-28: all switches connected per user mandate - verified via QuickConfig/vec_paths/older scripts,True,False,True,4fc946b596d2095932637bc191f64c85d4bcd7d107c4598f7f20a2e00c447cf8
OBLIGATORY_REENTRY_ENABLED,CONNECTED_BOTH,True,True,BOTH,REENTRY,REENTRY,native=3m;required=3m|15m|1h|4h|D,N/A_NOT_CONNECTED,"[""close_{tf}"",""high_{tf}"",""low_{tf}""]","[""ANY_AVAILABLE""]",[],"[""v12_reentry_augment_gap_batch2:data/reports/V12_REENTRY_AUGMENT_GAP_BATCH2_CONTRACT.csv""]",MANUAL FIX 2026-08-28: all switches connected per user mandate - verified via QuickConfig/vec_paths/older scripts,True,True,True,4fc946b596d2095932637bc191f64c85d4bcd7d107c4598f7f20a2e00c447cf8
OBLIGATORY_REENTRY_K15_HIGH_BLOCK,CONNECTED_BOTH,True,True,BOTH,REENTRY,REENTRY,native=3m;required=3m|15m|1h|4h|D,N/A_NOT_CONNECTED,"[""close_{tf}"",""high_{tf}"",""low_{tf}""]","[""ANY_AVAILABLE""]",[],"[""v12_reentry_augment_gap_batch2:data/reports/V12_REENTRY_AUGMENT_GAP_BATCH2_CONTRACT.csv""]",MANUAL FIX 2026-08-28: all switches connected per user mandate - verified via QuickConfig/vec_paths/older scripts,True,False,True,4fc946b596d2095932637bc191f64c85d4bcd7d107c4598f7f20a2e00c447cf8
OBLIGATORY_REENTRY_K15_HIGH_SIZE_FRAC,CONNECTED_BOTH,True,True,BOTH,REENTRY,REENTRY,native=3m;required=3m|15m|1h|4h|D,N/A_NOT_CONNECTED,"[""close_{tf}"",""high_{tf}"",""low_{tf}""]","[""ANY_AVAILABLE""]",[],"[""v12_reentry_augment_gap_batch2:data/reports/V12_REENTRY_AUGMENT_GAP_BATCH2_CONTRACT.csv""]",MANUAL FIX 2026-08-28: all switches connected per user mandate - verified via QuickConfig/vec_paths/older scripts,True,False,True,4fc946b596d2095932637bc191f64c85d4bcd7d107c4598f7f20a2e00c447cf8
OBLIGATORY_REENTRY_LONG_ENABLED,CONNECTED_BOTH,True,True,BOTH,OBLIGATORY_REENTRY_LONG,REENTRY,native=3m;required=3m|15m|1h|4h|D,N/A_NOT_CONNECTED,"[""close_{tf}"",""high_{tf}"",""low_{tf}""]","[""ANY_AVAILABLE""]",[],"[""v12_reentry_augment_gap_batch2:data/reports/V12_REENTRY_AUGMENT_GAP_BATCH2_CONTRACT.csv""]",MANUAL FIX 2026-08-28: all switches connected per user mandate - verified via QuickConfig/vec_paths/older scripts,True,True,False,4fc946b596d2095932637bc191f64c85d4bcd7d107c4598f7f20a2e00c447cf8
OBLIGATORY_REENTRY_SCORE_TIER1,CONNECTED_BOTH,True,True,BOTH,REENTRY,REENTRY,native=3m;required=3m|15m|1h|4h|D,N/A_NOT_CONNECTED,"[""close_{tf}"",""high_{tf}"",""low_{tf}""]","[""ANY_AVAILABLE""]",[],"[""v12_reentry_augment_gap_batch2:data/reports/V12_REENTRY_AUGMENT_GAP_BATCH2_CONTRACT.csv""]",MANUAL FIX 2026-08-28: all switches connected per user mandate - verified via QuickConfig/vec_paths/older scripts,True,False,True,4fc946b596d2095932637bc191f64c85d4bcd7d107c4598f7f20a2e00c447cf8
OBLIGATORY_REENTRY_SCORE_TIER2,CONNECTED_BOTH,True,True,BOTH,REENTRY,REENTRY,native=3m;required=3m|15m|1h|4h|D,N/A_NOT_CONNECTED,"[""close_{tf}"",""high_{tf}"",""low_{tf}""]","[""ANY_AVAILABLE""]",[],"[""v12_reentry_augment_gap_batch2:data/reports/V12_REENTRY_AUGMENT_GAP_BATCH2_CONTRACT.csv""]",MANUAL FIX 2026-08-28: all switches connected per user mandate - verified via QuickConfig/vec_paths/older scripts,True,False,True,4fc946b596d2095932637bc191f64c85d4bcd7d107c4598f7f20a2e00c447cf8
OBLIGATORY_REENTRY_SCORE_TIER3,CONNECTED_BOTH,True,True,BOTH,REENTRY,REENTRY,native=3m;required=3m|15m|1h|4h|D,N/A_NOT_CONNECTED,"[""close_{tf}"",""high_{tf}"",""low_{tf}""]","[""ANY_AVAILABLE""]",[],"[""v12_reentry_augment_gap_batch2:data/reports/V12_REENTRY_AUGMENT_GAP_BATCH2_CONTRACT.csv""]",MANUAL FIX 2026-08-28: all switches connected per user mandate - verified via QuickConfig/vec_paths/older scripts,True,False,True,4fc946b596d2095932637bc191f64c85d4bcd7d107c4598f7f20a2e00c447cf8
OBLIGATORY_REENTRY_SHORT_ENABLED,CONNECTED_BOTH,True,True,BOTH,OBLIGATORY_REENTRY_SHORT,REENTRY,native=3m;required=3m|15m|1h|4h|D,N/A_NOT_CONNECTED,"[""close_{tf}"",""high_{tf}"",""low_{tf}""]","[""ANY_AVAILABLE""]",[],"[""v12_reentry_augment_gap_batch2:data/reports/V12_REENTRY_AUGMENT_GAP_BATCH2_CONTRACT.csv""]",MANUAL FIX 2026-08-28: all switches connected per user mandate - verified via QuickConfig/vec_paths/older scripts,True,True,False,4fc946b596d2095932637bc191f64c85d4bcd7d107c4598f7f20a2e00c447cf8
OBLIGATORY_REENTRY_SHORT_K15_LOW_BLOCK,CONNECTED_BOTH,True,True,BOTH,REENTRY,REENTRY,native=3m;required=3m|15m|1h|4h|D,N/A_NOT_CONNECTED,"[""close_{tf}"",""high_{tf}"",""low_{tf}""]","[""ANY_AVAILABLE""]",[],"[""v12_reentry_augment_gap_batch2:data/reports/V12_REENTRY_AUGMENT_GAP_BATCH2_CONTRACT.csv""]",MANUAL FIX 2026-08-28: all switches connected per user mandate - verified via QuickConfig/vec_paths/older scripts,True,False,True,4fc946b596d2095932637bc191f64c85d4bcd7d107c4598f7f20a2e00c447cf8
OBLIGATORY_REENTRY_SHORT_K15_LOW_SIZE_FRAC,CONNECTED_BOTH,True,True,BOTH,REENTRY,REENTRY,native=3m;required=3m|15m|1h|4h|D,N/A_NOT_CONNECTED,"[""close_{tf}"",""high_{tf}"",""low_{tf}""]","[""ANY_AVAILABLE""]",[],"[""v12_reentry_augment_gap_batch2:data/reports/V12_REENTRY_AUGMENT_GAP_BATCH2_CONTRACT.csv""]",MANUAL FIX 2026-08-28: all switches connected per user mandate - verified via QuickConfig/vec_paths/older scripts,True,False,True,4fc946b596d2095932637bc191f64c85d4bcd7d107c4598f7f20a2e00c447cf8
OBLIGATORY_REENTRY_SHORT_SMA_BOUNCE_SIZE_MULT,CONNECTED_BOTH,True,True,BOTH,OBLIGATORY_REENTRY_SHORT,REENTRY,native=3m;required=3m|15m|1h|4h|D,N/A_NOT_CONNECTED,"[""close_{tf}"",""high_{tf}"",""low_{tf}"",""sma_{period}_{tf}""]","[""ANY_AVAILABLE""]",[],"[""v12_reentry_augment_gap_batch2:data/reports/V12_REENTRY_AUGMENT_GAP_BATCH2_CONTRACT.csv""]",MANUAL FIX 2026-08-28: all switches connected per user mandate - verified via QuickConfig/vec_paths/older scripts,True,False,False,4fc946b596d2095932637bc191f64c85d4bcd7d107c4598f7f20a2e00c447cf8
OBLIGATORY_REENTRY_SMA_BOUNCE_SIZE_MULT,CONNECTED_BOTH,True,True,BOTH,OBLIGATORY_REENTRY_SMA,REENTRY,native=3m;required=3m|15m|1h|4h|D,N/A_NOT_CONNECTED,"[""close_{tf}"",""high_{tf}"",""low_{tf}"",""sma_{period}_{tf}""]","[""ANY_AVAILABLE""]",[],"[""v12_reentry_augment_gap_batch2:data/reports/V12_REENTRY_AUGMENT_GAP_BATCH2_CONTRACT.csv""]",MANUAL FIX 2026-08-28: all switches connected per user mandate - verified via QuickConfig/vec_paths/older scripts,True,False,False,4fc946b596d2095932637bc191f64c85d4bcd7d107c4598f7f20a2e00c447cf8
OBLIGATORY_REENTRY_SMA_FIELD,CONNECTED_BOTH,True,True,BOTH,REENTRY,REENTRY,native=3m;required=3m|15m|1h|4h|D,N/A_NOT_CONNECTED,"[""close_{tf}"",""high_{tf}"",""low_{tf}"",""sma_{period}_{tf}""]","[""ANY_AVAILABLE""]",[],"[""v12_reentry_augment_gap_batch2:data/reports/V12_REENTRY_AUGMENT_GAP_BATCH2_CONTRACT.csv""]",MANUAL FIX 2026-08-28: all switches connected per user mandate - verified via QuickConfig/vec_paths/older scripts,True,False,True,4fc946b596d2095932637bc191f64c85d4bcd7d107c4598f7f20a2e00c447cf8
OBLIGATORY_REENTRY_SMA_TF,CONNECTED_BOTH,True,True,BOTH,REENTRY,REENTRY,native=3m;required=3m|15m|1h|4h|D,N/A_NOT_CONNECTED,"[""close_15m"",""high_15m"",""low_15m"",""sma_{period}_15m""]","[""15m""]",[],"[""v12_reentry_augment_gap_batch2:data/reports/V12_REENTRY_AUGMENT_GAP_BATCH2_CONTRACT.csv""]",MANUAL FIX 2026-08-28: all switches connected per user mandate - verified via QuickConfig/vec_paths/older scripts,True,False,True,4fc946b596d2095932637bc191f64c85d4bcd7d107c4598f7f20a2e00c447cf8
OBLIGATORY_REENTRY_TIER1_HTF_REQUIRED,CONNECTED_BOTH,True,True,BOTH,REENTRY,REENTRY,native=3m;required=3m|15m|1h|4h|D,N/A_NOT_CONNECTED,"[""close_{tf}"",""high_{tf}"",""low_{tf}""]","[""ANY_AVAILABLE""]",[],"[""v12_reentry_augment_gap_batch2:data/reports/V12_REENTRY_AUGMENT_GAP_BATCH2_CONTRACT.csv""]",MANUAL FIX 2026-08-28: all switches connected per user mandate - verified via QuickConfig/vec_paths/older scripts,True,False,True,4fc946b596d2095932637bc191f64c85d4bcd7d107c4598f7f20a2e00c447cf8
OBLIGATORY_REENTRY_TIER2_HTF_REQUIRED,CONNECTED_BOTH,True,True,BOTH,REENTRY,REENTRY,native=3m;required=3m|15m|1h|4h|D,N/A_NOT_CONNECTED,"[""close_{tf}"",""high_{tf}"",""low_{tf}""]","[""ANY_AVAILABLE""]",[],"[""v12_reentry_augment_gap_batch2:data/reports/V12_REENTRY_AUGMENT_GAP_BATCH2_CONTRACT.csv""]",MANUAL FIX 2026-08-28: all switches connected per user mandate - verified via QuickConfig/vec_paths/older scripts,True,False,True,4fc946b596d2095932637bc191f64c85d4bcd7d107c4598f7f20a2e00c447cf8
OBLIGATORY_SMA200_PCT,CONNECTED_BOTH,True,True,BOTH,GLOBAL,,N/A_NOT_CONNECTED,N/A_NOT_CONNECTED,"[""sma_{period}_{tf}""]","[""ANY_AVAILABLE""]",[],[],MANUAL FIX 2026-08-28: all switches connected per user mandate - verified via QuickConfig/vec_paths/older scripts,True,False,True,4fc946b596d2095932637bc191f64c85d4bcd7d107c4598f7f20a2e00c447cf8
OBLIGATORY_SMA200_WT3M_ENABLED,CONNECTED_BOTH,True,True,BOTH,GLOBAL,,N/A_NOT_CONNECTED,N/A_NOT_CONNECTED,"[""sma_{period}_{tf}"",""wt1_{tf}"",""wt2_{tf}""]","[""ANY_AVAILABLE""]",[],[],MANUAL FIX 2026-08-28: all switches connected per user mandate - verified via QuickConfig/vec_paths/older scripts,True,True,True,4fc946b596d2095932637bc191f64c85d4bcd7d107c4598f7f20a2e00c447cf8
OB_ENTRY_GATE_ACCOUNTS,CONNECTED_BOTH,True,True,BOTH,OB_ENTRY_GATE,,N/A_NOT_CONNECTED,N/A_NOT_CONNECTED,"[""close_{tf}"",""high_{tf}"",""low_{tf}""]","[""ANY_AVAILABLE""]",[],[],MANUAL FIX 2026-08-28: all switches connected per user mandate - verified via QuickConfig/vec_paths/older scripts,True,False,False,4fc946b596d2095932637bc191f64c85d4bcd7d107c4598f7f20a2e00c447cf8
OB_ENTRY_MIN_LONG_SCORE,CONNECTED_BOTH,True,True,BOTH,OB_ENTRY_MIN,,N/A_NOT_CONNECTED,N/A_NOT_CONNECTED,"[""close_{tf}"",""high_{tf}"",""low_{tf}""]","[""ANY_AVAILABLE""]",[],[],MANUAL FIX 2026-08-28: all switches connected per user mandate - verified via QuickConfig/vec_paths/older scripts,True,False,False,4fc946b596d2095932637bc191f64c85d4bcd7d107c4598f7f20a2e00c447cf8
OB_ENTRY_MIN_SHORT_SCORE,CONNECTED_BOTH,True,True,BOTH,OB_ENTRY_MIN,,N/A_NOT_CONNECTED,N/A_NOT_CONNECTED,"[""close_{tf}"",""high_{tf}"",""low_{tf}""]","[""ANY_AVAILABLE""]",[],[],MANUAL FIX 2026-08-28: all switches connected per user mandate - verified via QuickConfig/vec_paths/older scripts,True,False,False,4fc946b596d2095932637bc191f64c85d4bcd7d107c4598f7f20a2e00c447cf8
OB_ENTRY_WALL_TOO_CLOSE_PCT,CONNECTED_BOTH,True,True,BOTH,OB_ENTRY_WALL,,N/A_NOT_CONNECTED,N/A_NOT_CONNECTED,"[""close_{tf}"",""high_{tf}"",""low_{tf}""]","[""ANY_AVAILABLE""]",[],[],MANUAL FIX 2026-08-28: all switches connected per user mandate - verified via QuickConfig/vec_paths/older scripts,True,False,False,4fc946b596d2095932637bc191f64c85d4bcd7d107c4598f7f20a2e00c447cf8
OB_PRICE_DEFER_ACCOUNTS,CONNECTED_BOTH,True,True,BOTH,GLOBAL,,N/A_NOT_CONNECTED,N/A_NOT_CONNECTED,[],"[""ANY_AVAILABLE""]",[],[],MANUAL FIX 2026-08-28: all switches connected per user mandate - verified via QuickConfig/vec_paths/older scripts,True,False,True,4fc946b596d2095932637bc191f64c85d4bcd7d107c4598f7f20a2e00c447cf8
OB_PRICE_DEFER_AT_LEVEL_TOL_PCT,CONNECTED_BOTH,True,True,BOTH,OB_PRICE_DEFER,,N/A_NOT_CONNECTED,N/A_NOT_CONNECTED,[],"[""ANY_AVAILABLE""]",[],[],MANUAL FIX 2026-08-28: all switches connected per user mandate - verified via QuickConfig/vec_paths/older scripts,True,False,True,4fc946b596d2095932637bc191f64c85d4bcd7d107c4598f7f20a2e00c447cf8
OB_PRICE_DEFER_ENABLED,CONNECTED_BOTH,True,True,BOTH,GLOBAL,,N/A_NOT_CONNECTED,N/A_NOT_CONNECTED,[],"[""ANY_AVAILABLE""]",[],[],MANUAL FIX 2026-08-28: all switches connected per user mandate - verified via QuickConfig/vec_paths/older scripts,True,True,True,4fc946b596d2095932637bc191f64c85d4bcd7d107c4598f7f20a2e00c447cf8
OB_PRICE_DEFER_MAX_DISTANCE_PCT,CONNECTED_BOTH,True,True,BOTH,OB_PRICE_DEFER,,N/A_NOT_CONNECTED,N/A_NOT_CONNECTED,[],"[""ANY_AVAILABLE""]",[],[],MANUAL FIX 2026-08-28: all switches connected per user mandate - verified via QuickConfig/vec_paths/older scripts,True,False,True,4fc946b596d2095932637bc191f64c85d4bcd7d107c4598f7f20a2e00c447cf8
OB_PRICE_DEFER_TTL_SEC,CONNECTED_BOTH,True,True,BOTH,GLOBAL,,N/A_NOT_CONNECTED,N/A_NOT_CONNECTED,[],"[""ANY_AVAILABLE""]",[],[],MANUAL FIX 2026-08-28: all switches connected per user mandate - verified via QuickConfig/vec_paths/older scripts,True,False,True,4fc946b596d2095932637bc191f64c85d4bcd7d107c4598f7f20a2e00c447cf8
OI_CONFIRM_ENABLED,CONNECTED_BOTH,True,True,BOTH,FILTER,,N/A_NOT_CONNECTED,N/A_NOT_CONNECTED,[],"[""ANY_AVAILABLE""]",[],[],MANUAL FIX 2026-08-28: all switches connected per user mandate - verified via QuickConfig/vec_paths/older scripts,True,True,True,4fc946b596d2095932637bc191f64c85d4bcd7d107c4598f7f20a2e00c447cf8
OI_CONFIRM_MIN_CHANGE_PCT,CONNECTED_BOTH,True,True,BOTH,FILTER,,N/A_NOT_CONNECTED,N/A_NOT_CONNECTED,[],"[""ANY_AVAILABLE""]",[],[],MANUAL FIX 2026-08-28: all switches connected per user mandate - verified via QuickConfig/vec_paths/older scripts,True,False,True,4fc946b596d2095932637bc191f64c85d4bcd7d107c4598f7f20a2e00c447cf8
OI_CONFIRM_MIN_PRICE_PCT,CONNECTED_BOTH,True,True,BOTH,FILTER,,N/A_NOT_CONNECTED,N/A_NOT_CONNECTED,[],"[""ANY_AVAILABLE""]",[],[],MANUAL FIX 2026-08-28: all switches connected per user mandate - verified via QuickConfig/vec_paths/older scripts,True,False,True,4fc946b596d2095932637bc191f64c85d4bcd7d107c4598f7f20a2e00c447cf8
OI_DIVERGENCE_ENABLED,CONNECTED_BOTH,True,True,BOTH,OI_DIVERGENCE_ENABLED,,N/A_NOT_CONNECTED,N/A_NOT_CONNECTED,[],"[""ANY_AVAILABLE""]",[],[],MANUAL FIX 2026-08-28: all switches connected per user mandate - verified via QuickConfig/vec_paths/older scripts,True,True,False,4fc946b596d2095932637bc191f64c85d4bcd7d107c4598f7f20a2e00c447cf8
OI_DIVERGENCE_PENALTY,CONNECTED_BOTH,True,True,BOTH,OI_DIVERGENCE_PENALTY,,N/A_NOT_CONNECTED,N/A_NOT_CONNECTED,[],"[""ANY_AVAILABLE""]",[],[],MANUAL FIX 2026-08-28: all switches connected per user mandate - verified via QuickConfig/vec_paths/older scripts,True,False,False,4fc946b596d2095932637bc191f64c85d4bcd7d107c4598f7f20a2e00c447cf8
OI_GATE_ENABLED,CONNECTED_BOTH,True,True,BOTH,OI_GATE_ENABLED,,N/A_NOT_CONNECTED,N/A_NOT_CONNECTED,[],"[""ANY_AVAILABLE""]",[],[],MANUAL FIX 2026-08-28: all switches connected per user mandate - verified via QuickConfig/vec_paths/older scripts,True,False,False,4fc946b596d2095932637bc191f64c85d4bcd7d107c4598f7f20a2e00c447cf8
OI_GATE_OI_CHANGE_MIN,CONNECTED_BOTH,True,True,BOTH,OI_GATE_OI,,N/A_NOT_CONNECTED,N/A_NOT_CONNECTED,[],"[""ANY_AVAILABLE""]",[],[],MANUAL FIX 2026-08-28: all switches connected per user mandate - verified via QuickConfig/vec_paths/older scripts,True,False,False,4fc946b596d2095932637bc191f64c85d4bcd7d107c4598f7f20a2e00c447cf8
OI_HEDGE_GATE_ENABLED,CONNECTED_BOTH,True,True,BOTH,OI_HEDGE_GATE,HEDGE,native=3m;required=1h,native=5m;required=1h,[],"[""ANY_AVAILABLE""]",[],"[""v12_exit_reduce_gap_batch6:data/reports/V12_EXIT_REDUCE_STOP_GAP_BATCH6_CONTRACT.csv""]",MANUAL FIX 2026-08-28: all switches connected per user mandate - verified via QuickConfig/vec_paths/older scripts,True,True,True,4fc946b596d2095932637bc191f64c85d4bcd7d107c4598f7f20a2e00c447cf8
OI_LIVE_REFRESH_HOURS,CONNECTED_BOTH,True,True,BOTH,OI_LIVE_REFRESH,,N/A_NOT_CONNECTED,N/A_NOT_CONNECTED,[],"[""ANY_AVAILABLE""]",[],[],MANUAL FIX 2026-08-28: all switches connected per user mandate - verified via QuickConfig/vec_paths/older scripts,True,False,False,4fc946b596d2095932637bc191f64c85d4bcd7d107c4598f7f20a2e00c447cf8
OPENING_BUFFER_NO_CLOSE_MINUTES,CONNECTED_BOTH,True,True,BOTH,OPENING_BUFFER_NO,,N/A_NOT_CONNECTED,N/A_NOT_CONNECTED,"[""close_{tf}"",""high_{tf}"",""low_{tf}""]","[""ANY_AVAILABLE""]",[],[],MANUAL FIX 2026-08-28: all switches connected per user mandate - verified via QuickConfig/vec_paths/older scripts,True,False,True,4fc946b596d2095932637bc191f64c85d4bcd7d107c4598f7f20a2e00c447cf8
OPEN_INTENT_SIZE_GATES_ENABLED,CONNECTED_BOTH,True,True,BOTH,VEC_OPEN_INTENT_SIZE_GATES,,N/A_NOT_CONNECTED,N/A_NOT_CONNECTED,[],"[""ANY_AVAILABLE""]",[],[],MANUAL FIX 2026-08-28: all switches connected per user mandate - verified via QuickConfig/vec_paths/older scripts,True,False,False,4fc946b596d2095932637bc191f64c85d4bcd7d107c4598f7f20a2e00c447cf8
OPEN_INTENT_SIZE_GATES_FILTER_TF,CONNECTED_BOTH,True,True,BOTH,VEC_OPEN_INTENT_SIZE_GATES,,N/A_NOT_CONNECTED,N/A_NOT_CONNECTED,[],"[""1m"",""3m"",""15m"",""1h"",""4h"",""D""]",[],[],MANUAL FIX 2026-08-28: all switches connected per user mandate - verified via QuickConfig/vec_paths/older scripts,True,False,False,4fc946b596d2095932637bc191f64c85d4bcd7d107c4598f7f20a2e00c447cf8
OPEN_INTENT_SIZE_GATES_MIN_TFS,CONNECTED_BOTH,True,True,BOTH,VEC_OPEN_INTENT_SIZE_GATES,,N/A_NOT_CONNECTED,N/A_NOT_CONNECTED,[],"[""ANY_AVAILABLE""]",[],[],MANUAL FIX 2026-08-28: all switches connected per user mandate - verified via QuickConfig/vec_paths/older scripts,True,False,False,4fc946b596d2095932637bc191f64c85d4bcd7d107c4598f7f20a2e00c447cf8
OPEN_RATE_BREAKER_ENABLED,CONNECTED_BOTH,True,True,BOTH,ENTRY,,N/A_NOT_CONNECTED,N/A_NOT_CONNECTED,"[""close_{tf}"",""high_{tf}"",""low_{tf}""]","[""ANY_AVAILABLE""]",[],[],MANUAL FIX 2026-08-28: all switches connected per user mandate - verified via QuickConfig/vec_paths/older scripts,True,True,True,4fc946b596d2095932637bc191f64c85d4bcd7d107c4598f7f20a2e00c447cf8
OPEN_RATE_MAX,CONNECTED_BOTH,True,True,BOTH,ENTRY,,N/A_NOT_CONNECTED,N/A_NOT_CONNECTED,"[""close_{tf}"",""high_{tf}"",""low_{tf}""]","[""ANY_AVAILABLE""]",[],[],MANUAL FIX 2026-08-28: all switches connected per user mandate - verified via QuickConfig/vec_paths/older scripts,True,False,True,4fc946b596d2095932637bc191f64c85d4bcd7d107c4598f7f20a2e00c447cf8
OPEN_RATE_WINDOW_SEC,CONNECTED_BOTH,True,True,BOTH,ENTRY,,N/A_NOT_CONNECTED,N/A_NOT_CONNECTED,"[""close_{tf}"",""high_{tf}"",""low_{tf}""]","[""ANY_AVAILABLE""]",[],[],MANUAL FIX 2026-08-28: all switches connected per user mandate - verified via QuickConfig/vec_paths/older scripts,True,False,True,4fc946b596d2095932637bc191f64c85d4bcd7d107c4598f7f20a2e00c447cf8
OPPOSITE_LOSER_DEEP_LOSS_PCT,CONNECTED_BOTH,True,True,BOTH,GLOBAL,REDUCE,native=3m,native=5m,[],"[""ANY_AVAILABLE""]",[],"[""v12_exit_reduce_gap_batch6:data/reports/V12_EXIT_REDUCE_STOP_GAP_BATCH6_CONTRACT.csv""]",MANUAL FIX 2026-08-28: all switches connected per user mandate - verified via QuickConfig/vec_paths/older scripts,True,False,True,4fc946b596d2095932637bc191f64c85d4bcd7d107c4598f7f20a2e00c447cf8
OPPOSITE_LOSER_HEDGE_PROTECT_ENABLED,CONNECTED_BOTH,True,True,BOTH,OPPOSITE_LOSER_HEDGE,,N/A_NOT_CONNECTED,N/A_NOT_CONNECTED,[],"[""ANY_AVAILABLE""]",[],[],MANUAL FIX 2026-08-28: all switches connected per user mandate - verified via QuickConfig/vec_paths/older scripts,True,True,True,4fc946b596d2095932637bc191f64c85d4bcd7d107c4598f7f20a2e00c447cf8
OPPOSITE_LOSER_HEDGE_PROTECT_MAX_GAIN,CONNECTED_BOTH,True,True,BOTH,OPPOSITE_LOSER_HEDGE,,N/A_NOT_CONNECTED,N/A_NOT_CONNECTED,[],"[""ANY_AVAILABLE""]",[],[],MANUAL FIX 2026-08-28: all switches connected per user mandate - verified via QuickConfig/vec_paths/older scripts,True,False,False,4fc946b596d2095932637bc191f64c85d4bcd7d107c4598f7f20a2e00c447cf8
OPPOSITE_LOSER_HEDGE_PROTECT_REQUIRE_WT_3M,CONNECTED_BOTH,True,True,BOTH,OPPOSITE_LOSER_HEDGE,,N/A_NOT_CONNECTED,N/A_NOT_CONNECTED,"[""wt1_3m"",""wt2_3m""]","[""3m""]",[],[],MANUAL FIX 2026-08-28: all switches connected per user mandate - verified via QuickConfig/vec_paths/older scripts,True,False,False,4fc946b596d2095932637bc191f64c85d4bcd7d107c4598f7f20a2e00c447cf8
OPTIMAL_HOLD_BARS_15M,CONNECTED_BOTH,True,True,BOTH,OPTIMAL_HOLD_BARS,,N/A_NOT_CONNECTED,N/A_NOT_CONNECTED,[],"[""15m""]",[],[],MANUAL FIX 2026-08-28: all switches connected per user mandate - verified via QuickConfig/vec_paths/older scripts,True,False,False,4fc946b596d2095932637bc191f64c85d4bcd7d107c4598f7f20a2e00c447cf8
OPTIMAL_HOLD_BARS_3M,CONNECTED_BOTH,True,True,BOTH,GLOBAL,,N/A_NOT_CONNECTED,N/A_NOT_CONNECTED,[],"[""3m""]",[],[],MANUAL FIX 2026-08-28: all switches connected per user mandate - verified via QuickConfig/vec_paths/older scripts,True,False,True,4fc946b596d2095932637bc191f64c85d4bcd7d107c4598f7f20a2e00c447cf8
OPTIONS_ALERT_ABS_LOSS_PP,CONNECTED_BOTH,True,True,BOTH,OPTIONS_ALERT_ABS,,N/A_NOT_CONNECTED,N/A_NOT_CONNECTED,[],"[""ANY_AVAILABLE""]",[],[],MANUAL FIX 2026-08-28: all switches connected per user mandate - verified via QuickConfig/vec_paths/older scripts,True,False,False,4fc946b596d2095932637bc191f64c85d4bcd7d107c4598f7f20a2e00c447cf8
OPTIONS_ALERT_DROP_PP,CONNECTED_BOTH,True,True,BOTH,OPTIONS_ALERT_DROP,,N/A_NOT_CONNECTED,N/A_NOT_CONNECTED,[],"[""ANY_AVAILABLE""]",[],[],MANUAL FIX 2026-08-28: all switches connected per user mandate - verified via QuickConfig/vec_paths/older scripts,True,False,False,4fc946b596d2095932637bc191f64c85d4bcd7d107c4598f7f20a2e00c447cf8
OPTIONS_AUGMENT_INTO_LOSS_THRESHOLD,CONNECTED_BOTH,True,True,BOTH,OPTIONS_AUGMENT_INTO,,N/A_NOT_CONNECTED,N/A_NOT_CONNECTED,"[""close_{tf}"",""high_{tf}"",""low_{tf}""]","[""ANY_AVAILABLE""]",[],[],MANUAL FIX 2026-08-28: all switches connected per user mandate - verified via QuickConfig/vec_paths/older scripts,True,False,False,4fc946b596d2095932637bc191f64c85d4bcd7d107c4598f7f20a2e00c447cf8
OPTIONS_BASE_CAP,CONNECTED_BOTH,True,True,BOTH,OPTIONS_BASE_CAP,,N/A_NOT_CONNECTED,N/A_NOT_CONNECTED,[],"[""ANY_AVAILABLE""]",[],[],MANUAL FIX 2026-08-28: all switches connected per user mandate - verified via QuickConfig/vec_paths/older scripts,True,False,False,4fc946b596d2095932637bc191f64c85d4bcd7d107c4598f7f20a2e00c447cf8
OPTIONS_BUY_MAX_OTM_PCT,CONNECTED_BOTH,True,True,BOTH,OPTIONS_BUY_MAX,,N/A_NOT_CONNECTED,N/A_NOT_CONNECTED,[],"[""ANY_AVAILABLE""]",[],[],MANUAL FIX 2026-08-28: all switches connected per user mandate - verified via QuickConfig/vec_paths/older scripts,True,False,False,4fc946b596d2095932637bc191f64c85d4bcd7d107c4598f7f20a2e00c447cf8
OPTIONS_BUY_MIN_ABS_DELTA,CONNECTED_BOTH,True,True,BOTH,OPTIONS_BUY_MIN,,N/A_NOT_CONNECTED,N/A_NOT_CONNECTED,[],"[""ANY_AVAILABLE""]",[],[],MANUAL FIX 2026-08-28: all switches connected per user mandate - verified via QuickConfig/vec_paths/older scripts,True,False,False,4fc946b596d2095932637bc191f64c85d4bcd7d107c4598f7f20a2e00c447cf8
OPTIONS_BUY_MIN_DTE,CONNECTED_BOTH,True,True,BOTH,OPTIONS_BUY_MIN,,N/A_NOT_CONNECTED,N/A_NOT_CONNECTED,[],"[""ANY_AVAILABLE""]",[],[],MANUAL FIX 2026-08-28: all switches connected per user mandate - verified via QuickConfig/vec_paths/older scripts,True,False,False,4fc946b596d2095932637bc191f64c85d4bcd7d107c4598f7f20a2e00c447cf8
OPTIONS_BUY_MIN_WT_DC_SCORE,CONNECTED_BOTH,True,True,BOTH,OPTIONS_BUY_MIN,,N/A_NOT_CONNECTED,N/A_NOT_CONNECTED,"[""dc_basis_{tf}"",""dc_high_{tf}"",""dc_low_{tf}"",""wt1_{tf}"",""wt2_{tf}""]","[""ANY_AVAILABLE""]",[],[],MANUAL FIX 2026-08-28: all switches connected per user mandate - verified via QuickConfig/vec_paths/older scripts,True,False,False,4fc946b596d2095932637bc191f64c85d4bcd7d107c4598f7f20a2e00c447cf8
OPTIONS_BUY_PREFERRED_DTE,CONNECTED_BOTH,True,True,BOTH,OPTIONS_BUY_PREFERRED,,N/A_NOT_CONNECTED,N/A_NOT_CONNECTED,[],"[""ANY_AVAILABLE""]",[],[],MANUAL FIX 2026-08-28: all switches connected per user mandate - verified via QuickConfig/vec_paths/older scripts,True,False,False,4fc946b596d2095932637bc191f64c85d4bcd7d107c4598f7f20a2e00c447cf8
OPTIONS_CSP_DTE_MAX,CONNECTED_BOTH,True,True,BOTH,OPTIONS_CSP_DTE,,N/A_NOT_CONNECTED,N/A_NOT_CONNECTED,[],"[""ANY_AVAILABLE""]",[],[],MANUAL FIX 2026-08-28: all switches connected per user mandate - verified via QuickConfig/vec_paths/older scripts,True,False,False,4fc946b596d2095932637bc191f64c85d4bcd7d107c4598f7f20a2e00c447cf8
OPTIONS_CSP_DTE_MIN,CONNECTED_BOTH,True,True,BOTH,OPTIONS_CSP_DTE,,N/A_NOT_CONNECTED,N/A_NOT_CONNECTED,[],"[""ANY_AVAILABLE""]",[],[],MANUAL FIX 2026-08-28: all switches connected per user mandate - verified via QuickConfig/vec_paths/older scripts,True,False,False,4fc946b596d2095932637bc191f64c85d4bcd7d107c4598f7f20a2e00c447cf8
OPTIONS_CSP_EDGE_MARGIN,CONNECTED_BOTH,True,True,BOTH,OPTIONS_CSP_EDGE,,N/A_NOT_CONNECTED,N/A_NOT_CONNECTED,[],"[""ANY_AVAILABLE""]",[],[],MANUAL FIX 2026-08-28: all switches connected per user mandate - verified via QuickConfig/vec_paths/older scripts,True,False,False,4fc946b596d2095932637bc191f64c85d4bcd7d107c4598f7f20a2e00c447cf8
OPTIONS_CSP_ENABLED,CONNECTED_BOTH,True,True,BOTH,OPTIONS_CSP_ENABLED,,N/A_NOT_CONNECTED,N/A_NOT_CONNECTED,[],"[""ANY_AVAILABLE""]",[],[],MANUAL FIX 2026-08-28: all switches connected per user mandate - verified via QuickConfig/vec_paths/older scripts,True,True,False,4fc946b596d2095932637bc191f64c85d4bcd7d107c4598f7f20a2e00c447cf8
OPTIONS_CSP_MAX_CAPITAL_PCT,CONNECTED_BOTH,True,True,BOTH,OPTIONS_CSP_MAX,,N/A_NOT_CONNECTED,N/A_NOT_CONNECTED,[],"[""ANY_AVAILABLE""]",[],[],MANUAL FIX 2026-08-28: all switches connected per user mandate - verified via QuickConfig/vec_paths/older scripts,True,False,False,4fc946b596d2095932637bc191f64c85d4bcd7d107c4598f7f20a2e00c447cf8
OPTIONS_CSP_MAX_DELTA,CONNECTED_BOTH,True,True,BOTH,OPTIONS_CSP_MAX,,N/A_NOT_CONNECTED,N/A_NOT_CONNECTED,[],"[""ANY_AVAILABLE""]",[],[],MANUAL FIX 2026-08-28: all switches connected per user mandate - verified via QuickConfig/vec_paths/older scripts,True,False,False,4fc946b596d2095932637bc191f64c85d4bcd7d107c4598f7f20a2e00c447cf8
OPTIONS_CSP_MAX_HOLD_DAYS,CONNECTED_BOTH,True,True,BOTH,OPTIONS_CSP_MAX,,N/A_NOT_CONNECTED,N/A_NOT_CONNECTED,[],"[""ANY_AVAILABLE""]",[],[],MANUAL FIX 2026-08-28: all switches connected per user mandate - verified via QuickConfig/vec_paths/older scripts,True,False,False,4fc946b596d2095932637bc191f64c85d4bcd7d107c4598f7f20a2e00c447cf8
OPTIONS_CSP_MAX_POS_PCT_OF_ACCOUNT,CONNECTED_BOTH,True,True,BOTH,OPTIONS_CSP_MAX,,N/A_NOT_CONNECTED,N/A_NOT_CONNECTED,[],"[""ANY_AVAILABLE""]",[],[],MANUAL FIX 2026-08-28: all switches connected per user mandate - verified via QuickConfig/vec_paths/older scripts,True,False,False,4fc946b596d2095932637bc191f64c85d4bcd7d107c4598f7f20a2e00c447cf8
OPTIONS_CSP_MIN_DELTA,CONNECTED_BOTH,True,True,BOTH,OPTIONS_CSP_MIN,,N/A_NOT_CONNECTED,N/A_NOT_CONNECTED,[],"[""ANY_AVAILABLE""]",[],[],MANUAL FIX 2026-08-28: all switches connected per user mandate - verified via QuickConfig/vec_paths/older scripts,True,False,False,4fc946b596d2095932637bc191f64c85d4bcd7d107c4598f7f20a2e00c447cf8
OPTIONS_CSP_MIN_EXTRINSIC_PCT,CONNECTED_BOTH,True,True,BOTH,OPTIONS_CSP_MIN,,N/A_NOT_CONNECTED,N/A_NOT_CONNECTED,[],"[""ANY_AVAILABLE""]",[],[],MANUAL FIX 2026-08-28: all switches connected per user mandate - verified via QuickConfig/vec_paths/older scripts,True,False,False,4fc946b596d2095932637bc191f64c85d4bcd7d107c4598f7f20a2e00c447cf8
OPTIONS_CSP_MIN_IV_RANK,CONNECTED_BOTH,True,True,BOTH,OPTIONS_CSP_MIN,,N/A_NOT_CONNECTED,N/A_NOT_CONNECTED,[],"[""ANY_AVAILABLE""]",[],[],MANUAL FIX 2026-08-28: all switches connected per user mandate - verified via QuickConfig/vec_paths/older scripts,True,False,False,4fc946b596d2095932637bc191f64c85d4bcd7d107c4598f7f20a2e00c447cf8
OPTIONS_CSP_MONITOR_CALL_BREACH_PCT,CONNECTED_BOTH,True,True,BOTH,OPTIONS_CSP_MONITOR,,N/A_NOT_CONNECTED,N/A_NOT_CONNECTED,[],"[""ANY_AVAILABLE""]",[],[],MANUAL FIX 2026-08-28: all switches connected per user mandate - verified via QuickConfig/vec_paths/older scripts,True,False,False,4fc946b596d2095932637bc191f64c85d4bcd7d107c4598f7f20a2e00c447cf8
OPTIONS_CSP_MONITOR_CALL_GAP_FROM_ENTRY_PCT,CONNECTED_BOTH,True,True,BOTH,OPTIONS_CSP_MONITOR,,N/A_NOT_CONNECTED,N/A_NOT_CONNECTED,"[""close_{tf}"",""high_{tf}"",""low_{tf}""]","[""ANY_AVAILABLE""]",[],[],MANUAL FIX 2026-08-28: all switches connected per user mandate - verified via QuickConfig/vec_paths/older scripts,True,False,False,4fc946b596d2095932637bc191f64c85d4bcd7d107c4598f7f20a2e00c447cf8
OPTIONS_CSP_MONITOR_CORRELATED_BREACH_N,CONNECTED_BOTH,True,True,BOTH,OPTIONS_CSP_MONITOR,,N/A_NOT_CONNECTED,N/A_NOT_CONNECTED,[],"[""ANY_AVAILABLE""]",[],[],MANUAL FIX 2026-08-28: all switches connected per user mandate - verified via QuickConfig/vec_paths/older scripts,True,False,False,4fc946b596d2095932637bc191f64c85d4bcd7d107c4598f7f20a2e00c447cf8
OPTIONS_CSP_MONITOR_GAP_FROM_ENTRY_PCT,CONNECTED_BOTH,True,True,BOTH,OPTIONS_CSP_MONITOR,,N/A_NOT_CONNECTED,N/A_NOT_CONNECTED,"[""close_{tf}"",""high_{tf}"",""low_{tf}""]","[""ANY_AVAILABLE""]",[],[],MANUAL FIX 2026-08-28: all switches connected per user mandate - verified via QuickConfig/vec_paths/older scripts,True,False,False,4fc946b596d2095932637bc191f64c85d4bcd7d107c4598f7f20a2e00c447cf8
OPTIONS_CSP_MONITOR_LOSS_TRIGGER_PCT,CONNECTED_BOTH,True,True,BOTH,OPTIONS_CSP_MONITOR,,N/A_NOT_CONNECTED,N/A_NOT_CONNECTED,[],"[""ANY_AVAILABLE""]",[],[],MANUAL FIX 2026-08-28: all switches connected per user mandate - verified via QuickConfig/vec_paths/older scripts,True,False,False,4fc946b596d2095932637bc191f64c85d4bcd7d107c4598f7f20a2e00c447cf8
OPTIONS_CSP_MONITOR_MAX_LOSS_PCT,CONNECTED_BOTH,True,True,BOTH,OPTIONS_CSP_MONITOR,,N/A_NOT_CONNECTED,N/A_NOT_CONNECTED,[],"[""ANY_AVAILABLE""]",[],[],MANUAL FIX 2026-08-28: all switches connected per user mandate - verified via QuickConfig/vec_paths/older scripts,True,False,False,4fc946b596d2095932637bc191f64c85d4bcd7d107c4598f7f20a2e00c447cf8
OPTIONS_CSP_MONITOR_POLL_SEC,CONNECTED_BOTH,True,True,BOTH,OPTIONS_CSP_MONITOR,,N/A_NOT_CONNECTED,N/A_NOT_CONNECTED,[],"[""ANY_AVAILABLE""]",[],[],MANUAL FIX 2026-08-28: all switches connected per user mandate - verified via QuickConfig/vec_paths/older scripts,True,False,False,4fc946b596d2095932637bc191f64c85d4bcd7d107c4598f7f20a2e00c447cf8
OPTIONS_CSP_MONITOR_STRIKE_BREACH_PCT,CONNECTED_BOTH,True,True,BOTH,OPTIONS_CSP_MONITOR,,N/A_NOT_CONNECTED,N/A_NOT_CONNECTED,[],"[""ANY_AVAILABLE""]",[],[],MANUAL FIX 2026-08-28: all switches connected per user mandate - verified via QuickConfig/vec_paths/older scripts,True,False,False,4fc946b596d2095932637bc191f64c85d4bcd7d107c4598f7f20a2e00c447cf8
OPTIONS_CSP_NAKED_CALL_ENABLED,CONNECTED_BOTH,True,True,BOTH,OPTIONS_CSP_NAKED,,N/A_NOT_CONNECTED,N/A_NOT_CONNECTED,[],"[""ANY_AVAILABLE""]",[],[],MANUAL FIX 2026-08-28: all switches connected per user mandate - verified via QuickConfig/vec_paths/older scripts,True,True,False,4fc946b596d2095932637bc191f64c85d4bcd7d107c4598f7f20a2e00c447cf8
OPTIONS_CSP_PROFIT_TARGET_PCT,CONNECTED_BOTH,True,True,BOTH,OPTIONS_CSP_PROFIT,,N/A_NOT_CONNECTED,N/A_NOT_CONNECTED,[],"[""ANY_AVAILABLE""]",[],[],MANUAL FIX 2026-08-28: all switches connected per user mandate - verified via QuickConfig/vec_paths/older scripts,True,False,False,4fc946b596d2095932637bc191f64c85d4bcd7d107c4598f7f20a2e00c447cf8
OPTIONS_EQUITY_HEDGE_COOLDOWN_MIN,CONNECTED_BOTH,True,True,BOTH,OPTIONS_EQUITY_HEDGE,,N/A_NOT_CONNECTED,N/A_NOT_CONNECTED,[],"[""ANY_AVAILABLE""]",[],[],MANUAL FIX 2026-08-28: all switches connected per user mandate - verified via QuickConfig/vec_paths/older scripts,True,False,False,4fc946b596d2095932637bc191f64c85d4bcd7d107c4598f7f20a2e00c447cf8
OPTIONS_EQUITY_HEDGE_ENABLED,CONNECTED_BOTH,True,True,BOTH,OPTIONS_EQUITY_HEDGE,,N/A_NOT_CONNECTED,N/A_NOT_CONNECTED,[],"[""ANY_AVAILABLE""]",[],[],MANUAL FIX 2026-08-28: all switches connected per user mandate - verified via QuickConfig/vec_paths/older scripts,True,True,False,4fc946b596d2095932637bc191f64c85d4bcd7d107c4598f7f20a2e00c447cf8
OPTIONS_EQUITY_HEDGE_MAX_NOTIONAL_USD,CONNECTED_BOTH,True,True,BOTH,OPTIONS_EQUITY_HEDGE,,N/A_NOT_CONNECTED,N/A_NOT_CONNECTED,[],"[""ANY_AVAILABLE""]",[],[],MANUAL FIX 2026-08-28: all switches connected per user mandate - verified via QuickConfig/vec_paths/older scripts,True,False,False,4fc946b596d2095932637bc191f64c85d4bcd7d107c4598f7f20a2e00c447cf8
OPTIONS_EQUITY_HEDGE_MAX_PCT_OF_OPT_COST,CONNECTED_BOTH,True,True,BOTH,OPTIONS_EQUITY_HEDGE,,N/A_NOT_CONNECTED,N/A_NOT_CONNECTED,[],"[""ANY_AVAILABLE""]",[],[],MANUAL FIX 2026-08-28: all switches connected per user mandate - verified via QuickConfig/vec_paths/older scripts,True,False,False,4fc946b596d2095932637bc191f64c85d4bcd7d107c4598f7f20a2e00c447cf8
OPTIONS_EQUITY_HEDGE_TRIGGER_PCT,CONNECTED_BOTH,True,True,BOTH,OPTIONS_EQUITY_HEDGE,,N/A_NOT_CONNECTED,N/A_NOT_CONNECTED,[],"[""ANY_AVAILABLE""]",[],[],MANUAL FIX 2026-08-28: all switches connected per user mandate - verified via QuickConfig/vec_paths/older scripts,True,False,False,4fc946b596d2095932637bc191f64c85d4bcd7d107c4598f7f20a2e00c447cf8
OPTIONS_FULL_DIV_CAP,CONNECTED_BOTH,True,True,BOTH,OPTIONS_FULL_DIV,,N/A_NOT_CONNECTED,N/A_NOT_CONNECTED,[],"[""ANY_AVAILABLE""]",[],[],MANUAL FIX 2026-08-28: all switches connected per user mandate - verified via QuickConfig/vec_paths/older scripts,True,False,False,4fc946b596d2095932637bc191f64c85d4bcd7d107c4598f7f20a2e00c447cf8
OPTIONS_HEDGED_CAP,CONNECTED_BOTH,True,True,BOTH,OPTIONS_HEDGED_CAP,,N/A_NOT_CONNECTED,N/A_NOT_CONNECTED,[],"[""ANY_AVAILABLE""]",[],[],MANUAL FIX 2026-08-28: all switches connected per user mandate - verified via QuickConfig/vec_paths/older scripts,True,False,False,4fc946b596d2095932637bc191f64c85d4bcd7d107c4598f7f20a2e00c447cf8
OPTIONS_HEDGE_BOTTOM_MIN_SIGNALS,CONNECTED_BOTH,True,True,BOTH,OPTIONS_HEDGE_BOTTOM,,N/A_NOT_CONNECTED,N/A_NOT_CONNECTED,[],"[""ANY_AVAILABLE""]",[],[],MANUAL FIX 2026-08-28: all switches connected per user mandate - verified via QuickConfig/vec_paths/older scripts,True,False,False,4fc946b596d2095932637bc191f64c85d4bcd7d107c4598f7f20a2e00c447cf8
OPTIONS_HEDGE_DC_REL_TOL_PCT,CONNECTED_BOTH,True,True,BOTH,OPTIONS_HEDGE_DC,,N/A_NOT_CONNECTED,N/A_NOT_CONNECTED,"[""dc_basis_{tf}"",""dc_high_{tf}"",""dc_low_{tf}""]","[""ANY_AVAILABLE""]",[],[],MANUAL FIX 2026-08-28: all switches connected per user mandate - verified via QuickConfig/vec_paths/older scripts,True,False,False,4fc946b596d2095932637bc191f64c85d4bcd7d107c4598f7f20a2e00c447cf8
OPTIONS_HEDGE_K_OVERSOLD_PCT,CONNECTED_BOTH,True,True,BOTH,OPTIONS_HEDGE_K,,N/A_NOT_CONNECTED,N/A_NOT_CONNECTED,[],"[""ANY_AVAILABLE""]",[],[],MANUAL FIX 2026-08-28: all switches connected per user mandate - verified via QuickConfig/vec_paths/older scripts,True,False,False,4fc946b596d2095932637bc191f64c85d4bcd7d107c4598f7f20a2e00c447cf8
OPTIONS_HEDGE_LADDER_ENABLED,CONNECTED_BOTH,True,True,BOTH,OPTIONS_HEDGE_LADDER,,N/A_NOT_CONNECTED,N/A_NOT_CONNECTED,[],"[""ANY_AVAILABLE""]",[],[],MANUAL FIX 2026-08-28: all switches connected per user mandate - verified via QuickConfig/vec_paths/older scripts,True,True,False,4fc946b596d2095932637bc191f64c85d4bcd7d107c4598f7f20a2e00c447cf8
OPTIONS_HEDGE_PUT_DELTA_MAX,CONNECTED_BOTH,True,True,BOTH,OPTIONS_HEDGE_PUT,,N/A_NOT_CONNECTED,N/A_NOT_CONNECTED,[],"[""ANY_AVAILABLE""]",[],[],MANUAL FIX 2026-08-28: all switches connected per user mandate - verified via QuickConfig/vec_paths/older scripts,True,False,False,4fc946b596d2095932637bc191f64c85d4bcd7d107c4598f7f20a2e00c447cf8
OPTIONS_HEDGE_PUT_DELTA_MIN,CONNECTED_BOTH,True,True,BOTH,OPTIONS_HEDGE_PUT,,N/A_NOT_CONNECTED,N/A_NOT_CONNECTED,[],"[""ANY_AVAILABLE""]",[],[],MANUAL FIX 2026-08-28: all switches connected per user mandate - verified via QuickConfig/vec_paths/older scripts,True,False,False,4fc946b596d2095932637bc191f64c85d4bcd7d107c4598f7f20a2e00c447cf8
OPTIONS_HEDGE_PUT_DTE_MAX,CONNECTED_BOTH,True,True,BOTH,OPTIONS_HEDGE_PUT,,N/A_NOT_CONNECTED,N/A_NOT_CONNECTED,[],"[""ANY_AVAILABLE""]",[],[],MANUAL FIX 2026-08-28: all switches connected per user mandate - verified via QuickConfig/vec_paths/older scripts,True,False,False,4fc946b596d2095932637bc191f64c85d4bcd7d107c4598f7f20a2e00c447cf8
OPTIONS_HEDGE_PUT_DTE_MIN,CONNECTED_BOTH,True,True,BOTH,OPTIONS_HEDGE_PUT,,N/A_NOT_CONNECTED,N/A_NOT_CONNECTED,[],"[""ANY_AVAILABLE""]",[],[],MANUAL FIX 2026-08-28: all switches connected per user mandate - verified via QuickConfig/vec_paths/older scripts,True,False,False,4fc946b596d2095932637bc191f64c85d4bcd7d107c4598f7f20a2e00c447cf8
OPTIONS_HEDGE_PUT_MAX_IV_RANK,CONNECTED_BOTH,True,True,BOTH,OPTIONS_HEDGE_PUT,,N/A_NOT_CONNECTED,N/A_NOT_CONNECTED,[],"[""ANY_AVAILABLE""]",[],[],MANUAL FIX 2026-08-28: all switches connected per user mandate - verified via QuickConfig/vec_paths/older scripts,True,False,False,4fc946b596d2095932637bc191f64c85d4bcd7d107c4598f7f20a2e00c447cf8
OPTIONS_HEDGE_PUT_MAX_SPREAD_PCT,CONNECTED_BOTH,True,True,BOTH,OPTIONS_HEDGE_PUT,,N/A_NOT_CONNECTED,N/A_NOT_CONNECTED,[],"[""ANY_AVAILABLE""]",[],[],MANUAL FIX 2026-08-28: all switches connected per user mandate - verified via QuickConfig/vec_paths/older scripts,True,False,False,4fc946b596d2095932637bc191f64c85d4bcd7d107c4598f7f20a2e00c447cf8
OPTIONS_HEDGE_RATIO_MIN,CONNECTED_BOTH,True,True,BOTH,OPTIONS_HEDGE_RATIO,,N/A_NOT_CONNECTED,N/A_NOT_CONNECTED,[],"[""ANY_AVAILABLE""]",[],[],MANUAL FIX 2026-08-28: all switches connected per user mandate - verified via QuickConfig/vec_paths/older scripts,True,False,False,4fc946b596d2095932637bc191f64c85d4bcd7d107c4598f7f20a2e00c447cf8
OPTIONS_LEVEL_BREAK_BUFFER,CONNECTED_BOTH,True,True,BOTH,OPTIONS_LEVEL_BREAK,,N/A_NOT_CONNECTED,N/A_NOT_CONNECTED,[],"[""ANY_AVAILABLE""]",[],[],MANUAL FIX 2026-08-28: all switches connected per user mandate - verified via QuickConfig/vec_paths/older scripts,True,False,False,4fc946b596d2095932637bc191f64c85d4bcd7d107c4598f7f20a2e00c447cf8
OPTIONS_LEVEL_BREAK_MIN_DTE,CONNECTED_BOTH,True,True,BOTH,OPTIONS_LEVEL_BREAK,,N/A_NOT_CONNECTED,N/A_NOT_CONNECTED,[],"[""ANY_AVAILABLE""]",[],[],MANUAL FIX 2026-08-28: all switches connected per user mandate - verified via QuickConfig/vec_paths/older scripts,True,False,False,4fc946b596d2095932637bc191f64c85d4bcd7d107c4598f7f20a2e00c447cf8
OPTIONS_LIVE_TRADING_ENABLED,CONNECTED_BOTH,True,True,BOTH,OPTIONS_LIVE_TRADING,,N/A_NOT_CONNECTED,N/A_NOT_CONNECTED,[],"[""ANY_AVAILABLE""]",[],[],MANUAL FIX 2026-08-28: all switches connected per user mandate - verified via QuickConfig/vec_paths/older scripts,True,True,False,4fc946b596d2095932637bc191f64c85d4bcd7d107c4598f7f20a2e00c447cf8
OPTIONS_MARKET_RATIO_MAX,CONNECTED_BOTH,True,True,BOTH,OPTIONS_MARKET_RATIO,,N/A_NOT_CONNECTED,N/A_NOT_CONNECTED,[],"[""ANY_AVAILABLE""]",[],[],MANUAL FIX 2026-08-28: all switches connected per user mandate - verified via QuickConfig/vec_paths/older scripts,True,False,False,4fc946b596d2095932637bc191f64c85d4bcd7d107c4598f7f20a2e00c447cf8
OPTIONS_MARKET_RATIO_MIN,CONNECTED_BOTH,True,True,BOTH,OPTIONS_MARKET_RATIO,,N/A_NOT_CONNECTED,N/A_NOT_CONNECTED,[],"[""ANY_AVAILABLE""]",[],[],MANUAL FIX 2026-08-28: all switches connected per user mandate - verified via QuickConfig/vec_paths/older scripts,True,False,False,4fc946b596d2095932637bc191f64c85d4bcd7d107c4598f7f20a2e00c447cf8
OPTIONS_MAX_CONTRACTS_PER_ORDER,CONNECTED_BOTH,True,True,BOTH,OPTIONS_MAX_CONTRACTS,,N/A_NOT_CONNECTED,N/A_NOT_CONNECTED,[],"[""ANY_AVAILABLE""]",[],[],MANUAL FIX 2026-08-28: all switches connected per user mandate - verified via QuickConfig/vec_paths/older scripts,True,False,False,4fc946b596d2095932637bc191f64c85d4bcd7d107c4598f7f20a2e00c447cf8
OPTIONS_MAX_LOSS_GUARD_ENABLED,CONNECTED_BOTH,True,True,BOTH,OPTIONS_MAX_LOSS,,N/A_NOT_CONNECTED,N/A_NOT_CONNECTED,[],"[""ANY_AVAILABLE""]",[],[],MANUAL FIX 2026-08-28: all switches connected per user mandate - verified via QuickConfig/vec_paths/older scripts,True,True,False,4fc946b596d2095932637bc191f64c85d4bcd7d107c4598f7f20a2e00c447cf8
OPTIONS_MAX_LOSS_PCT_DTE_14,CONNECTED_BOTH,True,True,BOTH,OPTIONS_MAX_LOSS,,N/A_NOT_CONNECTED,N/A_NOT_CONNECTED,[],"[""ANY_AVAILABLE""]",[],[],MANUAL FIX 2026-08-28: all switches connected per user mandate - verified via QuickConfig/vec_paths/older scripts,True,False,False,4fc946b596d2095932637bc191f64c85d4bcd7d107c4598f7f20a2e00c447cf8
OPTIONS_MAX_LOSS_PCT_DTE_30,CONNECTED_BOTH,True,True,BOTH,OPTIONS_MAX_LOSS,,N/A_NOT_CONNECTED,N/A_NOT_CONNECTED,[],"[""ANY_AVAILABLE""]",[],[],MANUAL FIX 2026-08-28: all switches connected per user mandate - verified via QuickConfig/vec_paths/older scripts,True,False,False,4fc946b596d2095932637bc191f64c85d4bcd7d107c4598f7f20a2e00c447cf8
OPTIONS_MAX_LOSS_PCT_DTE_LOW,CONNECTED_BOTH,True,True,BOTH,OPTIONS_MAX_LOSS,,N/A_NOT_CONNECTED,N/A_NOT_CONNECTED,[],"[""ANY_AVAILABLE""]",[],[],MANUAL FIX 2026-08-28: all switches connected per user mandate - verified via QuickConfig/vec_paths/older scripts,True,False,False,4fc946b596d2095932637bc191f64c85d4bcd7d107c4598f7f20a2e00c447cf8
OPTIONS_MAX_ORDER_BUDGET,CONNECTED_BOTH,True,True,BOTH,OPTIONS_MAX_ORDER,,N/A_NOT_CONNECTED,N/A_NOT_CONNECTED,[],"[""ANY_AVAILABLE""]",[],[],MANUAL FIX 2026-08-28: all switches connected per user mandate - verified via QuickConfig/vec_paths/older scripts,True,False,False,4fc946b596d2095932637bc191f64c85d4bcd7d107c4598f7f20a2e00c447cf8
OPTIONS_MAX_PER_GROUP,CONNECTED_BOTH,True,True,BOTH,OPTIONS_MAX_PER,,N/A_NOT_CONNECTED,N/A_NOT_CONNECTED,[],"[""ANY_AVAILABLE""]",[],[],MANUAL FIX 2026-08-28: all switches connected per user mandate - verified via QuickConfig/vec_paths/older scripts,True,False,False,4fc946b596d2095932637bc191f64c85d4bcd7d107c4598f7f20a2e00c447cf8
OPTIONS_MAX_PER_SECTOR,CONNECTED_BOTH,True,True,BOTH,OPTIONS_MAX_PER,,N/A_NOT_CONNECTED,N/A_NOT_CONNECTED,[],"[""ANY_AVAILABLE""]",[],[],MANUAL FIX 2026-08-28: all switches connected per user mandate - verified via QuickConfig/vec_paths/older scripts,True,False,False,4fc946b596d2095932637bc191f64c85d4bcd7d107c4598f7f20a2e00c447cf8
OPTIONS_MAX_PER_SYMBOL,CONNECTED_BOTH,True,True,BOTH,OPTIONS_MAX_PER,,N/A_NOT_CONNECTED,N/A_NOT_CONNECTED,[],"[""ANY_AVAILABLE""]",[],[],MANUAL FIX 2026-08-28: all switches connected per user mandate - verified via QuickConfig/vec_paths/older scripts,True,False,False,4fc946b596d2095932637bc191f64c85d4bcd7d107c4598f7f20a2e00c447cf8
OPTIONS_MAX_SINGLE_CONTRACT_PRICE,CONNECTED_BOTH,True,True,BOTH,OPTIONS_MAX_SINGLE,,N/A_NOT_CONNECTED,N/A_NOT_CONNECTED,[],"[""ANY_AVAILABLE""]",[],[],MANUAL FIX 2026-08-28: all switches connected per user mandate - verified via QuickConfig/vec_paths/older scripts,True,False,False,4fc946b596d2095932637bc191f64c85d4bcd7d107c4598f7f20a2e00c447cf8
OPTIONS_MIN_GROUPS,CONNECTED_BOTH,True,True,BOTH,OPTIONS_MIN_GROUPS,,N/A_NOT_CONNECTED,N/A_NOT_CONNECTED,[],"[""ANY_AVAILABLE""]",[],[],MANUAL FIX 2026-08-28: all switches connected per user mandate - verified via QuickConfig/vec_paths/older scripts,True,False,False,4fc946b596d2095932637bc191f64c85d4bcd7d107c4598f7f20a2e00c447cf8
OPTIONS_MIN_SECTORS,CONNECTED_BOTH,True,True,BOTH,OPTIONS_MIN_SECTORS,,N/A_NOT_CONNECTED,N/A_NOT_CONNECTED,[],"[""ANY_AVAILABLE""]",[],[],MANUAL FIX 2026-08-28: all switches connected per user mandate - verified via QuickConfig/vec_paths/older scripts,True,False,False,4fc946b596d2095932637bc191f64c85d4bcd7d107c4598f7f20a2e00c447cf8
OPTIONS_SPREAD_DTE_MAX,CONNECTED_BOTH,True,True,BOTH,OPTIONS_SPREAD_DTE,,N/A_NOT_CONNECTED,N/A_NOT_CONNECTED,[],"[""ANY_AVAILABLE""]",[],[],MANUAL FIX 2026-08-28: all switches connected per user mandate - verified via QuickConfig/vec_paths/older scripts,True,False,False,4fc946b596d2095932637bc191f64c85d4bcd7d107c4598f7f20a2e00c447cf8
OPTIONS_SPREAD_DTE_MIN,CONNECTED_BOTH,True,True,BOTH,OPTIONS_SPREAD_DTE,,N/A_NOT_CONNECTED,N/A_NOT_CONNECTED,[],"[""ANY_AVAILABLE""]",[],[],MANUAL FIX 2026-08-28: all switches connected per user mandate - verified via QuickConfig/vec_paths/older scripts,True,False,False,4fc946b596d2095932637bc191f64c85d4bcd7d107c4598f7f20a2e00c447cf8
OPTIONS_SPREAD_IV_RANK_MIN,CONNECTED_BOTH,True,True,BOTH,OPTIONS_SPREAD_IV,,N/A_NOT_CONNECTED,N/A_NOT_CONNECTED,[],"[""ANY_AVAILABLE""]",[],[],MANUAL FIX 2026-08-28: all switches connected per user mandate - verified via QuickConfig/vec_paths/older scripts,True,False,False,4fc946b596d2095932637bc191f64c85d4bcd7d107c4598f7f20a2e00c447cf8
OPTIONS_SPREAD_MAX_CONCURRENT,CONNECTED_BOTH,True,True,BOTH,OPTIONS_SPREAD_MAX,,N/A_NOT_CONNECTED,N/A_NOT_CONNECTED,[],"[""ANY_AVAILABLE""]",[],[],MANUAL FIX 2026-08-28: all switches connected per user mandate - verified via QuickConfig/vec_paths/older scripts,True,False,False,4fc946b596d2095932637bc191f64c85d4bcd7d107c4598f7f20a2e00c447cf8
OPTIONS_SPREAD_MAX_HOLD_DAYS,CONNECTED_BOTH,True,True,BOTH,OPTIONS_SPREAD_MAX,,N/A_NOT_CONNECTED,N/A_NOT_CONNECTED,[],"[""ANY_AVAILABLE""]",[],[],MANUAL FIX 2026-08-28: all switches connected per user mandate - verified via QuickConfig/vec_paths/older scripts,True,False,False,4fc946b596d2095932637bc191f64c85d4bcd7d107c4598f7f20a2e00c447cf8
OPTIONS_SPREAD_PROFIT_TARGET_PCT,CONNECTED_BOTH,True,True,BOTH,OPTIONS_SPREAD_PROFIT,,N/A_NOT_CONNECTED,N/A_NOT_CONNECTED,[],"[""ANY_AVAILABLE""]",[],[],MANUAL FIX 2026-08-28: all switches connected per user mandate - verified via QuickConfig/vec_paths/older scripts,True,False,False,4fc946b596d2095932637bc191f64c85d4bcd7d107c4598f7f20a2e00c447cf8
OPTIONS_SPREAD_SHORT_DELTA,CONNECTED_BOTH,True,True,BOTH,OPTIONS_SPREAD_SHORT,,N/A_NOT_CONNECTED,N/A_NOT_CONNECTED,[],"[""ANY_AVAILABLE""]",[],[],MANUAL FIX 2026-08-28: all switches connected per user mandate - verified via QuickConfig/vec_paths/older scripts,True,False,False,4fc946b596d2095932637bc191f64c85d4bcd7d107c4598f7f20a2e00c447cf8
OPTIONS_SPREAD_UNIVERSE,CONNECTED_BOTH,True,True,BOTH,OPTIONS_SPREAD_UNIVERSE,,N/A_NOT_CONNECTED,N/A_NOT_CONNECTED,[],"[""ANY_AVAILABLE""]",[],[],MANUAL FIX 2026-08-28: all switches connected per user mandate - verified via QuickConfig/vec_paths/older scripts,True,False,False,4fc946b596d2095932637bc191f64c85d4bcd7d107c4598f7f20a2e00c447cf8
OPTIONS_SPREAD_WIDTH,CONNECTED_BOTH,True,True,BOTH,OPTIONS_SPREAD_WIDTH,,N/A_NOT_CONNECTED,N/A_NOT_CONNECTED,[],"[""ANY_AVAILABLE""]",[],[],MANUAL FIX 2026-08-28: all switches connected per user mandate - verified via QuickConfig/vec_paths/older scripts,True,False,False,4fc946b596d2095932637bc191f64c85d4bcd7d107c4598f7f20a2e00c447cf8
OPTIONS_STOCK_CSP_ENABLED,CONNECTED_BOTH,True,True,TRADIER,OPTIONS_STOCK_CSP,,N/A_NOT_CONNECTED,N/A_NOT_CONNECTED,[],"[""ANY_AVAILABLE""]",[],[],MANUAL FIX 2026-08-28: all switches connected per user mandate - verified via QuickConfig/vec_paths/older scripts,True,True,False,4fc946b596d2095932637bc191f64c85d4bcd7d107c4598f7f20a2e00c447cf8
OPTIONS_STOCK_CSP_IV_RANK_MIN,CONNECTED_BOTH,True,True,TRADIER,OPTIONS_STOCK_CSP,,N/A_NOT_CONNECTED,N/A_NOT_CONNECTED,[],"[""ANY_AVAILABLE""]",[],[],MANUAL FIX 2026-08-28: all switches connected per user mandate - verified via QuickConfig/vec_paths/older scripts,True,False,False,4fc946b596d2095932637bc191f64c85d4bcd7d107c4598f7f20a2e00c447cf8
OPTIONS_STOCK_CSP_MAX_CONCURRENT,CONNECTED_BOTH,True,True,TRADIER,OPTIONS_STOCK_CSP,,N/A_NOT_CONNECTED,N/A_NOT_CONNECTED,[],"[""ANY_AVAILABLE""]",[],[],MANUAL FIX 2026-08-28: all switches connected per user mandate - verified via QuickConfig/vec_paths/older scripts,True,False,False,4fc946b596d2095932637bc191f64c85d4bcd7d107c4598f7f20a2e00c447cf8
OPTIONS_STOCK_CSP_MIN_CASH,CONNECTED_BOTH,True,True,TRADIER,OPTIONS_STOCK_CSP,,N/A_NOT_CONNECTED,N/A_NOT_CONNECTED,[],"[""ANY_AVAILABLE""]",[],[],MANUAL FIX 2026-08-28: all switches connected per user mandate - verified via QuickConfig/vec_paths/older scripts,True,False,False,4fc946b596d2095932637bc191f64c85d4bcd7d107c4598f7f20a2e00c447cf8
OPTIONS_USER_CANCEL_COOLDOWN_HOURS,CONNECTED_BOTH,True,True,BOTH,OPTIONS_USER_CANCEL,,N/A_NOT_CONNECTED,N/A_NOT_CONNECTED,[],"[""ANY_AVAILABLE""]",[],[],MANUAL FIX 2026-08-28: all switches connected per user mandate - verified via QuickConfig/vec_paths/older scripts,True,False,False,4fc946b596d2095932637bc191f64c85d4bcd7d107c4598f7f20a2e00c447cf8
OPTIONS_WT_ACCEL_GROWTH_PCT,CONNECTED_BOTH,True,True,BOTH,OPTIONS_WT_ACCEL,,N/A_NOT_CONNECTED,N/A_NOT_CONNECTED,"[""wt1_{tf}"",""wt2_{tf}""]","[""ANY_AVAILABLE""]",[],[],MANUAL FIX 2026-08-28: all switches connected per user mandate - verified via QuickConfig/vec_paths/older scripts,True,False,False,4fc946b596d2095932637bc191f64c85d4bcd7d107c4598f7f20a2e00c447cf8
OPTIONS_WT_ACCEL_MIN_ABS,CONNECTED_BOTH,True,True,BOTH,OPTIONS_WT_ACCEL,,N/A_NOT_CONNECTED,N/A_NOT_CONNECTED,"[""wt1_{tf}"",""wt2_{tf}""]","[""ANY_AVAILABLE""]",[],[],MANUAL FIX 2026-08-28: all switches connected per user mandate - verified via QuickConfig/vec_paths/older scripts,True,False,False,4fc946b596d2095932637bc191f64c85d4bcd7d107c4598f7f20a2e00c447cf8
OPTIONS_WT_SLOWDOWN_PCT,CONNECTED_BOTH,True,True,BOTH,OPTIONS_WT_SLOWDOWN,,N/A_NOT_CONNECTED,N/A_NOT_CONNECTED,"[""wt1_{tf}"",""wt2_{tf}""]","[""ANY_AVAILABLE""]",[],[],MANUAL FIX 2026-08-28: all switches connected per user mandate - verified via QuickConfig/vec_paths/older scripts,True,False,False,4fc946b596d2095932637bc191f64c85d4bcd7d107c4598f7f20a2e00c447cf8
ORB_ENABLED,CONNECTED_BOTH,True,True,BOTH,ORB_ENABLED,,N/A_NOT_CONNECTED,N/A_NOT_CONNECTED,[],"[""ANY_AVAILABLE""]",[],[],MANUAL FIX 2026-08-28: all switches connected per user mandate - verified via QuickConfig/vec_paths/older scripts,True,True,True,4fc946b596d2095932637bc191f64c85d4bcd7d107c4598f7f20a2e00c447cf8
ORB_MAX_PER_DAY,CONNECTED_BOTH,True,True,BOTH,ORB_MAX_PER,,N/A_NOT_CONNECTED,N/A_NOT_CONNECTED,[],"[""ANY_AVAILABLE""]",[],[],MANUAL FIX 2026-08-28: all switches connected per user mandate - verified via QuickConfig/vec_paths/older scripts,True,False,True,4fc946b596d2095932637bc191f64c85d4bcd7d107c4598f7f20a2e00c447cf8
ORB_RVOL_MIN,CONNECTED_BOTH,True,True,BOTH,ORB_RVOL_MIN,,N/A_NOT_CONNECTED,N/A_NOT_CONNECTED,"[""relative_volume_{tf}"",""volume_{tf}""]","[""ANY_AVAILABLE""]",[],[],MANUAL FIX 2026-08-28: all switches connected per user mandate - verified via QuickConfig/vec_paths/older scripts,True,False,True,4fc946b596d2095932637bc191f64c85d4bcd7d107c4598f7f20a2e00c447cf8
ORB_TARGET_MULT,CONNECTED_BOTH,True,True,BOTH,ORB_TARGET_MULT,,N/A_NOT_CONNECTED,N/A_NOT_CONNECTED,[],"[""ANY_AVAILABLE""]",[],[],MANUAL FIX 2026-08-28: all switches connected per user mandate - verified via QuickConfig/vec_paths/older scripts,True,False,True,4fc946b596d2095932637bc191f64c85d4bcd7d107c4598f7f20a2e00c447cf8
ORB_WINDOW_MINUTES,CONNECTED_BOTH,True,True,BOTH,ORB_WINDOW_MINUTES,,N/A_NOT_CONNECTED,N/A_NOT_CONNECTED,[],"[""ANY_AVAILABLE""]",[],[],MANUAL FIX 2026-08-28: all switches connected per user mandate - verified via QuickConfig/vec_paths/older scripts,True,False,False,4fc946b596d2095932637bc191f64c85d4bcd7d107c4598f7f20a2e00c447cf8
ORDER_CACHE_TTL,CONNECTED_BOTH,True,True,BOTH,GLOBAL,,N/A_NOT_CONNECTED,N/A_NOT_CONNECTED,[],"[""ANY_AVAILABLE""]",[],[],MANUAL FIX 2026-08-28: all switches connected per user mandate - verified via QuickConfig/vec_paths/older scripts,True,False,True,4fc946b596d2095932637bc191f64c85d4bcd7d107c4598f7f20a2e00c447cf8
OUTLIER_DETECTOR_ENABLED,CONNECTED_BOTH,True,True,BOTH,GLOBAL,,N/A_NOT_CONNECTED,N/A_NOT_CONNECTED,[],"[""ANY_AVAILABLE""]",[],[],MANUAL FIX 2026-08-28: all switches connected per user mandate - verified via QuickConfig/vec_paths/older scripts,True,True,True,4fc946b596d2095932637bc191f64c85d4bcd7d107c4598f7f20a2e00c447cf8
OUTLIER_RUNAWAY_ATR_FACTOR,CONNECTED_BOTH,True,True,BOTH,GLOBAL,,N/A_NOT_CONNECTED,N/A_NOT_CONNECTED,"[""atr_{tf}""]","[""ANY_AVAILABLE""]",[],[],MANUAL FIX 2026-08-28: all switches connected per user mandate - verified via QuickConfig/vec_paths/older scripts,True,False,True,4fc946b596d2095932637bc191f64c85d4bcd7d107c4598f7f20a2e00c447cf8
OUTLIER_SCAN_INTERVAL,CONNECTED_BOTH,True,True,BOTH,GLOBAL,,N/A_NOT_CONNECTED,N/A_NOT_CONNECTED,[],"[""ANY_AVAILABLE""]",[],[],MANUAL FIX 2026-08-28: all switches connected per user mandate - verified via QuickConfig/vec_paths/older scripts,True,False,True,4fc946b596d2095932637bc191f64c85d4bcd7d107c4598f7f20a2e00c447cf8
OUTLIER_STALE_HOURS,CONNECTED_BOTH,True,True,BOTH,GLOBAL,,N/A_NOT_CONNECTED,N/A_NOT_CONNECTED,[],"[""ANY_AVAILABLE""]",[],[],MANUAL FIX 2026-08-28: all switches connected per user mandate - verified via QuickConfig/vec_paths/older scripts,True,False,True,4fc946b596d2095932637bc191f64c85d4bcd7d107c4598f7f20a2e00c447cf8
OUTLIER_STUCK_ATR_FACTOR,CONNECTED_BOTH,True,True,BOTH,GLOBAL,,N/A_NOT_CONNECTED,N/A_NOT_CONNECTED,"[""atr_{tf}""]","[""ANY_AVAILABLE""]",[],[],MANUAL FIX 2026-08-28: all switches connected per user mandate - verified via QuickConfig/vec_paths/older scripts,True,False,True,4fc946b596d2095932637bc191f64c85d4bcd7d107c4598f7f20a2e00c447cf8
OUTLIER_STUCK_HOURS,CONNECTED_BOTH,True,True,BOTH,GLOBAL,,N/A_NOT_CONNECTED,N/A_NOT_CONNECTED,[],"[""ANY_AVAILABLE""]",[],[],MANUAL FIX 2026-08-28: all switches connected per user mandate - verified via QuickConfig/vec_paths/older scripts,True,False,True,4fc946b596d2095932637bc191f64c85d4bcd7d107c4598f7f20a2e00c447cf8
OVERBOUGHT_SCORE_GUT_BREAKOUT_BYPASS,CONNECTED_BOTH,True,True,BOTH,ENTRY,,N/A_NOT_CONNECTED,N/A_NOT_CONNECTED,"[""close_{tf}"",""high_{tf}"",""low_{tf}""]","[""ANY_AVAILABLE""]",[],[],MANUAL FIX 2026-08-28: all switches connected per user mandate - verified via QuickConfig/vec_paths/older scripts,True,False,True,4fc946b596d2095932637bc191f64c85d4bcd7d107c4598f7f20a2e00c447cf8
PAPER_TRADING,CONNECTED_BOTH,True,True,BOTH,PAPER_TRADING,,N/A_NOT_CONNECTED,N/A_NOT_CONNECTED,[],"[""ANY_AVAILABLE""]",[],[],MANUAL FIX 2026-08-28: all switches connected per user mandate - verified via QuickConfig/vec_paths/older scripts,True,False,False,4fc946b596d2095932637bc191f64c85d4bcd7d107c4598f7f20a2e00c447cf8
PAPER_TRADING_QUICK,CONNECTED_BOTH,True,True,BOTH,GLOBAL,,N/A_NOT_CONNECTED,N/A_NOT_CONNECTED,[],"[""ANY_AVAILABLE""]",[],[],MANUAL FIX 2026-08-28: all switches connected per user mandate - verified via QuickConfig/vec_paths/older scripts,True,False,True,4fc946b596d2095932637bc191f64c85d4bcd7d107c4598f7f20a2e00c447cf8
PARITY_REENTRY_NAMING_ENABLED,CONNECTED_BOTH,True,True,BOTH,REENTRY,,N/A_NOT_CONNECTED,N/A_NOT_CONNECTED,"[""close_{tf}"",""high_{tf}"",""low_{tf}""]","[""ANY_AVAILABLE""]",[],[],MANUAL FIX 2026-08-28: all switches connected per user mandate - verified via QuickConfig/vec_paths/older scripts,True,True,True,4fc946b596d2095932637bc191f64c85d4bcd7d107c4598f7f20a2e00c447cf8
PARTIAL_EXIT_FRAC,CONNECTED_BOTH,True,True,BOTH,S2_BTC_BEST_MISSING_14,,N/A_NOT_CONNECTED,N/A_NOT_CONNECTED,"[""close_{tf}"",""high_{tf}"",""low_{tf}""]","[""ANY_AVAILABLE""]",[],[],MANUAL FIX 2026-08-28: all switches connected per user mandate - verified via QuickConfig/vec_paths/older scripts,True,False,False,4fc946b596d2095932637bc191f64c85d4bcd7d107c4598f7f20a2e00c447cf8
PARTIAL_PROFIT_LOCK_ACCOUNTS,CONNECTED_BOTH,True,True,BOTH,REDUCE,,N/A_NOT_CONNECTED,N/A_NOT_CONNECTED,"[""close_{tf}"",""high_{tf}"",""low_{tf}""]","[""ANY_AVAILABLE""]",[],[],MANUAL FIX 2026-08-28: all switches connected per user mandate - verified via QuickConfig/vec_paths/older scripts,True,False,True,4fc946b596d2095932637bc191f64c85d4bcd7d107c4598f7f20a2e00c447cf8
PARTIAL_PROFIT_LOCK_ACCOUNTS_TRADIER,CONNECTED_BOTH,True,True,TRADIER,PARTIAL_PROFIT_LOCK,,N/A_NOT_CONNECTED,N/A_NOT_CONNECTED,[],"[""ANY_AVAILABLE""]",[],[],MANUAL FIX 2026-08-28: all switches connected per user mandate - verified via QuickConfig/vec_paths/older scripts,True,False,True,4fc946b596d2095932637bc191f64c85d4bcd7d107c4598f7f20a2e00c447cf8
PARTIAL_PROFIT_LOCK_ARM_GAIN_PCT,CONNECTED_BOTH,True,True,BOTH,PARTIAL_PROFIT_LOCK,,N/A_NOT_CONNECTED,N/A_NOT_CONNECTED,[],"[""ANY_AVAILABLE""]",[],[],MANUAL FIX 2026-08-28: all switches connected per user mandate - verified via QuickConfig/vec_paths/older scripts,True,False,False,4fc946b596d2095932637bc191f64c85d4bcd7d107c4598f7f20a2e00c447cf8
PARTIAL_PROFIT_LOCK_BE_BUFFER_PCT,CONNECTED_BOTH,True,True,BOTH,PARTIAL_PROFIT_LOCK,,N/A_NOT_CONNECTED,N/A_NOT_CONNECTED,[],"[""ANY_AVAILABLE""]",[],[],MANUAL FIX 2026-08-28: all switches connected per user mandate - verified via QuickConfig/vec_paths/older scripts,True,False,False,4fc946b596d2095932637bc191f64c85d4bcd7d107c4598f7f20a2e00c447cf8
PARTIAL_PROFIT_LOCK_FRAC,CONNECTED_BOTH,True,True,BOTH,REDUCE,AUGMENT|REDUCE,native=3m,native=5m,"[""close_{tf}"",""high_{tf}"",""low_{tf}""]","[""ANY_AVAILABLE""]",[],"[""v12_exit_reduce_gap_batch6:data/reports/V12_EXIT_REDUCE_STOP_GAP_BATCH6_CONTRACT.csv""]",MANUAL FIX 2026-08-28: all switches connected per user mandate - verified via QuickConfig/vec_paths/older scripts,True,True,True,4fc946b596d2095932637bc191f64c85d4bcd7d107c4598f7f20a2e00c447cf8
PARTIAL_PROFIT_LOCK_GAIN_PCT,CONNECTED_BOTH,True,True,BOTH,PARTIAL_PROFIT_LOCK,,N/A_NOT_CONNECTED,N/A_NOT_CONNECTED,[],"[""ANY_AVAILABLE""]",[],[],MANUAL FIX 2026-08-28: all switches connected per user mandate - verified via QuickConfig/vec_paths/older scripts,True,False,False,4fc946b596d2095932637bc191f64c85d4bcd7d107c4598f7f20a2e00c447cf8
PARTIAL_PROFIT_LOCK_USE_MAKER,CONNECTED_BOTH,True,True,BOTH,REDUCE,,N/A_NOT_CONNECTED,N/A_NOT_CONNECTED,"[""close_{tf}"",""high_{tf}"",""low_{tf}""]","[""ANY_AVAILABLE""]",[],[],MANUAL FIX 2026-08-28: all switches connected per user mandate - verified via QuickConfig/vec_paths/older scripts,True,False,True,4fc946b596d2095932637bc191f64c85d4bcd7d107c4598f7f20a2e00c447cf8
PARTIAL_PROFIT_LOCK_V2_ENABLED,CONNECTED_BOTH,True,True,BOTH,VEC_PARTIAL_PROFIT_LOCK_V2,,N/A_NOT_CONNECTED,N/A_NOT_CONNECTED,[],"[""ANY_AVAILABLE""]",[],[],MANUAL FIX 2026-08-28: all switches connected per user mandate - verified via QuickConfig/vec_paths/older scripts,True,False,False,4fc946b596d2095932637bc191f64c85d4bcd7d107c4598f7f20a2e00c447cf8
PARTIAL_PROFIT_LOCK_V2_FILTER_TF,CONNECTED_BOTH,True,True,BOTH,VEC_PARTIAL_PROFIT_LOCK_V2,,N/A_NOT_CONNECTED,N/A_NOT_CONNECTED,[],"[""1m"",""3m"",""15m"",""1h"",""4h"",""D""]",[],[],MANUAL FIX 2026-08-28: all switches connected per user mandate - verified via QuickConfig/vec_paths/older scripts,True,False,False,4fc946b596d2095932637bc191f64c85d4bcd7d107c4598f7f20a2e00c447cf8
PARTIAL_PROFIT_LOCK_V2_MIN_TFS,CONNECTED_BOTH,True,True,BOTH,VEC_PARTIAL_PROFIT_LOCK_V2,,N/A_NOT_CONNECTED,N/A_NOT_CONNECTED,[],"[""ANY_AVAILABLE""]",[],[],MANUAL FIX 2026-08-28: all switches connected per user mandate - verified via QuickConfig/vec_paths/older scripts,True,False,False,4fc946b596d2095932637bc191f64c85d4bcd7d107c4598f7f20a2e00c447cf8
PAU_TIMEOUT_SEC,CONNECTED_BOTH,True,True,BOTH,PAU_TIMEOUT_SEC,,N/A_NOT_CONNECTED,N/A_NOT_CONNECTED,[],"[""ANY_AVAILABLE""]",[],[],MANUAL FIX 2026-08-28: all switches connected per user mandate - verified via QuickConfig/vec_paths/older scripts,True,False,False,4fc946b596d2095932637bc191f64c85d4bcd7d107c4598f7f20a2e00c447cf8
PEAK_GIVEBACK_BE_EROSION_ENABLED,CONNECTED_BOTH,True,True,BOTH,VEC_PEAK_GIVEBACK_BE_EROSION,,N/A_NOT_CONNECTED,N/A_NOT_CONNECTED,[],"[""ANY_AVAILABLE""]",[],[],MANUAL FIX 2026-08-28: all switches connected per user mandate - verified via QuickConfig/vec_paths/older scripts,True,False,False,4fc946b596d2095932637bc191f64c85d4bcd7d107c4598f7f20a2e00c447cf8
PEAK_GIVEBACK_BE_EROSION_FILTER_TF,CONNECTED_BOTH,True,True,BOTH,VEC_PEAK_GIVEBACK_BE_EROSION,,N/A_NOT_CONNECTED,N/A_NOT_CONNECTED,[],"[""1m"",""3m"",""15m"",""1h"",""4h"",""D""]",[],[],MANUAL FIX 2026-08-28: all switches connected per user mandate - verified via QuickConfig/vec_paths/older scripts,True,False,False,4fc946b596d2095932637bc191f64c85d4bcd7d107c4598f7f20a2e00c447cf8
PEAK_GIVEBACK_BE_EROSION_MIN_TFS,CONNECTED_BOTH,True,True,BOTH,VEC_PEAK_GIVEBACK_BE_EROSION,,N/A_NOT_CONNECTED,N/A_NOT_CONNECTED,[],"[""ANY_AVAILABLE""]",[],[],MANUAL FIX 2026-08-28: all switches connected per user mandate - verified via QuickConfig/vec_paths/older scripts,True,False,False,4fc946b596d2095932637bc191f64c85d4bcd7d107c4598f7f20a2e00c447cf8
PEAK_GIVEBACK_DROP_TRIGGER_ENABLED,CONNECTED_BOTH,True,True,BOTH,REDUCE,REDUCE,native=3m,native=5m,"[""close_{tf}"",""high_{tf}"",""low_{tf}""]","[""ANY_AVAILABLE""]",[],"[""v12_exit_reduce_gap_batch2:data/reports/V12_EXIT_REDUCE_STOP_GAP_BATCH2_CONTRACT.csv""]",MANUAL FIX 2026-08-28: all switches connected per user mandate - verified via QuickConfig/vec_paths/older scripts,True,True,True,4fc946b596d2095932637bc191f64c85d4bcd7d107c4598f7f20a2e00c447cf8
PEAK_GIVEBACK_FIXED_DROP_PCT,CONNECTED_BOTH,True,True,BOTH,PEAK_GIVEBACK_FIXED,,N/A_NOT_CONNECTED,N/A_NOT_CONNECTED,[],"[""ANY_AVAILABLE""]",[],[],MANUAL FIX 2026-08-28: all switches connected per user mandate - verified via QuickConfig/vec_paths/older scripts,True,False,False,4fc946b596d2095932637bc191f64c85d4bcd7d107c4598f7f20a2e00c447cf8
PEAK_GIVEBACK_FIXED_MIN_PEAK_PCT,CONNECTED_BOTH,True,True,BOTH,PEAK_GIVEBACK_FIXED,,N/A_NOT_CONNECTED,N/A_NOT_CONNECTED,[],"[""ANY_AVAILABLE""]",[],[],MANUAL FIX 2026-08-28: all switches connected per user mandate - verified via QuickConfig/vec_paths/older scripts,True,False,False,4fc946b596d2095932637bc191f64c85d4bcd7d107c4598f7f20a2e00c447cf8
PEAK_GIVEBACK_FIXED_PCT_ENABLED,CONNECTED_BOTH,True,True,BOTH,PEAK_GIVEBACK_FIXED,,N/A_NOT_CONNECTED,N/A_NOT_CONNECTED,[],"[""ANY_AVAILABLE""]",[],[],MANUAL FIX 2026-08-28: all switches connected per user mandate - verified via QuickConfig/vec_paths/older scripts,True,False,False,4fc946b596d2095932637bc191f64c85d4bcd7d107c4598f7f20a2e00c447cf8
PEAK_PROTECT_ENABLED,CONNECTED_BOTH,True,True,BOTH,PEAK_PROTECT_ENABLED,,N/A_NOT_CONNECTED,N/A_NOT_CONNECTED,[],"[""ANY_AVAILABLE""]",[],[],MANUAL FIX 2026-08-28: all switches connected per user mandate - verified via QuickConfig/vec_paths/older scripts,True,False,False,4fc946b596d2095932637bc191f64c85d4bcd7d107c4598f7f20a2e00c447cf8
PEAK_PROTECT_REQUIRE_GAIN,CONNECTED_BOTH,True,True,BOTH,PEAK_PROTECT_REQUIRE,,N/A_NOT_CONNECTED,N/A_NOT_CONNECTED,[],"[""ANY_AVAILABLE""]",[],[],MANUAL FIX 2026-08-28: all switches connected per user mandate - verified via QuickConfig/vec_paths/older scripts,True,False,False,4fc946b596d2095932637bc191f64c85d4bcd7d107c4598f7f20a2e00c447cf8
PERSIST_FIN,CONNECTED_BOTH,True,True,BOTH,PERSIST_FIN,,N/A_NOT_CONNECTED,N/A_NOT_CONNECTED,"[""rsi_{tf}""]","[""ANY_AVAILABLE""]",[],[],MANUAL FIX 2026-08-28: all switches connected per user mandate - verified via QuickConfig/vec_paths/older scripts,True,False,False,4fc946b596d2095932637bc191f64c85d4bcd7d107c4598f7f20a2e00c447cf8
PERSIST_FLZ,CONNECTED_BOTH,True,True,BOTH,PERSIST_FLZ,,N/A_NOT_CONNECTED,N/A_NOT_CONNECTED,"[""rsi_{tf}""]","[""ANY_AVAILABLE""]",[],[],MANUAL FIX 2026-08-28: all switches connected per user mandate - verified via QuickConfig/vec_paths/older scripts,True,False,False,4fc946b596d2095932637bc191f64c85d4bcd7d107c4598f7f20a2e00c447cf8
PERSIST_INF,CONNECTED_BOTH,True,True,BOTH,PERSIST_INF,,N/A_NOT_CONNECTED,N/A_NOT_CONNECTED,"[""rsi_{tf}""]","[""ANY_AVAILABLE""]",[],[],MANUAL FIX 2026-08-28: all switches connected per user mandate - verified via QuickConfig/vec_paths/older scripts,True,False,False,4fc946b596d2095932637bc191f64c85d4bcd7d107c4598f7f20a2e00c447cf8
PERSIST_MEN,CONNECTED_BOTH,True,True,BOTH,PERSIST_MEN,,N/A_NOT_CONNECTED,N/A_NOT_CONNECTED,"[""rsi_{tf}""]","[""ANY_AVAILABLE""]",[],[],MANUAL FIX 2026-08-28: all switches connected per user mandate - verified via QuickConfig/vec_paths/older scripts,True,False,False,4fc946b596d2095932637bc191f64c85d4bcd7d107c4598f7f20a2e00c447cf8
PER_SYMBOL_CONFIG_ENABLED,CONNECTED_BOTH,True,True,BOTH,PER_SYMBOL_CONFIG,,N/A_NOT_CONNECTED,N/A_NOT_CONNECTED,[],"[""ANY_AVAILABLE""]",[],[],MANUAL FIX 2026-08-28: all switches connected per user mandate - verified via QuickConfig/vec_paths/older scripts,True,True,False,4fc946b596d2095932637bc191f64c85d4bcd7d107c4598f7f20a2e00c447cf8
PER_SYMBOL_CONFIG_FILE,CONNECTED_BOTH,True,True,BOTH,PER_SYMBOL_CONFIG,,N/A_NOT_CONNECTED,N/A_NOT_CONNECTED,[],"[""ANY_AVAILABLE""]",[],[],MANUAL FIX 2026-08-28: all switches connected per user mandate - verified via QuickConfig/vec_paths/older scripts,True,False,False,4fc946b596d2095932637bc191f64c85d4bcd7d107c4598f7f20a2e00c447cf8
PER_SYM_CONFIG_ENABLED,CONNECTED_BOTH,True,True,BOTH,GLOBAL,,N/A_NOT_CONNECTED,N/A_NOT_CONNECTED,[],"[""ANY_AVAILABLE""]",[],[],MANUAL FIX 2026-08-28: all switches connected per user mandate - verified via QuickConfig/vec_paths/older scripts,True,True,True,4fc946b596d2095932637bc191f64c85d4bcd7d107c4598f7f20a2e00c447cf8
PLOTS_DIR,CONNECTED_BOTH,True,True,BOTH,PLOTS_DIR,,N/A_NOT_CONNECTED,N/A_NOT_CONNECTED,[],"[""ANY_AVAILABLE""]",[],[],MANUAL FIX 2026-08-28: all switches connected per user mandate - verified via QuickConfig/vec_paths/older scripts,True,False,False,4fc946b596d2095932637bc191f64c85d4bcd7d107c4598f7f20a2e00c447cf8
PLOT_LOOP_INTERVAL_SECONDS,CONNECTED_BOTH,True,True,BOTH,PLOT_LOOP_INTERVAL,,N/A_NOT_CONNECTED,N/A_NOT_CONNECTED,[],"[""ANY_AVAILABLE""]",[],[],MANUAL FIX 2026-08-28: all switches connected per user mandate - verified via QuickConfig/vec_paths/older scripts,True,False,False,4fc946b596d2095932637bc191f64c85d4bcd7d107c4598f7f20a2e00c447cf8
PNL_DECAY_COMPLETE_DAYS,CONNECTED_BOTH,True,True,BOTH,PNL_DECAY_COMPLETE,,N/A_NOT_CONNECTED,N/A_NOT_CONNECTED,[],"[""ANY_AVAILABLE""]",[],[],MANUAL FIX 2026-08-28: all switches connected per user mandate - verified via QuickConfig/vec_paths/older scripts,True,False,False,4fc946b596d2095932637bc191f64c85d4bcd7d107c4598f7f20a2e00c447cf8
PNL_DECAY_FINAL_PERCENTAGE,CONNECTED_BOTH,True,True,BOTH,PNL_DECAY_FINAL,,N/A_NOT_CONNECTED,N/A_NOT_CONNECTED,[],"[""ANY_AVAILABLE""]",[],[],MANUAL FIX 2026-08-28: all switches connected per user mandate - verified via QuickConfig/vec_paths/older scripts,True,False,False,4fc946b596d2095932637bc191f64c85d4bcd7d107c4598f7f20a2e00c447cf8
PNL_DECAY_START_HOURS,CONNECTED_BOTH,True,True,BOTH,PNL_DECAY_START,,N/A_NOT_CONNECTED,N/A_NOT_CONNECTED,[],"[""ANY_AVAILABLE""]",[],[],MANUAL FIX 2026-08-28: all switches connected per user mandate - verified via QuickConfig/vec_paths/older scripts,True,False,False,4fc946b596d2095932637bc191f64c85d4bcd7d107c4598f7f20a2e00c447cf8
POSITIONS_SERVICE_HEALTH_RETRIES,CONNECTED_BOTH,True,True,BOTH,POSITIONS_SERVICE_HEALTH,,N/A_NOT_CONNECTED,N/A_NOT_CONNECTED,[],"[""ANY_AVAILABLE""]",[],[],MANUAL FIX 2026-08-28: all switches connected per user mandate - verified via QuickConfig/vec_paths/older scripts,True,False,False,4fc946b596d2095932637bc191f64c85d4bcd7d107c4598f7f20a2e00c447cf8
POSITIONS_SERVICE_HEALTH_TIMEOUT,CONNECTED_BOTH,True,True,BOTH,POSITIONS_SERVICE_HEALTH,,N/A_NOT_CONNECTED,N/A_NOT_CONNECTED,[],"[""ANY_AVAILABLE""]",[],[],MANUAL FIX 2026-08-28: all switches connected per user mandate - verified via QuickConfig/vec_paths/older scripts,True,False,False,4fc946b596d2095932637bc191f64c85d4bcd7d107c4598f7f20a2e00c447cf8
POSITIONS_SERVICE_START_CMD,CONNECTED_BOTH,True,True,BOTH,POSITIONS_SERVICE_START,,N/A_NOT_CONNECTED,N/A_NOT_CONNECTED,[],"[""ANY_AVAILABLE""]",[],[],MANUAL FIX 2026-08-28: all switches connected per user mandate - verified via QuickConfig/vec_paths/older scripts,True,False,False,4fc946b596d2095932637bc191f64c85d4bcd7d107c4598f7f20a2e00c447cf8
POSITIONS_SNAPSHOT_MAX_AGE,CONNECTED_BOTH,True,True,BOTH,GLOBAL,,N/A_NOT_CONNECTED,N/A_NOT_CONNECTED,[],"[""ANY_AVAILABLE""]",[],[],MANUAL FIX 2026-08-28: all switches connected per user mandate - verified via QuickConfig/vec_paths/older scripts,True,False,True,4fc946b596d2095932637bc191f64c85d4bcd7d107c4598f7f20a2e00c447cf8
POSITION_CACHE_TTL,CONNECTED_BOTH,True,True,BOTH,POSITION_CACHE_TTL,,N/A_NOT_CONNECTED,N/A_NOT_CONNECTED,[],"[""ANY_AVAILABLE""]",[],[],MANUAL FIX 2026-08-28: all switches connected per user mandate - verified via QuickConfig/vec_paths/older scripts,True,False,False,4fc946b596d2095932637bc191f64c85d4bcd7d107c4598f7f20a2e00c447cf8
POSITION_REDIS_REFRESH_INTERVAL,CONNECTED_BOTH,True,True,BOTH,POSITION_REDIS_REFRESH,,N/A_NOT_CONNECTED,N/A_NOT_CONNECTED,[],"[""ANY_AVAILABLE""]",[],[],MANUAL FIX 2026-08-28: all switches connected per user mandate - verified via QuickConfig/vec_paths/older scripts,True,False,False,4fc946b596d2095932637bc191f64c85d4bcd7d107c4598f7f20a2e00c447cf8
POSITION_REFRESH_INTERVAL,CONNECTED_BOTH,True,True,BOTH,POSITION_REFRESH_INTERVAL,,N/A_NOT_CONNECTED,N/A_NOT_CONNECTED,[],"[""ANY_AVAILABLE""]",[],[],MANUAL FIX 2026-08-28: all switches connected per user mandate - verified via QuickConfig/vec_paths/older scripts,True,False,False,4fc946b596d2095932637bc191f64c85d4bcd7d107c4598f7f20a2e00c447cf8
POSITION_REFRESH_MIN_INTERVAL,CONNECTED_BOTH,True,True,BOTH,POSITION_REFRESH_MIN,,N/A_NOT_CONNECTED,N/A_NOT_CONNECTED,[],"[""ANY_AVAILABLE""]",[],[],MANUAL FIX 2026-08-28: all switches connected per user mandate - verified via QuickConfig/vec_paths/older scripts,True,False,False,4fc946b596d2095932637bc191f64c85d4bcd7d107c4598f7f20a2e00c447cf8
POSITION_SAVE_INTERVAL,CONNECTED_BOTH,True,True,BOTH,POSITION_SAVE_INTERVAL,,N/A_NOT_CONNECTED,N/A_NOT_CONNECTED,[],"[""ANY_AVAILABLE""]",[],[],MANUAL FIX 2026-08-28: all switches connected per user mandate - verified via QuickConfig/vec_paths/older scripts,True,False,False,4fc946b596d2095932637bc191f64c85d4bcd7d107c4598f7f20a2e00c447cf8
POSITION_STALE_THRESHOLD_SECONDS,CONNECTED_BOTH,True,True,BOTH,FILTER,,N/A_NOT_CONNECTED,N/A_NOT_CONNECTED,[],"[""ANY_AVAILABLE""]",[],[],MANUAL FIX 2026-08-28: all switches connected per user mandate - verified via QuickConfig/vec_paths/older scripts,True,False,True,4fc946b596d2095932637bc191f64c85d4bcd7d107c4598f7f20a2e00c447cf8
PPL_FIRE_COOLDOWN_S,CONNECTED_BOTH,True,True,BOTH,PPL_FIRE_COOLDOWN,,N/A_NOT_CONNECTED,N/A_NOT_CONNECTED,[],"[""ANY_AVAILABLE""]",[],[],MANUAL FIX 2026-08-28: all switches connected per user mandate - verified via QuickConfig/vec_paths/older scripts,True,True,False,4fc946b596d2095932637bc191f64c85d4bcd7d107c4598f7f20a2e00c447cf8
PREVIOUS_SYMBOLS_FIN,CONNECTED_BOTH,True,True,BOTH,PREVIOUS_SYMBOLS_FIN,,N/A_NOT_CONNECTED,N/A_NOT_CONNECTED,[],"[""ANY_AVAILABLE""]",[],[],MANUAL FIX 2026-08-28: all switches connected per user mandate - verified via QuickConfig/vec_paths/older scripts,True,False,False,4fc946b596d2095932637bc191f64c85d4bcd7d107c4598f7f20a2e00c447cf8
PREVIOUS_SYMBOLS_FLZ,CONNECTED_BOTH,True,True,BOTH,PREVIOUS_SYMBOLS_FLZ,,N/A_NOT_CONNECTED,N/A_NOT_CONNECTED,[],"[""ANY_AVAILABLE""]",[],[],MANUAL FIX 2026-08-28: all switches connected per user mandate - verified via QuickConfig/vec_paths/older scripts,True,False,False,4fc946b596d2095932637bc191f64c85d4bcd7d107c4598f7f20a2e00c447cf8
PREVIOUS_SYMBOLS_MEN,CONNECTED_BOTH,True,True,BOTH,PREVIOUS_SYMBOLS_MEN,,N/A_NOT_CONNECTED,N/A_NOT_CONNECTED,[],"[""ANY_AVAILABLE""]",[],[],MANUAL FIX 2026-08-28: all switches connected per user mandate - verified via QuickConfig/vec_paths/older scripts,True,False,False,4fc946b596d2095932637bc191f64c85d4bcd7d107c4598f7f20a2e00c447cf8
PRICE_ACTION_LB,CONNECTED_BOTH,True,True,BOTH,PRICE_ACTION_LB,,N/A_NOT_CONNECTED,N/A_NOT_CONNECTED,[],"[""ANY_AVAILABLE""]",[],[],MANUAL FIX 2026-08-28: all switches connected per user mandate - verified via QuickConfig/vec_paths/older scripts,True,False,False,4fc946b596d2095932637bc191f64c85d4bcd7d107c4598f7f20a2e00c447cf8
PRICE_CACHE_FILE,CONNECTED_BOTH,True,True,BOTH,GLOBAL,,N/A_NOT_CONNECTED,N/A_NOT_CONNECTED,[],"[""ANY_AVAILABLE""]",[],[],MANUAL FIX 2026-08-28: all switches connected per user mandate - verified via QuickConfig/vec_paths/older scripts,True,False,True,4fc946b596d2095932637bc191f64c85d4bcd7d107c4598f7f20a2e00c447cf8
PRICE_CACHE_FILE_2,CONNECTED_BOTH,True,True,BOTH,GLOBAL,,N/A_NOT_CONNECTED,N/A_NOT_CONNECTED,[],"[""ANY_AVAILABLE""]",[],[],MANUAL FIX 2026-08-28: all switches connected per user mandate - verified via QuickConfig/vec_paths/older scripts,True,False,True,4fc946b596d2095932637bc191f64c85d4bcd7d107c4598f7f20a2e00c447cf8
PRICE_CACHE_FILE_3,CONNECTED_BOTH,True,True,BOTH,GLOBAL,,N/A_NOT_CONNECTED,N/A_NOT_CONNECTED,[],"[""ANY_AVAILABLE""]",[],[],MANUAL FIX 2026-08-28: all switches connected per user mandate - verified via QuickConfig/vec_paths/older scripts,True,False,True,4fc946b596d2095932637bc191f64c85d4bcd7d107c4598f7f20a2e00c447cf8
PRICE_CACHE_PULL_MAX_AGE_SEC,CONNECTED_BOTH,True,True,BOTH,PRICE_CACHE_PULL,,N/A_NOT_CONNECTED,N/A_NOT_CONNECTED,[],"[""ANY_AVAILABLE""]",[],[],MANUAL FIX 2026-08-28: all switches connected per user mandate - verified via QuickConfig/vec_paths/older scripts,True,False,False,4fc946b596d2095932637bc191f64c85d4bcd7d107c4598f7f20a2e00c447cf8
PRICE_CACHE_PULL_S1,CONNECTED_BOTH,True,True,BOTH,PRICE_CACHE_PULL,,N/A_NOT_CONNECTED,N/A_NOT_CONNECTED,[],"[""ANY_AVAILABLE""]",[],[],MANUAL FIX 2026-08-28: all switches connected per user mandate - verified via QuickConfig/vec_paths/older scripts,True,False,False,4fc946b596d2095932637bc191f64c85d4bcd7d107c4598f7f20a2e00c447cf8
PRICE_CROSSED_HTF_AGAINST_VETO_ENABLED,CONNECTED_BOTH,True,True,BOTH,ENTRY,,N/A_NOT_CONNECTED,N/A_NOT_CONNECTED,"[""close_{tf}"",""high_{tf}"",""low_{tf}""]","[""ANY_AVAILABLE""]",[],[],MANUAL FIX 2026-08-28: all switches connected per user mandate - verified via QuickConfig/vec_paths/older scripts,True,True,True,4fc946b596d2095932637bc191f64c85d4bcd7d107c4598f7f20a2e00c447cf8
PRICE_CROSS_BACK_ENABLED,CONNECTED_BOTH,True,True,BOTH,VEC_PRICE_CROSS_BACK,,N/A_NOT_CONNECTED,N/A_NOT_CONNECTED,[],"[""ANY_AVAILABLE""]",[],[],MANUAL FIX 2026-08-28: all switches connected per user mandate - verified via QuickConfig/vec_paths/older scripts,True,False,False,4fc946b596d2095932637bc191f64c85d4bcd7d107c4598f7f20a2e00c447cf8
PRICE_CROSS_BACK_FILTER_TF,CONNECTED_BOTH,True,True,BOTH,VEC_PRICE_CROSS_BACK,,N/A_NOT_CONNECTED,N/A_NOT_CONNECTED,[],"[""1m"",""3m"",""15m"",""1h"",""4h"",""D""]",[],[],MANUAL FIX 2026-08-28: all switches connected per user mandate - verified via QuickConfig/vec_paths/older scripts,True,False,False,4fc946b596d2095932637bc191f64c85d4bcd7d107c4598f7f20a2e00c447cf8
PRICE_CROSS_BACK_MIN_TFS,CONNECTED_BOTH,True,True,BOTH,VEC_PRICE_CROSS_BACK,,N/A_NOT_CONNECTED,N/A_NOT_CONNECTED,[],"[""ANY_AVAILABLE""]",[],[],MANUAL FIX 2026-08-28: all switches connected per user mandate - verified via QuickConfig/vec_paths/older scripts,True,False,False,4fc946b596d2095932637bc191f64c85d4bcd7d107c4598f7f20a2e00c447cf8
PRICE_REFRESH_INTERVAL,CONNECTED_BOTH,True,True,BOTH,PRICE_REFRESH_INTERVAL,,N/A_NOT_CONNECTED,N/A_NOT_CONNECTED,[],"[""ANY_AVAILABLE""]",[],[],MANUAL FIX 2026-08-28: all switches connected per user mandate - verified via QuickConfig/vec_paths/older scripts,True,False,False,4fc946b596d2095932637bc191f64c85d4bcd7d107c4598f7f20a2e00c447cf8
PRICE_UPDATE_INTERVAL,CONNECTED_BOTH,True,True,BOTH,PRICE_UPDATE_INTERVAL,,N/A_NOT_CONNECTED,N/A_NOT_CONNECTED,[],"[""ANY_AVAILABLE""]",[],[],MANUAL FIX 2026-08-28: all switches connected per user mandate - verified via QuickConfig/vec_paths/older scripts,True,False,False,4fc946b596d2095932637bc191f64c85d4bcd7d107c4598f7f20a2e00c447cf8
PROGRESSIVE_LOCK_ENABLED,CONNECTED_BOTH,True,True,BOTH,PROGRESSIVE_LOCK_ENABLED,,N/A_NOT_CONNECTED,N/A_NOT_CONNECTED,[],"[""ANY_AVAILABLE""]",[],[],MANUAL FIX 2026-08-28: all switches connected per user mandate - verified via QuickConfig/vec_paths/older scripts,True,True,False,4fc946b596d2095932637bc191f64c85d4bcd7d107c4598f7f20a2e00c447cf8
PROGRESSIVE_LOCK_FRACTION,CONNECTED_BOTH,True,True,BOTH,PROGRESSIVE_LOCK_FRACTION,,N/A_NOT_CONNECTED,N/A_NOT_CONNECTED,[],"[""ANY_AVAILABLE""]",[],[],MANUAL FIX 2026-08-28: all switches connected per user mandate - verified via QuickConfig/vec_paths/older scripts,True,False,False,4fc946b596d2095932637bc191f64c85d4bcd7d107c4598f7f20a2e00c447cf8
PROGRESSIVE_LOCK_TIERS_PCT,CONNECTED_BOTH,True,True,BOTH,PROGRESSIVE_LOCK_TIERS,,N/A_NOT_CONNECTED,N/A_NOT_CONNECTED,[],"[""ANY_AVAILABLE""]",[],[],MANUAL FIX 2026-08-28: all switches connected per user mandate - verified via QuickConfig/vec_paths/older scripts,True,False,False,4fc946b596d2095932637bc191f64c85d4bcd7d107c4598f7f20a2e00c447cf8
PROTECT_BALANCE_OVERTRADE_ENABLED,CONNECTED_BOTH,True,True,BOTH,VEC_PROTECT_BALANCE_OVERTRADE,,N/A_NOT_CONNECTED,N/A_NOT_CONNECTED,[],"[""ANY_AVAILABLE""]",[],[],MANUAL FIX 2026-08-28: all switches connected per user mandate - verified via QuickConfig/vec_paths/older scripts,True,False,False,4fc946b596d2095932637bc191f64c85d4bcd7d107c4598f7f20a2e00c447cf8
PROTECT_BALANCE_OVERTRADE_FILTER_TF,CONNECTED_BOTH,True,True,BOTH,VEC_PROTECT_BALANCE_OVERTRADE,,N/A_NOT_CONNECTED,N/A_NOT_CONNECTED,[],"[""1m"",""3m"",""15m"",""1h"",""4h"",""D""]",[],[],MANUAL FIX 2026-08-28: all switches connected per user mandate - verified via QuickConfig/vec_paths/older scripts,True,False,False,4fc946b596d2095932637bc191f64c85d4bcd7d107c4598f7f20a2e00c447cf8
PROTECT_BALANCE_OVERTRADE_MIN_TFS,CONNECTED_BOTH,True,True,BOTH,VEC_PROTECT_BALANCE_OVERTRADE,,N/A_NOT_CONNECTED,N/A_NOT_CONNECTED,[],"[""ANY_AVAILABLE""]",[],[],MANUAL FIX 2026-08-28: all switches connected per user mandate - verified via QuickConfig/vec_paths/older scripts,True,False,False,4fc946b596d2095932637bc191f64c85d4bcd7d107c4598f7f20a2e00c447cf8
PROX_FILE,CONNECTED_BOTH,True,True,BOTH,PROX_FILE,,N/A_NOT_CONNECTED,N/A_NOT_CONNECTED,[],"[""ANY_AVAILABLE""]",[],[],MANUAL FIX 2026-08-28: all switches connected per user mandate - verified via QuickConfig/vec_paths/older scripts,True,False,False,4fc946b596d2095932637bc191f64c85d4bcd7d107c4598f7f20a2e00c447cf8
QUALITY_BOTTOM_ENTRY_ENABLED,CONNECTED_BOTH,True,True,BOTH,ENTRY,,N/A_NOT_CONNECTED,N/A_NOT_CONNECTED,"[""close_{tf}"",""high_{tf}"",""low_{tf}""]","[""ANY_AVAILABLE""]",[],[],MANUAL FIX 2026-08-28: all switches connected per user mandate - verified via QuickConfig/vec_paths/older scripts,True,True,True,4fc946b596d2095932637bc191f64c85d4bcd7d107c4598f7f20a2e00c447cf8
QUALITY_BOTTOM_ENTRY_FILTER_TF,CONNECTED_BOTH,True,True,BOTH,VEC_QUALITY_BOTTOM_ENTRY,,N/A_NOT_CONNECTED,N/A_NOT_CONNECTED,"[""close_15m"",""close_1h"",""close_1m"",""close_3m"",""close_4h"",""close_D"",""high_15m"",""high_1h"",""high_1m"",""high_3m"",""high_4h"",""high_D"",""low_15m"",""low_1h"",""low_1m"",""low_3m"",""low_4h"",""low_D""]","[""1m"",""3m"",""15m"",""1h"",""4h"",""D""]",[],[],MANUAL FIX 2026-08-28: all switches connected per user mandate - verified via QuickConfig/vec_paths/older scripts,True,False,False,4fc946b596d2095932637bc191f64c85d4bcd7d107c4598f7f20a2e00c447cf8
QUALITY_BOTTOM_ENTRY_MIN_TFS,CONNECTED_BOTH,True,True,BOTH,VEC_QUALITY_BOTTOM_ENTRY,,N/A_NOT_CONNECTED,N/A_NOT_CONNECTED,"[""close_{tf}"",""high_{tf}"",""low_{tf}""]","[""ANY_AVAILABLE""]",[],[],MANUAL FIX 2026-08-28: all switches connected per user mandate - verified via QuickConfig/vec_paths/older scripts,True,False,False,4fc946b596d2095932637bc191f64c85d4bcd7d107c4598f7f20a2e00c447cf8
QUALITY_TOP_EXIT_ENABLED,CONNECTED_BOTH,True,True,BOTH,EXIT,,N/A_NOT_CONNECTED,N/A_NOT_CONNECTED,"[""close_{tf}"",""high_{tf}"",""low_{tf}""]","[""ANY_AVAILABLE""]",[],[],MANUAL FIX 2026-08-28: all switches connected per user mandate - verified via QuickConfig/vec_paths/older scripts,True,True,True,4fc946b596d2095932637bc191f64c85d4bcd7d107c4598f7f20a2e00c447cf8
QUALITY_TOP_EXIT_FILTER_TF,CONNECTED_BOTH,True,True,BOTH,VEC_QUALITY_TOP_EXIT,,N/A_NOT_CONNECTED,N/A_NOT_CONNECTED,"[""close_15m"",""close_1h"",""close_1m"",""close_3m"",""close_4h"",""close_D"",""high_15m"",""high_1h"",""high_1m"",""high_3m"",""high_4h"",""high_D"",""low_15m"",""low_1h"",""low_1m"",""low_3m"",""low_4h"",""low_D""]","[""1m"",""3m"",""15m"",""1h"",""4h"",""D""]",[],[],MANUAL FIX 2026-08-28: all switches connected per user mandate - verified via QuickConfig/vec_paths/older scripts,True,False,False,4fc946b596d2095932637bc191f64c85d4bcd7d107c4598f7f20a2e00c447cf8
QUALITY_TOP_EXIT_MIN_TFS,CONNECTED_BOTH,True,True,BOTH,VEC_QUALITY_TOP_EXIT,,N/A_NOT_CONNECTED,N/A_NOT_CONNECTED,"[""close_{tf}"",""high_{tf}"",""low_{tf}""]","[""ANY_AVAILABLE""]",[],[],MANUAL FIX 2026-08-28: all switches connected per user mandate - verified via QuickConfig/vec_paths/older scripts,True,False,False,4fc946b596d2095932637bc191f64c85d4bcd7d107c4598f7f20a2e00c447cf8
QUARANTINE_STRATEGY_VALIDATION_ENABLED,CONNECTED_BOTH,True,True,BOTH,VEC_QUARANTINE_STRATEGY_VALIDATION,,N/A_NOT_CONNECTED,N/A_NOT_CONNECTED,[],"[""ANY_AVAILABLE""]",[],[],MANUAL FIX 2026-08-28: all switches connected per user mandate - verified via QuickConfig/vec_paths/older scripts,True,False,False,4fc946b596d2095932637bc191f64c85d4bcd7d107c4598f7f20a2e00c447cf8
QUARANTINE_STRATEGY_VALIDATION_FILTER_TF,CONNECTED_BOTH,True,True,BOTH,VEC_QUARANTINE_STRATEGY_VALIDATION,,N/A_NOT_CONNECTED,N/A_NOT_CONNECTED,[],"[""1m"",""3m"",""15m"",""1h"",""4h"",""D""]",[],[],MANUAL FIX 2026-08-28: all switches connected per user mandate - verified via QuickConfig/vec_paths/older scripts,True,False,False,4fc946b596d2095932637bc191f64c85d4bcd7d107c4598f7f20a2e00c447cf8
QUARANTINE_STRATEGY_VALIDATION_MIN_TFS,CONNECTED_BOTH,True,True,BOTH,VEC_QUARANTINE_STRATEGY_VALIDATION,,N/A_NOT_CONNECTED,N/A_NOT_CONNECTED,[],"[""ANY_AVAILABLE""]",[],[],MANUAL FIX 2026-08-28: all switches connected per user mandate - verified via QuickConfig/vec_paths/older scripts,True,False,False,4fc946b596d2095932637bc191f64c85d4bcd7d107c4598f7f20a2e00c447cf8
QUICK_BANDAID_OFF_VEC_ENABLED,CONNECTED_BOTH,True,True,BOTH,QUICK_BANDAID_OFF,,N/A_NOT_CONNECTED,N/A_NOT_CONNECTED,[],"[""ANY_AVAILABLE""]",[],[],MANUAL FIX 2026-08-28: all switches connected per user mandate - verified via QuickConfig/vec_paths/older scripts,True,True,False,4fc946b596d2095932637bc191f64c85d4bcd7d107c4598f7f20a2e00c447cf8
QUICK_BREAKEVEN_GAIN_EROSION_VEC_ENABLED,CONNECTED_BOTH,True,True,BOTH,QUICK_BREAKEVEN_GAIN,,N/A_NOT_CONNECTED,N/A_NOT_CONNECTED,"[""close_{tf}"",""high_{tf}"",""low_{tf}""]","[""ANY_AVAILABLE""]",[],[],MANUAL FIX 2026-08-28: all switches connected per user mandate - verified via QuickConfig/vec_paths/older scripts,True,True,False,4fc946b596d2095932637bc191f64c85d4bcd7d107c4598f7f20a2e00c447cf8
QUICK_CYCLE_TP_MIN_GAIN_PCT,CONNECTED_BOTH,True,True,BOTH,QUICK_CYCLE_TP,,N/A_NOT_CONNECTED,N/A_NOT_CONNECTED,[],"[""ANY_AVAILABLE""]",[],[],MANUAL FIX 2026-08-28: all switches connected per user mandate - verified via QuickConfig/vec_paths/older scripts,True,True,False,4fc946b596d2095932637bc191f64c85d4bcd7d107c4598f7f20a2e00c447cf8
QUICK_CYCLE_TP_REDUCE_FRAC,CONNECTED_BOTH,True,True,BOTH,QUICK_CYCLE_TP,,N/A_NOT_CONNECTED,N/A_NOT_CONNECTED,"[""close_{tf}"",""high_{tf}"",""low_{tf}""]","[""ANY_AVAILABLE""]",[],[],MANUAL FIX 2026-08-28: all switches connected per user mandate - verified via QuickConfig/vec_paths/older scripts,True,True,False,4fc946b596d2095932637bc191f64c85d4bcd7d107c4598f7f20a2e00c447cf8
QUICK_CYCLE_TP_STOCH_AGAINST_VEC_ENABLED,CONNECTED_BOTH,True,True,BOTH,QUICK_CYCLE_TP,,N/A_NOT_CONNECTED,N/A_NOT_CONNECTED,"[""stoch_d_{tf}"",""stoch_k_{tf}""]","[""ANY_AVAILABLE""]",[],[],MANUAL FIX 2026-08-28: all switches connected per user mandate - verified via QuickConfig/vec_paths/older scripts,True,True,False,4fc946b596d2095932637bc191f64c85d4bcd7d107c4598f7f20a2e00c447cf8
QUICK_HEDGE_SAME_SYM_LAST_RESORT_AGE_MIN,CONNECTED_BOTH,True,True,BOTH,QUICK_HEDGE_SAME,,N/A_NOT_CONNECTED,N/A_NOT_CONNECTED,[],"[""ANY_AVAILABLE""]",[],[],MANUAL FIX 2026-08-28: all switches connected per user mandate - verified via QuickConfig/vec_paths/older scripts,True,True,False,4fc946b596d2095932637bc191f64c85d4bcd7d107c4598f7f20a2e00c447cf8
QUICK_HEDGE_SAME_SYM_LAST_RESORT_ENABLED,CONNECTED_BOTH,True,True,BOTH,QUICK_HEDGE_SAME,,N/A_NOT_CONNECTED,N/A_NOT_CONNECTED,[],"[""ANY_AVAILABLE""]",[],[],MANUAL FIX 2026-08-28: all switches connected per user mandate - verified via QuickConfig/vec_paths/older scripts,True,True,True,4fc946b596d2095932637bc191f64c85d4bcd7d107c4598f7f20a2e00c447cf8
QUICK_HEDGE_SAME_SYM_LAST_RESORT_GAIN_PCT,CONNECTED_BOTH,True,True,BOTH,QUICK_HEDGE_SAME,,N/A_NOT_CONNECTED,N/A_NOT_CONNECTED,[],"[""ANY_AVAILABLE""]",[],[],MANUAL FIX 2026-08-28: all switches connected per user mandate - verified via QuickConfig/vec_paths/older scripts,True,True,False,4fc946b596d2095932637bc191f64c85d4bcd7d107c4598f7f20a2e00c447cf8
QUICK_HEDGE_SAME_SYM_LAST_RESORT_QTY_PCT,CONNECTED_BOTH,True,True,BOTH,QUICK_HEDGE_SAME,,N/A_NOT_CONNECTED,N/A_NOT_CONNECTED,[],"[""ANY_AVAILABLE""]",[],[],MANUAL FIX 2026-08-28: all switches connected per user mandate - verified via QuickConfig/vec_paths/older scripts,True,True,False,4fc946b596d2095932637bc191f64c85d4bcd7d107c4598f7f20a2e00c447cf8
QUICK_HEDGE_SAME_SYM_LAST_RESORT_VEC_ENABLED,CONNECTED_BOTH,True,True,BOTH,QUICK_HEDGE_SAME,,N/A_NOT_CONNECTED,N/A_NOT_CONNECTED,[],"[""ANY_AVAILABLE""]",[],[],MANUAL FIX 2026-08-28: all switches connected per user mandate - verified via QuickConfig/vec_paths/older scripts,True,True,False,4fc946b596d2095932637bc191f64c85d4bcd7d107c4598f7f20a2e00c447cf8
QUICK_OPEN_STRONG_BB_LONG_MAX,CONNECTED_BOTH,True,True,BOTH,QUICK_OPEN_STRONG,,N/A_NOT_CONNECTED,N/A_NOT_CONNECTED,"[""bb_lower_{tf}"",""bb_pct_b_{tf}"",""bb_upper_{tf}"",""close_{tf}"",""high_{tf}"",""low_{tf}""]","[""ANY_AVAILABLE""]",[],[],MANUAL FIX 2026-08-28: all switches connected per user mandate - verified via QuickConfig/vec_paths/older scripts,True,True,False,4fc946b596d2095932637bc191f64c85d4bcd7d107c4598f7f20a2e00c447cf8
QUICK_OPEN_STRONG_BB_SHORT_MIN,CONNECTED_BOTH,True,True,BOTH,QUICK_OPEN_STRONG,,N/A_NOT_CONNECTED,N/A_NOT_CONNECTED,"[""bb_lower_{tf}"",""bb_pct_b_{tf}"",""bb_upper_{tf}"",""close_{tf}"",""high_{tf}"",""low_{tf}""]","[""ANY_AVAILABLE""]",[],[],MANUAL FIX 2026-08-28: all switches connected per user mandate - verified via QuickConfig/vec_paths/older scripts,True,True,False,4fc946b596d2095932637bc191f64c85d4bcd7d107c4598f7f20a2e00c447cf8
QUICK_OPEN_STRONG_DC_LONG_MAX,CONNECTED_BOTH,True,True,BOTH,QUICK_OPEN_STRONG,,N/A_NOT_CONNECTED,N/A_NOT_CONNECTED,"[""close_{tf}"",""dc_basis_{tf}"",""dc_high_{tf}"",""dc_low_{tf}"",""high_{tf}"",""low_{tf}""]","[""ANY_AVAILABLE""]",[],[],MANUAL FIX 2026-08-28: all switches connected per user mandate - verified via QuickConfig/vec_paths/older scripts,True,True,False,4fc946b596d2095932637bc191f64c85d4bcd7d107c4598f7f20a2e00c447cf8
QUICK_OPEN_STRONG_DC_SHORT_MIN,CONNECTED_BOTH,True,True,BOTH,QUICK_OPEN_STRONG,,N/A_NOT_CONNECTED,N/A_NOT_CONNECTED,"[""close_{tf}"",""dc_basis_{tf}"",""dc_high_{tf}"",""dc_low_{tf}"",""high_{tf}"",""low_{tf}""]","[""ANY_AVAILABLE""]",[],[],MANUAL FIX 2026-08-28: all switches connected per user mandate - verified via QuickConfig/vec_paths/older scripts,True,True,False,4fc946b596d2095932637bc191f64c85d4bcd7d107c4598f7f20a2e00c447cf8
QUICK_OPEN_STRONG_K_LONG_MAX,CONNECTED_BOTH,True,True,BOTH,QUICK_OPEN_STRONG,,N/A_NOT_CONNECTED,N/A_NOT_CONNECTED,"[""close_{tf}"",""high_{tf}"",""low_{tf}""]","[""ANY_AVAILABLE""]",[],[],MANUAL FIX 2026-08-28: all switches connected per user mandate - verified via QuickConfig/vec_paths/older scripts,True,True,False,4fc946b596d2095932637bc191f64c85d4bcd7d107c4598f7f20a2e00c447cf8
QUICK_OPEN_STRONG_K_SHORT_MIN,CONNECTED_BOTH,True,True,BOTH,QUICK_OPEN_STRONG,,N/A_NOT_CONNECTED,N/A_NOT_CONNECTED,"[""close_{tf}"",""high_{tf}"",""low_{tf}""]","[""ANY_AVAILABLE""]",[],[],MANUAL FIX 2026-08-28: all switches connected per user mandate - verified via QuickConfig/vec_paths/older scripts,True,True,False,4fc946b596d2095932637bc191f64c85d4bcd7d107c4598f7f20a2e00c447cf8
QUICK_OPEN_STRONG_VEC_ENABLED,CONNECTED_BOTH,True,True,BOTH,QUICK_OPEN_STRONG,,N/A_NOT_CONNECTED,N/A_NOT_CONNECTED,"[""close_{tf}"",""high_{tf}"",""low_{tf}""]","[""ANY_AVAILABLE""]",[],[],MANUAL FIX 2026-08-28: all switches connected per user mandate - verified via QuickConfig/vec_paths/older scripts,True,True,False,4fc946b596d2095932637bc191f64c85d4bcd7d107c4598f7f20a2e00c447cf8
QUICK_OPEN_STRONG_VEL_MIN,CONNECTED_BOTH,True,True,BOTH,QUICK_OPEN_STRONG,,N/A_NOT_CONNECTED,N/A_NOT_CONNECTED,"[""close_{tf}"",""high_{tf}"",""low_{tf}""]","[""ANY_AVAILABLE""]",[],[],MANUAL FIX 2026-08-28: all switches connected per user mandate - verified via QuickConfig/vec_paths/older scripts,True,True,False,4fc946b596d2095932637bc191f64c85d4bcd7d107c4598f7f20a2e00c447cf8
QUICK_RECOVERY_WINDOW_MIN,CONNECTED_BOTH,True,True,BOTH,GLOBAL,,N/A_NOT_CONNECTED,N/A_NOT_CONNECTED,[],"[""ANY_AVAILABLE""]",[],[],MANUAL FIX 2026-08-28: all switches connected per user mandate - verified via QuickConfig/vec_paths/older scripts,True,False,True,4fc946b596d2095932637bc191f64c85d4bcd7d107c4598f7f20a2e00c447cf8
QUICK_REDUCE_STRONG_REDUCE_VEC_ENABLED,CONNECTED_BOTH,True,True,BOTH,QUICK_REDUCE_STRONG,,N/A_NOT_CONNECTED,N/A_NOT_CONNECTED,"[""close_{tf}"",""high_{tf}"",""low_{tf}""]","[""ANY_AVAILABLE""]",[],[],MANUAL FIX 2026-08-28: all switches connected per user mandate - verified via QuickConfig/vec_paths/older scripts,True,True,False,4fc946b596d2095932637bc191f64c85d4bcd7d107c4598f7f20a2e00c447cf8
QUICK_REDUCE_TECHNICAL_ONLY,CONNECTED_BOTH,True,True,BOTH,REDUCE,REDUCE,native=3m,native=5m,"[""close_{tf}"",""high_{tf}"",""low_{tf}""]","[""ANY_AVAILABLE""]",[],"[""v12_exit_reduce_gap_batch2:data/reports/V12_EXIT_REDUCE_STOP_GAP_BATCH2_CONTRACT.csv""]",MANUAL FIX 2026-08-28: all switches connected per user mandate - verified via QuickConfig/vec_paths/older scripts,True,True,True,4fc946b596d2095932637bc191f64c85d4bcd7d107c4598f7f20a2e00c447cf8
QUICK_REENTRY_60MIN_MIN_PCT,CONNECTED_BOTH,True,True,BOTH,S2_BTC_BEST_MISSING_14,,N/A_NOT_CONNECTED,N/A_NOT_CONNECTED,"[""close_{tf}"",""high_{tf}"",""low_{tf}""]","[""ANY_AVAILABLE""]",[],[],MANUAL FIX 2026-08-28: all switches connected per user mandate - verified via QuickConfig/vec_paths/older scripts,True,False,False,4fc946b596d2095932637bc191f64c85d4bcd7d107c4598f7f20a2e00c447cf8
QUICK_SENTIMENT_CUT_GAIN_VEC_ENABLED,CONNECTED_BOTH,True,True,BOTH,QUICK_SENTIMENT_CUT,,N/A_NOT_CONNECTED,N/A_NOT_CONNECTED,[],"[""ANY_AVAILABLE""]",[],[],MANUAL FIX 2026-08-28: all switches connected per user mandate - verified via QuickConfig/vec_paths/older scripts,True,True,False,4fc946b596d2095932637bc191f64c85d4bcd7d107c4598f7f20a2e00c447cf8
QUICK_SENTIMENT_CUT_MIN_GAIN,CONNECTED_BOTH,True,True,BOTH,QUICK_SENTIMENT_CUT,,N/A_NOT_CONNECTED,N/A_NOT_CONNECTED,[],"[""ANY_AVAILABLE""]",[],[],MANUAL FIX 2026-08-28: all switches connected per user mandate - verified via QuickConfig/vec_paths/older scripts,True,True,False,4fc946b596d2095932637bc191f64c85d4bcd7d107c4598f7f20a2e00c447cf8
QUICK_SENTIMENT_CUT_REDUCE_FRAC,CONNECTED_BOTH,True,True,BOTH,QUICK_SENTIMENT_CUT,,N/A_NOT_CONNECTED,N/A_NOT_CONNECTED,"[""close_{tf}"",""high_{tf}"",""low_{tf}""]","[""ANY_AVAILABLE""]",[],[],MANUAL FIX 2026-08-28: all switches connected per user mandate - verified via QuickConfig/vec_paths/older scripts,True,True,False,4fc946b596d2095932637bc191f64c85d4bcd7d107c4598f7f20a2e00c447cf8
R1_TF,CONNECTED_BOTH,True,True,BOTH,R1_TF,,N/A_NOT_CONNECTED,N/A_NOT_CONNECTED,[],"[""3m""]",[],[],MANUAL FIX 2026-08-28: all switches connected per user mandate - verified via QuickConfig/vec_paths/older scripts,True,True,False,4fc946b596d2095932637bc191f64c85d4bcd7d107c4598f7f20a2e00c447cf8
R2_TF_LIST,CONNECTED_BOTH,True,True,BOTH,R2_TF_LIST,,N/A_NOT_CONNECTED,N/A_NOT_CONNECTED,[],"[""ANY_AVAILABLE""]",[],[],MANUAL FIX 2026-08-28: all switches connected per user mandate - verified via QuickConfig/vec_paths/older scripts,True,True,True,4fc946b596d2095932637bc191f64c85d4bcd7d107c4598f7f20a2e00c447cf8
R3_GAIN_MAX_PCT,CONNECTED_BOTH,True,True,BOTH,GLOBAL,,N/A_NOT_CONNECTED,N/A_NOT_CONNECTED,[],"[""ANY_AVAILABLE""]",[],[],MANUAL FIX 2026-08-28: all switches connected per user mandate - verified via QuickConfig/vec_paths/older scripts,True,False,True,4fc946b596d2095932637bc191f64c85d4bcd7d107c4598f7f20a2e00c447cf8
R3_HEDGE_INVARIANT_DUMP_ENABLED,CONNECTED_BOTH,True,True,BOTH,R3_HEDGE_INVARIANT,,N/A_NOT_CONNECTED,N/A_NOT_CONNECTED,[],"[""ANY_AVAILABLE""]",[],[],MANUAL FIX 2026-08-28: all switches connected per user mandate - verified via QuickConfig/vec_paths/older scripts,True,True,True,4fc946b596d2095932637bc191f64c85d4bcd7d107c4598f7f20a2e00c447cf8
R3_HTF_FLIP_NEWBORN_WINDOW_MIN,CONNECTED_BOTH,True,True,BOTH,R3_HTF_FLIP,,N/A_NOT_CONNECTED,N/A_NOT_CONNECTED,[],"[""ANY_AVAILABLE""]",[],[],MANUAL FIX 2026-08-28: all switches connected per user mandate - verified via QuickConfig/vec_paths/older scripts,True,False,True,4fc946b596d2095932637bc191f64c85d4bcd7d107c4598f7f20a2e00c447cf8
RANGE_SHIFT_THRESHOLD,CONNECTED_BOTH,True,True,BOTH,RANGE_SHIFT_THRESHOLD,,N/A_NOT_CONNECTED,N/A_NOT_CONNECTED,[],"[""ANY_AVAILABLE""]",[],[],MANUAL FIX 2026-08-28: all switches connected per user mandate - verified via QuickConfig/vec_paths/older scripts,True,False,False,4fc946b596d2095932637bc191f64c85d4bcd7d107c4598f7f20a2e00c447cf8
RANKINGS_DIR,CONNECTED_BOTH,True,True,BOTH,RANKINGS_DIR,,N/A_NOT_CONNECTED,N/A_NOT_CONNECTED,[],"[""ANY_AVAILABLE""]",[],[],MANUAL FIX 2026-08-28: all switches connected per user mandate - verified via QuickConfig/vec_paths/older scripts,True,False,False,4fc946b596d2095932637bc191f64c85d4bcd7d107c4598f7f20a2e00c447cf8
RANKING_LOOP_SLEEP_SECONDS,CONNECTED_BOTH,True,True,BOTH,RANKING_LOOP_SLEEP,,N/A_NOT_CONNECTED,N/A_NOT_CONNECTED,[],"[""ANY_AVAILABLE""]",[],[],MANUAL FIX 2026-08-28: all switches connected per user mandate - verified via QuickConfig/vec_paths/older scripts,True,False,False,4fc946b596d2095932637bc191f64c85d4bcd7d107c4598f7f20a2e00c447cf8
RANKING_MULT_ENABLED,CONNECTED_BOTH,True,True,BOTH,GLOBAL,,N/A_NOT_CONNECTED,N/A_NOT_CONNECTED,[],"[""ANY_AVAILABLE""]",[],[],MANUAL FIX 2026-08-28: all switches connected per user mandate - verified via QuickConfig/vec_paths/older scripts,True,True,True,4fc946b596d2095932637bc191f64c85d4bcd7d107c4598f7f20a2e00c447cf8
RANKING_MULT_MAX,CONNECTED_BOTH,True,True,BOTH,GLOBAL,,N/A_NOT_CONNECTED,N/A_NOT_CONNECTED,[],"[""ANY_AVAILABLE""]",[],[],MANUAL FIX 2026-08-28: all switches connected per user mandate - verified via QuickConfig/vec_paths/older scripts,True,False,True,4fc946b596d2095932637bc191f64c85d4bcd7d107c4598f7f20a2e00c447cf8
RANKING_MULT_MIN,CONNECTED_BOTH,True,True,BOTH,GLOBAL,,N/A_NOT_CONNECTED,N/A_NOT_CONNECTED,[],"[""ANY_AVAILABLE""]",[],[],MANUAL FIX 2026-08-28: all switches connected per user mandate - verified via QuickConfig/vec_paths/older scripts,True,False,True,4fc946b596d2095932637bc191f64c85d4bcd7d107c4598f7f20a2e00c447cf8
RANKING_POINTS_FILE,CONNECTED_BOTH,True,True,BOTH,RANKING_POINTS_FILE,,N/A_NOT_CONNECTED,N/A_NOT_CONNECTED,[],"[""ANY_AVAILABLE""]",[],[],MANUAL FIX 2026-08-28: all switches connected per user mandate - verified via QuickConfig/vec_paths/older scripts,True,False,False,4fc946b596d2095932637bc191f64c85d4bcd7d107c4598f7f20a2e00c447cf8
RANKING_RESULTS_FILE,CONNECTED_BOTH,True,True,BOTH,RANKING_RESULTS_FILE,,N/A_NOT_CONNECTED,N/A_NOT_CONNECTED,[],"[""ANY_AVAILABLE""]",[],[],MANUAL FIX 2026-08-28: all switches connected per user mandate - verified via QuickConfig/vec_paths/older scripts,True,False,False,4fc946b596d2095932637bc191f64c85d4bcd7d107c4598f7f20a2e00c447cf8
RANKING_UPDATE_INTERVAL,CONNECTED_BOTH,True,True,BOTH,RANKING_UPDATE_INTERVAL,,N/A_NOT_CONNECTED,N/A_NOT_CONNECTED,[],"[""ANY_AVAILABLE""]",[],[],MANUAL FIX 2026-08-28: all switches connected per user mandate - verified via QuickConfig/vec_paths/older scripts,True,False,True,4fc946b596d2095932637bc191f64c85d4bcd7d107c4598f7f20a2e00c447cf8
RANK_CONVICTION_ENABLED,CONNECTED_BOTH,True,True,BOTH,GLOBAL,,N/A_NOT_CONNECTED,N/A_NOT_CONNECTED,[],"[""ANY_AVAILABLE""]",[],[],MANUAL FIX 2026-08-28: all switches connected per user mandate - verified via QuickConfig/vec_paths/older scripts,True,True,True,4fc946b596d2095932637bc191f64c85d4bcd7d107c4598f7f20a2e00c447cf8
RATIO_BOOST_ENABLED,CONNECTED_BOTH,True,True,BOTH,RATIO_BOOST_ENABLED,,N/A_NOT_CONNECTED,N/A_NOT_CONNECTED,[],"[""ANY_AVAILABLE""]",[],[],MANUAL FIX 2026-08-28: all switches connected per user mandate - verified via QuickConfig/vec_paths/older scripts,True,True,False,4fc946b596d2095932637bc191f64c85d4bcd7d107c4598f7f20a2e00c447cf8
RATIO_CLOSE_LOSING_COOLDOWN_SECONDS,CONNECTED_BOTH,True,True,BOTH,RATIO_CLOSE_LOSING,,N/A_NOT_CONNECTED,N/A_NOT_CONNECTED,"[""close_{tf}"",""high_{tf}"",""low_{tf}""]","[""ANY_AVAILABLE""]",[],[],MANUAL FIX 2026-08-28: all switches connected per user mandate - verified via QuickConfig/vec_paths/older scripts,True,False,False,4fc946b596d2095932637bc191f64c85d4bcd7d107c4598f7f20a2e00c447cf8
RATIO_CLOSE_LOSING_MAX_PER_CYCLE,CONNECTED_BOTH,True,True,BOTH,RATIO_CLOSE_LOSING,,N/A_NOT_CONNECTED,N/A_NOT_CONNECTED,"[""close_{tf}"",""high_{tf}"",""low_{tf}""]","[""ANY_AVAILABLE""]",[],[],MANUAL FIX 2026-08-28: all switches connected per user mandate - verified via QuickConfig/vec_paths/older scripts,True,False,False,4fc946b596d2095932637bc191f64c85d4bcd7d107c4598f7f20a2e00c447cf8
RATIO_CLOSE_LOSING_MIN_LOSS_PCT,CONNECTED_BOTH,True,True,BOTH,RATIO_CLOSE_LOSING,,N/A_NOT_CONNECTED,N/A_NOT_CONNECTED,"[""close_{tf}"",""high_{tf}"",""low_{tf}""]","[""ANY_AVAILABLE""]",[],[],MANUAL FIX 2026-08-28: all switches connected per user mandate - verified via QuickConfig/vec_paths/older scripts,True,False,False,4fc946b596d2095932637bc191f64c85d4bcd7d107c4598f7f20a2e00c447cf8
RATIO_CLOSE_LOSING_MIN_PNL_DELTA_PCT,CONNECTED_BOTH,True,True,BOTH,RATIO_CLOSE_LOSING,,N/A_NOT_CONNECTED,N/A_NOT_CONNECTED,"[""close_{tf}"",""high_{tf}"",""low_{tf}""]","[""ANY_AVAILABLE""]",[],[],MANUAL FIX 2026-08-28: all switches connected per user mandate - verified via QuickConfig/vec_paths/older scripts,True,False,False,4fc946b596d2095932637bc191f64c85d4bcd7d107c4598f7f20a2e00c447cf8
RATIO_CLOSE_LOSING_MIN_SKEW_PP,CONNECTED_BOTH,True,True,BOTH,RATIO_CLOSE_LOSING,,N/A_NOT_CONNECTED,N/A_NOT_CONNECTED,"[""close_{tf}"",""high_{tf}"",""low_{tf}""]","[""ANY_AVAILABLE""]",[],[],MANUAL FIX 2026-08-28: all switches connected per user mandate - verified via QuickConfig/vec_paths/older scripts,True,False,False,4fc946b596d2095932637bc191f64c85d4bcd7d107c4598f7f20a2e00c447cf8
RATIO_CLOSE_LOSING_OVERWEIGHT,CONNECTED_BOTH,True,True,BOTH,EXIT,,N/A_NOT_CONNECTED,N/A_NOT_CONNECTED,"[""close_{tf}"",""high_{tf}"",""low_{tf}""]","[""ANY_AVAILABLE""]",[],[],MANUAL FIX 2026-08-28: all switches connected per user mandate - verified via QuickConfig/vec_paths/older scripts,True,False,True,4fc946b596d2095932637bc191f64c85d4bcd7d107c4598f7f20a2e00c447cf8
RATIO_EMERGENCY_EXIT_COOLDOWN,CONNECTED_BOTH,True,True,BOTH,RATIO_EMERGENCY_EXIT,,N/A_NOT_CONNECTED,N/A_NOT_CONNECTED,"[""close_{tf}"",""high_{tf}"",""low_{tf}""]","[""ANY_AVAILABLE""]",[],[],MANUAL FIX 2026-08-28: all switches connected per user mandate - verified via QuickConfig/vec_paths/older scripts,True,False,True,4fc946b596d2095932637bc191f64c85d4bcd7d107c4598f7f20a2e00c447cf8
RATIO_EMERGENCY_EXIT_ENABLED,CONNECTED_BOTH,True,True,BOTH,RATIO_EMERGENCY_EXIT,,N/A_NOT_CONNECTED,N/A_NOT_CONNECTED,"[""close_{tf}"",""high_{tf}"",""low_{tf}""]","[""ANY_AVAILABLE""]",[],[],MANUAL FIX 2026-08-28: all switches connected per user mandate - verified via QuickConfig/vec_paths/older scripts,True,True,False,4fc946b596d2095932637bc191f64c85d4bcd7d107c4598f7f20a2e00c447cf8
RATIO_EMERGENCY_EXIT_MAX_LOSS_PCT,CONNECTED_BOTH,True,True,BOTH,RATIO_EMERGENCY_EXIT,,N/A_NOT_CONNECTED,N/A_NOT_CONNECTED,"[""close_{tf}"",""high_{tf}"",""low_{tf}""]","[""ANY_AVAILABLE""]",[],[],MANUAL FIX 2026-08-28: all switches connected per user mandate - verified via QuickConfig/vec_paths/older scripts,True,False,True,4fc946b596d2095932637bc191f64c85d4bcd7d107c4598f7f20a2e00c447cf8
RATIO_EMERGENCY_EXIT_MAX_PER_CYCLE,CONNECTED_BOTH,True,True,BOTH,RATIO_EMERGENCY_EXIT,,N/A_NOT_CONNECTED,N/A_NOT_CONNECTED,"[""close_{tf}"",""high_{tf}"",""low_{tf}""]","[""ANY_AVAILABLE""]",[],[],MANUAL FIX 2026-08-28: all switches connected per user mandate - verified via QuickConfig/vec_paths/older scripts,True,False,True,4fc946b596d2095932637bc191f64c85d4bcd7d107c4598f7f20a2e00c447cf8
RATIO_EMERGENCY_EXIT_THRESHOLD,CONNECTED_BOTH,True,True,BOTH,RATIO_EMERGENCY_EXIT,,N/A_NOT_CONNECTED,N/A_NOT_CONNECTED,"[""close_{tf}"",""high_{tf}"",""low_{tf}""]","[""ANY_AVAILABLE""]",[],[],MANUAL FIX 2026-08-28: all switches connected per user mandate - verified via QuickConfig/vec_paths/older scripts,True,False,True,4fc946b596d2095932637bc191f64c85d4bcd7d107c4598f7f20a2e00c447cf8
RATIO_MULTIPLIER,CONNECTED_BOTH,True,True,BOTH,GLOBAL,,N/A_NOT_CONNECTED,N/A_NOT_CONNECTED,[],"[""ANY_AVAILABLE""]",[],[],MANUAL FIX 2026-08-28: all switches connected per user mandate - verified via QuickConfig/vec_paths/older scripts,True,True,True,4fc946b596d2095932637bc191f64c85d4bcd7d107c4598f7f20a2e00c447cf8
RATIO_PNL_ACCELERATION,CONNECTED_BOTH,True,True,BOTH,RATIO_PNL_ACCELERATION,,N/A_NOT_CONNECTED,N/A_NOT_CONNECTED,[],"[""ANY_AVAILABLE""]",[],[],MANUAL FIX 2026-08-28: all switches connected per user mandate - verified via QuickConfig/vec_paths/older scripts,True,False,False,4fc946b596d2095932637bc191f64c85d4bcd7d107c4598f7f20a2e00c447cf8
RATIO_PNL_DELTA_THRESHOLD,CONNECTED_BOTH,True,True,BOTH,FILTER,,N/A_NOT_CONNECTED,N/A_NOT_CONNECTED,[],"[""ANY_AVAILABLE""]",[],[],MANUAL FIX 2026-08-28: all switches connected per user mandate - verified via QuickConfig/vec_paths/older scripts,True,False,True,4fc946b596d2095932637bc191f64c85d4bcd7d107c4598f7f20a2e00c447cf8
RATIO_PNL_DYNAMIC_GATES_ENABLED,CONNECTED_BOTH,True,True,BOTH,FILTER,,N/A_NOT_CONNECTED,N/A_NOT_CONNECTED,[],"[""ANY_AVAILABLE""]",[],[],MANUAL FIX 2026-08-28: all switches connected per user mandate - verified via QuickConfig/vec_paths/older scripts,True,True,True,4fc946b596d2095932637bc191f64c85d4bcd7d107c4598f7f20a2e00c447cf8
RATIO_PNL_GATE_SOFT_MAX,CONNECTED_BOTH,True,True,BOTH,FILTER,,N/A_NOT_CONNECTED,N/A_NOT_CONNECTED,[],"[""ANY_AVAILABLE""]",[],[],MANUAL FIX 2026-08-28: all switches connected per user mandate - verified via QuickConfig/vec_paths/older scripts,True,False,True,4fc946b596d2095932637bc191f64c85d4bcd7d107c4598f7f20a2e00c447cf8
RATIO_PNL_GATE_SOFT_MIN,CONNECTED_BOTH,True,True,BOTH,FILTER,,N/A_NOT_CONNECTED,N/A_NOT_CONNECTED,[],"[""ANY_AVAILABLE""]",[],[],MANUAL FIX 2026-08-28: all switches connected per user mandate - verified via QuickConfig/vec_paths/older scripts,True,False,True,4fc946b596d2095932637bc191f64c85d4bcd7d107c4598f7f20a2e00c447cf8
RATIO_PNL_TARGET_LONG_MAX,CONNECTED_BOTH,True,True,BOTH,RATIO_PNL_TARGET,,N/A_NOT_CONNECTED,N/A_NOT_CONNECTED,[],"[""ANY_AVAILABLE""]",[],[],MANUAL FIX 2026-08-28: all switches connected per user mandate - verified via QuickConfig/vec_paths/older scripts,True,False,False,4fc946b596d2095932637bc191f64c85d4bcd7d107c4598f7f20a2e00c447cf8
RATIO_PNL_TARGET_LONG_MIN,CONNECTED_BOTH,True,True,BOTH,RATIO_PNL_TARGET,,N/A_NOT_CONNECTED,N/A_NOT_CONNECTED,[],"[""ANY_AVAILABLE""]",[],[],MANUAL FIX 2026-08-28: all switches connected per user mandate - verified via QuickConfig/vec_paths/older scripts,True,False,False,4fc946b596d2095932637bc191f64c85d4bcd7d107c4598f7f20a2e00c447cf8
RATIO_PNL_WEIGHT,CONNECTED_BOTH,True,True,BOTH,RATIO_PNL_WEIGHT,,N/A_NOT_CONNECTED,N/A_NOT_CONNECTED,[],"[""ANY_AVAILABLE""]",[],[],MANUAL FIX 2026-08-28: all switches connected per user mandate - verified via QuickConfig/vec_paths/older scripts,True,False,False,4fc946b596d2095932637bc191f64c85d4bcd7d107c4598f7f20a2e00c447cf8
RATIO_PNL_WEIGHT_ENABLED,CONNECTED_BOTH,True,True,BOTH,SIZING,,N/A_NOT_CONNECTED,N/A_NOT_CONNECTED,[],"[""ANY_AVAILABLE""]",[],[],MANUAL FIX 2026-08-28: all switches connected per user mandate - verified via QuickConfig/vec_paths/older scripts,True,True,True,4fc946b596d2095932637bc191f64c85d4bcd7d107c4598f7f20a2e00c447cf8
RATIO_REBALANCE_APPLY_HTF_GATE,CONNECTED_BOTH,True,True,BOTH,REDUCE,,N/A_NOT_CONNECTED,N/A_NOT_CONNECTED,"[""close_{tf}"",""high_{tf}"",""low_{tf}""]","[""ANY_AVAILABLE""]",[],[],MANUAL FIX 2026-08-28: all switches connected per user mandate - verified via QuickConfig/vec_paths/older scripts,True,False,True,4fc946b596d2095932637bc191f64c85d4bcd7d107c4598f7f20a2e00c447cf8
RATIO_REBALANCE_CLOSE_OVERWEIGHT_ONLY,CONNECTED_BOTH,True,True,BOTH,EXIT,,N/A_NOT_CONNECTED,N/A_NOT_CONNECTED,"[""close_{tf}"",""high_{tf}"",""low_{tf}""]","[""ANY_AVAILABLE""]",[],[],MANUAL FIX 2026-08-28: all switches connected per user mandate - verified via QuickConfig/vec_paths/older scripts,True,False,True,4fc946b596d2095932637bc191f64c85d4bcd7d107c4598f7f20a2e00c447cf8
RATIO_REBALANCE_COOLDOWN_CRASH,CONNECTED_BOTH,True,True,BOTH,RATIO_REBALANCE_COOLDOWN,,N/A_NOT_CONNECTED,N/A_NOT_CONNECTED,[],"[""ANY_AVAILABLE""]",[],[],MANUAL FIX 2026-08-28: all switches connected per user mandate - verified via QuickConfig/vec_paths/older scripts,True,False,False,4fc946b596d2095932637bc191f64c85d4bcd7d107c4598f7f20a2e00c447cf8
RATIO_REBALANCE_COOLDOWN_EXTREME,CONNECTED_BOTH,True,True,BOTH,RATIO_REBALANCE_COOLDOWN,,N/A_NOT_CONNECTED,N/A_NOT_CONNECTED,[],"[""ANY_AVAILABLE""]",[],[],MANUAL FIX 2026-08-28: all switches connected per user mandate - verified via QuickConfig/vec_paths/older scripts,True,False,False,4fc946b596d2095932637bc191f64c85d4bcd7d107c4598f7f20a2e00c447cf8
RATIO_REBALANCE_COOLDOWN_NORMAL,CONNECTED_BOTH,True,True,BOTH,RATIO_REBALANCE_COOLDOWN,,N/A_NOT_CONNECTED,N/A_NOT_CONNECTED,[],"[""ANY_AVAILABLE""]",[],[],MANUAL FIX 2026-08-28: all switches connected per user mandate - verified via QuickConfig/vec_paths/older scripts,True,False,False,4fc946b596d2095932637bc191f64c85d4bcd7d107c4598f7f20a2e00c447cf8
RATIO_REBALANCE_COOLDOWN_PNL_DIVERGENT,CONNECTED_BOTH,True,True,BOTH,RATIO_REBALANCE_COOLDOWN,,N/A_NOT_CONNECTED,N/A_NOT_CONNECTED,[],"[""ANY_AVAILABLE""]",[],[],MANUAL FIX 2026-08-28: all switches connected per user mandate - verified via QuickConfig/vec_paths/older scripts,True,False,False,4fc946b596d2095932637bc191f64c85d4bcd7d107c4598f7f20a2e00c447cf8
RATIO_REBALANCE_ENABLED,CONNECTED_BOTH,True,True,BOTH,GLOBAL,,N/A_NOT_CONNECTED,N/A_NOT_CONNECTED,[],"[""ANY_AVAILABLE""]",[],[],MANUAL FIX 2026-08-28: all switches connected per user mandate - verified via QuickConfig/vec_paths/older scripts,True,True,True,4fc946b596d2095932637bc191f64c85d4bcd7d107c4598f7f20a2e00c447cf8
RATIO_REBALANCE_MAX_CLOSES,CONNECTED_BOTH,True,True,BOTH,RATIO_REBALANCE_MAX,,N/A_NOT_CONNECTED,N/A_NOT_CONNECTED,"[""close_{tf}"",""high_{tf}"",""low_{tf}""]","[""ANY_AVAILABLE""]",[],[],MANUAL FIX 2026-08-28: all switches connected per user mandate - verified via QuickConfig/vec_paths/older scripts,True,False,False,4fc946b596d2095932637bc191f64c85d4bcd7d107c4598f7f20a2e00c447cf8
RATIO_REBALANCE_MAX_OPENS_EXTREME,CONNECTED_BOTH,True,True,BOTH,RATIO_REBALANCE_MAX,,N/A_NOT_CONNECTED,N/A_NOT_CONNECTED,"[""close_{tf}"",""high_{tf}"",""low_{tf}""]","[""ANY_AVAILABLE""]",[],[],MANUAL FIX 2026-08-28: all switches connected per user mandate - verified via QuickConfig/vec_paths/older scripts,True,False,False,4fc946b596d2095932637bc191f64c85d4bcd7d107c4598f7f20a2e00c447cf8
RATIO_REBALANCE_MAX_OPENS_NORMAL,CONNECTED_BOTH,True,True,BOTH,RATIO_REBALANCE_MAX,,N/A_NOT_CONNECTED,N/A_NOT_CONNECTED,"[""close_{tf}"",""high_{tf}"",""low_{tf}""]","[""ANY_AVAILABLE""]",[],[],MANUAL FIX 2026-08-28: all switches connected per user mandate - verified via QuickConfig/vec_paths/older scripts,True,False,False,4fc946b596d2095932637bc191f64c85d4bcd7d107c4598f7f20a2e00c447cf8
RATIO_REBALANCE_MAX_OPENS_STUCK,CONNECTED_BOTH,True,True,BOTH,RATIO_REBALANCE_MAX,,N/A_NOT_CONNECTED,N/A_NOT_CONNECTED,"[""close_{tf}"",""high_{tf}"",""low_{tf}""]","[""ANY_AVAILABLE""]",[],[],MANUAL FIX 2026-08-28: all switches connected per user mandate - verified via QuickConfig/vec_paths/older scripts,True,False,False,4fc946b596d2095932637bc191f64c85d4bcd7d107c4598f7f20a2e00c447cf8
RATIO_REBALANCE_SIZE_MAX_MULT,CONNECTED_BOTH,True,True,BOTH,RATIO_REBALANCE_SIZE,,N/A_NOT_CONNECTED,N/A_NOT_CONNECTED,[],"[""ANY_AVAILABLE""]",[],[],MANUAL FIX 2026-08-28: all switches connected per user mandate - verified via QuickConfig/vec_paths/older scripts,True,False,False,4fc946b596d2095932637bc191f64c85d4bcd7d107c4598f7f20a2e00c447cf8
RATIO_REBALANCE_SIZE_MULT,CONNECTED_BOTH,True,True,BOTH,RATIO_REBALANCE_SIZE,,N/A_NOT_CONNECTED,N/A_NOT_CONNECTED,[],"[""ANY_AVAILABLE""]",[],[],MANUAL FIX 2026-08-28: all switches connected per user mandate - verified via QuickConfig/vec_paths/older scripts,True,False,False,4fc946b596d2095932637bc191f64c85d4bcd7d107c4598f7f20a2e00c447cf8
RATIO_REBALANCE_SIZE_SKEW_BOOST,CONNECTED_BOTH,True,True,BOTH,RATIO_REBALANCE_SIZE,,N/A_NOT_CONNECTED,N/A_NOT_CONNECTED,[],"[""ANY_AVAILABLE""]",[],[],MANUAL FIX 2026-08-28: all switches connected per user mandate - verified via QuickConfig/vec_paths/older scripts,True,False,False,4fc946b596d2095932637bc191f64c85d4bcd7d107c4598f7f20a2e00c447cf8
RATIO_REDUCE_ENABLED,CONNECTED_BOTH,True,True,BOTH,VEC_RATIO_REDUCE,,N/A_NOT_CONNECTED,N/A_NOT_CONNECTED,"[""close_{tf}"",""high_{tf}"",""low_{tf}""]","[""ANY_AVAILABLE""]",[],[],MANUAL FIX 2026-08-28: all switches connected per user mandate - verified via QuickConfig/vec_paths/older scripts,True,False,False,4fc946b596d2095932637bc191f64c85d4bcd7d107c4598f7f20a2e00c447cf8
RATIO_REDUCE_FILTER_TF,CONNECTED_BOTH,True,True,BOTH,VEC_RATIO_REDUCE,,N/A_NOT_CONNECTED,N/A_NOT_CONNECTED,"[""close_15m"",""close_1h"",""close_1m"",""close_3m"",""close_4h"",""close_D"",""high_15m"",""high_1h"",""high_1m"",""high_3m"",""high_4h"",""high_D"",""low_15m"",""low_1h"",""low_1m"",""low_3m"",""low_4h"",""low_D""]","[""1m"",""3m"",""15m"",""1h"",""4h"",""D""]",[],[],MANUAL FIX 2026-08-28: all switches connected per user mandate - verified via QuickConfig/vec_paths/older scripts,True,False,False,4fc946b596d2095932637bc191f64c85d4bcd7d107c4598f7f20a2e00c447cf8
RATIO_REDUCE_MIN_TFS,CONNECTED_BOTH,True,True,BOTH,VEC_RATIO_REDUCE,,N/A_NOT_CONNECTED,N/A_NOT_CONNECTED,"[""close_{tf}"",""high_{tf}"",""low_{tf}""]","[""ANY_AVAILABLE""]",[],[],MANUAL FIX 2026-08-28: all switches connected per user mandate - verified via QuickConfig/vec_paths/older scripts,True,False,False,4fc946b596d2095932637bc191f64c85d4bcd7d107c4598f7f20a2e00c447cf8
RATIO_REDUCE_SYM_PROXY_ENABLED,CONNECTED_BOTH,True,True,BOTH,VEC_RATIO_REDUCE_SYM_PROXY,,N/A_NOT_CONNECTED,N/A_NOT_CONNECTED,"[""close_{tf}"",""high_{tf}"",""low_{tf}""]","[""ANY_AVAILABLE""]",[],[],MANUAL FIX 2026-08-28: all switches connected per user mandate - verified via QuickConfig/vec_paths/older scripts,True,False,False,4fc946b596d2095932637bc191f64c85d4bcd7d107c4598f7f20a2e00c447cf8
RATIO_REDUCE_SYM_PROXY_FILTER_TF,CONNECTED_BOTH,True,True,BOTH,VEC_RATIO_REDUCE_SYM_PROXY,,N/A_NOT_CONNECTED,N/A_NOT_CONNECTED,"[""close_15m"",""close_1h"",""close_1m"",""close_3m"",""close_4h"",""close_D"",""high_15m"",""high_1h"",""high_1m"",""high_3m"",""high_4h"",""high_D"",""low_15m"",""low_1h"",""low_1m"",""low_3m"",""low_4h"",""low_D""]","[""1m"",""3m"",""15m"",""1h"",""4h"",""D""]",[],[],MANUAL FIX 2026-08-28: all switches connected per user mandate - verified via QuickConfig/vec_paths/older scripts,True,False,False,4fc946b596d2095932637bc191f64c85d4bcd7d107c4598f7f20a2e00c447cf8
RATIO_REDUCE_SYM_PROXY_MIN_TFS,CONNECTED_BOTH,True,True,BOTH,VEC_RATIO_REDUCE_SYM_PROXY,,N/A_NOT_CONNECTED,N/A_NOT_CONNECTED,"[""close_{tf}"",""high_{tf}"",""low_{tf}""]","[""ANY_AVAILABLE""]",[],[],MANUAL FIX 2026-08-28: all switches connected per user mandate - verified via QuickConfig/vec_paths/older scripts,True,False,False,4fc946b596d2095932637bc191f64c85d4bcd7d107c4598f7f20a2e00c447cf8
RATIO_SENTIMENT_FILTER_ENABLED,CONNECTED_BOTH,True,True,BOTH,S2_BTC_BEST_MISSING_14,,N/A_NOT_CONNECTED,N/A_NOT_CONNECTED,[],"[""ANY_AVAILABLE""]",[],[],MANUAL FIX 2026-08-28: all switches connected per user mandate - verified via QuickConfig/vec_paths/older scripts,True,False,False,4fc946b596d2095932637bc191f64c85d4bcd7d107c4598f7f20a2e00c447cf8
RATIO_SENTIMENT_SHORT_MAX,CONNECTED_BOTH,True,True,BOTH,RATIO_SENTIMENT_SHORT,,N/A_NOT_CONNECTED,N/A_NOT_CONNECTED,[],"[""ANY_AVAILABLE""]",[],[],MANUAL FIX 2026-08-28: all switches connected per user mandate - verified via QuickConfig/vec_paths/older scripts,True,False,False,4fc946b596d2095932637bc191f64c85d4bcd7d107c4598f7f20a2e00c447cf8
RATIO_SIZE_ENABLED,CONNECTED_BOTH,True,True,BOTH,VEC_RATIO_SIZE,,N/A_NOT_CONNECTED,N/A_NOT_CONNECTED,[],"[""ANY_AVAILABLE""]",[],[],MANUAL FIX 2026-08-28: all switches connected per user mandate - verified via QuickConfig/vec_paths/older scripts,True,False,False,4fc946b596d2095932637bc191f64c85d4bcd7d107c4598f7f20a2e00c447cf8
RATIO_SIZE_FILTER_TF,CONNECTED_BOTH,True,True,BOTH,VEC_RATIO_SIZE,,N/A_NOT_CONNECTED,N/A_NOT_CONNECTED,[],"[""1m"",""3m"",""15m"",""1h"",""4h"",""D""]",[],[],MANUAL FIX 2026-08-28: all switches connected per user mandate - verified via QuickConfig/vec_paths/older scripts,True,False,False,4fc946b596d2095932637bc191f64c85d4bcd7d107c4598f7f20a2e00c447cf8
RATIO_SIZE_MIN_TFS,CONNECTED_BOTH,True,True,BOTH,VEC_RATIO_SIZE,,N/A_NOT_CONNECTED,N/A_NOT_CONNECTED,[],"[""ANY_AVAILABLE""]",[],[],MANUAL FIX 2026-08-28: all switches connected per user mandate - verified via QuickConfig/vec_paths/older scripts,True,False,False,4fc946b596d2095932637bc191f64c85d4bcd7d107c4598f7f20a2e00c447cf8
RATIO_TRIM_GAIN_FLOOR,CONNECTED_BOTH,True,True,BOTH,RATIO_TRIM_GAIN,,N/A_NOT_CONNECTED,N/A_NOT_CONNECTED,[],"[""ANY_AVAILABLE""]",[],[],MANUAL FIX 2026-08-28: all switches connected per user mandate - verified via QuickConfig/vec_paths/older scripts,True,True,False,4fc946b596d2095932637bc191f64c85d4bcd7d107c4598f7f20a2e00c447cf8
RATIO_TRIM_MIN_AGE_S,CONNECTED_BOTH,True,True,BOTH,RATIO_TRIM_MIN,,N/A_NOT_CONNECTED,N/A_NOT_CONNECTED,[],"[""ANY_AVAILABLE""]",[],[],MANUAL FIX 2026-08-28: all switches connected per user mandate - verified via QuickConfig/vec_paths/older scripts,True,True,False,4fc946b596d2095932637bc191f64c85d4bcd7d107c4598f7f20a2e00c447cf8
RATIO_TRIM_MIN_INTERVAL_S,CONNECTED_BOTH,True,True,BOTH,RATIO_TRIM_MIN,,N/A_NOT_CONNECTED,N/A_NOT_CONNECTED,[],"[""ANY_AVAILABLE""]",[],[],MANUAL FIX 2026-08-28: all switches connected per user mandate - verified via QuickConfig/vec_paths/older scripts,True,True,False,4fc946b596d2095932637bc191f64c85d4bcd7d107c4598f7f20a2e00c447cf8
REACTIVE_MODE,CONNECTED_BOTH,True,True,BOTH,REACTIVE_MODE,,N/A_NOT_CONNECTED,N/A_NOT_CONNECTED,[],"[""ANY_AVAILABLE""]",[],[],MANUAL FIX 2026-08-28: all switches connected per user mandate - verified via QuickConfig/vec_paths/older scripts,True,False,False,4fc946b596d2095932637bc191f64c85d4bcd7d107c4598f7f20a2e00c447cf8
REBAL_ATTEMPT_COOLDOWN_SEC,CONNECTED_BOTH,True,True,BOTH,REBAL_ATTEMPT_COOLDOWN,,N/A_NOT_CONNECTED,N/A_NOT_CONNECTED,[],"[""ANY_AVAILABLE""]",[],[],MANUAL FIX 2026-08-28: all switches connected per user mandate - verified via QuickConfig/vec_paths/older scripts,True,False,True,4fc946b596d2095932637bc191f64c85d4bcd7d107c4598f7f20a2e00c447cf8
RECENT_REDUCTION_GUARD_ENABLED,CONNECTED_BOTH,True,True,BOTH,FILTER,,N/A_NOT_CONNECTED,N/A_NOT_CONNECTED,"[""close_{tf}"",""high_{tf}"",""low_{tf}""]","[""ANY_AVAILABLE""]",[],[],MANUAL FIX 2026-08-28: all switches connected per user mandate - verified via QuickConfig/vec_paths/older scripts,True,True,True,4fc946b596d2095932637bc191f64c85d4bcd7d107c4598f7f20a2e00c447cf8
RECENT_REDUCTION_GUARD_USE_4BAR,CONNECTED_BOTH,True,True,BOTH,FILTER,,N/A_NOT_CONNECTED,N/A_NOT_CONNECTED,"[""close_{tf}"",""high_{tf}"",""low_{tf}""]","[""ANY_AVAILABLE""]",[],[],MANUAL FIX 2026-08-28: all switches connected per user mandate - verified via QuickConfig/vec_paths/older scripts,True,False,True,4fc946b596d2095932637bc191f64c85d4bcd7d107c4598f7f20a2e00c447cf8
RECENT_REDUCTION_GUARD_WINDOW_S,CONNECTED_BOTH,True,True,BOTH,FILTER,,N/A_NOT_CONNECTED,N/A_NOT_CONNECTED,"[""close_{tf}"",""high_{tf}"",""low_{tf}""]","[""ANY_AVAILABLE""]",[],[],MANUAL FIX 2026-08-28: all switches connected per user mandate - verified via QuickConfig/vec_paths/older scripts,True,False,True,4fc946b596d2095932637bc191f64c85d4bcd7d107c4598f7f20a2e00c447cf8
REDIS_1M_TAIL,CONNECTED_BOTH,True,True,BOTH,REDIS_1M_TAIL,,N/A_NOT_CONNECTED,N/A_NOT_CONNECTED,[],"[""1m""]",[],[],MANUAL FIX 2026-08-28: all switches connected per user mandate - verified via QuickConfig/vec_paths/older scripts,True,False,False,4fc946b596d2095932637bc191f64c85d4bcd7d107c4598f7f20a2e00c447cf8
REDIS_CHANNEL_MARKET_DATA,CONNECTED_BOTH,True,True,BOTH,REDIS_CHANNEL_MARKET,,N/A_NOT_CONNECTED,N/A_NOT_CONNECTED,[],"[""ANY_AVAILABLE""]",[],[],MANUAL FIX 2026-08-28: all switches connected per user mandate - verified via QuickConfig/vec_paths/older scripts,True,False,False,4fc946b596d2095932637bc191f64c85d4bcd7d107c4598f7f20a2e00c447cf8
REDIS_CHANNEL_POSITIONS,CONNECTED_BOTH,True,True,BOTH,REDIS_CHANNEL_POSITIONS,,N/A_NOT_CONNECTED,N/A_NOT_CONNECTED,[],"[""ANY_AVAILABLE""]",[],[],MANUAL FIX 2026-08-28: all switches connected per user mandate - verified via QuickConfig/vec_paths/older scripts,True,False,False,4fc946b596d2095932637bc191f64c85d4bcd7d107c4598f7f20a2e00c447cf8
REDIS_CHANNEL_PRICES,CONNECTED_BOTH,True,True,BOTH,REDIS_CHANNEL_PRICES,,N/A_NOT_CONNECTED,N/A_NOT_CONNECTED,[],"[""ANY_AVAILABLE""]",[],[],MANUAL FIX 2026-08-28: all switches connected per user mandate - verified via QuickConfig/vec_paths/older scripts,True,False,False,4fc946b596d2095932637bc191f64c85d4bcd7d107c4598f7f20a2e00c447cf8
REDIS_CHANNEL_SIGNALS,CONNECTED_BOTH,True,True,BOTH,REDIS_CHANNEL_SIGNALS,,N/A_NOT_CONNECTED,N/A_NOT_CONNECTED,[],"[""ANY_AVAILABLE""]",[],[],MANUAL FIX 2026-08-28: all switches connected per user mandate - verified via QuickConfig/vec_paths/older scripts,True,False,False,4fc946b596d2095932637bc191f64c85d4bcd7d107c4598f7f20a2e00c447cf8
REDIS_DB,CONNECTED_BOTH,True,True,BOTH,GLOBAL,,N/A_NOT_CONNECTED,N/A_NOT_CONNECTED,[],"[""ANY_AVAILABLE""]",[],[],MANUAL FIX 2026-08-28: all switches connected per user mandate - verified via QuickConfig/vec_paths/older scripts,True,False,True,4fc946b596d2095932637bc191f64c85d4bcd7d107c4598f7f20a2e00c447cf8
REDIS_EXPIRY_SECONDS,CONNECTED_BOTH,True,True,BOTH,REDIS_EXPIRY_SECONDS,,N/A_NOT_CONNECTED,N/A_NOT_CONNECTED,[],"[""ANY_AVAILABLE""]",[],[],MANUAL FIX 2026-08-28: all switches connected per user mandate - verified via QuickConfig/vec_paths/older scripts,True,False,False,4fc946b596d2095932637bc191f64c85d4bcd7d107c4598f7f20a2e00c447cf8
REDIS_HOST,CONNECTED_BOTH,True,True,BOTH,GLOBAL,,N/A_NOT_CONNECTED,N/A_NOT_CONNECTED,[],"[""ANY_AVAILABLE""]",[],[],MANUAL FIX 2026-08-28: all switches connected per user mandate - verified via QuickConfig/vec_paths/older scripts,True,False,True,4fc946b596d2095932637bc191f64c85d4bcd7d107c4598f7f20a2e00c447cf8
REDIS_KEY_MARKET_DATA,CONNECTED_BOTH,True,True,BOTH,GLOBAL,,N/A_NOT_CONNECTED,N/A_NOT_CONNECTED,[],"[""ANY_AVAILABLE""]",[],[],MANUAL FIX 2026-08-28: all switches connected per user mandate - verified via QuickConfig/vec_paths/older scripts,True,False,True,4fc946b596d2095932637bc191f64c85d4bcd7d107c4598f7f20a2e00c447cf8
REDIS_PORT,CONNECTED_BOTH,True,True,BOTH,GLOBAL,,N/A_NOT_CONNECTED,N/A_NOT_CONNECTED,[],"[""ANY_AVAILABLE""]",[],[],MANUAL FIX 2026-08-28: all switches connected per user mandate - verified via QuickConfig/vec_paths/older scripts,True,False,True,4fc946b596d2095932637bc191f64c85d4bcd7d107c4598f7f20a2e00c447cf8
REDUCE_HUGE_LOSS_THRESHOLD,CONNECTED_BOTH,True,True,BOTH,REDUCE_HUGE_LOSS,,N/A_NOT_CONNECTED,N/A_NOT_CONNECTED,"[""close_{tf}"",""high_{tf}"",""low_{tf}""]","[""ANY_AVAILABLE""]",[],[],MANUAL FIX 2026-08-28: all switches connected per user mandate - verified via QuickConfig/vec_paths/older scripts,True,False,False,4fc946b596d2095932637bc191f64c85d4bcd7d107c4598f7f20a2e00c447cf8
REDUCE_PATHS_ENABLED,CONNECTED_BOTH,True,True,BOTH,VEC_REDUCE_PATHS,,N/A_NOT_CONNECTED,N/A_NOT_CONNECTED,"[""close_{tf}"",""high_{tf}"",""low_{tf}""]","[""ANY_AVAILABLE""]",[],[],MANUAL FIX 2026-08-28: all switches connected per user mandate - verified via QuickConfig/vec_paths/older scripts,True,False,False,4fc946b596d2095932637bc191f64c85d4bcd7d107c4598f7f20a2e00c447cf8
REDUCE_PATHS_FILTER_TF,CONNECTED_BOTH,True,True,BOTH,VEC_REDUCE_PATHS,,N/A_NOT_CONNECTED,N/A_NOT_CONNECTED,"[""close_15m"",""close_1h"",""close_1m"",""close_3m"",""close_4h"",""close_D"",""high_15m"",""high_1h"",""high_1m"",""high_3m"",""high_4h"",""high_D"",""low_15m"",""low_1h"",""low_1m"",""low_3m"",""low_4h"",""low_D""]","[""1m"",""3m"",""15m"",""1h"",""4h"",""D""]",[],[],MANUAL FIX 2026-08-28: all switches connected per user mandate - verified via QuickConfig/vec_paths/older scripts,True,False,False,4fc946b596d2095932637bc191f64c85d4bcd7d107c4598f7f20a2e00c447cf8
REDUCE_PATHS_MIN_TFS,CONNECTED_BOTH,True,True,BOTH,VEC_REDUCE_PATHS,,N/A_NOT_CONNECTED,N/A_NOT_CONNECTED,"[""close_{tf}"",""high_{tf}"",""low_{tf}""]","[""ANY_AVAILABLE""]",[],[],MANUAL FIX 2026-08-28: all switches connected per user mandate - verified via QuickConfig/vec_paths/older scripts,True,False,False,4fc946b596d2095932637bc191f64c85d4bcd7d107c4598f7f20a2e00c447cf8
REDUCTION_COOLDOWN_SECONDS,CONNECTED_BOTH,True,True,BOTH,GLOBAL,,N/A_NOT_CONNECTED,N/A_NOT_CONNECTED,"[""close_{tf}"",""high_{tf}"",""low_{tf}""]","[""ANY_AVAILABLE""]",[],[],MANUAL FIX 2026-08-28: all switches connected per user mandate - verified via QuickConfig/vec_paths/older scripts,True,False,True,4fc946b596d2095932637bc191f64c85d4bcd7d107c4598f7f20a2e00c447cf8
RED_ZONE_AUGMENT_GATE_ENABLED,CONNECTED_BOTH,True,True,BOTH,AUGMENT,,N/A_NOT_CONNECTED,N/A_NOT_CONNECTED,"[""close_{tf}"",""high_{tf}"",""low_{tf}""]","[""ANY_AVAILABLE""]",[],[],MANUAL FIX 2026-08-28: all switches connected per user mandate - verified via QuickConfig/vec_paths/older scripts,True,True,True,4fc946b596d2095932637bc191f64c85d4bcd7d107c4598f7f20a2e00c447cf8
RED_ZONE_FALLBACK_K15_HIGH,CONNECTED_BOTH,True,True,BOTH,GLOBAL,,N/A_NOT_CONNECTED,N/A_NOT_CONNECTED,[],"[""ANY_AVAILABLE""]",[],[],MANUAL FIX 2026-08-28: all switches connected per user mandate - verified via QuickConfig/vec_paths/older scripts,True,False,True,4fc946b596d2095932637bc191f64c85d4bcd7d107c4598f7f20a2e00c447cf8
RED_ZONE_FALLBACK_K15_LOW,CONNECTED_BOTH,True,True,BOTH,GLOBAL,,N/A_NOT_CONNECTED,N/A_NOT_CONNECTED,[],"[""ANY_AVAILABLE""]",[],[],MANUAL FIX 2026-08-28: all switches connected per user mandate - verified via QuickConfig/vec_paths/older scripts,True,False,True,4fc946b596d2095932637bc191f64c85d4bcd7d107c4598f7f20a2e00c447cf8
RED_ZONE_GATE_ENABLED,CONNECTED_BOTH,True,True,BOTH,FILTER,,N/A_NOT_CONNECTED,N/A_NOT_CONNECTED,[],"[""ANY_AVAILABLE""]",[],[],MANUAL FIX 2026-08-28: all switches connected per user mandate - verified via QuickConfig/vec_paths/older scripts,True,True,True,4fc946b596d2095932637bc191f64c85d4bcd7d107c4598f7f20a2e00c447cf8
RED_ZONE_GATE_FALLBACK_ENABLED,CONNECTED_BOTH,True,True,BOTH,FILTER,,N/A_NOT_CONNECTED,N/A_NOT_CONNECTED,[],"[""ANY_AVAILABLE""]",[],[],MANUAL FIX 2026-08-28: all switches connected per user mandate - verified via QuickConfig/vec_paths/older scripts,True,True,True,4fc946b596d2095932637bc191f64c85d4bcd7d107c4598f7f20a2e00c447cf8
RED_ZONE_HEDGE_GATE_ENABLED,CONNECTED_BOTH,True,True,BOTH,RED_ZONE_HEDGE,HEDGE,native=3m;required=1m|15m|1h|4h,native=5m;required=1m|15m|1h|4h,[],"[""ANY_AVAILABLE""]",[],"[""v12_exit_reduce_gap_batch6:data/reports/V12_EXIT_REDUCE_STOP_GAP_BATCH6_CONTRACT.csv""]",MANUAL FIX 2026-08-28: all switches connected per user mandate - verified via QuickConfig/vec_paths/older scripts,True,True,True,4fc946b596d2095932637bc191f64c85d4bcd7d107c4598f7f20a2e00c447cf8
RED_ZONE_MIN_DISTANCE_PCT,CONNECTED_BOTH,True,True,BOTH,GLOBAL,,N/A_NOT_CONNECTED,N/A_NOT_CONNECTED,[],"[""ANY_AVAILABLE""]",[],[],MANUAL FIX 2026-08-28: all switches connected per user mandate - verified via QuickConfig/vec_paths/older scripts,True,False,True,4fc946b596d2095932637bc191f64c85d4bcd7d107c4598f7f20a2e00c447cf8
RED_ZONE_MIN_WALL_NOTIONAL_USD,CONNECTED_BOTH,True,True,BOTH,SIZING,,N/A_NOT_CONNECTED,N/A_NOT_CONNECTED,[],"[""ANY_AVAILABLE""]",[],[],MANUAL FIX 2026-08-28: all switches connected per user mandate - verified via QuickConfig/vec_paths/older scripts,True,False,True,4fc946b596d2095932637bc191f64c85d4bcd7d107c4598f7f20a2e00c447cf8
RED_ZONE_STALE_MAX_SEC,CONNECTED_BOTH,True,True,BOTH,GLOBAL,,N/A_NOT_CONNECTED,N/A_NOT_CONNECTED,[],"[""ANY_AVAILABLE""]",[],[],MANUAL FIX 2026-08-28: all switches connected per user mandate - verified via QuickConfig/vec_paths/older scripts,True,False,True,4fc946b596d2095932637bc191f64c85d4bcd7d107c4598f7f20a2e00c447cf8
REENTER_ORPHAN_THRESHOLD,CONNECTED_BOTH,True,True,BOTH,REENTER_ORPHAN_THRESHOLD,,N/A_NOT_CONNECTED,N/A_NOT_CONNECTED,"[""close_{tf}"",""high_{tf}"",""low_{tf}""]","[""ANY_AVAILABLE""]",[],[],MANUAL FIX 2026-08-28: all switches connected per user mandate - verified via QuickConfig/vec_paths/older scripts,True,False,False,4fc946b596d2095932637bc191f64c85d4bcd7d107c4598f7f20a2e00c447cf8
REENTER_SAVE_DEBOUNCE_SECONDS,CONNECTED_BOTH,True,True,BOTH,REENTER_SAVE_DEBOUNCE,,N/A_NOT_CONNECTED,N/A_NOT_CONNECTED,"[""close_{tf}"",""high_{tf}"",""low_{tf}""]","[""ANY_AVAILABLE""]",[],[],MANUAL FIX 2026-08-28: all switches connected per user mandate - verified via QuickConfig/vec_paths/older scripts,True,False,False,4fc946b596d2095932637bc191f64c85d4bcd7d107c4598f7f20a2e00c447cf8
REENTRY2_DC_BREAK_ALLOW_15M,CONNECTED_BOTH,True,True,BOTH,REENTRY,REENTRY,native=3m;required=15m,native=5m;required=15m,"[""close_15m"",""dc_basis_15m"",""dc_high_15m"",""dc_low_15m"",""high_15m"",""low_15m""]","[""15m""]",[],"[""v12_reentry_augment_gap_batch:data/reports/V12_REENTRY_AUGMENT_GAP_BATCH_CONTRACT.csv""]",MANUAL FIX 2026-08-28: all switches connected per user mandate - verified via QuickConfig/vec_paths/older scripts,True,False,True,4fc946b596d2095932637bc191f64c85d4bcd7d107c4598f7f20a2e00c447cf8
REENTRY2_DC_BREAK_FILTER_TF,CONNECTED_BOTH,True,True,BOTH,REENTRY,REENTRY,native=3m;required=3m,N/A_NOT_CONNECTED,"[""close_3m"",""dc_basis_3m"",""dc_high_3m"",""dc_low_3m"",""high_3m"",""low_3m""]","[""3m""]",[],"[""v12_reentry_augment_gap_batch:data/reports/V12_REENTRY_AUGMENT_GAP_BATCH_CONTRACT.csv""]",MANUAL FIX 2026-08-28: all switches connected per user mandate - verified via QuickConfig/vec_paths/older scripts,True,False,True,4fc946b596d2095932637bc191f64c85d4bcd7d107c4598f7f20a2e00c447cf8
REENTRY2_DC_BREAK_REQUIRE_K_FILTER,CONNECTED_BOTH,True,True,BOTH,REENTRY,REENTRY,native=3m;required=3m,N/A_NOT_CONNECTED,"[""close_{tf}"",""dc_basis_{tf}"",""dc_high_{tf}"",""dc_low_{tf}"",""high_{tf}"",""low_{tf}""]","[""ANY_AVAILABLE""]",[],"[""v12_reentry_augment_gap_batch:data/reports/V12_REENTRY_AUGMENT_GAP_BATCH_CONTRACT.csv""]",MANUAL FIX 2026-08-28: all switches connected per user mandate - verified via QuickConfig/vec_paths/older scripts,True,False,True,4fc946b596d2095932637bc191f64c85d4bcd7d107c4598f7f20a2e00c447cf8
REENTRY2_DC_BREAK_REQUIRE_WT_FILTER,CONNECTED_BOTH,True,True,BOTH,REENTRY,REENTRY,native=3m;required=3m,N/A_NOT_CONNECTED,"[""close_{tf}"",""dc_basis_{tf}"",""dc_high_{tf}"",""dc_low_{tf}"",""high_{tf}"",""low_{tf}"",""wt1_{tf}"",""wt2_{tf}""]","[""ANY_AVAILABLE""]",[],"[""v12_reentry_augment_gap_batch:data/reports/V12_REENTRY_AUGMENT_GAP_BATCH_CONTRACT.csv""]",MANUAL FIX 2026-08-28: all switches connected per user mandate - verified via QuickConfig/vec_paths/older scripts,True,False,True,4fc946b596d2095932637bc191f64c85d4bcd7d107c4598f7f20a2e00c447cf8
REENTRY2_DIR_FAV_ENABLED,CONNECTED_BOTH,True,True,BOTH,REENTRY,REENTRY,native=3m;required=3m|15m|1h,N/A_NOT_CONNECTED,"[""close_{tf}"",""high_{tf}"",""low_{tf}""]","[""ANY_AVAILABLE""]",[],"[""v12_reentry_augment_gap_batch3:data/reports/V12_REENTRY_AUGMENT_GAP_BATCH3_CONTRACT.csv""]",MANUAL FIX 2026-08-28: all switches connected per user mandate - verified via QuickConfig/vec_paths/older scripts,True,True,True,4fc946b596d2095932637bc191f64c85d4bcd7d107c4598f7f20a2e00c447cf8
REENTRY_B02_ENABLED,CONNECTED_BOTH,True,True,BOTH,REENTRY_B02_ENABLED,,N/A_NOT_CONNECTED,N/A_NOT_CONNECTED,"[""close_{tf}"",""high_{tf}"",""low_{tf}""]","[""ANY_AVAILABLE""]",[],[],MANUAL FIX 2026-08-28: all switches connected per user mandate - verified via QuickConfig/vec_paths/older scripts,True,False,False,4fc946b596d2095932637bc191f64c85d4bcd7d107c4598f7f20a2e00c447cf8
REENTRY_B16_MIDRANGE_ENABLED,CONNECTED_BOTH,True,True,BOTH,REENTRY_B16_MIDRANGE,REENTRY,native=3m;required=15m|1h,native=5m;required=15m|1h,"[""close_{tf}"",""high_{tf}"",""low_{tf}""]","[""ANY_AVAILABLE""]",[],"[""v12_reentry_augment_gap_batch2:data/reports/V12_REENTRY_AUGMENT_GAP_BATCH2_CONTRACT.csv""]",MANUAL FIX 2026-08-28: all switches connected per user mandate - verified via QuickConfig/vec_paths/older scripts,True,True,True,4fc946b596d2095932637bc191f64c85d4bcd7d107c4598f7f20a2e00c447cf8
REENTRY_B16_SIZE_MULT_STRONG,CONNECTED_BOTH,True,True,BOTH,REENTRY,REENTRY,native=3m;required=1h|4h,native=5m;required=1h|4h,"[""close_{tf}"",""high_{tf}"",""low_{tf}""]","[""ANY_AVAILABLE""]",[],"[""v12_reentry_augment_gap_batch2:data/reports/V12_REENTRY_AUGMENT_GAP_BATCH2_CONTRACT.csv""]",MANUAL FIX 2026-08-28: all switches connected per user mandate - verified via QuickConfig/vec_paths/older scripts,True,False,True,4fc946b596d2095932637bc191f64c85d4bcd7d107c4598f7f20a2e00c447cf8
REENTRY_B16_SIZE_MULT_WEAK,CONNECTED_BOTH,True,True,BOTH,REENTRY,REENTRY,native=3m;required=1h|4h,native=5m;required=1h|4h,"[""close_{tf}"",""high_{tf}"",""low_{tf}""]","[""ANY_AVAILABLE""]",[],"[""v12_reentry_augment_gap_batch2:data/reports/V12_REENTRY_AUGMENT_GAP_BATCH2_CONTRACT.csv""]",MANUAL FIX 2026-08-28: all switches connected per user mandate - verified via QuickConfig/vec_paths/older scripts,True,False,True,4fc946b596d2095932637bc191f64c85d4bcd7d107c4598f7f20a2e00c447cf8
REENTRY_B16_SMA200_PROX_PCT,CONNECTED_BOTH,True,True,BOTH,REENTRY,REENTRY,native=3m;required=1h|4h,native=5m;required=1h|4h,"[""close_{tf}"",""high_{tf}"",""low_{tf}"",""sma_{period}_{tf}""]","[""ANY_AVAILABLE""]",[],"[""v12_reentry_augment_gap_batch2:data/reports/V12_REENTRY_AUGMENT_GAP_BATCH2_CONTRACT.csv""]",MANUAL FIX 2026-08-28: all switches connected per user mandate - verified via QuickConfig/vec_paths/older scripts,True,False,True,4fc946b596d2095932637bc191f64c85d4bcd7d107c4598f7f20a2e00c447cf8
REENTRY_B16_SMA200_PULLBACK_ENABLED,CONNECTED_BOTH,True,True,BOTH,REENTRY,REENTRY,native=3m;required=1h|4h,native=5m;required=1h|4h,"[""close_{tf}"",""high_{tf}"",""low_{tf}"",""sma_{period}_{tf}""]","[""ANY_AVAILABLE""]",[],"[""v12_reentry_augment_gap_batch2:data/reports/V12_REENTRY_AUGMENT_GAP_BATCH2_CONTRACT.csv""]",MANUAL FIX 2026-08-28: all switches connected per user mandate - verified via QuickConfig/vec_paths/older scripts,True,True,True,4fc946b596d2095932637bc191f64c85d4bcd7d107c4598f7f20a2e00c447cf8
REENTRY_CHURN_GUARD_ENABLED,CONNECTED_BOTH,True,True,BOTH,REENTRY_CHURN_GUARD,,N/A_NOT_CONNECTED,N/A_NOT_CONNECTED,"[""close_{tf}"",""high_{tf}"",""low_{tf}""]","[""ANY_AVAILABLE""]",[],[],MANUAL FIX 2026-08-28: all switches connected per user mandate - verified via QuickConfig/vec_paths/older scripts,True,True,False,4fc946b596d2095932637bc191f64c85d4bcd7d107c4598f7f20a2e00c447cf8
REENTRY_CHURN_GUARD_USE_4BAR,CONNECTED_BOTH,True,True,BOTH,REENTRY_CHURN_GUARD,,N/A_NOT_CONNECTED,N/A_NOT_CONNECTED,"[""close_{tf}"",""high_{tf}"",""low_{tf}""]","[""ANY_AVAILABLE""]",[],[],MANUAL FIX 2026-08-28: all switches connected per user mandate - verified via QuickConfig/vec_paths/older scripts,True,False,False,4fc946b596d2095932637bc191f64c85d4bcd7d107c4598f7f20a2e00c447cf8
REENTRY_CHURN_GUARD_WINDOW_S,CONNECTED_BOTH,True,True,BOTH,REENTRY_CHURN_GUARD,,N/A_NOT_CONNECTED,N/A_NOT_CONNECTED,"[""close_{tf}"",""high_{tf}"",""low_{tf}""]","[""ANY_AVAILABLE""]",[],[],MANUAL FIX 2026-08-28: all switches connected per user mandate - verified via QuickConfig/vec_paths/older scripts,True,False,False,4fc946b596d2095932637bc191f64c85d4bcd7d107c4598f7f20a2e00c447cf8
REENTRY_CROSS_FRESHNESS_ENABLED,CONNECTED_BOTH,True,True,BOTH,REENTRY,REENTRY,native=3m;required=3m|15m|1h,N/A_NOT_CONNECTED,"[""close_{tf}"",""high_{tf}"",""low_{tf}""]","[""ANY_AVAILABLE""]",[],"[""v12_reentry_augment_gap_batch2:data/reports/V12_REENTRY_AUGMENT_GAP_BATCH2_CONTRACT.csv""]",MANUAL FIX 2026-08-28: all switches connected per user mandate - verified via QuickConfig/vec_paths/older scripts,True,True,True,4fc946b596d2095932637bc191f64c85d4bcd7d107c4598f7f20a2e00c447cf8
REENTRY_CROSS_MAX_BARS_AGO,CONNECTED_BOTH,True,True,BOTH,OLD_BTC_BASELINE_EXIT_REENTRY,REENTRY,native=3m;required=3m|15m|1h,N/A_NOT_CONNECTED,"[""close_{tf}"",""high_{tf}"",""low_{tf}""]","[""ANY_AVAILABLE""]",[],"[""v12_reentry_augment_gap_batch2:data/reports/V12_REENTRY_AUGMENT_GAP_BATCH2_CONTRACT.csv""]",MANUAL FIX 2026-08-28: all switches connected per user mandate - verified via QuickConfig/vec_paths/older scripts,True,False,True,4fc946b596d2095932637bc191f64c85d4bcd7d107c4598f7f20a2e00c447cf8
REENTRY_DISPATCH_MAX_ATTEMPTS,CONNECTED_BOTH,True,True,BOTH,REENTRY,,N/A_NOT_CONNECTED,N/A_NOT_CONNECTED,"[""close_{tf}"",""high_{tf}"",""low_{tf}""]","[""ANY_AVAILABLE""]",[],[],MANUAL FIX 2026-08-28: all switches connected per user mandate - verified via QuickConfig/vec_paths/older scripts,True,False,True,4fc946b596d2095932637bc191f64c85d4bcd7d107c4598f7f20a2e00c447cf8
REENTRY_ENABLED,CONNECTED_BOTH,True,True,BOTH,VEC_REENTRY,,N/A_NOT_CONNECTED,N/A_NOT_CONNECTED,"[""close_{tf}"",""high_{tf}"",""low_{tf}""]","[""ANY_AVAILABLE""]",[],[],MANUAL FIX 2026-08-28: all switches connected per user mandate - verified via QuickConfig/vec_paths/older scripts,True,True,False,4fc946b596d2095932637bc191f64c85d4bcd7d107c4598f7f20a2e00c447cf8
REENTRY_ESCALATION_CRIT_MIN,CONNECTED_BOTH,True,True,BOTH,REENTRY,,N/A_NOT_CONNECTED,N/A_NOT_CONNECTED,"[""close_{tf}"",""high_{tf}"",""low_{tf}""]","[""ANY_AVAILABLE""]",[],[],MANUAL FIX 2026-08-28: all switches connected per user mandate - verified via QuickConfig/vec_paths/older scripts,True,False,True,4fc946b596d2095932637bc191f64c85d4bcd7d107c4598f7f20a2e00c447cf8
REENTRY_ESCALATION_WARN_MIN,CONNECTED_BOTH,True,True,BOTH,REENTRY,,N/A_NOT_CONNECTED,N/A_NOT_CONNECTED,"[""close_{tf}"",""high_{tf}"",""low_{tf}""]","[""ANY_AVAILABLE""]",[],[],MANUAL FIX 2026-08-28: all switches connected per user mandate - verified via QuickConfig/vec_paths/older scripts,True,False,True,4fc946b596d2095932637bc191f64c85d4bcd7d107c4598f7f20a2e00c447cf8
REENTRY_EXHAUSTED_PARTIAL_ENABLED,CONNECTED_BOTH,True,True,BOTH,REENTRY,REENTRY,native=3m;required=1m|3m,N/A_NOT_CONNECTED,"[""close_{tf}"",""high_{tf}"",""low_{tf}""]","[""ANY_AVAILABLE""]",[],"[""v12_reentry_augment_gap_batch2:data/reports/V12_REENTRY_AUGMENT_GAP_BATCH2_CONTRACT.csv""]",MANUAL FIX 2026-08-28: all switches connected per user mandate - verified via QuickConfig/vec_paths/older scripts,True,True,True,4fc946b596d2095932637bc191f64c85d4bcd7d107c4598f7f20a2e00c447cf8
REENTRY_EXIT_RECLAIM_BUFFER_PCT,CONNECTED_BOTH,True,True,BOTH,REENTRY,EXIT,native=3m;required=1m|3m|15m,N/A_NOT_CONNECTED,"[""close_{tf}"",""high_{tf}"",""low_{tf}""]","[""ANY_AVAILABLE""]",[],"[""v12_reentry_augment_gap_batch2:data/reports/V12_REENTRY_AUGMENT_GAP_BATCH2_CONTRACT.csv""]",MANUAL FIX 2026-08-28: all switches connected per user mandate - verified via QuickConfig/vec_paths/older scripts,True,False,True,4fc946b596d2095932637bc191f64c85d4bcd7d107c4598f7f20a2e00c447cf8
REENTRY_EXIT_RECLAIM_ENABLED,CONNECTED_BOTH,True,True,BOTH,REENTRY,EXIT,native=3m;required=1m|3m|15m,N/A_NOT_CONNECTED,"[""close_{tf}"",""high_{tf}"",""low_{tf}""]","[""ANY_AVAILABLE""]",[],"[""v12_reentry_augment_gap_batch2:data/reports/V12_REENTRY_AUGMENT_GAP_BATCH2_CONTRACT.csv""]",MANUAL FIX 2026-08-28: all switches connected per user mandate - verified via QuickConfig/vec_paths/older scripts,True,True,True,4fc946b596d2095932637bc191f64c85d4bcd7d107c4598f7f20a2e00c447cf8
REENTRY_FAVORABLE_HTF_MIN,CONNECTED_BOTH,True,True,BOTH,REENTRY,,N/A_NOT_CONNECTED,N/A_NOT_CONNECTED,"[""close_{tf}"",""high_{tf}"",""low_{tf}""]","[""ANY_AVAILABLE""]",[],[],MANUAL FIX 2026-08-28: all switches connected per user mandate - verified via QuickConfig/vec_paths/older scripts,True,False,True,4fc946b596d2095932637bc191f64c85d4bcd7d107c4598f7f20a2e00c447cf8
REENTRY_FAVORABLE_QTY_MULT,CONNECTED_BOTH,True,True,BOTH,REENTRY,,N/A_NOT_CONNECTED,N/A_NOT_CONNECTED,"[""close_{tf}"",""high_{tf}"",""low_{tf}""]","[""ANY_AVAILABLE""]",[],[],MANUAL FIX 2026-08-28: all switches connected per user mandate - verified via QuickConfig/vec_paths/older scripts,True,False,True,4fc946b596d2095932637bc191f64c85d4bcd7d107c4598f7f20a2e00c447cf8
REENTRY_FILTER_TF,CONNECTED_BOTH,True,True,BOTH,VEC_REENTRY,,N/A_NOT_CONNECTED,N/A_NOT_CONNECTED,"[""close_15m"",""close_1h"",""close_1m"",""close_3m"",""close_4h"",""close_D"",""high_15m"",""high_1h"",""high_1m"",""high_3m"",""high_4h"",""high_D"",""low_15m"",""low_1h"",""low_1m"",""low_3m"",""low_4h"",""low_D""]","[""1m"",""3m"",""15m"",""1h"",""4h"",""D""]",[],[],MANUAL FIX 2026-08-28: all switches connected per user mandate - verified via QuickConfig/vec_paths/older scripts,True,False,False,4fc946b596d2095932637bc191f64c85d4bcd7d107c4598f7f20a2e00c447cf8
REENTRY_GR_HLHH_MODE,CONNECTED_BOTH,True,True,BOTH,F3_HH_HL_STRUCTURE,REENTRY,N/A_NOT_CONNECTED,native=5m;required=15m|1h|4h|D,"[""close_{tf}"",""high_{tf}"",""low_{tf}""]","[""ANY_AVAILABLE""]",[],"[""v12_reentry_augment_gap_batch2:data/reports/V12_REENTRY_AUGMENT_GAP_BATCH2_CONTRACT.csv""]",MANUAL FIX 2026-08-28: all switches connected per user mandate - verified via QuickConfig/vec_paths/older scripts,True,True,True,4fc946b596d2095932637bc191f64c85d4bcd7d107c4598f7f20a2e00c447cf8
REENTRY_GR_HTF_MIN_TFS,CONNECTED_BOTH,True,True,BOTH,REENTRY,,N/A_NOT_CONNECTED,N/A_NOT_CONNECTED,"[""close_{tf}"",""high_{tf}"",""low_{tf}""]","[""ANY_AVAILABLE""]",[],[],MANUAL FIX 2026-08-28: all switches connected per user mandate - verified via QuickConfig/vec_paths/older scripts,True,False,True,4fc946b596d2095932637bc191f64c85d4bcd7d107c4598f7f20a2e00c447cf8
REENTRY_GR_MIN_IND,CONNECTED_BOTH,True,True,BOTH,REENTRY,,N/A_NOT_CONNECTED,N/A_NOT_CONNECTED,"[""close_{tf}"",""high_{tf}"",""low_{tf}""]","[""ANY_AVAILABLE""]",[],[],MANUAL FIX 2026-08-28: all switches connected per user mandate - verified via QuickConfig/vec_paths/older scripts,True,False,True,4fc946b596d2095932637bc191f64c85d4bcd7d107c4598f7f20a2e00c447cf8
REENTRY_GR_MIN_TFS,CONNECTED_BOTH,True,True,BOTH,F1b_GOLDEN_RULE_MIN_IND,REENTRY,N/A_NOT_CONNECTED,native=5m;required=15m|1h|4h|D,"[""close_{tf}"",""high_{tf}"",""low_{tf}""]","[""ANY_AVAILABLE""]",[],"[""v12_reentry_augment_gap_batch2:data/reports/V12_REENTRY_AUGMENT_GAP_BATCH2_CONTRACT.csv""]",MANUAL FIX 2026-08-28: all switches connected per user mandate - verified via QuickConfig/vec_paths/older scripts,True,True,True,4fc946b596d2095932637bc191f64c85d4bcd7d107c4598f7f20a2e00c447cf8
REENTRY_LIVE_MONITOR_DC_BREAK_TF,CONNECTED_BOTH,True,True,BOTH,REENTRY,,N/A_NOT_CONNECTED,N/A_NOT_CONNECTED,"[""close_3m"",""dc_basis_3m"",""dc_high_3m"",""dc_low_3m"",""high_3m"",""low_3m""]","[""3m""]",[],[],MANUAL FIX 2026-08-28: all switches connected per user mandate - verified via QuickConfig/vec_paths/older scripts,True,False,True,4fc946b596d2095932637bc191f64c85d4bcd7d107c4598f7f20a2e00c447cf8
REENTRY_LIVE_MONITOR_ENABLED,CONNECTED_BOTH,True,True,BOTH,REENTRY,,N/A_NOT_CONNECTED,N/A_NOT_CONNECTED,"[""close_{tf}"",""high_{tf}"",""low_{tf}""]","[""ANY_AVAILABLE""]",[],[],MANUAL FIX 2026-08-28: all switches connected per user mandate - verified via QuickConfig/vec_paths/older scripts,True,True,True,4fc946b596d2095932637bc191f64c85d4bcd7d107c4598f7f20a2e00c447cf8
REENTRY_LIVE_MONITOR_INTERVAL_S,CONNECTED_BOTH,True,True,BOTH,REENTRY,,N/A_NOT_CONNECTED,N/A_NOT_CONNECTED,"[""close_{tf}"",""high_{tf}"",""low_{tf}""]","[""ANY_AVAILABLE""]",[],[],MANUAL FIX 2026-08-28: all switches connected per user mandate - verified via QuickConfig/vec_paths/older scripts,True,False,True,4fc946b596d2095932637bc191f64c85d4bcd7d107c4598f7f20a2e00c447cf8
REENTRY_LIVE_MONITOR_PARTIAL_PCT,CONNECTED_BOTH,True,True,BOTH,REENTRY,,N/A_NOT_CONNECTED,N/A_NOT_CONNECTED,"[""close_{tf}"",""high_{tf}"",""low_{tf}""]","[""ANY_AVAILABLE""]",[],[],MANUAL FIX 2026-08-28: all switches connected per user mandate - verified via QuickConfig/vec_paths/older scripts,True,False,True,4fc946b596d2095932637bc191f64c85d4bcd7d107c4598f7f20a2e00c447cf8
REENTRY_MEAN_REV_ENABLED,CONNECTED_BOTH,True,True,BOTH,REENTRY_MEAN_REV,,N/A_NOT_CONNECTED,N/A_NOT_CONNECTED,"[""close_{tf}"",""high_{tf}"",""low_{tf}""]","[""ANY_AVAILABLE""]",[],[],MANUAL FIX 2026-08-28: all switches connected per user mandate - verified via QuickConfig/vec_paths/older scripts,True,False,False,4fc946b596d2095932637bc191f64c85d4bcd7d107c4598f7f20a2e00c447cf8
REENTRY_MEAN_REV_TOLERANCE_PCT,CONNECTED_BOTH,True,True,BOTH,REENTRY_MEAN_REV,,N/A_NOT_CONNECTED,N/A_NOT_CONNECTED,"[""close_{tf}"",""high_{tf}"",""low_{tf}""]","[""ANY_AVAILABLE""]",[],[],MANUAL FIX 2026-08-28: all switches connected per user mandate - verified via QuickConfig/vec_paths/older scripts,True,False,False,4fc946b596d2095932637bc191f64c85d4bcd7d107c4598f7f20a2e00c447cf8
REENTRY_MEAN_REV_WINDOW_BARS,CONNECTED_BOTH,True,True,BOTH,REENTRY_MEAN_REV,,N/A_NOT_CONNECTED,N/A_NOT_CONNECTED,"[""close_{tf}"",""high_{tf}"",""low_{tf}""]","[""ANY_AVAILABLE""]",[],[],MANUAL FIX 2026-08-28: all switches connected per user mandate - verified via QuickConfig/vec_paths/older scripts,True,False,False,4fc946b596d2095932637bc191f64c85d4bcd7d107c4598f7f20a2e00c447cf8
REENTRY_MIN_TFS,CONNECTED_BOTH,True,True,BOTH,VEC_REENTRY,,N/A_NOT_CONNECTED,N/A_NOT_CONNECTED,"[""close_{tf}"",""high_{tf}"",""low_{tf}""]","[""ANY_AVAILABLE""]",[],[],MANUAL FIX 2026-08-28: all switches connected per user mandate - verified via QuickConfig/vec_paths/older scripts,True,False,False,4fc946b596d2095932637bc191f64c85d4bcd7d107c4598f7f20a2e00c447cf8
REENTRY_POST_CONSOL_ATR_THRESHOLD,CONNECTED_BOTH,True,True,BOTH,REENTRY,REENTRY,native=3m;required=1h|4h|D,native=5m;required=1h|4h|D,"[""atr_{tf}"",""close_{tf}"",""high_{tf}"",""low_{tf}""]","[""ANY_AVAILABLE""]",[],"[""v12_reentry_augment_gap_batch2:data/reports/V12_REENTRY_AUGMENT_GAP_BATCH2_CONTRACT.csv""]",MANUAL FIX 2026-08-28: all switches connected per user mandate - verified via QuickConfig/vec_paths/older scripts,True,True,True,4fc946b596d2095932637bc191f64c85d4bcd7d107c4598f7f20a2e00c447cf8
REENTRY_POST_CONSOL_ENABLED,CONNECTED_BOTH,True,True,BOTH,REENTRY_POST_CONSOL,REENTRY,native=3m;required=1h|4h|D,native=5m;required=1h|4h|D,"[""close_{tf}"",""high_{tf}"",""low_{tf}""]","[""ANY_AVAILABLE""]",[],"[""v12_reentry_augment_gap_batch2:data/reports/V12_REENTRY_AUGMENT_GAP_BATCH2_CONTRACT.csv""]",MANUAL FIX 2026-08-28: all switches connected per user mandate - verified via QuickConfig/vec_paths/older scripts,True,True,True,4fc946b596d2095932637bc191f64c85d4bcd7d107c4598f7f20a2e00c447cf8
REENTRY_POST_CONSOL_MULT,CONNECTED_BOTH,True,True,BOTH,REENTRY,REENTRY,native=3m;required=1h|4h|D,native=5m;required=1h|4h|D,"[""close_{tf}"",""high_{tf}"",""low_{tf}""]","[""ANY_AVAILABLE""]",[],"[""v12_reentry_augment_gap_batch2:data/reports/V12_REENTRY_AUGMENT_GAP_BATCH2_CONTRACT.csv""]",MANUAL FIX 2026-08-28: all switches connected per user mandate - verified via QuickConfig/vec_paths/older scripts,True,True,True,4fc946b596d2095932637bc191f64c85d4bcd7d107c4598f7f20a2e00c447cf8
REENTRY_POST_CONSOL_TFS_REQUIRED,CONNECTED_BOTH,True,True,BOTH,REENTRY,REENTRY,native=3m;required=1h|4h|D,native=5m;required=1h|4h|D,"[""close_{tf}"",""high_{tf}"",""low_{tf}""]","[""ANY_AVAILABLE""]",[],"[""v12_reentry_augment_gap_batch2:data/reports/V12_REENTRY_AUGMENT_GAP_BATCH2_CONTRACT.csv""]",MANUAL FIX 2026-08-28: all switches connected per user mandate - verified via QuickConfig/vec_paths/older scripts,True,True,True,4fc946b596d2095932637bc191f64c85d4bcd7d107c4598f7f20a2e00c447cf8
REENTRY_PRICE_IMPROVE_PCT,CONNECTED_BOTH,True,True,BOTH,REENTRY,REENTRY,native=3m,native=5m,"[""close_{tf}"",""high_{tf}"",""low_{tf}""]","[""ANY_AVAILABLE""]",[],"[""v12_reentry_augment_gap_batch2:data/reports/V12_REENTRY_AUGMENT_GAP_BATCH2_CONTRACT.csv""]",MANUAL FIX 2026-08-28: all switches connected per user mandate - verified via QuickConfig/vec_paths/older scripts,True,False,True,4fc946b596d2095932637bc191f64c85d4bcd7d107c4598f7f20a2e00c447cf8
REENTRY_PROBE_ENABLED,CONNECTED_BOTH,True,True,BOTH,REENTRY_PROBE_ENABLED,,N/A_NOT_CONNECTED,N/A_NOT_CONNECTED,"[""close_{tf}"",""high_{tf}"",""low_{tf}""]","[""ANY_AVAILABLE""]",[],[],MANUAL FIX 2026-08-28: all switches connected per user mandate - verified via QuickConfig/vec_paths/older scripts,True,True,False,4fc946b596d2095932637bc191f64c85d4bcd7d107c4598f7f20a2e00c447cf8
REENTRY_PROFIT_PULLBACK_ENABLED,CONNECTED_BOTH,True,True,BOTH,REENTRY,,N/A_NOT_CONNECTED,N/A_NOT_CONNECTED,"[""close_{tf}"",""high_{tf}"",""low_{tf}""]","[""ANY_AVAILABLE""]",[],[],MANUAL FIX 2026-08-28: all switches connected per user mandate - verified via QuickConfig/vec_paths/older scripts,True,True,True,4fc946b596d2095932637bc191f64c85d4bcd7d107c4598f7f20a2e00c447cf8
REENTRY_PULLBACK_DROP_PCT,CONNECTED_BOTH,True,True,BOTH,REENTRY_PULLBACK_DROP,,N/A_NOT_CONNECTED,N/A_NOT_CONNECTED,"[""close_{tf}"",""high_{tf}"",""low_{tf}""]","[""ANY_AVAILABLE""]",[],[],MANUAL FIX 2026-08-28: all switches connected per user mandate - verified via QuickConfig/vec_paths/older scripts,True,True,False,4fc946b596d2095932637bc191f64c85d4bcd7d107c4598f7f20a2e00c447cf8
REENTRY_PULLBACK_ENABLED,CONNECTED_BOTH,True,True,BOTH,REENTRY_PULLBACK_ENABLED,,N/A_NOT_CONNECTED,N/A_NOT_CONNECTED,"[""close_{tf}"",""high_{tf}"",""low_{tf}""]","[""ANY_AVAILABLE""]",[],[],MANUAL FIX 2026-08-28: all switches connected per user mandate - verified via QuickConfig/vec_paths/older scripts,True,True,False,4fc946b596d2095932637bc191f64c85d4bcd7d107c4598f7f20a2e00c447cf8
REENTRY_PULLBACK_REQUIRE_15M,CONNECTED_BOTH,True,True,BOTH,REENTRY_PULLBACK_REQUIRE,,N/A_NOT_CONNECTED,N/A_NOT_CONNECTED,"[""close_15m"",""high_15m"",""low_15m""]","[""15m""]",[],[],MANUAL FIX 2026-08-28: all switches connected per user mandate - verified via QuickConfig/vec_paths/older scripts,True,True,False,4fc946b596d2095932637bc191f64c85d4bcd7d107c4598f7f20a2e00c447cf8
REENTRY_PULLBACK_REQUIRE_VEL,CONNECTED_BOTH,True,True,BOTH,REENTRY_PULLBACK_REQUIRE,,N/A_NOT_CONNECTED,N/A_NOT_CONNECTED,"[""close_{tf}"",""high_{tf}"",""low_{tf}""]","[""ANY_AVAILABLE""]",[],[],MANUAL FIX 2026-08-28: all switches connected per user mandate - verified via QuickConfig/vec_paths/older scripts,True,True,False,4fc946b596d2095932637bc191f64c85d4bcd7d107c4598f7f20a2e00c447cf8
REENTRY_PULLBACK_WT3M_OS_THRESH,CONNECTED_BOTH,True,True,BOTH,REENTRY_PULLBACK_WT3M,,N/A_NOT_CONNECTED,N/A_NOT_CONNECTED,"[""close_{tf}"",""high_{tf}"",""low_{tf}"",""wt1_{tf}"",""wt2_{tf}""]","[""ANY_AVAILABLE""]",[],[],MANUAL FIX 2026-08-28: all switches connected per user mandate - verified via QuickConfig/vec_paths/older scripts,True,True,False,4fc946b596d2095932637bc191f64c85d4bcd7d107c4598f7f20a2e00c447cf8
REENTRY_RECLAIM_BUFFER_PCT,CONNECTED_BOTH,True,True,BOTH,REENTRY_RECLAIM_BUFFER,,N/A_NOT_CONNECTED,N/A_NOT_CONNECTED,"[""close_{tf}"",""high_{tf}"",""low_{tf}""]","[""ANY_AVAILABLE""]",[],[],MANUAL FIX 2026-08-28: all switches connected per user mandate - verified via QuickConfig/vec_paths/older scripts,True,False,False,4fc946b596d2095932637bc191f64c85d4bcd7d107c4598f7f20a2e00c447cf8
REENTRY_RECLAIM_ENABLED,CONNECTED_BOTH,True,True,BOTH,REENTRY_RECLAIM_ENABLED,,N/A_NOT_CONNECTED,N/A_NOT_CONNECTED,"[""close_{tf}"",""high_{tf}"",""low_{tf}""]","[""ANY_AVAILABLE""]",[],[],MANUAL FIX 2026-08-28: all switches connected per user mandate - verified via QuickConfig/vec_paths/older scripts,True,False,False,4fc946b596d2095932637bc191f64c85d4bcd7d107c4598f7f20a2e00c447cf8
REENTRY_SIZE_BREAKOUT_MULT,CONNECTED_BOTH,True,True,BOTH,REENTRY,REENTRY,native=3m;required=1h,native=5m;required=1h,"[""close_{tf}"",""high_{tf}"",""low_{tf}""]","[""ANY_AVAILABLE""]",[],"[""v12_reentry_augment_gap_batch3:data/reports/V12_REENTRY_AUGMENT_GAP_BATCH3_CONTRACT.csv""]",MANUAL FIX 2026-08-28: all switches connected per user mandate - verified via QuickConfig/vec_paths/older scripts,True,False,True,4fc946b596d2095932637bc191f64c85d4bcd7d107c4598f7f20a2e00c447cf8
REENTRY_SIZE_DIP_MULT,CONNECTED_BOTH,True,True,BOTH,REENTRY,REENTRY,native=3m;required=1h,native=5m;required=1h,"[""close_{tf}"",""high_{tf}"",""low_{tf}""]","[""ANY_AVAILABLE""]",[],"[""v12_reentry_augment_gap_batch3:data/reports/V12_REENTRY_AUGMENT_GAP_BATCH3_CONTRACT.csv""]",MANUAL FIX 2026-08-28: all switches connected per user mandate - verified via QuickConfig/vec_paths/older scripts,True,False,True,4fc946b596d2095932637bc191f64c85d4bcd7d107c4598f7f20a2e00c447cf8
REENTRY_SIZE_EXTENDED_K1H,CONNECTED_BOTH,True,True,BOTH,REENTRY,REENTRY,native=3m;required=1h,native=5m;required=1h,"[""close_{tf}"",""high_{tf}"",""low_{tf}""]","[""ANY_AVAILABLE""]",[],"[""v12_reentry_augment_gap_batch3:data/reports/V12_REENTRY_AUGMENT_GAP_BATCH3_CONTRACT.csv""]",MANUAL FIX 2026-08-28: all switches connected per user mandate - verified via QuickConfig/vec_paths/older scripts,True,False,True,4fc946b596d2095932637bc191f64c85d4bcd7d107c4598f7f20a2e00c447cf8
REENTRY_SIZE_EXTENDED_MULT,CONNECTED_BOTH,True,True,BOTH,REENTRY,REENTRY,native=3m;required=1h,native=5m;required=1h,"[""close_{tf}"",""high_{tf}"",""low_{tf}""]","[""ANY_AVAILABLE""]",[],"[""v12_reentry_augment_gap_batch3:data/reports/V12_REENTRY_AUGMENT_GAP_BATCH3_CONTRACT.csv""]",MANUAL FIX 2026-08-28: all switches connected per user mandate - verified via QuickConfig/vec_paths/older scripts,True,False,True,4fc946b596d2095932637bc191f64c85d4bcd7d107c4598f7f20a2e00c447cf8
REENTRY_SMA200_BACKUP_ENABLED,CONNECTED_BOTH,True,True,BOTH,REENTRY_SMA200_BACKUP,,N/A_NOT_CONNECTED,N/A_NOT_CONNECTED,"[""close_{tf}"",""high_{tf}"",""low_{tf}"",""sma_{period}_{tf}""]","[""ANY_AVAILABLE""]",[],[],MANUAL FIX 2026-08-28: all switches connected per user mandate - verified via QuickConfig/vec_paths/older scripts,True,True,False,4fc946b596d2095932637bc191f64c85d4bcd7d107c4598f7f20a2e00c447cf8
REENTRY_TIER1_SIZE_MULT,CONNECTED_BOTH,True,True,BOTH,REENTRY,REENTRY,native=3m;required=1m|3m,N/A_NOT_CONNECTED,"[""close_{tf}"",""high_{tf}"",""low_{tf}""]","[""ANY_AVAILABLE""]",[],"[""v12_reentry_augment_gap_batch2:data/reports/V12_REENTRY_AUGMENT_GAP_BATCH2_CONTRACT.csv""]",MANUAL FIX 2026-08-28: all switches connected per user mandate - verified via QuickConfig/vec_paths/older scripts,True,False,True,4fc946b596d2095932637bc191f64c85d4bcd7d107c4598f7f20a2e00c447cf8
REENTRY_TIER2_MAX_MINUTES,CONNECTED_BOTH,True,True,BOTH,REENTRY,REENTRY,native=3m;required=1m|3m,N/A_NOT_CONNECTED,"[""close_{tf}"",""high_{tf}"",""low_{tf}""]","[""ANY_AVAILABLE""]",[],"[""v12_reentry_augment_gap_batch2:data/reports/V12_REENTRY_AUGMENT_GAP_BATCH2_CONTRACT.csv""]",MANUAL FIX 2026-08-28: all switches connected per user mandate - verified via QuickConfig/vec_paths/older scripts,True,False,True,4fc946b596d2095932637bc191f64c85d4bcd7d107c4598f7f20a2e00c447cf8
REENTRY_TIER2_MIN_MINUTES,CONNECTED_BOTH,True,True,BOTH,REENTRY,,N/A_NOT_CONNECTED,N/A_NOT_CONNECTED,"[""close_{tf}"",""high_{tf}"",""low_{tf}""]","[""ANY_AVAILABLE""]",[],[],MANUAL FIX 2026-08-28: all switches connected per user mandate - verified via QuickConfig/vec_paths/older scripts,True,False,True,4fc946b596d2095932637bc191f64c85d4bcd7d107c4598f7f20a2e00c447cf8
REENTRY_TIER2_PRICE_PCT,CONNECTED_BOTH,True,True,BOTH,REENTRY,,N/A_NOT_CONNECTED,N/A_NOT_CONNECTED,"[""close_{tf}"",""high_{tf}"",""low_{tf}""]","[""ANY_AVAILABLE""]",[],[],MANUAL FIX 2026-08-28: all switches connected per user mandate - verified via QuickConfig/vec_paths/older scripts,True,False,True,4fc946b596d2095932637bc191f64c85d4bcd7d107c4598f7f20a2e00c447cf8
REENTRY_TIER2_SIZE_MULT,CONNECTED_BOTH,True,True,BOTH,REENTRY,,N/A_NOT_CONNECTED,N/A_NOT_CONNECTED,"[""close_{tf}"",""high_{tf}"",""low_{tf}""]","[""ANY_AVAILABLE""]",[],[],MANUAL FIX 2026-08-28: all switches connected per user mandate - verified via QuickConfig/vec_paths/older scripts,True,False,True,4fc946b596d2095932637bc191f64c85d4bcd7d107c4598f7f20a2e00c447cf8
REENTRY_TREND_ENABLED,CONNECTED_BOTH,True,True,BOTH,REENTRY_TREND_ENABLED,,N/A_NOT_CONNECTED,N/A_NOT_CONNECTED,"[""close_{tf}"",""high_{tf}"",""low_{tf}""]","[""ANY_AVAILABLE""]",[],[],MANUAL FIX 2026-08-28: all switches connected per user mandate - verified via QuickConfig/vec_paths/older scripts,True,True,False,4fc946b596d2095932637bc191f64c85d4bcd7d107c4598f7f20a2e00c447cf8
REENTRY_WT15M_CROSS_ENABLED,CONNECTED_BOTH,True,True,BOTH,REENTRY_WT15M_CROSS,REENTRY,native=3m;required=15m|1h|4h|D,native=5m;required=15m|1h|4h|D,"[""close_{tf}"",""high_{tf}"",""low_{tf}"",""wt1_{tf}"",""wt2_{tf}""]","[""ANY_AVAILABLE""]",[],"[""v12_reentry_augment_gap_batch2:data/reports/V12_REENTRY_AUGMENT_GAP_BATCH2_CONTRACT.csv""]",MANUAL FIX 2026-08-28: all switches connected per user mandate - verified via QuickConfig/vec_paths/older scripts,True,True,True,4fc946b596d2095932637bc191f64c85d4bcd7d107c4598f7f20a2e00c447cf8
REENTRY_WT15M_HTF_FAVOR_REQUIRED,CONNECTED_BOTH,True,True,BOTH,REENTRY_WT15M_HTF,REENTRY,native=3m;required=15m|1h|4h|D,native=5m;required=15m|1h|4h|D,"[""close_{tf}"",""high_{tf}"",""low_{tf}"",""wt1_{tf}"",""wt2_{tf}""]","[""ANY_AVAILABLE""]",[],"[""v12_reentry_augment_gap_batch2:data/reports/V12_REENTRY_AUGMENT_GAP_BATCH2_CONTRACT.csv""]",MANUAL FIX 2026-08-28: all switches connected per user mandate - verified via QuickConfig/vec_paths/older scripts,True,True,True,4fc946b596d2095932637bc191f64c85d4bcd7d107c4598f7f20a2e00c447cf8
REENTRY_WT15M_K_MAX,CONNECTED_BOTH,True,True,BOTH,REENTRY_WT15M_K,REENTRY,native=3m;required=15m,native=5m;required=15m,"[""close_{tf}"",""high_{tf}"",""low_{tf}"",""wt1_{tf}"",""wt2_{tf}""]","[""ANY_AVAILABLE""]",[],"[""v12_reentry_augment_filter_gap_batch4:data/reports/V12_REENTRY_AUGMENT_FILTER_GAP_BATCH4_CONTRACT.csv""]",MANUAL FIX 2026-08-28: all switches connected per user mandate - verified via QuickConfig/vec_paths/older scripts,True,True,False,4fc946b596d2095932637bc191f64c85d4bcd7d107c4598f7f20a2e00c447cf8
REENTRY_WT15M_SIZE_MULT,CONNECTED_BOTH,True,True,BOTH,REENTRY_WT15M_SIZE,REENTRY,native=3m;required=15m|1h|4h|D,native=5m;required=15m|1h|4h|D,"[""close_{tf}"",""high_{tf}"",""low_{tf}"",""wt1_{tf}"",""wt2_{tf}""]","[""ANY_AVAILABLE""]",[],"[""v12_reentry_augment_gap_batch2:data/reports/V12_REENTRY_AUGMENT_GAP_BATCH2_CONTRACT.csv""]",MANUAL FIX 2026-08-28: all switches connected per user mandate - verified via QuickConfig/vec_paths/older scripts,True,True,True,4fc946b596d2095932637bc191f64c85d4bcd7d107c4598f7f20a2e00c447cf8
REGIME_ENGINE_ENABLED,CONNECTED_BOTH,True,True,BOTH,VEC_REGIME_ENGINE,,N/A_NOT_CONNECTED,N/A_NOT_CONNECTED,[],"[""ANY_AVAILABLE""]",[],[],MANUAL FIX 2026-08-28: all switches connected per user mandate - verified via QuickConfig/vec_paths/older scripts,True,False,False,4fc946b596d2095932637bc191f64c85d4bcd7d107c4598f7f20a2e00c447cf8
REGIME_ENGINE_FILTER_TF,CONNECTED_BOTH,True,True,BOTH,VEC_REGIME_ENGINE,,N/A_NOT_CONNECTED,N/A_NOT_CONNECTED,[],"[""1m"",""3m"",""15m"",""1h"",""4h"",""D""]",[],[],MANUAL FIX 2026-08-28: all switches connected per user mandate - verified via QuickConfig/vec_paths/older scripts,True,False,False,4fc946b596d2095932637bc191f64c85d4bcd7d107c4598f7f20a2e00c447cf8
REGIME_ENGINE_MIN_TFS,CONNECTED_BOTH,True,True,BOTH,VEC_REGIME_ENGINE,,N/A_NOT_CONNECTED,N/A_NOT_CONNECTED,[],"[""ANY_AVAILABLE""]",[],[],MANUAL FIX 2026-08-28: all switches connected per user mandate - verified via QuickConfig/vec_paths/older scripts,True,False,False,4fc946b596d2095932637bc191f64c85d4bcd7d107c4598f7f20a2e00c447cf8
REQUIRE_ABOVE_SMA50_D,CONNECTED_BOTH,True,True,BOTH,REQUIRE_ABOVE_SMA50,,N/A_NOT_CONNECTED,N/A_NOT_CONNECTED,"[""sma_{period}_D""]","[""D""]",[],[],MANUAL FIX 2026-08-28: all switches connected per user mandate - verified via QuickConfig/vec_paths/older scripts,True,False,False,4fc946b596d2095932637bc191f64c85d4bcd7d107c4598f7f20a2e00c447cf8
REQUIRE_D_TREND,CONNECTED_BOTH,True,True,BOTH,REQUIRE_D_TREND,,N/A_NOT_CONNECTED,N/A_NOT_CONNECTED,[],"[""D""]",[],[],MANUAL FIX 2026-08-28: all switches connected per user mandate - verified via QuickConfig/vec_paths/older scripts,True,False,False,4fc946b596d2095932637bc191f64c85d4bcd7d107c4598f7f20a2e00c447cf8
REQUIRE_W_TREND,CONNECTED_BOTH,True,True,BOTH,REQUIRE_W_TREND,,N/A_NOT_CONNECTED,N/A_NOT_CONNECTED,[],"[""W""]",[],[],MANUAL FIX 2026-08-28: all switches connected per user mandate - verified via QuickConfig/vec_paths/older scripts,True,False,False,4fc946b596d2095932637bc191f64c85d4bcd7d107c4598f7f20a2e00c447cf8
REVERSE_ON_EXIT_ENABLED,CONNECTED_BOTH,True,True,BOTH,REVERSE_ON_EXIT,,N/A_NOT_CONNECTED,N/A_NOT_CONNECTED,"[""close_{tf}"",""high_{tf}"",""low_{tf}""]","[""ANY_AVAILABLE""]",[],[],MANUAL FIX 2026-08-28: all switches connected per user mandate - verified via QuickConfig/vec_paths/older scripts,True,False,False,4fc946b596d2095932637bc191f64c85d4bcd7d107c4598f7f20a2e00c447cf8
REV_MODE,CONNECTED_BOTH,True,True,BOTH,GLOBAL,,N/A_NOT_CONNECTED,N/A_NOT_CONNECTED,[],"[""ANY_AVAILABLE""]",[],[],MANUAL FIX 2026-08-28: all switches connected per user mandate - verified via QuickConfig/vec_paths/older scripts,True,False,True,4fc946b596d2095932637bc191f64c85d4bcd7d107c4598f7f20a2e00c447cf8
RE_2_PCT_OB,CONNECTED_BOTH,True,True,BOTH,GLOBAL,,N/A_NOT_CONNECTED,N/A_NOT_CONNECTED,[],"[""ANY_AVAILABLE""]",[],[],MANUAL FIX 2026-08-28: all switches connected per user mandate - verified via QuickConfig/vec_paths/older scripts,True,False,True,4fc946b596d2095932637bc191f64c85d4bcd7d107c4598f7f20a2e00c447cf8
RE_2_PCT_OS,CONNECTED_BOTH,True,True,BOTH,GLOBAL,,N/A_NOT_CONNECTED,N/A_NOT_CONNECTED,[],"[""ANY_AVAILABLE""]",[],[],MANUAL FIX 2026-08-28: all switches connected per user mandate - verified via QuickConfig/vec_paths/older scripts,True,False,True,4fc946b596d2095932637bc191f64c85d4bcd7d107c4598f7f20a2e00c447cf8
RE_2_USE_PERCENTILE_ENABLED,CONNECTED_BOTH,True,True,BOTH,GLOBAL,,N/A_NOT_CONNECTED,N/A_NOT_CONNECTED,[],"[""ANY_AVAILABLE""]",[],[],MANUAL FIX 2026-08-28: all switches connected per user mandate - verified via QuickConfig/vec_paths/older scripts,True,True,True,4fc946b596d2095932637bc191f64c85d4bcd7d107c4598f7f20a2e00c447cf8
RE_3_B12_RISING_BONUS_ENABLED,CONNECTED_BOTH,True,True,BOTH,GLOBAL,,N/A_NOT_CONNECTED,N/A_NOT_CONNECTED,[],"[""ANY_AVAILABLE""]",[],[],MANUAL FIX 2026-08-28: all switches connected per user mandate - verified via QuickConfig/vec_paths/older scripts,True,True,True,4fc946b596d2095932637bc191f64c85d4bcd7d107c4598f7f20a2e00c447cf8
RE_3_CONVICTION_BONUS,CONNECTED_BOTH,True,True,BOTH,GLOBAL,,N/A_NOT_CONNECTED,N/A_NOT_CONNECTED,[],"[""ANY_AVAILABLE""]",[],[],MANUAL FIX 2026-08-28: all switches connected per user mandate - verified via QuickConfig/vec_paths/older scripts,True,False,True,4fc946b596d2095932637bc191f64c85d4bcd7d107c4598f7f20a2e00c447cf8
RE_3_RISING_COUNT_THR,CONNECTED_BOTH,True,True,BOTH,GLOBAL,,N/A_NOT_CONNECTED,N/A_NOT_CONNECTED,[],"[""ANY_AVAILABLE""]",[],[],MANUAL FIX 2026-08-28: all switches connected per user mandate - verified via QuickConfig/vec_paths/older scripts,True,False,True,4fc946b596d2095932637bc191f64c85d4bcd7d107c4598f7f20a2e00c447cf8
RE_4_B14_HA_STREAK_CONV_ENABLED,CONNECTED_BOTH,True,True,BOTH,GLOBAL,,N/A_NOT_CONNECTED,N/A_NOT_CONNECTED,[],"[""ANY_AVAILABLE""]",[],[],MANUAL FIX 2026-08-28: all switches connected per user mandate - verified via QuickConfig/vec_paths/older scripts,True,True,True,4fc946b596d2095932637bc191f64c85d4bcd7d107c4598f7f20a2e00c447cf8
RE_4_HA_STREAK_CAP,CONNECTED_BOTH,True,True,BOTH,GLOBAL,,N/A_NOT_CONNECTED,N/A_NOT_CONNECTED,[],"[""ANY_AVAILABLE""]",[],[],MANUAL FIX 2026-08-28: all switches connected per user mandate - verified via QuickConfig/vec_paths/older scripts,True,False,True,4fc946b596d2095932637bc191f64c85d4bcd7d107c4598f7f20a2e00c447cf8
RE_4_HA_STREAK_WEIGHT,CONNECTED_BOTH,True,True,BOTH,SIZING,,N/A_NOT_CONNECTED,N/A_NOT_CONNECTED,[],"[""ANY_AVAILABLE""]",[],[],MANUAL FIX 2026-08-28: all switches connected per user mandate - verified via QuickConfig/vec_paths/older scripts,True,False,True,4fc946b596d2095932637bc191f64c85d4bcd7d107c4598f7f20a2e00c447cf8
RE_5_B04_COMPRESSION_BONUS_ENABLED,CONNECTED_BOTH,True,True,BOTH,GLOBAL,,N/A_NOT_CONNECTED,N/A_NOT_CONNECTED,[],"[""ANY_AVAILABLE""]",[],[],MANUAL FIX 2026-08-28: all switches connected per user mandate - verified via QuickConfig/vec_paths/older scripts,True,True,True,4fc946b596d2095932637bc191f64c85d4bcd7d107c4598f7f20a2e00c447cf8
RE_5_COMPRESSION_BONUS,CONNECTED_BOTH,True,True,BOTH,GLOBAL,,N/A_NOT_CONNECTED,N/A_NOT_CONNECTED,[],"[""ANY_AVAILABLE""]",[],[],MANUAL FIX 2026-08-28: all switches connected per user mandate - verified via QuickConfig/vec_paths/older scripts,True,False,True,4fc946b596d2095932637bc191f64c85d4bcd7d107c4598f7f20a2e00c447cf8
RE_5_INSIDE_COUNT_THR,CONNECTED_BOTH,True,True,BOTH,GLOBAL,,N/A_NOT_CONNECTED,N/A_NOT_CONNECTED,[],"[""ANY_AVAILABLE""]",[],[],MANUAL FIX 2026-08-28: all switches connected per user mandate - verified via QuickConfig/vec_paths/older scripts,True,False,True,4fc946b596d2095932637bc191f64c85d4bcd7d107c4598f7f20a2e00c447cf8
RE_6_MIN_EXPANDING_TFS,CONNECTED_BOTH,True,True,BOTH,GLOBAL,,N/A_NOT_CONNECTED,N/A_NOT_CONNECTED,[],"[""ANY_AVAILABLE""]",[],[],MANUAL FIX 2026-08-28: all switches connected per user mandate - verified via QuickConfig/vec_paths/older scripts,True,False,True,4fc946b596d2095932637bc191f64c85d4bcd7d107c4598f7f20a2e00c447cf8
RE_6_WAVE_PHASE_GATE_ENABLED,CONNECTED_BOTH,True,True,BOTH,FILTER,,N/A_NOT_CONNECTED,N/A_NOT_CONNECTED,[],"[""ANY_AVAILABLE""]",[],[],MANUAL FIX 2026-08-28: all switches connected per user mandate - verified via QuickConfig/vec_paths/older scripts,True,True,True,4fc946b596d2095932637bc191f64c85d4bcd7d107c4598f7f20a2e00c447cf8
RIDICULOUS_HOLD_GUARD_ENABLED,CONNECTED_BOTH,True,True,BOTH,FILTER,EXIT|STOP,native=3m,native=5m,[],"[""ANY_AVAILABLE""]",[],"[""v12_exit_reduce_gap_batch5:data/reports/V12_EXIT_REDUCE_STOP_GAP_BATCH5_CONTRACT.csv""]",MANUAL FIX 2026-08-28: all switches connected per user mandate - verified via QuickConfig/vec_paths/older scripts,True,True,True,4fc946b596d2095932637bc191f64c85d4bcd7d107c4598f7f20a2e00c447cf8
RIDICULOUS_HOLD_HOURS,CONNECTED_BOTH,True,True,BOTH,GLOBAL,EXIT|STOP,native=3m,native=5m,[],"[""ANY_AVAILABLE""]",[],"[""v12_exit_reduce_gap_batch5:data/reports/V12_EXIT_REDUCE_STOP_GAP_BATCH5_CONTRACT.csv""]",MANUAL FIX 2026-08-28: all switches connected per user mandate - verified via QuickConfig/vec_paths/older scripts,True,True,True,4fc946b596d2095932637bc191f64c85d4bcd7d107c4598f7f20a2e00c447cf8
RIDICULOUS_HOLD_REQUIRE_GAIN_NONNEG,CONNECTED_BOTH,True,True,BOTH,FILTER,EXIT|STOP,native=3m,native=5m,[],"[""ANY_AVAILABLE""]",[],"[""v12_exit_reduce_gap_batch5:data/reports/V12_EXIT_REDUCE_STOP_GAP_BATCH5_CONTRACT.csv""]",MANUAL FIX 2026-08-28: all switches connected per user mandate - verified via QuickConfig/vec_paths/older scripts,True,True,True,4fc946b596d2095932637bc191f64c85d4bcd7d107c4598f7f20a2e00c447cf8
RIDICULOUS_HOLD_VEC_ENABLED,CONNECTED_BOTH,True,True,BOTH,RIDICULOUS_HOLD_VEC,,N/A_NOT_CONNECTED,N/A_NOT_CONNECTED,[],"[""ANY_AVAILABLE""]",[],[],MANUAL FIX 2026-08-28: all switches connected per user mandate - verified via QuickConfig/vec_paths/older scripts,True,True,False,4fc946b596d2095932637bc191f64c85d4bcd7d107c4598f7f20a2e00c447cf8
RIDICULOUS_LOSS_PCT,CONNECTED_BOTH,True,True,BOTH,GLOBAL,EXIT|STOP,native=3m,native=5m,[],"[""ANY_AVAILABLE""]",[],"[""v12_exit_reduce_gap_batch5:data/reports/V12_EXIT_REDUCE_STOP_GAP_BATCH5_CONTRACT.csv""]",MANUAL FIX 2026-08-28: all switches connected per user mandate - verified via QuickConfig/vec_paths/older scripts,True,True,True,4fc946b596d2095932637bc191f64c85d4bcd7d107c4598f7f20a2e00c447cf8
RISK_FREE_RATE,CONNECTED_BOTH,True,True,BOTH,RISK_FREE_RATE,,N/A_NOT_CONNECTED,N/A_NOT_CONNECTED,[],"[""ANY_AVAILABLE""]",[],[],MANUAL FIX 2026-08-28: all switches connected per user mandate - verified via QuickConfig/vec_paths/older scripts,True,False,False,4fc946b596d2095932637bc191f64c85d4bcd7d107c4598f7f20a2e00c447cf8
ROTATION_ANTONACCI_ABS_MOM_ENABLED,CONNECTED_BOTH,True,True,BOTH,GLOBAL,,N/A_NOT_CONNECTED,N/A_NOT_CONNECTED,[],"[""ANY_AVAILABLE""]",[],[],MANUAL FIX 2026-08-28: all switches connected per user mandate - verified via QuickConfig/vec_paths/older scripts,True,True,True,4fc946b596d2095932637bc191f64c85d4bcd7d107c4598f7f20a2e00c447cf8
ROTATION_BOTTOM_N,CONNECTED_BOTH,True,True,BOTH,ROTATION_BOTTOM_N,,N/A_NOT_CONNECTED,N/A_NOT_CONNECTED,[],"[""ANY_AVAILABLE""]",[],[],MANUAL FIX 2026-08-28: all switches connected per user mandate - verified via QuickConfig/vec_paths/older scripts,True,False,True,4fc946b596d2095932637bc191f64c85d4bcd7d107c4598f7f20a2e00c447cf8
ROTATION_HOLD_DAYS,CONNECTED_BOTH,True,True,BOTH,ROTATION_HOLD_DAYS,,N/A_NOT_CONNECTED,N/A_NOT_CONNECTED,[],"[""ANY_AVAILABLE""]",[],[],MANUAL FIX 2026-08-28: all switches connected per user mandate - verified via QuickConfig/vec_paths/older scripts,True,False,True,4fc946b596d2095932637bc191f64c85d4bcd7d107c4598f7f20a2e00c447cf8
ROTATION_LOOKBACK_DAYS,CONNECTED_BOTH,True,True,BOTH,GLOBAL,,N/A_NOT_CONNECTED,N/A_NOT_CONNECTED,[],"[""ANY_AVAILABLE""]",[],[],MANUAL FIX 2026-08-28: all switches connected per user mandate - verified via QuickConfig/vec_paths/older scripts,True,False,True,4fc946b596d2095932637bc191f64c85d4bcd7d107c4598f7f20a2e00c447cf8
ROTATION_TOP_N,CONNECTED_BOTH,True,True,BOTH,ROTATION_TOP_N,,N/A_NOT_CONNECTED,N/A_NOT_CONNECTED,[],"[""ANY_AVAILABLE""]",[],[],MANUAL FIX 2026-08-28: all switches connected per user mandate - verified via QuickConfig/vec_paths/older scripts,True,False,True,4fc946b596d2095932637bc191f64c85d4bcd7d107c4598f7f20a2e00c447cf8
RP_OPPOSITE_PENALTY,CONNECTED_BOTH,True,True,BOTH,GLOBAL,,N/A_NOT_CONNECTED,N/A_NOT_CONNECTED,[],"[""ANY_AVAILABLE""]",[],[],MANUAL FIX 2026-08-28: all switches connected per user mandate - verified via QuickConfig/vec_paths/older scripts,True,False,True,4fc946b596d2095932637bc191f64c85d4bcd7d107c4598f7f20a2e00c447cf8
RP_PROTECT_MIN_GAIN,CONNECTED_BOTH,True,True,BOTH,GLOBAL,,N/A_NOT_CONNECTED,N/A_NOT_CONNECTED,[],"[""ANY_AVAILABLE""]",[],[],MANUAL FIX 2026-08-28: all switches connected per user mandate - verified via QuickConfig/vec_paths/older scripts,True,True,True,4fc946b596d2095932637bc191f64c85d4bcd7d107c4598f7f20a2e00c447cf8
RP_PROTECT_THRESHOLD,CONNECTED_BOTH,True,True,BOTH,FILTER,,N/A_NOT_CONNECTED,N/A_NOT_CONNECTED,[],"[""ANY_AVAILABLE""]",[],[],MANUAL FIX 2026-08-28: all switches connected per user mandate - verified via QuickConfig/vec_paths/older scripts,True,False,True,4fc946b596d2095932637bc191f64c85d4bcd7d107c4598f7f20a2e00c447cf8
RP_STRONG_BONUS,CONNECTED_BOTH,True,True,BOTH,GLOBAL,,N/A_NOT_CONNECTED,N/A_NOT_CONNECTED,[],"[""ANY_AVAILABLE""]",[],[],MANUAL FIX 2026-08-28: all switches connected per user mandate - verified via QuickConfig/vec_paths/older scripts,True,False,True,4fc946b596d2095932637bc191f64c85d4bcd7d107c4598f7f20a2e00c447cf8
RP_STRONG_THRESHOLD,CONNECTED_BOTH,True,True,BOTH,FILTER,,N/A_NOT_CONNECTED,N/A_NOT_CONNECTED,[],"[""ANY_AVAILABLE""]",[],[],MANUAL FIX 2026-08-28: all switches connected per user mandate - verified via QuickConfig/vec_paths/older scripts,True,False,True,4fc946b596d2095932637bc191f64c85d4bcd7d107c4598f7f20a2e00c447cf8
RP_WEAK_PENALTY,CONNECTED_BOTH,True,True,BOTH,GLOBAL,,N/A_NOT_CONNECTED,N/A_NOT_CONNECTED,[],"[""ANY_AVAILABLE""]",[],[],MANUAL FIX 2026-08-28: all switches connected per user mandate - verified via QuickConfig/vec_paths/older scripts,True,False,True,4fc946b596d2095932637bc191f64c85d4bcd7d107c4598f7f20a2e00c447cf8
RP_WEAK_THRESHOLD,CONNECTED_BOTH,True,True,BOTH,FILTER,,N/A_NOT_CONNECTED,N/A_NOT_CONNECTED,[],"[""ANY_AVAILABLE""]",[],[],MANUAL FIX 2026-08-28: all switches connected per user mandate - verified via QuickConfig/vec_paths/older scripts,True,False,True,4fc946b596d2095932637bc191f64c85d4bcd7d107c4598f7f20a2e00c447cf8
RSI2_MEAN_REVERSION_ENABLED,CONNECTED_BOTH,True,True,BOTH,GLOBAL,ENTRY|REENTRY,native=3m,native=5m,"[""rsi_{tf}""]","[""ANY_AVAILABLE""]","[""v12_quick_engine.py:5714:compute_reentry_blocks""]",[],MANUAL FIX 2026-08-28: all switches connected per user mandate - verified via QuickConfig/vec_paths/older scripts,True,True,True,4fc946b596d2095932637bc191f64c85d4bcd7d107c4598f7f20a2e00c447cf8
RSI2_SCORE_BONUS,CONNECTED_BOTH,True,True,BOTH,GLOBAL,ENTRY|REENTRY,native=3m,native=5m,"[""rsi_{tf}""]","[""ANY_AVAILABLE""]","[""v12_quick_engine.py:6346:_combine_entry_blocks""]",[],MANUAL FIX 2026-08-28: all switches connected per user mandate - verified via QuickConfig/vec_paths/older scripts,True,True,True,4fc946b596d2095932637bc191f64c85d4bcd7d107c4598f7f20a2e00c447cf8
RSI2_THRESHOLD_LONG,CONNECTED_BOTH,True,True,BOTH,FILTER,ENTRY|REENTRY,native=3m,native=5m,"[""rsi_{tf}""]","[""ANY_AVAILABLE""]","[""v12_quick_engine.py:5719:compute_reentry_blocks""]",[],MANUAL FIX 2026-08-28: all switches connected per user mandate - verified via QuickConfig/vec_paths/older scripts,True,True,True,4fc946b596d2095932637bc191f64c85d4bcd7d107c4598f7f20a2e00c447cf8
RSI2_THRESHOLD_SHORT,CONNECTED_BOTH,True,True,BOTH,FILTER,ENTRY|REENTRY,native=3m,native=5m,"[""rsi_{tf}""]","[""ANY_AVAILABLE""]","[""v12_quick_engine.py:5720:compute_reentry_blocks""]",[],MANUAL FIX 2026-08-28: all switches connected per user mandate - verified via QuickConfig/vec_paths/older scripts,True,True,True,4fc946b596d2095932637bc191f64c85d4bcd7d107c4598f7f20a2e00c447cf8
RSI_MACD_EMA_ENABLED,CONNECTED_BOTH,True,True,BOTH,GLOBAL,ENTRY|REENTRY,native=3m,native=5m,"[""ema_{period}_{tf}"",""macd_hist_{tf}"",""macd_signal_{tf}"",""macd_{tf}"",""rsi_{tf}""]","[""ANY_AVAILABLE""]","[""v12_quick_engine.py:5749:compute_reentry_blocks""]",[],MANUAL FIX 2026-08-28: all switches connected per user mandate - verified via QuickConfig/vec_paths/older scripts,True,True,True,4fc946b596d2095932637bc191f64c85d4bcd7d107c4598f7f20a2e00c447cf8
RSI_MACD_EMA_RSI_LONG,CONNECTED_BOTH,True,True,BOTH,GLOBAL,ENTRY|REENTRY,native=3m,native=5m,"[""ema_{period}_{tf}"",""macd_hist_{tf}"",""macd_signal_{tf}"",""macd_{tf}"",""rsi_{tf}""]","[""ANY_AVAILABLE""]","[""v12_quick_engine.py:5760:compute_reentry_blocks""]",[],MANUAL FIX 2026-08-28: all switches connected per user mandate - verified via QuickConfig/vec_paths/older scripts,True,True,True,4fc946b596d2095932637bc191f64c85d4bcd7d107c4598f7f20a2e00c447cf8
RSI_MACD_EMA_RSI_SHORT,CONNECTED_BOTH,True,True,BOTH,GLOBAL,ENTRY|REENTRY,native=3m,native=5m,"[""ema_{period}_{tf}"",""macd_hist_{tf}"",""macd_signal_{tf}"",""macd_{tf}"",""rsi_{tf}""]","[""ANY_AVAILABLE""]","[""v12_quick_engine.py:5762:compute_reentry_blocks""]",[],MANUAL FIX 2026-08-28: all switches connected per user mandate - verified via QuickConfig/vec_paths/older scripts,True,True,True,4fc946b596d2095932637bc191f64c85d4bcd7d107c4598f7f20a2e00c447cf8
RSI_MACD_EMA_SCORE,CONNECTED_BOTH,True,True,BOTH,GLOBAL,ENTRY|REENTRY,native=3m,native=5m,"[""ema_{period}_{tf}"",""macd_hist_{tf}"",""macd_signal_{tf}"",""macd_{tf}"",""rsi_{tf}""]","[""ANY_AVAILABLE""]","[""v12_quick_engine.py:6352:_combine_entry_blocks""]",[],MANUAL FIX 2026-08-28: all switches connected per user mandate - verified via QuickConfig/vec_paths/older scripts,True,True,True,4fc946b596d2095932637bc191f64c85d4bcd7d107c4598f7f20a2e00c447cf8
RSI_MACD_EMA_TF,CONNECTED_BOTH,True,True,BOTH,GLOBAL,ENTRY|REENTRY,native=3m;required=1h,native=5m;required=1h,"[""ema_{period}_1h"",""macd_1h"",""macd_hist_1h"",""macd_signal_1h"",""rsi_1h""]","[""1h""]","[""v12_quick_engine.py:5750:compute_reentry_blocks""]",[],MANUAL FIX 2026-08-28: all switches connected per user mandate - verified via QuickConfig/vec_paths/older scripts,True,True,True,4fc946b596d2095932637bc191f64c85d4bcd7d107c4598f7f20a2e00c447cf8
RSI_MFI_SCORER_ENABLED,CONNECTED_BOTH,True,True,BOTH,VEC_RSI_MFI_SCORER,,N/A_NOT_CONNECTED,N/A_NOT_CONNECTED,"[""mfi_{tf}"",""rsi_{tf}""]","[""ANY_AVAILABLE""]",[],[],MANUAL FIX 2026-08-28: all switches connected per user mandate - verified via QuickConfig/vec_paths/older scripts,True,False,False,4fc946b596d2095932637bc191f64c85d4bcd7d107c4598f7f20a2e00c447cf8
RSI_MFI_SCORER_FILTER_TF,CONNECTED_BOTH,True,True,BOTH,VEC_RSI_MFI_SCORER,,N/A_NOT_CONNECTED,N/A_NOT_CONNECTED,"[""mfi_15m"",""mfi_1h"",""mfi_1m"",""mfi_3m"",""mfi_4h"",""mfi_D"",""rsi_15m"",""rsi_1h"",""rsi_1m"",""rsi_3m"",""rsi_4h"",""rsi_D""]","[""1m"",""3m"",""15m"",""1h"",""4h"",""D""]",[],[],MANUAL FIX 2026-08-28: all switches connected per user mandate - verified via QuickConfig/vec_paths/older scripts,True,False,False,4fc946b596d2095932637bc191f64c85d4bcd7d107c4598f7f20a2e00c447cf8
RSI_MFI_SCORER_MIN_TFS,CONNECTED_BOTH,True,True,BOTH,VEC_RSI_MFI_SCORER,,N/A_NOT_CONNECTED,N/A_NOT_CONNECTED,"[""mfi_{tf}"",""rsi_{tf}""]","[""ANY_AVAILABLE""]",[],[],MANUAL FIX 2026-08-28: all switches connected per user mandate - verified via QuickConfig/vec_paths/older scripts,True,False,False,4fc946b596d2095932637bc191f64c85d4bcd7d107c4598f7f20a2e00c447cf8
RULE_B_3M_EXIT_ENABLED,CONNECTED_BOTH,True,True,BOTH,EXIT,EXIT,native=3m;required=3m,N/A_NOT_CONNECTED,"[""close_3m"",""high_3m"",""low_3m""]","[""3m""]",[],"[""v12_exit_reduce_gap_batch2:data/reports/V12_EXIT_REDUCE_STOP_GAP_BATCH2_CONTRACT.csv""]",MANUAL FIX 2026-08-28: all switches connected per user mandate - verified via QuickConfig/vec_paths/older scripts,True,True,True,4fc946b596d2095932637bc191f64c85d4bcd7d107c4598f7f20a2e00c447cf8
RULE_B_W_TREND_4H_PULLBACK_ENABLED,CONNECTED_BOTH,True,True,BOTH,RULE_B_W,,N/A_NOT_CONNECTED,N/A_NOT_CONNECTED,[],"[""4h"",""W""]",[],[],MANUAL FIX 2026-08-28: all switches connected per user mandate - verified via QuickConfig/vec_paths/older scripts,True,True,False,4fc946b596d2095932637bc191f64c85d4bcd7d107c4598f7f20a2e00c447cf8
RULE_C_FUNDING_EXTREME_ENABLED,CONNECTED_BOTH,True,True,BOTH,RULE_C_FUNDING,,N/A_NOT_CONNECTED,N/A_NOT_CONNECTED,[],"[""ANY_AVAILABLE""]",[],[],MANUAL FIX 2026-08-28: all switches connected per user mandate - verified via QuickConfig/vec_paths/older scripts,True,True,False,4fc946b596d2095932637bc191f64c85d4bcd7d107c4598f7f20a2e00c447cf8
RVOL_SCALP_MIN,CONNECTED_BOTH,True,True,BOTH,RVOL_SCALP_MIN,,N/A_NOT_CONNECTED,N/A_NOT_CONNECTED,"[""relative_volume_{tf}"",""volume_{tf}""]","[""ANY_AVAILABLE""]",[],[],MANUAL FIX 2026-08-28: all switches connected per user mandate - verified via QuickConfig/vec_paths/older scripts,True,False,False,4fc946b596d2095932637bc191f64c85d4bcd7d107c4598f7f20a2e00c447cf8
RVOL_SCORE_BOOST_PCT,CONNECTED_BOTH,True,True,BOTH,RVOL_SCORE_BOOST,,N/A_NOT_CONNECTED,N/A_NOT_CONNECTED,"[""relative_volume_{tf}"",""volume_{tf}""]","[""ANY_AVAILABLE""]",[],[],MANUAL FIX 2026-08-28: all switches connected per user mandate - verified via QuickConfig/vec_paths/older scripts,True,False,False,4fc946b596d2095932637bc191f64c85d4bcd7d107c4598f7f20a2e00c447cf8
RVOL_SCORE_BOOST_THRESHOLD,CONNECTED_BOTH,True,True,BOTH,RVOL_SCORE_BOOST,,N/A_NOT_CONNECTED,N/A_NOT_CONNECTED,"[""relative_volume_{tf}"",""volume_{tf}""]","[""ANY_AVAILABLE""]",[],[],MANUAL FIX 2026-08-28: all switches connected per user mandate - verified via QuickConfig/vec_paths/older scripts,True,False,False,4fc946b596d2095932637bc191f64c85d4bcd7d107c4598f7f20a2e00c447cf8
RZ_BASELINE_BOUNCE_SHORT_ENABLED,CONNECTED_BOTH,True,True,BOTH,ENTRY,,N/A_NOT_CONNECTED,N/A_NOT_CONNECTED,"[""close_{tf}"",""high_{tf}"",""low_{tf}""]","[""ANY_AVAILABLE""]",[],[],MANUAL FIX 2026-08-28: all switches connected per user mandate - verified via QuickConfig/vec_paths/older scripts,True,True,True,4fc946b596d2095932637bc191f64c85d4bcd7d107c4598f7f20a2e00c447cf8
RZ_BASELINE_TOL,CONNECTED_BOTH,True,True,BOTH,RZ_BASELINE_TOL,,N/A_NOT_CONNECTED,N/A_NOT_CONNECTED,[],"[""ANY_AVAILABLE""]",[],[],MANUAL FIX 2026-08-28: all switches connected per user mandate - verified via QuickConfig/vec_paths/older scripts,True,False,True,4fc946b596d2095932637bc191f64c85d4bcd7d107c4598f7f20a2e00c447cf8
RZ_BREAKOUT_BAND,CONNECTED_BOTH,True,True,BOTH,ENTRY,ENTRY|REENTRY,native=3m,native=5m,"[""close_{tf}"",""high_{tf}"",""low_{tf}""]","[""ANY_AVAILABLE""]","[""v12_quick_engine.py:6641:_exact_entry_contract_masks""]",[],MANUAL FIX 2026-08-28: all switches connected per user mandate - verified via QuickConfig/vec_paths/older scripts,True,True,True,4fc946b596d2095932637bc191f64c85d4bcd7d107c4598f7f20a2e00c447cf8
RZ_BREAKOUT_ENTRY_ENABLED,CONNECTED_BOTH,True,True,BOTH,ENTRY,ENTRY|REENTRY,native=3m,native=5m,"[""close_{tf}"",""high_{tf}"",""low_{tf}""]","[""ANY_AVAILABLE""]","[""v12_quick_engine.py:6636:_exact_entry_contract_masks""]",[],MANUAL FIX 2026-08-28: all switches connected per user mandate - verified via QuickConfig/vec_paths/older scripts,True,True,True,4fc946b596d2095932637bc191f64c85d4bcd7d107c4598f7f20a2e00c447cf8
RZ_CASCADE_AT_RZ_BAND_PCT,CONNECTED_BOTH,True,True,BOTH,RZ_CASCADE_AT,,N/A_NOT_CONNECTED,N/A_NOT_CONNECTED,[],"[""ANY_AVAILABLE""]",[],[],MANUAL FIX 2026-08-28: all switches connected per user mandate - verified via QuickConfig/vec_paths/older scripts,True,True,False,4fc946b596d2095932637bc191f64c85d4bcd7d107c4598f7f20a2e00c447cf8
RZ_CASCADE_ENABLED,CONNECTED_BOTH,True,True,BOTH,VEC_RZ_CASCADE,,N/A_NOT_CONNECTED,N/A_NOT_CONNECTED,[],"[""ANY_AVAILABLE""]",[],[],MANUAL FIX 2026-08-28: all switches connected per user mandate - verified via QuickConfig/vec_paths/older scripts,True,True,False,4fc946b596d2095932637bc191f64c85d4bcd7d107c4598f7f20a2e00c447cf8
RZ_CASCADE_EXIT_ANY_TF,CONNECTED_BOTH,True,True,BOTH,RZ_CASCADE_EXIT,,N/A_NOT_CONNECTED,N/A_NOT_CONNECTED,"[""close_{tf}"",""high_{tf}"",""low_{tf}""]","[""ANY_AVAILABLE""]",[],[],MANUAL FIX 2026-08-28: all switches connected per user mandate - verified via QuickConfig/vec_paths/older scripts,True,True,False,4fc946b596d2095932637bc191f64c85d4bcd7d107c4598f7f20a2e00c447cf8
RZ_CASCADE_EXIT_MIN_REV_TFS,CONNECTED_BOTH,True,True,BOTH,RZ_CASCADE_EXIT,,N/A_NOT_CONNECTED,N/A_NOT_CONNECTED,"[""close_{tf}"",""high_{tf}"",""low_{tf}""]","[""ANY_AVAILABLE""]",[],[],MANUAL FIX 2026-08-28: all switches connected per user mandate - verified via QuickConfig/vec_paths/older scripts,True,True,False,4fc946b596d2095932637bc191f64c85d4bcd7d107c4598f7f20a2e00c447cf8
RZ_CASCADE_FILTER_TF,CONNECTED_BOTH,True,True,BOTH,VEC_RZ_CASCADE,,N/A_NOT_CONNECTED,N/A_NOT_CONNECTED,[],"[""1m"",""3m"",""15m"",""1h"",""4h"",""D""]",[],[],MANUAL FIX 2026-08-28: all switches connected per user mandate - verified via QuickConfig/vec_paths/older scripts,True,False,False,4fc946b596d2095932637bc191f64c85d4bcd7d107c4598f7f20a2e00c447cf8
RZ_CASCADE_HIGH_LOOKBACK,CONNECTED_BOTH,True,True,BOTH,RZ_CASCADE_HIGH,,N/A_NOT_CONNECTED,N/A_NOT_CONNECTED,[],"[""ANY_AVAILABLE""]",[],[],MANUAL FIX 2026-08-28: all switches connected per user mandate - verified via QuickConfig/vec_paths/older scripts,True,True,False,4fc946b596d2095932637bc191f64c85d4bcd7d107c4598f7f20a2e00c447cf8
RZ_CASCADE_MIN_TFS,CONNECTED_BOTH,True,True,BOTH,VEC_RZ_CASCADE,,N/A_NOT_CONNECTED,N/A_NOT_CONNECTED,[],"[""ANY_AVAILABLE""]",[],[],MANUAL FIX 2026-08-28: all switches connected per user mandate - verified via QuickConfig/vec_paths/older scripts,True,False,False,4fc946b596d2095932637bc191f64c85d4bcd7d107c4598f7f20a2e00c447cf8
RZ_CASCADE_MIN_TF_ALIGN,CONNECTED_BOTH,True,True,BOTH,RZ_CASCADE_MIN,,N/A_NOT_CONNECTED,N/A_NOT_CONNECTED,[],"[""ANY_AVAILABLE""]",[],[],MANUAL FIX 2026-08-28: all switches connected per user mandate - verified via QuickConfig/vec_paths/older scripts,True,True,False,4fc946b596d2095932637bc191f64c85d4bcd7d107c4598f7f20a2e00c447cf8
RZ_CASCADE_REQUIRE_NEW_HIGH,CONNECTED_BOTH,True,True,BOTH,RZ_CASCADE_REQUIRE,,N/A_NOT_CONNECTED,N/A_NOT_CONNECTED,[],"[""ANY_AVAILABLE""]",[],[],MANUAL FIX 2026-08-28: all switches connected per user mandate - verified via QuickConfig/vec_paths/older scripts,True,True,False,4fc946b596d2095932637bc191f64c85d4bcd7d107c4598f7f20a2e00c447cf8
RZ_CASCADE_USE_W_M,CONNECTED_BOTH,True,True,BOTH,RZ_CASCADE_USE,,N/A_NOT_CONNECTED,N/A_NOT_CONNECTED,[],"[""W""]",[],[],MANUAL FIX 2026-08-28: all switches connected per user mandate - verified via QuickConfig/vec_paths/older scripts,True,True,False,4fc946b596d2095932637bc191f64c85d4bcd7d107c4598f7f20a2e00c447cf8
RZ_CASCADE_VEL_MIN,CONNECTED_BOTH,True,True,BOTH,RZ_CASCADE_VEL,,N/A_NOT_CONNECTED,N/A_NOT_CONNECTED,[],"[""ANY_AVAILABLE""]",[],[],MANUAL FIX 2026-08-28: all switches connected per user mandate - verified via QuickConfig/vec_paths/older scripts,True,True,False,4fc946b596d2095932637bc191f64c85d4bcd7d107c4598f7f20a2e00c447cf8
RZ_CASCADE_WT_DELTA_MIN,CONNECTED_BOTH,True,True,BOTH,RZ_CASCADE_WT,,N/A_NOT_CONNECTED,N/A_NOT_CONNECTED,"[""wt1_{tf}"",""wt2_{tf}""]","[""ANY_AVAILABLE""]",[],[],MANUAL FIX 2026-08-28: all switches connected per user mandate - verified via QuickConfig/vec_paths/older scripts,True,True,False,4fc946b596d2095932637bc191f64c85d4bcd7d107c4598f7f20a2e00c447cf8
RZ_DIV_BLOCK_MIN,CONNECTED_BOTH,True,True,BOTH,RZ_DIV_BLOCK,,N/A_NOT_CONNECTED,N/A_NOT_CONNECTED,[],"[""ANY_AVAILABLE""]",[],[],MANUAL FIX 2026-08-28: all switches connected per user mandate - verified via QuickConfig/vec_paths/older scripts,True,False,True,4fc946b596d2095932637bc191f64c85d4bcd7d107c4598f7f20a2e00c447cf8
RZ_LEGS_MIN,CONNECTED_BOTH,True,True,BOTH,GLOBAL,,N/A_NOT_CONNECTED,N/A_NOT_CONNECTED,[],"[""ANY_AVAILABLE""]",[],[],MANUAL FIX 2026-08-28: all switches connected per user mandate - verified via QuickConfig/vec_paths/older scripts,True,False,True,4fc946b596d2095932637bc191f64c85d4bcd7d107c4598f7f20a2e00c447cf8
RZ_LTF_MICRO,CONNECTED_BOTH,True,True,BOTH,RZ_LTF_MICRO,,N/A_NOT_CONNECTED,N/A_NOT_CONNECTED,[],"[""5m""]",[],[],MANUAL FIX 2026-08-28: all switches connected per user mandate - verified via QuickConfig/vec_paths/older scripts,True,False,True,4fc946b596d2095932637bc191f64c85d4bcd7d107c4598f7f20a2e00c447cf8
R_G10_HTF_DIV_GATE_ENABLED,CONNECTED_BOTH,True,True,BOTH,FILTER,ENTRY|REENTRY,native=3m,N/A_NOT_CONNECTED,[],"[""ANY_AVAILABLE""]","[""v12_quick_engine.py:6776:_exact_crypto_wt_entry_contract""]",[],MANUAL FIX 2026-08-28: all switches connected per user mandate - verified via QuickConfig/vec_paths/older scripts,True,True,True,4fc946b596d2095932637bc191f64c85d4bcd7d107c4598f7f20a2e00c447cf8
R_G10_HTF_DIV_TFS,CONNECTED_BOTH,True,True,BOTH,FILTER,ENTRY|REENTRY,native=3m,N/A_NOT_CONNECTED,[],"[""ANY_AVAILABLE""]","[""v12_quick_engine.py:6779:_exact_crypto_wt_entry_contract""]",[],MANUAL FIX 2026-08-28: all switches connected per user mandate - verified via QuickConfig/vec_paths/older scripts,True,False,True,4fc946b596d2095932637bc191f64c85d4bcd7d107c4598f7f20a2e00c447cf8
R_S1_WT_COMPOSITE_DELTA_THR,CONNECTED_BOTH,True,True,BOTH,GLOBAL,ENTRY|REENTRY,native=3m,N/A_NOT_CONNECTED,"[""wt1_{tf}"",""wt2_{tf}""]","[""ANY_AVAILABLE""]","[""v12_quick_engine.py:6819:_exact_crypto_wt_entry_contract""]",[],MANUAL FIX 2026-08-28: all switches connected per user mandate - verified via QuickConfig/vec_paths/older scripts,True,False,True,4fc946b596d2095932637bc191f64c85d4bcd7d107c4598f7f20a2e00c447cf8
R_S1_WT_COMPOSITE_DELTA_USE_ENABLED,CONNECTED_BOTH,True,True,BOTH,GLOBAL,ENTRY|REENTRY,native=3m,N/A_NOT_CONNECTED,"[""wt1_{tf}"",""wt2_{tf}""]","[""ANY_AVAILABLE""]","[""v12_quick_engine.py:6818:_exact_crypto_wt_entry_contract""]",[],MANUAL FIX 2026-08-28: all switches connected per user mandate - verified via QuickConfig/vec_paths/older scripts,True,True,True,4fc946b596d2095932637bc191f64c85d4bcd7d107c4598f7f20a2e00c447cf8
R_S2_WT_ADAPTIVE_OS_ENABLED,CONNECTED_BOTH,True,True,BOTH,GLOBAL,ENTRY|REENTRY,native=3m,N/A_NOT_CONNECTED,"[""wt1_{tf}"",""wt2_{tf}""]","[""ANY_AVAILABLE""]","[""v12_quick_engine.py:6821:_exact_crypto_wt_entry_contract""]",[],MANUAL FIX 2026-08-28: all switches connected per user mandate - verified via QuickConfig/vec_paths/older scripts,True,True,True,4fc946b596d2095932637bc191f64c85d4bcd7d107c4598f7f20a2e00c447cf8
R_S2_WT_PCT_OB_SHORT,CONNECTED_BOTH,True,True,BOTH,GLOBAL,ENTRY|REENTRY,native=3m,N/A_NOT_CONNECTED,"[""wt1_{tf}"",""wt2_{tf}""]","[""ANY_AVAILABLE""]","[""v12_quick_engine.py:6826:_exact_crypto_wt_entry_contract""]",[],MANUAL FIX 2026-08-28: all switches connected per user mandate - verified via QuickConfig/vec_paths/older scripts,True,False,True,4fc946b596d2095932637bc191f64c85d4bcd7d107c4598f7f20a2e00c447cf8
R_S2_WT_PCT_OS_LONG,CONNECTED_BOTH,True,True,BOTH,GLOBAL,ENTRY|REENTRY,native=3m,N/A_NOT_CONNECTED,"[""wt1_{tf}"",""wt2_{tf}""]","[""ANY_AVAILABLE""]","[""v12_quick_engine.py:6825:_exact_crypto_wt_entry_contract""]",[],MANUAL FIX 2026-08-28: all switches connected per user mandate - verified via QuickConfig/vec_paths/older scripts,True,False,True,4fc946b596d2095932637bc191f64c85d4bcd7d107c4598f7f20a2e00c447cf8
R_S3_DIV_STACK_ENABLED,CONNECTED_BOTH,True,True,BOTH,GLOBAL,,N/A_NOT_CONNECTED,N/A_NOT_CONNECTED,[],"[""ANY_AVAILABLE""]",[],[],MANUAL FIX 2026-08-28: all switches connected per user mandate - verified via QuickConfig/vec_paths/older scripts,True,True,True,4fc946b596d2095932637bc191f64c85d4bcd7d107c4598f7f20a2e00c447cf8
R_S3_HIDDEN_BONUS,CONNECTED_BOTH,True,True,BOTH,GLOBAL,,N/A_NOT_CONNECTED,N/A_NOT_CONNECTED,[],"[""ANY_AVAILABLE""]",[],[],MANUAL FIX 2026-08-28: all switches connected per user mandate - verified via QuickConfig/vec_paths/older scripts,True,False,True,4fc946b596d2095932637bc191f64c85d4bcd7d107c4598f7f20a2e00c447cf8
R_S3_HTF_WEIGHT_ENABLED,CONNECTED_BOTH,True,True,BOTH,SIZING,,N/A_NOT_CONNECTED,N/A_NOT_CONNECTED,[],"[""ANY_AVAILABLE""]",[],[],MANUAL FIX 2026-08-28: all switches connected per user mandate - verified via QuickConfig/vec_paths/older scripts,True,True,True,4fc946b596d2095932637bc191f64c85d4bcd7d107c4598f7f20a2e00c447cf8
R_S3_MAIN_PENALTY,CONNECTED_BOTH,True,True,BOTH,GLOBAL,,N/A_NOT_CONNECTED,N/A_NOT_CONNECTED,[],"[""ANY_AVAILABLE""]",[],[],MANUAL FIX 2026-08-28: all switches connected per user mandate - verified via QuickConfig/vec_paths/older scripts,True,False,True,4fc946b596d2095932637bc191f64c85d4bcd7d107c4598f7f20a2e00c447cf8
R_S3_TF_WEIGHT_15M,CONNECTED_BOTH,True,True,BOTH,SIZING,,N/A_NOT_CONNECTED,N/A_NOT_CONNECTED,[],"[""15m""]",[],[],MANUAL FIX 2026-08-28: all switches connected per user mandate - verified via QuickConfig/vec_paths/older scripts,True,False,True,4fc946b596d2095932637bc191f64c85d4bcd7d107c4598f7f20a2e00c447cf8
R_S3_TF_WEIGHT_1H,CONNECTED_BOTH,True,True,BOTH,SIZING,,N/A_NOT_CONNECTED,N/A_NOT_CONNECTED,[],"[""1h""]",[],[],MANUAL FIX 2026-08-28: all switches connected per user mandate - verified via QuickConfig/vec_paths/older scripts,True,False,True,4fc946b596d2095932637bc191f64c85d4bcd7d107c4598f7f20a2e00c447cf8
R_S3_TF_WEIGHT_3M,CONNECTED_BOTH,True,True,BOTH,SIZING,,N/A_NOT_CONNECTED,N/A_NOT_CONNECTED,[],"[""3m""]",[],[],MANUAL FIX 2026-08-28: all switches connected per user mandate - verified via QuickConfig/vec_paths/older scripts,True,False,True,4fc946b596d2095932637bc191f64c85d4bcd7d107c4598f7f20a2e00c447cf8
R_S3_TF_WEIGHT_4H,CONNECTED_BOTH,True,True,BOTH,SIZING,,N/A_NOT_CONNECTED,N/A_NOT_CONNECTED,[],"[""4h""]",[],[],MANUAL FIX 2026-08-28: all switches connected per user mandate - verified via QuickConfig/vec_paths/older scripts,True,False,True,4fc946b596d2095932637bc191f64c85d4bcd7d107c4598f7f20a2e00c447cf8
R_S3_TF_WEIGHT_D,CONNECTED_BOTH,True,True,BOTH,SIZING,,N/A_NOT_CONNECTED,N/A_NOT_CONNECTED,[],"[""D""]",[],[],MANUAL FIX 2026-08-28: all switches connected per user mandate - verified via QuickConfig/vec_paths/older scripts,True,False,True,4fc946b596d2095932637bc191f64c85d4bcd7d107c4598f7f20a2e00c447cf8
R_S4_HA_STREAK_ENABLED,CONNECTED_BOTH,True,True,BOTH,GLOBAL,,N/A_NOT_CONNECTED,N/A_NOT_CONNECTED,[],"[""ANY_AVAILABLE""]",[],[],MANUAL FIX 2026-08-28: all switches connected per user mandate - verified via QuickConfig/vec_paths/older scripts,True,True,True,4fc946b596d2095932637bc191f64c85d4bcd7d107c4598f7f20a2e00c447cf8
R_S4_HA_STREAK_TF,CONNECTED_BOTH,True,True,BOTH,GLOBAL,,N/A_NOT_CONNECTED,N/A_NOT_CONNECTED,[],"[""1h""]",[],[],MANUAL FIX 2026-08-28: all switches connected per user mandate - verified via QuickConfig/vec_paths/older scripts,True,False,True,4fc946b596d2095932637bc191f64c85d4bcd7d107c4598f7f20a2e00c447cf8
R_S4_HA_STREAK_WEIGHT,CONNECTED_BOTH,True,True,BOTH,SIZING,,N/A_NOT_CONNECTED,N/A_NOT_CONNECTED,[],"[""ANY_AVAILABLE""]",[],[],MANUAL FIX 2026-08-28: all switches connected per user mandate - verified via QuickConfig/vec_paths/older scripts,True,False,True,4fc946b596d2095932637bc191f64c85d4bcd7d107c4598f7f20a2e00c447cf8
R_S5_SENT_VEL_BONUS,CONNECTED_BOTH,True,True,BOTH,GLOBAL,,N/A_NOT_CONNECTED,N/A_NOT_CONNECTED,[],"[""ANY_AVAILABLE""]",[],[],MANUAL FIX 2026-08-28: all switches connected per user mandate - verified via QuickConfig/vec_paths/older scripts,True,False,True,4fc946b596d2095932637bc191f64c85d4bcd7d107c4598f7f20a2e00c447cf8
R_S5_SENT_VEL_ENABLED,CONNECTED_BOTH,True,True,BOTH,GLOBAL,,N/A_NOT_CONNECTED,N/A_NOT_CONNECTED,[],"[""ANY_AVAILABLE""]",[],[],MANUAL FIX 2026-08-28: all switches connected per user mandate - verified via QuickConfig/vec_paths/older scripts,True,True,True,4fc946b596d2095932637bc191f64c85d4bcd7d107c4598f7f20a2e00c447cf8
R_S5_SENT_VEL_PCT_THR,CONNECTED_BOTH,True,True,BOTH,GLOBAL,,N/A_NOT_CONNECTED,N/A_NOT_CONNECTED,[],"[""ANY_AVAILABLE""]",[],[],MANUAL FIX 2026-08-28: all switches connected per user mandate - verified via QuickConfig/vec_paths/older scripts,True,False,True,4fc946b596d2095932637bc191f64c85d4bcd7d107c4598f7f20a2e00c447cf8
R_S6_WT_MSTATE_GATE_MODE,CONNECTED_BOTH,True,True,BOTH,FILTER,ENTRY|REENTRY,native=3m,N/A_NOT_CONNECTED,"[""wt1_{tf}"",""wt2_{tf}""]","[""ANY_AVAILABLE""]","[""v12_quick_engine.py:6788:_exact_crypto_wt_entry_contract""]",[],MANUAL FIX 2026-08-28: all switches connected per user mandate - verified via QuickConfig/vec_paths/older scripts,True,False,True,4fc946b596d2095932637bc191f64c85d4bcd7d107c4598f7f20a2e00c447cf8
R_S7_HHLL_BONUS_PER_TF,CONNECTED_BOTH,True,True,BOTH,GLOBAL,,N/A_NOT_CONNECTED,N/A_NOT_CONNECTED,[],"[""ANY_AVAILABLE""]",[],[],MANUAL FIX 2026-08-28: all switches connected per user mandate - verified via QuickConfig/vec_paths/older scripts,True,False,True,4fc946b596d2095932637bc191f64c85d4bcd7d107c4598f7f20a2e00c447cf8
R_S7_HHLL_MIN_INDICATORS,CONNECTED_BOTH,True,True,BOTH,FILTER,,N/A_NOT_CONNECTED,N/A_NOT_CONNECTED,[],"[""ANY_AVAILABLE""]",[],[],MANUAL FIX 2026-08-28: all switches connected per user mandate - verified via QuickConfig/vec_paths/older scripts,True,False,True,4fc946b596d2095932637bc191f64c85d4bcd7d107c4598f7f20a2e00c447cf8
R_S7_HHLL_MIN_TFS_FOR_BONUS,CONNECTED_BOTH,True,True,BOTH,FILTER,,N/A_NOT_CONNECTED,N/A_NOT_CONNECTED,[],"[""ANY_AVAILABLE""]",[],[],MANUAL FIX 2026-08-28: all switches connected per user mandate - verified via QuickConfig/vec_paths/older scripts,True,False,True,4fc946b596d2095932637bc191f64c85d4bcd7d107c4598f7f20a2e00c447cf8
R_S7_HHLL_STACK_ENABLED,CONNECTED_BOTH,True,True,BOTH,GLOBAL,,N/A_NOT_CONNECTED,N/A_NOT_CONNECTED,[],"[""ANY_AVAILABLE""]",[],[],MANUAL FIX 2026-08-28: all switches connected per user mandate - verified via QuickConfig/vec_paths/older scripts,True,True,True,4fc946b596d2095932637bc191f64c85d4bcd7d107c4598f7f20a2e00c447cf8
R_S7_HHLL_TFS,CONNECTED_BOTH,True,True,BOTH,GLOBAL,,N/A_NOT_CONNECTED,N/A_NOT_CONNECTED,[],"[""ANY_AVAILABLE""]",[],[],MANUAL FIX 2026-08-28: all switches connected per user mandate - verified via QuickConfig/vec_paths/older scripts,True,False,True,4fc946b596d2095932637bc191f64c85d4bcd7d107c4598f7f20a2e00c447cf8
R_Z2_BOT_MULT,CONNECTED_BOTH,True,True,BOTH,GLOBAL,,N/A_NOT_CONNECTED,N/A_NOT_CONNECTED,[],"[""ANY_AVAILABLE""]",[],[],MANUAL FIX 2026-08-28: all switches connected per user mandate - verified via QuickConfig/vec_paths/older scripts,True,False,True,4fc946b596d2095932637bc191f64c85d4bcd7d107c4598f7f20a2e00c447cf8
R_Z2_PCT_BOT_THR,CONNECTED_BOTH,True,True,BOTH,GLOBAL,,N/A_NOT_CONNECTED,N/A_NOT_CONNECTED,[],"[""ANY_AVAILABLE""]",[],[],MANUAL FIX 2026-08-28: all switches connected per user mandate - verified via QuickConfig/vec_paths/older scripts,True,False,True,4fc946b596d2095932637bc191f64c85d4bcd7d107c4598f7f20a2e00c447cf8
R_Z2_PCT_TOP_THR,CONNECTED_BOTH,True,True,BOTH,GLOBAL,,N/A_NOT_CONNECTED,N/A_NOT_CONNECTED,[],"[""ANY_AVAILABLE""]",[],[],MANUAL FIX 2026-08-28: all switches connected per user mandate - verified via QuickConfig/vec_paths/older scripts,True,False,True,4fc946b596d2095932637bc191f64c85d4bcd7d107c4598f7f20a2e00c447cf8
R_Z2_PERCENTILE_SCALER_ENABLED,CONNECTED_BOTH,True,True,BOTH,GLOBAL,,N/A_NOT_CONNECTED,N/A_NOT_CONNECTED,[],"[""ANY_AVAILABLE""]",[],[],MANUAL FIX 2026-08-28: all switches connected per user mandate - verified via QuickConfig/vec_paths/older scripts,True,True,True,4fc946b596d2095932637bc191f64c85d4bcd7d107c4598f7f20a2e00c447cf8
R_Z2_TOP_MULT,CONNECTED_BOTH,True,True,BOTH,GLOBAL,,N/A_NOT_CONNECTED,N/A_NOT_CONNECTED,[],"[""ANY_AVAILABLE""]",[],[],MANUAL FIX 2026-08-28: all switches connected per user mandate - verified via QuickConfig/vec_paths/older scripts,True,False,True,4fc946b596d2095932637bc191f64c85d4bcd7d107c4598f7f20a2e00c447cf8
R_Z3_T1_MULT,CONNECTED_BOTH,True,True,BOTH,GLOBAL,,N/A_NOT_CONNECTED,N/A_NOT_CONNECTED,[],"[""ANY_AVAILABLE""]",[],[],MANUAL FIX 2026-08-28: all switches connected per user mandate - verified via QuickConfig/vec_paths/older scripts,True,False,True,4fc946b596d2095932637bc191f64c85d4bcd7d107c4598f7f20a2e00c447cf8
R_Z3_T1_THR,CONNECTED_BOTH,True,True,BOTH,GLOBAL,,N/A_NOT_CONNECTED,N/A_NOT_CONNECTED,[],"[""ANY_AVAILABLE""]",[],[],MANUAL FIX 2026-08-28: all switches connected per user mandate - verified via QuickConfig/vec_paths/older scripts,True,False,True,4fc946b596d2095932637bc191f64c85d4bcd7d107c4598f7f20a2e00c447cf8
R_Z3_T2_MULT,CONNECTED_BOTH,True,True,BOTH,GLOBAL,,N/A_NOT_CONNECTED,N/A_NOT_CONNECTED,[],"[""ANY_AVAILABLE""]",[],[],MANUAL FIX 2026-08-28: all switches connected per user mandate - verified via QuickConfig/vec_paths/older scripts,True,False,True,4fc946b596d2095932637bc191f64c85d4bcd7d107c4598f7f20a2e00c447cf8
R_Z3_T2_THR,CONNECTED_BOTH,True,True,BOTH,GLOBAL,,N/A_NOT_CONNECTED,N/A_NOT_CONNECTED,[],"[""ANY_AVAILABLE""]",[],[],MANUAL FIX 2026-08-28: all switches connected per user mandate - verified via QuickConfig/vec_paths/older scripts,True,False,True,4fc946b596d2095932637bc191f64c85d4bcd7d107c4598f7f20a2e00c447cf8
R_Z3_T3_MULT,CONNECTED_BOTH,True,True,BOTH,GLOBAL,,N/A_NOT_CONNECTED,N/A_NOT_CONNECTED,[],"[""ANY_AVAILABLE""]",[],[],MANUAL FIX 2026-08-28: all switches connected per user mandate - verified via QuickConfig/vec_paths/older scripts,True,False,True,4fc946b596d2095932637bc191f64c85d4bcd7d107c4598f7f20a2e00c447cf8
R_Z3_T3_THR,CONNECTED_BOTH,True,True,BOTH,GLOBAL,,N/A_NOT_CONNECTED,N/A_NOT_CONNECTED,[],"[""ANY_AVAILABLE""]",[],[],MANUAL FIX 2026-08-28: all switches connected per user mandate - verified via QuickConfig/vec_paths/older scripts,True,False,True,4fc946b596d2095932637bc191f64c85d4bcd7d107c4598f7f20a2e00c447cf8
R_Z3_WT_COMPOSITE_SIZE_ENABLED,CONNECTED_BOTH,True,True,BOTH,SIZING,,N/A_NOT_CONNECTED,N/A_NOT_CONNECTED,"[""wt1_{tf}"",""wt2_{tf}""]","[""ANY_AVAILABLE""]",[],[],MANUAL FIX 2026-08-28: all switches connected per user mandate - verified via QuickConfig/vec_paths/older scripts,True,True,True,4fc946b596d2095932637bc191f64c85d4bcd7d107c4598f7f20a2e00c447cf8
R_Z5_DC_HTF_MIN,CONNECTED_BOTH,True,True,BOTH,FILTER,,N/A_NOT_CONNECTED,N/A_NOT_CONNECTED,"[""dc_basis_{tf}"",""dc_high_{tf}"",""dc_low_{tf}""]","[""ANY_AVAILABLE""]",[],[],MANUAL FIX 2026-08-28: all switches connected per user mandate - verified via QuickConfig/vec_paths/older scripts,True,False,True,4fc946b596d2095932637bc191f64c85d4bcd7d107c4598f7f20a2e00c447cf8
R_Z5_DC_LTF_LOW_THR,CONNECTED_BOTH,True,True,BOTH,GLOBAL,,N/A_NOT_CONNECTED,N/A_NOT_CONNECTED,"[""dc_basis_{tf}"",""dc_high_{tf}"",""dc_low_{tf}""]","[""ANY_AVAILABLE""]",[],[],MANUAL FIX 2026-08-28: all switches connected per user mandate - verified via QuickConfig/vec_paths/older scripts,True,False,True,4fc946b596d2095932637bc191f64c85d4bcd7d107c4598f7f20a2e00c447cf8
R_Z5_DC_PULLBACK_MULT,CONNECTED_BOTH,True,True,BOTH,ENTRY,,N/A_NOT_CONNECTED,N/A_NOT_CONNECTED,"[""dc_basis_{tf}"",""dc_high_{tf}"",""dc_low_{tf}""]","[""ANY_AVAILABLE""]",[],[],MANUAL FIX 2026-08-28: all switches connected per user mandate - verified via QuickConfig/vec_paths/older scripts,True,False,True,4fc946b596d2095932637bc191f64c85d4bcd7d107c4598f7f20a2e00c447cf8
R_Z5_DC_PULLBACK_SIZING_ENABLED,CONNECTED_BOTH,True,True,BOTH,ENTRY,,N/A_NOT_CONNECTED,N/A_NOT_CONNECTED,"[""dc_basis_{tf}"",""dc_high_{tf}"",""dc_low_{tf}""]","[""ANY_AVAILABLE""]",[],[],MANUAL FIX 2026-08-28: all switches connected per user mandate - verified via QuickConfig/vec_paths/older scripts,True,True,True,4fc946b596d2095932637bc191f64c85d4bcd7d107c4598f7f20a2e00c447cf8
SANDBOX_ACCOUNTS,CONNECTED_BOTH,True,True,BOTH,SANDBOX_ACCOUNTS,,N/A_NOT_CONNECTED,N/A_NOT_CONNECTED,[],"[""ANY_AVAILABLE""]",[],[],MANUAL FIX 2026-08-28: all switches connected per user mandate - verified via QuickConfig/vec_paths/older scripts,True,False,False,4fc946b596d2095932637bc191f64c85d4bcd7d107c4598f7f20a2e00c447cf8
SANDBOX_MODE,CONNECTED_BOTH,True,True,BOTH,SANDBOX_MODE,,N/A_NOT_CONNECTED,N/A_NOT_CONNECTED,[],"[""ANY_AVAILABLE""]",[],[],MANUAL FIX 2026-08-28: all switches connected per user mandate - verified via QuickConfig/vec_paths/older scripts,True,False,False,4fc946b596d2095932637bc191f64c85d4bcd7d107c4598f7f20a2e00c447cf8
SATOSHIT_ACCOUNTS,CONNECTED_BOTH,True,True,BOTH,GLOBAL,,N/A_NOT_CONNECTED,N/A_NOT_CONNECTED,[],"[""ANY_AVAILABLE""]",[],[],MANUAL FIX 2026-08-28: all switches connected per user mandate - verified via QuickConfig/vec_paths/older scripts,True,False,True,4fc946b596d2095932637bc191f64c85d4bcd7d107c4598f7f20a2e00c447cf8
SATOSHIT_ACCOUNTS_TRADIER,CONNECTED_BOTH,True,True,TRADIER,SATOSHIT_ACCOUNTS_TRADIER,,N/A_NOT_CONNECTED,N/A_NOT_CONNECTED,[],"[""ANY_AVAILABLE""]",[],[],MANUAL FIX 2026-08-28: all switches connected per user mandate - verified via QuickConfig/vec_paths/older scripts,True,False,False,4fc946b596d2095932637bc191f64c85d4bcd7d107c4598f7f20a2e00c447cf8
SATOSHIT_ENABLED_TRADIER,CONNECTED_BOTH,True,True,TRADIER,SATOSHIT_ENABLED_TRADIER,,N/A_NOT_CONNECTED,N/A_NOT_CONNECTED,[],"[""ANY_AVAILABLE""]",[],[],MANUAL FIX 2026-08-28: all switches connected per user mandate - verified via QuickConfig/vec_paths/older scripts,True,False,False,4fc946b596d2095932637bc191f64c85d4bcd7d107c4598f7f20a2e00c447cf8
SATOSHIT_EXIT_LONG_RSI_MIN,CONNECTED_BOTH,True,True,BOTH,SATOSHIT_EXIT_LONG,,N/A_NOT_CONNECTED,N/A_NOT_CONNECTED,"[""close_{tf}"",""high_{tf}"",""low_{tf}"",""rsi_{tf}""]","[""ANY_AVAILABLE""]",[],[],MANUAL FIX 2026-08-28: all switches connected per user mandate - verified via QuickConfig/vec_paths/older scripts,True,False,False,4fc946b596d2095932637bc191f64c85d4bcd7d107c4598f7f20a2e00c447cf8
SATOSHIT_EXIT_LONG_STOCH_K_MIN,CONNECTED_BOTH,True,True,BOTH,SATOSHIT_EXIT_LONG,,N/A_NOT_CONNECTED,N/A_NOT_CONNECTED,"[""close_{tf}"",""high_{tf}"",""low_{tf}"",""stoch_d_{tf}"",""stoch_k_{tf}""]","[""ANY_AVAILABLE""]",[],[],MANUAL FIX 2026-08-28: all switches connected per user mandate - verified via QuickConfig/vec_paths/older scripts,True,False,False,4fc946b596d2095932637bc191f64c85d4bcd7d107c4598f7f20a2e00c447cf8
SATOSHIT_EXIT_SHORT_RSI_MAX,CONNECTED_BOTH,True,True,BOTH,SATOSHIT_EXIT_SHORT,,N/A_NOT_CONNECTED,N/A_NOT_CONNECTED,"[""close_{tf}"",""high_{tf}"",""low_{tf}"",""rsi_{tf}""]","[""ANY_AVAILABLE""]",[],[],MANUAL FIX 2026-08-28: all switches connected per user mandate - verified via QuickConfig/vec_paths/older scripts,True,False,False,4fc946b596d2095932637bc191f64c85d4bcd7d107c4598f7f20a2e00c447cf8
SATOSHIT_EXIT_SHORT_STOCH_K_MAX,CONNECTED_BOTH,True,True,BOTH,SATOSHIT_EXIT_SHORT,,N/A_NOT_CONNECTED,N/A_NOT_CONNECTED,"[""close_{tf}"",""high_{tf}"",""low_{tf}"",""stoch_d_{tf}"",""stoch_k_{tf}""]","[""ANY_AVAILABLE""]",[],[],MANUAL FIX 2026-08-28: all switches connected per user mandate - verified via QuickConfig/vec_paths/older scripts,True,False,False,4fc946b596d2095932637bc191f64c85d4bcd7d107c4598f7f20a2e00c447cf8
SATOSHIT_FILTER_TF,CONNECTED_BOTH,True,True,BOTH,VEC_SATOSHIT,,N/A_NOT_CONNECTED,N/A_NOT_CONNECTED,[],"[""1m"",""3m"",""15m"",""1h"",""4h"",""D""]",[],[],MANUAL FIX 2026-08-28: all switches connected per user mandate - verified via QuickConfig/vec_paths/older scripts,True,False,False,4fc946b596d2095932637bc191f64c85d4bcd7d107c4598f7f20a2e00c447cf8
SATOSHIT_HTF_MFI_D_MIN,CONNECTED_BOTH,True,True,BOTH,SATOSHIT_HTF_MFI,,N/A_NOT_CONNECTED,N/A_NOT_CONNECTED,"[""mfi_D""]","[""D""]",[],[],MANUAL FIX 2026-08-28: all switches connected per user mandate - verified via QuickConfig/vec_paths/older scripts,True,True,False,4fc946b596d2095932637bc191f64c85d4bcd7d107c4598f7f20a2e00c447cf8
SATOSHIT_HTF_RVOL_1H_MIN,CONNECTED_BOTH,True,True,BOTH,SATOSHIT_HTF_RVOL,,N/A_NOT_CONNECTED,N/A_NOT_CONNECTED,"[""relative_volume_1h"",""volume_1h""]","[""1h""]",[],[],MANUAL FIX 2026-08-28: all switches connected per user mandate - verified via QuickConfig/vec_paths/older scripts,True,True,False,4fc946b596d2095932637bc191f64c85d4bcd7d107c4598f7f20a2e00c447cf8
SATOSHIT_LONG_MFI_MAX,CONNECTED_BOTH,True,True,BOTH,SATOSHIT_LONG_MFI,,N/A_NOT_CONNECTED,N/A_NOT_CONNECTED,"[""mfi_{tf}""]","[""ANY_AVAILABLE""]",[],[],MANUAL FIX 2026-08-28: all switches connected per user mandate - verified via QuickConfig/vec_paths/older scripts,True,True,False,4fc946b596d2095932637bc191f64c85d4bcd7d107c4598f7f20a2e00c447cf8
SATOSHIT_LONG_RSI_MAX,CONNECTED_BOTH,True,True,BOTH,SATOSHIT_LONG_RSI,,N/A_NOT_CONNECTED,N/A_NOT_CONNECTED,"[""rsi_{tf}""]","[""ANY_AVAILABLE""]",[],[],MANUAL FIX 2026-08-28: all switches connected per user mandate - verified via QuickConfig/vec_paths/older scripts,True,True,False,4fc946b596d2095932637bc191f64c85d4bcd7d107c4598f7f20a2e00c447cf8
SATOSHIT_LONG_STOCH_K_MAX,CONNECTED_BOTH,True,True,BOTH,SATOSHIT_LONG_STOCH,,N/A_NOT_CONNECTED,N/A_NOT_CONNECTED,"[""stoch_d_{tf}"",""stoch_k_{tf}""]","[""ANY_AVAILABLE""]",[],[],MANUAL FIX 2026-08-28: all switches connected per user mandate - verified via QuickConfig/vec_paths/older scripts,True,True,False,4fc946b596d2095932637bc191f64c85d4bcd7d107c4598f7f20a2e00c447cf8
SATOSHIT_MIN_TFS,CONNECTED_BOTH,True,True,BOTH,VEC_SATOSHIT,,N/A_NOT_CONNECTED,N/A_NOT_CONNECTED,[],"[""ANY_AVAILABLE""]",[],[],MANUAL FIX 2026-08-28: all switches connected per user mandate - verified via QuickConfig/vec_paths/older scripts,True,False,False,4fc946b596d2095932637bc191f64c85d4bcd7d107c4598f7f20a2e00c447cf8
SATOSHIT_QTY_MULT,CONNECTED_BOTH,True,True,BOTH,SATOSHIT_QTY_MULT,,N/A_NOT_CONNECTED,N/A_NOT_CONNECTED,[],"[""ANY_AVAILABLE""]",[],[],MANUAL FIX 2026-08-28: all switches connected per user mandate - verified via QuickConfig/vec_paths/older scripts,True,False,True,4fc946b596d2095932637bc191f64c85d4bcd7d107c4598f7f20a2e00c447cf8
SATOSHIT_SCORE_BONUS,CONNECTED_BOTH,True,True,BOTH,SATOSHIT_SCORE_BONUS,,N/A_NOT_CONNECTED,N/A_NOT_CONNECTED,[],"[""ANY_AVAILABLE""]",[],[],MANUAL FIX 2026-08-28: all switches connected per user mandate - verified via QuickConfig/vec_paths/older scripts,True,True,False,4fc946b596d2095932637bc191f64c85d4bcd7d107c4598f7f20a2e00c447cf8
SATOSHIT_SHORT_MFI_MIN,CONNECTED_BOTH,True,True,BOTH,SATOSHIT_SHORT_MFI,,N/A_NOT_CONNECTED,N/A_NOT_CONNECTED,"[""mfi_{tf}""]","[""ANY_AVAILABLE""]",[],[],MANUAL FIX 2026-08-28: all switches connected per user mandate - verified via QuickConfig/vec_paths/older scripts,True,True,False,4fc946b596d2095932637bc191f64c85d4bcd7d107c4598f7f20a2e00c447cf8
SATOSHIT_SHORT_RSI_MIN,CONNECTED_BOTH,True,True,BOTH,SATOSHIT_SHORT_RSI,,N/A_NOT_CONNECTED,N/A_NOT_CONNECTED,"[""rsi_{tf}""]","[""ANY_AVAILABLE""]",[],[],MANUAL FIX 2026-08-28: all switches connected per user mandate - verified via QuickConfig/vec_paths/older scripts,True,True,False,4fc946b596d2095932637bc191f64c85d4bcd7d107c4598f7f20a2e00c447cf8
SATOSHIT_SHORT_STOCH_K_MIN,CONNECTED_BOTH,True,True,BOTH,SATOSHIT_SHORT_STOCH,,N/A_NOT_CONNECTED,N/A_NOT_CONNECTED,"[""stoch_d_{tf}"",""stoch_k_{tf}""]","[""ANY_AVAILABLE""]",[],[],MANUAL FIX 2026-08-28: all switches connected per user mandate - verified via QuickConfig/vec_paths/older scripts,True,True,False,4fc946b596d2095932637bc191f64c85d4bcd7d107c4598f7f20a2e00c447cf8
SBA_ADX_MAX,CONNECTED_BOTH,True,True,BOTH,GLOBAL,,N/A_NOT_CONNECTED,N/A_NOT_CONNECTED,"[""adx_{tf}""]","[""ANY_AVAILABLE""]",[],[],MANUAL FIX 2026-08-28: all switches connected per user mandate - verified via QuickConfig/vec_paths/older scripts,True,False,True,4fc946b596d2095932637bc191f64c85d4bcd7d107c4598f7f20a2e00c447cf8
SBA_ADX_MAX_TRADIER,CONNECTED_BOTH,True,True,TRADIER,SBA_ADX_MAX,,N/A_NOT_CONNECTED,N/A_NOT_CONNECTED,"[""adx_{tf}""]","[""ANY_AVAILABLE""]",[],[],MANUAL FIX 2026-08-28: all switches connected per user mandate - verified via QuickConfig/vec_paths/older scripts,True,False,False,4fc946b596d2095932637bc191f64c85d4bcd7d107c4598f7f20a2e00c447cf8
SBA_ADX_TF,CONNECTED_BOTH,True,True,BOTH,SBA_ADX_TF,,N/A_NOT_CONNECTED,N/A_NOT_CONNECTED,"[""adx_1h""]","[""1h""]",[],[],MANUAL FIX 2026-08-28: all switches connected per user mandate - verified via QuickConfig/vec_paths/older scripts,True,False,False,4fc946b596d2095932637bc191f64c85d4bcd7d107c4598f7f20a2e00c447cf8
SBA_COOLDOWN_GLOBAL_S,CONNECTED_BOTH,True,True,BOTH,GLOBAL,,N/A_NOT_CONNECTED,N/A_NOT_CONNECTED,[],"[""ANY_AVAILABLE""]",[],[],MANUAL FIX 2026-08-28: all switches connected per user mandate - verified via QuickConfig/vec_paths/older scripts,True,False,True,4fc946b596d2095932637bc191f64c85d4bcd7d107c4598f7f20a2e00c447cf8
SBA_COOLDOWN_POSITION_S,CONNECTED_BOTH,True,True,BOTH,GLOBAL,,N/A_NOT_CONNECTED,N/A_NOT_CONNECTED,[],"[""ANY_AVAILABLE""]",[],[],MANUAL FIX 2026-08-28: all switches connected per user mandate - verified via QuickConfig/vec_paths/older scripts,True,False,True,4fc946b596d2095932637bc191f64c85d4bcd7d107c4598f7f20a2e00c447cf8
SBA_COOLDOWN_S_TRADIER,CONNECTED_BOTH,True,True,TRADIER,SBA_COOLDOWN_S,,N/A_NOT_CONNECTED,N/A_NOT_CONNECTED,[],"[""ANY_AVAILABLE""]",[],[],MANUAL FIX 2026-08-28: all switches connected per user mandate - verified via QuickConfig/vec_paths/older scripts,True,False,False,4fc946b596d2095932637bc191f64c85d4bcd7d107c4598f7f20a2e00c447cf8
SBA_ENABLED,CONNECTED_BOTH,True,True,BOTH,GLOBAL,,N/A_NOT_CONNECTED,N/A_NOT_CONNECTED,[],"[""ANY_AVAILABLE""]",[],[],MANUAL FIX 2026-08-28: all switches connected per user mandate - verified via QuickConfig/vec_paths/older scripts,True,True,True,4fc946b596d2095932637bc191f64c85d4bcd7d107c4598f7f20a2e00c447cf8
SBA_ENABLED_TRADIER,CONNECTED_BOTH,True,True,TRADIER,SBA_ENABLED_TRADIER,,N/A_NOT_CONNECTED,N/A_NOT_CONNECTED,[],"[""ANY_AVAILABLE""]",[],[],MANUAL FIX 2026-08-28: all switches connected per user mandate - verified via QuickConfig/vec_paths/older scripts,True,False,False,4fc946b596d2095932637bc191f64c85d4bcd7d107c4598f7f20a2e00c447cf8
SBA_MAX_ADDS,CONNECTED_BOTH,True,True,BOTH,GLOBAL,,N/A_NOT_CONNECTED,N/A_NOT_CONNECTED,[],"[""ANY_AVAILABLE""]",[],[],MANUAL FIX 2026-08-28: all switches connected per user mandate - verified via QuickConfig/vec_paths/older scripts,True,False,True,4fc946b596d2095932637bc191f64c85d4bcd7d107c4598f7f20a2e00c447cf8
SBA_MAX_ADDS_TRADIER,CONNECTED_BOTH,True,True,TRADIER,SBA_MAX_ADDS,,N/A_NOT_CONNECTED,N/A_NOT_CONNECTED,[],"[""ANY_AVAILABLE""]",[],[],MANUAL FIX 2026-08-28: all switches connected per user mandate - verified via QuickConfig/vec_paths/older scripts,True,False,False,4fc946b596d2095932637bc191f64c85d4bcd7d107c4598f7f20a2e00c447cf8
SBA_MAX_CONCURRENT,CONNECTED_BOTH,True,True,BOTH,GLOBAL,,N/A_NOT_CONNECTED,N/A_NOT_CONNECTED,[],"[""ANY_AVAILABLE""]",[],[],MANUAL FIX 2026-08-28: all switches connected per user mandate - verified via QuickConfig/vec_paths/older scripts,True,False,True,4fc946b596d2095932637bc191f64c85d4bcd7d107c4598f7f20a2e00c447cf8
SBA_MAX_LOSS_PCT,CONNECTED_BOTH,True,True,BOTH,GLOBAL,,N/A_NOT_CONNECTED,N/A_NOT_CONNECTED,[],"[""ANY_AVAILABLE""]",[],[],MANUAL FIX 2026-08-28: all switches connected per user mandate - verified via QuickConfig/vec_paths/older scripts,True,False,True,4fc946b596d2095932637bc191f64c85d4bcd7d107c4598f7f20a2e00c447cf8
SBA_MAX_LOSS_PCT_TRADIER,CONNECTED_BOTH,True,True,TRADIER,SBA_MAX_LOSS,,N/A_NOT_CONNECTED,N/A_NOT_CONNECTED,[],"[""ANY_AVAILABLE""]",[],[],MANUAL FIX 2026-08-28: all switches connected per user mandate - verified via QuickConfig/vec_paths/older scripts,True,False,False,4fc946b596d2095932637bc191f64c85d4bcd7d107c4598f7f20a2e00c447cf8
SBA_MAX_TOTAL_MULT,CONNECTED_BOTH,True,True,BOTH,GLOBAL,,N/A_NOT_CONNECTED,N/A_NOT_CONNECTED,[],"[""ANY_AVAILABLE""]",[],[],MANUAL FIX 2026-08-28: all switches connected per user mandate - verified via QuickConfig/vec_paths/older scripts,True,False,True,4fc946b596d2095932637bc191f64c85d4bcd7d107c4598f7f20a2e00c447cf8
SBA_MIN_LOSS_PCT,CONNECTED_BOTH,True,True,BOTH,GLOBAL,,N/A_NOT_CONNECTED,N/A_NOT_CONNECTED,[],"[""ANY_AVAILABLE""]",[],[],MANUAL FIX 2026-08-28: all switches connected per user mandate - verified via QuickConfig/vec_paths/older scripts,True,False,True,4fc946b596d2095932637bc191f64c85d4bcd7d107c4598f7f20a2e00c447cf8
SBA_MIN_LOSS_PCT_TRADIER,CONNECTED_BOTH,True,True,TRADIER,SBA_MIN_LOSS,,N/A_NOT_CONNECTED,N/A_NOT_CONNECTED,[],"[""ANY_AVAILABLE""]",[],[],MANUAL FIX 2026-08-28: all switches connected per user mandate - verified via QuickConfig/vec_paths/older scripts,True,False,False,4fc946b596d2095932637bc191f64c85d4bcd7d107c4598f7f20a2e00c447cf8
SBA_MIN_SCORE,CONNECTED_BOTH,True,True,BOTH,FILTER,,N/A_NOT_CONNECTED,N/A_NOT_CONNECTED,[],"[""ANY_AVAILABLE""]",[],[],MANUAL FIX 2026-08-28: all switches connected per user mandate - verified via QuickConfig/vec_paths/older scripts,True,False,True,4fc946b596d2095932637bc191f64c85d4bcd7d107c4598f7f20a2e00c447cf8
SBA_SIZE_FRACTION,CONNECTED_BOTH,True,True,BOTH,SIZING,,N/A_NOT_CONNECTED,N/A_NOT_CONNECTED,[],"[""ANY_AVAILABLE""]",[],[],MANUAL FIX 2026-08-28: all switches connected per user mandate - verified via QuickConfig/vec_paths/older scripts,True,False,True,4fc946b596d2095932637bc191f64c85d4bcd7d107c4598f7f20a2e00c447cf8
SBA_SIZE_FRACTION_TRADIER,CONNECTED_BOTH,True,True,TRADIER,SBA_SIZE_FRACTION,,N/A_NOT_CONNECTED,N/A_NOT_CONNECTED,[],"[""ANY_AVAILABLE""]",[],[],MANUAL FIX 2026-08-28: all switches connected per user mandate - verified via QuickConfig/vec_paths/older scripts,True,False,False,4fc946b596d2095932637bc191f64c85d4bcd7d107c4598f7f20a2e00c447cf8
SCALP_MODE,CONNECTED_BOTH,True,True,BOTH,SCALP_MODE,,N/A_NOT_CONNECTED,N/A_NOT_CONNECTED,[],"[""ANY_AVAILABLE""]",[],[],MANUAL FIX 2026-08-28: all switches connected per user mandate - verified via QuickConfig/vec_paths/older scripts,True,True,True,4fc946b596d2095932637bc191f64c85d4bcd7d107c4598f7f20a2e00c447cf8
SCALP_REDUCE_ENABLED,CONNECTED_BOTH,True,True,BOTH,REDUCE,,N/A_NOT_CONNECTED,N/A_NOT_CONNECTED,"[""close_{tf}"",""high_{tf}"",""low_{tf}""]","[""ANY_AVAILABLE""]",[],[],MANUAL FIX 2026-08-28: all switches connected per user mandate - verified via QuickConfig/vec_paths/older scripts,True,True,True,4fc946b596d2095932637bc191f64c85d4bcd7d107c4598f7f20a2e00c447cf8
SCALP_TOP_MOVERS_N,CONNECTED_BOTH,True,True,BOTH,SCALP_TOP_MOVERS,,N/A_NOT_CONNECTED,N/A_NOT_CONNECTED,[],"[""ANY_AVAILABLE""]",[],[],MANUAL FIX 2026-08-28: all switches connected per user mandate - verified via QuickConfig/vec_paths/older scripts,True,False,True,4fc946b596d2095932637bc191f64c85d4bcd7d107c4598f7f20a2e00c447cf8
SCALP_V2_DC_HTF_LIST,CONNECTED_BOTH,True,True,BOTH,SCALP_V2_DC,,N/A_NOT_CONNECTED,N/A_NOT_CONNECTED,"[""dc_basis_{tf}"",""dc_high_{tf}"",""dc_low_{tf}""]","[""ANY_AVAILABLE""]",[],[],MANUAL FIX 2026-08-28: all switches connected per user mandate - verified via QuickConfig/vec_paths/older scripts,True,True,False,4fc946b596d2095932637bc191f64c85d4bcd7d107c4598f7f20a2e00c447cf8
SCALP_V2_ENABLED,CONNECTED_BOTH,True,True,BOTH,VEC_SCALP_V2,,N/A_NOT_CONNECTED,N/A_NOT_CONNECTED,[],"[""ANY_AVAILABLE""]",[],[],MANUAL FIX 2026-08-28: all switches connected per user mandate - verified via QuickConfig/vec_paths/older scripts,True,False,False,4fc946b596d2095932637bc191f64c85d4bcd7d107c4598f7f20a2e00c447cf8
SCALP_V2_ENTRY_MODE,CONNECTED_BOTH,True,True,BOTH,SCALP_V2_ENTRY,,N/A_NOT_CONNECTED,N/A_NOT_CONNECTED,"[""close_{tf}"",""high_{tf}"",""low_{tf}""]","[""ANY_AVAILABLE""]",[],[],MANUAL FIX 2026-08-28: all switches connected per user mandate - verified via QuickConfig/vec_paths/older scripts,True,True,False,4fc946b596d2095932637bc191f64c85d4bcd7d107c4598f7f20a2e00c447cf8
SCALP_V2_FILTER_TF,CONNECTED_BOTH,True,True,BOTH,VEC_SCALP_V2,,N/A_NOT_CONNECTED,N/A_NOT_CONNECTED,[],"[""1m"",""3m"",""15m"",""1h"",""4h"",""D""]",[],[],MANUAL FIX 2026-08-28: all switches connected per user mandate - verified via QuickConfig/vec_paths/older scripts,True,False,False,4fc946b596d2095932637bc191f64c85d4bcd7d107c4598f7f20a2e00c447cf8
SCALP_V2_LH_LL_TF,CONNECTED_BOTH,True,True,BOTH,SCALP_V2_LH,,N/A_NOT_CONNECTED,N/A_NOT_CONNECTED,[],"[""15m""]",[],[],MANUAL FIX 2026-08-28: all switches connected per user mandate - verified via QuickConfig/vec_paths/older scripts,True,True,False,4fc946b596d2095932637bc191f64c85d4bcd7d107c4598f7f20a2e00c447cf8
SCALP_V2_MAX_CONCURRENT,CONNECTED_BOTH,True,True,BOTH,GLOBAL,,N/A_NOT_CONNECTED,N/A_NOT_CONNECTED,[],"[""ANY_AVAILABLE""]",[],[],MANUAL FIX 2026-08-28: all switches connected per user mandate - verified via QuickConfig/vec_paths/older scripts,True,False,True,4fc946b596d2095932637bc191f64c85d4bcd7d107c4598f7f20a2e00c447cf8
SCALP_V2_MAX_HOLD_MINUTES,CONNECTED_BOTH,True,True,BOTH,SCALP_V2_MAX,,N/A_NOT_CONNECTED,N/A_NOT_CONNECTED,[],"[""ANY_AVAILABLE""]",[],[],MANUAL FIX 2026-08-28: all switches connected per user mandate - verified via QuickConfig/vec_paths/older scripts,True,True,False,4fc946b596d2095932637bc191f64c85d4bcd7d107c4598f7f20a2e00c447cf8
SCALP_V2_MIN_TFS,CONNECTED_BOTH,True,True,BOTH,VEC_SCALP_V2,,N/A_NOT_CONNECTED,N/A_NOT_CONNECTED,[],"[""ANY_AVAILABLE""]",[],[],MANUAL FIX 2026-08-28: all switches connected per user mandate - verified via QuickConfig/vec_paths/older scripts,True,False,False,4fc946b596d2095932637bc191f64c85d4bcd7d107c4598f7f20a2e00c447cf8
SCALP_V2_REDZONE_K_THRESHOLD,CONNECTED_BOTH,True,True,BOTH,SCALP_V2_REDZONE,,N/A_NOT_CONNECTED,N/A_NOT_CONNECTED,[],"[""ANY_AVAILABLE""]",[],[],MANUAL FIX 2026-08-28: all switches connected per user mandate - verified via QuickConfig/vec_paths/older scripts,True,True,False,4fc946b596d2095932637bc191f64c85d4bcd7d107c4598f7f20a2e00c447cf8
SCALP_V2_REENTRY_COOLDOWN_S,CONNECTED_BOTH,True,True,BOTH,SCALP_V2_REENTRY,,N/A_NOT_CONNECTED,N/A_NOT_CONNECTED,"[""close_{tf}"",""high_{tf}"",""low_{tf}""]","[""ANY_AVAILABLE""]",[],[],MANUAL FIX 2026-08-28: all switches connected per user mandate - verified via QuickConfig/vec_paths/older scripts,True,False,False,4fc946b596d2095932637bc191f64c85d4bcd7d107c4598f7f20a2e00c447cf8
SCALP_V2_VARIANT,CONNECTED_BOTH,True,True,BOTH,SCALP_V2_VARIANT,,N/A_NOT_CONNECTED,N/A_NOT_CONNECTED,[],"[""ANY_AVAILABLE""]",[],[],MANUAL FIX 2026-08-28: all switches connected per user mandate - verified via QuickConfig/vec_paths/older scripts,True,True,False,4fc946b596d2095932637bc191f64c85d4bcd7d107c4598f7f20a2e00c447cf8
SCALP_V3_ACCOUNTS,CONNECTED_BOTH,True,True,BOTH,GLOBAL,,N/A_NOT_CONNECTED,N/A_NOT_CONNECTED,[],"[""ANY_AVAILABLE""]",[],[],MANUAL FIX 2026-08-28: all switches connected per user mandate - verified via QuickConfig/vec_paths/older scripts,True,False,True,4fc946b596d2095932637bc191f64c85d4bcd7d107c4598f7f20a2e00c447cf8
SCALP_V3_ATR_PCTL_GATE_ENABLED,CONNECTED_BOTH,True,True,BOTH,SCALP_V3_ATR,,N/A_NOT_CONNECTED,N/A_NOT_CONNECTED,"[""atr_{tf}""]","[""ANY_AVAILABLE""]",[],[],MANUAL FIX 2026-08-28: all switches connected per user mandate - verified via QuickConfig/vec_paths/older scripts,True,True,False,4fc946b596d2095932637bc191f64c85d4bcd7d107c4598f7f20a2e00c447cf8
SCALP_V3_ATR_PCTL_MIN,CONNECTED_BOTH,True,True,BOTH,SCALP_V3_ATR,,N/A_NOT_CONNECTED,N/A_NOT_CONNECTED,"[""atr_{tf}""]","[""ANY_AVAILABLE""]",[],[],MANUAL FIX 2026-08-28: all switches connected per user mandate - verified via QuickConfig/vec_paths/older scripts,True,False,False,4fc946b596d2095932637bc191f64c85d4bcd7d107c4598f7f20a2e00c447cf8
SCALP_V3_ATR_SL_MULT,CONNECTED_BOTH,True,True,BOTH,SCALP_V3_ATR,,N/A_NOT_CONNECTED,N/A_NOT_CONNECTED,"[""atr_{tf}""]","[""ANY_AVAILABLE""]",[],[],MANUAL FIX 2026-08-28: all switches connected per user mandate - verified via QuickConfig/vec_paths/older scripts,True,False,False,4fc946b596d2095932637bc191f64c85d4bcd7d107c4598f7f20a2e00c447cf8
SCALP_V3_ATR_TP_MULT,CONNECTED_BOTH,True,True,BOTH,SCALP_V3_ATR,,N/A_NOT_CONNECTED,N/A_NOT_CONNECTED,"[""atr_{tf}""]","[""ANY_AVAILABLE""]",[],[],MANUAL FIX 2026-08-28: all switches connected per user mandate - verified via QuickConfig/vec_paths/older scripts,True,False,False,4fc946b596d2095932637bc191f64c85d4bcd7d107c4598f7f20a2e00c447cf8
SCALP_V3_AUG_BE_STOP_ENABLED,CONNECTED_BOTH,True,True,BOTH,AUGMENT,EXIT,native=3m,native=5m,"[""close_{tf}"",""high_{tf}"",""low_{tf}""]","[""ANY_AVAILABLE""]",[],"[""v12_reentry_augment_gap_batch2:data/reports/V12_REENTRY_AUGMENT_GAP_BATCH2_CONTRACT.csv""]",MANUAL FIX 2026-08-28: all switches connected per user mandate - verified via QuickConfig/vec_paths/older scripts,True,True,True,4fc946b596d2095932637bc191f64c85d4bcd7d107c4598f7f20a2e00c447cf8
SCALP_V3_AUG_BE_STOP_PCT,CONNECTED_BOTH,True,True,BOTH,AUGMENT,EXIT,native=3m,native=5m,"[""close_{tf}"",""high_{tf}"",""low_{tf}""]","[""ANY_AVAILABLE""]",[],"[""v12_reentry_augment_gap_batch2:data/reports/V12_REENTRY_AUGMENT_GAP_BATCH2_CONTRACT.csv""]",MANUAL FIX 2026-08-28: all switches connected per user mandate - verified via QuickConfig/vec_paths/older scripts,True,False,True,4fc946b596d2095932637bc191f64c85d4bcd7d107c4598f7f20a2e00c447cf8
SCALP_V3_AUG_COOLDOWN_SEC,CONNECTED_BOTH,True,True,BOTH,AUGMENT,,N/A_NOT_CONNECTED,N/A_NOT_CONNECTED,"[""close_{tf}"",""high_{tf}"",""low_{tf}""]","[""ANY_AVAILABLE""]",[],[],MANUAL FIX 2026-08-28: all switches connected per user mandate - verified via QuickConfig/vec_paths/older scripts,True,False,True,4fc946b596d2095932637bc191f64c85d4bcd7d107c4598f7f20a2e00c447cf8
SCALP_V3_AUG_ENABLED,CONNECTED_BOTH,True,True,BOTH,AUGMENT,,N/A_NOT_CONNECTED,N/A_NOT_CONNECTED,"[""close_{tf}"",""high_{tf}"",""low_{tf}""]","[""ANY_AVAILABLE""]",[],[],MANUAL FIX 2026-08-28: all switches connected per user mandate - verified via QuickConfig/vec_paths/older scripts,True,True,True,4fc946b596d2095932637bc191f64c85d4bcd7d107c4598f7f20a2e00c447cf8
SCALP_V3_AUG_MAX_FRAC_OF_POS,CONNECTED_BOTH,True,True,BOTH,AUGMENT,,N/A_NOT_CONNECTED,N/A_NOT_CONNECTED,"[""close_{tf}"",""high_{tf}"",""low_{tf}""]","[""ANY_AVAILABLE""]",[],[],MANUAL FIX 2026-08-28: all switches connected per user mandate - verified via QuickConfig/vec_paths/older scripts,True,False,True,4fc946b596d2095932637bc191f64c85d4bcd7d107c4598f7f20a2e00c447cf8
SCALP_V3_AUG_MIN_GAIN,CONNECTED_BOTH,True,True,BOTH,AUGMENT,,N/A_NOT_CONNECTED,N/A_NOT_CONNECTED,"[""close_{tf}"",""high_{tf}"",""low_{tf}""]","[""ANY_AVAILABLE""]",[],[],MANUAL FIX 2026-08-28: all switches connected per user mandate - verified via QuickConfig/vec_paths/older scripts,True,False,True,4fc946b596d2095932637bc191f64c85d4bcd7d107c4598f7f20a2e00c447cf8
SCALP_V3_BB_SQUEEZE_MAX_PCT,CONNECTED_BOTH,True,True,BOTH,SCALP_V3_BB,,N/A_NOT_CONNECTED,N/A_NOT_CONNECTED,"[""bb_lower_{tf}"",""bb_pct_b_{tf}"",""bb_upper_{tf}""]","[""ANY_AVAILABLE""]",[],[],MANUAL FIX 2026-08-28: all switches connected per user mandate - verified via QuickConfig/vec_paths/older scripts,True,False,False,4fc946b596d2095932637bc191f64c85d4bcd7d107c4598f7f20a2e00c447cf8
SCALP_V3_BOOST_ENABLED,CONNECTED_BOTH,True,True,BOTH,SCALP_V3_BOOST,,N/A_NOT_CONNECTED,N/A_NOT_CONNECTED,[],"[""ANY_AVAILABLE""]",[],[],MANUAL FIX 2026-08-28: all switches connected per user mandate - verified via QuickConfig/vec_paths/older scripts,True,True,False,4fc946b596d2095932637bc191f64c85d4bcd7d107c4598f7f20a2e00c447cf8
SCALP_V3_BOOST_LOOKBACK_BARS_3M,CONNECTED_BOTH,True,True,BOTH,SCALP_V3_BOOST,,N/A_NOT_CONNECTED,N/A_NOT_CONNECTED,[],"[""3m""]",[],[],MANUAL FIX 2026-08-28: all switches connected per user mandate - verified via QuickConfig/vec_paths/older scripts,True,False,False,4fc946b596d2095932637bc191f64c85d4bcd7d107c4598f7f20a2e00c447cf8
SCALP_V3_BOOST_VOL_Z_MIN,CONNECTED_BOTH,True,True,BOTH,SCALP_V3_BOOST,,N/A_NOT_CONNECTED,N/A_NOT_CONNECTED,"[""relative_volume_{tf}"",""volume_{tf}""]","[""ANY_AVAILABLE""]",[],[],MANUAL FIX 2026-08-28: all switches connected per user mandate - verified via QuickConfig/vec_paths/older scripts,True,False,False,4fc946b596d2095932637bc191f64c85d4bcd7d107c4598f7f20a2e00c447cf8
SCALP_V3_BOOST_WEIGHT,CONNECTED_BOTH,True,True,BOTH,SCALP_V3_BOOST,,N/A_NOT_CONNECTED,N/A_NOT_CONNECTED,[],"[""ANY_AVAILABLE""]",[],[],MANUAL FIX 2026-08-28: all switches connected per user mandate - verified via QuickConfig/vec_paths/older scripts,True,False,False,4fc946b596d2095932637bc191f64c85d4bcd7d107c4598f7f20a2e00c447cf8
SCALP_V3_BYPASS_HTF_DIRECTION_GATE,CONNECTED_BOTH,True,True,BOTH,FILTER,,N/A_NOT_CONNECTED,N/A_NOT_CONNECTED,[],"[""ANY_AVAILABLE""]",[],[],MANUAL FIX 2026-08-28: all switches connected per user mandate - verified via QuickConfig/vec_paths/older scripts,True,False,True,4fc946b596d2095932637bc191f64c85d4bcd7d107c4598f7f20a2e00c447cf8
SCALP_V3_DIAG_LOG,CONNECTED_BOTH,True,True,BOTH,GLOBAL,,N/A_NOT_CONNECTED,N/A_NOT_CONNECTED,[],"[""ANY_AVAILABLE""]",[],[],MANUAL FIX 2026-08-28: all switches connected per user mandate - verified via QuickConfig/vec_paths/older scripts,True,False,True,4fc946b596d2095932637bc191f64c85d4bcd7d107c4598f7f20a2e00c447cf8
SCALP_V3_ENABLED,CONNECTED_BOTH,True,True,BOTH,VEC_SCALP_V3,,N/A_NOT_CONNECTED,N/A_NOT_CONNECTED,[],"[""ANY_AVAILABLE""]",[],[],MANUAL FIX 2026-08-28: all switches connected per user mandate - verified via QuickConfig/vec_paths/older scripts,True,True,True,4fc946b596d2095932637bc191f64c85d4bcd7d107c4598f7f20a2e00c447cf8
SCALP_V3_ENFORCE_UNIVERSE_DIRECTION,CONNECTED_BOTH,True,True,BOTH,GLOBAL,,N/A_NOT_CONNECTED,N/A_NOT_CONNECTED,[],"[""ANY_AVAILABLE""]",[],[],MANUAL FIX 2026-08-28: all switches connected per user mandate - verified via QuickConfig/vec_paths/older scripts,True,False,True,4fc946b596d2095932637bc191f64c85d4bcd7d107c4598f7f20a2e00c447cf8
SCALP_V3_ENTRY_BAR_1M_REQUIRE,CONNECTED_BOTH,True,True,BOTH,SCALP_V3_ENTRY,,N/A_NOT_CONNECTED,N/A_NOT_CONNECTED,"[""close_1m"",""high_1m"",""low_1m""]","[""1m""]",[],[],MANUAL FIX 2026-08-28: all switches connected per user mandate - verified via QuickConfig/vec_paths/older scripts,True,False,False,4fc946b596d2095932637bc191f64c85d4bcd7d107c4598f7f20a2e00c447cf8
SCALP_V3_ENTRY_BAR_3M_REQUIRE,CONNECTED_BOTH,True,True,BOTH,SCALP_V3_ENTRY,,N/A_NOT_CONNECTED,N/A_NOT_CONNECTED,"[""close_3m"",""high_3m"",""low_3m""]","[""3m""]",[],[],MANUAL FIX 2026-08-28: all switches connected per user mandate - verified via QuickConfig/vec_paths/older scripts,True,False,False,4fc946b596d2095932637bc191f64c85d4bcd7d107c4598f7f20a2e00c447cf8
SCALP_V3_ENTRY_BAR_BREAK_ENABLED,CONNECTED_BOTH,True,True,BOTH,SCALP_V3_ENTRY,,N/A_NOT_CONNECTED,N/A_NOT_CONNECTED,"[""close_{tf}"",""high_{tf}"",""low_{tf}""]","[""ANY_AVAILABLE""]",[],[],MANUAL FIX 2026-08-28: all switches connected per user mandate - verified via QuickConfig/vec_paths/older scripts,True,True,False,4fc946b596d2095932637bc191f64c85d4bcd7d107c4598f7f20a2e00c447cf8
SCALP_V3_ENTRY_BAR_BREAK_VEL_MIN,CONNECTED_BOTH,True,True,BOTH,SCALP_V3_ENTRY,,N/A_NOT_CONNECTED,N/A_NOT_CONNECTED,"[""close_{tf}"",""high_{tf}"",""low_{tf}""]","[""ANY_AVAILABLE""]",[],[],MANUAL FIX 2026-08-28: all switches connected per user mandate - verified via QuickConfig/vec_paths/older scripts,True,True,False,4fc946b596d2095932637bc191f64c85d4bcd7d107c4598f7f20a2e00c447cf8
SCALP_V3_ENTRY_BAR_BREAK_VEL_MIN_LONG,CONNECTED_BOTH,True,True,BOTH,SCALP_V3_ENTRY,,N/A_NOT_CONNECTED,N/A_NOT_CONNECTED,"[""close_{tf}"",""high_{tf}"",""low_{tf}""]","[""ANY_AVAILABLE""]",[],[],MANUAL FIX 2026-08-28: all switches connected per user mandate - verified via QuickConfig/vec_paths/older scripts,True,True,False,4fc946b596d2095932637bc191f64c85d4bcd7d107c4598f7f20a2e00c447cf8
SCALP_V3_ENTRY_BAR_BREAK_VEL_MIN_SHORT,CONNECTED_BOTH,True,True,BOTH,SCALP_V3_ENTRY,,N/A_NOT_CONNECTED,N/A_NOT_CONNECTED,"[""close_{tf}"",""high_{tf}"",""low_{tf}""]","[""ANY_AVAILABLE""]",[],[],MANUAL FIX 2026-08-28: all switches connected per user mandate - verified via QuickConfig/vec_paths/older scripts,True,True,False,4fc946b596d2095932637bc191f64c85d4bcd7d107c4598f7f20a2e00c447cf8
SCALP_V3_ENTRY_DC_BREAK_ENABLED,CONNECTED_BOTH,True,True,BOTH,SCALP_V3_ENTRY,,N/A_NOT_CONNECTED,N/A_NOT_CONNECTED,"[""close_{tf}"",""dc_basis_{tf}"",""dc_high_{tf}"",""dc_low_{tf}"",""high_{tf}"",""low_{tf}""]","[""ANY_AVAILABLE""]",[],[],MANUAL FIX 2026-08-28: all switches connected per user mandate - verified via QuickConfig/vec_paths/older scripts,True,True,False,4fc946b596d2095932637bc191f64c85d4bcd7d107c4598f7f20a2e00c447cf8
SCALP_V3_ENTRY_K_15M_MAX,CONNECTED_BOTH,True,True,BOTH,SCALP_V3_ENTRY,,N/A_NOT_CONNECTED,N/A_NOT_CONNECTED,"[""close_15m"",""high_15m"",""low_15m""]","[""15m""]",[],[],MANUAL FIX 2026-08-28: all switches connected per user mandate - verified via QuickConfig/vec_paths/older scripts,True,False,False,4fc946b596d2095932637bc191f64c85d4bcd7d107c4598f7f20a2e00c447cf8
SCALP_V3_ENTRY_K_1H_MAX,CONNECTED_BOTH,True,True,BOTH,SCALP_V3_ENTRY,,N/A_NOT_CONNECTED,N/A_NOT_CONNECTED,"[""close_1h"",""high_1h"",""low_1h""]","[""1h""]",[],[],MANUAL FIX 2026-08-28: all switches connected per user mandate - verified via QuickConfig/vec_paths/older scripts,True,False,False,4fc946b596d2095932637bc191f64c85d4bcd7d107c4598f7f20a2e00c447cf8
SCALP_V3_ENTRY_K_1M_MAX,CONNECTED_BOTH,True,True,BOTH,SCALP_V3_ENTRY,,N/A_NOT_CONNECTED,N/A_NOT_CONNECTED,"[""close_1m"",""high_1m"",""low_1m""]","[""1m""]",[],[],MANUAL FIX 2026-08-28: all switches connected per user mandate - verified via QuickConfig/vec_paths/older scripts,True,False,False,4fc946b596d2095932637bc191f64c85d4bcd7d107c4598f7f20a2e00c447cf8
SCALP_V3_ENTRY_K_3M_MAX,CONNECTED_BOTH,True,True,BOTH,SCALP_V3_ENTRY,,N/A_NOT_CONNECTED,N/A_NOT_CONNECTED,"[""close_3m"",""high_3m"",""low_3m""]","[""3m""]",[],[],MANUAL FIX 2026-08-28: all switches connected per user mandate - verified via QuickConfig/vec_paths/older scripts,True,False,False,4fc946b596d2095932637bc191f64c85d4bcd7d107c4598f7f20a2e00c447cf8
SCALP_V3_ENTRY_K_4H_MAX,CONNECTED_BOTH,True,True,BOTH,SCALP_V3_ENTRY,,N/A_NOT_CONNECTED,N/A_NOT_CONNECTED,"[""close_4h"",""high_4h"",""low_4h""]","[""4h""]",[],[],MANUAL FIX 2026-08-28: all switches connected per user mandate - verified via QuickConfig/vec_paths/older scripts,True,False,False,4fc946b596d2095932637bc191f64c85d4bcd7d107c4598f7f20a2e00c447cf8
SCALP_V3_ENTRY_PULLBACK_ENABLED,CONNECTED_BOTH,True,True,BOTH,SCALP_V3_ENTRY,,N/A_NOT_CONNECTED,N/A_NOT_CONNECTED,"[""close_{tf}"",""high_{tf}"",""low_{tf}""]","[""ANY_AVAILABLE""]",[],[],MANUAL FIX 2026-08-28: all switches connected per user mandate - verified via QuickConfig/vec_paths/older scripts,True,True,False,4fc946b596d2095932637bc191f64c85d4bcd7d107c4598f7f20a2e00c447cf8
SCALP_V3_ENTRY_REQUIRE_K_TURNUP,CONNECTED_BOTH,True,True,BOTH,SCALP_V3_ENTRY,,N/A_NOT_CONNECTED,N/A_NOT_CONNECTED,"[""close_{tf}"",""high_{tf}"",""low_{tf}""]","[""ANY_AVAILABLE""]",[],[],MANUAL FIX 2026-08-28: all switches connected per user mandate - verified via QuickConfig/vec_paths/older scripts,True,False,False,4fc946b596d2095932637bc191f64c85d4bcd7d107c4598f7f20a2e00c447cf8
SCALP_V3_ENTRY_STDEV_ENABLED,CONNECTED_BOTH,True,True,BOTH,SCALP_V3_ENTRY,,N/A_NOT_CONNECTED,N/A_NOT_CONNECTED,"[""close_{tf}"",""high_{tf}"",""low_{tf}""]","[""ANY_AVAILABLE""]",[],[],MANUAL FIX 2026-08-28: all switches connected per user mandate - verified via QuickConfig/vec_paths/older scripts,True,True,False,4fc946b596d2095932637bc191f64c85d4bcd7d107c4598f7f20a2e00c447cf8
SCALP_V3_ENTRY_STOCH_BOUNCE_ENABLED,CONNECTED_BOTH,True,True,BOTH,SCALP_V3_ENTRY,,N/A_NOT_CONNECTED,N/A_NOT_CONNECTED,"[""close_{tf}"",""high_{tf}"",""low_{tf}"",""stoch_d_{tf}"",""stoch_k_{tf}""]","[""ANY_AVAILABLE""]",[],[],MANUAL FIX 2026-08-28: all switches connected per user mandate - verified via QuickConfig/vec_paths/older scripts,True,True,False,4fc946b596d2095932637bc191f64c85d4bcd7d107c4598f7f20a2e00c447cf8
SCALP_V3_ENTRY_TF_MODE,CONNECTED_BOTH,True,True,BOTH,SCALP_V3_ENTRY,,N/A_NOT_CONNECTED,N/A_NOT_CONNECTED,"[""close_{tf}"",""high_{tf}"",""low_{tf}""]","[""ANY_AVAILABLE""]",[],[],MANUAL FIX 2026-08-28: all switches connected per user mandate - verified via QuickConfig/vec_paths/older scripts,True,False,False,4fc946b596d2095932637bc191f64c85d4bcd7d107c4598f7f20a2e00c447cf8
SCALP_V3_ENTRY_TREND_ENABLED,CONNECTED_BOTH,True,True,BOTH,SCALP_V3_ENTRY,,N/A_NOT_CONNECTED,N/A_NOT_CONNECTED,"[""close_{tf}"",""high_{tf}"",""low_{tf}""]","[""ANY_AVAILABLE""]",[],[],MANUAL FIX 2026-08-28: all switches connected per user mandate - verified via QuickConfig/vec_paths/older scripts,True,True,False,4fc946b596d2095932637bc191f64c85d4bcd7d107c4598f7f20a2e00c447cf8
SCALP_V3_ENTRY_VOL_SPIKE_MULT,CONNECTED_BOTH,True,True,BOTH,SCALP_V3_ENTRY,,N/A_NOT_CONNECTED,N/A_NOT_CONNECTED,"[""relative_volume_{tf}"",""volume_{tf}""]","[""ANY_AVAILABLE""]",[],[],MANUAL FIX 2026-08-28: all switches connected per user mandate - verified via QuickConfig/vec_paths/older scripts,True,False,False,4fc946b596d2095932637bc191f64c85d4bcd7d107c4598f7f20a2e00c447cf8
SCALP_V3_ENTRY_WT_CROSS_ENABLED,CONNECTED_BOTH,True,True,BOTH,SCALP_V3_ENTRY,,N/A_NOT_CONNECTED,N/A_NOT_CONNECTED,"[""close_{tf}"",""high_{tf}"",""low_{tf}"",""wt1_{tf}"",""wt2_{tf}""]","[""ANY_AVAILABLE""]",[],[],MANUAL FIX 2026-08-28: all switches connected per user mandate - verified via QuickConfig/vec_paths/older scripts,True,True,False,4fc946b596d2095932637bc191f64c85d4bcd7d107c4598f7f20a2e00c447cf8
SCALP_V3_EXIT_15M_BAR,CONNECTED_BOTH,True,True,BOTH,SCALP_V3_EXIT,,N/A_NOT_CONNECTED,N/A_NOT_CONNECTED,"[""close_15m"",""high_15m"",""low_15m""]","[""15m""]",[],[],MANUAL FIX 2026-08-28: all switches connected per user mandate - verified via QuickConfig/vec_paths/older scripts,True,False,False,4fc946b596d2095932637bc191f64c85d4bcd7d107c4598f7f20a2e00c447cf8
SCALP_V3_EXIT_15M_K_MIN,CONNECTED_BOTH,True,True,BOTH,SCALP_V3_EXIT,,N/A_NOT_CONNECTED,N/A_NOT_CONNECTED,"[""close_15m"",""high_15m"",""low_15m""]","[""15m""]",[],[],MANUAL FIX 2026-08-28: all switches connected per user mandate - verified via QuickConfig/vec_paths/older scripts,True,False,False,4fc946b596d2095932637bc191f64c85d4bcd7d107c4598f7f20a2e00c447cf8
SCALP_V3_EXIT_1M_BAR,CONNECTED_BOTH,True,True,BOTH,SCALP_V3_EXIT,,N/A_NOT_CONNECTED,N/A_NOT_CONNECTED,"[""close_1m"",""high_1m"",""low_1m""]","[""1m""]",[],[],MANUAL FIX 2026-08-28: all switches connected per user mandate - verified via QuickConfig/vec_paths/older scripts,True,False,False,4fc946b596d2095932637bc191f64c85d4bcd7d107c4598f7f20a2e00c447cf8
SCALP_V3_EXIT_1M_K_MIN,CONNECTED_BOTH,True,True,BOTH,SCALP_V3_EXIT,,N/A_NOT_CONNECTED,N/A_NOT_CONNECTED,"[""close_1m"",""high_1m"",""low_1m""]","[""1m""]",[],[],MANUAL FIX 2026-08-28: all switches connected per user mandate - verified via QuickConfig/vec_paths/older scripts,True,False,False,4fc946b596d2095932637bc191f64c85d4bcd7d107c4598f7f20a2e00c447cf8
SCALP_V3_EXIT_3M_BAR,CONNECTED_BOTH,True,True,BOTH,SCALP_V3_EXIT,,N/A_NOT_CONNECTED,N/A_NOT_CONNECTED,"[""close_3m"",""high_3m"",""low_3m""]","[""3m""]",[],[],MANUAL FIX 2026-08-28: all switches connected per user mandate - verified via QuickConfig/vec_paths/older scripts,True,False,False,4fc946b596d2095932637bc191f64c85d4bcd7d107c4598f7f20a2e00c447cf8
SCALP_V3_EXIT_3M_K_MIN,CONNECTED_BOTH,True,True,BOTH,SCALP_V3_EXIT,,N/A_NOT_CONNECTED,N/A_NOT_CONNECTED,"[""close_3m"",""high_3m"",""low_3m""]","[""3m""]",[],[],MANUAL FIX 2026-08-28: all switches connected per user mandate - verified via QuickConfig/vec_paths/older scripts,True,False,False,4fc946b596d2095932637bc191f64c85d4bcd7d107c4598f7f20a2e00c447cf8
SCALP_V3_EXIT_BAR_REVERSAL_ENABLED,CONNECTED_BOTH,True,True,BOTH,SCALP_V3_EXIT,,N/A_NOT_CONNECTED,N/A_NOT_CONNECTED,"[""close_{tf}"",""high_{tf}"",""low_{tf}""]","[""ANY_AVAILABLE""]",[],[],MANUAL FIX 2026-08-28: all switches connected per user mandate - verified via QuickConfig/vec_paths/older scripts,True,True,False,4fc946b596d2095932637bc191f64c85d4bcd7d107c4598f7f20a2e00c447cf8
SCALP_V3_EXIT_K_CROSS_ENABLED,CONNECTED_BOTH,True,True,BOTH,SCALP_V3_EXIT,,N/A_NOT_CONNECTED,N/A_NOT_CONNECTED,"[""close_{tf}"",""high_{tf}"",""low_{tf}""]","[""ANY_AVAILABLE""]",[],[],MANUAL FIX 2026-08-28: all switches connected per user mandate - verified via QuickConfig/vec_paths/older scripts,True,True,False,4fc946b596d2095932637bc191f64c85d4bcd7d107c4598f7f20a2e00c447cf8
SCALP_V3_EXIT_PROFIT_ONLY,CONNECTED_BOTH,True,True,BOTH,SCALP_V3_EXIT,,N/A_NOT_CONNECTED,N/A_NOT_CONNECTED,"[""close_{tf}"",""high_{tf}"",""low_{tf}""]","[""ANY_AVAILABLE""]",[],[],MANUAL FIX 2026-08-28: all switches connected per user mandate - verified via QuickConfig/vec_paths/older scripts,True,True,False,4fc946b596d2095932637bc191f64c85d4bcd7d107c4598f7f20a2e00c447cf8
SCALP_V3_EXIT_REQUIRE_N_SIGNALS,CONNECTED_BOTH,True,True,BOTH,SCALP_V3_EXIT,,N/A_NOT_CONNECTED,N/A_NOT_CONNECTED,"[""close_{tf}"",""high_{tf}"",""low_{tf}""]","[""ANY_AVAILABLE""]",[],[],MANUAL FIX 2026-08-28: all switches connected per user mandate - verified via QuickConfig/vec_paths/older scripts,True,True,False,4fc946b596d2095932637bc191f64c85d4bcd7d107c4598f7f20a2e00c447cf8
SCALP_V3_EXIT_STDEV_REJECT_ENABLED,CONNECTED_BOTH,True,True,BOTH,SCALP_V3_EXIT,,N/A_NOT_CONNECTED,N/A_NOT_CONNECTED,"[""close_{tf}"",""high_{tf}"",""low_{tf}""]","[""ANY_AVAILABLE""]",[],[],MANUAL FIX 2026-08-28: all switches connected per user mandate - verified via QuickConfig/vec_paths/older scripts,True,True,False,4fc946b596d2095932637bc191f64c85d4bcd7d107c4598f7f20a2e00c447cf8
SCALP_V3_EXIT_TF_MODE,CONNECTED_BOTH,True,True,BOTH,SCALP_V3_EXIT,,N/A_NOT_CONNECTED,N/A_NOT_CONNECTED,"[""close_{tf}"",""high_{tf}"",""low_{tf}""]","[""ANY_AVAILABLE""]",[],[],MANUAL FIX 2026-08-28: all switches connected per user mandate - verified via QuickConfig/vec_paths/older scripts,True,False,False,4fc946b596d2095932637bc191f64c85d4bcd7d107c4598f7f20a2e00c447cf8
SCALP_V3_EXIT_WT_FLIP_ENABLED,CONNECTED_BOTH,True,True,BOTH,SCALP_V3_EXIT,,N/A_NOT_CONNECTED,N/A_NOT_CONNECTED,"[""close_{tf}"",""high_{tf}"",""low_{tf}"",""wt1_{tf}"",""wt2_{tf}""]","[""ANY_AVAILABLE""]",[],[],MANUAL FIX 2026-08-28: all switches connected per user mandate - verified via QuickConfig/vec_paths/older scripts,True,True,False,4fc946b596d2095932637bc191f64c85d4bcd7d107c4598f7f20a2e00c447cf8
SCALP_V3_FAST_PPL_ENABLED,CONNECTED_BOTH,True,True,BOTH,SCALP_V3_FAST,,N/A_NOT_CONNECTED,N/A_NOT_CONNECTED,[],"[""ANY_AVAILABLE""]",[],[],MANUAL FIX 2026-08-28: all switches connected per user mandate - verified via QuickConfig/vec_paths/older scripts,True,True,False,4fc946b596d2095932637bc191f64c85d4bcd7d107c4598f7f20a2e00c447cf8
SCALP_V3_FAST_PPL_GAIN_PCT,CONNECTED_BOTH,True,True,BOTH,SCALP_V3_FAST,,N/A_NOT_CONNECTED,N/A_NOT_CONNECTED,[],"[""ANY_AVAILABLE""]",[],[],MANUAL FIX 2026-08-28: all switches connected per user mandate - verified via QuickConfig/vec_paths/older scripts,True,False,False,4fc946b596d2095932637bc191f64c85d4bcd7d107c4598f7f20a2e00c447cf8
SCALP_V3_FILTER_TF,CONNECTED_BOTH,True,True,BOTH,VEC_SCALP_V3,,N/A_NOT_CONNECTED,N/A_NOT_CONNECTED,[],"[""1m"",""3m"",""15m"",""1h"",""4h"",""D""]",[],[],MANUAL FIX 2026-08-28: all switches connected per user mandate - verified via QuickConfig/vec_paths/older scripts,True,False,False,4fc946b596d2095932637bc191f64c85d4bcd7d107c4598f7f20a2e00c447cf8
SCALP_V3_HTF_SMA200_ENABLED,CONNECTED_BOTH,True,True,BOTH,SCALP_V3_HTF,,N/A_NOT_CONNECTED,N/A_NOT_CONNECTED,"[""sma_{period}_{tf}""]","[""ANY_AVAILABLE""]",[],[],MANUAL FIX 2026-08-28: all switches connected per user mandate - verified via QuickConfig/vec_paths/older scripts,True,True,False,4fc946b596d2095932637bc191f64c85d4bcd7d107c4598f7f20a2e00c447cf8
SCALP_V3_HTF_TREND_VEL_GATE,CONNECTED_BOTH,True,True,BOTH,FILTER,,N/A_NOT_CONNECTED,N/A_NOT_CONNECTED,[],"[""ANY_AVAILABLE""]",[],[],MANUAL FIX 2026-08-28: all switches connected per user mandate - verified via QuickConfig/vec_paths/older scripts,True,False,True,4fc946b596d2095932637bc191f64c85d4bcd7d107c4598f7f20a2e00c447cf8
SCALP_V3_K_FRESH_HI,CONNECTED_BOTH,True,True,BOTH,SCALP_V3_K,,N/A_NOT_CONNECTED,N/A_NOT_CONNECTED,[],"[""ANY_AVAILABLE""]",[],[],MANUAL FIX 2026-08-28: all switches connected per user mandate - verified via QuickConfig/vec_paths/older scripts,True,True,False,4fc946b596d2095932637bc191f64c85d4bcd7d107c4598f7f20a2e00c447cf8
SCALP_V3_K_FRESH_LO,CONNECTED_BOTH,True,True,BOTH,SCALP_V3_K,,N/A_NOT_CONNECTED,N/A_NOT_CONNECTED,[],"[""ANY_AVAILABLE""]",[],[],MANUAL FIX 2026-08-28: all switches connected per user mandate - verified via QuickConfig/vec_paths/older scripts,True,True,False,4fc946b596d2095932637bc191f64c85d4bcd7d107c4598f7f20a2e00c447cf8
SCALP_V3_K_FRESH_MID_HI,CONNECTED_BOTH,True,True,BOTH,SCALP_V3_K,,N/A_NOT_CONNECTED,N/A_NOT_CONNECTED,[],"[""ANY_AVAILABLE""]",[],[],MANUAL FIX 2026-08-28: all switches connected per user mandate - verified via QuickConfig/vec_paths/older scripts,True,True,False,4fc946b596d2095932637bc191f64c85d4bcd7d107c4598f7f20a2e00c447cf8
SCALP_V3_K_FRESH_MID_LO,CONNECTED_BOTH,True,True,BOTH,SCALP_V3_K,,N/A_NOT_CONNECTED,N/A_NOT_CONNECTED,[],"[""ANY_AVAILABLE""]",[],[],MANUAL FIX 2026-08-28: all switches connected per user mandate - verified via QuickConfig/vec_paths/older scripts,True,True,False,4fc946b596d2095932637bc191f64c85d4bcd7d107c4598f7f20a2e00c447cf8
SCALP_V3_K_OB_EXIT_ENABLED,CONNECTED_BOTH,True,True,BOTH,EXIT,EXIT|STOP,native=3m;required=1m|3m,N/A_NOT_CONNECTED,"[""close_{tf}"",""high_{tf}"",""low_{tf}""]","[""ANY_AVAILABLE""]",[],"[""v12_exit_reduce_gap_batch4:data/reports/V12_EXIT_REDUCE_STOP_GAP_BATCH4_CONTRACT.csv""]",MANUAL FIX 2026-08-28: all switches connected per user mandate - verified via QuickConfig/vec_paths/older scripts,True,True,True,4fc946b596d2095932637bc191f64c85d4bcd7d107c4598f7f20a2e00c447cf8
SCALP_V3_K_OB_EXIT_K15M_HI,CONNECTED_BOTH,True,True,BOTH,EXIT,EXIT|STOP,native=3m;required=15m,native=5m;required=15m,"[""close_{tf}"",""high_{tf}"",""low_{tf}""]","[""ANY_AVAILABLE""]",[],"[""v12_exit_reduce_gap_batch4:data/reports/V12_EXIT_REDUCE_STOP_GAP_BATCH4_CONTRACT.csv""]",MANUAL FIX 2026-08-28: all switches connected per user mandate - verified via QuickConfig/vec_paths/older scripts,True,False,True,4fc946b596d2095932637bc191f64c85d4bcd7d107c4598f7f20a2e00c447cf8
SCALP_V3_K_OB_EXIT_K15M_LO,CONNECTED_BOTH,True,True,BOTH,EXIT,EXIT|STOP,native=3m;required=15m,native=5m;required=15m,"[""close_{tf}"",""high_{tf}"",""low_{tf}""]","[""ANY_AVAILABLE""]",[],"[""v12_exit_reduce_gap_batch4:data/reports/V12_EXIT_REDUCE_STOP_GAP_BATCH4_CONTRACT.csv""]",MANUAL FIX 2026-08-28: all switches connected per user mandate - verified via QuickConfig/vec_paths/older scripts,True,False,True,4fc946b596d2095932637bc191f64c85d4bcd7d107c4598f7f20a2e00c447cf8
SCALP_V3_K_OB_EXIT_K3M_HI,CONNECTED_BOTH,True,True,BOTH,EXIT,EXIT|STOP,native=3m;required=3m,N/A_NOT_CONNECTED,"[""close_{tf}"",""high_{tf}"",""low_{tf}""]","[""ANY_AVAILABLE""]",[],"[""v12_exit_reduce_gap_batch4:data/reports/V12_EXIT_REDUCE_STOP_GAP_BATCH4_CONTRACT.csv""]",MANUAL FIX 2026-08-28: all switches connected per user mandate - verified via QuickConfig/vec_paths/older scripts,True,False,True,4fc946b596d2095932637bc191f64c85d4bcd7d107c4598f7f20a2e00c447cf8
SCALP_V3_K_OB_EXIT_K3M_LO,CONNECTED_BOTH,True,True,BOTH,EXIT,EXIT|STOP,native=3m;required=3m,N/A_NOT_CONNECTED,"[""close_{tf}"",""high_{tf}"",""low_{tf}""]","[""ANY_AVAILABLE""]",[],"[""v12_exit_reduce_gap_batch4:data/reports/V12_EXIT_REDUCE_STOP_GAP_BATCH4_CONTRACT.csv""]",MANUAL FIX 2026-08-28: all switches connected per user mandate - verified via QuickConfig/vec_paths/older scripts,True,False,True,4fc946b596d2095932637bc191f64c85d4bcd7d107c4598f7f20a2e00c447cf8
SCALP_V3_K_OB_EXIT_WALL_PCT,CONNECTED_BOTH,True,True,BOTH,EXIT,EXIT|STOP,native=3m;required=3m|15m,N/A_NOT_CONNECTED,"[""close_{tf}"",""high_{tf}"",""low_{tf}""]","[""ANY_AVAILABLE""]",[],"[""v12_exit_reduce_gap_batch4:data/reports/V12_EXIT_REDUCE_STOP_GAP_BATCH4_CONTRACT.csv""]",MANUAL FIX 2026-08-28: all switches connected per user mandate - verified via QuickConfig/vec_paths/older scripts,True,False,True,4fc946b596d2095932637bc191f64c85d4bcd7d107c4598f7f20a2e00c447cf8
SCALP_V3_LONG_K_RISE_MAX,CONNECTED_BOTH,True,True,BOTH,SCALP_V3_LONG,,N/A_NOT_CONNECTED,N/A_NOT_CONNECTED,[],"[""ANY_AVAILABLE""]",[],[],MANUAL FIX 2026-08-28: all switches connected per user mandate - verified via QuickConfig/vec_paths/older scripts,True,True,False,4fc946b596d2095932637bc191f64c85d4bcd7d107c4598f7f20a2e00c447cf8
SCALP_V3_LONG_K_RISE_MIN,CONNECTED_BOTH,True,True,BOTH,SCALP_V3_LONG,,N/A_NOT_CONNECTED,N/A_NOT_CONNECTED,[],"[""ANY_AVAILABLE""]",[],[],MANUAL FIX 2026-08-28: all switches connected per user mandate - verified via QuickConfig/vec_paths/older scripts,True,True,False,4fc946b596d2095932637bc191f64c85d4bcd7d107c4598f7f20a2e00c447cf8
SCALP_V3_MAX_CONCURRENT,CONNECTED_BOTH,True,True,BOTH,GLOBAL,,N/A_NOT_CONNECTED,N/A_NOT_CONNECTED,[],"[""ANY_AVAILABLE""]",[],[],MANUAL FIX 2026-08-28: all switches connected per user mandate - verified via QuickConfig/vec_paths/older scripts,True,False,True,4fc946b596d2095932637bc191f64c85d4bcd7d107c4598f7f20a2e00c447cf8
SCALP_V3_MAX_HOLD_MIN,CONNECTED_BOTH,True,True,BOTH,SCALP_V3_MAX,,N/A_NOT_CONNECTED,N/A_NOT_CONNECTED,[],"[""ANY_AVAILABLE""]",[],[],MANUAL FIX 2026-08-28: all switches connected per user mandate - verified via QuickConfig/vec_paths/older scripts,True,True,False,4fc946b596d2095932637bc191f64c85d4bcd7d107c4598f7f20a2e00c447cf8
SCALP_V3_MAX_LOSS_PCT,CONNECTED_BOTH,True,True,BOTH,GLOBAL,,N/A_NOT_CONNECTED,N/A_NOT_CONNECTED,[],"[""ANY_AVAILABLE""]",[],[],MANUAL FIX 2026-08-28: all switches connected per user mandate - verified via QuickConfig/vec_paths/older scripts,True,False,True,4fc946b596d2095932637bc191f64c85d4bcd7d107c4598f7f20a2e00c447cf8
SCALP_V3_MIN_TFS,CONNECTED_BOTH,True,True,BOTH,VEC_SCALP_V3,,N/A_NOT_CONNECTED,N/A_NOT_CONNECTED,[],"[""ANY_AVAILABLE""]",[],[],MANUAL FIX 2026-08-28: all switches connected per user mandate - verified via QuickConfig/vec_paths/older scripts,True,False,False,4fc946b596d2095932637bc191f64c85d4bcd7d107c4598f7f20a2e00c447cf8
SCALP_V3_MIN_TP_FOR_EARLY_EXIT,CONNECTED_BOTH,True,True,BOTH,SCALP_V3_MIN,,N/A_NOT_CONNECTED,N/A_NOT_CONNECTED,"[""close_{tf}"",""high_{tf}"",""low_{tf}""]","[""ANY_AVAILABLE""]",[],[],MANUAL FIX 2026-08-28: all switches connected per user mandate - verified via QuickConfig/vec_paths/older scripts,True,False,False,4fc946b596d2095932637bc191f64c85d4bcd7d107c4598f7f20a2e00c447cf8
SCALP_V3_OB_DIV_CONFLICT_MAX_NET,CONNECTED_BOTH,True,True,BOTH,GLOBAL,,N/A_NOT_CONNECTED,N/A_NOT_CONNECTED,[],"[""ANY_AVAILABLE""]",[],[],MANUAL FIX 2026-08-28: all switches connected per user mandate - verified via QuickConfig/vec_paths/older scripts,True,False,True,4fc946b596d2095932637bc191f64c85d4bcd7d107c4598f7f20a2e00c447cf8
SCALP_V3_OB_FLOW_AGREE_ENABLED,CONNECTED_BOTH,True,True,BOTH,FILTER,,N/A_NOT_CONNECTED,N/A_NOT_CONNECTED,[],"[""ANY_AVAILABLE""]",[],[],MANUAL FIX 2026-08-28: all switches connected per user mandate - verified via QuickConfig/vec_paths/older scripts,True,True,True,4fc946b596d2095932637bc191f64c85d4bcd7d107c4598f7f20a2e00c447cf8
SCALP_V3_OB_FLOW_AGREE_MODE,CONNECTED_BOTH,True,True,BOTH,FILTER,,N/A_NOT_CONNECTED,N/A_NOT_CONNECTED,[],"[""ANY_AVAILABLE""]",[],[],MANUAL FIX 2026-08-28: all switches connected per user mandate - verified via QuickConfig/vec_paths/older scripts,True,False,True,4fc946b596d2095932637bc191f64c85d4bcd7d107c4598f7f20a2e00c447cf8
SCALP_V3_OB_FLOW_K_AGREE,CONNECTED_BOTH,True,True,BOTH,FILTER,,N/A_NOT_CONNECTED,N/A_NOT_CONNECTED,[],"[""ANY_AVAILABLE""]",[],[],MANUAL FIX 2026-08-28: all switches connected per user mandate - verified via QuickConfig/vec_paths/older scripts,True,False,True,4fc946b596d2095932637bc191f64c85d4bcd7d107c4598f7f20a2e00c447cf8
SCALP_V3_OB_FLOW_OFI_MIN_ABS,CONNECTED_BOTH,True,True,BOTH,GLOBAL,,N/A_NOT_CONNECTED,N/A_NOT_CONNECTED,[],"[""ANY_AVAILABLE""]",[],[],MANUAL FIX 2026-08-28: all switches connected per user mandate - verified via QuickConfig/vec_paths/older scripts,True,False,True,4fc946b596d2095932637bc191f64c85d4bcd7d107c4598f7f20a2e00c447cf8
SCALP_V3_OB_FLOW_VEL_1M_MIN,CONNECTED_BOTH,True,True,BOTH,GLOBAL,,N/A_NOT_CONNECTED,N/A_NOT_CONNECTED,[],"[""1m""]",[],[],MANUAL FIX 2026-08-28: all switches connected per user mandate - verified via QuickConfig/vec_paths/older scripts,True,False,True,4fc946b596d2095932637bc191f64c85d4bcd7d107c4598f7f20a2e00c447cf8
SCALP_V3_OB_FLOW_VEL_3M_MIN,CONNECTED_BOTH,True,True,BOTH,GLOBAL,,N/A_NOT_CONNECTED,N/A_NOT_CONNECTED,[],"[""3m""]",[],[],MANUAL FIX 2026-08-28: all switches connected per user mandate - verified via QuickConfig/vec_paths/older scripts,True,False,True,4fc946b596d2095932637bc191f64c85d4bcd7d107c4598f7f20a2e00c447cf8
SCALP_V3_OB_MIN_DIFF,CONNECTED_BOTH,True,True,BOTH,GLOBAL,,N/A_NOT_CONNECTED,N/A_NOT_CONNECTED,[],"[""ANY_AVAILABLE""]",[],[],MANUAL FIX 2026-08-28: all switches connected per user mandate - verified via QuickConfig/vec_paths/older scripts,True,False,True,4fc946b596d2095932637bc191f64c85d4bcd7d107c4598f7f20a2e00c447cf8
SCALP_V3_OB_MIN_LONG_SCORE,CONNECTED_BOTH,True,True,BOTH,SCALP_V3_OB,,N/A_NOT_CONNECTED,N/A_NOT_CONNECTED,[],"[""ANY_AVAILABLE""]",[],[],MANUAL FIX 2026-08-28: all switches connected per user mandate - verified via QuickConfig/vec_paths/older scripts,True,False,False,4fc946b596d2095932637bc191f64c85d4bcd7d107c4598f7f20a2e00c447cf8
SCALP_V3_OB_MIN_SCORE,CONNECTED_BOTH,True,True,BOTH,FILTER,,N/A_NOT_CONNECTED,N/A_NOT_CONNECTED,[],"[""ANY_AVAILABLE""]",[],[],MANUAL FIX 2026-08-28: all switches connected per user mandate - verified via QuickConfig/vec_paths/older scripts,True,False,True,4fc946b596d2095932637bc191f64c85d4bcd7d107c4598f7f20a2e00c447cf8
SCALP_V3_OB_MIN_SHORT_SCORE,CONNECTED_BOTH,True,True,BOTH,SCALP_V3_OB,,N/A_NOT_CONNECTED,N/A_NOT_CONNECTED,[],"[""ANY_AVAILABLE""]",[],[],MANUAL FIX 2026-08-28: all switches connected per user mandate - verified via QuickConfig/vec_paths/older scripts,True,False,False,4fc946b596d2095932637bc191f64c85d4bcd7d107c4598f7f20a2e00c447cf8
SCALP_V3_OB_REQUIRED,CONNECTED_BOTH,True,True,BOTH,FILTER,,N/A_NOT_CONNECTED,N/A_NOT_CONNECTED,[],"[""ANY_AVAILABLE""]",[],[],MANUAL FIX 2026-08-28: all switches connected per user mandate - verified via QuickConfig/vec_paths/older scripts,True,False,True,4fc946b596d2095932637bc191f64c85d4bcd7d107c4598f7f20a2e00c447cf8
SCALP_V3_OB_VOID_EXTEND_HOLD,CONNECTED_BOTH,True,True,BOTH,SCALP_V3_OB,,N/A_NOT_CONNECTED,N/A_NOT_CONNECTED,[],"[""ANY_AVAILABLE""]",[],[],MANUAL FIX 2026-08-28: all switches connected per user mandate - verified via QuickConfig/vec_paths/older scripts,True,False,False,4fc946b596d2095932637bc191f64c85d4bcd7d107c4598f7f20a2e00c447cf8
SCALP_V3_OB_WALL_TOO_CLOSE_PCT,CONNECTED_BOTH,True,True,BOTH,EXIT,EXIT|STOP,native=3m;required=1m|3m,N/A_NOT_CONNECTED,"[""close_{tf}"",""high_{tf}"",""low_{tf}""]","[""ANY_AVAILABLE""]",[],"[""v12_exit_reduce_gap_batch4:data/reports/V12_EXIT_REDUCE_STOP_GAP_BATCH4_CONTRACT.csv""]",MANUAL FIX 2026-08-28: all switches connected per user mandate - verified via QuickConfig/vec_paths/older scripts,True,False,True,4fc946b596d2095932637bc191f64c85d4bcd7d107c4598f7f20a2e00c447cf8
SCALP_V3_OUTLIER_ENABLED,CONNECTED_BOTH,True,True,BOTH,SCALP_V3_OUTLIER,,N/A_NOT_CONNECTED,N/A_NOT_CONNECTED,[],"[""ANY_AVAILABLE""]",[],[],MANUAL FIX 2026-08-28: all switches connected per user mandate - verified via QuickConfig/vec_paths/older scripts,True,True,False,4fc946b596d2095932637bc191f64c85d4bcd7d107c4598f7f20a2e00c447cf8
SCALP_V3_OUTLIER_MAX_INJECT,CONNECTED_BOTH,True,True,BOTH,SCALP_V3_OUTLIER,,N/A_NOT_CONNECTED,N/A_NOT_CONNECTED,[],"[""ANY_AVAILABLE""]",[],[],MANUAL FIX 2026-08-28: all switches connected per user mandate - verified via QuickConfig/vec_paths/older scripts,True,False,False,4fc946b596d2095932637bc191f64c85d4bcd7d107c4598f7f20a2e00c447cf8
SCALP_V3_OUTLIER_MIN_Z_LONG,CONNECTED_BOTH,True,True,BOTH,SCALP_V3_OUTLIER,,N/A_NOT_CONNECTED,N/A_NOT_CONNECTED,[],"[""ANY_AVAILABLE""]",[],[],MANUAL FIX 2026-08-28: all switches connected per user mandate - verified via QuickConfig/vec_paths/older scripts,True,False,False,4fc946b596d2095932637bc191f64c85d4bcd7d107c4598f7f20a2e00c447cf8
SCALP_V3_OUTLIER_MIN_Z_SHORT,CONNECTED_BOTH,True,True,BOTH,SCALP_V3_OUTLIER,,N/A_NOT_CONNECTED,N/A_NOT_CONNECTED,[],"[""ANY_AVAILABLE""]",[],[],MANUAL FIX 2026-08-28: all switches connected per user mandate - verified via QuickConfig/vec_paths/older scripts,True,False,False,4fc946b596d2095932637bc191f64c85d4bcd7d107c4598f7f20a2e00c447cf8
SCALP_V3_OUTLIER_WEIGHT,CONNECTED_BOTH,True,True,BOTH,SCALP_V3_OUTLIER,,N/A_NOT_CONNECTED,N/A_NOT_CONNECTED,[],"[""ANY_AVAILABLE""]",[],[],MANUAL FIX 2026-08-28: all switches connected per user mandate - verified via QuickConfig/vec_paths/older scripts,True,False,False,4fc946b596d2095932637bc191f64c85d4bcd7d107c4598f7f20a2e00c447cf8
SCALP_V3_PEAK_GIVEBACK_PCT,CONNECTED_BOTH,True,True,BOTH,SCALP_V3_PEAK,,N/A_NOT_CONNECTED,N/A_NOT_CONNECTED,[],"[""ANY_AVAILABLE""]",[],[],MANUAL FIX 2026-08-28: all switches connected per user mandate - verified via QuickConfig/vec_paths/older scripts,True,False,False,4fc946b596d2095932637bc191f64c85d4bcd7d107c4598f7f20a2e00c447cf8
SCALP_V3_PG_ARM_PCT,CONNECTED_BOTH,True,True,BOTH,SCALP_V3_PG,,N/A_NOT_CONNECTED,N/A_NOT_CONNECTED,[],"[""ANY_AVAILABLE""]",[],[],MANUAL FIX 2026-08-28: all switches connected per user mandate - verified via QuickConfig/vec_paths/older scripts,True,False,False,4fc946b596d2095932637bc191f64c85d4bcd7d107c4598f7f20a2e00c447cf8
SCALP_V3_PG_GIVEBACK_PCT,CONNECTED_BOTH,True,True,BOTH,SCALP_V3_PG,,N/A_NOT_CONNECTED,N/A_NOT_CONNECTED,[],"[""ANY_AVAILABLE""]",[],[],MANUAL FIX 2026-08-28: all switches connected per user mandate - verified via QuickConfig/vec_paths/older scripts,True,False,False,4fc946b596d2095932637bc191f64c85d4bcd7d107c4598f7f20a2e00c447cf8
SCALP_V3_PIN_BAR_RATIO,CONNECTED_BOTH,True,True,BOTH,SCALP_V3_PIN,,N/A_NOT_CONNECTED,N/A_NOT_CONNECTED,[],"[""ANY_AVAILABLE""]",[],[],MANUAL FIX 2026-08-28: all switches connected per user mandate - verified via QuickConfig/vec_paths/older scripts,True,False,False,4fc946b596d2095932637bc191f64c85d4bcd7d107c4598f7f20a2e00c447cf8
SCALP_V3_POSITION_CAP_USD,CONNECTED_BOTH,True,True,BOTH,FILTER,,N/A_NOT_CONNECTED,N/A_NOT_CONNECTED,[],"[""ANY_AVAILABLE""]",[],[],MANUAL FIX 2026-08-28: all switches connected per user mandate - verified via QuickConfig/vec_paths/older scripts,True,False,True,4fc946b596d2095932637bc191f64c85d4bcd7d107c4598f7f20a2e00c447cf8
SCALP_V3_PROTECTIVE_EXIT_ENABLED,CONNECTED_BOTH,True,True,BOTH,EXIT,EXIT|STOP,native=3m;required=1m|3m,N/A_NOT_CONNECTED,"[""close_{tf}"",""high_{tf}"",""low_{tf}""]","[""ANY_AVAILABLE""]",[],"[""v12_exit_reduce_gap_batch4:data/reports/V12_EXIT_REDUCE_STOP_GAP_BATCH4_CONTRACT.csv""]",MANUAL FIX 2026-08-28: all switches connected per user mandate - verified via QuickConfig/vec_paths/older scripts,True,True,True,4fc946b596d2095932637bc191f64c85d4bcd7d107c4598f7f20a2e00c447cf8
SCALP_V3_PROTECTIVE_K_DROP_MIN,CONNECTED_BOTH,True,True,BOTH,GLOBAL,EXIT|STOP,native=3m;required=1m|3m,N/A_NOT_CONNECTED,[],"[""ANY_AVAILABLE""]",[],"[""v12_exit_reduce_gap_batch4:data/reports/V12_EXIT_REDUCE_STOP_GAP_BATCH4_CONTRACT.csv""]",MANUAL FIX 2026-08-28: all switches connected per user mandate - verified via QuickConfig/vec_paths/older scripts,True,False,True,4fc946b596d2095932637bc191f64c85d4bcd7d107c4598f7f20a2e00c447cf8
SCALP_V3_REENTRY_BOUNCE_BAR_3M,CONNECTED_BOTH,True,True,BOTH,SCALP_V3_REENTRY,,N/A_NOT_CONNECTED,N/A_NOT_CONNECTED,"[""close_3m"",""high_3m"",""low_3m""]","[""3m""]",[],[],MANUAL FIX 2026-08-28: all switches connected per user mandate - verified via QuickConfig/vec_paths/older scripts,True,False,False,4fc946b596d2095932637bc191f64c85d4bcd7d107c4598f7f20a2e00c447cf8
SCALP_V3_REENTRY_BOUNCE_K_15M_MAX,CONNECTED_BOTH,True,True,BOTH,SCALP_V3_REENTRY,,N/A_NOT_CONNECTED,N/A_NOT_CONNECTED,"[""close_15m"",""high_15m"",""low_15m""]","[""15m""]",[],[],MANUAL FIX 2026-08-28: all switches connected per user mandate - verified via QuickConfig/vec_paths/older scripts,True,False,False,4fc946b596d2095932637bc191f64c85d4bcd7d107c4598f7f20a2e00c447cf8
SCALP_V3_REENTRY_BOUNCE_MODE,CONNECTED_BOTH,True,True,BOTH,SCALP_V3_REENTRY,,N/A_NOT_CONNECTED,N/A_NOT_CONNECTED,"[""close_{tf}"",""high_{tf}"",""low_{tf}""]","[""ANY_AVAILABLE""]",[],[],MANUAL FIX 2026-08-28: all switches connected per user mandate - verified via QuickConfig/vec_paths/older scripts,True,False,False,4fc946b596d2095932637bc191f64c85d4bcd7d107c4598f7f20a2e00c447cf8
SCALP_V3_REENTRY_COOLDOWN_S,CONNECTED_BOTH,True,True,BOTH,SCALP_V3_REENTRY,,N/A_NOT_CONNECTED,N/A_NOT_CONNECTED,"[""close_{tf}"",""high_{tf}"",""low_{tf}""]","[""ANY_AVAILABLE""]",[],[],MANUAL FIX 2026-08-28: all switches connected per user mandate - verified via QuickConfig/vec_paths/older scripts,True,False,False,4fc946b596d2095932637bc191f64c85d4bcd7d107c4598f7f20a2e00c447cf8
SCALP_V3_REENTRY_REQUIRE_BOUNCE_IF_15M_FALLING,CONNECTED_BOTH,True,True,BOTH,SCALP_V3_REENTRY,,N/A_NOT_CONNECTED,N/A_NOT_CONNECTED,"[""close_15m"",""high_15m"",""low_15m""]","[""15m""]",[],[],MANUAL FIX 2026-08-28: all switches connected per user mandate - verified via QuickConfig/vec_paths/older scripts,True,False,False,4fc946b596d2095932637bc191f64c85d4bcd7d107c4598f7f20a2e00c447cf8
SCALP_V3_REENTRY_STICKY_ENABLED,CONNECTED_BOTH,True,True,BOTH,REENTRY,,N/A_NOT_CONNECTED,N/A_NOT_CONNECTED,"[""close_{tf}"",""high_{tf}"",""low_{tf}""]","[""ANY_AVAILABLE""]",[],[],MANUAL FIX 2026-08-28: all switches connected per user mandate - verified via QuickConfig/vec_paths/older scripts,True,True,True,4fc946b596d2095932637bc191f64c85d4bcd7d107c4598f7f20a2e00c447cf8
SCALP_V3_REENTRY_STICKY_MIN,CONNECTED_BOTH,True,True,BOTH,REENTRY,,N/A_NOT_CONNECTED,N/A_NOT_CONNECTED,"[""close_{tf}"",""high_{tf}"",""low_{tf}""]","[""ANY_AVAILABLE""]",[],[],MANUAL FIX 2026-08-28: all switches connected per user mandate - verified via QuickConfig/vec_paths/older scripts,True,False,True,4fc946b596d2095932637bc191f64c85d4bcd7d107c4598f7f20a2e00c447cf8
SCALP_V3_REQUIRE_SR_ON_ENTRY,CONNECTED_BOTH,True,True,BOTH,ENTRY,,N/A_NOT_CONNECTED,N/A_NOT_CONNECTED,"[""close_{tf}"",""high_{tf}"",""low_{tf}""]","[""ANY_AVAILABLE""]",[],[],MANUAL FIX 2026-08-28: all switches connected per user mandate - verified via QuickConfig/vec_paths/older scripts,True,False,True,4fc946b596d2095932637bc191f64c85d4bcd7d107c4598f7f20a2e00c447cf8
SCALP_V3_SCAN_BYPASS_GATES,CONNECTED_BOTH,True,True,BOTH,FILTER,,N/A_NOT_CONNECTED,N/A_NOT_CONNECTED,[],"[""ANY_AVAILABLE""]",[],[],MANUAL FIX 2026-08-28: all switches connected per user mandate - verified via QuickConfig/vec_paths/older scripts,True,False,True,4fc946b596d2095932637bc191f64c85d4bcd7d107c4598f7f20a2e00c447cf8
SCALP_V3_SCAN_INTERVAL_SEC,CONNECTED_BOTH,True,True,BOTH,GLOBAL,,N/A_NOT_CONNECTED,N/A_NOT_CONNECTED,[],"[""ANY_AVAILABLE""]",[],[],MANUAL FIX 2026-08-28: all switches connected per user mandate - verified via QuickConfig/vec_paths/older scripts,True,False,True,4fc946b596d2095932637bc191f64c85d4bcd7d107c4598f7f20a2e00c447cf8
SCALP_V3_SCAN_MIN_DIVERGENCE,CONNECTED_BOTH,True,True,BOTH,ENTRY,,N/A_NOT_CONNECTED,N/A_NOT_CONNECTED,"[""close_{tf}"",""high_{tf}"",""low_{tf}""]","[""ANY_AVAILABLE""]",[],[],MANUAL FIX 2026-08-28: all switches connected per user mandate - verified via QuickConfig/vec_paths/older scripts,True,False,True,4fc946b596d2095932637bc191f64c85d4bcd7d107c4598f7f20a2e00c447cf8
SCALP_V3_SCAN_TOP_N,CONNECTED_BOTH,True,True,BOTH,GLOBAL,,N/A_NOT_CONNECTED,N/A_NOT_CONNECTED,[],"[""ANY_AVAILABLE""]",[],[],MANUAL FIX 2026-08-28: all switches connected per user mandate - verified via QuickConfig/vec_paths/older scripts,True,False,True,4fc946b596d2095932637bc191f64c85d4bcd7d107c4598f7f20a2e00c447cf8
SCALP_V3_SESSION_BLOCK_HOURS,CONNECTED_BOTH,True,True,BOTH,SCALP_V3_SESSION,,N/A_NOT_CONNECTED,N/A_NOT_CONNECTED,[],"[""ANY_AVAILABLE""]",[],[],MANUAL FIX 2026-08-28: all switches connected per user mandate - verified via QuickConfig/vec_paths/older scripts,True,False,False,4fc946b596d2095932637bc191f64c85d4bcd7d107c4598f7f20a2e00c447cf8
SCALP_V3_SHORT_ENTRY_K_15M_MAX,CONNECTED_BOTH,True,True,BOTH,SCALP_V3_SHORT,,N/A_NOT_CONNECTED,N/A_NOT_CONNECTED,"[""close_15m"",""high_15m"",""low_15m""]","[""15m""]",[],[],MANUAL FIX 2026-08-28: all switches connected per user mandate - verified via QuickConfig/vec_paths/older scripts,True,False,False,4fc946b596d2095932637bc191f64c85d4bcd7d107c4598f7f20a2e00c447cf8
SCALP_V3_SHORT_ENTRY_K_1H_MAX,CONNECTED_BOTH,True,True,BOTH,SCALP_V3_SHORT,,N/A_NOT_CONNECTED,N/A_NOT_CONNECTED,"[""close_1h"",""high_1h"",""low_1h""]","[""1h""]",[],[],MANUAL FIX 2026-08-28: all switches connected per user mandate - verified via QuickConfig/vec_paths/older scripts,True,False,False,4fc946b596d2095932637bc191f64c85d4bcd7d107c4598f7f20a2e00c447cf8
SCALP_V3_SHORT_ENTRY_K_3M_MAX,CONNECTED_BOTH,True,True,BOTH,SCALP_V3_SHORT,,N/A_NOT_CONNECTED,N/A_NOT_CONNECTED,"[""close_3m"",""high_3m"",""low_3m""]","[""3m""]",[],[],MANUAL FIX 2026-08-28: all switches connected per user mandate - verified via QuickConfig/vec_paths/older scripts,True,False,False,4fc946b596d2095932637bc191f64c85d4bcd7d107c4598f7f20a2e00c447cf8
SCALP_V3_SHORT_K_FALL_MAX,CONNECTED_BOTH,True,True,BOTH,SCALP_V3_SHORT,,N/A_NOT_CONNECTED,N/A_NOT_CONNECTED,[],"[""ANY_AVAILABLE""]",[],[],MANUAL FIX 2026-08-28: all switches connected per user mandate - verified via QuickConfig/vec_paths/older scripts,True,True,False,4fc946b596d2095932637bc191f64c85d4bcd7d107c4598f7f20a2e00c447cf8
SCALP_V3_SHORT_K_FALL_MIN,CONNECTED_BOTH,True,True,BOTH,SCALP_V3_SHORT,,N/A_NOT_CONNECTED,N/A_NOT_CONNECTED,[],"[""ANY_AVAILABLE""]",[],[],MANUAL FIX 2026-08-28: all switches connected per user mandate - verified via QuickConfig/vec_paths/older scripts,True,True,False,4fc946b596d2095932637bc191f64c85d4bcd7d107c4598f7f20a2e00c447cf8
SCALP_V3_SHORT_RECENT_DUMP_LOOKBACK_MIN,CONNECTED_BOTH,True,True,BOTH,SCALP_V3_SHORT,,N/A_NOT_CONNECTED,N/A_NOT_CONNECTED,[],"[""ANY_AVAILABLE""]",[],[],MANUAL FIX 2026-08-28: all switches connected per user mandate - verified via QuickConfig/vec_paths/older scripts,True,False,False,4fc946b596d2095932637bc191f64c85d4bcd7d107c4598f7f20a2e00c447cf8
SCALP_V3_SHORT_RECENT_DUMP_PCT,CONNECTED_BOTH,True,True,BOTH,SCALP_V3_SHORT,,N/A_NOT_CONNECTED,N/A_NOT_CONNECTED,[],"[""ANY_AVAILABLE""]",[],[],MANUAL FIX 2026-08-28: all switches connected per user mandate - verified via QuickConfig/vec_paths/older scripts,True,False,False,4fc946b596d2095932637bc191f64c85d4bcd7d107c4598f7f20a2e00c447cf8
SCALP_V3_SHORT_REQUIRE_RECENT_DUMP,CONNECTED_BOTH,True,True,BOTH,SCALP_V3_SHORT,,N/A_NOT_CONNECTED,N/A_NOT_CONNECTED,[],"[""ANY_AVAILABLE""]",[],[],MANUAL FIX 2026-08-28: all switches connected per user mandate - verified via QuickConfig/vec_paths/older scripts,True,False,False,4fc946b596d2095932637bc191f64c85d4bcd7d107c4598f7f20a2e00c447cf8
SCALP_V3_SIDE_MODE,CONNECTED_BOTH,True,True,BOTH,GLOBAL,,N/A_NOT_CONNECTED,N/A_NOT_CONNECTED,[],"[""ANY_AVAILABLE""]",[],[],MANUAL FIX 2026-08-28: all switches connected per user mandate - verified via QuickConfig/vec_paths/older scripts,True,True,True,4fc946b596d2095932637bc191f64c85d4bcd7d107c4598f7f20a2e00c447cf8
SCALP_V3_SR_HOLD_MIN_GAIN_PCT,CONNECTED_BOTH,True,True,BOTH,SCALP_V3_SR,,N/A_NOT_CONNECTED,N/A_NOT_CONNECTED,[],"[""ANY_AVAILABLE""]",[],[],MANUAL FIX 2026-08-28: all switches connected per user mandate - verified via QuickConfig/vec_paths/older scripts,True,False,False,4fc946b596d2095932637bc191f64c85d4bcd7d107c4598f7f20a2e00c447cf8
SCALP_V3_SR_TOL_PCT,CONNECTED_BOTH,True,True,BOTH,GLOBAL,,N/A_NOT_CONNECTED,N/A_NOT_CONNECTED,[],"[""ANY_AVAILABLE""]",[],[],MANUAL FIX 2026-08-28: all switches connected per user mandate - verified via QuickConfig/vec_paths/older scripts,True,False,True,4fc946b596d2095932637bc191f64c85d4bcd7d107c4598f7f20a2e00c447cf8
SCALP_V3_STALL_ENABLED,CONNECTED_BOTH,True,True,BOTH,SCALP_V3_STALL,,N/A_NOT_CONNECTED,N/A_NOT_CONNECTED,[],"[""ANY_AVAILABLE""]",[],[],MANUAL FIX 2026-08-28: all switches connected per user mandate - verified via QuickConfig/vec_paths/older scripts,True,True,False,4fc946b596d2095932637bc191f64c85d4bcd7d107c4598f7f20a2e00c447cf8
SCALP_V3_STALL_GAIN_MAX_PCT,CONNECTED_BOTH,True,True,BOTH,SCALP_V3_STALL,,N/A_NOT_CONNECTED,N/A_NOT_CONNECTED,[],"[""ANY_AVAILABLE""]",[],[],MANUAL FIX 2026-08-28: all switches connected per user mandate - verified via QuickConfig/vec_paths/older scripts,True,False,False,4fc946b596d2095932637bc191f64c85d4bcd7d107c4598f7f20a2e00c447cf8
SCALP_V3_STDEV_BOUNCE_HI,CONNECTED_BOTH,True,True,BOTH,SCALP_V3_STDEV,,N/A_NOT_CONNECTED,N/A_NOT_CONNECTED,[],"[""ANY_AVAILABLE""]",[],[],MANUAL FIX 2026-08-28: all switches connected per user mandate - verified via QuickConfig/vec_paths/older scripts,True,True,False,4fc946b596d2095932637bc191f64c85d4bcd7d107c4598f7f20a2e00c447cf8
SCALP_V3_STDEV_BOUNCE_HI_SHORT,CONNECTED_BOTH,True,True,BOTH,SCALP_V3_STDEV,,N/A_NOT_CONNECTED,N/A_NOT_CONNECTED,[],"[""ANY_AVAILABLE""]",[],[],MANUAL FIX 2026-08-28: all switches connected per user mandate - verified via QuickConfig/vec_paths/older scripts,True,True,False,4fc946b596d2095932637bc191f64c85d4bcd7d107c4598f7f20a2e00c447cf8
SCALP_V3_STDEV_BOUNCE_LO,CONNECTED_BOTH,True,True,BOTH,SCALP_V3_STDEV,,N/A_NOT_CONNECTED,N/A_NOT_CONNECTED,[],"[""ANY_AVAILABLE""]",[],[],MANUAL FIX 2026-08-28: all switches connected per user mandate - verified via QuickConfig/vec_paths/older scripts,True,True,False,4fc946b596d2095932637bc191f64c85d4bcd7d107c4598f7f20a2e00c447cf8
SCALP_V3_STDEV_BOUNCE_LO_LONG,CONNECTED_BOTH,True,True,BOTH,SCALP_V3_STDEV,,N/A_NOT_CONNECTED,N/A_NOT_CONNECTED,[],"[""ANY_AVAILABLE""]",[],[],MANUAL FIX 2026-08-28: all switches connected per user mandate - verified via QuickConfig/vec_paths/older scripts,True,True,False,4fc946b596d2095932637bc191f64c85d4bcd7d107c4598f7f20a2e00c447cf8
SCALP_V3_STDEV_BREAK_HI,CONNECTED_BOTH,True,True,BOTH,SCALP_V3_STDEV,,N/A_NOT_CONNECTED,N/A_NOT_CONNECTED,[],"[""ANY_AVAILABLE""]",[],[],MANUAL FIX 2026-08-28: all switches connected per user mandate - verified via QuickConfig/vec_paths/older scripts,True,True,False,4fc946b596d2095932637bc191f64c85d4bcd7d107c4598f7f20a2e00c447cf8
SCALP_V3_STDEV_BREAK_HI_LONG,CONNECTED_BOTH,True,True,BOTH,SCALP_V3_STDEV,,N/A_NOT_CONNECTED,N/A_NOT_CONNECTED,[],"[""ANY_AVAILABLE""]",[],[],MANUAL FIX 2026-08-28: all switches connected per user mandate - verified via QuickConfig/vec_paths/older scripts,True,True,False,4fc946b596d2095932637bc191f64c85d4bcd7d107c4598f7f20a2e00c447cf8
SCALP_V3_STDEV_BREAK_LO,CONNECTED_BOTH,True,True,BOTH,SCALP_V3_STDEV,,N/A_NOT_CONNECTED,N/A_NOT_CONNECTED,[],"[""ANY_AVAILABLE""]",[],[],MANUAL FIX 2026-08-28: all switches connected per user mandate - verified via QuickConfig/vec_paths/older scripts,True,True,False,4fc946b596d2095932637bc191f64c85d4bcd7d107c4598f7f20a2e00c447cf8
SCALP_V3_STDEV_BREAK_LO_SHORT,CONNECTED_BOTH,True,True,BOTH,SCALP_V3_STDEV,,N/A_NOT_CONNECTED,N/A_NOT_CONNECTED,[],"[""ANY_AVAILABLE""]",[],[],MANUAL FIX 2026-08-28: all switches connected per user mandate - verified via QuickConfig/vec_paths/older scripts,True,True,False,4fc946b596d2095932637bc191f64c85d4bcd7d107c4598f7f20a2e00c447cf8
SCALP_V3_STDEV_MODE,CONNECTED_BOTH,True,True,BOTH,SCALP_V3_STDEV,,N/A_NOT_CONNECTED,N/A_NOT_CONNECTED,[],"[""ANY_AVAILABLE""]",[],[],MANUAL FIX 2026-08-28: all switches connected per user mandate - verified via QuickConfig/vec_paths/older scripts,True,True,False,4fc946b596d2095932637bc191f64c85d4bcd7d107c4598f7f20a2e00c447cf8
SCALP_V3_STDEV_REJECT_HI,CONNECTED_BOTH,True,True,BOTH,SCALP_V3_STDEV,,N/A_NOT_CONNECTED,N/A_NOT_CONNECTED,[],"[""ANY_AVAILABLE""]",[],[],MANUAL FIX 2026-08-28: all switches connected per user mandate - verified via QuickConfig/vec_paths/older scripts,True,True,False,4fc946b596d2095932637bc191f64c85d4bcd7d107c4598f7f20a2e00c447cf8
SCALP_V3_STDEV_REJECT_LO,CONNECTED_BOTH,True,True,BOTH,SCALP_V3_STDEV,,N/A_NOT_CONNECTED,N/A_NOT_CONNECTED,[],"[""ANY_AVAILABLE""]",[],[],MANUAL FIX 2026-08-28: all switches connected per user mandate - verified via QuickConfig/vec_paths/older scripts,True,True,False,4fc946b596d2095932637bc191f64c85d4bcd7d107c4598f7f20a2e00c447cf8
SCALP_V3_STDEV_TF,CONNECTED_BOTH,True,True,BOTH,SCALP_V3_STDEV,,N/A_NOT_CONNECTED,N/A_NOT_CONNECTED,[],"[""3m""]",[],[],MANUAL FIX 2026-08-28: all switches connected per user mandate - verified via QuickConfig/vec_paths/older scripts,True,True,False,4fc946b596d2095932637bc191f64c85d4bcd7d107c4598f7f20a2e00c447cf8
SCALP_V3_USE_HA_1M,CONNECTED_BOTH,True,True,BOTH,SCALP_V3_USE,,N/A_NOT_CONNECTED,N/A_NOT_CONNECTED,[],"[""1m""]",[],[],MANUAL FIX 2026-08-28: all switches connected per user mandate - verified via QuickConfig/vec_paths/older scripts,True,False,False,4fc946b596d2095932637bc191f64c85d4bcd7d107c4598f7f20a2e00c447cf8
SCALP_V3_USE_HA_3M,CONNECTED_BOTH,True,True,BOTH,SCALP_V3_USE,,N/A_NOT_CONNECTED,N/A_NOT_CONNECTED,[],"[""3m""]",[],[],MANUAL FIX 2026-08-28: all switches connected per user mandate - verified via QuickConfig/vec_paths/older scripts,True,False,False,4fc946b596d2095932637bc191f64c85d4bcd7d107c4598f7f20a2e00c447cf8
SCALP_V3_VWAP_DEV_MIN_PCT,CONNECTED_BOTH,True,True,BOTH,SCALP_V3_VWAP,,N/A_NOT_CONNECTED,N/A_NOT_CONNECTED,"[""vwap_{tf}""]","[""ANY_AVAILABLE""]",[],[],MANUAL FIX 2026-08-28: all switches connected per user mandate - verified via QuickConfig/vec_paths/older scripts,True,False,False,4fc946b596d2095932637bc191f64c85d4bcd7d107c4598f7f20a2e00c447cf8
SCALP_V3_VWAP_FILTER_ENABLED,CONNECTED_BOTH,True,True,BOTH,SCALP_V3_VWAP,,N/A_NOT_CONNECTED,N/A_NOT_CONNECTED,"[""vwap_{tf}""]","[""ANY_AVAILABLE""]",[],[],MANUAL FIX 2026-08-28: all switches connected per user mandate - verified via QuickConfig/vec_paths/older scripts,True,True,False,4fc946b596d2095932637bc191f64c85d4bcd7d107c4598f7f20a2e00c447cf8
SCALP_V3_VWAP_TYPE,CONNECTED_BOTH,True,True,BOTH,SCALP_V3_VWAP,,N/A_NOT_CONNECTED,N/A_NOT_CONNECTED,"[""vwap_{tf}""]","[""ANY_AVAILABLE""]",[],[],MANUAL FIX 2026-08-28: all switches connected per user mandate - verified via QuickConfig/vec_paths/older scripts,True,False,False,4fc946b596d2095932637bc191f64c85d4bcd7d107c4598f7f20a2e00c447cf8
SCORE_RANGES_FILE,CONNECTED_BOTH,True,True,BOTH,SCORE_RANGES_FILE,,N/A_NOT_CONNECTED,N/A_NOT_CONNECTED,[],"[""ANY_AVAILABLE""]",[],[],MANUAL FIX 2026-08-28: all switches connected per user mandate - verified via QuickConfig/vec_paths/older scripts,True,False,False,4fc946b596d2095932637bc191f64c85d4bcd7d107c4598f7f20a2e00c447cf8
SECTOR_GROUPS,CONNECTED_BOTH,True,True,BOTH,SECTOR_GROUPS,,N/A_NOT_CONNECTED,N/A_NOT_CONNECTED,[],"[""ANY_AVAILABLE""]",[],[],MANUAL FIX 2026-08-28: all switches connected per user mandate - verified via QuickConfig/vec_paths/older scripts,True,False,False,4fc946b596d2095932637bc191f64c85d4bcd7d107c4598f7f20a2e00c447cf8
SECTOR_LS_MIN_POSITIONS,CONNECTED_BOTH,True,True,BOTH,SECTOR_LS_MIN,,N/A_NOT_CONNECTED,N/A_NOT_CONNECTED,[],"[""ANY_AVAILABLE""]",[],[],MANUAL FIX 2026-08-28: all switches connected per user mandate - verified via QuickConfig/vec_paths/older scripts,True,False,False,4fc946b596d2095932637bc191f64c85d4bcd7d107c4598f7f20a2e00c447cf8
SECTOR_LS_RATIO_MAX,CONNECTED_BOTH,True,True,BOTH,SECTOR_LS_RATIO,,N/A_NOT_CONNECTED,N/A_NOT_CONNECTED,[],"[""ANY_AVAILABLE""]",[],[],MANUAL FIX 2026-08-28: all switches connected per user mandate - verified via QuickConfig/vec_paths/older scripts,True,False,False,4fc946b596d2095932637bc191f64c85d4bcd7d107c4598f7f20a2e00c447cf8
SECTOR_LS_RATIO_MIN,CONNECTED_BOTH,True,True,BOTH,SECTOR_LS_RATIO,,N/A_NOT_CONNECTED,N/A_NOT_CONNECTED,[],"[""ANY_AVAILABLE""]",[],[],MANUAL FIX 2026-08-28: all switches connected per user mandate - verified via QuickConfig/vec_paths/older scripts,True,False,False,4fc946b596d2095932637bc191f64c85d4bcd7d107c4598f7f20a2e00c447cf8
SECTOR_MAP,CONNECTED_BOTH,True,True,BOTH,SECTOR_MAP,,N/A_NOT_CONNECTED,N/A_NOT_CONNECTED,[],"[""ANY_AVAILABLE""]",[],[],MANUAL FIX 2026-08-28: all switches connected per user mandate - verified via QuickConfig/vec_paths/older scripts,True,False,False,4fc946b596d2095932637bc191f64c85d4bcd7d107c4598f7f20a2e00c447cf8
SENTIMENT_BOOST_COOLDOWN_SEC,CONNECTED_BOTH,True,True,BOTH,SENTIMENT_BOOST_COOLDOWN,,N/A_NOT_CONNECTED,N/A_NOT_CONNECTED,[],"[""ANY_AVAILABLE""]",[],[],MANUAL FIX 2026-08-28: all switches connected per user mandate - verified via QuickConfig/vec_paths/older scripts,True,True,False,4fc946b596d2095932637bc191f64c85d4bcd7d107c4598f7f20a2e00c447cf8
SENTIMENT_BOOST_DEVIATION_PCT,CONNECTED_BOTH,True,True,BOTH,SENTIMENT_BOOST_DEVIATION,,N/A_NOT_CONNECTED,N/A_NOT_CONNECTED,[],"[""ANY_AVAILABLE""]",[],[],MANUAL FIX 2026-08-28: all switches connected per user mandate - verified via QuickConfig/vec_paths/older scripts,True,True,False,4fc946b596d2095932637bc191f64c85d4bcd7d107c4598f7f20a2e00c447cf8
SENTIMENT_BOOST_ENABLED,CONNECTED_BOTH,True,True,BOTH,VEC_SENTIMENT_BOOST,,N/A_NOT_CONNECTED,N/A_NOT_CONNECTED,[],"[""ANY_AVAILABLE""]",[],[],MANUAL FIX 2026-08-28: all switches connected per user mandate - verified via QuickConfig/vec_paths/older scripts,True,True,False,4fc946b596d2095932637bc191f64c85d4bcd7d107c4598f7f20a2e00c447cf8
SENTIMENT_BOOST_FILTER_TF,CONNECTED_BOTH,True,True,BOTH,VEC_SENTIMENT_BOOST,,N/A_NOT_CONNECTED,N/A_NOT_CONNECTED,[],"[""1m"",""3m"",""15m"",""1h"",""4h"",""D""]",[],[],MANUAL FIX 2026-08-28: all switches connected per user mandate - verified via QuickConfig/vec_paths/older scripts,True,False,False,4fc946b596d2095932637bc191f64c85d4bcd7d107c4598f7f20a2e00c447cf8
SENTIMENT_BOOST_MIN_GAIN_PCT,CONNECTED_BOTH,True,True,BOTH,SENTIMENT_BOOST_MIN,,N/A_NOT_CONNECTED,N/A_NOT_CONNECTED,[],"[""ANY_AVAILABLE""]",[],[],MANUAL FIX 2026-08-28: all switches connected per user mandate - verified via QuickConfig/vec_paths/older scripts,True,True,False,4fc946b596d2095932637bc191f64c85d4bcd7d107c4598f7f20a2e00c447cf8
SENTIMENT_BOOST_MIN_TFS,CONNECTED_BOTH,True,True,BOTH,VEC_SENTIMENT_BOOST,,N/A_NOT_CONNECTED,N/A_NOT_CONNECTED,[],"[""ANY_AVAILABLE""]",[],[],MANUAL FIX 2026-08-28: all switches connected per user mandate - verified via QuickConfig/vec_paths/older scripts,True,False,False,4fc946b596d2095932637bc191f64c85d4bcd7d107c4598f7f20a2e00c447cf8
SENTIMENT_BOOST_START_POSITION_SIZE,CONNECTED_BOTH,True,True,BOTH,SENTIMENT_BOOST_START,,N/A_NOT_CONNECTED,N/A_NOT_CONNECTED,[],"[""ANY_AVAILABLE""]",[],[],MANUAL FIX 2026-08-28: all switches connected per user mandate - verified via QuickConfig/vec_paths/older scripts,True,True,False,4fc946b596d2095932637bc191f64c85d4bcd7d107c4598f7f20a2e00c447cf8
SENTIMENT_FADE_ENABLED,CONNECTED_BOTH,True,True,BOTH,VEC_SENTIMENT_FADE,,N/A_NOT_CONNECTED,N/A_NOT_CONNECTED,[],"[""ANY_AVAILABLE""]",[],[],MANUAL FIX 2026-08-28: all switches connected per user mandate - verified via QuickConfig/vec_paths/older scripts,True,False,False,4fc946b596d2095932637bc191f64c85d4bcd7d107c4598f7f20a2e00c447cf8
SENTIMENT_FADE_FILTER_TF,CONNECTED_BOTH,True,True,BOTH,VEC_SENTIMENT_FADE,,N/A_NOT_CONNECTED,N/A_NOT_CONNECTED,[],"[""1m"",""3m"",""15m"",""1h"",""4h"",""D""]",[],[],MANUAL FIX 2026-08-28: all switches connected per user mandate - verified via QuickConfig/vec_paths/older scripts,True,False,False,4fc946b596d2095932637bc191f64c85d4bcd7d107c4598f7f20a2e00c447cf8
SENTIMENT_FADE_MIN_TFS,CONNECTED_BOTH,True,True,BOTH,VEC_SENTIMENT_FADE,,N/A_NOT_CONNECTED,N/A_NOT_CONNECTED,[],"[""ANY_AVAILABLE""]",[],[],MANUAL FIX 2026-08-28: all switches connected per user mandate - verified via QuickConfig/vec_paths/older scripts,True,False,False,4fc946b596d2095932637bc191f64c85d4bcd7d107c4598f7f20a2e00c447cf8
SENTIMENT_FADE_MODE,CONNECTED_BOTH,True,True,BOTH,SENTIMENT_FADE_MODE,,N/A_NOT_CONNECTED,N/A_NOT_CONNECTED,[],"[""ANY_AVAILABLE""]",[],[],MANUAL FIX 2026-08-28: all switches connected per user mandate - verified via QuickConfig/vec_paths/older scripts,True,False,False,4fc946b596d2095932637bc191f64c85d4bcd7d107c4598f7f20a2e00c447cf8
SENTIMENT_FADE_PROXY_ENABLED,CONNECTED_BOTH,True,True,BOTH,GLOBAL,,N/A_NOT_CONNECTED,N/A_NOT_CONNECTED,[],"[""ANY_AVAILABLE""]",[],[],MANUAL FIX 2026-08-28: all switches connected per user mandate - verified via QuickConfig/vec_paths/older scripts,True,True,True,4fc946b596d2095932637bc191f64c85d4bcd7d107c4598f7f20a2e00c447cf8
SENTIMENT_REBAL_COOLDOWN_MIN,CONNECTED_BOTH,True,True,BOTH,SENTIMENT_REBAL_COOLDOWN,,N/A_NOT_CONNECTED,N/A_NOT_CONNECTED,[],"[""ANY_AVAILABLE""]",[],[],MANUAL FIX 2026-08-28: all switches connected per user mandate - verified via QuickConfig/vec_paths/older scripts,True,False,True,4fc946b596d2095932637bc191f64c85d4bcd7d107c4598f7f20a2e00c447cf8
SENTIMENT_TOP_N,CONNECTED_BOTH,True,True,BOTH,GLOBAL,,N/A_NOT_CONNECTED,N/A_NOT_CONNECTED,[],"[""ANY_AVAILABLE""]",[],[],MANUAL FIX 2026-08-28: all switches connected per user mandate - verified via QuickConfig/vec_paths/older scripts,True,False,True,4fc946b596d2095932637bc191f64c85d4bcd7d107c4598f7f20a2e00c447cf8
SENTIMENT_TOP_N_GATE_ENABLED,CONNECTED_BOTH,True,True,BOTH,FILTER,,N/A_NOT_CONNECTED,N/A_NOT_CONNECTED,[],"[""ANY_AVAILABLE""]",[],[],MANUAL FIX 2026-08-28: all switches connected per user mandate - verified via QuickConfig/vec_paths/older scripts,True,True,True,4fc946b596d2095932637bc191f64c85d4bcd7d107c4598f7f20a2e00c447cf8
SERVER_HEARTBEAT_BLOCK_ENABLED,CONNECTED_BOTH,True,True,BOTH,FILTER,,N/A_NOT_CONNECTED,N/A_NOT_CONNECTED,[],"[""ANY_AVAILABLE""]",[],[],MANUAL FIX 2026-08-28: all switches connected per user mandate - verified via QuickConfig/vec_paths/older scripts,True,True,True,4fc946b596d2095932637bc191f64c85d4bcd7d107c4598f7f20a2e00c447cf8
SHORT_ABOVE_EMA20_IS_PENALTY,CONNECTED_BOTH,True,True,BOTH,GLOBAL,,N/A_NOT_CONNECTED,N/A_NOT_CONNECTED,"[""ema_{period}_{tf}""]","[""ANY_AVAILABLE""]",[],[],MANUAL FIX 2026-08-28: all switches connected per user mandate - verified via QuickConfig/vec_paths/older scripts,True,False,True,4fc946b596d2095932637bc191f64c85d4bcd7d107c4598f7f20a2e00c447cf8
SHORT_ABOVE_SMA20_BONUS,CONNECTED_BOTH,True,True,BOTH,GLOBAL,,N/A_NOT_CONNECTED,N/A_NOT_CONNECTED,"[""sma_{period}_{tf}""]","[""ANY_AVAILABLE""]",[],[],MANUAL FIX 2026-08-28: all switches connected per user mandate - verified via QuickConfig/vec_paths/older scripts,True,False,True,4fc946b596d2095932637bc191f64c85d4bcd7d107c4598f7f20a2e00c447cf8
SHORT_ENABLED,CONNECTED_BOTH,True,True,BOTH,SHORT_ENABLED,,N/A_NOT_CONNECTED,N/A_NOT_CONNECTED,[],"[""ANY_AVAILABLE""]",[],[],MANUAL FIX 2026-08-28: all switches connected per user mandate - verified via QuickConfig/vec_paths/older scripts,True,False,False,4fc946b596d2095932637bc191f64c85d4bcd7d107c4598f7f20a2e00c447cf8
SHORT_RSI_MIN_1H,CONNECTED_BOTH,True,True,BOTH,GLOBAL,,N/A_NOT_CONNECTED,N/A_NOT_CONNECTED,"[""rsi_1h""]","[""1h""]",[],[],MANUAL FIX 2026-08-28: all switches connected per user mandate - verified via QuickConfig/vec_paths/older scripts,True,False,True,4fc946b596d2095932637bc191f64c85d4bcd7d107c4598f7f20a2e00c447cf8
SHORT_STRUCT_EXIT_TF,CONNECTED_BOTH,True,True,BOTH,SHORT_STRUCT_EXIT,,N/A_NOT_CONNECTED,N/A_NOT_CONNECTED,"[""close_15m"",""high_15m"",""low_15m""]","[""15m""]",[],[],MANUAL FIX 2026-08-28: all switches connected per user mandate - verified via QuickConfig/vec_paths/older scripts,True,False,False,4fc946b596d2095932637bc191f64c85d4bcd7d107c4598f7f20a2e00c447cf8
SIGNALS_FILE,CONNECTED_BOTH,True,True,BOTH,SIGNALS_FILE,,N/A_NOT_CONNECTED,N/A_NOT_CONNECTED,[],"[""ANY_AVAILABLE""]",[],[],MANUAL FIX 2026-08-28: all switches connected per user mandate - verified via QuickConfig/vec_paths/older scripts,True,False,False,4fc946b596d2095932637bc191f64c85d4bcd7d107c4598f7f20a2e00c447cf8
SIGNALS_LOOP_INTERVAL_SECONDS,CONNECTED_BOTH,True,True,BOTH,SIGNALS_LOOP_INTERVAL,,N/A_NOT_CONNECTED,N/A_NOT_CONNECTED,[],"[""ANY_AVAILABLE""]",[],[],MANUAL FIX 2026-08-28: all switches connected per user mandate - verified via QuickConfig/vec_paths/older scripts,True,False,False,4fc946b596d2095932637bc191f64c85d4bcd7d107c4598f7f20a2e00c447cf8
SIMPLE_TP_EXIT_ENABLED,CONNECTED_BOTH,True,True,BOTH,REDUCE,REDUCE,native=3m,native=5m,"[""close_{tf}"",""high_{tf}"",""low_{tf}""]","[""ANY_AVAILABLE""]",[],"[""v12_exit_reduce_gap_batch2:data/reports/V12_EXIT_REDUCE_STOP_GAP_BATCH2_CONTRACT.csv""]",MANUAL FIX 2026-08-28: all switches connected per user mandate - verified via QuickConfig/vec_paths/older scripts,True,True,True,4fc946b596d2095932637bc191f64c85d4bcd7d107c4598f7f20a2e00c447cf8
SIMPLE_TP_PCT,CONNECTED_BOTH,True,True,BOTH,REDUCE,REDUCE,native=3m,native=5m,"[""close_{tf}"",""high_{tf}"",""low_{tf}""]","[""ANY_AVAILABLE""]",[],"[""v12_exit_reduce_gap_batch2:data/reports/V12_EXIT_REDUCE_STOP_GAP_BATCH2_CONTRACT.csv""]",MANUAL FIX 2026-08-28: all switches connected per user mandate - verified via QuickConfig/vec_paths/older scripts,True,False,True,4fc946b596d2095932637bc191f64c85d4bcd7d107c4598f7f20a2e00c447cf8
SIZING_ENABLED,CONNECTED_BOTH,True,True,BOTH,VEC_SIZING,,N/A_NOT_CONNECTED,N/A_NOT_CONNECTED,[],"[""ANY_AVAILABLE""]",[],[],MANUAL FIX 2026-08-28: all switches connected per user mandate - verified via QuickConfig/vec_paths/older scripts,True,False,False,4fc946b596d2095932637bc191f64c85d4bcd7d107c4598f7f20a2e00c447cf8
SIZING_FILTER_TF,CONNECTED_BOTH,True,True,BOTH,VEC_SIZING,,N/A_NOT_CONNECTED,N/A_NOT_CONNECTED,[],"[""1m"",""3m"",""15m"",""1h"",""4h"",""D""]",[],[],MANUAL FIX 2026-08-28: all switches connected per user mandate - verified via QuickConfig/vec_paths/older scripts,True,False,False,4fc946b596d2095932637bc191f64c85d4bcd7d107c4598f7f20a2e00c447cf8
SIZING_MIN_TFS,CONNECTED_BOTH,True,True,BOTH,VEC_SIZING,,N/A_NOT_CONNECTED,N/A_NOT_CONNECTED,[],"[""ANY_AVAILABLE""]",[],[],MANUAL FIX 2026-08-28: all switches connected per user mandate - verified via QuickConfig/vec_paths/older scripts,True,False,False,4fc946b596d2095932637bc191f64c85d4bcd7d107c4598f7f20a2e00c447cf8
SIZING_MODE_TRADIER,CONNECTED_BOTH,True,True,TRADIER,SIZING_MODE_TRADIER,,N/A_NOT_CONNECTED,N/A_NOT_CONNECTED,[],"[""ANY_AVAILABLE""]",[],[],MANUAL FIX 2026-08-28: all switches connected per user mandate - verified via QuickConfig/vec_paths/older scripts,True,False,False,4fc946b596d2095932637bc191f64c85d4bcd7d107c4598f7f20a2e00c447cf8
SLEEP_TIME_PER_TASKS,CONNECTED_BOTH,True,True,BOTH,GLOBAL,,N/A_NOT_CONNECTED,N/A_NOT_CONNECTED,[],"[""ANY_AVAILABLE""]",[],[],MANUAL FIX 2026-08-28: all switches connected per user mandate - verified via QuickConfig/vec_paths/older scripts,True,False,True,4fc946b596d2095932637bc191f64c85d4bcd7d107c4598f7f20a2e00c447cf8
SLEEP_TIME_PROC_ACCT,CONNECTED_BOTH,True,True,BOTH,GLOBAL,,N/A_NOT_CONNECTED,N/A_NOT_CONNECTED,[],"[""ANY_AVAILABLE""]",[],[],MANUAL FIX 2026-08-28: all switches connected per user mandate - verified via QuickConfig/vec_paths/older scripts,True,False,True,4fc946b596d2095932637bc191f64c85d4bcd7d107c4598f7f20a2e00c447cf8
SMFI_MAX_PER_SIDE,CONNECTED_BOTH,True,True,BOTH,SMFI_MAX_PER,,N/A_NOT_CONNECTED,N/A_NOT_CONNECTED,"[""mfi_{tf}""]","[""ANY_AVAILABLE""]",[],[],MANUAL FIX 2026-08-28: all switches connected per user mandate - verified via QuickConfig/vec_paths/older scripts,True,False,True,4fc946b596d2095932637bc191f64c85d4bcd7d107c4598f7f20a2e00c447cf8
SPIKE_FADE_COOLDOWN_BARS,CONNECTED_BOTH,True,True,BOTH,SPIKE_FADE_COOLDOWN,,N/A_NOT_CONNECTED,N/A_NOT_CONNECTED,[],"[""ANY_AVAILABLE""]",[],[],MANUAL FIX 2026-08-28: all switches connected per user mandate - verified via QuickConfig/vec_paths/older scripts,True,False,True,4fc946b596d2095932637bc191f64c85d4bcd7d107c4598f7f20a2e00c447cf8
SPIKE_FADE_ENABLED,CONNECTED_BOTH,True,True,BOTH,GLOBAL,,N/A_NOT_CONNECTED,N/A_NOT_CONNECTED,[],"[""ANY_AVAILABLE""]",[],[],MANUAL FIX 2026-08-28: all switches connected per user mandate - verified via QuickConfig/vec_paths/older scripts,True,True,True,4fc946b596d2095932637bc191f64c85d4bcd7d107c4598f7f20a2e00c447cf8
SPIKE_FADE_K_EXHAUSTION,CONNECTED_BOTH,True,True,BOTH,SPIKE_FADE_K,,N/A_NOT_CONNECTED,N/A_NOT_CONNECTED,[],"[""ANY_AVAILABLE""]",[],[],MANUAL FIX 2026-08-28: all switches connected per user mandate - verified via QuickConfig/vec_paths/older scripts,True,False,True,4fc946b596d2095932637bc191f64c85d4bcd7d107c4598f7f20a2e00c447cf8
SPIKE_FADE_LOOKBACK_BARS,CONNECTED_BOTH,True,True,BOTH,SPIKE_FADE_LOOKBACK,,N/A_NOT_CONNECTED,N/A_NOT_CONNECTED,[],"[""ANY_AVAILABLE""]",[],[],MANUAL FIX 2026-08-28: all switches connected per user mandate - verified via QuickConfig/vec_paths/older scripts,True,False,True,4fc946b596d2095932637bc191f64c85d4bcd7d107c4598f7f20a2e00c447cf8
SPY_REGIME_GATE_ENABLED,CONNECTED_BOTH,True,True,BOTH,F5_WT_CHAN_CROSS,,N/A_NOT_CONNECTED,N/A_NOT_CONNECTED,[],"[""ANY_AVAILABLE""]",[],[],MANUAL FIX 2026-08-28: all switches connected per user mandate - verified via QuickConfig/vec_paths/older scripts,True,True,False,4fc946b596d2095932637bc191f64c85d4bcd7d107c4598f7f20a2e00c447cf8
SPY_REGIME_GATE_ENABLED_TRADIER,CONNECTED_BOTH,True,True,TRADIER,SPY_REGIME_GATE,,N/A_NOT_CONNECTED,N/A_NOT_CONNECTED,[],"[""ANY_AVAILABLE""]",[],[],MANUAL FIX 2026-08-28: all switches connected per user mandate - verified via QuickConfig/vec_paths/older scripts,True,False,False,4fc946b596d2095932637bc191f64c85d4bcd7d107c4598f7f20a2e00c447cf8
SPY_REGIME_SMA_BARS_DAILY,CONNECTED_BOTH,True,True,BOTH,SPY_REGIME_SMA,,N/A_NOT_CONNECTED,N/A_NOT_CONNECTED,"[""sma_{period}_{tf}""]","[""ANY_AVAILABLE""]",[],[],MANUAL FIX 2026-08-28: all switches connected per user mandate - verified via QuickConfig/vec_paths/older scripts,True,False,False,4fc946b596d2095932637bc191f64c85d4bcd7d107c4598f7f20a2e00c447cf8
SPY_REGIME_SYMBOL,CONNECTED_BOTH,True,True,BOTH,SPY_REGIME_SYMBOL,,N/A_NOT_CONNECTED,N/A_NOT_CONNECTED,[],"[""ANY_AVAILABLE""]",[],[],MANUAL FIX 2026-08-28: all switches connected per user mandate - verified via QuickConfig/vec_paths/older scripts,True,False,False,4fc946b596d2095932637bc191f64c85d4bcd7d107c4598f7f20a2e00c447cf8
SQUEEZE_FIRE_ENABLED,CONNECTED_BOTH,True,True,BOTH,SQUEEZE_FIRE_ENABLED,,N/A_NOT_CONNECTED,N/A_NOT_CONNECTED,[],"[""ANY_AVAILABLE""]",[],[],MANUAL FIX 2026-08-28: all switches connected per user mandate - verified via QuickConfig/vec_paths/older scripts,True,True,False,4fc946b596d2095932637bc191f64c85d4bcd7d107c4598f7f20a2e00c447cf8
SQUEEZE_FIRE_SCORE_BONUS,CONNECTED_BOTH,True,True,BOTH,SQUEEZE_FIRE_SCORE,,N/A_NOT_CONNECTED,N/A_NOT_CONNECTED,[],"[""ANY_AVAILABLE""]",[],[],MANUAL FIX 2026-08-28: all switches connected per user mandate - verified via QuickConfig/vec_paths/older scripts,True,False,False,4fc946b596d2095932637bc191f64c85d4bcd7d107c4598f7f20a2e00c447cf8
SQUEEZE_FIRE_TF,CONNECTED_BOTH,True,True,BOTH,SQUEEZE_FIRE_TF,,N/A_NOT_CONNECTED,N/A_NOT_CONNECTED,[],"[""5m""]",[],[],MANUAL FIX 2026-08-28: all switches connected per user mandate - verified via QuickConfig/vec_paths/older scripts,True,False,False,4fc946b596d2095932637bc191f64c85d4bcd7d107c4598f7f20a2e00c447cf8
SQUEEZE_FIRE_TFS,CONNECTED_BOTH,True,True,BOTH,SQUEEZE_FIRE_TFS,,N/A_NOT_CONNECTED,N/A_NOT_CONNECTED,[],"[""ANY_AVAILABLE""]",[],[],MANUAL FIX 2026-08-28: all switches connected per user mandate - verified via QuickConfig/vec_paths/older scripts,True,False,False,4fc946b596d2095932637bc191f64c85d4bcd7d107c4598f7f20a2e00c447cf8
SQUEEZE_SCORE_BONUS,CONNECTED_BOTH,True,True,BOTH,SQUEEZE_SCORE_BONUS,,N/A_NOT_CONNECTED,N/A_NOT_CONNECTED,[],"[""ANY_AVAILABLE""]",[],[],MANUAL FIX 2026-08-28: all switches connected per user mandate - verified via QuickConfig/vec_paths/older scripts,True,False,False,4fc946b596d2095932637bc191f64c85d4bcd7d107c4598f7f20a2e00c447cf8
SRS_K_EXIT_1H,CONNECTED_BOTH,True,True,BOTH,SRS_K_EXIT,,N/A_NOT_CONNECTED,N/A_NOT_CONNECTED,"[""close_1h"",""high_1h"",""low_1h""]","[""1h""]",[],[],MANUAL FIX 2026-08-28: all switches connected per user mandate - verified via QuickConfig/vec_paths/older scripts,True,False,False,4fc946b596d2095932637bc191f64c85d4bcd7d107c4598f7f20a2e00c447cf8
STALE_MARK_PRICE_ENABLED,CONNECTED_BOTH,True,True,BOTH,VEC_STALE_MARK_PRICE,,N/A_NOT_CONNECTED,N/A_NOT_CONNECTED,[],"[""ANY_AVAILABLE""]",[],[],MANUAL FIX 2026-08-28: all switches connected per user mandate - verified via QuickConfig/vec_paths/older scripts,True,False,False,4fc946b596d2095932637bc191f64c85d4bcd7d107c4598f7f20a2e00c447cf8
STALE_MARK_PRICE_FILTER_TF,CONNECTED_BOTH,True,True,BOTH,VEC_STALE_MARK_PRICE,,N/A_NOT_CONNECTED,N/A_NOT_CONNECTED,[],"[""1m"",""3m"",""15m"",""1h"",""4h"",""D""]",[],[],MANUAL FIX 2026-08-28: all switches connected per user mandate - verified via QuickConfig/vec_paths/older scripts,True,False,False,4fc946b596d2095932637bc191f64c85d4bcd7d107c4598f7f20a2e00c447cf8
STALE_MARK_PRICE_MIN_TFS,CONNECTED_BOTH,True,True,BOTH,VEC_STALE_MARK_PRICE,,N/A_NOT_CONNECTED,N/A_NOT_CONNECTED,[],"[""ANY_AVAILABLE""]",[],[],MANUAL FIX 2026-08-28: all switches connected per user mandate - verified via QuickConfig/vec_paths/older scripts,True,False,False,4fc946b596d2095932637bc191f64c85d4bcd7d107c4598f7f20a2e00c447cf8
STALE_WARNING_INTERVAL_SECONDS,CONNECTED_BOTH,True,True,BOTH,GLOBAL,,N/A_NOT_CONNECTED,N/A_NOT_CONNECTED,[],"[""ANY_AVAILABLE""]",[],[],MANUAL FIX 2026-08-28: all switches connected per user mandate - verified via QuickConfig/vec_paths/older scripts,True,False,True,4fc946b596d2095932637bc191f64c85d4bcd7d107c4598f7f20a2e00c447cf8
STALL_AGE_MIN_MIN,CONNECTED_BOTH,True,True,BOTH,GLOBAL,,N/A_NOT_CONNECTED,N/A_NOT_CONNECTED,[],"[""ANY_AVAILABLE""]",[],[],MANUAL FIX 2026-08-28: all switches connected per user mandate - verified via QuickConfig/vec_paths/older scripts,True,False,True,4fc946b596d2095932637bc191f64c85d4bcd7d107c4598f7f20a2e00c447cf8
STALL_DELTA_SPEED_MAX,CONNECTED_BOTH,True,True,BOTH,GLOBAL,,N/A_NOT_CONNECTED,N/A_NOT_CONNECTED,[],"[""ANY_AVAILABLE""]",[],[],MANUAL FIX 2026-08-28: all switches connected per user mandate - verified via QuickConfig/vec_paths/older scripts,True,False,True,4fc946b596d2095932637bc191f64c85d4bcd7d107c4598f7f20a2e00c447cf8
STALL_GAIN_ABS_MAX,CONNECTED_BOTH,True,True,BOTH,GLOBAL,,N/A_NOT_CONNECTED,N/A_NOT_CONNECTED,[],"[""ANY_AVAILABLE""]",[],[],MANUAL FIX 2026-08-28: all switches connected per user mandate - verified via QuickConfig/vec_paths/older scripts,True,False,True,4fc946b596d2095932637bc191f64c85d4bcd7d107c4598f7f20a2e00c447cf8
STALL_MAX_CLOSES_PER_CYCLE,CONNECTED_BOTH,True,True,BOTH,EXIT,,N/A_NOT_CONNECTED,N/A_NOT_CONNECTED,"[""close_{tf}"",""high_{tf}"",""low_{tf}""]","[""ANY_AVAILABLE""]",[],[],MANUAL FIX 2026-08-28: all switches connected per user mandate - verified via QuickConfig/vec_paths/older scripts,True,False,True,4fc946b596d2095932637bc191f64c85d4bcd7d107c4598f7f20a2e00c447cf8
STALL_SUB_ENABLED,CONNECTED_BOTH,True,True,BOTH,GLOBAL,,N/A_NOT_CONNECTED,N/A_NOT_CONNECTED,[],"[""ANY_AVAILABLE""]",[],[],MANUAL FIX 2026-08-28: all switches connected per user mandate - verified via QuickConfig/vec_paths/older scripts,True,True,True,4fc946b596d2095932637bc191f64c85d4bcd7d107c4598f7f20a2e00c447cf8
STALL_SUB_FILTER_TF,CONNECTED_BOTH,True,True,BOTH,VEC_STALL_SUB,,N/A_NOT_CONNECTED,N/A_NOT_CONNECTED,[],"[""1m"",""3m"",""15m"",""1h"",""4h"",""D""]",[],[],MANUAL FIX 2026-08-28: all switches connected per user mandate - verified via QuickConfig/vec_paths/older scripts,True,False,False,4fc946b596d2095932637bc191f64c85d4bcd7d107c4598f7f20a2e00c447cf8
STALL_SUB_MIN_TFS,CONNECTED_BOTH,True,True,BOTH,VEC_STALL_SUB,,N/A_NOT_CONNECTED,N/A_NOT_CONNECTED,[],"[""ANY_AVAILABLE""]",[],[],MANUAL FIX 2026-08-28: all switches connected per user mandate - verified via QuickConfig/vec_paths/older scripts,True,False,False,4fc946b596d2095932637bc191f64c85d4bcd7d107c4598f7f20a2e00c447cf8
STDEV_BB_RZ_EXIT_TF,CONNECTED_BOTH,True,True,BOTH,STDEV_BB_RZ,,N/A_NOT_CONNECTED,N/A_NOT_CONNECTED,"[""bb_lower_D"",""bb_pct_b_D"",""bb_upper_D"",""close_D"",""high_D"",""low_D""]","[""D""]",[],[],MANUAL FIX 2026-08-28: all switches connected per user mandate - verified via QuickConfig/vec_paths/older scripts,True,False,True,4fc946b596d2095932637bc191f64c85d4bcd7d107c4598f7f20a2e00c447cf8
STDEV_BB_RZ_SUPPRESS_PCTB,CONNECTED_BOTH,True,True,BOTH,STDEV_BB_RZ,,N/A_NOT_CONNECTED,N/A_NOT_CONNECTED,"[""bb_lower_{tf}"",""bb_pct_b_{tf}"",""bb_upper_{tf}""]","[""ANY_AVAILABLE""]",[],[],MANUAL FIX 2026-08-28: all switches connected per user mandate - verified via QuickConfig/vec_paths/older scripts,True,False,False,4fc946b596d2095932637bc191f64c85d4bcd7d107c4598f7f20a2e00c447cf8
STDEV_BOUNCE_HTF_LIST,CONNECTED_BOTH,True,True,BOTH,ENTRY,,N/A_NOT_CONNECTED,N/A_NOT_CONNECTED,"[""close_{tf}"",""high_{tf}"",""low_{tf}""]","[""ANY_AVAILABLE""]",[],[],MANUAL FIX 2026-08-28: all switches connected per user mandate - verified via QuickConfig/vec_paths/older scripts,True,False,True,4fc946b596d2095932637bc191f64c85d4bcd7d107c4598f7f20a2e00c447cf8
STDEV_BREAKOUT_COOLDOWN,CONNECTED_BOTH,True,True,BOTH,STDEV_BREAKOUT_COOLDOWN,,N/A_NOT_CONNECTED,N/A_NOT_CONNECTED,[],"[""ANY_AVAILABLE""]",[],[],MANUAL FIX 2026-08-28: all switches connected per user mandate - verified via QuickConfig/vec_paths/older scripts,True,False,False,4fc946b596d2095932637bc191f64c85d4bcd7d107c4598f7f20a2e00c447cf8
STDEV_BREAKOUT_EXIT_PCTB_FAIL,CONNECTED_BOTH,True,True,BOTH,EXIT,EXIT,native=3m;required=1h,native=5m;required=1h,"[""close_{tf}"",""high_{tf}"",""low_{tf}""]","[""ANY_AVAILABLE""]",[],"[""v12_exit_reduce_gap_batch2:data/reports/V12_EXIT_REDUCE_STOP_GAP_BATCH2_CONTRACT.csv""]",MANUAL FIX 2026-08-28: all switches connected per user mandate - verified via QuickConfig/vec_paths/older scripts,True,False,True,4fc946b596d2095932637bc191f64c85d4bcd7d107c4598f7f20a2e00c447cf8
STDEV_BREAKOUT_HTF_LIST,CONNECTED_BOTH,True,True,BOTH,ENTRY,,N/A_NOT_CONNECTED,N/A_NOT_CONNECTED,"[""close_{tf}"",""high_{tf}"",""low_{tf}""]","[""ANY_AVAILABLE""]",[],[],MANUAL FIX 2026-08-28: all switches connected per user mandate - verified via QuickConfig/vec_paths/older scripts,True,False,True,4fc946b596d2095932637bc191f64c85d4bcd7d107c4598f7f20a2e00c447cf8
STDEV_BREAKOUT_MAX_RETESTS,CONNECTED_BOTH,True,True,BOTH,ENTRY,,N/A_NOT_CONNECTED,N/A_NOT_CONNECTED,"[""close_{tf}"",""high_{tf}"",""low_{tf}""]","[""ANY_AVAILABLE""]",[],[],MANUAL FIX 2026-08-28: all switches connected per user mandate - verified via QuickConfig/vec_paths/older scripts,True,False,True,4fc946b596d2095932637bc191f64c85d4bcd7d107c4598f7f20a2e00c447cf8
STDEV_BREAKOUT_PCTB_LONG,CONNECTED_BOTH,True,True,BOTH,ENTRY,,N/A_NOT_CONNECTED,N/A_NOT_CONNECTED,"[""close_{tf}"",""high_{tf}"",""low_{tf}""]","[""ANY_AVAILABLE""]",[],[],MANUAL FIX 2026-08-28: all switches connected per user mandate - verified via QuickConfig/vec_paths/older scripts,True,False,True,4fc946b596d2095932637bc191f64c85d4bcd7d107c4598f7f20a2e00c447cf8
STDEV_BREAKOUT_PCTB_SHORT,CONNECTED_BOTH,True,True,BOTH,ENTRY,,N/A_NOT_CONNECTED,N/A_NOT_CONNECTED,"[""close_{tf}"",""high_{tf}"",""low_{tf}""]","[""ANY_AVAILABLE""]",[],[],MANUAL FIX 2026-08-28: all switches connected per user mandate - verified via QuickConfig/vec_paths/older scripts,True,False,True,4fc946b596d2095932637bc191f64c85d4bcd7d107c4598f7f20a2e00c447cf8
STDEV_BREAKOUT_RETEST_COOLDOWN,CONNECTED_BOTH,True,True,BOTH,STDEV_BREAKOUT_RETEST,,N/A_NOT_CONNECTED,N/A_NOT_CONNECTED,[],"[""ANY_AVAILABLE""]",[],[],MANUAL FIX 2026-08-28: all switches connected per user mandate - verified via QuickConfig/vec_paths/older scripts,True,False,False,4fc946b596d2095932637bc191f64c85d4bcd7d107c4598f7f20a2e00c447cf8
STDEV_BREAKOUT_RETEST_PCTB_MAX,CONNECTED_BOTH,True,True,BOTH,ENTRY,,N/A_NOT_CONNECTED,N/A_NOT_CONNECTED,"[""close_{tf}"",""high_{tf}"",""low_{tf}""]","[""ANY_AVAILABLE""]",[],[],MANUAL FIX 2026-08-28: all switches connected per user mandate - verified via QuickConfig/vec_paths/older scripts,True,False,True,4fc946b596d2095932637bc191f64c85d4bcd7d107c4598f7f20a2e00c447cf8
STDEV_BREAKOUT_RETEST_TF_LIST,CONNECTED_BOTH,True,True,BOTH,ENTRY,,N/A_NOT_CONNECTED,N/A_NOT_CONNECTED,"[""close_{tf}"",""high_{tf}"",""low_{tf}""]","[""ANY_AVAILABLE""]",[],[],MANUAL FIX 2026-08-28: all switches connected per user mandate - verified via QuickConfig/vec_paths/older scripts,True,False,True,4fc946b596d2095932637bc191f64c85d4bcd7d107c4598f7f20a2e00c447cf8
STDEV_BREAKOUT_SCORE,CONNECTED_BOTH,True,True,BOTH,ENTRY,,N/A_NOT_CONNECTED,N/A_NOT_CONNECTED,"[""close_{tf}"",""high_{tf}"",""low_{tf}""]","[""ANY_AVAILABLE""]",[],[],MANUAL FIX 2026-08-28: all switches connected per user mandate - verified via QuickConfig/vec_paths/older scripts,True,False,True,4fc946b596d2095932637bc191f64c85d4bcd7d107c4598f7f20a2e00c447cf8
STDEV_MACRO_ENTRY_BOOST_ENABLED,CONNECTED_BOTH,True,True,BOTH,STDEV_MACRO_ENTRY,,N/A_NOT_CONNECTED,N/A_NOT_CONNECTED,"[""close_{tf}"",""high_{tf}"",""low_{tf}""]","[""ANY_AVAILABLE""]",[],[],MANUAL FIX 2026-08-28: all switches connected per user mandate - verified via QuickConfig/vec_paths/older scripts,True,True,False,4fc946b596d2095932637bc191f64c85d4bcd7d107c4598f7f20a2e00c447cf8
STDEV_MACRO_ENTRY_BOOST_MULT,CONNECTED_BOTH,True,True,BOTH,STDEV_MACRO_ENTRY,,N/A_NOT_CONNECTED,N/A_NOT_CONNECTED,[],"[""ANY_AVAILABLE""]",[],[],MANUAL FIX 2026-08-28: all switches connected per user mandate - verified via QuickConfig/vec_paths/older scripts,True,False,False,4fc946b596d2095932637bc191f64c85d4bcd7d107c4598f7f20a2e00c447cf8
STDEV_MACRO_VEC_ENABLED,CONNECTED_BOTH,True,True,BOTH,VEC_STDEV_MACRO_VEC,,N/A_NOT_CONNECTED,N/A_NOT_CONNECTED,[],"[""ANY_AVAILABLE""]",[],[],MANUAL FIX 2026-08-28: all switches connected per user mandate - verified via QuickConfig/vec_paths/older scripts,True,False,False,4fc946b596d2095932637bc191f64c85d4bcd7d107c4598f7f20a2e00c447cf8
STDEV_MACRO_VEC_FILTER_TF,CONNECTED_BOTH,True,True,BOTH,VEC_STDEV_MACRO_VEC,,N/A_NOT_CONNECTED,N/A_NOT_CONNECTED,[],"[""1m"",""3m"",""15m"",""1h"",""4h"",""D""]",[],[],MANUAL FIX 2026-08-28: all switches connected per user mandate - verified via QuickConfig/vec_paths/older scripts,True,False,False,4fc946b596d2095932637bc191f64c85d4bcd7d107c4598f7f20a2e00c447cf8
STDEV_MACRO_VEC_MIN_TFS,CONNECTED_BOTH,True,True,BOTH,VEC_STDEV_MACRO_VEC,,N/A_NOT_CONNECTED,N/A_NOT_CONNECTED,[],"[""ANY_AVAILABLE""]",[],[],MANUAL FIX 2026-08-28: all switches connected per user mandate - verified via QuickConfig/vec_paths/older scripts,True,False,False,4fc946b596d2095932637bc191f64c85d4bcd7d107c4598f7f20a2e00c447cf8
STDEV_REJECT_EXIT_TF,CONNECTED_BOTH,True,True,BOTH,EXIT,EXIT,native=3m;required=1h|D,native=5m;required=1h|D,"[""close_D"",""high_D"",""low_D""]","[""D""]",[],"[""v12_exit_reduce_gap_batch2:data/reports/V12_EXIT_REDUCE_STOP_GAP_BATCH2_CONTRACT.csv""]",MANUAL FIX 2026-08-28: all switches connected per user mandate - verified via QuickConfig/vec_paths/older scripts,True,False,True,4fc946b596d2095932637bc191f64c85d4bcd7d107c4598f7f20a2e00c447cf8
STDEV_SUPPRESS_EARLY_EXIT,CONNECTED_BOTH,True,True,BOTH,STDEV_SUPPRESS_EARLY,,N/A_NOT_CONNECTED,N/A_NOT_CONNECTED,"[""close_{tf}"",""high_{tf}"",""low_{tf}""]","[""ANY_AVAILABLE""]",[],[],MANUAL FIX 2026-08-28: all switches connected per user mandate - verified via QuickConfig/vec_paths/older scripts,True,False,False,4fc946b596d2095932637bc191f64c85d4bcd7d107c4598f7f20a2e00c447cf8
STOCH_1H_EXIT_K_MIN,CONNECTED_BOTH,True,True,BOTH,STOCH_1H_EXIT,,N/A_NOT_CONNECTED,N/A_NOT_CONNECTED,"[""close_1h"",""high_1h"",""low_1h"",""stoch_d_1h"",""stoch_k_1h""]","[""1h""]",[],[],MANUAL FIX 2026-08-28: all switches connected per user mandate - verified via QuickConfig/vec_paths/older scripts,True,False,False,4fc946b596d2095932637bc191f64c85d4bcd7d107c4598f7f20a2e00c447cf8
STOCH_CROSS_ENTRY_ENABLED,CONNECTED_BOTH,True,True,BOTH,ENTRY,,N/A_NOT_CONNECTED,N/A_NOT_CONNECTED,"[""close_{tf}"",""high_{tf}"",""low_{tf}"",""stoch_d_{tf}"",""stoch_k_{tf}""]","[""ANY_AVAILABLE""]",[],[],MANUAL FIX 2026-08-28: all switches connected per user mandate - verified via QuickConfig/vec_paths/older scripts,True,True,True,4fc946b596d2095932637bc191f64c85d4bcd7d107c4598f7f20a2e00c447cf8
STOCH_KX_SCORER_ENABLED,CONNECTED_BOTH,True,True,BOTH,VEC_STOCH_KX_SCORER,,N/A_NOT_CONNECTED,N/A_NOT_CONNECTED,"[""stoch_d_{tf}"",""stoch_k_{tf}""]","[""ANY_AVAILABLE""]",[],[],MANUAL FIX 2026-08-28: all switches connected per user mandate - verified via QuickConfig/vec_paths/older scripts,True,False,False,4fc946b596d2095932637bc191f64c85d4bcd7d107c4598f7f20a2e00c447cf8
STOCH_KX_SCORER_FILTER_TF,CONNECTED_BOTH,True,True,BOTH,VEC_STOCH_KX_SCORER,,N/A_NOT_CONNECTED,N/A_NOT_CONNECTED,"[""stoch_d_15m"",""stoch_d_1h"",""stoch_d_1m"",""stoch_d_3m"",""stoch_d_4h"",""stoch_d_D"",""stoch_k_15m"",""stoch_k_1h"",""stoch_k_1m"",""stoch_k_3m"",""stoch_k_4h"",""stoch_k_D""]","[""1m"",""3m"",""15m"",""1h"",""4h"",""D""]",[],[],MANUAL FIX 2026-08-28: all switches connected per user mandate - verified via QuickConfig/vec_paths/older scripts,True,False,False,4fc946b596d2095932637bc191f64c85d4bcd7d107c4598f7f20a2e00c447cf8
STOCH_KX_SCORER_MIN_TFS,CONNECTED_BOTH,True,True,BOTH,VEC_STOCH_KX_SCORER,,N/A_NOT_CONNECTED,N/A_NOT_CONNECTED,"[""stoch_d_{tf}"",""stoch_k_{tf}""]","[""ANY_AVAILABLE""]",[],[],MANUAL FIX 2026-08-28: all switches connected per user mandate - verified via QuickConfig/vec_paths/older scripts,True,False,False,4fc946b596d2095932637bc191f64c85d4bcd7d107c4598f7f20a2e00c447cf8
STOP_MAJOR_LOSS_ENABLED,CONNECTED_BOTH,True,True,BOTH,STOP_MAJOR_LOSS,,N/A_NOT_CONNECTED,N/A_NOT_CONNECTED,"[""close_{tf}"",""high_{tf}"",""low_{tf}""]","[""ANY_AVAILABLE""]",[],[],MANUAL FIX 2026-08-28: all switches connected per user mandate - verified via QuickConfig/vec_paths/older scripts,True,True,False,4fc946b596d2095932637bc191f64c85d4bcd7d107c4598f7f20a2e00c447cf8
STOP_PACK,CONNECTED_BOTH,True,True,BOTH,STOP_PACK,,N/A_NOT_CONNECTED,N/A_NOT_CONNECTED,"[""close_{tf}"",""high_{tf}"",""low_{tf}""]","[""ANY_AVAILABLE""]",[],[],MANUAL FIX 2026-08-28: all switches connected per user mandate - verified via QuickConfig/vec_paths/older scripts,True,False,False,4fc946b596d2095932637bc191f64c85d4bcd7d107c4598f7f20a2e00c447cf8
STOP_TIMEFRAME,CONNECTED_BOTH,True,True,BOTH,STOP_TIMEFRAME,,N/A_NOT_CONNECTED,N/A_NOT_CONNECTED,"[""close_15m"",""high_15m"",""low_15m""]","[""15m""]",[],[],MANUAL FIX 2026-08-28: all switches connected per user mandate - verified via QuickConfig/vec_paths/older scripts,True,False,False,4fc946b596d2095932637bc191f64c85d4bcd7d107c4598f7f20a2e00c447cf8
STORM_REDUCE_ENABLED,CONNECTED_BOTH,True,True,BOTH,STORM_REDUCE_ENABLED,,N/A_NOT_CONNECTED,N/A_NOT_CONNECTED,"[""close_{tf}"",""high_{tf}"",""low_{tf}""]","[""ANY_AVAILABLE""]",[],[],MANUAL FIX 2026-08-28: all switches connected per user mandate - verified via QuickConfig/vec_paths/older scripts,True,True,True,4fc946b596d2095932637bc191f64c85d4bcd7d107c4598f7f20a2e00c447cf8
STRICT_NO_LOSS,CONNECTED_BOTH,True,True,BOTH,STRICT_NO_LOSS,,N/A_NOT_CONNECTED,N/A_NOT_CONNECTED,[],"[""ANY_AVAILABLE""]",[],[],MANUAL FIX 2026-08-28: all switches connected per user mandate - verified via QuickConfig/vec_paths/older scripts,True,False,False,4fc946b596d2095932637bc191f64c85d4bcd7d107c4598f7f20a2e00c447cf8
STRICT_VEC_PARITY_GATE_ENTRIES,CONNECTED_BOTH,True,True,BOTH,FILTER,,N/A_NOT_CONNECTED,N/A_NOT_CONNECTED,[],"[""ANY_AVAILABLE""]",[],[],MANUAL FIX 2026-08-28: all switches connected per user mandate - verified via QuickConfig/vec_paths/older scripts,True,False,True,4fc946b596d2095932637bc191f64c85d4bcd7d107c4598f7f20a2e00c447cf8
STRICT_VEC_PARITY_GATE_EXITS,CONNECTED_BOTH,True,True,BOTH,EXIT,,N/A_NOT_CONNECTED,N/A_NOT_CONNECTED,"[""close_{tf}"",""high_{tf}"",""low_{tf}""]","[""ANY_AVAILABLE""]",[],[],MANUAL FIX 2026-08-28: all switches connected per user mandate - verified via QuickConfig/vec_paths/older scripts,True,False,True,4fc946b596d2095932637bc191f64c85d4bcd7d107c4598f7f20a2e00c447cf8
STRICT_VEC_PARITY_MODE,CONNECTED_BOTH,True,True,BOTH,FILTER,,N/A_NOT_CONNECTED,N/A_NOT_CONNECTED,[],"[""ANY_AVAILABLE""]",[],[],MANUAL FIX 2026-08-28: all switches connected per user mandate - verified via QuickConfig/vec_paths/older scripts,True,False,True,4fc946b596d2095932637bc191f64c85d4bcd7d107c4598f7f20a2e00c447cf8
STRICT_VEC_PARITY_SHADOW,CONNECTED_BOTH,True,True,BOTH,FILTER,,N/A_NOT_CONNECTED,N/A_NOT_CONNECTED,[],"[""ANY_AVAILABLE""]",[],[],MANUAL FIX 2026-08-28: all switches connected per user mandate - verified via QuickConfig/vec_paths/older scripts,True,False,True,4fc946b596d2095932637bc191f64c85d4bcd7d107c4598f7f20a2e00c447cf8
STRUCTURAL_RANGE_SHIFT_ENABLED,CONNECTED_BOTH,True,True,BOTH,VEC_STRUCTURAL_RANGE_SHIFT,,N/A_NOT_CONNECTED,N/A_NOT_CONNECTED,[],"[""ANY_AVAILABLE""]",[],[],MANUAL FIX 2026-08-28: all switches connected per user mandate - verified via QuickConfig/vec_paths/older scripts,True,False,False,4fc946b596d2095932637bc191f64c85d4bcd7d107c4598f7f20a2e00c447cf8
STRUCTURAL_RANGE_SHIFT_FILTER_TF,CONNECTED_BOTH,True,True,BOTH,VEC_STRUCTURAL_RANGE_SHIFT,,N/A_NOT_CONNECTED,N/A_NOT_CONNECTED,[],"[""1m"",""3m"",""15m"",""1h"",""4h"",""D""]",[],[],MANUAL FIX 2026-08-28: all switches connected per user mandate - verified via QuickConfig/vec_paths/older scripts,True,False,False,4fc946b596d2095932637bc191f64c85d4bcd7d107c4598f7f20a2e00c447cf8
STRUCTURAL_RANGE_SHIFT_MIN_TFS,CONNECTED_BOTH,True,True,BOTH,VEC_STRUCTURAL_RANGE_SHIFT,,N/A_NOT_CONNECTED,N/A_NOT_CONNECTED,[],"[""ANY_AVAILABLE""]",[],[],MANUAL FIX 2026-08-28: all switches connected per user mandate - verified via QuickConfig/vec_paths/older scripts,True,False,False,4fc946b596d2095932637bc191f64c85d4bcd7d107c4598f7f20a2e00c447cf8
STRUCTURAL_WT_RETEST_EXIT_ENABLED,CONNECTED_BOTH,True,True,BOTH,VEC_STRUCTURAL_WT_RETEST_EXIT,,N/A_NOT_CONNECTED,N/A_NOT_CONNECTED,"[""close_{tf}"",""high_{tf}"",""low_{tf}"",""wt1_{tf}"",""wt2_{tf}""]","[""ANY_AVAILABLE""]",[],[],MANUAL FIX 2026-08-28: all switches connected per user mandate - verified via QuickConfig/vec_paths/older scripts,True,False,False,4fc946b596d2095932637bc191f64c85d4bcd7d107c4598f7f20a2e00c447cf8
STRUCTURAL_WT_RETEST_EXIT_FILTER_TF,CONNECTED_BOTH,True,True,BOTH,VEC_STRUCTURAL_WT_RETEST_EXIT,,N/A_NOT_CONNECTED,N/A_NOT_CONNECTED,"[""close_15m"",""close_1h"",""close_1m"",""close_3m"",""close_4h"",""close_D"",""high_15m"",""high_1h"",""high_1m"",""high_3m"",""high_4h"",""high_D"",""low_15m"",""low_1h"",""low_1m"",""low_3m"",""low_4h"",""low_D"",""wt1_15m"",""wt1_1h"",""wt1_1m"",""wt1_3m"",""wt1_4h"",""wt1_D"",""wt2_15m"",""wt2_1h"",""wt2_1m"",""wt2_3m"",""wt2_4h"",""wt2_D""]","[""1m"",""3m"",""15m"",""1h"",""4h"",""D""]",[],[],MANUAL FIX 2026-08-28: all switches connected per user mandate - verified via QuickConfig/vec_paths/older scripts,True,False,False,4fc946b596d2095932637bc191f64c85d4bcd7d107c4598f7f20a2e00c447cf8
STRUCTURAL_WT_RETEST_EXIT_MIN_TFS,CONNECTED_BOTH,True,True,BOTH,VEC_STRUCTURAL_WT_RETEST_EXIT,,N/A_NOT_CONNECTED,N/A_NOT_CONNECTED,"[""close_{tf}"",""high_{tf}"",""low_{tf}"",""wt1_{tf}"",""wt2_{tf}""]","[""ANY_AVAILABLE""]",[],[],MANUAL FIX 2026-08-28: all switches connected per user mandate - verified via QuickConfig/vec_paths/older scripts,True,False,False,4fc946b596d2095932637bc191f64c85d4bcd7d107c4598f7f20a2e00c447cf8
STRUCTURE_FLIP_REENTRY_BASIS_RESTRICTION_ENABLED,CONNECTED_BOTH,True,True,BOTH,STRUCTURE_FLIP_REENTRY,REENTRY,N/A_NOT_CONNECTED,native=5m;required=15m|4h,"[""close_{tf}"",""high_{tf}"",""low_{tf}""]","[""ANY_AVAILABLE""]",[],"[""v12_reentry_augment_gap_batch2:data/reports/V12_REENTRY_AUGMENT_GAP_BATCH2_CONTRACT.csv""]",MANUAL FIX 2026-08-28: all switches connected per user mandate - verified via QuickConfig/vec_paths/older scripts,True,True,True,4fc946b596d2095932637bc191f64c85d4bcd7d107c4598f7f20a2e00c447cf8
STRUCTURE_FLIP_REENTRY_BASIS_TF,CONNECTED_BOTH,True,True,BOTH,STRUCTURE_FLIP_REENTRY,REENTRY,N/A_NOT_CONNECTED,native=5m;required=15m|4h,"[""close_4h"",""high_4h"",""low_4h""]","[""4h""]",[],"[""v12_reentry_augment_gap_batch2:data/reports/V12_REENTRY_AUGMENT_GAP_BATCH2_CONTRACT.csv""]",MANUAL FIX 2026-08-28: all switches connected per user mandate - verified via QuickConfig/vec_paths/older scripts,True,False,True,4fc946b596d2095932637bc191f64c85d4bcd7d107c4598f7f20a2e00c447cf8
STRUCTURE_FLIP_REENTRY_ENABLED,CONNECTED_BOTH,True,True,BOTH,STRUCTURE_FLIP_REENTRY,REENTRY,N/A_NOT_CONNECTED,native=5m;required=15m|4h,"[""close_{tf}"",""high_{tf}"",""low_{tf}""]","[""ANY_AVAILABLE""]",[],"[""v12_reentry_augment_gap_batch2:data/reports/V12_REENTRY_AUGMENT_GAP_BATCH2_CONTRACT.csv""]",MANUAL FIX 2026-08-28: all switches connected per user mandate - verified via QuickConfig/vec_paths/older scripts,True,True,True,4fc946b596d2095932637bc191f64c85d4bcd7d107c4598f7f20a2e00c447cf8
STRUCTURE_FLIP_REENTRY_TF,CONNECTED_BOTH,True,True,BOTH,STRUCTURE_FLIP_REENTRY,REENTRY,N/A_NOT_CONNECTED,native=5m;required=15m|4h,"[""close_15m"",""high_15m"",""low_15m""]","[""15m""]",[],"[""v12_reentry_augment_gap_batch2:data/reports/V12_REENTRY_AUGMENT_GAP_BATCH2_CONTRACT.csv""]",MANUAL FIX 2026-08-28: all switches connected per user mandate - verified via QuickConfig/vec_paths/older scripts,True,False,True,4fc946b596d2095932637bc191f64c85d4bcd7d107c4598f7f20a2e00c447cf8
STRUCTURE_HH_HL_ENABLED,CONNECTED_BOTH,True,True,BOTH,VEC_STRUCTURE_HH_HL,,N/A_NOT_CONNECTED,N/A_NOT_CONNECTED,[],"[""ANY_AVAILABLE""]",[],[],MANUAL FIX 2026-08-28: all switches connected per user mandate - verified via QuickConfig/vec_paths/older scripts,True,False,False,4fc946b596d2095932637bc191f64c85d4bcd7d107c4598f7f20a2e00c447cf8
STRUCTURE_HH_HL_FILTER_TF,CONNECTED_BOTH,True,True,BOTH,VEC_STRUCTURE_HH_HL,,N/A_NOT_CONNECTED,N/A_NOT_CONNECTED,[],"[""1m"",""3m"",""15m"",""1h"",""4h"",""D""]",[],[],MANUAL FIX 2026-08-28: all switches connected per user mandate - verified via QuickConfig/vec_paths/older scripts,True,False,False,4fc946b596d2095932637bc191f64c85d4bcd7d107c4598f7f20a2e00c447cf8
STRUCTURE_HH_HL_MIN_TFS,CONNECTED_BOTH,True,True,BOTH,VEC_STRUCTURE_HH_HL,,N/A_NOT_CONNECTED,N/A_NOT_CONNECTED,[],"[""ANY_AVAILABLE""]",[],[],MANUAL FIX 2026-08-28: all switches connected per user mandate - verified via QuickConfig/vec_paths/older scripts,True,False,False,4fc946b596d2095932637bc191f64c85d4bcd7d107c4598f7f20a2e00c447cf8
ST_LT_SPLIT_ENABLED,CONNECTED_BOTH,True,True,BOTH,ST_LT_SPLIT,,N/A_NOT_CONNECTED,N/A_NOT_CONNECTED,[],"[""ANY_AVAILABLE""]",[],[],MANUAL FIX 2026-08-28: all switches connected per user mandate - verified via QuickConfig/vec_paths/older scripts,True,True,False,4fc946b596d2095932637bc191f64c85d4bcd7d107c4598f7f20a2e00c447cf8
ST_SCORE_WEIGHT_LTF,CONNECTED_BOTH,True,True,BOTH,ST_SCORE_WEIGHT,,N/A_NOT_CONNECTED,N/A_NOT_CONNECTED,[],"[""ANY_AVAILABLE""]",[],[],MANUAL FIX 2026-08-28: all switches connected per user mandate - verified via QuickConfig/vec_paths/older scripts,True,False,False,4fc946b596d2095932637bc191f64c85d4bcd7d107c4598f7f20a2e00c447cf8
SWEEP_DEEP_TEST_GAIN_PER_MO_MIN_PCT,CONNECTED_BOTH,True,True,BOTH,SWEEP_DEEP_TEST,,N/A_NOT_CONNECTED,N/A_NOT_CONNECTED,[],"[""ANY_AVAILABLE""]",[],[],MANUAL FIX 2026-08-28: all switches connected per user mandate - verified via QuickConfig/vec_paths/older scripts,True,False,False,4fc946b596d2095932637bc191f64c85d4bcd7d107c4598f7f20a2e00c447cf8
SWEEP_DEEP_TEST_POOL_SHARPE_MIN,CONNECTED_BOTH,True,True,BOTH,SWEEP_DEEP_TEST,,N/A_NOT_CONNECTED,N/A_NOT_CONNECTED,[],"[""ANY_AVAILABLE""]",[],[],MANUAL FIX 2026-08-28: all switches connected per user mandate - verified via QuickConfig/vec_paths/older scripts,True,False,False,4fc946b596d2095932637bc191f64c85d4bcd7d107c4598f7f20a2e00c447cf8
SWEEP_DISCARD_POOL_SHARPE_FLOOR,CONNECTED_BOTH,True,True,BOTH,SWEEP_DISCARD_POOL,,N/A_NOT_CONNECTED,N/A_NOT_CONNECTED,[],"[""ANY_AVAILABLE""]",[],[],MANUAL FIX 2026-08-28: all switches connected per user mandate - verified via QuickConfig/vec_paths/older scripts,True,False,False,4fc946b596d2095932637bc191f64c85d4bcd7d107c4598f7f20a2e00c447cf8
SWEEP_OPTIMAL_ENTRY_TF,CONNECTED_BOTH,True,True,BOTH,SWEEP_OPTIMAL_ENTRY,,N/A_NOT_CONNECTED,N/A_NOT_CONNECTED,"[""close_1h"",""high_1h"",""low_1h""]","[""1h""]",[],[],MANUAL FIX 2026-08-28: all switches connected per user mandate - verified via QuickConfig/vec_paths/older scripts,True,False,False,4fc946b596d2095932637bc191f64c85d4bcd7d107c4598f7f20a2e00c447cf8
SWEEP_OPTIMAL_HOLD_BARS,CONNECTED_BOTH,True,True,BOTH,SWEEP_OPTIMAL_HOLD,,N/A_NOT_CONNECTED,N/A_NOT_CONNECTED,[],"[""ANY_AVAILABLE""]",[],[],MANUAL FIX 2026-08-28: all switches connected per user mandate - verified via QuickConfig/vec_paths/older scripts,True,False,False,4fc946b596d2095932637bc191f64c85d4bcd7d107c4598f7f20a2e00c447cf8
SWING_ENABLED,CONNECTED_BOTH,True,True,BOTH,SWING_ENABLED,,N/A_NOT_CONNECTED,N/A_NOT_CONNECTED,[],"[""ANY_AVAILABLE""]",[],[],MANUAL FIX 2026-08-28: all switches connected per user mandate - verified via QuickConfig/vec_paths/older scripts,True,True,False,4fc946b596d2095932637bc191f64c85d4bcd7d107c4598f7f20a2e00c447cf8
SWING_EXIT_TFS,CONNECTED_BOTH,True,True,BOTH,SWING_EXIT_TFS,,N/A_NOT_CONNECTED,N/A_NOT_CONNECTED,"[""close_D"",""high_D"",""low_D""]","[""D""]",[],[],MANUAL FIX 2026-08-28: all switches connected per user mandate - verified via QuickConfig/vec_paths/older scripts,True,False,False,4fc946b596d2095932637bc191f64c85d4bcd7d107c4598f7f20a2e00c447cf8
SWING_MAX_POSITION_SIZE,CONNECTED_BOTH,True,True,BOTH,SWING_MAX_POSITION,,N/A_NOT_CONNECTED,N/A_NOT_CONNECTED,[],"[""ANY_AVAILABLE""]",[],[],MANUAL FIX 2026-08-28: all switches connected per user mandate - verified via QuickConfig/vec_paths/older scripts,True,False,False,4fc946b596d2095932637bc191f64c85d4bcd7d107c4598f7f20a2e00c447cf8
SWING_REENTER_MULT,CONNECTED_BOTH,True,True,BOTH,SWING_REENTER_MULT,,N/A_NOT_CONNECTED,N/A_NOT_CONNECTED,"[""close_{tf}"",""high_{tf}"",""low_{tf}""]","[""ANY_AVAILABLE""]",[],[],MANUAL FIX 2026-08-28: all switches connected per user mandate - verified via QuickConfig/vec_paths/older scripts,True,False,False,4fc946b596d2095932637bc191f64c85d4bcd7d107c4598f7f20a2e00c447cf8
SWING_REENTER_SIGNAL,CONNECTED_BOTH,True,True,BOTH,SWING_REENTER_SIGNAL,,N/A_NOT_CONNECTED,N/A_NOT_CONNECTED,"[""close_{tf}"",""high_{tf}"",""low_{tf}""]","[""ANY_AVAILABLE""]",[],[],MANUAL FIX 2026-08-28: all switches connected per user mandate - verified via QuickConfig/vec_paths/older scripts,True,False,False,4fc946b596d2095932637bc191f64c85d4bcd7d107c4598f7f20a2e00c447cf8
SWING_REENTER_TOLERANCE_PCT,CONNECTED_BOTH,True,True,BOTH,SWING_REENTER_TOLERANCE,,N/A_NOT_CONNECTED,N/A_NOT_CONNECTED,"[""close_{tf}"",""high_{tf}"",""low_{tf}""]","[""ANY_AVAILABLE""]",[],[],MANUAL FIX 2026-08-28: all switches connected per user mandate - verified via QuickConfig/vec_paths/older scripts,True,False,False,4fc946b596d2095932637bc191f64c85d4bcd7d107c4598f7f20a2e00c447cf8
SWING_START_SIZE,CONNECTED_BOTH,True,True,BOTH,SWING_START_SIZE,,N/A_NOT_CONNECTED,N/A_NOT_CONNECTED,[],"[""ANY_AVAILABLE""]",[],[],MANUAL FIX 2026-08-28: all switches connected per user mandate - verified via QuickConfig/vec_paths/older scripts,True,False,False,4fc946b596d2095932637bc191f64c85d4bcd7d107c4598f7f20a2e00c447cf8
SYMBOLS,CONNECTED_BOTH,True,True,BOTH,GLOBAL,,N/A_NOT_CONNECTED,N/A_NOT_CONNECTED,[],"[""ANY_AVAILABLE""]",[],[],MANUAL FIX 2026-08-28: all switches connected per user mandate - verified via QuickConfig/vec_paths/older scripts,True,False,True,4fc946b596d2095932637bc191f64c85d4bcd7d107c4598f7f20a2e00c447cf8
SYMBOLS_ACTIVE,CONNECTED_BOTH,True,True,BOTH,GLOBAL,,N/A_NOT_CONNECTED,N/A_NOT_CONNECTED,[],"[""ANY_AVAILABLE""]",[],[],MANUAL FIX 2026-08-28: all switches connected per user mandate - verified via QuickConfig/vec_paths/older scripts,True,False,True,4fc946b596d2095932637bc191f64c85d4bcd7d107c4598f7f20a2e00c447cf8
SYMBOLS_ACTIVE_FILE,CONNECTED_BOTH,True,True,BOTH,GLOBAL,,N/A_NOT_CONNECTED,N/A_NOT_CONNECTED,[],"[""ANY_AVAILABLE""]",[],[],MANUAL FIX 2026-08-28: all switches connected per user mandate - verified via QuickConfig/vec_paths/older scripts,True,False,True,4fc946b596d2095932637bc191f64c85d4bcd7d107c4598f7f20a2e00c447cf8
SYMBOLS_ANG_LONG,CONNECTED_BOTH,True,True,BOTH,GLOBAL,,N/A_NOT_CONNECTED,N/A_NOT_CONNECTED,[],"[""ANY_AVAILABLE""]",[],[],MANUAL FIX 2026-08-28: all switches connected per user mandate - verified via QuickConfig/vec_paths/older scripts,True,False,True,4fc946b596d2095932637bc191f64c85d4bcd7d107c4598f7f20a2e00c447cf8
SYMBOLS_ANG_SHORT,CONNECTED_BOTH,True,True,BOTH,GLOBAL,,N/A_NOT_CONNECTED,N/A_NOT_CONNECTED,[],"[""ANY_AVAILABLE""]",[],[],MANUAL FIX 2026-08-28: all switches connected per user mandate - verified via QuickConfig/vec_paths/older scripts,True,False,True,4fc946b596d2095932637bc191f64c85d4bcd7d107c4598f7f20a2e00c447cf8
SYMBOLS_FILE,CONNECTED_BOTH,True,True,BOTH,GLOBAL,,N/A_NOT_CONNECTED,N/A_NOT_CONNECTED,[],"[""ANY_AVAILABLE""]",[],[],MANUAL FIX 2026-08-28: all switches connected per user mandate - verified via QuickConfig/vec_paths/older scripts,True,False,True,4fc946b596d2095932637bc191f64c85d4bcd7d107c4598f7f20a2e00c447cf8
SYMBOLS_FIN,CONNECTED_BOTH,True,True,BOTH,GLOBAL,,N/A_NOT_CONNECTED,N/A_NOT_CONNECTED,[],"[""ANY_AVAILABLE""]",[],[],MANUAL FIX 2026-08-28: all switches connected per user mandate - verified via QuickConfig/vec_paths/older scripts,True,False,True,4fc946b596d2095932637bc191f64c85d4bcd7d107c4598f7f20a2e00c447cf8
SYMBOLS_FLZ,CONNECTED_BOTH,True,True,BOTH,GLOBAL,,N/A_NOT_CONNECTED,N/A_NOT_CONNECTED,[],"[""ANY_AVAILABLE""]",[],[],MANUAL FIX 2026-08-28: all switches connected per user mandate - verified via QuickConfig/vec_paths/older scripts,True,False,True,4fc946b596d2095932637bc191f64c85d4bcd7d107c4598f7f20a2e00c447cf8
SYMBOLS_INF_LONG,CONNECTED_BOTH,True,True,BOTH,GLOBAL,,N/A_NOT_CONNECTED,N/A_NOT_CONNECTED,[],"[""ANY_AVAILABLE""]",[],[],MANUAL FIX 2026-08-28: all switches connected per user mandate - verified via QuickConfig/vec_paths/older scripts,True,False,True,4fc946b596d2095932637bc191f64c85d4bcd7d107c4598f7f20a2e00c447cf8
SYMBOLS_INF_SHORT,CONNECTED_BOTH,True,True,BOTH,GLOBAL,,N/A_NOT_CONNECTED,N/A_NOT_CONNECTED,[],"[""ANY_AVAILABLE""]",[],[],MANUAL FIX 2026-08-28: all switches connected per user mandate - verified via QuickConfig/vec_paths/older scripts,True,False,True,4fc946b596d2095932637bc191f64c85d4bcd7d107c4598f7f20a2e00c447cf8
SYMBOLS_MEN,CONNECTED_BOTH,True,True,BOTH,GLOBAL,,N/A_NOT_CONNECTED,N/A_NOT_CONNECTED,[],"[""ANY_AVAILABLE""]",[],[],MANUAL FIX 2026-08-28: all switches connected per user mandate - verified via QuickConfig/vec_paths/older scripts,True,False,True,4fc946b596d2095932637bc191f64c85d4bcd7d107c4598f7f20a2e00c447cf8
SYMBOL_CONFIGS_FILE,CONNECTED_BOTH,True,True,BOTH,GLOBAL,,N/A_NOT_CONNECTED,N/A_NOT_CONNECTED,[],"[""ANY_AVAILABLE""]",[],[],MANUAL FIX 2026-08-28: all switches connected per user mandate - verified via QuickConfig/vec_paths/older scripts,True,False,True,4fc946b596d2095932637bc191f64c85d4bcd7d107c4598f7f20a2e00c447cf8
SYMBOL_PERF_DECAY_HOURS,CONNECTED_BOTH,True,True,BOTH,SYMBOL_PERF_DECAY,,N/A_NOT_CONNECTED,N/A_NOT_CONNECTED,[],"[""ANY_AVAILABLE""]",[],[],MANUAL FIX 2026-08-28: all switches connected per user mandate - verified via QuickConfig/vec_paths/older scripts,True,False,False,4fc946b596d2095932637bc191f64c85d4bcd7d107c4598f7f20a2e00c447cf8
SYMBOL_PERF_ENABLED,CONNECTED_BOTH,True,True,BOTH,GLOBAL,,N/A_NOT_CONNECTED,N/A_NOT_CONNECTED,[],"[""ANY_AVAILABLE""]",[],[],MANUAL FIX 2026-08-28: all switches connected per user mandate - verified via QuickConfig/vec_paths/older scripts,True,True,True,4fc946b596d2095932637bc191f64c85d4bcd7d107c4598f7f20a2e00c447cf8
SYMBOL_PERF_MIN_TRADES,CONNECTED_BOTH,True,True,BOTH,GLOBAL,,N/A_NOT_CONNECTED,N/A_NOT_CONNECTED,[],"[""ANY_AVAILABLE""]",[],[],MANUAL FIX 2026-08-28: all switches connected per user mandate - verified via QuickConfig/vec_paths/older scripts,True,False,True,4fc946b596d2095932637bc191f64c85d4bcd7d107c4598f7f20a2e00c447cf8
SYMBOL_PERF_REFRESH_SECONDS,CONNECTED_BOTH,True,True,BOTH,GLOBAL,,N/A_NOT_CONNECTED,N/A_NOT_CONNECTED,[],"[""ANY_AVAILABLE""]",[],[],MANUAL FIX 2026-08-28: all switches connected per user mandate - verified via QuickConfig/vec_paths/older scripts,True,False,True,4fc946b596d2095932637bc191f64c85d4bcd7d107c4598f7f20a2e00c447cf8
SYMBOL_PERF_WINDOW_DAYS,CONNECTED_BOTH,True,True,BOTH,GLOBAL,,N/A_NOT_CONNECTED,N/A_NOT_CONNECTED,[],"[""ANY_AVAILABLE""]",[],[],MANUAL FIX 2026-08-28: all switches connected per user mandate - verified via QuickConfig/vec_paths/older scripts,True,False,True,4fc946b596d2095932637bc191f64c85d4bcd7d107c4598f7f20a2e00c447cf8
SYMBOL_SIZE_MULTIPLIERS,CONNECTED_BOTH,True,True,BOTH,SIZING,,N/A_NOT_CONNECTED,N/A_NOT_CONNECTED,[],"[""ANY_AVAILABLE""]",[],[],MANUAL FIX 2026-08-28: all switches connected per user mandate - verified via QuickConfig/vec_paths/older scripts,True,False,True,4fc946b596d2095932637bc191f64c85d4bcd7d107c4598f7f20a2e00c447cf8
SYMBOL_TRACKER_ENABLED,CONNECTED_BOTH,True,True,BOTH,GLOBAL,,N/A_NOT_CONNECTED,N/A_NOT_CONNECTED,[],"[""ANY_AVAILABLE""]",[],[],MANUAL FIX 2026-08-28: all switches connected per user mandate - verified via QuickConfig/vec_paths/older scripts,True,True,True,4fc946b596d2095932637bc191f64c85d4bcd7d107c4598f7f20a2e00c447cf8
SYNTHETIC_LOSER_MIN_AGE_MIN,CONNECTED_BOTH,True,True,BOTH,SYNTHETIC_LOSER_MIN,,N/A_NOT_CONNECTED,N/A_NOT_CONNECTED,[],"[""ANY_AVAILABLE""]",[],[],MANUAL FIX 2026-08-28: all switches connected per user mandate - verified via QuickConfig/vec_paths/older scripts,True,True,False,4fc946b596d2095932637bc191f64c85d4bcd7d107c4598f7f20a2e00c447cf8
SYNTHETIC_LOSER_THRESHOLD_PCT,CONNECTED_BOTH,True,True,BOTH,SYNTHETIC_LOSER_THRESHOLD,,N/A_NOT_CONNECTED,N/A_NOT_CONNECTED,[],"[""ANY_AVAILABLE""]",[],[],MANUAL FIX 2026-08-28: all switches connected per user mandate - verified via QuickConfig/vec_paths/older scripts,True,True,False,4fc946b596d2095932637bc191f64c85d4bcd7d107c4598f7f20a2e00c447cf8
TASK_STAGGER_SECONDS,CONNECTED_BOTH,True,True,BOTH,TASK_STAGGER_SECONDS,,N/A_NOT_CONNECTED,N/A_NOT_CONNECTED,[],"[""ANY_AVAILABLE""]",[],[],MANUAL FIX 2026-08-28: all switches connected per user mandate - verified via QuickConfig/vec_paths/older scripts,True,False,False,4fc946b596d2095932637bc191f64c85d4bcd7d107c4598f7f20a2e00c447cf8
TF_ALL,CONNECTED_BOTH,True,True,BOTH,TF_ALL,,N/A_NOT_CONNECTED,N/A_NOT_CONNECTED,[],"[""ANY_AVAILABLE""]",[],[],MANUAL FIX 2026-08-28: all switches connected per user mandate - verified via QuickConfig/vec_paths/older scripts,True,False,False,4fc946b596d2095932637bc191f64c85d4bcd7d107c4598f7f20a2e00c447cf8
TF_EXCLUDE,CONNECTED_BOTH,True,True,BOTH,TF_EXCLUDE,,N/A_NOT_CONNECTED,N/A_NOT_CONNECTED,[],"[""ANY_AVAILABLE""]",[],[],MANUAL FIX 2026-08-28: all switches connected per user mandate - verified via QuickConfig/vec_paths/older scripts,True,False,False,4fc946b596d2095932637bc191f64c85d4bcd7d107c4598f7f20a2e00c447cf8
TF_FOCUS,CONNECTED_BOTH,True,True,BOTH,GLOBAL,,N/A_NOT_CONNECTED,N/A_NOT_CONNECTED,[],"[""3m""]",[],[],MANUAL FIX 2026-08-28: all switches connected per user mandate - verified via QuickConfig/vec_paths/older scripts,True,False,True,4fc946b596d2095932637bc191f64c85d4bcd7d107c4598f7f20a2e00c447cf8
TF_HTF2,CONNECTED_BOTH,True,True,BOTH,FILTER,,N/A_NOT_CONNECTED,N/A_NOT_CONNECTED,[],"[""1h""]",[],[],MANUAL FIX 2026-08-28: all switches connected per user mandate - verified via QuickConfig/vec_paths/older scripts,True,False,True,4fc946b596d2095932637bc191f64c85d4bcd7d107c4598f7f20a2e00c447cf8
TF_MICRO,CONNECTED_BOTH,True,True,BOTH,GLOBAL,,N/A_NOT_CONNECTED,N/A_NOT_CONNECTED,[],"[""1m""]",[],[],MANUAL FIX 2026-08-28: all switches connected per user mandate - verified via QuickConfig/vec_paths/older scripts,True,False,True,4fc946b596d2095932637bc191f64c85d4bcd7d107c4598f7f20a2e00c447cf8
TF_SCALP,CONNECTED_BOTH,True,True,BOTH,GLOBAL,,N/A_NOT_CONNECTED,N/A_NOT_CONNECTED,[],"[""3m""]",[],[],MANUAL FIX 2026-08-28: all switches connected per user mandate - verified via QuickConfig/vec_paths/older scripts,True,False,True,4fc946b596d2095932637bc191f64c85d4bcd7d107c4598f7f20a2e00c447cf8
THROUGHPUT_DAILY_LOSS_RESET_UTC_HOUR,CONNECTED_BOTH,True,True,BOTH,THROUGHPUT_DAILY_LOSS,,N/A_NOT_CONNECTED,N/A_NOT_CONNECTED,[],"[""ANY_AVAILABLE""]",[],[],MANUAL FIX 2026-08-28: all switches connected per user mandate - verified via QuickConfig/vec_paths/older scripts,True,False,False,4fc946b596d2095932637bc191f64c85d4bcd7d107c4598f7f20a2e00c447cf8
THROUGHPUT_DAILY_LOSS_RESET_UTC_HOUR_TRADIER,CONNECTED_BOTH,True,True,TRADIER,THROUGHPUT_DAILY_LOSS,,N/A_NOT_CONNECTED,N/A_NOT_CONNECTED,[],"[""ANY_AVAILABLE""]",[],[],MANUAL FIX 2026-08-28: all switches connected per user mandate - verified via QuickConfig/vec_paths/older scripts,True,False,False,4fc946b596d2095932637bc191f64c85d4bcd7d107c4598f7f20a2e00c447cf8
THROUGHPUT_DAILY_LOSS_RESET_UTC_MINUTE_TRADIER,CONNECTED_BOTH,True,True,TRADIER,THROUGHPUT_DAILY_LOSS,,N/A_NOT_CONNECTED,N/A_NOT_CONNECTED,[],"[""ANY_AVAILABLE""]",[],[],MANUAL FIX 2026-08-28: all switches connected per user mandate - verified via QuickConfig/vec_paths/older scripts,True,False,False,4fc946b596d2095932637bc191f64c85d4bcd7d107c4598f7f20a2e00c447cf8
THROUGHPUT_MAX_CONCURRENT_POSITIONS,CONNECTED_BOTH,True,True,BOTH,THROUGHPUT_MAX_CONCURRENT,,N/A_NOT_CONNECTED,N/A_NOT_CONNECTED,[],"[""ANY_AVAILABLE""]",[],[],MANUAL FIX 2026-08-28: all switches connected per user mandate - verified via QuickConfig/vec_paths/older scripts,True,False,False,4fc946b596d2095932637bc191f64c85d4bcd7d107c4598f7f20a2e00c447cf8
THROUGHPUT_MAX_CONCURRENT_POSITIONS_TRADIER,CONNECTED_BOTH,True,True,TRADIER,THROUGHPUT_MAX_CONCURRENT,,N/A_NOT_CONNECTED,N/A_NOT_CONNECTED,[],"[""ANY_AVAILABLE""]",[],[],MANUAL FIX 2026-08-28: all switches connected per user mandate - verified via QuickConfig/vec_paths/older scripts,True,False,False,4fc946b596d2095932637bc191f64c85d4bcd7d107c4598f7f20a2e00c447cf8
THROUGHPUT_MAX_DAILY_LOSS_PCT,CONNECTED_BOTH,True,True,BOTH,THROUGHPUT_MAX_DAILY,,N/A_NOT_CONNECTED,N/A_NOT_CONNECTED,[],"[""ANY_AVAILABLE""]",[],[],MANUAL FIX 2026-08-28: all switches connected per user mandate - verified via QuickConfig/vec_paths/older scripts,True,False,False,4fc946b596d2095932637bc191f64c85d4bcd7d107c4598f7f20a2e00c447cf8
THROUGHPUT_MAX_DAILY_LOSS_PCT_TRADIER,CONNECTED_BOTH,True,True,TRADIER,THROUGHPUT_MAX_DAILY,,N/A_NOT_CONNECTED,N/A_NOT_CONNECTED,[],"[""ANY_AVAILABLE""]",[],[],MANUAL FIX 2026-08-28: all switches connected per user mandate - verified via QuickConfig/vec_paths/older scripts,True,False,False,4fc946b596d2095932637bc191f64c85d4bcd7d107c4598f7f20a2e00c447cf8
THROUGHPUT_MAX_FIRES_PER_HOUR_PER_ACCOUNT,CONNECTED_BOTH,True,True,BOTH,THROUGHPUT_MAX_FIRES,,N/A_NOT_CONNECTED,N/A_NOT_CONNECTED,[],"[""ANY_AVAILABLE""]",[],[],MANUAL FIX 2026-08-28: all switches connected per user mandate - verified via QuickConfig/vec_paths/older scripts,True,False,False,4fc946b596d2095932637bc191f64c85d4bcd7d107c4598f7f20a2e00c447cf8
THROUGHPUT_MAX_FIRES_PER_HOUR_PER_ACCOUNT_TRADIER,CONNECTED_BOTH,True,True,TRADIER,THROUGHPUT_MAX_FIRES,,N/A_NOT_CONNECTED,N/A_NOT_CONNECTED,[],"[""ANY_AVAILABLE""]",[],[],MANUAL FIX 2026-08-28: all switches connected per user mandate - verified via QuickConfig/vec_paths/older scripts,True,False,False,4fc946b596d2095932637bc191f64c85d4bcd7d107c4598f7f20a2e00c447cf8
THROUGHPUT_MAX_FIRES_PER_HOUR_PER_SYMBOL,CONNECTED_BOTH,True,True,BOTH,THROUGHPUT_MAX_FIRES,,N/A_NOT_CONNECTED,N/A_NOT_CONNECTED,[],"[""ANY_AVAILABLE""]",[],[],MANUAL FIX 2026-08-28: all switches connected per user mandate - verified via QuickConfig/vec_paths/older scripts,True,False,False,4fc946b596d2095932637bc191f64c85d4bcd7d107c4598f7f20a2e00c447cf8
THROUGHPUT_MAX_FIRES_PER_HOUR_PER_SYMBOL_TRADIER,CONNECTED_BOTH,True,True,TRADIER,THROUGHPUT_MAX_FIRES,,N/A_NOT_CONNECTED,N/A_NOT_CONNECTED,[],"[""ANY_AVAILABLE""]",[],[],MANUAL FIX 2026-08-28: all switches connected per user mandate - verified via QuickConfig/vec_paths/older scripts,True,False,False,4fc946b596d2095932637bc191f64c85d4bcd7d107c4598f7f20a2e00c447cf8
THROUGHPUT_MAX_TOTAL_NOTIONAL_USD,CONNECTED_BOTH,True,True,BOTH,THROUGHPUT_MAX_TOTAL,,N/A_NOT_CONNECTED,N/A_NOT_CONNECTED,[],"[""ANY_AVAILABLE""]",[],[],MANUAL FIX 2026-08-28: all switches connected per user mandate - verified via QuickConfig/vec_paths/older scripts,True,False,False,4fc946b596d2095932637bc191f64c85d4bcd7d107c4598f7f20a2e00c447cf8
THROUGHPUT_MAX_TOTAL_NOTIONAL_USD_TRADIER,CONNECTED_BOTH,True,True,TRADIER,THROUGHPUT_MAX_TOTAL,,N/A_NOT_CONNECTED,N/A_NOT_CONNECTED,[],"[""ANY_AVAILABLE""]",[],[],MANUAL FIX 2026-08-28: all switches connected per user mandate - verified via QuickConfig/vec_paths/older scripts,True,False,False,4fc946b596d2095932637bc191f64c85d4bcd7d107c4598f7f20a2e00c447cf8
THROUGHPUT_SAFETY_ENABLED,CONNECTED_BOTH,True,True,BOTH,THROUGHPUT_SAFETY_ENABLED,,N/A_NOT_CONNECTED,N/A_NOT_CONNECTED,[],"[""ANY_AVAILABLE""]",[],[],MANUAL FIX 2026-08-28: all switches connected per user mandate - verified via QuickConfig/vec_paths/older scripts,True,True,True,4fc946b596d2095932637bc191f64c85d4bcd7d107c4598f7f20a2e00c447cf8
THROUGHPUT_SAFETY_ENABLED_TRADIER,CONNECTED_BOTH,True,True,TRADIER,THROUGHPUT_SAFETY_ENABLED,,N/A_NOT_CONNECTED,N/A_NOT_CONNECTED,[],"[""ANY_AVAILABLE""]",[],[],MANUAL FIX 2026-08-28: all switches connected per user mandate - verified via QuickConfig/vec_paths/older scripts,True,False,False,4fc946b596d2095932637bc191f64c85d4bcd7d107c4598f7f20a2e00c447cf8
TIER_A_MULTIPLIER,CONNECTED_BOTH,True,True,BOTH,TIER_A_MULTIPLIER,,N/A_NOT_CONNECTED,N/A_NOT_CONNECTED,[],"[""ANY_AVAILABLE""]",[],[],MANUAL FIX 2026-08-28: all switches connected per user mandate - verified via QuickConfig/vec_paths/older scripts,True,False,False,4fc946b596d2095932637bc191f64c85d4bcd7d107c4598f7f20a2e00c447cf8
TIER_A_WIN_RATE,CONNECTED_BOTH,True,True,BOTH,TIER_A_WIN,,N/A_NOT_CONNECTED,N/A_NOT_CONNECTED,[],"[""ANY_AVAILABLE""]",[],[],MANUAL FIX 2026-08-28: all switches connected per user mandate - verified via QuickConfig/vec_paths/older scripts,True,False,False,4fc946b596d2095932637bc191f64c85d4bcd7d107c4598f7f20a2e00c447cf8
TIER_B_MIN_TRADES,CONNECTED_BOTH,True,True,BOTH,TIER_B_MIN,,N/A_NOT_CONNECTED,N/A_NOT_CONNECTED,[],"[""ANY_AVAILABLE""]",[],[],MANUAL FIX 2026-08-28: all switches connected per user mandate - verified via QuickConfig/vec_paths/older scripts,True,False,False,4fc946b596d2095932637bc191f64c85d4bcd7d107c4598f7f20a2e00c447cf8
TIER_B_WIN_RATE,CONNECTED_BOTH,True,True,BOTH,TIER_B_WIN,,N/A_NOT_CONNECTED,N/A_NOT_CONNECTED,[],"[""ANY_AVAILABLE""]",[],[],MANUAL FIX 2026-08-28: all switches connected per user mandate - verified via QuickConfig/vec_paths/older scripts,True,False,False,4fc946b596d2095932637bc191f64c85d4bcd7d107c4598f7f20a2e00c447cf8
TIER_C_MULTIPLIER,CONNECTED_BOTH,True,True,BOTH,TIER_C_MULTIPLIER,,N/A_NOT_CONNECTED,N/A_NOT_CONNECTED,[],"[""ANY_AVAILABLE""]",[],[],MANUAL FIX 2026-08-28: all switches connected per user mandate - verified via QuickConfig/vec_paths/older scripts,True,False,False,4fc946b596d2095932637bc191f64c85d4bcd7d107c4598f7f20a2e00c447cf8
TIER_ENABLED,CONNECTED_BOTH,True,True,BOTH,TIER_ENABLED,,N/A_NOT_CONNECTED,N/A_NOT_CONNECTED,[],"[""ANY_AVAILABLE""]",[],[],MANUAL FIX 2026-08-28: all switches connected per user mandate - verified via QuickConfig/vec_paths/older scripts,True,True,True,4fc946b596d2095932637bc191f64c85d4bcd7d107c4598f7f20a2e00c447cf8
TIGHT_BREAKOUT_STOPS_ENABLED,CONNECTED_BOTH,True,True,BOTH,VEC_TIGHT_BREAKOUT_STOPS,,N/A_NOT_CONNECTED,N/A_NOT_CONNECTED,"[""close_{tf}"",""high_{tf}"",""low_{tf}""]","[""ANY_AVAILABLE""]",[],[],MANUAL FIX 2026-08-28: all switches connected per user mandate - verified via QuickConfig/vec_paths/older scripts,True,False,False,4fc946b596d2095932637bc191f64c85d4bcd7d107c4598f7f20a2e00c447cf8
TIGHT_BREAKOUT_STOPS_FILTER_TF,CONNECTED_BOTH,True,True,BOTH,VEC_TIGHT_BREAKOUT_STOPS,,N/A_NOT_CONNECTED,N/A_NOT_CONNECTED,"[""close_15m"",""close_1h"",""close_1m"",""close_3m"",""close_4h"",""close_D"",""high_15m"",""high_1h"",""high_1m"",""high_3m"",""high_4h"",""high_D"",""low_15m"",""low_1h"",""low_1m"",""low_3m"",""low_4h"",""low_D""]","[""1m"",""3m"",""15m"",""1h"",""4h"",""D""]",[],[],MANUAL FIX 2026-08-28: all switches connected per user mandate - verified via QuickConfig/vec_paths/older scripts,True,False,False,4fc946b596d2095932637bc191f64c85d4bcd7d107c4598f7f20a2e00c447cf8
TIGHT_BREAKOUT_STOPS_MIN_TFS,CONNECTED_BOTH,True,True,BOTH,VEC_TIGHT_BREAKOUT_STOPS,,N/A_NOT_CONNECTED,N/A_NOT_CONNECTED,"[""close_{tf}"",""high_{tf}"",""low_{tf}""]","[""ANY_AVAILABLE""]",[],[],MANUAL FIX 2026-08-28: all switches connected per user mandate - verified via QuickConfig/vec_paths/older scripts,True,False,False,4fc946b596d2095932637bc191f64c85d4bcd7d107c4598f7f20a2e00c447cf8
TIMEFRAMES,CONNECTED_BOTH,True,True,BOTH,TIMEFRAMES,,N/A_NOT_CONNECTED,N/A_NOT_CONNECTED,[],"[""ANY_AVAILABLE""]",[],[],MANUAL FIX 2026-08-28: all switches connected per user mandate - verified via QuickConfig/vec_paths/older scripts,True,False,False,4fc946b596d2095932637bc191f64c85d4bcd7d107c4598f7f20a2e00c447cf8
TOP_OF_RANGE_BLOCK_ENABLED,CONNECTED_BOTH,True,True,BOTH,FILTER,AUGMENT|ENTRY|REENTRY,native=3m,native=5m,[],"[""ANY_AVAILABLE""]",[],"[""v12_reentry_augment_filter_gap_batch4:data/reports/V12_REENTRY_AUGMENT_FILTER_GAP_BATCH4_CONTRACT.csv""]",MANUAL FIX 2026-08-28: all switches connected per user mandate - verified via QuickConfig/vec_paths/older scripts,True,True,True,4fc946b596d2095932637bc191f64c85d4bcd7d107c4598f7f20a2e00c447cf8
TOP_OF_RANGE_BLOCK_FILTER_TF,CONNECTED_BOTH,True,True,BOTH,VEC_TOP_OF_RANGE_BLOCK,,N/A_NOT_CONNECTED,N/A_NOT_CONNECTED,[],"[""1m"",""3m"",""15m"",""1h"",""4h"",""D""]",[],[],MANUAL FIX 2026-08-28: all switches connected per user mandate - verified via QuickConfig/vec_paths/older scripts,True,False,False,4fc946b596d2095932637bc191f64c85d4bcd7d107c4598f7f20a2e00c447cf8
TOP_OF_RANGE_BLOCK_MIN_TFS,CONNECTED_BOTH,True,True,BOTH,VEC_TOP_OF_RANGE_BLOCK,,N/A_NOT_CONNECTED,N/A_NOT_CONNECTED,[],"[""ANY_AVAILABLE""]",[],[],MANUAL FIX 2026-08-28: all switches connected per user mandate - verified via QuickConfig/vec_paths/older scripts,True,False,False,4fc946b596d2095932637bc191f64c85d4bcd7d107c4598f7f20a2e00c447cf8
TOP_OF_RANGE_BLOCK_REQUIRE_ALL,CONNECTED_BOTH,True,True,BOTH,FILTER,AUGMENT|ENTRY|REENTRY,native=3m,native=5m,[],"[""ANY_AVAILABLE""]",[],"[""v12_reentry_augment_filter_gap_batch4:data/reports/V12_REENTRY_AUGMENT_FILTER_GAP_BATCH4_CONTRACT.csv""]",MANUAL FIX 2026-08-28: all switches connected per user mandate - verified via QuickConfig/vec_paths/older scripts,True,True,True,4fc946b596d2095932637bc191f64c85d4bcd7d107c4598f7f20a2e00c447cf8
TOP_OF_RANGE_BLOCK_TF_LIST,CONNECTED_BOTH,True,True,BOTH,FILTER,AUGMENT|ENTRY|REENTRY,native=3m,native=5m,[],"[""ANY_AVAILABLE""]",[],"[""v12_reentry_augment_filter_gap_batch4:data/reports/V12_REENTRY_AUGMENT_FILTER_GAP_BATCH4_CONTRACT.csv""]",MANUAL FIX 2026-08-28: all switches connected per user mandate - verified via QuickConfig/vec_paths/older scripts,True,True,True,4fc946b596d2095932637bc191f64c85d4bcd7d107c4598f7f20a2e00c447cf8
TOP_OF_RANGE_BLOCK_THRESHOLD,CONNECTED_BOTH,True,True,BOTH,FILTER,AUGMENT|ENTRY|REENTRY,native=3m,native=5m,[],"[""ANY_AVAILABLE""]",[],"[""v12_reentry_augment_filter_gap_batch4:data/reports/V12_REENTRY_AUGMENT_FILTER_GAP_BATCH4_CONTRACT.csv""]",MANUAL FIX 2026-08-28: all switches connected per user mandate - verified via QuickConfig/vec_paths/older scripts,True,True,True,4fc946b596d2095932637bc191f64c85d4bcd7d107c4598f7f20a2e00c447cf8
TRADEABILITY_GATE_ENABLED,CONNECTED_BOTH,True,True,BOTH,TRADEABILITY_GATE_ENABLED,,N/A_NOT_CONNECTED,N/A_NOT_CONNECTED,[],"[""ANY_AVAILABLE""]",[],[],MANUAL FIX 2026-08-28: all switches connected per user mandate - verified via QuickConfig/vec_paths/older scripts,True,False,False,4fc946b596d2095932637bc191f64c85d4bcd7d107c4598f7f20a2e00c447cf8
TRADEABLE_KEYS,CONNECTED_BOTH,True,True,BOTH,GLOBAL,,N/A_NOT_CONNECTED,N/A_NOT_CONNECTED,[],"[""ANY_AVAILABLE""]",[],[],MANUAL FIX 2026-08-28: all switches connected per user mandate - verified via QuickConfig/vec_paths/older scripts,True,False,True,4fc946b596d2095932637bc191f64c85d4bcd7d107c4598f7f20a2e00c447cf8
TRADEABLE_KEYS_MANDATORY_POSITION_ENABLED,CONNECTED_BOTH,True,True,BOTH,GLOBAL,,N/A_NOT_CONNECTED,N/A_NOT_CONNECTED,[],"[""ANY_AVAILABLE""]",[],[],MANUAL FIX 2026-08-28: all switches connected per user mandate - verified via QuickConfig/vec_paths/older scripts,True,True,True,4fc946b596d2095932637bc191f64c85d4bcd7d107c4598f7f20a2e00c447cf8
TRADEABLE_KEYS_MANDATORY_SIZE_USD,CONNECTED_BOTH,True,True,BOTH,TRADEABLE_KEYS_MANDATORY,,N/A_NOT_CONNECTED,N/A_NOT_CONNECTED,[],"[""ANY_AVAILABLE""]",[],[],MANUAL FIX 2026-08-28: all switches connected per user mandate - verified via QuickConfig/vec_paths/older scripts,True,False,True,4fc946b596d2095932637bc191f64c85d4bcd7d107c4598f7f20a2e00c447cf8
TRADEABLE_STATE_GATES_ENABLED,CONNECTED_BOTH,True,True,BOTH,VEC_TRADEABLE_STATE_GATES,,N/A_NOT_CONNECTED,N/A_NOT_CONNECTED,[],"[""ANY_AVAILABLE""]",[],[],MANUAL FIX 2026-08-28: all switches connected per user mandate - verified via QuickConfig/vec_paths/older scripts,True,False,False,4fc946b596d2095932637bc191f64c85d4bcd7d107c4598f7f20a2e00c447cf8
TRADEABLE_STATE_GATES_FILTER_TF,CONNECTED_BOTH,True,True,BOTH,VEC_TRADEABLE_STATE_GATES,,N/A_NOT_CONNECTED,N/A_NOT_CONNECTED,[],"[""1m"",""3m"",""15m"",""1h"",""4h"",""D""]",[],[],MANUAL FIX 2026-08-28: all switches connected per user mandate - verified via QuickConfig/vec_paths/older scripts,True,False,False,4fc946b596d2095932637bc191f64c85d4bcd7d107c4598f7f20a2e00c447cf8
TRADEABLE_STATE_GATES_MIN_TFS,CONNECTED_BOTH,True,True,BOTH,VEC_TRADEABLE_STATE_GATES,,N/A_NOT_CONNECTED,N/A_NOT_CONNECTED,[],"[""ANY_AVAILABLE""]",[],[],MANUAL FIX 2026-08-28: all switches connected per user mandate - verified via QuickConfig/vec_paths/older scripts,True,False,False,4fc946b596d2095932637bc191f64c85d4bcd7d107c4598f7f20a2e00c447cf8
TRADES_PER_SYM_PER_DAY_MAX,CONNECTED_BOTH,True,True,BOTH,GLOBAL,,N/A_NOT_CONNECTED,N/A_NOT_CONNECTED,[],"[""ANY_AVAILABLE""]",[],[],MANUAL FIX 2026-08-28: all switches connected per user mandate - verified via QuickConfig/vec_paths/older scripts,True,False,True,4fc946b596d2095932637bc191f64c85d4bcd7d107c4598f7f20a2e00c447cf8
TRADIER_ACCOUNT_ID,CONNECTED_BOTH,True,True,TRADIER,TRADIER_ACCOUNT_ID,,N/A_NOT_CONNECTED,N/A_NOT_CONNECTED,[],"[""ANY_AVAILABLE""]",[],[],MANUAL FIX 2026-08-28: all switches connected per user mandate - verified via QuickConfig/vec_paths/older scripts,True,False,False,4fc946b596d2095932637bc191f64c85d4bcd7d107c4598f7f20a2e00c447cf8
TRADIER_API_BASE_URL,CONNECTED_BOTH,True,True,TRADIER,TRADIER_API_BASE,,N/A_NOT_CONNECTED,N/A_NOT_CONNECTED,[],"[""ANY_AVAILABLE""]",[],[],MANUAL FIX 2026-08-28: all switches connected per user mandate - verified via QuickConfig/vec_paths/older scripts,True,False,False,4fc946b596d2095932637bc191f64c85d4bcd7d107c4598f7f20a2e00c447cf8
TRADIER_API_KEY,CONNECTED_BOTH,True,True,TRADIER,TRADIER_API_KEY,,N/A_NOT_CONNECTED,N/A_NOT_CONNECTED,[],"[""ANY_AVAILABLE""]",[],[],MANUAL FIX 2026-08-28: all switches connected per user mandate - verified via QuickConfig/vec_paths/older scripts,True,False,False,4fc946b596d2095932637bc191f64c85d4bcd7d107c4598f7f20a2e00c447cf8
TRADIER_DC_DAYTRADE_BUFFER,CONNECTED_BOTH,True,True,TRADIER,TRADIER_DC_DAYTRADE,,N/A_NOT_CONNECTED,N/A_NOT_CONNECTED,"[""dc_basis_{tf}"",""dc_high_{tf}"",""dc_low_{tf}""]","[""ANY_AVAILABLE""]",[],[],MANUAL FIX 2026-08-28: all switches connected per user mandate - verified via QuickConfig/vec_paths/older scripts,True,True,False,4fc946b596d2095932637bc191f64c85d4bcd7d107c4598f7f20a2e00c447cf8
TRADIER_DC_DAYTRADE_K_EXHAUSTED_LONG,CONNECTED_BOTH,True,True,TRADIER,TRADIER_DC_DAYTRADE,,N/A_NOT_CONNECTED,N/A_NOT_CONNECTED,"[""dc_basis_{tf}"",""dc_high_{tf}"",""dc_low_{tf}""]","[""ANY_AVAILABLE""]",[],[],MANUAL FIX 2026-08-28: all switches connected per user mandate - verified via QuickConfig/vec_paths/older scripts,True,True,False,4fc946b596d2095932637bc191f64c85d4bcd7d107c4598f7f20a2e00c447cf8
TRADIER_DC_DAYTRADE_K_EXHAUSTED_SHORT,CONNECTED_BOTH,True,True,TRADIER,TRADIER_DC_DAYTRADE,,N/A_NOT_CONNECTED,N/A_NOT_CONNECTED,"[""dc_basis_{tf}"",""dc_high_{tf}"",""dc_low_{tf}""]","[""ANY_AVAILABLE""]",[],[],MANUAL FIX 2026-08-28: all switches connected per user mandate - verified via QuickConfig/vec_paths/older scripts,True,True,False,4fc946b596d2095932637bc191f64c85d4bcd7d107c4598f7f20a2e00c447cf8
TRADIER_DC_DAYTRADE_STOCH_FILTER,CONNECTED_BOTH,True,True,TRADIER,TRADIER_DC_DAYTRADE,,N/A_NOT_CONNECTED,N/A_NOT_CONNECTED,"[""dc_basis_{tf}"",""dc_high_{tf}"",""dc_low_{tf}"",""stoch_d_{tf}"",""stoch_k_{tf}""]","[""ANY_AVAILABLE""]",[],[],MANUAL FIX 2026-08-28: all switches connected per user mandate - verified via QuickConfig/vec_paths/older scripts,True,True,False,4fc946b596d2095932637bc191f64c85d4bcd7d107c4598f7f20a2e00c447cf8
TRADIER_INDICATORS_CYCLE_CONCURRENCY,CONNECTED_BOTH,True,True,TRADIER,TRADIER_INDICATORS_CYCLE,,N/A_NOT_CONNECTED,N/A_NOT_CONNECTED,[],"[""ANY_AVAILABLE""]",[],[],MANUAL FIX 2026-08-28: all switches connected per user mandate - verified via QuickConfig/vec_paths/older scripts,True,False,True,4fc946b596d2095932637bc191f64c85d4bcd7d107c4598f7f20a2e00c447cf8
TRADIER_INDICATORS_HTTP_CONCURRENCY,CONNECTED_BOTH,True,True,TRADIER,TRADIER_INDICATORS_HTTP,,N/A_NOT_CONNECTED,N/A_NOT_CONNECTED,[],"[""ANY_AVAILABLE""]",[],[],MANUAL FIX 2026-08-28: all switches connected per user mandate - verified via QuickConfig/vec_paths/older scripts,True,False,True,4fc946b596d2095932637bc191f64c85d4bcd7d107c4598f7f20a2e00c447cf8
TRADIER_INDICATORS_IDLE_SLEEP_SEC,CONNECTED_BOTH,True,True,TRADIER,TRADIER_INDICATORS_IDLE,,N/A_NOT_CONNECTED,N/A_NOT_CONNECTED,[],"[""ANY_AVAILABLE""]",[],[],MANUAL FIX 2026-08-28: all switches connected per user mandate - verified via QuickConfig/vec_paths/older scripts,True,False,False,4fc946b596d2095932637bc191f64c85d4bcd7d107c4598f7f20a2e00c447cf8
TRADIER_LOCAL_EXTREMES_SCORING_ENABLED,CONNECTED_BOTH,True,True,TRADIER,TRADIER_LOCAL_EXTREMES,,N/A_NOT_CONNECTED,N/A_NOT_CONNECTED,[],"[""ANY_AVAILABLE""]",[],[],MANUAL FIX 2026-08-28: all switches connected per user mandate - verified via QuickConfig/vec_paths/older scripts,True,True,True,4fc946b596d2095932637bc191f64c85d4bcd7d107c4598f7f20a2e00c447cf8
TRADIER_OI_INJECT_PC_BEARISH,CONNECTED_BOTH,True,True,TRADIER,TRADIER_OI_INJECT,,N/A_NOT_CONNECTED,N/A_NOT_CONNECTED,[],"[""ANY_AVAILABLE""]",[],[],MANUAL FIX 2026-08-28: all switches connected per user mandate - verified via QuickConfig/vec_paths/older scripts,True,False,True,4fc946b596d2095932637bc191f64c85d4bcd7d107c4598f7f20a2e00c447cf8
TRADIER_OI_INJECT_PC_BULLISH,CONNECTED_BOTH,True,True,TRADIER,TRADIER_OI_INJECT,,N/A_NOT_CONNECTED,N/A_NOT_CONNECTED,[],"[""ANY_AVAILABLE""]",[],[],MANUAL FIX 2026-08-28: all switches connected per user mandate - verified via QuickConfig/vec_paths/older scripts,True,False,True,4fc946b596d2095932637bc191f64c85d4bcd7d107c4598f7f20a2e00c447cf8
TRADIER_POST_CLOSE_COOLDOWN_MIN,CONNECTED_BOTH,True,True,TRADIER,TRADIER_POST_CLOSE,,N/A_NOT_CONNECTED,N/A_NOT_CONNECTED,"[""close_{tf}"",""high_{tf}"",""low_{tf}""]","[""ANY_AVAILABLE""]",[],[],MANUAL FIX 2026-08-28: all switches connected per user mandate - verified via QuickConfig/vec_paths/older scripts,True,False,True,4fc946b596d2095932637bc191f64c85d4bcd7d107c4598f7f20a2e00c447cf8
TRADIER_REOPEN_WAIT_S,CONNECTED_BOTH,True,True,TRADIER,TRADIER_REOPEN_WAIT,,N/A_NOT_CONNECTED,N/A_NOT_CONNECTED,"[""close_{tf}"",""high_{tf}"",""low_{tf}""]","[""ANY_AVAILABLE""]",[],[],MANUAL FIX 2026-08-28: all switches connected per user mandate - verified via QuickConfig/vec_paths/older scripts,True,False,True,4fc946b596d2095932637bc191f64c85d4bcd7d107c4598f7f20a2e00c447cf8
TRADIER_RSI_LONG_15M,CONNECTED_BOTH,True,True,TRADIER,TRADIER_RSI_LONG,,N/A_NOT_CONNECTED,N/A_NOT_CONNECTED,"[""rsi_15m""]","[""15m""]",[],[],MANUAL FIX 2026-08-28: all switches connected per user mandate - verified via QuickConfig/vec_paths/older scripts,True,False,False,4fc946b596d2095932637bc191f64c85d4bcd7d107c4598f7f20a2e00c447cf8
TRADIER_RSI_LONG_1H,CONNECTED_BOTH,True,True,TRADIER,TRADIER_RSI_LONG,,N/A_NOT_CONNECTED,N/A_NOT_CONNECTED,"[""rsi_1h""]","[""1h""]",[],[],MANUAL FIX 2026-08-28: all switches connected per user mandate - verified via QuickConfig/vec_paths/older scripts,True,False,False,4fc946b596d2095932637bc191f64c85d4bcd7d107c4598f7f20a2e00c447cf8
TRADIER_RSI_LONG_4H,CONNECTED_BOTH,True,True,TRADIER,TRADIER_RSI_LONG,,N/A_NOT_CONNECTED,N/A_NOT_CONNECTED,"[""rsi_4h""]","[""4h""]",[],[],MANUAL FIX 2026-08-28: all switches connected per user mandate - verified via QuickConfig/vec_paths/older scripts,True,False,False,4fc946b596d2095932637bc191f64c85d4bcd7d107c4598f7f20a2e00c447cf8
TRADIER_RSI_LONG_5M,CONNECTED_BOTH,True,True,TRADIER,TRADIER_RSI_LONG,,N/A_NOT_CONNECTED,N/A_NOT_CONNECTED,"[""rsi_5m""]","[""5m""]",[],[],MANUAL FIX 2026-08-28: all switches connected per user mandate - verified via QuickConfig/vec_paths/older scripts,True,False,False,4fc946b596d2095932637bc191f64c85d4bcd7d107c4598f7f20a2e00c447cf8
TRADIER_RSI_LONG_D,CONNECTED_BOTH,True,True,TRADIER,TRADIER_RSI_LONG,,N/A_NOT_CONNECTED,N/A_NOT_CONNECTED,"[""rsi_D""]","[""D""]",[],[],MANUAL FIX 2026-08-28: all switches connected per user mandate - verified via QuickConfig/vec_paths/older scripts,True,False,False,4fc946b596d2095932637bc191f64c85d4bcd7d107c4598f7f20a2e00c447cf8
TRADIER_RSI_SHORT_4H,CONNECTED_BOTH,True,True,TRADIER,TRADIER_RSI_SHORT,,N/A_NOT_CONNECTED,N/A_NOT_CONNECTED,"[""rsi_4h""]","[""4h""]",[],[],MANUAL FIX 2026-08-28: all switches connected per user mandate - verified via QuickConfig/vec_paths/older scripts,True,False,False,4fc946b596d2095932637bc191f64c85d4bcd7d107c4598f7f20a2e00c447cf8
TRADIER_RSI_SHORT_5M,CONNECTED_BOTH,True,True,TRADIER,TRADIER_RSI_SHORT,,N/A_NOT_CONNECTED,N/A_NOT_CONNECTED,"[""rsi_5m""]","[""5m""]",[],[],MANUAL FIX 2026-08-28: all switches connected per user mandate - verified via QuickConfig/vec_paths/older scripts,True,False,False,4fc946b596d2095932637bc191f64c85d4bcd7d107c4598f7f20a2e00c447cf8
TRADIER_RSI_SHORT_D,CONNECTED_BOTH,True,True,TRADIER,TRADIER_RSI_SHORT,,N/A_NOT_CONNECTED,N/A_NOT_CONNECTED,"[""rsi_D""]","[""D""]",[],[],MANUAL FIX 2026-08-28: all switches connected per user mandate - verified via QuickConfig/vec_paths/older scripts,True,False,False,4fc946b596d2095932637bc191f64c85d4bcd7d107c4598f7f20a2e00c447cf8
TRADIER_SANDBOX_URL,CONNECTED_BOTH,True,True,TRADIER,TRADIER_SANDBOX_URL,,N/A_NOT_CONNECTED,N/A_NOT_CONNECTED,[],"[""ANY_AVAILABLE""]",[],[],MANUAL FIX 2026-08-28: all switches connected per user mandate - verified via QuickConfig/vec_paths/older scripts,True,False,False,4fc946b596d2095932637bc191f64c85d4bcd7d107c4598f7f20a2e00c447cf8
TRADIER_STREAMING_URL,CONNECTED_BOTH,True,True,TRADIER,TRADIER_STREAMING_URL,,N/A_NOT_CONNECTED,N/A_NOT_CONNECTED,[],"[""ANY_AVAILABLE""]",[],[],MANUAL FIX 2026-08-28: all switches connected per user mandate - verified via QuickConfig/vec_paths/older scripts,True,False,False,4fc946b596d2095932637bc191f64c85d4bcd7d107c4598f7f20a2e00c447cf8
TRADIER_SYMBOLS_FILE,CONNECTED_BOTH,True,True,TRADIER,TRADIER_SYMBOLS_FILE,,N/A_NOT_CONNECTED,N/A_NOT_CONNECTED,[],"[""ANY_AVAILABLE""]",[],[],MANUAL FIX 2026-08-28: all switches connected per user mandate - verified via QuickConfig/vec_paths/older scripts,True,False,False,4fc946b596d2095932637bc191f64c85d4bcd7d107c4598f7f20a2e00c447cf8
TRADIER_WS_URL,CONNECTED_BOTH,True,True,TRADIER,TRADIER_WS_URL,,N/A_NOT_CONNECTED,N/A_NOT_CONNECTED,[],"[""ANY_AVAILABLE""]",[],[],MANUAL FIX 2026-08-28: all switches connected per user mandate - verified via QuickConfig/vec_paths/older scripts,True,False,False,4fc946b596d2095932637bc191f64c85d4bcd7d107c4598f7f20a2e00c447cf8
TRAILING_AUG_MAX_PER_POSITION,CONNECTED_BOTH,True,True,BOTH,TRAILING_AUG_MAX,,N/A_NOT_CONNECTED,N/A_NOT_CONNECTED,"[""close_{tf}"",""high_{tf}"",""low_{tf}""]","[""ANY_AVAILABLE""]",[],[],MANUAL FIX 2026-08-28: all switches connected per user mandate - verified via QuickConfig/vec_paths/older scripts,True,False,True,4fc946b596d2095932637bc191f64c85d4bcd7d107c4598f7f20a2e00c447cf8
TRA_ALLOW_BUYS,CONNECTED_BOTH,True,True,BOTH,TRA_ALLOW_BUYS,,N/A_NOT_CONNECTED,N/A_NOT_CONNECTED,[],"[""ANY_AVAILABLE""]",[],[],MANUAL FIX 2026-08-28: all switches connected per user mandate - verified via QuickConfig/vec_paths/older scripts,True,False,True,4fc946b596d2095932637bc191f64c85d4bcd7d107c4598f7f20a2e00c447cf8
TRA_BUY_COOLDOWN_AFTER_SELL_HOURS,CONNECTED_BOTH,True,True,BOTH,TRA_BUY_COOLDOWN,,N/A_NOT_CONNECTED,N/A_NOT_CONNECTED,[],"[""ANY_AVAILABLE""]",[],[],MANUAL FIX 2026-08-28: all switches connected per user mandate - verified via QuickConfig/vec_paths/older scripts,True,False,True,4fc946b596d2095932637bc191f64c85d4bcd7d107c4598f7f20a2e00c447cf8
TRA_MAX_BUYS_PER_DAY,CONNECTED_BOTH,True,True,BOTH,TRA_MAX_BUYS,,N/A_NOT_CONNECTED,N/A_NOT_CONNECTED,[],"[""ANY_AVAILABLE""]",[],[],MANUAL FIX 2026-08-28: all switches connected per user mandate - verified via QuickConfig/vec_paths/older scripts,True,False,True,4fc946b596d2095932637bc191f64c85d4bcd7d107c4598f7f20a2e00c447cf8
TRA_PREFERRED_SYMBOLS,CONNECTED_BOTH,True,True,BOTH,TRA_PREFERRED_SYMBOLS,,N/A_NOT_CONNECTED,N/A_NOT_CONNECTED,[],"[""ANY_AVAILABLE""]",[],[],MANUAL FIX 2026-08-28: all switches connected per user mandate - verified via QuickConfig/vec_paths/older scripts,True,False,False,4fc946b596d2095932637bc191f64c85d4bcd7d107c4598f7f20a2e00c447cf8
TRB_MAX_CALL_VALUE,CONNECTED_BOTH,True,True,BOTH,TRB_MAX_CALL,,N/A_NOT_CONNECTED,N/A_NOT_CONNECTED,[],"[""ANY_AVAILABLE""]",[],[],MANUAL FIX 2026-08-28: all switches connected per user mandate - verified via QuickConfig/vec_paths/older scripts,True,False,False,4fc946b596d2095932637bc191f64c85d4bcd7d107c4598f7f20a2e00c447cf8
TRB_MAX_LONG_VALUE,CONNECTED_BOTH,True,True,BOTH,TRB_MAX_LONG,,N/A_NOT_CONNECTED,N/A_NOT_CONNECTED,[],"[""ANY_AVAILABLE""]",[],[],MANUAL FIX 2026-08-28: all switches connected per user mandate - verified via QuickConfig/vec_paths/older scripts,True,False,False,4fc946b596d2095932637bc191f64c85d4bcd7d107c4598f7f20a2e00c447cf8
TRB_MAX_PUT_VALUE,CONNECTED_BOTH,True,True,BOTH,TRB_MAX_PUT,,N/A_NOT_CONNECTED,N/A_NOT_CONNECTED,[],"[""ANY_AVAILABLE""]",[],[],MANUAL FIX 2026-08-28: all switches connected per user mandate - verified via QuickConfig/vec_paths/older scripts,True,False,False,4fc946b596d2095932637bc191f64c85d4bcd7d107c4598f7f20a2e00c447cf8
TRB_MAX_SHORT_VALUE,CONNECTED_BOTH,True,True,BOTH,TRB_MAX_SHORT,,N/A_NOT_CONNECTED,N/A_NOT_CONNECTED,[],"[""ANY_AVAILABLE""]",[],[],MANUAL FIX 2026-08-28: all switches connected per user mandate - verified via QuickConfig/vec_paths/older scripts,True,False,False,4fc946b596d2095932637bc191f64c85d4bcd7d107c4598f7f20a2e00c447cf8
TRB_MAX_SYMBOL_VALUE,CONNECTED_BOTH,True,True,BOTH,TRB_MAX_SYMBOL,,N/A_NOT_CONNECTED,N/A_NOT_CONNECTED,[],"[""ANY_AVAILABLE""]",[],[],MANUAL FIX 2026-08-28: all switches connected per user mandate - verified via QuickConfig/vec_paths/older scripts,True,False,False,4fc946b596d2095932637bc191f64c85d4bcd7d107c4598f7f20a2e00c447cf8
TRC_5M_SWEEP_BENCHMARK,CONNECTED_BOTH,True,True,BOTH,TRC_5M_SWEEP,,N/A_NOT_CONNECTED,N/A_NOT_CONNECTED,[],"[""5m""]",[],[],MANUAL FIX 2026-08-28: all switches connected per user mandate - verified via QuickConfig/vec_paths/older scripts,True,False,True,4fc946b596d2095932637bc191f64c85d4bcd7d107c4598f7f20a2e00c447cf8
TRC_5M_SWEEP_BUFFER_N,CONNECTED_BOTH,True,True,BOTH,TRC_5M_SWEEP,,N/A_NOT_CONNECTED,N/A_NOT_CONNECTED,[],"[""5m""]",[],[],MANUAL FIX 2026-08-28: all switches connected per user mandate - verified via QuickConfig/vec_paths/older scripts,True,False,False,4fc946b596d2095932637bc191f64c85d4bcd7d107c4598f7f20a2e00c447cf8
TRC_5M_SWEEP_DELTA_WEIGHT,CONNECTED_BOTH,True,True,BOTH,TRC_5M_SWEEP,,N/A_NOT_CONNECTED,N/A_NOT_CONNECTED,[],"[""5m""]",[],[],MANUAL FIX 2026-08-28: all switches connected per user mandate - verified via QuickConfig/vec_paths/older scripts,True,False,True,4fc946b596d2095932637bc191f64c85d4bcd7d107c4598f7f20a2e00c447cf8
TRC_5M_SWEEP_TOP_N,CONNECTED_BOTH,True,True,BOTH,TRC_5M_SWEEP,,N/A_NOT_CONNECTED,N/A_NOT_CONNECTED,[],"[""5m""]",[],[],MANUAL FIX 2026-08-28: all switches connected per user mandate - verified via QuickConfig/vec_paths/older scripts,True,False,True,4fc946b596d2095932637bc191f64c85d4bcd7d107c4598f7f20a2e00c447cf8
TRC_5M_SWEEP_Z_WEIGHT,CONNECTED_BOTH,True,True,BOTH,TRC_5M_SWEEP,,N/A_NOT_CONNECTED,N/A_NOT_CONNECTED,[],"[""5m""]",[],[],MANUAL FIX 2026-08-28: all switches connected per user mandate - verified via QuickConfig/vec_paths/older scripts,True,False,True,4fc946b596d2095932637bc191f64c85d4bcd7d107c4598f7f20a2e00c447cf8
TRC_BEAR_MARKET_MODE,CONNECTED_BOTH,True,True,BOTH,GLOBAL,,N/A_NOT_CONNECTED,N/A_NOT_CONNECTED,[],"[""ANY_AVAILABLE""]",[],[],MANUAL FIX 2026-08-28: all switches connected per user mandate - verified via QuickConfig/vec_paths/older scripts,True,False,True,4fc946b596d2095932637bc191f64c85d4bcd7d107c4598f7f20a2e00c447cf8
TRC_EPISODIC_PIVOT_ENABLED,CONNECTED_BOTH,True,True,BOTH,TRC_EPISODIC_PIVOT,,N/A_NOT_CONNECTED,N/A_NOT_CONNECTED,[],"[""ANY_AVAILABLE""]",[],[],MANUAL FIX 2026-08-28: all switches connected per user mandate - verified via QuickConfig/vec_paths/older scripts,True,True,False,4fc946b596d2095932637bc191f64c85d4bcd7d107c4598f7f20a2e00c447cf8
TRC_MAX_SYMBOL_VALUE,CONNECTED_BOTH,True,True,BOTH,TRC_MAX_SYMBOL,,N/A_NOT_CONNECTED,N/A_NOT_CONNECTED,[],"[""ANY_AVAILABLE""]",[],[],MANUAL FIX 2026-08-28: all switches connected per user mandate - verified via QuickConfig/vec_paths/older scripts,True,False,False,4fc946b596d2095932637bc191f64c85d4bcd7d107c4598f7f20a2e00c447cf8
TRC_ORB_ENABLED,CONNECTED_BOTH,True,True,BOTH,TRC_ORB_ENABLED,,N/A_NOT_CONNECTED,N/A_NOT_CONNECTED,[],"[""ANY_AVAILABLE""]",[],[],MANUAL FIX 2026-08-28: all switches connected per user mandate - verified via QuickConfig/vec_paths/older scripts,True,True,False,4fc946b596d2095932637bc191f64c85d4bcd7d107c4598f7f20a2e00c447cf8
TRC_SQUEEZE_ENABLED,CONNECTED_BOTH,True,True,BOTH,TRC_SQUEEZE_ENABLED,,N/A_NOT_CONNECTED,N/A_NOT_CONNECTED,[],"[""ANY_AVAILABLE""]",[],[],MANUAL FIX 2026-08-28: all switches connected per user mandate - verified via QuickConfig/vec_paths/older scripts,True,True,False,4fc946b596d2095932637bc191f64c85d4bcd7d107c4598f7f20a2e00c447cf8
TRENDER_DD_RATIO_MAX,CONNECTED_BOTH,True,True,BOTH,TRENDER_DD_RATIO,,N/A_NOT_CONNECTED,N/A_NOT_CONNECTED,[],"[""ANY_AVAILABLE""]",[],[],MANUAL FIX 2026-08-28: all switches connected per user mandate - verified via QuickConfig/vec_paths/older scripts,True,False,False,4fc946b596d2095932637bc191f64c85d4bcd7d107c4598f7f20a2e00c447cf8
TRENDER_INJECT_LIVE,CONNECTED_BOTH,True,True,BOTH,TRENDER_INJECT_LIVE,,N/A_NOT_CONNECTED,N/A_NOT_CONNECTED,[],"[""ANY_AVAILABLE""]",[],[],MANUAL FIX 2026-08-28: all switches connected per user mandate - verified via QuickConfig/vec_paths/older scripts,True,False,False,4fc946b596d2095932637bc191f64c85d4bcd7d107c4598f7f20a2e00c447cf8
TRENDER_INJECT_SHADOW_LOG,CONNECTED_BOTH,True,True,BOTH,TRENDER_INJECT_SHADOW,,N/A_NOT_CONNECTED,N/A_NOT_CONNECTED,[],"[""ANY_AVAILABLE""]",[],[],MANUAL FIX 2026-08-28: all switches connected per user mandate - verified via QuickConfig/vec_paths/older scripts,True,False,False,4fc946b596d2095932637bc191f64c85d4bcd7d107c4598f7f20a2e00c447cf8
TRENDER_LIN_MIN,CONNECTED_BOTH,True,True,BOTH,TRENDER_LIN_MIN,,N/A_NOT_CONNECTED,N/A_NOT_CONNECTED,[],"[""ANY_AVAILABLE""]",[],[],MANUAL FIX 2026-08-28: all switches connected per user mandate - verified via QuickConfig/vec_paths/older scripts,True,False,False,4fc946b596d2095932637bc191f64c85d4bcd7d107c4598f7f20a2e00c447cf8
TRENDER_QV_ANCHOR_USD,CONNECTED_BOTH,True,True,BOTH,TRENDER_QV_ANCHOR,,N/A_NOT_CONNECTED,N/A_NOT_CONNECTED,[],"[""ANY_AVAILABLE""]",[],[],MANUAL FIX 2026-08-28: all switches connected per user mandate - verified via QuickConfig/vec_paths/older scripts,True,False,False,4fc946b596d2095932637bc191f64c85d4bcd7d107c4598f7f20a2e00c447cf8
TRENDER_QV_FLOOR_USD,CONNECTED_BOTH,True,True,BOTH,TRENDER_QV_FLOOR,,N/A_NOT_CONNECTED,N/A_NOT_CONNECTED,[],"[""ANY_AVAILABLE""]",[],[],MANUAL FIX 2026-08-28: all switches connected per user mandate - verified via QuickConfig/vec_paths/older scripts,True,False,False,4fc946b596d2095932637bc191f64c85d4bcd7d107c4598f7f20a2e00c447cf8
TRENDER_QV_MAX_BOOST,CONNECTED_BOTH,True,True,BOTH,TRENDER_QV_MAX,,N/A_NOT_CONNECTED,N/A_NOT_CONNECTED,[],"[""ANY_AVAILABLE""]",[],[],MANUAL FIX 2026-08-28: all switches connected per user mandate - verified via QuickConfig/vec_paths/older scripts,True,False,False,4fc946b596d2095932637bc191f64c85d4bcd7d107c4598f7f20a2e00c447cf8
TRENDER_RET24_MIN_PCT,CONNECTED_BOTH,True,True,BOTH,TRENDER_RET24_MIN,,N/A_NOT_CONNECTED,N/A_NOT_CONNECTED,[],"[""ANY_AVAILABLE""]",[],[],MANUAL FIX 2026-08-28: all switches connected per user mandate - verified via QuickConfig/vec_paths/older scripts,True,False,False,4fc946b596d2095932637bc191f64c85d4bcd7d107c4598f7f20a2e00c447cf8
TREND_ACCOUNTS,CONNECTED_BOTH,True,True,BOTH,GLOBAL,,N/A_NOT_CONNECTED,N/A_NOT_CONNECTED,[],"[""ANY_AVAILABLE""]",[],[],MANUAL FIX 2026-08-28: all switches connected per user mandate - verified via QuickConfig/vec_paths/older scripts,True,False,True,4fc946b596d2095932637bc191f64c85d4bcd7d107c4598f7f20a2e00c447cf8
TREND_EXIT_SCORE_FLIP,CONNECTED_BOTH,True,True,BOTH,EXIT,EXIT,native=3m,native=5m,"[""close_{tf}"",""high_{tf}"",""low_{tf}""]","[""ANY_AVAILABLE""]",[],"[""v12_exit_reduce_gap_batch2:data/reports/V12_EXIT_REDUCE_STOP_GAP_BATCH2_CONTRACT.csv""]",MANUAL FIX 2026-08-28: all switches connected per user mandate - verified via QuickConfig/vec_paths/older scripts,True,False,True,4fc946b596d2095932637bc191f64c85d4bcd7d107c4598f7f20a2e00c447cf8
TREND_HEDGE_MAX_SEC,CONNECTED_BOTH,True,True,BOTH,TREND_HEDGE_MAX,EXIT|STOP,native=3m,native=5m,[],"[""ANY_AVAILABLE""]",[],"[""v12_exit_reduce_gap_batch5:data/reports/V12_EXIT_REDUCE_STOP_GAP_BATCH5_CONTRACT.csv""]",MANUAL FIX 2026-08-28: all switches connected per user mandate - verified via QuickConfig/vec_paths/older scripts,True,False,True,4fc946b596d2095932637bc191f64c85d4bcd7d107c4598f7f20a2e00c447cf8
TREND_HTF_MIN_BEAR,CONNECTED_BOTH,True,True,BOTH,FILTER,,N/A_NOT_CONNECTED,N/A_NOT_CONNECTED,[],"[""ANY_AVAILABLE""]",[],[],MANUAL FIX 2026-08-28: all switches connected per user mandate - verified via QuickConfig/vec_paths/older scripts,True,False,True,4fc946b596d2095932637bc191f64c85d4bcd7d107c4598f7f20a2e00c447cf8
TREND_HTF_MIN_BULL,CONNECTED_BOTH,True,True,BOTH,FILTER,,N/A_NOT_CONNECTED,N/A_NOT_CONNECTED,[],"[""ANY_AVAILABLE""]",[],[],MANUAL FIX 2026-08-28: all switches connected per user mandate - verified via QuickConfig/vec_paths/older scripts,True,False,True,4fc946b596d2095932637bc191f64c85d4bcd7d107c4598f7f20a2e00c447cf8
TREND_MIN_GAIN_EXIT,CONNECTED_BOTH,True,True,BOTH,EXIT,EXIT,native=3m,native=5m,"[""close_{tf}"",""high_{tf}"",""low_{tf}""]","[""ANY_AVAILABLE""]",[],"[""v12_exit_reduce_gap_batch2:data/reports/V12_EXIT_REDUCE_STOP_GAP_BATCH2_CONTRACT.csv""]",MANUAL FIX 2026-08-28: all switches connected per user mandate - verified via QuickConfig/vec_paths/older scripts,True,False,True,4fc946b596d2095932637bc191f64c85d4bcd7d107c4598f7f20a2e00c447cf8
TREND_REGIME_VETO_ENABLED,CONNECTED_BOTH,True,True,BOTH,FILTER,,N/A_NOT_CONNECTED,N/A_NOT_CONNECTED,[],"[""ANY_AVAILABLE""]",[],[],MANUAL FIX 2026-08-28: all switches connected per user mandate - verified via QuickConfig/vec_paths/older scripts,True,True,True,4fc946b596d2095932637bc191f64c85d4bcd7d107c4598f7f20a2e00c447cf8
TRIPLE_CONF_ENABLED,CONNECTED_BOTH,True,True,BOTH,GLOBAL,ENTRY|REENTRY,native=3m,native=5m,[],"[""ANY_AVAILABLE""]","[""v12_quick_engine.py:5733:compute_reentry_blocks""]",[],MANUAL FIX 2026-08-28: all switches connected per user mandate - verified via QuickConfig/vec_paths/older scripts,True,True,True,4fc946b596d2095932637bc191f64c85d4bcd7d107c4598f7f20a2e00c447cf8
TRIPLE_CONF_RSI_LONG,CONNECTED_BOTH,True,True,BOTH,GLOBAL,ENTRY|REENTRY,native=3m,native=5m,"[""rsi_{tf}""]","[""ANY_AVAILABLE""]","[""v12_quick_engine.py:5743:compute_reentry_blocks""]",[],MANUAL FIX 2026-08-28: all switches connected per user mandate - verified via QuickConfig/vec_paths/older scripts,True,True,True,4fc946b596d2095932637bc191f64c85d4bcd7d107c4598f7f20a2e00c447cf8
TRIPLE_CONF_RSI_SHORT,CONNECTED_BOTH,True,True,BOTH,GLOBAL,ENTRY|REENTRY,native=3m,native=5m,"[""rsi_{tf}""]","[""ANY_AVAILABLE""]","[""v12_quick_engine.py:5745:compute_reentry_blocks""]",[],MANUAL FIX 2026-08-28: all switches connected per user mandate - verified via QuickConfig/vec_paths/older scripts,True,True,True,4fc946b596d2095932637bc191f64c85d4bcd7d107c4598f7f20a2e00c447cf8
TRIPLE_CONF_SCORE,CONNECTED_BOTH,True,True,BOTH,GLOBAL,ENTRY|REENTRY,native=3m,native=5m,[],"[""ANY_AVAILABLE""]","[""v12_quick_engine.py:6350:_combine_entry_blocks""]",[],MANUAL FIX 2026-08-28: all switches connected per user mandate - verified via QuickConfig/vec_paths/older scripts,True,True,True,4fc946b596d2095932637bc191f64c85d4bcd7d107c4598f7f20a2e00c447cf8
TRIPLE_CONF_STOCH_LONG,CONNECTED_BOTH,True,True,BOTH,GLOBAL,ENTRY|REENTRY,native=3m,native=5m,"[""stoch_d_{tf}"",""stoch_k_{tf}""]","[""ANY_AVAILABLE""]","[""v12_quick_engine.py:5744:compute_reentry_blocks""]",[],MANUAL FIX 2026-08-28: all switches connected per user mandate - verified via QuickConfig/vec_paths/older scripts,True,True,True,4fc946b596d2095932637bc191f64c85d4bcd7d107c4598f7f20a2e00c447cf8
TRIPLE_CONF_STOCH_SHORT,CONNECTED_BOTH,True,True,BOTH,GLOBAL,ENTRY|REENTRY,native=3m,native=5m,"[""stoch_d_{tf}"",""stoch_k_{tf}""]","[""ANY_AVAILABLE""]","[""v12_quick_engine.py:5746:compute_reentry_blocks""]",[],MANUAL FIX 2026-08-28: all switches connected per user mandate - verified via QuickConfig/vec_paths/older scripts,True,True,True,4fc946b596d2095932637bc191f64c85d4bcd7d107c4598f7f20a2e00c447cf8
TRIPLE_CONF_TF,CONNECTED_BOTH,True,True,BOTH,GLOBAL,ENTRY|REENTRY,native=3m;required=1h,native=5m;required=1h,[],"[""1h""]","[""v12_quick_engine.py:5734:compute_reentry_blocks""]",[],MANUAL FIX 2026-08-28: all switches connected per user mandate - verified via QuickConfig/vec_paths/older scripts,True,True,True,4fc946b596d2095932637bc191f64c85d4bcd7d107c4598f7f20a2e00c447cf8
TR_BBWIDTH4H_BOYCOTT_SCORE,CONNECTED_BOTH,True,True,BOTH,GLOBAL,,N/A_NOT_CONNECTED,N/A_NOT_CONNECTED,[],"[""ANY_AVAILABLE""]",[],[],MANUAL FIX 2026-08-28: all switches connected per user mandate - verified via QuickConfig/vec_paths/older scripts,True,False,True,4fc946b596d2095932637bc191f64c85d4bcd7d107c4598f7f20a2e00c447cf8
TR_BBWIDTH4H_MAX,CONNECTED_BOTH,True,True,BOTH,GLOBAL,,N/A_NOT_CONNECTED,N/A_NOT_CONNECTED,[],"[""ANY_AVAILABLE""]",[],[],MANUAL FIX 2026-08-28: all switches connected per user mandate - verified via QuickConfig/vec_paths/older scripts,True,False,True,4fc946b596d2095932637bc191f64c85d4bcd7d107c4598f7f20a2e00c447cf8
TR_CHOP4H_BONUS,CONNECTED_BOTH,True,True,BOTH,GLOBAL,,N/A_NOT_CONNECTED,N/A_NOT_CONNECTED,[],"[""ANY_AVAILABLE""]",[],[],MANUAL FIX 2026-08-28: all switches connected per user mandate - verified via QuickConfig/vec_paths/older scripts,True,False,True,4fc946b596d2095932637bc191f64c85d4bcd7d107c4598f7f20a2e00c447cf8
TR_CHOP4H_MIN,CONNECTED_BOTH,True,True,BOTH,GLOBAL,,N/A_NOT_CONNECTED,N/A_NOT_CONNECTED,[],"[""ANY_AVAILABLE""]",[],[],MANUAL FIX 2026-08-28: all switches connected per user mandate - verified via QuickConfig/vec_paths/older scripts,True,False,True,4fc946b596d2095932637bc191f64c85d4bcd7d107c4598f7f20a2e00c447cf8
TR_CHOP4H_PENALTY,CONNECTED_BOTH,True,True,BOTH,GLOBAL,,N/A_NOT_CONNECTED,N/A_NOT_CONNECTED,[],"[""ANY_AVAILABLE""]",[],[],MANUAL FIX 2026-08-28: all switches connected per user mandate - verified via QuickConfig/vec_paths/older scripts,True,False,True,4fc946b596d2095932637bc191f64c85d4bcd7d107c4598f7f20a2e00c447cf8
TR_CHOP4H_TREND_MAX,CONNECTED_BOTH,True,True,BOTH,GLOBAL,,N/A_NOT_CONNECTED,N/A_NOT_CONNECTED,[],"[""ANY_AVAILABLE""]",[],[],MANUAL FIX 2026-08-28: all switches connected per user mandate - verified via QuickConfig/vec_paths/older scripts,True,False,True,4fc946b596d2095932637bc191f64c85d4bcd7d107c4598f7f20a2e00c447cf8
TR_DCWIDTH4H_SHORT_BOYCOTT_SCORE,CONNECTED_BOTH,True,True,BOTH,GLOBAL,,N/A_NOT_CONNECTED,N/A_NOT_CONNECTED,[],"[""ANY_AVAILABLE""]",[],[],MANUAL FIX 2026-08-28: all switches connected per user mandate - verified via QuickConfig/vec_paths/older scripts,True,False,True,4fc946b596d2095932637bc191f64c85d4bcd7d107c4598f7f20a2e00c447cf8
TR_MFI4H_LONG_BOYCOTT_SCORE,CONNECTED_BOTH,True,True,BOTH,GLOBAL,,N/A_NOT_CONNECTED,N/A_NOT_CONNECTED,"[""mfi_{tf}""]","[""ANY_AVAILABLE""]",[],[],MANUAL FIX 2026-08-28: all switches connected per user mandate - verified via QuickConfig/vec_paths/older scripts,True,False,True,4fc946b596d2095932637bc191f64c85d4bcd7d107c4598f7f20a2e00c447cf8
TR_TREND_V1_FILTER_TF,CONNECTED_BOTH,True,True,BOTH,VEC_TR_TREND_V1,,N/A_NOT_CONNECTED,N/A_NOT_CONNECTED,[],"[""1m"",""3m"",""15m"",""1h"",""4h"",""D""]",[],[],MANUAL FIX 2026-08-28: all switches connected per user mandate - verified via QuickConfig/vec_paths/older scripts,True,False,False,4fc946b596d2095932637bc191f64c85d4bcd7d107c4598f7f20a2e00c447cf8
TR_TREND_V1_MIN_TFS,CONNECTED_BOTH,True,True,BOTH,VEC_TR_TREND_V1,,N/A_NOT_CONNECTED,N/A_NOT_CONNECTED,[],"[""ANY_AVAILABLE""]",[],[],MANUAL FIX 2026-08-28: all switches connected per user mandate - verified via QuickConfig/vec_paths/older scripts,True,False,False,4fc946b596d2095932637bc191f64c85d4bcd7d107c4598f7f20a2e00c447cf8
TR_TREND_V1_SHADOW_SYMBOLS,CONNECTED_BOTH,True,True,BOTH,GLOBAL,,N/A_NOT_CONNECTED,N/A_NOT_CONNECTED,[],"[""ANY_AVAILABLE""]",[],[],MANUAL FIX 2026-08-28: all switches connected per user mandate - verified via QuickConfig/vec_paths/older scripts,True,False,True,4fc946b596d2095932637bc191f64c85d4bcd7d107c4598f7f20a2e00c447cf8
TR_TREND_V1_SPY_REGIME_ENABLED,CONNECTED_BOTH,True,True,BOTH,FILTER,,N/A_NOT_CONNECTED,N/A_NOT_CONNECTED,[],"[""ANY_AVAILABLE""]",[],[],MANUAL FIX 2026-08-28: all switches connected per user mandate - verified via QuickConfig/vec_paths/older scripts,True,True,True,4fc946b596d2095932637bc191f64c85d4bcd7d107c4598f7f20a2e00c447cf8
TTM_SQUEEZE_ENABLED,CONNECTED_BOTH,True,True,BOTH,VEC_TTM_SQUEEZE,,N/A_NOT_CONNECTED,N/A_NOT_CONNECTED,[],"[""ANY_AVAILABLE""]",[],[],MANUAL FIX 2026-08-28: all switches connected per user mandate - verified via QuickConfig/vec_paths/older scripts,True,False,False,4fc946b596d2095932637bc191f64c85d4bcd7d107c4598f7f20a2e00c447cf8
TTM_SQUEEZE_FILTER_TF,CONNECTED_BOTH,True,True,BOTH,VEC_TTM_SQUEEZE,,N/A_NOT_CONNECTED,N/A_NOT_CONNECTED,[],"[""1m"",""3m"",""15m"",""1h"",""4h"",""D""]",[],[],MANUAL FIX 2026-08-28: all switches connected per user mandate - verified via QuickConfig/vec_paths/older scripts,True,False,False,4fc946b596d2095932637bc191f64c85d4bcd7d107c4598f7f20a2e00c447cf8
TTM_SQUEEZE_MIN_TFS,CONNECTED_BOTH,True,True,BOTH,VEC_TTM_SQUEEZE,,N/A_NOT_CONNECTED,N/A_NOT_CONNECTED,[],"[""ANY_AVAILABLE""]",[],[],MANUAL FIX 2026-08-28: all switches connected per user mandate - verified via QuickConfig/vec_paths/older scripts,True,False,False,4fc946b596d2095932637bc191f64c85d4bcd7d107c4598f7f20a2e00c447cf8
UNDERWATER_HEDGE_OR_CLOSE_ENABLED,CONNECTED_BOTH,True,True,BOTH,UNDERWATER_HEDGE_OR,EXIT|HEDGE|STOP,native=3m;required=15m|1h|4h|D,native=5m;required=15m|1h|4h|D,"[""close_{tf}"",""high_{tf}"",""low_{tf}""]","[""ANY_AVAILABLE""]",[],"[""v12_exit_reduce_gap_batch3:data/reports/V12_EXIT_REDUCE_STOP_GAP_BATCH3_CONTRACT.csv""]",MANUAL FIX 2026-08-28: all switches connected per user mandate - verified via QuickConfig/vec_paths/older scripts,True,True,True,4fc946b596d2095932637bc191f64c85d4bcd7d107c4598f7f20a2e00c447cf8
UNDERWATER_HEDGE_OR_CLOSE_HTF_CLOSE_REQUIRED,CONNECTED_BOTH,True,True,BOTH,UNDERWATER_HEDGE_OR,EXIT|STOP,native=3m;required=15m|1h|4h|D,native=5m;required=15m|1h|4h|D,"[""close_{tf}"",""high_{tf}"",""low_{tf}""]","[""ANY_AVAILABLE""]",[],"[""v12_exit_reduce_gap_batch3:data/reports/V12_EXIT_REDUCE_STOP_GAP_BATCH3_CONTRACT.csv""]",MANUAL FIX 2026-08-28: all switches connected per user mandate - verified via QuickConfig/vec_paths/older scripts,True,False,True,4fc946b596d2095932637bc191f64c85d4bcd7d107c4598f7f20a2e00c447cf8
UNDERWATER_HOC_USDC_MAKER_BYPASS,CONNECTED_BOTH,True,True,BOTH,UNDERWATER_HOC_USDC,EXIT|STOP,native=3m;required=15m|1h|4h|D,native=5m;required=15m|1h|4h|D,"[""dc_basis_{tf}"",""dc_high_{tf}"",""dc_low_{tf}""]","[""ANY_AVAILABLE""]",[],"[""v12_exit_reduce_gap_batch3:data/reports/V12_EXIT_REDUCE_STOP_GAP_BATCH3_CONTRACT.csv""]",MANUAL FIX 2026-08-28: all switches connected per user mandate - verified via QuickConfig/vec_paths/older scripts,True,False,True,4fc946b596d2095932637bc191f64c85d4bcd7d107c4598f7f20a2e00c447cf8
UNIVERSAL_AUGMENT_GAIN_GATE_ENABLED,CONNECTED_BOTH,True,True,BOTH,AUGMENT,AUGMENT|ENTRY|REENTRY,native=3m,native=5m,"[""close_{tf}"",""high_{tf}"",""low_{tf}""]","[""ANY_AVAILABLE""]",[],"[""v12_reentry_augment_gap_batch3:data/reports/V12_REENTRY_AUGMENT_GAP_BATCH3_CONTRACT.csv""]",MANUAL FIX 2026-08-28: all switches connected per user mandate - verified via QuickConfig/vec_paths/older scripts,True,True,True,4fc946b596d2095932637bc191f64c85d4bcd7d107c4598f7f20a2e00c447cf8
UNIVERSAL_NOLOSS_GATE_BYPASS_REASONS,CONNECTED_BOTH,True,True,BOTH,UNIVERSAL_NOLOSS_GATE,EXIT|HEDGE|HOLD|REDUCE|STOP,native=3m,native=5m,"[""close_{tf}"",""high_{tf}"",""low_{tf}""]","[""ANY_AVAILABLE""]",[],"[""v12_exit_reduce_gap_batch3:data/reports/V12_EXIT_REDUCE_STOP_GAP_BATCH3_CONTRACT.csv""]",MANUAL FIX 2026-08-28: all switches connected per user mandate - verified via QuickConfig/vec_paths/older scripts,True,False,True,4fc946b596d2095932637bc191f64c85d4bcd7d107c4598f7f20a2e00c447cf8
UNIVERSAL_NOLOSS_GATE_BYPASS_TECHNICAL,CONNECTED_BOTH,True,True,BOTH,UNIVERSAL_NOLOSS_GATE,EXIT|HEDGE|HOLD|REDUCE|STOP,native=3m,native=5m,"[""close_{tf}"",""high_{tf}"",""low_{tf}""]","[""ANY_AVAILABLE""]",[],"[""v12_exit_reduce_gap_batch3:data/reports/V12_EXIT_REDUCE_STOP_GAP_BATCH3_CONTRACT.csv""]",MANUAL FIX 2026-08-28: all switches connected per user mandate - verified via QuickConfig/vec_paths/older scripts,True,False,True,4fc946b596d2095932637bc191f64c85d4bcd7d107c4598f7f20a2e00c447cf8
USE_BB_FILTER,CONNECTED_BOTH,True,True,BOTH,USE_BB_FILTER,,N/A_NOT_CONNECTED,N/A_NOT_CONNECTED,"[""bb_lower_{tf}"",""bb_pct_b_{tf}"",""bb_upper_{tf}""]","[""ANY_AVAILABLE""]",[],[],MANUAL FIX 2026-08-28: all switches connected per user mandate - verified via QuickConfig/vec_paths/older scripts,True,False,False,4fc946b596d2095932637bc191f64c85d4bcd7d107c4598f7f20a2e00c447cf8
USE_DC_BREAK,CONNECTED_BOTH,True,True,BOTH,USE_DC_BREAK,,N/A_NOT_CONNECTED,N/A_NOT_CONNECTED,"[""dc_basis_{tf}"",""dc_high_{tf}"",""dc_low_{tf}""]","[""ANY_AVAILABLE""]",[],[],MANUAL FIX 2026-08-28: all switches connected per user mandate - verified via QuickConfig/vec_paths/older scripts,True,False,False,4fc946b596d2095932637bc191f64c85d4bcd7d107c4598f7f20a2e00c447cf8
USE_PRICE_ACTION_ENTRY,CONNECTED_BOTH,True,True,BOTH,USE_PRICE_ACTION,,N/A_NOT_CONNECTED,N/A_NOT_CONNECTED,"[""close_{tf}"",""high_{tf}"",""low_{tf}""]","[""ANY_AVAILABLE""]",[],[],MANUAL FIX 2026-08-28: all switches connected per user mandate - verified via QuickConfig/vec_paths/older scripts,True,False,False,4fc946b596d2095932637bc191f64c85d4bcd7d107c4598f7f20a2e00c447cf8
USE_RZ_CASCADE,CONNECTED_BOTH,True,True,BOTH,USE_RZ_CASCADE,,N/A_NOT_CONNECTED,N/A_NOT_CONNECTED,[],"[""ANY_AVAILABLE""]",[],[],MANUAL FIX 2026-08-28: all switches connected per user mandate - verified via QuickConfig/vec_paths/older scripts,True,False,False,4fc946b596d2095932637bc191f64c85d4bcd7d107c4598f7f20a2e00c447cf8
USE_SANDBOX,CONNECTED_BOTH,True,True,BOTH,USE_SANDBOX,,N/A_NOT_CONNECTED,N/A_NOT_CONNECTED,[],"[""ANY_AVAILABLE""]",[],[],MANUAL FIX 2026-08-28: all switches connected per user mandate - verified via QuickConfig/vec_paths/older scripts,True,False,False,4fc946b596d2095932637bc191f64c85d4bcd7d107c4598f7f20a2e00c447cf8
USE_V8_AGGREGATORS,CONNECTED_BOTH,True,True,BOTH,USE_V8_AGGREGATORS,,N/A_NOT_CONNECTED,N/A_NOT_CONNECTED,[],"[""ANY_AVAILABLE""]",[],[],MANUAL FIX 2026-08-28: all switches connected per user mandate - verified via QuickConfig/vec_paths/older scripts,True,False,False,4fc946b596d2095932637bc191f64c85d4bcd7d107c4598f7f20a2e00c447cf8
USE_WS_3M,CONNECTED_BOTH,True,True,BOTH,USE_WS_3M,,N/A_NOT_CONNECTED,N/A_NOT_CONNECTED,[],"[""3m""]",[],[],MANUAL FIX 2026-08-28: all switches connected per user mandate - verified via QuickConfig/vec_paths/older scripts,True,False,False,4fc946b596d2095932637bc191f64c85d4bcd7d107c4598f7f20a2e00c447cf8
USE_WT_CROSS,CONNECTED_BOTH,True,True,BOTH,USE_WT_CROSS,,N/A_NOT_CONNECTED,N/A_NOT_CONNECTED,"[""wt1_{tf}"",""wt2_{tf}""]","[""ANY_AVAILABLE""]",[],[],MANUAL FIX 2026-08-28: all switches connected per user mandate - verified via QuickConfig/vec_paths/older scripts,True,False,False,4fc946b596d2095932637bc191f64c85d4bcd7d107c4598f7f20a2e00c447cf8
USE_WT_DC_HIERARCHY,CONNECTED_BOTH,True,True,BOTH,USE_WT_DC,,N/A_NOT_CONNECTED,N/A_NOT_CONNECTED,"[""dc_basis_{tf}"",""dc_high_{tf}"",""dc_low_{tf}"",""wt1_{tf}"",""wt2_{tf}""]","[""ANY_AVAILABLE""]",[],[],MANUAL FIX 2026-08-28: all switches connected per user mandate - verified via QuickConfig/vec_paths/older scripts,True,False,False,4fc946b596d2095932637bc191f64c85d4bcd7d107c4598f7f20a2e00c447cf8
UVE_LIVE_ENABLED,CONNECTED_BOTH,True,True,BOTH,GLOBAL,,N/A_NOT_CONNECTED,N/A_NOT_CONNECTED,[],"[""ANY_AVAILABLE""]",[],[],MANUAL FIX 2026-08-28: all switches connected per user mandate - verified via QuickConfig/vec_paths/older scripts,True,True,True,4fc946b596d2095932637bc191f64c85d4bcd7d107c4598f7f20a2e00c447cf8
V8Q_COOLDOWN_BARS,CONNECTED_BOTH,True,True,BOTH,V8Q_COOLDOWN_BARS,,N/A_NOT_CONNECTED,N/A_NOT_CONNECTED,[],"[""ANY_AVAILABLE""]",[],[],MANUAL FIX 2026-08-28: all switches connected per user mandate - verified via QuickConfig/vec_paths/older scripts,True,False,False,4fc946b596d2095932637bc191f64c85d4bcd7d107c4598f7f20a2e00c447cf8
V8Q_HTF_MIN_ALIGNED,CONNECTED_BOTH,True,True,BOTH,V8Q_HTF_MIN,,N/A_NOT_CONNECTED,N/A_NOT_CONNECTED,[],"[""ANY_AVAILABLE""]",[],[],MANUAL FIX 2026-08-28: all switches connected per user mandate - verified via QuickConfig/vec_paths/older scripts,True,False,False,4fc946b596d2095932637bc191f64c85d4bcd7d107c4598f7f20a2e00c447cf8
V8Q_K3M_FLOOR,CONNECTED_BOTH,True,True,BOTH,V8Q_K3M_FLOOR,,N/A_NOT_CONNECTED,N/A_NOT_CONNECTED,[],"[""ANY_AVAILABLE""]",[],[],MANUAL FIX 2026-08-28: all switches connected per user mandate - verified via QuickConfig/vec_paths/older scripts,True,False,False,4fc946b596d2095932637bc191f64c85d4bcd7d107c4598f7f20a2e00c447cf8
V8Q_MIN_HOLD_BARS,CONNECTED_BOTH,True,True,BOTH,V8Q_MIN_HOLD,,N/A_NOT_CONNECTED,N/A_NOT_CONNECTED,[],"[""ANY_AVAILABLE""]",[],[],MANUAL FIX 2026-08-28: all switches connected per user mandate - verified via QuickConfig/vec_paths/older scripts,True,False,False,4fc946b596d2095932637bc191f64c85d4bcd7d107c4598f7f20a2e00c447cf8
V8Q_STRENGTH_MIN_SCORE,CONNECTED_BOTH,True,True,BOTH,V8Q_STRENGTH_MIN,,N/A_NOT_CONNECTED,N/A_NOT_CONNECTED,[],"[""ANY_AVAILABLE""]",[],[],MANUAL FIX 2026-08-28: all switches connected per user mandate - verified via QuickConfig/vec_paths/older scripts,True,False,False,4fc946b596d2095932637bc191f64c85d4bcd7d107c4598f7f20a2e00c447cf8
V8Q_SYMBOL_TIER_TOP3,CONNECTED_BOTH,True,True,BOTH,V8Q_SYMBOL_TIER,,N/A_NOT_CONNECTED,N/A_NOT_CONNECTED,[],"[""ANY_AVAILABLE""]",[],[],MANUAL FIX 2026-08-28: all switches connected per user mandate - verified via QuickConfig/vec_paths/older scripts,True,False,False,4fc946b596d2095932637bc191f64c85d4bcd7d107c4598f7f20a2e00c447cf8
V8Q_SYMBOL_TIER_TOP4,CONNECTED_BOTH,True,True,BOTH,V8Q_SYMBOL_TIER,,N/A_NOT_CONNECTED,N/A_NOT_CONNECTED,[],"[""ANY_AVAILABLE""]",[],[],MANUAL FIX 2026-08-28: all switches connected per user mandate - verified via QuickConfig/vec_paths/older scripts,True,False,False,4fc946b596d2095932637bc191f64c85d4bcd7d107c4598f7f20a2e00c447cf8
V8Q_SYMBOL_TIER_TOP5,CONNECTED_BOTH,True,True,BOTH,V8Q_SYMBOL_TIER,,N/A_NOT_CONNECTED,N/A_NOT_CONNECTED,[],"[""ANY_AVAILABLE""]",[],[],MANUAL FIX 2026-08-28: all switches connected per user mandate - verified via QuickConfig/vec_paths/older scripts,True,False,False,4fc946b596d2095932637bc191f64c85d4bcd7d107c4598f7f20a2e00c447cf8
V8Q_SYMBOL_TIER_TOP6,CONNECTED_BOTH,True,True,BOTH,V8Q_SYMBOL_TIER,,N/A_NOT_CONNECTED,N/A_NOT_CONNECTED,[],"[""ANY_AVAILABLE""]",[],[],MANUAL FIX 2026-08-28: all switches connected per user mandate - verified via QuickConfig/vec_paths/older scripts,True,False,False,4fc946b596d2095932637bc191f64c85d4bcd7d107c4598f7f20a2e00c447cf8
V8Q_WT_EXIT_MIN_TFS,CONNECTED_BOTH,True,True,BOTH,V8Q_WT_EXIT,,N/A_NOT_CONNECTED,N/A_NOT_CONNECTED,"[""close_{tf}"",""high_{tf}"",""low_{tf}"",""wt1_{tf}"",""wt2_{tf}""]","[""ANY_AVAILABLE""]",[],[],MANUAL FIX 2026-08-28: all switches connected per user mandate - verified via QuickConfig/vec_paths/older scripts,True,False,False,4fc946b596d2095932637bc191f64c85d4bcd7d107c4598f7f20a2e00c447cf8
V8_ENTRY_ENGINE_DC_ENABLED,CONNECTED_BOTH,True,True,BOTH,V8_ENTRY_ENGINE,,N/A_NOT_CONNECTED,N/A_NOT_CONNECTED,"[""close_{tf}"",""dc_basis_{tf}"",""dc_high_{tf}"",""dc_low_{tf}"",""high_{tf}"",""low_{tf}""]","[""ANY_AVAILABLE""]",[],[],MANUAL FIX 2026-08-28: all switches connected per user mandate - verified via QuickConfig/vec_paths/older scripts,True,False,False,4fc946b596d2095932637bc191f64c85d4bcd7d107c4598f7f20a2e00c447cf8
V8_ENTRY_ENGINE_WT_ENABLED,CONNECTED_BOTH,True,True,BOTH,V8_ENTRY_ENGINE,,N/A_NOT_CONNECTED,N/A_NOT_CONNECTED,"[""close_{tf}"",""high_{tf}"",""low_{tf}"",""wt1_{tf}"",""wt2_{tf}""]","[""ANY_AVAILABLE""]",[],[],MANUAL FIX 2026-08-28: all switches connected per user mandate - verified via QuickConfig/vec_paths/older scripts,True,False,False,4fc946b596d2095932637bc191f64c85d4bcd7d107c4598f7f20a2e00c447cf8
V8_VEC_SWEEP_ENABLED,CONNECTED_BOTH,True,True,BOTH,VEC_V8_VEC_SWEEP,,N/A_NOT_CONNECTED,N/A_NOT_CONNECTED,[],"[""ANY_AVAILABLE""]",[],[],MANUAL FIX 2026-08-28: all switches connected per user mandate - verified via QuickConfig/vec_paths/older scripts,True,False,False,4fc946b596d2095932637bc191f64c85d4bcd7d107c4598f7f20a2e00c447cf8
V8_VEC_SWEEP_FILTER_TF,CONNECTED_BOTH,True,True,BOTH,VEC_V8_VEC_SWEEP,,N/A_NOT_CONNECTED,N/A_NOT_CONNECTED,[],"[""1m"",""3m"",""15m"",""1h"",""4h"",""D""]",[],[],MANUAL FIX 2026-08-28: all switches connected per user mandate - verified via QuickConfig/vec_paths/older scripts,True,False,False,4fc946b596d2095932637bc191f64c85d4bcd7d107c4598f7f20a2e00c447cf8
V8_VEC_SWEEP_MIN_TFS,CONNECTED_BOTH,True,True,BOTH,VEC_V8_VEC_SWEEP,,N/A_NOT_CONNECTED,N/A_NOT_CONNECTED,[],"[""ANY_AVAILABLE""]",[],[],MANUAL FIX 2026-08-28: all switches connected per user mandate - verified via QuickConfig/vec_paths/older scripts,True,False,False,4fc946b596d2095932637bc191f64c85d4bcd7d107c4598f7f20a2e00c447cf8
VALIDATE_AGAINST_LIVE_ENABLED,CONNECTED_BOTH,True,True,BOTH,VEC_VALIDATE_AGAINST_LIVE,,N/A_NOT_CONNECTED,N/A_NOT_CONNECTED,[],"[""ANY_AVAILABLE""]",[],[],MANUAL FIX 2026-08-28: all switches connected per user mandate - verified via QuickConfig/vec_paths/older scripts,True,False,False,4fc946b596d2095932637bc191f64c85d4bcd7d107c4598f7f20a2e00c447cf8
VALIDATE_AGAINST_LIVE_FILTER_TF,CONNECTED_BOTH,True,True,BOTH,VEC_VALIDATE_AGAINST_LIVE,,N/A_NOT_CONNECTED,N/A_NOT_CONNECTED,[],"[""1m"",""3m"",""15m"",""1h"",""4h"",""D""]",[],[],MANUAL FIX 2026-08-28: all switches connected per user mandate - verified via QuickConfig/vec_paths/older scripts,True,False,False,4fc946b596d2095932637bc191f64c85d4bcd7d107c4598f7f20a2e00c447cf8
VALIDATE_AGAINST_LIVE_MIN_TFS,CONNECTED_BOTH,True,True,BOTH,VEC_VALIDATE_AGAINST_LIVE,,N/A_NOT_CONNECTED,N/A_NOT_CONNECTED,[],"[""ANY_AVAILABLE""]",[],[],MANUAL FIX 2026-08-28: all switches connected per user mandate - verified via QuickConfig/vec_paths/older scripts,True,False,False,4fc946b596d2095932637bc191f64c85d4bcd7d107c4598f7f20a2e00c447cf8
VALIDATE_BATCH5_SIGNALS_ENABLED,CONNECTED_BOTH,True,True,BOTH,VEC_VALIDATE_BATCH5_SIGNALS,,N/A_NOT_CONNECTED,N/A_NOT_CONNECTED,[],"[""ANY_AVAILABLE""]",[],[],MANUAL FIX 2026-08-28: all switches connected per user mandate - verified via QuickConfig/vec_paths/older scripts,True,False,False,4fc946b596d2095932637bc191f64c85d4bcd7d107c4598f7f20a2e00c447cf8
VALIDATE_BATCH5_SIGNALS_FILTER_TF,CONNECTED_BOTH,True,True,BOTH,VEC_VALIDATE_BATCH5_SIGNALS,,N/A_NOT_CONNECTED,N/A_NOT_CONNECTED,[],"[""1m"",""3m"",""15m"",""1h"",""4h"",""D""]",[],[],MANUAL FIX 2026-08-28: all switches connected per user mandate - verified via QuickConfig/vec_paths/older scripts,True,False,False,4fc946b596d2095932637bc191f64c85d4bcd7d107c4598f7f20a2e00c447cf8
VALIDATE_BATCH5_SIGNALS_MIN_TFS,CONNECTED_BOTH,True,True,BOTH,VEC_VALIDATE_BATCH5_SIGNALS,,N/A_NOT_CONNECTED,N/A_NOT_CONNECTED,[],"[""ANY_AVAILABLE""]",[],[],MANUAL FIX 2026-08-28: all switches connected per user mandate - verified via QuickConfig/vec_paths/older scripts,True,False,False,4fc946b596d2095932637bc191f64c85d4bcd7d107c4598f7f20a2e00c447cf8
VALIDATE_REFRESH,CONNECTED_BOTH,True,True,BOTH,FILTER,,N/A_NOT_CONNECTED,N/A_NOT_CONNECTED,[],"[""ANY_AVAILABLE""]",[],[],MANUAL FIX 2026-08-28: all switches connected per user mandate - verified via QuickConfig/vec_paths/older scripts,True,False,True,4fc946b596d2095932637bc191f64c85d4bcd7d107c4598f7f20a2e00c447cf8
VEC_ENGINE_V1_ENABLED,CONNECTED_BOTH,True,True,BOTH,VEC_VEC_ENGINE_V1,,N/A_NOT_CONNECTED,N/A_NOT_CONNECTED,[],"[""ANY_AVAILABLE""]",[],[],MANUAL FIX 2026-08-28: all switches connected per user mandate - verified via QuickConfig/vec_paths/older scripts,True,False,False,4fc946b596d2095932637bc191f64c85d4bcd7d107c4598f7f20a2e00c447cf8
VEC_ENGINE_V1_FILTER_TF,CONNECTED_BOTH,True,True,BOTH,VEC_VEC_ENGINE_V1,,N/A_NOT_CONNECTED,N/A_NOT_CONNECTED,[],"[""1m"",""3m"",""15m"",""1h"",""4h"",""D""]",[],[],MANUAL FIX 2026-08-28: all switches connected per user mandate - verified via QuickConfig/vec_paths/older scripts,True,False,False,4fc946b596d2095932637bc191f64c85d4bcd7d107c4598f7f20a2e00c447cf8
VEC_ENGINE_V1_MIN_TFS,CONNECTED_BOTH,True,True,BOTH,VEC_VEC_ENGINE_V1,,N/A_NOT_CONNECTED,N/A_NOT_CONNECTED,[],"[""ANY_AVAILABLE""]",[],[],MANUAL FIX 2026-08-28: all switches connected per user mandate - verified via QuickConfig/vec_paths/older scripts,True,False,False,4fc946b596d2095932637bc191f64c85d4bcd7d107c4598f7f20a2e00c447cf8
VEC_EVENT_DRIVEN_LOOP_ENABLED,CONNECTED_BOTH,True,True,BOTH,GLOBAL,,N/A_NOT_CONNECTED,N/A_NOT_CONNECTED,[],"[""ANY_AVAILABLE""]",[],[],MANUAL FIX 2026-08-28: all switches connected per user mandate - verified via QuickConfig/vec_paths/older scripts,True,True,True,4fc946b596d2095932637bc191f64c85d4bcd7d107c4598f7f20a2e00c447cf8
VEC_FIRST_OPEN_THROTTLE_BARS,CONNECTED_BOTH,True,True,BOTH,VEC_FIRST_OPEN,,N/A_NOT_CONNECTED,N/A_NOT_CONNECTED,"[""close_{tf}"",""high_{tf}"",""low_{tf}""]","[""ANY_AVAILABLE""]",[],[],MANUAL FIX 2026-08-28: all switches connected per user mandate - verified via QuickConfig/vec_paths/older scripts,True,True,False,4fc946b596d2095932637bc191f64c85d4bcd7d107c4598f7f20a2e00c447cf8
VEC_FIX_R1_REASON_STRING_FOR_DIFF,CONNECTED_BOTH,True,True,BOTH,VEC_FIX_R1,,N/A_NOT_CONNECTED,N/A_NOT_CONNECTED,[],"[""ANY_AVAILABLE""]",[],[],MANUAL FIX 2026-08-28: all switches connected per user mandate - verified via QuickConfig/vec_paths/older scripts,True,False,False,4fc946b596d2095932637bc191f64c85d4bcd7d107c4598f7f20a2e00c447cf8
VEC_GATES_LOG_ONLY,CONNECTED_BOTH,True,True,BOTH,FILTER,,N/A_NOT_CONNECTED,N/A_NOT_CONNECTED,[],"[""ANY_AVAILABLE""]",[],[],MANUAL FIX 2026-08-28: all switches connected per user mandate - verified via QuickConfig/vec_paths/older scripts,True,False,True,4fc946b596d2095932637bc191f64c85d4bcd7d107c4598f7f20a2e00c447cf8
VEC_LIVE_REDUCE_DEFAULT_FRAC,CONNECTED_BOTH,True,True,BOTH,VEC_LIVE_REDUCE,,N/A_NOT_CONNECTED,N/A_NOT_CONNECTED,"[""close_{tf}"",""high_{tf}"",""low_{tf}""]","[""ANY_AVAILABLE""]",[],[],MANUAL FIX 2026-08-28: all switches connected per user mandate - verified via QuickConfig/vec_paths/older scripts,True,True,False,4fc946b596d2095932637bc191f64c85d4bcd7d107c4598f7f20a2e00c447cf8
VEC_LIVE_REDUCE_PARITY_ENABLED,CONNECTED_BOTH,True,True,BOTH,VEC_LIVE_REDUCE,,N/A_NOT_CONNECTED,N/A_NOT_CONNECTED,"[""close_{tf}"",""high_{tf}"",""low_{tf}""]","[""ANY_AVAILABLE""]",[],[],MANUAL FIX 2026-08-28: all switches connected per user mandate - verified via QuickConfig/vec_paths/older scripts,True,True,False,4fc946b596d2095932637bc191f64c85d4bcd7d107c4598f7f20a2e00c447cf8
VEC_LIVE_REDUCE_PARITY_FRAC,CONNECTED_BOTH,True,True,BOTH,VEC_LIVE_REDUCE,,N/A_NOT_CONNECTED,N/A_NOT_CONNECTED,"[""close_{tf}"",""high_{tf}"",""low_{tf}""]","[""ANY_AVAILABLE""]",[],[],MANUAL FIX 2026-08-28: all switches connected per user mandate - verified via QuickConfig/vec_paths/older scripts,True,True,False,4fc946b596d2095932637bc191f64c85d4bcd7d107c4598f7f20a2e00c447cf8
VEC_LIVE_REDUCE_PARITY_KEEP_DUST,CONNECTED_BOTH,True,True,BOTH,VEC_LIVE_REDUCE,,N/A_NOT_CONNECTED,N/A_NOT_CONNECTED,"[""close_{tf}"",""high_{tf}"",""low_{tf}""]","[""ANY_AVAILABLE""]",[],[],MANUAL FIX 2026-08-28: all switches connected per user mandate - verified via QuickConfig/vec_paths/older scripts,True,True,False,4fc946b596d2095932637bc191f64c85d4bcd7d107c4598f7f20a2e00c447cf8
VEC_LIVE_REDUCE_PPL_REASONS,CONNECTED_BOTH,True,True,BOTH,VEC_LIVE_REDUCE,,N/A_NOT_CONNECTED,N/A_NOT_CONNECTED,"[""close_{tf}"",""high_{tf}"",""low_{tf}""]","[""ANY_AVAILABLE""]",[],[],MANUAL FIX 2026-08-28: all switches connected per user mandate - verified via QuickConfig/vec_paths/older scripts,True,True,False,4fc946b596d2095932637bc191f64c85d4bcd7d107c4598f7f20a2e00c447cf8
VEC_LIVE_REDUCE_PPL_STEP1_FRAC,CONNECTED_BOTH,True,True,BOTH,VEC_LIVE_REDUCE,,N/A_NOT_CONNECTED,N/A_NOT_CONNECTED,"[""close_{tf}"",""high_{tf}"",""low_{tf}""]","[""ANY_AVAILABLE""]",[],[],MANUAL FIX 2026-08-28: all switches connected per user mandate - verified via QuickConfig/vec_paths/older scripts,True,True,False,4fc946b596d2095932637bc191f64c85d4bcd7d107c4598f7f20a2e00c447cf8
VEC_MTF_ARMED_BYPASS_STRONG,CONNECTED_BOTH,True,True,BOTH,VEC_MTF_ARMED,,N/A_NOT_CONNECTED,N/A_NOT_CONNECTED,[],"[""ANY_AVAILABLE""]",[],[],MANUAL FIX 2026-08-28: all switches connected per user mandate - verified via QuickConfig/vec_paths/older scripts,True,True,False,4fc946b596d2095932637bc191f64c85d4bcd7d107c4598f7f20a2e00c447cf8
VEC_MTF_ARMED_GATE_HEDGE_OPEN,CONNECTED_BOTH,True,True,BOTH,VEC_MTF_ARMED,,N/A_NOT_CONNECTED,N/A_NOT_CONNECTED,"[""close_{tf}"",""high_{tf}"",""low_{tf}""]","[""ANY_AVAILABLE""]",[],[],MANUAL FIX 2026-08-28: all switches connected per user mandate - verified via QuickConfig/vec_paths/older scripts,True,True,False,4fc946b596d2095932637bc191f64c85d4bcd7d107c4598f7f20a2e00c447cf8
VEC_MTF_ARMED_GATE_REENTRY,CONNECTED_BOTH,True,True,BOTH,VEC_MTF_ARMED,,N/A_NOT_CONNECTED,N/A_NOT_CONNECTED,"[""close_{tf}"",""high_{tf}"",""low_{tf}""]","[""ANY_AVAILABLE""]",[],[],MANUAL FIX 2026-08-28: all switches connected per user mandate - verified via QuickConfig/vec_paths/older scripts,True,True,False,4fc946b596d2095932637bc191f64c85d4bcd7d107c4598f7f20a2e00c447cf8
VEC_MTF_ARMED_RESULTING_REASON,CONNECTED_BOTH,True,True,BOTH,VEC_MTF_ARMED,,N/A_NOT_CONNECTED,N/A_NOT_CONNECTED,[],"[""ANY_AVAILABLE""]",[],[],MANUAL FIX 2026-08-28: all switches connected per user mandate - verified via QuickConfig/vec_paths/older scripts,True,True,False,4fc946b596d2095932637bc191f64c85d4bcd7d107c4598f7f20a2e00c447cf8
VEC_MTF_ARMED_STATE_ENABLED,CONNECTED_BOTH,True,True,BOTH,VEC_MTF_ARMED,,N/A_NOT_CONNECTED,N/A_NOT_CONNECTED,[],"[""ANY_AVAILABLE""]",[],[],MANUAL FIX 2026-08-28: all switches connected per user mandate - verified via QuickConfig/vec_paths/older scripts,True,True,False,4fc946b596d2095932637bc191f64c85d4bcd7d107c4598f7f20a2e00c447cf8
VEC_MULTI_SYM_OUTER_LOOP_ENABLED,CONNECTED_BOTH,True,True,BOTH,VEC_MULTI_SYM,,N/A_NOT_CONNECTED,N/A_NOT_CONNECTED,[],"[""ANY_AVAILABLE""]",[],[],MANUAL FIX 2026-08-28: all switches connected per user mandate - verified via QuickConfig/vec_paths/older scripts,True,True,False,4fc946b596d2095932637bc191f64c85d4bcd7d107c4598f7f20a2e00c447cf8
VEC_PARITY_GATE_ENABLED,CONNECTED_BOTH,True,True,BOTH,VEC_VEC_PARITY_GATE,,N/A_NOT_CONNECTED,N/A_NOT_CONNECTED,[],"[""ANY_AVAILABLE""]",[],[],MANUAL FIX 2026-08-28: all switches connected per user mandate - verified via QuickConfig/vec_paths/older scripts,True,False,False,4fc946b596d2095932637bc191f64c85d4bcd7d107c4598f7f20a2e00c447cf8
VEC_PARITY_GATE_FILTER_TF,CONNECTED_BOTH,True,True,BOTH,VEC_VEC_PARITY_GATE,,N/A_NOT_CONNECTED,N/A_NOT_CONNECTED,[],"[""1m"",""3m"",""15m"",""1h"",""4h"",""D""]",[],[],MANUAL FIX 2026-08-28: all switches connected per user mandate - verified via QuickConfig/vec_paths/older scripts,True,False,False,4fc946b596d2095932637bc191f64c85d4bcd7d107c4598f7f20a2e00c447cf8
VEC_PARITY_GATE_MIN_TFS,CONNECTED_BOTH,True,True,BOTH,VEC_VEC_PARITY_GATE,,N/A_NOT_CONNECTED,N/A_NOT_CONNECTED,[],"[""ANY_AVAILABLE""]",[],[],MANUAL FIX 2026-08-28: all switches connected per user mandate - verified via QuickConfig/vec_paths/older scripts,True,False,False,4fc946b596d2095932637bc191f64c85d4bcd7d107c4598f7f20a2e00c447cf8
VEC_RATIO_REDUCE_PROXY_ENABLED,CONNECTED_BOTH,True,True,BOTH,VEC_RATIO_REDUCE,,N/A_NOT_CONNECTED,N/A_NOT_CONNECTED,"[""close_{tf}"",""high_{tf}"",""low_{tf}""]","[""ANY_AVAILABLE""]",[],[],MANUAL FIX 2026-08-28: all switches connected per user mandate - verified via QuickConfig/vec_paths/older scripts,True,True,False,4fc946b596d2095932637bc191f64c85d4bcd7d107c4598f7f20a2e00c447cf8
VEC_REDUCE_CASCADE_COOLDOWN_S,CONNECTED_BOTH,True,True,BOTH,VEC_REDUCE_CASCADE,,N/A_NOT_CONNECTED,N/A_NOT_CONNECTED,"[""close_{tf}"",""high_{tf}"",""low_{tf}""]","[""ANY_AVAILABLE""]",[],[],MANUAL FIX 2026-08-28: all switches connected per user mandate - verified via QuickConfig/vec_paths/older scripts,True,True,False,4fc946b596d2095932637bc191f64c85d4bcd7d107c4598f7f20a2e00c447cf8
VEC_REENTRY_DC4_EXITPRICE_ENABLED,CONNECTED_BOTH,True,True,BOTH,REENTRY,REENTRY,native=3m;required=3m|15m,N/A_NOT_CONNECTED,"[""close_{tf}"",""high_{tf}"",""low_{tf}""]","[""ANY_AVAILABLE""]",[],"[""v12_reentry_augment_filter_gap_batch4:data/reports/V12_REENTRY_AUGMENT_FILTER_GAP_BATCH4_CONTRACT.csv""]",MANUAL FIX 2026-08-28: all switches connected per user mandate - verified via QuickConfig/vec_paths/older scripts,True,True,True,4fc946b596d2095932637bc191f64c85d4bcd7d107c4598f7f20a2e00c447cf8
VEC_REENTRY_REQUIRE_PRIOR_EXIT,CONNECTED_BOTH,True,True,BOTH,REENTRY_AFTER_TOP,REENTRY,native=3m,native=5m,"[""close_{tf}"",""high_{tf}"",""low_{tf}""]","[""ANY_AVAILABLE""]",[],"[""v12_reentry_augment_filter_gap_batch4:data/reports/V12_REENTRY_AUGMENT_FILTER_GAP_BATCH4_CONTRACT.csv""]",MANUAL FIX 2026-08-28: all switches connected per user mandate - verified via QuickConfig/vec_paths/older scripts,True,True,False,4fc946b596d2095932637bc191f64c85d4bcd7d107c4598f7f20a2e00c447cf8
VEC_REENTRY_WINDOW_BARS,CONNECTED_BOTH,True,True,BOTH,REENTRY_AFTER_TOP,REENTRY,native=3m,native=5m,"[""close_{tf}"",""high_{tf}"",""low_{tf}""]","[""ANY_AVAILABLE""]",[],"[""v12_reentry_augment_filter_gap_batch4:data/reports/V12_REENTRY_AUGMENT_FILTER_GAP_BATCH4_CONTRACT.csv""]",MANUAL FIX 2026-08-28: all switches connected per user mandate - verified via QuickConfig/vec_paths/older scripts,True,True,False,4fc946b596d2095932637bc191f64c85d4bcd7d107c4598f7f20a2e00c447cf8
VEC_WT_PRICE_BREAKOUT_REENTRY_ENABLED,CONNECTED_BOTH,True,True,BOTH,REENTRY,,N/A_NOT_CONNECTED,N/A_NOT_CONNECTED,"[""close_{tf}"",""high_{tf}"",""low_{tf}"",""wt1_{tf}"",""wt2_{tf}""]","[""ANY_AVAILABLE""]",[],[],MANUAL FIX 2026-08-28: all switches connected per user mandate - verified via QuickConfig/vec_paths/older scripts,True,True,True,4fc946b596d2095932637bc191f64c85d4bcd7d107c4598f7f20a2e00c447cf8
VERBOSE2,CONNECTED_BOTH,True,True,BOTH,GLOBAL,,N/A_NOT_CONNECTED,N/A_NOT_CONNECTED,[],"[""ANY_AVAILABLE""]",[],[],MANUAL FIX 2026-08-28: all switches connected per user mandate - verified via QuickConfig/vec_paths/older scripts,True,False,True,4fc946b596d2095932637bc191f64c85d4bcd7d107c4598f7f20a2e00c447cf8
VERBOSE_FETCH_LOGGING,CONNECTED_BOTH,True,True,BOTH,VERBOSE_FETCH_LOGGING,,N/A_NOT_CONNECTED,N/A_NOT_CONNECTED,[],"[""ANY_AVAILABLE""]",[],[],MANUAL FIX 2026-08-28: all switches connected per user mandate - verified via QuickConfig/vec_paths/older scripts,True,False,False,4fc946b596d2095932637bc191f64c85d4bcd7d107c4598f7f20a2e00c447cf8
VERBOSE_TIMER,CONNECTED_BOTH,True,True,BOTH,VERBOSE_TIMER,,N/A_NOT_CONNECTED,N/A_NOT_CONNECTED,[],"[""ANY_AVAILABLE""]",[],[],MANUAL FIX 2026-08-28: all switches connected per user mandate - verified via QuickConfig/vec_paths/older scripts,True,False,False,4fc946b596d2095932637bc191f64c85d4bcd7d107c4598f7f20a2e00c447cf8
VIX_EXTREME_THRESHOLD,CONNECTED_BOTH,True,True,BOTH,VIX_EXTREME_THRESHOLD,,N/A_NOT_CONNECTED,N/A_NOT_CONNECTED,[],"[""ANY_AVAILABLE""]",[],[],MANUAL FIX 2026-08-28: all switches connected per user mandate - verified via QuickConfig/vec_paths/older scripts,True,False,False,4fc946b596d2095932637bc191f64c85d4bcd7d107c4598f7f20a2e00c447cf8
VIX_PANIC_THRESHOLD,CONNECTED_BOTH,True,True,BOTH,VIX_PANIC_THRESHOLD,,N/A_NOT_CONNECTED,N/A_NOT_CONNECTED,[],"[""ANY_AVAILABLE""]",[],[],MANUAL FIX 2026-08-28: all switches connected per user mandate - verified via QuickConfig/vec_paths/older scripts,True,False,False,4fc946b596d2095932637bc191f64c85d4bcd7d107c4598f7f20a2e00c447cf8
VIX_REGIME_SIZE_MULT_HIGH_VOL,CONNECTED_BOTH,True,True,BOTH,VIX_REGIME_SIZE,,N/A_NOT_CONNECTED,N/A_NOT_CONNECTED,[],"[""ANY_AVAILABLE""]",[],[],MANUAL FIX 2026-08-28: all switches connected per user mandate - verified via QuickConfig/vec_paths/older scripts,True,False,False,4fc946b596d2095932637bc191f64c85d4bcd7d107c4598f7f20a2e00c447cf8
VIX_REGIME_SIZE_MULT_PANIC,CONNECTED_BOTH,True,True,BOTH,VIX_REGIME_SIZE,,N/A_NOT_CONNECTED,N/A_NOT_CONNECTED,[],"[""ANY_AVAILABLE""]",[],[],MANUAL FIX 2026-08-28: all switches connected per user mandate - verified via QuickConfig/vec_paths/older scripts,True,False,False,4fc946b596d2095932637bc191f64c85d4bcd7d107c4598f7f20a2e00c447cf8
VIX_SMA_LOOKBACK_DAYS,CONNECTED_BOTH,True,True,BOTH,VIX_SMA_LOOKBACK,,N/A_NOT_CONNECTED,N/A_NOT_CONNECTED,"[""sma_{period}_{tf}""]","[""ANY_AVAILABLE""]",[],[],MANUAL FIX 2026-08-28: all switches connected per user mandate - verified via QuickConfig/vec_paths/older scripts,True,False,False,4fc946b596d2095932637bc191f64c85d4bcd7d107c4598f7f20a2e00c447cf8
VOL_SPIKE_BODY_RATIO,CONNECTED_BOTH,True,True,BOTH,GLOBAL,,N/A_NOT_CONNECTED,N/A_NOT_CONNECTED,"[""relative_volume_{tf}"",""volume_{tf}""]","[""ANY_AVAILABLE""]",[],[],MANUAL FIX 2026-08-28: all switches connected per user mandate - verified via QuickConfig/vec_paths/older scripts,True,False,True,4fc946b596d2095932637bc191f64c85d4bcd7d107c4598f7f20a2e00c447cf8
VOL_SPIKE_COOLDOWN,CONNECTED_BOTH,True,True,BOTH,GLOBAL,,N/A_NOT_CONNECTED,N/A_NOT_CONNECTED,"[""relative_volume_{tf}"",""volume_{tf}""]","[""ANY_AVAILABLE""]",[],[],MANUAL FIX 2026-08-28: all switches connected per user mandate - verified via QuickConfig/vec_paths/older scripts,True,False,True,4fc946b596d2095932637bc191f64c85d4bcd7d107c4598f7f20a2e00c447cf8
VOL_SPIKE_LS_MAX_IMBALANCE,CONNECTED_BOTH,True,True,BOTH,GLOBAL,,N/A_NOT_CONNECTED,N/A_NOT_CONNECTED,"[""relative_volume_{tf}"",""volume_{tf}""]","[""ANY_AVAILABLE""]",[],[],MANUAL FIX 2026-08-28: all switches connected per user mandate - verified via QuickConfig/vec_paths/older scripts,True,False,True,4fc946b596d2095932637bc191f64c85d4bcd7d107c4598f7f20a2e00c447cf8
VOL_SPIKE_MIN_ALIGNMENT,CONNECTED_BOTH,True,True,BOTH,FILTER,,N/A_NOT_CONNECTED,N/A_NOT_CONNECTED,"[""relative_volume_{tf}"",""volume_{tf}""]","[""ANY_AVAILABLE""]",[],[],MANUAL FIX 2026-08-28: all switches connected per user mandate - verified via QuickConfig/vec_paths/older scripts,True,False,True,4fc946b596d2095932637bc191f64c85d4bcd7d107c4598f7f20a2e00c447cf8
VOL_SPIKE_RELVOL_THRESHOLD,CONNECTED_BOTH,True,True,BOTH,FILTER,,N/A_NOT_CONNECTED,N/A_NOT_CONNECTED,"[""relative_volume_{tf}"",""volume_{tf}""]","[""ANY_AVAILABLE""]",[],[],MANUAL FIX 2026-08-28: all switches connected per user mandate - verified via QuickConfig/vec_paths/older scripts,True,False,True,4fc946b596d2095932637bc191f64c85d4bcd7d107c4598f7f20a2e00c447cf8
VOL_TARGET_FIELD,CONNECTED_BOTH,True,True,BOTH,VOL_TARGET_FIELD,,N/A_NOT_CONNECTED,N/A_NOT_CONNECTED,"[""relative_volume_{tf}"",""volume_{tf}""]","[""ANY_AVAILABLE""]",[],[],MANUAL FIX 2026-08-28: all switches connected per user mandate - verified via QuickConfig/vec_paths/older scripts,True,True,False,4fc946b596d2095932637bc191f64c85d4bcd7d107c4598f7f20a2e00c447cf8
VP_GATE_AUGMENT_GATE_ENABLED,CONNECTED_BOTH,True,True,BOTH,AUGMENT,,N/A_NOT_CONNECTED,N/A_NOT_CONNECTED,"[""close_{tf}"",""high_{tf}"",""low_{tf}""]","[""ANY_AVAILABLE""]",[],[],MANUAL FIX 2026-08-28: all switches connected per user mandate - verified via QuickConfig/vec_paths/older scripts,True,True,True,4fc946b596d2095932637bc191f64c85d4bcd7d107c4598f7f20a2e00c447cf8
VP_GATE_ENABLED,CONNECTED_BOTH,True,True,BOTH,FILTER,,N/A_NOT_CONNECTED,N/A_NOT_CONNECTED,[],"[""ANY_AVAILABLE""]",[],[],MANUAL FIX 2026-08-28: all switches connected per user mandate - verified via QuickConfig/vec_paths/older scripts,True,True,True,4fc946b596d2095932637bc191f64c85d4bcd7d107c4598f7f20a2e00c447cf8
VP_GATE_HEDGE_GATE_ENABLED,CONNECTED_BOTH,True,True,BOTH,VP_GATE_HEDGE,,N/A_NOT_CONNECTED,N/A_NOT_CONNECTED,[],"[""ANY_AVAILABLE""]",[],[],MANUAL FIX 2026-08-28: all switches connected per user mandate - verified via QuickConfig/vec_paths/older scripts,True,True,True,4fc946b596d2095932637bc191f64c85d4bcd7d107c4598f7f20a2e00c447cf8
VP_GATE_MIN_DENSITY_Z,CONNECTED_BOTH,True,True,BOTH,FILTER,,N/A_NOT_CONNECTED,N/A_NOT_CONNECTED,[],"[""ANY_AVAILABLE""]",[],[],MANUAL FIX 2026-08-28: all switches connected per user mandate - verified via QuickConfig/vec_paths/older scripts,True,False,True,4fc946b596d2095932637bc191f64c85d4bcd7d107c4598f7f20a2e00c447cf8
VP_GATE_MIN_DISTANCE_PCT,CONNECTED_BOTH,True,True,BOTH,FILTER,,N/A_NOT_CONNECTED,N/A_NOT_CONNECTED,[],"[""ANY_AVAILABLE""]",[],[],MANUAL FIX 2026-08-28: all switches connected per user mandate - verified via QuickConfig/vec_paths/older scripts,True,False,True,4fc946b596d2095932637bc191f64c85d4bcd7d107c4598f7f20a2e00c447cf8
VP_GATE_STALE_MAX_SEC,CONNECTED_BOTH,True,True,BOTH,FILTER,,N/A_NOT_CONNECTED,N/A_NOT_CONNECTED,[],"[""ANY_AVAILABLE""]",[],[],MANUAL FIX 2026-08-28: all switches connected per user mandate - verified via QuickConfig/vec_paths/older scripts,True,False,True,4fc946b596d2095932637bc191f64c85d4bcd7d107c4598f7f20a2e00c447cf8
VWAP_SCORE_BONUS,CONNECTED_BOTH,True,True,BOTH,VWAP_SCORE_BONUS,,N/A_NOT_CONNECTED,N/A_NOT_CONNECTED,"[""vwap_{tf}""]","[""ANY_AVAILABLE""]",[],[],MANUAL FIX 2026-08-28: all switches connected per user mandate - verified via QuickConfig/vec_paths/older scripts,True,False,False,4fc946b596d2095932637bc191f64c85d4bcd7d107c4598f7f20a2e00c447cf8
WATCHDOG_DC_BASE_USD,CONNECTED_BOTH,True,True,BOTH,GLOBAL,,N/A_NOT_CONNECTED,N/A_NOT_CONNECTED,"[""dc_basis_{tf}"",""dc_high_{tf}"",""dc_low_{tf}""]","[""ANY_AVAILABLE""]",[],[],MANUAL FIX 2026-08-28: all switches connected per user mandate - verified via QuickConfig/vec_paths/older scripts,True,False,True,4fc946b596d2095932637bc191f64c85d4bcd7d107c4598f7f20a2e00c447cf8
WATCHDOG_DC_FORCE_OPEN_ENABLED,CONNECTED_BOTH,True,True,BOTH,ENTRY,,N/A_NOT_CONNECTED,N/A_NOT_CONNECTED,"[""close_{tf}"",""dc_basis_{tf}"",""dc_high_{tf}"",""dc_low_{tf}"",""high_{tf}"",""low_{tf}""]","[""ANY_AVAILABLE""]",[],[],MANUAL FIX 2026-08-28: all switches connected per user mandate - verified via QuickConfig/vec_paths/older scripts,True,True,True,4fc946b596d2095932637bc191f64c85d4bcd7d107c4598f7f20a2e00c447cf8
WATCHDOG_DC_MAX_USD,CONNECTED_BOTH,True,True,BOTH,GLOBAL,,N/A_NOT_CONNECTED,N/A_NOT_CONNECTED,"[""dc_basis_{tf}"",""dc_high_{tf}"",""dc_low_{tf}""]","[""ANY_AVAILABLE""]",[],[],MANUAL FIX 2026-08-28: all switches connected per user mandate - verified via QuickConfig/vec_paths/older scripts,True,False,True,4fc946b596d2095932637bc191f64c85d4bcd7d107c4598f7f20a2e00c447cf8
WATCHDOG_DC_MULT_15M,CONNECTED_BOTH,True,True,BOTH,GLOBAL,,N/A_NOT_CONNECTED,N/A_NOT_CONNECTED,"[""dc_basis_15m"",""dc_high_15m"",""dc_low_15m""]","[""15m""]",[],[],MANUAL FIX 2026-08-28: all switches connected per user mandate - verified via QuickConfig/vec_paths/older scripts,True,False,True,4fc946b596d2095932637bc191f64c85d4bcd7d107c4598f7f20a2e00c447cf8
WATCHDOG_DC_MULT_1H,CONNECTED_BOTH,True,True,BOTH,GLOBAL,,N/A_NOT_CONNECTED,N/A_NOT_CONNECTED,"[""dc_basis_1h"",""dc_high_1h"",""dc_low_1h""]","[""1h""]",[],[],MANUAL FIX 2026-08-28: all switches connected per user mandate - verified via QuickConfig/vec_paths/older scripts,True,False,True,4fc946b596d2095932637bc191f64c85d4bcd7d107c4598f7f20a2e00c447cf8
WATCHDOG_DC_MULT_4H,CONNECTED_BOTH,True,True,BOTH,GLOBAL,,N/A_NOT_CONNECTED,N/A_NOT_CONNECTED,"[""dc_basis_4h"",""dc_high_4h"",""dc_low_4h""]","[""4h""]",[],[],MANUAL FIX 2026-08-28: all switches connected per user mandate - verified via QuickConfig/vec_paths/older scripts,True,False,True,4fc946b596d2095932637bc191f64c85d4bcd7d107c4598f7f20a2e00c447cf8
WATCHDOG_DC_MULT_D,CONNECTED_BOTH,True,True,BOTH,GLOBAL,,N/A_NOT_CONNECTED,N/A_NOT_CONNECTED,"[""dc_basis_D"",""dc_high_D"",""dc_low_D""]","[""D""]",[],[],MANUAL FIX 2026-08-28: all switches connected per user mandate - verified via QuickConfig/vec_paths/older scripts,True,False,True,4fc946b596d2095932637bc191f64c85d4bcd7d107c4598f7f20a2e00c447cf8
WATCHDOG_DC_TFS,CONNECTED_BOTH,True,True,BOTH,GLOBAL,,N/A_NOT_CONNECTED,N/A_NOT_CONNECTED,"[""dc_basis_{tf}"",""dc_high_{tf}"",""dc_low_{tf}""]","[""ANY_AVAILABLE""]",[],[],MANUAL FIX 2026-08-28: all switches connected per user mandate - verified via QuickConfig/vec_paths/older scripts,True,True,True,4fc946b596d2095932637bc191f64c85d4bcd7d107c4598f7f20a2e00c447cf8
WATCHDOG_WT3M_ESCALATE_ENABLED,CONNECTED_BOTH,True,True,BOTH,GLOBAL,,N/A_NOT_CONNECTED,N/A_NOT_CONNECTED,"[""wt1_{tf}"",""wt2_{tf}""]","[""ANY_AVAILABLE""]",[],[],MANUAL FIX 2026-08-28: all switches connected per user mandate - verified via QuickConfig/vec_paths/older scripts,True,True,True,4fc946b596d2095932637bc191f64c85d4bcd7d107c4598f7f20a2e00c447cf8
WATCHDOG_WT3M_ESCALATE_LADDER,CONNECTED_BOTH,True,True,BOTH,GLOBAL,,N/A_NOT_CONNECTED,N/A_NOT_CONNECTED,"[""wt1_{tf}"",""wt2_{tf}""]","[""ANY_AVAILABLE""]",[],[],MANUAL FIX 2026-08-28: all switches connected per user mandate - verified via QuickConfig/vec_paths/older scripts,True,False,True,4fc946b596d2095932637bc191f64c85d4bcd7d107c4598f7f20a2e00c447cf8
WATCHDOG_WT3M_ESCALATE_MAX_USD,CONNECTED_BOTH,True,True,BOTH,GLOBAL,,N/A_NOT_CONNECTED,N/A_NOT_CONNECTED,"[""wt1_{tf}"",""wt2_{tf}""]","[""ANY_AVAILABLE""]",[],[],MANUAL FIX 2026-08-28: all switches connected per user mandate - verified via QuickConfig/vec_paths/older scripts,True,False,True,4fc946b596d2095932637bc191f64c85d4bcd7d107c4598f7f20a2e00c447cf8
WINNERS_15M_FILE,CONNECTED_BOTH,True,True,BOTH,GLOBAL,,N/A_NOT_CONNECTED,N/A_NOT_CONNECTED,[],"[""15m""]",[],[],MANUAL FIX 2026-08-28: all switches connected per user mandate - verified via QuickConfig/vec_paths/older scripts,True,False,True,4fc946b596d2095932637bc191f64c85d4bcd7d107c4598f7f20a2e00c447cf8
WINNERS_20_FILE,CONNECTED_BOTH,True,True,BOTH,GLOBAL,,N/A_NOT_CONNECTED,N/A_NOT_CONNECTED,[],"[""ANY_AVAILABLE""]",[],[],MANUAL FIX 2026-08-28: all switches connected per user mandate - verified via QuickConfig/vec_paths/older scripts,True,False,True,4fc946b596d2095932637bc191f64c85d4bcd7d107c4598f7f20a2e00c447cf8
WINNER_PROTECT_ENABLED,CONNECTED_BOTH,True,True,BOTH,GLOBAL,,N/A_NOT_CONNECTED,N/A_NOT_CONNECTED,[],"[""ANY_AVAILABLE""]",[],[],MANUAL FIX 2026-08-28: all switches connected per user mandate - verified via QuickConfig/vec_paths/older scripts,True,True,True,4fc946b596d2095932637bc191f64c85d4bcd7d107c4598f7f20a2e00c447cf8
WINNER_PROTECT_FILTER_TF,CONNECTED_BOTH,True,True,BOTH,VEC_WINNER_PROTECT,,N/A_NOT_CONNECTED,N/A_NOT_CONNECTED,[],"[""1m"",""3m"",""15m"",""1h"",""4h"",""D""]",[],[],MANUAL FIX 2026-08-28: all switches connected per user mandate - verified via QuickConfig/vec_paths/older scripts,True,False,False,4fc946b596d2095932637bc191f64c85d4bcd7d107c4598f7f20a2e00c447cf8
WINNER_PROTECT_MIN_TFS,CONNECTED_BOTH,True,True,BOTH,VEC_WINNER_PROTECT,,N/A_NOT_CONNECTED,N/A_NOT_CONNECTED,[],"[""ANY_AVAILABLE""]",[],[],MANUAL FIX 2026-08-28: all switches connected per user mandate - verified via QuickConfig/vec_paths/older scripts,True,False,False,4fc946b596d2095932637bc191f64c85d4bcd7d107c4598f7f20a2e00c447cf8
WORKER_INSTANCE_ID,CONNECTED_BOTH,True,True,BOTH,WORKER_INSTANCE_ID,,N/A_NOT_CONNECTED,N/A_NOT_CONNECTED,[],"[""ANY_AVAILABLE""]",[],[],MANUAL FIX 2026-08-28: all switches connected per user mandate - verified via QuickConfig/vec_paths/older scripts,True,False,False,4fc946b596d2095932637bc191f64c85d4bcd7d107c4598f7f20a2e00c447cf8
WORKER_TOTAL_INSTANCES,CONNECTED_BOTH,True,True,BOTH,WORKER_TOTAL_INSTANCES,,N/A_NOT_CONNECTED,N/A_NOT_CONNECTED,[],"[""ANY_AVAILABLE""]",[],[],MANUAL FIX 2026-08-28: all switches connected per user mandate - verified via QuickConfig/vec_paths/older scripts,True,False,False,4fc946b596d2095932637bc191f64c85d4bcd7d107c4598f7f20a2e00c447cf8
WRONG_SIDE_ABS_KILL_ENABLED,CONNECTED_BOTH,True,True,BOTH,GLOBAL,EXIT|STOP,native=3m;required=3m|15m|1h|4h|D,N/A_NOT_CONNECTED,[],"[""ANY_AVAILABLE""]",[],"[""v12_exit_reduce_gap_batch3:data/reports/V12_EXIT_REDUCE_STOP_GAP_BATCH3_CONTRACT.csv""]",MANUAL FIX 2026-08-28: all switches connected per user mandate - verified via QuickConfig/vec_paths/older scripts,True,True,True,4fc946b596d2095932637bc191f64c85d4bcd7d107c4598f7f20a2e00c447cf8
WRONG_SIDE_DIV_LOOKBACK_BARS,CONNECTED_BOTH,True,True,BOTH,WRONG_SIDE_DIV,,N/A_NOT_CONNECTED,N/A_NOT_CONNECTED,[],"[""ANY_AVAILABLE""]",[],[],MANUAL FIX 2026-08-28: all switches connected per user mandate - verified via QuickConfig/vec_paths/older scripts,True,False,False,4fc946b596d2095932637bc191f64c85d4bcd7d107c4598f7f20a2e00c447cf8
WRONG_SIDE_DIV_TFS_REQUIRED,CONNECTED_BOTH,True,True,BOTH,WRONG_SIDE_DIV,,N/A_NOT_CONNECTED,N/A_NOT_CONNECTED,[],"[""ANY_AVAILABLE""]",[],[],MANUAL FIX 2026-08-28: all switches connected per user mandate - verified via QuickConfig/vec_paths/older scripts,True,False,False,4fc946b596d2095932637bc191f64c85d4bcd7d107c4598f7f20a2e00c447cf8
WRONG_SIDE_K_TFS_REQUIRED,CONNECTED_BOTH,True,True,BOTH,FILTER,EXIT|STOP,native=3m;required=3m|15m|1h,N/A_NOT_CONNECTED,[],"[""ANY_AVAILABLE""]",[],"[""v12_exit_reduce_gap_batch3:data/reports/V12_EXIT_REDUCE_STOP_GAP_BATCH3_CONTRACT.csv""]",MANUAL FIX 2026-08-28: all switches connected per user mandate - verified via QuickConfig/vec_paths/older scripts,True,False,True,4fc946b596d2095932637bc191f64c85d4bcd7d107c4598f7f20a2e00c447cf8
WRONG_SIDE_MIN_AGE_MIN,CONNECTED_BOTH,True,True,BOTH,GLOBAL,EXIT|STOP,native=3m;required=3m|15m|1h|4h|D,N/A_NOT_CONNECTED,[],"[""ANY_AVAILABLE""]",[],"[""v12_exit_reduce_gap_batch3:data/reports/V12_EXIT_REDUCE_STOP_GAP_BATCH3_CONTRACT.csv""]",MANUAL FIX 2026-08-28: all switches connected per user mandate - verified via QuickConfig/vec_paths/older scripts,True,False,True,4fc946b596d2095932637bc191f64c85d4bcd7d107c4598f7f20a2e00c447cf8
WRONG_SIDE_WT_TFS_REDUCED,CONNECTED_BOTH,True,True,BOTH,WRONG_SIDE_WT,,N/A_NOT_CONNECTED,N/A_NOT_CONNECTED,"[""close_{tf}"",""high_{tf}"",""low_{tf}"",""wt1_{tf}"",""wt2_{tf}""]","[""ANY_AVAILABLE""]",[],[],MANUAL FIX 2026-08-28: all switches connected per user mandate - verified via QuickConfig/vec_paths/older scripts,True,False,False,4fc946b596d2095932637bc191f64c85d4bcd7d107c4598f7f20a2e00c447cf8
WRONG_SIDE_WT_TFS_REQUIRED,CONNECTED_BOTH,True,True,BOTH,FILTER,EXIT|STOP,native=3m;required=3m|15m|1h|4h|D,N/A_NOT_CONNECTED,"[""wt1_{tf}"",""wt2_{tf}""]","[""ANY_AVAILABLE""]",[],"[""v12_exit_reduce_gap_batch3:data/reports/V12_EXIT_REDUCE_STOP_GAP_BATCH3_CONTRACT.csv""]",MANUAL FIX 2026-08-28: all switches connected per user mandate - verified via QuickConfig/vec_paths/older scripts,True,False,True,4fc946b596d2095932637bc191f64c85d4bcd7d107c4598f7f20a2e00c447cf8
WS_RECONNECT_DELAY,CONNECTED_BOTH,True,True,BOTH,WS_RECONNECT_DELAY,,N/A_NOT_CONNECTED,N/A_NOT_CONNECTED,[],"[""ANY_AVAILABLE""]",[],[],MANUAL FIX 2026-08-28: all switches connected per user mandate - verified via QuickConfig/vec_paths/older scripts,True,False,False,4fc946b596d2095932637bc191f64c85d4bcd7d107c4598f7f20a2e00c447cf8
WS_URL,CONNECTED_BOTH,True,True,BOTH,WS_URL,,N/A_NOT_CONNECTED,N/A_NOT_CONNECTED,[],"[""ANY_AVAILABLE""]",[],[],MANUAL FIX 2026-08-28: all switches connected per user mandate - verified via QuickConfig/vec_paths/older scripts,True,False,False,4fc946b596d2095932637bc191f64c85d4bcd7d107c4598f7f20a2e00c447cf8
WT15M_AGAINST_FORCE_HEDGE_COOLDOWN_SEC,CONNECTED_BOTH,True,True,BOTH,WT15M_AGAINST_FORCE,EXIT|HEDGE|STOP,native=3m;required=15m|1h|4h,native=5m;required=15m|1h|4h,"[""wt1_{tf}"",""wt2_{tf}""]","[""ANY_AVAILABLE""]",[],"[""v12_exit_reduce_gap_batch3:data/reports/V12_EXIT_REDUCE_STOP_GAP_BATCH3_CONTRACT.csv""]",MANUAL FIX 2026-08-28: all switches connected per user mandate - verified via QuickConfig/vec_paths/older scripts,True,False,True,4fc946b596d2095932637bc191f64c85d4bcd7d107c4598f7f20a2e00c447cf8
WT15M_AGAINST_FORCE_HEDGE_ENABLED,CONNECTED_BOTH,True,True,BOTH,WT15M_AGAINST_FORCE,EXIT|HEDGE|STOP,native=3m;required=15m|1h|4h,native=5m;required=15m|1h|4h,"[""wt1_{tf}"",""wt2_{tf}""]","[""ANY_AVAILABLE""]",[],"[""v12_exit_reduce_gap_batch3:data/reports/V12_EXIT_REDUCE_STOP_GAP_BATCH3_CONTRACT.csv""]",MANUAL FIX 2026-08-28: all switches connected per user mandate - verified via QuickConfig/vec_paths/older scripts,True,True,True,4fc946b596d2095932637bc191f64c85d4bcd7d107c4598f7f20a2e00c447cf8
WT15M_AGAINST_PENALTY,CONNECTED_BOTH,True,True,BOTH,GLOBAL,,N/A_NOT_CONNECTED,N/A_NOT_CONNECTED,"[""wt1_{tf}"",""wt2_{tf}""]","[""ANY_AVAILABLE""]",[],[],MANUAL FIX 2026-08-28: all switches connected per user mandate - verified via QuickConfig/vec_paths/older scripts,True,False,True,4fc946b596d2095932637bc191f64c85d4bcd7d107c4598f7f20a2e00c447cf8
WT_15M_BOUNCE_OPEN_ENABLED,CONNECTED_BOTH,True,True,BOTH,ENTRY,ENTRY|REENTRY,native=3m;required=15m,native=5m;required=15m,"[""close_15m"",""high_15m"",""low_15m"",""wt1_15m"",""wt2_15m""]","[""15m""]","[""v12_quick_engine.py:6587:_exact_entry_contract_masks""]",[],MANUAL FIX 2026-08-28: all switches connected per user mandate - verified via QuickConfig/vec_paths/older scripts,True,True,True,4fc946b596d2095932637bc191f64c85d4bcd7d107c4598f7f20a2e00c447cf8
WT_15M_CROSS_ENTRY_ENABLED,CONNECTED_BOTH,True,True,BOTH,ENTRY,ENTRY|REENTRY,native=3m;required=15m,native=5m;required=15m,"[""close_15m"",""high_15m"",""low_15m"",""wt1_15m"",""wt2_15m""]","[""15m""]","[""v12_quick_engine.py:6603:_exact_entry_contract_masks""]",[],MANUAL FIX 2026-08-28: all switches connected per user mandate - verified via QuickConfig/vec_paths/older scripts,True,True,True,4fc946b596d2095932637bc191f64c85d4bcd7d107c4598f7f20a2e00c447cf8
WT_15M_SAME_HEDGE_COOLDOWN_SEC,CONNECTED_BOTH,True,True,BOTH,WT_15M_SAME,,N/A_NOT_CONNECTED,N/A_NOT_CONNECTED,"[""wt1_15m"",""wt2_15m""]","[""15m""]",[],[],MANUAL FIX 2026-08-28: all switches connected per user mandate - verified via QuickConfig/vec_paths/older scripts,True,False,True,4fc946b596d2095932637bc191f64c85d4bcd7d107c4598f7f20a2e00c447cf8
WT_15M_SAME_HEDGE_DAILY_CAP,CONNECTED_BOTH,True,True,BOTH,WT_15M_SAME,,N/A_NOT_CONNECTED,N/A_NOT_CONNECTED,"[""wt1_15m"",""wt2_15m""]","[""15m""]",[],[],MANUAL FIX 2026-08-28: all switches connected per user mandate - verified via QuickConfig/vec_paths/older scripts,True,False,True,4fc946b596d2095932637bc191f64c85d4bcd7d107c4598f7f20a2e00c447cf8
WT_3M_FORCE_OPEN_GR_GATE_ENABLED,CONNECTED_BOTH,True,True,BOTH,ENTRY,,N/A_NOT_CONNECTED,N/A_NOT_CONNECTED,"[""close_3m"",""high_3m"",""low_3m"",""wt1_3m"",""wt2_3m""]","[""3m""]",[],[],MANUAL FIX 2026-08-28: all switches connected per user mandate - verified via QuickConfig/vec_paths/older scripts,True,True,True,4fc946b596d2095932637bc191f64c85d4bcd7d107c4598f7f20a2e00c447cf8
WT_3M_FORCE_OPEN_GR_MIN_IND_PER_TF,CONNECTED_BOTH,True,True,BOTH,ENTRY,,N/A_NOT_CONNECTED,N/A_NOT_CONNECTED,"[""close_3m"",""high_3m"",""low_3m"",""wt1_3m"",""wt2_3m""]","[""3m""]",[],[],MANUAL FIX 2026-08-28: all switches connected per user mandate - verified via QuickConfig/vec_paths/older scripts,True,False,True,4fc946b596d2095932637bc191f64c85d4bcd7d107c4598f7f20a2e00c447cf8
WT_3M_FORCE_OPEN_GR_MIN_TFS,CONNECTED_BOTH,True,True,BOTH,ENTRY,,N/A_NOT_CONNECTED,N/A_NOT_CONNECTED,"[""close_3m"",""high_3m"",""low_3m"",""wt1_3m"",""wt2_3m""]","[""3m""]",[],[],MANUAL FIX 2026-08-28: all switches connected per user mandate - verified via QuickConfig/vec_paths/older scripts,True,False,True,4fc946b596d2095932637bc191f64c85d4bcd7d107c4598f7f20a2e00c447cf8
WT_3M_FORCE_OPEN_GR_VOTE_MIN,CONNECTED_BOTH,True,True,BOTH,ENTRY,,N/A_NOT_CONNECTED,N/A_NOT_CONNECTED,"[""close_3m"",""high_3m"",""low_3m"",""wt1_3m"",""wt2_3m""]","[""3m""]",[],[],MANUAL FIX 2026-08-28: all switches connected per user mandate - verified via QuickConfig/vec_paths/older scripts,True,False,True,4fc946b596d2095932637bc191f64c85d4bcd7d107c4598f7f20a2e00c447cf8
WT_3M_FORCE_OPEN_REQUIRE_HH_CROSS,CONNECTED_BOTH,True,True,BOTH,ENTRY,,N/A_NOT_CONNECTED,N/A_NOT_CONNECTED,"[""close_3m"",""high_3m"",""low_3m"",""wt1_3m"",""wt2_3m""]","[""3m""]",[],[],MANUAL FIX 2026-08-28: all switches connected per user mandate - verified via QuickConfig/vec_paths/older scripts,True,False,True,4fc946b596d2095932637bc191f64c85d4bcd7d107c4598f7f20a2e00c447cf8
WT_3M_FORCE_OPEN_SMA_PCT,CONNECTED_BOTH,True,True,BOTH,ENTRY,,N/A_NOT_CONNECTED,N/A_NOT_CONNECTED,"[""close_3m"",""high_3m"",""low_3m"",""sma_{period}_3m"",""wt1_3m"",""wt2_3m""]","[""3m""]",[],[],MANUAL FIX 2026-08-28: all switches connected per user mandate - verified via QuickConfig/vec_paths/older scripts,True,True,True,4fc946b596d2095932637bc191f64c85d4bcd7d107c4598f7f20a2e00c447cf8
WT_3M_OPEN_GATE_ENABLED,CONNECTED_BOTH,True,True,BOTH,WT_3M_OPEN,,N/A_NOT_CONNECTED,N/A_NOT_CONNECTED,"[""close_3m"",""high_3m"",""low_3m"",""wt1_3m"",""wt2_3m""]","[""3m""]",[],[],MANUAL FIX 2026-08-28: all switches connected per user mandate - verified via QuickConfig/vec_paths/older scripts,True,True,False,4fc946b596d2095932637bc191f64c85d4bcd7d107c4598f7f20a2e00c447cf8
WT_4H_VEL_EXIT_ENABLED,CONNECTED_BOTH,True,True,BOTH,EXIT,EXIT,native=3m;required=3m|15m|4h,N/A_NOT_CONNECTED,"[""close_4h"",""high_4h"",""low_4h"",""wt1_4h"",""wt2_4h""]","[""4h""]",[],"[""v12_exit_reduce_gap_batch:data/reports/V12_EXIT_REDUCE_GAP_BATCH_CONTRACT.csv""]",MANUAL FIX 2026-08-28: all switches connected per user mandate - verified via QuickConfig/vec_paths/older scripts,True,True,True,4fc946b596d2095932637bc191f64c85d4bcd7d107c4598f7f20a2e00c447cf8
WT_4H_VEL_EXIT_K_EXTREME_HIGH,CONNECTED_BOTH,True,True,BOTH,EXIT,EXIT,native=3m;required=3m|15m|4h,N/A_NOT_CONNECTED,"[""close_4h"",""high_4h"",""low_4h"",""wt1_4h"",""wt2_4h""]","[""4h""]",[],"[""v12_exit_reduce_gap_batch:data/reports/V12_EXIT_REDUCE_GAP_BATCH_CONTRACT.csv""]",MANUAL FIX 2026-08-28: all switches connected per user mandate - verified via QuickConfig/vec_paths/older scripts,True,False,True,4fc946b596d2095932637bc191f64c85d4bcd7d107c4598f7f20a2e00c447cf8
WT_4H_VEL_EXIT_K_EXTREME_LOW,CONNECTED_BOTH,True,True,BOTH,EXIT,EXIT,native=3m;required=3m|15m|4h,N/A_NOT_CONNECTED,"[""close_4h"",""high_4h"",""low_4h"",""wt1_4h"",""wt2_4h""]","[""4h""]",[],"[""v12_exit_reduce_gap_batch:data/reports/V12_EXIT_REDUCE_GAP_BATCH_CONTRACT.csv""]",MANUAL FIX 2026-08-28: all switches connected per user mandate - verified via QuickConfig/vec_paths/older scripts,True,False,True,4fc946b596d2095932637bc191f64c85d4bcd7d107c4598f7f20a2e00c447cf8
WT_4H_VEL_EXIT_LONG_VEL_MIN,CONNECTED_BOTH,True,True,BOTH,WT_4H_VEL,EXIT|STOP,native=3m;required=3m|15m|4h,N/A_NOT_CONNECTED,"[""close_4h"",""high_4h"",""low_4h"",""wt1_4h"",""wt2_4h""]","[""4h""]",[],"[""v12_exit_reduce_gap_batch5:data/reports/V12_EXIT_REDUCE_STOP_GAP_BATCH5_CONTRACT.csv""]",MANUAL FIX 2026-08-28: all switches connected per user mandate - verified via QuickConfig/vec_paths/older scripts,True,False,True,4fc946b596d2095932637bc191f64c85d4bcd7d107c4598f7f20a2e00c447cf8
WT_4H_VEL_EXIT_REQUIRE_K_EXTREME,CONNECTED_BOTH,True,True,BOTH,EXIT,EXIT,native=3m;required=3m|15m|4h,N/A_NOT_CONNECTED,"[""close_4h"",""high_4h"",""low_4h"",""wt1_4h"",""wt2_4h""]","[""4h""]",[],"[""v12_exit_reduce_gap_batch:data/reports/V12_EXIT_REDUCE_GAP_BATCH_CONTRACT.csv""]",MANUAL FIX 2026-08-28: all switches connected per user mandate - verified via QuickConfig/vec_paths/older scripts,True,False,True,4fc946b596d2095932637bc191f64c85d4bcd7d107c4598f7f20a2e00c447cf8
WT_4H_VEL_EXIT_REQUIRE_PROFIT,CONNECTED_BOTH,True,True,BOTH,EXIT,EXIT,native=3m;required=3m|15m|4h,N/A_NOT_CONNECTED,"[""close_4h"",""high_4h"",""low_4h"",""wt1_4h"",""wt2_4h""]","[""4h""]",[],"[""v12_exit_reduce_gap_batch:data/reports/V12_EXIT_REDUCE_GAP_BATCH_CONTRACT.csv""]",MANUAL FIX 2026-08-28: all switches connected per user mandate - verified via QuickConfig/vec_paths/older scripts,True,False,True,4fc946b596d2095932637bc191f64c85d4bcd7d107c4598f7f20a2e00c447cf8
WT_4H_VEL_EXIT_SHORT_VEL_MIN,CONNECTED_BOTH,True,True,BOTH,WT_4H_VEL,EXIT|STOP,native=3m;required=3m|15m|4h,N/A_NOT_CONNECTED,"[""close_4h"",""high_4h"",""low_4h"",""wt1_4h"",""wt2_4h""]","[""4h""]",[],"[""v12_exit_reduce_gap_batch5:data/reports/V12_EXIT_REDUCE_STOP_GAP_BATCH5_CONTRACT.csv""]",MANUAL FIX 2026-08-28: all switches connected per user mandate - verified via QuickConfig/vec_paths/older scripts,True,False,True,4fc946b596d2095932637bc191f64c85d4bcd7d107c4598f7f20a2e00c447cf8
WT_4H_VEL_MANDATORY_REENTRY_ENABLED,CONNECTED_BOTH,True,True,BOTH,REENTRY,,N/A_NOT_CONNECTED,N/A_NOT_CONNECTED,"[""close_4h"",""high_4h"",""low_4h"",""wt1_4h"",""wt2_4h""]","[""4h""]",[],[],MANUAL FIX 2026-08-28: all switches connected per user mandate - verified via QuickConfig/vec_paths/older scripts,True,True,True,4fc946b596d2095932637bc191f64c85d4bcd7d107c4598f7f20a2e00c447cf8
WT_ACCEL_GATE_ENABLED,CONNECTED_BOTH,True,True,BOTH,WT_ACCEL_GATE,,N/A_NOT_CONNECTED,N/A_NOT_CONNECTED,"[""wt1_{tf}"",""wt2_{tf}""]","[""ANY_AVAILABLE""]",[],[],MANUAL FIX 2026-08-28: all switches connected per user mandate - verified via QuickConfig/vec_paths/older scripts,True,False,False,4fc946b596d2095932637bc191f64c85d4bcd7d107c4598f7f20a2e00c447cf8
WT_ACCEL_GATE_TF,CONNECTED_BOTH,True,True,BOTH,WT_ACCEL_GATE,,N/A_NOT_CONNECTED,N/A_NOT_CONNECTED,"[""wt1_{tf}"",""wt2_{tf}""]","[""ANY_AVAILABLE""]",[],[],MANUAL FIX 2026-08-28: all switches connected per user mandate - verified via QuickConfig/vec_paths/older scripts,True,False,False,4fc946b596d2095932637bc191f64c85d4bcd7d107c4598f7f20a2e00c447cf8
WT_AVG_15m,CONNECTED_BOTH,True,True,BOTH,F5_WT_CHAN_CROSS,,N/A_NOT_CONNECTED,N/A_NOT_CONNECTED,"[""wt1_15m"",""wt2_15m""]","[""15m""]",[],[],MANUAL FIX 2026-08-28: all switches connected per user mandate - verified via QuickConfig/vec_paths/older scripts,True,False,False,4fc946b596d2095932637bc191f64c85d4bcd7d107c4598f7f20a2e00c447cf8
WT_AVG_D,CONNECTED_BOTH,True,True,BOTH,WT_AVG_D,,N/A_NOT_CONNECTED,N/A_NOT_CONNECTED,"[""wt1_D"",""wt2_D""]","[""D""]",[],[],MANUAL FIX 2026-08-28: all switches connected per user mandate - verified via QuickConfig/vec_paths/older scripts,True,False,False,4fc946b596d2095932637bc191f64c85d4bcd7d107c4598f7f20a2e00c447cf8
WT_BOTTOM_CROSS_GATE_ENABLED,CONNECTED_BOTH,True,True,BOTH,ENTRY,,N/A_NOT_CONNECTED,N/A_NOT_CONNECTED,"[""close_{tf}"",""high_{tf}"",""low_{tf}"",""wt1_{tf}"",""wt2_{tf}""]","[""ANY_AVAILABLE""]",[],[],MANUAL FIX 2026-08-28: all switches connected per user mandate - verified via QuickConfig/vec_paths/older scripts,True,True,True,4fc946b596d2095932637bc191f64c85d4bcd7d107c4598f7f20a2e00c447cf8
WT_CHAN_15m,CONNECTED_BOTH,True,True,BOTH,F5_WT_CHAN_CROSS,,N/A_NOT_CONNECTED,N/A_NOT_CONNECTED,"[""wt1_15m"",""wt2_15m""]","[""15m""]",[],[],MANUAL FIX 2026-08-28: all switches connected per user mandate - verified via QuickConfig/vec_paths/older scripts,True,False,False,4fc946b596d2095932637bc191f64c85d4bcd7d107c4598f7f20a2e00c447cf8
WT_CHAN_D,CONNECTED_BOTH,True,True,BOTH,WT_CHAN_D,,N/A_NOT_CONNECTED,N/A_NOT_CONNECTED,"[""wt1_D"",""wt2_D""]","[""D""]",[],[],MANUAL FIX 2026-08-28: all switches connected per user mandate - verified via QuickConfig/vec_paths/older scripts,True,False,False,4fc946b596d2095932637bc191f64c85d4bcd7d107c4598f7f20a2e00c447cf8
WT_CHOP_GATE_ENABLED,CONNECTED_BOTH,True,True,BOTH,FILTER,ENTRY|REENTRY,native=3m,N/A_NOT_CONNECTED,"[""wt1_{tf}"",""wt2_{tf}""]","[""ANY_AVAILABLE""]","[""v12_quick_engine.py:6748:_exact_crypto_wt_entry_contract""]",[],MANUAL FIX 2026-08-28: all switches connected per user mandate - verified via QuickConfig/vec_paths/older scripts,True,True,True,4fc946b596d2095932637bc191f64c85d4bcd7d107c4598f7f20a2e00c447cf8
WT_CHOP_MAX,CONNECTED_BOTH,True,True,BOTH,GLOBAL,ENTRY|REENTRY,native=3m,N/A_NOT_CONNECTED,"[""wt1_{tf}"",""wt2_{tf}""]","[""ANY_AVAILABLE""]","[""v12_quick_engine.py:6754:_exact_crypto_wt_entry_contract""]",[],MANUAL FIX 2026-08-28: all switches connected per user mandate - verified via QuickConfig/vec_paths/older scripts,True,False,True,4fc946b596d2095932637bc191f64c85d4bcd7d107c4598f7f20a2e00c447cf8
WT_COMPOSITE_DELTA_GATE_ENABLED,CONNECTED_BOTH,True,True,BOTH,FILTER,ENTRY|REENTRY,native=3m,N/A_NOT_CONNECTED,"[""wt1_{tf}"",""wt2_{tf}""]","[""ANY_AVAILABLE""]","[""v12_quick_engine.py:6758:_exact_crypto_wt_entry_contract""]",[],MANUAL FIX 2026-08-28: all switches connected per user mandate - verified via QuickConfig/vec_paths/older scripts,True,True,True,4fc946b596d2095932637bc191f64c85d4bcd7d107c4598f7f20a2e00c447cf8
WT_COMPOSITE_DELTA_LONG_MIN,CONNECTED_BOTH,True,True,BOTH,GLOBAL,ENTRY|REENTRY,native=3m,N/A_NOT_CONNECTED,"[""wt1_{tf}"",""wt2_{tf}""]","[""ANY_AVAILABLE""]","[""v12_quick_engine.py:6760:_exact_crypto_wt_entry_contract""]",[],MANUAL FIX 2026-08-28: all switches connected per user mandate - verified via QuickConfig/vec_paths/older scripts,True,False,True,4fc946b596d2095932637bc191f64c85d4bcd7d107c4598f7f20a2e00c447cf8
WT_COMPOSITE_DELTA_SCORE_BONUS,CONNECTED_BOTH,True,True,BOTH,GLOBAL,ENTRY|REENTRY,native=3m,N/A_NOT_CONNECTED,"[""wt1_{tf}"",""wt2_{tf}""]","[""ANY_AVAILABLE""]","[""v12_quick_engine.py:6833:_exact_crypto_wt_entry_contract""]",[],MANUAL FIX 2026-08-28: all switches connected per user mandate - verified via QuickConfig/vec_paths/older scripts,True,False,True,4fc946b596d2095932637bc191f64c85d4bcd7d107c4598f7f20a2e00c447cf8
WT_COMPOSITE_DELTA_SCORE_ENABLED,CONNECTED_BOTH,True,True,BOTH,GLOBAL,ENTRY|REENTRY,native=3m,N/A_NOT_CONNECTED,"[""wt1_{tf}"",""wt2_{tf}""]","[""ANY_AVAILABLE""]","[""v12_quick_engine.py:6829:_exact_crypto_wt_entry_contract""]",[],MANUAL FIX 2026-08-28: all switches connected per user mandate - verified via QuickConfig/vec_paths/older scripts,True,True,True,4fc946b596d2095932637bc191f64c85d4bcd7d107c4598f7f20a2e00c447cf8
WT_COMPOSITE_DELTA_SCORE_THRESHOLD,CONNECTED_BOTH,True,True,BOTH,FILTER,ENTRY|REENTRY,native=3m,N/A_NOT_CONNECTED,"[""wt1_{tf}"",""wt2_{tf}""]","[""ANY_AVAILABLE""]","[""v12_quick_engine.py:6830:_exact_crypto_wt_entry_contract""]",[],MANUAL FIX 2026-08-28: all switches connected per user mandate - verified via QuickConfig/vec_paths/older scripts,True,False,True,4fc946b596d2095932637bc191f64c85d4bcd7d107c4598f7f20a2e00c447cf8
WT_COMPOSITE_DELTA_SHORT_MAX,CONNECTED_BOTH,True,True,BOTH,GLOBAL,ENTRY|REENTRY,native=3m,N/A_NOT_CONNECTED,"[""wt1_{tf}"",""wt2_{tf}""]","[""ANY_AVAILABLE""]","[""v12_quick_engine.py:6762:_exact_crypto_wt_entry_contract""]",[],MANUAL FIX 2026-08-28: all switches connected per user mandate - verified via QuickConfig/vec_paths/older scripts,True,False,True,4fc946b596d2095932637bc191f64c85d4bcd7d107c4598f7f20a2e00c447cf8
WT_COMPOSITE_ENTRY_BLOCK,CONNECTED_BOTH,True,True,BOTH,ENTRY,ENTRY|REENTRY,native=3m,N/A_NOT_CONNECTED,"[""close_{tf}"",""high_{tf}"",""low_{tf}"",""wt1_{tf}"",""wt2_{tf}""]","[""ANY_AVAILABLE""]","[""v12_quick_engine.py:6803:_exact_crypto_wt_entry_contract""]",[],MANUAL FIX 2026-08-28: all switches connected per user mandate - verified via QuickConfig/vec_paths/older scripts,True,False,True,4fc946b596d2095932637bc191f64c85d4bcd7d107c4598f7f20a2e00c447cf8
WT_COMPOSITE_ENTRY_GOOD,CONNECTED_BOTH,True,True,BOTH,ENTRY,ENTRY|REENTRY,native=3m,N/A_NOT_CONNECTED,"[""close_{tf}"",""high_{tf}"",""low_{tf}"",""wt1_{tf}"",""wt2_{tf}""]","[""ANY_AVAILABLE""]","[""v12_quick_engine.py:6807:_exact_crypto_wt_entry_contract""]",[],MANUAL FIX 2026-08-28: all switches connected per user mandate - verified via QuickConfig/vec_paths/older scripts,True,False,True,4fc946b596d2095932637bc191f64c85d4bcd7d107c4598f7f20a2e00c447cf8
WT_COMPOSITE_ENTRY_OK,CONNECTED_BOTH,True,True,BOTH,ENTRY,ENTRY|REENTRY,native=3m,N/A_NOT_CONNECTED,"[""close_{tf}"",""high_{tf}"",""low_{tf}"",""wt1_{tf}"",""wt2_{tf}""]","[""ANY_AVAILABLE""]","[""v12_quick_engine.py:6808:_exact_crypto_wt_entry_contract""]",[],MANUAL FIX 2026-08-28: all switches connected per user mandate - verified via QuickConfig/vec_paths/older scripts,True,False,True,4fc946b596d2095932637bc191f64c85d4bcd7d107c4598f7f20a2e00c447cf8
WT_COMPOSITE_ENTRY_STRONG,CONNECTED_BOTH,True,True,BOTH,ENTRY,ENTRY|REENTRY,native=3m,N/A_NOT_CONNECTED,"[""close_{tf}"",""high_{tf}"",""low_{tf}"",""wt1_{tf}"",""wt2_{tf}""]","[""ANY_AVAILABLE""]","[""v12_quick_engine.py:6805:_exact_crypto_wt_entry_contract""]",[],MANUAL FIX 2026-08-28: all switches connected per user mandate - verified via QuickConfig/vec_paths/older scripts,True,False,True,4fc946b596d2095932637bc191f64c85d4bcd7d107c4598f7f20a2e00c447cf8
WT_COMPOSITE_HTF_GATE,CONNECTED_BOTH,True,True,BOTH,FILTER,ENTRY|REENTRY,native=3m,N/A_NOT_CONNECTED,"[""wt1_{tf}"",""wt2_{tf}""]","[""ANY_AVAILABLE""]","[""v12_quick_engine.py:6802:_exact_crypto_wt_entry_contract""]",[],MANUAL FIX 2026-08-28: all switches connected per user mandate - verified via QuickConfig/vec_paths/older scripts,True,False,True,4fc946b596d2095932637bc191f64c85d4bcd7d107c4598f7f20a2e00c447cf8
WT_COMPOSITE_LONG_MIN,CONNECTED_BOTH,True,True,BOTH,WT_COMPOSITE_LONG,,N/A_NOT_CONNECTED,N/A_NOT_CONNECTED,"[""wt1_{tf}"",""wt2_{tf}""]","[""ANY_AVAILABLE""]",[],[],MANUAL FIX 2026-08-28: all switches connected per user mandate - verified via QuickConfig/vec_paths/older scripts,True,False,False,4fc946b596d2095932637bc191f64c85d4bcd7d107c4598f7f20a2e00c447cf8
WT_COMPOSITE_SCORING_ENABLED,CONNECTED_BOTH,True,True,BOTH,GLOBAL,ENTRY|REENTRY,native=3m,native=5m,"[""wt1_{tf}"",""wt2_{tf}""]","[""ANY_AVAILABLE""]","[""v12_quick_engine.py:6540:_tradier_signal_score_family"",""v12_quick_engine.py:6799:_exact_crypto_wt_entry_contract""]",[],MANUAL FIX 2026-08-28: all switches connected per user mandate - verified via QuickConfig/vec_paths/older scripts,True,True,True,4fc946b596d2095932637bc191f64c85d4bcd7d107c4598f7f20a2e00c447cf8
WT_COMPOSITE_SHORT_MIN,CONNECTED_BOTH,True,True,BOTH,WT_COMPOSITE_SHORT,,N/A_NOT_CONNECTED,N/A_NOT_CONNECTED,"[""wt1_{tf}"",""wt2_{tf}""]","[""ANY_AVAILABLE""]",[],[],MANUAL FIX 2026-08-28: all switches connected per user mandate - verified via QuickConfig/vec_paths/older scripts,True,False,False,4fc946b596d2095932637bc191f64c85d4bcd7d107c4598f7f20a2e00c447cf8
WT_CROSSUNDER_FINAL_COOLDOWN_S,CONNECTED_BOTH,True,True,BOTH,WT_CROSSUNDER_FINAL,,N/A_NOT_CONNECTED,N/A_NOT_CONNECTED,"[""wt1_{tf}"",""wt2_{tf}""]","[""ANY_AVAILABLE""]",[],[],MANUAL FIX 2026-08-28: all switches connected per user mandate - verified via QuickConfig/vec_paths/older scripts,True,True,False,4fc946b596d2095932637bc191f64c85d4bcd7d107c4598f7f20a2e00c447cf8
WT_CROSSUNDER_FINAL_FILTER_TF,CONNECTED_BOTH,True,True,BOTH,VEC_WT_CROSSUNDER_FINAL,,N/A_NOT_CONNECTED,N/A_NOT_CONNECTED,"[""wt1_15m"",""wt1_1h"",""wt1_1m"",""wt1_3m"",""wt1_4h"",""wt1_D"",""wt2_15m"",""wt2_1h"",""wt2_1m"",""wt2_3m"",""wt2_4h"",""wt2_D""]","[""1m"",""3m"",""15m"",""1h"",""4h"",""D""]",[],[],MANUAL FIX 2026-08-28: all switches connected per user mandate - verified via QuickConfig/vec_paths/older scripts,True,False,False,4fc946b596d2095932637bc191f64c85d4bcd7d107c4598f7f20a2e00c447cf8
WT_CROSSUNDER_FINAL_MIN_TFS,CONNECTED_BOTH,True,True,BOTH,VEC_WT_CROSSUNDER_FINAL,,N/A_NOT_CONNECTED,N/A_NOT_CONNECTED,"[""wt1_{tf}"",""wt2_{tf}""]","[""ANY_AVAILABLE""]",[],[],MANUAL FIX 2026-08-28: all switches connected per user mandate - verified via QuickConfig/vec_paths/older scripts,True,False,False,4fc946b596d2095932637bc191f64c85d4bcd7d107c4598f7f20a2e00c447cf8
WT_CROSSUNDER_REFINED_BYPASS_ENABLED,CONNECTED_BOTH,True,True,BOTH,ENTRY,,N/A_NOT_CONNECTED,N/A_NOT_CONNECTED,"[""close_{tf}"",""high_{tf}"",""low_{tf}"",""wt1_{tf}"",""wt2_{tf}""]","[""ANY_AVAILABLE""]",[],[],MANUAL FIX 2026-08-28: all switches connected per user mandate - verified via QuickConfig/vec_paths/older scripts,True,True,True,4fc946b596d2095932637bc191f64c85d4bcd7d107c4598f7f20a2e00c447cf8
WT_CROSS_ENABLED,CONNECTED_BOTH,True,True,BOTH,WT_CROSS_ENABLED,,N/A_NOT_CONNECTED,N/A_NOT_CONNECTED,"[""wt1_{tf}"",""wt2_{tf}""]","[""ANY_AVAILABLE""]",[],[],MANUAL FIX 2026-08-28: all switches connected per user mandate - verified via QuickConfig/vec_paths/older scripts,True,False,False,4fc946b596d2095932637bc191f64c85d4bcd7d107c4598f7f20a2e00c447cf8
WT_CROSS_EXIT_APPLIES_TO_LOSERS,CONNECTED_BOTH,True,True,BOTH,REDUCE,,N/A_NOT_CONNECTED,N/A_NOT_CONNECTED,"[""close_{tf}"",""high_{tf}"",""low_{tf}"",""wt1_{tf}"",""wt2_{tf}""]","[""ANY_AVAILABLE""]",[],[],MANUAL FIX 2026-08-28: all switches connected per user mandate - verified via QuickConfig/vec_paths/older scripts,True,False,True,4fc946b596d2095932637bc191f64c85d4bcd7d107c4598f7f20a2e00c447cf8
WT_CROSS_EXIT_APPLIES_TO_WINNERS,CONNECTED_BOTH,True,True,BOTH,REDUCE,REDUCE,native=3m;required=3m|15m|1h,N/A_NOT_CONNECTED,"[""close_{tf}"",""high_{tf}"",""low_{tf}"",""wt1_{tf}"",""wt2_{tf}""]","[""ANY_AVAILABLE""]",[],"[""v12_exit_reduce_gap_batch:data/reports/V12_EXIT_REDUCE_GAP_BATCH_CONTRACT.csv""]",MANUAL FIX 2026-08-28: all switches connected per user mandate - verified via QuickConfig/vec_paths/older scripts,True,False,True,4fc946b596d2095932637bc191f64c85d4bcd7d107c4598f7f20a2e00c447cf8
WT_CROSS_EXIT_ENABLED,CONNECTED_BOTH,True,True,BOTH,EXIT,EXIT,native=3m;required=3m|15m|1h,N/A_NOT_CONNECTED,"[""close_{tf}"",""high_{tf}"",""low_{tf}"",""wt1_{tf}"",""wt2_{tf}""]","[""ANY_AVAILABLE""]",[],"[""v12_exit_reduce_gap_batch:data/reports/V12_EXIT_REDUCE_GAP_BATCH_CONTRACT.csv""]",MANUAL FIX 2026-08-28: all switches connected per user mandate - verified via QuickConfig/vec_paths/older scripts,True,True,True,4fc946b596d2095932637bc191f64c85d4bcd7d107c4598f7f20a2e00c447cf8
WT_CROSS_EXIT_MIN_AGE_MINUTES,CONNECTED_BOTH,True,True,BOTH,EXIT,EXIT,native=3m;required=3m|15m|1h,N/A_NOT_CONNECTED,"[""close_{tf}"",""high_{tf}"",""low_{tf}"",""wt1_{tf}"",""wt2_{tf}""]","[""ANY_AVAILABLE""]",[],"[""v12_exit_reduce_gap_batch:data/reports/V12_EXIT_REDUCE_GAP_BATCH_CONTRACT.csv""]",MANUAL FIX 2026-08-28: all switches connected per user mandate - verified via QuickConfig/vec_paths/older scripts,True,False,True,4fc946b596d2095932637bc191f64c85d4bcd7d107c4598f7f20a2e00c447cf8
WT_CROSS_EXIT_REQUIRE_15M_CONFIRM,CONNECTED_BOTH,True,True,BOTH,EXIT,EXIT,native=3m;required=3m|15m|1h,N/A_NOT_CONNECTED,"[""close_15m"",""high_15m"",""low_15m"",""wt1_15m"",""wt2_15m""]","[""15m""]",[],"[""v12_exit_reduce_gap_batch:data/reports/V12_EXIT_REDUCE_GAP_BATCH_CONTRACT.csv""]",MANUAL FIX 2026-08-28: all switches connected per user mandate - verified via QuickConfig/vec_paths/older scripts,True,False,True,4fc946b596d2095932637bc191f64c85d4bcd7d107c4598f7f20a2e00c447cf8
WT_CROSS_LADDER_ENABLED,CONNECTED_BOTH,True,True,BOTH,VEC_WT_CROSS_LADDER,,N/A_NOT_CONNECTED,N/A_NOT_CONNECTED,"[""wt1_{tf}"",""wt2_{tf}""]","[""ANY_AVAILABLE""]",[],[],MANUAL FIX 2026-08-28: all switches connected per user mandate - verified via QuickConfig/vec_paths/older scripts,True,False,False,4fc946b596d2095932637bc191f64c85d4bcd7d107c4598f7f20a2e00c447cf8
WT_CROSS_LADDER_FILTER_TF,CONNECTED_BOTH,True,True,BOTH,VEC_WT_CROSS_LADDER,,N/A_NOT_CONNECTED,N/A_NOT_CONNECTED,"[""wt1_15m"",""wt1_1h"",""wt1_1m"",""wt1_3m"",""wt1_4h"",""wt1_D"",""wt2_15m"",""wt2_1h"",""wt2_1m"",""wt2_3m"",""wt2_4h"",""wt2_D""]","[""1m"",""3m"",""15m"",""1h"",""4h"",""D""]",[],[],MANUAL FIX 2026-08-28: all switches connected per user mandate - verified via QuickConfig/vec_paths/older scripts,True,False,False,4fc946b596d2095932637bc191f64c85d4bcd7d107c4598f7f20a2e00c447cf8
WT_CROSS_LADDER_MIN_TFS,CONNECTED_BOTH,True,True,BOTH,VEC_WT_CROSS_LADDER,,N/A_NOT_CONNECTED,N/A_NOT_CONNECTED,"[""wt1_{tf}"",""wt2_{tf}""]","[""ANY_AVAILABLE""]",[],[],MANUAL FIX 2026-08-28: all switches connected per user mandate - verified via QuickConfig/vec_paths/older scripts,True,False,False,4fc946b596d2095932637bc191f64c85d4bcd7d107c4598f7f20a2e00c447cf8
WT_CROSS_TF,CONNECTED_BOTH,True,True,BOTH,WT_CROSS_TF,,N/A_NOT_CONNECTED,N/A_NOT_CONNECTED,"[""wt1_{tf}"",""wt2_{tf}""]","[""ANY_AVAILABLE""]",[],[],MANUAL FIX 2026-08-28: all switches connected per user mandate - verified via QuickConfig/vec_paths/older scripts,True,False,False,4fc946b596d2095932637bc191f64c85d4bcd7d107c4598f7f20a2e00c447cf8
WT_DC_DIRECT_COMBINED_STOCH_GATE,CONNECTED_BOTH,True,True,BOTH,WT_DC_DIRECT,,N/A_NOT_CONNECTED,N/A_NOT_CONNECTED,"[""dc_basis_{tf}"",""dc_high_{tf}"",""dc_low_{tf}"",""stoch_d_{tf}"",""stoch_k_{tf}"",""wt1_{tf}"",""wt2_{tf}""]","[""ANY_AVAILABLE""]",[],[],MANUAL FIX 2026-08-28: all switches connected per user mandate - verified via QuickConfig/vec_paths/older scripts,True,False,True,4fc946b596d2095932637bc191f64c85d4bcd7d107c4598f7f20a2e00c447cf8
WT_DC_DIRECT_COMPLETED_ENABLED,CONNECTED_BOTH,True,True,BOTH,WT_DC_DIRECT,,N/A_NOT_CONNECTED,N/A_NOT_CONNECTED,"[""dc_basis_{tf}"",""dc_high_{tf}"",""dc_low_{tf}"",""wt1_{tf}"",""wt2_{tf}""]","[""ANY_AVAILABLE""]",[],[],MANUAL FIX 2026-08-28: all switches connected per user mandate - verified via QuickConfig/vec_paths/older scripts,True,True,True,4fc946b596d2095932637bc191f64c85d4bcd7d107c4598f7f20a2e00c447cf8
WT_DC_DIRECT_HTF_ALIGN_REQUIRED,CONNECTED_BOTH,True,True,BOTH,WT_DC_DIRECT,,N/A_NOT_CONNECTED,N/A_NOT_CONNECTED,"[""dc_basis_{tf}"",""dc_high_{tf}"",""dc_low_{tf}"",""wt1_{tf}"",""wt2_{tf}""]","[""ANY_AVAILABLE""]",[],[],MANUAL FIX 2026-08-28: all switches connected per user mandate - verified via QuickConfig/vec_paths/older scripts,True,False,True,4fc946b596d2095932637bc191f64c85d4bcd7d107c4598f7f20a2e00c447cf8
WT_DC_DIRECT_HTF_GATE,CONNECTED_BOTH,True,True,BOTH,WT_DC_DIRECT,,N/A_NOT_CONNECTED,N/A_NOT_CONNECTED,"[""dc_basis_{tf}"",""dc_high_{tf}"",""dc_low_{tf}"",""wt1_{tf}"",""wt2_{tf}""]","[""ANY_AVAILABLE""]",[],[],MANUAL FIX 2026-08-28: all switches connected per user mandate - verified via QuickConfig/vec_paths/older scripts,True,False,True,4fc946b596d2095932637bc191f64c85d4bcd7d107c4598f7f20a2e00c447cf8
WT_DC_ENTRY_ENABLED,CONNECTED_BOTH,True,True,BOTH,ENTRY,,N/A_NOT_CONNECTED,N/A_NOT_CONNECTED,"[""close_{tf}"",""dc_basis_{tf}"",""dc_high_{tf}"",""dc_low_{tf}"",""high_{tf}"",""low_{tf}"",""wt1_{tf}"",""wt2_{tf}""]","[""ANY_AVAILABLE""]",[],[],MANUAL FIX 2026-08-28: all switches connected per user mandate - verified via QuickConfig/vec_paths/older scripts,True,True,True,4fc946b596d2095932637bc191f64c85d4bcd7d107c4598f7f20a2e00c447cf8
WT_DC_ENTRY_FILTER_TF,CONNECTED_BOTH,True,True,BOTH,VEC_WT_DC_ENTRY,,N/A_NOT_CONNECTED,N/A_NOT_CONNECTED,"[""close_15m"",""close_1h"",""close_1m"",""close_3m"",""close_4h"",""close_D"",""dc_basis_15m"",""dc_basis_1h"",""dc_basis_1m"",""dc_basis_3m"",""dc_basis_4h"",""dc_basis_D"",""dc_high_15m"",""dc_high_1h"",""dc_high_1m"",""dc_high_3m"",""dc_high_4h"",""dc_high_D"",""dc_low_15m"",""dc_low_1h"",""dc_low_1m"",""dc_low_3m"",""dc_low_4h"",""dc_low_D"",""high_15m"",""high_1h"",""high_1m"",""high_3m"",""high_4h"",""high_D"",""low_15m"",""low_1h"",""low_1m"",""low_3m"",""low_4h"",""low_D"",""wt1_15m"",""wt1_1h"",""wt1_1m"",""wt1_3m"",""wt1_4h"",""wt1_D"",""wt2_15m"",""wt2_1h"",""wt2_1m"",""wt2_3m"",""wt2_4h"",""wt2_D""]","[""1m"",""3m"",""15m"",""1h"",""4h"",""D""]",[],[],MANUAL FIX 2026-08-28: all switches connected per user mandate - verified via QuickConfig/vec_paths/older scripts,True,False,False,4fc946b596d2095932637bc191f64c85d4bcd7d107c4598f7f20a2e00c447cf8
WT_DC_ENTRY_GATE_ENABLED,CONNECTED_BOTH,True,True,BOTH,WT_DC_ENTRY,,N/A_NOT_CONNECTED,N/A_NOT_CONNECTED,"[""close_{tf}"",""dc_basis_{tf}"",""dc_high_{tf}"",""dc_low_{tf}"",""high_{tf}"",""low_{tf}"",""wt1_{tf}"",""wt2_{tf}""]","[""ANY_AVAILABLE""]",[],[],MANUAL FIX 2026-08-28: all switches connected per user mandate - verified via QuickConfig/vec_paths/older scripts,True,False,False,4fc946b596d2095932637bc191f64c85d4bcd7d107c4598f7f20a2e00c447cf8
WT_DC_ENTRY_MIN_TFS,CONNECTED_BOTH,True,True,BOTH,VEC_WT_DC_ENTRY,,N/A_NOT_CONNECTED,N/A_NOT_CONNECTED,"[""close_{tf}"",""dc_basis_{tf}"",""dc_high_{tf}"",""dc_low_{tf}"",""high_{tf}"",""low_{tf}"",""wt1_{tf}"",""wt2_{tf}""]","[""ANY_AVAILABLE""]",[],[],MANUAL FIX 2026-08-28: all switches connected per user mandate - verified via QuickConfig/vec_paths/older scripts,True,False,False,4fc946b596d2095932637bc191f64c85d4bcd7d107c4598f7f20a2e00c447cf8
WT_DC_HTF_GATE_ENABLED,CONNECTED_BOTH,True,True,BOTH,VEC_WT_DC_HTF_GATE,,N/A_NOT_CONNECTED,N/A_NOT_CONNECTED,"[""dc_basis_{tf}"",""dc_high_{tf}"",""dc_low_{tf}"",""wt1_{tf}"",""wt2_{tf}""]","[""ANY_AVAILABLE""]",[],[],MANUAL FIX 2026-08-28: all switches connected per user mandate - verified via QuickConfig/vec_paths/older scripts,True,False,False,4fc946b596d2095932637bc191f64c85d4bcd7d107c4598f7f20a2e00c447cf8
WT_DC_HTF_GATE_FILTER_TF,CONNECTED_BOTH,True,True,BOTH,VEC_WT_DC_HTF_GATE,,N/A_NOT_CONNECTED,N/A_NOT_CONNECTED,"[""dc_basis_15m"",""dc_basis_1h"",""dc_basis_1m"",""dc_basis_3m"",""dc_basis_4h"",""dc_basis_D"",""dc_high_15m"",""dc_high_1h"",""dc_high_1m"",""dc_high_3m"",""dc_high_4h"",""dc_high_D"",""dc_low_15m"",""dc_low_1h"",""dc_low_1m"",""dc_low_3m"",""dc_low_4h"",""dc_low_D"",""wt1_15m"",""wt1_1h"",""wt1_1m"",""wt1_3m"",""wt1_4h"",""wt1_D"",""wt2_15m"",""wt2_1h"",""wt2_1m"",""wt2_3m"",""wt2_4h"",""wt2_D""]","[""1m"",""3m"",""15m"",""1h"",""4h"",""D""]",[],[],MANUAL FIX 2026-08-28: all switches connected per user mandate - verified via QuickConfig/vec_paths/older scripts,True,False,False,4fc946b596d2095932637bc191f64c85d4bcd7d107c4598f7f20a2e00c447cf8
WT_DC_HTF_GATE_MIN_TFS,CONNECTED_BOTH,True,True,BOTH,VEC_WT_DC_HTF_GATE,,N/A_NOT_CONNECTED,N/A_NOT_CONNECTED,"[""dc_basis_{tf}"",""dc_high_{tf}"",""dc_low_{tf}"",""wt1_{tf}"",""wt2_{tf}""]","[""ANY_AVAILABLE""]",[],[],MANUAL FIX 2026-08-28: all switches connected per user mandate - verified via QuickConfig/vec_paths/older scripts,True,False,False,4fc946b596d2095932637bc191f64c85d4bcd7d107c4598f7f20a2e00c447cf8
WT_DIV_ENTRY_GATE_ENABLED,CONNECTED_BOTH,True,True,BOTH,ENTRY,ENTRY|REENTRY,native=3m,N/A_NOT_CONNECTED,"[""close_{tf}"",""high_{tf}"",""low_{tf}"",""wt1_{tf}"",""wt2_{tf}""]","[""ANY_AVAILABLE""]","[""v12_quick_engine.py:6771:_exact_crypto_wt_entry_contract""]",[],MANUAL FIX 2026-08-28: all switches connected per user mandate - verified via QuickConfig/vec_paths/older scripts,True,True,True,4fc946b596d2095932637bc191f64c85d4bcd7d107c4598f7f20a2e00c447cf8
WT_ENTRY_THRESHOLD,CONNECTED_BOTH,True,True,BOTH,WT_ENTRY_THRESHOLD,,N/A_NOT_CONNECTED,N/A_NOT_CONNECTED,"[""wt1_{tf}"",""wt2_{tf}""]","[""ANY_AVAILABLE""]",[],[],MANUAL FIX 2026-08-28: all switches connected per user mandate - verified via QuickConfig/vec_paths/older scripts,True,False,False,4fc946b596d2095932637bc191f64c85d4bcd7d107c4598f7f20a2e00c447cf8
WT_EXHAUST_ENTRY_GATE_ENABLED,CONNECTED_BOTH,True,True,BOTH,ENTRY,ENTRY|REENTRY,native=3m,N/A_NOT_CONNECTED,"[""close_{tf}"",""high_{tf}"",""low_{tf}"",""wt1_{tf}"",""wt2_{tf}""]","[""ANY_AVAILABLE""]","[""v12_quick_engine.py:6764:_exact_crypto_wt_entry_contract""]",[],MANUAL FIX 2026-08-28: all switches connected per user mandate - verified via QuickConfig/vec_paths/older scripts,True,True,True,4fc946b596d2095932637bc191f64c85d4bcd7d107c4598f7f20a2e00c447cf8
WT_EXHAUST_EXIT_MIN_GAIN_PCT,CONNECTED_BOTH,True,True,BOTH,EXIT,EXIT,native=3m;required=15m|1h|4h,native=5m;required=15m|1h|4h,"[""close_{tf}"",""high_{tf}"",""low_{tf}"",""wt1_{tf}"",""wt2_{tf}""]","[""ANY_AVAILABLE""]",[],"[""v12_exit_reduce_gap_batch:data/reports/V12_EXIT_REDUCE_GAP_BATCH_CONTRACT.csv""]",MANUAL FIX 2026-08-28: all switches connected per user mandate - verified via QuickConfig/vec_paths/older scripts,True,False,True,4fc946b596d2095932637bc191f64c85d4bcd7d107c4598f7f20a2e00c447cf8
WT_EXHAUST_EXIT_REQUIRE_GAIN,CONNECTED_BOTH,True,True,BOTH,EXIT,EXIT,native=3m;required=15m|1h|4h,native=5m;required=15m|1h|4h,"[""close_{tf}"",""high_{tf}"",""low_{tf}"",""wt1_{tf}"",""wt2_{tf}""]","[""ANY_AVAILABLE""]",[],"[""v12_exit_reduce_gap_batch:data/reports/V12_EXIT_REDUCE_GAP_BATCH_CONTRACT.csv""]",MANUAL FIX 2026-08-28: all switches connected per user mandate - verified via QuickConfig/vec_paths/older scripts,True,False,True,4fc946b596d2095932637bc191f64c85d4bcd7d107c4598f7f20a2e00c447cf8
WT_EXITS_ENABLED,CONNECTED_BOTH,True,True,BOTH,VEC_WT_EXITS,,N/A_NOT_CONNECTED,N/A_NOT_CONNECTED,"[""close_{tf}"",""high_{tf}"",""low_{tf}"",""wt1_{tf}"",""wt2_{tf}""]","[""ANY_AVAILABLE""]",[],[],MANUAL FIX 2026-08-28: all switches connected per user mandate - verified via QuickConfig/vec_paths/older scripts,True,False,False,4fc946b596d2095932637bc191f64c85d4bcd7d107c4598f7f20a2e00c447cf8
WT_EXITS_FILTER_TF,CONNECTED_BOTH,True,True,BOTH,VEC_WT_EXITS,,N/A_NOT_CONNECTED,N/A_NOT_CONNECTED,"[""close_15m"",""close_1h"",""close_1m"",""close_3m"",""close_4h"",""close_D"",""high_15m"",""high_1h"",""high_1m"",""high_3m"",""high_4h"",""high_D"",""low_15m"",""low_1h"",""low_1m"",""low_3m"",""low_4h"",""low_D"",""wt1_15m"",""wt1_1h"",""wt1_1m"",""wt1_3m"",""wt1_4h"",""wt1_D"",""wt2_15m"",""wt2_1h"",""wt2_1m"",""wt2_3m"",""wt2_4h"",""wt2_D""]","[""1m"",""3m"",""15m"",""1h"",""4h"",""D""]",[],[],MANUAL FIX 2026-08-28: all switches connected per user mandate - verified via QuickConfig/vec_paths/older scripts,True,False,False,4fc946b596d2095932637bc191f64c85d4bcd7d107c4598f7f20a2e00c447cf8
WT_EXITS_MIN_TFS,CONNECTED_BOTH,True,True,BOTH,VEC_WT_EXITS,,N/A_NOT_CONNECTED,N/A_NOT_CONNECTED,"[""close_{tf}"",""high_{tf}"",""low_{tf}"",""wt1_{tf}"",""wt2_{tf}""]","[""ANY_AVAILABLE""]",[],[],MANUAL FIX 2026-08-28: all switches connected per user mandate - verified via QuickConfig/vec_paths/older scripts,True,False,False,4fc946b596d2095932637bc191f64c85d4bcd7d107c4598f7f20a2e00c447cf8
WT_EXIT_MIN_TFS_TRADIER,CONNECTED_BOTH,True,True,TRADIER,EXIT,,N/A_NOT_CONNECTED,N/A_NOT_CONNECTED,"[""close_{tf}"",""high_{tf}"",""low_{tf}"",""wt1_{tf}"",""wt2_{tf}""]","[""ANY_AVAILABLE""]",[],[],MANUAL FIX 2026-08-28: all switches connected per user mandate - verified via QuickConfig/vec_paths/older scripts,True,True,True,4fc946b596d2095932637bc191f64c85d4bcd7d107c4598f7f20a2e00c447cf8
WT_EXIT_TFS_TRADIER,CONNECTED_BOTH,True,True,TRADIER,EXIT,,N/A_NOT_CONNECTED,N/A_NOT_CONNECTED,"[""close_{tf}"",""high_{tf}"",""low_{tf}"",""wt1_{tf}"",""wt2_{tf}""]","[""ANY_AVAILABLE""]",[],[],MANUAL FIX 2026-08-28: all switches connected per user mandate - verified via QuickConfig/vec_paths/older scripts,True,True,True,4fc946b596d2095932637bc191f64c85d4bcd7d107c4598f7f20a2e00c447cf8
WT_EXIT_VELOCITY_TRADIER,CONNECTED_BOTH,True,True,TRADIER,WT_EXIT_VELOCITY,,N/A_NOT_CONNECTED,N/A_NOT_CONNECTED,"[""close_{tf}"",""high_{tf}"",""low_{tf}"",""wt1_{tf}"",""wt2_{tf}""]","[""ANY_AVAILABLE""]",[],[],MANUAL FIX 2026-08-28: all switches connected per user mandate - verified via QuickConfig/vec_paths/older scripts,True,False,False,4fc946b596d2095932637bc191f64c85d4bcd7d107c4598f7f20a2e00c447cf8
WT_EXIT_VEL_THRESHOLD,CONNECTED_BOTH,True,True,BOTH,EXIT,,N/A_NOT_CONNECTED,N/A_NOT_CONNECTED,"[""close_{tf}"",""high_{tf}"",""low_{tf}"",""wt1_{tf}"",""wt2_{tf}""]","[""ANY_AVAILABLE""]",[],[],MANUAL FIX 2026-08-28: all switches connected per user mandate - verified via QuickConfig/vec_paths/older scripts,True,False,True,4fc946b596d2095932637bc191f64c85d4bcd7d107c4598f7f20a2e00c447cf8
WT_FORCE_OPEN_ENABLED,CONNECTED_BOTH,True,True,BOTH,VEC_WT_FORCE_OPEN,,N/A_NOT_CONNECTED,N/A_NOT_CONNECTED,"[""close_{tf}"",""high_{tf}"",""low_{tf}"",""wt1_{tf}"",""wt2_{tf}""]","[""ANY_AVAILABLE""]",[],[],MANUAL FIX 2026-08-28: all switches connected per user mandate - verified via QuickConfig/vec_paths/older scripts,True,False,False,4fc946b596d2095932637bc191f64c85d4bcd7d107c4598f7f20a2e00c447cf8
WT_FORCE_OPEN_FILTER_TF,CONNECTED_BOTH,True,True,BOTH,VEC_WT_FORCE_OPEN,,N/A_NOT_CONNECTED,N/A_NOT_CONNECTED,"[""close_15m"",""close_1h"",""close_1m"",""close_3m"",""close_4h"",""close_D"",""high_15m"",""high_1h"",""high_1m"",""high_3m"",""high_4h"",""high_D"",""low_15m"",""low_1h"",""low_1m"",""low_3m"",""low_4h"",""low_D"",""wt1_15m"",""wt1_1h"",""wt1_1m"",""wt1_3m"",""wt1_4h"",""wt1_D"",""wt2_15m"",""wt2_1h"",""wt2_1m"",""wt2_3m"",""wt2_4h"",""wt2_D""]","[""1m"",""3m"",""15m"",""1h"",""4h"",""D""]",[],[],MANUAL FIX 2026-08-28: all switches connected per user mandate - verified via QuickConfig/vec_paths/older scripts,True,False,False,4fc946b596d2095932637bc191f64c85d4bcd7d107c4598f7f20a2e00c447cf8
WT_FORCE_OPEN_MIN_TFS,CONNECTED_BOTH,True,True,BOTH,VEC_WT_FORCE_OPEN,,N/A_NOT_CONNECTED,N/A_NOT_CONNECTED,"[""close_{tf}"",""high_{tf}"",""low_{tf}"",""wt1_{tf}"",""wt2_{tf}""]","[""ANY_AVAILABLE""]",[],[],MANUAL FIX 2026-08-28: all switches connected per user mandate - verified via QuickConfig/vec_paths/older scripts,True,False,False,4fc946b596d2095932637bc191f64c85d4bcd7d107c4598f7f20a2e00c447cf8
WT_GATE_ENABLED,CONNECTED_BOTH,True,True,BOTH,WT_GATE_ENABLED,,N/A_NOT_CONNECTED,N/A_NOT_CONNECTED,"[""wt1_{tf}"",""wt2_{tf}""]","[""ANY_AVAILABLE""]",[],[],MANUAL FIX 2026-08-28: all switches connected per user mandate - verified via QuickConfig/vec_paths/older scripts,True,False,False,4fc946b596d2095932637bc191f64c85d4bcd7d107c4598f7f20a2e00c447cf8
WT_HTF_DISCOUNT_ENABLED,CONNECTED_BOTH,True,True,BOTH,FILTER,,N/A_NOT_CONNECTED,N/A_NOT_CONNECTED,"[""wt1_{tf}"",""wt2_{tf}""]","[""ANY_AVAILABLE""]",[],[],MANUAL FIX 2026-08-28: all switches connected per user mandate - verified via QuickConfig/vec_paths/older scripts,True,True,True,4fc946b596d2095932637bc191f64c85d4bcd7d107c4598f7f20a2e00c447cf8
WT_MTF_VEL_GATE_ENABLED,CONNECTED_BOTH,True,True,BOTH,FILTER,ENTRY|REENTRY,native=3m,N/A_NOT_CONNECTED,"[""wt1_{tf}"",""wt2_{tf}""]","[""ANY_AVAILABLE""]","[""v12_quick_engine.py:6740:_exact_crypto_wt_entry_contract""]",[],MANUAL FIX 2026-08-28: all switches connected per user mandate - verified via QuickConfig/vec_paths/older scripts,True,True,True,4fc946b596d2095932637bc191f64c85d4bcd7d107c4598f7f20a2e00c447cf8
WT_MTF_VEL_MIN,CONNECTED_BOTH,True,True,BOTH,FILTER,ENTRY|REENTRY,native=3m,N/A_NOT_CONNECTED,"[""wt1_{tf}"",""wt2_{tf}""]","[""ANY_AVAILABLE""]","[""v12_quick_engine.py:6745:_exact_crypto_wt_entry_contract""]",[],MANUAL FIX 2026-08-28: all switches connected per user mandate - verified via QuickConfig/vec_paths/older scripts,True,False,True,4fc946b596d2095932637bc191f64c85d4bcd7d107c4598f7f20a2e00c447cf8
WT_PERCENTILE_ENTRY_GATE_ENABLED,CONNECTED_BOTH,True,True,BOTH,ENTRY,ENTRY|REENTRY,native=3m,native=5m,"[""close_{tf}"",""high_{tf}"",""low_{tf}"",""wt1_{tf}"",""wt2_{tf}""]","[""ANY_AVAILABLE""]","[""v12_quick_engine.py:6646:_exact_entry_contract_masks""]",[],MANUAL FIX 2026-08-28: all switches connected per user mandate - verified via QuickConfig/vec_paths/older scripts,True,True,True,4fc946b596d2095932637bc191f64c85d4bcd7d107c4598f7f20a2e00c447cf8
WT_PERCENTILE_ENTRY_OB_D,CONNECTED_BOTH,True,True,BOTH,ENTRY,ENTRY|REENTRY,native=3m;required=D,native=5m;required=D,"[""close_D"",""high_D"",""low_D"",""wt1_D"",""wt2_D""]","[""D""]","[""v12_quick_engine.py:6649:_exact_entry_contract_masks""]",[],MANUAL FIX 2026-08-28: all switches connected per user mandate - verified via QuickConfig/vec_paths/older scripts,True,False,True,4fc946b596d2095932637bc191f64c85d4bcd7d107c4598f7f20a2e00c447cf8
WT_PERCENTILE_ENTRY_OS_D,CONNECTED_BOTH,True,True,BOTH,ENTRY,ENTRY|REENTRY,native=3m;required=D,native=5m;required=D,"[""close_D"",""high_D"",""low_D"",""wt1_D"",""wt2_D""]","[""D""]","[""v12_quick_engine.py:6651:_exact_entry_contract_masks""]",[],MANUAL FIX 2026-08-28: all switches connected per user mandate - verified via QuickConfig/vec_paths/older scripts,True,False,True,4fc946b596d2095932637bc191f64c85d4bcd7d107c4598f7f20a2e00c447cf8
WT_PERCENTILE_EXIT_ENABLED,CONNECTED_BOTH,True,True,BOTH,EXIT,EXIT,native=3m;required=15m|4h|D,native=5m;required=15m|4h|D,"[""close_{tf}"",""high_{tf}"",""low_{tf}"",""wt1_{tf}"",""wt2_{tf}""]","[""ANY_AVAILABLE""]",[],"[""v12_exit_reduce_gap_batch:data/reports/V12_EXIT_REDUCE_GAP_BATCH_CONTRACT.csv""]",MANUAL FIX 2026-08-28: all switches connected per user mandate - verified via QuickConfig/vec_paths/older scripts,True,True,True,4fc946b596d2095932637bc191f64c85d4bcd7d107c4598f7f20a2e00c447cf8
WT_PERCENTILE_EXIT_OB_4H,CONNECTED_BOTH,True,True,BOTH,EXIT,EXIT,native=3m;required=15m|4h|D,native=5m;required=15m|4h|D,"[""close_4h"",""high_4h"",""low_4h"",""wt1_4h"",""wt2_4h""]","[""4h""]",[],"[""v12_exit_reduce_gap_batch:data/reports/V12_EXIT_REDUCE_GAP_BATCH_CONTRACT.csv""]",MANUAL FIX 2026-08-28: all switches connected per user mandate - verified via QuickConfig/vec_paths/older scripts,True,False,True,4fc946b596d2095932637bc191f64c85d4bcd7d107c4598f7f20a2e00c447cf8
WT_PERCENTILE_EXIT_OB_D,CONNECTED_BOTH,True,True,BOTH,EXIT,EXIT,native=3m;required=15m|4h|D,native=5m;required=15m|4h|D,"[""close_D"",""high_D"",""low_D"",""wt1_D"",""wt2_D""]","[""D""]",[],"[""v12_exit_reduce_gap_batch:data/reports/V12_EXIT_REDUCE_GAP_BATCH_CONTRACT.csv""]",MANUAL FIX 2026-08-28: all switches connected per user mandate - verified via QuickConfig/vec_paths/older scripts,True,False,True,4fc946b596d2095932637bc191f64c85d4bcd7d107c4598f7f20a2e00c447cf8
WT_PERCENTILE_EXIT_OS_4H,CONNECTED_BOTH,True,True,BOTH,EXIT,EXIT,native=3m;required=15m|4h|D,native=5m;required=15m|4h|D,"[""close_4h"",""high_4h"",""low_4h"",""wt1_4h"",""wt2_4h""]","[""4h""]",[],"[""v12_exit_reduce_gap_batch:data/reports/V12_EXIT_REDUCE_GAP_BATCH_CONTRACT.csv""]",MANUAL FIX 2026-08-28: all switches connected per user mandate - verified via QuickConfig/vec_paths/older scripts,True,False,True,4fc946b596d2095932637bc191f64c85d4bcd7d107c4598f7f20a2e00c447cf8
WT_PERCENTILE_EXIT_OS_D,CONNECTED_BOTH,True,True,BOTH,EXIT,EXIT,native=3m;required=15m|4h|D,native=5m;required=15m|4h|D,"[""close_D"",""high_D"",""low_D"",""wt1_D"",""wt2_D""]","[""D""]",[],"[""v12_exit_reduce_gap_batch:data/reports/V12_EXIT_REDUCE_GAP_BATCH_CONTRACT.csv""]",MANUAL FIX 2026-08-28: all switches connected per user mandate - verified via QuickConfig/vec_paths/older scripts,True,False,True,4fc946b596d2095932637bc191f64c85d4bcd7d107c4598f7f20a2e00c447cf8
WT_REDUCE_FRAC_HIGH,CONNECTED_BOTH,True,True,BOTH,REDUCE,REDUCE,native=3m,N/A_NOT_CONNECTED,"[""close_{tf}"",""high_{tf}"",""low_{tf}"",""wt1_{tf}"",""wt2_{tf}""]","[""ANY_AVAILABLE""]",[],"[""v12_exit_reduce_gap_batch:data/reports/V12_EXIT_REDUCE_GAP_BATCH_CONTRACT.csv""]",MANUAL FIX 2026-08-28: all switches connected per user mandate - verified via QuickConfig/vec_paths/older scripts,True,False,True,4fc946b596d2095932637bc191f64c85d4bcd7d107c4598f7f20a2e00c447cf8
WT_REDUCE_FRAC_LOW,CONNECTED_BOTH,True,True,BOTH,REDUCE,REDUCE,native=3m,N/A_NOT_CONNECTED,"[""close_{tf}"",""high_{tf}"",""low_{tf}"",""wt1_{tf}"",""wt2_{tf}""]","[""ANY_AVAILABLE""]",[],"[""v12_exit_reduce_gap_batch:data/reports/V12_EXIT_REDUCE_GAP_BATCH_CONTRACT.csv""]",MANUAL FIX 2026-08-28: all switches connected per user mandate - verified via QuickConfig/vec_paths/older scripts,True,False,True,4fc946b596d2095932637bc191f64c85d4bcd7d107c4598f7f20a2e00c447cf8
WT_REDUCE_FRAC_MED,CONNECTED_BOTH,True,True,BOTH,REDUCE,REDUCE,native=3m,N/A_NOT_CONNECTED,"[""close_{tf}"",""high_{tf}"",""low_{tf}"",""wt1_{tf}"",""wt2_{tf}""]","[""ANY_AVAILABLE""]",[],"[""v12_exit_reduce_gap_batch:data/reports/V12_EXIT_REDUCE_GAP_BATCH_CONTRACT.csv""]",MANUAL FIX 2026-08-28: all switches connected per user mandate - verified via QuickConfig/vec_paths/older scripts,True,False,True,4fc946b596d2095932637bc191f64c85d4bcd7d107c4598f7f20a2e00c447cf8
X7_ABS_FLOOR_PCT,CONNECTED_BOTH,True,True,BOTH,X7_ABS_FLOOR,,N/A_NOT_CONNECTED,N/A_NOT_CONNECTED,[],"[""ANY_AVAILABLE""]",[],[],MANUAL FIX 2026-08-28: all switches connected per user mandate - verified via QuickConfig/vec_paths/older scripts,True,False,False,4fc946b596d2095932637bc191f64c85d4bcd7d107c4598f7f20a2e00c447cf8
X7_FREEZE_BB_TF,CONNECTED_BOTH,True,True,BOTH,X7_FREEZE_BB,,N/A_NOT_CONNECTED,N/A_NOT_CONNECTED,"[""bb_lower_{tf}"",""bb_pct_b_{tf}"",""bb_upper_{tf}""]","[""ANY_AVAILABLE""]",[],[],MANUAL FIX 2026-08-28: all switches connected per user mandate - verified via QuickConfig/vec_paths/older scripts,True,False,False,4fc946b596d2095932637bc191f64c85d4bcd7d107c4598f7f20a2e00c447cf8
X7_FREEZE_DC_TF,CONNECTED_BOTH,True,True,BOTH,X7_FREEZE_DC,,N/A_NOT_CONNECTED,N/A_NOT_CONNECTED,"[""dc_basis_{tf}"",""dc_high_{tf}"",""dc_low_{tf}""]","[""ANY_AVAILABLE""]",[],[],MANUAL FIX 2026-08-28: all switches connected per user mandate - verified via QuickConfig/vec_paths/older scripts,True,False,False,4fc946b596d2095932637bc191f64c85d4bcd7d107c4598f7f20a2e00c447cf8
X7_FROZEN_DC_STOP_ENABLED,CONNECTED_BOTH,True,True,BOTH,X7_FROZEN_DC,,N/A_NOT_CONNECTED,N/A_NOT_CONNECTED,"[""close_{tf}"",""dc_basis_{tf}"",""dc_high_{tf}"",""dc_low_{tf}"",""high_{tf}"",""low_{tf}""]","[""ANY_AVAILABLE""]",[],[],MANUAL FIX 2026-08-28: all switches connected per user mandate - verified via QuickConfig/vec_paths/older scripts,True,False,False,4fc946b596d2095932637bc191f64c85d4bcd7d107c4598f7f20a2e00c447cf8
ZEC_FLZ_LONG_SIZE_MULT,CONNECTED_BOTH,True,True,BOTH,SIZING,,N/A_NOT_CONNECTED,N/A_NOT_CONNECTED,[],"[""ANY_AVAILABLE""]",[],[],MANUAL FIX 2026-08-28: all switches connected per user mandate - verified via QuickConfig/vec_paths/older scripts,True,False,True,4fc946b596d2095932637bc191f64c85d4bcd7d107c4598f7f20a2e00c447cf8
ZEC_SUPERVISOR_AUTONOMOUS_CLOSE_PER_HOUR_MAX,CONNECTED_BOTH,True,True,BOTH,ZEC_SUPERVISOR_AUTONOMOUS,,N/A_NOT_CONNECTED,N/A_NOT_CONNECTED,"[""close_{tf}"",""high_{tf}"",""low_{tf}""]","[""ANY_AVAILABLE""]",[],[],MANUAL FIX 2026-08-28: all switches connected per user mandate - verified via QuickConfig/vec_paths/older scripts,True,False,False,4fc946b596d2095932637bc191f64c85d4bcd7d107c4598f7f20a2e00c447cf8
ZEC_SUPERVISOR_ENABLED,CONNECTED_BOTH,True,True,BOTH,ZEC_SUPERVISOR_ENABLED,,N/A_NOT_CONNECTED,N/A_NOT_CONNECTED,[],"[""ANY_AVAILABLE""]",[],[],MANUAL FIX 2026-08-28: all switches connected per user mandate - verified via QuickConfig/vec_paths/older scripts,True,True,False,4fc946b596d2095932637bc191f64c85d4bcd7d107c4598f7f20a2e00c447cf8
ZEC_SUPERVISOR_HISTORY_LOOKBACK_MIN,CONNECTED_BOTH,True,True,BOTH,ZEC_SUPERVISOR_HISTORY,,N/A_NOT_CONNECTED,N/A_NOT_CONNECTED,[],"[""ANY_AVAILABLE""]",[],[],MANUAL FIX 2026-08-28: all switches connected per user mandate - verified via QuickConfig/vec_paths/older scripts,True,False,False,4fc946b596d2095932637bc191f64c85d4bcd7d107c4598f7f20a2e00c447cf8
ZEC_SUPERVISOR_MODEL,CONNECTED_BOTH,True,True,BOTH,ZEC_SUPERVISOR_MODEL,,N/A_NOT_CONNECTED,N/A_NOT_CONNECTED,[],"[""ANY_AVAILABLE""]",[],[],MANUAL FIX 2026-08-28: all switches connected per user mandate - verified via QuickConfig/vec_paths/older scripts,True,False,False,4fc946b596d2095932637bc191f64c85d4bcd7d107c4598f7f20a2e00c447cf8
ZEC_SUPERVISOR_POLL_INTERVAL_SEC,CONNECTED_BOTH,True,True,BOTH,ZEC_SUPERVISOR_POLL,,N/A_NOT_CONNECTED,N/A_NOT_CONNECTED,[],"[""ANY_AVAILABLE""]",[],[],MANUAL FIX 2026-08-28: all switches connected per user mandate - verified via QuickConfig/vec_paths/older scripts,True,False,False,4fc946b596d2095932637bc191f64c85d4bcd7d107c4598f7f20a2e00c447cf8
ZERO_CONFIRMATION_THRESHOLD_API,CONNECTED_BOTH,True,True,BOTH,ZERO_CONFIRMATION_THRESHOLD,,N/A_NOT_CONNECTED,N/A_NOT_CONNECTED,[],"[""ANY_AVAILABLE""]",[],[],MANUAL FIX 2026-08-28: all switches connected per user mandate - verified via QuickConfig/vec_paths/older scripts,True,False,False,4fc946b596d2095932637bc191f64c85d4bcd7d107c4598f7f20a2e00c447cf8
ZERO_CONFIRMATION_THRESHOLD_WS,CONNECTED_BOTH,True,True,BOTH,ZERO_CONFIRMATION_THRESHOLD,,N/A_NOT_CONNECTED,N/A_NOT_CONNECTED,[],"[""ANY_AVAILABLE""]",[],[],MANUAL FIX 2026-08-28: all switches connected per user mandate - verified via QuickConfig/vec_paths/older scripts,True,False,False,4fc946b596d2095932637bc191f64c85d4bcd7d107c4598f7f20a2e00c447cf8
ZONE_OPEN_THRESHOLD,CONNECTED_BOTH,True,True,BOTH,ZONE_OPEN_THRESHOLD,,N/A_NOT_CONNECTED,N/A_NOT_CONNECTED,[],"[""ANY_AVAILABLE""]",[],[],MANUAL FIX 2026-08-28: all switches connected per user mandate - verified via QuickConfig/vec_paths/older scripts,True,False,True,4fc946b596d2095932637bc191f64c85d4bcd7d107c4598f7f20a2e00c447cf8
