field,quickconfig_line,scope_basis,venue_applicability,vector_status,vector_evidence_file_line,backtest_v12_live_status,backtest_v12_live_evidence_file_line,ez_crypto_live_status,ez_crypto_live_evidence_file_line,tradier_live_status,tradier_live_evidence_file_line,exact_contract,gap_reason
ABLATION_DISABLE_AGGRESSIVE_HEDGE,4437,UNIQUE_QUICKCONFIG_FIELD_WITH_NON_SYNTHETIC_VECTOR_READ,BOTH_OR_UNRESOLVED,CONNECTED_CAUSAL_READ_SEMANTICS_UNVERIFIED,v12_quick_engine.py:13528:simulate_one:getattr,GAP_NO_CAUSAL_CONSUMER,,GAP_NO_CAUSAL_CONSUMER,,GAP_NO_CAUSAL_CONSUMER,,,no reviewed exact vector/live semantic contract; no field-specific causal read in backtest_v12_engine (generic override propagation excluded); no causal EZ crypto consumer; no causal Tradier consumer
ABLATION_DISABLE_AUGMENTATION,4438,UNIQUE_QUICKCONFIG_FIELD_WITH_NON_SYNTHETIC_VECTOR_READ,BOTH_OR_UNRESOLVED,CONNECTED_CAUSAL_READ_SEMANTICS_UNVERIFIED,v12_quick_engine.py:13530:simulate_one:getattr,CAUSAL_PATH_SEMANTICS_UNVERIFIED,backtest_v12_engine.py:5438:ez_manage.process_position;backtest_v12_engine.py:5897:ez_positions_quick.check_entry_candidates_for_account,CAUSAL_CONSUMER_SEMANTICS_UNVERIFIED,ez_manage.py:46177:process_position:getattr,GAP_NO_CAUSAL_CONSUMER,,,no reviewed exact vector/live semantic contract; no field-specific causal read in backtest_v12_engine (generic override propagation excluded); no causal Tradier consumer
ABLATION_DISABLE_CHECK_NOLOSS,4439,UNIQUE_QUICKCONFIG_FIELD_WITH_NON_SYNTHETIC_VECTOR_READ,BOTH_OR_UNRESOLVED,CONNECTED_CAUSAL_READ_SEMANTICS_UNVERIFIED,v12_quick_engine.py:13532:simulate_one:getattr,CAUSAL_PATH_SEMANTICS_UNVERIFIED,backtest_v12_engine.py:5438:ez_manage.process_position;backtest_v12_engine.py:5897:ez_positions_quick.check_entry_candidates_for_account,CAUSAL_CONSUMER_SEMANTICS_UNVERIFIED,ez_manage.py:43934:process_position:getattr,GAP_NO_CAUSAL_CONSUMER,,,no reviewed exact vector/live semantic contract; no field-specific causal read in backtest_v12_engine (generic override propagation excluded); no causal Tradier consumer
ABLATION_DISABLE_DC_BREACH_REDUCE,4440,UNIQUE_QUICKCONFIG_FIELD_WITH_NON_SYNTHETIC_VECTOR_READ,BOTH_OR_UNRESOLVED,CONNECTED_CAUSAL_READ_SEMANTICS_UNVERIFIED,v12_quick_engine.py:13534:simulate_one:getattr,GAP_NO_CAUSAL_CONSUMER,,GAP_NO_CAUSAL_CONSUMER,,GAP_NO_CAUSAL_CONSUMER,,,no reviewed exact vector/live semantic contract; no field-specific causal read in backtest_v12_engine (generic override propagation excluded); no causal EZ crypto consumer; no causal Tradier consumer
ABLATION_DISABLE_HEDGE,4275,UNIQUE_QUICKCONFIG_FIELD_WITH_NON_SYNTHETIC_VECTOR_READ,BOTH_OR_UNRESOLVED,CONNECTED_CAUSAL_READ_SEMANTICS_UNVERIFIED,v12_quick_engine.py:13536:simulate_one:getattr,CAUSAL_PATH_SEMANTICS_UNVERIFIED,backtest_v12_engine.py:5438:ez_manage.process_position;backtest_v12_engine.py:5897:ez_positions_quick.check_entry_candidates_for_account,CAUSAL_CONSUMER_SEMANTICS_UNVERIFIED,ez_positions_quick.py:6547:monitor_and_manage_hedges:getattr,GAP_NO_CAUSAL_CONSUMER,,,no reviewed exact vector/live semantic contract; no field-specific causal read in backtest_v12_engine (generic override propagation excluded); no causal Tradier consumer
ABLATION_DISABLE_HIGH_GAIN_AUGMENT,4445,UNIQUE_QUICKCONFIG_FIELD_WITH_NON_SYNTHETIC_VECTOR_READ,BOTH_OR_UNRESOLVED,CONNECTED_CAUSAL_READ_SEMANTICS_UNVERIFIED,v12_quick_engine.py:13538:simulate_one:getattr,GAP_NO_CAUSAL_CONSUMER,,GAP_NO_CAUSAL_CONSUMER,,GAP_NO_CAUSAL_CONSUMER,,,no reviewed exact vector/live semantic contract; no field-specific causal read in backtest_v12_engine (generic override propagation excluded); no causal EZ crypto consumer; no causal Tradier consumer
ABLATION_DISABLE_QUICK_ENTRY,4276,UNIQUE_QUICKCONFIG_FIELD_WITH_NON_SYNTHETIC_VECTOR_READ,BOTH_OR_UNRESOLVED,CONNECTED_CAUSAL_READ_SEMANTICS_UNVERIFIED,v12_quick_engine.py:7026:compute_entry_signals:getattr,CAUSAL_PATH_SEMANTICS_UNVERIFIED,backtest_v12_engine.py:5438:ez_manage.process_position;backtest_v12_engine.py:5897:ez_positions_quick.check_entry_candidates_for_account,CAUSAL_CONSUMER_SEMANTICS_UNVERIFIED,ez_positions_quick.py:15025:check_entry_candidates_for_account:getattr,GAP_NO_CAUSAL_CONSUMER,,,no reviewed exact vector/live semantic contract; no field-specific causal read in backtest_v12_engine (generic override propagation excluded); no causal Tradier consumer
ABLATION_DISABLE_QUICK_EXIT,4277,UNIQUE_QUICKCONFIG_FIELD_WITH_NON_SYNTHETIC_VECTOR_READ,BOTH_OR_UNRESOLVED,CONNECTED_CAUSAL_READ_SEMANTICS_UNVERIFIED,v12_quick_engine.py:7585:compute_exit_signals:getattr,CAUSAL_PATH_SEMANTICS_UNVERIFIED,backtest_v12_engine.py:5438:ez_manage.process_position;backtest_v12_engine.py:5897:ez_positions_quick.check_entry_candidates_for_account,CAUSAL_CONSUMER_SEMANTICS_UNVERIFIED,ez_positions_quick.py:13586:check_exit_candidates_for_account:getattr,GAP_NO_CAUSAL_CONSUMER,,,no reviewed exact vector/live semantic contract; no field-specific causal read in backtest_v12_engine (generic override propagation excluded); no causal Tradier consumer
ADX_TRENDING_THRESHOLD,4062,UNIQUE_QUICKCONFIG_FIELD_WITH_NON_SYNTHETIC_VECTOR_READ,BOTH_OR_UNRESOLVED,CONNECTED_CAUSAL_READ_SEMANTICS_UNVERIFIED,v12_quick_engine.py:7858:compute_reduce_signals:getattr;v12_quick_engine.py:7938:compute_regime_sizing_mult:getattr,GAP_NO_CAUSAL_CONSUMER,,GAP_NO_CAUSAL_CONSUMER,,GAP_NO_CAUSAL_CONSUMER,,,no reviewed exact vector/live semantic contract; no field-specific causal read in backtest_v12_engine (generic override propagation excluded); no causal EZ crypto consumer; no causal Tradier consumer
ATR_ADAPTIVE_SIZING_ENABLED,4064,UNIQUE_QUICKCONFIG_FIELD_WITH_NON_SYNTHETIC_VECTOR_READ,BOTH_OR_UNRESOLVED,CONNECTED_CAUSAL_READ_SEMANTICS_UNVERIFIED,v12_quick_engine.py:7944:compute_regime_sizing_mult:getattr,CAUSAL_PATH_SEMANTICS_UNVERIFIED,backtest_v12_engine.py:5438:ez_manage.process_position;backtest_v12_engine.py:5897:ez_positions_quick.check_entry_candidates_for_account,CAUSAL_CONSUMER_SEMANTICS_UNVERIFIED,ez_manage.py:35474:calculate_final_order_quantity:getattr,GAP_NO_CAUSAL_CONSUMER,,,no reviewed exact vector/live semantic contract; no field-specific causal read in backtest_v12_engine (generic override propagation excluded); no causal Tradier consumer
ATR_ADAPTIVE_SIZING_TARGET_PCT,4065,UNIQUE_QUICKCONFIG_FIELD_WITH_NON_SYNTHETIC_VECTOR_READ,BOTH_OR_UNRESOLVED,CONNECTED_CAUSAL_READ_SEMANTICS_UNVERIFIED,v12_quick_engine.py:7947:compute_regime_sizing_mult:getattr,CAUSAL_PATH_SEMANTICS_UNVERIFIED,backtest_v12_engine.py:5438:ez_manage.process_position;backtest_v12_engine.py:5897:ez_positions_quick.check_entry_candidates_for_account,CAUSAL_CONSUMER_SEMANTICS_UNVERIFIED,ez_manage.py:35479:calculate_final_order_quantity:getattr,GAP_NO_CAUSAL_CONSUMER,,,no reviewed exact vector/live semantic contract; no field-specific causal read in backtest_v12_engine (generic override propagation excluded); no causal Tradier consumer
AUGMENTATION_COOLDOWN_SECONDS,4455,UNIQUE_QUICKCONFIG_FIELD_WITH_NON_SYNTHETIC_VECTOR_READ,BOTH_OR_UNRESOLVED,CONNECTED_CAUSAL_READ_SEMANTICS_UNVERIFIED,v12_quick_engine.py:14254:simulate_one:getattr,CAUSAL_PATH_SEMANTICS_UNVERIFIED,backtest_v12_engine.py:5438:ez_manage.process_position;backtest_v12_engine.py:5897:ez_positions_quick.check_entry_candidates_for_account;backtest_v12_engine.py:6694:run_simulation_tradier imports and runs tradier_manage,CAUSAL_CONSUMER_SEMANTICS_UNVERIFIED,ez_manage.py:16447:_handle_signal_message:attribute;ez_manage.py:16457:_handle_signal_message:attribute;ez_manage.py:22597:is_duplicate_order:getattr;ez_manage.py:22646:cleanup_old_dedupe_keys:getattr;ez_manage.py:25850:execute_now:getattr;ez_manage.py:38511:_process_single_override_check:attribute;ez_manage.py:38518:_process_single_override_check:attribute;ez_manage.py:9545:_load_augmented_positions_from_file:getattr;ez_manage.py:9571:_load_augmented_positions_from_service:getattr,CAUSAL_CONSUMER_SEMANTICS_UNVERIFIED,tradier_manage.py:18939:execute_now:_cfg_auto,,no reviewed exact vector/live semantic contract; no field-specific causal read in backtest_v12_engine (generic override propagation excluded)
AUGMENT_GAIN_GT_3PCT_ENABLED,5187,UNIQUE_QUICKCONFIG_FIELD_WITH_NON_SYNTHETIC_VECTOR_READ,BOTH_OR_UNRESOLVED,CONNECTED_EXACT_REVIEWED,v12_quick_engine.py:13611:simulate_one:getattr,EXACT_LIVE_DELEGATED_OR_DIRECT_PATH,backtest_v12_engine.py:6694:run_simulation_tradier imports and runs tradier_manage,GAP_NO_CAUSAL_CONSUMER,,EXACT_CAUSAL_CONSUMER,tradier_manage.py:721:_v12_gain_lifecycle_decision:resolver,augment 50% when live position gain is strictly above the configured rally threshold,no causal EZ crypto consumer; backtest reaches reviewed live consumer by delegation rather than a duplicate predicate
AUGMENT_ONLY_WHEN_PROFITABLE_TRADIER,4291,UNIQUE_QUICKCONFIG_FIELD_WITH_NON_SYNTHETIC_VECTOR_READ,TRADIER_ONLY_EXPLICIT_NAME,CONNECTED_CAUSAL_READ_SEMANTICS_UNVERIFIED,v12_quick_engine.py:7844:_augment_allowed:getattr,CAUSAL_PATH_SEMANTICS_UNVERIFIED,backtest_v12_engine.py:6694:run_simulation_tradier imports and runs tradier_manage,N_A_EXPLICIT_TRADIER_FIELD,,CAUSAL_CONSUMER_SEMANTICS_UNVERIFIED,tradier_manage.py:18238:execute_trade_action:_cfg_auto,,no reviewed exact vector/live semantic contract; no field-specific causal read in backtest_v12_engine (generic override propagation excluded)
AUGMENT_RALLY_MIN_GAIN_PCT,5190,UNIQUE_QUICKCONFIG_FIELD_WITH_NON_SYNTHETIC_VECTOR_READ,BOTH_OR_UNRESOLVED,CONNECTED_EXACT_REVIEWED,v12_quick_engine.py:13609:simulate_one:getattr,EXACT_LIVE_DELEGATED_OR_DIRECT_PATH,backtest_v12_engine.py:6694:run_simulation_tradier imports and runs tradier_manage,GAP_NO_CAUSAL_CONSUMER,,EXACT_CAUSAL_CONSUMER,tradier_manage.py:719:_v12_gain_lifecycle_decision:resolver,strict live-gain threshold for the rally augment,no causal EZ crypto consumer; backtest reaches reviewed live consumer by delegation rather than a duplicate predicate
AUGMENT_WT15_CROSS_GAIN_GT_2_ENABLED,5188,UNIQUE_QUICKCONFIG_FIELD_WITH_NON_SYNTHETIC_VECTOR_READ,BOTH_OR_UNRESOLVED,CONNECTED_EXACT_REVIEWED,v12_quick_engine.py:13612:simulate_one:getattr,EXACT_LIVE_DELEGATED_OR_DIRECT_PATH,backtest_v12_engine.py:6694:run_simulation_tradier imports and runs tradier_manage,GAP_NO_CAUSAL_CONSUMER,,EXACT_CAUSAL_CONSUMER,tradier_manage.py:722:_v12_gain_lifecycle_decision:resolver,augment 50% on a fresh side-aware 15m WT cross above the configured gain floor,no causal EZ crypto consumer; backtest reaches reviewed live consumer by delegation rather than a duplicate predicate
AUGMENT_WT15_MIN_GAIN_PCT,5191,UNIQUE_QUICKCONFIG_FIELD_WITH_NON_SYNTHETIC_VECTOR_READ,BOTH_OR_UNRESOLVED,CONNECTED_EXACT_REVIEWED,v12_quick_engine.py:13610:simulate_one:getattr,EXACT_LIVE_DELEGATED_OR_DIRECT_PATH,backtest_v12_engine.py:6694:run_simulation_tradier imports and runs tradier_manage,GAP_NO_CAUSAL_CONSUMER,,EXACT_CAUSAL_CONSUMER,tradier_manage.py:720:_v12_gain_lifecycle_decision:resolver,strict live-gain threshold for the fresh 15m WT-cross augment,no causal EZ crypto consumer; backtest reaches reviewed live consumer by delegation rather than a duplicate predicate
BACKTEST_VALIDATED_GATES_TRADIER,4279,UNIQUE_QUICKCONFIG_FIELD_WITH_NON_SYNTHETIC_VECTOR_READ,TRADIER_ONLY_EXPLICIT_NAME,CONNECTED_CAUSAL_READ_SEMANTICS_UNVERIFIED,v12_quick_engine.py:7009:compute_entry_signals:getattr,CAUSAL_PATH_SEMANTICS_UNVERIFIED,backtest_v12_engine.py:6694:run_simulation_tradier imports and runs tradier_manage,N_A_EXPLICIT_TRADIER_FIELD,,CAUSAL_CONSUMER_SEMANTICS_UNVERIFIED,tradier_manage.py:10971:calculate_signal_score:_cfg_auto,,no reviewed exact vector/live semantic contract; no field-specific causal read in backtest_v12_engine (generic override propagation excluded)
BAND_SLOPE_SIZING_V2_DEPTH_GAIN,4456,UNIQUE_QUICKCONFIG_FIELD_WITH_NON_SYNTHETIC_VECTOR_READ,BOTH_OR_UNRESOLVED,CONNECTED_CAUSAL_READ_SEMANTICS_UNVERIFIED,v12_quick_engine.py:7893:_band_slope_sizing_v2_mult:attribute,CAUSAL_PATH_SEMANTICS_UNVERIFIED,backtest_v12_engine.py:5438:ez_manage.process_position;backtest_v12_engine.py:5897:ez_positions_quick.check_entry_candidates_for_account;backtest_v12_engine.py:6694:run_simulation_tradier imports and runs tradier_manage,CAUSAL_CONSUMER_SEMANTICS_UNVERIFIED,ez_manage.py:21266:execute_trade_action:getattr;ez_positions_quick.py:1332:calculate_dynamic_quantity:getattr,CAUSAL_CONSUMER_SEMANTICS_UNVERIFIED,tradier_manage.py:21105:calculate_position_size:_cfg_auto,,no reviewed exact vector/live semantic contract; no field-specific causal read in backtest_v12_engine (generic override propagation excluded)
BAND_SLOPE_SIZING_V2_ENABLED,4457,UNIQUE_QUICKCONFIG_FIELD_WITH_NON_SYNTHETIC_VECTOR_READ,BOTH_OR_UNRESOLVED,CONNECTED_CAUSAL_READ_SEMANTICS_UNVERIFIED,v12_quick_engine.py:7880:_band_slope_sizing_v2_mult:attribute,CAUSAL_PATH_SEMANTICS_UNVERIFIED,backtest_v12_engine.py:5438:ez_manage.process_position;backtest_v12_engine.py:5897:ez_positions_quick.check_entry_candidates_for_account;backtest_v12_engine.py:6694:run_simulation_tradier imports and runs tradier_manage,CAUSAL_CONSUMER_SEMANTICS_UNVERIFIED,ez_manage.py:21258:execute_trade_action:getattr;ez_positions_quick.py:1324:calculate_dynamic_quantity:getattr,CAUSAL_CONSUMER_SEMANTICS_UNVERIFIED,tradier_manage.py:21094:calculate_position_size:_cfg_auto,,no reviewed exact vector/live semantic contract; no field-specific causal read in backtest_v12_engine (generic override propagation excluded)
BAND_SLOPE_SIZING_V2_MAX,4459,UNIQUE_QUICKCONFIG_FIELD_WITH_NON_SYNTHETIC_VECTOR_READ,BOTH_OR_UNRESOLVED,CONNECTED_CAUSAL_READ_SEMANTICS_UNVERIFIED,v12_quick_engine.py:7896:_band_slope_sizing_v2_mult:attribute,CAUSAL_PATH_SEMANTICS_UNVERIFIED,backtest_v12_engine.py:5438:ez_manage.process_position;backtest_v12_engine.py:5897:ez_positions_quick.check_entry_candidates_for_account;backtest_v12_engine.py:6694:run_simulation_tradier imports and runs tradier_manage,CAUSAL_CONSUMER_SEMANTICS_UNVERIFIED,ez_manage.py:21270:execute_trade_action:getattr;ez_positions_quick.py:1336:calculate_dynamic_quantity:getattr,CAUSAL_CONSUMER_SEMANTICS_UNVERIFIED,tradier_manage.py:21109:calculate_position_size:_cfg_auto,,no reviewed exact vector/live semantic contract; no field-specific causal read in backtest_v12_engine (generic override propagation excluded)
BAND_SLOPE_SIZING_V2_MIN,4460,UNIQUE_QUICKCONFIG_FIELD_WITH_NON_SYNTHETIC_VECTOR_READ,BOTH_OR_UNRESOLVED,CONNECTED_CAUSAL_READ_SEMANTICS_UNVERIFIED,v12_quick_engine.py:7895:_band_slope_sizing_v2_mult:attribute,CAUSAL_PATH_SEMANTICS_UNVERIFIED,backtest_v12_engine.py:5438:ez_manage.process_position;backtest_v12_engine.py:5897:ez_positions_quick.check_entry_candidates_for_account;backtest_v12_engine.py:6694:run_simulation_tradier imports and runs tradier_manage,CAUSAL_CONSUMER_SEMANTICS_UNVERIFIED,ez_manage.py:21270:execute_trade_action:getattr;ez_positions_quick.py:1336:calculate_dynamic_quantity:getattr,CAUSAL_CONSUMER_SEMANTICS_UNVERIFIED,tradier_manage.py:21109:calculate_position_size:_cfg_auto,,no reviewed exact vector/live semantic contract; no field-specific causal read in backtest_v12_engine (generic override propagation excluded)
BAND_SLOPE_SIZING_V2_SLOPE_NORM_PCT_DAY,4461,UNIQUE_QUICKCONFIG_FIELD_WITH_NON_SYNTHETIC_VECTOR_READ,BOTH_OR_UNRESOLVED,CONNECTED_CAUSAL_READ_SEMANTICS_UNVERIFIED,v12_quick_engine.py:7894:_band_slope_sizing_v2_mult:attribute,CAUSAL_PATH_SEMANTICS_UNVERIFIED,backtest_v12_engine.py:5438:ez_manage.process_position;backtest_v12_engine.py:5897:ez_positions_quick.check_entry_candidates_for_account;backtest_v12_engine.py:6694:run_simulation_tradier imports and runs tradier_manage,CAUSAL_CONSUMER_SEMANTICS_UNVERIFIED,ez_manage.py:21267:execute_trade_action:getattr;ez_positions_quick.py:1333:calculate_dynamic_quantity:getattr,CAUSAL_CONSUMER_SEMANTICS_UNVERIFIED,tradier_manage.py:21106:calculate_position_size:_cfg_auto,,no reviewed exact vector/live semantic contract; no field-specific causal read in backtest_v12_engine (generic override propagation excluded)
BAND_SLOPE_SIZING_V2_TF,4458,UNIQUE_QUICKCONFIG_FIELD_WITH_NON_SYNTHETIC_VECTOR_READ,BOTH_OR_UNRESOLVED,CONNECTED_CAUSAL_READ_SEMANTICS_UNVERIFIED,v12_quick_engine.py:7883:_band_slope_sizing_v2_mult:attribute,CAUSAL_PATH_SEMANTICS_UNVERIFIED,backtest_v12_engine.py:5438:ez_manage.process_position;backtest_v12_engine.py:5897:ez_positions_quick.check_entry_candidates_for_account;backtest_v12_engine.py:6694:run_simulation_tradier imports and runs tradier_manage,CAUSAL_CONSUMER_SEMANTICS_UNVERIFIED,ez_manage.py:21259:execute_trade_action:getattr;ez_positions_quick.py:1325:calculate_dynamic_quantity:getattr,CAUSAL_CONSUMER_SEMANTICS_UNVERIFIED,tradier_manage.py:21097:calculate_position_size:_cfg_auto,,no reviewed exact vector/live semantic contract; no field-specific causal read in backtest_v12_engine (generic override propagation excluded)
BASE_TF,3414,UNIQUE_QUICKCONFIG_FIELD_WITH_NON_SYNTHETIC_VECTOR_READ,BOTH_OR_UNRESOLVED,CONNECTED_CAUSAL_READ_SEMANTICS_UNVERIFIED,v12_quick_engine.py:3311:_base_tf:getattr;v12_quick_engine.py:7984:_bar_minutes:getattr,CAUSAL_PATH_SEMANTICS_UNVERIFIED,backtest_v12_engine.py:6694:run_simulation_tradier imports and runs tradier_manage,GAP_NO_CAUSAL_CONSUMER,,CAUSAL_CONSUMER_SEMANTICS_UNVERIFIED,tradier_manage.py:1081:_v12_mi_entry_claim:resolver;tradier_manage.py:1124:_v12_lifecycle_context:resolver;tradier_manage.py:829:_v12_wt_exit_reason:resolver;tradier_manage.py:904:_v12_kindergarten_entry_allowed:resolver;tradier_manage.py:967:_v12_decision_source:resolver;tradier_manage.py:991:_v12_additive_entry_claim:resolver,,no reviewed exact vector/live semantic contract; no field-specific causal read in backtest_v12_engine (generic override propagation excluded); no causal EZ crypto consumer
BB_BREAKOUT_ENABLED,4284,UNIQUE_QUICKCONFIG_FIELD_WITH_NON_SYNTHETIC_VECTOR_READ,BOTH_OR_UNRESOLVED,CONNECTED_CAUSAL_READ_SEMANTICS_UNVERIFIED,v12_quick_engine.py:5674:compute_reentry_blocks:attribute,CAUSAL_PATH_SEMANTICS_UNVERIFIED,backtest_v12_engine.py:5438:ez_manage.process_position;backtest_v12_engine.py:5897:ez_positions_quick.check_entry_candidates_for_account;backtest_v12_engine.py:6694:run_simulation_tradier imports and runs tradier_manage,CAUSAL_CONSUMER_SEMANTICS_UNVERIFIED,ez_positions_quick.py:4358:rate:getattr,CAUSAL_CONSUMER_SEMANTICS_UNVERIFIED,tradier_manage.py:7279:process_position:_cfg_auto,,no reviewed exact vector/live semantic contract; no field-specific causal read in backtest_v12_engine (generic override propagation excluded)
BB_BREAKOUT_SCORE,4286,UNIQUE_QUICKCONFIG_FIELD_WITH_NON_SYNTHETIC_VECTOR_READ,BOTH_OR_UNRESOLVED,CONNECTED_CAUSAL_READ_SEMANTICS_UNVERIFIED,v12_quick_engine.py:6340:_combine_entry_blocks:attribute,CAUSAL_PATH_SEMANTICS_UNVERIFIED,backtest_v12_engine.py:5438:ez_manage.process_position;backtest_v12_engine.py:5897:ez_positions_quick.check_entry_candidates_for_account;backtest_v12_engine.py:6694:run_simulation_tradier imports and runs tradier_manage,CAUSAL_CONSUMER_SEMANTICS_UNVERIFIED,ez_positions_quick.py:4365:rate:getattr;ez_positions_quick.py:4367:rate:getattr,CAUSAL_CONSUMER_SEMANTICS_UNVERIFIED,tradier_manage.py:7283:process_position:_cfg_auto,,no reviewed exact vector/live semantic contract; no field-specific causal read in backtest_v12_engine (generic override propagation excluded)
BB_BREAKOUT_TF,4285,UNIQUE_QUICKCONFIG_FIELD_WITH_NON_SYNTHETIC_VECTOR_READ,BOTH_OR_UNRESOLVED,CONNECTED_CAUSAL_READ_SEMANTICS_UNVERIFIED,v12_quick_engine.py:5675:compute_reentry_blocks:attribute,CAUSAL_PATH_SEMANTICS_UNVERIFIED,backtest_v12_engine.py:5438:ez_manage.process_position;backtest_v12_engine.py:5897:ez_positions_quick.check_entry_candidates_for_account;backtest_v12_engine.py:6694:run_simulation_tradier imports and runs tradier_manage,CAUSAL_CONSUMER_SEMANTICS_UNVERIFIED,ez_positions_quick.py:4359:rate:getattr,CAUSAL_CONSUMER_SEMANTICS_UNVERIFIED,tradier_manage.py:7280:process_position:_cfg_auto,,no reviewed exact vector/live semantic contract; no field-specific causal read in backtest_v12_engine (generic override propagation excluded)
BB_ENTRY_LONG_THRESHOLD,4071,UNIQUE_QUICKCONFIG_FIELD_WITH_NON_SYNTHETIC_VECTOR_READ,BOTH_OR_UNRESOLVED,CONNECTED_CAUSAL_READ_SEMANTICS_UNVERIFIED,v12_quick_engine.py:6007:compute_reentry_blocks:getattr,CAUSAL_PATH_SEMANTICS_UNVERIFIED,backtest_v12_engine.py:5438:ez_manage.process_position;backtest_v12_engine.py:5897:ez_positions_quick.check_entry_candidates_for_account;backtest_v12_engine.py:6694:run_simulation_tradier imports and runs tradier_manage,CAUSAL_CONSUMER_SEMANTICS_UNVERIFIED,ez_manage.py:35074:calculate_final_order_quantity:attribute;ez_manage.py:35079:calculate_final_order_quantity:attribute,CAUSAL_CONSUMER_SEMANTICS_UNVERIFIED,tradier_manage.py:7532:process_position:_cfg_auto,,no reviewed exact vector/live semantic contract; no field-specific causal read in backtest_v12_engine (generic override propagation excluded)
BB_ENTRY_SHORT_THRESHOLD,4072,UNIQUE_QUICKCONFIG_FIELD_WITH_NON_SYNTHETIC_VECTOR_READ,BOTH_OR_UNRESOLVED,CONNECTED_CAUSAL_READ_SEMANTICS_UNVERIFIED,v12_quick_engine.py:6007:compute_reentry_blocks:getattr,CAUSAL_PATH_SEMANTICS_UNVERIFIED,backtest_v12_engine.py:5438:ez_manage.process_position;backtest_v12_engine.py:5897:ez_positions_quick.check_entry_candidates_for_account;backtest_v12_engine.py:6694:run_simulation_tradier imports and runs tradier_manage,CAUSAL_CONSUMER_SEMANTICS_UNVERIFIED,ez_manage.py:35082:calculate_final_order_quantity:attribute;ez_manage.py:35087:calculate_final_order_quantity:attribute,CAUSAL_CONSUMER_SEMANTICS_UNVERIFIED,tradier_manage.py:7533:process_position:_cfg_auto,,no reviewed exact vector/live semantic contract; no field-specific causal read in backtest_v12_engine (generic override propagation excluded)
BB_FROZEN_STOP_ENABLED,4462,UNIQUE_QUICKCONFIG_FIELD_WITH_NON_SYNTHETIC_VECTOR_READ,BOTH_OR_UNRESOLVED,CONNECTED_CAUSAL_READ_SEMANTICS_UNVERIFIED,v12_quick_engine.py:13553:simulate_one:getattr,CAUSAL_PATH_SEMANTICS_UNVERIFIED,backtest_v12_engine.py:10779:run_simulation_tradier:getattr;backtest_v12_engine.py:4935:run_simulation:getattr;backtest_v12_engine.py:5438:ez_manage.process_position;backtest_v12_engine.py:5897:ez_positions_quick.check_entry_candidates_for_account,CAUSAL_CONSUMER_SEMANTICS_UNVERIFIED,ez_manage.py:40713:process_position:getattr,GAP_NO_CAUSAL_CONSUMER,,,no reviewed exact vector/live semantic contract; no causal Tradier consumer
BB_PCTB_ENTRY_ENABLED,4306,UNIQUE_QUICKCONFIG_FIELD_WITH_NON_SYNTHETIC_VECTOR_READ,BOTH_OR_UNRESOLVED,CONNECTED_CAUSAL_READ_SEMANTICS_UNVERIFIED,v12_quick_engine.py:6006:compute_reentry_blocks:getattr,CAUSAL_PATH_SEMANTICS_UNVERIFIED,backtest_v12_engine.py:6694:run_simulation_tradier imports and runs tradier_manage,GAP_NO_CAUSAL_CONSUMER,,CAUSAL_CONSUMER_SEMANTICS_UNVERIFIED,tradier_manage.py:7529:process_position:_cfg_auto,,no reviewed exact vector/live semantic contract; no field-specific causal read in backtest_v12_engine (generic override propagation excluded); no causal EZ crypto consumer
BB_PULLBACK_GATE_ENABLED,4463,UNIQUE_QUICKCONFIG_FIELD_WITH_NON_SYNTHETIC_VECTOR_READ,BOTH_OR_UNRESOLVED,CONNECTED_CAUSAL_READ_SEMANTICS_UNVERIFIED,v12_quick_engine.py:6663:_exact_entry_contract_masks:attribute,CAUSAL_PATH_SEMANTICS_UNVERIFIED,backtest_v12_engine.py:6694:run_simulation_tradier imports and runs tradier_manage,GAP_NO_CAUSAL_CONSUMER,,CAUSAL_CONSUMER_SEMANTICS_UNVERIFIED,tradier_manage.py:7421:process_position:_cfg;tradier_manage.py:7423:process_position:_cfg_auto,,no reviewed exact vector/live semantic contract; no field-specific causal read in backtest_v12_engine (generic override propagation excluded); no causal EZ crypto consumer
BB_PULLBACK_GATE_LONG_MAX,4464,UNIQUE_QUICKCONFIG_FIELD_WITH_NON_SYNTHETIC_VECTOR_READ,BOTH_OR_UNRESOLVED,CONNECTED_CAUSAL_READ_SEMANTICS_UNVERIFIED,v12_quick_engine.py:6666:_exact_entry_contract_masks:getattr,CAUSAL_PATH_SEMANTICS_UNVERIFIED,backtest_v12_engine.py:6694:run_simulation_tradier imports and runs tradier_manage,GAP_NO_CAUSAL_CONSUMER,,CAUSAL_CONSUMER_SEMANTICS_UNVERIFIED,tradier_manage.py:7431:process_position:_cfg;tradier_manage.py:7433:process_position:_cfg_auto,,no reviewed exact vector/live semantic contract; no field-specific causal read in backtest_v12_engine (generic override propagation excluded); no causal EZ crypto consumer
BB_PULLBACK_GATE_SHORT_MIN,4465,UNIQUE_QUICKCONFIG_FIELD_WITH_NON_SYNTHETIC_VECTOR_READ,BOTH_OR_UNRESOLVED,CONNECTED_CAUSAL_READ_SEMANTICS_UNVERIFIED,v12_quick_engine.py:6668:_exact_entry_contract_masks:getattr,CAUSAL_PATH_SEMANTICS_UNVERIFIED,backtest_v12_engine.py:6694:run_simulation_tradier imports and runs tradier_manage,GAP_NO_CAUSAL_CONSUMER,,CAUSAL_CONSUMER_SEMANTICS_UNVERIFIED,tradier_manage.py:7436:process_position:_cfg;tradier_manage.py:7438:process_position:_cfg_auto,,no reviewed exact vector/live semantic contract; no field-specific causal read in backtest_v12_engine (generic override propagation excluded); no causal EZ crypto consumer
BB_PULLBACK_GATE_TF,3629,UNIQUE_QUICKCONFIG_FIELD_WITH_NON_SYNTHETIC_VECTOR_READ,BOTH_OR_UNRESOLVED,CONNECTED_CAUSAL_READ_SEMANTICS_UNVERIFIED,v12_quick_engine.py:6664:_exact_entry_contract_masks:attribute,CAUSAL_PATH_SEMANTICS_UNVERIFIED,backtest_v12_engine.py:6694:run_simulation_tradier imports and runs tradier_manage,GAP_NO_CAUSAL_CONSUMER,,CAUSAL_CONSUMER_SEMANTICS_UNVERIFIED,tradier_manage.py:7426:process_position:_cfg;tradier_manage.py:7428:process_position:_cfg_auto;tradier_manage.py:7448:process_position:attribute,,no reviewed exact vector/live semantic contract; no field-specific causal read in backtest_v12_engine (generic override propagation excluded); no causal EZ crypto consumer
BB_RECOVERY_EXIT_ENABLED_TRADIER,4302,UNIQUE_QUICKCONFIG_FIELD_WITH_NON_SYNTHETIC_VECTOR_READ,TRADIER_ONLY_EXPLICIT_NAME,CONNECTED_CAUSAL_READ_SEMANTICS_UNVERIFIED,v12_quick_engine.py:7565:compute_exit_signals:getattr,CAUSAL_PATH_SEMANTICS_UNVERIFIED,backtest_v12_engine.py:6694:run_simulation_tradier imports and runs tradier_manage,N_A_EXPLICIT_TRADIER_FIELD,,CAUSAL_CONSUMER_SEMANTICS_UNVERIFIED,tradier_manage.py:19001:execute_now:_cfg_auto,,no reviewed exact vector/live semantic contract; no field-specific causal read in backtest_v12_engine (generic override propagation excluded)
BB_RSI_STOCH_BB_MAX,4466,UNIQUE_QUICKCONFIG_FIELD_WITH_NON_SYNTHETIC_VECTOR_READ,BOTH_OR_UNRESOLVED,CONNECTED_EXACT_REVIEWED,v12_quick_engine.py:5658:compute_reentry_blocks:attribute;v12_quick_engine.py:5664:compute_reentry_blocks:attribute,EXACT_LIVE_DELEGATED_OR_DIRECT_PATH,backtest_v12_engine.py:6694:run_simulation_tradier imports and runs tradier_manage,GAP_NO_CAUSAL_CONSUMER,,EXACT_CAUSAL_CONSUMER,tradier_manage.py:1045:_v12_additive_entry_claim:resolver;tradier_manage.py:7288:process_position:_cfg_auto,side-mirrored Bollinger percent-B threshold,no causal EZ crypto consumer; backtest reaches reviewed live consumer by delegation rather than a duplicate predicate
BB_RSI_STOCH_K_MAX,4467,UNIQUE_QUICKCONFIG_FIELD_WITH_NON_SYNTHETIC_VECTOR_READ,BOTH_OR_UNRESOLVED,CONNECTED_EXACT_REVIEWED,v12_quick_engine.py:5660:compute_reentry_blocks:attribute;v12_quick_engine.py:5666:compute_reentry_blocks:attribute,EXACT_LIVE_DELEGATED_OR_DIRECT_PATH,backtest_v12_engine.py:6694:run_simulation_tradier imports and runs tradier_manage,GAP_NO_CAUSAL_CONSUMER,,EXACT_CAUSAL_CONSUMER,tradier_manage.py:1047:_v12_additive_entry_claim:resolver;tradier_manage.py:7290:process_position:_cfg_auto,side-mirrored stochastic threshold,no causal EZ crypto consumer; backtest reaches reviewed live consumer by delegation rather than a duplicate predicate
BB_RSI_STOCH_RSI_MAX,4468,UNIQUE_QUICKCONFIG_FIELD_WITH_NON_SYNTHETIC_VECTOR_READ,BOTH_OR_UNRESOLVED,CONNECTED_EXACT_REVIEWED,v12_quick_engine.py:5659:compute_reentry_blocks:attribute;v12_quick_engine.py:5665:compute_reentry_blocks:attribute,EXACT_LIVE_DELEGATED_OR_DIRECT_PATH,backtest_v12_engine.py:6694:run_simulation_tradier imports and runs tradier_manage,GAP_NO_CAUSAL_CONSUMER,,EXACT_CAUSAL_CONSUMER,tradier_manage.py:1046:_v12_additive_entry_claim:resolver;tradier_manage.py:7289:process_position:_cfg_auto,side-mirrored RSI threshold,no causal EZ crypto consumer; backtest reaches reviewed live consumer by delegation rather than a duplicate predicate
BB_RSI_STOCH_SCALP_ENABLED,4287,UNIQUE_QUICKCONFIG_FIELD_WITH_NON_SYNTHETIC_VECTOR_READ,BOTH_OR_UNRESOLVED,CONNECTED_EXACT_REVIEWED,v12_quick_engine.py:5651:compute_reentry_blocks:attribute,EXACT_LIVE_DELEGATED_OR_DIRECT_PATH,backtest_v12_engine.py:5438:ez_manage.process_position;backtest_v12_engine.py:5897:ez_positions_quick.check_entry_candidates_for_account;backtest_v12_engine.py:6694:run_simulation_tradier imports and runs tradier_manage,EXACT_CAUSAL_CONSUMER,ez_positions_quick.py:4323:rate:getattr,EXACT_CAUSAL_CONSUMER,tradier_manage.py:1040:_v12_additive_entry_claim:resolver;tradier_manage.py:7286:process_position:_cfg_auto,parent gate for the BB/RSI/stochastic additive entry score,backtest reaches reviewed live consumer by delegation rather than a duplicate predicate
BB_RSI_STOCH_SCALP_SCORE,4288,UNIQUE_QUICKCONFIG_FIELD_WITH_NON_SYNTHETIC_VECTOR_READ,BOTH_OR_UNRESOLVED,CONNECTED_EXACT_REVIEWED,v12_quick_engine.py:6338:_combine_entry_blocks:attribute,EXACT_LIVE_DELEGATED_OR_DIRECT_PATH,backtest_v12_engine.py:5438:ez_manage.process_position;backtest_v12_engine.py:5897:ez_positions_quick.check_entry_candidates_for_account;backtest_v12_engine.py:6694:run_simulation_tradier imports and runs tradier_manage,EXACT_CAUSAL_CONSUMER,ez_positions_quick.py:4328:rate:getattr;ez_positions_quick.py:4330:rate:getattr,EXACT_CAUSAL_CONSUMER,tradier_manage.py:1054:_v12_additive_entry_claim:resolver;tradier_manage.py:7297:process_position:_cfg_auto,score added only when all three selected-TF scalp predicates qualify,backtest reaches reviewed live consumer by delegation rather than a duplicate predicate
BB_RSI_STOCH_SCALP_TF,4289,UNIQUE_QUICKCONFIG_FIELD_WITH_NON_SYNTHETIC_VECTOR_READ,BOTH_OR_UNRESOLVED,CONNECTED_EXACT_REVIEWED,v12_quick_engine.py:5652:compute_reentry_blocks:attribute,EXACT_LIVE_DELEGATED_OR_DIRECT_PATH,backtest_v12_engine.py:6694:run_simulation_tradier imports and runs tradier_manage,GAP_NO_CAUSAL_CONSUMER,,EXACT_CAUSAL_CONSUMER,tradier_manage.py:1041:_v12_additive_entry_claim:resolver;tradier_manage.py:7287:process_position:_cfg_auto,native timeframe for all BB/RSI/stochastic scalp inputs,no causal EZ crypto consumer; backtest reaches reviewed live consumer by delegation rather than a duplicate predicate
BB_SQUEEZE_ENABLED,4280,UNIQUE_QUICKCONFIG_FIELD_WITH_NON_SYNTHETIC_VECTOR_READ,BOTH_OR_UNRESOLVED,CONNECTED_CAUSAL_READ_SEMANTICS_UNVERIFIED,v12_quick_engine.py:6016:compute_reentry_blocks:getattr,CAUSAL_PATH_SEMANTICS_UNVERIFIED,backtest_v12_engine.py:5438:ez_manage.process_position;backtest_v12_engine.py:5897:ez_positions_quick.check_entry_candidates_for_account,CAUSAL_CONSUMER_SEMANTICS_UNVERIFIED,ez_positions_quick.py:11690:detect_bb_squeeze_breakout:getattr;ez_positions_quick.py:15910:worker:getattr,GAP_NO_CAUSAL_CONSUMER,,,no reviewed exact vector/live semantic contract; no field-specific causal read in backtest_v12_engine (generic override propagation excluded); no causal Tradier consumer
BB_SQUEEZE_ENTRY_ENABLED,4073,UNIQUE_QUICKCONFIG_FIELD_WITH_NON_SYNTHETIC_VECTOR_READ,BOTH_OR_UNRESOLVED,CONNECTED_CAUSAL_READ_SEMANTICS_UNVERIFIED,v12_quick_engine.py:6009:compute_reentry_blocks:getattr,GAP_NO_CAUSAL_CONSUMER,,GAP_NO_CAUSAL_CONSUMER,,GAP_NO_CAUSAL_CONSUMER,,,no reviewed exact vector/live semantic contract; no field-specific causal read in backtest_v12_engine (generic override propagation excluded); no causal EZ crypto consumer; no causal Tradier consumer
BOUNCE_AUGMENT_DC_LOW_D_TOLERANCE,4295,UNIQUE_QUICKCONFIG_FIELD_WITH_NON_SYNTHETIC_VECTOR_READ,BOTH_OR_UNRESOLVED,CONNECTED_CAUSAL_READ_SEMANTICS_UNVERIFIED,v12_quick_engine.py:7819:compute_augment_signals:getattr,CAUSAL_PATH_SEMANTICS_UNVERIFIED,backtest_v12_engine.py:5438:ez_manage.process_position;backtest_v12_engine.py:5897:ez_positions_quick.check_entry_candidates_for_account,CAUSAL_CONSUMER_SEMANTICS_UNVERIFIED,ez_positions_quick.py:14024:process_single_exit:getattr,GAP_NO_CAUSAL_CONSUMER,,,no reviewed exact vector/live semantic contract; no field-specific causal read in backtest_v12_engine (generic override propagation excluded); no causal Tradier consumer
BOUNCE_AUGMENT_ENABLED,4292,UNIQUE_QUICKCONFIG_FIELD_WITH_NON_SYNTHETIC_VECTOR_READ,BOTH_OR_UNRESOLVED,CONNECTED_CAUSAL_READ_SEMANTICS_UNVERIFIED,v12_quick_engine.py:7817:compute_augment_signals:getattr,CAUSAL_PATH_SEMANTICS_UNVERIFIED,backtest_v12_engine.py:5438:ez_manage.process_position;backtest_v12_engine.py:5897:ez_positions_quick.check_entry_candidates_for_account,CAUSAL_CONSUMER_SEMANTICS_UNVERIFIED,ez_positions_quick.py:14016:process_single_exit:getattr,GAP_NO_CAUSAL_CONSUMER,,,no reviewed exact vector/live semantic contract; no field-specific causal read in backtest_v12_engine (generic override propagation excluded); no causal Tradier consumer
BOUNCE_AUGMENT_K_D_CROSSING_UP,4293,UNIQUE_QUICKCONFIG_FIELD_WITH_NON_SYNTHETIC_VECTOR_READ,BOTH_OR_UNRESOLVED,CONNECTED_CAUSAL_READ_SEMANTICS_UNVERIFIED,v12_quick_engine.py:7817:compute_augment_signals:getattr,CAUSAL_PATH_SEMANTICS_UNVERIFIED,backtest_v12_engine.py:5438:ez_manage.process_position;backtest_v12_engine.py:5897:ez_positions_quick.check_entry_candidates_for_account,CAUSAL_CONSUMER_SEMANTICS_UNVERIFIED,ez_positions_quick.py:14027:process_single_exit:getattr,GAP_NO_CAUSAL_CONSUMER,,,no reviewed exact vector/live semantic contract; no field-specific causal read in backtest_v12_engine (generic override propagation excluded); no causal Tradier consumer
BOUNCE_AUGMENT_K_D_THRESHOLD,4294,UNIQUE_QUICKCONFIG_FIELD_WITH_NON_SYNTHETIC_VECTOR_READ,BOTH_OR_UNRESOLVED,CONNECTED_CAUSAL_READ_SEMANTICS_UNVERIFIED,v12_quick_engine.py:7818:compute_augment_signals:getattr,CAUSAL_PATH_SEMANTICS_UNVERIFIED,backtest_v12_engine.py:5438:ez_manage.process_position;backtest_v12_engine.py:5897:ez_positions_quick.check_entry_candidates_for_account,CAUSAL_CONSUMER_SEMANTICS_UNVERIFIED,ez_positions_quick.py:14023:process_single_exit:getattr,GAP_NO_CAUSAL_CONSUMER,,,no reviewed exact vector/live semantic contract; no field-specific causal read in backtest_v12_engine (generic override propagation excluded); no causal Tradier consumer
BOUNCE_AUGMENT_MIN_LOSS_PCT,4296,UNIQUE_QUICKCONFIG_FIELD_WITH_NON_SYNTHETIC_VECTOR_READ,BOTH_OR_UNRESOLVED,CONNECTED_CAUSAL_READ_SEMANTICS_UNVERIFIED,v12_quick_engine.py:7846:_augment_allowed:getattr,CAUSAL_PATH_SEMANTICS_UNVERIFIED,backtest_v12_engine.py:5438:ez_manage.process_position;backtest_v12_engine.py:5897:ez_positions_quick.check_entry_candidates_for_account,CAUSAL_CONSUMER_SEMANTICS_UNVERIFIED,ez_positions_quick.py:14018:process_single_exit:getattr,GAP_NO_CAUSAL_CONSUMER,,,no reviewed exact vector/live semantic contract; no field-specific causal read in backtest_v12_engine (generic override propagation excluded); no causal Tradier consumer
BOUNCE_REENTRY_ENABLED,3798,UNIQUE_QUICKCONFIG_FIELD_WITH_NON_SYNTHETIC_VECTOR_READ,BOTH_OR_UNRESOLVED,CONNECTED_CAUSAL_READ_SEMANTICS_UNVERIFIED,v12_quick_engine.py:13999:simulate_one:attribute,CAUSAL_PATH_SEMANTICS_UNVERIFIED,backtest_v12_engine.py:5438:ez_manage.process_position;backtest_v12_engine.py:5897:ez_positions_quick.check_entry_candidates_for_account,CAUSAL_CONSUMER_SEMANTICS_UNVERIFIED,ez_positions_quick.py:3100:rate:getattr,GAP_NO_CAUSAL_CONSUMER,,,no reviewed exact vector/live semantic contract; no field-specific causal read in backtest_v12_engine (generic override propagation excluded); no causal Tradier consumer
BTC_TECH_EXIT_WT_MIN_TFS,3536,UNIQUE_QUICKCONFIG_FIELD_WITH_NON_SYNTHETIC_VECTOR_READ,BOTH_OR_UNRESOLVED,CONNECTED_CAUSAL_READ_SEMANTICS_UNVERIFIED,v12_quick_engine.py:7400:_wt_technical_exit_masks:attribute,CAUSAL_PATH_SEMANTICS_UNVERIFIED,backtest_v12_engine.py:5438:ez_manage.process_position;backtest_v12_engine.py:5897:ez_positions_quick.check_entry_candidates_for_account,CAUSAL_CONSUMER_SEMANTICS_UNVERIFIED,ez_positions_quick.py:2039:_btc_dedicated_exit_decision:getattr,GAP_NO_CAUSAL_CONSUMER,,,no reviewed exact vector/live semantic contract; no field-specific causal read in backtest_v12_engine (generic override propagation excluded); no causal Tradier consumer
CHOP_RANGING_THRESHOLD,4076,UNIQUE_QUICKCONFIG_FIELD_WITH_NON_SYNTHETIC_VECTOR_READ,BOTH_OR_UNRESOLVED,CONNECTED_CAUSAL_READ_SEMANTICS_UNVERIFIED,v12_quick_engine.py:6878:compute_entry_signals:getattr,GAP_NO_CAUSAL_CONSUMER,,GAP_NO_CAUSAL_CONSUMER,,GAP_NO_CAUSAL_CONSUMER,,,no reviewed exact vector/live semantic contract; no field-specific causal read in backtest_v12_engine (generic override propagation excluded); no causal EZ crypto consumer; no causal Tradier consumer
CHOP_TRENDING_THRESHOLD,4077,UNIQUE_QUICKCONFIG_FIELD_WITH_NON_SYNTHETIC_VECTOR_READ,BOTH_OR_UNRESOLVED,CONNECTED_CAUSAL_READ_SEMANTICS_UNVERIFIED,v12_quick_engine.py:6877:compute_entry_signals:getattr,GAP_NO_CAUSAL_CONSUMER,,GAP_NO_CAUSAL_CONSUMER,,GAP_NO_CAUSAL_CONSUMER,,,no reviewed exact vector/live semantic contract; no field-specific causal read in backtest_v12_engine (generic override propagation excluded); no causal EZ crypto consumer; no causal Tradier consumer
CLENOW_ENABLED,4494,UNIQUE_QUICKCONFIG_FIELD_WITH_NON_SYNTHETIC_VECTOR_READ,BOTH_OR_UNRESOLVED,CONNECTED_CAUSAL_READ_SEMANTICS_UNVERIFIED,v12_quick_engine.py:7090:compute_entry_signals:getattr,CAUSAL_PATH_SEMANTICS_UNVERIFIED,backtest_v12_engine.py:9645:run_simulation_tradier:getattr;backtest_v12_engine.py:6694:run_simulation_tradier imports and runs tradier_manage,GAP_NO_CAUSAL_CONSUMER,,CAUSAL_CONSUMER_SEMANTICS_UNVERIFIED,tradier_manage.py:22954:evaluate_clenow_entry:_cfg_auto,,no reviewed exact vector/live semantic contract; no causal EZ crypto consumer
CLENOW_GATE_ENABLED,4495,UNIQUE_QUICKCONFIG_FIELD_WITH_NON_SYNTHETIC_VECTOR_READ,BOTH_OR_UNRESOLVED,CONNECTED_CAUSAL_READ_SEMANTICS_UNVERIFIED,v12_quick_engine.py:7098:compute_entry_signals:getattr;v12_quick_engine.py:7108:compute_entry_signals:getattr,GAP_NO_CAUSAL_CONSUMER,,GAP_NO_CAUSAL_CONSUMER,,GAP_NO_CAUSAL_CONSUMER,,,no reviewed exact vector/live semantic contract; no field-specific causal read in backtest_v12_engine (generic override propagation excluded); no causal EZ crypto consumer; no causal Tradier consumer
CLENOW_GATE_MIN_SCORE,4496,UNIQUE_QUICKCONFIG_FIELD_WITH_NON_SYNTHETIC_VECTOR_READ,BOTH_OR_UNRESOLVED,CONNECTED_CAUSAL_READ_SEMANTICS_UNVERIFIED,v12_quick_engine.py:7101:compute_entry_signals:getattr,GAP_NO_CAUSAL_CONSUMER,,GAP_NO_CAUSAL_CONSUMER,,GAP_NO_CAUSAL_CONSUMER,,,no reviewed exact vector/live semantic contract; no field-specific causal read in backtest_v12_engine (generic override propagation excluded); no causal EZ crypto consumer; no causal Tradier consumer
COMBINED_STOCH_GATE_TRADIER,4501,UNIQUE_QUICKCONFIG_FIELD_WITH_NON_SYNTHETIC_VECTOR_READ,TRADIER_ONLY_EXPLICIT_NAME,CONNECTED_CAUSAL_READ_SEMANTICS_UNVERIFIED,v12_quick_engine.py:6988:compute_entry_signals:getattr,CAUSAL_PATH_SEMANTICS_UNVERIFIED,backtest_v12_engine.py:6694:run_simulation_tradier imports and runs tradier_manage,N_A_EXPLICIT_TRADIER_FIELD,,CAUSAL_CONSUMER_SEMANTICS_UNVERIFIED,tradier_manage.py:7374:process_position:_cfg_auto;tradier_manage.py:7923:process_position:_cfg_auto;tradier_manage.py:7925:process_position:_cfg_auto,,no reviewed exact vector/live semantic contract; no field-specific causal read in backtest_v12_engine (generic override propagation excluded)
CONNORS_RSI_ENABLED,4506,UNIQUE_QUICKCONFIG_FIELD_WITH_NON_SYNTHETIC_VECTOR_READ,BOTH_OR_UNRESOLVED,CONNECTED_CAUSAL_READ_SEMANTICS_UNVERIFIED,v12_quick_engine.py:5894:compute_reentry_blocks:getattr,CAUSAL_PATH_SEMANTICS_UNVERIFIED,backtest_v12_engine.py:6694:run_simulation_tradier imports and runs tradier_manage,GAP_NO_CAUSAL_CONSUMER,,CAUSAL_CONSUMER_SEMANTICS_UNVERIFIED,tradier_manage.py:23156:evaluate_connors_rsi_entry:_cfg_auto;tradier_manage.py:7756:process_position:_cfg_auto,,no reviewed exact vector/live semantic contract; no field-specific causal read in backtest_v12_engine (generic override propagation excluded); no causal EZ crypto consumer
CONNORS_RSI_ENTRY_THRESHOLD,4507,UNIQUE_QUICKCONFIG_FIELD_WITH_NON_SYNTHETIC_VECTOR_READ,BOTH_OR_UNRESOLVED,CONNECTED_CAUSAL_READ_SEMANTICS_UNVERIFIED,v12_quick_engine.py:5896:compute_reentry_blocks:getattr,CAUSAL_PATH_SEMANTICS_UNVERIFIED,backtest_v12_engine.py:6694:run_simulation_tradier imports and runs tradier_manage,GAP_NO_CAUSAL_CONSUMER,,CAUSAL_CONSUMER_SEMANTICS_UNVERIFIED,tradier_manage.py:23162:evaluate_connors_rsi_entry:_cfg_auto;tradier_manage.py:7758:process_position:_cfg_auto,,no reviewed exact vector/live semantic contract; no field-specific causal read in backtest_v12_engine (generic override propagation excluded); no causal EZ crypto consumer
COOLDOWN_BARS,3417,UNIQUE_QUICKCONFIG_FIELD_WITH_NON_SYNTHETIC_VECTOR_READ,BOTH_OR_UNRESOLVED,CONNECTED_CAUSAL_READ_SEMANTICS_UNVERIFIED,v12_quick_engine.py:13558:simulate_one:attribute,CAUSAL_PATH_SEMANTICS_UNVERIFIED,backtest_v12_engine.py:6694:run_simulation_tradier imports and runs tradier_manage,GAP_NO_CAUSAL_CONSUMER,,CAUSAL_CONSUMER_SEMANTICS_UNVERIFIED,tradier_manage.py:1115:_v12_lifecycle_context:resolver,,no reviewed exact vector/live semantic contract; no field-specific causal read in backtest_v12_engine (generic override propagation excluded); no causal EZ crypto consumer
COOLDOWN_BARS_TRADIER,4078,UNIQUE_QUICKCONFIG_FIELD_WITH_NON_SYNTHETIC_VECTOR_READ,TRADIER_ONLY_EXPLICIT_NAME,CONNECTED_CAUSAL_READ_SEMANTICS_UNVERIFIED,v12_quick_engine.py:13558:simulate_one:getattr,CAUSAL_PATH_SEMANTICS_UNVERIFIED,backtest_v12_engine.py:6694:run_simulation_tradier imports and runs tradier_manage,N_A_EXPLICIT_TRADIER_FIELD,,CAUSAL_CONSUMER_SEMANTICS_UNVERIFIED,tradier_manage.py:1117:_v12_lifecycle_context:resolver,,no reviewed exact vector/live semantic contract; no field-specific causal read in backtest_v12_engine (generic override propagation excluded)
CRYPTO_ROUND_TRIP_COMMISSION_PCT,3422,UNIQUE_QUICKCONFIG_FIELD_WITH_NON_SYNTHETIC_VECTOR_READ,CRYPTO_ONLY_EXPLICIT_NAME,CONNECTED_CAUSAL_READ_SEMANTICS_UNVERIFIED,v12_quick_engine.py:13571:simulate_one:getattr;v12_quick_engine.py:15626:true_bh_reference:getattr,GAP_NO_CAUSAL_CONSUMER,,GAP_NO_CAUSAL_CONSUMER,,N_A_EXPLICIT_CRYPTO_FIELD,,,no reviewed exact vector/live semantic contract; no field-specific causal read in backtest_v12_engine (generic override propagation excluded); no causal EZ crypto consumer
CT_15M_MOMENTUM_GATE_ENABLED,3427,UNIQUE_QUICKCONFIG_FIELD_WITH_NON_SYNTHETIC_VECTOR_READ,BOTH_OR_UNRESOLVED,CONNECTED_CAUSAL_READ_SEMANTICS_UNVERIFIED,v12_quick_engine.py:6867:compute_entry_signals:getattr,CAUSAL_PATH_SEMANTICS_UNVERIFIED,backtest_v12_engine.py:5438:ez_manage.process_position;backtest_v12_engine.py:5897:ez_positions_quick.check_entry_candidates_for_account,CAUSAL_CONSUMER_SEMANTICS_UNVERIFIED,ez_manage.py:531:check_entry_alignment:getattr,GAP_NO_CAUSAL_CONSUMER,,,no reviewed exact vector/live semantic contract; no field-specific causal read in backtest_v12_engine (generic override propagation excluded); no causal Tradier consumer
CT_CHOP_4H_GATE_ENABLED,3428,UNIQUE_QUICKCONFIG_FIELD_WITH_NON_SYNTHETIC_VECTOR_READ,BOTH_OR_UNRESOLVED,CONNECTED_CAUSAL_READ_SEMANTICS_UNVERIFIED,v12_quick_engine.py:6873:compute_entry_signals:getattr,CAUSAL_PATH_SEMANTICS_UNVERIFIED,backtest_v12_engine.py:5438:ez_manage.process_position;backtest_v12_engine.py:5897:ez_positions_quick.check_entry_candidates_for_account,CAUSAL_CONSUMER_SEMANTICS_UNVERIFIED,ez_manage.py:560:check_entry_alignment:getattr,GAP_NO_CAUSAL_CONSUMER,,,no reviewed exact vector/live semantic contract; no field-specific causal read in backtest_v12_engine (generic override propagation excluded); no causal Tradier consumer
CT_DC_CROSSOVER_SKIP_ENABLED,3426,UNIQUE_QUICKCONFIG_FIELD_WITH_NON_SYNTHETIC_VECTOR_READ,BOTH_OR_UNRESOLVED,CONNECTED_CAUSAL_READ_SEMANTICS_UNVERIFIED,v12_quick_engine.py:6861:compute_entry_signals:attribute,CAUSAL_PATH_SEMANTICS_UNVERIFIED,backtest_v12_engine.py:5438:ez_manage.process_position;backtest_v12_engine.py:5897:ez_positions_quick.check_entry_candidates_for_account,CAUSAL_CONSUMER_SEMANTICS_UNVERIFIED,ez_manage.py:550:check_entry_alignment:getattr,GAP_NO_CAUSAL_CONSUMER,,,no reviewed exact vector/live semantic contract; no field-specific causal read in backtest_v12_engine (generic override propagation excluded); no causal Tradier consumer
CT_REL_VOL_MIN,4082,UNIQUE_QUICKCONFIG_FIELD_WITH_NON_SYNTHETIC_VECTOR_READ,BOTH_OR_UNRESOLVED,CONNECTED_CAUSAL_READ_SEMANTICS_UNVERIFIED,v12_quick_engine.py:6887:compute_entry_signals:getattr,CAUSAL_PATH_SEMANTICS_UNVERIFIED,backtest_v12_engine.py:5438:ez_manage.process_position;backtest_v12_engine.py:5897:ez_positions_quick.check_entry_candidates_for_account,CAUSAL_CONSUMER_SEMANTICS_UNVERIFIED,ez_manage.py:571:check_entry_alignment:getattr,GAP_NO_CAUSAL_CONSUMER,,,no reviewed exact vector/live semantic contract; no field-specific causal read in backtest_v12_engine (generic override propagation excluded); no causal Tradier consumer
CT_VOLUME_SURGE_GATE_ENABLED,3429,UNIQUE_QUICKCONFIG_FIELD_WITH_NON_SYNTHETIC_VECTOR_READ,BOTH_OR_UNRESOLVED,CONNECTED_CAUSAL_READ_SEMANTICS_UNVERIFIED,v12_quick_engine.py:6885:compute_entry_signals:getattr,CAUSAL_PATH_SEMANTICS_UNVERIFIED,backtest_v12_engine.py:5438:ez_manage.process_position;backtest_v12_engine.py:5897:ez_positions_quick.check_entry_candidates_for_account,CAUSAL_CONSUMER_SEMANTICS_UNVERIFIED,ez_manage.py:567:check_entry_alignment:getattr,GAP_NO_CAUSAL_CONSUMER,,,no reviewed exact vector/live semantic contract; no field-specific causal read in backtest_v12_engine (generic override propagation excluded); no causal Tradier consumer
CT_WT_VELOCITY_1H_MIN,3425,UNIQUE_QUICKCONFIG_FIELD_WITH_NON_SYNTHETIC_VECTOR_READ,BOTH_OR_UNRESOLVED,CONNECTED_CAUSAL_READ_SEMANTICS_UNVERIFIED,v12_quick_engine.py:6858:compute_entry_signals:attribute,CAUSAL_PATH_SEMANTICS_UNVERIFIED,backtest_v12_engine.py:5438:ez_manage.process_position;backtest_v12_engine.py:5897:ez_positions_quick.check_entry_candidates_for_account;backtest_v12_engine.py:6694:run_simulation_tradier imports and runs tradier_manage,CAUSAL_CONSUMER_SEMANTICS_UNVERIFIED,ez_manage.py:525:check_entry_alignment:getattr,CAUSAL_CONSUMER_SEMANTICS_UNVERIFIED,tradier_manage.py:11005:calculate_signal_score:_cfg_auto,,no reviewed exact vector/live semantic contract; no field-specific causal read in backtest_v12_engine (generic override propagation excluded)
CT_WT_VELOCITY_GATE_ENABLED,3424,UNIQUE_QUICKCONFIG_FIELD_WITH_NON_SYNTHETIC_VECTOR_READ,BOTH_OR_UNRESOLVED,CONNECTED_CAUSAL_READ_SEMANTICS_UNVERIFIED,v12_quick_engine.py:6857:compute_entry_signals:attribute,CAUSAL_PATH_SEMANTICS_UNVERIFIED,backtest_v12_engine.py:5438:ez_manage.process_position;backtest_v12_engine.py:5897:ez_positions_quick.check_entry_candidates_for_account;backtest_v12_engine.py:6694:run_simulation_tradier imports and runs tradier_manage,CAUSAL_CONSUMER_SEMANTICS_UNVERIFIED,ez_manage.py:522:check_entry_alignment:getattr,CAUSAL_CONSUMER_SEMANTICS_UNVERIFIED,tradier_manage.py:11004:calculate_signal_score:_cfg_auto,,no reviewed exact vector/live semantic contract; no field-specific causal read in backtest_v12_engine (generic override propagation excluded)
CYCLE_TP_TIERED_ENABLED,4087,UNIQUE_QUICKCONFIG_FIELD_WITH_NON_SYNTHETIC_VECTOR_READ,BOTH_OR_UNRESOLVED,CONNECTED_CAUSAL_READ_SEMANTICS_UNVERIFIED,v12_quick_engine.py:7588:compute_exit_signals:getattr,CAUSAL_PATH_SEMANTICS_UNVERIFIED,backtest_v12_engine.py:5438:ez_manage.process_position;backtest_v12_engine.py:5897:ez_positions_quick.check_entry_candidates_for_account,CAUSAL_CONSUMER_SEMANTICS_UNVERIFIED,ez_manage.py:44685:process_position:getattr,GAP_NO_CAUSAL_CONSUMER,,,no reviewed exact vector/live semantic contract; no field-specific causal read in backtest_v12_engine (generic override propagation excluded); no causal Tradier consumer
DAEMON_REENTRY_SHORT_WT_XUNDER_GATE_ENABLED,3832,UNIQUE_QUICKCONFIG_FIELD_WITH_NON_SYNTHETIC_VECTOR_READ,BOTH_OR_UNRESOLVED,CONNECTED_CAUSAL_READ_SEMANTICS_UNVERIFIED,v12_quick_engine.py:13955:simulate_one:attribute,CAUSAL_PATH_SEMANTICS_UNVERIFIED,backtest_v12_engine.py:5438:ez_manage.process_position;backtest_v12_engine.py:5897:ez_positions_quick.check_entry_candidates_for_account,CAUSAL_CONSUMER_SEMANTICS_UNVERIFIED,ez_manage.py:49093:_reentry_queue_consumer_loop:getattr,GAP_NO_CAUSAL_CONSUMER,,,no reviewed exact vector/live semantic contract; no field-specific causal read in backtest_v12_engine (generic override propagation excluded); no causal Tradier consumer
DC_BREAKOUT_ENTRY_ENABLED,5220,UNIQUE_QUICKCONFIG_FIELD_WITH_NON_SYNTHETIC_VECTOR_READ,BOTH_OR_UNRESOLVED,CONNECTED_CAUSAL_READ_SEMANTICS_UNVERIFIED,v12_quick_engine.py:5685:compute_reentry_blocks:attribute,CAUSAL_PATH_SEMANTICS_UNVERIFIED,backtest_v12_engine.py:5438:ez_manage.process_position;backtest_v12_engine.py:5897:ez_positions_quick.check_entry_candidates_for_account,CAUSAL_CONSUMER_SEMANTICS_UNVERIFIED,ez_positions_quick.py:4405:rate:getattr,GAP_NO_CAUSAL_CONSUMER,,,no reviewed exact vector/live semantic contract; no field-specific causal read in backtest_v12_engine (generic override propagation excluded); no causal Tradier consumer
DC_BREAKOUT_SCORE,5222,UNIQUE_QUICKCONFIG_FIELD_WITH_NON_SYNTHETIC_VECTOR_READ,BOTH_OR_UNRESOLVED,CONNECTED_CAUSAL_READ_SEMANTICS_UNVERIFIED,v12_quick_engine.py:6342:_combine_entry_blocks:attribute,CAUSAL_PATH_SEMANTICS_UNVERIFIED,backtest_v12_engine.py:5438:ez_manage.process_position;backtest_v12_engine.py:5897:ez_positions_quick.check_entry_candidates_for_account,CAUSAL_CONSUMER_SEMANTICS_UNVERIFIED,ez_positions_quick.py:4412:rate:getattr;ez_positions_quick.py:4414:rate:getattr,GAP_NO_CAUSAL_CONSUMER,,,no reviewed exact vector/live semantic contract; no field-specific causal read in backtest_v12_engine (generic override propagation excluded); no causal Tradier consumer
DC_BREAKOUT_TF,5221,UNIQUE_QUICKCONFIG_FIELD_WITH_NON_SYNTHETIC_VECTOR_READ,BOTH_OR_UNRESOLVED,CONNECTED_CAUSAL_READ_SEMANTICS_UNVERIFIED,v12_quick_engine.py:5686:compute_reentry_blocks:attribute,CAUSAL_PATH_SEMANTICS_UNVERIFIED,backtest_v12_engine.py:5438:ez_manage.process_position;backtest_v12_engine.py:5897:ez_positions_quick.check_entry_candidates_for_account,CAUSAL_CONSUMER_SEMANTICS_UNVERIFIED,ez_positions_quick.py:4406:rate:getattr,GAP_NO_CAUSAL_CONSUMER,,,no reviewed exact vector/live semantic contract; no field-specific causal read in backtest_v12_engine (generic override propagation excluded); no causal Tradier consumer
DC_DAYTRADE_ENABLED,3511,UNIQUE_QUICKCONFIG_FIELD_WITH_NON_SYNTHETIC_VECTOR_READ,BOTH_OR_UNRESOLVED,CONNECTED_CAUSAL_READ_SEMANTICS_UNVERIFIED,v12_quick_engine.py:13564:simulate_one:getattr;v12_quick_engine.py:6035:compute_reentry_blocks:getattr,CAUSAL_PATH_SEMANTICS_UNVERIFIED,backtest_v12_engine.py:6694:run_simulation_tradier imports and runs tradier_manage,GAP_NO_CAUSAL_CONSUMER,,CAUSAL_CONSUMER_SEMANTICS_UNVERIFIED,tradier_manage.py:24981:run_loop:_cfg_auto,,no reviewed exact vector/live semantic contract; no field-specific causal read in backtest_v12_engine (generic override propagation excluded); no causal EZ crypto consumer
DC_EDGE_SIZING_ENABLED,4089,UNIQUE_QUICKCONFIG_FIELD_WITH_NON_SYNTHETIC_VECTOR_READ,BOTH_OR_UNRESOLVED,CONNECTED_CAUSAL_READ_SEMANTICS_UNVERIFIED,v12_quick_engine.py:7949:compute_regime_sizing_mult:getattr,GAP_NO_CAUSAL_CONSUMER,,GAP_NO_CAUSAL_CONSUMER,,GAP_NO_CAUSAL_CONSUMER,,,no reviewed exact vector/live semantic contract; no field-specific causal read in backtest_v12_engine (generic override propagation excluded); no causal EZ crypto consumer; no causal Tradier consumer
DC_EDGE_SIZING_MAX_MULT,4090,UNIQUE_QUICKCONFIG_FIELD_WITH_NON_SYNTHETIC_VECTOR_READ,BOTH_OR_UNRESOLVED,CONNECTED_CAUSAL_READ_SEMANTICS_UNVERIFIED,v12_quick_engine.py:7952:compute_regime_sizing_mult:getattr,GAP_NO_CAUSAL_CONSUMER,,GAP_NO_CAUSAL_CONSUMER,,GAP_NO_CAUSAL_CONSUMER,,,no reviewed exact vector/live semantic contract; no field-specific causal read in backtest_v12_engine (generic override propagation excluded); no causal EZ crypto consumer; no causal Tradier consumer
DC_EDGE_SIZING_MIN_MULT,4091,UNIQUE_QUICKCONFIG_FIELD_WITH_NON_SYNTHETIC_VECTOR_READ,BOTH_OR_UNRESOLVED,CONNECTED_CAUSAL_READ_SEMANTICS_UNVERIFIED,v12_quick_engine.py:7952:compute_regime_sizing_mult:getattr,GAP_NO_CAUSAL_CONSUMER,,GAP_NO_CAUSAL_CONSUMER,,GAP_NO_CAUSAL_CONSUMER,,,no reviewed exact vector/live semantic contract; no field-specific causal read in backtest_v12_engine (generic override propagation excluded); no causal EZ crypto consumer; no causal Tradier consumer
DC_POSITION_ENTRY_THRESHOLD,3512,UNIQUE_QUICKCONFIG_FIELD_WITH_NON_SYNTHETIC_VECTOR_READ,BOTH_OR_UNRESOLVED,CONNECTED_CAUSAL_READ_SEMANTICS_UNVERIFIED,v12_quick_engine.py:6037:compute_reentry_blocks:getattr;v12_quick_engine.py:6536:_tradier_signal_score_family:getattr,CAUSAL_PATH_SEMANTICS_UNVERIFIED,backtest_v12_engine.py:6694:run_simulation_tradier imports and runs tradier_manage,GAP_NO_CAUSAL_CONSUMER,,CAUSAL_CONSUMER_SEMANTICS_UNVERIFIED,tradier_manage.py:11173:calculate_signal_score:getattr;tradier_manage.py:7896:process_position:_cfg_auto,,no reviewed exact vector/live semantic contract; no field-specific causal read in backtest_v12_engine (generic override propagation excluded); no causal EZ crypto consumer
DC_RECOVERY_EXIT_ENABLED,3419,UNIQUE_QUICKCONFIG_FIELD_WITH_NON_SYNTHETIC_VECTOR_READ,BOTH_OR_UNRESOLVED,CONNECTED_CAUSAL_READ_SEMANTICS_UNVERIFIED,v12_quick_engine.py:13621:simulate_one:getattr,CAUSAL_PATH_SEMANTICS_UNVERIFIED,backtest_v12_engine.py:5438:ez_manage.process_position;backtest_v12_engine.py:5897:ez_positions_quick.check_entry_candidates_for_account,CAUSAL_CONSUMER_SEMANTICS_UNVERIFIED,ez_manage.py:26319:execute_now:getattr,GAP_NO_CAUSAL_CONSUMER,,,no reviewed exact vector/live semantic contract; no field-specific causal read in backtest_v12_engine (generic override propagation excluded); no causal Tradier consumer
DC_RECOVERY_EXIT_TOLERANCE_PCT,3420,UNIQUE_QUICKCONFIG_FIELD_WITH_NON_SYNTHETIC_VECTOR_READ,BOTH_OR_UNRESOLVED,CONNECTED_CAUSAL_READ_SEMANTICS_UNVERIFIED,v12_quick_engine.py:13622:simulate_one:getattr,CAUSAL_PATH_SEMANTICS_UNVERIFIED,backtest_v12_engine.py:5438:ez_manage.process_position;backtest_v12_engine.py:5897:ez_positions_quick.check_entry_candidates_for_account,CAUSAL_CONSUMER_SEMANTICS_UNVERIFIED,ez_manage.py:26343:execute_now:getattr,GAP_NO_CAUSAL_CONSUMER,,,no reviewed exact vector/live semantic contract; no field-specific causal read in backtest_v12_engine (generic override propagation excluded); no causal Tradier consumer
DELTA_ATR_ENTRY_FILTER,4543,UNIQUE_QUICKCONFIG_FIELD_WITH_NON_SYNTHETIC_VECTOR_READ,BOTH_OR_UNRESOLVED,CONNECTED_CAUSAL_READ_SEMANTICS_UNVERIFIED,v12_quick_engine.py:6091:compute_reentry_blocks:getattr;v12_quick_engine.py:6107:compute_reentry_blocks:getattr,CAUSAL_PATH_SEMANTICS_UNVERIFIED,backtest_v12_engine.py:6694:run_simulation_tradier imports and runs tradier_manage,GAP_NO_CAUSAL_CONSUMER,,CAUSAL_CONSUMER_SEMANTICS_UNVERIFIED,tradier_manage.py:6986:process_position:_cfg_auto,,no reviewed exact vector/live semantic contract; no field-specific causal read in backtest_v12_engine (generic override propagation excluded); no causal EZ crypto consumer
DELTA_ENGINE_ENABLED,3430,UNIQUE_QUICKCONFIG_FIELD_WITH_NON_SYNTHETIC_VECTOR_READ,BOTH_OR_UNRESOLVED,CONNECTED_CAUSAL_READ_SEMANTICS_UNVERIFIED,v12_quick_engine.py:13563:simulate_one:getattr;v12_quick_engine.py:13963:simulate_one:getattr;v12_quick_engine.py:6073:compute_reentry_blocks:getattr,CAUSAL_PATH_SEMANTICS_UNVERIFIED,backtest_v12_engine.py:4039:run_simulation:getattr;backtest_v12_engine.py:6848:run_simulation_tradier:getattr;backtest_v12_engine.py:5438:ez_manage.process_position;backtest_v12_engine.py:5897:ez_positions_quick.check_entry_candidates_for_account;backtest_v12_engine.py:6694:run_simulation_tradier imports and runs tradier_manage,CAUSAL_CONSUMER_SEMANTICS_UNVERIFIED,ez_manage.py:304:check_reentry_delta_tolerant:getattr;ez_manage.py:44993:process_position:getattr;ez_manage.py:7695:__init__:getattr;ez_manage.py:7740:__init__:getattr;ez_positions_quick.py:15469:worker:getattr;ez_positions_quick.py:15672:worker:attribute;ez_positions_quick.py:2376:rate:getattr;ez_positions_quick.py:4434:rate:getattr;ez_positions_quick.py:8028:__init__:attribute,CAUSAL_CONSUMER_SEMANTICS_UNVERIFIED,tradier_manage.py:13437:evaluate_stop:attribute;tradier_manage.py:15452:evaluate_reentry:attribute;tradier_manage.py:16009:__init__:attribute;tradier_manage.py:19925:would_exit_trigger_now:attribute;tradier_manage.py:6954:process_position:attribute,,no reviewed exact vector/live semantic contract
DELTA_ENTRY_ACCEL_THRESHOLD,4544,UNIQUE_QUICKCONFIG_FIELD_WITH_NON_SYNTHETIC_VECTOR_READ,BOTH_OR_UNRESOLVED,CONNECTED_CAUSAL_READ_SEMANTICS_UNVERIFIED,v12_quick_engine.py:6078:compute_reentry_blocks:getattr,CAUSAL_PATH_SEMANTICS_UNVERIFIED,backtest_v12_engine.py:5438:ez_manage.process_position;backtest_v12_engine.py:5897:ez_positions_quick.check_entry_candidates_for_account;backtest_v12_engine.py:6694:run_simulation_tradier imports and runs tradier_manage,CAUSAL_CONSUMER_SEMANTICS_UNVERIFIED,ez_manage.py:7709:__init__:getattr,CAUSAL_CONSUMER_SEMANTICS_UNVERIFIED,tradier_manage.py:15982:__init__:attribute,,no reviewed exact vector/live semantic contract; no field-specific causal read in backtest_v12_engine (generic override propagation excluded)
DELTA_ENTRY_ENABLED,3431,UNIQUE_QUICKCONFIG_FIELD_WITH_NON_SYNTHETIC_VECTOR_READ,BOTH_OR_UNRESOLVED,CONNECTED_CAUSAL_READ_SEMANTICS_UNVERIFIED,v12_quick_engine.py:6073:compute_reentry_blocks:getattr,CAUSAL_PATH_SEMANTICS_UNVERIFIED,backtest_v12_engine.py:6850:run_simulation_tradier:getattr;backtest_v12_engine.py:6867:run_simulation_tradier:getattr;backtest_v12_engine.py:7607:_v8_execute_trade_action:getattr;backtest_v12_engine.py:8093:_v8_real_eta_wrapper:getattr;backtest_v12_engine.py:8709:_v8_execute_now:getattr;backtest_v12_engine.py:5438:ez_manage.process_position;backtest_v12_engine.py:5897:ez_positions_quick.check_entry_candidates_for_account;backtest_v12_engine.py:6694:run_simulation_tradier imports and runs tradier_manage,CAUSAL_CONSUMER_SEMANTICS_UNVERIFIED,ez_positions_quick.py:15688:worker:attribute;ez_positions_quick.py:15716:worker:attribute,CAUSAL_CONSUMER_SEMANTICS_UNVERIFIED,tradier_manage.py:6954:process_position:attribute;tradier_manage.py:7305:process_position:_cfg_auto,,no reviewed exact vector/live semantic contract
DELTA_ENTRY_Z_THRESHOLD,4545,UNIQUE_QUICKCONFIG_FIELD_WITH_NON_SYNTHETIC_VECTOR_READ,BOTH_OR_UNRESOLVED,CONNECTED_CAUSAL_READ_SEMANTICS_UNVERIFIED,v12_quick_engine.py:6077:compute_reentry_blocks:getattr,CAUSAL_PATH_SEMANTICS_UNVERIFIED,backtest_v12_engine.py:5438:ez_manage.process_position;backtest_v12_engine.py:5897:ez_positions_quick.check_entry_candidates_for_account;backtest_v12_engine.py:6694:run_simulation_tradier imports and runs tradier_manage,CAUSAL_CONSUMER_SEMANTICS_UNVERIFIED,ez_manage.py:7706:__init__:getattr;ez_manage.py:7736:__init__:getattr,CAUSAL_CONSUMER_SEMANTICS_UNVERIFIED,tradier_manage.py:15982:__init__:attribute,,no reviewed exact vector/live semantic contract; no field-specific causal read in backtest_v12_engine (generic override propagation excluded)
DELTA_EXIT_ENABLED,3432,UNIQUE_QUICKCONFIG_FIELD_WITH_NON_SYNTHETIC_VECTOR_READ,BOTH_OR_UNRESOLVED,CONNECTED_CAUSAL_READ_SEMANTICS_UNVERIFIED,v12_quick_engine.py:7460:compute_exit_signals:getattr,CAUSAL_PATH_SEMANTICS_UNVERIFIED,backtest_v12_engine.py:6849:run_simulation_tradier:getattr;backtest_v12_engine.py:5438:ez_manage.process_position;backtest_v12_engine.py:5897:ez_positions_quick.check_entry_candidates_for_account;backtest_v12_engine.py:6694:run_simulation_tradier imports and runs tradier_manage,CAUSAL_CONSUMER_SEMANTICS_UNVERIFIED,ez_manage.py:43883:process_position:getattr;ez_positions_quick.py:15744:worker:attribute,CAUSAL_CONSUMER_SEMANTICS_UNVERIFIED,tradier_manage.py:13333:evaluate_stop:_cfg_auto;tradier_manage.py:13437:evaluate_stop:attribute;tradier_manage.py:828:_v12_wt_exit_reason:resolver,,no reviewed exact vector/live semantic contract
DELTA_GATE_AUGMENT,4100,UNIQUE_QUICKCONFIG_FIELD_WITH_NON_SYNTHETIC_VECTOR_READ,BOTH_OR_UNRESOLVED,CONNECTED_CAUSAL_READ_SEMANTICS_UNVERIFIED,v12_quick_engine.py:7810:compute_augment_signals:getattr,GAP_NO_CAUSAL_CONSUMER,,GAP_NO_CAUSAL_CONSUMER,,GAP_NO_CAUSAL_CONSUMER,,,no reviewed exact vector/live semantic contract; no field-specific causal read in backtest_v12_engine (generic override propagation excluded); no causal EZ crypto consumer; no causal Tradier consumer
DELTA_GATE_OPEN,4105,UNIQUE_QUICKCONFIG_FIELD_WITH_NON_SYNTHETIC_VECTOR_READ,BOTH_OR_UNRESOLVED,CONNECTED_CAUSAL_READ_SEMANTICS_UNVERIFIED,v12_quick_engine.py:7040:compute_entry_signals:getattr,GAP_NO_CAUSAL_CONSUMER,,GAP_NO_CAUSAL_CONSUMER,,GAP_NO_CAUSAL_CONSUMER,,,no reviewed exact vector/live semantic contract; no field-specific causal read in backtest_v12_engine (generic override propagation excluded); no causal EZ crypto consumer; no causal Tradier consumer
DELTA_GATE_REENTRY,4107,UNIQUE_QUICKCONFIG_FIELD_WITH_NON_SYNTHETIC_VECTOR_READ,BOTH_OR_UNRESOLVED,CONNECTED_CAUSAL_READ_SEMANTICS_UNVERIFIED,v12_quick_engine.py:7043:compute_entry_signals:getattr,GAP_NO_CAUSAL_CONSUMER,,GAP_NO_CAUSAL_CONSUMER,,GAP_NO_CAUSAL_CONSUMER,,,no reviewed exact vector/live semantic contract; no field-specific causal read in backtest_v12_engine (generic override propagation excluded); no causal EZ crypto consumer; no causal Tradier consumer
DELTA_MAX_HOLD_BARS,4111,UNIQUE_QUICKCONFIG_FIELD_WITH_NON_SYNTHETIC_VECTOR_READ,BOTH_OR_UNRESOLVED,CONNECTED_CAUSAL_READ_SEMANTICS_UNVERIFIED,v12_quick_engine.py:13563:simulate_one:getattr,GAP_NO_CAUSAL_CONSUMER,,GAP_NO_CAUSAL_CONSUMER,,GAP_NO_CAUSAL_CONSUMER,,,no reviewed exact vector/live semantic contract; no field-specific causal read in backtest_v12_engine (generic override propagation excluded); no causal EZ crypto consumer; no causal Tradier consumer
DELTA_REENTRY_FILTER_ENABLED,3834,UNIQUE_QUICKCONFIG_FIELD_WITH_NON_SYNTHETIC_VECTOR_READ,BOTH_OR_UNRESOLVED,CONNECTED_CAUSAL_READ_SEMANTICS_UNVERIFIED,v12_quick_engine.py:13969:simulate_one:attribute,CAUSAL_PATH_SEMANTICS_UNVERIFIED,backtest_v12_engine.py:5438:ez_manage.process_position;backtest_v12_engine.py:5897:ez_positions_quick.check_entry_candidates_for_account,CAUSAL_CONSUMER_SEMANTICS_UNVERIFIED,ez_manage.py:301:check_reentry_delta_tolerant:getattr,GAP_NO_CAUSAL_CONSUMER,,,no reviewed exact vector/live semantic contract; no field-specific causal read in backtest_v12_engine (generic override propagation excluded); no causal Tradier consumer
D_TREND_REQUIRED,3444,UNIQUE_QUICKCONFIG_FIELD_WITH_NON_SYNTHETIC_VECTOR_READ,BOTH_OR_UNRESOLVED,CONNECTED_CAUSAL_READ_SEMANTICS_UNVERIFIED,v12_quick_engine.py:6901:compute_entry_signals:attribute,GAP_NO_CAUSAL_CONSUMER,,GAP_NO_CAUSAL_CONSUMER,,GAP_NO_CAUSAL_CONSUMER,,,no reviewed exact vector/live semantic contract; no field-specific causal read in backtest_v12_engine (generic override propagation excluded); no causal EZ crypto consumer; no causal Tradier consumer
EMA200_STOCHRSI_BODY_MULT,4581,UNIQUE_QUICKCONFIG_FIELD_WITH_NON_SYNTHETIC_VECTOR_READ,BOTH_OR_UNRESOLVED,CONNECTED_EXACT_REVIEWED,v12_quick_engine.py:5639:compute_reentry_blocks:attribute;v12_quick_engine.py:5645:compute_reentry_blocks:attribute,EXACT_LIVE_DELEGATED_OR_DIRECT_PATH,backtest_v12_engine.py:5438:ez_manage.process_position;backtest_v12_engine.py:5897:ez_positions_quick.check_entry_candidates_for_account;backtest_v12_engine.py:6694:run_simulation_tradier imports and runs tradier_manage,EXACT_CAUSAL_CONSUMER,ez_positions_quick.py:4388:rate:getattr;ez_positions_quick.py:4390:rate:getattr,EXACT_CAUSAL_CONSUMER,tradier_manage.py:1029:_v12_additive_entry_claim:resolver,current selected-TF candle body divided by prior parent body minimum,backtest reaches reviewed live consumer by delegation rather than a duplicate predicate
EMA200_STOCHRSI_ENABLED,4577,UNIQUE_QUICKCONFIG_FIELD_WITH_NON_SYNTHETIC_VECTOR_READ,BOTH_OR_UNRESOLVED,CONNECTED_EXACT_REVIEWED,v12_quick_engine.py:5610:compute_reentry_blocks:attribute,EXACT_LIVE_DELEGATED_OR_DIRECT_PATH,backtest_v12_engine.py:5438:ez_manage.process_position;backtest_v12_engine.py:5897:ez_positions_quick.check_entry_candidates_for_account;backtest_v12_engine.py:6694:run_simulation_tradier imports and runs tradier_manage,EXACT_CAUSAL_CONSUMER,ez_positions_quick.py:4380:rate:getattr,EXACT_CAUSAL_CONSUMER,tradier_manage.py:1012:_v12_additive_entry_claim:resolver,parent gate for the SMA200/StochRSI/body-ratio additive entry score,backtest reaches reviewed live consumer by delegation rather than a duplicate predicate
EMA200_STOCHRSI_K_LONG,4579,UNIQUE_QUICKCONFIG_FIELD_WITH_NON_SYNTHETIC_VECTOR_READ,BOTH_OR_UNRESOLVED,CONNECTED_EXACT_REVIEWED,v12_quick_engine.py:5638:compute_reentry_blocks:attribute,EXACT_LIVE_DELEGATED_OR_DIRECT_PATH,backtest_v12_engine.py:5438:ez_manage.process_position;backtest_v12_engine.py:5897:ez_positions_quick.check_entry_candidates_for_account;backtest_v12_engine.py:6694:run_simulation_tradier imports and runs tradier_manage,EXACT_CAUSAL_CONSUMER,ez_positions_quick.py:4388:rate:getattr,EXACT_CAUSAL_CONSUMER,tradier_manage.py:1032:_v12_additive_entry_claim:resolver,strict LONG stochastic upper bound for the reversal predicate,backtest reaches reviewed live consumer by delegation rather than a duplicate predicate
EMA200_STOCHRSI_K_SHORT,4580,UNIQUE_QUICKCONFIG_FIELD_WITH_NON_SYNTHETIC_VECTOR_READ,BOTH_OR_UNRESOLVED,CONNECTED_EXACT_REVIEWED,v12_quick_engine.py:5644:compute_reentry_blocks:attribute,EXACT_LIVE_DELEGATED_OR_DIRECT_PATH,backtest_v12_engine.py:5438:ez_manage.process_position;backtest_v12_engine.py:5897:ez_positions_quick.check_entry_candidates_for_account;backtest_v12_engine.py:6694:run_simulation_tradier imports and runs tradier_manage,EXACT_CAUSAL_CONSUMER,ez_positions_quick.py:4390:rate:getattr,EXACT_CAUSAL_CONSUMER,tradier_manage.py:1033:_v12_additive_entry_claim:resolver,strict SHORT stochastic lower bound for the reversal predicate,backtest reaches reviewed live consumer by delegation rather than a duplicate predicate
EMA200_STOCHRSI_SCORE,4582,UNIQUE_QUICKCONFIG_FIELD_WITH_NON_SYNTHETIC_VECTOR_READ,BOTH_OR_UNRESOLVED,CONNECTED_EXACT_REVIEWED,v12_quick_engine.py:6336:_combine_entry_blocks:attribute,EXACT_LIVE_DELEGATED_OR_DIRECT_PATH,backtest_v12_engine.py:5438:ez_manage.process_position;backtest_v12_engine.py:5897:ez_positions_quick.check_entry_candidates_for_account;backtest_v12_engine.py:6694:run_simulation_tradier imports and runs tradier_manage,EXACT_CAUSAL_CONSUMER,ez_positions_quick.py:4389:rate:getattr;ez_positions_quick.py:4391:rate:getattr,EXACT_CAUSAL_CONSUMER,tradier_manage.py:1037:_v12_additive_entry_claim:resolver,score added only when the complete SMA200/StochRSI/body predicate qualifies,backtest reaches reviewed live consumer by delegation rather than a duplicate predicate
EMA200_STOCHRSI_TF,4578,UNIQUE_QUICKCONFIG_FIELD_WITH_NON_SYNTHETIC_VECTOR_READ,BOTH_OR_UNRESOLVED,CONNECTED_EXACT_REVIEWED,v12_quick_engine.py:5611:compute_reentry_blocks:attribute,EXACT_LIVE_DELEGATED_OR_DIRECT_PATH,backtest_v12_engine.py:5438:ez_manage.process_position;backtest_v12_engine.py:5897:ez_positions_quick.check_entry_candidates_for_account;backtest_v12_engine.py:6694:run_simulation_tradier imports and runs tradier_manage,EXACT_CAUSAL_CONSUMER,ez_positions_quick.py:4381:rate:getattr,EXACT_CAUSAL_CONSUMER,tradier_manage.py:1013:_v12_additive_entry_claim:resolver,"native timeframe for SMA200, stochastic cross, and candle body inputs",backtest reaches reviewed live consumer by delegation rather than a duplicate predicate
EMA20_SLOPE_ENTRY_ENABLED,4117,UNIQUE_QUICKCONFIG_FIELD_WITH_NON_SYNTHETIC_VECTOR_READ,BOTH_OR_UNRESOLVED,CONNECTED_CAUSAL_READ_SEMANTICS_UNVERIFIED,v12_quick_engine.py:5992:compute_reentry_blocks:getattr,GAP_NO_CAUSAL_CONSUMER,,GAP_NO_CAUSAL_CONSUMER,,GAP_NO_CAUSAL_CONSUMER,,,no reviewed exact vector/live semantic contract; no field-specific causal read in backtest_v12_engine (generic override propagation excluded); no causal EZ crypto consumer; no causal Tradier consumer
EMA20_SLOPE_SHORT_THRESHOLD_1H,4118,UNIQUE_QUICKCONFIG_FIELD_WITH_NON_SYNTHETIC_VECTOR_READ,BOTH_OR_UNRESOLVED,CONNECTED_CAUSAL_READ_SEMANTICS_UNVERIFIED,v12_quick_engine.py:5994:compute_reentry_blocks:getattr,GAP_NO_CAUSAL_CONSUMER,,GAP_NO_CAUSAL_CONSUMER,,GAP_NO_CAUSAL_CONSUMER,,,no reviewed exact vector/live semantic contract; no field-specific causal read in backtest_v12_engine (generic override propagation excluded); no causal EZ crypto consumer; no causal Tradier consumer
EMA_9_21_FILTER_ENABLED,4575,UNIQUE_QUICKCONFIG_FIELD_WITH_NON_SYNTHETIC_VECTOR_READ,BOTH_OR_UNRESOLVED,CONNECTED_EXACT_REVIEWED,v12_quick_engine.py:3342:_kindergarten_entry_mask:getattr,EXACT_LIVE_DELEGATED_OR_DIRECT_PATH,backtest_v12_engine.py:6694:run_simulation_tradier imports and runs tradier_manage,GAP_NO_CAUSAL_CONSUMER,,EXACT_CAUSAL_CONSUMER,tradier_manage.py:20407:should_enter_long:_cfg_auto;tradier_manage.py:20694:should_enter_short:_cfg_auto;tradier_manage.py:897:_v12_kindergarten_entry_allowed:resolver,ema9_21 kindergarten subgate; false is the same fail-open mask,no causal EZ crypto consumer; backtest reaches reviewed live consumer by delegation rather than a duplicate predicate
EMA_9_21_TIMEFRAME,4576,UNIQUE_QUICKCONFIG_FIELD_WITH_NON_SYNTHETIC_VECTOR_READ,BOTH_OR_UNRESOLVED,CONNECTED_EXACT_REVIEWED,v12_quick_engine.py:3346:_kindergarten_entry_mask:attribute,EXACT_LIVE_DELEGATED_OR_DIRECT_PATH,backtest_v12_engine.py:6694:run_simulation_tradier imports and runs tradier_manage,GAP_NO_CAUSAL_CONSUMER,,EXACT_CAUSAL_CONSUMER,tradier_manage.py:20408:should_enter_long:_cfg_auto;tradier_manage.py:20411:should_enter_long:_cfg_auto;tradier_manage.py:20695:should_enter_short:_cfg_auto;tradier_manage.py:20698:should_enter_short:_cfg_auto;tradier_manage.py:900:_v12_kindergarten_entry_allowed:resolver,native timeframe selector for ema9_21 kindergarten mode,no causal EZ crypto consumer; backtest reaches reviewed live consumer by delegation rather than a duplicate predicate
EMA_DIST_ENTRY_ENABLED,4119,UNIQUE_QUICKCONFIG_FIELD_WITH_NON_SYNTHETIC_VECTOR_READ,BOTH_OR_UNRESOLVED,CONNECTED_CAUSAL_READ_SEMANTICS_UNVERIFIED,v12_quick_engine.py:5997:compute_reentry_blocks:getattr,CAUSAL_PATH_SEMANTICS_UNVERIFIED,backtest_v12_engine.py:5438:ez_manage.process_position;backtest_v12_engine.py:5897:ez_positions_quick.check_entry_candidates_for_account,CAUSAL_CONSUMER_SEMANTICS_UNVERIFIED,ez_manage.py:35017:calculate_final_order_quantity:getattr,GAP_NO_CAUSAL_CONSUMER,,,no reviewed exact vector/live semantic contract; no field-specific causal read in backtest_v12_engine (generic override propagation excluded); no causal Tradier consumer
EMA_DIST_LONG_THRESHOLD,4120,UNIQUE_QUICKCONFIG_FIELD_WITH_NON_SYNTHETIC_VECTOR_READ,BOTH_OR_UNRESOLVED,CONNECTED_CAUSAL_READ_SEMANTICS_UNVERIFIED,v12_quick_engine.py:5999:compute_reentry_blocks:getattr,CAUSAL_PATH_SEMANTICS_UNVERIFIED,backtest_v12_engine.py:5438:ez_manage.process_position;backtest_v12_engine.py:5897:ez_positions_quick.check_entry_candidates_for_account,CAUSAL_CONSUMER_SEMANTICS_UNVERIFIED,ez_manage.py:35021:calculate_final_order_quantity:attribute;ez_manage.py:35026:calculate_final_order_quantity:attribute,GAP_NO_CAUSAL_CONSUMER,,,no reviewed exact vector/live semantic contract; no field-specific causal read in backtest_v12_engine (generic override propagation excluded); no causal Tradier consumer
EMA_DIST_SHORT_THRESHOLD,4121,UNIQUE_QUICKCONFIG_FIELD_WITH_NON_SYNTHETIC_VECTOR_READ,BOTH_OR_UNRESOLVED,CONNECTED_CAUSAL_READ_SEMANTICS_UNVERIFIED,v12_quick_engine.py:5999:compute_reentry_blocks:getattr,CAUSAL_PATH_SEMANTICS_UNVERIFIED,backtest_v12_engine.py:5438:ez_manage.process_position;backtest_v12_engine.py:5897:ez_positions_quick.check_entry_candidates_for_account,CAUSAL_CONSUMER_SEMANTICS_UNVERIFIED,ez_manage.py:35029:calculate_final_order_quantity:attribute;ez_manage.py:35034:calculate_final_order_quantity:attribute,GAP_NO_CAUSAL_CONSUMER,,,no reviewed exact vector/live semantic contract; no field-specific causal read in backtest_v12_engine (generic override propagation excluded); no causal Tradier consumer
EMA_DIST_SIZING_ENABLED,4122,UNIQUE_QUICKCONFIG_FIELD_WITH_NON_SYNTHETIC_VECTOR_READ,BOTH_OR_UNRESOLVED,CONNECTED_CAUSAL_READ_SEMANTICS_UNVERIFIED,v12_quick_engine.py:7940:compute_regime_sizing_mult:getattr,CAUSAL_PATH_SEMANTICS_UNVERIFIED,backtest_v12_engine.py:5438:ez_manage.process_position;backtest_v12_engine.py:5897:ez_positions_quick.check_entry_candidates_for_account,CAUSAL_CONSUMER_SEMANTICS_UNVERIFIED,ez_manage.py:35513:calculate_final_order_quantity:getattr,GAP_NO_CAUSAL_CONSUMER,,,no reviewed exact vector/live semantic contract; no field-specific causal read in backtest_v12_engine (generic override propagation excluded); no causal Tradier consumer
EMA_DIST_SIZING_MULT,4123,UNIQUE_QUICKCONFIG_FIELD_WITH_NON_SYNTHETIC_VECTOR_READ,BOTH_OR_UNRESOLVED,CONNECTED_CAUSAL_READ_SEMANTICS_UNVERIFIED,v12_quick_engine.py:7943:compute_regime_sizing_mult:getattr,CAUSAL_PATH_SEMANTICS_UNVERIFIED,backtest_v12_engine.py:5438:ez_manage.process_position;backtest_v12_engine.py:5897:ez_positions_quick.check_entry_candidates_for_account,CAUSAL_CONSUMER_SEMANTICS_UNVERIFIED,ez_manage.py:35518:calculate_final_order_quantity:getattr,GAP_NO_CAUSAL_CONSUMER,,,no reviewed exact vector/live semantic contract; no field-specific causal read in backtest_v12_engine (generic override propagation excluded); no causal Tradier consumer
EMA_PULLBACK_ENABLED,4583,UNIQUE_QUICKCONFIG_FIELD_WITH_NON_SYNTHETIC_VECTOR_READ,BOTH_OR_UNRESOLVED,CONNECTED_EXACT_REVIEWED,v12_quick_engine.py:5588:compute_reentry_blocks:attribute,EXACT_LIVE_DELEGATED_OR_DIRECT_PATH,backtest_v12_engine.py:5438:ez_manage.process_position;backtest_v12_engine.py:5897:ez_positions_quick.check_entry_candidates_for_account;backtest_v12_engine.py:6694:run_simulation_tradier imports and runs tradier_manage,EXACT_CAUSAL_CONSUMER,ez_positions_quick.py:4311:rate:getattr,EXACT_CAUSAL_CONSUMER,tradier_manage.py:996:_v12_additive_entry_claim:resolver,parent gate for the EMA pullback additive entry score,backtest reaches reviewed live consumer by delegation rather than a duplicate predicate
EMA_PULLBACK_SCORE_BONUS,4585,UNIQUE_QUICKCONFIG_FIELD_WITH_NON_SYNTHETIC_VECTOR_READ,BOTH_OR_UNRESOLVED,CONNECTED_EXACT_REVIEWED,v12_quick_engine.py:6334:_combine_entry_blocks:attribute,EXACT_LIVE_DELEGATED_OR_DIRECT_PATH,backtest_v12_engine.py:5438:ez_manage.process_position;backtest_v12_engine.py:5897:ez_positions_quick.check_entry_candidates_for_account;backtest_v12_engine.py:6694:run_simulation_tradier imports and runs tradier_manage,EXACT_CAUSAL_CONSUMER,ez_positions_quick.py:4319:rate:getattr;ez_positions_quick.py:4321:rate:getattr,EXACT_CAUSAL_CONSUMER,tradier_manage.py:1009:_v12_additive_entry_claim:resolver,score added only when the complete side-aware EMA pullback predicate qualifies,backtest reaches reviewed live consumer by delegation rather than a duplicate predicate
EMA_PULLBACK_TF,4584,UNIQUE_QUICKCONFIG_FIELD_WITH_NON_SYNTHETIC_VECTOR_READ,BOTH_OR_UNRESOLVED,CONNECTED_EXACT_REVIEWED,v12_quick_engine.py:5589:compute_reentry_blocks:attribute,EXACT_LIVE_DELEGATED_OR_DIRECT_PATH,backtest_v12_engine.py:5438:ez_manage.process_position;backtest_v12_engine.py:5897:ez_positions_quick.check_entry_candidates_for_account;backtest_v12_engine.py:6694:run_simulation_tradier imports and runs tradier_manage,EXACT_CAUSAL_CONSUMER,ez_positions_quick.py:4312:rate:getattr,EXACT_CAUSAL_CONSUMER,tradier_manage.py:997:_v12_additive_entry_claim:resolver,native timeframe for EMA9/14/20 and stochastic pullback inputs,backtest reaches reviewed live consumer by delegation rather than a duplicate predicate
EMA_SMA_9_21_CROSS_ENABLED,5194,UNIQUE_QUICKCONFIG_FIELD_WITH_NON_SYNTHETIC_VECTOR_READ,BOTH_OR_UNRESOLVED,CONNECTED_EXACT_REVIEWED,v12_quick_engine.py:7199:compute_entry_signals:getattr,EXACT_LIVE_DELEGATED_OR_DIRECT_PATH,backtest_v12_engine.py:6694:run_simulation_tradier imports and runs tradier_manage,GAP_NO_CAUSAL_CONSUMER,,EXACT_CAUSAL_CONSUMER,tradier_manage.py:682:_v12_optional_tf_entry_claim:_cfg,OR entry on a side-aware 9/21 EMA transition across available persisted TFs,no causal EZ crypto consumer; backtest reaches reviewed live consumer by delegation rather than a duplicate predicate
EMA_TF_15M_ENABLED,5199,UNIQUE_QUICKCONFIG_FIELD_WITH_NON_SYNTHETIC_VECTOR_READ,BOTH_OR_UNRESOLVED,CONNECTED_EXACT_REVIEWED,v12_quick_engine.py:7238:compute_entry_signals:attribute,EXACT_LIVE_DELEGATED_OR_DIRECT_PATH,backtest_v12_engine.py:6694:run_simulation_tradier imports and runs tradier_manage,GAP_NO_CAUSAL_CONSUMER,,EXACT_CAUSAL_CONSUMER,tradier_manage.py:687:_v12_optional_tf_entry_claim:_cfg,OR entry on the exact persisted 15m 9/21 EMA transition,no causal EZ crypto consumer; backtest reaches reviewed live consumer by delegation rather than a duplicate predicate
EMA_TF_1H_ENABLED,5200,UNIQUE_QUICKCONFIG_FIELD_WITH_NON_SYNTHETIC_VECTOR_READ,BOTH_OR_UNRESOLVED,CONNECTED_EXACT_REVIEWED,v12_quick_engine.py:7240:compute_entry_signals:attribute,EXACT_LIVE_DELEGATED_OR_DIRECT_PATH,backtest_v12_engine.py:6694:run_simulation_tradier imports and runs tradier_manage,GAP_NO_CAUSAL_CONSUMER,,EXACT_CAUSAL_CONSUMER,tradier_manage.py:688:_v12_optional_tf_entry_claim:_cfg,OR entry on the exact persisted 1h 9/21 EMA transition,no causal EZ crypto consumer; backtest reaches reviewed live consumer by delegation rather than a duplicate predicate
EMA_TF_3M_ENABLED,5197,UNIQUE_QUICKCONFIG_FIELD_WITH_NON_SYNTHETIC_VECTOR_READ,BOTH_OR_UNRESOLVED,CONNECTED_EXACT_REVIEWED,v12_quick_engine.py:7234:compute_entry_signals:attribute,EXACT_LIVE_DELEGATED_OR_DIRECT_PATH,backtest_v12_engine.py:6694:run_simulation_tradier imports and runs tradier_manage,GAP_NO_CAUSAL_CONSUMER,,EXACT_CAUSAL_CONSUMER,tradier_manage.py:685:_v12_optional_tf_entry_claim:_cfg,OR entry on the exact persisted 3m 9/21 EMA transition,no causal EZ crypto consumer; backtest reaches reviewed live consumer by delegation rather than a duplicate predicate
EMA_TF_4H_ENABLED,5201,UNIQUE_QUICKCONFIG_FIELD_WITH_NON_SYNTHETIC_VECTOR_READ,BOTH_OR_UNRESOLVED,CONNECTED_EXACT_REVIEWED,v12_quick_engine.py:7242:compute_entry_signals:attribute,EXACT_LIVE_DELEGATED_OR_DIRECT_PATH,backtest_v12_engine.py:6694:run_simulation_tradier imports and runs tradier_manage,GAP_NO_CAUSAL_CONSUMER,,EXACT_CAUSAL_CONSUMER,tradier_manage.py:689:_v12_optional_tf_entry_claim:_cfg,OR entry on the exact persisted 4h 9/21 EMA transition,no causal EZ crypto consumer; backtest reaches reviewed live consumer by delegation rather than a duplicate predicate
EMA_TF_5M_ENABLED,5198,UNIQUE_QUICKCONFIG_FIELD_WITH_NON_SYNTHETIC_VECTOR_READ,BOTH_OR_UNRESOLVED,CONNECTED_EXACT_REVIEWED,v12_quick_engine.py:7236:compute_entry_signals:attribute,EXACT_LIVE_DELEGATED_OR_DIRECT_PATH,backtest_v12_engine.py:6694:run_simulation_tradier imports and runs tradier_manage,GAP_NO_CAUSAL_CONSUMER,,EXACT_CAUSAL_CONSUMER,tradier_manage.py:686:_v12_optional_tf_entry_claim:_cfg,OR entry on the exact persisted 5m 9/21 EMA transition,no causal EZ crypto consumer; backtest reaches reviewed live consumer by delegation rather than a duplicate predicate
EMA_TF_D_ENABLED,5202,UNIQUE_QUICKCONFIG_FIELD_WITH_NON_SYNTHETIC_VECTOR_READ,BOTH_OR_UNRESOLVED,CONNECTED_EXACT_REVIEWED,v12_quick_engine.py:7244:compute_entry_signals:attribute,EXACT_LIVE_DELEGATED_OR_DIRECT_PATH,backtest_v12_engine.py:6694:run_simulation_tradier imports and runs tradier_manage,GAP_NO_CAUSAL_CONSUMER,,EXACT_CAUSAL_CONSUMER,tradier_manage.py:690:_v12_optional_tf_entry_claim:_cfg,OR entry on the exact persisted daily 9/21 EMA transition,no causal EZ crypto consumer; backtest reaches reviewed live consumer by delegation rather than a duplicate predicate
EMA_TF_W_ENABLED,5203,UNIQUE_QUICKCONFIG_FIELD_WITH_NON_SYNTHETIC_VECTOR_READ,BOTH_OR_UNRESOLVED,CONNECTED_EXACT_REVIEWED,v12_quick_engine.py:7246:compute_entry_signals:attribute,EXACT_LIVE_DELEGATED_OR_DIRECT_PATH,backtest_v12_engine.py:6694:run_simulation_tradier imports and runs tradier_manage,GAP_NO_CAUSAL_CONSUMER,,EXACT_CAUSAL_CONSUMER,tradier_manage.py:691:_v12_optional_tf_entry_claim:_cfg,OR entry on the exact persisted weekly 9/21 EMA transition,no causal EZ crypto consumer; backtest reaches reviewed live consumer by delegation rather than a duplicate predicate
ENTRY_BOUNCE_DEEP_TURN_COMPOSITE_V1_BOUNCE_DISTANCE,3455,UNIQUE_QUICKCONFIG_FIELD_WITH_NON_SYNTHETIC_VECTOR_READ,BOTH_OR_UNRESOLVED,CONNECTED_CAUSAL_READ_SEMANTICS_UNVERIFIED,v12_quick_engine.py:5776:compute_reentry_blocks:getattr,CAUSAL_PATH_SEMANTICS_UNVERIFIED,backtest_v12_engine.py:6694:run_simulation_tradier imports and runs tradier_manage,GAP_NO_CAUSAL_CONSUMER,,CAUSAL_CONSUMER_SEMANTICS_UNVERIFIED,tradier_manage.py:7643:process_position:_cfg_auto,,no reviewed exact vector/live semantic contract; no field-specific causal read in backtest_v12_engine (generic override propagation excluded); no causal EZ crypto consumer
ENTRY_BOUNCE_DEEP_TURN_COMPOSITE_V1_BOUNCE_TIMEFRAME,3454,UNIQUE_QUICKCONFIG_FIELD_WITH_NON_SYNTHETIC_VECTOR_READ,BOTH_OR_UNRESOLVED,CONNECTED_CAUSAL_READ_SEMANTICS_UNVERIFIED,v12_quick_engine.py:5774:compute_reentry_blocks:getattr,CAUSAL_PATH_SEMANTICS_UNVERIFIED,backtest_v12_engine.py:6694:run_simulation_tradier imports and runs tradier_manage,GAP_NO_CAUSAL_CONSUMER,,CAUSAL_CONSUMER_SEMANTICS_UNVERIFIED,tradier_manage.py:7642:process_position:_cfg_auto,,no reviewed exact vector/live semantic contract; no field-specific causal read in backtest_v12_engine (generic override propagation excluded); no causal EZ crypto consumer
ENTRY_BOUNCE_DEEP_TURN_COMPOSITE_V1_CONFIRMATION_MIN,3458,UNIQUE_QUICKCONFIG_FIELD_WITH_NON_SYNTHETIC_VECTOR_READ,BOTH_OR_UNRESOLVED,CONNECTED_CAUSAL_READ_SEMANTICS_UNVERIFIED,v12_quick_engine.py:5779:compute_reentry_blocks:attribute,CAUSAL_PATH_SEMANTICS_UNVERIFIED,backtest_v12_engine.py:6694:run_simulation_tradier imports and runs tradier_manage,GAP_NO_CAUSAL_CONSUMER,,CAUSAL_CONSUMER_SEMANTICS_UNVERIFIED,tradier_manage.py:7646:process_position:_cfg_auto,,no reviewed exact vector/live semantic contract; no field-specific causal read in backtest_v12_engine (generic override propagation excluded); no causal EZ crypto consumer
ENTRY_BOUNCE_DEEP_TURN_COMPOSITE_V1_DEEP_K4H,3456,UNIQUE_QUICKCONFIG_FIELD_WITH_NON_SYNTHETIC_VECTOR_READ,BOTH_OR_UNRESOLVED,CONNECTED_CAUSAL_READ_SEMANTICS_UNVERIFIED,v12_quick_engine.py:5777:compute_reentry_blocks:getattr,CAUSAL_PATH_SEMANTICS_UNVERIFIED,backtest_v12_engine.py:6694:run_simulation_tradier imports and runs tradier_manage,GAP_NO_CAUSAL_CONSUMER,,CAUSAL_CONSUMER_SEMANTICS_UNVERIFIED,tradier_manage.py:7644:process_position:_cfg_auto,,no reviewed exact vector/live semantic contract; no field-specific causal read in backtest_v12_engine (generic override propagation excluded); no causal EZ crypto consumer
ENTRY_BOUNCE_DEEP_TURN_COMPOSITE_V1_ENABLED,3451,UNIQUE_QUICKCONFIG_FIELD_WITH_NON_SYNTHETIC_VECTOR_READ,BOTH_OR_UNRESOLVED,CONNECTED_CAUSAL_READ_SEMANTICS_UNVERIFIED,v12_quick_engine.py:5768:compute_reentry_blocks:getattr,CAUSAL_PATH_SEMANTICS_UNVERIFIED,backtest_v12_engine.py:6694:run_simulation_tradier imports and runs tradier_manage,GAP_NO_CAUSAL_CONSUMER,,CAUSAL_CONSUMER_SEMANTICS_UNVERIFIED,tradier_manage.py:7635:process_position:_cfg_auto,,no reviewed exact vector/live semantic contract; no field-specific causal read in backtest_v12_engine (generic override propagation excluded); no causal EZ crypto consumer
ENTRY_BOUNCE_DEEP_TURN_COMPOSITE_V1_SIDE,3453,UNIQUE_QUICKCONFIG_FIELD_WITH_NON_SYNTHETIC_VECTOR_READ,BOTH_OR_UNRESOLVED,CONNECTED_CAUSAL_READ_SEMANTICS_UNVERIFIED,v12_quick_engine.py:5769:compute_reentry_blocks:attribute,CAUSAL_PATH_SEMANTICS_UNVERIFIED,backtest_v12_engine.py:6694:run_simulation_tradier imports and runs tradier_manage,GAP_NO_CAUSAL_CONSUMER,,CAUSAL_CONSUMER_SEMANTICS_UNVERIFIED,tradier_manage.py:7638:process_position:_cfg_auto,,no reviewed exact vector/live semantic contract; no field-specific causal read in backtest_v12_engine (generic override propagation excluded); no causal EZ crypto consumer
ENTRY_BOUNCE_DEEP_TURN_COMPOSITE_V1_SYMBOLS,3452,UNIQUE_QUICKCONFIG_FIELD_WITH_NON_SYNTHETIC_VECTOR_READ,BOTH_OR_UNRESOLVED,CONNECTED_CAUSAL_READ_SEMANTICS_UNVERIFIED,v12_quick_engine.py:5770:compute_reentry_blocks:attribute,CAUSAL_PATH_SEMANTICS_UNVERIFIED,backtest_v12_engine.py:6694:run_simulation_tradier imports and runs tradier_manage,GAP_NO_CAUSAL_CONSUMER,,CAUSAL_CONSUMER_SEMANTICS_UNVERIFIED,tradier_manage.py:7637:process_position:_cfg_auto,,no reviewed exact vector/live semantic contract; no field-specific causal read in backtest_v12_engine (generic override propagation excluded); no causal EZ crypto consumer
ENTRY_BOUNCE_DEEP_TURN_COMPOSITE_V1_TURN_K1H,3457,UNIQUE_QUICKCONFIG_FIELD_WITH_NON_SYNTHETIC_VECTOR_READ,BOTH_OR_UNRESOLVED,CONNECTED_CAUSAL_READ_SEMANTICS_UNVERIFIED,v12_quick_engine.py:5778:compute_reentry_blocks:getattr,CAUSAL_PATH_SEMANTICS_UNVERIFIED,backtest_v12_engine.py:6694:run_simulation_tradier imports and runs tradier_manage,GAP_NO_CAUSAL_CONSUMER,,CAUSAL_CONSUMER_SEMANTICS_UNVERIFIED,tradier_manage.py:7645:process_position:_cfg_auto,,no reviewed exact vector/live semantic contract; no field-specific causal read in backtest_v12_engine (generic override propagation excluded); no causal EZ crypto consumer
ENTRY_BOUNCE_DONCHIAN_DIRECT_CONFIRMATION,3463,UNIQUE_QUICKCONFIG_FIELD_WITH_NON_SYNTHETIC_VECTOR_READ,BOTH_OR_UNRESOLVED,CONNECTED_CAUSAL_READ_SEMANTICS_UNVERIFIED,v12_quick_engine.py:5827:compute_reentry_blocks:attribute,CAUSAL_PATH_SEMANTICS_UNVERIFIED,backtest_v12_engine.py:6694:run_simulation_tradier imports and runs tradier_manage,GAP_NO_CAUSAL_CONSUMER,,CAUSAL_CONSUMER_SEMANTICS_UNVERIFIED,tradier_manage.py:1312:_shared_direct_entry_claim:_cfg;tradier_manage.py:7676:process_position:_cfg_auto,,no reviewed exact vector/live semantic contract; no field-specific causal read in backtest_v12_engine (generic override propagation excluded); no causal EZ crypto consumer
ENTRY_BOUNCE_DONCHIAN_DIRECT_DISTANCE,3461,UNIQUE_QUICKCONFIG_FIELD_WITH_NON_SYNTHETIC_VECTOR_READ,BOTH_OR_UNRESOLVED,CONNECTED_CAUSAL_READ_SEMANTICS_UNVERIFIED,v12_quick_engine.py:5825:compute_reentry_blocks:getattr,CAUSAL_PATH_SEMANTICS_UNVERIFIED,backtest_v12_engine.py:6694:run_simulation_tradier imports and runs tradier_manage,GAP_NO_CAUSAL_CONSUMER,,CAUSAL_CONSUMER_SEMANTICS_UNVERIFIED,tradier_manage.py:1349:_shared_direct_entry_claim:_cfg;tradier_manage.py:7674:process_position:_cfg_auto,,no reviewed exact vector/live semantic contract; no field-specific causal read in backtest_v12_engine (generic override propagation excluded); no causal EZ crypto consumer
ENTRY_BOUNCE_DONCHIAN_DIRECT_ENABLED,3459,UNIQUE_QUICKCONFIG_FIELD_WITH_NON_SYNTHETIC_VECTOR_READ,BOTH_OR_UNRESOLVED,CONNECTED_CAUSAL_READ_SEMANTICS_UNVERIFIED,v12_quick_engine.py:5823:compute_reentry_blocks:getattr,CAUSAL_PATH_SEMANTICS_UNVERIFIED,backtest_v12_engine.py:6694:run_simulation_tradier imports and runs tradier_manage,GAP_NO_CAUSAL_CONSUMER,,CAUSAL_CONSUMER_SEMANTICS_UNVERIFIED,tradier_manage.py:1302:_shared_direct_entry_claim:_cfg;tradier_manage.py:7671:process_position:_cfg_auto,,no reviewed exact vector/live semantic contract; no field-specific causal read in backtest_v12_engine (generic override propagation excluded); no causal EZ crypto consumer
ENTRY_BOUNCE_DONCHIAN_DIRECT_RECOVERY_ONLY,3462,UNIQUE_QUICKCONFIG_FIELD_WITH_NON_SYNTHETIC_VECTOR_READ,BOTH_OR_UNRESOLVED,CONNECTED_CAUSAL_READ_SEMANTICS_UNVERIFIED,v12_quick_engine.py:5826:compute_reentry_blocks:getattr,CAUSAL_PATH_SEMANTICS_UNVERIFIED,backtest_v12_engine.py:6694:run_simulation_tradier imports and runs tradier_manage,GAP_NO_CAUSAL_CONSUMER,,CAUSAL_CONSUMER_SEMANTICS_UNVERIFIED,tradier_manage.py:1353:_shared_direct_entry_claim:_cfg;tradier_manage.py:7675:process_position:_cfg_auto,,no reviewed exact vector/live semantic contract; no field-specific causal read in backtest_v12_engine (generic override propagation excluded); no causal EZ crypto consumer
ENTRY_BOUNCE_DONCHIAN_DIRECT_TIMEFRAME,3460,UNIQUE_QUICKCONFIG_FIELD_WITH_NON_SYNTHETIC_VECTOR_READ,BOTH_OR_UNRESOLVED,CONNECTED_CAUSAL_READ_SEMANTICS_UNVERIFIED,v12_quick_engine.py:5824:compute_reentry_blocks:getattr,CAUSAL_PATH_SEMANTICS_UNVERIFIED,backtest_v12_engine.py:6694:run_simulation_tradier imports and runs tradier_manage,GAP_NO_CAUSAL_CONSUMER,,CAUSAL_CONSUMER_SEMANTICS_UNVERIFIED,tradier_manage.py:1308:_shared_direct_entry_claim:_cfg;tradier_manage.py:7673:process_position:_cfg_auto,,no reviewed exact vector/live semantic contract; no field-specific causal read in backtest_v12_engine (generic override propagation excluded); no causal EZ crypto consumer
ENTRY_PRIMARY_TF,3565,UNIQUE_QUICKCONFIG_FIELD_WITH_NON_SYNTHETIC_VECTOR_READ,BOTH_OR_UNRESOLVED,CONNECTED_CAUSAL_READ_SEMANTICS_UNVERIFIED,v12_quick_engine.py:6529:_tradier_signal_score_family:getattr,CAUSAL_PATH_SEMANTICS_UNVERIFIED,backtest_v12_engine.py:6694:run_simulation_tradier imports and runs tradier_manage,GAP_NO_CAUSAL_CONSUMER,,CAUSAL_CONSUMER_SEMANTICS_UNVERIFIED,tradier_manage.py:11164:calculate_signal_score:getattr,,no reviewed exact vector/live semantic contract; no field-specific causal read in backtest_v12_engine (generic override propagation excluded); no causal EZ crypto consumer
ENTRY_SCORE_THRESHOLD,3415,UNIQUE_QUICKCONFIG_FIELD_WITH_NON_SYNTHETIC_VECTOR_READ,BOTH_OR_UNRESOLVED,CONNECTED_EXACT_REVIEWED,v12_quick_engine.py:6355:_combine_entry_blocks:attribute;v12_quick_engine.py:6942:compute_entry_signals:attribute;v12_quick_engine.py:7033:compute_entry_signals:getattr;v12_quick_engine.py:7316:compute_entry_signals:getattr,EXACT_LIVE_DELEGATED_OR_DIRECT_PATH,backtest_v12_engine.py:8165:_v8_real_eta_wrapper:getattr;backtest_v12_engine.py:8167:_v8_real_eta_wrapper:getattr;backtest_v12_engine.py:6694:run_simulation_tradier imports and runs tradier_manage,GAP_NO_CAUSAL_CONSUMER,,EXACT_CAUSAL_CONSUMER,tradier_manage.py:1057:_v12_additive_entry_claim:resolver;tradier_manage.py:14764:evaluate_open:_cfg;tradier_manage.py:14778:evaluate_open:_cfg;tradier_manage.py:7848:process_position:_cfg,combined additive score admission threshold,no causal EZ crypto consumer
ENTRY_STOCH_HHHL_DIRECT_ENABLED,3465,UNIQUE_QUICKCONFIG_FIELD_WITH_NON_SYNTHETIC_VECTOR_READ,BOTH_OR_UNRESOLVED,CONNECTED_CAUSAL_READ_SEMANTICS_UNVERIFIED,v12_quick_engine.py:5906:compute_reentry_blocks:getattr,CAUSAL_PATH_SEMANTICS_UNVERIFIED,backtest_v12_engine.py:6694:run_simulation_tradier imports and runs tradier_manage,GAP_NO_CAUSAL_CONSUMER,,CAUSAL_CONSUMER_SEMANTICS_UNVERIFIED,tradier_manage.py:1256:_shared_direct_entry_claim:_cfg,,no reviewed exact vector/live semantic contract; no field-specific causal read in backtest_v12_engine (generic override propagation excluded); no causal EZ crypto consumer
ENTRY_STOCH_HHHL_DIRECT_MIN_CONFIRMING_TFS,3467,UNIQUE_QUICKCONFIG_FIELD_WITH_NON_SYNTHETIC_VECTOR_READ,BOTH_OR_UNRESOLVED,CONNECTED_CAUSAL_READ_SEMANTICS_UNVERIFIED,v12_quick_engine.py:5908:compute_reentry_blocks:getattr,CAUSAL_PATH_SEMANTICS_UNVERIFIED,backtest_v12_engine.py:6694:run_simulation_tradier imports and runs tradier_manage,GAP_NO_CAUSAL_CONSUMER,,CAUSAL_CONSUMER_SEMANTICS_UNVERIFIED,tradier_manage.py:1283:_shared_direct_entry_claim:_cfg,,no reviewed exact vector/live semantic contract; no field-specific causal read in backtest_v12_engine (generic override propagation excluded); no causal EZ crypto consumer
ENTRY_STOCH_HHHL_DIRECT_STOCH_THRESHOLD,3468,UNIQUE_QUICKCONFIG_FIELD_WITH_NON_SYNTHETIC_VECTOR_READ,BOTH_OR_UNRESOLVED,CONNECTED_CAUSAL_READ_SEMANTICS_UNVERIFIED,v12_quick_engine.py:5909:compute_reentry_blocks:getattr,CAUSAL_PATH_SEMANTICS_UNVERIFIED,backtest_v12_engine.py:6694:run_simulation_tradier imports and runs tradier_manage,GAP_NO_CAUSAL_CONSUMER,,CAUSAL_CONSUMER_SEMANTICS_UNVERIFIED,tradier_manage.py:1287:_shared_direct_entry_claim:_cfg,,no reviewed exact vector/live semantic contract; no field-specific causal read in backtest_v12_engine (generic override propagation excluded); no causal EZ crypto consumer
ENTRY_STOCH_HHHL_DIRECT_TFS,3466,UNIQUE_QUICKCONFIG_FIELD_WITH_NON_SYNTHETIC_VECTOR_READ,BOTH_OR_UNRESOLVED,CONNECTED_CAUSAL_READ_SEMANTICS_UNVERIFIED,v12_quick_engine.py:5907:compute_reentry_blocks:getattr,CAUSAL_PATH_SEMANTICS_UNVERIFIED,backtest_v12_engine.py:6694:run_simulation_tradier imports and runs tradier_manage,GAP_NO_CAUSAL_CONSUMER,,CAUSAL_CONSUMER_SEMANTICS_UNVERIFIED,tradier_manage.py:1262:_shared_direct_entry_claim:_cfg,,no reviewed exact vector/live semantic contract; no field-specific causal read in backtest_v12_engine (generic override propagation excluded); no causal EZ crypto consumer
ENTRY_STOCH_PARENT_DIRECT_ENABLED,3469,UNIQUE_QUICKCONFIG_FIELD_WITH_NON_SYNTHETIC_VECTOR_READ,BOTH_OR_UNRESOLVED,CONNECTED_CAUSAL_READ_SEMANTICS_UNVERIFIED,v12_quick_engine.py:5938:compute_reentry_blocks:getattr,CAUSAL_PATH_SEMANTICS_UNVERIFIED,backtest_v12_engine.py:6694:run_simulation_tradier imports and runs tradier_manage,GAP_NO_CAUSAL_CONSUMER,,CAUSAL_CONSUMER_SEMANTICS_UNVERIFIED,tradier_manage.py:1370:_shared_direct_entry_claim:_cfg,,no reviewed exact vector/live semantic contract; no field-specific causal read in backtest_v12_engine (generic override propagation excluded); no causal EZ crypto consumer
ENTRY_STOCH_PARENT_DIRECT_FAMILY,3470,UNIQUE_QUICKCONFIG_FIELD_WITH_NON_SYNTHETIC_VECTOR_READ,BOTH_OR_UNRESOLVED,CONNECTED_CAUSAL_READ_SEMANTICS_UNVERIFIED,v12_quick_engine.py:5939:compute_reentry_blocks:getattr,CAUSAL_PATH_SEMANTICS_UNVERIFIED,backtest_v12_engine.py:6694:run_simulation_tradier imports and runs tradier_manage,GAP_NO_CAUSAL_CONSUMER,,CAUSAL_CONSUMER_SEMANTICS_UNVERIFIED,tradier_manage.py:1374:_shared_direct_entry_claim:_cfg,,no reviewed exact vector/live semantic contract; no field-specific causal read in backtest_v12_engine (generic override propagation excluded); no causal EZ crypto consumer
ENTRY_STOCH_PARENT_DIRECT_THRESHOLD,3471,UNIQUE_QUICKCONFIG_FIELD_WITH_NON_SYNTHETIC_VECTOR_READ,BOTH_OR_UNRESOLVED,CONNECTED_CAUSAL_READ_SEMANTICS_UNVERIFIED,v12_quick_engine.py:5940:compute_reentry_blocks:getattr,CAUSAL_PATH_SEMANTICS_UNVERIFIED,backtest_v12_engine.py:6694:run_simulation_tradier imports and runs tradier_manage,GAP_NO_CAUSAL_CONSUMER,,CAUSAL_CONSUMER_SEMANTICS_UNVERIFIED,tradier_manage.py:1394:_shared_direct_entry_claim:_cfg,,no reviewed exact vector/live semantic contract; no field-specific causal read in backtest_v12_engine (generic override propagation excluded); no causal EZ crypto consumer
ENTRY_STOCH_PARENT_DIRECT_TURN_DEFINITION,3472,UNIQUE_QUICKCONFIG_FIELD_WITH_NON_SYNTHETIC_VECTOR_READ,BOTH_OR_UNRESOLVED,CONNECTED_CAUSAL_READ_SEMANTICS_UNVERIFIED,v12_quick_engine.py:5941:compute_reentry_blocks:getattr,CAUSAL_PATH_SEMANTICS_UNVERIFIED,backtest_v12_engine.py:6694:run_simulation_tradier imports and runs tradier_manage,GAP_NO_CAUSAL_CONSUMER,,CAUSAL_CONSUMER_SEMANTICS_UNVERIFIED,tradier_manage.py:1398:_shared_direct_entry_claim:_cfg,,no reviewed exact vector/live semantic contract; no field-specific causal read in backtest_v12_engine (generic override propagation excluded); no causal EZ crypto consumer
EXIT_STRUCT_TF,3943,UNIQUE_QUICKCONFIG_FIELD_WITH_NON_SYNTHETIC_VECTOR_READ,BOTH_OR_UNRESOLVED,CONNECTED_CAUSAL_READ_SEMANTICS_UNVERIFIED,v12_quick_engine.py:14750:simulate_one:getattr,CAUSAL_PATH_SEMANTICS_UNVERIFIED,backtest_v12_engine.py:10745:run_simulation_tradier:getattr;backtest_v12_engine.py:5566:run_simulation:getattr;backtest_v12_engine.py:6694:run_simulation_tradier imports and runs tradier_manage,GAP_NO_CAUSAL_CONSUMER,,CAUSAL_CONSUMER_SEMANTICS_UNVERIFIED,tradier_manage.py:5637:process_position:_cfg,,no reviewed exact vector/live semantic contract; no causal EZ crypto consumer
FH_MOMENTUM_ENABLED,3510,UNIQUE_QUICKCONFIG_FIELD_WITH_NON_SYNTHETIC_VECTOR_READ,BOTH_OR_UNRESOLVED,CONNECTED_CAUSAL_READ_SEMANTICS_UNVERIFIED,v12_quick_engine.py:6131:compute_reentry_blocks:getattr,CAUSAL_PATH_SEMANTICS_UNVERIFIED,backtest_v12_engine.py:6694:run_simulation_tradier imports and runs tradier_manage,GAP_NO_CAUSAL_CONSUMER,,CAUSAL_CONSUMER_SEMANTICS_UNVERIFIED,tradier_manage.py:14464:evaluate_open:_cfg;tradier_manage.py:23631:evaluate_fh_momentum:_cfg_auto,,no reviewed exact vector/live semantic contract; no field-specific causal read in backtest_v12_engine (generic override propagation excluded); no causal EZ crypto consumer
FORMATION_EXIT_MIN_GAIN_PCT,3544,UNIQUE_QUICKCONFIG_FIELD_WITH_NON_SYNTHETIC_VECTOR_READ,BOTH_OR_UNRESOLVED,CONNECTED_CAUSAL_READ_SEMANTICS_UNVERIFIED,v12_quick_engine.py:14847:simulate_one:attribute;v12_quick_engine.py:15173:simulate_one:attribute,CAUSAL_PATH_SEMANTICS_UNVERIFIED,backtest_v12_engine.py:5438:ez_manage.process_position;backtest_v12_engine.py:5897:ez_positions_quick.check_entry_candidates_for_account;backtest_v12_engine.py:6694:run_simulation_tradier imports and runs tradier_manage,CAUSAL_CONSUMER_SEMANTICS_UNVERIFIED,ez_positions_quick.py:3528:rate:getattr,CAUSAL_CONSUMER_SEMANTICS_UNVERIFIED,tradier_manage.py:12506:evaluate_stop:_cfg;tradier_manage.py:12691:evaluate_stop:_cfg,,no reviewed exact vector/live semantic contract; no field-specific causal read in backtest_v12_engine (generic override propagation excluded)
FORMATION_POSITION_SIZE_MULT,3543,UNIQUE_QUICKCONFIG_FIELD_WITH_NON_SYNTHETIC_VECTOR_READ,BOTH_OR_UNRESOLVED,CONNECTED_CAUSAL_READ_SEMANTICS_UNVERIFIED,v12_quick_engine.py:14128:simulate_one:attribute,CAUSAL_PATH_SEMANTICS_UNVERIFIED,backtest_v12_engine.py:6694:run_simulation_tradier imports and runs tradier_manage,GAP_NO_CAUSAL_CONSUMER,,CAUSAL_CONSUMER_SEMANTICS_UNVERIFIED,tradier_manage.py:14341:classic_formation_open_action:_cfg,,no reviewed exact vector/live semantic contract; no field-specific causal read in backtest_v12_engine (generic override propagation excluded); no causal EZ crypto consumer
GOLDEN_RULE_ENABLED,3928,UNIQUE_QUICKCONFIG_FIELD_WITH_NON_SYNTHETIC_VECTOR_READ,BOTH_OR_UNRESOLVED,CONNECTED_CAUSAL_READ_SEMANTICS_UNVERIFIED,v12_quick_engine.py:13503:simulate_one:attribute;v12_quick_engine.py:14131:simulate_one:attribute;v12_quick_engine.py:14252:simulate_one:attribute,CAUSAL_PATH_SEMANTICS_UNVERIFIED,backtest_v12_engine.py:5974:run_simulation:getattr;backtest_v12_engine.py:5438:ez_manage.process_position;backtest_v12_engine.py:5897:ez_positions_quick.check_entry_candidates_for_account;backtest_v12_engine.py:6694:run_simulation_tradier imports and runs tradier_manage,CAUSAL_CONSUMER_SEMANTICS_UNVERIFIED,ez_manage.py:11567:_golden_rule_loop:getattr,CAUSAL_CONSUMER_SEMANTICS_UNVERIFIED,tradier_manage.py:15663:evaluate_reentry:_cfg_auto,,no reviewed exact vector/live semantic contract
GOLDEN_RULE_HTF_MIN_TFS,4676,UNIQUE_QUICKCONFIG_FIELD_WITH_NON_SYNTHETIC_VECTOR_READ,BOTH_OR_UNRESOLVED,CONNECTED_CAUSAL_READ_SEMANTICS_UNVERIFIED,v12_quick_engine.py:7116:compute_entry_signals:getattr,CAUSAL_PATH_SEMANTICS_UNVERIFIED,backtest_v12_engine.py:4573:run_simulation:getattr;backtest_v12_engine.py:4695:run_simulation:getattr;backtest_v12_engine.py:6038:run_simulation:getattr;backtest_v12_engine.py:7635:_v8_execute_trade_action:getattr;backtest_v12_engine.py:8222:_v8_real_eta_wrapper:getattr;backtest_v12_engine.py:5438:ez_manage.process_position;backtest_v12_engine.py:5897:ez_positions_quick.check_entry_candidates_for_account;backtest_v12_engine.py:6694:run_simulation_tradier imports and runs tradier_manage,CAUSAL_CONSUMER_SEMANTICS_UNVERIFIED,ez_manage.py:11798:_golden_rule_loop:getattr;ez_manage.py:41444:process_position:getattr;ez_positions_quick.py:16104:worker:getattr,CAUSAL_CONSUMER_SEMANTICS_UNVERIFIED,tradier_manage.py:15692:evaluate_reentry:_cfg_auto;tradier_manage.py:18321:execute_trade_action:_cfg_auto,,no reviewed exact vector/live semantic contract
GOLDEN_RULE_MIN_IND,4678,UNIQUE_QUICKCONFIG_FIELD_WITH_NON_SYNTHETIC_VECTOR_READ,BOTH_OR_UNRESOLVED,CONNECTED_CAUSAL_READ_SEMANTICS_UNVERIFIED,v12_quick_engine.py:7117:compute_entry_signals:getattr,CAUSAL_PATH_SEMANTICS_UNVERIFIED,backtest_v12_engine.py:4572:run_simulation:getattr;backtest_v12_engine.py:4694:run_simulation:getattr;backtest_v12_engine.py:6039:run_simulation:getattr;backtest_v12_engine.py:7639:_v8_execute_trade_action:getattr;backtest_v12_engine.py:8226:_v8_real_eta_wrapper:getattr;backtest_v12_engine.py:5438:ez_manage.process_position;backtest_v12_engine.py:5897:ez_positions_quick.check_entry_candidates_for_account;backtest_v12_engine.py:6694:run_simulation_tradier imports and runs tradier_manage,CAUSAL_CONSUMER_SEMANTICS_UNVERIFIED,ez_manage.py:11806:_golden_rule_loop:getattr;ez_manage.py:41443:process_position:getattr;ez_positions_quick.py:16107:worker:getattr,CAUSAL_CONSUMER_SEMANTICS_UNVERIFIED,tradier_manage.py:13041:evaluate_stop:_cfg_auto;tradier_manage.py:15696:evaluate_reentry:_cfg_auto;tradier_manage.py:18326:execute_trade_action:_cfg_auto;tradier_manage.py:7781:process_position:_cfg_auto,,no reviewed exact vector/live semantic contract
GR_HTF_DIRECT_EXIT_ENABLED,4685,UNIQUE_QUICKCONFIG_FIELD_WITH_NON_SYNTHETIC_VECTOR_READ,BOTH_OR_UNRESOLVED,CONNECTED_CAUSAL_READ_SEMANTICS_UNVERIFIED,v12_quick_engine.py:7611:compute_exit_signals:getattr,CAUSAL_PATH_SEMANTICS_UNVERIFIED,backtest_v12_engine.py:4692:run_simulation:getattr;backtest_v12_engine.py:5438:ez_manage.process_position;backtest_v12_engine.py:5897:ez_positions_quick.check_entry_candidates_for_account;backtest_v12_engine.py:6694:run_simulation_tradier imports and runs tradier_manage,CAUSAL_CONSUMER_SEMANTICS_UNVERIFIED,ez_manage.py:41430:process_position:getattr,CAUSAL_CONSUMER_SEMANTICS_UNVERIFIED,tradier_manage.py:13037:evaluate_stop:_cfg_auto,,no reviewed exact vector/live semantic contract
GR_HTF_DIRECT_EXIT_SCORE,4686,UNIQUE_QUICKCONFIG_FIELD_WITH_NON_SYNTHETIC_VECTOR_READ,BOTH_OR_UNRESOLVED,CONNECTED_CAUSAL_READ_SEMANTICS_UNVERIFIED,v12_quick_engine.py:7612:compute_exit_signals:getattr,CAUSAL_PATH_SEMANTICS_UNVERIFIED,backtest_v12_engine.py:4571:run_simulation:getattr;backtest_v12_engine.py:4693:run_simulation:getattr;backtest_v12_engine.py:5438:ez_manage.process_position;backtest_v12_engine.py:5897:ez_positions_quick.check_entry_candidates_for_account;backtest_v12_engine.py:6694:run_simulation_tradier imports and runs tradier_manage,CAUSAL_CONSUMER_SEMANTICS_UNVERIFIED,ez_manage.py:41456:process_position:getattr,CAUSAL_CONSUMER_SEMANTICS_UNVERIFIED,tradier_manage.py:13056:evaluate_stop:_cfg_auto,,no reviewed exact vector/live semantic contract
HAIKU_ENTRY_GATE_ENABLED,3626,UNIQUE_QUICKCONFIG_FIELD_WITH_NON_SYNTHETIC_VECTOR_READ,BOTH_OR_UNRESOLVED,CONNECTED_CAUSAL_READ_SEMANTICS_UNVERIFIED,v12_quick_engine.py:6654:_exact_entry_contract_masks:attribute,CAUSAL_PATH_SEMANTICS_UNVERIFIED,backtest_v12_engine.py:5857:run_simulation:getattr;backtest_v12_engine.py:5438:ez_manage.process_position;backtest_v12_engine.py:5897:ez_positions_quick.check_entry_candidates_for_account;backtest_v12_engine.py:6694:run_simulation_tradier imports and runs tradier_manage,CAUSAL_CONSUMER_SEMANTICS_UNVERIFIED,ez_manage.py:51855:_ensure_ez_all:getattr,CAUSAL_CONSUMER_SEMANTICS_UNVERIFIED,tradier_manage.py:25359:_ensure_tradier_all:_cfg,,no reviewed exact vector/live semantic contract
HAIKU_ENTRY_GATE_LONG_MAX_K,3627,UNIQUE_QUICKCONFIG_FIELD_WITH_NON_SYNTHETIC_VECTOR_READ,BOTH_OR_UNRESOLVED,CONNECTED_CAUSAL_READ_SEMANTICS_UNVERIFIED,v12_quick_engine.py:6657:_exact_entry_contract_masks:attribute,CAUSAL_PATH_SEMANTICS_UNVERIFIED,backtest_v12_engine.py:5860:run_simulation:getattr,GAP_NO_CAUSAL_CONSUMER,,GAP_NO_CAUSAL_CONSUMER,,,no reviewed exact vector/live semantic contract; no causal EZ crypto consumer; no causal Tradier consumer
HAIKU_ENTRY_GATE_SHORT_MIN_K,3628,UNIQUE_QUICKCONFIG_FIELD_WITH_NON_SYNTHETIC_VECTOR_READ,BOTH_OR_UNRESOLVED,CONNECTED_CAUSAL_READ_SEMANTICS_UNVERIFIED,v12_quick_engine.py:6659:_exact_entry_contract_masks:attribute,CAUSAL_PATH_SEMANTICS_UNVERIFIED,backtest_v12_engine.py:5861:run_simulation:getattr,GAP_NO_CAUSAL_CONSUMER,,GAP_NO_CAUSAL_CONSUMER,,,no reviewed exact vector/live semantic contract; no causal EZ crypto consumer; no causal Tradier consumer
HA_WICK_QUALITY_ENABLED,4607,UNIQUE_QUICKCONFIG_FIELD_WITH_NON_SYNTHETIC_VECTOR_READ,BOTH_OR_UNRESOLVED,CONNECTED_CAUSAL_READ_SEMANTICS_UNVERIFIED,v12_quick_engine.py:5723:compute_reentry_blocks:attribute,CAUSAL_PATH_SEMANTICS_UNVERIFIED,backtest_v12_engine.py:5438:ez_manage.process_position;backtest_v12_engine.py:5897:ez_positions_quick.check_entry_candidates_for_account,CAUSAL_CONSUMER_SEMANTICS_UNVERIFIED,ez_positions_quick.py:4350:rate:getattr,GAP_NO_CAUSAL_CONSUMER,,,no reviewed exact vector/live semantic contract; no field-specific causal read in backtest_v12_engine (generic override propagation excluded); no causal Tradier consumer
HA_WICK_QUALITY_SCORE,4608,UNIQUE_QUICKCONFIG_FIELD_WITH_NON_SYNTHETIC_VECTOR_READ,BOTH_OR_UNRESOLVED,CONNECTED_CAUSAL_READ_SEMANTICS_UNVERIFIED,v12_quick_engine.py:6348:_combine_entry_blocks:attribute,CAUSAL_PATH_SEMANTICS_UNVERIFIED,backtest_v12_engine.py:5438:ez_manage.process_position;backtest_v12_engine.py:5897:ez_positions_quick.check_entry_candidates_for_account,CAUSAL_CONSUMER_SEMANTICS_UNVERIFIED,ez_positions_quick.py:4354:rate:getattr;ez_positions_quick.py:4356:rate:getattr,GAP_NO_CAUSAL_CONSUMER,,,no reviewed exact vector/live semantic contract; no field-specific causal read in backtest_v12_engine (generic override propagation excluded); no causal Tradier consumer
HA_WICK_QUALITY_TF,4609,UNIQUE_QUICKCONFIG_FIELD_WITH_NON_SYNTHETIC_VECTOR_READ,BOTH_OR_UNRESOLVED,CONNECTED_CAUSAL_READ_SEMANTICS_UNVERIFIED,v12_quick_engine.py:5724:compute_reentry_blocks:attribute,CAUSAL_PATH_SEMANTICS_UNVERIFIED,backtest_v12_engine.py:5438:ez_manage.process_position;backtest_v12_engine.py:5897:ez_positions_quick.check_entry_candidates_for_account,CAUSAL_CONSUMER_SEMANTICS_UNVERIFIED,ez_positions_quick.py:4351:rate:getattr,GAP_NO_CAUSAL_CONSUMER,,,no reviewed exact vector/live semantic contract; no field-specific causal read in backtest_v12_engine (generic override propagation excluded); no causal Tradier consumer
HTF_ALIGNMENT_ENABLED,3442,UNIQUE_QUICKCONFIG_FIELD_WITH_NON_SYNTHETIC_VECTOR_READ,BOTH_OR_UNRESOLVED,CONNECTED_CAUSAL_READ_SEMANTICS_UNVERIFIED,v12_quick_engine.py:6890:compute_entry_signals:attribute,GAP_NO_CAUSAL_CONSUMER,,GAP_NO_CAUSAL_CONSUMER,,GAP_NO_CAUSAL_CONSUMER,,,no reviewed exact vector/live semantic contract; no field-specific causal read in backtest_v12_engine (generic override propagation excluded); no causal EZ crypto consumer; no causal Tradier consumer
HTF_DIRECTION_GATE_ENABLED,3633,UNIQUE_QUICKCONFIG_FIELD_WITH_NON_SYNTHETIC_VECTOR_READ,BOTH_OR_UNRESOLVED,CONNECTED_CAUSAL_READ_SEMANTICS_UNVERIFIED,v12_quick_engine.py:6718:_exact_crypto_wt_entry_contract:attribute,CAUSAL_PATH_SEMANTICS_UNVERIFIED,backtest_v12_engine.py:5438:ez_manage.process_position;backtest_v12_engine.py:5897:ez_positions_quick.check_entry_candidates_for_account,CAUSAL_CONSUMER_SEMANTICS_UNVERIFIED,ez_positions_quick.py:12478:execute_trade_wrapper:getattr,GAP_NO_CAUSAL_CONSUMER,,,no reviewed exact vector/live semantic contract; no field-specific causal read in backtest_v12_engine (generic override propagation excluded); no causal Tradier consumer
HTF_GATE_APPLY_TO_OPEN,3634,UNIQUE_QUICKCONFIG_FIELD_WITH_NON_SYNTHETIC_VECTOR_READ,BOTH_OR_UNRESOLVED,CONNECTED_CAUSAL_READ_SEMANTICS_UNVERIFIED,v12_quick_engine.py:6718:_exact_crypto_wt_entry_contract:attribute,CAUSAL_PATH_SEMANTICS_UNVERIFIED,backtest_v12_engine.py:5438:ez_manage.process_position;backtest_v12_engine.py:5897:ez_positions_quick.check_entry_candidates_for_account,CAUSAL_CONSUMER_SEMANTICS_UNVERIFIED,ez_positions_quick.py:12479:execute_trade_wrapper:getattr,GAP_NO_CAUSAL_CONSUMER,,,no reviewed exact vector/live semantic contract; no field-specific causal read in backtest_v12_engine (generic override propagation excluded); no causal Tradier consumer
HTF_GATE_BYPASS_RZ,3635,UNIQUE_QUICKCONFIG_FIELD_WITH_NON_SYNTHETIC_VECTOR_READ,BOTH_OR_UNRESOLVED,CONNECTED_CAUSAL_READ_SEMANTICS_UNVERIFIED,v12_quick_engine.py:7325:compute_entry_signals:getattr,CAUSAL_PATH_SEMANTICS_UNVERIFIED,backtest_v12_engine.py:5438:ez_manage.process_position;backtest_v12_engine.py:5897:ez_positions_quick.check_entry_candidates_for_account,CAUSAL_CONSUMER_SEMANTICS_UNVERIFIED,ez_positions_quick.py:12481:execute_trade_wrapper:getattr,GAP_NO_CAUSAL_CONSUMER,,,no reviewed exact vector/live semantic contract; no field-specific causal read in backtest_v12_engine (generic override propagation excluded); no causal Tradier consumer
HTF_GATE_D_MANDATORY,3636,UNIQUE_QUICKCONFIG_FIELD_WITH_NON_SYNTHETIC_VECTOR_READ,BOTH_OR_UNRESOLVED,CONNECTED_CAUSAL_READ_SEMANTICS_UNVERIFIED,v12_quick_engine.py:6735:_exact_crypto_wt_entry_contract:attribute,CAUSAL_PATH_SEMANTICS_UNVERIFIED,backtest_v12_engine.py:5438:ez_manage.process_position;backtest_v12_engine.py:5897:ez_positions_quick.check_entry_candidates_for_account,CAUSAL_CONSUMER_SEMANTICS_UNVERIFIED,ez_manage.py:31679:ratio_rebalance_loop:getattr;ez_positions_quick.py:11999:check_htf_direction_gate:getattr,GAP_NO_CAUSAL_CONSUMER,,,no reviewed exact vector/live semantic contract; no field-specific causal read in backtest_v12_engine (generic override propagation excluded); no causal Tradier consumer
HTF_GATE_MIN_CONFIRMATIONS,3637,UNIQUE_QUICKCONFIG_FIELD_WITH_NON_SYNTHETIC_VECTOR_READ,BOTH_OR_UNRESOLVED,CONNECTED_CAUSAL_READ_SEMANTICS_UNVERIFIED,v12_quick_engine.py:6734:_exact_crypto_wt_entry_contract:attribute,CAUSAL_PATH_SEMANTICS_UNVERIFIED,backtest_v12_engine.py:5438:ez_manage.process_position;backtest_v12_engine.py:5897:ez_positions_quick.check_entry_candidates_for_account,CAUSAL_CONSUMER_SEMANTICS_UNVERIFIED,ez_positions_quick.py:11998:check_htf_direction_gate:getattr,GAP_NO_CAUSAL_CONSUMER,,,no reviewed exact vector/live semantic contract; no field-specific causal read in backtest_v12_engine (generic override propagation excluded); no causal Tradier consumer
HTF_GATE_SIGNALS_SMA200D,3638,UNIQUE_QUICKCONFIG_FIELD_WITH_NON_SYNTHETIC_VECTOR_READ,BOTH_OR_UNRESOLVED,CONNECTED_CAUSAL_READ_SEMANTICS_UNVERIFIED,v12_quick_engine.py:6731:_exact_crypto_wt_entry_contract:attribute,CAUSAL_PATH_SEMANTICS_UNVERIFIED,backtest_v12_engine.py:5438:ez_manage.process_position;backtest_v12_engine.py:5897:ez_positions_quick.check_entry_candidates_for_account,CAUSAL_CONSUMER_SEMANTICS_UNVERIFIED,ez_manage.py:31676:ratio_rebalance_loop:getattr;ez_positions_quick.py:11981:check_htf_direction_gate:getattr,GAP_NO_CAUSAL_CONSUMER,,,no reviewed exact vector/live semantic contract; no field-specific causal read in backtest_v12_engine (generic override propagation excluded); no causal Tradier consumer
HTF_MIN_ALIGNED,3443,UNIQUE_QUICKCONFIG_FIELD_WITH_NON_SYNTHETIC_VECTOR_READ,BOTH_OR_UNRESOLVED,CONNECTED_CAUSAL_READ_SEMANTICS_UNVERIFIED,v12_quick_engine.py:6900:compute_entry_signals:attribute,GAP_NO_CAUSAL_CONSUMER,,GAP_NO_CAUSAL_CONSUMER,,GAP_NO_CAUSAL_CONSUMER,,,no reviewed exact vector/live semantic contract; no field-specific causal read in backtest_v12_engine (generic override propagation excluded); no causal EZ crypto consumer; no causal Tradier consumer
K3M_FLOOR,3416,UNIQUE_QUICKCONFIG_FIELD_WITH_NON_SYNTHETIC_VECTOR_READ,BOTH_OR_UNRESOLVED,CONNECTED_CAUSAL_READ_SEMANTICS_UNVERIFIED,v12_quick_engine.py:6855:compute_entry_signals:attribute,GAP_NO_CAUSAL_CONSUMER,,GAP_NO_CAUSAL_CONSUMER,,GAP_NO_CAUSAL_CONSUMER,,,no reviewed exact vector/live semantic contract; no field-specific causal read in backtest_v12_engine (generic override propagation excluded); no causal EZ crypto consumer; no causal Tradier consumer
KINDERGARTEN_CROSS_TYPE,4612,UNIQUE_QUICKCONFIG_FIELD_WITH_NON_SYNTHETIC_VECTOR_READ,BOTH_OR_UNRESOLVED,CONNECTED_EXACT_REVIEWED,v12_quick_engine.py:3341:_kindergarten_entry_mask:getattr,EXACT_LIVE_DELEGATED_OR_DIRECT_PATH,backtest_v12_engine.py:6694:run_simulation_tradier imports and runs tradier_manage,GAP_NO_CAUSAL_CONSUMER,,EXACT_CAUSAL_CONSUMER,tradier_manage.py:896:_v12_kindergarten_entry_allowed:resolver,"select ema9_21, ema200, ema_sma, or persisted 9/21 comparison semantics",no causal EZ crypto consumer; backtest reaches reviewed live consumer by delegation rather than a duplicate predicate
KINDERGARTEN_EMA_GATE_ENABLED,4610,UNIQUE_QUICKCONFIG_FIELD_WITH_NON_SYNTHETIC_VECTOR_READ,BOTH_OR_UNRESOLVED,CONNECTED_EXACT_REVIEWED,v12_quick_engine.py:3339:_kindergarten_entry_mask:getattr,EXACT_LIVE_DELEGATED_OR_DIRECT_PATH,backtest_v12_engine.py:5438:ez_manage.process_position;backtest_v12_engine.py:5897:ez_positions_quick.check_entry_candidates_for_account;backtest_v12_engine.py:6694:run_simulation_tradier imports and runs tradier_manage,EXACT_CAUSAL_CONSUMER,ez_manage.py:387:_kindergarten_ema_gate:getattr,EXACT_CAUSAL_CONSUMER,tradier_manage.py:894:_v12_kindergarten_entry_allowed:resolver,parent entry gate for the selected kindergarten MA relationship,backtest reaches reviewed live consumer by delegation rather than a duplicate predicate
KINDERGARTEN_EMA_PERIOD,4613,UNIQUE_QUICKCONFIG_FIELD_WITH_NON_SYNTHETIC_VECTOR_READ,BOTH_OR_UNRESOLVED,CONNECTED_EXACT_REVIEWED,v12_quick_engine.py:3384:_kindergarten_entry_mask:getattr,EXACT_LIVE_DELEGATED_OR_DIRECT_PATH,backtest_v12_engine.py:6694:run_simulation_tradier imports and runs tradier_manage,GAP_NO_CAUSAL_CONSUMER,,EXACT_CAUSAL_CONSUMER,tradier_manage.py:928:_v12_kindergarten_entry_allowed:resolver,causal stepped-close EMA period when ema_sma arrays are absent,no causal EZ crypto consumer; backtest reaches reviewed live consumer by delegation rather than a duplicate predicate
KINDERGARTEN_SMA_PERIOD,4614,UNIQUE_QUICKCONFIG_FIELD_WITH_NON_SYNTHETIC_VECTOR_READ,BOTH_OR_UNRESOLVED,CONNECTED_EXACT_REVIEWED,v12_quick_engine.py:3385:_kindergarten_entry_mask:getattr,EXACT_LIVE_DELEGATED_OR_DIRECT_PATH,backtest_v12_engine.py:6694:run_simulation_tradier imports and runs tradier_manage,GAP_NO_CAUSAL_CONSUMER,,EXACT_CAUSAL_CONSUMER,tradier_manage.py:929:_v12_kindergarten_entry_allowed:resolver,causal stepped-close SMA period when ema_sma arrays are absent,no causal EZ crypto consumer; backtest reaches reviewed live consumer by delegation rather than a duplicate predicate
KINDERGARTEN_TF,4611,UNIQUE_QUICKCONFIG_FIELD_WITH_NON_SYNTHETIC_VECTOR_READ,BOTH_OR_UNRESOLVED,CONNECTED_EXACT_REVIEWED,v12_quick_engine.py:3347:_kindergarten_entry_mask:getattr,EXACT_LIVE_DELEGATED_OR_DIRECT_PATH,backtest_v12_engine.py:6694:run_simulation_tradier imports and runs tradier_manage,GAP_NO_CAUSAL_CONSUMER,,EXACT_CAUSAL_CONSUMER,tradier_manage.py:902:_v12_kindergarten_entry_allowed:resolver,native timeframe selector for non-ema9_21 kindergarten modes,no causal EZ crypto consumer; backtest reaches reviewed live consumer by delegation rather than a duplicate predicate
K_ZONE_ENTRY_ENABLED,3445,UNIQUE_QUICKCONFIG_FIELD_WITH_NON_SYNTHETIC_VECTOR_READ,BOTH_OR_UNRESOLVED,CONNECTED_CAUSAL_READ_SEMANTICS_UNVERIFIED,v12_quick_engine.py:5578:compute_reentry_blocks:getattr,CAUSAL_PATH_SEMANTICS_UNVERIFIED,backtest_v12_engine.py:5438:ez_manage.process_position;backtest_v12_engine.py:5897:ez_positions_quick.check_entry_candidates_for_account,CAUSAL_CONSUMER_SEMANTICS_UNVERIFIED,ez_positions_quick.py:2869:rate:getattr,GAP_NO_CAUSAL_CONSUMER,,,no reviewed exact vector/live semantic contract; no field-specific causal read in backtest_v12_engine (generic override propagation excluded); no causal Tradier consumer
K_ZONE_ENTRY_ENABLED_TRADIER,4703,UNIQUE_QUICKCONFIG_FIELD_WITH_NON_SYNTHETIC_VECTOR_READ,TRADIER_ONLY_EXPLICIT_NAME,CONNECTED_EXACT_REVIEWED,v12_quick_engine.py:6364:_tradier_signal_score_family:attribute;v12_quick_engine.py:6526:_tradier_signal_score_family:attribute,EXACT_LIVE_DELEGATED_OR_DIRECT_PATH,backtest_v12_engine.py:6694:run_simulation_tradier imports and runs tradier_manage,N_A_EXPLICIT_TRADIER_FIELD,,EXACT_CAUSAL_CONSUMER,tradier_manage.py:11160:calculate_signal_score:getattr;tradier_manage.py:7714:process_position:_cfg_auto,4h stochastic K-zone side gate and turning confirmation,backtest reaches reviewed live consumer by delegation rather than a duplicate predicate
K_ZONE_LONG_THRESHOLD,3446,UNIQUE_QUICKCONFIG_FIELD_WITH_NON_SYNTHETIC_VECTOR_READ,BOTH_OR_UNRESOLVED,CONNECTED_CAUSAL_READ_SEMANTICS_UNVERIFIED,v12_quick_engine.py:5580:compute_reentry_blocks:getattr,CAUSAL_PATH_SEMANTICS_UNVERIFIED,backtest_v12_engine.py:5438:ez_manage.process_position;backtest_v12_engine.py:5897:ez_positions_quick.check_entry_candidates_for_account,CAUSAL_CONSUMER_SEMANTICS_UNVERIFIED,ez_positions_quick.py:2872:rate:getattr,GAP_NO_CAUSAL_CONSUMER,,,no reviewed exact vector/live semantic contract; no field-specific causal read in backtest_v12_engine (generic override propagation excluded); no causal Tradier consumer
K_ZONE_LONG_THRESHOLD_TRADIER,4132,UNIQUE_QUICKCONFIG_FIELD_WITH_NON_SYNTHETIC_VECTOR_READ,TRADIER_ONLY_EXPLICIT_NAME,CONNECTED_CAUSAL_READ_SEMANTICS_UNVERIFIED,v12_quick_engine.py:5580:compute_reentry_blocks:getattr;v12_quick_engine.py:6527:_tradier_signal_score_family:getattr;v12_quick_engine.py:6978:compute_entry_signals:getattr,CAUSAL_PATH_SEMANTICS_UNVERIFIED,backtest_v12_engine.py:6694:run_simulation_tradier imports and runs tradier_manage,N_A_EXPLICIT_TRADIER_FIELD,,CAUSAL_CONSUMER_SEMANTICS_UNVERIFIED,tradier_manage.py:11161:calculate_signal_score:_cfg;tradier_manage.py:7719:process_position:_cfg_auto;tradier_manage.py:7856:process_position:_cfg,,no reviewed exact vector/live semantic contract; no field-specific causal read in backtest_v12_engine (generic override propagation excluded)
K_ZONE_SHORT_THRESHOLD,3447,UNIQUE_QUICKCONFIG_FIELD_WITH_NON_SYNTHETIC_VECTOR_READ,BOTH_OR_UNRESOLVED,CONNECTED_CAUSAL_READ_SEMANTICS_UNVERIFIED,v12_quick_engine.py:5581:compute_reentry_blocks:getattr,CAUSAL_PATH_SEMANTICS_UNVERIFIED,backtest_v12_engine.py:5438:ez_manage.process_position;backtest_v12_engine.py:5897:ez_positions_quick.check_entry_candidates_for_account,CAUSAL_CONSUMER_SEMANTICS_UNVERIFIED,ez_positions_quick.py:2873:rate:getattr,GAP_NO_CAUSAL_CONSUMER,,,no reviewed exact vector/live semantic contract; no field-specific causal read in backtest_v12_engine (generic override propagation excluded); no causal Tradier consumer
K_ZONE_SHORT_THRESHOLD_TRADIER,4133,UNIQUE_QUICKCONFIG_FIELD_WITH_NON_SYNTHETIC_VECTOR_READ,TRADIER_ONLY_EXPLICIT_NAME,CONNECTED_CAUSAL_READ_SEMANTICS_UNVERIFIED,v12_quick_engine.py:5581:compute_reentry_blocks:getattr;v12_quick_engine.py:6528:_tradier_signal_score_family:getattr;v12_quick_engine.py:6979:compute_entry_signals:getattr,CAUSAL_PATH_SEMANTICS_UNVERIFIED,backtest_v12_engine.py:6694:run_simulation_tradier imports and runs tradier_manage,N_A_EXPLICIT_TRADIER_FIELD,,CAUSAL_CONSUMER_SEMANTICS_UNVERIFIED,tradier_manage.py:11162:calculate_signal_score:_cfg;tradier_manage.py:7720:process_position:_cfg_auto;tradier_manage.py:7860:process_position:_cfg,,no reviewed exact vector/live semantic contract; no field-specific causal read in backtest_v12_engine (generic override propagation excluded)
K_ZONE_VETO_ENABLED_TRADIER,4705,UNIQUE_QUICKCONFIG_FIELD_WITH_NON_SYNTHETIC_VECTOR_READ,TRADIER_ONLY_EXPLICIT_NAME,CONNECTED_CAUSAL_READ_SEMANTICS_UNVERIFIED,v12_quick_engine.py:6976:compute_entry_signals:getattr,CAUSAL_PATH_SEMANTICS_UNVERIFIED,backtest_v12_engine.py:6694:run_simulation_tradier imports and runs tradier_manage,N_A_EXPLICIT_TRADIER_FIELD,,CAUSAL_CONSUMER_SEMANTICS_UNVERIFIED,tradier_manage.py:7852:process_position:_cfg_auto,,no reviewed exact vector/live semantic contract; no field-specific causal read in backtest_v12_engine (generic override propagation excluded)
LEGACY_GUARANTEED_REENTRY,5237,UNIQUE_QUICKCONFIG_FIELD_WITH_NON_SYNTHETIC_VECTOR_READ,BOTH_OR_UNRESOLVED,CONNECTED_CAUSAL_READ_SEMANTICS_UNVERIFIED,v12_quick_engine.py:13706:simulate_one:getattr,CAUSAL_PATH_SEMANTICS_UNVERIFIED,backtest_v12_engine.py:5438:ez_manage.process_position;backtest_v12_engine.py:5897:ez_positions_quick.check_entry_candidates_for_account,CAUSAL_CONSUMER_SEMANTICS_UNVERIFIED,ez_manage.py:30869:reentry_enforcement_loop:getattr;ez_positions_quick.py:16487:reentry_enforcement_loop_epq:getattr,GAP_NO_CAUSAL_CONSUMER,,,no reviewed exact vector/live semantic contract; no field-specific causal read in backtest_v12_engine (generic override propagation excluded); no causal Tradier consumer
LONG_STOCH_CHASE_BLOCK,5239,UNIQUE_QUICKCONFIG_FIELD_WITH_NON_SYNTHETIC_VECTOR_READ,BOTH_OR_UNRESOLVED,CONNECTED_CAUSAL_READ_SEMANTICS_UNVERIFIED,v12_quick_engine.py:6965:compute_entry_signals:getattr,CAUSAL_PATH_SEMANTICS_UNVERIFIED,backtest_v12_engine.py:5438:ez_manage.process_position;backtest_v12_engine.py:5897:ez_positions_quick.check_entry_candidates_for_account;backtest_v12_engine.py:6694:run_simulation_tradier imports and runs tradier_manage,CAUSAL_CONSUMER_SEMANTICS_UNVERIFIED,ez_positions_quick.py:2753:rate:getattr,CAUSAL_CONSUMER_SEMANTICS_UNVERIFIED,tradier_manage.py:7904:process_position:_cfg_auto,,no reviewed exact vector/live semantic contract; no field-specific causal read in backtest_v12_engine (generic override propagation excluded)
MACD_ZERO_CROSS_ENABLED,4588,UNIQUE_QUICKCONFIG_FIELD_WITH_NON_SYNTHETIC_VECTOR_READ,BOTH_OR_UNRESOLVED,CONNECTED_CAUSAL_READ_SEMANTICS_UNVERIFIED,v12_quick_engine.py:5699:compute_reentry_blocks:attribute,CAUSAL_PATH_SEMANTICS_UNVERIFIED,backtest_v12_engine.py:5438:ez_manage.process_position;backtest_v12_engine.py:5897:ez_positions_quick.check_entry_candidates_for_account,CAUSAL_CONSUMER_SEMANTICS_UNVERIFIED,ez_positions_quick.py:4332:rate:getattr,GAP_NO_CAUSAL_CONSUMER,,,no reviewed exact vector/live semantic contract; no field-specific causal read in backtest_v12_engine (generic override propagation excluded); no causal Tradier consumer
MACD_ZERO_CROSS_SCORE,4589,UNIQUE_QUICKCONFIG_FIELD_WITH_NON_SYNTHETIC_VECTOR_READ,BOTH_OR_UNRESOLVED,CONNECTED_CAUSAL_READ_SEMANTICS_UNVERIFIED,v12_quick_engine.py:6344:_combine_entry_blocks:attribute,CAUSAL_PATH_SEMANTICS_UNVERIFIED,backtest_v12_engine.py:5438:ez_manage.process_position;backtest_v12_engine.py:5897:ez_positions_quick.check_entry_candidates_for_account,CAUSAL_CONSUMER_SEMANTICS_UNVERIFIED,ez_positions_quick.py:4339:rate:getattr;ez_positions_quick.py:4341:rate:getattr,GAP_NO_CAUSAL_CONSUMER,,,no reviewed exact vector/live semantic contract; no field-specific causal read in backtest_v12_engine (generic override propagation excluded); no causal Tradier consumer
MACD_ZERO_CROSS_TF,4590,UNIQUE_QUICKCONFIG_FIELD_WITH_NON_SYNTHETIC_VECTOR_READ,BOTH_OR_UNRESOLVED,CONNECTED_CAUSAL_READ_SEMANTICS_UNVERIFIED,v12_quick_engine.py:5700:compute_reentry_blocks:attribute,CAUSAL_PATH_SEMANTICS_UNVERIFIED,backtest_v12_engine.py:5438:ez_manage.process_position;backtest_v12_engine.py:5897:ez_positions_quick.check_entry_candidates_for_account,CAUSAL_CONSUMER_SEMANTICS_UNVERIFIED,ez_positions_quick.py:4333:rate:getattr,GAP_NO_CAUSAL_CONSUMER,,,no reviewed exact vector/live semantic contract; no field-specific causal read in backtest_v12_engine (generic override propagation excluded); no causal Tradier consumer
MANAGE_REDUCE,5241,UNIQUE_QUICKCONFIG_FIELD_WITH_NON_SYNTHETIC_VECTOR_READ,BOTH_OR_UNRESOLVED,CONNECTED_CAUSAL_READ_SEMANTICS_UNVERIFIED,v12_quick_engine.py:14695:simulate_one:getattr,CAUSAL_PATH_SEMANTICS_UNVERIFIED,backtest_v12_engine.py:5438:ez_manage.process_position;backtest_v12_engine.py:5897:ez_positions_quick.check_entry_candidates_for_account,CAUSAL_CONSUMER_SEMANTICS_UNVERIFIED,ez_manage.py:18613:execute_trade_action:attribute;ez_manage.py:18638:execute_trade_action:attribute;ez_manage.py:43486:process_position:attribute;ez_manage.py:44757:process_position:attribute;ez_manage.py:44781:process_position:attribute;ez_manage.py:45242:process_position:attribute;ez_manage.py:45339:process_position:attribute;ez_manage.py:45449:process_position:attribute;ez_manage.py:45613:process_position:attribute;ez_manage.py:45645:process_position:attribute;ez_manage.py:45657:process_position:attribute;ez_manage.py:46072:process_position:attribute;ez_manage.py:46078:process_position:attribute,GAP_NO_CAUSAL_CONSUMER,,,no reviewed exact vector/live semantic contract; no field-specific causal read in backtest_v12_engine (generic override propagation excluded); no causal Tradier consumer
MANDATORY_REENTRY_WT_FILTER_ENABLED,5245,UNIQUE_QUICKCONFIG_FIELD_WITH_NON_SYNTHETIC_VECTOR_READ,BOTH_OR_UNRESOLVED,CONNECTED_CAUSAL_READ_SEMANTICS_UNVERIFIED,v12_quick_engine.py:13701:simulate_one:getattr,CAUSAL_PATH_SEMANTICS_UNVERIFIED,backtest_v12_engine.py:6694:run_simulation_tradier imports and runs tradier_manage,GAP_NO_CAUSAL_CONSUMER,,CAUSAL_CONSUMER_SEMANTICS_UNVERIFIED,tradier_manage.py:6776:process_position:_cfg_auto,,no reviewed exact vector/live semantic contract; no field-specific causal read in backtest_v12_engine (generic override propagation excluded); no causal EZ crypto consumer
MFI_ENTRY_ENABLED,3506,UNIQUE_QUICKCONFIG_FIELD_WITH_NON_SYNTHETIC_VECTOR_READ,BOTH_OR_UNRESOLVED,CONNECTED_CAUSAL_READ_SEMANTICS_UNVERIFIED,v12_quick_engine.py:6913:compute_entry_signals:attribute,CAUSAL_PATH_SEMANTICS_UNVERIFIED,backtest_v12_engine.py:8117:_v8_real_eta_wrapper:getattr;backtest_v12_engine.py:6694:run_simulation_tradier imports and runs tradier_manage,GAP_NO_CAUSAL_CONSUMER,,CAUSAL_CONSUMER_SEMANTICS_UNVERIFIED,tradier_manage.py:20513:should_enter_long:_cfg_auto,,no reviewed exact vector/live semantic contract; no causal EZ crypto consumer
MFI_ENTRY_LONG_MAX,3507,UNIQUE_QUICKCONFIG_FIELD_WITH_NON_SYNTHETIC_VECTOR_READ,BOTH_OR_UNRESOLVED,CONNECTED_CAUSAL_READ_SEMANTICS_UNVERIFIED,v12_quick_engine.py:6914:compute_entry_signals:attribute,GAP_NO_CAUSAL_CONSUMER,,GAP_NO_CAUSAL_CONSUMER,,GAP_NO_CAUSAL_CONSUMER,,,no reviewed exact vector/live semantic contract; no field-specific causal read in backtest_v12_engine (generic override propagation excluded); no causal EZ crypto consumer; no causal Tradier consumer
MFI_ENTRY_SHORT_MIN,3508,UNIQUE_QUICKCONFIG_FIELD_WITH_NON_SYNTHETIC_VECTOR_READ,BOTH_OR_UNRESOLVED,CONNECTED_CAUSAL_READ_SEMANTICS_UNVERIFIED,v12_quick_engine.py:6915:compute_entry_signals:attribute,GAP_NO_CAUSAL_CONSUMER,,GAP_NO_CAUSAL_CONSUMER,,GAP_NO_CAUSAL_CONSUMER,,,no reviewed exact vector/live semantic contract; no field-specific causal read in backtest_v12_engine (generic override propagation excluded); no causal EZ crypto consumer; no causal Tradier consumer
MFI_FLIP_EXIT_ENABLED,3514,UNIQUE_QUICKCONFIG_FIELD_WITH_NON_SYNTHETIC_VECTOR_READ,BOTH_OR_UNRESOLVED,CONNECTED_CAUSAL_READ_SEMANTICS_UNVERIFIED,v12_quick_engine.py:7515:compute_exit_signals:attribute,CAUSAL_PATH_SEMANTICS_UNVERIFIED,backtest_v12_engine.py:6694:run_simulation_tradier imports and runs tradier_manage,GAP_NO_CAUSAL_CONSUMER,,CAUSAL_CONSUMER_SEMANTICS_UNVERIFIED,tradier_manage.py:13335:evaluate_stop:_cfg,,no reviewed exact vector/live semantic contract; no field-specific causal read in backtest_v12_engine (generic override propagation excluded); no causal EZ crypto consumer
MFI_FLIP_EXIT_LONG_THRESHOLD,3515,UNIQUE_QUICKCONFIG_FIELD_WITH_NON_SYNTHETIC_VECTOR_READ,BOTH_OR_UNRESOLVED,CONNECTED_CAUSAL_READ_SEMANTICS_UNVERIFIED,v12_quick_engine.py:7516:compute_exit_signals:attribute,CAUSAL_PATH_SEMANTICS_UNVERIFIED,backtest_v12_engine.py:6694:run_simulation_tradier imports and runs tradier_manage,GAP_NO_CAUSAL_CONSUMER,,CAUSAL_CONSUMER_SEMANTICS_UNVERIFIED,tradier_manage.py:13336:evaluate_stop:_cfg,,no reviewed exact vector/live semantic contract; no field-specific causal read in backtest_v12_engine (generic override propagation excluded); no causal EZ crypto consumer
MFI_FLIP_EXIT_SHORT_THRESHOLD,3516,UNIQUE_QUICKCONFIG_FIELD_WITH_NON_SYNTHETIC_VECTOR_READ,BOTH_OR_UNRESOLVED,CONNECTED_CAUSAL_READ_SEMANTICS_UNVERIFIED,v12_quick_engine.py:7517:compute_exit_signals:attribute,CAUSAL_PATH_SEMANTICS_UNVERIFIED,backtest_v12_engine.py:6694:run_simulation_tradier imports and runs tradier_manage,GAP_NO_CAUSAL_CONSUMER,,CAUSAL_CONSUMER_SEMANTICS_UNVERIFIED,tradier_manage.py:13337:evaluate_stop:_cfg,,no reviewed exact vector/live semantic contract; no field-specific causal read in backtest_v12_engine (generic override propagation excluded); no causal EZ crypto consumer
MIN_GAIN_TO_BUY_AGGRESSIVELY,4765,UNIQUE_QUICKCONFIG_FIELD_WITH_NON_SYNTHETIC_VECTOR_READ,BOTH_OR_UNRESOLVED,CONNECTED_CAUSAL_READ_SEMANTICS_UNVERIFIED,v12_quick_engine.py:14068:simulate_one:getattr;v12_quick_engine.py:14353:simulate_one:getattr,CAUSAL_PATH_SEMANTICS_UNVERIFIED,backtest_v12_engine.py:3290:_crypto_eta:getattr;backtest_v12_engine.py:5438:ez_manage.process_position;backtest_v12_engine.py:5897:ez_positions_quick.check_entry_candidates_for_account;backtest_v12_engine.py:6694:run_simulation_tradier imports and runs tradier_manage,CAUSAL_CONSUMER_SEMANTICS_UNVERIFIED,ez_manage.py:25598:execute_now:getattr,CAUSAL_CONSUMER_SEMANTICS_UNVERIFIED,tradier_manage.py:15080:evaluate_augment:_cfg_auto;tradier_manage.py:16623:periodic_sentiment_rebalancing:_cfg_auto,,no reviewed exact vector/live semantic contract
MIN_HOLD_BARS,4052,UNIQUE_QUICKCONFIG_FIELD_WITH_NON_SYNTHETIC_VECTOR_READ,BOTH_OR_UNRESOLVED,CONNECTED_CAUSAL_READ_SEMANTICS_UNVERIFIED,v12_quick_engine.py:13560:simulate_one:attribute,CAUSAL_PATH_SEMANTICS_UNVERIFIED,backtest_v12_engine.py:6694:run_simulation_tradier imports and runs tradier_manage,GAP_NO_CAUSAL_CONSUMER,,CAUSAL_CONSUMER_SEMANTICS_UNVERIFIED,tradier_manage.py:1121:_v12_lifecycle_context:resolver,,no reviewed exact vector/live semantic contract; no field-specific causal read in backtest_v12_engine (generic override propagation excluded); no causal EZ crypto consumer
MIN_HOLD_BARS_BEFORE_EXIT,4136,UNIQUE_QUICKCONFIG_FIELD_WITH_NON_SYNTHETIC_VECTOR_READ,BOTH_OR_UNRESOLVED,CONNECTED_CAUSAL_READ_SEMANTICS_UNVERIFIED,v12_quick_engine.py:13560:simulate_one:getattr,CAUSAL_PATH_SEMANTICS_UNVERIFIED,backtest_v12_engine.py:6694:run_simulation_tradier imports and runs tradier_manage,GAP_NO_CAUSAL_CONSUMER,,CAUSAL_CONSUMER_SEMANTICS_UNVERIFIED,tradier_manage.py:1122:_v12_lifecycle_context:resolver,,no reviewed exact vector/live semantic contract; no field-specific causal read in backtest_v12_engine (generic override propagation excluded); no causal EZ crypto consumer
MIN_HOLD_MINUTES_TRADIER,4137,UNIQUE_QUICKCONFIG_FIELD_WITH_NON_SYNTHETIC_VECTOR_READ,TRADIER_ONLY_EXPLICIT_NAME,CONNECTED_CAUSAL_READ_SEMANTICS_UNVERIFIED,v12_quick_engine.py:13561:simulate_one:getattr;v12_quick_engine.py:13562:simulate_one:attribute,CAUSAL_PATH_SEMANTICS_UNVERIFIED,backtest_v12_engine.py:6694:run_simulation_tradier imports and runs tradier_manage,N_A_EXPLICIT_TRADIER_FIELD,,CAUSAL_CONSUMER_SEMANTICS_UNVERIFIED,tradier_manage.py:1132:_v12_lifecycle_context:resolver;tradier_manage.py:12958:evaluate_stop:getattr;tradier_manage.py:13113:evaluate_stop:getattr;tradier_manage.py:16547:periodic_sentiment_rebalancing:getattr;tradier_manage.py:6259:process_position:getattr;tradier_manage.py:9156:periodic_override_check:getattr,,no reviewed exact vector/live semantic contract; no field-specific causal read in backtest_v12_engine (generic override propagation excluded)
MI_ENTRY_ENABLED,3623,UNIQUE_QUICKCONFIG_FIELD_WITH_NON_SYNTHETIC_VECTOR_READ,BOTH_OR_UNRESOLVED,CONNECTED_CAUSAL_READ_SEMANTICS_UNVERIFIED,v12_quick_engine.py:6671:_exact_entry_contract_masks:attribute,CAUSAL_PATH_SEMANTICS_UNVERIFIED,backtest_v12_engine.py:5438:ez_manage.process_position;backtest_v12_engine.py:5897:ez_positions_quick.check_entry_candidates_for_account,CAUSAL_CONSUMER_SEMANTICS_UNVERIFIED,ez_positions_quick.py:2705:rate:getattr,GAP_NO_CAUSAL_CONSUMER,,,no reviewed exact vector/live semantic contract; no field-specific causal read in backtest_v12_engine (generic override propagation excluded); no causal Tradier consumer
MI_ENTRY_ENABLED_TRADIER,4140,UNIQUE_QUICKCONFIG_FIELD_WITH_NON_SYNTHETIC_VECTOR_READ,TRADIER_ONLY_EXPLICIT_NAME,CONNECTED_EXACT_REVIEWED,v12_quick_engine.py:6168:compute_reentry_blocks:getattr,EXACT_LIVE_DELEGATED_OR_DIRECT_PATH,backtest_v12_engine.py:6694:run_simulation_tradier imports and runs tradier_manage,N_A_EXPLICIT_TRADIER_FIELD,,EXACT_CAUSAL_CONSUMER,tradier_manage.py:1089:_v12_mi_entry_claim:resolver;tradier_manage.py:1090:_v12_mi_entry_claim:resolver;tradier_manage.py:12015:calculate_quantity_complex_extended:_cfg;tradier_manage.py:7869:process_position:_cfg,Tradier MI parent gate for the exact three-vote entry block,backtest reaches reviewed live consumer by delegation rather than a duplicate predicate
MI_ENTRY_EXHAUST_BONUS,3624,UNIQUE_QUICKCONFIG_FIELD_WITH_NON_SYNTHETIC_VECTOR_READ,BOTH_OR_UNRESOLVED,CONNECTED_CAUSAL_READ_SEMANTICS_UNVERIFIED,v12_quick_engine.py:6682:_exact_entry_contract_masks:attribute;v12_quick_engine.py:6685:_exact_entry_contract_masks:attribute,CAUSAL_PATH_SEMANTICS_UNVERIFIED,backtest_v12_engine.py:5438:ez_manage.process_position;backtest_v12_engine.py:5897:ez_positions_quick.check_entry_candidates_for_account,CAUSAL_CONSUMER_SEMANTICS_UNVERIFIED,ez_positions_quick.py:2708:rate:getattr,GAP_NO_CAUSAL_CONSUMER,,,no reviewed exact vector/live semantic contract; no field-specific causal read in backtest_v12_engine (generic override propagation excluded); no causal Tradier consumer
MI_ENTRY_STRUCT_BONUS,3625,UNIQUE_QUICKCONFIG_FIELD_WITH_NON_SYNTHETIC_VECTOR_READ,BOTH_OR_UNRESOLVED,CONNECTED_CAUSAL_READ_SEMANTICS_UNVERIFIED,v12_quick_engine.py:6677:_exact_entry_contract_masks:attribute,CAUSAL_PATH_SEMANTICS_UNVERIFIED,backtest_v12_engine.py:5438:ez_manage.process_position;backtest_v12_engine.py:5897:ez_positions_quick.check_entry_candidates_for_account,CAUSAL_CONSUMER_SEMANTICS_UNVERIFIED,ez_positions_quick.py:2707:rate:getattr,GAP_NO_CAUSAL_CONSUMER,,,no reviewed exact vector/live semantic contract; no field-specific causal read in backtest_v12_engine (generic override propagation excluded); no causal Tradier consumer
MI_EXIT_ENABLED,3537,UNIQUE_QUICKCONFIG_FIELD_WITH_NON_SYNTHETIC_VECTOR_READ,BOTH_OR_UNRESOLVED,CONNECTED_CAUSAL_READ_SEMANTICS_UNVERIFIED,v12_quick_engine.py:7526:compute_exit_signals:attribute,CAUSAL_PATH_SEMANTICS_UNVERIFIED,backtest_v12_engine.py:5438:ez_manage.process_position;backtest_v12_engine.py:5897:ez_positions_quick.check_entry_candidates_for_account,CAUSAL_CONSUMER_SEMANTICS_UNVERIFIED,ez_positions_quick.py:3607:rate:getattr,GAP_NO_CAUSAL_CONSUMER,,,no reviewed exact vector/live semantic contract; no field-specific causal read in backtest_v12_engine (generic override propagation excluded); no causal Tradier consumer
MODE,3413,UNIQUE_QUICKCONFIG_FIELD_WITH_NON_SYNTHETIC_VECTOR_READ,BOTH_OR_UNRESOLVED,CONNECTED_CAUSAL_READ_SEMANTICS_UNVERIFIED,v12_quick_engine.py:13454:simulate_one:getattr;v12_quick_engine.py:13474:simulate_one:getattr;v12_quick_engine.py:13500:simulate_one:getattr;v12_quick_engine.py:13557:simulate_one:getattr;v12_quick_engine.py:15625:true_bh_reference:getattr;v12_quick_engine.py:5579:compute_reentry_blocks:getattr;v12_quick_engine.py:6036:compute_reentry_blocks:getattr;v12_quick_engine.py:6131:compute_reentry_blocks:getattr;v12_quick_engine.py:6153:compute_reentry_blocks:getattr;v12_quick_engine.py:6378:_tradier_signal_score_family:getattr;v12_quick_engine.py:6624:_exact_entry_contract_masks:getattr;v12_quick_engine.py:6663:_exact_entry_contract_masks:getattr;v12_quick_engine.py:6701:_exact_crypto_wt_entry_contract:getattr;v12_quick_engine.py:6953:compute_entry_signals:getattr;v12_quick_engine.py:7009:compute_entry_signals:getattr;v12_quick_engine.py:7034:compute_entry_signals:getattr;v12_quick_engine.py:7119:compute_entry_signals:getattr;v12_quick_engine.py:7312:compute_entry_signals:getattr;v12_quick_engine.py:7978:_size_qty:getattr,CAUSAL_PATH_SEMANTICS_UNVERIFIED,backtest_v12_engine.py:6694:run_simulation_tradier imports and runs tradier_manage,GAP_NO_CAUSAL_CONSUMER,,CAUSAL_CONSUMER_SEMANTICS_UNVERIFIED,tradier_manage.py:1088:_v12_mi_entry_claim:resolver;tradier_manage.py:1114:_v12_lifecycle_context:resolver,,no reviewed exact vector/live semantic contract; no field-specific causal read in backtest_v12_engine (generic override propagation excluded); no causal EZ crypto consumer
MOM3_ENTRY_ENABLED,4142,UNIQUE_QUICKCONFIG_FIELD_WITH_NON_SYNTHETIC_VECTOR_READ,BOTH_OR_UNRESOLVED,CONNECTED_CAUSAL_READ_SEMANTICS_UNVERIFIED,v12_quick_engine.py:5985:compute_reentry_blocks:getattr,CAUSAL_PATH_SEMANTICS_UNVERIFIED,backtest_v12_engine.py:5438:ez_manage.process_position;backtest_v12_engine.py:5897:ez_positions_quick.check_entry_candidates_for_account,CAUSAL_CONSUMER_SEMANTICS_UNVERIFIED,ez_manage.py:35038:calculate_final_order_quantity:getattr,GAP_NO_CAUSAL_CONSUMER,,,no reviewed exact vector/live semantic contract; no field-specific causal read in backtest_v12_engine (generic override propagation excluded); no causal Tradier consumer
MOM3_LONG_THRESHOLD,4143,UNIQUE_QUICKCONFIG_FIELD_WITH_NON_SYNTHETIC_VECTOR_READ,BOTH_OR_UNRESOLVED,CONNECTED_CAUSAL_READ_SEMANTICS_UNVERIFIED,v12_quick_engine.py:5987:compute_reentry_blocks:getattr,CAUSAL_PATH_SEMANTICS_UNVERIFIED,backtest_v12_engine.py:5438:ez_manage.process_position;backtest_v12_engine.py:5897:ez_positions_quick.check_entry_candidates_for_account,CAUSAL_CONSUMER_SEMANTICS_UNVERIFIED,ez_manage.py:35042:calculate_final_order_quantity:attribute;ez_manage.py:35044:calculate_final_order_quantity:attribute,GAP_NO_CAUSAL_CONSUMER,,,no reviewed exact vector/live semantic contract; no field-specific causal read in backtest_v12_engine (generic override propagation excluded); no causal Tradier consumer
MOM3_SHORT_THRESHOLD,4144,UNIQUE_QUICKCONFIG_FIELD_WITH_NON_SYNTHETIC_VECTOR_READ,BOTH_OR_UNRESOLVED,CONNECTED_CAUSAL_READ_SEMANTICS_UNVERIFIED,v12_quick_engine.py:5987:compute_reentry_blocks:getattr,CAUSAL_PATH_SEMANTICS_UNVERIFIED,backtest_v12_engine.py:5438:ez_manage.process_position;backtest_v12_engine.py:5897:ez_positions_quick.check_entry_candidates_for_account,CAUSAL_CONSUMER_SEMANTICS_UNVERIFIED,ez_manage.py:35046:calculate_final_order_quantity:attribute;ez_manage.py:35051:calculate_final_order_quantity:attribute,GAP_NO_CAUSAL_CONSUMER,,,no reviewed exact vector/live semantic contract; no field-specific causal read in backtest_v12_engine (generic override propagation excluded); no causal Tradier consumer
MOM5_ENTRY_ENABLED,4145,UNIQUE_QUICKCONFIG_FIELD_WITH_NON_SYNTHETIC_VECTOR_READ,BOTH_OR_UNRESOLVED,CONNECTED_CAUSAL_READ_SEMANTICS_UNVERIFIED,v12_quick_engine.py:5988:compute_reentry_blocks:getattr,CAUSAL_PATH_SEMANTICS_UNVERIFIED,backtest_v12_engine.py:5438:ez_manage.process_position;backtest_v12_engine.py:5897:ez_positions_quick.check_entry_candidates_for_account,CAUSAL_CONSUMER_SEMANTICS_UNVERIFIED,ez_manage.py:35055:calculate_final_order_quantity:getattr,GAP_NO_CAUSAL_CONSUMER,,,no reviewed exact vector/live semantic contract; no field-specific causal read in backtest_v12_engine (generic override propagation excluded); no causal Tradier consumer
MOM5_LONG_THRESHOLD,4146,UNIQUE_QUICKCONFIG_FIELD_WITH_NON_SYNTHETIC_VECTOR_READ,BOTH_OR_UNRESOLVED,CONNECTED_CAUSAL_READ_SEMANTICS_UNVERIFIED,v12_quick_engine.py:5990:compute_reentry_blocks:getattr,CAUSAL_PATH_SEMANTICS_UNVERIFIED,backtest_v12_engine.py:5438:ez_manage.process_position;backtest_v12_engine.py:5897:ez_positions_quick.check_entry_candidates_for_account,CAUSAL_CONSUMER_SEMANTICS_UNVERIFIED,ez_manage.py:35059:calculate_final_order_quantity:attribute;ez_manage.py:35061:calculate_final_order_quantity:attribute,GAP_NO_CAUSAL_CONSUMER,,,no reviewed exact vector/live semantic contract; no field-specific causal read in backtest_v12_engine (generic override propagation excluded); no causal Tradier consumer
MOM5_SHORT_THRESHOLD,4147,UNIQUE_QUICKCONFIG_FIELD_WITH_NON_SYNTHETIC_VECTOR_READ,BOTH_OR_UNRESOLVED,CONNECTED_CAUSAL_READ_SEMANTICS_UNVERIFIED,v12_quick_engine.py:5990:compute_reentry_blocks:getattr,CAUSAL_PATH_SEMANTICS_UNVERIFIED,backtest_v12_engine.py:5438:ez_manage.process_position;backtest_v12_engine.py:5897:ez_positions_quick.check_entry_candidates_for_account,CAUSAL_CONSUMER_SEMANTICS_UNVERIFIED,ez_manage.py:35063:calculate_final_order_quantity:attribute;ez_manage.py:35068:calculate_final_order_quantity:attribute,GAP_NO_CAUSAL_CONSUMER,,,no reviewed exact vector/live semantic contract; no field-specific causal read in backtest_v12_engine (generic override propagation excluded); no causal Tradier consumer
MOMENTUM_FADE_BODY_ATR_MIN_TRADIER,4776,UNIQUE_QUICKCONFIG_FIELD_WITH_NON_SYNTHETIC_VECTOR_READ,TRADIER_ONLY_EXPLICIT_NAME,CONNECTED_EXACT_REVIEWED,v12_quick_engine.py:6365:_tradier_signal_score_family:attribute;v12_quick_engine.py:6565:_tradier_signal_score_family:attribute,EXACT_LIVE_DELEGATED_OR_DIRECT_PATH,backtest_v12_engine.py:6694:run_simulation_tradier imports and runs tradier_manage,N_A_EXPLICIT_TRADIER_FIELD,,EXACT_CAUSAL_CONSUMER,tradier_manage.py:11412:calculate_signal_score:getattr,15m high-low range divided by 15m ATR minimum,backtest reaches reviewed live consumer by delegation rather than a duplicate predicate
MOMENTUM_FADE_ENABLED_TRADIER,4777,UNIQUE_QUICKCONFIG_FIELD_WITH_NON_SYNTHETIC_VECTOR_READ,TRADIER_ONLY_EXPLICIT_NAME,CONNECTED_EXACT_REVIEWED,v12_quick_engine.py:6366:_tradier_signal_score_family:attribute;v12_quick_engine.py:6561:_tradier_signal_score_family:attribute,EXACT_LIVE_DELEGATED_OR_DIRECT_PATH,backtest_v12_engine.py:6694:run_simulation_tradier imports and runs tradier_manage,N_A_EXPLICIT_TRADIER_FIELD,,EXACT_CAUSAL_CONSUMER,tradier_manage.py:11410:calculate_signal_score:getattr,parent gate for the 15m momentum-fade score component,backtest reaches reviewed live consumer by delegation rather than a duplicate predicate
MOMENTUM_FADE_K_ZONE_TRADIER,4778,UNIQUE_QUICKCONFIG_FIELD_WITH_NON_SYNTHETIC_VECTOR_READ,TRADIER_ONLY_EXPLICIT_NAME,CONNECTED_EXACT_REVIEWED,v12_quick_engine.py:6367:_tradier_signal_score_family:attribute;v12_quick_engine.py:6566:_tradier_signal_score_family:attribute,EXACT_LIVE_DELEGATED_OR_DIRECT_PATH,backtest_v12_engine.py:6694:run_simulation_tradier imports and runs tradier_manage,N_A_EXPLICIT_TRADIER_FIELD,,EXACT_CAUSAL_CONSUMER,tradier_manage.py:11414:calculate_signal_score:getattr,optional 15m stochastic K side-zone confirmation,backtest reaches reviewed live consumer by delegation rather than a duplicate predicate
MOMENTUM_FADE_SCORE_BONUS_TRADIER,4779,UNIQUE_QUICKCONFIG_FIELD_WITH_NON_SYNTHETIC_VECTOR_READ,TRADIER_ONLY_EXPLICIT_NAME,CONNECTED_EXACT_REVIEWED,v12_quick_engine.py:6368:_tradier_signal_score_family:attribute;v12_quick_engine.py:6569:_tradier_signal_score_family:attribute,EXACT_LIVE_DELEGATED_OR_DIRECT_PATH,backtest_v12_engine.py:6694:run_simulation_tradier imports and runs tradier_manage,N_A_EXPLICIT_TRADIER_FIELD,,EXACT_CAUSAL_CONSUMER,tradier_manage.py:11415:calculate_signal_score:getattr,additive score on a qualifying momentum-fade bar,backtest reaches reviewed live consumer by delegation rather than a duplicate predicate
MOMENTUM_FADE_VOL_MIN_TRADIER,4780,UNIQUE_QUICKCONFIG_FIELD_WITH_NON_SYNTHETIC_VECTOR_READ,TRADIER_ONLY_EXPLICIT_NAME,CONNECTED_EXACT_REVIEWED,v12_quick_engine.py:6369:_tradier_signal_score_family:attribute;v12_quick_engine.py:6565:_tradier_signal_score_family:attribute,EXACT_LIVE_DELEGATED_OR_DIRECT_PATH,backtest_v12_engine.py:6694:run_simulation_tradier imports and runs tradier_manage,N_A_EXPLICIT_TRADIER_FIELD,,EXACT_CAUSAL_CONSUMER,tradier_manage.py:11413:calculate_signal_score:getattr,15m relative-volume minimum for momentum fade,backtest reaches reviewed live consumer by delegation rather than a duplicate predicate
MTF_ARMED_ENTRY_ENABLED,4781,UNIQUE_QUICKCONFIG_FIELD_WITH_NON_SYNTHETIC_VECTOR_READ,BOTH_OR_UNRESOLVED,CONNECTED_CAUSAL_READ_SEMANTICS_UNVERIFIED,v12_quick_engine.py:13485:simulate_one:getattr;v12_quick_engine.py:14245:simulate_one:getattr;v12_quick_engine.py:7080:compute_entry_signals:getattr,CAUSAL_PATH_SEMANTICS_UNVERIFIED,backtest_v12_engine.py:3006:_crypto_eta:getattr;backtest_v12_engine.py:3315:_crypto_eta:getattr;backtest_v12_engine.py:5438:ez_manage.process_position;backtest_v12_engine.py:5897:ez_positions_quick.check_entry_candidates_for_account;backtest_v12_engine.py:6694:run_simulation_tradier imports and runs tradier_manage,CAUSAL_CONSUMER_SEMANTICS_UNVERIFIED,ez_manage.py:24251:execute_now:getattr;ez_manage.py:24255:execute_now:getattr,CAUSAL_CONSUMER_SEMANTICS_UNVERIFIED,tradier_manage.py:18767:execute_now:_cfg;tradier_manage.py:18769:execute_now:_cfg,,no reviewed exact vector/live semantic contract
MTF_ARMED_WT_DIRECTION_SUSPEND_ENABLED,4783,UNIQUE_QUICKCONFIG_FIELD_WITH_NON_SYNTHETIC_VECTOR_READ,BOTH_OR_UNRESOLVED,CONNECTED_CAUSAL_READ_SEMANTICS_UNVERIFIED,v12_quick_engine.py:7082:compute_entry_signals:getattr,GAP_NO_CAUSAL_CONSUMER,,GAP_NO_CAUSAL_CONSUMER,,GAP_NO_CAUSAL_CONSUMER,,,no reviewed exact vector/live semantic contract; no field-specific causal read in backtest_v12_engine (generic override propagation excluded); no causal EZ crypto consumer; no causal Tradier consumer
MTF_BB_REJECT_EXIT_ENABLED,4792,UNIQUE_QUICKCONFIG_FIELD_WITH_NON_SYNTHETIC_VECTOR_READ,BOTH_OR_UNRESOLVED,CONNECTED_CAUSAL_READ_SEMANTICS_UNVERIFIED,v12_quick_engine.py:7370:_mtf_reject_exit_masks:attribute,CAUSAL_PATH_SEMANTICS_UNVERIFIED,backtest_v12_engine.py:6694:run_simulation_tradier imports and runs tradier_manage,GAP_NO_CAUSAL_CONSUMER,,CAUSAL_CONSUMER_SEMANTICS_UNVERIFIED,tradier_manage.py:5907:process_position:_cfg,,no reviewed exact vector/live semantic contract; no field-specific causal read in backtest_v12_engine (generic override propagation excluded); no causal EZ crypto consumer
MTF_BB_REJECT_EXIT_LOOKBACK,4793,UNIQUE_QUICKCONFIG_FIELD_WITH_NON_SYNTHETIC_VECTOR_READ,BOTH_OR_UNRESOLVED,CONNECTED_CAUSAL_READ_SEMANTICS_UNVERIFIED,v12_quick_engine.py:7383:_mtf_reject_exit_masks:attribute,CAUSAL_PATH_SEMANTICS_UNVERIFIED,backtest_v12_engine.py:6694:run_simulation_tradier imports and runs tradier_manage,GAP_NO_CAUSAL_CONSUMER,,CAUSAL_CONSUMER_SEMANTICS_UNVERIFIED,tradier_manage.py:5863:process_position:_cfg,,no reviewed exact vector/live semantic contract; no field-specific causal read in backtest_v12_engine (generic override propagation excluded); no causal EZ crypto consumer
MTF_BB_REJECT_EXIT_TF,4794,UNIQUE_QUICKCONFIG_FIELD_WITH_NON_SYNTHETIC_VECTOR_READ,BOTH_OR_UNRESOLVED,CONNECTED_CAUSAL_READ_SEMANTICS_UNVERIFIED,v12_quick_engine.py:7371:_mtf_reject_exit_masks:attribute,CAUSAL_PATH_SEMANTICS_UNVERIFIED,backtest_v12_engine.py:6694:run_simulation_tradier imports and runs tradier_manage,GAP_NO_CAUSAL_CONSUMER,,CAUSAL_CONSUMER_SEMANTICS_UNVERIFIED,tradier_manage.py:5859:process_position:_cfg,,no reviewed exact vector/live semantic contract; no field-specific causal read in backtest_v12_engine (generic override propagation excluded); no causal EZ crypto consumer
MTF_DC_REJECT_EXIT_ENABLED,4795,UNIQUE_QUICKCONFIG_FIELD_WITH_NON_SYNTHETIC_VECTOR_READ,BOTH_OR_UNRESOLVED,CONNECTED_CAUSAL_READ_SEMANTICS_UNVERIFIED,v12_quick_engine.py:7359:_mtf_reject_exit_masks:attribute,CAUSAL_PATH_SEMANTICS_UNVERIFIED,backtest_v12_engine.py:6694:run_simulation_tradier imports and runs tradier_manage,GAP_NO_CAUSAL_CONSUMER,,CAUSAL_CONSUMER_SEMANTICS_UNVERIFIED,tradier_manage.py:5884:process_position:_cfg,,no reviewed exact vector/live semantic contract; no field-specific causal read in backtest_v12_engine (generic override propagation excluded); no causal EZ crypto consumer
MTF_DC_REJECT_EXIT_LOOKBACK,4796,UNIQUE_QUICKCONFIG_FIELD_WITH_NON_SYNTHETIC_VECTOR_READ,BOTH_OR_UNRESOLVED,CONNECTED_CAUSAL_READ_SEMANTICS_UNVERIFIED,v12_quick_engine.py:7366:_mtf_reject_exit_masks:attribute,CAUSAL_PATH_SEMANTICS_UNVERIFIED,backtest_v12_engine.py:6694:run_simulation_tradier imports and runs tradier_manage,GAP_NO_CAUSAL_CONSUMER,,CAUSAL_CONSUMER_SEMANTICS_UNVERIFIED,tradier_manage.py:5862:process_position:_cfg,,no reviewed exact vector/live semantic contract; no field-specific causal read in backtest_v12_engine (generic override propagation excluded); no causal EZ crypto consumer
MTF_DC_REJECT_EXIT_TF,4797,UNIQUE_QUICKCONFIG_FIELD_WITH_NON_SYNTHETIC_VECTOR_READ,BOTH_OR_UNRESOLVED,CONNECTED_CAUSAL_READ_SEMANTICS_UNVERIFIED,v12_quick_engine.py:7360:_mtf_reject_exit_masks:attribute,CAUSAL_PATH_SEMANTICS_UNVERIFIED,backtest_v12_engine.py:6694:run_simulation_tradier imports and runs tradier_manage,GAP_NO_CAUSAL_CONSUMER,,CAUSAL_CONSUMER_SEMANTICS_UNVERIFIED,tradier_manage.py:5858:process_position:_cfg,,no reviewed exact vector/live semantic contract; no field-specific causal read in backtest_v12_engine (generic override propagation excluded); no causal EZ crypto consumer
MTF_ENTRY_REQUIRE_GR_FILTER,4798,UNIQUE_QUICKCONFIG_FIELD_WITH_NON_SYNTHETIC_VECTOR_READ,BOTH_OR_UNRESOLVED,CONNECTED_CAUSAL_READ_SEMANTICS_UNVERIFIED,v12_quick_engine.py:6619:_exact_entry_contract_masks:getattr,CAUSAL_PATH_SEMANTICS_UNVERIFIED,backtest_v12_engine.py:3027:_crypto_eta:getattr;backtest_v12_engine.py:3334:_crypto_eta:getattr,GAP_NO_CAUSAL_CONSUMER,,GAP_NO_CAUSAL_CONSUMER,,,no reviewed exact vector/live semantic contract; no causal EZ crypto consumer; no causal Tradier consumer
MTF_EXIT_USE_COMPOUND,4799,UNIQUE_QUICKCONFIG_FIELD_WITH_NON_SYNTHETIC_VECTOR_READ,BOTH_OR_UNRESOLVED,CONNECTED_CAUSAL_READ_SEMANTICS_UNVERIFIED,v12_quick_engine.py:7349:_mtf_reject_exit_masks:attribute,CAUSAL_PATH_SEMANTICS_UNVERIFIED,backtest_v12_engine.py:10898:run_simulation_tradier:getattr;backtest_v12_engine.py:4896:run_simulation:getattr;backtest_v12_engine.py:6694:run_simulation_tradier imports and runs tradier_manage,GAP_NO_CAUSAL_CONSUMER,,CAUSAL_CONSUMER_SEMANTICS_UNVERIFIED,tradier_manage.py:5845:process_position:_cfg,,no reviewed exact vector/live semantic contract; no causal EZ crypto consumer
MTF_GR_EXIT_GATE_ENABLED,4800,UNIQUE_QUICKCONFIG_FIELD_WITH_NON_SYNTHETIC_VECTOR_READ,BOTH_OR_UNRESOLVED,CONNECTED_CAUSAL_READ_SEMANTICS_UNVERIFIED,v12_quick_engine.py:7594:compute_exit_signals:getattr,CAUSAL_PATH_SEMANTICS_UNVERIFIED,backtest_v12_engine.py:6694:run_simulation_tradier imports and runs tradier_manage,GAP_NO_CAUSAL_CONSUMER,,CAUSAL_CONSUMER_SEMANTICS_UNVERIFIED,tradier_manage.py:5935:process_position:_cfg,,no reviewed exact vector/live semantic contract; no field-specific causal read in backtest_v12_engine (generic override propagation excluded); no causal EZ crypto consumer
MTF_GR_EXIT_MIN_TFS,3914,UNIQUE_QUICKCONFIG_FIELD_WITH_NON_SYNTHETIC_VECTOR_READ,BOTH_OR_UNRESOLVED,CONNECTED_CAUSAL_READ_SEMANTICS_UNVERIFIED,v12_quick_engine.py:7595:compute_exit_signals:getattr,CAUSAL_PATH_SEMANTICS_UNVERIFIED,backtest_v12_engine.py:6694:run_simulation_tradier imports and runs tradier_manage,GAP_NO_CAUSAL_CONSUMER,,CAUSAL_CONSUMER_SEMANTICS_UNVERIFIED,tradier_manage.py:5940:process_position:_cfg,,no reviewed exact vector/live semantic contract; no field-specific causal read in backtest_v12_engine (generic override propagation excluded); no causal EZ crypto consumer
MTF_GR_FILTER_ENABLED,4801,UNIQUE_QUICKCONFIG_FIELD_WITH_NON_SYNTHETIC_VECTOR_READ,BOTH_OR_UNRESOLVED,CONNECTED_CAUSAL_READ_SEMANTICS_UNVERIFIED,v12_quick_engine.py:6620:_exact_entry_contract_masks:getattr,GAP_NO_CAUSAL_CONSUMER,,GAP_NO_CAUSAL_CONSUMER,,GAP_NO_CAUSAL_CONSUMER,,,no reviewed exact vector/live semantic contract; no field-specific causal read in backtest_v12_engine (generic override propagation excluded); no causal EZ crypto consumer; no causal Tradier consumer
MTS_BOTTOM_MIN_TRADIER,4805,UNIQUE_QUICKCONFIG_FIELD_WITH_NON_SYNTHETIC_VECTOR_READ,TRADIER_ONLY_EXPLICIT_NAME,CONNECTED_EXACT_REVIEWED,v12_quick_engine.py:6370:_tradier_signal_score_family:attribute;v12_quick_engine.py:6517:_tradier_signal_score_family:attribute,EXACT_LIVE_DELEGATED_OR_DIRECT_PATH,backtest_v12_engine.py:6694:run_simulation_tradier imports and runs tradier_manage,N_A_EXPLICIT_TRADIER_FIELD,,EXACT_CAUSAL_CONSUMER,tradier_manage.py:11142:calculate_signal_score:getattr,hard minimum on scalar/vector multi-TF bottom_score,backtest reaches reviewed live consumer by delegation rather than a duplicate predicate
MTS_ENTRY_QUALITY_MIN_TRADIER,4806,UNIQUE_QUICKCONFIG_FIELD_WITH_NON_SYNTHETIC_VECTOR_READ,TRADIER_ONLY_EXPLICIT_NAME,CONNECTED_EXACT_REVIEWED,v12_quick_engine.py:6371:_tradier_signal_score_family:attribute;v12_quick_engine.py:6518:_tradier_signal_score_family:attribute,EXACT_LIVE_DELEGATED_OR_DIRECT_PATH,backtest_v12_engine.py:6694:run_simulation_tradier imports and runs tradier_manage,N_A_EXPLICIT_TRADIER_FIELD,,EXACT_CAUSAL_CONSUMER,tradier_manage.py:11143:calculate_signal_score:getattr,hard minimum on scalar/vector multi-TF entry_quality,backtest reaches reviewed live consumer by delegation rather than a duplicate predicate
MTS_GATE_ENABLED_TRADIER,4807,UNIQUE_QUICKCONFIG_FIELD_WITH_NON_SYNTHETIC_VECTOR_READ,TRADIER_ONLY_EXPLICIT_NAME,CONNECTED_EXACT_REVIEWED,v12_quick_engine.py:6372:_tradier_signal_score_family:attribute;v12_quick_engine.py:6516:_tradier_signal_score_family:attribute,EXACT_LIVE_DELEGATED_OR_DIRECT_PATH,backtest_v12_engine.py:6694:run_simulation_tradier imports and runs tradier_manage,N_A_EXPLICIT_TRADIER_FIELD,,EXACT_CAUSAL_CONSUMER,tradier_manage.py:11140:calculate_signal_score:getattr,parent gate for both MTS hard minima,backtest reaches reviewed live consumer by delegation rather than a duplicate predicate
MTS_WEIGHT_15m,3561,UNIQUE_QUICKCONFIG_FIELD_WITH_NON_SYNTHETIC_VECTOR_READ,BOTH_OR_UNRESOLVED,CONNECTED_CAUSAL_READ_SEMANTICS_UNVERIFIED,v12_quick_engine.py:6390:_tradier_signal_score_family:getattr,GAP_NO_CAUSAL_CONSUMER,,GAP_NO_CAUSAL_CONSUMER,,GAP_NO_CAUSAL_CONSUMER,,,no reviewed exact vector/live semantic contract; no field-specific causal read in backtest_v12_engine (generic override propagation excluded); no causal EZ crypto consumer; no causal Tradier consumer
MTS_WEIGHT_1h,3562,UNIQUE_QUICKCONFIG_FIELD_WITH_NON_SYNTHETIC_VECTOR_READ,BOTH_OR_UNRESOLVED,CONNECTED_CAUSAL_READ_SEMANTICS_UNVERIFIED,v12_quick_engine.py:6391:_tradier_signal_score_family:getattr,GAP_NO_CAUSAL_CONSUMER,,GAP_NO_CAUSAL_CONSUMER,,GAP_NO_CAUSAL_CONSUMER,,,no reviewed exact vector/live semantic contract; no field-specific causal read in backtest_v12_engine (generic override propagation excluded); no causal EZ crypto consumer; no causal Tradier consumer
MTS_WEIGHT_4h,3563,UNIQUE_QUICKCONFIG_FIELD_WITH_NON_SYNTHETIC_VECTOR_READ,BOTH_OR_UNRESOLVED,CONNECTED_CAUSAL_READ_SEMANTICS_UNVERIFIED,v12_quick_engine.py:6392:_tradier_signal_score_family:getattr,GAP_NO_CAUSAL_CONSUMER,,GAP_NO_CAUSAL_CONSUMER,,GAP_NO_CAUSAL_CONSUMER,,,no reviewed exact vector/live semantic contract; no field-specific causal read in backtest_v12_engine (generic override propagation excluded); no causal EZ crypto consumer; no causal Tradier consumer
MTS_WEIGHT_5m,3560,UNIQUE_QUICKCONFIG_FIELD_WITH_NON_SYNTHETIC_VECTOR_READ,BOTH_OR_UNRESOLVED,CONNECTED_CAUSAL_READ_SEMANTICS_UNVERIFIED,v12_quick_engine.py:6389:_tradier_signal_score_family:getattr,GAP_NO_CAUSAL_CONSUMER,,GAP_NO_CAUSAL_CONSUMER,,GAP_NO_CAUSAL_CONSUMER,,,no reviewed exact vector/live semantic contract; no field-specific causal read in backtest_v12_engine (generic override propagation excluded); no causal EZ crypto consumer; no causal Tradier consumer
MTS_WEIGHT_D,3564,UNIQUE_QUICKCONFIG_FIELD_WITH_NON_SYNTHETIC_VECTOR_READ,BOTH_OR_UNRESOLVED,CONNECTED_CAUSAL_READ_SEMANTICS_UNVERIFIED,v12_quick_engine.py:6393:_tradier_signal_score_family:getattr,GAP_NO_CAUSAL_CONSUMER,,GAP_NO_CAUSAL_CONSUMER,,GAP_NO_CAUSAL_CONSUMER,,,no reviewed exact vector/live semantic contract; no field-specific causal read in backtest_v12_engine (generic override propagation excluded); no causal EZ crypto consumer; no causal Tradier consumer
NOLOSS_ENABLED,3418,UNIQUE_QUICKCONFIG_FIELD_WITH_NON_SYNTHETIC_VECTOR_READ,BOTH_OR_UNRESOLVED,CONNECTED_CAUSAL_READ_SEMANTICS_UNVERIFIED,v12_quick_engine.py:13620:simulate_one:getattr,GAP_NO_CAUSAL_CONSUMER,,GAP_NO_CAUSAL_CONSUMER,,GAP_NO_CAUSAL_CONSUMER,,,no reviewed exact vector/live semantic contract; no field-specific causal read in backtest_v12_engine (generic override propagation excluded); no causal EZ crypto consumer; no causal Tradier consumer
OBLIGATORY_HEDGE_MIN_LOSS_PCT,4811,UNIQUE_QUICKCONFIG_FIELD_WITH_NON_SYNTHETIC_VECTOR_READ,BOTH_OR_UNRESOLVED,CONNECTED_CAUSAL_READ_SEMANTICS_UNVERIFIED,v12_quick_engine.py:14861:simulate_one:getattr,CAUSAL_PATH_SEMANTICS_UNVERIFIED,backtest_v12_engine.py:5022:run_simulation:getattr;backtest_v12_engine.py:5438:ez_manage.process_position;backtest_v12_engine.py:5897:ez_positions_quick.check_entry_candidates_for_account;backtest_v12_engine.py:6694:run_simulation_tradier imports and runs tradier_manage,CAUSAL_CONSUMER_SEMANTICS_UNVERIFIED,ez_positions_quick.py:5199:scan_and_hedge_losers:getattr,CAUSAL_CONSUMER_SEMANTICS_UNVERIFIED,tradier_manage.py:4565:obligatory_sector_hedge_or_close_loop:_cfg_auto,,no reviewed exact vector/live semantic contract
PRICE_CROSS_BACK_REENTRY_ENABLED,4856,UNIQUE_QUICKCONFIG_FIELD_WITH_NON_SYNTHETIC_VECTOR_READ,BOTH_OR_UNRESOLVED,CONNECTED_CAUSAL_READ_SEMANTICS_UNVERIFIED,v12_quick_engine.py:13686:simulate_one:getattr,CAUSAL_PATH_SEMANTICS_UNVERIFIED,backtest_v12_engine.py:6694:run_simulation_tradier imports and runs tradier_manage,GAP_NO_CAUSAL_CONSUMER,,CAUSAL_CONSUMER_SEMANTICS_UNVERIFIED,tradier_manage.py:15333:evaluate_reentry:_cfg_auto,,no reviewed exact vector/live semantic contract; no field-specific causal read in backtest_v12_engine (generic override propagation excluded); no causal EZ crypto consumer
PROFIT_TARGET_ENABLED,4054,UNIQUE_QUICKCONFIG_FIELD_WITH_NON_SYNTHETIC_VECTOR_READ,BOTH_OR_UNRESOLVED,CONNECTED_CAUSAL_READ_SEMANTICS_UNVERIFIED,v12_quick_engine.py:13616:simulate_one:getattr,GAP_NO_CAUSAL_CONSUMER,,GAP_NO_CAUSAL_CONSUMER,,GAP_NO_CAUSAL_CONSUMER,,,no reviewed exact vector/live semantic contract; no field-specific causal read in backtest_v12_engine (generic override propagation excluded); no causal EZ crypto consumer; no causal Tradier consumer
PROFIT_TARGET_PCT,4055,UNIQUE_QUICKCONFIG_FIELD_WITH_NON_SYNTHETIC_VECTOR_READ,BOTH_OR_UNRESOLVED,CONNECTED_CAUSAL_READ_SEMANTICS_UNVERIFIED,v12_quick_engine.py:13617:simulate_one:getattr,GAP_NO_CAUSAL_CONSUMER,,GAP_NO_CAUSAL_CONSUMER,,GAP_NO_CAUSAL_CONSUMER,,,no reviewed exact vector/live semantic contract; no field-specific causal read in backtest_v12_engine (generic override propagation excluded); no causal EZ crypto consumer; no causal Tradier consumer
PYRAMID_ENABLED,4148,UNIQUE_QUICKCONFIG_FIELD_WITH_NON_SYNTHETIC_VECTOR_READ,BOTH_OR_UNRESOLVED,CONNECTED_CAUSAL_READ_SEMANTICS_UNVERIFIED,v12_quick_engine.py:7829:compute_augment_signals:getattr;v12_quick_engine.py:7838:compute_augment_signals:getattr,GAP_NO_CAUSAL_CONSUMER,,GAP_NO_CAUSAL_CONSUMER,,GAP_NO_CAUSAL_CONSUMER,,,no reviewed exact vector/live semantic contract; no field-specific causal read in backtest_v12_engine (generic override propagation excluded); no causal EZ crypto consumer; no causal Tradier consumer
PYRAMID_MAX_DC_POS_15M_SHORT,4149,UNIQUE_QUICKCONFIG_FIELD_WITH_NON_SYNTHETIC_VECTOR_READ,BOTH_OR_UNRESOLVED,CONNECTED_CAUSAL_READ_SEMANTICS_UNVERIFIED,v12_quick_engine.py:7835:compute_augment_signals:getattr,GAP_NO_CAUSAL_CONSUMER,,GAP_NO_CAUSAL_CONSUMER,,GAP_NO_CAUSAL_CONSUMER,,,no reviewed exact vector/live semantic contract; no field-specific causal read in backtest_v12_engine (generic override propagation excluded); no causal EZ crypto consumer; no causal Tradier consumer
PYRAMID_MIN_DC_POS_15M,4150,UNIQUE_QUICKCONFIG_FIELD_WITH_NON_SYNTHETIC_VECTOR_READ,BOTH_OR_UNRESOLVED,CONNECTED_CAUSAL_READ_SEMANTICS_UNVERIFIED,v12_quick_engine.py:7833:compute_augment_signals:getattr,GAP_NO_CAUSAL_CONSUMER,,GAP_NO_CAUSAL_CONSUMER,,GAP_NO_CAUSAL_CONSUMER,,,no reviewed exact vector/live semantic contract; no field-specific causal read in backtest_v12_engine (generic override propagation excluded); no causal EZ crypto consumer; no causal Tradier consumer
PYRAMID_MIN_WT_VEL_1H,4152,UNIQUE_QUICKCONFIG_FIELD_WITH_NON_SYNTHETIC_VECTOR_READ,BOTH_OR_UNRESOLVED,CONNECTED_CAUSAL_READ_SEMANTICS_UNVERIFIED,v12_quick_engine.py:7833:compute_augment_signals:getattr;v12_quick_engine.py:7835:compute_augment_signals:getattr,GAP_NO_CAUSAL_CONSUMER,,GAP_NO_CAUSAL_CONSUMER,,GAP_NO_CAUSAL_CONSUMER,,,no reviewed exact vector/live semantic contract; no field-specific causal read in backtest_v12_engine (generic override propagation excluded); no causal EZ crypto consumer; no causal Tradier consumer
PYRAMID_SIZE_MULT,4153,UNIQUE_QUICKCONFIG_FIELD_WITH_NON_SYNTHETIC_VECTOR_READ,BOTH_OR_UNRESOLVED,CONNECTED_CAUSAL_READ_SEMANTICS_UNVERIFIED,v12_quick_engine.py:7839:compute_augment_signals:getattr,GAP_NO_CAUSAL_CONSUMER,,GAP_NO_CAUSAL_CONSUMER,,GAP_NO_CAUSAL_CONSUMER,,,no reviewed exact vector/live semantic contract; no field-specific causal read in backtest_v12_engine (generic override propagation excluded); no causal EZ crypto consumer; no causal Tradier consumer
REDUCE_FALLBACK_LIVE_PCT,5193,UNIQUE_QUICKCONFIG_FIELD_WITH_NON_SYNTHETIC_VECTOR_READ,BOTH_OR_UNRESOLVED,CONNECTED_EXACT_REVIEWED,v12_quick_engine.py:13614:simulate_one:getattr,EXACT_LIVE_DELEGATED_OR_DIRECT_PATH,backtest_v12_engine.py:6694:run_simulation_tradier imports and runs tradier_manage,GAP_NO_CAUSAL_CONSUMER,,EXACT_CAUSAL_CONSUMER,tradier_manage.py:724:_v12_gain_lifecycle_decision:resolver,strict current-gain threshold for the fallback reduction,no causal EZ crypto consumer; backtest reaches reviewed live consumer by delegation rather than a duplicate predicate
REDUCE_FALLBACK_PEAK_PCT,5192,UNIQUE_QUICKCONFIG_FIELD_WITH_NON_SYNTHETIC_VECTOR_READ,BOTH_OR_UNRESOLVED,CONNECTED_EXACT_REVIEWED,v12_quick_engine.py:13613:simulate_one:getattr,EXACT_LIVE_DELEGATED_OR_DIRECT_PATH,backtest_v12_engine.py:6694:run_simulation_tradier imports and runs tradier_manage,GAP_NO_CAUSAL_CONSUMER,,EXACT_CAUSAL_CONSUMER,tradier_manage.py:723:_v12_gain_lifecycle_decision:resolver,strict peak-gain threshold for the fallback reduction,no causal EZ crypto consumer; backtest reaches reviewed live consumer by delegation rather than a duplicate predicate
REDUCE_GAIN_FALLBACK_LT_1PCT_ENABLED,5189,UNIQUE_QUICKCONFIG_FIELD_WITH_NON_SYNTHETIC_VECTOR_READ,BOTH_OR_UNRESOLVED,CONNECTED_EXACT_REVIEWED,v12_quick_engine.py:13615:simulate_one:getattr,EXACT_LIVE_DELEGATED_OR_DIRECT_PATH,backtest_v12_engine.py:6694:run_simulation_tradier imports and runs tradier_manage,GAP_NO_CAUSAL_CONSUMER,,EXACT_CAUSAL_CONSUMER,tradier_manage.py:725:_v12_gain_lifecycle_decision:resolver,reduce 50% after peak gain strictly exceeded its threshold and live gain fell strictly below its threshold,no causal EZ crypto consumer; backtest reaches reviewed live consumer by delegation rather than a duplicate predicate
REENTRY2_DC_BREAK_ENABLED,4154,UNIQUE_QUICKCONFIG_FIELD_WITH_NON_SYNTHETIC_VECTOR_READ,BOTH_OR_UNRESOLVED,CONNECTED_CAUSAL_READ_SEMANTICS_UNVERIFIED,v12_quick_engine.py:13715:simulate_one:getattr;v12_quick_engine.py:6195:compute_reentry_blocks:getattr;v12_quick_engine.py:6201:compute_reentry_blocks:getattr,GAP_NO_CAUSAL_CONSUMER,,GAP_NO_CAUSAL_CONSUMER,,GAP_NO_CAUSAL_CONSUMER,,,no reviewed exact vector/live semantic contract; no field-specific causal read in backtest_v12_engine (generic override propagation excluded); no causal EZ crypto consumer; no causal Tradier consumer
REENTRY2_QUICK_RECOVERY_ENABLED,4155,UNIQUE_QUICKCONFIG_FIELD_WITH_NON_SYNTHETIC_VECTOR_READ,BOTH_OR_UNRESOLVED,CONNECTED_CAUSAL_READ_SEMANTICS_UNVERIFIED,v12_quick_engine.py:6195:compute_reentry_blocks:getattr;v12_quick_engine.py:6215:compute_reentry_blocks:getattr,CAUSAL_PATH_SEMANTICS_UNVERIFIED,backtest_v12_engine.py:5438:ez_manage.process_position;backtest_v12_engine.py:5897:ez_positions_quick.check_entry_candidates_for_account,CAUSAL_CONSUMER_SEMANTICS_UNVERIFIED,ez_manage.py:36433:process_single_reentry_evaluation:getattr,GAP_NO_CAUSAL_CONSUMER,,,no reviewed exact vector/live semantic contract; no field-specific causal read in backtest_v12_engine (generic override propagation excluded); no causal Tradier consumer
REENTRY2_STOCH_CROSS_ENABLED,4156,UNIQUE_QUICKCONFIG_FIELD_WITH_NON_SYNTHETIC_VECTOR_READ,BOTH_OR_UNRESOLVED,CONNECTED_CAUSAL_READ_SEMANTICS_UNVERIFIED,v12_quick_engine.py:6195:compute_reentry_blocks:getattr;v12_quick_engine.py:6210:compute_reentry_blocks:getattr,CAUSAL_PATH_SEMANTICS_UNVERIFIED,backtest_v12_engine.py:5438:ez_manage.process_position;backtest_v12_engine.py:5897:ez_positions_quick.check_entry_candidates_for_account,CAUSAL_CONSUMER_SEMANTICS_UNVERIFIED,ez_manage.py:36618:process_single_reentry_evaluation:getattr,GAP_NO_CAUSAL_CONSUMER,,,no reviewed exact vector/live semantic contract; no field-specific causal read in backtest_v12_engine (generic override propagation excluded); no causal Tradier consumer
REENTRY_2_ENABLED,4157,UNIQUE_QUICKCONFIG_FIELD_WITH_NON_SYNTHETIC_VECTOR_READ,BOTH_OR_UNRESOLVED,CONNECTED_CAUSAL_READ_SEMANTICS_UNVERIFIED,v12_quick_engine.py:13714:simulate_one:getattr;v12_quick_engine.py:6193:compute_reentry_blocks:getattr,CAUSAL_PATH_SEMANTICS_UNVERIFIED,backtest_v12_engine.py:5468:run_simulation:getattr;backtest_v12_engine.py:5438:ez_manage.process_position;backtest_v12_engine.py:5897:ez_positions_quick.check_entry_candidates_for_account,CAUSAL_CONSUMER_SEMANTICS_UNVERIFIED,ez_manage.py:37001:evaluate_reentry_2:getattr;ez_positions_quick.py:17206:evaluate_reentry_2_epq:getattr;ez_positions_quick.py:17290:evaluate_reentry_2_periodic_loop_epq:getattr,GAP_NO_CAUSAL_CONSUMER,,,no reviewed exact vector/live semantic contract; no causal Tradier consumer
REENTRY_B02_BC156_BOTTOM_ENABLED,4025,UNIQUE_QUICKCONFIG_FIELD_WITH_NON_SYNTHETIC_VECTOR_READ,BOTH_OR_UNRESOLVED,CONNECTED_CAUSAL_READ_SEMANTICS_UNVERIFIED,v12_quick_engine.py:5391:compute_reentry_blocks:attribute,CAUSAL_PATH_SEMANTICS_UNVERIFIED,backtest_v12_engine.py:6862:run_simulation_tradier:getattr;backtest_v12_engine.py:5438:ez_manage.process_position;backtest_v12_engine.py:5897:ez_positions_quick.check_entry_candidates_for_account,CAUSAL_CONSUMER_SEMANTICS_UNVERIFIED,ez_positions_quick.py:16731:evaluate_reentry_epq:getattr,GAP_NO_CAUSAL_CONSUMER,,,no reviewed exact vector/live semantic contract; no causal Tradier consumer
REENTRY_B04_DC_RETEST_ENABLED,4026,UNIQUE_QUICKCONFIG_FIELD_WITH_NON_SYNTHETIC_VECTOR_READ,BOTH_OR_UNRESOLVED,CONNECTED_CAUSAL_READ_SEMANTICS_UNVERIFIED,v12_quick_engine.py:5398:compute_reentry_blocks:attribute,CAUSAL_PATH_SEMANTICS_UNVERIFIED,backtest_v12_engine.py:5438:ez_manage.process_position;backtest_v12_engine.py:5897:ez_positions_quick.check_entry_candidates_for_account,CAUSAL_CONSUMER_SEMANTICS_UNVERIFIED,ez_positions_quick.py:16709:evaluate_reentry_epq:getattr,GAP_NO_CAUSAL_CONSUMER,,,no reviewed exact vector/live semantic contract; no field-specific causal read in backtest_v12_engine (generic override propagation excluded); no causal Tradier consumer
REENTRY_B09_SNAPBACK_ENABLED,4158,UNIQUE_QUICKCONFIG_FIELD_WITH_NON_SYNTHETIC_VECTOR_READ,BOTH_OR_UNRESOLVED,CONNECTED_CAUSAL_READ_SEMANTICS_UNVERIFIED,v12_quick_engine.py:6181:compute_reentry_blocks:getattr,CAUSAL_PATH_SEMANTICS_UNVERIFIED,backtest_v12_engine.py:5438:ez_manage.process_position;backtest_v12_engine.py:5897:ez_positions_quick.check_entry_candidates_for_account,CAUSAL_CONSUMER_SEMANTICS_UNVERIFIED,ez_positions_quick.py:16808:evaluate_reentry_epq:getattr,GAP_NO_CAUSAL_CONSUMER,,,no reviewed exact vector/live semantic contract; no field-specific causal read in backtest_v12_engine (generic override propagation excluded); no causal Tradier consumer
REENTRY_B10_STOCH_REV_ENABLED,4027,UNIQUE_QUICKCONFIG_FIELD_WITH_NON_SYNTHETIC_VECTOR_READ,BOTH_OR_UNRESOLVED,CONNECTED_CAUSAL_READ_SEMANTICS_UNVERIFIED,v12_quick_engine.py:5409:compute_reentry_blocks:attribute,CAUSAL_PATH_SEMANTICS_UNVERIFIED,backtest_v12_engine.py:5438:ez_manage.process_position;backtest_v12_engine.py:5897:ez_positions_quick.check_entry_candidates_for_account,CAUSAL_CONSUMER_SEMANTICS_UNVERIFIED,ez_positions_quick.py:16776:evaluate_reentry_epq:getattr,GAP_NO_CAUSAL_CONSUMER,,,no reviewed exact vector/live semantic contract; no field-specific causal read in backtest_v12_engine (generic override propagation excluded); no causal Tradier consumer
REENTRY_B11_DC_BREAK_ENABLED,4028,UNIQUE_QUICKCONFIG_FIELD_WITH_NON_SYNTHETIC_VECTOR_READ,BOTH_OR_UNRESOLVED,CONNECTED_EXACT_REVIEWED,v12_quick_engine.py:5414:compute_reentry_blocks:attribute,EXACT_LIVE_DELEGATED_OR_DIRECT_PATH,backtest_v12_engine.py:5438:ez_manage.process_position;backtest_v12_engine.py:5897:ez_positions_quick.check_entry_candidates_for_account,EXACT_CAUSAL_CONSUMER,ez_positions_quick.py:16723:evaluate_reentry_epq:getattr,GAP_NO_CAUSAL_CONSUMER,,parent gate for side-specific B11 Donchian bottom/top reentry,no causal Tradier consumer; backtest reaches reviewed live consumer by delegation rather than a duplicate predicate
REENTRY_B11_LOWER_THAN_EXIT_ENABLED,4030,UNIQUE_QUICKCONFIG_FIELD_WITH_NON_SYNTHETIC_VECTOR_READ,BOTH_OR_UNRESOLVED,CONNECTED_EXACT_REVIEWED,v12_quick_engine.py:5437:compute_reentry_blocks:getattr,EXACT_LIVE_DELEGATED_OR_DIRECT_PATH,backtest_v12_engine.py:6694:run_simulation_tradier imports and runs tradier_manage,GAP_NO_CAUSAL_CONSUMER,,EXACT_CAUSAL_CONSUMER,tradier_manage.py:861:_v12_b11_reentry_allowed:resolver,LONG B11 requires price below a recent 15m/1h Donchian high,no causal EZ crypto consumer; backtest reaches reviewed live consumer by delegation rather than a duplicate predicate
REENTRY_B11_MFI_UP_ENABLED,4029,UNIQUE_QUICKCONFIG_FIELD_WITH_NON_SYNTHETIC_VECTOR_READ,BOTH_OR_UNRESOLVED,CONNECTED_EXACT_REVIEWED,v12_quick_engine.py:5432:compute_reentry_blocks:getattr,EXACT_LIVE_DELEGATED_OR_DIRECT_PATH,backtest_v12_engine.py:6694:run_simulation_tradier imports and runs tradier_manage,GAP_NO_CAUSAL_CONSUMER,,EXACT_CAUSAL_CONSUMER,tradier_manage.py:856:_v12_b11_reentry_allowed:resolver,LONG B11 requires rising MFI on at least one of 1h/4h/D,no causal EZ crypto consumer; backtest reaches reviewed live consumer by delegation rather than a duplicate predicate
REENTRY_B11_SHORT_RSI_RVOL_ENABLED,4032,UNIQUE_QUICKCONFIG_FIELD_WITH_NON_SYNTHETIC_VECTOR_READ,BOTH_OR_UNRESOLVED,CONNECTED_EXACT_REVIEWED,v12_quick_engine.py:5454:compute_reentry_blocks:getattr,EXACT_LIVE_DELEGATED_OR_DIRECT_PATH,backtest_v12_engine.py:6694:run_simulation_tradier imports and runs tradier_manage,GAP_NO_CAUSAL_CONSUMER,,EXACT_CAUSAL_CONSUMER,tradier_manage.py:870:_v12_b11_reentry_allowed:resolver,"SHORT B11 requires RSI>55, relative volume>=1.2, and rising RSI",no causal EZ crypto consumer; backtest reaches reviewed live consumer by delegation rather than a duplicate predicate
REENTRY_B12_WT_MOM_ENABLED,4033,UNIQUE_QUICKCONFIG_FIELD_WITH_NON_SYNTHETIC_VECTOR_READ,BOTH_OR_UNRESOLVED,CONNECTED_CAUSAL_READ_SEMANTICS_UNVERIFIED,v12_quick_engine.py:5458:compute_reentry_blocks:attribute,CAUSAL_PATH_SEMANTICS_UNVERIFIED,backtest_v12_engine.py:5438:ez_manage.process_position;backtest_v12_engine.py:5897:ez_positions_quick.check_entry_candidates_for_account,CAUSAL_CONSUMER_SEMANTICS_UNVERIFIED,ez_positions_quick.py:16746:evaluate_reentry_epq:getattr,GAP_NO_CAUSAL_CONSUMER,,,no reviewed exact vector/live semantic contract; no field-specific causal read in backtest_v12_engine (generic override propagation excluded); no causal Tradier consumer
REENTRY_B14_HA_TREND_ENABLED,4034,UNIQUE_QUICKCONFIG_FIELD_WITH_NON_SYNTHETIC_VECTOR_READ,BOTH_OR_UNRESOLVED,CONNECTED_CAUSAL_READ_SEMANTICS_UNVERIFIED,v12_quick_engine.py:5465:compute_reentry_blocks:attribute,CAUSAL_PATH_SEMANTICS_UNVERIFIED,backtest_v12_engine.py:5438:ez_manage.process_position;backtest_v12_engine.py:5897:ez_positions_quick.check_entry_candidates_for_account,CAUSAL_CONSUMER_SEMANTICS_UNVERIFIED,ez_positions_quick.py:16761:evaluate_reentry_epq:getattr,GAP_NO_CAUSAL_CONSUMER,,,no reviewed exact vector/live semantic contract; no field-specific causal read in backtest_v12_engine (generic override propagation excluded); no causal Tradier consumer
REENTRY_B15_STRONG_TREND_ENABLED,4035,UNIQUE_QUICKCONFIG_FIELD_WITH_NON_SYNTHETIC_VECTOR_READ,BOTH_OR_UNRESOLVED,CONNECTED_CAUSAL_READ_SEMANTICS_UNVERIFIED,v12_quick_engine.py:5470:compute_reentry_blocks:attribute,CAUSAL_PATH_SEMANTICS_UNVERIFIED,backtest_v12_engine.py:5438:ez_manage.process_position;backtest_v12_engine.py:5897:ez_positions_quick.check_entry_candidates_for_account,CAUSAL_CONSUMER_SEMANTICS_UNVERIFIED,ez_positions_quick.py:16701:evaluate_reentry_epq:getattr,GAP_NO_CAUSAL_CONSUMER,,,no reviewed exact vector/live semantic contract; no field-specific causal read in backtest_v12_engine (generic override propagation excluded); no causal Tradier consumer
REENTRY_CROSS_FRESHNESS_ENABLED,3770,UNIQUE_QUICKCONFIG_FIELD_WITH_NON_SYNTHETIC_VECTOR_READ,BOTH_OR_UNRESOLVED,CONNECTED_CAUSAL_READ_SEMANTICS_UNVERIFIED,v12_quick_engine.py:13989:simulate_one:attribute,CAUSAL_PATH_SEMANTICS_UNVERIFIED,backtest_v12_engine.py:5438:ez_manage.process_position;backtest_v12_engine.py:5897:ez_positions_quick.check_entry_candidates_for_account,CAUSAL_CONSUMER_SEMANTICS_UNVERIFIED,ez_positions_quick.py:16663:evaluate_reentry_epq:getattr,GAP_NO_CAUSAL_CONSUMER,,,no reviewed exact vector/live semantic contract; no field-specific causal read in backtest_v12_engine (generic override propagation excluded); no causal Tradier consumer
REENTRY_MANDATORY,4160,UNIQUE_QUICKCONFIG_FIELD_WITH_NON_SYNTHETIC_VECTOR_READ,BOTH_OR_UNRESOLVED,CONNECTED_CAUSAL_READ_SEMANTICS_UNVERIFIED,v12_quick_engine.py:13607:simulate_one:getattr,CAUSAL_PATH_SEMANTICS_UNVERIFIED,backtest_v12_engine.py:5438:ez_manage.process_position;backtest_v12_engine.py:5897:ez_positions_quick.check_entry_candidates_for_account,CAUSAL_CONSUMER_SEMANTICS_UNVERIFIED,ez_manage.py:27814:execute_now:getattr;ez_manage.py:30566:reentry_enforcement_loop:getattr;ez_positions_quick.py:16325:reentry_enforcement_loop_epq:getattr,GAP_NO_CAUSAL_CONSUMER,,,no reviewed exact vector/live semantic contract; no field-specific causal read in backtest_v12_engine (generic override propagation excluded); no causal Tradier consumer
REENTRY_PULL1_ENABLED,4037,UNIQUE_QUICKCONFIG_FIELD_WITH_NON_SYNTHETIC_VECTOR_READ,BOTH_OR_UNRESOLVED,CONNECTED_CAUSAL_READ_SEMANTICS_UNVERIFIED,v12_quick_engine.py:5499:compute_reentry_blocks:getattr,CAUSAL_PATH_SEMANTICS_UNVERIFIED,backtest_v12_engine.py:6694:run_simulation_tradier imports and runs tradier_manage,GAP_NO_CAUSAL_CONSUMER,,CAUSAL_CONSUMER_SEMANTICS_UNVERIFIED,tradier_manage.py:7539:process_position:_cfg_auto,,no reviewed exact vector/live semantic contract; no field-specific causal read in backtest_v12_engine (generic override propagation excluded); no causal EZ crypto consumer
REENTRY_PULL2_ENABLED,4038,UNIQUE_QUICKCONFIG_FIELD_WITH_NON_SYNTHETIC_VECTOR_READ,BOTH_OR_UNRESOLVED,CONNECTED_CAUSAL_READ_SEMANTICS_UNVERIFIED,v12_quick_engine.py:5513:compute_reentry_blocks:getattr,CAUSAL_PATH_SEMANTICS_UNVERIFIED,backtest_v12_engine.py:6694:run_simulation_tradier imports and runs tradier_manage,GAP_NO_CAUSAL_CONSUMER,,CAUSAL_CONSUMER_SEMANTICS_UNVERIFIED,tradier_manage.py:7546:process_position:_cfg_auto,,no reviewed exact vector/live semantic contract; no field-specific causal read in backtest_v12_engine (generic override propagation excluded); no causal EZ crypto consumer
REENTRY_PULL3_ENABLED,4039,UNIQUE_QUICKCONFIG_FIELD_WITH_NON_SYNTHETIC_VECTOR_READ,BOTH_OR_UNRESOLVED,CONNECTED_CAUSAL_READ_SEMANTICS_UNVERIFIED,v12_quick_engine.py:5526:compute_reentry_blocks:getattr,CAUSAL_PATH_SEMANTICS_UNVERIFIED,backtest_v12_engine.py:6694:run_simulation_tradier imports and runs tradier_manage,GAP_NO_CAUSAL_CONSUMER,,CAUSAL_CONSUMER_SEMANTICS_UNVERIFIED,tradier_manage.py:7551:process_position:_cfg_auto,,no reviewed exact vector/live semantic contract; no field-specific causal read in backtest_v12_engine (generic override propagation excluded); no causal EZ crypto consumer
REENTRY_PULL4_ENABLED,4040,UNIQUE_QUICKCONFIG_FIELD_WITH_NON_SYNTHETIC_VECTOR_READ,BOTH_OR_UNRESOLVED,CONNECTED_CAUSAL_READ_SEMANTICS_UNVERIFIED,v12_quick_engine.py:5539:compute_reentry_blocks:getattr,CAUSAL_PATH_SEMANTICS_UNVERIFIED,backtest_v12_engine.py:6694:run_simulation_tradier imports and runs tradier_manage,GAP_NO_CAUSAL_CONSUMER,,CAUSAL_CONSUMER_SEMANTICS_UNVERIFIED,tradier_manage.py:7556:process_position:_cfg_auto,,no reviewed exact vector/live semantic contract; no field-specific causal read in backtest_v12_engine (generic override propagation excluded); no causal EZ crypto consumer
REENTRY_TIER1_SIZE_MULT_TRADIER,4161,UNIQUE_QUICKCONFIG_FIELD_WITH_NON_SYNTHETIC_VECTOR_READ,TRADIER_ONLY_EXPLICIT_NAME,CONNECTED_CAUSAL_READ_SEMANTICS_UNVERIFIED,v12_quick_engine.py:13608:simulate_one:getattr,CAUSAL_PATH_SEMANTICS_UNVERIFIED,backtest_v12_engine.py:6694:run_simulation_tradier imports and runs tradier_manage,N_A_EXPLICIT_TRADIER_FIELD,,CAUSAL_CONSUMER_SEMANTICS_UNVERIFIED,tradier_manage.py:15640:evaluate_reentry:_cfg_auto,,no reviewed exact vector/live semantic contract; no field-specific causal read in backtest_v12_engine (generic override propagation excluded)
REGIME_ADAPTIVE_ENABLED,4162,UNIQUE_QUICKCONFIG_FIELD_WITH_NON_SYNTHETIC_VECTOR_READ,BOTH_OR_UNRESOLVED,CONNECTED_CAUSAL_READ_SEMANTICS_UNVERIFIED,v12_quick_engine.py:7926:compute_regime_sizing_mult:getattr,GAP_NO_CAUSAL_CONSUMER,,GAP_NO_CAUSAL_CONSUMER,,GAP_NO_CAUSAL_CONSUMER,,,no reviewed exact vector/live semantic contract; no field-specific causal read in backtest_v12_engine (generic override propagation excluded); no causal EZ crypto consumer; no causal Tradier consumer
REGIME_ENTER_TRENDING_THRESHOLD,4167,UNIQUE_QUICKCONFIG_FIELD_WITH_NON_SYNTHETIC_VECTOR_READ,BOTH_OR_UNRESOLVED,CONNECTED_CAUSAL_READ_SEMANTICS_UNVERIFIED,v12_quick_engine.py:7929:compute_regime_sizing_mult:getattr,GAP_NO_CAUSAL_CONSUMER,,GAP_NO_CAUSAL_CONSUMER,,GAP_NO_CAUSAL_CONSUMER,,,no reviewed exact vector/live semantic contract; no field-specific causal read in backtest_v12_engine (generic override propagation excluded); no causal EZ crypto consumer; no causal Tradier consumer
REGIME_EXIT_TRENDING_THRESHOLD,4168,UNIQUE_QUICKCONFIG_FIELD_WITH_NON_SYNTHETIC_VECTOR_READ,BOTH_OR_UNRESOLVED,CONNECTED_CAUSAL_READ_SEMANTICS_UNVERIFIED,v12_quick_engine.py:7632:compute_exit_signals:getattr;v12_quick_engine.py:7930:compute_regime_sizing_mult:getattr,GAP_NO_CAUSAL_CONSUMER,,GAP_NO_CAUSAL_CONSUMER,,GAP_NO_CAUSAL_CONSUMER,,,no reviewed exact vector/live semantic contract; no field-specific causal read in backtest_v12_engine (generic override propagation excluded); no causal EZ crypto consumer; no causal Tradier consumer
REGIME_GATE_ENABLED,4169,UNIQUE_QUICKCONFIG_FIELD_WITH_NON_SYNTHETIC_VECTOR_READ,BOTH_OR_UNRESOLVED,CONNECTED_CAUSAL_READ_SEMANTICS_UNVERIFIED,v12_quick_engine.py:7854:compute_reduce_signals:getattr;v12_quick_engine.py:7936:compute_regime_sizing_mult:getattr,GAP_NO_CAUSAL_CONSUMER,,GAP_NO_CAUSAL_CONSUMER,,GAP_NO_CAUSAL_CONSUMER,,,no reviewed exact vector/live semantic contract; no field-specific causal read in backtest_v12_engine (generic override propagation excluded); no causal EZ crypto consumer; no causal Tradier consumer
REGIME_RANGING_POSITION_SIZE_MULT,4176,UNIQUE_QUICKCONFIG_FIELD_WITH_NON_SYNTHETIC_VECTOR_READ,BOTH_OR_UNRESOLVED,CONNECTED_CAUSAL_READ_SEMANTICS_UNVERIFIED,v12_quick_engine.py:7934:compute_regime_sizing_mult:getattr;v12_quick_engine.py:7939:compute_regime_sizing_mult:getattr,GAP_NO_CAUSAL_CONSUMER,,GAP_NO_CAUSAL_CONSUMER,,GAP_NO_CAUSAL_CONSUMER,,,no reviewed exact vector/live semantic contract; no field-specific causal read in backtest_v12_engine (generic override propagation excluded); no causal EZ crypto consumer; no causal Tradier consumer
REGIME_RANGING_WT_EXIT_VEL,4181,UNIQUE_QUICKCONFIG_FIELD_WITH_NON_SYNTHETIC_VECTOR_READ,BOTH_OR_UNRESOLVED,CONNECTED_CAUSAL_READ_SEMANTICS_UNVERIFIED,v12_quick_engine.py:7633:compute_exit_signals:getattr;v12_quick_engine.py:7861:compute_reduce_signals:getattr;v12_quick_engine.py:7864:compute_reduce_signals:getattr,GAP_NO_CAUSAL_CONSUMER,,GAP_NO_CAUSAL_CONSUMER,,GAP_NO_CAUSAL_CONSUMER,,,no reviewed exact vector/live semantic contract; no field-specific causal read in backtest_v12_engine (generic override propagation excluded); no causal EZ crypto consumer; no causal Tradier consumer
REGIME_RANGING_WT_REDUCE_FRAC_LOW,4182,UNIQUE_QUICKCONFIG_FIELD_WITH_NON_SYNTHETIC_VECTOR_READ,BOTH_OR_UNRESOLVED,CONNECTED_CAUSAL_READ_SEMANTICS_UNVERIFIED,v12_quick_engine.py:7866:compute_reduce_signals:getattr,GAP_NO_CAUSAL_CONSUMER,,GAP_NO_CAUSAL_CONSUMER,,GAP_NO_CAUSAL_CONSUMER,,,no reviewed exact vector/live semantic contract; no field-specific causal read in backtest_v12_engine (generic override propagation excluded); no causal EZ crypto consumer; no causal Tradier consumer
REGIME_TRENDING_POSITION_SIZE_MULT,4190,UNIQUE_QUICKCONFIG_FIELD_WITH_NON_SYNTHETIC_VECTOR_READ,BOTH_OR_UNRESOLVED,CONNECTED_CAUSAL_READ_SEMANTICS_UNVERIFIED,v12_quick_engine.py:7933:compute_regime_sizing_mult:getattr;v12_quick_engine.py:7939:compute_regime_sizing_mult:getattr,GAP_NO_CAUSAL_CONSUMER,,GAP_NO_CAUSAL_CONSUMER,,GAP_NO_CAUSAL_CONSUMER,,,no reviewed exact vector/live semantic contract; no field-specific causal read in backtest_v12_engine (generic override propagation excluded); no causal EZ crypto consumer; no causal Tradier consumer
REGIME_TRENDING_WT_EXIT_VEL,4193,UNIQUE_QUICKCONFIG_FIELD_WITH_NON_SYNTHETIC_VECTOR_READ,BOTH_OR_UNRESOLVED,CONNECTED_CAUSAL_READ_SEMANTICS_UNVERIFIED,v12_quick_engine.py:7634:compute_exit_signals:getattr;v12_quick_engine.py:7860:compute_reduce_signals:getattr;v12_quick_engine.py:7863:compute_reduce_signals:getattr,GAP_NO_CAUSAL_CONSUMER,,GAP_NO_CAUSAL_CONSUMER,,GAP_NO_CAUSAL_CONSUMER,,,no reviewed exact vector/live semantic contract; no field-specific causal read in backtest_v12_engine (generic override propagation excluded); no causal EZ crypto consumer; no causal Tradier consumer
REGIME_TRENDING_WT_REDUCE_FRAC_LOW,4194,UNIQUE_QUICKCONFIG_FIELD_WITH_NON_SYNTHETIC_VECTOR_READ,BOTH_OR_UNRESOLVED,CONNECTED_CAUSAL_READ_SEMANTICS_UNVERIFIED,v12_quick_engine.py:7866:compute_reduce_signals:getattr,GAP_NO_CAUSAL_CONSUMER,,GAP_NO_CAUSAL_CONSUMER,,GAP_NO_CAUSAL_CONSUMER,,,no reviewed exact vector/live semantic contract; no field-specific causal read in backtest_v12_engine (generic override propagation excluded); no causal EZ crypto consumer; no causal Tradier consumer
RSI2_ENABLED,4321,UNIQUE_QUICKCONFIG_FIELD_WITH_NON_SYNTHETIC_VECTOR_READ,BOTH_OR_UNRESOLVED,CONNECTED_CAUSAL_READ_SEMANTICS_UNVERIFIED,v12_quick_engine.py:5887:compute_reentry_blocks:getattr;v12_quick_engine.py:7542:compute_exit_signals:getattr,CAUSAL_PATH_SEMANTICS_UNVERIFIED,backtest_v12_engine.py:6694:run_simulation_tradier imports and runs tradier_manage,GAP_NO_CAUSAL_CONSUMER,,CAUSAL_CONSUMER_SEMANTICS_UNVERIFIED,tradier_manage.py:13364:evaluate_stop:_cfg;tradier_manage.py:23459:evaluate_rsi2_entry:_cfg_auto;tradier_manage.py:7744:process_position:_cfg_auto,,no reviewed exact vector/live semantic contract; no field-specific causal read in backtest_v12_engine (generic override propagation excluded); no causal EZ crypto consumer
RSI2_ENTRY_THRESHOLD,4905,UNIQUE_QUICKCONFIG_FIELD_WITH_NON_SYNTHETIC_VECTOR_READ,BOTH_OR_UNRESOLVED,CONNECTED_CAUSAL_READ_SEMANTICS_UNVERIFIED,v12_quick_engine.py:5889:compute_reentry_blocks:getattr,CAUSAL_PATH_SEMANTICS_UNVERIFIED,backtest_v12_engine.py:6694:run_simulation_tradier imports and runs tradier_manage,GAP_NO_CAUSAL_CONSUMER,,CAUSAL_CONSUMER_SEMANTICS_UNVERIFIED,tradier_manage.py:23464:evaluate_rsi2_entry:_cfg_auto;tradier_manage.py:7746:process_position:_cfg_auto,,no reviewed exact vector/live semantic contract; no field-specific causal read in backtest_v12_engine (generic override propagation excluded); no causal EZ crypto consumer
RSI2_MEAN_REVERSION_ENABLED,4591,UNIQUE_QUICKCONFIG_FIELD_WITH_NON_SYNTHETIC_VECTOR_READ,BOTH_OR_UNRESOLVED,CONNECTED_CAUSAL_READ_SEMANTICS_UNVERIFIED,v12_quick_engine.py:5714:compute_reentry_blocks:attribute,CAUSAL_PATH_SEMANTICS_UNVERIFIED,backtest_v12_engine.py:5438:ez_manage.process_position;backtest_v12_engine.py:5897:ez_positions_quick.check_entry_candidates_for_account,CAUSAL_CONSUMER_SEMANTICS_UNVERIFIED,ez_positions_quick.py:4343:rate:getattr,GAP_NO_CAUSAL_CONSUMER,,,no reviewed exact vector/live semantic contract; no field-specific causal read in backtest_v12_engine (generic override propagation excluded); no causal Tradier consumer
RSI2_SCORE_BONUS,4594,UNIQUE_QUICKCONFIG_FIELD_WITH_NON_SYNTHETIC_VECTOR_READ,BOTH_OR_UNRESOLVED,CONNECTED_CAUSAL_READ_SEMANTICS_UNVERIFIED,v12_quick_engine.py:6346:_combine_entry_blocks:attribute,CAUSAL_PATH_SEMANTICS_UNVERIFIED,backtest_v12_engine.py:5438:ez_manage.process_position;backtest_v12_engine.py:5897:ez_positions_quick.check_entry_candidates_for_account,CAUSAL_CONSUMER_SEMANTICS_UNVERIFIED,ez_positions_quick.py:4346:rate:getattr;ez_positions_quick.py:4348:rate:getattr,GAP_NO_CAUSAL_CONSUMER,,,no reviewed exact vector/live semantic contract; no field-specific causal read in backtest_v12_engine (generic override propagation excluded); no causal Tradier consumer
RSI2_THRESHOLD_LONG,4592,UNIQUE_QUICKCONFIG_FIELD_WITH_NON_SYNTHETIC_VECTOR_READ,BOTH_OR_UNRESOLVED,CONNECTED_CAUSAL_READ_SEMANTICS_UNVERIFIED,v12_quick_engine.py:5719:compute_reentry_blocks:attribute,CAUSAL_PATH_SEMANTICS_UNVERIFIED,backtest_v12_engine.py:5438:ez_manage.process_position;backtest_v12_engine.py:5897:ez_positions_quick.check_entry_candidates_for_account,CAUSAL_CONSUMER_SEMANTICS_UNVERIFIED,ez_positions_quick.py:4345:rate:getattr,GAP_NO_CAUSAL_CONSUMER,,,no reviewed exact vector/live semantic contract; no field-specific causal read in backtest_v12_engine (generic override propagation excluded); no causal Tradier consumer
RSI2_THRESHOLD_SHORT,4593,UNIQUE_QUICKCONFIG_FIELD_WITH_NON_SYNTHETIC_VECTOR_READ,BOTH_OR_UNRESOLVED,CONNECTED_CAUSAL_READ_SEMANTICS_UNVERIFIED,v12_quick_engine.py:5720:compute_reentry_blocks:attribute,CAUSAL_PATH_SEMANTICS_UNVERIFIED,backtest_v12_engine.py:5438:ez_manage.process_position;backtest_v12_engine.py:5897:ez_positions_quick.check_entry_candidates_for_account,CAUSAL_CONSUMER_SEMANTICS_UNVERIFIED,ez_positions_quick.py:4347:rate:getattr,GAP_NO_CAUSAL_CONSUMER,,,no reviewed exact vector/live semantic contract; no field-specific causal read in backtest_v12_engine (generic override propagation excluded); no causal Tradier consumer
RSI_ENTRY_GATE_ENABLED,4196,UNIQUE_QUICKCONFIG_FIELD_WITH_NON_SYNTHETIC_VECTOR_READ,BOTH_OR_UNRESOLVED,CONNECTED_CAUSAL_READ_SEMANTICS_UNVERIFIED,v12_quick_engine.py:6957:compute_entry_signals:getattr,CAUSAL_PATH_SEMANTICS_UNVERIFIED,backtest_v12_engine.py:5438:ez_manage.process_position;backtest_v12_engine.py:5897:ez_positions_quick.check_entry_candidates_for_account;backtest_v12_engine.py:6694:run_simulation_tradier imports and runs tradier_manage,CAUSAL_CONSUMER_SEMANTICS_UNVERIFIED,ez_positions_quick.py:16114:worker:getattr,CAUSAL_CONSUMER_SEMANTICS_UNVERIFIED,tradier_manage.py:7913:process_position:_cfg_auto,,no reviewed exact vector/live semantic contract; no field-specific causal read in backtest_v12_engine (generic override propagation excluded)
RSI_ENTRY_LONG_TRADIER,4324,UNIQUE_QUICKCONFIG_FIELD_WITH_NON_SYNTHETIC_VECTOR_READ,TRADIER_ONLY_EXPLICIT_NAME,CONNECTED_EXACT_REVIEWED,v12_quick_engine.py:6154:compute_reentry_blocks:getattr;v12_quick_engine.py:6373:_tradier_signal_score_family:attribute;v12_quick_engine.py:6531:_tradier_signal_score_family:attribute,EXACT_LIVE_DELEGATED_OR_DIRECT_PATH,backtest_v12_engine.py:6694:run_simulation_tradier imports and runs tradier_manage,N_A_EXPLICIT_TRADIER_FIELD,,EXACT_CAUSAL_CONSUMER,tradier_manage.py:11167:calculate_signal_score:getattr;tradier_manage.py:20425:should_enter_long:_cfg_auto,LONG MFI threshold on ENTRY_PRIMARY_TF (legacy RSI name),backtest reaches reviewed live consumer by delegation rather than a duplicate predicate
RSI_ENTRY_MAX_LONG,4197,UNIQUE_QUICKCONFIG_FIELD_WITH_NON_SYNTHETIC_VECTOR_READ,BOTH_OR_UNRESOLVED,CONNECTED_CAUSAL_READ_SEMANTICS_UNVERIFIED,v12_quick_engine.py:6960:compute_entry_signals:getattr,CAUSAL_PATH_SEMANTICS_UNVERIFIED,backtest_v12_engine.py:5438:ez_manage.process_position;backtest_v12_engine.py:5897:ez_positions_quick.check_entry_candidates_for_account;backtest_v12_engine.py:6694:run_simulation_tradier imports and runs tradier_manage,CAUSAL_CONSUMER_SEMANTICS_UNVERIFIED,ez_positions_quick.py:16124:worker:getattr,CAUSAL_CONSUMER_SEMANTICS_UNVERIFIED,tradier_manage.py:7916:process_position:_cfg_auto,,no reviewed exact vector/live semantic contract; no field-specific causal read in backtest_v12_engine (generic override propagation excluded)
RSI_ENTRY_MIN_SHORT,4198,UNIQUE_QUICKCONFIG_FIELD_WITH_NON_SYNTHETIC_VECTOR_READ,BOTH_OR_UNRESOLVED,CONNECTED_CAUSAL_READ_SEMANTICS_UNVERIFIED,v12_quick_engine.py:6962:compute_entry_signals:getattr,CAUSAL_PATH_SEMANTICS_UNVERIFIED,backtest_v12_engine.py:5438:ez_manage.process_position;backtest_v12_engine.py:5897:ez_positions_quick.check_entry_candidates_for_account;backtest_v12_engine.py:6694:run_simulation_tradier imports and runs tradier_manage,CAUSAL_CONSUMER_SEMANTICS_UNVERIFIED,ez_positions_quick.py:16127:worker:getattr,CAUSAL_CONSUMER_SEMANTICS_UNVERIFIED,tradier_manage.py:7917:process_position:_cfg_auto,,no reviewed exact vector/live semantic contract; no field-specific causal read in backtest_v12_engine (generic override propagation excluded)
RSI_ENTRY_SHORT_TRADIER,4325,UNIQUE_QUICKCONFIG_FIELD_WITH_NON_SYNTHETIC_VECTOR_READ,TRADIER_ONLY_EXPLICIT_NAME,CONNECTED_EXACT_REVIEWED,v12_quick_engine.py:6155:compute_reentry_blocks:getattr;v12_quick_engine.py:6374:_tradier_signal_score_family:attribute;v12_quick_engine.py:6532:_tradier_signal_score_family:attribute,EXACT_LIVE_DELEGATED_OR_DIRECT_PATH,backtest_v12_engine.py:6694:run_simulation_tradier imports and runs tradier_manage,N_A_EXPLICIT_TRADIER_FIELD,,EXACT_CAUSAL_CONSUMER,tradier_manage.py:11168:calculate_signal_score:getattr;tradier_manage.py:20712:should_enter_short:_cfg_auto,SHORT MFI threshold on ENTRY_PRIMARY_TF (legacy RSI name),backtest reaches reviewed live consumer by delegation rather than a duplicate predicate
RSI_EXIT_LONG_TRADIER,4199,UNIQUE_QUICKCONFIG_FIELD_WITH_NON_SYNTHETIC_VECTOR_READ,TRADIER_ONLY_EXPLICIT_NAME,CONNECTED_CAUSAL_READ_SEMANTICS_UNVERIFIED,v12_quick_engine.py:7537:compute_exit_signals:getattr;v12_quick_engine.py:7538:compute_exit_signals:getattr,CAUSAL_PATH_SEMANTICS_UNVERIFIED,backtest_v12_engine.py:6694:run_simulation_tradier imports and runs tradier_manage,N_A_EXPLICIT_TRADIER_FIELD,,CAUSAL_CONSUMER_SEMANTICS_UNVERIFIED,tradier_manage.py:13347:evaluate_stop:_cfg;tradier_manage.py:13349:evaluate_stop:_cfg,,no reviewed exact vector/live semantic contract; no field-specific causal read in backtest_v12_engine (generic override propagation excluded)
RSI_EXIT_SHORT_TRADIER,4200,UNIQUE_QUICKCONFIG_FIELD_WITH_NON_SYNTHETIC_VECTOR_READ,TRADIER_ONLY_EXPLICIT_NAME,CONNECTED_CAUSAL_READ_SEMANTICS_UNVERIFIED,v12_quick_engine.py:7539:compute_exit_signals:getattr;v12_quick_engine.py:7540:compute_exit_signals:getattr,CAUSAL_PATH_SEMANTICS_UNVERIFIED,backtest_v12_engine.py:6694:run_simulation_tradier imports and runs tradier_manage,N_A_EXPLICIT_TRADIER_FIELD,,CAUSAL_CONSUMER_SEMANTICS_UNVERIFIED,tradier_manage.py:13347:evaluate_stop:_cfg;tradier_manage.py:13350:evaluate_stop:_cfg,,no reviewed exact vector/live semantic contract; no field-specific causal read in backtest_v12_engine (generic override propagation excluded)
RSI_MACD_EMA_ENABLED,4595,UNIQUE_QUICKCONFIG_FIELD_WITH_NON_SYNTHETIC_VECTOR_READ,BOTH_OR_UNRESOLVED,CONNECTED_CAUSAL_READ_SEMANTICS_UNVERIFIED,v12_quick_engine.py:5749:compute_reentry_blocks:attribute,CAUSAL_PATH_SEMANTICS_UNVERIFIED,backtest_v12_engine.py:5438:ez_manage.process_position;backtest_v12_engine.py:5897:ez_positions_quick.check_entry_candidates_for_account,CAUSAL_CONSUMER_SEMANTICS_UNVERIFIED,ez_positions_quick.py:4393:rate:getattr,GAP_NO_CAUSAL_CONSUMER,,,no reviewed exact vector/live semantic contract; no field-specific causal read in backtest_v12_engine (generic override propagation excluded); no causal Tradier consumer
RSI_MACD_EMA_RSI_LONG,4596,UNIQUE_QUICKCONFIG_FIELD_WITH_NON_SYNTHETIC_VECTOR_READ,BOTH_OR_UNRESOLVED,CONNECTED_CAUSAL_READ_SEMANTICS_UNVERIFIED,v12_quick_engine.py:5760:compute_reentry_blocks:attribute,CAUSAL_PATH_SEMANTICS_UNVERIFIED,backtest_v12_engine.py:5438:ez_manage.process_position;backtest_v12_engine.py:5897:ez_positions_quick.check_entry_candidates_for_account,CAUSAL_CONSUMER_SEMANTICS_UNVERIFIED,ez_positions_quick.py:4400:rate:getattr,GAP_NO_CAUSAL_CONSUMER,,,no reviewed exact vector/live semantic contract; no field-specific causal read in backtest_v12_engine (generic override propagation excluded); no causal Tradier consumer
RSI_MACD_EMA_RSI_SHORT,4597,UNIQUE_QUICKCONFIG_FIELD_WITH_NON_SYNTHETIC_VECTOR_READ,BOTH_OR_UNRESOLVED,CONNECTED_CAUSAL_READ_SEMANTICS_UNVERIFIED,v12_quick_engine.py:5762:compute_reentry_blocks:attribute,CAUSAL_PATH_SEMANTICS_UNVERIFIED,backtest_v12_engine.py:5438:ez_manage.process_position;backtest_v12_engine.py:5897:ez_positions_quick.check_entry_candidates_for_account,CAUSAL_CONSUMER_SEMANTICS_UNVERIFIED,ez_positions_quick.py:4402:rate:getattr,GAP_NO_CAUSAL_CONSUMER,,,no reviewed exact vector/live semantic contract; no field-specific causal read in backtest_v12_engine (generic override propagation excluded); no causal Tradier consumer
RSI_MACD_EMA_SCORE,4598,UNIQUE_QUICKCONFIG_FIELD_WITH_NON_SYNTHETIC_VECTOR_READ,BOTH_OR_UNRESOLVED,CONNECTED_CAUSAL_READ_SEMANTICS_UNVERIFIED,v12_quick_engine.py:6352:_combine_entry_blocks:attribute,CAUSAL_PATH_SEMANTICS_UNVERIFIED,backtest_v12_engine.py:5438:ez_manage.process_position;backtest_v12_engine.py:5897:ez_positions_quick.check_entry_candidates_for_account,CAUSAL_CONSUMER_SEMANTICS_UNVERIFIED,ez_positions_quick.py:4401:rate:getattr;ez_positions_quick.py:4403:rate:getattr,GAP_NO_CAUSAL_CONSUMER,,,no reviewed exact vector/live semantic contract; no field-specific causal read in backtest_v12_engine (generic override propagation excluded); no causal Tradier consumer
RSI_MACD_EMA_TF,4599,UNIQUE_QUICKCONFIG_FIELD_WITH_NON_SYNTHETIC_VECTOR_READ,BOTH_OR_UNRESOLVED,CONNECTED_CAUSAL_READ_SEMANTICS_UNVERIFIED,v12_quick_engine.py:5750:compute_reentry_blocks:attribute,CAUSAL_PATH_SEMANTICS_UNVERIFIED,backtest_v12_engine.py:5438:ez_manage.process_position;backtest_v12_engine.py:5897:ez_positions_quick.check_entry_candidates_for_account,CAUSAL_CONSUMER_SEMANTICS_UNVERIFIED,ez_positions_quick.py:4394:rate:getattr,GAP_NO_CAUSAL_CONSUMER,,,no reviewed exact vector/live semantic contract; no field-specific causal read in backtest_v12_engine (generic override propagation excluded); no causal Tradier consumer
RZ_BOT_BB_THRESHOLD,4910,UNIQUE_QUICKCONFIG_FIELD_WITH_NON_SYNTHETIC_VECTOR_READ,BOTH_OR_UNRESOLVED,CONNECTED_CAUSAL_READ_SEMANTICS_UNVERIFIED,v12_quick_engine.py:6640:_exact_entry_contract_masks:getattr,CAUSAL_PATH_SEMANTICS_UNVERIFIED,backtest_v12_engine.py:5438:ez_manage.process_position;backtest_v12_engine.py:5897:ez_positions_quick.check_entry_candidates_for_account;backtest_v12_engine.py:6694:run_simulation_tradier imports and runs tradier_manage,CAUSAL_CONSUMER_SEMANTICS_UNVERIFIED,ez_manage.py:34597:evaluate_technical_indicator_signals:getattr;ez_positions_quick.py:8028:__init__:attribute,CAUSAL_CONSUMER_SEMANTICS_UNVERIFIED,tradier_manage.py:15993:__init__:_cfg_auto;tradier_manage.py:2012:_rz_standalone_exit_gate:_cfg_auto;tradier_manage.py:7504:process_position:_cfg_auto,,no reviewed exact vector/live semantic contract; no field-specific causal read in backtest_v12_engine (generic override propagation excluded)
RZ_BREAKOUT_BAND,3619,UNIQUE_QUICKCONFIG_FIELD_WITH_NON_SYNTHETIC_VECTOR_READ,BOTH_OR_UNRESOLVED,CONNECTED_CAUSAL_READ_SEMANTICS_UNVERIFIED,v12_quick_engine.py:6641:_exact_entry_contract_masks:attribute,CAUSAL_PATH_SEMANTICS_UNVERIFIED,backtest_v12_engine.py:5438:ez_manage.process_position;backtest_v12_engine.py:5897:ez_positions_quick.check_entry_candidates_for_account;backtest_v12_engine.py:6694:run_simulation_tradier imports and runs tradier_manage,CAUSAL_CONSUMER_SEMANTICS_UNVERIFIED,ez_manage.py:34598:evaluate_technical_indicator_signals:getattr,CAUSAL_CONSUMER_SEMANTICS_UNVERIFIED,tradier_manage.py:7505:process_position:_cfg_auto,,no reviewed exact vector/live semantic contract; no field-specific causal read in backtest_v12_engine (generic override propagation excluded)
RZ_BREAKOUT_ENTRY_ENABLED,3618,UNIQUE_QUICKCONFIG_FIELD_WITH_NON_SYNTHETIC_VECTOR_READ,BOTH_OR_UNRESOLVED,CONNECTED_CAUSAL_READ_SEMANTICS_UNVERIFIED,v12_quick_engine.py:6636:_exact_entry_contract_masks:attribute,CAUSAL_PATH_SEMANTICS_UNVERIFIED,backtest_v12_engine.py:5438:ez_manage.process_position;backtest_v12_engine.py:5897:ez_positions_quick.check_entry_candidates_for_account;backtest_v12_engine.py:6694:run_simulation_tradier imports and runs tradier_manage,CAUSAL_CONSUMER_SEMANTICS_UNVERIFIED,ez_manage.py:34594:evaluate_technical_indicator_signals:getattr,CAUSAL_CONSUMER_SEMANTICS_UNVERIFIED,tradier_manage.py:7500:process_position:_cfg_auto,,no reviewed exact vector/live semantic contract; no field-specific causal read in backtest_v12_engine (generic override propagation excluded)
RZ_ENTRY_ENABLED,4307,UNIQUE_QUICKCONFIG_FIELD_WITH_NON_SYNTHETIC_VECTOR_READ,BOTH_OR_UNRESOLVED,CONNECTED_CAUSAL_READ_SEMANTICS_UNVERIFIED,v12_quick_engine.py:6043:compute_reentry_blocks:getattr,CAUSAL_PATH_SEMANTICS_UNVERIFIED,backtest_v12_engine.py:5438:ez_manage.process_position;backtest_v12_engine.py:5897:ez_positions_quick.check_entry_candidates_for_account;backtest_v12_engine.py:6694:run_simulation_tradier imports and runs tradier_manage,CAUSAL_CONSUMER_SEMANTICS_UNVERIFIED,ez_positions_quick.py:8028:__init__:attribute,CAUSAL_CONSUMER_SEMANTICS_UNVERIFIED,tradier_manage.py:15999:__init__:_cfg_auto,,no reviewed exact vector/live semantic contract; no field-specific causal read in backtest_v12_engine (generic override propagation excluded)
RZ_EXIT_ENABLED,3434,UNIQUE_QUICKCONFIG_FIELD_WITH_NON_SYNTHETIC_VECTOR_READ,BOTH_OR_UNRESOLVED,CONNECTED_CAUSAL_READ_SEMANTICS_UNVERIFIED,v12_quick_engine.py:7502:compute_exit_signals:attribute,CAUSAL_PATH_SEMANTICS_UNVERIFIED,backtest_v12_engine.py:9250:_v8_gated_evaluate_stop:getattr;backtest_v12_engine.py:9256:_v8_gated_evaluate_stop:getattr;backtest_v12_engine.py:5438:ez_manage.process_position;backtest_v12_engine.py:5897:ez_positions_quick.check_entry_candidates_for_account;backtest_v12_engine.py:6694:run_simulation_tradier imports and runs tradier_manage,CAUSAL_CONSUMER_SEMANTICS_UNVERIFIED,ez_manage.py:43880:process_position:getattr;ez_positions_quick.py:8028:__init__:attribute,CAUSAL_CONSUMER_SEMANTICS_UNVERIFIED,tradier_manage.py:13526:evaluate_stop:_cfg_auto;tradier_manage.py:16000:__init__:_cfg_auto;tradier_manage.py:16009:__init__:_cfg_auto,,no reviewed exact vector/live semantic contract
RZ_K_ENTRY_BOTTOM,4202,UNIQUE_QUICKCONFIG_FIELD_WITH_NON_SYNTHETIC_VECTOR_READ,BOTH_OR_UNRESOLVED,CONNECTED_CAUSAL_READ_SEMANTICS_UNVERIFIED,v12_quick_engine.py:6044:compute_reentry_blocks:getattr,GAP_NO_CAUSAL_CONSUMER,,GAP_NO_CAUSAL_CONSUMER,,GAP_NO_CAUSAL_CONSUMER,,,no reviewed exact vector/live semantic contract; no field-specific causal read in backtest_v12_engine (generic override propagation excluded); no causal EZ crypto consumer; no causal Tradier consumer
RZ_MFI_ENTRY_BOTTOM,4203,UNIQUE_QUICKCONFIG_FIELD_WITH_NON_SYNTHETIC_VECTOR_READ,BOTH_OR_UNRESOLVED,CONNECTED_CAUSAL_READ_SEMANTICS_UNVERIFIED,v12_quick_engine.py:6045:compute_reentry_blocks:getattr,GAP_NO_CAUSAL_CONSUMER,,GAP_NO_CAUSAL_CONSUMER,,GAP_NO_CAUSAL_CONSUMER,,,no reviewed exact vector/live semantic contract; no field-specific causal read in backtest_v12_engine (generic override propagation excluded); no causal EZ crypto consumer; no causal Tradier consumer
RZ_TOP_BB_THRESHOLD,4916,UNIQUE_QUICKCONFIG_FIELD_WITH_NON_SYNTHETIC_VECTOR_READ,BOTH_OR_UNRESOLVED,CONNECTED_CAUSAL_READ_SEMANTICS_UNVERIFIED,v12_quick_engine.py:6639:_exact_entry_contract_masks:getattr,CAUSAL_PATH_SEMANTICS_UNVERIFIED,backtest_v12_engine.py:5438:ez_manage.process_position;backtest_v12_engine.py:5897:ez_positions_quick.check_entry_candidates_for_account;backtest_v12_engine.py:6694:run_simulation_tradier imports and runs tradier_manage,CAUSAL_CONSUMER_SEMANTICS_UNVERIFIED,ez_manage.py:34596:evaluate_technical_indicator_signals:getattr;ez_positions_quick.py:8028:__init__:attribute,CAUSAL_CONSUMER_SEMANTICS_UNVERIFIED,tradier_manage.py:15992:__init__:_cfg_auto;tradier_manage.py:2011:_rz_standalone_exit_gate:_cfg_auto;tradier_manage.py:7503:process_position:_cfg_auto,,no reviewed exact vector/live semantic contract; no field-specific causal read in backtest_v12_engine (generic override propagation excluded)
R_G10_HTF_DIV_GATE_ENABLED,3651,UNIQUE_QUICKCONFIG_FIELD_WITH_NON_SYNTHETIC_VECTOR_READ,BOTH_OR_UNRESOLVED,CONNECTED_CAUSAL_READ_SEMANTICS_UNVERIFIED,v12_quick_engine.py:6776:_exact_crypto_wt_entry_contract:attribute,CAUSAL_PATH_SEMANTICS_UNVERIFIED,backtest_v12_engine.py:5438:ez_manage.process_position;backtest_v12_engine.py:5897:ez_positions_quick.check_entry_candidates_for_account,CAUSAL_CONSUMER_SEMANTICS_UNVERIFIED,ez_positions_quick.py:2227:rate:getattr,GAP_NO_CAUSAL_CONSUMER,,,no reviewed exact vector/live semantic contract; no field-specific causal read in backtest_v12_engine (generic override propagation excluded); no causal Tradier consumer
R_G10_HTF_DIV_TFS,3652,UNIQUE_QUICKCONFIG_FIELD_WITH_NON_SYNTHETIC_VECTOR_READ,BOTH_OR_UNRESOLVED,CONNECTED_CAUSAL_READ_SEMANTICS_UNVERIFIED,v12_quick_engine.py:6779:_exact_crypto_wt_entry_contract:attribute,CAUSAL_PATH_SEMANTICS_UNVERIFIED,backtest_v12_engine.py:5438:ez_manage.process_position;backtest_v12_engine.py:5897:ez_positions_quick.check_entry_candidates_for_account,CAUSAL_CONSUMER_SEMANTICS_UNVERIFIED,ez_positions_quick.py:2228:rate:getattr,GAP_NO_CAUSAL_CONSUMER,,,no reviewed exact vector/live semantic contract; no field-specific causal read in backtest_v12_engine (generic override propagation excluded); no causal Tradier consumer
R_S1_WT_COMPOSITE_DELTA_THR,3660,UNIQUE_QUICKCONFIG_FIELD_WITH_NON_SYNTHETIC_VECTOR_READ,BOTH_OR_UNRESOLVED,CONNECTED_CAUSAL_READ_SEMANTICS_UNVERIFIED,v12_quick_engine.py:6819:_exact_crypto_wt_entry_contract:attribute,CAUSAL_PATH_SEMANTICS_UNVERIFIED,backtest_v12_engine.py:5438:ez_manage.process_position;backtest_v12_engine.py:5897:ez_positions_quick.check_entry_candidates_for_account,CAUSAL_CONSUMER_SEMANTICS_UNVERIFIED,ez_positions_quick.py:2444:rate:getattr,GAP_NO_CAUSAL_CONSUMER,,,no reviewed exact vector/live semantic contract; no field-specific causal read in backtest_v12_engine (generic override propagation excluded); no causal Tradier consumer
R_S1_WT_COMPOSITE_DELTA_USE_ENABLED,3659,UNIQUE_QUICKCONFIG_FIELD_WITH_NON_SYNTHETIC_VECTOR_READ,BOTH_OR_UNRESOLVED,CONNECTED_CAUSAL_READ_SEMANTICS_UNVERIFIED,v12_quick_engine.py:6818:_exact_crypto_wt_entry_contract:attribute,CAUSAL_PATH_SEMANTICS_UNVERIFIED,backtest_v12_engine.py:5438:ez_manage.process_position;backtest_v12_engine.py:5897:ez_positions_quick.check_entry_candidates_for_account,CAUSAL_CONSUMER_SEMANTICS_UNVERIFIED,ez_positions_quick.py:2442:rate:getattr,GAP_NO_CAUSAL_CONSUMER,,,no reviewed exact vector/live semantic contract; no field-specific causal read in backtest_v12_engine (generic override propagation excluded); no causal Tradier consumer
R_S2_WT_ADAPTIVE_OS_ENABLED,3661,UNIQUE_QUICKCONFIG_FIELD_WITH_NON_SYNTHETIC_VECTOR_READ,BOTH_OR_UNRESOLVED,CONNECTED_CAUSAL_READ_SEMANTICS_UNVERIFIED,v12_quick_engine.py:6821:_exact_crypto_wt_entry_contract:attribute,CAUSAL_PATH_SEMANTICS_UNVERIFIED,backtest_v12_engine.py:5438:ez_manage.process_position;backtest_v12_engine.py:5897:ez_positions_quick.check_entry_candidates_for_account,CAUSAL_CONSUMER_SEMANTICS_UNVERIFIED,ez_positions_quick.py:2452:rate:getattr,GAP_NO_CAUSAL_CONSUMER,,,no reviewed exact vector/live semantic contract; no field-specific causal read in backtest_v12_engine (generic override propagation excluded); no causal Tradier consumer
R_S2_WT_PCT_OB_SHORT,3663,UNIQUE_QUICKCONFIG_FIELD_WITH_NON_SYNTHETIC_VECTOR_READ,BOTH_OR_UNRESOLVED,CONNECTED_CAUSAL_READ_SEMANTICS_UNVERIFIED,v12_quick_engine.py:6826:_exact_crypto_wt_entry_contract:attribute,CAUSAL_PATH_SEMANTICS_UNVERIFIED,backtest_v12_engine.py:5438:ez_manage.process_position;backtest_v12_engine.py:5897:ez_positions_quick.check_entry_candidates_for_account,CAUSAL_CONSUMER_SEMANTICS_UNVERIFIED,ez_positions_quick.py:2456:rate:getattr,GAP_NO_CAUSAL_CONSUMER,,,no reviewed exact vector/live semantic contract; no field-specific causal read in backtest_v12_engine (generic override propagation excluded); no causal Tradier consumer
R_S2_WT_PCT_OS_LONG,3662,UNIQUE_QUICKCONFIG_FIELD_WITH_NON_SYNTHETIC_VECTOR_READ,BOTH_OR_UNRESOLVED,CONNECTED_CAUSAL_READ_SEMANTICS_UNVERIFIED,v12_quick_engine.py:6825:_exact_crypto_wt_entry_contract:attribute,CAUSAL_PATH_SEMANTICS_UNVERIFIED,backtest_v12_engine.py:5438:ez_manage.process_position;backtest_v12_engine.py:5897:ez_positions_quick.check_entry_candidates_for_account,CAUSAL_CONSUMER_SEMANTICS_UNVERIFIED,ez_positions_quick.py:2455:rate:getattr,GAP_NO_CAUSAL_CONSUMER,,,no reviewed exact vector/live semantic contract; no field-specific causal read in backtest_v12_engine (generic override propagation excluded); no causal Tradier consumer
R_S6_WT_MSTATE_GATE_MODE,3653,UNIQUE_QUICKCONFIG_FIELD_WITH_NON_SYNTHETIC_VECTOR_READ,BOTH_OR_UNRESOLVED,CONNECTED_CAUSAL_READ_SEMANTICS_UNVERIFIED,v12_quick_engine.py:6788:_exact_crypto_wt_entry_contract:attribute,CAUSAL_PATH_SEMANTICS_UNVERIFIED,backtest_v12_engine.py:5438:ez_manage.process_position;backtest_v12_engine.py:5897:ez_positions_quick.check_entry_candidates_for_account,CAUSAL_CONSUMER_SEMANTICS_UNVERIFIED,ez_positions_quick.py:2243:rate:getattr,GAP_NO_CAUSAL_CONSUMER,,,no reviewed exact vector/live semantic contract; no field-specific causal read in backtest_v12_engine (generic override propagation excluded); no causal Tradier consumer
SATOSHIT_ENABLED,3436,UNIQUE_QUICKCONFIG_FIELD_WITH_NON_SYNTHETIC_VECTOR_READ,BOTH_OR_UNRESOLVED,CONNECTED_CAUSAL_READ_SEMANTICS_UNVERIFIED,v12_quick_engine.py:7494:compute_exit_signals:attribute,CAUSAL_PATH_SEMANTICS_UNVERIFIED,backtest_v12_engine.py:5438:ez_manage.process_position;backtest_v12_engine.py:5897:ez_positions_quick.check_entry_candidates_for_account,CAUSAL_CONSUMER_SEMANTICS_UNVERIFIED,ez_manage.py:44338:process_position:getattr;ez_manage.py:44575:process_position:getattr;ez_manage.py:46181:process_position:getattr;ez_positions_quick.py:2910:rate:getattr,GAP_NO_CAUSAL_CONSUMER,,,no reviewed exact vector/live semantic contract; no field-specific causal read in backtest_v12_engine (generic override propagation excluded); no causal Tradier consumer
SATOSHIT_ENTRY_ENABLED,4309,UNIQUE_QUICKCONFIG_FIELD_WITH_NON_SYNTHETIC_VECTOR_READ,BOTH_OR_UNRESOLVED,CONNECTED_CAUSAL_READ_SEMANTICS_UNVERIFIED,v12_quick_engine.py:6056:compute_reentry_blocks:getattr,CAUSAL_PATH_SEMANTICS_UNVERIFIED,backtest_v12_engine.py:6694:run_simulation_tradier imports and runs tradier_manage,GAP_NO_CAUSAL_CONSUMER,,CAUSAL_CONSUMER_SEMANTICS_UNVERIFIED,tradier_manage.py:7146:process_position:_cfg_auto;tradier_manage.py:7561:process_position:_cfg_auto,,no reviewed exact vector/live semantic contract; no field-specific causal read in backtest_v12_engine (generic override propagation excluded); no causal EZ crypto consumer
SATOSHIT_EXIT_ENABLED,4204,UNIQUE_QUICKCONFIG_FIELD_WITH_NON_SYNTHETIC_VECTOR_READ,BOTH_OR_UNRESOLVED,CONNECTED_CAUSAL_READ_SEMANTICS_UNVERIFIED,v12_quick_engine.py:13569:simulate_one:getattr;v12_quick_engine.py:13623:simulate_one:getattr;v12_quick_engine.py:7550:compute_exit_signals:getattr,CAUSAL_PATH_SEMANTICS_UNVERIFIED,backtest_v12_engine.py:5438:ez_manage.process_position;backtest_v12_engine.py:5897:ez_positions_quick.check_entry_candidates_for_account,CAUSAL_CONSUMER_SEMANTICS_UNVERIFIED,ez_manage.py:44574:process_position:getattr,GAP_NO_CAUSAL_CONSUMER,,,no reviewed exact vector/live semantic contract; no field-specific causal read in backtest_v12_engine (generic override propagation excluded); no causal Tradier consumer
SATOSHIT_EXIT_LONG_RSI_MIN_TRADIER,4205,UNIQUE_QUICKCONFIG_FIELD_WITH_NON_SYNTHETIC_VECTOR_READ,TRADIER_ONLY_EXPLICIT_NAME,CONNECTED_CAUSAL_READ_SEMANTICS_UNVERIFIED,v12_quick_engine.py:7553:compute_exit_signals:getattr,GAP_NO_CAUSAL_CONSUMER,,N_A_EXPLICIT_TRADIER_FIELD,,GAP_NO_CAUSAL_CONSUMER,,,no reviewed exact vector/live semantic contract; no field-specific causal read in backtest_v12_engine (generic override propagation excluded); no causal Tradier consumer
SATOSHIT_EXIT_LONG_STOCH_K_MIN_TRADIER,4206,UNIQUE_QUICKCONFIG_FIELD_WITH_NON_SYNTHETIC_VECTOR_READ,TRADIER_ONLY_EXPLICIT_NAME,CONNECTED_CAUSAL_READ_SEMANTICS_UNVERIFIED,v12_quick_engine.py:7554:compute_exit_signals:getattr,GAP_NO_CAUSAL_CONSUMER,,N_A_EXPLICIT_TRADIER_FIELD,,GAP_NO_CAUSAL_CONSUMER,,,no reviewed exact vector/live semantic contract; no field-specific causal read in backtest_v12_engine (generic override propagation excluded); no causal Tradier consumer
SATOSHIT_EXIT_PARTIAL_PCT,4207,UNIQUE_QUICKCONFIG_FIELD_WITH_NON_SYNTHETIC_VECTOR_READ,BOTH_OR_UNRESOLVED,CONNECTED_CAUSAL_READ_SEMANTICS_UNVERIFIED,v12_quick_engine.py:13569:simulate_one:getattr;v12_quick_engine.py:13623:simulate_one:getattr,CAUSAL_PATH_SEMANTICS_UNVERIFIED,backtest_v12_engine.py:5438:ez_manage.process_position;backtest_v12_engine.py:5897:ez_positions_quick.check_entry_candidates_for_account,CAUSAL_CONSUMER_SEMANTICS_UNVERIFIED,ez_manage.py:44588:process_position:getattr,GAP_NO_CAUSAL_CONSUMER,,,no reviewed exact vector/live semantic contract; no field-specific causal read in backtest_v12_engine (generic override propagation excluded); no causal Tradier consumer
SATOSHIT_EXIT_SHORT_RSI_MAX_TRADIER,4208,UNIQUE_QUICKCONFIG_FIELD_WITH_NON_SYNTHETIC_VECTOR_READ,TRADIER_ONLY_EXPLICIT_NAME,CONNECTED_CAUSAL_READ_SEMANTICS_UNVERIFIED,v12_quick_engine.py:7556:compute_exit_signals:getattr,GAP_NO_CAUSAL_CONSUMER,,N_A_EXPLICIT_TRADIER_FIELD,,GAP_NO_CAUSAL_CONSUMER,,,no reviewed exact vector/live semantic contract; no field-specific causal read in backtest_v12_engine (generic override propagation excluded); no causal Tradier consumer
SATOSHIT_EXIT_SHORT_STOCH_K_MAX_TRADIER,4209,UNIQUE_QUICKCONFIG_FIELD_WITH_NON_SYNTHETIC_VECTOR_READ,TRADIER_ONLY_EXPLICIT_NAME,CONNECTED_CAUSAL_READ_SEMANTICS_UNVERIFIED,v12_quick_engine.py:7557:compute_exit_signals:getattr,GAP_NO_CAUSAL_CONSUMER,,N_A_EXPLICIT_TRADIER_FIELD,,GAP_NO_CAUSAL_CONSUMER,,,no reviewed exact vector/live semantic contract; no field-specific causal read in backtest_v12_engine (generic override propagation excluded); no causal Tradier consumer
SATOSHIT_HTF_MFI_D_MIN_TRADIER,4210,UNIQUE_QUICKCONFIG_FIELD_WITH_NON_SYNTHETIC_VECTOR_READ,TRADIER_ONLY_EXPLICIT_NAME,CONNECTED_CAUSAL_READ_SEMANTICS_UNVERIFIED,v12_quick_engine.py:6063:compute_reentry_blocks:getattr;v12_quick_engine.py:6070:compute_reentry_blocks:getattr,CAUSAL_PATH_SEMANTICS_UNVERIFIED,backtest_v12_engine.py:6694:run_simulation_tradier imports and runs tradier_manage,N_A_EXPLICIT_TRADIER_FIELD,,CAUSAL_CONSUMER_SEMANTICS_UNVERIFIED,tradier_manage.py:7172:process_position:_cfg_auto;tradier_manage.py:7589:process_position:_cfg_auto,,no reviewed exact vector/live semantic contract; no field-specific causal read in backtest_v12_engine (generic override propagation excluded)
SATOSHIT_HTF_RVOL_1H_MIN_TRADIER,4211,UNIQUE_QUICKCONFIG_FIELD_WITH_NON_SYNTHETIC_VECTOR_READ,TRADIER_ONLY_EXPLICIT_NAME,CONNECTED_CAUSAL_READ_SEMANTICS_UNVERIFIED,v12_quick_engine.py:6063:compute_reentry_blocks:getattr;v12_quick_engine.py:6070:compute_reentry_blocks:getattr,CAUSAL_PATH_SEMANTICS_UNVERIFIED,backtest_v12_engine.py:6694:run_simulation_tradier imports and runs tradier_manage,N_A_EXPLICIT_TRADIER_FIELD,,CAUSAL_CONSUMER_SEMANTICS_UNVERIFIED,tradier_manage.py:7172:process_position:_cfg_auto;tradier_manage.py:7589:process_position:_cfg_auto,,no reviewed exact vector/live semantic contract; no field-specific causal read in backtest_v12_engine (generic override propagation excluded)
SATOSHIT_LONG_BB_PCTB_MAX,4212,UNIQUE_QUICKCONFIG_FIELD_WITH_NON_SYNTHETIC_VECTOR_READ,BOTH_OR_UNRESOLVED,CONNECTED_CAUSAL_READ_SEMANTICS_UNVERIFIED,v12_quick_engine.py:6058:compute_reentry_blocks:getattr,CAUSAL_PATH_SEMANTICS_UNVERIFIED,backtest_v12_engine.py:6694:run_simulation_tradier imports and runs tradier_manage,GAP_NO_CAUSAL_CONSUMER,,CAUSAL_CONSUMER_SEMANTICS_UNVERIFIED,tradier_manage.py:7160:process_position:_cfg_auto;tradier_manage.py:7577:process_position:_cfg_auto,,no reviewed exact vector/live semantic contract; no field-specific causal read in backtest_v12_engine (generic override propagation excluded); no causal EZ crypto consumer
SATOSHIT_LONG_HA_STREAK_MAX,4213,UNIQUE_QUICKCONFIG_FIELD_WITH_NON_SYNTHETIC_VECTOR_READ,BOTH_OR_UNRESOLVED,CONNECTED_CAUSAL_READ_SEMANTICS_UNVERIFIED,v12_quick_engine.py:6059:compute_reentry_blocks:getattr,CAUSAL_PATH_SEMANTICS_UNVERIFIED,backtest_v12_engine.py:6694:run_simulation_tradier imports and runs tradier_manage,GAP_NO_CAUSAL_CONSUMER,,CAUSAL_CONSUMER_SEMANTICS_UNVERIFIED,tradier_manage.py:7161:process_position:_cfg_auto;tradier_manage.py:7578:process_position:_cfg_auto,,no reviewed exact vector/live semantic contract; no field-specific causal read in backtest_v12_engine (generic override propagation excluded); no causal EZ crypto consumer
SATOSHIT_LONG_MFI_MAX_TRADIER,4214,UNIQUE_QUICKCONFIG_FIELD_WITH_NON_SYNTHETIC_VECTOR_READ,TRADIER_ONLY_EXPLICIT_NAME,CONNECTED_CAUSAL_READ_SEMANTICS_UNVERIFIED,v12_quick_engine.py:6060:compute_reentry_blocks:getattr,CAUSAL_PATH_SEMANTICS_UNVERIFIED,backtest_v12_engine.py:6694:run_simulation_tradier imports and runs tradier_manage,N_A_EXPLICIT_TRADIER_FIELD,,CAUSAL_CONSUMER_SEMANTICS_UNVERIFIED,tradier_manage.py:7163:process_position:_cfg_auto;tradier_manage.py:7580:process_position:_cfg_auto,,no reviewed exact vector/live semantic contract; no field-specific causal read in backtest_v12_engine (generic override propagation excluded)
SATOSHIT_LONG_RSI_MAX_TRADIER,4215,UNIQUE_QUICKCONFIG_FIELD_WITH_NON_SYNTHETIC_VECTOR_READ,TRADIER_ONLY_EXPLICIT_NAME,CONNECTED_CAUSAL_READ_SEMANTICS_UNVERIFIED,v12_quick_engine.py:6061:compute_reentry_blocks:getattr,CAUSAL_PATH_SEMANTICS_UNVERIFIED,backtest_v12_engine.py:6694:run_simulation_tradier imports and runs tradier_manage,N_A_EXPLICIT_TRADIER_FIELD,,CAUSAL_CONSUMER_SEMANTICS_UNVERIFIED,tradier_manage.py:7159:process_position:_cfg_auto;tradier_manage.py:7576:process_position:_cfg_auto,,no reviewed exact vector/live semantic contract; no field-specific causal read in backtest_v12_engine (generic override propagation excluded)
SATOSHIT_LONG_STOCH_K_MAX_TRADIER,4216,UNIQUE_QUICKCONFIG_FIELD_WITH_NON_SYNTHETIC_VECTOR_READ,TRADIER_ONLY_EXPLICIT_NAME,CONNECTED_CAUSAL_READ_SEMANTICS_UNVERIFIED,v12_quick_engine.py:6062:compute_reentry_blocks:getattr,CAUSAL_PATH_SEMANTICS_UNVERIFIED,backtest_v12_engine.py:6694:run_simulation_tradier imports and runs tradier_manage,N_A_EXPLICIT_TRADIER_FIELD,,CAUSAL_CONSUMER_SEMANTICS_UNVERIFIED,tradier_manage.py:7162:process_position:_cfg_auto;tradier_manage.py:7579:process_position:_cfg_auto,,no reviewed exact vector/live semantic contract; no field-specific causal read in backtest_v12_engine (generic override propagation excluded)
SATOSHIT_MIN_VOTES,3437,UNIQUE_QUICKCONFIG_FIELD_WITH_NON_SYNTHETIC_VECTOR_READ,BOTH_OR_UNRESOLVED,CONNECTED_CAUSAL_READ_SEMANTICS_UNVERIFIED,v12_quick_engine.py:6071:compute_reentry_blocks:getattr,CAUSAL_PATH_SEMANTICS_UNVERIFIED,backtest_v12_engine.py:6694:run_simulation_tradier imports and runs tradier_manage,GAP_NO_CAUSAL_CONSUMER,,CAUSAL_CONSUMER_SEMANTICS_UNVERIFIED,tradier_manage.py:7156:process_position:getattr;tradier_manage.py:7573:process_position:getattr,,no reviewed exact vector/live semantic contract; no field-specific causal read in backtest_v12_engine (generic override propagation excluded); no causal EZ crypto consumer
SATOSHIT_MIN_VOTES_TRADIER,4217,UNIQUE_QUICKCONFIG_FIELD_WITH_NON_SYNTHETIC_VECTOR_READ,TRADIER_ONLY_EXPLICIT_NAME,CONNECTED_CAUSAL_READ_SEMANTICS_UNVERIFIED,v12_quick_engine.py:7558:compute_exit_signals:getattr,CAUSAL_PATH_SEMANTICS_UNVERIFIED,backtest_v12_engine.py:6694:run_simulation_tradier imports and runs tradier_manage,N_A_EXPLICIT_TRADIER_FIELD,,CAUSAL_CONSUMER_SEMANTICS_UNVERIFIED,tradier_manage.py:7156:process_position:_cfg_auto;tradier_manage.py:7573:process_position:_cfg_auto,,no reviewed exact vector/live semantic contract; no field-specific causal read in backtest_v12_engine (generic override propagation excluded)
SATOSHIT_SHORT_BB_PCTB_MIN,4218,UNIQUE_QUICKCONFIG_FIELD_WITH_NON_SYNTHETIC_VECTOR_READ,BOTH_OR_UNRESOLVED,CONNECTED_CAUSAL_READ_SEMANTICS_UNVERIFIED,v12_quick_engine.py:6065:compute_reentry_blocks:getattr,CAUSAL_PATH_SEMANTICS_UNVERIFIED,backtest_v12_engine.py:6694:run_simulation_tradier imports and runs tradier_manage,GAP_NO_CAUSAL_CONSUMER,,CAUSAL_CONSUMER_SEMANTICS_UNVERIFIED,tradier_manage.py:7167:process_position:_cfg_auto;tradier_manage.py:7584:process_position:_cfg_auto,,no reviewed exact vector/live semantic contract; no field-specific causal read in backtest_v12_engine (generic override propagation excluded); no causal EZ crypto consumer
SATOSHIT_SHORT_HA_STREAK_MIN,4219,UNIQUE_QUICKCONFIG_FIELD_WITH_NON_SYNTHETIC_VECTOR_READ,BOTH_OR_UNRESOLVED,CONNECTED_CAUSAL_READ_SEMANTICS_UNVERIFIED,v12_quick_engine.py:6066:compute_reentry_blocks:getattr,CAUSAL_PATH_SEMANTICS_UNVERIFIED,backtest_v12_engine.py:6694:run_simulation_tradier imports and runs tradier_manage,GAP_NO_CAUSAL_CONSUMER,,CAUSAL_CONSUMER_SEMANTICS_UNVERIFIED,tradier_manage.py:7168:process_position:_cfg_auto;tradier_manage.py:7585:process_position:_cfg_auto,,no reviewed exact vector/live semantic contract; no field-specific causal read in backtest_v12_engine (generic override propagation excluded); no causal EZ crypto consumer
SATOSHIT_SHORT_MFI_MIN_TRADIER,4220,UNIQUE_QUICKCONFIG_FIELD_WITH_NON_SYNTHETIC_VECTOR_READ,TRADIER_ONLY_EXPLICIT_NAME,CONNECTED_CAUSAL_READ_SEMANTICS_UNVERIFIED,v12_quick_engine.py:6067:compute_reentry_blocks:getattr,CAUSAL_PATH_SEMANTICS_UNVERIFIED,backtest_v12_engine.py:6694:run_simulation_tradier imports and runs tradier_manage,N_A_EXPLICIT_TRADIER_FIELD,,CAUSAL_CONSUMER_SEMANTICS_UNVERIFIED,tradier_manage.py:7170:process_position:_cfg_auto;tradier_manage.py:7587:process_position:_cfg_auto,,no reviewed exact vector/live semantic contract; no field-specific causal read in backtest_v12_engine (generic override propagation excluded)
SATOSHIT_SHORT_RSI_MIN_TRADIER,4221,UNIQUE_QUICKCONFIG_FIELD_WITH_NON_SYNTHETIC_VECTOR_READ,TRADIER_ONLY_EXPLICIT_NAME,CONNECTED_CAUSAL_READ_SEMANTICS_UNVERIFIED,v12_quick_engine.py:6068:compute_reentry_blocks:getattr,CAUSAL_PATH_SEMANTICS_UNVERIFIED,backtest_v12_engine.py:6694:run_simulation_tradier imports and runs tradier_manage,N_A_EXPLICIT_TRADIER_FIELD,,CAUSAL_CONSUMER_SEMANTICS_UNVERIFIED,tradier_manage.py:7166:process_position:_cfg_auto;tradier_manage.py:7583:process_position:_cfg_auto,,no reviewed exact vector/live semantic contract; no field-specific causal read in backtest_v12_engine (generic override propagation excluded)
SATOSHIT_SHORT_STOCH_K_MIN_TRADIER,4222,UNIQUE_QUICKCONFIG_FIELD_WITH_NON_SYNTHETIC_VECTOR_READ,TRADIER_ONLY_EXPLICIT_NAME,CONNECTED_CAUSAL_READ_SEMANTICS_UNVERIFIED,v12_quick_engine.py:6069:compute_reentry_blocks:getattr,CAUSAL_PATH_SEMANTICS_UNVERIFIED,backtest_v12_engine.py:6694:run_simulation_tradier imports and runs tradier_manage,N_A_EXPLICIT_TRADIER_FIELD,,CAUSAL_CONSUMER_SEMANTICS_UNVERIFIED,tradier_manage.py:7169:process_position:_cfg_auto;tradier_manage.py:7586:process_position:_cfg_auto,,no reviewed exact vector/live semantic contract; no field-specific causal read in backtest_v12_engine (generic override propagation excluded)
SCALP_V3_ENABLED,3570,UNIQUE_QUICKCONFIG_FIELD_WITH_NON_SYNTHETIC_VECTOR_READ,BOTH_OR_UNRESOLVED,CONNECTED_CAUSAL_READ_SEMANTICS_UNVERIFIED,v12_quick_engine.py:13219:_scalp_v3_exact_context:attribute,CAUSAL_PATH_SEMANTICS_UNVERIFIED,backtest_v12_engine.py:5438:ez_manage.process_position;backtest_v12_engine.py:5897:ez_positions_quick.check_entry_candidates_for_account,CAUSAL_CONSUMER_SEMANTICS_UNVERIFIED,ez_manage.py:24013:execute_now:getattr;ez_positions_quick.py:13642:process_single_exit:getattr;ez_positions_quick.py:15124:worker:getattr;ez_positions_quick.py:18038:scalp_v3_scan_loop:getattr,GAP_NO_CAUSAL_CONSUMER,,,no reviewed exact vector/live semantic contract; no field-specific causal read in backtest_v12_engine (generic override propagation excluded); no causal Tradier consumer
SCALP_V3_ENTRY_DC_BREAK_ENABLED,3578,UNIQUE_QUICKCONFIG_FIELD_WITH_NON_SYNTHETIC_VECTOR_READ,BOTH_OR_UNRESOLVED,CONNECTED_CAUSAL_READ_SEMANTICS_UNVERIFIED,v12_quick_engine.py:13234:_scalp_v3_exact_context:attribute,GAP_NO_CAUSAL_CONSUMER,,GAP_NO_CAUSAL_CONSUMER,,GAP_NO_CAUSAL_CONSUMER,,,no reviewed exact vector/live semantic contract; no field-specific causal read in backtest_v12_engine (generic override propagation excluded); no causal EZ crypto consumer; no causal Tradier consumer
SCALP_V3_ENTRY_PULLBACK_ENABLED,3577,UNIQUE_QUICKCONFIG_FIELD_WITH_NON_SYNTHETIC_VECTOR_READ,BOTH_OR_UNRESOLVED,CONNECTED_CAUSAL_READ_SEMANTICS_UNVERIFIED,v12_quick_engine.py:13232:_scalp_v3_exact_context:attribute,GAP_NO_CAUSAL_CONSUMER,,GAP_NO_CAUSAL_CONSUMER,,GAP_NO_CAUSAL_CONSUMER,,,no reviewed exact vector/live semantic contract; no field-specific causal read in backtest_v12_engine (generic override propagation excluded); no causal EZ crypto consumer; no causal Tradier consumer
SCALP_V3_ENTRY_STDEV_ENABLED,3581,UNIQUE_QUICKCONFIG_FIELD_WITH_NON_SYNTHETIC_VECTOR_READ,BOTH_OR_UNRESOLVED,CONNECTED_CAUSAL_READ_SEMANTICS_UNVERIFIED,v12_quick_engine.py:13241:_scalp_v3_exact_context:attribute,GAP_NO_CAUSAL_CONSUMER,,GAP_NO_CAUSAL_CONSUMER,,GAP_NO_CAUSAL_CONSUMER,,,no reviewed exact vector/live semantic contract; no field-specific causal read in backtest_v12_engine (generic override propagation excluded); no causal EZ crypto consumer; no causal Tradier consumer
SCALP_V3_ENTRY_STOCH_BOUNCE_ENABLED,3580,UNIQUE_QUICKCONFIG_FIELD_WITH_NON_SYNTHETIC_VECTOR_READ,BOTH_OR_UNRESOLVED,CONNECTED_CAUSAL_READ_SEMANTICS_UNVERIFIED,v12_quick_engine.py:13238:_scalp_v3_exact_context:attribute,GAP_NO_CAUSAL_CONSUMER,,GAP_NO_CAUSAL_CONSUMER,,GAP_NO_CAUSAL_CONSUMER,,,no reviewed exact vector/live semantic contract; no field-specific causal read in backtest_v12_engine (generic override propagation excluded); no causal EZ crypto consumer; no causal Tradier consumer
SCALP_V3_ENTRY_WT_CROSS_ENABLED,3579,UNIQUE_QUICKCONFIG_FIELD_WITH_NON_SYNTHETIC_VECTOR_READ,BOTH_OR_UNRESOLVED,CONNECTED_CAUSAL_READ_SEMANTICS_UNVERIFIED,v12_quick_engine.py:13236:_scalp_v3_exact_context:attribute,GAP_NO_CAUSAL_CONSUMER,,GAP_NO_CAUSAL_CONSUMER,,GAP_NO_CAUSAL_CONSUMER,,,no reviewed exact vector/live semantic contract; no field-specific causal read in backtest_v12_engine (generic override propagation excluded); no causal EZ crypto consumer; no causal Tradier consumer
SCALP_V3_EXIT_STDEV_REJECT_ENABLED,3605,UNIQUE_QUICKCONFIG_FIELD_WITH_NON_SYNTHETIC_VECTOR_READ,BOTH_OR_UNRESOLVED,CONNECTED_CAUSAL_READ_SEMANTICS_UNVERIFIED,v12_quick_engine.py:13243:_scalp_v3_exact_context:attribute,GAP_NO_CAUSAL_CONSUMER,,GAP_NO_CAUSAL_CONSUMER,,GAP_NO_CAUSAL_CONSUMER,,,no reviewed exact vector/live semantic contract; no field-specific causal read in backtest_v12_engine (generic override propagation excluded); no causal EZ crypto consumer; no causal Tradier consumer
SCALP_V3_STDEV_TF,3590,UNIQUE_QUICKCONFIG_FIELD_WITH_NON_SYNTHETIC_VECTOR_READ,BOTH_OR_UNRESOLVED,CONNECTED_CAUSAL_READ_SEMANTICS_UNVERIFIED,v12_quick_engine.py:13240:_scalp_v3_exact_context:attribute,GAP_NO_CAUSAL_CONSUMER,,GAP_NO_CAUSAL_CONSUMER,,GAP_NO_CAUSAL_CONSUMER,,,no reviewed exact vector/live semantic contract; no field-specific causal read in backtest_v12_engine (generic override propagation excluded); no causal EZ crypto consumer; no causal Tradier consumer
SHORT_TF_5M_15M_ENABLED,5195,UNIQUE_QUICKCONFIG_FIELD_WITH_NON_SYNTHETIC_VECTOR_READ,BOTH_OR_UNRESOLVED,CONNECTED_EXACT_REVIEWED,v12_quick_engine.py:7248:compute_entry_signals:getattr,EXACT_LIVE_DELEGATED_OR_DIRECT_PATH,backtest_v12_engine.py:6694:run_simulation_tradier imports and runs tradier_manage,GAP_NO_CAUSAL_CONSUMER,,EXACT_CAUSAL_CONSUMER,tradier_manage.py:694:_v12_optional_tf_entry_claim:_cfg,legacy-named OR entry on persisted side-aware WT cross events across available TFs,no causal EZ crypto consumer; backtest reaches reviewed live consumer by delegation rather than a duplicate predicate
SMA200_DIST_ENTRY_ENABLED,4308,UNIQUE_QUICKCONFIG_FIELD_WITH_NON_SYNTHETIC_VECTOR_READ,BOTH_OR_UNRESOLVED,CONNECTED_CAUSAL_READ_SEMANTICS_UNVERIFIED,v12_quick_engine.py:6001:compute_reentry_blocks:getattr,CAUSAL_PATH_SEMANTICS_UNVERIFIED,backtest_v12_engine.py:6694:run_simulation_tradier imports and runs tradier_manage,GAP_NO_CAUSAL_CONSUMER,,CAUSAL_CONSUMER_SEMANTICS_UNVERIFIED,tradier_manage.py:20466:should_enter_long:_cfg_auto,,no reviewed exact vector/live semantic contract; no field-specific causal read in backtest_v12_engine (generic override propagation excluded); no causal EZ crypto consumer
SMA200_DIST_LONG_THRESHOLD,4223,UNIQUE_QUICKCONFIG_FIELD_WITH_NON_SYNTHETIC_VECTOR_READ,BOTH_OR_UNRESOLVED,CONNECTED_CAUSAL_READ_SEMANTICS_UNVERIFIED,v12_quick_engine.py:6003:compute_reentry_blocks:getattr,GAP_NO_CAUSAL_CONSUMER,,GAP_NO_CAUSAL_CONSUMER,,GAP_NO_CAUSAL_CONSUMER,,,no reviewed exact vector/live semantic contract; no field-specific causal read in backtest_v12_engine (generic override propagation excluded); no causal EZ crypto consumer; no causal Tradier consumer
SQUEEZE_ENABLED,4224,UNIQUE_QUICKCONFIG_FIELD_WITH_NON_SYNTHETIC_VECTOR_READ,BOTH_OR_UNRESOLVED,CONNECTED_CAUSAL_READ_SEMANTICS_UNVERIFIED,v12_quick_engine.py:6024:compute_reentry_blocks:getattr,GAP_NO_CAUSAL_CONSUMER,,GAP_NO_CAUSAL_CONSUMER,,GAP_NO_CAUSAL_CONSUMER,,,no reviewed exact vector/live semantic contract; no field-specific causal read in backtest_v12_engine (generic override propagation excluded); no causal EZ crypto consumer; no causal Tradier consumer
START_POSITION_SIZE,3421,UNIQUE_QUICKCONFIG_FIELD_WITH_NON_SYNTHETIC_VECTOR_READ,BOTH_OR_UNRESOLVED,CONNECTED_CAUSAL_READ_SEMANTICS_UNVERIFIED,v12_quick_engine.py:13656:simulate_one:attribute;v12_quick_engine.py:13883:simulate_one:attribute;v12_quick_engine.py:13901:simulate_one:attribute;v12_quick_engine.py:14139:simulate_one:attribute;v12_quick_engine.py:15323:simulate_one:attribute;v12_quick_engine.py:15346:simulate_one:attribute,CAUSAL_PATH_SEMANTICS_UNVERIFIED,backtest_v12_engine.py:10995:run_simulation_tradier:attribute;backtest_v12_engine.py:11361:run_simulation_tradier:getattr;backtest_v12_engine.py:2636:run_simulation:attribute;backtest_v12_engine.py:2652:run_simulation:getattr;backtest_v12_engine.py:2654:run_simulation:attribute;backtest_v12_engine.py:2655:run_simulation:attribute;backtest_v12_engine.py:2692:run_simulation:attribute;backtest_v12_engine.py:5890:run_simulation:getattr;backtest_v12_engine.py:5952:run_simulation:getattr;backtest_v12_engine.py:7737:_v8_execute_trade_action:getattr;backtest_v12_engine.py:5438:ez_manage.process_position;backtest_v12_engine.py:5897:ez_positions_quick.check_entry_candidates_for_account;backtest_v12_engine.py:6694:run_simulation_tradier imports and runs tradier_manage,CAUSAL_CONSUMER_SEMANTICS_UNVERIFIED,ez_manage.py:15434:_handle_signal_message:attribute;ez_manage.py:16104:_handle_signal_message:attribute;ez_manage.py:16200:_handle_signal_message:attribute;ez_manage.py:18184:_inf_impulse_consumer_loop:attribute;ez_manage.py:19124:execute_trade_action:attribute;ez_manage.py:20142:execute_trade_action:attribute;ez_manage.py:22170:_apply_position_based_adjustments:attribute;ez_manage.py:22176:_apply_position_based_adjustments:attribute;ez_manage.py:22206:_apply_account_adjustments_and_caps:attribute;ez_manage.py:22208:_apply_account_adjustments_and_caps:attribute;ez_manage.py:22210:_apply_account_adjustments_and_caps:attribute;ez_manage.py:22212:_apply_account_adjustments_and_caps:attribute;ez_manage.py:22259:_apply_account_adjustments_and_caps:attribute;ez_manage.py:2225:_psym_sps:getattr;ez_manage.py:22262:_apply_account_adjustments_and_caps:attribute;ez_manage.py:22266:_apply_account_adjustments_and_caps:attribute;ez_manage.py:22274:_apply_account_adjustments_and_caps:attribute;ez_manage.py:22279:_apply_account_adjustments_and_caps:attribute;ez_manage.py:22282:_apply_account_adjustments_and_caps:attribute;ez_manage.py:2248:_psym_sps:getattr;ez_manage.py:23579:handle_filled_maker:attribute;ez_manage.py:25499:execute_now:getattr;ez_manage.py:26898:execute_now:attribute;ez_manage.py:27105:execute_now:attribute;ez_manage.py:27178:execute_now:attribute;ez_manage.py:27184:execute_now:attribute;ez_manage.py:27601:execute_now:attribute;ez_manage.py:27617:execute_now:attribute;ez_manage.py:27828:execute_now:attribute;ez_manage.py:2842:handle_market_index_spike:attribute;ez_manage.py:2963:handle_market_index_drop:attribute;ez_manage.py:30952:reentry_enforcement_loop:attribute;ez_manage.py:31634:ratio_rebalance_loop:attribute;ez_manage.py:32835:evaluate_reentry:attribute;ez_manage.py:33037:evaluate_augmentation:attribute;ez_manage.py:33169:evaluate_leaderboard_entry:attribute;ez_manage.py:33563:evaluate_ranking_momentum_trade:attribute;ez_manage.py:35552:calculate_final_order_quantity:attribute;ez_manage.py:35832:process_single_reentry_evaluation:attribute;ez_manage.py:35840:process_single_reentry_evaluation:attribute;ez_manage.py:35848:process_single_reentry_evaluation:attribute;ez_manage.py:35896:process_single_reentry_evaluation:attribute;ez_manage.py:35897:process_single_reentry_evaluation:attribute;ez_manage.py:36049:process_single_reentry_evaluation:attribute;ez_manage.py:36083:process_single_reentry_evaluation:attribute;ez_manage.py:36155:process_single_reentry_evaluation:attribute;ez_manage.py:36195:process_single_reentry_evaluation:attribute;ez_manage.py:36341:process_single_reentry_evaluation:getattr;ez_manage.py:36455:process_single_reentry_evaluation:attribute;ez_manage.py:36839:process_single_reentry_evaluation:attribute;ez_manage.py:36955:process_single_reentry_evaluation:attribute;ez_manage.py:37277:direct_high_gain_augmentation:attribute;ez_manage.py:37500:direct_high_gain_augmentation:attribute;ez_manage.py:37529:direct_high_gain_augmentation:attribute;ez_manage.py:37533:direct_high_gain_augmentation:attribute;ez_manage.py:37537:direct_high_gain_augmentation:attribute;ez_manage.py:37569:direct_high_gain_augmentation:attribute;ez_manage.py:37788:_process_single_override_check:getattr;ez_manage.py:37889:_process_single_override_check:getattr;ez_manage.py:38128:_process_single_override_check:attribute;ez_manage.py:38172:_process_single_override_check:attribute;ez_manage.py:38174:_process_single_override_check:attribute;ez_manage.py:38594:_process_single_override_check:attribute;ez_manage.py:38892:override_check_uptrend_positions:attribute;ez_manage.py:39182:_process_single_monitor_direct_high_gain:attribute;ez_manage.py:39186:_process_single_monitor_direct_high_gain:attribute;ez_manage.py:39270:_process_single_monitor_direct_high_gain:attribute;ez_manage.py:44983:process_position:attribute;ez_manage.py:45457:process_position:attribute;ez_manage.py:45467:process_position:attribute;ez_manage.py:45611:process_position:attribute;ez_manage.py:45619:process_position:attribute;ez_manage.py:45642:process_position:attribute;ez_manage.py:45848:process_position:attribute;ez_manage.py:45899:process_position:attribute;ez_manage.py:45913:process_position:attribute;ez_manage.py:45988:process_position:attribute;ez_manage.py:46648:queue_trade_action:attribute;ez_manage.py:46656:queue_trade_action:attribute;ez_manage.py:46660:queue_trade_action:attribute;ez_manage.py:46672:queue_trade_action:attribute;ez_manage.py:46703:queue_trade_action:attribute;ez_manage.py:47616:crypto_fh_momentum_loop:attribute;ez_manage.py:47687:crypto_spike_fade_loop:attribute;ez_manage.py:48762:_price_level_reentry_monitor:getattr;ez_manage.py:7989:__init__:attribute;ez_positions_quick.py:10423:transition_to_entry:getattr;ez_positions_quick.py:10756:partial_reduce_exit:getattr;ez_positions_quick.py:11288:_force_fresh_entry:getattr;ez_positions_quick.py:11404:_manage_individual_position:getattr;ez_positions_quick.py:11419:_manage_individual_position:attribute;ez_positions_quick.py:11467:_manage_individual_position:getattr;ez_positions_quick.py:12799:execute_trade_wrapper:getattr;ez_positions_quick.py:13204:execute_trade_wrapper:attribute;ez_positions_quick.py:14496:process_single_exit:getattr;ez_positions_quick.py:14498:process_single_exit:attribute;ez_positions_quick.py:14740:process_single_exit:getattr;ez_positions_quick.py:14800:process_single_exit:attribute;ez_positions_quick.py:14804:process_single_exit:attribute;ez_positions_quick.py:14806:process_single_exit:attribute;ez_positions_quick.py:15104:worker:getattr;ez_positions_quick.py:15288:worker:getattr;ez_positions_quick.py:16042:worker:attribute;ez_positions_quick.py:16077:worker:attribute;ez_positions_quick.py:16088:worker:attribute;ez_positions_quick.py:16095:worker:attribute;ez_positions_quick.py:16101:worker:attribute;ez_positions_quick.py:16541:reentry_enforcement_loop_epq:attribute;ez_positions_quick.py:16547:reentry_enforcement_loop_epq:attribute;ez_positions_quick.py:16675:evaluate_reentry_epq:attribute;ez_positions_quick.py:16712:evaluate_reentry_epq:attribute;ez_positions_quick.py:17550:priority_exit_scan_loop:getattr;ez_positions_quick.py:17619:quick_entry_monitor_loop:getattr;ez_positions_quick.py:17822:sla_miss_enforcer_loop:getattr;ez_positions_quick.py:17923:position_watchdog_loop:getattr;ez_positions_quick.py:18896:run_initial_unified_batch:getattr;ez_positions_quick.py:6128:_calculate_hedge_candidate_score:attribute;ez_positions_quick.py:7684:try_aggressive_pyramid:getattr;ez_positions_quick.py:7927:_execute_entry:getattr,CAUSAL_CONSUMER_SEMANTICS_UNVERIFIED,tradier_manage.py:11708:calculate_quantity_complex_extended:attribute;tradier_manage.py:14349:classic_formation_open_action:_cfg;tradier_manage.py:14349:classic_formation_open_action:attribute;tradier_manage.py:14459:evaluate_open:attribute;tradier_manage.py:14657:evaluate_open:attribute;tradier_manage.py:14667:evaluate_open:attribute;tradier_manage.py:14728:evaluate_open:attribute;tradier_manage.py:14738:evaluate_open:attribute;tradier_manage.py:14766:evaluate_open:attribute;tradier_manage.py:14772:evaluate_open:attribute;tradier_manage.py:14780:evaluate_open:attribute;tradier_manage.py:14786:evaluate_open:attribute;tradier_manage.py:14817:evaluate_open:attribute;tradier_manage.py:14826:evaluate_open:attribute;tradier_manage.py:14833:evaluate_open:attribute;tradier_manage.py:14842:evaluate_open:attribute;tradier_manage.py:15066:evaluate_augment:_cfg_auto;tradier_manage.py:15163:evaluate_augment:attribute;tradier_manage.py:15273:evaluate_reentry:attribute;tradier_manage.py:15322:evaluate_reentry:attribute;tradier_manage.py:15377:evaluate_reentry:attribute;tradier_manage.py:15425:evaluate_reentry:attribute;tradier_manage.py:15483:evaluate_reentry:attribute;tradier_manage.py:15487:evaluate_reentry:attribute;tradier_manage.py:15508:evaluate_reentry:attribute;tradier_manage.py:15516:evaluate_reentry:attribute;tradier_manage.py:15527:evaluate_reentry:attribute;tradier_manage.py:15531:evaluate_reentry:attribute;tradier_manage.py:15576:evaluate_reentry:attribute;tradier_manage.py:15637:evaluate_reentry:attribute;tradier_manage.py:16560:periodic_sentiment_rebalancing:attribute;tradier_manage.py:17535:place_order:attribute;tradier_manage.py:18272:execute_trade_action:attribute;tradier_manage.py:21060:calculate_position_size:_cfg;tradier_manage.py:24488:_scan_for_entries:attribute;tradier_manage.py:24654:direct_high_gain_augmentation:attribute;tradier_manage.py:4676:obligatory_sector_hedge_or_close_loop:_cfg_auto;tradier_manage.py:6216:process_position:_cfg_auto;tradier_manage.py:6623:process_position:_cfg;tradier_manage.py:6795:process_position:_cfg_auto;tradier_manage.py:6868:process_position:_cfg;tradier_manage.py:6993:process_position:_cfg_auto;tradier_manage.py:7037:process_position:_cfg_auto;tradier_manage.py:7119:process_position:_cfg;tradier_manage.py:7119:process_position:_cfg_auto;tradier_manage.py:7134:process_position:_cfg_auto;tradier_manage.py:7174:process_position:_cfg_auto;tradier_manage.py:7210:process_position:_cfg;tradier_manage.py:7219:process_position:_cfg_auto;tradier_manage.py:7452:process_position:_cfg_auto;tradier_manage.py:7487:process_position:_cfg_auto;tradier_manage.py:7508:process_position:_cfg_auto;tradier_manage.py:7518:process_position:_cfg_auto;tradier_manage.py:7625:process_position:_cfg_auto;tradier_manage.py:7664:process_position:_cfg_auto;tradier_manage.py:7686:process_position:_cfg_auto;tradier_manage.py:7695:process_position:_cfg_auto;tradier_manage.py:7708:process_position:_cfg_auto;tradier_manage.py:7723:process_position:_cfg_auto;tradier_manage.py:7737:process_position:_cfg_auto;tradier_manage.py:7750:process_position:_cfg_auto;tradier_manage.py:7762:process_position:_cfg_auto;tradier_manage.py:7810:process_position:_cfg_auto,,no reviewed exact vector/live semantic contract
STDEV_BREAKOUT_RETEST_SIZE_MULT,4958,UNIQUE_QUICKCONFIG_FIELD_WITH_NON_SYNTHETIC_VECTOR_READ,BOTH_OR_UNRESOLVED,CONNECTED_CAUSAL_READ_SEMANTICS_UNVERIFIED,v12_quick_engine.py:7955:compute_regime_sizing_mult:getattr,CAUSAL_PATH_SEMANTICS_UNVERIFIED,backtest_v12_engine.py:5438:ez_manage.process_position;backtest_v12_engine.py:5897:ez_positions_quick.check_entry_candidates_for_account;backtest_v12_engine.py:6694:run_simulation_tradier imports and runs tradier_manage,CAUSAL_CONSUMER_SEMANTICS_UNVERIFIED,ez_positions_quick.py:11831:detect_stdev_breakout:getattr;ez_positions_quick.py:11839:detect_stdev_breakout:getattr,CAUSAL_CONSUMER_SEMANTICS_UNVERIFIED,tradier_manage.py:5133:detect_stdev_breakout_t:_cfg_auto;tradier_manage.py:5139:detect_stdev_breakout_t:_cfg_auto,,no reviewed exact vector/live semantic contract; no field-specific causal read in backtest_v12_engine (generic override propagation excluded)
STOCH_CROSS_1H_EXIT_ENABLED,3513,UNIQUE_QUICKCONFIG_FIELD_WITH_NON_SYNTHETIC_VECTOR_READ,BOTH_OR_UNRESOLVED,CONNECTED_CAUSAL_READ_SEMANTICS_UNVERIFIED,v12_quick_engine.py:7508:compute_exit_signals:attribute,CAUSAL_PATH_SEMANTICS_UNVERIFIED,backtest_v12_engine.py:6694:run_simulation_tradier imports and runs tradier_manage,GAP_NO_CAUSAL_CONSUMER,,CAUSAL_CONSUMER_SEMANTICS_UNVERIFIED,tradier_manage.py:13381:evaluate_stop:_cfg,,no reviewed exact vector/live semantic contract; no field-specific causal read in backtest_v12_engine (generic override propagation excluded); no causal EZ crypto consumer
STOCH_CROSS_3M_EXIT_ENABLED,4225,UNIQUE_QUICKCONFIG_FIELD_WITH_NON_SYNTHETIC_VECTOR_READ,BOTH_OR_UNRESOLVED,CONNECTED_CAUSAL_READ_SEMANTICS_UNVERIFIED,v12_quick_engine.py:7576:compute_exit_signals:getattr,GAP_NO_CAUSAL_CONSUMER,,GAP_NO_CAUSAL_CONSUMER,,GAP_NO_CAUSAL_CONSUMER,,,no reviewed exact vector/live semantic contract; no field-specific causal read in backtest_v12_engine (generic override propagation excluded); no causal EZ crypto consumer; no causal Tradier consumer
STOCH_CROSS_ENTRY_TRADIER,4226,UNIQUE_QUICKCONFIG_FIELD_WITH_NON_SYNTHETIC_VECTOR_READ,TRADIER_ONLY_EXPLICIT_NAME,CONNECTED_CAUSAL_READ_SEMANTICS_UNVERIFIED,v12_quick_engine.py:6161:compute_reentry_blocks:getattr;v12_quick_engine.py:7000:compute_entry_signals:getattr,GAP_NO_CAUSAL_CONSUMER,,N_A_EXPLICIT_TRADIER_FIELD,,GAP_NO_CAUSAL_CONSUMER,,,no reviewed exact vector/live semantic contract; no field-specific causal read in backtest_v12_engine (generic override propagation excluded); no causal Tradier consumer
STOCH_ENTRY_ENABLED,3448,UNIQUE_QUICKCONFIG_FIELD_WITH_NON_SYNTHETIC_VECTOR_READ,BOTH_OR_UNRESOLVED,CONNECTED_CAUSAL_READ_SEMANTICS_UNVERIFIED,v12_quick_engine.py:5873:compute_reentry_blocks:getattr,CAUSAL_PATH_SEMANTICS_UNVERIFIED,backtest_v12_engine.py:6694:run_simulation_tradier imports and runs tradier_manage,GAP_NO_CAUSAL_CONSUMER,,CAUSAL_CONSUMER_SEMANTICS_UNVERIFIED,tradier_manage.py:7702:process_position:_cfg_auto,,no reviewed exact vector/live semantic contract; no field-specific causal read in backtest_v12_engine (generic override propagation excluded); no causal EZ crypto consumer
STOP_LOSS_ENABLED,4057,UNIQUE_QUICKCONFIG_FIELD_WITH_NON_SYNTHETIC_VECTOR_READ,BOTH_OR_UNRESOLVED,CONNECTED_CAUSAL_READ_SEMANTICS_UNVERIFIED,v12_quick_engine.py:13618:simulate_one:getattr,GAP_NO_CAUSAL_CONSUMER,,GAP_NO_CAUSAL_CONSUMER,,GAP_NO_CAUSAL_CONSUMER,,,no reviewed exact vector/live semantic contract; no field-specific causal read in backtest_v12_engine (generic override propagation excluded); no causal EZ crypto consumer; no causal Tradier consumer
STOP_LOSS_PCT,4058,UNIQUE_QUICKCONFIG_FIELD_WITH_NON_SYNTHETIC_VECTOR_READ,BOTH_OR_UNRESOLVED,CONNECTED_CAUSAL_READ_SEMANTICS_UNVERIFIED,v12_quick_engine.py:13619:simulate_one:getattr,GAP_NO_CAUSAL_CONSUMER,,GAP_NO_CAUSAL_CONSUMER,,GAP_NO_CAUSAL_CONSUMER,,,no reviewed exact vector/live semantic contract; no field-specific causal read in backtest_v12_engine (generic override propagation excluded); no causal EZ crypto consumer; no causal Tradier consumer
STRUCTURAL_EXIT_GATE_ENABLED,3435,UNIQUE_QUICKCONFIG_FIELD_WITH_NON_SYNTHETIC_VECTOR_READ,BOTH_OR_UNRESOLVED,CONNECTED_CAUSAL_READ_SEMANTICS_UNVERIFIED,v12_quick_engine.py:7651:compute_exit_signals:getattr;v12_quick_engine.py:7697:compute_exit_signals:getattr,CAUSAL_PATH_SEMANTICS_UNVERIFIED,backtest_v12_engine.py:5438:ez_manage.process_position;backtest_v12_engine.py:5897:ez_positions_quick.check_entry_candidates_for_account;backtest_v12_engine.py:6694:run_simulation_tradier imports and runs tradier_manage,CAUSAL_CONSUMER_SEMANTICS_UNVERIFIED,ez_manage.py:7730:__init__:getattr;ez_positions_quick.py:8028:__init__:getattr,CAUSAL_CONSUMER_SEMANTICS_UNVERIFIED,tradier_manage.py:16008:__init__:_cfg_auto,,no reviewed exact vector/live semantic contract; no field-specific causal read in backtest_v12_engine (generic override propagation excluded)
STRUCTURAL_RANGE_SHIFT_EXIT,3438,UNIQUE_QUICKCONFIG_FIELD_WITH_NON_SYNTHETIC_VECTOR_READ,BOTH_OR_UNRESOLVED,CONNECTED_CAUSAL_READ_SEMANTICS_UNVERIFIED,v12_quick_engine.py:5971:compute_reentry_blocks:getattr;v12_quick_engine.py:7481:compute_exit_signals:attribute,CAUSAL_PATH_SEMANTICS_UNVERIFIED,backtest_v12_engine.py:5612:run_simulation:getattr;backtest_v12_engine.py:8183:_v8_real_eta_wrapper:getattr;backtest_v12_engine.py:9246:_v8_gated_evaluate_stop:getattr;backtest_v12_engine.py:5438:ez_manage.process_position;backtest_v12_engine.py:5897:ez_positions_quick.check_entry_candidates_for_account;backtest_v12_engine.py:6694:run_simulation_tradier imports and runs tradier_manage,CAUSAL_CONSUMER_SEMANTICS_UNVERIFIED,ez_positions_quick.py:13970:process_single_exit:getattr,CAUSAL_CONSUMER_SEMANTICS_UNVERIFIED,tradier_manage.py:13136:evaluate_stop:_cfg_auto,,no reviewed exact vector/live semantic contract
STRUCTURAL_RANGE_SHIFT_TF,3439,UNIQUE_QUICKCONFIG_FIELD_WITH_NON_SYNTHETIC_VECTOR_READ,BOTH_OR_UNRESOLVED,CONNECTED_CAUSAL_READ_SEMANTICS_UNVERIFIED,v12_quick_engine.py:5973:compute_reentry_blocks:getattr;v12_quick_engine.py:7484:compute_exit_signals:attribute,CAUSAL_PATH_SEMANTICS_UNVERIFIED,backtest_v12_engine.py:5629:run_simulation:getattr;backtest_v12_engine.py:8189:_v8_real_eta_wrapper:getattr;backtest_v12_engine.py:5438:ez_manage.process_position;backtest_v12_engine.py:5897:ez_positions_quick.check_entry_candidates_for_account;backtest_v12_engine.py:6694:run_simulation_tradier imports and runs tradier_manage,CAUSAL_CONSUMER_SEMANTICS_UNVERIFIED,ez_positions_quick.py:13972:process_single_exit:getattr,CAUSAL_CONSUMER_SEMANTICS_UNVERIFIED,tradier_manage.py:13138:evaluate_stop:_cfg_auto,,no reviewed exact vector/live semantic contract
STRUCTURE_FLIP_REENTRY_TF,3791,UNIQUE_QUICKCONFIG_FIELD_WITH_NON_SYNTHETIC_VECTOR_READ,BOTH_OR_UNRESOLVED,CONNECTED_CAUSAL_READ_SEMANTICS_UNVERIFIED,v12_quick_engine.py:13641:_structure_signature_at:attribute,CAUSAL_PATH_SEMANTICS_UNVERIFIED,backtest_v12_engine.py:6694:run_simulation_tradier imports and runs tradier_manage,GAP_NO_CAUSAL_CONSUMER,,CAUSAL_CONSUMER_SEMANTICS_UNVERIFIED,tradier_manage.py:13297:evaluate_stop:_cfg;tradier_manage.py:6608:process_position:_cfg,,no reviewed exact vector/live semantic contract; no field-specific causal read in backtest_v12_engine (generic override propagation excluded); no causal EZ crypto consumer
TF_ALIGNMENT_MIN_TOTAL,4229,UNIQUE_QUICKCONFIG_FIELD_WITH_NON_SYNTHETIC_VECTOR_READ,BOTH_OR_UNRESOLVED,CONNECTED_CAUSAL_READ_SEMANTICS_UNVERIFIED,v12_quick_engine.py:7016:compute_entry_signals:getattr,GAP_NO_CAUSAL_CONSUMER,,GAP_NO_CAUSAL_CONSUMER,,GAP_NO_CAUSAL_CONSUMER,,,no reviewed exact vector/live semantic contract; no field-specific causal read in backtest_v12_engine (generic override propagation excluded); no causal EZ crypto consumer; no causal Tradier consumer
TF_FOCUS_ENTRY_HARD_GATE,4230,UNIQUE_QUICKCONFIG_FIELD_WITH_NON_SYNTHETIC_VECTOR_READ,BOTH_OR_UNRESOLVED,CONNECTED_CAUSAL_READ_SEMANTICS_UNVERIFIED,v12_quick_engine.py:6117:compute_reentry_blocks:getattr,CAUSAL_PATH_SEMANTICS_UNVERIFIED,backtest_v12_engine.py:6694:run_simulation_tradier imports and runs tradier_manage,GAP_NO_CAUSAL_CONSUMER,,CAUSAL_CONSUMER_SEMANTICS_UNVERIFIED,tradier_manage.py:18083:execute_trade_action:getattr,,no reviewed exact vector/live semantic contract; no field-specific causal read in backtest_v12_engine (generic override propagation excluded); no causal EZ crypto consumer
TF_FOCUS_WEIGHT,4232,UNIQUE_QUICKCONFIG_FIELD_WITH_NON_SYNTHETIC_VECTOR_READ,BOTH_OR_UNRESOLVED,CONNECTED_CAUSAL_READ_SEMANTICS_UNVERIFIED,v12_quick_engine.py:6121:compute_reentry_blocks:getattr,CAUSAL_PATH_SEMANTICS_UNVERIFIED,backtest_v12_engine.py:6694:run_simulation_tradier imports and runs tradier_manage,GAP_NO_CAUSAL_CONSUMER,,CAUSAL_CONSUMER_SEMANTICS_UNVERIFIED,tradier_manage.py:18079:execute_trade_action:getattr,,no reviewed exact vector/live semantic contract; no field-specific causal read in backtest_v12_engine (generic override propagation excluded); no causal EZ crypto consumer
TF_HTF1,4233,UNIQUE_QUICKCONFIG_FIELD_WITH_NON_SYNTHETIC_VECTOR_READ,BOTH_OR_UNRESOLVED,CONNECTED_CAUSAL_READ_SEMANTICS_UNVERIFIED,v12_quick_engine.py:6892:compute_entry_signals:getattr,CAUSAL_PATH_SEMANTICS_UNVERIFIED,backtest_v12_engine.py:6694:run_simulation_tradier imports and runs tradier_manage,GAP_NO_CAUSAL_CONSUMER,,CAUSAL_CONSUMER_SEMANTICS_UNVERIFIED,tradier_manage.py:18080:execute_trade_action:getattr,,no reviewed exact vector/live semantic contract; no field-specific causal read in backtest_v12_engine (generic override propagation excluded); no causal EZ crypto consumer
TF_HTF3,4234,UNIQUE_QUICKCONFIG_FIELD_WITH_NON_SYNTHETIC_VECTOR_READ,BOTH_OR_UNRESOLVED,CONNECTED_CAUSAL_READ_SEMANTICS_UNVERIFIED,v12_quick_engine.py:6893:compute_entry_signals:getattr,CAUSAL_PATH_SEMANTICS_UNVERIFIED,backtest_v12_engine.py:6694:run_simulation_tradier imports and runs tradier_manage,GAP_NO_CAUSAL_CONSUMER,,CAUSAL_CONSUMER_SEMANTICS_UNVERIFIED,tradier_manage.py:18081:execute_trade_action:getattr,,no reviewed exact vector/live semantic contract; no field-specific causal read in backtest_v12_engine (generic override propagation excluded); no causal EZ crypto consumer
TRADIER_DC_DAYTRADE_ENABLED,4236,UNIQUE_QUICKCONFIG_FIELD_WITH_NON_SYNTHETIC_VECTOR_READ,TRADIER_ONLY_EXPLICIT_NAME,CONNECTED_CAUSAL_READ_SEMANTICS_UNVERIFIED,v12_quick_engine.py:13564:simulate_one:getattr;v12_quick_engine.py:6035:compute_reentry_blocks:getattr,CAUSAL_PATH_SEMANTICS_UNVERIFIED,backtest_v12_engine.py:6694:run_simulation_tradier imports and runs tradier_manage,N_A_EXPLICIT_TRADIER_FIELD,,CAUSAL_CONSUMER_SEMANTICS_UNVERIFIED,tradier_manage.py:24981:run_loop:_cfg_auto,,no reviewed exact vector/live semantic contract; no field-specific causal read in backtest_v12_engine (generic override propagation excluded)
TRADIER_DC_DAYTRADE_MAX_HOLD_MINUTES,4237,UNIQUE_QUICKCONFIG_FIELD_WITH_NON_SYNTHETIC_VECTOR_READ,TRADIER_ONLY_EXPLICIT_NAME,CONNECTED_CAUSAL_READ_SEMANTICS_UNVERIFIED,v12_quick_engine.py:13565:simulate_one:getattr,CAUSAL_PATH_SEMANTICS_UNVERIFIED,backtest_v12_engine.py:6694:run_simulation_tradier imports and runs tradier_manage,N_A_EXPLICIT_TRADIER_FIELD,,CAUSAL_CONSUMER_SEMANTICS_UNVERIFIED,tradier_manage.py:25136:_manage_daytrade_positions:_cfg_auto,,no reviewed exact vector/live semantic contract; no field-specific causal read in backtest_v12_engine (generic override propagation excluded)
TRADIER_DC_DAYTRADE_REQUIRE_1H_EXPANSION,4238,UNIQUE_QUICKCONFIG_FIELD_WITH_NON_SYNTHETIC_VECTOR_READ,TRADIER_ONLY_EXPLICIT_NAME,CONNECTED_CAUSAL_READ_SEMANTICS_UNVERIFIED,v12_quick_engine.py:6039:compute_reentry_blocks:getattr,CAUSAL_PATH_SEMANTICS_UNVERIFIED,backtest_v12_engine.py:6694:run_simulation_tradier imports and runs tradier_manage,N_A_EXPLICIT_TRADIER_FIELD,,CAUSAL_CONSUMER_SEMANTICS_UNVERIFIED,tradier_manage.py:25015:_check_dc_break:_cfg_auto,,no reviewed exact vector/live semantic contract; no field-specific causal read in backtest_v12_engine (generic override propagation excluded)
TRADIER_DC_DAYTRADE_STOP_PCT,4239,UNIQUE_QUICKCONFIG_FIELD_WITH_NON_SYNTHETIC_VECTOR_READ,TRADIER_ONLY_EXPLICIT_NAME,CONNECTED_CAUSAL_READ_SEMANTICS_UNVERIFIED,v12_quick_engine.py:13566:simulate_one:getattr,CAUSAL_PATH_SEMANTICS_UNVERIFIED,backtest_v12_engine.py:6694:run_simulation_tradier imports and runs tradier_manage,N_A_EXPLICIT_TRADIER_FIELD,,CAUSAL_CONSUMER_SEMANTICS_UNVERIFIED,tradier_manage.py:25134:_manage_daytrade_positions:_cfg_auto,,no reviewed exact vector/live semantic contract; no field-specific causal read in backtest_v12_engine (generic override propagation excluded)
TRADIER_DC_DAYTRADE_TARGET_PCT,4240,UNIQUE_QUICKCONFIG_FIELD_WITH_NON_SYNTHETIC_VECTOR_READ,TRADIER_ONLY_EXPLICIT_NAME,CONNECTED_CAUSAL_READ_SEMANTICS_UNVERIFIED,v12_quick_engine.py:13567:simulate_one:getattr,CAUSAL_PATH_SEMANTICS_UNVERIFIED,backtest_v12_engine.py:6694:run_simulation_tradier imports and runs tradier_manage,N_A_EXPLICIT_TRADIER_FIELD,,CAUSAL_CONSUMER_SEMANTICS_UNVERIFIED,tradier_manage.py:25135:_manage_daytrade_positions:_cfg_auto,,no reviewed exact vector/live semantic contract; no field-specific causal read in backtest_v12_engine (generic override propagation excluded)
TRADIER_DC_POSITION_ENTRY_THRESHOLD,4241,UNIQUE_QUICKCONFIG_FIELD_WITH_NON_SYNTHETIC_VECTOR_READ,TRADIER_ONLY_EXPLICIT_NAME,CONNECTED_CAUSAL_READ_SEMANTICS_UNVERIFIED,v12_quick_engine.py:6037:compute_reentry_blocks:getattr;v12_quick_engine.py:6536:_tradier_signal_score_family:getattr,CAUSAL_PATH_SEMANTICS_UNVERIFIED,backtest_v12_engine.py:6694:run_simulation_tradier imports and runs tradier_manage,N_A_EXPLICIT_TRADIER_FIELD,,CAUSAL_CONSUMER_SEMANTICS_UNVERIFIED,tradier_manage.py:11173:calculate_signal_score:getattr;tradier_manage.py:7896:process_position:_cfg_auto,,no reviewed exact vector/live semantic contract; no field-specific causal read in backtest_v12_engine (generic override propagation excluded)
TRADIER_ENTRY_SCORE_THRESHOLD,4242,UNIQUE_QUICKCONFIG_FIELD_WITH_NON_SYNTHETIC_VECTOR_READ,TRADIER_ONLY_EXPLICIT_NAME,CONNECTED_CAUSAL_READ_SEMANTICS_UNVERIFIED,v12_quick_engine.py:6355:_combine_entry_blocks:attribute;v12_quick_engine.py:6942:compute_entry_signals:attribute;v12_quick_engine.py:7033:compute_entry_signals:getattr;v12_quick_engine.py:7316:compute_entry_signals:getattr,CAUSAL_PATH_SEMANTICS_UNVERIFIED,backtest_v12_engine.py:8165:_v8_real_eta_wrapper:getattr;backtest_v12_engine.py:8167:_v8_real_eta_wrapper:getattr;backtest_v12_engine.py:6694:run_simulation_tradier imports and runs tradier_manage,N_A_EXPLICIT_TRADIER_FIELD,,CAUSAL_CONSUMER_SEMANTICS_UNVERIFIED,tradier_manage.py:1057:_v12_additive_entry_claim:resolver;tradier_manage.py:14764:evaluate_open:_cfg;tradier_manage.py:14778:evaluate_open:_cfg;tradier_manage.py:7848:process_position:_cfg,,no reviewed exact vector/live semantic contract
TRADIER_FH_MOMENTUM_DC_CONFIRM,4243,UNIQUE_QUICKCONFIG_FIELD_WITH_NON_SYNTHETIC_VECTOR_READ,TRADIER_ONLY_EXPLICIT_NAME,CONNECTED_CAUSAL_READ_SEMANTICS_UNVERIFIED,v12_quick_engine.py:6145:compute_reentry_blocks:getattr,CAUSAL_PATH_SEMANTICS_UNVERIFIED,backtest_v12_engine.py:6694:run_simulation_tradier imports and runs tradier_manage,N_A_EXPLICIT_TRADIER_FIELD,,CAUSAL_CONSUMER_SEMANTICS_UNVERIFIED,tradier_manage.py:14482:evaluate_open:_cfg_auto;tradier_manage.py:23655:evaluate_fh_momentum:_cfg_auto,,no reviewed exact vector/live semantic contract; no field-specific causal read in backtest_v12_engine (generic override propagation excluded)
TRADIER_FH_MOMENTUM_DC_MAX_LONG,4244,UNIQUE_QUICKCONFIG_FIELD_WITH_NON_SYNTHETIC_VECTOR_READ,TRADIER_ONLY_EXPLICIT_NAME,CONNECTED_CAUSAL_READ_SEMANTICS_UNVERIFIED,v12_quick_engine.py:6146:compute_reentry_blocks:getattr,CAUSAL_PATH_SEMANTICS_UNVERIFIED,backtest_v12_engine.py:6694:run_simulation_tradier imports and runs tradier_manage,N_A_EXPLICIT_TRADIER_FIELD,,CAUSAL_CONSUMER_SEMANTICS_UNVERIFIED,tradier_manage.py:14481:evaluate_open:_cfg_auto,,no reviewed exact vector/live semantic contract; no field-specific causal read in backtest_v12_engine (generic override propagation excluded)
TRADIER_FH_MOMENTUM_ENABLED,4245,UNIQUE_QUICKCONFIG_FIELD_WITH_NON_SYNTHETIC_VECTOR_READ,TRADIER_ONLY_EXPLICIT_NAME,CONNECTED_CAUSAL_READ_SEMANTICS_UNVERIFIED,v12_quick_engine.py:6131:compute_reentry_blocks:getattr,CAUSAL_PATH_SEMANTICS_UNVERIFIED,backtest_v12_engine.py:6694:run_simulation_tradier imports and runs tradier_manage,N_A_EXPLICIT_TRADIER_FIELD,,CAUSAL_CONSUMER_SEMANTICS_UNVERIFIED,tradier_manage.py:14464:evaluate_open:_cfg;tradier_manage.py:23631:evaluate_fh_momentum:_cfg_auto,,no reviewed exact vector/live semantic contract; no field-specific causal read in backtest_v12_engine (generic override propagation excluded)
TRADIER_FH_MOMENTUM_MFI_CONFIRM,4246,UNIQUE_QUICKCONFIG_FIELD_WITH_NON_SYNTHETIC_VECTOR_READ,TRADIER_ONLY_EXPLICIT_NAME,CONNECTED_CAUSAL_READ_SEMANTICS_UNVERIFIED,v12_quick_engine.py:6148:compute_reentry_blocks:getattr,CAUSAL_PATH_SEMANTICS_UNVERIFIED,backtest_v12_engine.py:6694:run_simulation_tradier imports and runs tradier_manage,N_A_EXPLICIT_TRADIER_FIELD,,CAUSAL_CONSUMER_SEMANTICS_UNVERIFIED,tradier_manage.py:14474:evaluate_open:_cfg_auto;tradier_manage.py:23654:evaluate_fh_momentum:_cfg_auto,,no reviewed exact vector/live semantic contract; no field-specific causal read in backtest_v12_engine (generic override propagation excluded)
TRADIER_FH_MOMENTUM_MFI_MIN,4247,UNIQUE_QUICKCONFIG_FIELD_WITH_NON_SYNTHETIC_VECTOR_READ,TRADIER_ONLY_EXPLICIT_NAME,CONNECTED_CAUSAL_READ_SEMANTICS_UNVERIFIED,v12_quick_engine.py:6149:compute_reentry_blocks:getattr,GAP_NO_CAUSAL_CONSUMER,,N_A_EXPLICIT_TRADIER_FIELD,,GAP_NO_CAUSAL_CONSUMER,,,no reviewed exact vector/live semantic contract; no field-specific causal read in backtest_v12_engine (generic override propagation excluded); no causal Tradier consumer
TRADIER_FH_MOMENTUM_MIN_MOVE_PCT,4248,UNIQUE_QUICKCONFIG_FIELD_WITH_NON_SYNTHETIC_VECTOR_READ,TRADIER_ONLY_EXPLICIT_NAME,CONNECTED_CAUSAL_READ_SEMANTICS_UNVERIFIED,v12_quick_engine.py:6142:compute_reentry_blocks:getattr,CAUSAL_PATH_SEMANTICS_UNVERIFIED,backtest_v12_engine.py:6694:run_simulation_tradier imports and runs tradier_manage,N_A_EXPLICIT_TRADIER_FIELD,,CAUSAL_CONSUMER_SEMANTICS_UNVERIFIED,tradier_manage.py:14469:evaluate_open:_cfg_auto;tradier_manage.py:23651:evaluate_fh_momentum:_cfg_auto,,no reviewed exact vector/live semantic contract; no field-specific causal read in backtest_v12_engine (generic override propagation excluded)
TRADIER_FH_MOMENTUM_WINDOW_MINUTES,4249,UNIQUE_QUICKCONFIG_FIELD_WITH_NON_SYNTHETIC_VECTOR_READ,TRADIER_ONLY_EXPLICIT_NAME,CONNECTED_CAUSAL_READ_SEMANTICS_UNVERIFIED,v12_quick_engine.py:6138:compute_reentry_blocks:getattr,GAP_NO_CAUSAL_CONSUMER,,N_A_EXPLICIT_TRADIER_FIELD,,GAP_NO_CAUSAL_CONSUMER,,,no reviewed exact vector/live semantic contract; no field-specific causal read in backtest_v12_engine (generic override propagation excluded); no causal Tradier consumer
TRADIER_K_ZONE_ENTRY_BONUS_TRADIER,4704,UNIQUE_QUICKCONFIG_FIELD_WITH_NON_SYNTHETIC_VECTOR_READ,TRADIER_ONLY_EXPLICIT_NAME,CONNECTED_EXACT_REVIEWED,v12_quick_engine.py:6375:_tradier_signal_score_family:attribute;v12_quick_engine.py:6538:_tradier_signal_score_family:attribute,EXACT_LIVE_DELEGATED_OR_DIRECT_PATH,backtest_v12_engine.py:6694:run_simulation_tradier imports and runs tradier_manage,N_A_EXPLICIT_TRADIER_FIELD,,EXACT_CAUSAL_CONSUMER,tradier_manage.py:11193:calculate_signal_score:_cfg;tradier_manage.py:11193:calculate_signal_score:getattr,additive K-zone score; adapter mirrors live short name,backtest reaches reviewed live consumer by delegation rather than a duplicate predicate
TRADIER_K_ZONE_LONG_THRESHOLD_TRADIER,4250,UNIQUE_QUICKCONFIG_FIELD_WITH_NON_SYNTHETIC_VECTOR_READ,TRADIER_ONLY_EXPLICIT_NAME,CONNECTED_CAUSAL_READ_SEMANTICS_UNVERIFIED,v12_quick_engine.py:5580:compute_reentry_blocks:getattr;v12_quick_engine.py:6527:_tradier_signal_score_family:getattr;v12_quick_engine.py:6978:compute_entry_signals:getattr,CAUSAL_PATH_SEMANTICS_UNVERIFIED,backtest_v12_engine.py:6694:run_simulation_tradier imports and runs tradier_manage,N_A_EXPLICIT_TRADIER_FIELD,,CAUSAL_CONSUMER_SEMANTICS_UNVERIFIED,tradier_manage.py:11161:calculate_signal_score:_cfg;tradier_manage.py:7719:process_position:_cfg_auto;tradier_manage.py:7856:process_position:_cfg,,no reviewed exact vector/live semantic contract; no field-specific causal read in backtest_v12_engine (generic override propagation excluded)
TRADIER_K_ZONE_SHORT_THRESHOLD_TRADIER,4251,UNIQUE_QUICKCONFIG_FIELD_WITH_NON_SYNTHETIC_VECTOR_READ,TRADIER_ONLY_EXPLICIT_NAME,CONNECTED_CAUSAL_READ_SEMANTICS_UNVERIFIED,v12_quick_engine.py:5581:compute_reentry_blocks:getattr;v12_quick_engine.py:6528:_tradier_signal_score_family:getattr;v12_quick_engine.py:6979:compute_entry_signals:getattr,CAUSAL_PATH_SEMANTICS_UNVERIFIED,backtest_v12_engine.py:6694:run_simulation_tradier imports and runs tradier_manage,N_A_EXPLICIT_TRADIER_FIELD,,CAUSAL_CONSUMER_SEMANTICS_UNVERIFIED,tradier_manage.py:11162:calculate_signal_score:_cfg;tradier_manage.py:7720:process_position:_cfg_auto;tradier_manage.py:7860:process_position:_cfg,,no reviewed exact vector/live semantic contract; no field-specific causal read in backtest_v12_engine (generic override propagation excluded)
TRADIER_MFI_ENTRY_LONG_ENABLED,4252,UNIQUE_QUICKCONFIG_FIELD_WITH_NON_SYNTHETIC_VECTOR_READ,TRADIER_ONLY_EXPLICIT_NAME,CONNECTED_CAUSAL_READ_SEMANTICS_UNVERIFIED,v12_quick_engine.py:6953:compute_entry_signals:getattr,GAP_NO_CAUSAL_CONSUMER,,N_A_EXPLICIT_TRADIER_FIELD,,GAP_NO_CAUSAL_CONSUMER,,,no reviewed exact vector/live semantic contract; no field-specific causal read in backtest_v12_engine (generic override propagation excluded); no causal Tradier consumer
TRADIER_MFI_ENTRY_LONG_TRADIER,4253,UNIQUE_QUICKCONFIG_FIELD_WITH_NON_SYNTHETIC_VECTOR_READ,TRADIER_ONLY_EXPLICIT_NAME,CONNECTED_CAUSAL_READ_SEMANTICS_UNVERIFIED,v12_quick_engine.py:6955:compute_entry_signals:getattr,GAP_NO_CAUSAL_CONSUMER,,N_A_EXPLICIT_TRADIER_FIELD,,GAP_NO_CAUSAL_CONSUMER,,,no reviewed exact vector/live semantic contract; no field-specific causal read in backtest_v12_engine (generic override propagation excluded); no causal Tradier consumer
TRADIER_MI_ENTRY_ENABLED_TRADIER,4254,UNIQUE_QUICKCONFIG_FIELD_WITH_NON_SYNTHETIC_VECTOR_READ,TRADIER_ONLY_EXPLICIT_NAME,CONNECTED_EXACT_REVIEWED,v12_quick_engine.py:6168:compute_reentry_blocks:getattr,EXACT_LIVE_DELEGATED_OR_DIRECT_PATH,backtest_v12_engine.py:6694:run_simulation_tradier imports and runs tradier_manage,N_A_EXPLICIT_TRADIER_FIELD,,EXACT_CAUSAL_CONSUMER,tradier_manage.py:1089:_v12_mi_entry_claim:resolver;tradier_manage.py:1090:_v12_mi_entry_claim:resolver;tradier_manage.py:12015:calculate_quantity_complex_extended:_cfg;tradier_manage.py:7869:process_position:_cfg,prefixed alias parent gate for the exact three-vote entry block,backtest reaches reviewed live consumer by delegation rather than a duplicate predicate
TRADIER_MI_SUBSIGNAL_MIN_COUNT,4256,UNIQUE_QUICKCONFIG_FIELD_WITH_NON_SYNTHETIC_VECTOR_READ,TRADIER_ONLY_EXPLICIT_NAME,CONNECTED_EXACT_REVIEWED,v12_quick_engine.py:6171:compute_reentry_blocks:getattr,EXACT_LIVE_DELEGATED_OR_DIRECT_PATH,backtest_v12_engine.py:6694:run_simulation_tradier imports and runs tradier_manage,N_A_EXPLICIT_TRADIER_FIELD,,EXACT_CAUSAL_CONSUMER,tradier_manage.py:1093:_v12_mi_entry_claim:resolver,"minimum of three causal MI votes, clipped to the vector maximum of three",backtest reaches reviewed live consumer by delegation rather than a duplicate predicate
TRADIER_RSI2_ENABLED,4257,UNIQUE_QUICKCONFIG_FIELD_WITH_NON_SYNTHETIC_VECTOR_READ,TRADIER_ONLY_EXPLICIT_NAME,CONNECTED_CAUSAL_READ_SEMANTICS_UNVERIFIED,v12_quick_engine.py:5887:compute_reentry_blocks:getattr;v12_quick_engine.py:7542:compute_exit_signals:getattr,CAUSAL_PATH_SEMANTICS_UNVERIFIED,backtest_v12_engine.py:6694:run_simulation_tradier imports and runs tradier_manage,N_A_EXPLICIT_TRADIER_FIELD,,CAUSAL_CONSUMER_SEMANTICS_UNVERIFIED,tradier_manage.py:13364:evaluate_stop:_cfg;tradier_manage.py:23459:evaluate_rsi2_entry:_cfg_auto;tradier_manage.py:7744:process_position:_cfg_auto,,no reviewed exact vector/live semantic contract; no field-specific causal read in backtest_v12_engine (generic override propagation excluded)
TRADIER_RSI2_EXIT_THRESHOLD_LONG,4258,UNIQUE_QUICKCONFIG_FIELD_WITH_NON_SYNTHETIC_VECTOR_READ,TRADIER_ONLY_EXPLICIT_NAME,CONNECTED_CAUSAL_READ_SEMANTICS_UNVERIFIED,v12_quick_engine.py:7546:compute_exit_signals:getattr,CAUSAL_PATH_SEMANTICS_UNVERIFIED,backtest_v12_engine.py:6694:run_simulation_tradier imports and runs tradier_manage,N_A_EXPLICIT_TRADIER_FIELD,,CAUSAL_CONSUMER_SEMANTICS_UNVERIFIED,tradier_manage.py:13360:evaluate_stop:_cfg;tradier_manage.py:13362:evaluate_stop:_cfg;tradier_manage.py:23465:evaluate_rsi2_entry:_cfg_auto,,no reviewed exact vector/live semantic contract; no field-specific causal read in backtest_v12_engine (generic override propagation excluded)
TRADIER_RSI2_EXIT_THRESHOLD_SHORT,4259,UNIQUE_QUICKCONFIG_FIELD_WITH_NON_SYNTHETIC_VECTOR_READ,TRADIER_ONLY_EXPLICIT_NAME,CONNECTED_CAUSAL_READ_SEMANTICS_UNVERIFIED,v12_quick_engine.py:7548:compute_exit_signals:getattr,CAUSAL_PATH_SEMANTICS_UNVERIFIED,backtest_v12_engine.py:6694:run_simulation_tradier imports and runs tradier_manage,N_A_EXPLICIT_TRADIER_FIELD,,CAUSAL_CONSUMER_SEMANTICS_UNVERIFIED,tradier_manage.py:13361:evaluate_stop:_cfg;tradier_manage.py:13363:evaluate_stop:_cfg;tradier_manage.py:23466:evaluate_rsi2_entry:_cfg_auto,,no reviewed exact vector/live semantic contract; no field-specific causal read in backtest_v12_engine (generic override propagation excluded)
TRADIER_RSI_ENTRY_LONG_TRADIER,4260,UNIQUE_QUICKCONFIG_FIELD_WITH_NON_SYNTHETIC_VECTOR_READ,TRADIER_ONLY_EXPLICIT_NAME,CONNECTED_CAUSAL_READ_SEMANTICS_UNVERIFIED,v12_quick_engine.py:6154:compute_reentry_blocks:getattr;v12_quick_engine.py:6373:_tradier_signal_score_family:attribute;v12_quick_engine.py:6531:_tradier_signal_score_family:attribute,CAUSAL_PATH_SEMANTICS_UNVERIFIED,backtest_v12_engine.py:6694:run_simulation_tradier imports and runs tradier_manage,N_A_EXPLICIT_TRADIER_FIELD,,CAUSAL_CONSUMER_SEMANTICS_UNVERIFIED,tradier_manage.py:11167:calculate_signal_score:getattr;tradier_manage.py:20425:should_enter_long:_cfg_auto,,no reviewed exact vector/live semantic contract; no field-specific causal read in backtest_v12_engine (generic override propagation excluded)
TRADIER_RSI_ENTRY_SHORT_TRADIER,4261,UNIQUE_QUICKCONFIG_FIELD_WITH_NON_SYNTHETIC_VECTOR_READ,TRADIER_ONLY_EXPLICIT_NAME,CONNECTED_CAUSAL_READ_SEMANTICS_UNVERIFIED,v12_quick_engine.py:6155:compute_reentry_blocks:getattr;v12_quick_engine.py:6374:_tradier_signal_score_family:attribute;v12_quick_engine.py:6532:_tradier_signal_score_family:attribute,CAUSAL_PATH_SEMANTICS_UNVERIFIED,backtest_v12_engine.py:6694:run_simulation_tradier imports and runs tradier_manage,N_A_EXPLICIT_TRADIER_FIELD,,CAUSAL_CONSUMER_SEMANTICS_UNVERIFIED,tradier_manage.py:11168:calculate_signal_score:getattr;tradier_manage.py:20712:should_enter_short:_cfg_auto,,no reviewed exact vector/live semantic contract; no field-specific causal read in backtest_v12_engine (generic override propagation excluded)
TRADIER_RSI_SHORT_REL_VOLUME_MIN,4262,UNIQUE_QUICKCONFIG_FIELD_WITH_NON_SYNTHETIC_VECTOR_READ,TRADIER_ONLY_EXPLICIT_NAME,CONNECTED_CAUSAL_READ_SEMANTICS_UNVERIFIED,v12_quick_engine.py:6159:compute_reentry_blocks:getattr,GAP_NO_CAUSAL_CONSUMER,,N_A_EXPLICIT_TRADIER_FIELD,,GAP_NO_CAUSAL_CONSUMER,,,no reviewed exact vector/live semantic contract; no field-specific causal read in backtest_v12_engine (generic override propagation excluded); no causal Tradier consumer
TRADIER_STOCH_ENTRY_LONG_TRADIER,4263,UNIQUE_QUICKCONFIG_FIELD_WITH_NON_SYNTHETIC_VECTOR_READ,TRADIER_ONLY_EXPLICIT_NAME,CONNECTED_CAUSAL_READ_SEMANTICS_UNVERIFIED,v12_quick_engine.py:6162:compute_reentry_blocks:getattr;v12_quick_engine.py:6524:_tradier_signal_score_family:getattr,CAUSAL_PATH_SEMANTICS_UNVERIFIED,backtest_v12_engine.py:6694:run_simulation_tradier imports and runs tradier_manage,N_A_EXPLICIT_TRADIER_FIELD,,CAUSAL_CONSUMER_SEMANTICS_UNVERIFIED,tradier_manage.py:11153:calculate_signal_score:_cfg,,no reviewed exact vector/live semantic contract; no field-specific causal read in backtest_v12_engine (generic override propagation excluded)
TRADIER_STOCH_ENTRY_SHORT_TRADIER,4264,UNIQUE_QUICKCONFIG_FIELD_WITH_NON_SYNTHETIC_VECTOR_READ,TRADIER_ONLY_EXPLICIT_NAME,CONNECTED_CAUSAL_READ_SEMANTICS_UNVERIFIED,v12_quick_engine.py:6163:compute_reentry_blocks:getattr;v12_quick_engine.py:6525:_tradier_signal_score_family:getattr,CAUSAL_PATH_SEMANTICS_UNVERIFIED,backtest_v12_engine.py:6694:run_simulation_tradier imports and runs tradier_manage,N_A_EXPLICIT_TRADIER_FIELD,,CAUSAL_CONSUMER_SEMANTICS_UNVERIFIED,tradier_manage.py:11155:calculate_signal_score:_cfg,,no reviewed exact vector/live semantic contract; no field-specific causal read in backtest_v12_engine (generic override propagation excluded)
TRADIER_STOCH_EXTREME_LONG_TRADIER,4265,UNIQUE_QUICKCONFIG_FIELD_WITH_NON_SYNTHETIC_VECTOR_READ,TRADIER_ONLY_EXPLICIT_NAME,CONNECTED_CAUSAL_READ_SEMANTICS_UNVERIFIED,v12_quick_engine.py:6164:compute_reentry_blocks:getattr;v12_quick_engine.py:6524:_tradier_signal_score_family:getattr,CAUSAL_PATH_SEMANTICS_UNVERIFIED,backtest_v12_engine.py:6694:run_simulation_tradier imports and runs tradier_manage,N_A_EXPLICIT_TRADIER_FIELD,,CAUSAL_CONSUMER_SEMANTICS_UNVERIFIED,tradier_manage.py:11154:calculate_signal_score:_cfg,,no reviewed exact vector/live semantic contract; no field-specific causal read in backtest_v12_engine (generic override propagation excluded)
TRADIER_STOCH_EXTREME_SHORT_TRADIER,4266,UNIQUE_QUICKCONFIG_FIELD_WITH_NON_SYNTHETIC_VECTOR_READ,TRADIER_ONLY_EXPLICIT_NAME,CONNECTED_CAUSAL_READ_SEMANTICS_UNVERIFIED,v12_quick_engine.py:6165:compute_reentry_blocks:getattr;v12_quick_engine.py:6525:_tradier_signal_score_family:getattr,CAUSAL_PATH_SEMANTICS_UNVERIFIED,backtest_v12_engine.py:6694:run_simulation_tradier imports and runs tradier_manage,N_A_EXPLICIT_TRADIER_FIELD,,CAUSAL_CONSUMER_SEMANTICS_UNVERIFIED,tradier_manage.py:11156:calculate_signal_score:_cfg,,no reviewed exact vector/live semantic contract; no field-specific causal read in backtest_v12_engine (generic override propagation excluded)
TRIPLE_CONF_ENABLED,4600,UNIQUE_QUICKCONFIG_FIELD_WITH_NON_SYNTHETIC_VECTOR_READ,BOTH_OR_UNRESOLVED,CONNECTED_CAUSAL_READ_SEMANTICS_UNVERIFIED,v12_quick_engine.py:5733:compute_reentry_blocks:attribute,CAUSAL_PATH_SEMANTICS_UNVERIFIED,backtest_v12_engine.py:5438:ez_manage.process_position;backtest_v12_engine.py:5897:ez_positions_quick.check_entry_candidates_for_account,CAUSAL_CONSUMER_SEMANTICS_UNVERIFIED,ez_positions_quick.py:4369:rate:getattr,GAP_NO_CAUSAL_CONSUMER,,,no reviewed exact vector/live semantic contract; no field-specific causal read in backtest_v12_engine (generic override propagation excluded); no causal Tradier consumer
TRIPLE_CONF_RSI_LONG,4601,UNIQUE_QUICKCONFIG_FIELD_WITH_NON_SYNTHETIC_VECTOR_READ,BOTH_OR_UNRESOLVED,CONNECTED_CAUSAL_READ_SEMANTICS_UNVERIFIED,v12_quick_engine.py:5743:compute_reentry_blocks:attribute,CAUSAL_PATH_SEMANTICS_UNVERIFIED,backtest_v12_engine.py:5438:ez_manage.process_position;backtest_v12_engine.py:5897:ez_positions_quick.check_entry_candidates_for_account,CAUSAL_CONSUMER_SEMANTICS_UNVERIFIED,ez_positions_quick.py:4375:rate:getattr,GAP_NO_CAUSAL_CONSUMER,,,no reviewed exact vector/live semantic contract; no field-specific causal read in backtest_v12_engine (generic override propagation excluded); no causal Tradier consumer
TRIPLE_CONF_RSI_SHORT,4602,UNIQUE_QUICKCONFIG_FIELD_WITH_NON_SYNTHETIC_VECTOR_READ,BOTH_OR_UNRESOLVED,CONNECTED_CAUSAL_READ_SEMANTICS_UNVERIFIED,v12_quick_engine.py:5745:compute_reentry_blocks:attribute,CAUSAL_PATH_SEMANTICS_UNVERIFIED,backtest_v12_engine.py:5438:ez_manage.process_position;backtest_v12_engine.py:5897:ez_positions_quick.check_entry_candidates_for_account,CAUSAL_CONSUMER_SEMANTICS_UNVERIFIED,ez_positions_quick.py:4377:rate:getattr,GAP_NO_CAUSAL_CONSUMER,,,no reviewed exact vector/live semantic contract; no field-specific causal read in backtest_v12_engine (generic override propagation excluded); no causal Tradier consumer
TRIPLE_CONF_SCORE,4603,UNIQUE_QUICKCONFIG_FIELD_WITH_NON_SYNTHETIC_VECTOR_READ,BOTH_OR_UNRESOLVED,CONNECTED_CAUSAL_READ_SEMANTICS_UNVERIFIED,v12_quick_engine.py:6350:_combine_entry_blocks:attribute,CAUSAL_PATH_SEMANTICS_UNVERIFIED,backtest_v12_engine.py:5438:ez_manage.process_position;backtest_v12_engine.py:5897:ez_positions_quick.check_entry_candidates_for_account,CAUSAL_CONSUMER_SEMANTICS_UNVERIFIED,ez_positions_quick.py:4376:rate:getattr;ez_positions_quick.py:4378:rate:getattr,GAP_NO_CAUSAL_CONSUMER,,,no reviewed exact vector/live semantic contract; no field-specific causal read in backtest_v12_engine (generic override propagation excluded); no causal Tradier consumer
TRIPLE_CONF_STOCH_LONG,4604,UNIQUE_QUICKCONFIG_FIELD_WITH_NON_SYNTHETIC_VECTOR_READ,BOTH_OR_UNRESOLVED,CONNECTED_CAUSAL_READ_SEMANTICS_UNVERIFIED,v12_quick_engine.py:5744:compute_reentry_blocks:attribute,CAUSAL_PATH_SEMANTICS_UNVERIFIED,backtest_v12_engine.py:5438:ez_manage.process_position;backtest_v12_engine.py:5897:ez_positions_quick.check_entry_candidates_for_account,CAUSAL_CONSUMER_SEMANTICS_UNVERIFIED,ez_positions_quick.py:4375:rate:getattr,GAP_NO_CAUSAL_CONSUMER,,,no reviewed exact vector/live semantic contract; no field-specific causal read in backtest_v12_engine (generic override propagation excluded); no causal Tradier consumer
TRIPLE_CONF_STOCH_SHORT,4605,UNIQUE_QUICKCONFIG_FIELD_WITH_NON_SYNTHETIC_VECTOR_READ,BOTH_OR_UNRESOLVED,CONNECTED_CAUSAL_READ_SEMANTICS_UNVERIFIED,v12_quick_engine.py:5746:compute_reentry_blocks:attribute,CAUSAL_PATH_SEMANTICS_UNVERIFIED,backtest_v12_engine.py:5438:ez_manage.process_position;backtest_v12_engine.py:5897:ez_positions_quick.check_entry_candidates_for_account,CAUSAL_CONSUMER_SEMANTICS_UNVERIFIED,ez_positions_quick.py:4377:rate:getattr,GAP_NO_CAUSAL_CONSUMER,,,no reviewed exact vector/live semantic contract; no field-specific causal read in backtest_v12_engine (generic override propagation excluded); no causal Tradier consumer
TRIPLE_CONF_TF,4606,UNIQUE_QUICKCONFIG_FIELD_WITH_NON_SYNTHETIC_VECTOR_READ,BOTH_OR_UNRESOLVED,CONNECTED_CAUSAL_READ_SEMANTICS_UNVERIFIED,v12_quick_engine.py:5734:compute_reentry_blocks:attribute,CAUSAL_PATH_SEMANTICS_UNVERIFIED,backtest_v12_engine.py:5438:ez_manage.process_position;backtest_v12_engine.py:5897:ez_positions_quick.check_entry_candidates_for_account,CAUSAL_CONSUMER_SEMANTICS_UNVERIFIED,ez_positions_quick.py:4370:rate:getattr,GAP_NO_CAUSAL_CONSUMER,,,no reviewed exact vector/live semantic contract; no field-specific causal read in backtest_v12_engine (generic override propagation excluded); no causal Tradier consumer
VEL_EXIT_ENABLED,3433,UNIQUE_QUICKCONFIG_FIELD_WITH_NON_SYNTHETIC_VECTOR_READ,BOTH_OR_UNRESOLVED,CONNECTED_CAUSAL_READ_SEMANTICS_UNVERIFIED,v12_quick_engine.py:7462:compute_exit_signals:getattr,GAP_NO_CAUSAL_CONSUMER,,GAP_NO_CAUSAL_CONSUMER,,GAP_NO_CAUSAL_CONSUMER,,,no reviewed exact vector/live semantic contract; no field-specific causal read in backtest_v12_engine (generic override propagation excluded); no causal EZ crypto consumer; no causal Tradier consumer
VOLUME_CONFIRMATION_ENABLED,4270,UNIQUE_QUICKCONFIG_FIELD_WITH_NON_SYNTHETIC_VECTOR_READ,BOTH_OR_UNRESOLVED,CONNECTED_CAUSAL_READ_SEMANTICS_UNVERIFIED,v12_quick_engine.py:7020:compute_entry_signals:getattr,GAP_NO_CAUSAL_CONSUMER,,GAP_NO_CAUSAL_CONSUMER,,GAP_NO_CAUSAL_CONSUMER,,,no reviewed exact vector/live semantic contract; no field-specific causal read in backtest_v12_engine (generic override propagation excluded); no causal EZ crypto consumer; no causal Tradier consumer
VOLUME_CONFIRMATION_MULT,4271,UNIQUE_QUICKCONFIG_FIELD_WITH_NON_SYNTHETIC_VECTOR_READ,BOTH_OR_UNRESOLVED,CONNECTED_CAUSAL_READ_SEMANTICS_UNVERIFIED,v12_quick_engine.py:7024:compute_entry_signals:getattr,GAP_NO_CAUSAL_CONSUMER,,GAP_NO_CAUSAL_CONSUMER,,GAP_NO_CAUSAL_CONSUMER,,,no reviewed exact vector/live semantic contract; no field-specific causal read in backtest_v12_engine (generic override propagation excluded); no causal EZ crypto consumer; no causal Tradier consumer
VWAP_BOUNCE_DIST_PCT,4272,UNIQUE_QUICKCONFIG_FIELD_WITH_NON_SYNTHETIC_VECTOR_READ,BOTH_OR_UNRESOLVED,CONNECTED_CAUSAL_READ_SEMANTICS_UNVERIFIED,v12_quick_engine.py:6052:compute_reentry_blocks:getattr,GAP_NO_CAUSAL_CONSUMER,,GAP_NO_CAUSAL_CONSUMER,,GAP_NO_CAUSAL_CONSUMER,,,no reviewed exact vector/live semantic contract; no field-specific causal read in backtest_v12_engine (generic override propagation excluded); no causal EZ crypto consumer; no causal Tradier consumer
VWAP_BOUNCE_ENTRY_ENABLED,4273,UNIQUE_QUICKCONFIG_FIELD_WITH_NON_SYNTHETIC_VECTOR_READ,BOTH_OR_UNRESOLVED,CONNECTED_CAUSAL_READ_SEMANTICS_UNVERIFIED,v12_quick_engine.py:6051:compute_reentry_blocks:getattr,GAP_NO_CAUSAL_CONSUMER,,GAP_NO_CAUSAL_CONSUMER,,GAP_NO_CAUSAL_CONSUMER,,,no reviewed exact vector/live semantic contract; no field-specific causal read in backtest_v12_engine (generic override propagation excluded); no causal EZ crypto consumer; no causal Tradier consumer
VWAP_FILTER_ENABLED,3509,UNIQUE_QUICKCONFIG_FIELD_WITH_NON_SYNTHETIC_VECTOR_READ,BOTH_OR_UNRESOLVED,CONNECTED_CAUSAL_READ_SEMANTICS_UNVERIFIED,v12_quick_engine.py:6917:compute_entry_signals:attribute,CAUSAL_PATH_SEMANTICS_UNVERIFIED,backtest_v12_engine.py:6694:run_simulation_tradier imports and runs tradier_manage,GAP_NO_CAUSAL_CONSUMER,,CAUSAL_CONSUMER_SEMANTICS_UNVERIFIED,tradier_manage.py:20400:should_enter_long:_cfg_auto;tradier_manage.py:20687:should_enter_short:_cfg_auto,,no reviewed exact vector/live semantic contract; no field-specific causal read in backtest_v12_engine (generic override propagation excluded); no causal EZ crypto consumer
WIN_TRAIL_EROSION_PCT,4274,UNIQUE_QUICKCONFIG_FIELD_WITH_NON_SYNTHETIC_VECTOR_READ,BOTH_OR_UNRESOLVED,CONNECTED_CAUSAL_READ_SEMANTICS_UNVERIFIED,v12_quick_engine.py:13568:simulate_one:getattr,GAP_NO_CAUSAL_CONSUMER,,GAP_NO_CAUSAL_CONSUMER,,GAP_NO_CAUSAL_CONSUMER,,,no reviewed exact vector/live semantic contract; no field-specific causal read in backtest_v12_engine (generic override propagation excluded); no causal EZ crypto consumer; no causal Tradier consumer
WT_15M_BOUNCE_BB_MAX,3614,UNIQUE_QUICKCONFIG_FIELD_WITH_NON_SYNTHETIC_VECTOR_READ,BOTH_OR_UNRESOLVED,CONNECTED_CAUSAL_READ_SEMANTICS_UNVERIFIED,v12_quick_engine.py:6595:_exact_entry_contract_masks:attribute,CAUSAL_PATH_SEMANTICS_UNVERIFIED,backtest_v12_engine.py:5919:run_simulation:getattr,GAP_NO_CAUSAL_CONSUMER,,GAP_NO_CAUSAL_CONSUMER,,,no reviewed exact vector/live semantic contract; no causal EZ crypto consumer; no causal Tradier consumer
WT_15M_BOUNCE_BB_MIN,3613,UNIQUE_QUICKCONFIG_FIELD_WITH_NON_SYNTHETIC_VECTOR_READ,BOTH_OR_UNRESOLVED,CONNECTED_CAUSAL_READ_SEMANTICS_UNVERIFIED,v12_quick_engine.py:6595:_exact_entry_contract_masks:attribute,CAUSAL_PATH_SEMANTICS_UNVERIFIED,backtest_v12_engine.py:5918:run_simulation:getattr,GAP_NO_CAUSAL_CONSUMER,,GAP_NO_CAUSAL_CONSUMER,,,no reviewed exact vector/live semantic contract; no causal EZ crypto consumer; no causal Tradier consumer
WT_15M_BOUNCE_MAX_BARS_AGO,3612,UNIQUE_QUICKCONFIG_FIELD_WITH_NON_SYNTHETIC_VECTOR_READ,BOTH_OR_UNRESOLVED,CONNECTED_CAUSAL_READ_SEMANTICS_UNVERIFIED,v12_quick_engine.py:6594:_exact_entry_contract_masks:attribute,CAUSAL_PATH_SEMANTICS_UNVERIFIED,backtest_v12_engine.py:5917:run_simulation:getattr,GAP_NO_CAUSAL_CONSUMER,,GAP_NO_CAUSAL_CONSUMER,,,no reviewed exact vector/live semantic contract; no causal EZ crypto consumer; no causal Tradier consumer
WT_15M_BOUNCE_OPEN_ENABLED,3611,UNIQUE_QUICKCONFIG_FIELD_WITH_NON_SYNTHETIC_VECTOR_READ,BOTH_OR_UNRESOLVED,CONNECTED_CAUSAL_READ_SEMANTICS_UNVERIFIED,v12_quick_engine.py:6587:_exact_entry_contract_masks:attribute,CAUSAL_PATH_SEMANTICS_UNVERIFIED,backtest_v12_engine.py:5916:run_simulation:getattr;backtest_v12_engine.py:5438:ez_manage.process_position;backtest_v12_engine.py:5897:ez_positions_quick.check_entry_candidates_for_account;backtest_v12_engine.py:6694:run_simulation_tradier imports and runs tradier_manage,CAUSAL_CONSUMER_SEMANTICS_UNVERIFIED,ez_manage.py:51885:_ensure_ez_all:getattr,CAUSAL_CONSUMER_SEMANTICS_UNVERIFIED,tradier_manage.py:25452:_ensure_tradier_all:_cfg,,no reviewed exact vector/live semantic contract
WT_15M_BOUNCE_REQUIRE_BOTH_HTF,3615,UNIQUE_QUICKCONFIG_FIELD_WITH_NON_SYNTHETIC_VECTOR_READ,BOTH_OR_UNRESOLVED,CONNECTED_CAUSAL_READ_SEMANTICS_UNVERIFIED,v12_quick_engine.py:6599:_exact_entry_contract_masks:attribute,CAUSAL_PATH_SEMANTICS_UNVERIFIED,backtest_v12_engine.py:5920:run_simulation:getattr,GAP_NO_CAUSAL_CONSUMER,,GAP_NO_CAUSAL_CONSUMER,,,no reviewed exact vector/live semantic contract; no causal EZ crypto consumer; no causal Tradier consumer
WT_15M_CROSS_ENTRY_ENABLED,3616,UNIQUE_QUICKCONFIG_FIELD_WITH_NON_SYNTHETIC_VECTOR_READ,BOTH_OR_UNRESOLVED,CONNECTED_CAUSAL_READ_SEMANTICS_UNVERIFIED,v12_quick_engine.py:6603:_exact_entry_contract_masks:attribute,CAUSAL_PATH_SEMANTICS_UNVERIFIED,backtest_v12_engine.py:5438:ez_manage.process_position;backtest_v12_engine.py:5897:ez_positions_quick.check_entry_candidates_for_account;backtest_v12_engine.py:6694:run_simulation_tradier imports and runs tradier_manage,CAUSAL_CONSUMER_SEMANTICS_UNVERIFIED,ez_manage.py:51886:_ensure_ez_all:getattr,CAUSAL_CONSUMER_SEMANTICS_UNVERIFIED,tradier_manage.py:25455:_ensure_tradier_all:_cfg,,no reviewed exact vector/live semantic contract; no field-specific causal read in backtest_v12_engine (generic override propagation excluded)
WT_15M_CROSS_ENTRY_MODE,3617,UNIQUE_QUICKCONFIG_FIELD_WITH_NON_SYNTHETIC_VECTOR_READ,BOTH_OR_UNRESOLVED,CONNECTED_CAUSAL_READ_SEMANTICS_UNVERIFIED,v12_quick_engine.py:6610:_exact_entry_contract_masks:attribute,GAP_NO_CAUSAL_CONSUMER,,GAP_NO_CAUSAL_CONSUMER,,GAP_NO_CAUSAL_CONSUMER,,,no reviewed exact vector/live semantic contract; no field-specific causal read in backtest_v12_engine (generic override propagation excluded); no causal EZ crypto consumer; no causal Tradier consumer
WT_ACCEL_EXIT_ENABLED,3525,UNIQUE_QUICKCONFIG_FIELD_WITH_NON_SYNTHETIC_VECTOR_READ,BOTH_OR_UNRESOLVED,CONNECTED_EXACT_REVIEWED,v12_quick_engine.py:7395:_wt_technical_exit_masks:attribute,EXACT_LIVE_DELEGATED_OR_DIRECT_PATH,backtest_v12_engine.py:5438:ez_manage.process_position;backtest_v12_engine.py:5897:ez_positions_quick.check_entry_candidates_for_account;backtest_v12_engine.py:6694:run_simulation_tradier imports and runs tradier_manage,EXACT_CAUSAL_CONSUMER,ez_manage.py:51887:_ensure_ez_all:getattr,EXACT_CAUSAL_CONSUMER,tradier_manage.py:12326:evaluate_multi_tf_exit:_cfg_auto;tradier_manage.py:797:_v12_wt_exit_reason:resolver,multi-timeframe against-position WT acceleration exit parent gate,backtest reaches reviewed live consumer by delegation rather than a duplicate predicate
WT_ACCEL_EXIT_LONG_THR,3528,UNIQUE_QUICKCONFIG_FIELD_WITH_NON_SYNTHETIC_VECTOR_READ,BOTH_OR_UNRESOLVED,CONNECTED_EXACT_REVIEWED,v12_quick_engine.py:7396:_wt_technical_exit_masks:attribute,EXACT_LIVE_DELEGATED_OR_DIRECT_PATH,backtest_v12_engine.py:6694:run_simulation_tradier imports and runs tradier_manage,GAP_NO_CAUSAL_CONSUMER,,EXACT_CAUSAL_CONSUMER,tradier_manage.py:776:_v12_wt_exit_reason:resolver,strict acceleration-below threshold for LONG exits,no causal EZ crypto consumer; backtest reaches reviewed live consumer by delegation rather than a duplicate predicate
WT_ACCEL_EXIT_MIN_TFS,3526,UNIQUE_QUICKCONFIG_FIELD_WITH_NON_SYNTHETIC_VECTOR_READ,BOTH_OR_UNRESOLVED,CONNECTED_EXACT_REVIEWED,v12_quick_engine.py:7395:_wt_technical_exit_masks:attribute,EXACT_LIVE_DELEGATED_OR_DIRECT_PATH,backtest_v12_engine.py:6694:run_simulation_tradier imports and runs tradier_manage,GAP_NO_CAUSAL_CONSUMER,,EXACT_CAUSAL_CONSUMER,tradier_manage.py:12328:evaluate_multi_tf_exit:_cfg_auto;tradier_manage.py:798:_v12_wt_exit_reason:resolver,minimum configured native timeframes with acceleration against the position,no causal EZ crypto consumer; backtest reaches reviewed live consumer by delegation rather than a duplicate predicate
WT_ACCEL_EXIT_SHORT_THR,3529,UNIQUE_QUICKCONFIG_FIELD_WITH_NON_SYNTHETIC_VECTOR_READ,BOTH_OR_UNRESOLVED,CONNECTED_EXACT_REVIEWED,v12_quick_engine.py:7397:_wt_technical_exit_masks:attribute,EXACT_LIVE_DELEGATED_OR_DIRECT_PATH,backtest_v12_engine.py:6694:run_simulation_tradier imports and runs tradier_manage,GAP_NO_CAUSAL_CONSUMER,,EXACT_CAUSAL_CONSUMER,tradier_manage.py:777:_v12_wt_exit_reason:resolver,strict acceleration-above threshold for SHORT exits,no causal EZ crypto consumer; backtest reaches reviewed live consumer by delegation rather than a duplicate predicate
WT_ACCEL_EXIT_TFS,3527,UNIQUE_QUICKCONFIG_FIELD_WITH_NON_SYNTHETIC_VECTOR_READ,BOTH_OR_UNRESOLVED,CONNECTED_EXACT_REVIEWED,v12_quick_engine.py:7396:_wt_technical_exit_masks:attribute,EXACT_LIVE_DELEGATED_OR_DIRECT_PATH,backtest_v12_engine.py:6694:run_simulation_tradier imports and runs tradier_manage,GAP_NO_CAUSAL_CONSUMER,,EXACT_CAUSAL_CONSUMER,tradier_manage.py:773:_v12_wt_exit_reason:resolver,exact native timeframe set for WT acceleration votes,no causal EZ crypto consumer; backtest reaches reviewed live consumer by delegation rather than a duplicate predicate
WT_AGAINST_FILTER_ENABLED,4031,UNIQUE_QUICKCONFIG_FIELD_WITH_NON_SYNTHETIC_VECTOR_READ,BOTH_OR_UNRESOLVED,CONNECTED_EXACT_REVIEWED,v12_quick_engine.py:5442:compute_reentry_blocks:getattr;v12_quick_engine.py:7445:compute_exit_signals:getattr;v12_quick_engine.py:7454:compute_exit_signals:getattr,EXACT_LIVE_DELEGATED_OR_DIRECT_PATH,backtest_v12_engine.py:6694:run_simulation_tradier imports and runs tradier_manage,GAP_NO_CAUSAL_CONSUMER,,EXACT_CAUSAL_CONSUMER,tradier_manage.py:787:_v12_wt_exit_reason:resolver;tradier_manage.py:875:_v12_b11_reentry_allowed:resolver,include the native 4h WT vote in the delta-exit count,no causal EZ crypto consumer; backtest reaches reviewed live consumer by delegation rather than a duplicate predicate
WT_CHOP_GATE_ENABLED,3641,UNIQUE_QUICKCONFIG_FIELD_WITH_NON_SYNTHETIC_VECTOR_READ,BOTH_OR_UNRESOLVED,CONNECTED_CAUSAL_READ_SEMANTICS_UNVERIFIED,v12_quick_engine.py:6748:_exact_crypto_wt_entry_contract:attribute,CAUSAL_PATH_SEMANTICS_UNVERIFIED,backtest_v12_engine.py:5438:ez_manage.process_position;backtest_v12_engine.py:5897:ez_positions_quick.check_entry_candidates_for_account,CAUSAL_CONSUMER_SEMANTICS_UNVERIFIED,ez_positions_quick.py:2185:rate:getattr,GAP_NO_CAUSAL_CONSUMER,,,no reviewed exact vector/live semantic contract; no field-specific causal read in backtest_v12_engine (generic override propagation excluded); no causal Tradier consumer
WT_CHOP_MAX,3642,UNIQUE_QUICKCONFIG_FIELD_WITH_NON_SYNTHETIC_VECTOR_READ,BOTH_OR_UNRESOLVED,CONNECTED_CAUSAL_READ_SEMANTICS_UNVERIFIED,v12_quick_engine.py:6754:_exact_crypto_wt_entry_contract:attribute,CAUSAL_PATH_SEMANTICS_UNVERIFIED,backtest_v12_engine.py:5438:ez_manage.process_position;backtest_v12_engine.py:5897:ez_positions_quick.check_entry_candidates_for_account,CAUSAL_CONSUMER_SEMANTICS_UNVERIFIED,ez_positions_quick.py:2186:rate:getattr,GAP_NO_CAUSAL_CONSUMER,,,no reviewed exact vector/live semantic contract; no field-specific causal read in backtest_v12_engine (generic override propagation excluded); no causal Tradier consumer
WT_COMPOSITE_DELTA_GATE_ENABLED,3643,UNIQUE_QUICKCONFIG_FIELD_WITH_NON_SYNTHETIC_VECTOR_READ,BOTH_OR_UNRESOLVED,CONNECTED_CAUSAL_READ_SEMANTICS_UNVERIFIED,v12_quick_engine.py:6758:_exact_crypto_wt_entry_contract:attribute,CAUSAL_PATH_SEMANTICS_UNVERIFIED,backtest_v12_engine.py:5438:ez_manage.process_position;backtest_v12_engine.py:5897:ez_positions_quick.check_entry_candidates_for_account,CAUSAL_CONSUMER_SEMANTICS_UNVERIFIED,ez_positions_quick.py:2196:rate:getattr,GAP_NO_CAUSAL_CONSUMER,,,no reviewed exact vector/live semantic contract; no field-specific causal read in backtest_v12_engine (generic override propagation excluded); no causal Tradier consumer
WT_COMPOSITE_DELTA_LONG_MIN,3644,UNIQUE_QUICKCONFIG_FIELD_WITH_NON_SYNTHETIC_VECTOR_READ,BOTH_OR_UNRESOLVED,CONNECTED_CAUSAL_READ_SEMANTICS_UNVERIFIED,v12_quick_engine.py:6760:_exact_crypto_wt_entry_contract:attribute,CAUSAL_PATH_SEMANTICS_UNVERIFIED,backtest_v12_engine.py:5438:ez_manage.process_position;backtest_v12_engine.py:5897:ez_positions_quick.check_entry_candidates_for_account,CAUSAL_CONSUMER_SEMANTICS_UNVERIFIED,ez_positions_quick.py:2199:rate:getattr;ez_positions_quick.py:2200:rate:getattr,GAP_NO_CAUSAL_CONSUMER,,,no reviewed exact vector/live semantic contract; no field-specific causal read in backtest_v12_engine (generic override propagation excluded); no causal Tradier consumer
WT_COMPOSITE_DELTA_SCORE_BONUS,3648,UNIQUE_QUICKCONFIG_FIELD_WITH_NON_SYNTHETIC_VECTOR_READ,BOTH_OR_UNRESOLVED,CONNECTED_CAUSAL_READ_SEMANTICS_UNVERIFIED,v12_quick_engine.py:6833:_exact_crypto_wt_entry_contract:attribute,CAUSAL_PATH_SEMANTICS_UNVERIFIED,backtest_v12_engine.py:5438:ez_manage.process_position;backtest_v12_engine.py:5897:ez_positions_quick.check_entry_candidates_for_account,CAUSAL_CONSUMER_SEMANTICS_UNVERIFIED,ez_positions_quick.py:2486:rate:getattr,GAP_NO_CAUSAL_CONSUMER,,,no reviewed exact vector/live semantic contract; no field-specific causal read in backtest_v12_engine (generic override propagation excluded); no causal Tradier consumer
WT_COMPOSITE_DELTA_SCORE_ENABLED,3646,UNIQUE_QUICKCONFIG_FIELD_WITH_NON_SYNTHETIC_VECTOR_READ,BOTH_OR_UNRESOLVED,CONNECTED_CAUSAL_READ_SEMANTICS_UNVERIFIED,v12_quick_engine.py:6829:_exact_crypto_wt_entry_contract:attribute,CAUSAL_PATH_SEMANTICS_UNVERIFIED,backtest_v12_engine.py:5438:ez_manage.process_position;backtest_v12_engine.py:5897:ez_positions_quick.check_entry_candidates_for_account,CAUSAL_CONSUMER_SEMANTICS_UNVERIFIED,ez_positions_quick.py:2482:rate:getattr,GAP_NO_CAUSAL_CONSUMER,,,no reviewed exact vector/live semantic contract; no field-specific causal read in backtest_v12_engine (generic override propagation excluded); no causal Tradier consumer
WT_COMPOSITE_DELTA_SCORE_THRESHOLD,3647,UNIQUE_QUICKCONFIG_FIELD_WITH_NON_SYNTHETIC_VECTOR_READ,BOTH_OR_UNRESOLVED,CONNECTED_CAUSAL_READ_SEMANTICS_UNVERIFIED,v12_quick_engine.py:6830:_exact_crypto_wt_entry_contract:attribute,CAUSAL_PATH_SEMANTICS_UNVERIFIED,backtest_v12_engine.py:5438:ez_manage.process_position;backtest_v12_engine.py:5897:ez_positions_quick.check_entry_candidates_for_account,CAUSAL_CONSUMER_SEMANTICS_UNVERIFIED,ez_positions_quick.py:2485:rate:getattr,GAP_NO_CAUSAL_CONSUMER,,,no reviewed exact vector/live semantic contract; no field-specific causal read in backtest_v12_engine (generic override propagation excluded); no causal Tradier consumer
WT_COMPOSITE_DELTA_SHORT_MAX,3645,UNIQUE_QUICKCONFIG_FIELD_WITH_NON_SYNTHETIC_VECTOR_READ,BOTH_OR_UNRESOLVED,CONNECTED_CAUSAL_READ_SEMANTICS_UNVERIFIED,v12_quick_engine.py:6762:_exact_crypto_wt_entry_contract:attribute,CAUSAL_PATH_SEMANTICS_UNVERIFIED,backtest_v12_engine.py:5438:ez_manage.process_position;backtest_v12_engine.py:5897:ez_positions_quick.check_entry_candidates_for_account,CAUSAL_CONSUMER_SEMANTICS_UNVERIFIED,ez_positions_quick.py:2201:rate:getattr;ez_positions_quick.py:2202:rate:getattr,GAP_NO_CAUSAL_CONSUMER,,,no reviewed exact vector/live semantic contract; no field-specific causal read in backtest_v12_engine (generic override propagation excluded); no causal Tradier consumer
WT_COMPOSITE_ENTRY_BLOCK,3654,UNIQUE_QUICKCONFIG_FIELD_WITH_NON_SYNTHETIC_VECTOR_READ,BOTH_OR_UNRESOLVED,CONNECTED_CAUSAL_READ_SEMANTICS_UNVERIFIED,v12_quick_engine.py:6803:_exact_crypto_wt_entry_contract:attribute,CAUSAL_PATH_SEMANTICS_UNVERIFIED,backtest_v12_engine.py:5438:ez_manage.process_position;backtest_v12_engine.py:5897:ez_positions_quick.check_entry_candidates_for_account,CAUSAL_CONSUMER_SEMANTICS_UNVERIFIED,ez_positions_quick.py:2418:rate:getattr,GAP_NO_CAUSAL_CONSUMER,,,no reviewed exact vector/live semantic contract; no field-specific causal read in backtest_v12_engine (generic override propagation excluded); no causal Tradier consumer
WT_COMPOSITE_ENTRY_GOOD,3655,UNIQUE_QUICKCONFIG_FIELD_WITH_NON_SYNTHETIC_VECTOR_READ,BOTH_OR_UNRESOLVED,CONNECTED_CAUSAL_READ_SEMANTICS_UNVERIFIED,v12_quick_engine.py:6807:_exact_crypto_wt_entry_contract:attribute,CAUSAL_PATH_SEMANTICS_UNVERIFIED,backtest_v12_engine.py:5438:ez_manage.process_position;backtest_v12_engine.py:5897:ez_positions_quick.check_entry_candidates_for_account,CAUSAL_CONSUMER_SEMANTICS_UNVERIFIED,ez_positions_quick.py:2429:rate:getattr,GAP_NO_CAUSAL_CONSUMER,,,no reviewed exact vector/live semantic contract; no field-specific causal read in backtest_v12_engine (generic override propagation excluded); no causal Tradier consumer
WT_COMPOSITE_ENTRY_OK,3656,UNIQUE_QUICKCONFIG_FIELD_WITH_NON_SYNTHETIC_VECTOR_READ,BOTH_OR_UNRESOLVED,CONNECTED_CAUSAL_READ_SEMANTICS_UNVERIFIED,v12_quick_engine.py:6808:_exact_crypto_wt_entry_contract:attribute,CAUSAL_PATH_SEMANTICS_UNVERIFIED,backtest_v12_engine.py:5438:ez_manage.process_position;backtest_v12_engine.py:5897:ez_positions_quick.check_entry_candidates_for_account,CAUSAL_CONSUMER_SEMANTICS_UNVERIFIED,ez_positions_quick.py:2430:rate:getattr,GAP_NO_CAUSAL_CONSUMER,,,no reviewed exact vector/live semantic contract; no field-specific causal read in backtest_v12_engine (generic override propagation excluded); no causal Tradier consumer
WT_COMPOSITE_ENTRY_STRONG,3657,UNIQUE_QUICKCONFIG_FIELD_WITH_NON_SYNTHETIC_VECTOR_READ,BOTH_OR_UNRESOLVED,CONNECTED_CAUSAL_READ_SEMANTICS_UNVERIFIED,v12_quick_engine.py:6805:_exact_crypto_wt_entry_contract:attribute,CAUSAL_PATH_SEMANTICS_UNVERIFIED,backtest_v12_engine.py:5438:ez_manage.process_position;backtest_v12_engine.py:5897:ez_positions_quick.check_entry_candidates_for_account,CAUSAL_CONSUMER_SEMANTICS_UNVERIFIED,ez_positions_quick.py:2428:rate:getattr,GAP_NO_CAUSAL_CONSUMER,,,no reviewed exact vector/live semantic contract; no field-specific causal read in backtest_v12_engine (generic override propagation excluded); no causal Tradier consumer
WT_COMPOSITE_HTF_GATE,3658,UNIQUE_QUICKCONFIG_FIELD_WITH_NON_SYNTHETIC_VECTOR_READ,BOTH_OR_UNRESOLVED,CONNECTED_CAUSAL_READ_SEMANTICS_UNVERIFIED,v12_quick_engine.py:6802:_exact_crypto_wt_entry_contract:attribute,CAUSAL_PATH_SEMANTICS_UNVERIFIED,backtest_v12_engine.py:5438:ez_manage.process_position;backtest_v12_engine.py:5897:ez_positions_quick.check_entry_candidates_for_account,CAUSAL_CONSUMER_SEMANTICS_UNVERIFIED,ez_positions_quick.py:2403:rate:getattr,GAP_NO_CAUSAL_CONSUMER,,,no reviewed exact vector/live semantic contract; no field-specific causal read in backtest_v12_engine (generic override propagation excluded); no causal Tradier consumer
WT_COMPOSITE_SCORING_ENABLED,3566,UNIQUE_QUICKCONFIG_FIELD_WITH_NON_SYNTHETIC_VECTOR_READ,BOTH_OR_UNRESOLVED,CONNECTED_CAUSAL_READ_SEMANTICS_UNVERIFIED,v12_quick_engine.py:6540:_tradier_signal_score_family:getattr;v12_quick_engine.py:6799:_exact_crypto_wt_entry_contract:attribute,CAUSAL_PATH_SEMANTICS_UNVERIFIED,backtest_v12_engine.py:5438:ez_manage.process_position;backtest_v12_engine.py:5897:ez_positions_quick.check_entry_candidates_for_account;backtest_v12_engine.py:6694:run_simulation_tradier imports and runs tradier_manage,CAUSAL_CONSUMER_SEMANTICS_UNVERIFIED,ez_positions_quick.py:2402:rate:getattr,CAUSAL_CONSUMER_SEMANTICS_UNVERIFIED,tradier_manage.py:11199:calculate_signal_score:getattr,,no reviewed exact vector/live semantic contract; no field-specific causal read in backtest_v12_engine (generic override propagation excluded)
WT_COMPOSITE_SCORING_ENABLED_TRADIER,4326,UNIQUE_QUICKCONFIG_FIELD_WITH_NON_SYNTHETIC_VECTOR_READ,TRADIER_ONLY_EXPLICIT_NAME,CONNECTED_EXACT_REVIEWED,v12_quick_engine.py:6376:_tradier_signal_score_family:attribute;v12_quick_engine.py:6540:_tradier_signal_score_family:attribute,EXACT_LIVE_DELEGATED_OR_DIRECT_PATH,backtest_v12_engine.py:6694:run_simulation_tradier imports and runs tradier_manage,N_A_EXPLICIT_TRADIER_FIELD,,EXACT_CAUSAL_CONSUMER,tradier_manage.py:11199:calculate_signal_score:getattr;tradier_manage.py:7887:process_position:_cfg,WT alignment/composite gate plus score/divergence components,backtest reaches reviewed live consumer by delegation rather than a duplicate predicate
WT_CROSSUNDER_FINAL_ENABLED,3517,UNIQUE_QUICKCONFIG_FIELD_WITH_NON_SYNTHETIC_VECTOR_READ,BOTH_OR_UNRESOLVED,CONNECTED_CAUSAL_READ_SEMANTICS_UNVERIFIED,v12_quick_engine.py:7519:compute_exit_signals:attribute,CAUSAL_PATH_SEMANTICS_UNVERIFIED,backtest_v12_engine.py:7456:_v8_execute_trade_action:getattr;backtest_v12_engine.py:8691:_v8_execute_now:getattr;backtest_v12_engine.py:9243:_v8_gated_evaluate_stop:getattr,GAP_NO_CAUSAL_CONSUMER,,GAP_NO_CAUSAL_CONSUMER,,,no reviewed exact vector/live semantic contract; no causal EZ crypto consumer; no causal Tradier consumer
WT_DC_HTF_GATE,5089,UNIQUE_QUICKCONFIG_FIELD_WITH_NON_SYNTHETIC_VECTOR_READ,BOTH_OR_UNRESOLVED,CONNECTED_CAUSAL_READ_SEMANTICS_UNVERIFIED,v12_quick_engine.py:7066:compute_entry_signals:getattr,CAUSAL_PATH_SEMANTICS_UNVERIFIED,backtest_v12_engine.py:6694:run_simulation_tradier imports and runs tradier_manage,GAP_NO_CAUSAL_CONSUMER,,CAUSAL_CONSUMER_SEMANTICS_UNVERIFIED,tradier_manage.py:14378:evaluate_open:_cfg;tradier_manage.py:7332:process_position:_cfg_auto,,no reviewed exact vector/live semantic contract; no field-specific causal read in backtest_v12_engine (generic override propagation excluded); no causal EZ crypto consumer
WT_DC_LONG_ENABLED,5090,UNIQUE_QUICKCONFIG_FIELD_WITH_NON_SYNTHETIC_VECTOR_READ,BOTH_OR_UNRESOLVED,CONNECTED_CAUSAL_READ_SEMANTICS_UNVERIFIED,v12_quick_engine.py:7055:compute_entry_signals:getattr,CAUSAL_PATH_SEMANTICS_UNVERIFIED,backtest_v12_engine.py:10589:run_simulation_tradier:_cfg;backtest_v12_engine.py:10596:run_simulation_tradier:getattr;backtest_v12_engine.py:5438:ez_manage.process_position;backtest_v12_engine.py:5897:ez_positions_quick.check_entry_candidates_for_account,CAUSAL_CONSUMER_SEMANTICS_UNVERIFIED,ez_positions_quick.py:2102:rate:getattr,GAP_NO_CAUSAL_CONSUMER,,,no reviewed exact vector/live semantic contract; no causal Tradier consumer
WT_DC_SHORT_ENABLED,5091,UNIQUE_QUICKCONFIG_FIELD_WITH_NON_SYNTHETIC_VECTOR_READ,BOTH_OR_UNRESOLVED,CONNECTED_CAUSAL_READ_SEMANTICS_UNVERIFIED,v12_quick_engine.py:7060:compute_entry_signals:getattr,CAUSAL_PATH_SEMANTICS_UNVERIFIED,backtest_v12_engine.py:10592:run_simulation_tradier:_cfg;backtest_v12_engine.py:10599:run_simulation_tradier:getattr;backtest_v12_engine.py:5438:ez_manage.process_position;backtest_v12_engine.py:5897:ez_positions_quick.check_entry_candidates_for_account,CAUSAL_CONSUMER_SEMANTICS_UNVERIFIED,ez_positions_quick.py:2104:rate:getattr,GAP_NO_CAUSAL_CONSUMER,,,no reviewed exact vector/live semantic contract; no causal Tradier consumer
WT_DIV_ENTRY_GATE_ENABLED,3650,UNIQUE_QUICKCONFIG_FIELD_WITH_NON_SYNTHETIC_VECTOR_READ,BOTH_OR_UNRESOLVED,CONNECTED_CAUSAL_READ_SEMANTICS_UNVERIFIED,v12_quick_engine.py:6771:_exact_crypto_wt_entry_contract:attribute,CAUSAL_PATH_SEMANTICS_UNVERIFIED,backtest_v12_engine.py:5438:ez_manage.process_position;backtest_v12_engine.py:5897:ez_positions_quick.check_entry_candidates_for_account,CAUSAL_CONSUMER_SEMANTICS_UNVERIFIED,ez_positions_quick.py:2220:rate:getattr,GAP_NO_CAUSAL_CONSUMER,,,no reviewed exact vector/live semantic contract; no field-specific causal read in backtest_v12_engine (generic override propagation excluded); no causal Tradier consumer
WT_DIV_EXIT_ENABLED,3521,UNIQUE_QUICKCONFIG_FIELD_WITH_NON_SYNTHETIC_VECTOR_READ,BOTH_OR_UNRESOLVED,CONNECTED_EXACT_REVIEWED,v12_quick_engine.py:7393:_wt_technical_exit_masks:attribute,EXACT_LIVE_DELEGATED_OR_DIRECT_PATH,backtest_v12_engine.py:5438:ez_manage.process_position;backtest_v12_engine.py:5897:ez_positions_quick.check_entry_candidates_for_account;backtest_v12_engine.py:6694:run_simulation_tradier imports and runs tradier_manage,EXACT_CAUSAL_CONSUMER,ez_manage.py:51891:_ensure_ez_all:getattr,EXACT_CAUSAL_CONSUMER,tradier_manage.py:12233:evaluate_multi_tf_exit:_cfg_auto;tradier_manage.py:789:_v12_wt_exit_reason:resolver,opposite-bias WT divergence exit parent gate,backtest reaches reviewed live consumer by delegation rather than a duplicate predicate
WT_DIV_EXIT_MOM_TF,3524,UNIQUE_QUICKCONFIG_FIELD_WITH_NON_SYNTHETIC_VECTOR_READ,BOTH_OR_UNRESOLVED,CONNECTED_EXACT_REVIEWED,v12_quick_engine.py:7394:_wt_technical_exit_masks:attribute,EXACT_LIVE_DELEGATED_OR_DIRECT_PATH,backtest_v12_engine.py:6694:run_simulation_tradier imports and runs tradier_manage,GAP_NO_CAUSAL_CONSUMER,,EXACT_CAUSAL_CONSUMER,tradier_manage.py:771:_v12_wt_exit_reason:resolver,native timeframe selector for divergence exhaustion confirmation,no causal EZ crypto consumer; backtest reaches reviewed live consumer by delegation rather than a duplicate predicate
WT_DIV_EXIT_REQUIRE_EXHAUST,3523,UNIQUE_QUICKCONFIG_FIELD_WITH_NON_SYNTHETIC_VECTOR_READ,BOTH_OR_UNRESOLVED,CONNECTED_EXACT_REVIEWED,v12_quick_engine.py:7394:_wt_technical_exit_masks:attribute,EXACT_LIVE_DELEGATED_OR_DIRECT_PATH,backtest_v12_engine.py:6694:run_simulation_tradier imports and runs tradier_manage,GAP_NO_CAUSAL_CONSUMER,,EXACT_CAUSAL_CONSUMER,tradier_manage.py:770:_v12_wt_exit_reason:resolver,optionally require side-specific WT momentum exhaustion with divergence,no causal EZ crypto consumer; backtest reaches reviewed live consumer by delegation rather than a duplicate predicate
WT_DIV_EXIT_TF,3522,UNIQUE_QUICKCONFIG_FIELD_WITH_NON_SYNTHETIC_VECTOR_READ,BOTH_OR_UNRESOLVED,CONNECTED_EXACT_REVIEWED,v12_quick_engine.py:7393:_wt_technical_exit_masks:attribute,EXACT_LIVE_DELEGATED_OR_DIRECT_PATH,backtest_v12_engine.py:6694:run_simulation_tradier imports and runs tradier_manage,GAP_NO_CAUSAL_CONSUMER,,EXACT_CAUSAL_CONSUMER,tradier_manage.py:769:_v12_wt_exit_reason:resolver,native timeframe selector for opposite-bias WT divergence,no causal EZ crypto consumer; backtest reaches reviewed live consumer by delegation rather than a duplicate predicate
WT_ENTRY_ENABLED,3449,UNIQUE_QUICKCONFIG_FIELD_WITH_NON_SYNTHETIC_VECTOR_READ,BOTH_OR_UNRESOLVED,CONNECTED_CAUSAL_READ_SEMANTICS_UNVERIFIED,v12_quick_engine.py:5880:compute_reentry_blocks:getattr,CAUSAL_PATH_SEMANTICS_UNVERIFIED,backtest_v12_engine.py:6854:run_simulation_tradier:getattr;backtest_v12_engine.py:6694:run_simulation_tradier imports and runs tradier_manage,GAP_NO_CAUSAL_CONSUMER,,CAUSAL_CONSUMER_SEMANTICS_UNVERIFIED,tradier_manage.py:7730:process_position:_cfg_auto,,no reviewed exact vector/live semantic contract; no causal EZ crypto consumer
WT_EXHAUST_ENTRY_GATE_ENABLED,3649,UNIQUE_QUICKCONFIG_FIELD_WITH_NON_SYNTHETIC_VECTOR_READ,BOTH_OR_UNRESOLVED,CONNECTED_CAUSAL_READ_SEMANTICS_UNVERIFIED,v12_quick_engine.py:6764:_exact_crypto_wt_entry_contract:attribute,CAUSAL_PATH_SEMANTICS_UNVERIFIED,backtest_v12_engine.py:5438:ez_manage.process_position;backtest_v12_engine.py:5897:ez_positions_quick.check_entry_candidates_for_account,CAUSAL_CONSUMER_SEMANTICS_UNVERIFIED,ez_positions_quick.py:2204:rate:getattr,GAP_NO_CAUSAL_CONSUMER,,,no reviewed exact vector/live semantic contract; no field-specific causal read in backtest_v12_engine (generic override propagation excluded); no causal Tradier consumer
WT_EXHAUST_EXIT_ENABLED,3533,UNIQUE_QUICKCONFIG_FIELD_WITH_NON_SYNTHETIC_VECTOR_READ,BOTH_OR_UNRESOLVED,CONNECTED_EXACT_REVIEWED,v12_quick_engine.py:7399:_wt_technical_exit_masks:attribute,EXACT_LIVE_DELEGATED_OR_DIRECT_PATH,backtest_v12_engine.py:5438:ez_manage.process_position;backtest_v12_engine.py:5897:ez_positions_quick.check_entry_candidates_for_account;backtest_v12_engine.py:6694:run_simulation_tradier imports and runs tradier_manage,EXACT_CAUSAL_CONSUMER,ez_manage.py:43326:process_position:getattr,EXACT_CAUSAL_CONSUMER,tradier_manage.py:814:_v12_wt_exit_reason:resolver,WT exhaustion exit parent gate,backtest reaches reviewed live consumer by delegation rather than a duplicate predicate
WT_EXHAUST_EXIT_MIN_TFS,3534,UNIQUE_QUICKCONFIG_FIELD_WITH_NON_SYNTHETIC_VECTOR_READ,BOTH_OR_UNRESOLVED,CONNECTED_EXACT_REVIEWED,v12_quick_engine.py:7399:_wt_technical_exit_masks:attribute,EXACT_LIVE_DELEGATED_OR_DIRECT_PATH,backtest_v12_engine.py:6694:run_simulation_tradier imports and runs tradier_manage,GAP_NO_CAUSAL_CONSUMER,,EXACT_CAUSAL_CONSUMER,tradier_manage.py:12338:evaluate_multi_tf_exit:_cfg_auto;tradier_manage.py:12339:evaluate_multi_tf_exit:_cfg_auto;tradier_manage.py:815:_v12_wt_exit_reason:resolver,"configured exhaustion vote minimum, with zero retaining 4h AND (1h OR 15m)",no causal EZ crypto consumer; backtest reaches reviewed live consumer by delegation rather than a duplicate predicate
WT_EXHAUST_EXIT_TFS,3535,UNIQUE_QUICKCONFIG_FIELD_WITH_NON_SYNTHETIC_VECTOR_READ,BOTH_OR_UNRESOLVED,CONNECTED_EXACT_REVIEWED,v12_quick_engine.py:7400:_wt_technical_exit_masks:attribute,EXACT_LIVE_DELEGATED_OR_DIRECT_PATH,backtest_v12_engine.py:6694:run_simulation_tradier imports and runs tradier_manage,GAP_NO_CAUSAL_CONSUMER,,EXACT_CAUSAL_CONSUMER,tradier_manage.py:783:_v12_wt_exit_reason:resolver,exact native timeframe set for configured WT exhaustion votes,no causal EZ crypto consumer; backtest reaches reviewed live consumer by delegation rather than a duplicate predicate
WT_EXIT_MIN_TFS,3518,UNIQUE_QUICKCONFIG_FIELD_WITH_NON_SYNTHETIC_VECTOR_READ,BOTH_OR_UNRESOLVED,CONNECTED_EXACT_REVIEWED,v12_quick_engine.py:7460:compute_exit_signals:attribute,EXACT_LIVE_DELEGATED_OR_DIRECT_PATH,backtest_v12_engine.py:6694:run_simulation_tradier imports and runs tradier_manage,GAP_NO_CAUSAL_CONSUMER,,EXACT_CAUSAL_CONSUMER,tradier_manage.py:786:_v12_wt_exit_reason:resolver,minimum against-position WT votes for the DC/BB edge delta exit,no causal EZ crypto consumer; backtest reaches reviewed live consumer by delegation rather than a duplicate predicate
WT_MOMENTUM_EXIT_ENABLED,3530,UNIQUE_QUICKCONFIG_FIELD_WITH_NON_SYNTHETIC_VECTOR_READ,BOTH_OR_UNRESOLVED,CONNECTED_EXACT_REVIEWED,v12_quick_engine.py:7397:_wt_technical_exit_masks:attribute,EXACT_LIVE_DELEGATED_OR_DIRECT_PATH,backtest_v12_engine.py:5438:ez_manage.process_position;backtest_v12_engine.py:5897:ez_positions_quick.check_entry_candidates_for_account;backtest_v12_engine.py:6694:run_simulation_tradier imports and runs tradier_manage,EXACT_CAUSAL_CONSUMER,ez_manage.py:51893:_ensure_ez_all:getattr,EXACT_CAUSAL_CONSUMER,tradier_manage.py:12332:evaluate_multi_tf_exit:_cfg_auto;tradier_manage.py:807:_v12_wt_exit_reason:resolver,multi-timeframe side-specific WT exhaustion exit parent gate,backtest reaches reviewed live consumer by delegation rather than a duplicate predicate
WT_MOMENTUM_EXIT_TFS,3532,UNIQUE_QUICKCONFIG_FIELD_WITH_NON_SYNTHETIC_VECTOR_READ,BOTH_OR_UNRESOLVED,CONNECTED_EXACT_REVIEWED,v12_quick_engine.py:7398:_wt_technical_exit_masks:attribute,EXACT_LIVE_DELEGATED_OR_DIRECT_PATH,backtest_v12_engine.py:6694:run_simulation_tradier imports and runs tradier_manage,GAP_NO_CAUSAL_CONSUMER,,EXACT_CAUSAL_CONSUMER,tradier_manage.py:779:_v12_wt_exit_reason:resolver,exact native timeframe set for WT momentum-exhaustion votes,no causal EZ crypto consumer; backtest reaches reviewed live consumer by delegation rather than a duplicate predicate
WT_MOMENTUM_EXIT_THRESHOLD,3531,UNIQUE_QUICKCONFIG_FIELD_WITH_NON_SYNTHETIC_VECTOR_READ,BOTH_OR_UNRESOLVED,CONNECTED_EXACT_REVIEWED,v12_quick_engine.py:7398:_wt_technical_exit_masks:attribute,EXACT_LIVE_DELEGATED_OR_DIRECT_PATH,backtest_v12_engine.py:6694:run_simulation_tradier imports and runs tradier_manage,GAP_NO_CAUSAL_CONSUMER,,EXACT_CAUSAL_CONSUMER,tradier_manage.py:12333:evaluate_multi_tf_exit:_cfg_auto;tradier_manage.py:808:_v12_wt_exit_reason:resolver,minimum configured native timeframes in the side-specific exhaustion state,no causal EZ crypto consumer; backtest reaches reviewed live consumer by delegation rather than a duplicate predicate
WT_MTF_VEL_GATE_ENABLED,3639,UNIQUE_QUICKCONFIG_FIELD_WITH_NON_SYNTHETIC_VECTOR_READ,BOTH_OR_UNRESOLVED,CONNECTED_CAUSAL_READ_SEMANTICS_UNVERIFIED,v12_quick_engine.py:6740:_exact_crypto_wt_entry_contract:attribute,CAUSAL_PATH_SEMANTICS_UNVERIFIED,backtest_v12_engine.py:5438:ez_manage.process_position;backtest_v12_engine.py:5897:ez_positions_quick.check_entry_candidates_for_account,CAUSAL_CONSUMER_SEMANTICS_UNVERIFIED,ez_positions_quick.py:2176:rate:getattr,GAP_NO_CAUSAL_CONSUMER,,,no reviewed exact vector/live semantic contract; no field-specific causal read in backtest_v12_engine (generic override propagation excluded); no causal Tradier consumer
WT_MTF_VEL_MIN,3640,UNIQUE_QUICKCONFIG_FIELD_WITH_NON_SYNTHETIC_VECTOR_READ,BOTH_OR_UNRESOLVED,CONNECTED_CAUSAL_READ_SEMANTICS_UNVERIFIED,v12_quick_engine.py:6745:_exact_crypto_wt_entry_contract:attribute,CAUSAL_PATH_SEMANTICS_UNVERIFIED,backtest_v12_engine.py:5438:ez_manage.process_position;backtest_v12_engine.py:5897:ez_positions_quick.check_entry_candidates_for_account,CAUSAL_CONSUMER_SEMANTICS_UNVERIFIED,ez_positions_quick.py:2177:rate:getattr,GAP_NO_CAUSAL_CONSUMER,,,no reviewed exact vector/live semantic contract; no field-specific causal read in backtest_v12_engine (generic override propagation excluded); no causal Tradier consumer
WT_PERCENTILE_ENTRY_GATE_ENABLED,3620,UNIQUE_QUICKCONFIG_FIELD_WITH_NON_SYNTHETIC_VECTOR_READ,BOTH_OR_UNRESOLVED,CONNECTED_CAUSAL_READ_SEMANTICS_UNVERIFIED,v12_quick_engine.py:6646:_exact_entry_contract_masks:attribute,CAUSAL_PATH_SEMANTICS_UNVERIFIED,backtest_v12_engine.py:5438:ez_manage.process_position;backtest_v12_engine.py:5897:ez_positions_quick.check_entry_candidates_for_account,CAUSAL_CONSUMER_SEMANTICS_UNVERIFIED,ez_positions_quick.py:2212:rate:getattr,GAP_NO_CAUSAL_CONSUMER,,,no reviewed exact vector/live semantic contract; no field-specific causal read in backtest_v12_engine (generic override propagation excluded); no causal Tradier consumer
WT_PERCENTILE_ENTRY_OB_D,3621,UNIQUE_QUICKCONFIG_FIELD_WITH_NON_SYNTHETIC_VECTOR_READ,BOTH_OR_UNRESOLVED,CONNECTED_CAUSAL_READ_SEMANTICS_UNVERIFIED,v12_quick_engine.py:6649:_exact_entry_contract_masks:attribute,CAUSAL_PATH_SEMANTICS_UNVERIFIED,backtest_v12_engine.py:5438:ez_manage.process_position;backtest_v12_engine.py:5897:ez_positions_quick.check_entry_candidates_for_account,CAUSAL_CONSUMER_SEMANTICS_UNVERIFIED,ez_positions_quick.py:2215:rate:getattr,GAP_NO_CAUSAL_CONSUMER,,,no reviewed exact vector/live semantic contract; no field-specific causal read in backtest_v12_engine (generic override propagation excluded); no causal Tradier consumer
WT_PERCENTILE_ENTRY_OS_D,3622,UNIQUE_QUICKCONFIG_FIELD_WITH_NON_SYNTHETIC_VECTOR_READ,BOTH_OR_UNRESOLVED,CONNECTED_CAUSAL_READ_SEMANTICS_UNVERIFIED,v12_quick_engine.py:6651:_exact_entry_contract_masks:attribute,CAUSAL_PATH_SEMANTICS_UNVERIFIED,backtest_v12_engine.py:5438:ez_manage.process_position;backtest_v12_engine.py:5897:ez_positions_quick.check_entry_candidates_for_account,CAUSAL_CONSUMER_SEMANTICS_UNVERIFIED,ez_positions_quick.py:2217:rate:getattr,GAP_NO_CAUSAL_CONSUMER,,,no reviewed exact vector/live semantic contract; no field-specific causal read in backtest_v12_engine (generic override propagation excluded); no causal Tradier consumer
WT_TF_15M_ENABLED,5206,UNIQUE_QUICKCONFIG_FIELD_WITH_NON_SYNTHETIC_VECTOR_READ,BOTH_OR_UNRESOLVED,CONNECTED_EXACT_REVIEWED,v12_quick_engine.py:7283:compute_entry_signals:attribute,EXACT_LIVE_DELEGATED_OR_DIRECT_PATH,backtest_v12_engine.py:6694:run_simulation_tradier imports and runs tradier_manage,GAP_NO_CAUSAL_CONSUMER,,EXACT_CAUSAL_CONSUMER,tradier_manage.py:699:_v12_optional_tf_entry_claim:_cfg,OR entry on the exact persisted side-aware 15m WT cross event,no causal EZ crypto consumer; backtest reaches reviewed live consumer by delegation rather than a duplicate predicate
WT_TF_1H_ENABLED,5207,UNIQUE_QUICKCONFIG_FIELD_WITH_NON_SYNTHETIC_VECTOR_READ,BOTH_OR_UNRESOLVED,CONNECTED_EXACT_REVIEWED,v12_quick_engine.py:7285:compute_entry_signals:attribute,EXACT_LIVE_DELEGATED_OR_DIRECT_PATH,backtest_v12_engine.py:6694:run_simulation_tradier imports and runs tradier_manage,GAP_NO_CAUSAL_CONSUMER,,EXACT_CAUSAL_CONSUMER,tradier_manage.py:700:_v12_optional_tf_entry_claim:_cfg,OR entry on the exact persisted side-aware 1h WT cross event,no causal EZ crypto consumer; backtest reaches reviewed live consumer by delegation rather than a duplicate predicate
WT_TF_3M_ENABLED,5204,UNIQUE_QUICKCONFIG_FIELD_WITH_NON_SYNTHETIC_VECTOR_READ,BOTH_OR_UNRESOLVED,CONNECTED_EXACT_REVIEWED,v12_quick_engine.py:7279:compute_entry_signals:attribute,EXACT_LIVE_DELEGATED_OR_DIRECT_PATH,backtest_v12_engine.py:6694:run_simulation_tradier imports and runs tradier_manage,GAP_NO_CAUSAL_CONSUMER,,EXACT_CAUSAL_CONSUMER,tradier_manage.py:697:_v12_optional_tf_entry_claim:_cfg,OR entry on the exact persisted side-aware 3m WT cross event,no causal EZ crypto consumer; backtest reaches reviewed live consumer by delegation rather than a duplicate predicate
WT_TF_4H_ENABLED,5208,UNIQUE_QUICKCONFIG_FIELD_WITH_NON_SYNTHETIC_VECTOR_READ,BOTH_OR_UNRESOLVED,CONNECTED_EXACT_REVIEWED,v12_quick_engine.py:7287:compute_entry_signals:attribute,EXACT_LIVE_DELEGATED_OR_DIRECT_PATH,backtest_v12_engine.py:6694:run_simulation_tradier imports and runs tradier_manage,GAP_NO_CAUSAL_CONSUMER,,EXACT_CAUSAL_CONSUMER,tradier_manage.py:701:_v12_optional_tf_entry_claim:_cfg,OR entry on the exact persisted side-aware 4h WT cross event,no causal EZ crypto consumer; backtest reaches reviewed live consumer by delegation rather than a duplicate predicate
WT_TF_5M_ENABLED,5205,UNIQUE_QUICKCONFIG_FIELD_WITH_NON_SYNTHETIC_VECTOR_READ,BOTH_OR_UNRESOLVED,CONNECTED_EXACT_REVIEWED,v12_quick_engine.py:7281:compute_entry_signals:attribute,EXACT_LIVE_DELEGATED_OR_DIRECT_PATH,backtest_v12_engine.py:6694:run_simulation_tradier imports and runs tradier_manage,GAP_NO_CAUSAL_CONSUMER,,EXACT_CAUSAL_CONSUMER,tradier_manage.py:698:_v12_optional_tf_entry_claim:_cfg,OR entry on the exact persisted side-aware 5m WT cross event,no causal EZ crypto consumer; backtest reaches reviewed live consumer by delegation rather than a duplicate predicate
WT_TF_D_ENABLED,5209,UNIQUE_QUICKCONFIG_FIELD_WITH_NON_SYNTHETIC_VECTOR_READ,BOTH_OR_UNRESOLVED,CONNECTED_EXACT_REVIEWED,v12_quick_engine.py:7289:compute_entry_signals:attribute,EXACT_LIVE_DELEGATED_OR_DIRECT_PATH,backtest_v12_engine.py:6694:run_simulation_tradier imports and runs tradier_manage,GAP_NO_CAUSAL_CONSUMER,,EXACT_CAUSAL_CONSUMER,tradier_manage.py:702:_v12_optional_tf_entry_claim:_cfg,OR entry on the exact persisted side-aware daily WT cross event,no causal EZ crypto consumer; backtest reaches reviewed live consumer by delegation rather than a duplicate predicate
WT_VEL_DECAY_EXIT_ENABLED,4042,UNIQUE_QUICKCONFIG_FIELD_WITH_NON_SYNTHETIC_VECTOR_READ,BOTH_OR_UNRESOLVED,CONNECTED_CAUSAL_READ_SEMANTICS_UNVERIFIED,v12_quick_engine.py:7469:compute_exit_signals:getattr,CAUSAL_PATH_SEMANTICS_UNVERIFIED,backtest_v12_engine.py:6694:run_simulation_tradier imports and runs tradier_manage,GAP_NO_CAUSAL_CONSUMER,,CAUSAL_CONSUMER_SEMANTICS_UNVERIFIED,tradier_manage.py:13715:evaluate_stop:_cfg_auto,,no reviewed exact vector/live semantic contract; no field-specific causal read in backtest_v12_engine (generic override propagation excluded); no causal EZ crypto consumer
WT_VEL_DECAY_THRESHOLD,4043,UNIQUE_QUICKCONFIG_FIELD_WITH_NON_SYNTHETIC_VECTOR_READ,BOTH_OR_UNRESOLVED,CONNECTED_CAUSAL_READ_SEMANTICS_UNVERIFIED,v12_quick_engine.py:7470:compute_exit_signals:getattr,CAUSAL_PATH_SEMANTICS_UNVERIFIED,backtest_v12_engine.py:6694:run_simulation_tradier imports and runs tradier_manage,GAP_NO_CAUSAL_CONSUMER,,CAUSAL_CONSUMER_SEMANTICS_UNVERIFIED,tradier_manage.py:13717:evaluate_stop:_cfg_auto,,no reviewed exact vector/live semantic contract; no field-specific causal read in backtest_v12_engine (generic override propagation excluded); no causal EZ crypto consumer
