field,classification,connected_crypto,connected_tradier,source_venue_applicability,family,lifecycle_consumers,exact_native_tf_crypto,exact_native_tf_tradier,required_npz_arrays,timeframe_applicability,v12_causal_read_sites,integrated_contract_sites,classification_reason,current_quickconfig_presence_not_used_as_credit,prior_vector_census_not_used_as_credit,prior_live_census_not_used_as_credit,engine_sha256
ABLATION_DISABLE_FAST_RISER,UNCONNECTED,False,False,BOTH,GLOBAL,,N/A_NOT_CONNECTED,N/A_NOT_CONNECTED,[],"[""ANY_AVAILABLE""]",[],[],no trusted frozen-engine lifecycle read and no imported+consumed SOURCE_EXACT contract,False,False,True,4fc946b596d2095932637bc191f64c85d4bcd7d107c4598f7f20a2e00c447cf8
ABLATION_DISABLE_SCALP_GUARD,UNCONNECTED,False,False,BOTH,FILTER,,N/A_NOT_CONNECTED,N/A_NOT_CONNECTED,[],"[""ANY_AVAILABLE""]",[],[],no trusted frozen-engine lifecycle read and no imported+consumed SOURCE_EXACT contract,False,False,True,4fc946b596d2095932637bc191f64c85d4bcd7d107c4598f7f20a2e00c447cf8
ADAPTIVE_REGIME_DC_BREAKDOWN_THRESHOLD,UNCONNECTED,False,False,BOTH,ADAPTIVE_REGIME_DC,,N/A_NOT_CONNECTED,N/A_NOT_CONNECTED,"[""dc_basis_{tf}"",""dc_high_{tf}"",""dc_low_{tf}""]","[""ANY_AVAILABLE""]",[],[],no trusted frozen-engine lifecycle read and no imported+consumed SOURCE_EXACT contract,False,False,False,4fc946b596d2095932637bc191f64c85d4bcd7d107c4598f7f20a2e00c447cf8
ADAPTIVE_REGIME_DC_BREAKOUT_THRESHOLD,UNCONNECTED,False,False,BOTH,ADAPTIVE_REGIME_DC,,N/A_NOT_CONNECTED,N/A_NOT_CONNECTED,"[""dc_basis_{tf}"",""dc_high_{tf}"",""dc_low_{tf}""]","[""ANY_AVAILABLE""]",[],[],no trusted frozen-engine lifecycle read and no imported+consumed SOURCE_EXACT contract,False,False,False,4fc946b596d2095932637bc191f64c85d4bcd7d107c4598f7f20a2e00c447cf8
ADAPTIVE_REGIME_DECAY_HALFLIFE_H,UNCONNECTED,False,False,BOTH,ADAPTIVE_REGIME_DECAY,,N/A_NOT_CONNECTED,N/A_NOT_CONNECTED,[],"[""ANY_AVAILABLE""]",[],[],no trusted frozen-engine lifecycle read and no imported+consumed SOURCE_EXACT contract,False,False,False,4fc946b596d2095932637bc191f64c85d4bcd7d107c4598f7f20a2e00c447cf8
ADAPTIVE_REGIME_HEAT_TRIGGER,UNCONNECTED,False,False,BOTH,ADAPTIVE_REGIME_HEAT,,N/A_NOT_CONNECTED,N/A_NOT_CONNECTED,[],"[""ANY_AVAILABLE""]",[],[],no trusted frozen-engine lifecycle read and no imported+consumed SOURCE_EXACT contract,False,False,False,4fc946b596d2095932637bc191f64c85d4bcd7d107c4598f7f20a2e00c447cf8
ADAPTIVE_REGIME_LOOKBACK_DAYS,UNCONNECTED,False,False,BOTH,ADAPTIVE_REGIME_LOOKBACK,,N/A_NOT_CONNECTED,N/A_NOT_CONNECTED,[],"[""ANY_AVAILABLE""]",[],[],no trusted frozen-engine lifecycle read and no imported+consumed SOURCE_EXACT contract,False,False,False,4fc946b596d2095932637bc191f64c85d4bcd7d107c4598f7f20a2e00c447cf8
ADAPTIVE_REGIME_MIN_SIGNALS,UNCONNECTED,False,False,BOTH,ADAPTIVE_REGIME_MIN,,N/A_NOT_CONNECTED,N/A_NOT_CONNECTED,[],"[""ANY_AVAILABLE""]",[],[],no trusted frozen-engine lifecycle read and no imported+consumed SOURCE_EXACT contract,False,False,False,4fc946b596d2095932637bc191f64c85d4bcd7d107c4598f7f20a2e00c447cf8
ADAPTIVE_REGIME_NPZ_CACHE_HOURS,UNCONNECTED,False,False,BOTH,ADAPTIVE_REGIME_NPZ,,N/A_NOT_CONNECTED,N/A_NOT_CONNECTED,[],"[""ANY_AVAILABLE""]",[],[],no trusted frozen-engine lifecycle read and no imported+consumed SOURCE_EXACT contract,False,False,False,4fc946b596d2095932637bc191f64c85d4bcd7d107c4598f7f20a2e00c447cf8
ADAPTIVE_REGIME_SHARPE_FLOOR,UNCONNECTED,False,False,BOTH,ADAPTIVE_REGIME_SHARPE,,N/A_NOT_CONNECTED,N/A_NOT_CONNECTED,[],"[""ANY_AVAILABLE""]",[],[],no trusted frozen-engine lifecycle read and no imported+consumed SOURCE_EXACT contract,False,False,False,4fc946b596d2095932637bc191f64c85d4bcd7d107c4598f7f20a2e00c447cf8
AGGRESSIVE_LOSS_CUT_ENABLED,UNCONNECTED,False,False,BOTH,AGGRESSIVE_LOSS_CUT,,N/A_NOT_CONNECTED,N/A_NOT_CONNECTED,[],"[""ANY_AVAILABLE""]",[],[],no trusted frozen-engine lifecycle read and no imported+consumed SOURCE_EXACT contract,False,True,False,4fc946b596d2095932637bc191f64c85d4bcd7d107c4598f7f20a2e00c447cf8
ALL_TF_AGAINST_CLOSE_ENABLED,CONNECTED_CRYPTO,True,False,BOTH,EXIT,EXIT,native=3m;required=3m|15m|1h|4h|D,N/A_NOT_CONNECTED,"[""close_{tf}"",""high_{tf}"",""low_{tf}""]","[""ANY_AVAILABLE""]",[],"[""v12_exit_reduce_gap_batch2:data/reports/V12_EXIT_REDUCE_STOP_GAP_BATCH2_CONTRACT.csv""]",trusted causal route is crypto-native/source-scoped; no Tradier connection credit,False,True,True,4fc946b596d2095932637bc191f64c85d4bcd7d107c4598f7f20a2e00c447cf8
ALL_TF_AGAINST_CLOSE_MIN_TFS,CONNECTED_CRYPTO,True,False,BOTH,EXIT,EXIT,native=3m;required=3m|15m|1h|4h|D,N/A_NOT_CONNECTED,"[""close_{tf}"",""high_{tf}"",""low_{tf}""]","[""ANY_AVAILABLE""]",[],"[""v12_exit_reduce_gap_batch2:data/reports/V12_EXIT_REDUCE_STOP_GAP_BATCH2_CONTRACT.csv""]",trusted causal route is crypto-native/source-scoped; no Tradier connection credit,False,False,True,4fc946b596d2095932637bc191f64c85d4bcd7d107c4598f7f20a2e00c447cf8
ASYMMETRIC_STOPS_ENABLED,UNCONNECTED,False,False,BOTH,ASYMMETRIC_STOPS_ENABLED,,N/A_NOT_CONNECTED,N/A_NOT_CONNECTED,"[""close_{tf}"",""high_{tf}"",""low_{tf}""]","[""ANY_AVAILABLE""]",[],[],no trusted frozen-engine lifecycle read and no imported+consumed SOURCE_EXACT contract,False,True,False,4fc946b596d2095932637bc191f64c85d4bcd7d107c4598f7f20a2e00c447cf8
ASYMMETRIC_WINNER_GAIN_PCT,UNCONNECTED,False,False,BOTH,ASYMMETRIC_WINNER_GAIN,,N/A_NOT_CONNECTED,N/A_NOT_CONNECTED,[],"[""ANY_AVAILABLE""]",[],[],no trusted frozen-engine lifecycle read and no imported+consumed SOURCE_EXACT contract,False,False,False,4fc946b596d2095932637bc191f64c85d4bcd7d107c4598f7f20a2e00c447cf8
ATR_PARITY_TARGET_RISK_PCT,UNCONNECTED,False,False,BOTH,ATR_PARITY_TARGET,,N/A_NOT_CONNECTED,N/A_NOT_CONNECTED,"[""atr_{tf}""]","[""ANY_AVAILABLE""]",[],[],no trusted frozen-engine lifecycle read and no imported+consumed SOURCE_EXACT contract,False,False,False,4fc946b596d2095932637bc191f64c85d4bcd7d107c4598f7f20a2e00c447cf8
ATR_TRAIL_FILTER_TF,UNCONNECTED,False,False,BOTH,VEC_ATR_TRAIL,,N/A_NOT_CONNECTED,N/A_NOT_CONNECTED,"[""atr_15m"",""atr_1h"",""atr_1m"",""atr_3m"",""atr_4h"",""atr_D"",""close_15m"",""close_1h"",""close_1m"",""close_3m"",""close_4h"",""close_D"",""high_15m"",""high_1h"",""high_1m"",""high_3m"",""high_4h"",""high_D"",""low_15m"",""low_1h"",""low_1m"",""low_3m"",""low_4h"",""low_D""]","[""1m"",""3m"",""15m"",""1h"",""4h"",""D""]",[],[],no trusted frozen-engine lifecycle read and no imported+consumed SOURCE_EXACT contract,False,False,False,4fc946b596d2095932637bc191f64c85d4bcd7d107c4598f7f20a2e00c447cf8
ATR_TRAIL_MIN_TFS,UNCONNECTED,False,False,BOTH,VEC_ATR_TRAIL,,N/A_NOT_CONNECTED,N/A_NOT_CONNECTED,"[""atr_{tf}"",""close_{tf}"",""high_{tf}"",""low_{tf}""]","[""ANY_AVAILABLE""]",[],[],no trusted frozen-engine lifecycle read and no imported+consumed SOURCE_EXACT contract,False,False,False,4fc946b596d2095932637bc191f64c85d4bcd7d107c4598f7f20a2e00c447cf8
ATR_TRAIL_SWEEP_ENABLED,REJECTED_INERT,False,False,BOTH,EXIT,,N/A_NOT_CONNECTED,N/A_NOT_CONNECTED,"[""atr_{tf}"",""close_{tf}"",""high_{tf}"",""low_{tf}""]","[""ANY_AVAILABLE""]",[],[],v12_exit_reduce_gap_batch4=REJECTED_CENSUS_ONLY,False,True,True,4fc946b596d2095932637bc191f64c85d4bcd7d107c4598f7f20a2e00c447cf8
AUGMENTATION_COOLDOWN_MINUTES,UNCONNECTED,False,False,BOTH,AUGMENTATION_COOLDOWN_MINUTES,,N/A_NOT_CONNECTED,N/A_NOT_CONNECTED,"[""close_{tf}"",""high_{tf}"",""low_{tf}""]","[""ANY_AVAILABLE""]",[],[],no trusted frozen-engine lifecycle read and no imported+consumed SOURCE_EXACT contract,False,False,False,4fc946b596d2095932637bc191f64c85d4bcd7d107c4598f7f20a2e00c447cf8
AUGMENTED_POSITIONS_GUARD_FLOOR_MULT,CONNECTED_BOTH,True,True,BOTH,AUGMENT,AUGMENT|ENTRY|REENTRY,native=3m,native=5m,"[""close_{tf}"",""high_{tf}"",""low_{tf}""]","[""ANY_AVAILABLE""]",[],"[""v12_reentry_augment_gap_batch3:data/reports/V12_REENTRY_AUGMENT_GAP_BATCH3_CONTRACT.csv""]",trusted direct lifecycle read and/or imported+consumed SOURCE_EXACT contract applies to both venues,False,False,True,4fc946b596d2095932637bc191f64c85d4bcd7d107c4598f7f20a2e00c447cf8
AUGMENT_AT_LOSS_ENABLED,REJECTED_INERT,False,False,BOTH,AUGMENT,,N/A_NOT_CONNECTED,N/A_NOT_CONNECTED,"[""close_{tf}"",""high_{tf}"",""low_{tf}""]","[""ANY_AVAILABLE""]",[],[],v12_exit_reduce_gap_batch4=REJECTED_CENSUS_ONLY,False,True,True,4fc946b596d2095932637bc191f64c85d4bcd7d107c4598f7f20a2e00c447cf8
AUGMENT_ENABLED,UNCONNECTED,False,False,BOTH,AUGMENT_ENABLED,,N/A_NOT_CONNECTED,N/A_NOT_CONNECTED,"[""close_{tf}"",""high_{tf}"",""low_{tf}""]","[""ANY_AVAILABLE""]",[],[],no trusted frozen-engine lifecycle read and no imported+consumed SOURCE_EXACT contract,False,False,False,4fc946b596d2095932637bc191f64c85d4bcd7d107c4598f7f20a2e00c447cf8
AUGMENT_LEVELS_PCT,UNCONNECTED,False,False,BOTH,AUGMENT_LEVELS_PCT,,N/A_NOT_CONNECTED,N/A_NOT_CONNECTED,"[""close_{tf}"",""high_{tf}"",""low_{tf}""]","[""ANY_AVAILABLE""]",[],[],no trusted frozen-engine lifecycle read and no imported+consumed SOURCE_EXACT contract,False,False,False,4fc946b596d2095932637bc191f64c85d4bcd7d107c4598f7f20a2e00c447cf8
AUGMENT_ONLY_WHEN_PROFITABLE,CONNECTED_BOTH,True,True,BOTH,AUGMENT,AUGMENT,native=3m,native=5m,"[""close_{tf}"",""high_{tf}"",""low_{tf}""]","[""ANY_AVAILABLE""]",[],"[""v12_reentry_augment_gap_batch:data/reports/V12_REENTRY_AUGMENT_GAP_BATCH_CONTRACT.csv""]",trusted direct lifecycle read and/or imported+consumed SOURCE_EXACT contract applies to both venues,False,False,True,4fc946b596d2095932637bc191f64c85d4bcd7d107c4598f7f20a2e00c447cf8
AUGMENT_PYRAMID_TRADIER,VENUE_SPECIFIC_BY_SOURCE,False,False,TRADIER,AUGMENT_PYRAMID_TRADIER,,N/A_NOT_CONNECTED,N/A_NOT_CONNECTED,"[""close_{tf}"",""high_{tf}"",""low_{tf}""]","[""ANY_AVAILABLE""]",[],[],source scope is TRADIER; no trusted frozen-engine causal integration,False,False,False,4fc946b596d2095932637bc191f64c85d4bcd7d107c4598f7f20a2e00c447cf8
AUGMENT_WT_4H_BOUNCE_ENABLED,UNCONNECTED,False,False,BOTH,S2_BTC_BEST_EXTRA,,N/A_NOT_CONNECTED,N/A_NOT_CONNECTED,"[""close_4h"",""high_4h"",""low_4h"",""wt1_4h"",""wt2_4h""]","[""4h""]",[],[],no trusted frozen-engine lifecycle read and no imported+consumed SOURCE_EXACT contract,False,True,True,4fc946b596d2095932637bc191f64c85d4bcd7d107c4598f7f20a2e00c447cf8
BAND_ARROW_ENABLED,UNCONNECTED,False,False,BOTH,FILTER,,N/A_NOT_CONNECTED,N/A_NOT_CONNECTED,[],"[""ANY_AVAILABLE""]",[],[],no trusted frozen-engine lifecycle read and no imported+consumed SOURCE_EXACT contract,False,True,True,4fc946b596d2095932637bc191f64c85d4bcd7d107c4598f7f20a2e00c447cf8
BAND_ARROW_ENTRY_TFS,DEFERRED,False,False,BOTH,ENTRY,,N/A_NOT_CONNECTED,N/A_NOT_CONNECTED,"[""close_{tf}"",""high_{tf}"",""low_{tf}""]","[""ANY_AVAILABLE""]",[],[],next_100_contract=NOT_INTEGRATED,False,False,True,4fc946b596d2095932637bc191f64c85d4bcd7d107c4598f7f20a2e00c447cf8
BAND_ARROW_EXIT_TFS,REJECTED_INERT,False,False,BOTH,BAND_ARROW_EXIT,,N/A_NOT_CONNECTED,N/A_NOT_CONNECTED,"[""close_{tf}"",""high_{tf}"",""low_{tf}""]","[""ANY_AVAILABLE""]",[],[],v12_exit_reduce_gap_batch9=REJECTED_NO_SOURCE_SEMANTICS,False,False,False,4fc946b596d2095932637bc191f64c85d4bcd7d107c4598f7f20a2e00c447cf8
BAND_ARROW_MAX_POS_MULT,UNCONNECTED,False,False,BOTH,BAND_ARROW_MAX,,N/A_NOT_CONNECTED,N/A_NOT_CONNECTED,[],"[""ANY_AVAILABLE""]",[],[],no trusted frozen-engine lifecycle read and no imported+consumed SOURCE_EXACT contract,False,False,True,4fc946b596d2095932637bc191f64c85d4bcd7d107c4598f7f20a2e00c447cf8
BAND_ARROW_SLOPE_DEADBAND,UNCONNECTED,False,False,BOTH,EXIT,,N/A_NOT_CONNECTED,N/A_NOT_CONNECTED,"[""close_{tf}"",""high_{tf}"",""low_{tf}""]","[""ANY_AVAILABLE""]",[],[],no trusted frozen-engine lifecycle read and no imported+consumed SOURCE_EXACT contract,False,False,True,4fc946b596d2095932637bc191f64c85d4bcd7d107c4598f7f20a2e00c447cf8
BAR_PATTERNS_FILTER_TF,UNCONNECTED,False,False,BOTH,VEC_BAR_PATTERNS,,N/A_NOT_CONNECTED,N/A_NOT_CONNECTED,[],"[""1m"",""3m"",""15m"",""1h"",""4h"",""D""]",[],[],no trusted frozen-engine lifecycle read and no imported+consumed SOURCE_EXACT contract,False,False,False,4fc946b596d2095932637bc191f64c85d4bcd7d107c4598f7f20a2e00c447cf8
BAR_PATTERNS_MIN_TFS,UNCONNECTED,False,False,BOTH,VEC_BAR_PATTERNS,,N/A_NOT_CONNECTED,N/A_NOT_CONNECTED,[],"[""ANY_AVAILABLE""]",[],[],no trusted frozen-engine lifecycle read and no imported+consumed SOURCE_EXACT contract,False,False,False,4fc946b596d2095932637bc191f64c85d4bcd7d107c4598f7f20a2e00c447cf8
BB4H_BREAKOUT_LADDER_BASIS_PCT,DEFERRED,False,False,BOTH,ENTRY,,N/A_NOT_CONNECTED,N/A_NOT_CONNECTED,"[""close_{tf}"",""high_{tf}"",""low_{tf}""]","[""ANY_AVAILABLE""]",[],[],blocked=PATTERN_ONLY_EXACT_ARRAY_BINDING_NOT_PROVEN;next_100_contract=NOT_INTEGRATED,False,False,True,4fc946b596d2095932637bc191f64c85d4bcd7d107c4598f7f20a2e00c447cf8
BB4H_BREAKOUT_LADDER_BREAKOUT_PCT,DEFERRED,False,False,BOTH,ENTRY,,N/A_NOT_CONNECTED,N/A_NOT_CONNECTED,"[""close_{tf}"",""high_{tf}"",""low_{tf}""]","[""ANY_AVAILABLE""]",[],[],blocked=PATTERN_ONLY_EXACT_ARRAY_BINDING_NOT_PROVEN;next_100_contract=NOT_INTEGRATED,False,False,True,4fc946b596d2095932637bc191f64c85d4bcd7d107c4598f7f20a2e00c447cf8
BB4H_BREAKOUT_LADDER_MAX_STOCK_SHARES,VENUE_SPECIFIC_BY_SOURCE,False,False,TRADIER,BB4H_BREAKOUT_LADDER,,N/A_NOT_CONNECTED,N/A_NOT_CONNECTED,[],"[""ANY_AVAILABLE""]",[],[],source scope is TRADIER; no trusted frozen-engine causal integration,False,False,True,4fc946b596d2095932637bc191f64c85d4bcd7d107c4598f7f20a2e00c447cf8
BB4H_BREAKOUT_LADDER_STOCK_MAX_NOTIONAL_USD,VENUE_SPECIFIC_BY_SOURCE,False,False,TRADIER,BB4H_BREAKOUT_LADDER,,N/A_NOT_CONNECTED,N/A_NOT_CONNECTED,[],"[""ANY_AVAILABLE""]",[],[],source scope is TRADIER; no trusted frozen-engine causal integration,False,False,True,4fc946b596d2095932637bc191f64c85d4bcd7d107c4598f7f20a2e00c447cf8
BB4H_BREAKOUT_LADDER_TARGET_USD,UNCONNECTED,False,False,BOTH,EXIT,,N/A_NOT_CONNECTED,N/A_NOT_CONNECTED,"[""close_{tf}"",""high_{tf}"",""low_{tf}""]","[""ANY_AVAILABLE""]",[],[],no trusted frozen-engine lifecycle read and no imported+consumed SOURCE_EXACT contract,False,False,True,4fc946b596d2095932637bc191f64c85d4bcd7d107c4598f7f20a2e00c447cf8
BB4H_BREAKOUT_LADDER_WT_CROSS_PCT,DEFERRED,False,False,BOTH,ENTRY,,N/A_NOT_CONNECTED,N/A_NOT_CONNECTED,"[""close_{tf}"",""high_{tf}"",""low_{tf}"",""wt1_{tf}"",""wt2_{tf}""]","[""ANY_AVAILABLE""]",[],[],blocked=PATTERN_ONLY_EXACT_ARRAY_BINDING_NOT_PROVEN;next_100_contract=NOT_INTEGRATED,False,False,True,4fc946b596d2095932637bc191f64c85d4bcd7d107c4598f7f20a2e00c447cf8
BB_AUTO_TUNE_ENABLED,UNCONNECTED,False,False,BOTH,BB_AUTO_TUNE,,N/A_NOT_CONNECTED,N/A_NOT_CONNECTED,"[""bb_lower_{tf}"",""bb_pct_b_{tf}"",""bb_upper_{tf}""]","[""ANY_AVAILABLE""]",[],[],no trusted frozen-engine lifecycle read and no imported+consumed SOURCE_EXACT contract,False,False,False,4fc946b596d2095932637bc191f64c85d4bcd7d107c4598f7f20a2e00c447cf8
BB_AUTO_TUNE_LOOKBACK,UNCONNECTED,False,False,BOTH,BB_AUTO_TUNE,,N/A_NOT_CONNECTED,N/A_NOT_CONNECTED,"[""bb_lower_{tf}"",""bb_pct_b_{tf}"",""bb_upper_{tf}""]","[""ANY_AVAILABLE""]",[],[],no trusted frozen-engine lifecycle read and no imported+consumed SOURCE_EXACT contract,False,False,False,4fc946b596d2095932637bc191f64c85d4bcd7d107c4598f7f20a2e00c447cf8
BB_AUTO_TUNE_MAX_MULT,UNCONNECTED,False,False,BOTH,BB_AUTO_TUNE,,N/A_NOT_CONNECTED,N/A_NOT_CONNECTED,"[""bb_lower_{tf}"",""bb_pct_b_{tf}"",""bb_upper_{tf}""]","[""ANY_AVAILABLE""]",[],[],no trusted frozen-engine lifecycle read and no imported+consumed SOURCE_EXACT contract,False,False,False,4fc946b596d2095932637bc191f64c85d4bcd7d107c4598f7f20a2e00c447cf8
BB_AUTO_TUNE_MIN_MULT,UNCONNECTED,False,False,BOTH,BB_AUTO_TUNE,,N/A_NOT_CONNECTED,N/A_NOT_CONNECTED,"[""bb_lower_{tf}"",""bb_pct_b_{tf}"",""bb_upper_{tf}""]","[""ANY_AVAILABLE""]",[],[],no trusted frozen-engine lifecycle read and no imported+consumed SOURCE_EXACT contract,False,False,False,4fc946b596d2095932637bc191f64c85d4bcd7d107c4598f7f20a2e00c447cf8
BB_BOT_THRESHOLD,UNCONNECTED,False,False,BOTH,BB_BOT_THRESHOLD,,N/A_NOT_CONNECTED,N/A_NOT_CONNECTED,"[""bb_lower_{tf}"",""bb_pct_b_{tf}"",""bb_upper_{tf}""]","[""ANY_AVAILABLE""]",[],[],no trusted frozen-engine lifecycle read and no imported+consumed SOURCE_EXACT contract,False,False,False,4fc946b596d2095932637bc191f64c85d4bcd7d107c4598f7f20a2e00c447cf8
BB_BREAKOUT_CONT_ENABLED,DEFERRED,False,False,BOTH,ENTRY,,N/A_NOT_CONNECTED,N/A_NOT_CONNECTED,"[""bb_lower_{tf}"",""bb_pct_b_{tf}"",""bb_upper_{tf}"",""close_{tf}"",""high_{tf}"",""low_{tf}""]","[""ANY_AVAILABLE""]",[],[],blocked=PATTERN_ONLY_EXACT_ARRAY_BINDING_NOT_PROVEN;next_100_contract=NOT_INTEGRATED,False,True,True,4fc946b596d2095932637bc191f64c85d4bcd7d107c4598f7f20a2e00c447cf8
BB_BREAKOUT_CONT_HOURS,DEFERRED,False,False,BOTH,ENTRY,,N/A_NOT_CONNECTED,N/A_NOT_CONNECTED,"[""bb_lower_{tf}"",""bb_pct_b_{tf}"",""bb_upper_{tf}"",""close_{tf}"",""high_{tf}"",""low_{tf}""]","[""ANY_AVAILABLE""]",[],[],blocked=PATTERN_ONLY_EXACT_ARRAY_BINDING_NOT_PROVEN;next_100_contract=NOT_INTEGRATED,False,False,True,4fc946b596d2095932637bc191f64c85d4bcd7d107c4598f7f20a2e00c447cf8
BB_FROZEN_STOP_FIELD,CONNECTED_BOTH,True,True,BOTH,GLOBAL,EXIT|STOP,native=3m,native=5m,"[""bb_lower_{tf}"",""bb_pct_b_{tf}"",""bb_upper_{tf}"",""close_{tf}"",""high_{tf}"",""low_{tf}""]","[""ANY_AVAILABLE""]",[],"[""v12_exit_reduce_gap_batch5:data/reports/V12_EXIT_REDUCE_STOP_GAP_BATCH5_CONTRACT.csv""]",trusted direct lifecycle read and/or imported+consumed SOURCE_EXACT contract applies to both venues,False,True,True,4fc946b596d2095932637bc191f64c85d4bcd7d107c4598f7f20a2e00c447cf8
BB_FROZEN_STOP_TF,CONNECTED_BOTH,True,True,BOTH,GLOBAL,EXIT|STOP,native=3m;required=1h,native=5m;required=1h,"[""bb_lower_1h"",""bb_pct_b_1h"",""bb_upper_1h"",""close_1h"",""high_1h"",""low_1h""]","[""1h""]",[],"[""v12_exit_reduce_gap_batch5:data/reports/V12_EXIT_REDUCE_STOP_GAP_BATCH5_CONTRACT.csv""]",trusted direct lifecycle read and/or imported+consumed SOURCE_EXACT contract applies to both venues,False,True,True,4fc946b596d2095932637bc191f64c85d4bcd7d107c4598f7f20a2e00c447cf8
BB_LEN_D,UNCONNECTED,False,False,BOTH,BB_LEN_D,,N/A_NOT_CONNECTED,N/A_NOT_CONNECTED,"[""bb_lower_D"",""bb_pct_b_D"",""bb_upper_D""]","[""D""]",[],[],no trusted frozen-engine lifecycle read and no imported+consumed SOURCE_EXACT contract,False,False,False,4fc946b596d2095932637bc191f64c85d4bcd7d107c4598f7f20a2e00c447cf8
BB_LONG_ENTRY_MAX,UNCONNECTED,False,False,BOTH,BB_LONG_ENTRY,,N/A_NOT_CONNECTED,N/A_NOT_CONNECTED,"[""bb_lower_{tf}"",""bb_pct_b_{tf}"",""bb_upper_{tf}"",""close_{tf}"",""high_{tf}"",""low_{tf}""]","[""ANY_AVAILABLE""]",[],[],no trusted frozen-engine lifecycle read and no imported+consumed SOURCE_EXACT contract,False,False,False,4fc946b596d2095932637bc191f64c85d4bcd7d107c4598f7f20a2e00c447cf8
BB_PULLBACK_GATE_FILTER_TF,UNCONNECTED,False,False,BOTH,VEC_BB_PULLBACK_GATE,,N/A_NOT_CONNECTED,N/A_NOT_CONNECTED,"[""bb_lower_15m"",""bb_lower_1h"",""bb_lower_1m"",""bb_lower_3m"",""bb_lower_4h"",""bb_lower_D"",""bb_pct_b_15m"",""bb_pct_b_1h"",""bb_pct_b_1m"",""bb_pct_b_3m"",""bb_pct_b_4h"",""bb_pct_b_D"",""bb_upper_15m"",""bb_upper_1h"",""bb_upper_1m"",""bb_upper_3m"",""bb_upper_4h"",""bb_upper_D""]","[""1m"",""3m"",""15m"",""1h"",""4h"",""D""]",[],[],no trusted frozen-engine lifecycle read and no imported+consumed SOURCE_EXACT contract,False,False,False,4fc946b596d2095932637bc191f64c85d4bcd7d107c4598f7f20a2e00c447cf8
BB_PULLBACK_GATE_MIN_TFS,UNCONNECTED,False,False,BOTH,VEC_BB_PULLBACK_GATE,,N/A_NOT_CONNECTED,N/A_NOT_CONNECTED,"[""bb_lower_{tf}"",""bb_pct_b_{tf}"",""bb_upper_{tf}""]","[""ANY_AVAILABLE""]",[],[],no trusted frozen-engine lifecycle read and no imported+consumed SOURCE_EXACT contract,False,False,False,4fc946b596d2095932637bc191f64c85d4bcd7d107c4598f7f20a2e00c447cf8
BB_PULLBACK_GATE_TF,CONNECTED_BOTH,True,True,BOTH,ENTRY,ENTRY|REENTRY,native=3m;required=15m,native=5m;required=15m,"[""bb_lower_15m"",""bb_pct_b_15m"",""bb_upper_15m"",""close_15m"",""high_15m"",""low_15m""]","[""15m""]","[""v12_quick_engine.py:6664:_exact_entry_contract_masks""]","[""v12_reentry_augment_filter_gap_batch5:data/reports/V12_REENTRY_AUGMENT_FILTER_GAP_BATCH5_CONTRACT.csv""]",trusted direct lifecycle read and/or imported+consumed SOURCE_EXACT contract applies to both venues,False,True,True,4fc946b596d2095932637bc191f64c85d4bcd7d107c4598f7f20a2e00c447cf8
BB_RECOVERY_DIRECT_BARS,UNCONNECTED,False,False,BOTH,BB_RECOVERY_DIRECT,,N/A_NOT_CONNECTED,N/A_NOT_CONNECTED,"[""bb_lower_{tf}"",""bb_pct_b_{tf}"",""bb_upper_{tf}""]","[""ANY_AVAILABLE""]",[],[],no trusted frozen-engine lifecycle read and no imported+consumed SOURCE_EXACT contract,False,False,True,4fc946b596d2095932637bc191f64c85d4bcd7d107c4598f7f20a2e00c447cf8
BB_RECOVERY_DIRECT_ENABLED,UNCONNECTED,False,False,BOTH,BB_RECOVERY_DIRECT,,N/A_NOT_CONNECTED,N/A_NOT_CONNECTED,"[""bb_lower_{tf}"",""bb_pct_b_{tf}"",""bb_upper_{tf}""]","[""ANY_AVAILABLE""]",[],[],no trusted frozen-engine lifecycle read and no imported+consumed SOURCE_EXACT contract,False,True,True,4fc946b596d2095932637bc191f64c85d4bcd7d107c4598f7f20a2e00c447cf8
BB_RECOVERY_DIRECT_MIN_EXCURSION_ATR,UNCONNECTED,False,False,BOTH,BB_RECOVERY_DIRECT,,N/A_NOT_CONNECTED,N/A_NOT_CONNECTED,"[""atr_{tf}"",""bb_lower_{tf}"",""bb_pct_b_{tf}"",""bb_upper_{tf}"",""rsi_{tf}""]","[""ANY_AVAILABLE""]",[],[],no trusted frozen-engine lifecycle read and no imported+consumed SOURCE_EXACT contract,False,False,True,4fc946b596d2095932637bc191f64c85d4bcd7d107c4598f7f20a2e00c447cf8
BB_RECOVERY_DIRECT_TIMEFRAME,UNCONNECTED,False,False,BOTH,BB_RECOVERY_DIRECT,,N/A_NOT_CONNECTED,N/A_NOT_CONNECTED,"[""bb_lower_1h"",""bb_pct_b_1h"",""bb_upper_1h""]","[""1h""]",[],[],no trusted frozen-engine lifecycle read and no imported+consumed SOURCE_EXACT contract,False,False,True,4fc946b596d2095932637bc191f64c85d4bcd7d107c4598f7f20a2e00c447cf8
BB_RECOVERY_ENTRY_FILTER_TF,UNCONNECTED,False,False,BOTH,VEC_BB_RECOVERY_ENTRY,,N/A_NOT_CONNECTED,N/A_NOT_CONNECTED,"[""bb_lower_15m"",""bb_lower_1h"",""bb_lower_1m"",""bb_lower_3m"",""bb_lower_4h"",""bb_lower_D"",""bb_pct_b_15m"",""bb_pct_b_1h"",""bb_pct_b_1m"",""bb_pct_b_3m"",""bb_pct_b_4h"",""bb_pct_b_D"",""bb_upper_15m"",""bb_upper_1h"",""bb_upper_1m"",""bb_upper_3m"",""bb_upper_4h"",""bb_upper_D"",""close_15m"",""close_1h"",""close_1m"",""close_3m"",""close_4h"",""close_D"",""high_15m"",""high_1h"",""high_1m"",""high_3m"",""high_4h"",""high_D"",""low_15m"",""low_1h"",""low_1m"",""low_3m"",""low_4h"",""low_D""]","[""1m"",""3m"",""15m"",""1h"",""4h"",""D""]",[],[],no trusted frozen-engine lifecycle read and no imported+consumed SOURCE_EXACT contract,False,False,False,4fc946b596d2095932637bc191f64c85d4bcd7d107c4598f7f20a2e00c447cf8
BB_RECOVERY_ENTRY_MIN_TFS,UNCONNECTED,False,False,BOTH,VEC_BB_RECOVERY_ENTRY,,N/A_NOT_CONNECTED,N/A_NOT_CONNECTED,"[""bb_lower_{tf}"",""bb_pct_b_{tf}"",""bb_upper_{tf}"",""close_{tf}"",""high_{tf}"",""low_{tf}""]","[""ANY_AVAILABLE""]",[],[],no trusted frozen-engine lifecycle read and no imported+consumed SOURCE_EXACT contract,False,False,False,4fc946b596d2095932637bc191f64c85d4bcd7d107c4598f7f20a2e00c447cf8
BB_RECOVERY_EXIT_ENABLED,REJECTED_INERT,False,False,BOTH,BB_RECOVERY_EXIT,,N/A_NOT_CONNECTED,N/A_NOT_CONNECTED,"[""bb_lower_{tf}"",""bb_pct_b_{tf}"",""bb_upper_{tf}"",""close_{tf}"",""high_{tf}"",""low_{tf}""]","[""ANY_AVAILABLE""]",[],[],v12_exit_reduce_gap_batch9=REJECTED_CENSUS_ALIAS_SHADOWED,False,True,True,4fc946b596d2095932637bc191f64c85d4bcd7d107c4598f7f20a2e00c447cf8
BB_RECOVERY_FILTER_TF,UNCONNECTED,False,False,BOTH,VEC_BB_RECOVERY,,N/A_NOT_CONNECTED,N/A_NOT_CONNECTED,"[""bb_lower_15m"",""bb_lower_1h"",""bb_lower_1m"",""bb_lower_3m"",""bb_lower_4h"",""bb_lower_D"",""bb_pct_b_15m"",""bb_pct_b_1h"",""bb_pct_b_1m"",""bb_pct_b_3m"",""bb_pct_b_4h"",""bb_pct_b_D"",""bb_upper_15m"",""bb_upper_1h"",""bb_upper_1m"",""bb_upper_3m"",""bb_upper_4h"",""bb_upper_D""]","[""1m"",""3m"",""15m"",""1h"",""4h"",""D""]",[],[],no trusted frozen-engine lifecycle read and no imported+consumed SOURCE_EXACT contract,False,False,False,4fc946b596d2095932637bc191f64c85d4bcd7d107c4598f7f20a2e00c447cf8
BB_RECOVERY_MIN_TFS,UNCONNECTED,False,False,BOTH,VEC_BB_RECOVERY,,N/A_NOT_CONNECTED,N/A_NOT_CONNECTED,"[""bb_lower_{tf}"",""bb_pct_b_{tf}"",""bb_upper_{tf}""]","[""ANY_AVAILABLE""]",[],[],no trusted frozen-engine lifecycle read and no imported+consumed SOURCE_EXACT contract,False,False,False,4fc946b596d2095932637bc191f64c85d4bcd7d107c4598f7f20a2e00c447cf8
BB_SHORT_ENTRY_MIN,UNCONNECTED,False,False,BOTH,BB_SHORT_ENTRY,,N/A_NOT_CONNECTED,N/A_NOT_CONNECTED,"[""bb_lower_{tf}"",""bb_pct_b_{tf}"",""bb_upper_{tf}"",""close_{tf}"",""high_{tf}"",""low_{tf}""]","[""ANY_AVAILABLE""]",[],[],no trusted frozen-engine lifecycle read and no imported+consumed SOURCE_EXACT contract,False,False,False,4fc946b596d2095932637bc191f64c85d4bcd7d107c4598f7f20a2e00c447cf8
BB_STD_D,UNCONNECTED,False,False,BOTH,BB_STD_D,,N/A_NOT_CONNECTED,N/A_NOT_CONNECTED,"[""bb_lower_D"",""bb_pct_b_D"",""bb_upper_D""]","[""D""]",[],[],no trusted frozen-engine lifecycle read and no imported+consumed SOURCE_EXACT contract,False,False,False,4fc946b596d2095932637bc191f64c85d4bcd7d107c4598f7f20a2e00c447cf8
BB_TOP_THRESHOLD,UNCONNECTED,False,False,BOTH,BB_TOP_THRESHOLD,,N/A_NOT_CONNECTED,N/A_NOT_CONNECTED,"[""bb_lower_{tf}"",""bb_pct_b_{tf}"",""bb_upper_{tf}""]","[""ANY_AVAILABLE""]",[],[],no trusted frozen-engine lifecycle read and no imported+consumed SOURCE_EXACT contract,False,False,False,4fc946b596d2095932637bc191f64c85d4bcd7d107c4598f7f20a2e00c447cf8
BEAR_MARKET_MODE,UNCONNECTED,False,False,BOTH,GLOBAL,,N/A_NOT_CONNECTED,N/A_NOT_CONNECTED,[],"[""ANY_AVAILABLE""]",[],[],no trusted frozen-engine lifecycle read and no imported+consumed SOURCE_EXACT contract,False,False,True,4fc946b596d2095932637bc191f64c85d4bcd7d107c4598f7f20a2e00c447cf8
BE_EROSION_ENABLED,UNCONNECTED,False,False,BOTH,GLOBAL,,N/A_NOT_CONNECTED,N/A_NOT_CONNECTED,[],"[""ANY_AVAILABLE""]",[],[],no trusted frozen-engine lifecycle read and no imported+consumed SOURCE_EXACT contract,False,True,True,4fc946b596d2095932637bc191f64c85d4bcd7d107c4598f7f20a2e00c447cf8
BINANCE_API_BASE,VENUE_SPECIFIC_BY_SOURCE,False,False,CRYPTO,BINANCE_API_BASE,,N/A_NOT_CONNECTED,N/A_NOT_CONNECTED,[],"[""ANY_AVAILABLE""]",[],[],source scope is CRYPTO; no trusted frozen-engine causal integration,False,False,False,4fc946b596d2095932637bc191f64c85d4bcd7d107c4598f7f20a2e00c447cf8
BLACKLIST_SYMBOLS,UNCONNECTED,False,False,BOTH,GLOBAL,,N/A_NOT_CONNECTED,N/A_NOT_CONNECTED,[],"[""ANY_AVAILABLE""]",[],[],no trusted frozen-engine lifecycle read and no imported+consumed SOURCE_EXACT contract,False,False,True,4fc946b596d2095932637bc191f64c85d4bcd7d107c4598f7f20a2e00c447cf8
BOTTOM_A_PROTECTIVE_TRAIL_ARM_TIMEFRAME,CONNECTED_BOTH,True,True,BOTH,BOTTOM_A_PROTECTIVE,EXIT|REENTRY|STOP,native=3m;required=4h,native=5m;required=4h,"[""close_4h"",""high_4h"",""low_4h""]","[""4h""]",[],"[""v12_exit_reduce_gap_batch4:data/reports/V12_EXIT_REDUCE_STOP_GAP_BATCH4_CONTRACT.csv""]",trusted direct lifecycle read and/or imported+consumed SOURCE_EXACT contract applies to both venues,False,False,True,4fc946b596d2095932637bc191f64c85d4bcd7d107c4598f7f20a2e00c447cf8
BOTTOM_A_PROTECTIVE_TRAIL_BREAK_BUFFER_ATR,CONNECTED_BOTH,True,True,BOTH,BOTTOM_A_PROTECTIVE,EXIT|REENTRY|STOP,native=3m,native=5m,"[""atr_{tf}"",""close_{tf}"",""high_{tf}"",""low_{tf}""]","[""ANY_AVAILABLE""]",[],"[""v12_exit_reduce_gap_batch4:data/reports/V12_EXIT_REDUCE_STOP_GAP_BATCH4_CONTRACT.csv""]",trusted direct lifecycle read and/or imported+consumed SOURCE_EXACT contract applies to both venues,False,False,True,4fc946b596d2095932637bc191f64c85d4bcd7d107c4598f7f20a2e00c447cf8
BOTTOM_A_PROTECTIVE_TRAIL_DISTANCE_MULT,CONNECTED_BOTH,True,True,BOTH,BOTTOM_A_PROTECTIVE,EXIT|REENTRY|STOP,native=3m,native=5m,"[""close_{tf}"",""high_{tf}"",""low_{tf}""]","[""ANY_AVAILABLE""]",[],"[""v12_exit_reduce_gap_batch4:data/reports/V12_EXIT_REDUCE_STOP_GAP_BATCH4_CONTRACT.csv""]",trusted direct lifecycle read and/or imported+consumed SOURCE_EXACT contract applies to both venues,False,False,True,4fc946b596d2095932637bc191f64c85d4bcd7d107c4598f7f20a2e00c447cf8
BOTTOM_A_PROTECTIVE_TRAIL_ENABLED,CONNECTED_BOTH,True,True,BOTH,BOTTOM_A_PROTECTIVE,EXIT|REENTRY|STOP,native=3m,native=5m,"[""close_{tf}"",""high_{tf}"",""low_{tf}""]","[""ANY_AVAILABLE""]",[],"[""v12_exit_reduce_gap_batch4:data/reports/V12_EXIT_REDUCE_STOP_GAP_BATCH4_CONTRACT.csv""]",trusted direct lifecycle read and/or imported+consumed SOURCE_EXACT contract applies to both venues,False,True,True,4fc946b596d2095932637bc191f64c85d4bcd7d107c4598f7f20a2e00c447cf8
BOTTOM_A_PROTECTIVE_TRAIL_LOOKBACK,CONNECTED_BOTH,True,True,BOTH,BOTTOM_A_PROTECTIVE,EXIT|REENTRY|STOP,native=3m,native=5m,"[""close_{tf}"",""high_{tf}"",""low_{tf}""]","[""ANY_AVAILABLE""]",[],"[""v12_exit_reduce_gap_batch4:data/reports/V12_EXIT_REDUCE_STOP_GAP_BATCH4_CONTRACT.csv""]",trusted direct lifecycle read and/or imported+consumed SOURCE_EXACT contract applies to both venues,False,False,True,4fc946b596d2095932637bc191f64c85d4bcd7d107c4598f7f20a2e00c447cf8
BOTTOM_A_PROTECTIVE_TRAIL_MODE,CONNECTED_BOTH,True,True,BOTH,BOTTOM_A_PROTECTIVE,EXIT|REENTRY|STOP,native=3m,native=5m,"[""close_{tf}"",""high_{tf}"",""low_{tf}""]","[""ANY_AVAILABLE""]",[],"[""v12_exit_reduce_gap_batch4:data/reports/V12_EXIT_REDUCE_STOP_GAP_BATCH4_CONTRACT.csv""]",trusted direct lifecycle read and/or imported+consumed SOURCE_EXACT contract applies to both venues,False,False,True,4fc946b596d2095932637bc191f64c85d4bcd7d107c4598f7f20a2e00c447cf8
BOTTOM_A_PROTECTIVE_TRAIL_TRAIL_TIMEFRAME,CONNECTED_BOTH,True,True,BOTH,BOTTOM_A_PROTECTIVE,EXIT|REENTRY|STOP,native=3m;required=5m,native=5m;required=5m,"[""close_5m"",""high_5m"",""low_5m""]","[""5m""]",[],"[""v12_exit_reduce_gap_batch4:data/reports/V12_EXIT_REDUCE_STOP_GAP_BATCH4_CONTRACT.csv""]",trusted direct lifecycle read and/or imported+consumed SOURCE_EXACT contract applies to both venues,False,False,True,4fc946b596d2095932637bc191f64c85d4bcd7d107c4598f7f20a2e00c447cf8
BOTTOM_B_DELAYED_LOWER_TOP_ARM_BREAK_MODE,UNCONNECTED,False,False,BOTH,BOTTOM_B_DELAYED,,N/A_NOT_CONNECTED,N/A_NOT_CONNECTED,[],"[""ANY_AVAILABLE""]",[],[],no trusted frozen-engine lifecycle read and no imported+consumed SOURCE_EXACT contract,False,False,False,4fc946b596d2095932637bc191f64c85d4bcd7d107c4598f7f20a2e00c447cf8
BOTTOM_B_DELAYED_LOWER_TOP_ARM_BREAK_THRESHOLD,UNCONNECTED,False,False,BOTH,BOTTOM_B_DELAYED,,N/A_NOT_CONNECTED,N/A_NOT_CONNECTED,[],"[""ANY_AVAILABLE""]",[],[],no trusted frozen-engine lifecycle read and no imported+consumed SOURCE_EXACT contract,False,False,False,4fc946b596d2095932637bc191f64c85d4bcd7d107c4598f7f20a2e00c447cf8
BOTTOM_B_DELAYED_LOWER_TOP_ARM_TF,UNCONNECTED,False,False,BOTH,BOTTOM_B_DELAYED,,N/A_NOT_CONNECTED,N/A_NOT_CONNECTED,[],"[""4h""]",[],[],no trusted frozen-engine lifecycle read and no imported+consumed SOURCE_EXACT contract,False,False,False,4fc946b596d2095932637bc191f64c85d4bcd7d107c4598f7f20a2e00c447cf8
BOTTOM_B_DELAYED_LOWER_TOP_CONFIRMATION_BARS,UNCONNECTED,False,False,BOTH,BOTTOM_B_DELAYED,,N/A_NOT_CONNECTED,N/A_NOT_CONNECTED,[],"[""ANY_AVAILABLE""]",[],[],no trusted frozen-engine lifecycle read and no imported+consumed SOURCE_EXACT contract,False,False,False,4fc946b596d2095932637bc191f64c85d4bcd7d107c4598f7f20a2e00c447cf8
BOTTOM_B_DELAYED_LOWER_TOP_CONFIRMATION_MODE,UNCONNECTED,False,False,BOTH,BOTTOM_B_DELAYED,,N/A_NOT_CONNECTED,N/A_NOT_CONNECTED,[],"[""ANY_AVAILABLE""]",[],[],no trusted frozen-engine lifecycle read and no imported+consumed SOURCE_EXACT contract,False,False,False,4fc946b596d2095932637bc191f64c85d4bcd7d107c4598f7f20a2e00c447cf8
BOTTOM_B_DELAYED_LOWER_TOP_CONFIRM_TF,UNCONNECTED,False,False,BOTH,BOTTOM_B_DELAYED,,N/A_NOT_CONNECTED,N/A_NOT_CONNECTED,[],"[""1h""]",[],[],no trusted frozen-engine lifecycle read and no imported+consumed SOURCE_EXACT contract,False,False,False,4fc946b596d2095932637bc191f64c85d4bcd7d107c4598f7f20a2e00c447cf8
BOTTOM_B_DELAYED_LOWER_TOP_ENABLED,UNCONNECTED,False,False,BOTH,BOTTOM_B_DELAYED,,N/A_NOT_CONNECTED,N/A_NOT_CONNECTED,[],"[""ANY_AVAILABLE""]",[],[],no trusted frozen-engine lifecycle read and no imported+consumed SOURCE_EXACT contract,False,True,True,4fc946b596d2095932637bc191f64c85d4bcd7d107c4598f7f20a2e00c447cf8
BOTTOM_B_DELAYED_LOWER_TOP_MAX_WAIT_1H,UNCONNECTED,False,False,BOTH,BOTTOM_B_DELAYED,,N/A_NOT_CONNECTED,N/A_NOT_CONNECTED,[],"[""1h""]",[],[],no trusted frozen-engine lifecycle read and no imported+consumed SOURCE_EXACT contract,False,False,False,4fc946b596d2095932637bc191f64c85d4bcd7d107c4598f7f20a2e00c447cf8
BOTTOM_B_DELAYED_LOWER_TOP_PREBREAK_LOOKBACK,UNCONNECTED,False,False,BOTH,BOTTOM_B_DELAYED,,N/A_NOT_CONNECTED,N/A_NOT_CONNECTED,[],"[""ANY_AVAILABLE""]",[],[],no trusted frozen-engine lifecycle read and no imported+consumed SOURCE_EXACT contract,False,False,False,4fc946b596d2095932637bc191f64c85d4bcd7d107c4598f7f20a2e00c447cf8
BOTTOM_B_DELAYED_LOWER_TOP_REBOUND_ATR,UNCONNECTED,False,False,BOTH,BOTTOM_B_DELAYED,,N/A_NOT_CONNECTED,N/A_NOT_CONNECTED,"[""atr_{tf}""]","[""ANY_AVAILABLE""]",[],[],no trusted frozen-engine lifecycle read and no imported+consumed SOURCE_EXACT contract,False,False,False,4fc946b596d2095932637bc191f64c85d4bcd7d107c4598f7f20a2e00c447cf8
BOUNCE_REENTRY_ENABLED,CONNECTED_BOTH,True,True,BOTH,REENTRY,REENTRY,native=3m,native=5m,"[""close_{tf}"",""high_{tf}"",""low_{tf}""]","[""ANY_AVAILABLE""]",[],"[""v12_reentry_augment_gap_batch2:data/reports/V12_REENTRY_AUGMENT_GAP_BATCH2_CONTRACT.csv""]",trusted direct lifecycle read and/or imported+consumed SOURCE_EXACT contract applies to both venues,False,True,True,4fc946b596d2095932637bc191f64c85d4bcd7d107c4598f7f20a2e00c447cf8
BOUNCE_REENTRY_K_RESET_LONG,CONNECTED_CRYPTO,True,False,BOTH,REENTRY,REENTRY,native=3m;required=3m,N/A_NOT_CONNECTED,"[""close_{tf}"",""high_{tf}"",""low_{tf}""]","[""ANY_AVAILABLE""]",[],"[""v12_reentry_augment_gap_batch:data/reports/V12_REENTRY_AUGMENT_GAP_BATCH_CONTRACT.csv""]",trusted causal route is crypto-native/source-scoped; no Tradier connection credit,False,False,True,4fc946b596d2095932637bc191f64c85d4bcd7d107c4598f7f20a2e00c447cf8
BOUNCE_REENTRY_K_RESET_LONG_TRADIER,CONNECTED_TRADIER,False,True,TRADIER,BOUNCE_REENTRY_K,REENTRY,N/A_NOT_CONNECTED,native=5m;required=5m,"[""close_{tf}"",""high_{tf}"",""low_{tf}""]","[""ANY_AVAILABLE""]",[],"[""v12_reentry_augment_gap_batch3:data/reports/V12_REENTRY_AUGMENT_GAP_BATCH3_CONTRACT.csv""]",trusted causal route is Tradier-native/source-scoped; no crypto connection credit,False,False,True,4fc946b596d2095932637bc191f64c85d4bcd7d107c4598f7f20a2e00c447cf8
BOUNCE_REENTRY_K_RESET_SHORT,CONNECTED_CRYPTO,True,False,BOTH,REENTRY,REENTRY,native=3m;required=3m,N/A_NOT_CONNECTED,"[""close_{tf}"",""high_{tf}"",""low_{tf}""]","[""ANY_AVAILABLE""]",[],"[""v12_reentry_augment_gap_batch:data/reports/V12_REENTRY_AUGMENT_GAP_BATCH_CONTRACT.csv""]",trusted causal route is crypto-native/source-scoped; no Tradier connection credit,False,False,True,4fc946b596d2095932637bc191f64c85d4bcd7d107c4598f7f20a2e00c447cf8
BOUNCE_REENTRY_K_RESET_SHORT_TRADIER,CONNECTED_TRADIER,False,True,TRADIER,BOUNCE_REENTRY_K,REENTRY,N/A_NOT_CONNECTED,native=5m;required=5m,"[""close_{tf}"",""high_{tf}"",""low_{tf}""]","[""ANY_AVAILABLE""]",[],"[""v12_reentry_augment_gap_batch3:data/reports/V12_REENTRY_AUGMENT_GAP_BATCH3_CONTRACT.csv""]",trusted causal route is Tradier-native/source-scoped; no crypto connection credit,False,False,True,4fc946b596d2095932637bc191f64c85d4bcd7d107c4598f7f20a2e00c447cf8
BOUNCE_TOP_EXIT_ENABLED,UNCONNECTED,False,False,BOTH,BOUNCE_TOP_EXIT,,N/A_NOT_CONNECTED,N/A_NOT_CONNECTED,"[""close_{tf}"",""high_{tf}"",""low_{tf}""]","[""ANY_AVAILABLE""]",[],[],no trusted frozen-engine lifecycle read and no imported+consumed SOURCE_EXACT contract,False,True,False,4fc946b596d2095932637bc191f64c85d4bcd7d107c4598f7f20a2e00c447cf8
BOUNCE_TOP_RISING_CROSS_MULT,UNCONNECTED,False,False,BOTH,BOUNCE_TOP_RISING,,N/A_NOT_CONNECTED,N/A_NOT_CONNECTED,[],"[""ANY_AVAILABLE""]",[],[],no trusted frozen-engine lifecycle read and no imported+consumed SOURCE_EXACT contract,False,False,True,4fc946b596d2095932637bc191f64c85d4bcd7d107c4598f7f20a2e00c447cf8
BREAKEVEN_DC_FIELD_MODE,CONNECTED_CRYPTO,True,False,BOTH,EXIT,EXIT,native=3m;required=3m,N/A_NOT_CONNECTED,"[""close_{tf}"",""dc_basis_{tf}"",""dc_high_{tf}"",""dc_low_{tf}"",""high_{tf}"",""low_{tf}""]","[""ANY_AVAILABLE""]",[],"[""v12_exit_reduce_gap_batch2:data/reports/V12_EXIT_REDUCE_STOP_GAP_BATCH2_CONTRACT.csv""]",trusted causal route is crypto-native/source-scoped; no Tradier connection credit,False,False,True,4fc946b596d2095932637bc191f64c85d4bcd7d107c4598f7f20a2e00c447cf8
BREAKEVEN_EXIT_AFTER_BARS,CONNECTED_TRADIER,False,True,BOTH,BREAKEVEN_EXIT_AFTER,EXIT|STOP,N/A_NOT_CONNECTED,native=5m;required=5m|15m,"[""close_{tf}"",""high_{tf}"",""low_{tf}""]","[""ANY_AVAILABLE""]",[],"[""v12_exit_reduce_gap_batch4:data/reports/V12_EXIT_REDUCE_STOP_GAP_BATCH4_CONTRACT.csv""]",trusted causal route is Tradier-native/source-scoped; no crypto connection credit,False,False,True,4fc946b596d2095932637bc191f64c85d4bcd7d107c4598f7f20a2e00c447cf8
BREAKEVEN_EXIT_AFTER_BARS_BUFFER_PCT,CONNECTED_TRADIER,False,True,BOTH,BREAKEVEN_EXIT_AFTER,EXIT|STOP,N/A_NOT_CONNECTED,native=5m;required=5m|15m,"[""close_{tf}"",""high_{tf}"",""low_{tf}""]","[""ANY_AVAILABLE""]",[],"[""v12_exit_reduce_gap_batch4:data/reports/V12_EXIT_REDUCE_STOP_GAP_BATCH4_CONTRACT.csv""]",trusted causal route is Tradier-native/source-scoped; no crypto connection credit,False,False,True,4fc946b596d2095932637bc191f64c85d4bcd7d107c4598f7f20a2e00c447cf8
BREAKEVEN_EXIT_AFTER_BARS_TF,CONNECTED_TRADIER,False,True,BOTH,BREAKEVEN_EXIT_AFTER,EXIT|STOP,N/A_NOT_CONNECTED,native=5m;required=5m|15m,"[""close_15m"",""high_15m"",""low_15m""]","[""15m""]",[],"[""v12_exit_reduce_gap_batch4:data/reports/V12_EXIT_REDUCE_STOP_GAP_BATCH4_CONTRACT.csv""]",trusted causal route is Tradier-native/source-scoped; no crypto connection credit,False,False,True,4fc946b596d2095932637bc191f64c85d4bcd7d107c4598f7f20a2e00c447cf8
BREAKEVEN_GAIN_EROSION_ENABLED,CONNECTED_BOTH,True,True,BOTH,EXIT,EXIT,native=3m,native=5m,"[""close_{tf}"",""high_{tf}"",""low_{tf}""]","[""ANY_AVAILABLE""]",[],"[""v12_exit_reduce_gap_batch2:data/reports/V12_EXIT_REDUCE_STOP_GAP_BATCH2_CONTRACT.csv""]",trusted direct lifecycle read and/or imported+consumed SOURCE_EXACT contract applies to both venues,False,True,True,4fc946b596d2095932637bc191f64c85d4bcd7d107c4598f7f20a2e00c447cf8
BREAKEVEN_GAIN_EROSION_FILTER_TF,UNCONNECTED,False,False,BOTH,VEC_BREAKEVEN_GAIN_EROSION,,N/A_NOT_CONNECTED,N/A_NOT_CONNECTED,"[""close_15m"",""close_1h"",""close_1m"",""close_3m"",""close_4h"",""close_D"",""high_15m"",""high_1h"",""high_1m"",""high_3m"",""high_4h"",""high_D"",""low_15m"",""low_1h"",""low_1m"",""low_3m"",""low_4h"",""low_D""]","[""1m"",""3m"",""15m"",""1h"",""4h"",""D""]",[],[],no trusted frozen-engine lifecycle read and no imported+consumed SOURCE_EXACT contract,False,False,False,4fc946b596d2095932637bc191f64c85d4bcd7d107c4598f7f20a2e00c447cf8
BREAKEVEN_GAIN_EROSION_MIN_GAIN,CONNECTED_BOTH,True,True,BOTH,EXIT,EXIT,native=3m,native=5m,"[""close_{tf}"",""high_{tf}"",""low_{tf}""]","[""ANY_AVAILABLE""]",[],"[""v12_exit_reduce_gap_batch2:data/reports/V12_EXIT_REDUCE_STOP_GAP_BATCH2_CONTRACT.csv""]",trusted direct lifecycle read and/or imported+consumed SOURCE_EXACT contract applies to both venues,False,True,True,4fc946b596d2095932637bc191f64c85d4bcd7d107c4598f7f20a2e00c447cf8
BREAKEVEN_GAIN_EROSION_MIN_TFS,UNCONNECTED,False,False,BOTH,VEC_BREAKEVEN_GAIN_EROSION,,N/A_NOT_CONNECTED,N/A_NOT_CONNECTED,"[""close_{tf}"",""high_{tf}"",""low_{tf}""]","[""ANY_AVAILABLE""]",[],[],no trusted frozen-engine lifecycle read and no imported+consumed SOURCE_EXACT contract,False,False,False,4fc946b596d2095932637bc191f64c85d4bcd7d107c4598f7f20a2e00c447cf8
BREAKEVEN_GAIN_EROSION_REQUIRE_PROFIT,CONNECTED_BOTH,True,True,BOTH,EXIT,EXIT,native=3m,native=5m,"[""close_{tf}"",""high_{tf}"",""low_{tf}""]","[""ANY_AVAILABLE""]",[],"[""v12_exit_reduce_gap_batch2:data/reports/V12_EXIT_REDUCE_STOP_GAP_BATCH2_CONTRACT.csv""]",trusted direct lifecycle read and/or imported+consumed SOURCE_EXACT contract applies to both venues,False,False,True,4fc946b596d2095932637bc191f64c85d4bcd7d107c4598f7f20a2e00c447cf8
BREAKOUT_DC1H_BYPASS_ENABLED,DEFERRED,False,False,BOTH,ENTRY,,N/A_NOT_CONNECTED,N/A_NOT_CONNECTED,"[""close_{tf}"",""high_{tf}"",""low_{tf}""]","[""ANY_AVAILABLE""]",[],[],next_100_contract=NOT_INTEGRATED,False,True,True,4fc946b596d2095932637bc191f64c85d4bcd7d107c4598f7f20a2e00c447cf8
BREAKOUT_GUARD_MOMENTUM_CHECK_ENABLED,UNCONNECTED,False,False,BOTH,BREAKOUT_GUARD_MOMENTUM,,N/A_NOT_CONNECTED,N/A_NOT_CONNECTED,[],"[""ANY_AVAILABLE""]",[],[],no trusted frozen-engine lifecycle read and no imported+consumed SOURCE_EXACT contract,False,True,False,4fc946b596d2095932637bc191f64c85d4bcd7d107c4598f7f20a2e00c447cf8
BREAKOUT_HTF_MIN_ALIGNED,UNCONNECTED,False,False,BOTH,BREAKOUT_HTF_MIN,,N/A_NOT_CONNECTED,N/A_NOT_CONNECTED,[],"[""ANY_AVAILABLE""]",[],[],no trusted frozen-engine lifecycle read and no imported+consumed SOURCE_EXACT contract,False,False,False,4fc946b596d2095932637bc191f64c85d4bcd7d107c4598f7f20a2e00c447cf8
BREAKOUT_INJECT_LIVE,UNCONNECTED,False,False,BOTH,BREAKOUT_INJECT_LIVE,,N/A_NOT_CONNECTED,N/A_NOT_CONNECTED,[],"[""ANY_AVAILABLE""]",[],[],no trusted frozen-engine lifecycle read and no imported+consumed SOURCE_EXACT contract,False,False,False,4fc946b596d2095932637bc191f64c85d4bcd7d107c4598f7f20a2e00c447cf8
BREAKOUT_INJECT_SHADOW_LOG,UNCONNECTED,False,False,BOTH,BREAKOUT_INJECT_SHADOW,,N/A_NOT_CONNECTED,N/A_NOT_CONNECTED,[],"[""ANY_AVAILABLE""]",[],[],no trusted frozen-engine lifecycle read and no imported+consumed SOURCE_EXACT contract,False,False,False,4fc946b596d2095932637bc191f64c85d4bcd7d107c4598f7f20a2e00c447cf8
BREAKOUT_LEASH_QTY_MULT,UNCONNECTED,False,False,BOTH,BREAKOUT_LEASH_QTY,,N/A_NOT_CONNECTED,N/A_NOT_CONNECTED,[],"[""ANY_AVAILABLE""]",[],[],no trusted frozen-engine lifecycle read and no imported+consumed SOURCE_EXACT contract,False,False,False,4fc946b596d2095932637bc191f64c85d4bcd7d107c4598f7f20a2e00c447cf8
BREAKOUT_LEASH_REENTRY_MULT,UNCONNECTED,False,False,BOTH,REENTRY,,N/A_NOT_CONNECTED,N/A_NOT_CONNECTED,"[""close_{tf}"",""high_{tf}"",""low_{tf}""]","[""ANY_AVAILABLE""]",[],[],no trusted frozen-engine lifecycle read and no imported+consumed SOURCE_EXACT contract,False,False,False,4fc946b596d2095932637bc191f64c85d4bcd7d107c4598f7f20a2e00c447cf8
BREAKOUT_LEASH_TF,DEFERRED,False,False,BOTH,ENTRY,,N/A_NOT_CONNECTED,N/A_NOT_CONNECTED,"[""close_3m"",""high_3m"",""low_3m""]","[""3m""]",[],[],next_100_contract=NOT_INTEGRATED,False,False,True,4fc946b596d2095932637bc191f64c85d4bcd7d107c4598f7f20a2e00c447cf8
BREAKOUT_MAD_MULTIPLIER,UNCONNECTED,False,False,BOTH,BREAKOUT_MAD_MULTIPLIER,,N/A_NOT_CONNECTED,N/A_NOT_CONNECTED,[],"[""ANY_AVAILABLE""]",[],[],no trusted frozen-engine lifecycle read and no imported+consumed SOURCE_EXACT contract,False,False,False,4fc946b596d2095932637bc191f64c85d4bcd7d107c4598f7f20a2e00c447cf8
BREAKOUT_MAX_DD_RATIO,UNCONNECTED,False,False,BOTH,BREAKOUT_MAX_DD,,N/A_NOT_CONNECTED,N/A_NOT_CONNECTED,[],"[""ANY_AVAILABLE""]",[],[],no trusted frozen-engine lifecycle read and no imported+consumed SOURCE_EXACT contract,False,False,False,4fc946b596d2095932637bc191f64c85d4bcd7d107c4598f7f20a2e00c447cf8
BREAKOUT_MIN_HOLD_BARS,UNCONNECTED,False,False,BOTH,BREAKOUT_MIN_HOLD,,N/A_NOT_CONNECTED,N/A_NOT_CONNECTED,[],"[""ANY_AVAILABLE""]",[],[],no trusted frozen-engine lifecycle read and no imported+consumed SOURCE_EXACT contract,False,False,False,4fc946b596d2095932637bc191f64c85d4bcd7d107c4598f7f20a2e00c447cf8
BREAKOUT_MIN_RET_PCT,UNCONNECTED,False,False,BOTH,BREAKOUT_MIN_RET,,N/A_NOT_CONNECTED,N/A_NOT_CONNECTED,[],"[""ANY_AVAILABLE""]",[],[],no trusted frozen-engine lifecycle read and no imported+consumed SOURCE_EXACT contract,False,False,False,4fc946b596d2095932637bc191f64c85d4bcd7d107c4598f7f20a2e00c447cf8
BREAKOUT_MULTI_LUNG_COMPOSITE_EXHALE,UNCONNECTED,False,False,BOTH,BREAKOUT_MULTI_LUNG,,N/A_NOT_CONNECTED,N/A_NOT_CONNECTED,[],"[""ANY_AVAILABLE""]",[],[],no trusted frozen-engine lifecycle read and no imported+consumed SOURCE_EXACT contract,False,False,False,4fc946b596d2095932637bc191f64c85d4bcd7d107c4598f7f20a2e00c447cf8
BREAKOUT_MULTI_LUNG_COMPOSITE_INHALE,UNCONNECTED,False,False,BOTH,BREAKOUT_MULTI_LUNG,,N/A_NOT_CONNECTED,N/A_NOT_CONNECTED,[],"[""ANY_AVAILABLE""]",[],[],no trusted frozen-engine lifecycle read and no imported+consumed SOURCE_EXACT contract,False,False,False,4fc946b596d2095932637bc191f64c85d4bcd7d107c4598f7f20a2e00c447cf8
BREAKOUT_MULTI_LUNG_COOLDOWN_BARS,UNCONNECTED,False,False,BOTH,BREAKOUT_MULTI_LUNG,,N/A_NOT_CONNECTED,N/A_NOT_CONNECTED,[],"[""ANY_AVAILABLE""]",[],[],no trusted frozen-engine lifecycle read and no imported+consumed SOURCE_EXACT contract,False,False,False,4fc946b596d2095932637bc191f64c85d4bcd7d107c4598f7f20a2e00c447cf8
BREAKOUT_MULTI_LUNG_MODE,UNCONNECTED,False,False,BOTH,BREAKOUT_MULTI_LUNG,,N/A_NOT_CONNECTED,N/A_NOT_CONNECTED,[],"[""ANY_AVAILABLE""]",[],[],no trusted frozen-engine lifecycle read and no imported+consumed SOURCE_EXACT contract,False,False,False,4fc946b596d2095932637bc191f64c85d4bcd7d107c4598f7f20a2e00c447cf8
BREAKOUT_MULTI_LUNG_SLOW_LUNG_OVERRIDE,UNCONNECTED,False,False,BOTH,BREAKOUT_MULTI_LUNG,,N/A_NOT_CONNECTED,N/A_NOT_CONNECTED,[],"[""ANY_AVAILABLE""]",[],[],no trusted frozen-engine lifecycle read and no imported+consumed SOURCE_EXACT contract,False,False,False,4fc946b596d2095932637bc191f64c85d4bcd7d107c4598f7f20a2e00c447cf8
BREAKOUT_MULTI_LUNG_TIER,UNCONNECTED,False,False,BOTH,BREAKOUT_MULTI_LUNG,,N/A_NOT_CONNECTED,N/A_NOT_CONNECTED,[],"[""ANY_AVAILABLE""]",[],[],no trusted frozen-engine lifecycle read and no imported+consumed SOURCE_EXACT contract,False,False,False,4fc946b596d2095932637bc191f64c85d4bcd7d107c4598f7f20a2e00c447cf8
BREAKOUT_PATH_ENABLED,UNCONNECTED,False,False,BOTH,BREAKOUT_PATH_ENABLED,,N/A_NOT_CONNECTED,N/A_NOT_CONNECTED,[],"[""ANY_AVAILABLE""]",[],[],no trusted frozen-engine lifecycle read and no imported+consumed SOURCE_EXACT contract,False,False,False,4fc946b596d2095932637bc191f64c85d4bcd7d107c4598f7f20a2e00c447cf8
BREAKOUT_RETEST_ARMED_PERSISTENT_ENABLED,UNCONNECTED,False,False,BOTH,BREAKOUT_RETEST_ARMED,,N/A_NOT_CONNECTED,N/A_NOT_CONNECTED,"[""rsi_{tf}""]","[""ANY_AVAILABLE""]",[],[],no trusted frozen-engine lifecycle read and no imported+consumed SOURCE_EXACT contract,False,True,False,4fc946b596d2095932637bc191f64c85d4bcd7d107c4598f7f20a2e00c447cf8
BREAKOUT_RETEST_ARMED_WINDOW_DAYS,UNCONNECTED,False,False,BOTH,BREAKOUT_RETEST_ARMED,,N/A_NOT_CONNECTED,N/A_NOT_CONNECTED,[],"[""ANY_AVAILABLE""]",[],[],no trusted frozen-engine lifecycle read and no imported+consumed SOURCE_EXACT contract,False,True,False,4fc946b596d2095932637bc191f64c85d4bcd7d107c4598f7f20a2e00c447cf8
BREAKOUT_RETEST_ENABLED,UNCONNECTED,False,False,BOTH,VEC_BREAKOUT_RETEST,,N/A_NOT_CONNECTED,N/A_NOT_CONNECTED,[],"[""ANY_AVAILABLE""]",[],[],no trusted frozen-engine lifecycle read and no imported+consumed SOURCE_EXACT contract,False,False,False,4fc946b596d2095932637bc191f64c85d4bcd7d107c4598f7f20a2e00c447cf8
BREAKOUT_RETEST_FILTER_TF,UNCONNECTED,False,False,BOTH,VEC_BREAKOUT_RETEST,,N/A_NOT_CONNECTED,N/A_NOT_CONNECTED,[],"[""1m"",""3m"",""15m"",""1h"",""4h"",""D""]",[],[],no trusted frozen-engine lifecycle read and no imported+consumed SOURCE_EXACT contract,False,False,False,4fc946b596d2095932637bc191f64c85d4bcd7d107c4598f7f20a2e00c447cf8
BREAKOUT_RETEST_MIN_TFS,UNCONNECTED,False,False,BOTH,VEC_BREAKOUT_RETEST,,N/A_NOT_CONNECTED,N/A_NOT_CONNECTED,[],"[""ANY_AVAILABLE""]",[],[],no trusted frozen-engine lifecycle read and no imported+consumed SOURCE_EXACT contract,False,False,False,4fc946b596d2095932637bc191f64c85d4bcd7d107c4598f7f20a2e00c447cf8
BREAKOUT_SIZE_SMA200_T1_MULT,UNCONNECTED,False,False,BOTH,ENTRY,,N/A_NOT_CONNECTED,N/A_NOT_CONNECTED,"[""sma_{period}_{tf}""]","[""ANY_AVAILABLE""]",[],[],no trusted frozen-engine lifecycle read and no imported+consumed SOURCE_EXACT contract,False,True,True,4fc946b596d2095932637bc191f64c85d4bcd7d107c4598f7f20a2e00c447cf8
BREAKOUT_SIZE_SMA200_T1_PCT,UNCONNECTED,False,False,BOTH,ENTRY,,N/A_NOT_CONNECTED,N/A_NOT_CONNECTED,"[""sma_{period}_{tf}""]","[""ANY_AVAILABLE""]",[],[],no trusted frozen-engine lifecycle read and no imported+consumed SOURCE_EXACT contract,False,True,True,4fc946b596d2095932637bc191f64c85d4bcd7d107c4598f7f20a2e00c447cf8
BREAKOUT_SIZE_SMA200_T2_MULT,UNCONNECTED,False,False,BOTH,ENTRY,,N/A_NOT_CONNECTED,N/A_NOT_CONNECTED,"[""sma_{period}_{tf}""]","[""ANY_AVAILABLE""]",[],[],no trusted frozen-engine lifecycle read and no imported+consumed SOURCE_EXACT contract,False,True,True,4fc946b596d2095932637bc191f64c85d4bcd7d107c4598f7f20a2e00c447cf8
BREAKOUT_SIZE_SMA200_T2_PCT,UNCONNECTED,False,False,BOTH,ENTRY,,N/A_NOT_CONNECTED,N/A_NOT_CONNECTED,"[""sma_{period}_{tf}""]","[""ANY_AVAILABLE""]",[],[],no trusted frozen-engine lifecycle read and no imported+consumed SOURCE_EXACT contract,False,True,True,4fc946b596d2095932637bc191f64c85d4bcd7d107c4598f7f20a2e00c447cf8
BREAKOUT_SIZE_SMA200_T3_MULT,UNCONNECTED,False,False,BOTH,ENTRY,,N/A_NOT_CONNECTED,N/A_NOT_CONNECTED,"[""sma_{period}_{tf}""]","[""ANY_AVAILABLE""]",[],[],no trusted frozen-engine lifecycle read and no imported+consumed SOURCE_EXACT contract,False,True,True,4fc946b596d2095932637bc191f64c85d4bcd7d107c4598f7f20a2e00c447cf8
BREAKOUT_SIZE_SMA200_T3_PCT,UNCONNECTED,False,False,BOTH,ENTRY,,N/A_NOT_CONNECTED,N/A_NOT_CONNECTED,"[""sma_{period}_{tf}""]","[""ANY_AVAILABLE""]",[],[],no trusted frozen-engine lifecycle read and no imported+consumed SOURCE_EXACT contract,False,True,True,4fc946b596d2095932637bc191f64c85d4bcd7d107c4598f7f20a2e00c447cf8
BREAKOUT_TF_SIZE_CAP_MULT,UNCONNECTED,False,False,BOTH,ENTRY,,N/A_NOT_CONNECTED,N/A_NOT_CONNECTED,[],"[""ANY_AVAILABLE""]",[],[],no trusted frozen-engine lifecycle read and no imported+consumed SOURCE_EXACT contract,False,False,True,4fc946b596d2095932637bc191f64c85d4bcd7d107c4598f7f20a2e00c447cf8
BREAKOUT_TF_SIZE_ENABLED,UNCONNECTED,False,False,BOTH,ENTRY,,N/A_NOT_CONNECTED,N/A_NOT_CONNECTED,[],"[""ANY_AVAILABLE""]",[],[],no trusted frozen-engine lifecycle read and no imported+consumed SOURCE_EXACT contract,False,True,True,4fc946b596d2095932637bc191f64c85d4bcd7d107c4598f7f20a2e00c447cf8
BREAKOUT_TF_SIZE_MULT_15M,UNCONNECTED,False,False,BOTH,ENTRY,,N/A_NOT_CONNECTED,N/A_NOT_CONNECTED,[],"[""15m""]",[],[],no trusted frozen-engine lifecycle read and no imported+consumed SOURCE_EXACT contract,False,False,True,4fc946b596d2095932637bc191f64c85d4bcd7d107c4598f7f20a2e00c447cf8
BREAKOUT_TF_SIZE_MULT_1H,UNCONNECTED,False,False,BOTH,ENTRY,,N/A_NOT_CONNECTED,N/A_NOT_CONNECTED,[],"[""1h""]",[],[],no trusted frozen-engine lifecycle read and no imported+consumed SOURCE_EXACT contract,False,False,True,4fc946b596d2095932637bc191f64c85d4bcd7d107c4598f7f20a2e00c447cf8
BREAKOUT_TF_SIZE_MULT_3M,UNCONNECTED,False,False,BOTH,ENTRY,,N/A_NOT_CONNECTED,N/A_NOT_CONNECTED,[],"[""3m""]",[],[],no trusted frozen-engine lifecycle read and no imported+consumed SOURCE_EXACT contract,False,False,True,4fc946b596d2095932637bc191f64c85d4bcd7d107c4598f7f20a2e00c447cf8
BREAKOUT_TF_SIZE_MULT_4H,UNCONNECTED,False,False,BOTH,ENTRY,,N/A_NOT_CONNECTED,N/A_NOT_CONNECTED,[],"[""4h""]",[],[],no trusted frozen-engine lifecycle read and no imported+consumed SOURCE_EXACT contract,False,False,True,4fc946b596d2095932637bc191f64c85d4bcd7d107c4598f7f20a2e00c447cf8
BREAKOUT_TF_SIZE_MULT_5M,UNCONNECTED,False,False,BOTH,BREAKOUT_TF_SIZE,,N/A_NOT_CONNECTED,N/A_NOT_CONNECTED,[],"[""5m""]",[],[],no trusted frozen-engine lifecycle read and no imported+consumed SOURCE_EXACT contract,False,False,False,4fc946b596d2095932637bc191f64c85d4bcd7d107c4598f7f20a2e00c447cf8
BREAKOUT_TF_SIZE_MULT_D,UNCONNECTED,False,False,BOTH,ENTRY,,N/A_NOT_CONNECTED,N/A_NOT_CONNECTED,[],"[""D""]",[],[],no trusted frozen-engine lifecycle read and no imported+consumed SOURCE_EXACT contract,False,False,True,4fc946b596d2095932637bc191f64c85d4bcd7d107c4598f7f20a2e00c447cf8
BROKER_PREFLIGHT_CACHE_S,UNCONNECTED,False,False,BOTH,BROKER_PREFLIGHT_CACHE,,N/A_NOT_CONNECTED,N/A_NOT_CONNECTED,[],"[""ANY_AVAILABLE""]",[],[],no trusted frozen-engine lifecycle read and no imported+consumed SOURCE_EXACT contract,False,False,True,4fc946b596d2095932637bc191f64c85d4bcd7d107c4598f7f20a2e00c447cf8
BTC_ACCEL_RAMP_ENABLED,VENUE_SPECIFIC_BY_SOURCE,False,False,BOTH,BTC_ACCEL_RAMP,,N/A_NOT_CONNECTED,N/A_NOT_CONNECTED,[],"[""ANY_AVAILABLE""]",[],[],source scope is BOTH; no trusted frozen-engine causal integration,False,True,False,4fc946b596d2095932637bc191f64c85d4bcd7d107c4598f7f20a2e00c447cf8
BTC_ACCEL_RAMP_MIN_TFS,CONNECTED_CRYPTO,True,False,BOTH,S2_BTC_BEST_REENTRY,ENTRY|REENTRY,native=3m;required=3m|15m|1h|4h|D,N/A_NOT_CONNECTED,"[""close_{tf}"",""high_{tf}"",""low_{tf}""]","[""ANY_AVAILABLE""]",[],"[""v12_reentry_augment_gap_batch3:data/reports/V12_REENTRY_AUGMENT_GAP_BATCH3_CONTRACT.csv""]",trusted causal route is crypto-native/source-scoped; no Tradier connection credit,False,True,False,4fc946b596d2095932637bc191f64c85d4bcd7d107c4598f7f20a2e00c447cf8
BTC_ACCEL_RAMP_PRICE_BOUNCE_BARS,VENUE_SPECIFIC_BY_SOURCE,False,False,BOTH,BTC_ACCEL_RAMP,,N/A_NOT_CONNECTED,N/A_NOT_CONNECTED,[],"[""ANY_AVAILABLE""]",[],[],source scope is BOTH; no trusted frozen-engine causal integration,False,False,False,4fc946b596d2095932637bc191f64c85d4bcd7d107c4598f7f20a2e00c447cf8
BTC_ACCEL_RAMP_PRICE_BOUNCE_TF,VENUE_SPECIFIC_BY_SOURCE,False,False,BOTH,BTC_ACCEL_RAMP,,N/A_NOT_CONNECTED,N/A_NOT_CONNECTED,[],"[""3m""]",[],[],source scope is BOTH; no trusted frozen-engine causal integration,False,False,False,4fc946b596d2095932637bc191f64c85d4bcd7d107c4598f7f20a2e00c447cf8
BTC_ACCEL_RAMP_REQUIRE_POSITIVE,CONNECTED_CRYPTO,True,False,BOTH,FILTER,ENTRY|REENTRY,native=3m;required=3m|15m|1h|4h|D,N/A_NOT_CONNECTED,"[""close_{tf}"",""high_{tf}"",""low_{tf}""]","[""ANY_AVAILABLE""]",[],"[""v12_reentry_augment_gap_batch3:data/reports/V12_REENTRY_AUGMENT_GAP_BATCH3_CONTRACT.csv""]",trusted causal route is crypto-native/source-scoped; no Tradier connection credit,False,True,True,4fc946b596d2095932637bc191f64c85d4bcd7d107c4598f7f20a2e00c447cf8
BTC_BREAKOUT_ACCEL_MIN_TFS,VENUE_SPECIFIC_BY_SOURCE,False,False,BOTH,S2_BTC_BEST_BREAKOUT,,N/A_NOT_CONNECTED,N/A_NOT_CONNECTED,[],"[""ANY_AVAILABLE""]",[],[],source scope is BOTH; no trusted frozen-engine causal integration,False,True,False,4fc946b596d2095932637bc191f64c85d4bcd7d107c4598f7f20a2e00c447cf8
BTC_BREAKOUT_BLOCK_OPPOSING_DIV,VENUE_SPECIFIC_BY_SOURCE,False,False,BOTH,S2_BTC_BEST_BREAKOUT,,N/A_NOT_CONNECTED,N/A_NOT_CONNECTED,[],"[""ANY_AVAILABLE""]",[],[],source scope is BOTH; no trusted frozen-engine causal integration,False,True,False,4fc946b596d2095932637bc191f64c85d4bcd7d107c4598f7f20a2e00c447cf8
BTC_BREAKOUT_COOLDOWN_BARS,VENUE_SPECIFIC_BY_SOURCE,False,False,BOTH,S2_BTC_BEST_BREAKOUT,,N/A_NOT_CONNECTED,N/A_NOT_CONNECTED,[],"[""ANY_AVAILABLE""]",[],[],source scope is BOTH; no trusted frozen-engine causal integration,False,False,False,4fc946b596d2095932637bc191f64c85d4bcd7d107c4598f7f20a2e00c447cf8
BTC_BREAKOUT_DC_TF,VENUE_SPECIFIC_BY_SOURCE,False,False,BOTH,BTC_BREAKOUT_DC,,N/A_NOT_CONNECTED,N/A_NOT_CONNECTED,"[""dc_basis_3m"",""dc_high_3m"",""dc_low_3m""]","[""3m""]",[],[],source scope is BOTH; no trusted frozen-engine causal integration,False,False,False,4fc946b596d2095932637bc191f64c85d4bcd7d107c4598f7f20a2e00c447cf8
BTC_BREAKOUT_ENTRY_ENABLED,DEFERRED,False,False,BOTH,S2_BTC_BEST_BREAKOUT,,N/A_NOT_CONNECTED,N/A_NOT_CONNECTED,"[""close_{tf}"",""high_{tf}"",""low_{tf}""]","[""ANY_AVAILABLE""]",[],[],blocked=PATTERN_ONLY_EXACT_ARRAY_BINDING_NOT_PROVEN;next_100_contract=NOT_INTEGRATED,False,True,False,4fc946b596d2095932637bc191f64c85d4bcd7d107c4598f7f20a2e00c447cf8
BTC_BREAKOUT_HARD_LOSS_USD_PER_TRADE,VENUE_SPECIFIC_BY_SOURCE,False,False,BOTH,S2_BTC_BEST_RISK,,N/A_NOT_CONNECTED,N/A_NOT_CONNECTED,[],"[""ANY_AVAILABLE""]",[],[],source scope is BOTH; no trusted frozen-engine causal integration,False,False,False,4fc946b596d2095932637bc191f64c85d4bcd7d107c4598f7f20a2e00c447cf8
BTC_BREAKOUT_HTF_MIN_ALIGNED,VENUE_SPECIFIC_BY_SOURCE,False,False,BOTH,S2_BTC_BEST_BREAKOUT,,N/A_NOT_CONNECTED,N/A_NOT_CONNECTED,[],"[""ANY_AVAILABLE""]",[],[],source scope is BOTH; no trusted frozen-engine causal integration,False,True,False,4fc946b596d2095932637bc191f64c85d4bcd7d107c4598f7f20a2e00c447cf8
BTC_BREAKOUT_MIN_HOLD_BARS,VENUE_SPECIFIC_BY_SOURCE,False,False,BOTH,S2_BTC_BEST_BREAKOUT,,N/A_NOT_CONNECTED,N/A_NOT_CONNECTED,[],"[""ANY_AVAILABLE""]",[],[],source scope is BOTH; no trusted frozen-engine causal integration,False,False,False,4fc946b596d2095932637bc191f64c85d4bcd7d107c4598f7f20a2e00c447cf8
BTC_BREAKOUT_REENTRY_ON_EXIT,VENUE_SPECIFIC_BY_SOURCE,False,False,BOTH,BTC_BREAKOUT_REENTRY,,N/A_NOT_CONNECTED,N/A_NOT_CONNECTED,"[""close_{tf}"",""high_{tf}"",""low_{tf}""]","[""ANY_AVAILABLE""]",[],[],source scope is BOTH; no trusted frozen-engine causal integration,False,False,False,4fc946b596d2095932637bc191f64c85d4bcd7d107c4598f7f20a2e00c447cf8
BTC_BREAKOUT_REENTRY_REQUIRE_TREND,VENUE_SPECIFIC_BY_SOURCE,False,False,BOTH,BTC_BREAKOUT_REENTRY,,N/A_NOT_CONNECTED,N/A_NOT_CONNECTED,"[""close_{tf}"",""high_{tf}"",""low_{tf}""]","[""ANY_AVAILABLE""]",[],[],source scope is BOTH; no trusted frozen-engine causal integration,False,False,False,4fc946b596d2095932637bc191f64c85d4bcd7d107c4598f7f20a2e00c447cf8
BTC_BREAKOUT_REQUIRE_HTF_ALIGNED,VENUE_SPECIFIC_BY_SOURCE,False,False,BOTH,S2_BTC_BEST_BREAKOUT,,N/A_NOT_CONNECTED,N/A_NOT_CONNECTED,[],"[""ANY_AVAILABLE""]",[],[],source scope is BOTH; no trusted frozen-engine causal integration,False,True,False,4fc946b596d2095932637bc191f64c85d4bcd7d107c4598f7f20a2e00c447cf8
BTC_COOLDOWN_BARS,VENUE_SPECIFIC_BY_SOURCE,False,False,BOTH,BTC_COOLDOWN_BARS,,N/A_NOT_CONNECTED,N/A_NOT_CONNECTED,[],"[""ANY_AVAILABLE""]",[],[],source scope is BOTH; no trusted frozen-engine causal integration,False,False,False,4fc946b596d2095932637bc191f64c85d4bcd7d107c4598f7f20a2e00c447cf8
BTC_DAILY_LOSS_PCT_FLOOR,VENUE_SPECIFIC_BY_SOURCE,False,False,BOTH,BTC_DAILY_LOSS,,N/A_NOT_CONNECTED,N/A_NOT_CONNECTED,[],"[""ANY_AVAILABLE""]",[],[],source scope is BOTH; no trusted frozen-engine causal integration,False,False,False,4fc946b596d2095932637bc191f64c85d4bcd7d107c4598f7f20a2e00c447cf8
BTC_DEDICATED_ACCOUNTS,VENUE_SPECIFIC_BY_SOURCE,False,False,BOTH,GLOBAL,,N/A_NOT_CONNECTED,N/A_NOT_CONNECTED,[],"[""ANY_AVAILABLE""]",[],[],source scope is BOTH; no trusted frozen-engine causal integration,False,False,True,4fc946b596d2095932637bc191f64c85d4bcd7d107c4598f7f20a2e00c447cf8
BTC_DEDICATED_ENABLED,CONNECTED_CRYPTO,True,False,BOTH,GLOBAL,EXIT,native=3m,N/A_NOT_CONNECTED,[],"[""ANY_AVAILABLE""]","[""v12_quick_engine.py:7415:_wt_technical_exit_masks""]",[],trusted causal route is crypto-native/source-scoped; no Tradier connection credit,False,True,True,4fc946b596d2095932637bc191f64c85d4bcd7d107c4598f7f20a2e00c447cf8
BTC_DEDICATED_FILTER_TF,VENUE_SPECIFIC_BY_SOURCE,False,False,BOTH,VEC_BTC_DEDICATED,,N/A_NOT_CONNECTED,N/A_NOT_CONNECTED,[],"[""1m"",""3m"",""15m"",""1h"",""4h"",""D""]",[],[],source scope is BOTH; no trusted frozen-engine causal integration,False,False,False,4fc946b596d2095932637bc191f64c85d4bcd7d107c4598f7f20a2e00c447cf8
BTC_DEDICATED_MIN_TFS,VENUE_SPECIFIC_BY_SOURCE,False,False,BOTH,VEC_BTC_DEDICATED,,N/A_NOT_CONNECTED,N/A_NOT_CONNECTED,[],"[""ANY_AVAILABLE""]",[],[],source scope is BOTH; no trusted frozen-engine causal integration,False,False,False,4fc946b596d2095932637bc191f64c85d4bcd7d107c4598f7f20a2e00c447cf8
BTC_DEDICATED_SYMBOLS,VENUE_SPECIFIC_BY_SOURCE,False,False,BOTH,GLOBAL,,N/A_NOT_CONNECTED,N/A_NOT_CONNECTED,[],"[""ANY_AVAILABLE""]",[],[],source scope is BOTH; no trusted frozen-engine causal integration,False,False,True,4fc946b596d2095932637bc191f64c85d4bcd7d107c4598f7f20a2e00c447cf8
BTC_DIVERGENCE_BEAR_MIN_INDS,VENUE_SPECIFIC_BY_SOURCE,False,False,BOTH,BTC_DIVERGENCE_BEAR,,N/A_NOT_CONNECTED,N/A_NOT_CONNECTED,[],"[""ANY_AVAILABLE""]",[],[],source scope is BOTH; no trusted frozen-engine causal integration,False,True,False,4fc946b596d2095932637bc191f64c85d4bcd7d107c4598f7f20a2e00c447cf8
BTC_DIVERGENCE_BLOCK_AGAINST,VENUE_SPECIFIC_BY_SOURCE,False,False,BOTH,S2_BTC_BEST_CORE,,N/A_NOT_CONNECTED,N/A_NOT_CONNECTED,[],"[""ANY_AVAILABLE""]",[],[],source scope is BOTH; no trusted frozen-engine causal integration,False,True,False,4fc946b596d2095932637bc191f64c85d4bcd7d107c4598f7f20a2e00c447cf8
BTC_DIVERGENCE_BULL_MIN_INDS,VENUE_SPECIFIC_BY_SOURCE,False,False,BOTH,BTC_DIVERGENCE_BULL,,N/A_NOT_CONNECTED,N/A_NOT_CONNECTED,[],"[""ANY_AVAILABLE""]",[],[],source scope is BOTH; no trusted frozen-engine causal integration,False,True,False,4fc946b596d2095932637bc191f64c85d4bcd7d107c4598f7f20a2e00c447cf8
BTC_DIVERGENCE_ENABLED,VENUE_SPECIFIC_BY_SOURCE,False,False,BOTH,BTC_DIVERGENCE_ENABLED,,N/A_NOT_CONNECTED,N/A_NOT_CONNECTED,[],"[""ANY_AVAILABLE""]",[],[],source scope is BOTH; no trusted frozen-engine causal integration,False,True,False,4fc946b596d2095932637bc191f64c85d4bcd7d107c4598f7f20a2e00c447cf8
BTC_DIVERGENCE_EXIT_AGAINST,VENUE_SPECIFIC_BY_SOURCE,False,False,BOTH,S2_BTC_BEST_CORE,,N/A_NOT_CONNECTED,N/A_NOT_CONNECTED,"[""close_{tf}"",""high_{tf}"",""low_{tf}""]","[""ANY_AVAILABLE""]",[],[],source scope is BOTH; no trusted frozen-engine causal integration,False,True,False,4fc946b596d2095932637bc191f64c85d4bcd7d107c4598f7f20a2e00c447cf8
BTC_DIVERGENCE_LB_15M,VENUE_SPECIFIC_BY_SOURCE,False,False,BOTH,BTC_DIVERGENCE_LB,,N/A_NOT_CONNECTED,N/A_NOT_CONNECTED,[],"[""15m""]",[],[],source scope is BOTH; no trusted frozen-engine causal integration,False,False,False,4fc946b596d2095932637bc191f64c85d4bcd7d107c4598f7f20a2e00c447cf8
BTC_DIVERGENCE_LB_1H,VENUE_SPECIFIC_BY_SOURCE,False,False,BOTH,BTC_DIVERGENCE_LB,,N/A_NOT_CONNECTED,N/A_NOT_CONNECTED,[],"[""1h""]",[],[],source scope is BOTH; no trusted frozen-engine causal integration,False,False,False,4fc946b596d2095932637bc191f64c85d4bcd7d107c4598f7f20a2e00c447cf8
BTC_DIVERGENCE_LB_3M,VENUE_SPECIFIC_BY_SOURCE,False,False,BOTH,BTC_DIVERGENCE_LB,,N/A_NOT_CONNECTED,N/A_NOT_CONNECTED,[],"[""3m""]",[],[],source scope is BOTH; no trusted frozen-engine causal integration,False,False,False,4fc946b596d2095932637bc191f64c85d4bcd7d107c4598f7f20a2e00c447cf8
BTC_DIVERGENCE_LB_4H,VENUE_SPECIFIC_BY_SOURCE,False,False,BOTH,BTC_DIVERGENCE_LB,,N/A_NOT_CONNECTED,N/A_NOT_CONNECTED,[],"[""4h""]",[],[],source scope is BOTH; no trusted frozen-engine causal integration,False,False,False,4fc946b596d2095932637bc191f64c85d4bcd7d107c4598f7f20a2e00c447cf8
BTC_DIVERGENCE_LB_D,VENUE_SPECIFIC_BY_SOURCE,False,False,BOTH,BTC_DIVERGENCE_LB,,N/A_NOT_CONNECTED,N/A_NOT_CONNECTED,[],"[""D""]",[],[],source scope is BOTH; no trusted frozen-engine causal integration,False,False,False,4fc946b596d2095932637bc191f64c85d4bcd7d107c4598f7f20a2e00c447cf8
BTC_DIVERGENCE_LOOKBACK_BARS,VENUE_SPECIFIC_BY_SOURCE,False,False,BOTH,BTC_DIVERGENCE_LOOKBACK,,N/A_NOT_CONNECTED,N/A_NOT_CONNECTED,[],"[""ANY_AVAILABLE""]",[],[],source scope is BOTH; no trusted frozen-engine causal integration,False,True,False,4fc946b596d2095932637bc191f64c85d4bcd7d107c4598f7f20a2e00c447cf8
BTC_DIVERGENCE_MIN_TF,VENUE_SPECIFIC_BY_SOURCE,False,False,BOTH,S2_BTC_BEST_CORE,,N/A_NOT_CONNECTED,N/A_NOT_CONNECTED,[],"[""1h"",""4h"",""D""]",[],[],source scope is BOTH; no trusted frozen-engine causal integration,False,True,False,4fc946b596d2095932637bc191f64c85d4bcd7d107c4598f7f20a2e00c447cf8
BTC_DIVERGENCE_REQUIRE_D_CONFIRM_BARS,VENUE_SPECIFIC_BY_SOURCE,False,False,BOTH,BTC_DIVERGENCE_REQUIRE,,N/A_NOT_CONNECTED,N/A_NOT_CONNECTED,[],"[""D""]",[],[],source scope is BOTH; no trusted frozen-engine causal integration,False,False,False,4fc946b596d2095932637bc191f64c85d4bcd7d107c4598f7f20a2e00c447cf8
BTC_ENTRY_DIV_ONLY_ENABLED,DEFERRED,False,False,BOTH,BTC_ENTRY_DIV,,N/A_NOT_CONNECTED,N/A_NOT_CONNECTED,"[""close_{tf}"",""high_{tf}"",""low_{tf}""]","[""ANY_AVAILABLE""]",[],[],blocked=PATTERN_ONLY_EXACT_ARRAY_BINDING_NOT_PROVEN;next_100_contract=NOT_INTEGRATED,False,True,False,4fc946b596d2095932637bc191f64c85d4bcd7d107c4598f7f20a2e00c447cf8
BTC_ENTRY_DIV_ONLY_MIN_INDS,VENUE_SPECIFIC_BY_SOURCE,False,False,BOTH,BTC_ENTRY_DIV,,N/A_NOT_CONNECTED,N/A_NOT_CONNECTED,"[""close_{tf}"",""high_{tf}"",""low_{tf}""]","[""ANY_AVAILABLE""]",[],[],source scope is BOTH; no trusted frozen-engine causal integration,False,False,False,4fc946b596d2095932637bc191f64c85d4bcd7d107c4598f7f20a2e00c447cf8
BTC_ENTRY_PRIMARY_BLOCK_OPPOSING_DIV,VENUE_SPECIFIC_BY_SOURCE,False,False,BOTH,BTC_ENTRY_PRIMARY,,N/A_NOT_CONNECTED,N/A_NOT_CONNECTED,"[""close_{tf}"",""high_{tf}"",""low_{tf}""]","[""ANY_AVAILABLE""]",[],[],source scope is BOTH; no trusted frozen-engine causal integration,False,False,False,4fc946b596d2095932637bc191f64c85d4bcd7d107c4598f7f20a2e00c447cf8
BTC_ENTRY_PRIMARY_REQUIRE_ACCEL_RAMP,CONNECTED_CRYPTO,True,False,BOTH,S2_BTC_BEST_REENTRY,ENTRY|REENTRY,native=3m;required=3m|15m|1h|4h|D,N/A_NOT_CONNECTED,"[""close_{tf}"",""high_{tf}"",""low_{tf}""]","[""ANY_AVAILABLE""]",[],"[""v12_reentry_augment_gap_batch3:data/reports/V12_REENTRY_AUGMENT_GAP_BATCH3_CONTRACT.csv""]",trusted causal route is crypto-native/source-scoped; no Tradier connection credit,False,True,False,4fc946b596d2095932637bc191f64c85d4bcd7d107c4598f7f20a2e00c447cf8
BTC_ENTRY_PRIMARY_REQUIRE_RZ,CONNECTED_CRYPTO,True,False,BOTH,S2_BTC_BEST_REENTRY,ENTRY|REENTRY,native=3m;required=3m|15m|1h|4h|D,N/A_NOT_CONNECTED,"[""close_{tf}"",""high_{tf}"",""low_{tf}""]","[""ANY_AVAILABLE""]",[],"[""v12_reentry_augment_gap_batch3:data/reports/V12_REENTRY_AUGMENT_GAP_BATCH3_CONTRACT.csv""]",trusted causal route is crypto-native/source-scoped; no Tradier connection credit,False,True,False,4fc946b596d2095932637bc191f64c85d4bcd7d107c4598f7f20a2e00c447cf8
BTC_FIB_LOOKBACK_4H,VENUE_SPECIFIC_BY_SOURCE,False,False,BOTH,BTC_FIB_LOOKBACK,,N/A_NOT_CONNECTED,N/A_NOT_CONNECTED,[],"[""4h""]",[],[],source scope is BOTH; no trusted frozen-engine causal integration,False,False,False,4fc946b596d2095932637bc191f64c85d4bcd7d107c4598f7f20a2e00c447cf8
BTC_FIB_LOOKBACK_D,VENUE_SPECIFIC_BY_SOURCE,False,False,BOTH,BTC_FIB_LOOKBACK,,N/A_NOT_CONNECTED,N/A_NOT_CONNECTED,[],"[""D""]",[],[],source scope is BOTH; no trusted frozen-engine causal integration,False,False,False,4fc946b596d2095932637bc191f64c85d4bcd7d107c4598f7f20a2e00c447cf8
BTC_FIB_LOOKBACK_M,VENUE_SPECIFIC_BY_SOURCE,False,False,BOTH,BTC_FIB_LOOKBACK,,N/A_NOT_CONNECTED,N/A_NOT_CONNECTED,[],"[""ANY_AVAILABLE""]",[],[],source scope is BOTH; no trusted frozen-engine causal integration,False,False,False,4fc946b596d2095932637bc191f64c85d4bcd7d107c4598f7f20a2e00c447cf8
BTC_FIB_LOOKBACK_W,VENUE_SPECIFIC_BY_SOURCE,False,False,BOTH,BTC_FIB_LOOKBACK,,N/A_NOT_CONNECTED,N/A_NOT_CONNECTED,[],"[""W""]",[],[],source scope is BOTH; no trusted frozen-engine causal integration,False,False,False,4fc946b596d2095932637bc191f64c85d4bcd7d107c4598f7f20a2e00c447cf8
BTC_FIB_LOOKBACK_Y,VENUE_SPECIFIC_BY_SOURCE,False,False,BOTH,BTC_FIB_LOOKBACK,,N/A_NOT_CONNECTED,N/A_NOT_CONNECTED,[],"[""ANY_AVAILABLE""]",[],[],source scope is BOTH; no trusted frozen-engine causal integration,False,False,False,4fc946b596d2095932637bc191f64c85d4bcd7d107c4598f7f20a2e00c447cf8
BTC_FIB_RECOMPUTE_ON_NEW_HL,VENUE_SPECIFIC_BY_SOURCE,False,False,BOTH,BTC_FIB_RECOMPUTE,,N/A_NOT_CONNECTED,N/A_NOT_CONNECTED,[],"[""ANY_AVAILABLE""]",[],[],source scope is BOTH; no trusted frozen-engine causal integration,False,False,False,4fc946b596d2095932637bc191f64c85d4bcd7d107c4598f7f20a2e00c447cf8
BTC_FOLLOW_THROUGH_MIN_MOVE_PCT,CONNECTED_CRYPTO,True,False,BOTH,S2_BTC_BEST_REENTRY,REENTRY,native=3m;required=3m|15m|1h|4h|D,N/A_NOT_CONNECTED,"[""close_{tf}"",""high_{tf}"",""low_{tf}""]","[""ANY_AVAILABLE""]",[],"[""v12_reentry_augment_gap_batch3:data/reports/V12_REENTRY_AUGMENT_GAP_BATCH3_CONTRACT.csv""]",trusted causal route is crypto-native/source-scoped; no Tradier connection credit,False,False,False,4fc946b596d2095932637bc191f64c85d4bcd7d107c4598f7f20a2e00c447cf8
BTC_FOLLOW_THROUGH_REENTRY_ENABLED,CONNECTED_CRYPTO,True,False,BOTH,S2_BTC_BEST_REENTRY,REENTRY,native=3m;required=3m|15m|1h|4h|D,N/A_NOT_CONNECTED,"[""close_{tf}"",""high_{tf}"",""low_{tf}""]","[""ANY_AVAILABLE""]",[],"[""v12_reentry_augment_gap_batch3:data/reports/V12_REENTRY_AUGMENT_GAP_BATCH3_CONTRACT.csv""]",trusted causal route is crypto-native/source-scoped; no Tradier connection credit,False,True,False,4fc946b596d2095932637bc191f64c85d4bcd7d107c4598f7f20a2e00c447cf8
BTC_GUARANTEED_REENTRY_ENABLED,CONNECTED_CRYPTO,True,False,BOTH,S2_BTC_BEST_RISK,REENTRY,native=3m;required=3m|15m|1h|4h|D,N/A_NOT_CONNECTED,"[""close_{tf}"",""high_{tf}"",""low_{tf}""]","[""ANY_AVAILABLE""]",[],"[""v12_reentry_augment_gap_batch3:data/reports/V12_REENTRY_AUGMENT_GAP_BATCH3_CONTRACT.csv""]",trusted causal route is crypto-native/source-scoped; no Tradier connection credit,False,True,False,4fc946b596d2095932637bc191f64c85d4bcd7d107c4598f7f20a2e00c447cf8
BTC_GUARANTEED_REENTRY_MAX_AGE_BARS,CONNECTED_CRYPTO,True,False,BOTH,BTC_GUARANTEED_REENTRY,REENTRY,native=3m;required=3m|15m|1h|4h|D,N/A_NOT_CONNECTED,"[""close_{tf}"",""high_{tf}"",""low_{tf}""]","[""ANY_AVAILABLE""]",[],"[""v12_reentry_augment_gap_batch3:data/reports/V12_REENTRY_AUGMENT_GAP_BATCH3_CONTRACT.csv""]",trusted causal route is crypto-native/source-scoped; no Tradier connection credit,False,False,False,4fc946b596d2095932637bc191f64c85d4bcd7d107c4598f7f20a2e00c447cf8
BTC_GUARANTEED_REENTRY_MIN_GAP_BARS,CONNECTED_CRYPTO,True,False,BOTH,S2_BTC_BEST_RISK,REENTRY,native=3m;required=3m|15m|1h|4h|D,N/A_NOT_CONNECTED,"[""close_{tf}"",""high_{tf}"",""low_{tf}""]","[""ANY_AVAILABLE""]",[],"[""v12_reentry_augment_gap_batch3:data/reports/V12_REENTRY_AUGMENT_GAP_BATCH3_CONTRACT.csv""]",trusted causal route is crypto-native/source-scoped; no Tradier connection credit,False,False,False,4fc946b596d2095932637bc191f64c85d4bcd7d107c4598f7f20a2e00c447cf8
BTC_GUARANTEED_REENTRY_REQUIRE_RZ_BOUNCE,CONNECTED_CRYPTO,True,False,BOTH,BTC_GUARANTEED_REENTRY,REENTRY,native=3m;required=3m|15m|1h|4h|D,N/A_NOT_CONNECTED,"[""close_{tf}"",""high_{tf}"",""low_{tf}""]","[""ANY_AVAILABLE""]",[],"[""v12_reentry_augment_gap_batch3:data/reports/V12_REENTRY_AUGMENT_GAP_BATCH3_CONTRACT.csv""]",trusted causal route is crypto-native/source-scoped; no Tradier connection credit,False,False,False,4fc946b596d2095932637bc191f64c85d4bcd7d107c4598f7f20a2e00c447cf8
BTC_GUARANTEED_REENTRY_SIZE_MULT,VENUE_SPECIFIC_BY_SOURCE,False,False,BOTH,BTC_GUARANTEED_REENTRY,,N/A_NOT_CONNECTED,N/A_NOT_CONNECTED,"[""close_{tf}"",""high_{tf}"",""low_{tf}""]","[""ANY_AVAILABLE""]",[],[],source scope is BOTH; no trusted frozen-engine causal integration,False,False,False,4fc946b596d2095932637bc191f64c85d4bcd7d107c4598f7f20a2e00c447cf8
BTC_HARD_BLOCK_OTHER_ACCOUNTS,VENUE_SPECIFIC_BY_SOURCE,False,False,BOTH,FILTER,,N/A_NOT_CONNECTED,N/A_NOT_CONNECTED,[],"[""ANY_AVAILABLE""]",[],[],source scope is BOTH; no trusted frozen-engine causal integration,False,False,True,4fc946b596d2095932637bc191f64c85d4bcd7d107c4598f7f20a2e00c447cf8
BTC_HARD_LOSS_USD_PER_TRADE,VENUE_SPECIFIC_BY_SOURCE,False,False,BOTH,S2_BTC_BEST_RISK,,N/A_NOT_CONNECTED,N/A_NOT_CONNECTED,[],"[""ANY_AVAILABLE""]",[],[],source scope is BOTH; no trusted frozen-engine causal integration,False,False,False,4fc946b596d2095932637bc191f64c85d4bcd7d107c4598f7f20a2e00c447cf8
BTC_HEDGE_DC_RESISTANCE_GATE_ENABLED,VENUE_SPECIFIC_BY_SOURCE,False,False,BOTH,BTC_HEDGE_DC,,N/A_NOT_CONNECTED,N/A_NOT_CONNECTED,"[""dc_basis_{tf}"",""dc_high_{tf}"",""dc_low_{tf}""]","[""ANY_AVAILABLE""]",[],[],source scope is BOTH; no trusted frozen-engine causal integration,False,True,False,4fc946b596d2095932637bc191f64c85d4bcd7d107c4598f7f20a2e00c447cf8
BTC_HEDGE_MIN_HOLD_BARS,VENUE_SPECIFIC_BY_SOURCE,False,False,BOTH,BTC_HEDGE_MIN,,N/A_NOT_CONNECTED,N/A_NOT_CONNECTED,[],"[""ANY_AVAILABLE""]",[],[],source scope is BOTH; no trusted frozen-engine causal integration,False,False,False,4fc946b596d2095932637bc191f64c85d4bcd7d107c4598f7f20a2e00c447cf8
BTC_HEDGE_NEVER_CLOSE_AT_LOSS,VENUE_SPECIFIC_BY_SOURCE,False,False,BOTH,BTC_HEDGE_NEVER,,N/A_NOT_CONNECTED,N/A_NOT_CONNECTED,"[""close_{tf}"",""high_{tf}"",""low_{tf}""]","[""ANY_AVAILABLE""]",[],[],source scope is BOTH; no trusted frozen-engine causal integration,False,False,False,4fc946b596d2095932637bc191f64c85d4bcd7d107c4598f7f20a2e00c447cf8
BTC_HEDGE_REQUIRE_4OF5_WT_TFS,VENUE_SPECIFIC_BY_SOURCE,False,False,BOTH,BTC_HEDGE_REQUIRE,,N/A_NOT_CONNECTED,N/A_NOT_CONNECTED,"[""wt1_{tf}"",""wt2_{tf}""]","[""ANY_AVAILABLE""]",[],[],source scope is BOTH; no trusted frozen-engine causal integration,False,False,False,4fc946b596d2095932637bc191f64c85d4bcd7d107c4598f7f20a2e00c447cf8
BTC_HEDGE_SAMESYM_CLOSE_REQUIRE_NONNEG_GAIN,VENUE_SPECIFIC_BY_SOURCE,False,False,BOTH,BTC_HEDGE_SAMESYM,,N/A_NOT_CONNECTED,N/A_NOT_CONNECTED,"[""close_{tf}"",""high_{tf}"",""low_{tf}""]","[""ANY_AVAILABLE""]",[],[],source scope is BOTH; no trusted frozen-engine causal integration,False,False,False,4fc946b596d2095932637bc191f64c85d4bcd7d107c4598f7f20a2e00c447cf8
BTC_HEDGE_SAMESYM_CLOSE_REQUIRE_WT_3M_AND_1H,VENUE_SPECIFIC_BY_SOURCE,False,False,BOTH,BTC_HEDGE_SAMESYM,,N/A_NOT_CONNECTED,N/A_NOT_CONNECTED,"[""close_1h"",""close_3m"",""high_1h"",""high_3m"",""low_1h"",""low_3m"",""wt1_1h"",""wt1_3m"",""wt2_1h"",""wt2_3m""]","[""3m"",""1h""]",[],[],source scope is BOTH; no trusted frozen-engine causal integration,False,False,False,4fc946b596d2095932637bc191f64c85d4bcd7d107c4598f7f20a2e00c447cf8
BTC_HEDGE_SAMESYM_ENABLED,VENUE_SPECIFIC_BY_SOURCE,False,False,BOTH,BTC_HEDGE_SAMESYM,,N/A_NOT_CONNECTED,N/A_NOT_CONNECTED,[],"[""ANY_AVAILABLE""]",[],[],source scope is BOTH; no trusted frozen-engine causal integration,False,True,False,4fc946b596d2095932637bc191f64c85d4bcd7d107c4598f7f20a2e00c447cf8
BTC_HEDGE_SAMESYM_HEDGE_HARD_LOSS_PCT,VENUE_SPECIFIC_BY_SOURCE,False,False,BOTH,BTC_HEDGE_SAMESYM,,N/A_NOT_CONNECTED,N/A_NOT_CONNECTED,[],"[""ANY_AVAILABLE""]",[],[],source scope is BOTH; no trusted frozen-engine causal integration,False,False,False,4fc946b596d2095932637bc191f64c85d4bcd7d107c4598f7f20a2e00c447cf8
BTC_HEDGE_SAMESYM_NOTIONAL_PCT,VENUE_SPECIFIC_BY_SOURCE,False,False,BOTH,BTC_HEDGE_SAMESYM,,N/A_NOT_CONNECTED,N/A_NOT_CONNECTED,[],"[""ANY_AVAILABLE""]",[],[],source scope is BOTH; no trusted frozen-engine causal integration,False,False,False,4fc946b596d2095932637bc191f64c85d4bcd7d107c4598f7f20a2e00c447cf8
BTC_HEDGE_SAMESYM_REQUIRE_HTF_TFS_MIN,VENUE_SPECIFIC_BY_SOURCE,False,False,BOTH,BTC_HEDGE_SAMESYM,,N/A_NOT_CONNECTED,N/A_NOT_CONNECTED,[],"[""ANY_AVAILABLE""]",[],[],source scope is BOTH; no trusted frozen-engine causal integration,False,False,False,4fc946b596d2095932637bc191f64c85d4bcd7d107c4598f7f20a2e00c447cf8
BTC_HEDGE_SAMESYM_REQUIRE_WT_15M,VENUE_SPECIFIC_BY_SOURCE,False,False,BOTH,BTC_HEDGE_SAMESYM,,N/A_NOT_CONNECTED,N/A_NOT_CONNECTED,"[""wt1_15m"",""wt2_15m""]","[""15m""]",[],[],source scope is BOTH; no trusted frozen-engine causal integration,False,False,False,4fc946b596d2095932637bc191f64c85d4bcd7d107c4598f7f20a2e00c447cf8
BTC_HEDGE_SAMESYM_REQUIRE_WT_3M,VENUE_SPECIFIC_BY_SOURCE,False,False,BOTH,BTC_HEDGE_SAMESYM,,N/A_NOT_CONNECTED,N/A_NOT_CONNECTED,"[""wt1_3m"",""wt2_3m""]","[""3m""]",[],[],source scope is BOTH; no trusted frozen-engine causal integration,False,False,False,4fc946b596d2095932637bc191f64c85d4bcd7d107c4598f7f20a2e00c447cf8
BTC_HEDGE_SAMESYM_TRIGGER_LOSS_PCT,VENUE_SPECIFIC_BY_SOURCE,False,False,BOTH,BTC_HEDGE_SAMESYM,,N/A_NOT_CONNECTED,N/A_NOT_CONNECTED,[],"[""ANY_AVAILABLE""]",[],[],source scope is BOTH; no trusted frozen-engine causal integration,False,False,False,4fc946b596d2095932637bc191f64c85d4bcd7d107c4598f7f20a2e00c447cf8
BTC_HEDGE_SAME_SYMBOL_PCT,VENUE_SPECIFIC_BY_SOURCE,False,False,BOTH,BTC_HEDGE_SAME,,N/A_NOT_CONNECTED,N/A_NOT_CONNECTED,[],"[""ANY_AVAILABLE""]",[],[],source scope is BOTH; no trusted frozen-engine causal integration,False,False,False,4fc946b596d2095932637bc191f64c85d4bcd7d107c4598f7f20a2e00c447cf8
BTC_HEDGE_TRIGGER_LOSS_PCT,VENUE_SPECIFIC_BY_SOURCE,False,False,BOTH,BTC_HEDGE_TRIGGER,,N/A_NOT_CONNECTED,N/A_NOT_CONNECTED,[],"[""ANY_AVAILABLE""]",[],[],source scope is BOTH; no trusted frozen-engine causal integration,False,False,False,4fc946b596d2095932637bc191f64c85d4bcd7d107c4598f7f20a2e00c447cf8
BTC_HEDGE_WT_KILL_CONFIRM_TF,VENUE_SPECIFIC_BY_SOURCE,False,False,BOTH,BTC_HEDGE_WT,,N/A_NOT_CONNECTED,N/A_NOT_CONNECTED,"[""wt1_1h"",""wt2_1h""]","[""1h""]",[],[],source scope is BOTH; no trusted frozen-engine causal integration,False,False,False,4fc946b596d2095932637bc191f64c85d4bcd7d107c4598f7f20a2e00c447cf8
BTC_HEDGE_WT_VEL_GATE_ENABLED,VENUE_SPECIFIC_BY_SOURCE,False,False,BOTH,BTC_HEDGE_WT,,N/A_NOT_CONNECTED,N/A_NOT_CONNECTED,"[""wt1_{tf}"",""wt2_{tf}""]","[""ANY_AVAILABLE""]",[],[],source scope is BOTH; no trusted frozen-engine causal integration,False,True,False,4fc946b596d2095932637bc191f64c85d4bcd7d107c4598f7f20a2e00c447cf8
BTC_INTRABAR_REVERSAL_EXIT,VENUE_SPECIFIC_BY_SOURCE,False,False,BOTH,BTC_INTRABAR_REVERSAL,,N/A_NOT_CONNECTED,N/A_NOT_CONNECTED,"[""close_{tf}"",""high_{tf}"",""low_{tf}""]","[""ANY_AVAILABLE""]",[],[],source scope is BOTH; no trusted frozen-engine causal integration,False,True,False,4fc946b596d2095932637bc191f64c85d4bcd7d107c4598f7f20a2e00c447cf8
BTC_LEVERAGE,VENUE_SPECIFIC_BY_SOURCE,False,False,BOTH,SIZING,,N/A_NOT_CONNECTED,N/A_NOT_CONNECTED,[],"[""ANY_AVAILABLE""]",[],[],source scope is BOTH; no trusted frozen-engine causal integration,False,False,True,4fc946b596d2095932637bc191f64c85d4bcd7d107c4598f7f20a2e00c447cf8
BTC_MIN_HOLD_BARS,VENUE_SPECIFIC_BY_SOURCE,False,False,BOTH,BTC_MIN_HOLD,,N/A_NOT_CONNECTED,N/A_NOT_CONNECTED,[],"[""ANY_AVAILABLE""]",[],[],source scope is BOTH; no trusted frozen-engine causal integration,False,False,False,4fc946b596d2095932637bc191f64c85d4bcd7d107c4598f7f20a2e00c447cf8
BTC_PAPER_PARITY_VERIFY_AT_STARTUP,VENUE_SPECIFIC_BY_SOURCE,False,False,BOTH,BTC_PAPER_PARITY,,N/A_NOT_CONNECTED,N/A_NOT_CONNECTED,[],"[""ANY_AVAILABLE""]",[],[],source scope is BOTH; no trusted frozen-engine causal integration,False,False,False,4fc946b596d2095932637bc191f64c85d4bcd7d107c4598f7f20a2e00c447cf8
BTC_PAPER_RECONCILE_ALARM_DRIFT_PCT,VENUE_SPECIFIC_BY_SOURCE,False,False,BOTH,BTC_PAPER_RECONCILE,,N/A_NOT_CONNECTED,N/A_NOT_CONNECTED,[],"[""ANY_AVAILABLE""]",[],[],source scope is BOTH; no trusted frozen-engine causal integration,False,False,False,4fc946b596d2095932637bc191f64c85d4bcd7d107c4598f7f20a2e00c447cf8
BTC_PER_SYM_CONFIG_ENABLED,VENUE_SPECIFIC_BY_SOURCE,False,False,BOTH,GLOBAL,,N/A_NOT_CONNECTED,N/A_NOT_CONNECTED,[],"[""ANY_AVAILABLE""]",[],[],source scope is BOTH; no trusted frozen-engine causal integration,False,True,False,4fc946b596d2095932637bc191f64c85d4bcd7d107c4598f7f20a2e00c447cf8
BTC_PER_TRADE_NOTIONAL_USD_MAX,VENUE_SPECIFIC_BY_SOURCE,False,False,BOTH,SIZING,,N/A_NOT_CONNECTED,N/A_NOT_CONNECTED,[],"[""ANY_AVAILABLE""]",[],[],source scope is BOTH; no trusted frozen-engine causal integration,False,False,True,4fc946b596d2095932637bc191f64c85d4bcd7d107c4598f7f20a2e00c447cf8
BTC_PYRAMID_DISABLED,VENUE_SPECIFIC_BY_SOURCE,False,False,BOTH,BTC_PYRAMID_DISABLED,,N/A_NOT_CONNECTED,N/A_NOT_CONNECTED,"[""close_{tf}"",""high_{tf}"",""low_{tf}""]","[""ANY_AVAILABLE""]",[],[],source scope is BOTH; no trusted frozen-engine causal integration,False,False,False,4fc946b596d2095932637bc191f64c85d4bcd7d107c4598f7f20a2e00c447cf8
BTC_REGIME_PAUSE_ENABLED,VENUE_SPECIFIC_BY_SOURCE,False,False,BOTH,BTC_REGIME_PAUSE,,N/A_NOT_CONNECTED,N/A_NOT_CONNECTED,[],"[""ANY_AVAILABLE""]",[],[],source scope is BOTH; no trusted frozen-engine causal integration,False,True,False,4fc946b596d2095932637bc191f64c85d4bcd7d107c4598f7f20a2e00c447cf8
BTC_REVERSE_ON_EXIT_ENABLED,CONNECTED_CRYPTO,True,False,BOTH,S2_BTC_BEST_REENTRY,ENTRY|REENTRY,native=3m,N/A_NOT_CONNECTED,"[""close_{tf}"",""high_{tf}"",""low_{tf}""]","[""ANY_AVAILABLE""]",[],"[""v12_reentry_augment_gap_batch3:data/reports/V12_REENTRY_AUGMENT_GAP_BATCH3_CONTRACT.csv""]",trusted causal route is crypto-native/source-scoped; no Tradier connection credit,False,True,False,4fc946b596d2095932637bc191f64c85d4bcd7d107c4598f7f20a2e00c447cf8
BTC_REVERSE_REQUIRE_HTF_ALIGNED,VENUE_SPECIFIC_BY_SOURCE,False,False,BOTH,BTC_REVERSE_REQUIRE,,N/A_NOT_CONNECTED,N/A_NOT_CONNECTED,[],"[""ANY_AVAILABLE""]",[],[],source scope is BOTH; no trusted frozen-engine causal integration,False,False,False,4fc946b596d2095932637bc191f64c85d4bcd7d107c4598f7f20a2e00c447cf8
BTC_RISK_PATH,VENUE_SPECIFIC_BY_SOURCE,False,False,BOTH,S2_BTC_BEST_RISK,,N/A_NOT_CONNECTED,N/A_NOT_CONNECTED,[],"[""ANY_AVAILABLE""]",[],[],source scope is BOTH; no trusted frozen-engine causal integration,False,False,False,4fc946b596d2095932637bc191f64c85d4bcd7d107c4598f7f20a2e00c447cf8
BTC_ROUND_BANDS_EACH_SIDE,VENUE_SPECIFIC_BY_SOURCE,False,False,BOTH,FILTER,,N/A_NOT_CONNECTED,N/A_NOT_CONNECTED,[],"[""ANY_AVAILABLE""]",[],[],source scope is BOTH; no trusted frozen-engine causal integration,False,False,True,4fc946b596d2095932637bc191f64c85d4bcd7d107c4598f7f20a2e00c447cf8
BTC_ROUND_INC_PRIMARY_USD,VENUE_SPECIFIC_BY_SOURCE,False,False,BOTH,GLOBAL,,N/A_NOT_CONNECTED,N/A_NOT_CONNECTED,[],"[""ANY_AVAILABLE""]",[],[],source scope is BOTH; no trusted frozen-engine causal integration,False,True,True,4fc946b596d2095932637bc191f64c85d4bcd7d107c4598f7f20a2e00c447cf8
BTC_ROUND_INC_SECONDARY_USD,VENUE_SPECIFIC_BY_SOURCE,False,False,BOTH,GLOBAL,,N/A_NOT_CONNECTED,N/A_NOT_CONNECTED,[],"[""ANY_AVAILABLE""]",[],[],source scope is BOTH; no trusted frozen-engine causal integration,False,True,True,4fc946b596d2095932637bc191f64c85d4bcd7d107c4598f7f20a2e00c447cf8
BTC_RZ_AS_BOOST_ENABLED,VENUE_SPECIFIC_BY_SOURCE,False,False,BOTH,S2_BTC_BEST_CORE,,N/A_NOT_CONNECTED,N/A_NOT_CONNECTED,[],"[""ANY_AVAILABLE""]",[],[],source scope is BOTH; no trusted frozen-engine causal integration,False,True,False,4fc946b596d2095932637bc191f64c85d4bcd7d107c4598f7f20a2e00c447cf8
BTC_RZ_PROXIMITY_PCT,VENUE_SPECIFIC_BY_SOURCE,False,False,BOTH,GLOBAL,,N/A_NOT_CONNECTED,N/A_NOT_CONNECTED,[],"[""ANY_AVAILABLE""]",[],[],source scope is BOTH; no trusted frozen-engine causal integration,False,True,True,4fc946b596d2095932637bc191f64c85d4bcd7d107c4598f7f20a2e00c447cf8
BTC_RZ_SOFTEN_ACCEL_BY,VENUE_SPECIFIC_BY_SOURCE,False,False,BOTH,BTC_RZ_SOFTEN,,N/A_NOT_CONNECTED,N/A_NOT_CONNECTED,[],"[""ANY_AVAILABLE""]",[],[],source scope is BOTH; no trusted frozen-engine causal integration,False,True,False,4fc946b596d2095932637bc191f64c85d4bcd7d107c4598f7f20a2e00c447cf8
BTC_RZ_USE_FIB,VENUE_SPECIFIC_BY_SOURCE,False,False,BOTH,S2_BTC_BEST_RISK,,N/A_NOT_CONNECTED,N/A_NOT_CONNECTED,[],"[""ANY_AVAILABLE""]",[],[],source scope is BOTH; no trusted frozen-engine causal integration,False,False,False,4fc946b596d2095932637bc191f64c85d4bcd7d107c4598f7f20a2e00c447cf8
BTC_RZ_USE_ROUND,VENUE_SPECIFIC_BY_SOURCE,False,False,BOTH,S2_BTC_BEST_RISK,,N/A_NOT_CONNECTED,N/A_NOT_CONNECTED,[],"[""ANY_AVAILABLE""]",[],[],source scope is BOTH; no trusted frozen-engine causal integration,False,True,False,4fc946b596d2095932637bc191f64c85d4bcd7d107c4598f7f20a2e00c447cf8
BTC_RZ_USE_WT_DC,VENUE_SPECIFIC_BY_SOURCE,False,False,BOTH,S2_BTC_BEST_RISK,,N/A_NOT_CONNECTED,N/A_NOT_CONNECTED,"[""wt1_{tf}"",""wt2_{tf}""]","[""ANY_AVAILABLE""]",[],[],source scope is BOTH; no trusted frozen-engine causal integration,False,True,False,4fc946b596d2095932637bc191f64c85d4bcd7d107c4598f7f20a2e00c447cf8
BTC_RZ_WT_DC_MULTIFACTOR,VENUE_SPECIFIC_BY_SOURCE,False,False,BOTH,S2_BTC_BEST_MISSING_14,,N/A_NOT_CONNECTED,N/A_NOT_CONNECTED,"[""dc_basis_{tf}"",""dc_high_{tf}"",""dc_low_{tf}"",""wt1_{tf}"",""wt2_{tf}""]","[""ANY_AVAILABLE""]",[],[],source scope is BOTH; no trusted frozen-engine causal integration,False,False,False,4fc946b596d2095932637bc191f64c85d4bcd7d107c4598f7f20a2e00c447cf8
BTC_TECH_EXIT_AT_ANY_PNL,VENUE_SPECIFIC_BY_SOURCE,False,False,BOTH,BTC_TECH_EXIT,,N/A_NOT_CONNECTED,N/A_NOT_CONNECTED,"[""close_{tf}"",""high_{tf}"",""low_{tf}""]","[""ANY_AVAILABLE""]",[],[],source scope is BOTH; no trusted frozen-engine causal integration,False,False,False,4fc946b596d2095932637bc191f64c85d4bcd7d107c4598f7f20a2e00c447cf8
BTC_TECH_EXIT_DC_BREACH_TF,VENUE_SPECIFIC_BY_SOURCE,False,False,BOTH,BTC_TECH_EXIT,,N/A_NOT_CONNECTED,N/A_NOT_CONNECTED,"[""close_15m"",""dc_basis_15m"",""dc_high_15m"",""dc_low_15m"",""high_15m"",""low_15m""]","[""15m""]",[],[],source scope is BOTH; no trusted frozen-engine causal integration,False,False,False,4fc946b596d2095932637bc191f64c85d4bcd7d107c4598f7f20a2e00c447cf8
BTC_TOTAL_NOTIONAL_USD_MAX,VENUE_SPECIFIC_BY_SOURCE,False,False,BOTH,BTC_TOTAL_NOTIONAL,,N/A_NOT_CONNECTED,N/A_NOT_CONNECTED,[],"[""ANY_AVAILABLE""]",[],[],source scope is BOTH; no trusted frozen-engine causal integration,False,False,False,4fc946b596d2095932637bc191f64c85d4bcd7d107c4598f7f20a2e00c447cf8
BTC_TREND_MODE_ENABLED,VENUE_SPECIFIC_BY_SOURCE,False,False,BOTH,S2_BTC_BEST_CORE,,N/A_NOT_CONNECTED,N/A_NOT_CONNECTED,[],"[""ANY_AVAILABLE""]",[],[],source scope is BOTH; no trusted frozen-engine causal integration,False,False,False,4fc946b596d2095932637bc191f64c85d4bcd7d107c4598f7f20a2e00c447cf8
BTC_WEEKLY_LOSS_PCT_FLOOR,VENUE_SPECIFIC_BY_SOURCE,False,False,BOTH,BTC_WEEKLY_LOSS,,N/A_NOT_CONNECTED,N/A_NOT_CONNECTED,[],"[""ANY_AVAILABLE""]",[],[],source scope is BOTH; no trusted frozen-engine causal integration,False,False,False,4fc946b596d2095932637bc191f64c85d4bcd7d107c4598f7f20a2e00c447cf8
BT_ALL_TF_AGAINST_CLOSE_ENABLED,UNCONNECTED,False,False,BOTH,BT_ALL_TF,,N/A_NOT_CONNECTED,N/A_NOT_CONNECTED,"[""close_{tf}"",""high_{tf}"",""low_{tf}""]","[""ANY_AVAILABLE""]",[],[],no trusted frozen-engine lifecycle read and no imported+consumed SOURCE_EXACT contract,False,False,False,4fc946b596d2095932637bc191f64c85d4bcd7d107c4598f7f20a2e00c447cf8
BT_DC_BB_D_BREAK_REVERSE_ENABLED,UNCONNECTED,False,False,BOTH,BT_DC_BB,,N/A_NOT_CONNECTED,N/A_NOT_CONNECTED,"[""bb_lower_D"",""bb_pct_b_D"",""bb_upper_D"",""dc_basis_D"",""dc_high_D"",""dc_low_D""]","[""D""]",[],[],no trusted frozen-engine lifecycle read and no imported+consumed SOURCE_EXACT contract,False,False,False,4fc946b596d2095932637bc191f64c85d4bcd7d107c4598f7f20a2e00c447cf8
BT_RIDICULOUS_HOLD_GUARD_ENABLED,UNCONNECTED,False,False,BOTH,BT_RIDICULOUS_HOLD,,N/A_NOT_CONNECTED,N/A_NOT_CONNECTED,[],"[""ANY_AVAILABLE""]",[],[],no trusted frozen-engine lifecycle read and no imported+consumed SOURCE_EXACT contract,False,False,False,4fc946b596d2095932637bc191f64c85d4bcd7d107c4598f7f20a2e00c447cf8
BT_RIDICULOUS_HOLD_HOURS,UNCONNECTED,False,False,BOTH,BT_RIDICULOUS_HOLD,,N/A_NOT_CONNECTED,N/A_NOT_CONNECTED,[],"[""ANY_AVAILABLE""]",[],[],no trusted frozen-engine lifecycle read and no imported+consumed SOURCE_EXACT contract,False,False,False,4fc946b596d2095932637bc191f64c85d4bcd7d107c4598f7f20a2e00c447cf8
BT_RIDICULOUS_LOSS_PCT,UNCONNECTED,False,False,BOTH,BT_RIDICULOUS_LOSS,,N/A_NOT_CONNECTED,N/A_NOT_CONNECTED,[],"[""ANY_AVAILABLE""]",[],[],no trusted frozen-engine lifecycle read and no imported+consumed SOURCE_EXACT contract,False,False,False,4fc946b596d2095932637bc191f64c85d4bcd7d107c4598f7f20a2e00c447cf8
BT_UNDERWATER_HEDGE_OR_CLOSE_ENABLED,UNCONNECTED,False,False,BOTH,BT_UNDERWATER_HEDGE,,N/A_NOT_CONNECTED,N/A_NOT_CONNECTED,"[""close_{tf}"",""high_{tf}"",""low_{tf}""]","[""ANY_AVAILABLE""]",[],[],no trusted frozen-engine lifecycle read and no imported+consumed SOURCE_EXACT contract,False,False,False,4fc946b596d2095932637bc191f64c85d4bcd7d107c4598f7f20a2e00c447cf8
BT_WT15M_AGAINST_FORCE_HEDGE_ENABLED,UNCONNECTED,False,False,BOTH,BT_WT15M_AGAINST,,N/A_NOT_CONNECTED,N/A_NOT_CONNECTED,"[""wt1_{tf}"",""wt2_{tf}""]","[""ANY_AVAILABLE""]",[],[],no trusted frozen-engine lifecycle read and no imported+consumed SOURCE_EXACT contract,False,False,False,4fc946b596d2095932637bc191f64c85d4bcd7d107c4598f7f20a2e00c447cf8
BT_WT_CROSS_LADDER_ENABLED,UNCONNECTED,False,False,BOTH,VEC_BT_WT_CROSS_LADDER,,N/A_NOT_CONNECTED,N/A_NOT_CONNECTED,"[""wt1_{tf}"",""wt2_{tf}""]","[""ANY_AVAILABLE""]",[],[],no trusted frozen-engine lifecycle read and no imported+consumed SOURCE_EXACT contract,False,False,False,4fc946b596d2095932637bc191f64c85d4bcd7d107c4598f7f20a2e00c447cf8
BT_WT_CROSS_LADDER_FILTER_TF,UNCONNECTED,False,False,BOTH,VEC_BT_WT_CROSS_LADDER,,N/A_NOT_CONNECTED,N/A_NOT_CONNECTED,"[""wt1_15m"",""wt1_1h"",""wt1_1m"",""wt1_3m"",""wt1_4h"",""wt1_D"",""wt2_15m"",""wt2_1h"",""wt2_1m"",""wt2_3m"",""wt2_4h"",""wt2_D""]","[""1m"",""3m"",""15m"",""1h"",""4h"",""D""]",[],[],no trusted frozen-engine lifecycle read and no imported+consumed SOURCE_EXACT contract,False,False,False,4fc946b596d2095932637bc191f64c85d4bcd7d107c4598f7f20a2e00c447cf8
BT_WT_CROSS_LADDER_MIN_TFS,UNCONNECTED,False,False,BOTH,VEC_BT_WT_CROSS_LADDER,,N/A_NOT_CONNECTED,N/A_NOT_CONNECTED,"[""wt1_{tf}"",""wt2_{tf}""]","[""ANY_AVAILABLE""]",[],[],no trusted frozen-engine lifecycle read and no imported+consumed SOURCE_EXACT contract,False,False,False,4fc946b596d2095932637bc191f64c85d4bcd7d107c4598f7f20a2e00c447cf8
B_MAIN_ENTRY_GATE_ENABLED,DEFERRED,False,False,BOTH,ENTRY,,N/A_NOT_CONNECTED,N/A_NOT_CONNECTED,"[""close_{tf}"",""high_{tf}"",""low_{tf}""]","[""ANY_AVAILABLE""]",[],[],blocked=PATTERN_ONLY_EXACT_ARRAY_BINDING_NOT_PROVEN;next_100_contract=NOT_INTEGRATED,False,True,True,4fc946b596d2095932637bc191f64c85d4bcd7d107c4598f7f20a2e00c447cf8
CANDLE_PATTERN_STOPS_ENABLED,UNCONNECTED,False,False,BOTH,VEC_CANDLE_PATTERN_STOPS,,N/A_NOT_CONNECTED,N/A_NOT_CONNECTED,"[""close_{tf}"",""high_{tf}"",""low_{tf}""]","[""ANY_AVAILABLE""]",[],[],no trusted frozen-engine lifecycle read and no imported+consumed SOURCE_EXACT contract,False,False,False,4fc946b596d2095932637bc191f64c85d4bcd7d107c4598f7f20a2e00c447cf8
CANDLE_PATTERN_STOPS_FILTER_TF,UNCONNECTED,False,False,BOTH,VEC_CANDLE_PATTERN_STOPS,,N/A_NOT_CONNECTED,N/A_NOT_CONNECTED,"[""close_15m"",""close_1h"",""close_1m"",""close_3m"",""close_4h"",""close_D"",""high_15m"",""high_1h"",""high_1m"",""high_3m"",""high_4h"",""high_D"",""low_15m"",""low_1h"",""low_1m"",""low_3m"",""low_4h"",""low_D""]","[""1m"",""3m"",""15m"",""1h"",""4h"",""D""]",[],[],no trusted frozen-engine lifecycle read and no imported+consumed SOURCE_EXACT contract,False,False,False,4fc946b596d2095932637bc191f64c85d4bcd7d107c4598f7f20a2e00c447cf8
CANDLE_PATTERN_STOPS_MIN_TFS,UNCONNECTED,False,False,BOTH,VEC_CANDLE_PATTERN_STOPS,,N/A_NOT_CONNECTED,N/A_NOT_CONNECTED,"[""close_{tf}"",""high_{tf}"",""low_{tf}""]","[""ANY_AVAILABLE""]",[],[],no trusted frozen-engine lifecycle read and no imported+consumed SOURCE_EXACT contract,False,False,False,4fc946b596d2095932637bc191f64c85d4bcd7d107c4598f7f20a2e00c447cf8
CHANNEL_REENTRY_STOP_ENABLED,CONNECTED_BOTH,True,True,BOTH,REENTRY,EXIT,native=3m,native=5m,"[""close_{tf}"",""high_{tf}"",""low_{tf}""]","[""ANY_AVAILABLE""]",[],"[""v12_reentry_augment_filter_gap_batch4:data/reports/V12_REENTRY_AUGMENT_FILTER_GAP_BATCH4_CONTRACT.csv""]",trusted direct lifecycle read and/or imported+consumed SOURCE_EXACT contract applies to both venues,False,True,True,4fc946b596d2095932637bc191f64c85d4bcd7d107c4598f7f20a2e00c447cf8
CIRCUIT_BREAKER_ACCOUNT_HALT_MIN,UNCONNECTED,False,False,BOTH,CIRCUIT_BREAKER_ACCOUNT,,N/A_NOT_CONNECTED,N/A_NOT_CONNECTED,[],"[""ANY_AVAILABLE""]",[],[],no trusted frozen-engine lifecycle read and no imported+consumed SOURCE_EXACT contract,False,False,False,4fc946b596d2095932637bc191f64c85d4bcd7d107c4598f7f20a2e00c447cf8
CIRCUIT_BREAKER_ACCOUNT_LOSSES,UNCONNECTED,False,False,BOTH,CIRCUIT_BREAKER_ACCOUNT,,N/A_NOT_CONNECTED,N/A_NOT_CONNECTED,[],"[""ANY_AVAILABLE""]",[],[],no trusted frozen-engine lifecycle read and no imported+consumed SOURCE_EXACT contract,False,False,False,4fc946b596d2095932637bc191f64c85d4bcd7d107c4598f7f20a2e00c447cf8
CIRCUIT_BREAKER_COOLDOWN,UNCONNECTED,False,False,BOTH,GLOBAL,,N/A_NOT_CONNECTED,N/A_NOT_CONNECTED,[],"[""ANY_AVAILABLE""]",[],[],no trusted frozen-engine lifecycle read and no imported+consumed SOURCE_EXACT contract,False,False,True,4fc946b596d2095932637bc191f64c85d4bcd7d107c4598f7f20a2e00c447cf8
CIRCUIT_BREAKER_SYMBOL_HALT_MIN,UNCONNECTED,False,False,BOTH,CIRCUIT_BREAKER_SYMBOL,,N/A_NOT_CONNECTED,N/A_NOT_CONNECTED,[],"[""ANY_AVAILABLE""]",[],[],no trusted frozen-engine lifecycle read and no imported+consumed SOURCE_EXACT contract,False,False,False,4fc946b596d2095932637bc191f64c85d4bcd7d107c4598f7f20a2e00c447cf8
CIRCUIT_BREAKER_SYMBOL_LOSSES,UNCONNECTED,False,False,BOTH,CIRCUIT_BREAKER_SYMBOL,,N/A_NOT_CONNECTED,N/A_NOT_CONNECTED,[],"[""ANY_AVAILABLE""]",[],[],no trusted frozen-engine lifecycle read and no imported+consumed SOURCE_EXACT contract,False,False,False,4fc946b596d2095932637bc191f64c85d4bcd7d107c4598f7f20a2e00c447cf8
CIRCUIT_SHARPE_GATES_ENABLED,UNCONNECTED,False,False,BOTH,VEC_CIRCUIT_SHARPE_GATES,,N/A_NOT_CONNECTED,N/A_NOT_CONNECTED,[],"[""ANY_AVAILABLE""]",[],[],no trusted frozen-engine lifecycle read and no imported+consumed SOURCE_EXACT contract,False,False,False,4fc946b596d2095932637bc191f64c85d4bcd7d107c4598f7f20a2e00c447cf8
CIRCUIT_SHARPE_GATES_FILTER_TF,UNCONNECTED,False,False,BOTH,VEC_CIRCUIT_SHARPE_GATES,,N/A_NOT_CONNECTED,N/A_NOT_CONNECTED,[],"[""1m"",""3m"",""15m"",""1h"",""4h"",""D""]",[],[],no trusted frozen-engine lifecycle read and no imported+consumed SOURCE_EXACT contract,False,False,False,4fc946b596d2095932637bc191f64c85d4bcd7d107c4598f7f20a2e00c447cf8
CIRCUIT_SHARPE_GATES_MIN_TFS,UNCONNECTED,False,False,BOTH,VEC_CIRCUIT_SHARPE_GATES,,N/A_NOT_CONNECTED,N/A_NOT_CONNECTED,[],"[""ANY_AVAILABLE""]",[],[],no trusted frozen-engine lifecycle read and no imported+consumed SOURCE_EXACT contract,False,False,False,4fc946b596d2095932637bc191f64c85d4bcd7d107c4598f7f20a2e00c447cf8
COMMISSION_BUFFER_PCT,UNCONNECTED,False,False,BOTH,GLOBAL,,N/A_NOT_CONNECTED,N/A_NOT_CONNECTED,[],"[""ANY_AVAILABLE""]",[],[],no trusted frozen-engine lifecycle read and no imported+consumed SOURCE_EXACT contract,False,True,True,4fc946b596d2095932637bc191f64c85d4bcd7d107c4598f7f20a2e00c447cf8
COMPLETED_CANDLE_SNAPSHOT_DIRECT_ENABLED,UNCONNECTED,False,False,BOTH,COMPLETED_CANDLE_SNAPSHOT,,N/A_NOT_CONNECTED,N/A_NOT_CONNECTED,[],"[""ANY_AVAILABLE""]",[],[],no trusted frozen-engine lifecycle read and no imported+consumed SOURCE_EXACT contract,False,True,True,4fc946b596d2095932637bc191f64c85d4bcd7d107c4598f7f20a2e00c447cf8
CONNORS_RSI2_EXIT_SMA_BARS_DAILY,UNCONNECTED,False,False,BOTH,CONNORS_RSI2_EXIT,,N/A_NOT_CONNECTED,N/A_NOT_CONNECTED,"[""close_{tf}"",""high_{tf}"",""low_{tf}"",""rsi_{tf}"",""sma_{period}_{tf}""]","[""ANY_AVAILABLE""]",[],[],no trusted frozen-engine lifecycle read and no imported+consumed SOURCE_EXACT contract,False,False,False,4fc946b596d2095932637bc191f64c85d4bcd7d107c4598f7f20a2e00c447cf8
CONNORS_RSI2_PRIORITY_OVERRIDE_ENABLED,UNCONNECTED,False,False,BOTH,CONNORS_RSI2_PRIORITY,,N/A_NOT_CONNECTED,N/A_NOT_CONNECTED,"[""rsi_{tf}""]","[""ANY_AVAILABLE""]",[],[],no trusted frozen-engine lifecycle read and no imported+consumed SOURCE_EXACT contract,False,True,False,4fc946b596d2095932637bc191f64c85d4bcd7d107c4598f7f20a2e00c447cf8
CONNORS_RSI2_TIME_STOP_BARS_DAILY,UNCONNECTED,False,False,BOTH,CONNORS_RSI2_TIME,,N/A_NOT_CONNECTED,N/A_NOT_CONNECTED,"[""close_{tf}"",""high_{tf}"",""low_{tf}"",""rsi_{tf}""]","[""ANY_AVAILABLE""]",[],[],no trusted frozen-engine lifecycle read and no imported+consumed SOURCE_EXACT contract,False,False,False,4fc946b596d2095932637bc191f64c85d4bcd7d107c4598f7f20a2e00c447cf8
CONSOLIDATED_KLINES_CACHE,UNCONNECTED,False,False,BOTH,CONSOLIDATED_KLINES_CACHE,,N/A_NOT_CONNECTED,N/A_NOT_CONNECTED,[],"[""ANY_AVAILABLE""]",[],[],no trusted frozen-engine lifecycle read and no imported+consumed SOURCE_EXACT contract,False,False,False,4fc946b596d2095932637bc191f64c85d4bcd7d107c4598f7f20a2e00c447cf8
COOLDOWN_LOCKS_ENABLED,UNCONNECTED,False,False,BOTH,VEC_COOLDOWN_LOCKS,,N/A_NOT_CONNECTED,N/A_NOT_CONNECTED,[],"[""ANY_AVAILABLE""]",[],[],no trusted frozen-engine lifecycle read and no imported+consumed SOURCE_EXACT contract,False,False,False,4fc946b596d2095932637bc191f64c85d4bcd7d107c4598f7f20a2e00c447cf8
COOLDOWN_LOCKS_FILTER_TF,UNCONNECTED,False,False,BOTH,VEC_COOLDOWN_LOCKS,,N/A_NOT_CONNECTED,N/A_NOT_CONNECTED,[],"[""1m"",""3m"",""15m"",""1h"",""4h"",""D""]",[],[],no trusted frozen-engine lifecycle read and no imported+consumed SOURCE_EXACT contract,False,False,False,4fc946b596d2095932637bc191f64c85d4bcd7d107c4598f7f20a2e00c447cf8
COOLDOWN_LOCKS_MIN_TFS,UNCONNECTED,False,False,BOTH,VEC_COOLDOWN_LOCKS,,N/A_NOT_CONNECTED,N/A_NOT_CONNECTED,[],"[""ANY_AVAILABLE""]",[],[],no trusted frozen-engine lifecycle read and no imported+consumed SOURCE_EXACT contract,False,False,False,4fc946b596d2095932637bc191f64c85d4bcd7d107c4598f7f20a2e00c447cf8
COUNTER_TREND_CRYPTO,VENUE_SPECIFIC_BY_SOURCE,False,False,CRYPTO,GLOBAL,,N/A_NOT_CONNECTED,N/A_NOT_CONNECTED,[],"[""ANY_AVAILABLE""]",[],[],source scope is CRYPTO; no trusted frozen-engine causal integration,False,False,True,4fc946b596d2095932637bc191f64c85d4bcd7d107c4598f7f20a2e00c447cf8
CRASH_MULT_GRADIENT_ENABLED,UNCONNECTED,False,False,BOTH,GLOBAL,,N/A_NOT_CONNECTED,N/A_NOT_CONNECTED,[],"[""ANY_AVAILABLE""]",[],[],no trusted frozen-engine lifecycle read and no imported+consumed SOURCE_EXACT contract,False,True,True,4fc946b596d2095932637bc191f64c85d4bcd7d107c4598f7f20a2e00c447cf8
CRASH_MULT_GRADIENT_MAX,UNCONNECTED,False,False,BOTH,GLOBAL,,N/A_NOT_CONNECTED,N/A_NOT_CONNECTED,[],"[""ANY_AVAILABLE""]",[],[],no trusted frozen-engine lifecycle read and no imported+consumed SOURCE_EXACT contract,False,False,True,4fc946b596d2095932637bc191f64c85d4bcd7d107c4598f7f20a2e00c447cf8
CROSSES_FILE,UNCONNECTED,False,False,BOTH,CROSSES_FILE,,N/A_NOT_CONNECTED,N/A_NOT_CONNECTED,[],"[""ANY_AVAILABLE""]",[],[],no trusted frozen-engine lifecycle read and no imported+consumed SOURCE_EXACT contract,False,False,False,4fc946b596d2095932637bc191f64c85d4bcd7d107c4598f7f20a2e00c447cf8
CRYPTO_FH_MOMENTUM_DC_MAX_LONG,VENUE_SPECIFIC_BY_SOURCE,False,False,CRYPTO,CRYPTO_FH_MOMENTUM,,N/A_NOT_CONNECTED,N/A_NOT_CONNECTED,"[""dc_basis_{tf}"",""dc_high_{tf}"",""dc_low_{tf}""]","[""ANY_AVAILABLE""]",[],[],source scope is CRYPTO; no trusted frozen-engine causal integration,False,True,True,4fc946b596d2095932637bc191f64c85d4bcd7d107c4598f7f20a2e00c447cf8
CRYPTO_FH_MOMENTUM_MAX_POSITIONS,VENUE_SPECIFIC_BY_SOURCE,False,False,CRYPTO,GLOBAL,,N/A_NOT_CONNECTED,N/A_NOT_CONNECTED,[],"[""ANY_AVAILABLE""]",[],[],source scope is CRYPTO; no trusted frozen-engine causal integration,False,False,True,4fc946b596d2095932637bc191f64c85d4bcd7d107c4598f7f20a2e00c447cf8
CRYPTO_FH_MOMENTUM_MIN_MOVE_PCT,VENUE_SPECIFIC_BY_SOURCE,False,False,CRYPTO,CRYPTO_FH_MOMENTUM,,N/A_NOT_CONNECTED,N/A_NOT_CONNECTED,[],"[""ANY_AVAILABLE""]",[],[],source scope is CRYPTO; no trusted frozen-engine causal integration,False,True,True,4fc946b596d2095932637bc191f64c85d4bcd7d107c4598f7f20a2e00c447cf8
CRYPTO_FH_MOMENTUM_POSITION_SIZE_MULT,VENUE_SPECIFIC_BY_SOURCE,False,False,CRYPTO,SIZING,,N/A_NOT_CONNECTED,N/A_NOT_CONNECTED,[],"[""ANY_AVAILABLE""]",[],[],source scope is CRYPTO; no trusted frozen-engine causal integration,False,False,True,4fc946b596d2095932637bc191f64c85d4bcd7d107c4598f7f20a2e00c447cf8
CRYPTO_SPIKE_FADE_COOLDOWN_SEC,VENUE_SPECIFIC_BY_SOURCE,False,False,CRYPTO,GLOBAL,,N/A_NOT_CONNECTED,N/A_NOT_CONNECTED,[],"[""ANY_AVAILABLE""]",[],[],source scope is CRYPTO; no trusted frozen-engine causal integration,False,False,True,4fc946b596d2095932637bc191f64c85d4bcd7d107c4598f7f20a2e00c447cf8
CRYPTO_SPIKE_FADE_K_EXHAUSTION,VENUE_SPECIFIC_BY_SOURCE,False,False,CRYPTO,GLOBAL,,N/A_NOT_CONNECTED,N/A_NOT_CONNECTED,[],"[""ANY_AVAILABLE""]",[],[],source scope is CRYPTO; no trusted frozen-engine causal integration,False,False,True,4fc946b596d2095932637bc191f64c85d4bcd7d107c4598f7f20a2e00c447cf8
CRYPTO_SPIKE_FADE_LOOKBACK_BARS,VENUE_SPECIFIC_BY_SOURCE,False,False,CRYPTO,CRYPTO_SPIKE_FADE,,N/A_NOT_CONNECTED,N/A_NOT_CONNECTED,[],"[""ANY_AVAILABLE""]",[],[],source scope is CRYPTO; no trusted frozen-engine causal integration,False,False,False,4fc946b596d2095932637bc191f64c85d4bcd7d107c4598f7f20a2e00c447cf8
CRYPTO_SPIKE_FADE_MAX_POSITIONS,VENUE_SPECIFIC_BY_SOURCE,False,False,CRYPTO,GLOBAL,,N/A_NOT_CONNECTED,N/A_NOT_CONNECTED,[],"[""ANY_AVAILABLE""]",[],[],source scope is CRYPTO; no trusted frozen-engine causal integration,False,False,True,4fc946b596d2095932637bc191f64c85d4bcd7d107c4598f7f20a2e00c447cf8
CRYPTO_SPIKE_FADE_THRESHOLD_PCT,VENUE_SPECIFIC_BY_SOURCE,False,False,CRYPTO,FILTER,,N/A_NOT_CONNECTED,N/A_NOT_CONNECTED,[],"[""ANY_AVAILABLE""]",[],[],source scope is CRYPTO; no trusted frozen-engine causal integration,False,False,True,4fc946b596d2095932637bc191f64c85d4bcd7d107c4598f7f20a2e00c447cf8
CYCLE_TP_TIERED_LEVELS,UNCONNECTED,False,False,BOTH,CYCLE_TP_TIERED,,N/A_NOT_CONNECTED,N/A_NOT_CONNECTED,[],"[""ANY_AVAILABLE""]",[],[],no trusted frozen-engine lifecycle read and no imported+consumed SOURCE_EXACT contract,False,False,True,4fc946b596d2095932637bc191f64c85d4bcd7d107c4598f7f20a2e00c447cf8
DAEMON_PRICE_CROSS_PCT,UNCONNECTED,False,False,BOTH,DAEMON_PRICE_CROSS,,N/A_NOT_CONNECTED,N/A_NOT_CONNECTED,[],"[""ANY_AVAILABLE""]",[],[],no trusted frozen-engine lifecycle read and no imported+consumed SOURCE_EXACT contract,False,False,False,4fc946b596d2095932637bc191f64c85d4bcd7d107c4598f7f20a2e00c447cf8
DAEMON_PRICE_CROSS_REENTRY_MAX_AGE_HOURS,UNCONNECTED,False,False,BOTH,DAEMON_PRICE_CROSS,,N/A_NOT_CONNECTED,N/A_NOT_CONNECTED,"[""close_{tf}"",""high_{tf}"",""low_{tf}""]","[""ANY_AVAILABLE""]",[],[],no trusted frozen-engine lifecycle read and no imported+consumed SOURCE_EXACT contract,False,True,False,4fc946b596d2095932637bc191f64c85d4bcd7d107c4598f7f20a2e00c447cf8
DAEMON_PRICE_CROSS_REENTRY_VEC_ENABLED,UNCONNECTED,False,False,BOTH,DAEMON_PRICE_CROSS,,N/A_NOT_CONNECTED,N/A_NOT_CONNECTED,"[""close_{tf}"",""high_{tf}"",""low_{tf}""]","[""ANY_AVAILABLE""]",[],[],no trusted frozen-engine lifecycle read and no imported+consumed SOURCE_EXACT contract,False,True,False,4fc946b596d2095932637bc191f64c85d4bcd7d107c4598f7f20a2e00c447cf8
DAEMON_REENTRY_SHORT_WT_XUNDER_GATE_ENABLED,CONNECTED_CRYPTO,True,False,BOTH,REENTRY,REENTRY,native=3m;required=3m,N/A_NOT_CONNECTED,"[""close_{tf}"",""high_{tf}"",""low_{tf}"",""wt1_{tf}"",""wt2_{tf}""]","[""ANY_AVAILABLE""]",[],"[""v12_reentry_augment_gap_batch3:data/reports/V12_REENTRY_AUGMENT_GAP_BATCH3_CONTRACT.csv""]",trusted causal route is crypto-native/source-scoped; no Tradier connection credit,False,True,True,4fc946b596d2095932637bc191f64c85d4bcd7d107c4598f7f20a2e00c447cf8
DAEMON_REENTRY_STALE_EXIT_ENABLED,CONNECTED_BOTH,True,True,BOTH,REENTRY,EXIT,native=3m,native=5m,"[""close_{tf}"",""high_{tf}"",""low_{tf}""]","[""ANY_AVAILABLE""]",[],"[""v12_reentry_augment_gap_batch3:data/reports/V12_REENTRY_AUGMENT_GAP_BATCH3_CONTRACT.csv""]",trusted direct lifecycle read and/or imported+consumed SOURCE_EXACT contract applies to both venues,False,True,True,4fc946b596d2095932637bc191f64c85d4bcd7d107c4598f7f20a2e00c447cf8
DATA_DIR,UNCONNECTED,False,False,BOTH,GLOBAL,,N/A_NOT_CONNECTED,N/A_NOT_CONNECTED,[],"[""ANY_AVAILABLE""]",[],[],no trusted frozen-engine lifecycle read and no imported+consumed SOURCE_EXACT contract,False,False,True,4fc946b596d2095932637bc191f64c85d4bcd7d107c4598f7f20a2e00c447cf8
DATA_READY_FLAG_FILE,UNCONNECTED,False,False,BOTH,DATA_READY_FLAG,,N/A_NOT_CONNECTED,N/A_NOT_CONNECTED,[],"[""ANY_AVAILABLE""]",[],[],no trusted frozen-engine lifecycle read and no imported+consumed SOURCE_EXACT contract,False,False,False,4fc946b596d2095932637bc191f64c85d4bcd7d107c4598f7f20a2e00c447cf8
DATA_READY_TIMEOUT_SECONDS,UNCONNECTED,False,False,BOTH,DATA_READY_TIMEOUT,,N/A_NOT_CONNECTED,N/A_NOT_CONNECTED,[],"[""ANY_AVAILABLE""]",[],[],no trusted frozen-engine lifecycle read and no imported+consumed SOURCE_EXACT contract,False,False,False,4fc946b596d2095932637bc191f64c85d4bcd7d107c4598f7f20a2e00c447cf8
DAYS_PLOT,UNCONNECTED,False,False,BOTH,DAYS_PLOT,,N/A_NOT_CONNECTED,N/A_NOT_CONNECTED,[],"[""ANY_AVAILABLE""]",[],[],no trusted frozen-engine lifecycle read and no imported+consumed SOURCE_EXACT contract,False,False,False,4fc946b596d2095932637bc191f64c85d4bcd7d107c4598f7f20a2e00c447cf8
DC4_STOP_GR_SCORE_MIN_IND,UNCONNECTED,False,False,BOTH,DC4_STOP_GR,,N/A_NOT_CONNECTED,N/A_NOT_CONNECTED,"[""close_{tf}"",""high_{tf}"",""low_{tf}""]","[""ANY_AVAILABLE""]",[],[],no trusted frozen-engine lifecycle read and no imported+consumed SOURCE_EXACT contract,False,False,False,4fc946b596d2095932637bc191f64c85d4bcd7d107c4598f7f20a2e00c447cf8
DC4_STOP_GR_SCORE_MIN_TFS,UNCONNECTED,False,False,BOTH,DC4_STOP_GR,,N/A_NOT_CONNECTED,N/A_NOT_CONNECTED,"[""close_{tf}"",""high_{tf}"",""low_{tf}""]","[""ANY_AVAILABLE""]",[],[],no trusted frozen-engine lifecycle read and no imported+consumed SOURCE_EXACT contract,False,False,False,4fc946b596d2095932637bc191f64c85d4bcd7d107c4598f7f20a2e00c447cf8
DC_BB_CROSSBACK_HYSTERESIS_PCT,DEFERRED,False,False,BOTH,ENTRY,,N/A_NOT_CONNECTED,N/A_NOT_CONNECTED,"[""bb_lower_{tf}"",""bb_pct_b_{tf}"",""bb_upper_{tf}"",""close_{tf}"",""dc_basis_{tf}"",""dc_high_{tf}"",""dc_low_{tf}"",""high_{tf}"",""low_{tf}""]","[""ANY_AVAILABLE""]",[],[],blocked=PATTERN_ONLY_EXACT_ARRAY_BINDING_NOT_PROVEN;next_100_contract=NOT_INTEGRATED,False,False,True,4fc946b596d2095932637bc191f64c85d4bcd7d107c4598f7f20a2e00c447cf8
DC_BB_D_BREAK_REVERSE_ENABLED,UNCONNECTED,False,False,BOTH,DC_BB_D,,N/A_NOT_CONNECTED,N/A_NOT_CONNECTED,"[""bb_lower_D"",""bb_pct_b_D"",""bb_upper_D"",""dc_basis_D"",""dc_high_D"",""dc_low_D""]","[""D""]",[],[],no trusted frozen-engine lifecycle read and no imported+consumed SOURCE_EXACT contract,False,True,False,4fc946b596d2095932637bc191f64c85d4bcd7d107c4598f7f20a2e00c447cf8
DC_BREACH_REDUCE_ENABLED,UNCONNECTED,False,False,BOTH,VEC_DC_BREACH_REDUCE,,N/A_NOT_CONNECTED,N/A_NOT_CONNECTED,"[""close_{tf}"",""dc_basis_{tf}"",""dc_high_{tf}"",""dc_low_{tf}"",""high_{tf}"",""low_{tf}""]","[""ANY_AVAILABLE""]",[],[],no trusted frozen-engine lifecycle read and no imported+consumed SOURCE_EXACT contract,False,True,False,4fc946b596d2095932637bc191f64c85d4bcd7d107c4598f7f20a2e00c447cf8
DC_BREACH_REDUCE_FILTER_TF,UNCONNECTED,False,False,BOTH,VEC_DC_BREACH_REDUCE,,N/A_NOT_CONNECTED,N/A_NOT_CONNECTED,"[""close_15m"",""close_1h"",""close_1m"",""close_3m"",""close_4h"",""close_D"",""dc_basis_15m"",""dc_basis_1h"",""dc_basis_1m"",""dc_basis_3m"",""dc_basis_4h"",""dc_basis_D"",""dc_high_15m"",""dc_high_1h"",""dc_high_1m"",""dc_high_3m"",""dc_high_4h"",""dc_high_D"",""dc_low_15m"",""dc_low_1h"",""dc_low_1m"",""dc_low_3m"",""dc_low_4h"",""dc_low_D"",""high_15m"",""high_1h"",""high_1m"",""high_3m"",""high_4h"",""high_D"",""low_15m"",""low_1h"",""low_1m"",""low_3m"",""low_4h"",""low_D""]","[""1m"",""3m"",""15m"",""1h"",""4h"",""D""]",[],[],no trusted frozen-engine lifecycle read and no imported+consumed SOURCE_EXACT contract,False,False,False,4fc946b596d2095932637bc191f64c85d4bcd7d107c4598f7f20a2e00c447cf8
DC_BREACH_REDUCE_MIN_TFS,UNCONNECTED,False,False,BOTH,VEC_DC_BREACH_REDUCE,,N/A_NOT_CONNECTED,N/A_NOT_CONNECTED,"[""close_{tf}"",""dc_basis_{tf}"",""dc_high_{tf}"",""dc_low_{tf}"",""high_{tf}"",""low_{tf}""]","[""ANY_AVAILABLE""]",[],[],no trusted frozen-engine lifecycle read and no imported+consumed SOURCE_EXACT contract,False,False,False,4fc946b596d2095932637bc191f64c85d4bcd7d107c4598f7f20a2e00c447cf8
DC_BREAKOUT_ALLOW_15M,DEFERRED,False,False,BOTH,ENTRY,,N/A_NOT_CONNECTED,N/A_NOT_CONNECTED,"[""close_15m"",""dc_basis_15m"",""dc_high_15m"",""dc_low_15m"",""high_15m"",""low_15m""]","[""15m""]",[],[],next_100_contract=NOT_INTEGRATED,False,False,True,4fc946b596d2095932637bc191f64c85d4bcd7d107c4598f7f20a2e00c447cf8
DC_BREAKOUT_ALLOW_3M,DEFERRED,False,False,BOTH,ENTRY,,N/A_NOT_CONNECTED,N/A_NOT_CONNECTED,"[""close_3m"",""dc_basis_3m"",""dc_high_3m"",""dc_low_3m"",""high_3m"",""low_3m""]","[""3m""]",[],[],next_100_contract=NOT_INTEGRATED,False,False,True,4fc946b596d2095932637bc191f64c85d4bcd7d107c4598f7f20a2e00c447cf8
DC_BREAKOUT_SCORE,CONNECTED_BOTH,True,True,BOTH,ENTRY,ENTRY|REENTRY,native=3m,native=5m,"[""close_{tf}"",""dc_basis_{tf}"",""dc_high_{tf}"",""dc_low_{tf}"",""high_{tf}"",""low_{tf}""]","[""ANY_AVAILABLE""]","[""v12_quick_engine.py:6342:_combine_entry_blocks""]",[],trusted direct lifecycle read and/or imported+consumed SOURCE_EXACT contract applies to both venues,True,True,True,4fc946b596d2095932637bc191f64c85d4bcd7d107c4598f7f20a2e00c447cf8
DC_BREAKOUT_TF,CONNECTED_BOTH,True,True,BOTH,ENTRY,ENTRY|REENTRY,native=3m;required=1h,native=5m;required=1h,"[""close_1h"",""dc_basis_1h"",""dc_high_1h"",""dc_low_1h"",""high_1h"",""low_1h""]","[""1h""]","[""v12_quick_engine.py:5686:compute_reentry_blocks""]",[],trusted direct lifecycle read and/or imported+consumed SOURCE_EXACT contract applies to both venues,True,True,True,4fc946b596d2095932637bc191f64c85d4bcd7d107c4598f7f20a2e00c447cf8
DC_BREAK_ENABLED,UNCONNECTED,False,False,BOTH,VEC_DC_BREAK,,N/A_NOT_CONNECTED,N/A_NOT_CONNECTED,"[""dc_basis_{tf}"",""dc_high_{tf}"",""dc_low_{tf}""]","[""ANY_AVAILABLE""]",[],[],no trusted frozen-engine lifecycle read and no imported+consumed SOURCE_EXACT contract,False,False,False,4fc946b596d2095932637bc191f64c85d4bcd7d107c4598f7f20a2e00c447cf8
DC_BREAK_FILTER_TF,UNCONNECTED,False,False,BOTH,VEC_DC_BREAK,,N/A_NOT_CONNECTED,N/A_NOT_CONNECTED,"[""dc_basis_15m"",""dc_basis_1h"",""dc_basis_1m"",""dc_basis_3m"",""dc_basis_4h"",""dc_basis_D"",""dc_high_15m"",""dc_high_1h"",""dc_high_1m"",""dc_high_3m"",""dc_high_4h"",""dc_high_D"",""dc_low_15m"",""dc_low_1h"",""dc_low_1m"",""dc_low_3m"",""dc_low_4h"",""dc_low_D""]","[""1m"",""3m"",""15m"",""1h"",""4h"",""D""]",[],[],no trusted frozen-engine lifecycle read and no imported+consumed SOURCE_EXACT contract,False,False,False,4fc946b596d2095932637bc191f64c85d4bcd7d107c4598f7f20a2e00c447cf8
DC_BREAK_MIN_TFS,UNCONNECTED,False,False,BOTH,VEC_DC_BREAK,,N/A_NOT_CONNECTED,N/A_NOT_CONNECTED,"[""dc_basis_{tf}"",""dc_high_{tf}"",""dc_low_{tf}""]","[""ANY_AVAILABLE""]",[],[],no trusted frozen-engine lifecycle read and no imported+consumed SOURCE_EXACT contract,False,False,False,4fc946b596d2095932637bc191f64c85d4bcd7d107c4598f7f20a2e00c447cf8
DC_DAYTRADE_ACCOUNT,UNCONNECTED,False,False,BOTH,DC_DAYTRADE_ACCOUNT,,N/A_NOT_CONNECTED,N/A_NOT_CONNECTED,"[""dc_basis_{tf}"",""dc_high_{tf}"",""dc_low_{tf}""]","[""ANY_AVAILABLE""]",[],[],no trusted frozen-engine lifecycle read and no imported+consumed SOURCE_EXACT contract,False,False,True,4fc946b596d2095932637bc191f64c85d4bcd7d107c4598f7f20a2e00c447cf8
DC_DAYTRADE_MAX_PER_SIDE,UNCONNECTED,False,False,BOTH,DC_DAYTRADE_MAX,,N/A_NOT_CONNECTED,N/A_NOT_CONNECTED,"[""dc_basis_{tf}"",""dc_high_{tf}"",""dc_low_{tf}""]","[""ANY_AVAILABLE""]",[],[],no trusted frozen-engine lifecycle read and no imported+consumed SOURCE_EXACT contract,False,False,True,4fc946b596d2095932637bc191f64c85d4bcd7d107c4598f7f20a2e00c447cf8
DC_HOPELESS_EXIT_ENABLED,CONNECTED_BOTH,True,True,BOTH,EXIT,EXIT,native=3m;required=4h,native=5m;required=4h,"[""close_{tf}"",""dc_basis_{tf}"",""dc_high_{tf}"",""dc_low_{tf}"",""high_{tf}"",""low_{tf}""]","[""ANY_AVAILABLE""]",[],"[""v12_exit_reduce_gap_batch:data/reports/V12_EXIT_REDUCE_GAP_BATCH_CONTRACT.csv""]",trusted direct lifecycle read and/or imported+consumed SOURCE_EXACT contract applies to both venues,False,True,True,4fc946b596d2095932637bc191f64c85d4bcd7d107c4598f7f20a2e00c447cf8
DC_HOPELESS_EXIT_MIN_AGE_S,CONNECTED_BOTH,True,True,BOTH,EXIT,EXIT,native=3m;required=4h,native=5m;required=4h,"[""close_{tf}"",""dc_basis_{tf}"",""dc_high_{tf}"",""dc_low_{tf}"",""high_{tf}"",""low_{tf}""]","[""ANY_AVAILABLE""]",[],"[""v12_exit_reduce_gap_batch:data/reports/V12_EXIT_REDUCE_GAP_BATCH_CONTRACT.csv""]",trusted direct lifecycle read and/or imported+consumed SOURCE_EXACT contract applies to both venues,False,True,True,4fc946b596d2095932637bc191f64c85d4bcd7d107c4598f7f20a2e00c447cf8
DC_LOW4_BYPASS_USE_STANDARD,UNCONNECTED,False,False,BOTH,S2_BTC_BEST_GATES,,N/A_NOT_CONNECTED,N/A_NOT_CONNECTED,"[""dc_basis_{tf}"",""dc_high_{tf}"",""dc_low_{tf}""]","[""ANY_AVAILABLE""]",[],[],no trusted frozen-engine lifecycle read and no imported+consumed SOURCE_EXACT contract,False,False,False,4fc946b596d2095932637bc191f64c85d4bcd7d107c4598f7f20a2e00c447cf8
DC_LOW_FROZEN_STOP_TF,UNCONNECTED,False,False,BOTH,DC_LOW_FROZEN,,N/A_NOT_CONNECTED,N/A_NOT_CONNECTED,"[""close_4h"",""dc_basis_4h"",""dc_high_4h"",""dc_low_4h"",""high_4h"",""low_4h""]","[""4h""]",[],[],no trusted frozen-engine lifecycle read and no imported+consumed SOURCE_EXACT contract,False,True,False,4fc946b596d2095932637bc191f64c85d4bcd7d107c4598f7f20a2e00c447cf8
DC_MOMENTUM_BOTA_SCORER_ENABLED,UNCONNECTED,False,False,BOTH,VEC_DC_MOMENTUM_BOTA_SCORER,,N/A_NOT_CONNECTED,N/A_NOT_CONNECTED,"[""dc_basis_{tf}"",""dc_high_{tf}"",""dc_low_{tf}""]","[""ANY_AVAILABLE""]",[],[],no trusted frozen-engine lifecycle read and no imported+consumed SOURCE_EXACT contract,False,False,False,4fc946b596d2095932637bc191f64c85d4bcd7d107c4598f7f20a2e00c447cf8
DC_MOMENTUM_BOTA_SCORER_FILTER_TF,UNCONNECTED,False,False,BOTH,VEC_DC_MOMENTUM_BOTA_SCORER,,N/A_NOT_CONNECTED,N/A_NOT_CONNECTED,"[""dc_basis_15m"",""dc_basis_1h"",""dc_basis_1m"",""dc_basis_3m"",""dc_basis_4h"",""dc_basis_D"",""dc_high_15m"",""dc_high_1h"",""dc_high_1m"",""dc_high_3m"",""dc_high_4h"",""dc_high_D"",""dc_low_15m"",""dc_low_1h"",""dc_low_1m"",""dc_low_3m"",""dc_low_4h"",""dc_low_D""]","[""1m"",""3m"",""15m"",""1h"",""4h"",""D""]",[],[],no trusted frozen-engine lifecycle read and no imported+consumed SOURCE_EXACT contract,False,False,False,4fc946b596d2095932637bc191f64c85d4bcd7d107c4598f7f20a2e00c447cf8
DC_MOMENTUM_BOTA_SCORER_MIN_TFS,UNCONNECTED,False,False,BOTH,VEC_DC_MOMENTUM_BOTA_SCORER,,N/A_NOT_CONNECTED,N/A_NOT_CONNECTED,"[""dc_basis_{tf}"",""dc_high_{tf}"",""dc_low_{tf}""]","[""ANY_AVAILABLE""]",[],[],no trusted frozen-engine lifecycle read and no imported+consumed SOURCE_EXACT contract,False,False,False,4fc946b596d2095932637bc191f64c85d4bcd7d107c4598f7f20a2e00c447cf8
DC_MOMENT_ENABLED,DEFERRED,False,False,BOTH,GLOBAL,,N/A_NOT_CONNECTED,N/A_NOT_CONNECTED,"[""dc_basis_{tf}"",""dc_high_{tf}"",""dc_low_{tf}""]","[""ANY_AVAILABLE""]",[],[],v12_reentry_augment_filter_gap_batch8=SOURCE_EXACT_NOT_INTEGRATED,False,True,True,4fc946b596d2095932637bc191f64c85d4bcd7d107c4598f7f20a2e00c447cf8
DC_MOMENT_OPPOSITE_PENALTY,DEFERRED,False,False,BOTH,GLOBAL,,N/A_NOT_CONNECTED,N/A_NOT_CONNECTED,"[""dc_basis_{tf}"",""dc_high_{tf}"",""dc_low_{tf}""]","[""ANY_AVAILABLE""]",[],[],v12_reentry_augment_filter_gap_batch8=SOURCE_EXACT_NOT_INTEGRATED,False,False,True,4fc946b596d2095932637bc191f64c85d4bcd7d107c4598f7f20a2e00c447cf8
DC_MOMENT_STRONG_BONUS,DEFERRED,False,False,BOTH,GLOBAL,,N/A_NOT_CONNECTED,N/A_NOT_CONNECTED,"[""dc_basis_{tf}"",""dc_high_{tf}"",""dc_low_{tf}""]","[""ANY_AVAILABLE""]",[],[],v12_reentry_augment_filter_gap_batch8=SOURCE_EXACT_NOT_INTEGRATED,False,False,True,4fc946b596d2095932637bc191f64c85d4bcd7d107c4598f7f20a2e00c447cf8
DC_MOMENT_STRONG_THRESHOLD,DEFERRED,False,False,BOTH,FILTER,,N/A_NOT_CONNECTED,N/A_NOT_CONNECTED,"[""dc_basis_{tf}"",""dc_high_{tf}"",""dc_low_{tf}""]","[""ANY_AVAILABLE""]",[],[],v12_reentry_augment_filter_gap_batch8=SOURCE_EXACT_NOT_INTEGRATED,False,False,True,4fc946b596d2095932637bc191f64c85d4bcd7d107c4598f7f20a2e00c447cf8
DC_PERIOD_D,UNCONNECTED,False,False,BOTH,DC_PERIOD_D,,N/A_NOT_CONNECTED,N/A_NOT_CONNECTED,"[""dc_basis_D"",""dc_high_D"",""dc_low_D""]","[""D""]",[],[],no trusted frozen-engine lifecycle read and no imported+consumed SOURCE_EXACT contract,False,False,False,4fc946b596d2095932637bc191f64c85d4bcd7d107c4598f7f20a2e00c447cf8
DC_RECOVERY_EXIT_DISABLED_ACCOUNTS,DEFERRED,False,False,BOTH,DC_RECOVERY_EXIT,,N/A_NOT_CONNECTED,N/A_NOT_CONNECTED,"[""close_{tf}"",""dc_basis_{tf}"",""dc_high_{tf}"",""dc_low_{tf}"",""high_{tf}"",""low_{tf}""]","[""ANY_AVAILABLE""]",[],[],v12_exit_reduce_gap_batch9=SOURCE_EXACT_NOT_INTEGRATED,False,False,True,4fc946b596d2095932637bc191f64c85d4bcd7d107c4598f7f20a2e00c447cf8
DC_WIDTH_MAX_MULT,UNCONNECTED,False,False,BOTH,GLOBAL,,N/A_NOT_CONNECTED,N/A_NOT_CONNECTED,"[""dc_basis_{tf}"",""dc_high_{tf}"",""dc_low_{tf}""]","[""ANY_AVAILABLE""]",[],[],no trusted frozen-engine lifecycle read and no imported+consumed SOURCE_EXACT contract,False,False,True,4fc946b596d2095932637bc191f64c85d4bcd7d107c4598f7f20a2e00c447cf8
DD_BOUNCE_COOLDOWN_HOURS,UNCONNECTED,False,False,BOTH,ENTRY,,N/A_NOT_CONNECTED,N/A_NOT_CONNECTED,[],"[""ANY_AVAILABLE""]",[],[],no trusted frozen-engine lifecycle read and no imported+consumed SOURCE_EXACT contract,False,False,True,4fc946b596d2095932637bc191f64c85d4bcd7d107c4598f7f20a2e00c447cf8
DD_BOUNCE_DD_STOP_ENABLED,CONNECTED_CRYPTO,True,False,BOTH,DD_BOUNCE_DD,REDUCE,native=3m;required=3m,N/A_NOT_CONNECTED,"[""close_{tf}"",""high_{tf}"",""low_{tf}""]","[""ANY_AVAILABLE""]",[],"[""v12_exit_reduce_gap_batch3:data/reports/V12_EXIT_REDUCE_STOP_GAP_BATCH3_CONTRACT.csv""]",trusted causal route is crypto-native/source-scoped; no Tradier connection credit,False,True,True,4fc946b596d2095932637bc191f64c85d4bcd7d107c4598f7f20a2e00c447cf8
DD_BOUNCE_ENABLED,CONNECTED_CRYPTO,True,False,BOTH,ENTRY,REDUCE,native=3m;required=3m,N/A_NOT_CONNECTED,"[""close_{tf}"",""high_{tf}"",""low_{tf}""]","[""ANY_AVAILABLE""]",[],"[""v12_exit_reduce_gap_batch3:data/reports/V12_EXIT_REDUCE_STOP_GAP_BATCH3_CONTRACT.csv""]",trusted causal route is crypto-native/source-scoped; no Tradier connection credit,False,True,True,4fc946b596d2095932637bc191f64c85d4bcd7d107c4598f7f20a2e00c447cf8
DD_BOUNCE_REQUIRE_HIGHER_PRICE,DEFERRED,False,False,BOTH,ENTRY,,N/A_NOT_CONNECTED,N/A_NOT_CONNECTED,"[""close_{tf}"",""high_{tf}"",""low_{tf}""]","[""ANY_AVAILABLE""]",[],[],next_100_contract=NOT_INTEGRATED,False,False,True,4fc946b596d2095932637bc191f64c85d4bcd7d107c4598f7f20a2e00c447cf8
DD_BOUNCE_REQUIRE_HIGHER_WT,DEFERRED,False,False,BOTH,ENTRY,,N/A_NOT_CONNECTED,N/A_NOT_CONNECTED,"[""close_{tf}"",""high_{tf}"",""low_{tf}"",""wt1_{tf}"",""wt2_{tf}""]","[""ANY_AVAILABLE""]",[],[],next_100_contract=NOT_INTEGRATED,False,False,True,4fc946b596d2095932637bc191f64c85d4bcd7d107c4598f7f20a2e00c447cf8
DD_BOUNCE_WT_4H_ENABLED,UNCONNECTED,False,False,BOTH,DD_BOUNCE_WT,,N/A_NOT_CONNECTED,N/A_NOT_CONNECTED,"[""wt1_4h"",""wt2_4h""]","[""4h""]",[],[],no trusted frozen-engine lifecycle read and no imported+consumed SOURCE_EXACT contract,False,True,True,4fc946b596d2095932637bc191f64c85d4bcd7d107c4598f7f20a2e00c447cf8
DD_BOUNCE_WT_D_ENABLED,DEFERRED,False,False,BOTH,ENTRY,,N/A_NOT_CONNECTED,N/A_NOT_CONNECTED,"[""close_D"",""high_D"",""low_D"",""wt1_D"",""wt2_D""]","[""D""]",[],[],next_100_contract=NOT_INTEGRATED,False,True,True,4fc946b596d2095932637bc191f64c85d4bcd7d107c4598f7f20a2e00c447cf8
DELTA_ACCEL_LOOKBACK,UNCONNECTED,False,False,BOTH,GLOBAL,,N/A_NOT_CONNECTED,N/A_NOT_CONNECTED,[],"[""ANY_AVAILABLE""]",[],[],no trusted frozen-engine lifecycle read and no imported+consumed SOURCE_EXACT contract,False,False,True,4fc946b596d2095932637bc191f64c85d4bcd7d107c4598f7f20a2e00c447cf8
DELTA_ENGINE_FILTER_TF,UNCONNECTED,False,False,BOTH,VEC_DELTA_ENGINE,,N/A_NOT_CONNECTED,N/A_NOT_CONNECTED,[],"[""1m"",""3m"",""15m"",""1h"",""4h"",""D""]",[],[],no trusted frozen-engine lifecycle read and no imported+consumed SOURCE_EXACT contract,False,False,False,4fc946b596d2095932637bc191f64c85d4bcd7d107c4598f7f20a2e00c447cf8
DELTA_ENGINE_MIN_TFS,UNCONNECTED,False,False,BOTH,VEC_DELTA_ENGINE,,N/A_NOT_CONNECTED,N/A_NOT_CONNECTED,[],"[""ANY_AVAILABLE""]",[],[],no trusted frozen-engine lifecycle read and no imported+consumed SOURCE_EXACT contract,False,False,False,4fc946b596d2095932637bc191f64c85d4bcd7d107c4598f7f20a2e00c447cf8
DELTA_ENTRY_MIN_TF,CONNECTED_BOTH,True,True,BOTH,ENTRY,ENTRY|REENTRY,native=3m,native=5m,"[""close_{tf}"",""high_{tf}"",""low_{tf}""]","[""ANY_AVAILABLE""]","[""v12_quick_engine.py:6079:compute_reentry_blocks""]",[],trusted direct lifecycle read and/or imported+consumed SOURCE_EXACT contract applies to both venues,False,True,True,4fc946b596d2095932637bc191f64c85d4bcd7d107c4598f7f20a2e00c447cf8
DELTA_ENTRY_SCORE_BONUS,DEFERRED,False,False,BOTH,ENTRY,,N/A_NOT_CONNECTED,N/A_NOT_CONNECTED,"[""close_{tf}"",""high_{tf}"",""low_{tf}""]","[""ANY_AVAILABLE""]",[],[],blocked=PATTERN_ONLY_EXACT_ARRAY_BINDING_NOT_PROVEN;next_100_contract=NOT_INTEGRATED,False,False,True,4fc946b596d2095932637bc191f64c85d4bcd7d107c4598f7f20a2e00c447cf8
DELTA_ENTRY_SCORE_PENALTY,DEFERRED,False,False,BOTH,ENTRY,,N/A_NOT_CONNECTED,N/A_NOT_CONNECTED,"[""close_{tf}"",""high_{tf}"",""low_{tf}""]","[""ANY_AVAILABLE""]",[],[],blocked=PATTERN_ONLY_EXACT_ARRAY_BINDING_NOT_PROVEN;next_100_contract=NOT_INTEGRATED,False,False,True,4fc946b596d2095932637bc191f64c85d4bcd7d107c4598f7f20a2e00c447cf8
DELTA_ENTRY_VEL_MIN,UNCONNECTED,False,False,BOTH,DELTA_ENTRY_VEL,,N/A_NOT_CONNECTED,N/A_NOT_CONNECTED,"[""close_{tf}"",""high_{tf}"",""low_{tf}""]","[""ANY_AVAILABLE""]",[],[],no trusted frozen-engine lifecycle read and no imported+consumed SOURCE_EXACT contract,False,False,False,4fc946b596d2095932637bc191f64c85d4bcd7d107c4598f7f20a2e00c447cf8
DELTA_EXIT_MANDATORY_REENTRY_ENABLED,CONNECTED_BOTH,True,True,BOTH,REENTRY,REENTRY,native=3m,native=5m,"[""close_{tf}"",""high_{tf}"",""low_{tf}""]","[""ANY_AVAILABLE""]",[],"[""v12_exit_reduce_gap_batch5:data/reports/V12_EXIT_REDUCE_STOP_GAP_BATCH5_CONTRACT.csv""]",trusted direct lifecycle read and/or imported+consumed SOURCE_EXACT contract applies to both venues,False,True,True,4fc946b596d2095932637bc191f64c85d4bcd7d107c4598f7f20a2e00c447cf8
DELTA_EXIT_SCORE_BONUS,UNCONNECTED,False,False,BOTH,EXIT,,N/A_NOT_CONNECTED,N/A_NOT_CONNECTED,"[""close_{tf}"",""high_{tf}"",""low_{tf}""]","[""ANY_AVAILABLE""]",[],[],no trusted frozen-engine lifecycle read and no imported+consumed SOURCE_EXACT contract,False,False,True,4fc946b596d2095932637bc191f64c85d4bcd7d107c4598f7f20a2e00c447cf8
DELTA_EXIT_SPEED_DECAY_MIN_GAIN,UNCONNECTED,False,False,BOTH,DELTA_EXIT_SPEED,,N/A_NOT_CONNECTED,N/A_NOT_CONNECTED,"[""close_{tf}"",""high_{tf}"",""low_{tf}""]","[""ANY_AVAILABLE""]",[],[],no trusted frozen-engine lifecycle read and no imported+consumed SOURCE_EXACT contract,False,True,False,4fc946b596d2095932637bc191f64c85d4bcd7d107c4598f7f20a2e00c447cf8
DELTA_EXIT_SPEED_DECAY_MIN_TFS,UNCONNECTED,False,False,BOTH,DELTA_EXIT_SPEED,,N/A_NOT_CONNECTED,N/A_NOT_CONNECTED,"[""close_{tf}"",""high_{tf}"",""low_{tf}""]","[""ANY_AVAILABLE""]",[],[],no trusted frozen-engine lifecycle read and no imported+consumed SOURCE_EXACT contract,False,True,False,4fc946b596d2095932637bc191f64c85d4bcd7d107c4598f7f20a2e00c447cf8
DELTA_EXIT_SPEED_DECAY_VEC_ENABLED,UNCONNECTED,False,False,BOTH,DELTA_EXIT_SPEED,,N/A_NOT_CONNECTED,N/A_NOT_CONNECTED,"[""close_{tf}"",""high_{tf}"",""low_{tf}""]","[""ANY_AVAILABLE""]",[],[],no trusted frozen-engine lifecycle read and no imported+consumed SOURCE_EXACT contract,False,True,False,4fc946b596d2095932637bc191f64c85d4bcd7d107c4598f7f20a2e00c447cf8
DELTA_EXIT_TF,UNCONNECTED,False,False,BOTH,EXIT,,N/A_NOT_CONNECTED,N/A_NOT_CONNECTED,"[""close_3m"",""high_3m"",""low_3m""]","[""3m""]",[],[],no trusted frozen-engine lifecycle read and no imported+consumed SOURCE_EXACT contract,False,False,True,4fc946b596d2095932637bc191f64c85d4bcd7d107c4598f7f20a2e00c447cf8
DELTA_GATE_DIRECTION_FAVORABLE,UNCONNECTED,False,False,BOTH,DELTA_GATE_DIRECTION,,N/A_NOT_CONNECTED,N/A_NOT_CONNECTED,[],"[""ANY_AVAILABLE""]",[],[],no trusted frozen-engine lifecycle read and no imported+consumed SOURCE_EXACT contract,False,False,False,4fc946b596d2095932637bc191f64c85d4bcd7d107c4598f7f20a2e00c447cf8
DELTA_GATE_STRONG_BUY_QUICK_BYPASS,DEFERRED,False,False,BOTH,ENTRY,,N/A_NOT_CONNECTED,N/A_NOT_CONNECTED,"[""close_{tf}"",""high_{tf}"",""low_{tf}""]","[""ANY_AVAILABLE""]",[],[],next_100_contract=NOT_INTEGRATED,False,False,True,4fc946b596d2095932637bc191f64c85d4bcd7d107c4598f7f20a2e00c447cf8
DELTA_HTF_GATE,UNCONNECTED,False,False,BOTH,FILTER,,N/A_NOT_CONNECTED,N/A_NOT_CONNECTED,[],"[""ANY_AVAILABLE""]",[],[],no trusted frozen-engine lifecycle read and no imported+consumed SOURCE_EXACT contract,False,True,True,4fc946b596d2095932637bc191f64c85d4bcd7d107c4598f7f20a2e00c447cf8
DELTA_LT_COOLDOWN_BARS,UNCONNECTED,False,False,BOTH,DELTA_LT_COOLDOWN,,N/A_NOT_CONNECTED,N/A_NOT_CONNECTED,[],"[""ANY_AVAILABLE""]",[],[],no trusted frozen-engine lifecycle read and no imported+consumed SOURCE_EXACT contract,False,False,False,4fc946b596d2095932637bc191f64c85d4bcd7d107c4598f7f20a2e00c447cf8
DELTA_LT_ENTRY_ACCEL_THRESHOLD,UNCONNECTED,False,False,BOTH,DELTA_LT_ENTRY,,N/A_NOT_CONNECTED,N/A_NOT_CONNECTED,[],"[""ANY_AVAILABLE""]",[],[],no trusted frozen-engine lifecycle read and no imported+consumed SOURCE_EXACT contract,False,False,False,4fc946b596d2095932637bc191f64c85d4bcd7d107c4598f7f20a2e00c447cf8
DELTA_LT_ENTRY_MIN_TF,UNCONNECTED,False,False,BOTH,DELTA_LT_ENTRY,,N/A_NOT_CONNECTED,N/A_NOT_CONNECTED,"[""close_{tf}"",""high_{tf}"",""low_{tf}""]","[""ANY_AVAILABLE""]",[],[],no trusted frozen-engine lifecycle read and no imported+consumed SOURCE_EXACT contract,False,False,False,4fc946b596d2095932637bc191f64c85d4bcd7d107c4598f7f20a2e00c447cf8
DELTA_LT_ENTRY_Z_THRESHOLD,UNCONNECTED,False,False,BOTH,DELTA_LT_ENTRY,,N/A_NOT_CONNECTED,N/A_NOT_CONNECTED,[],"[""ANY_AVAILABLE""]",[],[],no trusted frozen-engine lifecycle read and no imported+consumed SOURCE_EXACT contract,False,False,False,4fc946b596d2095932637bc191f64c85d4bcd7d107c4598f7f20a2e00c447cf8
DELTA_LT_EXIT_SPEED_PCT,UNCONNECTED,False,False,BOTH,DELTA_LT_EXIT,,N/A_NOT_CONNECTED,N/A_NOT_CONNECTED,"[""close_{tf}"",""high_{tf}"",""low_{tf}""]","[""ANY_AVAILABLE""]",[],[],no trusted frozen-engine lifecycle read and no imported+consumed SOURCE_EXACT contract,False,False,False,4fc946b596d2095932637bc191f64c85d4bcd7d107c4598f7f20a2e00c447cf8
DELTA_LT_EXIT_TF,UNCONNECTED,False,False,BOTH,DELTA_LT_EXIT,,N/A_NOT_CONNECTED,N/A_NOT_CONNECTED,"[""close_4h"",""high_4h"",""low_4h""]","[""4h""]",[],[],no trusted frozen-engine lifecycle read and no imported+consumed SOURCE_EXACT contract,False,False,False,4fc946b596d2095932637bc191f64c85d4bcd7d107c4598f7f20a2e00c447cf8
DELTA_LT_EXIT_TYPE,UNCONNECTED,False,False,BOTH,DELTA_LT_EXIT,,N/A_NOT_CONNECTED,N/A_NOT_CONNECTED,"[""close_{tf}"",""high_{tf}"",""low_{tf}""]","[""ANY_AVAILABLE""]",[],[],no trusted frozen-engine lifecycle read and no imported+consumed SOURCE_EXACT contract,False,False,False,4fc946b596d2095932637bc191f64c85d4bcd7d107c4598f7f20a2e00c447cf8
DELTA_LT_HTF_GATE,UNCONNECTED,False,False,BOTH,DELTA_LT_HTF,,N/A_NOT_CONNECTED,N/A_NOT_CONNECTED,[],"[""ANY_AVAILABLE""]",[],[],no trusted frozen-engine lifecycle read and no imported+consumed SOURCE_EXACT contract,False,False,False,4fc946b596d2095932637bc191f64c85d4bcd7d107c4598f7f20a2e00c447cf8
DELTA_MIN_TF_FOR_ACTION,UNCONNECTED,False,False,BOTH,GLOBAL,,N/A_NOT_CONNECTED,N/A_NOT_CONNECTED,[],"[""ANY_AVAILABLE""]",[],[],no trusted frozen-engine lifecycle read and no imported+consumed SOURCE_EXACT contract,False,False,True,4fc946b596d2095932637bc191f64c85d4bcd7d107c4598f7f20a2e00c447cf8
DELTA_OPTIONS_COOLDOWN,UNCONNECTED,False,False,BOTH,DELTA_OPTIONS_COOLDOWN,,N/A_NOT_CONNECTED,N/A_NOT_CONNECTED,[],"[""ANY_AVAILABLE""]",[],[],no trusted frozen-engine lifecycle read and no imported+consumed SOURCE_EXACT contract,False,False,False,4fc946b596d2095932637bc191f64c85d4bcd7d107c4598f7f20a2e00c447cf8
DELTA_OPTIONS_ENTRY_Z,UNCONNECTED,False,False,BOTH,DELTA_OPTIONS_ENTRY,,N/A_NOT_CONNECTED,N/A_NOT_CONNECTED,"[""close_{tf}"",""high_{tf}"",""low_{tf}""]","[""ANY_AVAILABLE""]",[],[],no trusted frozen-engine lifecycle read and no imported+consumed SOURCE_EXACT contract,False,False,False,4fc946b596d2095932637bc191f64c85d4bcd7d107c4598f7f20a2e00c447cf8
DELTA_OPTIONS_EXIT_TYPE,UNCONNECTED,False,False,BOTH,DELTA_OPTIONS_EXIT,,N/A_NOT_CONNECTED,N/A_NOT_CONNECTED,"[""close_{tf}"",""high_{tf}"",""low_{tf}""]","[""ANY_AVAILABLE""]",[],[],no trusted frozen-engine lifecycle read and no imported+consumed SOURCE_EXACT contract,False,False,False,4fc946b596d2095932637bc191f64c85d4bcd7d107c4598f7f20a2e00c447cf8
DELTA_OPTIONS_GIVEBACK_PCT,UNCONNECTED,False,False,BOTH,DELTA_OPTIONS_GIVEBACK,,N/A_NOT_CONNECTED,N/A_NOT_CONNECTED,[],"[""ANY_AVAILABLE""]",[],[],no trusted frozen-engine lifecycle read and no imported+consumed SOURCE_EXACT contract,False,False,False,4fc946b596d2095932637bc191f64c85d4bcd7d107c4598f7f20a2e00c447cf8
DELTA_OPTIONS_HTF_GATE,UNCONNECTED,False,False,BOTH,DELTA_OPTIONS_HTF,,N/A_NOT_CONNECTED,N/A_NOT_CONNECTED,[],"[""ANY_AVAILABLE""]",[],[],no trusted frozen-engine lifecycle read and no imported+consumed SOURCE_EXACT contract,False,False,False,4fc946b596d2095932637bc191f64c85d4bcd7d107c4598f7f20a2e00c447cf8
DELTA_OPTIONS_MAX_HOLD,UNCONNECTED,False,False,BOTH,DELTA_OPTIONS_MAX,,N/A_NOT_CONNECTED,N/A_NOT_CONNECTED,[],"[""ANY_AVAILABLE""]",[],[],no trusted frozen-engine lifecycle read and no imported+consumed SOURCE_EXACT contract,False,False,False,4fc946b596d2095932637bc191f64c85d4bcd7d107c4598f7f20a2e00c447cf8
DELTA_PYRAMID_MAX,CONNECTED_BOTH,True,True,BOTH,AUGMENT,AUGMENT,native=3m,native=5m,"[""close_{tf}"",""high_{tf}"",""low_{tf}""]","[""ANY_AVAILABLE""]",[],"[""v12_reentry_augment_gap_batch3:data/reports/V12_REENTRY_AUGMENT_GAP_BATCH3_CONTRACT.csv""]",trusted direct lifecycle read and/or imported+consumed SOURCE_EXACT contract applies to both venues,False,False,True,4fc946b596d2095932637bc191f64c85d4bcd7d107c4598f7f20a2e00c447cf8
DELTA_PYRAMID_PRICE_TOL,CONNECTED_BOTH,True,True,BOTH,AUGMENT,AUGMENT,native=3m,native=5m,"[""close_{tf}"",""high_{tf}"",""low_{tf}""]","[""ANY_AVAILABLE""]",[],"[""v12_reentry_augment_gap_batch3:data/reports/V12_REENTRY_AUGMENT_GAP_BATCH3_CONTRACT.csv""]",trusted direct lifecycle read and/or imported+consumed SOURCE_EXACT contract applies to both venues,False,False,True,4fc946b596d2095932637bc191f64c85d4bcd7d107c4598f7f20a2e00c447cf8
DELTA_PYRAMID_QTY_MULT,UNCONNECTED,False,False,BOTH,AUGMENT,,N/A_NOT_CONNECTED,N/A_NOT_CONNECTED,"[""close_{tf}"",""high_{tf}"",""low_{tf}""]","[""ANY_AVAILABLE""]",[],[],no trusted frozen-engine lifecycle read and no imported+consumed SOURCE_EXACT contract,False,False,True,4fc946b596d2095932637bc191f64c85d4bcd7d107c4598f7f20a2e00c447cf8
DELTA_REENTRY_FILTER_ENABLED,CONNECTED_BOTH,True,True,BOTH,REENTRY,REENTRY,native=3m,native=5m,"[""close_{tf}"",""high_{tf}"",""low_{tf}""]","[""ANY_AVAILABLE""]",[],"[""v12_reentry_augment_gap_batch3:data/reports/V12_REENTRY_AUGMENT_GAP_BATCH3_CONTRACT.csv""]",trusted direct lifecycle read and/or imported+consumed SOURCE_EXACT contract applies to both venues,False,True,True,4fc946b596d2095932637bc191f64c85d4bcd7d107c4598f7f20a2e00c447cf8
DELTA_SCORE_WEIGHT,UNCONNECTED,False,False,BOTH,SIZING,,N/A_NOT_CONNECTED,N/A_NOT_CONNECTED,[],"[""ANY_AVAILABLE""]",[],[],no trusted frozen-engine lifecycle read and no imported+consumed SOURCE_EXACT contract,False,False,True,4fc946b596d2095932637bc191f64c85d4bcd7d107c4598f7f20a2e00c447cf8
DELTA_SPEED_SMOOTH,UNCONNECTED,False,False,BOTH,GLOBAL,,N/A_NOT_CONNECTED,N/A_NOT_CONNECTED,[],"[""ANY_AVAILABLE""]",[],[],no trusted frozen-engine lifecycle read and no imported+consumed SOURCE_EXACT contract,False,False,True,4fc946b596d2095932637bc191f64c85d4bcd7d107c4598f7f20a2e00c447cf8
DELTA_TF_WEIGHTS,UNCONNECTED,False,False,BOTH,SIZING,,N/A_NOT_CONNECTED,N/A_NOT_CONNECTED,[],"[""ANY_AVAILABLE""]",[],[],no trusted frozen-engine lifecycle read and no imported+consumed SOURCE_EXACT contract,False,False,True,4fc946b596d2095932637bc191f64c85d4bcd7d107c4598f7f20a2e00c447cf8
DELTA_TF_WEIGHTS_STOCK,VENUE_SPECIFIC_BY_SOURCE,False,False,TRADIER,DELTA_TF_WEIGHTS,,N/A_NOT_CONNECTED,N/A_NOT_CONNECTED,[],"[""ANY_AVAILABLE""]",[],[],source scope is TRADIER; no trusted frozen-engine causal integration,False,False,True,4fc946b596d2095932637bc191f64c85d4bcd7d107c4598f7f20a2e00c447cf8
DELTA_Z_WINDOW,UNCONNECTED,False,False,BOTH,GLOBAL,,N/A_NOT_CONNECTED,N/A_NOT_CONNECTED,[],"[""ANY_AVAILABLE""]",[],[],no trusted frozen-engine lifecycle read and no imported+consumed SOURCE_EXACT contract,False,False,True,4fc946b596d2095932637bc191f64c85d4bcd7d107c4598f7f20a2e00c447cf8
DIRECTION_FAVORABLE_MAX_MINUTES,UNCONNECTED,False,False,BOTH,DIRECTION_FAVORABLE_MAX,,N/A_NOT_CONNECTED,N/A_NOT_CONNECTED,[],"[""ANY_AVAILABLE""]",[],[],no trusted frozen-engine lifecycle read and no imported+consumed SOURCE_EXACT contract,False,True,False,4fc946b596d2095932637bc191f64c85d4bcd7d107c4598f7f20a2e00c447cf8
DIRECTION_FAVORABLE_REENTRY_ENABLED,CONNECTED_CRYPTO,True,False,BOTH,REENTRY,REENTRY,native=3m;required=3m|15m|1h,N/A_NOT_CONNECTED,"[""close_{tf}"",""high_{tf}"",""low_{tf}""]","[""ANY_AVAILABLE""]",[],"[""v12_reentry_augment_gap_batch3:data/reports/V12_REENTRY_AUGMENT_GAP_BATCH3_CONTRACT.csv""]",trusted causal route is crypto-native/source-scoped; no Tradier connection credit,False,True,True,4fc946b596d2095932637bc191f64c85d4bcd7d107c4598f7f20a2e00c447cf8
DIRECTION_FAVORABLE_REENTRY_VEC_ENABLED,UNCONNECTED,False,False,BOTH,DIRECTION_FAVORABLE_REENTRY,,N/A_NOT_CONNECTED,N/A_NOT_CONNECTED,"[""close_{tf}"",""high_{tf}"",""low_{tf}""]","[""ANY_AVAILABLE""]",[],[],no trusted frozen-engine lifecycle read and no imported+consumed SOURCE_EXACT contract,False,True,False,4fc946b596d2095932637bc191f64c85d4bcd7d107c4598f7f20a2e00c447cf8
DIVERGENCE_BLOCK_ENABLED,UNCONNECTED,False,False,BOTH,DIVERGENCE_BLOCK_ENABLED,,N/A_NOT_CONNECTED,N/A_NOT_CONNECTED,[],"[""ANY_AVAILABLE""]",[],[],no trusted frozen-engine lifecycle read and no imported+consumed SOURCE_EXACT contract,False,False,False,4fc946b596d2095932637bc191f64c85d4bcd7d107c4598f7f20a2e00c447cf8
DIVERGENCE_LB,UNCONNECTED,False,False,BOTH,DIVERGENCE_LB,,N/A_NOT_CONNECTED,N/A_NOT_CONNECTED,[],"[""ANY_AVAILABLE""]",[],[],no trusted frozen-engine lifecycle read and no imported+consumed SOURCE_EXACT contract,False,False,False,4fc946b596d2095932637bc191f64c85d4bcd7d107c4598f7f20a2e00c447cf8
DUP_GUARD_ENABLED,UNCONNECTED,False,False,BOTH,VEC_DUP_GUARD,,N/A_NOT_CONNECTED,N/A_NOT_CONNECTED,[],"[""ANY_AVAILABLE""]",[],[],no trusted frozen-engine lifecycle read and no imported+consumed SOURCE_EXACT contract,False,False,False,4fc946b596d2095932637bc191f64c85d4bcd7d107c4598f7f20a2e00c447cf8
DUP_GUARD_FILTER_TF,UNCONNECTED,False,False,BOTH,VEC_DUP_GUARD,,N/A_NOT_CONNECTED,N/A_NOT_CONNECTED,[],"[""1m"",""3m"",""15m"",""1h"",""4h"",""D""]",[],[],no trusted frozen-engine lifecycle read and no imported+consumed SOURCE_EXACT contract,False,False,False,4fc946b596d2095932637bc191f64c85d4bcd7d107c4598f7f20a2e00c447cf8
DUP_GUARD_MIN_TFS,UNCONNECTED,False,False,BOTH,VEC_DUP_GUARD,,N/A_NOT_CONNECTED,N/A_NOT_CONNECTED,[],"[""ANY_AVAILABLE""]",[],[],no trusted frozen-engine lifecycle read and no imported+consumed SOURCE_EXACT contract,False,False,False,4fc946b596d2095932637bc191f64c85d4bcd7d107c4598f7f20a2e00c447cf8
DYNAMIC_SCORE_AUGMENT_ENABLED,UNCONNECTED,False,False,BOTH,S2_BTC_BEST_MISSING_14,,N/A_NOT_CONNECTED,N/A_NOT_CONNECTED,"[""close_{tf}"",""high_{tf}"",""low_{tf}""]","[""ANY_AVAILABLE""]",[],[],no trusted frozen-engine lifecycle read and no imported+consumed SOURCE_EXACT contract,False,False,False,4fc946b596d2095932637bc191f64c85d4bcd7d107c4598f7f20a2e00c447cf8
DYN_STRUCT_TRAIL_ENABLED,CONNECTED_TRADIER,False,True,BOTH,EXIT,EXIT|STOP,N/A_NOT_CONNECTED,native=5m;required=5m,"[""close_{tf}"",""high_{tf}"",""low_{tf}""]","[""ANY_AVAILABLE""]",[],"[""v12_exit_reduce_gap_batch4:data/reports/V12_EXIT_REDUCE_STOP_GAP_BATCH4_CONTRACT.csv""]",trusted causal route is Tradier-native/source-scoped; no crypto connection credit,False,True,True,4fc946b596d2095932637bc191f64c85d4bcd7d107c4598f7f20a2e00c447cf8
D_STRUCT_ENTRY_MULT_ENABLED,UNCONNECTED,False,False,BOTH,ENTRY,,N/A_NOT_CONNECTED,N/A_NOT_CONNECTED,[],"[""D""]",[],[],no trusted frozen-engine lifecycle read and no imported+consumed SOURCE_EXACT contract,False,True,True,4fc946b596d2095932637bc191f64c85d4bcd7d107c4598f7f20a2e00c447cf8
EMA_9_21_FILTER_FILTER_TF,UNCONNECTED,False,False,BOTH,VEC_EMA_9_21_FILTER,,N/A_NOT_CONNECTED,N/A_NOT_CONNECTED,"[""ema_{period}_15m"",""ema_{period}_1h"",""ema_{period}_1m"",""ema_{period}_3m"",""ema_{period}_4h"",""ema_{period}_D""]","[""1m"",""3m"",""15m"",""1h"",""4h"",""D""]",[],[],no trusted frozen-engine lifecycle read and no imported+consumed SOURCE_EXACT contract,False,False,False,4fc946b596d2095932637bc191f64c85d4bcd7d107c4598f7f20a2e00c447cf8
EMA_9_21_FILTER_MIN_TFS,UNCONNECTED,False,False,BOTH,VEC_EMA_9_21_FILTER,,N/A_NOT_CONNECTED,N/A_NOT_CONNECTED,"[""ema_{period}_{tf}""]","[""ANY_AVAILABLE""]",[],[],no trusted frozen-engine lifecycle read and no imported+consumed SOURCE_EXACT contract,False,False,False,4fc946b596d2095932637bc191f64c85d4bcd7d107c4598f7f20a2e00c447cf8
EMA_9_21_SCORE_BONUS,UNCONNECTED,False,False,BOTH,EMA_9_21,,N/A_NOT_CONNECTED,N/A_NOT_CONNECTED,"[""ema_{period}_{tf}""]","[""ANY_AVAILABLE""]",[],[],no trusted frozen-engine lifecycle read and no imported+consumed SOURCE_EXACT contract,False,False,False,4fc946b596d2095932637bc191f64c85d4bcd7d107c4598f7f20a2e00c447cf8
EMA_BLANKET_FILTER_ENABLED,UNCONNECTED,False,False,BOTH,VEC_EMA_BLANKET_FILTER,,N/A_NOT_CONNECTED,N/A_NOT_CONNECTED,"[""ema_{period}_{tf}""]","[""ANY_AVAILABLE""]",[],[],no trusted frozen-engine lifecycle read and no imported+consumed SOURCE_EXACT contract,False,False,False,4fc946b596d2095932637bc191f64c85d4bcd7d107c4598f7f20a2e00c447cf8
EMA_BLANKET_FILTER_FILTER_TF,UNCONNECTED,False,False,BOTH,VEC_EMA_BLANKET_FILTER,,N/A_NOT_CONNECTED,N/A_NOT_CONNECTED,"[""ema_{period}_15m"",""ema_{period}_1h"",""ema_{period}_1m"",""ema_{period}_3m"",""ema_{period}_4h"",""ema_{period}_D""]","[""1m"",""3m"",""15m"",""1h"",""4h"",""D""]",[],[],no trusted frozen-engine lifecycle read and no imported+consumed SOURCE_EXACT contract,False,False,False,4fc946b596d2095932637bc191f64c85d4bcd7d107c4598f7f20a2e00c447cf8
EMA_BLANKET_FILTER_MIN_TFS,UNCONNECTED,False,False,BOTH,VEC_EMA_BLANKET_FILTER,,N/A_NOT_CONNECTED,N/A_NOT_CONNECTED,"[""ema_{period}_{tf}""]","[""ANY_AVAILABLE""]",[],[],no trusted frozen-engine lifecycle read and no imported+consumed SOURCE_EXACT contract,False,False,False,4fc946b596d2095932637bc191f64c85d4bcd7d107c4598f7f20a2e00c447cf8
EMA_BLANKET_PERIOD,UNCONNECTED,False,False,BOTH,EMA_BLANKET_PERIOD,,N/A_NOT_CONNECTED,N/A_NOT_CONNECTED,"[""ema_{period}_{tf}""]","[""ANY_AVAILABLE""]",[],[],no trusted frozen-engine lifecycle read and no imported+consumed SOURCE_EXACT contract,False,False,False,4fc946b596d2095932637bc191f64c85d4bcd7d107c4598f7f20a2e00c447cf8
EMA_BLANKET_TF,UNCONNECTED,False,False,BOTH,EMA_BLANKET_TF,,N/A_NOT_CONNECTED,N/A_NOT_CONNECTED,"[""ema_{period}_{tf}""]","[""ANY_AVAILABLE""]",[],[],no trusted frozen-engine lifecycle read and no imported+consumed SOURCE_EXACT contract,False,False,False,4fc946b596d2095932637bc191f64c85d4bcd7d107c4598f7f20a2e00c447cf8
EMERGENCY_BRAKE_DC_STOP_FIELD,REJECTED_INERT,False,False,BOTH,EMERGENCY_BRAKE_DC,,N/A_NOT_CONNECTED,N/A_NOT_CONNECTED,"[""close_{tf}"",""dc_basis_{tf}"",""dc_high_{tf}"",""dc_low_{tf}"",""high_{tf}"",""low_{tf}""]","[""ANY_AVAILABLE""]",[],[],v12_exit_reduce_gap_batch4=REJECTED_SOURCE_INERT,False,False,True,4fc946b596d2095932637bc191f64c85d4bcd7d107c4598f7f20a2e00c447cf8
EMERGENCY_BRAKE_ENABLED,REJECTED_INERT,False,False,BOTH,VEC_EMERGENCY_BRAKE,,N/A_NOT_CONNECTED,N/A_NOT_CONNECTED,[],"[""ANY_AVAILABLE""]",[],[],v12_exit_reduce_gap_batch4=REJECTED_NO_SOURCE_SEMANTICS,False,False,False,4fc946b596d2095932637bc191f64c85d4bcd7d107c4598f7f20a2e00c447cf8
EMERGENCY_BRAKE_FILTER_TF,REJECTED_INERT,False,False,BOTH,VEC_EMERGENCY_BRAKE,,N/A_NOT_CONNECTED,N/A_NOT_CONNECTED,[],"[""1m"",""3m"",""15m"",""1h"",""4h"",""D""]",[],[],v12_exit_reduce_gap_batch4=REJECTED_NO_SOURCE_SEMANTICS,False,False,False,4fc946b596d2095932637bc191f64c85d4bcd7d107c4598f7f20a2e00c447cf8
EMERGENCY_BRAKE_MIN_TFS,REJECTED_INERT,False,False,BOTH,VEC_EMERGENCY_BRAKE,,N/A_NOT_CONNECTED,N/A_NOT_CONNECTED,[],"[""ANY_AVAILABLE""]",[],[],v12_exit_reduce_gap_batch4=REJECTED_NO_SOURCE_SEMANTICS,False,False,False,4fc946b596d2095932637bc191f64c85d4bcd7d107c4598f7f20a2e00c447cf8
ENABLE_FAST_RISER_REDUCE,DEFERRED,False,False,BOTH,REDUCE,,N/A_NOT_CONNECTED,N/A_NOT_CONNECTED,"[""close_{tf}"",""high_{tf}"",""low_{tf}""]","[""ANY_AVAILABLE""]",[],[],v12_exit_reduce_gap_batch8=SOURCE_EXACT_NOT_INTEGRATED,False,True,True,4fc946b596d2095932637bc191f64c85d4bcd7d107c4598f7f20a2e00c447cf8
ENTRY_BB_EXTREME_BOUNCE_ENABLED,UNCONNECTED,False,False,BOTH,ENTRY_BB_EXTREME,,N/A_NOT_CONNECTED,N/A_NOT_CONNECTED,"[""bb_lower_{tf}"",""bb_pct_b_{tf}"",""bb_upper_{tf}"",""close_{tf}"",""high_{tf}"",""low_{tf}""]","[""ANY_AVAILABLE""]",[],[],no trusted frozen-engine lifecycle read and no imported+consumed SOURCE_EXACT contract,False,False,False,4fc946b596d2095932637bc191f64c85d4bcd7d107c4598f7f20a2e00c447cf8
ENTRY_BB_EXTREME_THRESHOLD,UNCONNECTED,False,False,BOTH,ENTRY_BB_EXTREME,,N/A_NOT_CONNECTED,N/A_NOT_CONNECTED,"[""bb_lower_{tf}"",""bb_pct_b_{tf}"",""bb_upper_{tf}""]","[""ANY_AVAILABLE""]",[],[],no trusted frozen-engine lifecycle read and no imported+consumed SOURCE_EXACT contract,False,False,False,4fc946b596d2095932637bc191f64c85d4bcd7d107c4598f7f20a2e00c447cf8
ENTRY_BB_SQUEEZE_LOOKBACK,UNCONNECTED,False,False,BOTH,ENTRY_BB_SQUEEZE,,N/A_NOT_CONNECTED,N/A_NOT_CONNECTED,"[""bb_lower_{tf}"",""bb_pct_b_{tf}"",""bb_upper_{tf}"",""close_{tf}"",""high_{tf}"",""low_{tf}""]","[""ANY_AVAILABLE""]",[],[],no trusted frozen-engine lifecycle read and no imported+consumed SOURCE_EXACT contract,False,False,False,4fc946b596d2095932637bc191f64c85d4bcd7d107c4598f7f20a2e00c447cf8
ENTRY_BB_SQUEEZE_RATIO,UNCONNECTED,False,False,BOTH,ENTRY_BB_SQUEEZE,,N/A_NOT_CONNECTED,N/A_NOT_CONNECTED,"[""bb_lower_{tf}"",""bb_pct_b_{tf}"",""bb_upper_{tf}"",""close_{tf}"",""high_{tf}"",""low_{tf}""]","[""ANY_AVAILABLE""]",[],[],no trusted frozen-engine lifecycle read and no imported+consumed SOURCE_EXACT contract,False,False,False,4fc946b596d2095932637bc191f64c85d4bcd7d107c4598f7f20a2e00c447cf8
ENTRY_BB_SQUEEZE_RELEASE_ENABLED,UNCONNECTED,False,False,BOTH,ENTRY_BB_SQUEEZE,,N/A_NOT_CONNECTED,N/A_NOT_CONNECTED,"[""bb_lower_{tf}"",""bb_pct_b_{tf}"",""bb_upper_{tf}"",""close_{tf}"",""high_{tf}"",""low_{tf}""]","[""ANY_AVAILABLE""]",[],[],no trusted frozen-engine lifecycle read and no imported+consumed SOURCE_EXACT contract,False,False,False,4fc946b596d2095932637bc191f64c85d4bcd7d107c4598f7f20a2e00c447cf8
ENTRY_COOLDOWN_SEC,UNCONNECTED,False,False,BOTH,ENTRY_COOLDOWN_SEC,,N/A_NOT_CONNECTED,N/A_NOT_CONNECTED,[],"[""ANY_AVAILABLE""]",[],[],no trusted frozen-engine lifecycle read and no imported+consumed SOURCE_EXACT contract,False,False,False,4fc946b596d2095932637bc191f64c85d4bcd7d107c4598f7f20a2e00c447cf8
ENTRY_EMA_FAST,UNCONNECTED,False,False,BOTH,ENTRY_EMA_FAST,,N/A_NOT_CONNECTED,N/A_NOT_CONNECTED,"[""close_{tf}"",""ema_{period}_{tf}"",""high_{tf}"",""low_{tf}""]","[""ANY_AVAILABLE""]",[],[],no trusted frozen-engine lifecycle read and no imported+consumed SOURCE_EXACT contract,False,False,False,4fc946b596d2095932637bc191f64c85d4bcd7d107c4598f7f20a2e00c447cf8
ENTRY_EMA_MID,UNCONNECTED,False,False,BOTH,ENTRY_EMA_MID,,N/A_NOT_CONNECTED,N/A_NOT_CONNECTED,"[""close_{tf}"",""ema_{period}_{tf}"",""high_{tf}"",""low_{tf}""]","[""ANY_AVAILABLE""]",[],[],no trusted frozen-engine lifecycle read and no imported+consumed SOURCE_EXACT contract,False,False,False,4fc946b596d2095932637bc191f64c85d4bcd7d107c4598f7f20a2e00c447cf8
ENTRY_EMA_RIBBON_ENABLED,UNCONNECTED,False,False,BOTH,ENTRY_EMA_RIBBON,,N/A_NOT_CONNECTED,N/A_NOT_CONNECTED,"[""close_{tf}"",""ema_{period}_{tf}"",""high_{tf}"",""low_{tf}""]","[""ANY_AVAILABLE""]",[],[],no trusted frozen-engine lifecycle read and no imported+consumed SOURCE_EXACT contract,False,False,False,4fc946b596d2095932637bc191f64c85d4bcd7d107c4598f7f20a2e00c447cf8
ENTRY_EMA_SLOW,UNCONNECTED,False,False,BOTH,ENTRY_EMA_SLOW,,N/A_NOT_CONNECTED,N/A_NOT_CONNECTED,"[""close_{tf}"",""ema_{period}_{tf}"",""high_{tf}"",""low_{tf}""]","[""ANY_AVAILABLE""]",[],[],no trusted frozen-engine lifecycle read and no imported+consumed SOURCE_EXACT contract,False,False,False,4fc946b596d2095932637bc191f64c85d4bcd7d107c4598f7f20a2e00c447cf8
ENTRY_FVG_ENABLED,UNCONNECTED,False,False,BOTH,ENTRY_FVG_ENABLED,,N/A_NOT_CONNECTED,N/A_NOT_CONNECTED,"[""close_{tf}"",""high_{tf}"",""low_{tf}""]","[""ANY_AVAILABLE""]",[],[],no trusted frozen-engine lifecycle read and no imported+consumed SOURCE_EXACT contract,False,False,False,4fc946b596d2095932637bc191f64c85d4bcd7d107c4598f7f20a2e00c447cf8
ENTRY_LIQ_SWEEP_ENABLED,UNCONNECTED,False,False,BOTH,ENTRY_LIQ_SWEEP,,N/A_NOT_CONNECTED,N/A_NOT_CONNECTED,"[""close_{tf}"",""high_{tf}"",""low_{tf}""]","[""ANY_AVAILABLE""]",[],[],no trusted frozen-engine lifecycle read and no imported+consumed SOURCE_EXACT contract,False,False,False,4fc946b596d2095932637bc191f64c85d4bcd7d107c4598f7f20a2e00c447cf8
ENTRY_LIQ_SWEEP_LOOKBACK,UNCONNECTED,False,False,BOTH,ENTRY_LIQ_SWEEP,,N/A_NOT_CONNECTED,N/A_NOT_CONNECTED,"[""close_{tf}"",""high_{tf}"",""low_{tf}""]","[""ANY_AVAILABLE""]",[],[],no trusted frozen-engine lifecycle read and no imported+consumed SOURCE_EXACT contract,False,False,False,4fc946b596d2095932637bc191f64c85d4bcd7d107c4598f7f20a2e00c447cf8
ENTRY_MIN_ALIGNMENT,DEFERRED,False,False,BOTH,ENTRY,,N/A_NOT_CONNECTED,N/A_NOT_CONNECTED,"[""close_{tf}"",""high_{tf}"",""low_{tf}""]","[""ANY_AVAILABLE""]",[],[],next_100_contract=NOT_INTEGRATED,False,False,True,4fc946b596d2095932637bc191f64c85d4bcd7d107c4598f7f20a2e00c447cf8
ENTRY_VOL_SPIKE_ENABLED,UNCONNECTED,False,False,BOTH,ENTRY_VOL_SPIKE,,N/A_NOT_CONNECTED,N/A_NOT_CONNECTED,"[""close_{tf}"",""high_{tf}"",""low_{tf}"",""relative_volume_{tf}"",""volume_{tf}""]","[""ANY_AVAILABLE""]",[],[],no trusted frozen-engine lifecycle read and no imported+consumed SOURCE_EXACT contract,False,False,False,4fc946b596d2095932637bc191f64c85d4bcd7d107c4598f7f20a2e00c447cf8
ENTRY_VOL_SPIKE_LOOKBACK,UNCONNECTED,False,False,BOTH,ENTRY_VOL_SPIKE,,N/A_NOT_CONNECTED,N/A_NOT_CONNECTED,"[""close_{tf}"",""high_{tf}"",""low_{tf}"",""relative_volume_{tf}"",""volume_{tf}""]","[""ANY_AVAILABLE""]",[],[],no trusted frozen-engine lifecycle read and no imported+consumed SOURCE_EXACT contract,False,False,False,4fc946b596d2095932637bc191f64c85d4bcd7d107c4598f7f20a2e00c447cf8
ENTRY_VOL_SPIKE_RATIO,UNCONNECTED,False,False,BOTH,ENTRY_VOL_SPIKE,,N/A_NOT_CONNECTED,N/A_NOT_CONNECTED,"[""close_{tf}"",""high_{tf}"",""low_{tf}"",""relative_volume_{tf}"",""volume_{tf}""]","[""ANY_AVAILABLE""]",[],[],no trusted frozen-engine lifecycle read and no imported+consumed SOURCE_EXACT contract,False,False,False,4fc946b596d2095932637bc191f64c85d4bcd7d107c4598f7f20a2e00c447cf8
ENTRY_WILLR_ENABLED,UNCONNECTED,False,False,BOTH,ENTRY_WILLR_ENABLED,,N/A_NOT_CONNECTED,N/A_NOT_CONNECTED,"[""close_{tf}"",""high_{tf}"",""low_{tf}"",""lr_pct_b_{tf}"",""lr_slope_{tf}""]","[""ANY_AVAILABLE""]",[],[],no trusted frozen-engine lifecycle read and no imported+consumed SOURCE_EXACT contract,False,False,False,4fc946b596d2095932637bc191f64c85d4bcd7d107c4598f7f20a2e00c447cf8
ENTRY_WILLR_LOOKBACK,UNCONNECTED,False,False,BOTH,ENTRY_WILLR_LOOKBACK,,N/A_NOT_CONNECTED,N/A_NOT_CONNECTED,"[""close_{tf}"",""high_{tf}"",""low_{tf}"",""lr_pct_b_{tf}"",""lr_slope_{tf}""]","[""ANY_AVAILABLE""]",[],[],no trusted frozen-engine lifecycle read and no imported+consumed SOURCE_EXACT contract,False,False,False,4fc946b596d2095932637bc191f64c85d4bcd7d107c4598f7f20a2e00c447cf8
ENTRY_WILLR_OB_THRESHOLD,UNCONNECTED,False,False,BOTH,ENTRY_WILLR_OB,,N/A_NOT_CONNECTED,N/A_NOT_CONNECTED,"[""lr_pct_b_{tf}"",""lr_slope_{tf}""]","[""ANY_AVAILABLE""]",[],[],no trusted frozen-engine lifecycle read and no imported+consumed SOURCE_EXACT contract,False,False,False,4fc946b596d2095932637bc191f64c85d4bcd7d107c4598f7f20a2e00c447cf8
ENTRY_WILLR_OS_THRESHOLD,UNCONNECTED,False,False,BOTH,ENTRY_WILLR_OS,,N/A_NOT_CONNECTED,N/A_NOT_CONNECTED,"[""lr_pct_b_{tf}"",""lr_slope_{tf}""]","[""ANY_AVAILABLE""]",[],[],no trusted frozen-engine lifecycle read and no imported+consumed SOURCE_EXACT contract,False,False,False,4fc946b596d2095932637bc191f64c85d4bcd7d107c4598f7f20a2e00c447cf8
ENTRY_WILLR_THRESHOLD,UNCONNECTED,False,False,BOTH,WIDE_STOCKS_BASELINE_ENTRY,,N/A_NOT_CONNECTED,N/A_NOT_CONNECTED,"[""lr_pct_b_{tf}"",""lr_slope_{tf}""]","[""ANY_AVAILABLE""]",[],[],no trusted frozen-engine lifecycle read and no imported+consumed SOURCE_EXACT contract,False,False,False,4fc946b596d2095932637bc191f64c85d4bcd7d107c4598f7f20a2e00c447cf8
ENTRY_WT_CROSS_EVENT_ENABLED,UNCONNECTED,False,False,BOTH,ENTRY_WT_CROSS,,N/A_NOT_CONNECTED,N/A_NOT_CONNECTED,"[""close_{tf}"",""high_{tf}"",""low_{tf}"",""wt1_{tf}"",""wt2_{tf}""]","[""ANY_AVAILABLE""]",[],[],no trusted frozen-engine lifecycle read and no imported+consumed SOURCE_EXACT contract,False,False,False,4fc946b596d2095932637bc191f64c85d4bcd7d107c4598f7f20a2e00c447cf8
ENTRY_WT_CROSS_LOOKBACK,UNCONNECTED,False,False,BOTH,ENTRY_WT_CROSS,,N/A_NOT_CONNECTED,N/A_NOT_CONNECTED,"[""close_{tf}"",""high_{tf}"",""low_{tf}"",""wt1_{tf}"",""wt2_{tf}""]","[""ANY_AVAILABLE""]",[],[],no trusted frozen-engine lifecycle read and no imported+consumed SOURCE_EXACT contract,False,False,False,4fc946b596d2095932637bc191f64c85d4bcd7d107c4598f7f20a2e00c447cf8
EXIT_EMERGENCY_DC1H_ENABLED,CONNECTED_BOTH,True,True,BOTH,EXIT_EMERGENCY_DC1H,EXIT|REENTRY|STOP,native=3m;required=4h,native=5m;required=4h,"[""close_{tf}"",""high_{tf}"",""low_{tf}""]","[""ANY_AVAILABLE""]",[],"[""v12_exit_reduce_gap_batch5:data/reports/V12_EXIT_REDUCE_STOP_GAP_BATCH5_CONTRACT.csv""]",trusted direct lifecycle read and/or imported+consumed SOURCE_EXACT contract applies to both venues,False,True,True,4fc946b596d2095932637bc191f64c85d4bcd7d107c4598f7f20a2e00c447cf8
EXIT_HARD_MAX_LOSS_CAP_ENABLED,UNCONNECTED,False,False,BOTH,EXIT_HARD_MAX,,N/A_NOT_CONNECTED,N/A_NOT_CONNECTED,"[""close_{tf}"",""high_{tf}"",""low_{tf}""]","[""ANY_AVAILABLE""]",[],[],no trusted frozen-engine lifecycle read and no imported+consumed SOURCE_EXACT contract,False,True,False,4fc946b596d2095932637bc191f64c85d4bcd7d107c4598f7f20a2e00c447cf8
EXIT_KEY_LEVEL_CRASH_ENABLED,UNCONNECTED,False,False,BOTH,EXIT_KEY_LEVEL,,N/A_NOT_CONNECTED,N/A_NOT_CONNECTED,"[""close_{tf}"",""high_{tf}"",""low_{tf}""]","[""ANY_AVAILABLE""]",[],[],no trusted frozen-engine lifecycle read and no imported+consumed SOURCE_EXACT contract,False,True,False,4fc946b596d2095932637bc191f64c85d4bcd7d107c4598f7f20a2e00c447cf8
EXIT_ON_ALL_ENABLED,REJECTED_INERT,False,False,BOTH,EXIT,,N/A_NOT_CONNECTED,N/A_NOT_CONNECTED,"[""close_{tf}"",""high_{tf}"",""low_{tf}""]","[""ANY_AVAILABLE""]",[],[],v12_exit_reduce_gap_batch5=REJECTED_EXTERNAL_EVENT_STATE,False,True,True,4fc946b596d2095932637bc191f64c85d4bcd7d107c4598f7f20a2e00c447cf8
EXIT_PREEMPTIVE_BREAKEVEN_ENABLED,REJECTED_INERT,False,False,BOTH,EXIT,,N/A_NOT_CONNECTED,N/A_NOT_CONNECTED,"[""close_{tf}"",""high_{tf}"",""low_{tf}""]","[""ANY_AVAILABLE""]",[],[],v12_exit_reduce_gap_batch6=REJECTED_SOURCE_INERT,False,True,True,4fc946b596d2095932637bc191f64c85d4bcd7d107c4598f7f20a2e00c447cf8
EXIT_R1_R2_ENABLED,UNCONNECTED,False,False,BOTH,VEC_EXIT_R1_R2,,N/A_NOT_CONNECTED,N/A_NOT_CONNECTED,"[""close_{tf}"",""high_{tf}"",""low_{tf}""]","[""ANY_AVAILABLE""]",[],[],no trusted frozen-engine lifecycle read and no imported+consumed SOURCE_EXACT contract,False,False,False,4fc946b596d2095932637bc191f64c85d4bcd7d107c4598f7f20a2e00c447cf8
EXIT_R1_R2_FILTER_TF,UNCONNECTED,False,False,BOTH,VEC_EXIT_R1_R2,,N/A_NOT_CONNECTED,N/A_NOT_CONNECTED,"[""close_15m"",""close_1h"",""close_1m"",""close_3m"",""close_4h"",""close_D"",""high_15m"",""high_1h"",""high_1m"",""high_3m"",""high_4h"",""high_D"",""low_15m"",""low_1h"",""low_1m"",""low_3m"",""low_4h"",""low_D""]","[""1m"",""3m"",""15m"",""1h"",""4h"",""D""]",[],[],no trusted frozen-engine lifecycle read and no imported+consumed SOURCE_EXACT contract,False,False,False,4fc946b596d2095932637bc191f64c85d4bcd7d107c4598f7f20a2e00c447cf8
EXIT_R1_R2_MIN_TFS,UNCONNECTED,False,False,BOTH,VEC_EXIT_R1_R2,,N/A_NOT_CONNECTED,N/A_NOT_CONNECTED,"[""close_{tf}"",""high_{tf}"",""low_{tf}""]","[""ANY_AVAILABLE""]",[],[],no trusted frozen-engine lifecycle read and no imported+consumed SOURCE_EXACT contract,False,False,False,4fc946b596d2095932637bc191f64c85d4bcd7d107c4598f7f20a2e00c447cf8
EXIT_REQUIRE_BOTH,UNCONNECTED,False,False,BOTH,EXIT_REQUIRE_BOTH,,N/A_NOT_CONNECTED,N/A_NOT_CONNECTED,"[""close_{tf}"",""high_{tf}"",""low_{tf}""]","[""ANY_AVAILABLE""]",[],[],no trusted frozen-engine lifecycle read and no imported+consumed SOURCE_EXACT contract,False,False,False,4fc946b596d2095932637bc191f64c85d4bcd7d107c4598f7f20a2e00c447cf8
EXIT_STRUCT_TF,CONNECTED_BOTH,True,True,BOTH,EXIT_STRUCT_TF,EXIT|STOP,native=3m,native=5m,"[""close_{tf}"",""high_{tf}"",""low_{tf}""]","[""ANY_AVAILABLE""]",[],"[""v12_exit_reduce_gap_batch5:data/reports/V12_EXIT_REDUCE_STOP_GAP_BATCH5_CONTRACT.csv""]",trusted direct lifecycle read and/or imported+consumed SOURCE_EXACT contract applies to both venues,False,True,True,4fc946b596d2095932637bc191f64c85d4bcd7d107c4598f7f20a2e00c447cf8
EXIT_TIGHT_BREAKOUT_SCORER_ENABLED,UNCONNECTED,False,False,BOTH,VEC_EXIT_TIGHT_BREAKOUT_SCORER,,N/A_NOT_CONNECTED,N/A_NOT_CONNECTED,"[""close_{tf}"",""high_{tf}"",""low_{tf}""]","[""ANY_AVAILABLE""]",[],[],no trusted frozen-engine lifecycle read and no imported+consumed SOURCE_EXACT contract,False,False,False,4fc946b596d2095932637bc191f64c85d4bcd7d107c4598f7f20a2e00c447cf8
EXIT_TIGHT_BREAKOUT_SCORER_FILTER_TF,UNCONNECTED,False,False,BOTH,VEC_EXIT_TIGHT_BREAKOUT_SCORER,,N/A_NOT_CONNECTED,N/A_NOT_CONNECTED,"[""close_15m"",""close_1h"",""close_1m"",""close_3m"",""close_4h"",""close_D"",""high_15m"",""high_1h"",""high_1m"",""high_3m"",""high_4h"",""high_D"",""low_15m"",""low_1h"",""low_1m"",""low_3m"",""low_4h"",""low_D""]","[""1m"",""3m"",""15m"",""1h"",""4h"",""D""]",[],[],no trusted frozen-engine lifecycle read and no imported+consumed SOURCE_EXACT contract,False,False,False,4fc946b596d2095932637bc191f64c85d4bcd7d107c4598f7f20a2e00c447cf8
EXIT_TIGHT_BREAKOUT_SCORER_MIN_TFS,UNCONNECTED,False,False,BOTH,VEC_EXIT_TIGHT_BREAKOUT_SCORER,,N/A_NOT_CONNECTED,N/A_NOT_CONNECTED,"[""close_{tf}"",""high_{tf}"",""low_{tf}""]","[""ANY_AVAILABLE""]",[],[],no trusted frozen-engine lifecycle read and no imported+consumed SOURCE_EXACT contract,False,False,False,4fc946b596d2095932637bc191f64c85d4bcd7d107c4598f7f20a2e00c447cf8
EXIT_TOP_FADE_ENABLED,UNCONNECTED,False,False,BOTH,VEC_EXIT_TOP_FADE,,N/A_NOT_CONNECTED,N/A_NOT_CONNECTED,"[""close_{tf}"",""high_{tf}"",""low_{tf}""]","[""ANY_AVAILABLE""]",[],[],no trusted frozen-engine lifecycle read and no imported+consumed SOURCE_EXACT contract,False,False,False,4fc946b596d2095932637bc191f64c85d4bcd7d107c4598f7f20a2e00c447cf8
EXIT_TOP_FADE_FILTER_TF,UNCONNECTED,False,False,BOTH,VEC_EXIT_TOP_FADE,,N/A_NOT_CONNECTED,N/A_NOT_CONNECTED,"[""close_15m"",""close_1h"",""close_1m"",""close_3m"",""close_4h"",""close_D"",""high_15m"",""high_1h"",""high_1m"",""high_3m"",""high_4h"",""high_D"",""low_15m"",""low_1h"",""low_1m"",""low_3m"",""low_4h"",""low_D""]","[""1m"",""3m"",""15m"",""1h"",""4h"",""D""]",[],[],no trusted frozen-engine lifecycle read and no imported+consumed SOURCE_EXACT contract,False,False,False,4fc946b596d2095932637bc191f64c85d4bcd7d107c4598f7f20a2e00c447cf8
EXIT_TOP_FADE_MIN_TFS,UNCONNECTED,False,False,BOTH,VEC_EXIT_TOP_FADE,,N/A_NOT_CONNECTED,N/A_NOT_CONNECTED,"[""close_{tf}"",""high_{tf}"",""low_{tf}""]","[""ANY_AVAILABLE""]",[],[],no trusted frozen-engine lifecycle read and no imported+consumed SOURCE_EXACT contract,False,False,False,4fc946b596d2095932637bc191f64c85d4bcd7d107c4598f7f20a2e00c447cf8
EXIT_TO_REDUCE_ADAPTER_ENABLED,UNCONNECTED,False,False,BOTH,VEC_EXIT_TO_REDUCE_ADAPTER,,N/A_NOT_CONNECTED,N/A_NOT_CONNECTED,"[""close_{tf}"",""high_{tf}"",""low_{tf}""]","[""ANY_AVAILABLE""]",[],[],no trusted frozen-engine lifecycle read and no imported+consumed SOURCE_EXACT contract,False,False,False,4fc946b596d2095932637bc191f64c85d4bcd7d107c4598f7f20a2e00c447cf8
EXIT_TO_REDUCE_ADAPTER_FILTER_TF,UNCONNECTED,False,False,BOTH,VEC_EXIT_TO_REDUCE_ADAPTER,,N/A_NOT_CONNECTED,N/A_NOT_CONNECTED,"[""close_15m"",""close_1h"",""close_1m"",""close_3m"",""close_4h"",""close_D"",""high_15m"",""high_1h"",""high_1m"",""high_3m"",""high_4h"",""high_D"",""low_15m"",""low_1h"",""low_1m"",""low_3m"",""low_4h"",""low_D""]","[""1m"",""3m"",""15m"",""1h"",""4h"",""D""]",[],[],no trusted frozen-engine lifecycle read and no imported+consumed SOURCE_EXACT contract,False,False,False,4fc946b596d2095932637bc191f64c85d4bcd7d107c4598f7f20a2e00c447cf8
EXIT_TO_REDUCE_ADAPTER_MIN_TFS,UNCONNECTED,False,False,BOTH,VEC_EXIT_TO_REDUCE_ADAPTER,,N/A_NOT_CONNECTED,N/A_NOT_CONNECTED,"[""close_{tf}"",""high_{tf}"",""low_{tf}""]","[""ANY_AVAILABLE""]",[],[],no trusted frozen-engine lifecycle read and no imported+consumed SOURCE_EXACT contract,False,False,False,4fc946b596d2095932637bc191f64c85d4bcd7d107c4598f7f20a2e00c447cf8
EXIT_WT_ACCEL_ONLY,UNCONNECTED,False,False,BOTH,EXIT_WT_ACCEL,,N/A_NOT_CONNECTED,N/A_NOT_CONNECTED,"[""close_{tf}"",""high_{tf}"",""low_{tf}"",""wt1_{tf}"",""wt2_{tf}""]","[""ANY_AVAILABLE""]",[],[],no trusted frozen-engine lifecycle read and no imported+consumed SOURCE_EXACT contract,False,False,False,4fc946b596d2095932637bc191f64c85d4bcd7d107c4598f7f20a2e00c447cf8
FAST_RISER_DOUBLE_ENABLED,UNCONNECTED,False,False,BOTH,GLOBAL,,N/A_NOT_CONNECTED,N/A_NOT_CONNECTED,[],"[""ANY_AVAILABLE""]",[],[],no trusted frozen-engine lifecycle read and no imported+consumed SOURCE_EXACT contract,False,True,True,4fc946b596d2095932637bc191f64c85d4bcd7d107c4598f7f20a2e00c447cf8
FAST_RISER_ENABLED,UNCONNECTED,False,False,BOTH,VEC_FAST_RISER,,N/A_NOT_CONNECTED,N/A_NOT_CONNECTED,[],"[""ANY_AVAILABLE""]",[],[],no trusted frozen-engine lifecycle read and no imported+consumed SOURCE_EXACT contract,False,False,False,4fc946b596d2095932637bc191f64c85d4bcd7d107c4598f7f20a2e00c447cf8
FAST_RISER_FILTER_TF,UNCONNECTED,False,False,BOTH,VEC_FAST_RISER,,N/A_NOT_CONNECTED,N/A_NOT_CONNECTED,[],"[""1m"",""3m"",""15m"",""1h"",""4h"",""D""]",[],[],no trusted frozen-engine lifecycle read and no imported+consumed SOURCE_EXACT contract,False,False,False,4fc946b596d2095932637bc191f64c85d4bcd7d107c4598f7f20a2e00c447cf8
FAST_RISER_MIN_TFS,UNCONNECTED,False,False,BOTH,VEC_FAST_RISER,,N/A_NOT_CONNECTED,N/A_NOT_CONNECTED,[],"[""ANY_AVAILABLE""]",[],[],no trusted frozen-engine lifecycle read and no imported+consumed SOURCE_EXACT contract,False,False,False,4fc946b596d2095932637bc191f64c85d4bcd7d107c4598f7f20a2e00c447cf8
FG_FEAR_THRESHOLD,UNCONNECTED,False,False,BOTH,FILTER,,N/A_NOT_CONNECTED,N/A_NOT_CONNECTED,[],"[""ANY_AVAILABLE""]",[],[],no trusted frozen-engine lifecycle read and no imported+consumed SOURCE_EXACT contract,False,False,True,4fc946b596d2095932637bc191f64c85d4bcd7d107c4598f7f20a2e00c447cf8
FG_GREED_THRESHOLD,UNCONNECTED,False,False,BOTH,FILTER,,N/A_NOT_CONNECTED,N/A_NOT_CONNECTED,[],"[""ANY_AVAILABLE""]",[],[],no trusted frozen-engine lifecycle read and no imported+consumed SOURCE_EXACT contract,False,False,True,4fc946b596d2095932637bc191f64c85d4bcd7d107c4598f7f20a2e00c447cf8
FG_SIZING_ENABLED,UNCONNECTED,False,False,BOTH,GLOBAL,,N/A_NOT_CONNECTED,N/A_NOT_CONNECTED,[],"[""ANY_AVAILABLE""]",[],[],no trusted frozen-engine lifecycle read and no imported+consumed SOURCE_EXACT contract,False,True,True,4fc946b596d2095932637bc191f64c85d4bcd7d107c4598f7f20a2e00c447cf8
FH_MOMENTUM_FILTER_TF,UNCONNECTED,False,False,BOTH,VEC_FH_MOMENTUM,,N/A_NOT_CONNECTED,N/A_NOT_CONNECTED,[],"[""1m"",""3m"",""15m"",""1h"",""4h"",""D""]",[],[],no trusted frozen-engine lifecycle read and no imported+consumed SOURCE_EXACT contract,False,False,False,4fc946b596d2095932637bc191f64c85d4bcd7d107c4598f7f20a2e00c447cf8
FH_MOMENTUM_MAX_POSITIONS,UNCONNECTED,False,False,BOTH,FH_MOMENTUM_MAX,,N/A_NOT_CONNECTED,N/A_NOT_CONNECTED,[],"[""ANY_AVAILABLE""]",[],[],no trusted frozen-engine lifecycle read and no imported+consumed SOURCE_EXACT contract,False,False,True,4fc946b596d2095932637bc191f64c85d4bcd7d107c4598f7f20a2e00c447cf8
FH_MOMENTUM_MIN_TFS,UNCONNECTED,False,False,BOTH,VEC_FH_MOMENTUM,,N/A_NOT_CONNECTED,N/A_NOT_CONNECTED,[],"[""ANY_AVAILABLE""]",[],[],no trusted frozen-engine lifecycle read and no imported+consumed SOURCE_EXACT contract,False,False,False,4fc946b596d2095932637bc191f64c85d4bcd7d107c4598f7f20a2e00c447cf8
FH_MOMENTUM_WINDOW_MINUTES,UNCONNECTED,False,False,BOTH,FH_MOMENTUM_WINDOW,,N/A_NOT_CONNECTED,N/A_NOT_CONNECTED,[],"[""ANY_AVAILABLE""]",[],[],no trusted frozen-engine lifecycle read and no imported+consumed SOURCE_EXACT contract,False,True,False,4fc946b596d2095932637bc191f64c85d4bcd7d107c4598f7f20a2e00c447cf8
FINAL_SCORE_FILE,UNCONNECTED,False,False,BOTH,FINAL_SCORE_FILE,,N/A_NOT_CONNECTED,N/A_NOT_CONNECTED,[],"[""ANY_AVAILABLE""]",[],[],no trusted frozen-engine lifecycle read and no imported+consumed SOURCE_EXACT contract,False,False,False,4fc946b596d2095932637bc191f64c85d4bcd7d107c4598f7f20a2e00c447cf8
FIN_ADVISORY_CONSUMER_ENABLED,UNCONNECTED,False,False,BOTH,GLOBAL,,N/A_NOT_CONNECTED,N/A_NOT_CONNECTED,[],"[""ANY_AVAILABLE""]",[],[],no trusted frozen-engine lifecycle read and no imported+consumed SOURCE_EXACT contract,False,True,True,4fc946b596d2095932637bc191f64c85d4bcd7d107c4598f7f20a2e00c447cf8
FIRST_OPEN_THROTTLE_ENABLED,UNCONNECTED,False,False,BOTH,VEC_FIRST_OPEN_THROTTLE,,N/A_NOT_CONNECTED,N/A_NOT_CONNECTED,"[""close_{tf}"",""high_{tf}"",""low_{tf}""]","[""ANY_AVAILABLE""]",[],[],no trusted frozen-engine lifecycle read and no imported+consumed SOURCE_EXACT contract,False,False,False,4fc946b596d2095932637bc191f64c85d4bcd7d107c4598f7f20a2e00c447cf8
FIRST_OPEN_THROTTLE_FILTER_TF,UNCONNECTED,False,False,BOTH,VEC_FIRST_OPEN_THROTTLE,,N/A_NOT_CONNECTED,N/A_NOT_CONNECTED,"[""close_15m"",""close_1h"",""close_1m"",""close_3m"",""close_4h"",""close_D"",""high_15m"",""high_1h"",""high_1m"",""high_3m"",""high_4h"",""high_D"",""low_15m"",""low_1h"",""low_1m"",""low_3m"",""low_4h"",""low_D""]","[""1m"",""3m"",""15m"",""1h"",""4h"",""D""]",[],[],no trusted frozen-engine lifecycle read and no imported+consumed SOURCE_EXACT contract,False,False,False,4fc946b596d2095932637bc191f64c85d4bcd7d107c4598f7f20a2e00c447cf8
FIRST_OPEN_THROTTLE_MIN_TFS,UNCONNECTED,False,False,BOTH,VEC_FIRST_OPEN_THROTTLE,,N/A_NOT_CONNECTED,N/A_NOT_CONNECTED,"[""close_{tf}"",""high_{tf}"",""low_{tf}""]","[""ANY_AVAILABLE""]",[],[],no trusted frozen-engine lifecycle read and no imported+consumed SOURCE_EXACT contract,False,False,False,4fc946b596d2095932637bc191f64c85d4bcd7d107c4598f7f20a2e00c447cf8
FOLLOW_THROUGH_MIN_MOVE_PCT,UNCONNECTED,False,False,BOTH,FOLLOW_THROUGH_MIN,,N/A_NOT_CONNECTED,N/A_NOT_CONNECTED,[],"[""ANY_AVAILABLE""]",[],[],no trusted frozen-engine lifecycle read and no imported+consumed SOURCE_EXACT contract,False,False,False,4fc946b596d2095932637bc191f64c85d4bcd7d107c4598f7f20a2e00c447cf8
FOLLOW_THROUGH_REENTRY_ENABLED,UNCONNECTED,False,False,BOTH,FOLLOW_THROUGH_REENTRY,,N/A_NOT_CONNECTED,N/A_NOT_CONNECTED,"[""close_{tf}"",""high_{tf}"",""low_{tf}""]","[""ANY_AVAILABLE""]",[],[],no trusted frozen-engine lifecycle read and no imported+consumed SOURCE_EXACT contract,False,False,False,4fc946b596d2095932637bc191f64c85d4bcd7d107c4598f7f20a2e00c447cf8
FOLLOW_THROUGH_WINDOW_BARS,UNCONNECTED,False,False,BOTH,FOLLOW_THROUGH_WINDOW,,N/A_NOT_CONNECTED,N/A_NOT_CONNECTED,[],"[""ANY_AVAILABLE""]",[],[],no trusted frozen-engine lifecycle read and no imported+consumed SOURCE_EXACT contract,False,False,False,4fc946b596d2095932637bc191f64c85d4bcd7d107c4598f7f20a2e00c447cf8
FORMATION_CUP_HANDLE_ENTRY_ENABLED,UNCONNECTED,False,False,BOTH,FORMATION_CUP_HANDLE,,N/A_NOT_CONNECTED,N/A_NOT_CONNECTED,"[""close_{tf}"",""high_{tf}"",""low_{tf}""]","[""ANY_AVAILABLE""]",[],[],no trusted frozen-engine lifecycle read and no imported+consumed SOURCE_EXACT contract,True,True,False,4fc946b596d2095932637bc191f64c85d4bcd7d107c4598f7f20a2e00c447cf8
FORMATION_CUP_HANDLE_EXIT_ENABLED,UNCONNECTED,False,False,BOTH,FORMATION_CUP_HANDLE,,N/A_NOT_CONNECTED,N/A_NOT_CONNECTED,"[""close_{tf}"",""high_{tf}"",""low_{tf}""]","[""ANY_AVAILABLE""]",[],[],no trusted frozen-engine lifecycle read and no imported+consumed SOURCE_EXACT contract,True,True,False,4fc946b596d2095932637bc191f64c85d4bcd7d107c4598f7f20a2e00c447cf8
FORMATION_DOUBLE_TOP_BOTTOM_ENTRY_ENABLED,UNCONNECTED,False,False,BOTH,FORMATION_DOUBLE_TOP,,N/A_NOT_CONNECTED,N/A_NOT_CONNECTED,"[""close_{tf}"",""high_{tf}"",""low_{tf}""]","[""ANY_AVAILABLE""]",[],[],no trusted frozen-engine lifecycle read and no imported+consumed SOURCE_EXACT contract,True,True,False,4fc946b596d2095932637bc191f64c85d4bcd7d107c4598f7f20a2e00c447cf8
FORMATION_DOUBLE_TOP_BOTTOM_EXIT_ENABLED,UNCONNECTED,False,False,BOTH,FORMATION_DOUBLE_TOP,,N/A_NOT_CONNECTED,N/A_NOT_CONNECTED,"[""close_{tf}"",""high_{tf}"",""low_{tf}""]","[""ANY_AVAILABLE""]",[],[],no trusted frozen-engine lifecycle read and no imported+consumed SOURCE_EXACT contract,True,True,False,4fc946b596d2095932637bc191f64c85d4bcd7d107c4598f7f20a2e00c447cf8
FORMATION_EXIT_MIN_GAIN_PCT,UNCONNECTED,False,False,BOTH,FORMATION_EXIT_MIN,,N/A_NOT_CONNECTED,N/A_NOT_CONNECTED,"[""close_{tf}"",""high_{tf}"",""low_{tf}""]","[""ANY_AVAILABLE""]",[],[],no trusted frozen-engine lifecycle read and no imported+consumed SOURCE_EXACT contract,True,True,True,4fc946b596d2095932637bc191f64c85d4bcd7d107c4598f7f20a2e00c447cf8
FORMATION_FLAG_PENNANT_ENTRY_ENABLED,UNCONNECTED,False,False,BOTH,FORMATION_FLAG_PENNANT,,N/A_NOT_CONNECTED,N/A_NOT_CONNECTED,"[""close_{tf}"",""high_{tf}"",""low_{tf}""]","[""ANY_AVAILABLE""]",[],[],no trusted frozen-engine lifecycle read and no imported+consumed SOURCE_EXACT contract,True,True,False,4fc946b596d2095932637bc191f64c85d4bcd7d107c4598f7f20a2e00c447cf8
FORMATION_FLAG_PENNANT_EXIT_ENABLED,UNCONNECTED,False,False,BOTH,FORMATION_FLAG_PENNANT,,N/A_NOT_CONNECTED,N/A_NOT_CONNECTED,"[""close_{tf}"",""high_{tf}"",""low_{tf}""]","[""ANY_AVAILABLE""]",[],[],no trusted frozen-engine lifecycle read and no imported+consumed SOURCE_EXACT contract,True,True,False,4fc946b596d2095932637bc191f64c85d4bcd7d107c4598f7f20a2e00c447cf8
FORMATION_HEAD_SHOULDERS_ENTRY_ENABLED,UNCONNECTED,False,False,BOTH,FORMATION_HEAD_SHOULDERS,,N/A_NOT_CONNECTED,N/A_NOT_CONNECTED,"[""close_{tf}"",""high_{tf}"",""low_{tf}""]","[""ANY_AVAILABLE""]",[],[],no trusted frozen-engine lifecycle read and no imported+consumed SOURCE_EXACT contract,True,True,False,4fc946b596d2095932637bc191f64c85d4bcd7d107c4598f7f20a2e00c447cf8
FORMATION_HEAD_SHOULDERS_EXIT_ENABLED,UNCONNECTED,False,False,BOTH,FORMATION_HEAD_SHOULDERS,,N/A_NOT_CONNECTED,N/A_NOT_CONNECTED,"[""close_{tf}"",""high_{tf}"",""low_{tf}""]","[""ANY_AVAILABLE""]",[],[],no trusted frozen-engine lifecycle read and no imported+consumed SOURCE_EXACT contract,True,True,False,4fc946b596d2095932637bc191f64c85d4bcd7d107c4598f7f20a2e00c447cf8
FORMATION_MIN_SCORE,UNCONNECTED,False,False,BOTH,FORMATION_MIN_SCORE,,N/A_NOT_CONNECTED,N/A_NOT_CONNECTED,[],"[""ANY_AVAILABLE""]",[],[],no trusted frozen-engine lifecycle read and no imported+consumed SOURCE_EXACT contract,True,False,False,4fc946b596d2095932637bc191f64c85d4bcd7d107c4598f7f20a2e00c447cf8
FORMATION_POSITION_SIZE_MULT,UNCONNECTED,False,False,BOTH,FORMATION_POSITION_SIZE,,N/A_NOT_CONNECTED,N/A_NOT_CONNECTED,[],"[""ANY_AVAILABLE""]",[],[],no trusted frozen-engine lifecycle read and no imported+consumed SOURCE_EXACT contract,True,True,True,4fc946b596d2095932637bc191f64c85d4bcd7d107c4598f7f20a2e00c447cf8
FORMATION_TFS,UNCONNECTED,False,False,BOTH,FORMATION_TFS,,N/A_NOT_CONNECTED,N/A_NOT_CONNECTED,[],"[""ANY_AVAILABLE""]",[],[],no trusted frozen-engine lifecycle read and no imported+consumed SOURCE_EXACT contract,True,False,False,4fc946b596d2095932637bc191f64c85d4bcd7d107c4598f7f20a2e00c447cf8
FORMATION_TREND_STRUCTURE_ENTRY_ENABLED,UNCONNECTED,False,False,BOTH,FORMATION_TREND_STRUCTURE,,N/A_NOT_CONNECTED,N/A_NOT_CONNECTED,"[""close_{tf}"",""high_{tf}"",""low_{tf}""]","[""ANY_AVAILABLE""]",[],[],no trusted frozen-engine lifecycle read and no imported+consumed SOURCE_EXACT contract,True,True,False,4fc946b596d2095932637bc191f64c85d4bcd7d107c4598f7f20a2e00c447cf8
FORMATION_TREND_STRUCTURE_EXIT_ENABLED,UNCONNECTED,False,False,BOTH,FORMATION_TREND_STRUCTURE,,N/A_NOT_CONNECTED,N/A_NOT_CONNECTED,"[""close_{tf}"",""high_{tf}"",""low_{tf}""]","[""ANY_AVAILABLE""]",[],[],no trusted frozen-engine lifecycle read and no imported+consumed SOURCE_EXACT contract,True,True,False,4fc946b596d2095932637bc191f64c85d4bcd7d107c4598f7f20a2e00c447cf8
FORMATION_TRIANGLE_ENTRY_ENABLED,UNCONNECTED,False,False,BOTH,FORMATION_TRIANGLE_ENTRY,,N/A_NOT_CONNECTED,N/A_NOT_CONNECTED,"[""close_{tf}"",""high_{tf}"",""low_{tf}""]","[""ANY_AVAILABLE""]",[],[],no trusted frozen-engine lifecycle read and no imported+consumed SOURCE_EXACT contract,True,True,False,4fc946b596d2095932637bc191f64c85d4bcd7d107c4598f7f20a2e00c447cf8
FORMATION_TRIANGLE_EXIT_ENABLED,UNCONNECTED,False,False,BOTH,FORMATION_TRIANGLE_EXIT,,N/A_NOT_CONNECTED,N/A_NOT_CONNECTED,"[""close_{tf}"",""high_{tf}"",""low_{tf}""]","[""ANY_AVAILABLE""]",[],[],no trusted frozen-engine lifecycle read and no imported+consumed SOURCE_EXACT contract,True,True,False,4fc946b596d2095932637bc191f64c85d4bcd7d107c4598f7f20a2e00c447cf8
FORMATION_WEDGE_ENTRY_ENABLED,UNCONNECTED,False,False,BOTH,FORMATION_WEDGE_ENTRY,,N/A_NOT_CONNECTED,N/A_NOT_CONNECTED,"[""close_{tf}"",""high_{tf}"",""low_{tf}""]","[""ANY_AVAILABLE""]",[],[],no trusted frozen-engine lifecycle read and no imported+consumed SOURCE_EXACT contract,True,True,False,4fc946b596d2095932637bc191f64c85d4bcd7d107c4598f7f20a2e00c447cf8
FORMATION_WEDGE_EXIT_ENABLED,UNCONNECTED,False,False,BOTH,FORMATION_WEDGE_EXIT,,N/A_NOT_CONNECTED,N/A_NOT_CONNECTED,"[""close_{tf}"",""high_{tf}"",""low_{tf}""]","[""ANY_AVAILABLE""]",[],[],no trusted frozen-engine lifecycle read and no imported+consumed SOURCE_EXACT contract,True,True,False,4fc946b596d2095932637bc191f64c85d4bcd7d107c4598f7f20a2e00c447cf8
FROZEN_ABSOLUTE_FLOOR_PCT_CRYPTO,VENUE_SPECIFIC_BY_SOURCE,False,False,CRYPTO,GLOBAL,,N/A_NOT_CONNECTED,N/A_NOT_CONNECTED,[],"[""ANY_AVAILABLE""]",[],[],source scope is CRYPTO; no trusted frozen-engine causal integration,False,False,True,4fc946b596d2095932637bc191f64c85d4bcd7d107c4598f7f20a2e00c447cf8
FROZEN_ACTIVATION_TF,UNCONNECTED,False,False,BOTH,GLOBAL,,N/A_NOT_CONNECTED,N/A_NOT_CONNECTED,[],"[""4h""]",[],[],no trusted frozen-engine lifecycle read and no imported+consumed SOURCE_EXACT contract,False,False,True,4fc946b596d2095932637bc191f64c85d4bcd7d107c4598f7f20a2e00c447cf8
FROZEN_STOP_ENABLED,UNCONNECTED,False,False,BOTH,VEC_FROZEN_STOP,,N/A_NOT_CONNECTED,N/A_NOT_CONNECTED,"[""close_{tf}"",""high_{tf}"",""low_{tf}""]","[""ANY_AVAILABLE""]",[],[],no trusted frozen-engine lifecycle read and no imported+consumed SOURCE_EXACT contract,False,False,False,4fc946b596d2095932637bc191f64c85d4bcd7d107c4598f7f20a2e00c447cf8
FROZEN_STOP_FILTER_TF,UNCONNECTED,False,False,BOTH,VEC_FROZEN_STOP,,N/A_NOT_CONNECTED,N/A_NOT_CONNECTED,"[""close_15m"",""close_1h"",""close_1m"",""close_3m"",""close_4h"",""close_D"",""high_15m"",""high_1h"",""high_1m"",""high_3m"",""high_4h"",""high_D"",""low_15m"",""low_1h"",""low_1m"",""low_3m"",""low_4h"",""low_D""]","[""1m"",""3m"",""15m"",""1h"",""4h"",""D""]",[],[],no trusted frozen-engine lifecycle read and no imported+consumed SOURCE_EXACT contract,False,False,False,4fc946b596d2095932637bc191f64c85d4bcd7d107c4598f7f20a2e00c447cf8
FROZEN_STOP_MIN_TFS,UNCONNECTED,False,False,BOTH,VEC_FROZEN_STOP,,N/A_NOT_CONNECTED,N/A_NOT_CONNECTED,"[""close_{tf}"",""high_{tf}"",""low_{tf}""]","[""ANY_AVAILABLE""]",[],[],no trusted frozen-engine lifecycle read and no imported+consumed SOURCE_EXACT contract,False,False,False,4fc946b596d2095932637bc191f64c85d4bcd7d107c4598f7f20a2e00c447cf8
FSTREAM_WS_URL_BASE,UNCONNECTED,False,False,BOTH,FSTREAM_WS_URL,,N/A_NOT_CONNECTED,N/A_NOT_CONNECTED,[],"[""ANY_AVAILABLE""]",[],[],no trusted frozen-engine lifecycle read and no imported+consumed SOURCE_EXACT contract,False,False,False,4fc946b596d2095932637bc191f64c85d4bcd7d107c4598f7f20a2e00c447cf8
FUNDING_EXTREME_LONG_THRESHOLD_PCT,UNCONNECTED,False,False,BOTH,FUNDING_EXTREME_LONG,,N/A_NOT_CONNECTED,N/A_NOT_CONNECTED,[],"[""ANY_AVAILABLE""]",[],[],no trusted frozen-engine lifecycle read and no imported+consumed SOURCE_EXACT contract,False,False,False,4fc946b596d2095932637bc191f64c85d4bcd7d107c4598f7f20a2e00c447cf8
FUNDING_EXTREME_SHORT_THRESHOLD_PCT,UNCONNECTED,False,False,BOTH,FUNDING_EXTREME_SHORT,,N/A_NOT_CONNECTED,N/A_NOT_CONNECTED,[],"[""ANY_AVAILABLE""]",[],[],no trusted frozen-engine lifecycle read and no imported+consumed SOURCE_EXACT contract,False,False,False,4fc946b596d2095932637bc191f64c85d4bcd7d107c4598f7f20a2e00c447cf8
FUNDING_GATE_ENABLED,CONNECTED_CRYPTO,True,False,BOTH,F5_WT_CHAN_CROSS,ENTRY,native=3m;required=15m|1h|4h|D,N/A_NOT_CONNECTED,[],"[""ANY_AVAILABLE""]",[],"[""v12_reentry_augment_filter_gap_batch5:data/reports/V12_REENTRY_AUGMENT_FILTER_GAP_BATCH5_CONTRACT.csv""]",trusted causal route is crypto-native/source-scoped; no Tradier connection credit,False,True,True,4fc946b596d2095932637bc191f64c85d4bcd7d107c4598f7f20a2e00c447cf8
FUNDING_GATE_FILTER_TF,UNCONNECTED,False,False,BOTH,VEC_FUNDING_GATE,,N/A_NOT_CONNECTED,N/A_NOT_CONNECTED,[],"[""1m"",""3m"",""15m"",""1h"",""4h"",""D""]",[],[],no trusted frozen-engine lifecycle read and no imported+consumed SOURCE_EXACT contract,False,False,False,4fc946b596d2095932637bc191f64c85d4bcd7d107c4598f7f20a2e00c447cf8
FUNDING_GATE_LONG_MAX,CONNECTED_CRYPTO,True,False,BOTH,FILTER,ENTRY,native=3m;required=15m|1h|4h|D,N/A_NOT_CONNECTED,[],"[""ANY_AVAILABLE""]",[],"[""v12_reentry_augment_filter_gap_batch5:data/reports/V12_REENTRY_AUGMENT_FILTER_GAP_BATCH5_CONTRACT.csv""]",trusted causal route is crypto-native/source-scoped; no Tradier connection credit,False,True,True,4fc946b596d2095932637bc191f64c85d4bcd7d107c4598f7f20a2e00c447cf8
FUNDING_GATE_MIN_TFS,UNCONNECTED,False,False,BOTH,VEC_FUNDING_GATE,,N/A_NOT_CONNECTED,N/A_NOT_CONNECTED,[],"[""ANY_AVAILABLE""]",[],[],no trusted frozen-engine lifecycle read and no imported+consumed SOURCE_EXACT contract,False,False,False,4fc946b596d2095932637bc191f64c85d4bcd7d107c4598f7f20a2e00c447cf8
FUNDING_GATE_MTF_LONG_MAX_BULL_TFS,CONNECTED_CRYPTO,True,False,BOTH,FUNDING_GATE_MTF,ENTRY,native=3m;required=15m|1h|4h|D,N/A_NOT_CONNECTED,[],"[""ANY_AVAILABLE""]",[],"[""v12_reentry_augment_filter_gap_batch5:data/reports/V12_REENTRY_AUGMENT_FILTER_GAP_BATCH5_CONTRACT.csv""]",trusted causal route is crypto-native/source-scoped; no Tradier connection credit,False,True,False,4fc946b596d2095932637bc191f64c85d4bcd7d107c4598f7f20a2e00c447cf8
FUNDING_GATE_MTF_REQUIRED,CONNECTED_CRYPTO,True,False,BOTH,FILTER,ENTRY,native=3m;required=15m|1h|4h|D,N/A_NOT_CONNECTED,[],"[""ANY_AVAILABLE""]",[],"[""v12_reentry_augment_filter_gap_batch5:data/reports/V12_REENTRY_AUGMENT_FILTER_GAP_BATCH5_CONTRACT.csv""]",trusted causal route is crypto-native/source-scoped; no Tradier connection credit,False,True,True,4fc946b596d2095932637bc191f64c85d4bcd7d107c4598f7f20a2e00c447cf8
FUNDING_GATE_MTF_SHORT_MAX_BEAR_TFS,CONNECTED_CRYPTO,True,False,BOTH,FUNDING_GATE_MTF,ENTRY,native=3m;required=15m|1h|4h|D,N/A_NOT_CONNECTED,[],"[""ANY_AVAILABLE""]",[],"[""v12_reentry_augment_filter_gap_batch5:data/reports/V12_REENTRY_AUGMENT_FILTER_GAP_BATCH5_CONTRACT.csv""]",trusted causal route is crypto-native/source-scoped; no Tradier connection credit,False,True,False,4fc946b596d2095932637bc191f64c85d4bcd7d107c4598f7f20a2e00c447cf8
FUNDING_GATE_SHORT_MIN,CONNECTED_CRYPTO,True,False,BOTH,FILTER,ENTRY,native=3m;required=15m|1h|4h|D,N/A_NOT_CONNECTED,[],"[""ANY_AVAILABLE""]",[],"[""v12_reentry_augment_filter_gap_batch5:data/reports/V12_REENTRY_AUGMENT_FILTER_GAP_BATCH5_CONTRACT.csv""]",trusted causal route is crypto-native/source-scoped; no Tradier connection credit,False,True,True,4fc946b596d2095932637bc191f64c85d4bcd7d107c4598f7f20a2e00c447cf8
FUNDING_HEDGE_GATE_ENABLED,CONNECTED_CRYPTO,True,False,BOTH,FUNDING_HEDGE_GATE,HEDGE,native=3m;required=3m|15m|1h|4h|D,N/A_NOT_CONNECTED,[],"[""ANY_AVAILABLE""]",[],"[""v12_exit_reduce_gap_batch6:data/reports/V12_EXIT_REDUCE_STOP_GAP_BATCH6_CONTRACT.csv""]",trusted causal route is crypto-native/source-scoped; no Tradier connection credit,False,True,True,4fc946b596d2095932637bc191f64c85d4bcd7d107c4598f7f20a2e00c447cf8
GOLDEN_RULE_ACTIVATION_TF_LIST,CONNECTED_BOTH,True,True,BOTH,GOLDEN_RULE_ACTIVATION,AUGMENT|ENTRY,native=3m;required=15m|1h|4h|D|W,native=5m;required=15m|1h|4h|D|W,[],"[""ANY_AVAILABLE""]",[],"[""v12_reentry_augment_filter_gap_batch6:data/reports/V12_REENTRY_AUGMENT_FILTER_GAP_BATCH6_CONTRACT.csv""]",trusted direct lifecycle read and/or imported+consumed SOURCE_EXACT contract applies to both venues,False,True,False,4fc946b596d2095932637bc191f64c85d4bcd7d107c4598f7f20a2e00c447cf8
GOLDEN_RULE_BASE_USD,CONNECTED_BOTH,True,True,BOTH,FILTER,AUGMENT|ENTRY,native=3m;required=15m|1h|4h|D|W,native=5m;required=15m|1h|4h|D|W,[],"[""ANY_AVAILABLE""]",[],"[""v12_reentry_augment_filter_gap_batch6:data/reports/V12_REENTRY_AUGMENT_FILTER_GAP_BATCH6_CONTRACT.csv""]",trusted direct lifecycle read and/or imported+consumed SOURCE_EXACT contract applies to both venues,False,True,True,4fc946b596d2095932637bc191f64c85d4bcd7d107c4598f7f20a2e00c447cf8
GOLDEN_RULE_BB_15M_ENABLED,CONNECTED_BOTH,True,True,BOTH,GOLDEN_RULE_BB,AUGMENT|ENTRY,native=3m;required=15m|1h|4h|D|W,native=5m;required=15m|1h|4h|D|W,"[""bb_lower_15m"",""bb_pct_b_15m"",""bb_upper_15m""]","[""15m""]",[],"[""v12_reentry_augment_filter_gap_batch6:data/reports/V12_REENTRY_AUGMENT_FILTER_GAP_BATCH6_CONTRACT.csv""]",trusted direct lifecycle read and/or imported+consumed SOURCE_EXACT contract applies to both venues,False,True,True,4fc946b596d2095932637bc191f64c85d4bcd7d107c4598f7f20a2e00c447cf8
GOLDEN_RULE_BB_1H_ENABLED,CONNECTED_BOTH,True,True,BOTH,GOLDEN_RULE_BB,AUGMENT|ENTRY,native=3m;required=15m|1h|4h|D|W,native=5m;required=15m|1h|4h|D|W,"[""bb_lower_1h"",""bb_pct_b_1h"",""bb_upper_1h""]","[""1h""]",[],"[""v12_reentry_augment_filter_gap_batch6:data/reports/V12_REENTRY_AUGMENT_FILTER_GAP_BATCH6_CONTRACT.csv""]",trusted direct lifecycle read and/or imported+consumed SOURCE_EXACT contract applies to both venues,False,True,True,4fc946b596d2095932637bc191f64c85d4bcd7d107c4598f7f20a2e00c447cf8
GOLDEN_RULE_BB_4H_ENABLED,CONNECTED_BOTH,True,True,BOTH,GOLDEN_RULE_BB,AUGMENT|ENTRY,native=3m;required=15m|1h|4h|D|W,native=5m;required=15m|1h|4h|D|W,"[""bb_lower_4h"",""bb_pct_b_4h"",""bb_upper_4h""]","[""4h""]",[],"[""v12_reentry_augment_filter_gap_batch6:data/reports/V12_REENTRY_AUGMENT_FILTER_GAP_BATCH6_CONTRACT.csv""]",trusted direct lifecycle read and/or imported+consumed SOURCE_EXACT contract applies to both venues,False,True,True,4fc946b596d2095932637bc191f64c85d4bcd7d107c4598f7f20a2e00c447cf8
GOLDEN_RULE_BB_D_ENABLED,CONNECTED_BOTH,True,True,BOTH,GOLDEN_RULE_BB,AUGMENT|ENTRY,native=3m;required=15m|1h|4h|D|W,native=5m;required=15m|1h|4h|D|W,"[""bb_lower_D"",""bb_pct_b_D"",""bb_upper_D""]","[""D""]",[],"[""v12_reentry_augment_filter_gap_batch6:data/reports/V12_REENTRY_AUGMENT_FILTER_GAP_BATCH6_CONTRACT.csv""]",trusted direct lifecycle read and/or imported+consumed SOURCE_EXACT contract applies to both venues,False,True,True,4fc946b596d2095932637bc191f64c85d4bcd7d107c4598f7f20a2e00c447cf8
GOLDEN_RULE_BB_W_ENABLED,CONNECTED_BOTH,True,True,BOTH,GOLDEN_RULE_BB,AUGMENT|ENTRY,native=3m;required=15m|1h|4h|D|W,native=5m;required=15m|1h|4h|D|W,"[""bb_lower_W"",""bb_pct_b_W"",""bb_upper_W""]","[""W""]",[],"[""v12_reentry_augment_filter_gap_batch6:data/reports/V12_REENTRY_AUGMENT_FILTER_GAP_BATCH6_CONTRACT.csv""]",trusted direct lifecycle read and/or imported+consumed SOURCE_EXACT contract applies to both venues,False,True,False,4fc946b596d2095932637bc191f64c85d4bcd7d107c4598f7f20a2e00c447cf8
GOLDEN_RULE_DC_15M_ENABLED,CONNECTED_BOTH,True,True,BOTH,GOLDEN_RULE_DC,AUGMENT|ENTRY,native=3m;required=15m|1h|4h|D|W,native=5m;required=15m|1h|4h|D|W,"[""dc_basis_15m"",""dc_high_15m"",""dc_low_15m""]","[""15m""]",[],"[""v12_reentry_augment_filter_gap_batch6:data/reports/V12_REENTRY_AUGMENT_FILTER_GAP_BATCH6_CONTRACT.csv""]",trusted direct lifecycle read and/or imported+consumed SOURCE_EXACT contract applies to both venues,False,True,True,4fc946b596d2095932637bc191f64c85d4bcd7d107c4598f7f20a2e00c447cf8
GOLDEN_RULE_DC_1H_ENABLED,CONNECTED_BOTH,True,True,BOTH,GOLDEN_RULE_DC,AUGMENT|ENTRY,native=3m;required=15m|1h|4h|D|W,native=5m;required=15m|1h|4h|D|W,"[""dc_basis_1h"",""dc_high_1h"",""dc_low_1h""]","[""1h""]",[],"[""v12_reentry_augment_filter_gap_batch6:data/reports/V12_REENTRY_AUGMENT_FILTER_GAP_BATCH6_CONTRACT.csv""]",trusted direct lifecycle read and/or imported+consumed SOURCE_EXACT contract applies to both venues,False,True,True,4fc946b596d2095932637bc191f64c85d4bcd7d107c4598f7f20a2e00c447cf8
GOLDEN_RULE_DC_4H_ENABLED,CONNECTED_BOTH,True,True,BOTH,GOLDEN_RULE_DC,AUGMENT|ENTRY,native=3m;required=15m|1h|4h|D|W,native=5m;required=15m|1h|4h|D|W,"[""dc_basis_4h"",""dc_high_4h"",""dc_low_4h""]","[""4h""]",[],"[""v12_reentry_augment_filter_gap_batch6:data/reports/V12_REENTRY_AUGMENT_FILTER_GAP_BATCH6_CONTRACT.csv""]",trusted direct lifecycle read and/or imported+consumed SOURCE_EXACT contract applies to both venues,False,True,True,4fc946b596d2095932637bc191f64c85d4bcd7d107c4598f7f20a2e00c447cf8
GOLDEN_RULE_DC_D_ENABLED,CONNECTED_BOTH,True,True,BOTH,GOLDEN_RULE_DC,AUGMENT|ENTRY,native=3m;required=15m|1h|4h|D|W,native=5m;required=15m|1h|4h|D|W,"[""dc_basis_D"",""dc_high_D"",""dc_low_D""]","[""D""]",[],"[""v12_reentry_augment_filter_gap_batch6:data/reports/V12_REENTRY_AUGMENT_FILTER_GAP_BATCH6_CONTRACT.csv""]",trusted direct lifecycle read and/or imported+consumed SOURCE_EXACT contract applies to both venues,False,True,True,4fc946b596d2095932637bc191f64c85d4bcd7d107c4598f7f20a2e00c447cf8
GOLDEN_RULE_DC_W_ENABLED,CONNECTED_BOTH,True,True,BOTH,GOLDEN_RULE_DC,AUGMENT|ENTRY,native=3m;required=15m|1h|4h|D|W,native=5m;required=15m|1h|4h|D|W,"[""dc_basis_W"",""dc_high_W"",""dc_low_W""]","[""W""]",[],"[""v12_reentry_augment_filter_gap_batch6:data/reports/V12_REENTRY_AUGMENT_FILTER_GAP_BATCH6_CONTRACT.csv""]",trusted direct lifecycle read and/or imported+consumed SOURCE_EXACT contract applies to both venues,False,True,False,4fc946b596d2095932637bc191f64c85d4bcd7d107c4598f7f20a2e00c447cf8
GOLDEN_RULE_ENABLED,CONNECTED_BOTH,True,True,BOTH,GOLDEN_RULE_ENABLED,AUGMENT|ENTRY,native=3m;required=15m|1h|4h|D|W,native=5m;required=15m|1h|4h|D|W,[],"[""ANY_AVAILABLE""]",[],"[""v12_reentry_augment_filter_gap_batch6:data/reports/V12_REENTRY_AUGMENT_FILTER_GAP_BATCH6_CONTRACT.csv""]",trusted direct lifecycle read and/or imported+consumed SOURCE_EXACT contract applies to both venues,False,True,True,4fc946b596d2095932637bc191f64c85d4bcd7d107c4598f7f20a2e00c447cf8
GOLDEN_RULE_ENFORCE_ENABLED,UNCONNECTED,False,False,BOTH,VEC_GOLDEN_RULE_ENFORCE,,N/A_NOT_CONNECTED,N/A_NOT_CONNECTED,[],"[""ANY_AVAILABLE""]",[],[],no trusted frozen-engine lifecycle read and no imported+consumed SOURCE_EXACT contract,False,False,False,4fc946b596d2095932637bc191f64c85d4bcd7d107c4598f7f20a2e00c447cf8
GOLDEN_RULE_ENFORCE_FILTER_TF,UNCONNECTED,False,False,BOTH,VEC_GOLDEN_RULE_ENFORCE,,N/A_NOT_CONNECTED,N/A_NOT_CONNECTED,[],"[""1m"",""3m"",""15m"",""1h"",""4h"",""D""]",[],[],no trusted frozen-engine lifecycle read and no imported+consumed SOURCE_EXACT contract,False,False,False,4fc946b596d2095932637bc191f64c85d4bcd7d107c4598f7f20a2e00c447cf8
GOLDEN_RULE_ENFORCE_LOOP_ENABLED,UNCONNECTED,False,False,BOTH,GOLDEN_RULE_ENFORCE,,N/A_NOT_CONNECTED,N/A_NOT_CONNECTED,[],"[""ANY_AVAILABLE""]",[],[],no trusted frozen-engine lifecycle read and no imported+consumed SOURCE_EXACT contract,False,False,False,4fc946b596d2095932637bc191f64c85d4bcd7d107c4598f7f20a2e00c447cf8
GOLDEN_RULE_ENFORCE_MIN_TFS,UNCONNECTED,False,False,BOTH,VEC_GOLDEN_RULE_ENFORCE,,N/A_NOT_CONNECTED,N/A_NOT_CONNECTED,[],"[""ANY_AVAILABLE""]",[],[],no trusted frozen-engine lifecycle read and no imported+consumed SOURCE_EXACT contract,False,False,False,4fc946b596d2095932637bc191f64c85d4bcd7d107c4598f7f20a2e00c447cf8
GOLDEN_RULE_ENTRY_TF_LIST,CONNECTED_BOTH,True,True,BOTH,GOLDEN_RULE_ENTRY,AUGMENT|ENTRY,native=3m;required=15m|1h|4h|D|W,native=5m;required=15m|1h|4h|D|W,"[""close_{tf}"",""high_{tf}"",""low_{tf}""]","[""ANY_AVAILABLE""]",[],"[""v12_reentry_augment_filter_gap_batch6:data/reports/V12_REENTRY_AUGMENT_FILTER_GAP_BATCH6_CONTRACT.csv""]",trusted direct lifecycle read and/or imported+consumed SOURCE_EXACT contract applies to both venues,False,True,False,4fc946b596d2095932637bc191f64c85d4bcd7d107c4598f7f20a2e00c447cf8
GOLDEN_RULE_HTF_MIN_TF,UNCONNECTED,False,False,BOTH,GOLDEN_RULE_HTF,,N/A_NOT_CONNECTED,N/A_NOT_CONNECTED,[],"[""ANY_AVAILABLE""]",[],[],no trusted frozen-engine lifecycle read and no imported+consumed SOURCE_EXACT contract,False,False,False,4fc946b596d2095932637bc191f64c85d4bcd7d107c4598f7f20a2e00c447cf8
GOLDEN_RULE_HTF_VOTE_ENABLED,UNCONNECTED,False,False,BOTH,VEC_GOLDEN_RULE_HTF_VOTE,,N/A_NOT_CONNECTED,N/A_NOT_CONNECTED,[],"[""ANY_AVAILABLE""]",[],[],no trusted frozen-engine lifecycle read and no imported+consumed SOURCE_EXACT contract,False,False,False,4fc946b596d2095932637bc191f64c85d4bcd7d107c4598f7f20a2e00c447cf8
GOLDEN_RULE_HTF_VOTE_FILTER_TF,UNCONNECTED,False,False,BOTH,VEC_GOLDEN_RULE_HTF_VOTE,,N/A_NOT_CONNECTED,N/A_NOT_CONNECTED,[],"[""1m"",""3m"",""15m"",""1h"",""4h"",""D""]",[],[],no trusted frozen-engine lifecycle read and no imported+consumed SOURCE_EXACT contract,False,False,False,4fc946b596d2095932637bc191f64c85d4bcd7d107c4598f7f20a2e00c447cf8
GOLDEN_RULE_HTF_VOTE_MIN_TFS,UNCONNECTED,False,False,BOTH,VEC_GOLDEN_RULE_HTF_VOTE,,N/A_NOT_CONNECTED,N/A_NOT_CONNECTED,[],"[""ANY_AVAILABLE""]",[],[],no trusted frozen-engine lifecycle read and no imported+consumed SOURCE_EXACT contract,False,False,False,4fc946b596d2095932637bc191f64c85d4bcd7d107c4598f7f20a2e00c447cf8
GOLDEN_RULE_MULT_15M,CONNECTED_BOTH,True,True,BOTH,GOLDEN_RULE_MULT,AUGMENT|ENTRY,native=3m;required=15m|1h|4h|D|W,native=5m;required=15m|1h|4h|D|W,[],"[""15m""]",[],"[""v12_reentry_augment_filter_gap_batch6:data/reports/V12_REENTRY_AUGMENT_FILTER_GAP_BATCH6_CONTRACT.csv""]",trusted direct lifecycle read and/or imported+consumed SOURCE_EXACT contract applies to both venues,False,True,False,4fc946b596d2095932637bc191f64c85d4bcd7d107c4598f7f20a2e00c447cf8
GOLDEN_RULE_MULT_1H,CONNECTED_BOTH,True,True,BOTH,GOLDEN_RULE_MULT,AUGMENT|ENTRY,native=3m;required=15m|1h|4h|D|W,native=5m;required=15m|1h|4h|D|W,[],"[""1h""]",[],"[""v12_reentry_augment_filter_gap_batch6:data/reports/V12_REENTRY_AUGMENT_FILTER_GAP_BATCH6_CONTRACT.csv""]",trusted direct lifecycle read and/or imported+consumed SOURCE_EXACT contract applies to both venues,False,True,False,4fc946b596d2095932637bc191f64c85d4bcd7d107c4598f7f20a2e00c447cf8
GOLDEN_RULE_MULT_4H,CONNECTED_BOTH,True,True,BOTH,GOLDEN_RULE_MULT,AUGMENT|ENTRY,native=3m;required=15m|1h|4h|D|W,native=5m;required=15m|1h|4h|D|W,[],"[""4h""]",[],"[""v12_reentry_augment_filter_gap_batch6:data/reports/V12_REENTRY_AUGMENT_FILTER_GAP_BATCH6_CONTRACT.csv""]",trusted direct lifecycle read and/or imported+consumed SOURCE_EXACT contract applies to both venues,False,True,False,4fc946b596d2095932637bc191f64c85d4bcd7d107c4598f7f20a2e00c447cf8
GOLDEN_RULE_MULT_D,CONNECTED_BOTH,True,True,BOTH,GOLDEN_RULE_MULT,AUGMENT|ENTRY,native=3m;required=15m|1h|4h|D|W,native=5m;required=15m|1h|4h|D|W,[],"[""D""]",[],"[""v12_reentry_augment_filter_gap_batch6:data/reports/V12_REENTRY_AUGMENT_FILTER_GAP_BATCH6_CONTRACT.csv""]",trusted direct lifecycle read and/or imported+consumed SOURCE_EXACT contract applies to both venues,False,True,False,4fc946b596d2095932637bc191f64c85d4bcd7d107c4598f7f20a2e00c447cf8
GOLDEN_RULE_MULT_W,CONNECTED_BOTH,True,True,BOTH,GOLDEN_RULE_MULT,AUGMENT|ENTRY,native=3m;required=15m|1h|4h|D|W,native=5m;required=15m|1h|4h|D|W,[],"[""W""]",[],"[""v12_reentry_augment_filter_gap_batch6:data/reports/V12_REENTRY_AUGMENT_FILTER_GAP_BATCH6_CONTRACT.csv""]",trusted direct lifecycle read and/or imported+consumed SOURCE_EXACT contract applies to both venues,False,True,False,4fc946b596d2095932637bc191f64c85d4bcd7d107c4598f7f20a2e00c447cf8
GOLDEN_RULE_OR_LOGIC,UNCONNECTED,False,False,BOTH,GOLDEN_RULE_OR,,N/A_NOT_CONNECTED,N/A_NOT_CONNECTED,[],"[""ANY_AVAILABLE""]",[],[],no trusted frozen-engine lifecycle read and no imported+consumed SOURCE_EXACT contract,False,False,False,4fc946b596d2095932637bc191f64c85d4bcd7d107c4598f7f20a2e00c447cf8
GOLDEN_RULE_REQUIRE_HEDGE_OPEN,UNCONNECTED,False,False,BOTH,GOLDEN_RULE_REQUIRE,,N/A_NOT_CONNECTED,N/A_NOT_CONNECTED,"[""close_{tf}"",""high_{tf}"",""low_{tf}""]","[""ANY_AVAILABLE""]",[],[],no trusted frozen-engine lifecycle read and no imported+consumed SOURCE_EXACT contract,False,False,False,4fc946b596d2095932637bc191f64c85d4bcd7d107c4598f7f20a2e00c447cf8
GR_FILTER_ALL_ENTRIES,CONNECTED_BOTH,True,True,BOTH,FILTER,ENTRY,native=3m,native=5m,[],"[""ANY_AVAILABLE""]",[],"[""v12_reentry_augment_filter_gap_batch4:data/reports/V12_REENTRY_AUGMENT_FILTER_GAP_BATCH4_CONTRACT.csv""]",trusted direct lifecycle read and/or imported+consumed SOURCE_EXACT contract applies to both venues,False,True,True,4fc946b596d2095932637bc191f64c85d4bcd7d107c4598f7f20a2e00c447cf8
GR_FILTER_VEC_ENABLED,UNCONNECTED,False,False,BOTH,VEC_GR_FILTER_VEC,,N/A_NOT_CONNECTED,N/A_NOT_CONNECTED,[],"[""ANY_AVAILABLE""]",[],[],no trusted frozen-engine lifecycle read and no imported+consumed SOURCE_EXACT contract,False,False,False,4fc946b596d2095932637bc191f64c85d4bcd7d107c4598f7f20a2e00c447cf8
GR_FILTER_VEC_FILTER_TF,UNCONNECTED,False,False,BOTH,VEC_GR_FILTER_VEC,,N/A_NOT_CONNECTED,N/A_NOT_CONNECTED,[],"[""1m"",""3m"",""15m"",""1h"",""4h"",""D""]",[],[],no trusted frozen-engine lifecycle read and no imported+consumed SOURCE_EXACT contract,False,False,False,4fc946b596d2095932637bc191f64c85d4bcd7d107c4598f7f20a2e00c447cf8
GR_FILTER_VEC_MIN_TFS,UNCONNECTED,False,False,BOTH,VEC_GR_FILTER_VEC,,N/A_NOT_CONNECTED,N/A_NOT_CONNECTED,[],"[""ANY_AVAILABLE""]",[],[],no trusted frozen-engine lifecycle read and no imported+consumed SOURCE_EXACT contract,False,False,False,4fc946b596d2095932637bc191f64c85d4bcd7d107c4598f7f20a2e00c447cf8
GR_HEDGE_SCORE_FLOOR,CONNECTED_BOTH,True,True,BOTH,GR_HEDGE_SCORE,HEDGE,native=3m,native=5m,[],"[""ANY_AVAILABLE""]",[],"[""v12_exit_reduce_gap_batch6:data/reports/V12_EXIT_REDUCE_STOP_GAP_BATCH6_CONTRACT.csv""]",trusted direct lifecycle read and/or imported+consumed SOURCE_EXACT contract applies to both venues,False,True,True,4fc946b596d2095932637bc191f64c85d4bcd7d107c4598f7f20a2e00c447cf8
GR_HTF_REQUIRE_BEAR,UNCONNECTED,False,False,BOTH,GR_HTF_REQUIRE,,N/A_NOT_CONNECTED,N/A_NOT_CONNECTED,[],"[""ANY_AVAILABLE""]",[],[],no trusted frozen-engine lifecycle read and no imported+consumed SOURCE_EXACT contract,False,True,True,4fc946b596d2095932637bc191f64c85d4bcd7d107c4598f7f20a2e00c447cf8
GR_HTF_REQUIRE_BULL,UNCONNECTED,False,False,BOTH,GR_HTF_REQUIRE,,N/A_NOT_CONNECTED,N/A_NOT_CONNECTED,[],"[""ANY_AVAILABLE""]",[],[],no trusted frozen-engine lifecycle read and no imported+consumed SOURCE_EXACT contract,False,True,True,4fc946b596d2095932637bc191f64c85d4bcd7d107c4598f7f20a2e00c447cf8
GR_OPEN_COOLDOWN_S,UNCONNECTED,False,False,BOTH,GR_OPEN_COOLDOWN,,N/A_NOT_CONNECTED,N/A_NOT_CONNECTED,[],"[""ANY_AVAILABLE""]",[],[],no trusted frozen-engine lifecycle read and no imported+consumed SOURCE_EXACT contract,False,True,False,4fc946b596d2095932637bc191f64c85d4bcd7d107c4598f7f20a2e00c447cf8
GR_TOTAL_VOTE_SCORE_MIN,CONNECTED_BOTH,True,True,BOTH,GR_TOTAL_VOTE,AUGMENT|ENTRY,native=3m;required=15m|1h|4h|D|W,native=5m;required=15m|1h|4h|D|W,[],"[""ANY_AVAILABLE""]",[],"[""v12_reentry_augment_filter_gap_batch6:data/reports/V12_REENTRY_AUGMENT_FILTER_GAP_BATCH6_CONTRACT.csv""]",trusted direct lifecycle read and/or imported+consumed SOURCE_EXACT contract applies to both venues,False,True,False,4fc946b596d2095932637bc191f64c85d4bcd7d107c4598f7f20a2e00c447cf8
GR_V5_ARM_WINDOW_BARS,UNCONNECTED,False,False,BOTH,GR_V5_ARM,,N/A_NOT_CONNECTED,N/A_NOT_CONNECTED,[],"[""ANY_AVAILABLE""]",[],[],no trusted frozen-engine lifecycle read and no imported+consumed SOURCE_EXACT contract,False,False,False,4fc946b596d2095932637bc191f64c85d4bcd7d107c4598f7f20a2e00c447cf8
GR_V5_BOUNCE_STOCH_LONG,UNCONNECTED,False,False,BOTH,GR_V5_BOUNCE,,N/A_NOT_CONNECTED,N/A_NOT_CONNECTED,"[""stoch_d_{tf}"",""stoch_k_{tf}""]","[""ANY_AVAILABLE""]",[],[],no trusted frozen-engine lifecycle read and no imported+consumed SOURCE_EXACT contract,False,False,False,4fc946b596d2095932637bc191f64c85d4bcd7d107c4598f7f20a2e00c447cf8
GR_V5_BOUNCE_STOCH_SHORT,UNCONNECTED,False,False,BOTH,GR_V5_BOUNCE,,N/A_NOT_CONNECTED,N/A_NOT_CONNECTED,"[""stoch_d_{tf}"",""stoch_k_{tf}""]","[""ANY_AVAILABLE""]",[],[],no trusted frozen-engine lifecycle read and no imported+consumed SOURCE_EXACT contract,False,False,False,4fc946b596d2095932637bc191f64c85d4bcd7d107c4598f7f20a2e00c447cf8
GR_V5_BREAKOUT_VOL_MULT,UNCONNECTED,False,False,BOTH,GR_V5_BREAKOUT,,N/A_NOT_CONNECTED,N/A_NOT_CONNECTED,"[""relative_volume_{tf}"",""volume_{tf}""]","[""ANY_AVAILABLE""]",[],[],no trusted frozen-engine lifecycle read and no imported+consumed SOURCE_EXACT contract,False,False,False,4fc946b596d2095932637bc191f64c85d4bcd7d107c4598f7f20a2e00c447cf8
GR_V5_ENABLED,UNCONNECTED,False,False,BOTH,GR_V5_ENABLED,,N/A_NOT_CONNECTED,N/A_NOT_CONNECTED,[],"[""ANY_AVAILABLE""]",[],[],no trusted frozen-engine lifecycle read and no imported+consumed SOURCE_EXACT contract,False,True,False,4fc946b596d2095932637bc191f64c85d4bcd7d107c4598f7f20a2e00c447cf8
GR_V5_HTF_MIN_ALIGN,UNCONNECTED,False,False,BOTH,GR_V5_HTF,,N/A_NOT_CONNECTED,N/A_NOT_CONNECTED,[],"[""ANY_AVAILABLE""]",[],[],no trusted frozen-engine lifecycle read and no imported+consumed SOURCE_EXACT contract,False,False,False,4fc946b596d2095932637bc191f64c85d4bcd7d107c4598f7f20a2e00c447cf8
GR_V5_HTF_TFS,UNCONNECTED,False,False,BOTH,GR_V5_HTF,,N/A_NOT_CONNECTED,N/A_NOT_CONNECTED,[],"[""ANY_AVAILABLE""]",[],[],no trusted frozen-engine lifecycle read and no imported+consumed SOURCE_EXACT contract,False,False,False,4fc946b596d2095932637bc191f64c85d4bcd7d107c4598f7f20a2e00c447cf8
GR_V5_INVALIDATE_PCT,UNCONNECTED,False,False,BOTH,GR_V5_INVALIDATE,,N/A_NOT_CONNECTED,N/A_NOT_CONNECTED,[],"[""ANY_AVAILABLE""]",[],[],no trusted frozen-engine lifecycle read and no imported+consumed SOURCE_EXACT contract,False,False,False,4fc946b596d2095932637bc191f64c85d4bcd7d107c4598f7f20a2e00c447cf8
GR_V5_LTF_MIN_ALIGN,UNCONNECTED,False,False,BOTH,GR_V5_LTF,,N/A_NOT_CONNECTED,N/A_NOT_CONNECTED,[],"[""ANY_AVAILABLE""]",[],[],no trusted frozen-engine lifecycle read and no imported+consumed SOURCE_EXACT contract,False,False,False,4fc946b596d2095932637bc191f64c85d4bcd7d107c4598f7f20a2e00c447cf8
GR_V5_LTF_TFS,UNCONNECTED,False,False,BOTH,GR_V5_LTF,,N/A_NOT_CONNECTED,N/A_NOT_CONNECTED,[],"[""ANY_AVAILABLE""]",[],[],no trusted frozen-engine lifecycle read and no imported+consumed SOURCE_EXACT contract,False,False,False,4fc946b596d2095932637bc191f64c85d4bcd7d107c4598f7f20a2e00c447cf8
GR_V5_RETEST_BAND_PCT,UNCONNECTED,False,False,BOTH,GR_V5_RETEST,,N/A_NOT_CONNECTED,N/A_NOT_CONNECTED,[],"[""ANY_AVAILABLE""]",[],[],no trusted frozen-engine lifecycle read and no imported+consumed SOURCE_EXACT contract,False,False,False,4fc946b596d2095932637bc191f64c85d4bcd7d107c4598f7f20a2e00c447cf8
GR_V5_STATE_ENABLED,UNCONNECTED,False,False,BOTH,VEC_GR_V5_STATE,,N/A_NOT_CONNECTED,N/A_NOT_CONNECTED,[],"[""ANY_AVAILABLE""]",[],[],no trusted frozen-engine lifecycle read and no imported+consumed SOURCE_EXACT contract,False,False,False,4fc946b596d2095932637bc191f64c85d4bcd7d107c4598f7f20a2e00c447cf8
GR_V5_STATE_FILTER_TF,UNCONNECTED,False,False,BOTH,VEC_GR_V5_STATE,,N/A_NOT_CONNECTED,N/A_NOT_CONNECTED,[],"[""1m"",""3m"",""15m"",""1h"",""4h"",""D""]",[],[],no trusted frozen-engine lifecycle read and no imported+consumed SOURCE_EXACT contract,False,False,False,4fc946b596d2095932637bc191f64c85d4bcd7d107c4598f7f20a2e00c447cf8
GR_V5_STATE_MIN_TFS,UNCONNECTED,False,False,BOTH,VEC_GR_V5_STATE,,N/A_NOT_CONNECTED,N/A_NOT_CONNECTED,[],"[""ANY_AVAILABLE""]",[],[],no trusted frozen-engine lifecycle read and no imported+consumed SOURCE_EXACT contract,False,False,False,4fc946b596d2095932637bc191f64c85d4bcd7d107c4598f7f20a2e00c447cf8
GUARANTEED_PRICE_CROSS_REENTRY_DISK_VEC_ENABLED,UNCONNECTED,False,False,BOTH,GUARANTEED_PRICE_CROSS,,N/A_NOT_CONNECTED,N/A_NOT_CONNECTED,"[""close_{tf}"",""high_{tf}"",""low_{tf}""]","[""ANY_AVAILABLE""]",[],[],no trusted frozen-engine lifecycle read and no imported+consumed SOURCE_EXACT contract,False,True,False,4fc946b596d2095932637bc191f64c85d4bcd7d107c4598f7f20a2e00c447cf8
GUARANTEED_REENTRY_DELTA_GATE_ENABLED,CONNECTED_BOTH,True,True,BOTH,REENTRY,REENTRY,native=3m,native=5m,"[""close_{tf}"",""high_{tf}"",""low_{tf}""]","[""ANY_AVAILABLE""]",[],"[""v12_reentry_augment_gap_batch3:data/reports/V12_REENTRY_AUGMENT_GAP_BATCH3_CONTRACT.csv""]",trusted direct lifecycle read and/or imported+consumed SOURCE_EXACT contract applies to both venues,False,True,True,4fc946b596d2095932637bc191f64c85d4bcd7d107c4598f7f20a2e00c447cf8
GUARANTEED_REENTRY_K_FAVORABLE_HIGH,CONNECTED_CRYPTO,True,False,BOTH,REENTRY,REENTRY,native=3m;required=3m,N/A_NOT_CONNECTED,"[""close_{tf}"",""high_{tf}"",""low_{tf}""]","[""ANY_AVAILABLE""]",[],"[""v12_reentry_augment_gap_batch:data/reports/V12_REENTRY_AUGMENT_GAP_BATCH_CONTRACT.csv""]",trusted causal route is crypto-native/source-scoped; no Tradier connection credit,False,False,True,4fc946b596d2095932637bc191f64c85d4bcd7d107c4598f7f20a2e00c447cf8
GUARANTEED_REENTRY_K_FAVORABLE_LOW,CONNECTED_CRYPTO,True,False,BOTH,REENTRY,REENTRY,native=3m;required=3m,N/A_NOT_CONNECTED,"[""close_{tf}"",""high_{tf}"",""low_{tf}""]","[""ANY_AVAILABLE""]",[],"[""v12_reentry_augment_gap_batch:data/reports/V12_REENTRY_AUGMENT_GAP_BATCH_CONTRACT.csv""]",trusted causal route is crypto-native/source-scoped; no Tradier connection credit,False,False,True,4fc946b596d2095932637bc191f64c85d4bcd7d107c4598f7f20a2e00c447cf8
GUARANTEED_REENTRY_K_HIGH_BLOCK,CONNECTED_CRYPTO,True,False,BOTH,REENTRY,REENTRY,native=3m;required=3m,N/A_NOT_CONNECTED,"[""close_{tf}"",""high_{tf}"",""low_{tf}""]","[""ANY_AVAILABLE""]",[],"[""v12_reentry_augment_gap_batch:data/reports/V12_REENTRY_AUGMENT_GAP_BATCH_CONTRACT.csv""]",trusted causal route is crypto-native/source-scoped; no Tradier connection credit,False,False,True,4fc946b596d2095932637bc191f64c85d4bcd7d107c4598f7f20a2e00c447cf8
GUARANTEED_REENTRY_K_LOW_BLOCK,CONNECTED_CRYPTO,True,False,BOTH,REENTRY,REENTRY,native=3m;required=3m,N/A_NOT_CONNECTED,"[""close_{tf}"",""high_{tf}"",""low_{tf}""]","[""ANY_AVAILABLE""]",[],"[""v12_reentry_augment_gap_batch:data/reports/V12_REENTRY_AUGMENT_GAP_BATCH_CONTRACT.csv""]",trusted causal route is crypto-native/source-scoped; no Tradier connection credit,False,False,True,4fc946b596d2095932637bc191f64c85d4bcd7d107c4598f7f20a2e00c447cf8
GUARANTEED_REENTRY_REQUIRE_HEDGE_OPEN,UNCONNECTED,False,False,BOTH,GUARANTEED_REENTRY_REQUIRE,,N/A_NOT_CONNECTED,N/A_NOT_CONNECTED,"[""close_{tf}"",""high_{tf}"",""low_{tf}""]","[""ANY_AVAILABLE""]",[],[],no trusted frozen-engine lifecycle read and no imported+consumed SOURCE_EXACT contract,False,False,False,4fc946b596d2095932637bc191f64c85d4bcd7d107c4598f7f20a2e00c447cf8
GUARANTEED_REENTRY_STRICT_CONFIRMATION,CONNECTED_CRYPTO,True,False,BOTH,REENTRY,REENTRY,native=3m;required=3m,N/A_NOT_CONNECTED,"[""close_{tf}"",""high_{tf}"",""low_{tf}""]","[""ANY_AVAILABLE""]",[],"[""v12_reentry_augment_gap_batch:data/reports/V12_REENTRY_AUGMENT_GAP_BATCH_CONTRACT.csv""]",trusted causal route is crypto-native/source-scoped; no Tradier connection credit,False,False,True,4fc946b596d2095932637bc191f64c85d4bcd7d107c4598f7f20a2e00c447cf8
GUARANTEED_REENTRY_TIGHT_STOP_ENABLED,CONNECTED_BOTH,True,True,BOTH,REENTRY,EXIT,native=3m,native=5m,"[""close_{tf}"",""high_{tf}"",""low_{tf}""]","[""ANY_AVAILABLE""]",[],"[""v12_reentry_augment_gap_batch2:data/reports/V12_REENTRY_AUGMENT_GAP_BATCH2_CONTRACT.csv""]",trusted direct lifecycle read and/or imported+consumed SOURCE_EXACT contract applies to both venues,False,True,True,4fc946b596d2095932637bc191f64c85d4bcd7d107c4598f7f20a2e00c447cf8
GUARANTEED_REENTRY_TIGHT_STOP_MAX_AGE_S,CONNECTED_BOTH,True,True,BOTH,REENTRY,EXIT,native=3m,native=5m,"[""close_{tf}"",""high_{tf}"",""low_{tf}""]","[""ANY_AVAILABLE""]",[],"[""v12_reentry_augment_gap_batch2:data/reports/V12_REENTRY_AUGMENT_GAP_BATCH2_CONTRACT.csv""]",trusted direct lifecycle read and/or imported+consumed SOURCE_EXACT contract applies to both venues,False,False,True,4fc946b596d2095932637bc191f64c85d4bcd7d107c4598f7f20a2e00c447cf8
GUARANTEED_REENTRY_TIGHT_STOP_MIN_AGE_S,CONNECTED_BOTH,True,True,BOTH,REENTRY,EXIT,native=3m,native=5m,"[""close_{tf}"",""high_{tf}"",""low_{tf}""]","[""ANY_AVAILABLE""]",[],"[""v12_reentry_augment_gap_batch2:data/reports/V12_REENTRY_AUGMENT_GAP_BATCH2_CONTRACT.csv""]",trusted direct lifecycle read and/or imported+consumed SOURCE_EXACT contract applies to both venues,False,False,True,4fc946b596d2095932637bc191f64c85d4bcd7d107c4598f7f20a2e00c447cf8
GUARANTEED_REENTRY_TIGHT_STOP_PCT,CONNECTED_BOTH,True,True,BOTH,REENTRY,EXIT,native=3m,native=5m,"[""close_{tf}"",""high_{tf}"",""low_{tf}""]","[""ANY_AVAILABLE""]",[],"[""v12_reentry_augment_gap_batch2:data/reports/V12_REENTRY_AUGMENT_GAP_BATCH2_CONTRACT.csv""]",trusted direct lifecycle read and/or imported+consumed SOURCE_EXACT contract applies to both venues,False,False,True,4fc946b596d2095932637bc191f64c85d4bcd7d107c4598f7f20a2e00c447cf8
HAIKU_AUGMENT_FRACTION,UNCONNECTED,False,False,BOTH,HAIKU_WINNER_AUG_REDUCE,,N/A_NOT_CONNECTED,N/A_NOT_CONNECTED,"[""close_{tf}"",""high_{tf}"",""low_{tf}""]","[""ANY_AVAILABLE""]",[],[],no trusted frozen-engine lifecycle read and no imported+consumed SOURCE_EXACT contract,False,True,False,4fc946b596d2095932637bc191f64c85d4bcd7d107c4598f7f20a2e00c447cf8
HAIKU_AUGMENT_GAIN_THRESHOLD,UNCONNECTED,False,False,BOTH,HAIKU_WINNER_AUG_REDUCE,,N/A_NOT_CONNECTED,N/A_NOT_CONNECTED,"[""close_{tf}"",""high_{tf}"",""low_{tf}""]","[""ANY_AVAILABLE""]",[],[],no trusted frozen-engine lifecycle read and no imported+consumed SOURCE_EXACT contract,False,True,False,4fc946b596d2095932637bc191f64c85d4bcd7d107c4598f7f20a2e00c447cf8
HAIKU_ENTRY_GATE_ENABLED,CONNECTED_BOTH,True,True,BOTH,ENTRY,ENTRY|REENTRY,native=3m,native=5m,"[""close_{tf}"",""high_{tf}"",""low_{tf}""]","[""ANY_AVAILABLE""]","[""v12_quick_engine.py:6654:_exact_entry_contract_masks""]",[],trusted direct lifecycle read and/or imported+consumed SOURCE_EXACT contract applies to both venues,False,True,True,4fc946b596d2095932637bc191f64c85d4bcd7d107c4598f7f20a2e00c447cf8
HAIKU_REDUCE_GAIN_THRESHOLD,UNCONNECTED,False,False,BOTH,HAIKU_WINNER_AUG_REDUCE,,N/A_NOT_CONNECTED,N/A_NOT_CONNECTED,"[""close_{tf}"",""high_{tf}"",""low_{tf}""]","[""ANY_AVAILABLE""]",[],[],no trusted frozen-engine lifecycle read and no imported+consumed SOURCE_EXACT contract,False,True,False,4fc946b596d2095932637bc191f64c85d4bcd7d107c4598f7f20a2e00c447cf8
HAIKU_WINNER_ENABLED,REJECTED_INERT,False,False,BOTH,GLOBAL,,N/A_NOT_CONNECTED,N/A_NOT_CONNECTED,"[""close_{tf}"",""high_{tf}"",""low_{tf}""]","[""ANY_AVAILABLE""]",[],[],v12_exit_reduce_gap_batch4=REJECTED_CENSUS_ONLY,False,True,True,4fc946b596d2095932637bc191f64c85d4bcd7d107c4598f7f20a2e00c447cf8
HAIKU_WINNER_FILTER_TF,UNCONNECTED,False,False,BOTH,VEC_HAIKU_WINNER,,N/A_NOT_CONNECTED,N/A_NOT_CONNECTED,[],"[""1m"",""3m"",""15m"",""1h"",""4h"",""D""]",[],[],no trusted frozen-engine lifecycle read and no imported+consumed SOURCE_EXACT contract,False,False,False,4fc946b596d2095932637bc191f64c85d4bcd7d107c4598f7f20a2e00c447cf8
HAIKU_WINNER_MIN_TFS,UNCONNECTED,False,False,BOTH,VEC_HAIKU_WINNER,,N/A_NOT_CONNECTED,N/A_NOT_CONNECTED,[],"[""ANY_AVAILABLE""]",[],[],no trusted frozen-engine lifecycle read and no imported+consumed SOURCE_EXACT contract,False,False,False,4fc946b596d2095932637bc191f64c85d4bcd7d107c4598f7f20a2e00c447cf8
HARD_BREAKEVEN_FLOOR_ENABLED,CONNECTED_BOTH,True,True,BOTH,EXIT,EXIT,native=3m,native=5m,"[""close_{tf}"",""high_{tf}"",""low_{tf}""]","[""ANY_AVAILABLE""]",[],"[""v12_exit_reduce_gap_batch2:data/reports/V12_EXIT_REDUCE_STOP_GAP_BATCH2_CONTRACT.csv""]",trusted direct lifecycle read and/or imported+consumed SOURCE_EXACT contract applies to both venues,False,True,True,4fc946b596d2095932637bc191f64c85d4bcd7d107c4598f7f20a2e00c447cf8
HARD_BREAKEVEN_MIN_PEAK_PCT,CONNECTED_BOTH,True,True,BOTH,EXIT,EXIT,native=3m,native=5m,"[""close_{tf}"",""high_{tf}"",""low_{tf}""]","[""ANY_AVAILABLE""]",[],"[""v12_exit_reduce_gap_batch2:data/reports/V12_EXIT_REDUCE_STOP_GAP_BATCH2_CONTRACT.csv""]",trusted direct lifecycle read and/or imported+consumed SOURCE_EXACT contract applies to both venues,False,True,True,4fc946b596d2095932637bc191f64c85d4bcd7d107c4598f7f20a2e00c447cf8
HARD_LOSS_PCT,UNCONNECTED,False,False,BOTH,HARD_LOSS_PCT,,N/A_NOT_CONNECTED,N/A_NOT_CONNECTED,[],"[""ANY_AVAILABLE""]",[],[],no trusted frozen-engine lifecycle read and no imported+consumed SOURCE_EXACT contract,False,False,False,4fc946b596d2095932637bc191f64c85d4bcd7d107c4598f7f20a2e00c447cf8
HARD_LOSS_PCT_ENABLED,UNCONNECTED,False,False,BOTH,HARD_LOSS_PCT,,N/A_NOT_CONNECTED,N/A_NOT_CONNECTED,[],"[""ANY_AVAILABLE""]",[],[],no trusted frozen-engine lifecycle read and no imported+consumed SOURCE_EXACT contract,False,False,False,4fc946b596d2095932637bc191f64c85d4bcd7d107c4598f7f20a2e00c447cf8
HARD_MAX_LOSS_PCT,UNCONNECTED,False,False,BOTH,HARD_MAX_LOSS,,N/A_NOT_CONNECTED,N/A_NOT_CONNECTED,[],"[""ANY_AVAILABLE""]",[],[],no trusted frozen-engine lifecycle read and no imported+consumed SOURCE_EXACT contract,False,False,False,4fc946b596d2095932637bc191f64c85d4bcd7d107c4598f7f20a2e00c447cf8
HARD_MAX_SYMBOL_VALUE_TRADIER,VENUE_SPECIFIC_BY_SOURCE,False,False,TRADIER,HARD_MAX_SYMBOL,,N/A_NOT_CONNECTED,N/A_NOT_CONNECTED,[],"[""ANY_AVAILABLE""]",[],[],source scope is TRADIER; no trusted frozen-engine causal integration,False,False,True,4fc946b596d2095932637bc191f64c85d4bcd7d107c4598f7f20a2e00c447cf8
HA_WICK_QUALITY_ENABLED,CONNECTED_BOTH,True,True,BOTH,FILTER,ENTRY|REENTRY,native=3m,native=5m,[],"[""ANY_AVAILABLE""]","[""v12_quick_engine.py:5723:compute_reentry_blocks""]",[],trusted direct lifecycle read and/or imported+consumed SOURCE_EXACT contract applies to both venues,True,True,True,4fc946b596d2095932637bc191f64c85d4bcd7d107c4598f7f20a2e00c447cf8
HA_WICK_QUALITY_SCORE,CONNECTED_BOTH,True,True,BOTH,FILTER,ENTRY|REENTRY,native=3m,native=5m,[],"[""ANY_AVAILABLE""]","[""v12_quick_engine.py:6348:_combine_entry_blocks""]",[],trusted direct lifecycle read and/or imported+consumed SOURCE_EXACT contract applies to both venues,True,True,True,4fc946b596d2095932637bc191f64c85d4bcd7d107c4598f7f20a2e00c447cf8
HA_WICK_QUALITY_TF,CONNECTED_BOTH,True,True,BOTH,FILTER,ENTRY|REENTRY,native=3m;required=1h,native=5m;required=1h,[],"[""1h""]","[""v12_quick_engine.py:5724:compute_reentry_blocks""]",[],trusted direct lifecycle read and/or imported+consumed SOURCE_EXACT contract applies to both venues,True,True,True,4fc946b596d2095932637bc191f64c85d4bcd7d107c4598f7f20a2e00c447cf8
HOUR_OF_DAY_BLOCKED_UTC,UNCONNECTED,False,False,BOTH,HOUR_OF_DAY,,N/A_NOT_CONNECTED,N/A_NOT_CONNECTED,[],"[""ANY_AVAILABLE""]",[],[],no trusted frozen-engine lifecycle read and no imported+consumed SOURCE_EXACT contract,False,False,False,4fc946b596d2095932637bc191f64c85d4bcd7d107c4598f7f20a2e00c447cf8
HOUR_OF_DAY_GATE_ENABLED,UNCONNECTED,False,False,BOTH,HOUR_OF_DAY,,N/A_NOT_CONNECTED,N/A_NOT_CONNECTED,[],"[""ANY_AVAILABLE""]",[],[],no trusted frozen-engine lifecycle read and no imported+consumed SOURCE_EXACT contract,False,True,False,4fc946b596d2095932637bc191f64c85d4bcd7d107c4598f7f20a2e00c447cf8
HTF4_CONF,UNCONNECTED,False,False,BOTH,FILTER,,N/A_NOT_CONNECTED,N/A_NOT_CONNECTED,[],"[""ANY_AVAILABLE""]",[],[],no trusted frozen-engine lifecycle read and no imported+consumed SOURCE_EXACT contract,False,False,True,4fc946b596d2095932637bc191f64c85d4bcd7d107c4598f7f20a2e00c447cf8
HTF_AGAINST_FORCE_CLOSE_CONFIRM_4H,CONNECTED_CRYPTO,True,False,BOTH,EXIT,EXIT,native=3m;required=3m|15m|1h|4h|D,N/A_NOT_CONNECTED,"[""close_4h"",""high_4h"",""low_4h""]","[""4h""]",[],"[""v12_exit_reduce_gap_batch2:data/reports/V12_EXIT_REDUCE_STOP_GAP_BATCH2_CONTRACT.csv""]",trusted causal route is crypto-native/source-scoped; no Tradier connection credit,False,False,True,4fc946b596d2095932637bc191f64c85d4bcd7d107c4598f7f20a2e00c447cf8
HTF_AGAINST_FORCE_CLOSE_ENABLED,CONNECTED_CRYPTO,True,False,BOTH,EXIT,EXIT,native=3m;required=3m|15m|1h|4h|D,N/A_NOT_CONNECTED,"[""close_{tf}"",""high_{tf}"",""low_{tf}""]","[""ANY_AVAILABLE""]",[],"[""v12_exit_reduce_gap_batch2:data/reports/V12_EXIT_REDUCE_STOP_GAP_BATCH2_CONTRACT.csv""]",trusted causal route is crypto-native/source-scoped; no Tradier connection credit,False,True,True,4fc946b596d2095932637bc191f64c85d4bcd7d107c4598f7f20a2e00c447cf8
HTF_ALIGNMENT_MIN,UNCONNECTED,False,False,BOTH,WIDE_STOCKS_BASELINE_ENTRY,,N/A_NOT_CONNECTED,N/A_NOT_CONNECTED,"[""close_{tf}"",""high_{tf}"",""low_{tf}""]","[""ANY_AVAILABLE""]",[],[],no trusted frozen-engine lifecycle read and no imported+consumed SOURCE_EXACT contract,False,False,False,4fc946b596d2095932637bc191f64c85d4bcd7d107c4598f7f20a2e00c447cf8
HTF_ALIGN_REQUIRED,UNCONNECTED,False,False,BOTH,HTF_ALIGN_REQUIRED,,N/A_NOT_CONNECTED,N/A_NOT_CONNECTED,[],"[""ANY_AVAILABLE""]",[],[],no trusted frozen-engine lifecycle read and no imported+consumed SOURCE_EXACT contract,False,False,False,4fc946b596d2095932637bc191f64c85d4bcd7d107c4598f7f20a2e00c447cf8
HTF_AUG_VETO_FIX_ENABLED,UNCONNECTED,False,False,BOTH,HTF_AUG_VETO,,N/A_NOT_CONNECTED,N/A_NOT_CONNECTED,[],"[""ANY_AVAILABLE""]",[],[],no trusted frozen-engine lifecycle read and no imported+consumed SOURCE_EXACT contract,False,True,False,4fc946b596d2095932637bc191f64c85d4bcd7d107c4598f7f20a2e00c447cf8
HTF_DC_BREAKOUT,UNCONNECTED,False,False,BOTH,HTF_DC_BREAKOUT,,N/A_NOT_CONNECTED,N/A_NOT_CONNECTED,"[""dc_basis_{tf}"",""dc_high_{tf}"",""dc_low_{tf}""]","[""ANY_AVAILABLE""]",[],[],no trusted frozen-engine lifecycle read and no imported+consumed SOURCE_EXACT contract,False,False,False,4fc946b596d2095932637bc191f64c85d4bcd7d107c4598f7f20a2e00c447cf8
HTF_DC_BREAKOUT_TRADIER_TF,VENUE_SPECIFIC_BY_SOURCE,False,False,TRADIER,HTF_DC_BREAKOUT,,N/A_NOT_CONNECTED,N/A_NOT_CONNECTED,"[""dc_basis_4h"",""dc_high_4h"",""dc_low_4h""]","[""4h""]",[],[],source scope is TRADIER; no trusted frozen-engine causal integration,False,False,True,4fc946b596d2095932637bc191f64c85d4bcd7d107c4598f7f20a2e00c447cf8
HTF_DIRECTION_GATE_ENABLED,CONNECTED_CRYPTO,True,False,BOTH,FILTER,ENTRY|REENTRY,native=3m,N/A_NOT_CONNECTED,[],"[""ANY_AVAILABLE""]","[""v12_quick_engine.py:6718:_exact_crypto_wt_entry_contract""]",[],trusted causal route is crypto-native/source-scoped; no Tradier connection credit,False,True,True,4fc946b596d2095932637bc191f64c85d4bcd7d107c4598f7f20a2e00c447cf8
HTF_EXIT_VETO_ENABLED,CONNECTED_BOTH,True,True,BOTH,EXIT,EXIT,native=3m;required=1h|4h|D,native=5m;required=1h|4h|D,"[""close_{tf}"",""high_{tf}"",""low_{tf}""]","[""ANY_AVAILABLE""]",[],"[""v12_exit_reduce_gap_batch2:data/reports/V12_EXIT_REDUCE_STOP_GAP_BATCH2_CONTRACT.csv""]",trusted direct lifecycle read and/or imported+consumed SOURCE_EXACT contract applies to both venues,False,True,True,4fc946b596d2095932637bc191f64c85d4bcd7d107c4598f7f20a2e00c447cf8
HTF_EXIT_VETO_MAX_LOSS_PCT,CONNECTED_BOTH,True,True,BOTH,EXIT,EXIT,native=3m;required=1h|4h|D,native=5m;required=1h|4h|D,"[""close_{tf}"",""high_{tf}"",""low_{tf}""]","[""ANY_AVAILABLE""]",[],"[""v12_exit_reduce_gap_batch2:data/reports/V12_EXIT_REDUCE_STOP_GAP_BATCH2_CONTRACT.csv""]",trusted direct lifecycle read and/or imported+consumed SOURCE_EXACT contract applies to both venues,False,False,True,4fc946b596d2095932637bc191f64c85d4bcd7d107c4598f7f20a2e00c447cf8
HTF_EXIT_VETO_MIN_ALIGNED,CONNECTED_BOTH,True,True,BOTH,EXIT,EXIT,native=3m;required=1h|4h|D,native=5m;required=1h|4h|D,"[""close_{tf}"",""high_{tf}"",""low_{tf}""]","[""ANY_AVAILABLE""]",[],"[""v12_exit_reduce_gap_batch2:data/reports/V12_EXIT_REDUCE_STOP_GAP_BATCH2_CONTRACT.csv""]",trusted direct lifecycle read and/or imported+consumed SOURCE_EXACT contract applies to both venues,False,False,True,4fc946b596d2095932637bc191f64c85d4bcd7d107c4598f7f20a2e00c447cf8
HTF_GATE_APPLY_TO_AUGMENT,CONNECTED_BOTH,True,True,BOTH,AUGMENT,AUGMENT,native=3m;required=1h|4h|D,native=5m;required=1h|4h|D,"[""close_{tf}"",""high_{tf}"",""low_{tf}""]","[""ANY_AVAILABLE""]",[],"[""v12_reentry_augment_gap_batch:data/reports/V12_REENTRY_AUGMENT_GAP_BATCH_CONTRACT.csv""]",trusted direct lifecycle read and/or imported+consumed SOURCE_EXACT contract applies to both venues,False,False,True,4fc946b596d2095932637bc191f64c85d4bcd7d107c4598f7f20a2e00c447cf8
HTF_GATE_APPLY_TO_OPEN,CONNECTED_CRYPTO,True,False,BOTH,REDUCE,ENTRY|REENTRY,native=3m,N/A_NOT_CONNECTED,"[""close_{tf}"",""high_{tf}"",""low_{tf}""]","[""ANY_AVAILABLE""]","[""v12_quick_engine.py:6718:_exact_crypto_wt_entry_contract""]",[],trusted causal route is crypto-native/source-scoped; no Tradier connection credit,False,False,True,4fc946b596d2095932637bc191f64c85d4bcd7d107c4598f7f20a2e00c447cf8
HTF_GATE_BYPASS_RZ,CONNECTED_BOTH,True,True,BOTH,FILTER,ENTRY|REENTRY,native=3m,native=5m,[],"[""ANY_AVAILABLE""]","[""v12_quick_engine.py:7325:compute_entry_signals""]",[],trusted direct lifecycle read and/or imported+consumed SOURCE_EXACT contract applies to both venues,False,False,True,4fc946b596d2095932637bc191f64c85d4bcd7d107c4598f7f20a2e00c447cf8
HTF_GATE_D_MANDATORY,CONNECTED_CRYPTO,True,False,BOTH,FILTER,ENTRY|REENTRY,native=3m;required=D,N/A_NOT_CONNECTED,[],"[""D""]","[""v12_quick_engine.py:6735:_exact_crypto_wt_entry_contract""]",[],trusted causal route is crypto-native/source-scoped; no Tradier connection credit,False,False,True,4fc946b596d2095932637bc191f64c85d4bcd7d107c4598f7f20a2e00c447cf8
HTF_GATE_MIN_CONFIRMATIONS,CONNECTED_CRYPTO,True,False,BOTH,FILTER,ENTRY|REENTRY,native=3m,N/A_NOT_CONNECTED,[],"[""ANY_AVAILABLE""]","[""v12_quick_engine.py:6734:_exact_crypto_wt_entry_contract""]",[],trusted causal route is crypto-native/source-scoped; no Tradier connection credit,False,False,True,4fc946b596d2095932637bc191f64c85d4bcd7d107c4598f7f20a2e00c447cf8
HTF_GATE_SIGNALS_SMA200D,CONNECTED_CRYPTO,True,False,BOTH,ENTRY,ENTRY|REENTRY,native=3m,N/A_NOT_CONNECTED,"[""close_{tf}"",""high_{tf}"",""low_{tf}"",""sma_{period}_{tf}""]","[""ANY_AVAILABLE""]","[""v12_quick_engine.py:6731:_exact_crypto_wt_entry_contract""]",[],trusted causal route is crypto-native/source-scoped; no Tradier connection credit,False,False,True,4fc946b596d2095932637bc191f64c85d4bcd7d107c4598f7f20a2e00c447cf8
HTF_REGIME_ADD_MULT_PER_SMA,UNCONNECTED,False,False,BOTH,HTF_REGIME_ADD,,N/A_NOT_CONNECTED,N/A_NOT_CONNECTED,"[""sma_{period}_{tf}""]","[""ANY_AVAILABLE""]",[],[],no trusted frozen-engine lifecycle read and no imported+consumed SOURCE_EXACT contract,False,False,False,4fc946b596d2095932637bc191f64c85d4bcd7d107c4598f7f20a2e00c447cf8
HTF_REGIME_ENABLED,UNCONNECTED,False,False,BOTH,HTF_REGIME_ENABLED,,N/A_NOT_CONNECTED,N/A_NOT_CONNECTED,[],"[""ANY_AVAILABLE""]",[],[],no trusted frozen-engine lifecycle read and no imported+consumed SOURCE_EXACT contract,False,True,False,4fc946b596d2095932637bc191f64c85d4bcd7d107c4598f7f20a2e00c447cf8
HTF_REGIME_EXIT_TF,UNCONNECTED,False,False,BOTH,HTF_REGIME_EXIT,,N/A_NOT_CONNECTED,N/A_NOT_CONNECTED,"[""close_15m"",""high_15m"",""low_15m""]","[""15m""]",[],[],no trusted frozen-engine lifecycle read and no imported+consumed SOURCE_EXACT contract,False,False,False,4fc946b596d2095932637bc191f64c85d4bcd7d107c4598f7f20a2e00c447cf8
HTF_REGIME_LEDGER_PATH,UNCONNECTED,False,False,BOTH,HTF_REGIME_LEDGER,,N/A_NOT_CONNECTED,N/A_NOT_CONNECTED,[],"[""ANY_AVAILABLE""]",[],[],no trusted frozen-engine lifecycle read and no imported+consumed SOURCE_EXACT contract,False,False,False,4fc946b596d2095932637bc191f64c85d4bcd7d107c4598f7f20a2e00c447cf8
HTF_REGIME_SIZE_CAP,UNCONNECTED,False,False,BOTH,HTF_REGIME_SIZE,,N/A_NOT_CONNECTED,N/A_NOT_CONNECTED,[],"[""ANY_AVAILABLE""]",[],[],no trusted frozen-engine lifecycle read and no imported+consumed SOURCE_EXACT contract,False,False,False,4fc946b596d2095932637bc191f64c85d4bcd7d107c4598f7f20a2e00c447cf8
HTF_REGIME_TF,UNCONNECTED,False,False,BOTH,HTF_REGIME_TF,,N/A_NOT_CONNECTED,N/A_NOT_CONNECTED,[],"[""D""]",[],[],no trusted frozen-engine lifecycle read and no imported+consumed SOURCE_EXACT contract,False,False,False,4fc946b596d2095932637bc191f64c85d4bcd7d107c4598f7f20a2e00c447cf8
HTF_REGIME_VOL_TARGET,UNCONNECTED,False,False,BOTH,HTF_REGIME_VOL,,N/A_NOT_CONNECTED,N/A_NOT_CONNECTED,"[""relative_volume_{tf}"",""volume_{tf}""]","[""ANY_AVAILABLE""]",[],[],no trusted frozen-engine lifecycle read and no imported+consumed SOURCE_EXACT contract,False,False,False,4fc946b596d2095932637bc191f64c85d4bcd7d107c4598f7f20a2e00c447cf8
HTF_TREND_VETO_BYPASS_ENABLED,UNCONNECTED,False,False,BOTH,FILTER,,N/A_NOT_CONNECTED,N/A_NOT_CONNECTED,[],"[""ANY_AVAILABLE""]",[],[],no trusted frozen-engine lifecycle read and no imported+consumed SOURCE_EXACT contract,False,True,True,4fc946b596d2095932637bc191f64c85d4bcd7d107c4598f7f20a2e00c447cf8
HTF_TREND_VETO_BYPASS_REASONS,UNCONNECTED,False,False,BOTH,FILTER,,N/A_NOT_CONNECTED,N/A_NOT_CONNECTED,[],"[""ANY_AVAILABLE""]",[],[],no trusted frozen-engine lifecycle read and no imported+consumed SOURCE_EXACT contract,False,False,True,4fc946b596d2095932637bc191f64c85d4bcd7d107c4598f7f20a2e00c447cf8
HTF_W_M_ALIGN_GATE,UNCONNECTED,False,False,BOTH,HTF_W_M,,N/A_NOT_CONNECTED,N/A_NOT_CONNECTED,[],"[""W""]",[],[],no trusted frozen-engine lifecycle read and no imported+consumed SOURCE_EXACT contract,False,False,False,4fc946b596d2095932637bc191f64c85d4bcd7d107c4598f7f20a2e00c447cf8
HTF_W_REVERSAL_EXIT,UNCONNECTED,False,False,BOTH,HTF_W_REVERSAL,,N/A_NOT_CONNECTED,N/A_NOT_CONNECTED,"[""close_W"",""high_W"",""low_W""]","[""W""]",[],[],no trusted frozen-engine lifecycle read and no imported+consumed SOURCE_EXACT contract,False,False,False,4fc946b596d2095932637bc191f64c85d4bcd7d107c4598f7f20a2e00c447cf8
HYBRID_STRUCT_EXIT_ENABLED,REJECTED_INERT,False,False,BOTH,EXIT,,N/A_NOT_CONNECTED,N/A_NOT_CONNECTED,"[""close_{tf}"",""high_{tf}"",""low_{tf}""]","[""ANY_AVAILABLE""]",[],[],v12_exit_reduce_gap_batch4=REJECTED_CENSUS_ONLY,False,True,True,4fc946b596d2095932637bc191f64c85d4bcd7d107c4598f7f20a2e00c447cf8
IMMEDIATE_WRONG_WAY_ENABLED,UNCONNECTED,False,False,BOTH,GLOBAL,,N/A_NOT_CONNECTED,N/A_NOT_CONNECTED,[],"[""ANY_AVAILABLE""]",[],[],no trusted frozen-engine lifecycle read and no imported+consumed SOURCE_EXACT contract,False,True,True,4fc946b596d2095932637bc191f64c85d4bcd7d107c4598f7f20a2e00c447cf8
INDICATOR_UPDATE_INTERVAL,UNCONNECTED,False,False,BOTH,INDICATOR_UPDATE_INTERVAL,,N/A_NOT_CONNECTED,N/A_NOT_CONNECTED,[],"[""ANY_AVAILABLE""]",[],[],no trusted frozen-engine lifecycle read and no imported+consumed SOURCE_EXACT contract,False,False,False,4fc946b596d2095932637bc191f64c85d4bcd7d107c4598f7f20a2e00c447cf8
K3M_CAP,UNCONNECTED,False,False,BOTH,GLOBAL,,N/A_NOT_CONNECTED,N/A_NOT_CONNECTED,[],"[""ANY_AVAILABLE""]",[],[],no trusted frozen-engine lifecycle read and no imported+consumed SOURCE_EXACT contract,False,False,True,4fc946b596d2095932637bc191f64c85d4bcd7d107c4598f7f20a2e00c447cf8
K3M_CAP_BREAKOUT_BYPASS,DEFERRED,False,False,BOTH,ENTRY,,N/A_NOT_CONNECTED,N/A_NOT_CONNECTED,"[""close_{tf}"",""high_{tf}"",""low_{tf}""]","[""ANY_AVAILABLE""]",[],[],blocked=PATTERN_ONLY_EXACT_ARRAY_BINDING_NOT_PROVEN;next_100_contract=NOT_INTEGRATED,False,False,True,4fc946b596d2095932637bc191f64c85d4bcd7d107c4598f7f20a2e00c447cf8
K_LOWER_HIGH_EXTREME,UNCONNECTED,False,False,BOTH,K_LOWER_HIGH,,N/A_NOT_CONNECTED,N/A_NOT_CONNECTED,[],"[""ANY_AVAILABLE""]",[],[],no trusted frozen-engine lifecycle read and no imported+consumed SOURCE_EXACT contract,False,False,False,4fc946b596d2095932637bc191f64c85d4bcd7d107c4598f7f20a2e00c447cf8
K_LOWER_HIGH_LTF_THRESHOLD,UNCONNECTED,False,False,BOTH,K_LOWER_HIGH,,N/A_NOT_CONNECTED,N/A_NOT_CONNECTED,[],"[""ANY_AVAILABLE""]",[],[],no trusted frozen-engine lifecycle read and no imported+consumed SOURCE_EXACT contract,False,False,False,4fc946b596d2095932637bc191f64c85d4bcd7d107c4598f7f20a2e00c447cf8
K_ZONE_ENTRY_BONUS,DEFERRED,False,False,BOTH,ENTRY,,N/A_NOT_CONNECTED,N/A_NOT_CONNECTED,"[""close_{tf}"",""high_{tf}"",""low_{tf}"",""stoch_d_{tf}"",""stoch_k_{tf}""]","[""ANY_AVAILABLE""]",[],[],next_100_contract=NOT_INTEGRATED;v12_reentry_augment_filter_gap_batch9=SOURCE_EXACT_NOT_INTEGRATED,False,False,True,4fc946b596d2095932637bc191f64c85d4bcd7d107c4598f7f20a2e00c447cf8
LADDER_AUTO_SAVE_SECONDS,UNCONNECTED,False,False,BOTH,LADDER_AUTO_SAVE,,N/A_NOT_CONNECTED,N/A_NOT_CONNECTED,[],"[""ANY_AVAILABLE""]",[],[],no trusted frozen-engine lifecycle read and no imported+consumed SOURCE_EXACT contract,False,False,False,4fc946b596d2095932637bc191f64c85d4bcd7d107c4598f7f20a2e00c447cf8
LADDER_TTL_MINUTES,UNCONNECTED,False,False,BOTH,LADDER_TTL_MINUTES,,N/A_NOT_CONNECTED,N/A_NOT_CONNECTED,[],"[""ANY_AVAILABLE""]",[],[],no trusted frozen-engine lifecycle read and no imported+consumed SOURCE_EXACT contract,False,False,False,4fc946b596d2095932637bc191f64c85d4bcd7d107c4598f7f20a2e00c447cf8
LAST_EVENTS_FILE,UNCONNECTED,False,False,BOTH,LAST_EVENTS_FILE,,N/A_NOT_CONNECTED,N/A_NOT_CONNECTED,[],"[""ANY_AVAILABLE""]",[],[],no trusted frozen-engine lifecycle read and no imported+consumed SOURCE_EXACT contract,False,False,False,4fc946b596d2095932637bc191f64c85d4bcd7d107c4598f7f20a2e00c447cf8
LAST_RESORT_K_BYPASS_ENABLED,UNCONNECTED,False,False,BOTH,GLOBAL,,N/A_NOT_CONNECTED,N/A_NOT_CONNECTED,[],"[""ANY_AVAILABLE""]",[],[],no trusted frozen-engine lifecycle read and no imported+consumed SOURCE_EXACT contract,False,True,True,4fc946b596d2095932637bc191f64c85d4bcd7d107c4598f7f20a2e00c447cf8
LATEST_MARKET_DATA_FILE,UNCONNECTED,False,False,BOTH,GLOBAL,,N/A_NOT_CONNECTED,N/A_NOT_CONNECTED,[],"[""ANY_AVAILABLE""]",[],[],no trusted frozen-engine lifecycle read and no imported+consumed SOURCE_EXACT contract,False,False,True,4fc946b596d2095932637bc191f64c85d4bcd7d107c4598f7f20a2e00c447cf8
LEADERBOARD_ENTRY_ENABLED,DEFERRED,False,False,BOTH,ENTRY,,N/A_NOT_CONNECTED,N/A_NOT_CONNECTED,"[""close_{tf}"",""high_{tf}"",""low_{tf}""]","[""ANY_AVAILABLE""]",[],[],blocked=PATTERN_ONLY_EXACT_ARRAY_BINDING_NOT_PROVEN;next_100_contract=NOT_INTEGRATED,False,True,True,4fc946b596d2095932637bc191f64c85d4bcd7d107c4598f7f20a2e00c447cf8
LEADERBOARD_FILTER,UNCONNECTED,False,False,BOTH,FILTER,,N/A_NOT_CONNECTED,N/A_NOT_CONNECTED,[],"[""ANY_AVAILABLE""]",[],[],no trusted frozen-engine lifecycle read and no imported+consumed SOURCE_EXACT contract,False,False,True,4fc946b596d2095932637bc191f64c85d4bcd7d107c4598f7f20a2e00c447cf8
LEADERBOARD_LONG,UNCONNECTED,False,False,BOTH,LEADERBOARD_LONG,,N/A_NOT_CONNECTED,N/A_NOT_CONNECTED,[],"[""ANY_AVAILABLE""]",[],[],no trusted frozen-engine lifecycle read and no imported+consumed SOURCE_EXACT contract,False,False,False,4fc946b596d2095932637bc191f64c85d4bcd7d107c4598f7f20a2e00c447cf8
LEADERBOARD_SHORT,UNCONNECTED,False,False,BOTH,LEADERBOARD_SHORT,,N/A_NOT_CONNECTED,N/A_NOT_CONNECTED,[],"[""ANY_AVAILABLE""]",[],[],no trusted frozen-engine lifecycle read and no imported+consumed SOURCE_EXACT contract,False,False,False,4fc946b596d2095932637bc191f64c85d4bcd7d107c4598f7f20a2e00c447cf8
LH_HL_FILTER_ENABLED,CONNECTED_BOTH,True,True,BOTH,F3b_LH_HL_FILTER,AUGMENT|ENTRY|REENTRY,native=3m;required=1h|4h,native=5m;required=1h|4h,[],"[""ANY_AVAILABLE""]",[],"[""v12_reentry_augment_filter_gap_batch4:data/reports/V12_REENTRY_AUGMENT_FILTER_GAP_BATCH4_CONTRACT.csv""]",trusted direct lifecycle read and/or imported+consumed SOURCE_EXACT contract applies to both venues,False,True,True,4fc946b596d2095932637bc191f64c85d4bcd7d107c4598f7f20a2e00c447cf8
LH_HL_FILTER_HEDGE_GATE_ENABLED,CONNECTED_BOTH,True,True,BOTH,LH_HL_FILTER,AUGMENT|ENTRY|REENTRY,native=3m;required=1h|4h,native=5m;required=1h|4h,[],"[""ANY_AVAILABLE""]",[],"[""v12_reentry_augment_filter_gap_batch4:data/reports/V12_REENTRY_AUGMENT_FILTER_GAP_BATCH4_CONTRACT.csv""]",trusted direct lifecycle read and/or imported+consumed SOURCE_EXACT contract applies to both venues,False,True,True,4fc946b596d2095932637bc191f64c85d4bcd7d107c4598f7f20a2e00c447cf8
LH_HL_FILTER_MODE,CONNECTED_BOTH,True,True,BOTH,F3b_LH_HL_FILTER,AUGMENT|ENTRY|REENTRY,native=3m;required=1h|4h,native=5m;required=1h|4h,[],"[""ANY_AVAILABLE""]",[],"[""v12_reentry_augment_filter_gap_batch4:data/reports/V12_REENTRY_AUGMENT_FILTER_GAP_BATCH4_CONTRACT.csv""]",trusted direct lifecycle read and/or imported+consumed SOURCE_EXACT contract applies to both venues,False,False,True,4fc946b596d2095932637bc191f64c85d4bcd7d107c4598f7f20a2e00c447cf8
LH_HL_FILTER_REQUIRE_BOTH,CONNECTED_BOTH,True,True,BOTH,FILTER,AUGMENT|ENTRY|REENTRY,native=3m;required=1h|4h,native=5m;required=1h|4h,[],"[""ANY_AVAILABLE""]",[],"[""v12_reentry_augment_filter_gap_batch4:data/reports/V12_REENTRY_AUGMENT_FILTER_GAP_BATCH4_CONTRACT.csv""]",trusted direct lifecycle read and/or imported+consumed SOURCE_EXACT contract applies to both venues,False,False,True,4fc946b596d2095932637bc191f64c85d4bcd7d107c4598f7f20a2e00c447cf8
LH_HL_FILTER_TF_REQ,CONNECTED_BOTH,True,True,BOTH,F3b_LH_HL_FILTER,AUGMENT|ENTRY|REENTRY,native=3m;required=1h|4h,native=5m;required=1h|4h,[],"[""ANY_AVAILABLE""]",[],"[""v12_reentry_augment_filter_gap_batch4:data/reports/V12_REENTRY_AUGMENT_FILTER_GAP_BATCH4_CONTRACT.csv""]",trusted direct lifecycle read and/or imported+consumed SOURCE_EXACT contract applies to both venues,False,False,True,4fc946b596d2095932637bc191f64c85d4bcd7d107c4598f7f20a2e00c447cf8
LINEARITY_LR_LIN4H_MIN,UNCONNECTED,False,False,BOTH,LINEARITY_LR_LIN4H,,N/A_NOT_CONNECTED,N/A_NOT_CONNECTED,"[""lr_pct_b_{tf}"",""lr_slope_{tf}""]","[""ANY_AVAILABLE""]",[],[],no trusted frozen-engine lifecycle read and no imported+consumed SOURCE_EXACT contract,False,False,False,4fc946b596d2095932637bc191f64c85d4bcd7d107c4598f7f20a2e00c447cf8
LINEARITY_LR_LONG_ENABLED,UNCONNECTED,False,False,BOTH,LINEARITY_LR_LONG,,N/A_NOT_CONNECTED,N/A_NOT_CONNECTED,"[""lr_pct_b_{tf}"",""lr_slope_{tf}""]","[""ANY_AVAILABLE""]",[],[],no trusted frozen-engine lifecycle read and no imported+consumed SOURCE_EXACT contract,False,True,True,4fc946b596d2095932637bc191f64c85d4bcd7d107c4598f7f20a2e00c447cf8
LINEARITY_LR_REQUIRE_ALL,UNCONNECTED,False,False,BOTH,LINEARITY_LR_REQUIRE,,N/A_NOT_CONNECTED,N/A_NOT_CONNECTED,"[""lr_pct_b_{tf}"",""lr_slope_{tf}""]","[""ANY_AVAILABLE""]",[],[],no trusted frozen-engine lifecycle read and no imported+consumed SOURCE_EXACT contract,False,False,False,4fc946b596d2095932637bc191f64c85d4bcd7d107c4598f7f20a2e00c447cf8
LINEARITY_LR_SHORT_ENABLED,UNCONNECTED,False,False,BOTH,LINEARITY_LR_SHORT,,N/A_NOT_CONNECTED,N/A_NOT_CONNECTED,"[""lr_pct_b_{tf}"",""lr_slope_{tf}""]","[""ANY_AVAILABLE""]",[],[],no trusted frozen-engine lifecycle read and no imported+consumed SOURCE_EXACT contract,False,True,True,4fc946b596d2095932637bc191f64c85d4bcd7d107c4598f7f20a2e00c447cf8
LIVE_ENTRY_ENGINE_FILTER_TF,UNCONNECTED,False,False,BOTH,VEC_LIVE_ENTRY_ENGINE,,N/A_NOT_CONNECTED,N/A_NOT_CONNECTED,"[""close_15m"",""close_1h"",""close_1m"",""close_3m"",""close_4h"",""close_D"",""high_15m"",""high_1h"",""high_1m"",""high_3m"",""high_4h"",""high_D"",""low_15m"",""low_1h"",""low_1m"",""low_3m"",""low_4h"",""low_D""]","[""1m"",""3m"",""15m"",""1h"",""4h"",""D""]",[],[],no trusted frozen-engine lifecycle read and no imported+consumed SOURCE_EXACT contract,False,False,False,4fc946b596d2095932637bc191f64c85d4bcd7d107c4598f7f20a2e00c447cf8
LIVE_ENTRY_ENGINE_MIN_TFS,UNCONNECTED,False,False,BOTH,VEC_LIVE_ENTRY_ENGINE,,N/A_NOT_CONNECTED,N/A_NOT_CONNECTED,"[""close_{tf}"",""high_{tf}"",""low_{tf}""]","[""ANY_AVAILABLE""]",[],[],no trusted frozen-engine lifecycle read and no imported+consumed SOURCE_EXACT contract,False,False,False,4fc946b596d2095932637bc191f64c85d4bcd7d107c4598f7f20a2e00c447cf8
LIVE_ONLY_SIGNALS_BATCH5_ENABLED,UNCONNECTED,False,False,BOTH,VEC_LIVE_ONLY_SIGNALS_BATCH5,,N/A_NOT_CONNECTED,N/A_NOT_CONNECTED,[],"[""ANY_AVAILABLE""]",[],[],no trusted frozen-engine lifecycle read and no imported+consumed SOURCE_EXACT contract,False,False,False,4fc946b596d2095932637bc191f64c85d4bcd7d107c4598f7f20a2e00c447cf8
LIVE_ONLY_SIGNALS_BATCH5_FILTER_TF,UNCONNECTED,False,False,BOTH,VEC_LIVE_ONLY_SIGNALS_BATCH5,,N/A_NOT_CONNECTED,N/A_NOT_CONNECTED,[],"[""1m"",""3m"",""15m"",""1h"",""4h"",""D""]",[],[],no trusted frozen-engine lifecycle read and no imported+consumed SOURCE_EXACT contract,False,False,False,4fc946b596d2095932637bc191f64c85d4bcd7d107c4598f7f20a2e00c447cf8
LIVE_ONLY_SIGNALS_BATCH5_MIN_TFS,UNCONNECTED,False,False,BOTH,VEC_LIVE_ONLY_SIGNALS_BATCH5,,N/A_NOT_CONNECTED,N/A_NOT_CONNECTED,[],"[""ANY_AVAILABLE""]",[],[],no trusted frozen-engine lifecycle read and no imported+consumed SOURCE_EXACT contract,False,False,False,4fc946b596d2095932637bc191f64c85d4bcd7d107c4598f7f20a2e00c447cf8
LIVE_POSITION_FRESHNESS_MAX_SEC,UNCONNECTED,False,False,BOTH,GLOBAL,,N/A_NOT_CONNECTED,N/A_NOT_CONNECTED,[],"[""ANY_AVAILABLE""]",[],[],no trusted frozen-engine lifecycle read and no imported+consumed SOURCE_EXACT contract,False,False,True,4fc946b596d2095932637bc191f64c85d4bcd7d107c4598f7f20a2e00c447cf8
LIVE_USDC_PAIRS_FILE,UNCONNECTED,False,False,BOTH,GLOBAL,,N/A_NOT_CONNECTED,N/A_NOT_CONNECTED,"[""dc_basis_{tf}"",""dc_high_{tf}"",""dc_low_{tf}""]","[""ANY_AVAILABLE""]",[],[],no trusted frozen-engine lifecycle read and no imported+consumed SOURCE_EXACT contract,False,False,True,4fc946b596d2095932637bc191f64c85d4bcd7d107c4598f7f20a2e00c447cf8
LIVE_VEC_EMERGENCY_BRAKE_ENABLED,UNCONNECTED,False,False,BOTH,FILTER,,N/A_NOT_CONNECTED,N/A_NOT_CONNECTED,[],"[""ANY_AVAILABLE""]",[],[],no trusted frozen-engine lifecycle read and no imported+consumed SOURCE_EXACT contract,False,True,True,4fc946b596d2095932637bc191f64c85d4bcd7d107c4598f7f20a2e00c447cf8
LIVE_VEC_QUARANTINE_STRATEGY_ENABLED,UNCONNECTED,False,False,BOTH,GLOBAL,,N/A_NOT_CONNECTED,N/A_NOT_CONNECTED,[],"[""ANY_AVAILABLE""]",[],[],no trusted frozen-engine lifecycle read and no imported+consumed SOURCE_EXACT contract,False,True,True,4fc946b596d2095932637bc191f64c85d4bcd7d107c4598f7f20a2e00c447cf8
LIVE_VEC_STALE_MARK_PRICE_ENABLED,UNCONNECTED,False,False,BOTH,GLOBAL,,N/A_NOT_CONNECTED,N/A_NOT_CONNECTED,[],"[""ANY_AVAILABLE""]",[],[],no trusted frozen-engine lifecycle read and no imported+consumed SOURCE_EXACT contract,False,True,True,4fc946b596d2095932637bc191f64c85d4bcd7d107c4598f7f20a2e00c447cf8
LOCAL_DATA_MAX_AGE,UNCONNECTED,False,False,BOTH,GLOBAL,,N/A_NOT_CONNECTED,N/A_NOT_CONNECTED,[],"[""ANY_AVAILABLE""]",[],[],no trusted frozen-engine lifecycle read and no imported+consumed SOURCE_EXACT contract,False,False,True,4fc946b596d2095932637bc191f64c85d4bcd7d107c4598f7f20a2e00c447cf8
LONG_STRUCT_EXIT_TF,DEFERRED,False,False,BOTH,LONG_STRUCT_EXIT,,N/A_NOT_CONNECTED,N/A_NOT_CONNECTED,"[""close_D"",""high_D"",""low_D""]","[""D""]",[],[],v12_exit_reduce_gap_batch9=SOURCE_EXACT_NOT_INTEGRATED,False,False,False,4fc946b596d2095932637bc191f64c85d4bcd7d107c4598f7f20a2e00c447cf8
LOSS_EXIT_HEDGE_MODE_BLOCK_ESCAPE_ENABLED,CONNECTED_CRYPTO,True,False,BOTH,LOSS_EXIT_HEDGE,REDUCE|STOP,native=3m;required=3m,N/A_NOT_CONNECTED,"[""close_{tf}"",""high_{tf}"",""low_{tf}""]","[""ANY_AVAILABLE""]",[],"[""v12_exit_reduce_gap_batch5:data/reports/V12_EXIT_REDUCE_STOP_GAP_BATCH5_CONTRACT.csv""]",trusted causal route is crypto-native/source-scoped; no Tradier connection credit,False,True,True,4fc946b596d2095932637bc191f64c85d4bcd7d107c4598f7f20a2e00c447cf8
LOSS_EXIT_STALE_PRICE_ALLOW_NEAR_BE_ENABLED,CONNECTED_BOTH,True,True,BOTH,EXIT,EXIT,native=3m,native=5m,"[""close_{tf}"",""high_{tf}"",""low_{tf}""]","[""ANY_AVAILABLE""]",[],"[""v12_exit_reduce_gap_batch2:data/reports/V12_EXIT_REDUCE_STOP_GAP_BATCH2_CONTRACT.csv""]",trusted direct lifecycle read and/or imported+consumed SOURCE_EXACT contract applies to both venues,False,True,True,4fc946b596d2095932637bc191f64c85d4bcd7d107c4598f7f20a2e00c447cf8
LOSS_EXIT_STOP_FUNCTIONS_KILL_ENABLED,CONNECTED_CRYPTO,True,False,BOTH,EXIT,REDUCE|STOP,native=3m;required=3m,N/A_NOT_CONNECTED,"[""close_{tf}"",""high_{tf}"",""low_{tf}""]","[""ANY_AVAILABLE""]",[],"[""v12_exit_reduce_gap_batch5:data/reports/V12_EXIT_REDUCE_STOP_GAP_BATCH5_CONTRACT.csv""]",trusted causal route is crypto-native/source-scoped; no Tradier connection credit,False,True,True,4fc946b596d2095932637bc191f64c85d4bcd7d107c4598f7f20a2e00c447cf8
LOSS_EXIT_TECHNICAL_BYPASS,REJECTED_INERT,False,False,BOTH,EXIT,,N/A_NOT_CONNECTED,N/A_NOT_CONNECTED,"[""close_{tf}"",""high_{tf}"",""low_{tf}""]","[""ANY_AVAILABLE""]",[],[],v12_exit_reduce_gap_batch2=REJECTED_SOURCE_INERT,False,False,True,4fc946b596d2095932637bc191f64c85d4bcd7d107c4598f7f20a2e00c447cf8
LOSS_TECHNICAL_EXIT_NO_STALE_BLOCK,CONNECTED_BOTH,True,True,BOTH,EXIT,EXIT,native=3m,native=5m,"[""close_{tf}"",""high_{tf}"",""low_{tf}""]","[""ANY_AVAILABLE""]",[],"[""v12_exit_reduce_gap_batch2:data/reports/V12_EXIT_REDUCE_STOP_GAP_BATCH2_CONTRACT.csv""]",trusted direct lifecycle read and/or imported+consumed SOURCE_EXACT contract applies to both venues,False,False,True,4fc946b596d2095932637bc191f64c85d4bcd7d107c4598f7f20a2e00c447cf8
LR_BAND_E02_EXIT_ENABLED,CONNECTED_BOTH,True,True,BOTH,LR_BAND_E02,EXIT|REENTRY|STOP,native=3m;required=4h,native=5m;required=4h,"[""close_{tf}"",""high_{tf}"",""low_{tf}"",""lr_pct_b_{tf}"",""lr_slope_{tf}""]","[""ANY_AVAILABLE""]",[],"[""v12_exit_reduce_gap_batch5:data/reports/V12_EXIT_REDUCE_STOP_GAP_BATCH5_CONTRACT.csv""]",trusted direct lifecycle read and/or imported+consumed SOURCE_EXACT contract applies to both venues,False,True,True,4fc946b596d2095932637bc191f64c85d4bcd7d107c4598f7f20a2e00c447cf8
LR_BAND_LADDER_BASE_UNIT_USD,UNCONNECTED,False,False,BOTH,LR_BAND_LADDER,,N/A_NOT_CONNECTED,N/A_NOT_CONNECTED,"[""lr_pct_b_{tf}"",""lr_slope_{tf}""]","[""ANY_AVAILABLE""]",[],[],no trusted frozen-engine lifecycle read and no imported+consumed SOURCE_EXACT contract,False,True,True,4fc946b596d2095932637bc191f64c85d4bcd7d107c4598f7f20a2e00c447cf8
LR_BAND_LADDER_CAPACITY_USD,UNCONNECTED,False,False,BOTH,LR_BAND_LADDER,,N/A_NOT_CONNECTED,N/A_NOT_CONNECTED,"[""lr_pct_b_{tf}"",""lr_slope_{tf}""]","[""ANY_AVAILABLE""]",[],[],no trusted frozen-engine lifecycle read and no imported+consumed SOURCE_EXACT contract,False,True,True,4fc946b596d2095932637bc191f64c85d4bcd7d107c4598f7f20a2e00c447cf8
LR_BAND_LADDER_ORDINARY_PARITY_ENABLED,UNCONNECTED,False,False,BOTH,LR_BAND_LADDER,,N/A_NOT_CONNECTED,N/A_NOT_CONNECTED,"[""lr_pct_b_{tf}"",""lr_slope_{tf}""]","[""ANY_AVAILABLE""]",[],[],no trusted frozen-engine lifecycle read and no imported+consumed SOURCE_EXACT contract,False,True,True,4fc946b596d2095932637bc191f64c85d4bcd7d107c4598f7f20a2e00c447cf8
LR_BAND_LADDER_STOCH_EXTREME,UNCONNECTED,False,False,BOTH,FILTER,,N/A_NOT_CONNECTED,N/A_NOT_CONNECTED,"[""lr_pct_b_{tf}"",""lr_slope_{tf}"",""stoch_d_{tf}"",""stoch_k_{tf}""]","[""ANY_AVAILABLE""]",[],[],no trusted frozen-engine lifecycle read and no imported+consumed SOURCE_EXACT contract,False,False,True,4fc946b596d2095932637bc191f64c85d4bcd7d107c4598f7f20a2e00c447cf8
LR_BAND_LADDER_TF_BOTTOM,UNCONNECTED,False,False,BOTH,FILTER,,N/A_NOT_CONNECTED,N/A_NOT_CONNECTED,"[""lr_pct_b_{tf}"",""lr_slope_{tf}""]","[""ANY_AVAILABLE""]",[],[],no trusted frozen-engine lifecycle read and no imported+consumed SOURCE_EXACT contract,False,True,False,4fc946b596d2095932637bc191f64c85d4bcd7d107c4598f7f20a2e00c447cf8
LR_BAND_LADDER_TF_TOP,UNCONNECTED,False,False,BOTH,FILTER,,N/A_NOT_CONNECTED,N/A_NOT_CONNECTED,"[""lr_pct_b_{tf}"",""lr_slope_{tf}""]","[""ANY_AVAILABLE""]",[],[],no trusted frozen-engine lifecycle read and no imported+consumed SOURCE_EXACT contract,False,True,False,4fc946b596d2095932637bc191f64c85d4bcd7d107c4598f7f20a2e00c447cf8
LR_BAND_LADDER_TRIGGER,UNCONNECTED,False,False,BOTH,ENTRY,,N/A_NOT_CONNECTED,N/A_NOT_CONNECTED,"[""close_{tf}"",""high_{tf}"",""low_{tf}"",""lr_pct_b_{tf}"",""lr_slope_{tf}""]","[""ANY_AVAILABLE""]",[],[],no trusted frozen-engine lifecycle read and no imported+consumed SOURCE_EXACT contract,False,False,False,4fc946b596d2095932637bc191f64c85d4bcd7d107c4598f7f20a2e00c447cf8
LR_BAND_READD_LO,UNCONNECTED,False,False,BOTH,LR_BAND_READD,,N/A_NOT_CONNECTED,N/A_NOT_CONNECTED,"[""lr_pct_b_{tf}"",""lr_slope_{tf}""]","[""ANY_AVAILABLE""]",[],[],no trusted frozen-engine lifecycle read and no imported+consumed SOURCE_EXACT contract,False,False,False,4fc946b596d2095932637bc191f64c85d4bcd7d107c4598f7f20a2e00c447cf8
LR_CHANNEL_LONG_LENGTHS,UNCONNECTED,False,False,BOTH,LR_CHANNEL_LONG,,N/A_NOT_CONNECTED,N/A_NOT_CONNECTED,"[""lr_pct_b_{tf}"",""lr_slope_{tf}""]","[""ANY_AVAILABLE""]",[],[],no trusted frozen-engine lifecycle read and no imported+consumed SOURCE_EXACT contract,False,False,True,4fc946b596d2095932637bc191f64c85d4bcd7d107c4598f7f20a2e00c447cf8
LS_RATIO_CONTRARIAN_ENABLED,UNCONNECTED,False,False,BOTH,LS_RATIO_CONTRARIAN,,N/A_NOT_CONNECTED,N/A_NOT_CONNECTED,[],"[""ANY_AVAILABLE""]",[],[],no trusted frozen-engine lifecycle read and no imported+consumed SOURCE_EXACT contract,False,True,False,4fc946b596d2095932637bc191f64c85d4bcd7d107c4598f7f20a2e00c447cf8
LS_RATIO_ENFORCE,UNCONNECTED,False,False,BOTH,GLOBAL,,N/A_NOT_CONNECTED,N/A_NOT_CONNECTED,[],"[""ANY_AVAILABLE""]",[],[],no trusted frozen-engine lifecycle read and no imported+consumed SOURCE_EXACT contract,False,False,True,4fc946b596d2095932637bc191f64c85d4bcd7d107c4598f7f20a2e00c447cf8
LS_RATIO_EXTREME_THRESHOLD,UNCONNECTED,False,False,BOTH,LS_RATIO_EXTREME,,N/A_NOT_CONNECTED,N/A_NOT_CONNECTED,[],"[""ANY_AVAILABLE""]",[],[],no trusted frozen-engine lifecycle read and no imported+consumed SOURCE_EXACT contract,False,False,False,4fc946b596d2095932637bc191f64c85d4bcd7d107c4598f7f20a2e00c447cf8
LS_RATIO_HARD_MAX,UNCONNECTED,False,False,BOTH,GLOBAL,,N/A_NOT_CONNECTED,N/A_NOT_CONNECTED,[],"[""ANY_AVAILABLE""]",[],[],no trusted frozen-engine lifecycle read and no imported+consumed SOURCE_EXACT contract,False,False,True,4fc946b596d2095932637bc191f64c85d4bcd7d107c4598f7f20a2e00c447cf8
LS_RATIO_HARD_MIN,UNCONNECTED,False,False,BOTH,GLOBAL,,N/A_NOT_CONNECTED,N/A_NOT_CONNECTED,[],"[""ANY_AVAILABLE""]",[],[],no trusted frozen-engine lifecycle read and no imported+consumed SOURCE_EXACT contract,False,False,True,4fc946b596d2095932637bc191f64c85d4bcd7d107c4598f7f20a2e00c447cf8
LS_RATIO_LOG_INTERVAL,UNCONNECTED,False,False,BOTH,GLOBAL,,N/A_NOT_CONNECTED,N/A_NOT_CONNECTED,[],"[""ANY_AVAILABLE""]",[],[],no trusted frozen-engine lifecycle read and no imported+consumed SOURCE_EXACT contract,False,False,True,4fc946b596d2095932637bc191f64c85d4bcd7d107c4598f7f20a2e00c447cf8
LS_RATIO_MAX,UNCONNECTED,False,False,BOTH,GLOBAL,,N/A_NOT_CONNECTED,N/A_NOT_CONNECTED,[],"[""ANY_AVAILABLE""]",[],[],no trusted frozen-engine lifecycle read and no imported+consumed SOURCE_EXACT contract,False,True,True,4fc946b596d2095932637bc191f64c85d4bcd7d107c4598f7f20a2e00c447cf8
LS_RATIO_MIN,UNCONNECTED,False,False,BOTH,GLOBAL,,N/A_NOT_CONNECTED,N/A_NOT_CONNECTED,[],"[""ANY_AVAILABLE""]",[],[],no trusted frozen-engine lifecycle read and no imported+consumed SOURCE_EXACT contract,False,True,True,4fc946b596d2095932637bc191f64c85d4bcd7d107c4598f7f20a2e00c447cf8
LS_RATIO_PENALTY,UNCONNECTED,False,False,BOTH,LS_RATIO_PENALTY,,N/A_NOT_CONNECTED,N/A_NOT_CONNECTED,[],"[""ANY_AVAILABLE""]",[],[],no trusted frozen-engine lifecycle read and no imported+consumed SOURCE_EXACT contract,False,False,False,4fc946b596d2095932637bc191f64c85d4bcd7d107c4598f7f20a2e00c447cf8
LS_RATIO_REBALANCE_THRESHOLD,UNCONNECTED,False,False,BOTH,LS_RATIO_REBALANCE,,N/A_NOT_CONNECTED,N/A_NOT_CONNECTED,[],"[""ANY_AVAILABLE""]",[],[],no trusted frozen-engine lifecycle read and no imported+consumed SOURCE_EXACT contract,False,False,False,4fc946b596d2095932637bc191f64c85d4bcd7d107c4598f7f20a2e00c447cf8
LTF_ALIGN_GATE_ENABLED,UNCONNECTED,False,False,BOTH,LTF_ALIGN_GATE,,N/A_NOT_CONNECTED,N/A_NOT_CONNECTED,[],"[""ANY_AVAILABLE""]",[],[],no trusted frozen-engine lifecycle read and no imported+consumed SOURCE_EXACT contract,False,False,False,4fc946b596d2095932637bc191f64c85d4bcd7d107c4598f7f20a2e00c447cf8
LT_SCORE_WEIGHT_HTF,UNCONNECTED,False,False,BOTH,LT_SCORE_WEIGHT,,N/A_NOT_CONNECTED,N/A_NOT_CONNECTED,[],"[""ANY_AVAILABLE""]",[],[],no trusted frozen-engine lifecycle read and no imported+consumed SOURCE_EXACT contract,False,False,False,4fc946b596d2095932637bc191f64c85d4bcd7d107c4598f7f20a2e00c447cf8
LT_TOP_SIZE,UNCONNECTED,False,False,BOTH,LT_TOP_SIZE,,N/A_NOT_CONNECTED,N/A_NOT_CONNECTED,[],"[""ANY_AVAILABLE""]",[],[],no trusted frozen-engine lifecycle read and no imported+consumed SOURCE_EXACT contract,False,False,False,4fc946b596d2095932637bc191f64c85d4bcd7d107c4598f7f20a2e00c447cf8
LUNCH_DEADZONE_MODE,UNCONNECTED,False,False,BOTH,LUNCH_DEADZONE_MODE,,N/A_NOT_CONNECTED,N/A_NOT_CONNECTED,[],"[""ANY_AVAILABLE""]",[],[],no trusted frozen-engine lifecycle read and no imported+consumed SOURCE_EXACT contract,False,False,True,4fc946b596d2095932637bc191f64c85d4bcd7d107c4598f7f20a2e00c447cf8
MACD_EXIT_ENABLED,CONNECTED_BOTH,True,True,BOTH,EXIT,EXIT,native=3m,native=5m,"[""close_{tf}"",""high_{tf}"",""low_{tf}"",""macd_hist_{tf}"",""macd_signal_{tf}"",""macd_{tf}""]","[""ANY_AVAILABLE""]",[],"[""v12_exit_reduce_gap_batch2:data/reports/V12_EXIT_REDUCE_STOP_GAP_BATCH2_CONTRACT.csv""]",trusted direct lifecycle read and/or imported+consumed SOURCE_EXACT contract applies to both venues,False,True,True,4fc946b596d2095932637bc191f64c85d4bcd7d107c4598f7f20a2e00c447cf8
MACD_EXIT_MIN_GAIN,CONNECTED_BOTH,True,True,BOTH,EXIT,EXIT,native=3m,native=5m,"[""close_{tf}"",""high_{tf}"",""low_{tf}"",""macd_hist_{tf}"",""macd_signal_{tf}"",""macd_{tf}""]","[""ANY_AVAILABLE""]",[],"[""v12_exit_reduce_gap_batch2:data/reports/V12_EXIT_REDUCE_STOP_GAP_BATCH2_CONTRACT.csv""]",trusted direct lifecycle read and/or imported+consumed SOURCE_EXACT contract applies to both venues,False,False,True,4fc946b596d2095932637bc191f64c85d4bcd7d107c4598f7f20a2e00c447cf8
MACD_EXIT_TF,CONNECTED_BOTH,True,True,BOTH,EXIT,EXIT,native=3m;required=15m,native=5m;required=15m,"[""close_15m"",""high_15m"",""low_15m"",""macd_15m"",""macd_hist_15m"",""macd_signal_15m""]","[""15m""]",[],"[""v12_exit_reduce_gap_batch2:data/reports/V12_EXIT_REDUCE_STOP_GAP_BATCH2_CONTRACT.csv""]",trusted direct lifecycle read and/or imported+consumed SOURCE_EXACT contract applies to both venues,False,False,True,4fc946b596d2095932637bc191f64c85d4bcd7d107c4598f7f20a2e00c447cf8
MACD_ZERO_CROSS_ENABLED,CONNECTED_BOTH,True,True,BOTH,ENTRY,ENTRY|REENTRY,native=3m,native=5m,"[""close_{tf}"",""high_{tf}"",""low_{tf}"",""macd_hist_{tf}"",""macd_signal_{tf}"",""macd_{tf}""]","[""ANY_AVAILABLE""]","[""v12_quick_engine.py:5699:compute_reentry_blocks""]",[],trusted direct lifecycle read and/or imported+consumed SOURCE_EXACT contract applies to both venues,True,True,True,4fc946b596d2095932637bc191f64c85d4bcd7d107c4598f7f20a2e00c447cf8
MACD_ZERO_CROSS_SCORE,CONNECTED_BOTH,True,True,BOTH,ENTRY,ENTRY|REENTRY,native=3m,native=5m,"[""close_{tf}"",""high_{tf}"",""low_{tf}"",""macd_hist_{tf}"",""macd_signal_{tf}"",""macd_{tf}""]","[""ANY_AVAILABLE""]","[""v12_quick_engine.py:6344:_combine_entry_blocks""]",[],trusted direct lifecycle read and/or imported+consumed SOURCE_EXACT contract applies to both venues,True,True,True,4fc946b596d2095932637bc191f64c85d4bcd7d107c4598f7f20a2e00c447cf8
MACD_ZERO_CROSS_TF,CONNECTED_BOTH,True,True,BOTH,ENTRY,ENTRY|REENTRY,native=3m;required=1h,native=5m;required=1h,"[""close_1h"",""high_1h"",""low_1h"",""macd_1h"",""macd_hist_1h"",""macd_signal_1h""]","[""1h""]","[""v12_quick_engine.py:5700:compute_reentry_blocks""]",[],trusted direct lifecycle read and/or imported+consumed SOURCE_EXACT contract applies to both venues,True,True,True,4fc946b596d2095932637bc191f64c85d4bcd7d107c4598f7f20a2e00c447cf8
MACRO_BLACKOUT_SIZE_MULT,UNCONNECTED,False,False,BOTH,MACRO_BLACKOUT_SIZE,,N/A_NOT_CONNECTED,N/A_NOT_CONNECTED,[],"[""ANY_AVAILABLE""]",[],[],no trusted frozen-engine lifecycle read and no imported+consumed SOURCE_EXACT contract,False,False,False,4fc946b596d2095932637bc191f64c85d4bcd7d107c4598f7f20a2e00c447cf8
MANDATORY_HEDGE_GAIN_THRESHOLD_PCT,CONNECTED_BOTH,True,True,BOTH,MANDATORY_HEDGE_GAIN,EXIT|HEDGE|STOP,native=3m;required=15m|1h|4h|D,native=5m;required=15m|1h|4h|D,[],"[""ANY_AVAILABLE""]",[],"[""v12_exit_reduce_gap_batch3:data/reports/V12_EXIT_REDUCE_STOP_GAP_BATCH3_CONTRACT.csv""]",trusted direct lifecycle read and/or imported+consumed SOURCE_EXACT contract applies to both venues,False,False,True,4fc946b596d2095932637bc191f64c85d4bcd7d107c4598f7f20a2e00c447cf8
MANDATORY_HEDGE_HARD_THRESHOLD_PCT,UNCONNECTED,False,False,BOTH,MANDATORY_HEDGE_HARD,,N/A_NOT_CONNECTED,N/A_NOT_CONNECTED,[],"[""ANY_AVAILABLE""]",[],[],no trusted frozen-engine lifecycle read and no imported+consumed SOURCE_EXACT contract,False,False,False,4fc946b596d2095932637bc191f64c85d4bcd7d107c4598f7f20a2e00c447cf8
MANDATORY_HEDGE_ON_NEGATIVE_ENABLED,UNCONNECTED,False,False,BOTH,MANDATORY_HEDGE_ON,,N/A_NOT_CONNECTED,N/A_NOT_CONNECTED,[],"[""ANY_AVAILABLE""]",[],[],no trusted frozen-engine lifecycle read and no imported+consumed SOURCE_EXACT contract,False,True,False,4fc946b596d2095932637bc191f64c85d4bcd7d107c4598f7f20a2e00c447cf8
MANDATORY_PRICE_CROSS_EPQ_ENABLED,DEFERRED,False,False,BOTH,ENTRY,,N/A_NOT_CONNECTED,N/A_NOT_CONNECTED,"[""close_{tf}"",""high_{tf}"",""low_{tf}""]","[""ANY_AVAILABLE""]",[],[],blocked=PATTERN_ONLY_EXACT_ARRAY_BINDING_NOT_PROVEN;next_100_contract=NOT_INTEGRATED,False,True,True,4fc946b596d2095932637bc191f64c85d4bcd7d107c4598f7f20a2e00c447cf8
MANDATORY_REENTRY_ALLOW_WT0_STRONG_CROSS,CONNECTED_CRYPTO,True,False,BOTH,REENTRY,REENTRY,native=3m;required=3m,N/A_NOT_CONNECTED,"[""close_{tf}"",""high_{tf}"",""low_{tf}"",""wt1_{tf}"",""wt2_{tf}""]","[""ANY_AVAILABLE""]",[],"[""v12_reentry_augment_gap_batch:data/reports/V12_REENTRY_AUGMENT_GAP_BATCH_CONTRACT.csv""]",trusted causal route is crypto-native/source-scoped; no Tradier connection credit,False,False,True,4fc946b596d2095932637bc191f64c85d4bcd7d107c4598f7f20a2e00c447cf8
MANDATORY_REENTRY_K_HIGH_BLOCK,CONNECTED_CRYPTO,True,False,BOTH,REENTRY,REENTRY,native=3m;required=3m,N/A_NOT_CONNECTED,"[""close_{tf}"",""high_{tf}"",""low_{tf}""]","[""ANY_AVAILABLE""]",[],"[""v12_reentry_augment_gap_batch:data/reports/V12_REENTRY_AUGMENT_GAP_BATCH_CONTRACT.csv""]",trusted causal route is crypto-native/source-scoped; no Tradier connection credit,False,False,True,4fc946b596d2095932637bc191f64c85d4bcd7d107c4598f7f20a2e00c447cf8
MANDATORY_REENTRY_K_LOW_BLOCK,CONNECTED_CRYPTO,True,False,BOTH,REENTRY,REENTRY,native=3m;required=3m,N/A_NOT_CONNECTED,"[""close_{tf}"",""high_{tf}"",""low_{tf}""]","[""ANY_AVAILABLE""]",[],"[""v12_reentry_augment_gap_batch:data/reports/V12_REENTRY_AUGMENT_GAP_BATCH_CONTRACT.csv""]",trusted causal route is crypto-native/source-scoped; no Tradier connection credit,False,False,True,4fc946b596d2095932637bc191f64c85d4bcd7d107c4598f7f20a2e00c447cf8
MANDATORY_REENTRY_MIN_WT_AGREE,UNCONNECTED,False,False,BOTH,MANDATORY_REENTRY_MIN,,N/A_NOT_CONNECTED,N/A_NOT_CONNECTED,"[""close_{tf}"",""high_{tf}"",""low_{tf}"",""wt1_{tf}"",""wt2_{tf}""]","[""ANY_AVAILABLE""]",[],[],no trusted frozen-engine lifecycle read and no imported+consumed SOURCE_EXACT contract,False,False,False,4fc946b596d2095932637bc191f64c85d4bcd7d107c4598f7f20a2e00c447cf8
MANDATORY_REENTRY_REQUIRE_K_NOT_EXTREME,CONNECTED_CRYPTO,True,False,BOTH,REENTRY,REENTRY,native=3m;required=3m,N/A_NOT_CONNECTED,"[""close_{tf}"",""high_{tf}"",""low_{tf}""]","[""ANY_AVAILABLE""]",[],"[""v12_reentry_augment_gap_batch:data/reports/V12_REENTRY_AUGMENT_GAP_BATCH_CONTRACT.csv""]",trusted causal route is crypto-native/source-scoped; no Tradier connection credit,False,False,True,4fc946b596d2095932637bc191f64c85d4bcd7d107c4598f7f20a2e00c447cf8
MANDATORY_REENTRY_WT_FILTER_MIN_TFS,CONNECTED_TRADIER,False,True,BOTH,MANDATORY_REENTRY_WT,REENTRY,N/A_NOT_CONNECTED,native=5m;required=15m,"[""close_{tf}"",""high_{tf}"",""low_{tf}"",""wt1_{tf}"",""wt2_{tf}""]","[""ANY_AVAILABLE""]",[],"[""v12_reentry_augment_gap_batch:data/reports/V12_REENTRY_AUGMENT_GAP_BATCH_CONTRACT.csv""]",trusted causal route is Tradier-native/source-scoped; no crypto connection credit,False,False,True,4fc946b596d2095932637bc191f64c85d4bcd7d107c4598f7f20a2e00c447cf8
MANDATORY_REENTRY_WT_FILTER_MIN_VELOCITY,CONNECTED_TRADIER,False,True,BOTH,MANDATORY_REENTRY_WT,REENTRY,N/A_NOT_CONNECTED,native=5m;required=15m,"[""close_{tf}"",""high_{tf}"",""low_{tf}"",""wt1_{tf}"",""wt2_{tf}""]","[""ANY_AVAILABLE""]",[],"[""v12_reentry_augment_gap_batch:data/reports/V12_REENTRY_AUGMENT_GAP_BATCH_CONTRACT.csv""]",trusted causal route is Tradier-native/source-scoped; no crypto connection credit,False,False,True,4fc946b596d2095932637bc191f64c85d4bcd7d107c4598f7f20a2e00c447cf8
MANDATORY_REENTRY_WT_FILTER_REQUIRE_FLIP,CONNECTED_TRADIER,False,True,BOTH,MANDATORY_REENTRY_WT,REENTRY,N/A_NOT_CONNECTED,native=5m;required=15m,"[""close_{tf}"",""high_{tf}"",""low_{tf}"",""wt1_{tf}"",""wt2_{tf}""]","[""ANY_AVAILABLE""]",[],"[""v12_reentry_augment_gap_batch:data/reports/V12_REENTRY_AUGMENT_GAP_BATCH_CONTRACT.csv""]",trusted causal route is Tradier-native/source-scoped; no crypto connection credit,False,False,True,4fc946b596d2095932637bc191f64c85d4bcd7d107c4598f7f20a2e00c447cf8
MANDATORY_REENTRY_WT_FILTER_TF_MODE,CONNECTED_TRADIER,False,True,BOTH,MANDATORY_REENTRY_WT,REENTRY,N/A_NOT_CONNECTED,native=5m;required=15m,"[""close_{tf}"",""high_{tf}"",""low_{tf}"",""wt1_{tf}"",""wt2_{tf}""]","[""ANY_AVAILABLE""]",[],"[""v12_reentry_augment_gap_batch:data/reports/V12_REENTRY_AUGMENT_GAP_BATCH_CONTRACT.csv""]",trusted causal route is Tradier-native/source-scoped; no crypto connection credit,False,False,True,4fc946b596d2095932637bc191f64c85d4bcd7d107c4598f7f20a2e00c447cf8
MANDATORY_REENTRY_WT_FILTER_VELOCITY_RATIO,CONNECTED_TRADIER,False,True,BOTH,MANDATORY_REENTRY_WT,REENTRY,N/A_NOT_CONNECTED,native=5m;required=15m,"[""close_{tf}"",""high_{tf}"",""low_{tf}"",""wt1_{tf}"",""wt2_{tf}""]","[""ANY_AVAILABLE""]",[],"[""v12_reentry_augment_gap_batch:data/reports/V12_REENTRY_AUGMENT_GAP_BATCH_CONTRACT.csv""]",trusted causal route is Tradier-native/source-scoped; no crypto connection credit,False,False,True,4fc946b596d2095932637bc191f64c85d4bcd7d107c4598f7f20a2e00c447cf8
MIN_HOLD_MINUTES,UNCONNECTED,False,False,BOTH,MIN_HOLD_MINUTES,,N/A_NOT_CONNECTED,N/A_NOT_CONNECTED,[],"[""ANY_AVAILABLE""]",[],[],no trusted frozen-engine lifecycle read and no imported+consumed SOURCE_EXACT contract,False,False,False,4fc946b596d2095932637bc191f64c85d4bcd7d107c4598f7f20a2e00c447cf8
MIN_HOLD_MINUTES_CRYPTO,VENUE_SPECIFIC_BY_SOURCE,False,False,CRYPTO,MIN_HOLD_MINUTES,,N/A_NOT_CONNECTED,N/A_NOT_CONNECTED,[],"[""ANY_AVAILABLE""]",[],[],source scope is CRYPTO; no trusted frozen-engine causal integration,False,True,False,4fc946b596d2095932637bc191f64c85d4bcd7d107c4598f7f20a2e00c447cf8
MIN_QTY_FILE,UNCONNECTED,False,False,BOTH,SIZING,,N/A_NOT_CONNECTED,N/A_NOT_CONNECTED,[],"[""ANY_AVAILABLE""]",[],[],no trusted frozen-engine lifecycle read and no imported+consumed SOURCE_EXACT contract,False,False,True,4fc946b596d2095932637bc191f64c85d4bcd7d107c4598f7f20a2e00c447cf8
MIN_TFS_AGREE,UNCONNECTED,False,False,BOTH,MIN_TFS_AGREE,,N/A_NOT_CONNECTED,N/A_NOT_CONNECTED,[],"[""ANY_AVAILABLE""]",[],[],no trusted frozen-engine lifecycle read and no imported+consumed SOURCE_EXACT contract,False,False,False,4fc946b596d2095932637bc191f64c85d4bcd7d107c4598f7f20a2e00c447cf8
MIN_TFS_AGREE_ENTRY,UNCONNECTED,False,False,BOTH,MIN_TFS_AGREE,,N/A_NOT_CONNECTED,N/A_NOT_CONNECTED,"[""close_{tf}"",""high_{tf}"",""low_{tf}""]","[""ANY_AVAILABLE""]",[],[],no trusted frozen-engine lifecycle read and no imported+consumed SOURCE_EXACT contract,False,False,False,4fc946b596d2095932637bc191f64c85d4bcd7d107c4598f7f20a2e00c447cf8
MIN_TFS_AGREE_EXIT,UNCONNECTED,False,False,BOTH,MIN_TFS_AGREE,,N/A_NOT_CONNECTED,N/A_NOT_CONNECTED,"[""close_{tf}"",""high_{tf}"",""low_{tf}""]","[""ANY_AVAILABLE""]",[],[],no trusted frozen-engine lifecycle read and no imported+consumed SOURCE_EXACT contract,False,False,False,4fc946b596d2095932637bc191f64c85d4bcd7d107c4598f7f20a2e00c447cf8
MIN_TFS_AGREE_REENTRY,UNCONNECTED,False,False,BOTH,MIN_TFS_AGREE,,N/A_NOT_CONNECTED,N/A_NOT_CONNECTED,"[""close_{tf}"",""high_{tf}"",""low_{tf}""]","[""ANY_AVAILABLE""]",[],[],no trusted frozen-engine lifecycle read and no imported+consumed SOURCE_EXACT contract,False,False,False,4fc946b596d2095932637bc191f64c85d4bcd7d107c4598f7f20a2e00c447cf8
MIN_USD_DELTA_CONFIRM,UNCONNECTED,False,False,BOTH,MIN_USD_DELTA,,N/A_NOT_CONNECTED,N/A_NOT_CONNECTED,[],"[""ANY_AVAILABLE""]",[],[],no trusted frozen-engine lifecycle read and no imported+consumed SOURCE_EXACT contract,False,False,False,4fc946b596d2095932637bc191f64c85d4bcd7d107c4598f7f20a2e00c447cf8
MI_DIV_EXIT_ENABLED,CONNECTED_BOTH,True,True,BOTH,EXIT,EXIT,native=3m,native=5m,"[""close_{tf}"",""high_{tf}"",""low_{tf}""]","[""ANY_AVAILABLE""]",[],"[""v12_exit_reduce_gap_batch2:data/reports/V12_EXIT_REDUCE_STOP_GAP_BATCH2_CONTRACT.csv""]",trusted direct lifecycle read and/or imported+consumed SOURCE_EXACT contract applies to both venues,False,True,True,4fc946b596d2095932637bc191f64c85d4bcd7d107c4598f7f20a2e00c447cf8
MI_ENTRY_ENABLED,CONNECTED_BOTH,True,True,BOTH,ENTRY,ENTRY|REENTRY,native=3m,native=5m,"[""close_{tf}"",""high_{tf}"",""low_{tf}""]","[""ANY_AVAILABLE""]","[""v12_quick_engine.py:6671:_exact_entry_contract_masks""]",[],trusted direct lifecycle read and/or imported+consumed SOURCE_EXACT contract applies to both venues,False,True,True,4fc946b596d2095932637bc191f64c85d4bcd7d107c4598f7f20a2e00c447cf8
MI_ENTRY_EXHAUST_BONUS,CONNECTED_BOTH,True,True,BOTH,ENTRY,ENTRY|REENTRY,native=3m,native=5m,"[""close_{tf}"",""high_{tf}"",""low_{tf}""]","[""ANY_AVAILABLE""]","[""v12_quick_engine.py:6682:_exact_entry_contract_masks"",""v12_quick_engine.py:6685:_exact_entry_contract_masks""]",[],trusted direct lifecycle read and/or imported+consumed SOURCE_EXACT contract applies to both venues,False,False,True,4fc946b596d2095932637bc191f64c85d4bcd7d107c4598f7f20a2e00c447cf8
MI_ENTRY_STRUCT_BONUS,CONNECTED_BOTH,True,True,BOTH,ENTRY,ENTRY|REENTRY,native=3m,native=5m,"[""close_{tf}"",""high_{tf}"",""low_{tf}""]","[""ANY_AVAILABLE""]","[""v12_quick_engine.py:6677:_exact_entry_contract_masks""]",[],trusted direct lifecycle read and/or imported+consumed SOURCE_EXACT contract applies to both venues,False,False,True,4fc946b596d2095932637bc191f64c85d4bcd7d107c4598f7f20a2e00c447cf8
MI_EXHAUST_EXIT_ENABLED,CONNECTED_BOTH,True,True,BOTH,EXIT,EXIT,native=3m,native=5m,"[""close_{tf}"",""high_{tf}"",""low_{tf}""]","[""ANY_AVAILABLE""]",[],"[""v12_exit_reduce_gap_batch2:data/reports/V12_EXIT_REDUCE_STOP_GAP_BATCH2_CONTRACT.csv""]",trusted direct lifecycle read and/or imported+consumed SOURCE_EXACT contract applies to both venues,False,True,True,4fc946b596d2095932637bc191f64c85d4bcd7d107c4598f7f20a2e00c447cf8
MI_MIN_GAIN_EXIT,CONNECTED_BOTH,True,True,BOTH,EXIT,EXIT,native=3m,native=5m,"[""close_{tf}"",""high_{tf}"",""low_{tf}""]","[""ANY_AVAILABLE""]",[],"[""v12_exit_reduce_gap_batch2:data/reports/V12_EXIT_REDUCE_STOP_GAP_BATCH2_CONTRACT.csv""]",trusted direct lifecycle read and/or imported+consumed SOURCE_EXACT contract applies to both venues,False,False,True,4fc946b596d2095932637bc191f64c85d4bcd7d107c4598f7f20a2e00c447cf8
MI_STRUCT_EXIT_ENABLED,CONNECTED_BOTH,True,True,BOTH,EXIT,EXIT,native=3m,native=5m,"[""close_{tf}"",""high_{tf}"",""low_{tf}""]","[""ANY_AVAILABLE""]",[],"[""v12_exit_reduce_gap_batch2:data/reports/V12_EXIT_REDUCE_STOP_GAP_BATCH2_CONTRACT.csv""]",trusted direct lifecycle read and/or imported+consumed SOURCE_EXACT contract applies to both venues,False,True,True,4fc946b596d2095932637bc191f64c85d4bcd7d107c4598f7f20a2e00c447cf8
MI_TF_AGREE_MIN,UNCONNECTED,False,False,BOTH,FILTER,,N/A_NOT_CONNECTED,N/A_NOT_CONNECTED,[],"[""ANY_AVAILABLE""]",[],[],no trusted frozen-engine lifecycle read and no imported+consumed SOURCE_EXACT contract,False,False,True,4fc946b596d2095932637bc191f64c85d4bcd7d107c4598f7f20a2e00c447cf8
MI_TF_AGREE_MIN_TRADIER,VENUE_SPECIFIC_BY_SOURCE,False,False,TRADIER,MI_TF_AGREE,,N/A_NOT_CONNECTED,N/A_NOT_CONNECTED,[],"[""ANY_AVAILABLE""]",[],[],source scope is TRADIER; no trusted frozen-engine causal integration,False,False,True,4fc946b596d2095932637bc191f64c85d4bcd7d107c4598f7f20a2e00c447cf8
MI_VELOCITY_EXIT_ENABLED,CONNECTED_BOTH,True,True,BOTH,EXIT,EXIT,native=3m,native=5m,"[""close_{tf}"",""high_{tf}"",""low_{tf}""]","[""ANY_AVAILABLE""]",[],"[""v12_exit_reduce_gap_batch2:data/reports/V12_EXIT_REDUCE_STOP_GAP_BATCH2_CONTRACT.csv""]",trusted direct lifecycle read and/or imported+consumed SOURCE_EXACT contract applies to both venues,False,True,True,4fc946b596d2095932637bc191f64c85d4bcd7d107c4598f7f20a2e00c447cf8
MI_WAVE_EXIT_ENABLED,CONNECTED_BOTH,True,True,BOTH,EXIT,EXIT,native=3m,native=5m,"[""close_{tf}"",""high_{tf}"",""low_{tf}""]","[""ANY_AVAILABLE""]",[],"[""v12_exit_reduce_gap_batch2:data/reports/V12_EXIT_REDUCE_STOP_GAP_BATCH2_CONTRACT.csv""]",trusted direct lifecycle read and/or imported+consumed SOURCE_EXACT contract applies to both venues,False,True,True,4fc946b596d2095932637bc191f64c85d4bcd7d107c4598f7f20a2e00c447cf8
MOM3_ENABLED,UNCONNECTED,False,False,BOTH,VEC_MOM3,,N/A_NOT_CONNECTED,N/A_NOT_CONNECTED,[],"[""ANY_AVAILABLE""]",[],[],no trusted frozen-engine lifecycle read and no imported+consumed SOURCE_EXACT contract,False,False,False,4fc946b596d2095932637bc191f64c85d4bcd7d107c4598f7f20a2e00c447cf8
MOM3_FILTER_TF,UNCONNECTED,False,False,BOTH,VEC_MOM3,,N/A_NOT_CONNECTED,N/A_NOT_CONNECTED,[],"[""1m"",""3m"",""15m"",""1h"",""4h"",""D""]",[],[],no trusted frozen-engine lifecycle read and no imported+consumed SOURCE_EXACT contract,False,False,False,4fc946b596d2095932637bc191f64c85d4bcd7d107c4598f7f20a2e00c447cf8
MOM3_GATE_REQUIRED,UNCONNECTED,False,False,BOTH,MOM3_GATE_REQUIRED,,N/A_NOT_CONNECTED,N/A_NOT_CONNECTED,[],"[""ANY_AVAILABLE""]",[],[],no trusted frozen-engine lifecycle read and no imported+consumed SOURCE_EXACT contract,False,False,False,4fc946b596d2095932637bc191f64c85d4bcd7d107c4598f7f20a2e00c447cf8
MOM3_MIN_TFS,UNCONNECTED,False,False,BOTH,VEC_MOM3,,N/A_NOT_CONNECTED,N/A_NOT_CONNECTED,[],"[""ANY_AVAILABLE""]",[],[],no trusted frozen-engine lifecycle read and no imported+consumed SOURCE_EXACT contract,False,False,False,4fc946b596d2095932637bc191f64c85d4bcd7d107c4598f7f20a2e00c447cf8
MOM4S_S_ACCOUNTS,UNCONNECTED,False,False,BOTH,MOM4S_S_ACCOUNTS,,N/A_NOT_CONNECTED,N/A_NOT_CONNECTED,[],"[""ANY_AVAILABLE""]",[],[],no trusted frozen-engine lifecycle read and no imported+consumed SOURCE_EXACT contract,False,False,False,4fc946b596d2095932637bc191f64c85d4bcd7d107c4598f7f20a2e00c447cf8
MOM4S_S_GATE_ENABLED,UNCONNECTED,False,False,BOTH,MOM4S_S_GATE,,N/A_NOT_CONNECTED,N/A_NOT_CONNECTED,[],"[""ANY_AVAILABLE""]",[],[],no trusted frozen-engine lifecycle read and no imported+consumed SOURCE_EXACT contract,False,True,False,4fc946b596d2095932637bc191f64c85d4bcd7d107c4598f7f20a2e00c447cf8
MOM5_TRENDER_L_ACCOUNTS,UNCONNECTED,False,False,BOTH,MOM5_TRENDER_L,,N/A_NOT_CONNECTED,N/A_NOT_CONNECTED,[],"[""ANY_AVAILABLE""]",[],[],no trusted frozen-engine lifecycle read and no imported+consumed SOURCE_EXACT contract,False,False,False,4fc946b596d2095932637bc191f64c85d4bcd7d107c4598f7f20a2e00c447cf8
MOM5_TRENDER_L_GATE_ENABLED,UNCONNECTED,False,False,BOTH,MOM5_TRENDER_L,,N/A_NOT_CONNECTED,N/A_NOT_CONNECTED,[],"[""ANY_AVAILABLE""]",[],[],no trusted frozen-engine lifecycle read and no imported+consumed SOURCE_EXACT contract,False,True,False,4fc946b596d2095932637bc191f64c85d4bcd7d107c4598f7f20a2e00c447cf8
MOMENTUM_BREAKOUT_ENABLED,DEFERRED,False,False,BOTH,ENTRY,,N/A_NOT_CONNECTED,N/A_NOT_CONNECTED,"[""close_{tf}"",""high_{tf}"",""low_{tf}""]","[""ANY_AVAILABLE""]",[],[],blocked=PATTERN_ONLY_EXACT_ARRAY_BINDING_NOT_PROVEN;next_100_contract=NOT_INTEGRATED,False,True,True,4fc946b596d2095932637bc191f64c85d4bcd7d107c4598f7f20a2e00c447cf8
MOMENTUM_BREAKOUT_FILTER_TF,UNCONNECTED,False,False,BOTH,VEC_MOMENTUM_BREAKOUT,,N/A_NOT_CONNECTED,N/A_NOT_CONNECTED,[],"[""1m"",""3m"",""15m"",""1h"",""4h"",""D""]",[],[],no trusted frozen-engine lifecycle read and no imported+consumed SOURCE_EXACT contract,False,False,False,4fc946b596d2095932637bc191f64c85d4bcd7d107c4598f7f20a2e00c447cf8
MOMENTUM_BREAKOUT_MIN_TFS,UNCONNECTED,False,False,BOTH,VEC_MOMENTUM_BREAKOUT,,N/A_NOT_CONNECTED,N/A_NOT_CONNECTED,[],"[""ANY_AVAILABLE""]",[],[],no trusted frozen-engine lifecycle read and no imported+consumed SOURCE_EXACT contract,False,False,False,4fc946b596d2095932637bc191f64c85d4bcd7d107c4598f7f20a2e00c447cf8
MOMENTUM_FADE_BODY_ATR_MIN,DEFERRED,False,False,BOTH,GLOBAL,,N/A_NOT_CONNECTED,N/A_NOT_CONNECTED,"[""atr_{tf}""]","[""ANY_AVAILABLE""]",[],[],v12_reentry_augment_filter_gap_batch9=SOURCE_EXACT_NOT_INTEGRATED,False,False,True,4fc946b596d2095932637bc191f64c85d4bcd7d107c4598f7f20a2e00c447cf8
MOMENTUM_FADE_ENABLED,DEFERRED,False,False,BOTH,GLOBAL,,N/A_NOT_CONNECTED,N/A_NOT_CONNECTED,[],"[""ANY_AVAILABLE""]",[],[],v12_reentry_augment_filter_gap_batch9=SOURCE_EXACT_NOT_INTEGRATED,False,True,True,4fc946b596d2095932637bc191f64c85d4bcd7d107c4598f7f20a2e00c447cf8
MOMENTUM_FADE_K_ZONE,DEFERRED,False,False,BOTH,GLOBAL,,N/A_NOT_CONNECTED,N/A_NOT_CONNECTED,"[""stoch_d_{tf}"",""stoch_k_{tf}""]","[""ANY_AVAILABLE""]",[],[],v12_reentry_augment_filter_gap_batch9=SOURCE_EXACT_NOT_INTEGRATED,False,False,True,4fc946b596d2095932637bc191f64c85d4bcd7d107c4598f7f20a2e00c447cf8
MOMENTUM_FADE_SCORE_BONUS,DEFERRED,False,False,BOTH,GLOBAL,,N/A_NOT_CONNECTED,N/A_NOT_CONNECTED,[],"[""ANY_AVAILABLE""]",[],[],v12_reentry_augment_filter_gap_batch9=SOURCE_EXACT_NOT_INTEGRATED,False,False,True,4fc946b596d2095932637bc191f64c85d4bcd7d107c4598f7f20a2e00c447cf8
MOMENTUM_FADE_VOL_MIN,DEFERRED,False,False,BOTH,GLOBAL,,N/A_NOT_CONNECTED,N/A_NOT_CONNECTED,"[""relative_volume_{tf}"",""volume_{tf}""]","[""ANY_AVAILABLE""]",[],[],v12_reentry_augment_filter_gap_batch9=SOURCE_EXACT_NOT_INTEGRATED,False,False,True,4fc946b596d2095932637bc191f64c85d4bcd7d107c4598f7f20a2e00c447cf8
MOMENTUM_RIDER_ACCOUNT,UNCONNECTED,False,False,BOTH,MOMENTUM_RIDER_ACCOUNT,,N/A_NOT_CONNECTED,N/A_NOT_CONNECTED,[],"[""ANY_AVAILABLE""]",[],[],no trusted frozen-engine lifecycle read and no imported+consumed SOURCE_EXACT contract,False,False,False,4fc946b596d2095932637bc191f64c85d4bcd7d107c4598f7f20a2e00c447cf8
MOMENTUM_RIDER_BASE_SIZE_USD,UNCONNECTED,False,False,BOTH,SIZING,,N/A_NOT_CONNECTED,N/A_NOT_CONNECTED,[],"[""ANY_AVAILABLE""]",[],[],no trusted frozen-engine lifecycle read and no imported+consumed SOURCE_EXACT contract,False,False,True,4fc946b596d2095932637bc191f64c85d4bcd7d107c4598f7f20a2e00c447cf8
MOMENTUM_RIDER_COOLDOWN,UNCONNECTED,False,False,BOTH,GLOBAL,,N/A_NOT_CONNECTED,N/A_NOT_CONNECTED,[],"[""ANY_AVAILABLE""]",[],[],no trusted frozen-engine lifecycle read and no imported+consumed SOURCE_EXACT contract,False,False,True,4fc946b596d2095932637bc191f64c85d4bcd7d107c4598f7f20a2e00c447cf8
MOMENTUM_RIDER_DC_WIDTH_MIN,UNCONNECTED,False,False,BOTH,GLOBAL,,N/A_NOT_CONNECTED,N/A_NOT_CONNECTED,"[""dc_basis_{tf}"",""dc_high_{tf}"",""dc_low_{tf}""]","[""ANY_AVAILABLE""]",[],[],no trusted frozen-engine lifecycle read and no imported+consumed SOURCE_EXACT contract,False,False,True,4fc946b596d2095932637bc191f64c85d4bcd7d107c4598f7f20a2e00c447cf8
MOMENTUM_RIDER_ENABLED,UNCONNECTED,False,False,BOTH,GLOBAL,,N/A_NOT_CONNECTED,N/A_NOT_CONNECTED,[],"[""ANY_AVAILABLE""]",[],[],no trusted frozen-engine lifecycle read and no imported+consumed SOURCE_EXACT contract,False,True,True,4fc946b596d2095932637bc191f64c85d4bcd7d107c4598f7f20a2e00c447cf8
MOMENTUM_RIDER_HEDGE_RATIO,DEFERRED,False,False,BOTH,MOMENTUM_RIDER_HEDGE,,N/A_NOT_CONNECTED,N/A_NOT_CONNECTED,[],"[""ANY_AVAILABLE""]",[],[],v12_exit_reduce_gap_batch8=SOURCE_EXACT_NOT_INTEGRATED,False,False,True,4fc946b596d2095932637bc191f64c85d4bcd7d107c4598f7f20a2e00c447cf8
MOMENTUM_RIDER_MAX_SIZE_USD,UNCONNECTED,False,False,BOTH,MOMENTUM_RIDER_MAX,,N/A_NOT_CONNECTED,N/A_NOT_CONNECTED,[],"[""ANY_AVAILABLE""]",[],[],no trusted frozen-engine lifecycle read and no imported+consumed SOURCE_EXACT contract,False,False,False,4fc946b596d2095932637bc191f64c85d4bcd7d107c4598f7f20a2e00c447cf8
MOMENTUM_RIDER_MAX_SYMBOLS,UNCONNECTED,False,False,BOTH,GLOBAL,,N/A_NOT_CONNECTED,N/A_NOT_CONNECTED,[],"[""ANY_AVAILABLE""]",[],[],no trusted frozen-engine lifecycle read and no imported+consumed SOURCE_EXACT contract,False,False,True,4fc946b596d2095932637bc191f64c85d4bcd7d107c4598f7f20a2e00c447cf8
MOMENTUM_RIDER_REL_VOL_MIN,UNCONNECTED,False,False,BOTH,GLOBAL,,N/A_NOT_CONNECTED,N/A_NOT_CONNECTED,"[""relative_volume_{tf}"",""volume_{tf}""]","[""ANY_AVAILABLE""]",[],[],no trusted frozen-engine lifecycle read and no imported+consumed SOURCE_EXACT contract,False,False,True,4fc946b596d2095932637bc191f64c85d4bcd7d107c4598f7f20a2e00c447cf8
MOMENTUM_RIDER_SCAN_INTERVAL,UNCONNECTED,False,False,BOTH,GLOBAL,,N/A_NOT_CONNECTED,N/A_NOT_CONNECTED,[],"[""ANY_AVAILABLE""]",[],[],no trusted frozen-engine lifecycle read and no imported+consumed SOURCE_EXACT contract,False,False,True,4fc946b596d2095932637bc191f64c85d4bcd7d107c4598f7f20a2e00c447cf8
MOMENTUM_SMA_WATCHDOG_COOLDOWN_S,UNCONNECTED,False,False,BOTH,GLOBAL,,N/A_NOT_CONNECTED,N/A_NOT_CONNECTED,"[""sma_{period}_{tf}""]","[""ANY_AVAILABLE""]",[],[],no trusted frozen-engine lifecycle read and no imported+consumed SOURCE_EXACT contract,False,False,True,4fc946b596d2095932637bc191f64c85d4bcd7d107c4598f7f20a2e00c447cf8
MOMENTUM_SMA_WATCHDOG_INTERVAL_S,UNCONNECTED,False,False,BOTH,GLOBAL,,N/A_NOT_CONNECTED,N/A_NOT_CONNECTED,"[""sma_{period}_{tf}""]","[""ANY_AVAILABLE""]",[],[],no trusted frozen-engine lifecycle read and no imported+consumed SOURCE_EXACT contract,False,False,True,4fc946b596d2095932637bc191f64c85d4bcd7d107c4598f7f20a2e00c447cf8
MOMENTUM_SMA_WATCHDOG_PCT,UNCONNECTED,False,False,BOTH,GLOBAL,,N/A_NOT_CONNECTED,N/A_NOT_CONNECTED,"[""sma_{period}_{tf}""]","[""ANY_AVAILABLE""]",[],[],no trusted frozen-engine lifecycle read and no imported+consumed SOURCE_EXACT contract,False,False,True,4fc946b596d2095932637bc191f64c85d4bcd7d107c4598f7f20a2e00c447cf8
MOMENTUM_SMA_WATCHDOG_WT_CAP,UNCONNECTED,False,False,BOTH,GLOBAL,,N/A_NOT_CONNECTED,N/A_NOT_CONNECTED,"[""sma_{period}_{tf}"",""wt1_{tf}"",""wt2_{tf}""]","[""ANY_AVAILABLE""]",[],[],no trusted frozen-engine lifecycle read and no imported+consumed SOURCE_EXACT contract,False,False,True,4fc946b596d2095932637bc191f64c85d4bcd7d107c4598f7f20a2e00c447cf8
MONITOR_REDUCTION_STALE_THRESHOLD,UNCONNECTED,False,False,BOTH,MONITOR_REDUCTION_STALE,,N/A_NOT_CONNECTED,N/A_NOT_CONNECTED,"[""close_{tf}"",""high_{tf}"",""low_{tf}""]","[""ANY_AVAILABLE""]",[],[],no trusted frozen-engine lifecycle read and no imported+consumed SOURCE_EXACT contract,False,False,False,4fc946b596d2095932637bc191f64c85d4bcd7d107c4598f7f20a2e00c447cf8
MTF_ARMED_BANDTYPES,CONNECTED_BOTH,True,True,BOTH,MTF_ARMED_BANDTYPES,AUGMENT|ENTRY,native=3m,native=5m,[],"[""ANY_AVAILABLE""]",[],"[""v12_reentry_augment_filter_gap_batch5:data/reports/V12_REENTRY_AUGMENT_FILTER_GAP_BATCH5_CONTRACT.csv""]",trusted direct lifecycle read and/or imported+consumed SOURCE_EXACT contract applies to both venues,False,True,False,4fc946b596d2095932637bc191f64c85d4bcd7d107c4598f7f20a2e00c447cf8
MTF_ARMED_ENTRIES_ENABLED,UNCONNECTED,False,False,BOTH,VEC_MTF_ARMED_ENTRIES,,N/A_NOT_CONNECTED,N/A_NOT_CONNECTED,[],"[""ANY_AVAILABLE""]",[],[],no trusted frozen-engine lifecycle read and no imported+consumed SOURCE_EXACT contract,False,False,False,4fc946b596d2095932637bc191f64c85d4bcd7d107c4598f7f20a2e00c447cf8
MTF_ARMED_ENTRIES_FILTER_TF,UNCONNECTED,False,False,BOTH,VEC_MTF_ARMED_ENTRIES,,N/A_NOT_CONNECTED,N/A_NOT_CONNECTED,[],"[""1m"",""3m"",""15m"",""1h"",""4h"",""D""]",[],[],no trusted frozen-engine lifecycle read and no imported+consumed SOURCE_EXACT contract,False,False,False,4fc946b596d2095932637bc191f64c85d4bcd7d107c4598f7f20a2e00c447cf8
MTF_ARMED_ENTRIES_MIN_TFS,UNCONNECTED,False,False,BOTH,VEC_MTF_ARMED_ENTRIES,,N/A_NOT_CONNECTED,N/A_NOT_CONNECTED,[],"[""ANY_AVAILABLE""]",[],[],no trusted frozen-engine lifecycle read and no imported+consumed SOURCE_EXACT contract,False,False,False,4fc946b596d2095932637bc191f64c85d4bcd7d107c4598f7f20a2e00c447cf8
MTF_ARMED_HTF_LIST,CONNECTED_BOTH,True,True,BOTH,MTF_ARMED_HTF,AUGMENT|ENTRY,native=3m,native=5m,[],"[""ANY_AVAILABLE""]",[],"[""v12_reentry_augment_filter_gap_batch5:data/reports/V12_REENTRY_AUGMENT_FILTER_GAP_BATCH5_CONTRACT.csv""]",trusted direct lifecycle read and/or imported+consumed SOURCE_EXACT contract applies to both venues,False,True,False,4fc946b596d2095932637bc191f64c85d4bcd7d107c4598f7f20a2e00c447cf8
MTF_ARMED_WT_DIRECTION_SUSPEND_BREAKOUT_BYPASS,UNCONNECTED,False,False,BOTH,MTF_ARMED_WT,,N/A_NOT_CONNECTED,N/A_NOT_CONNECTED,"[""wt1_{tf}"",""wt2_{tf}""]","[""ANY_AVAILABLE""]",[],[],no trusted frozen-engine lifecycle read and no imported+consumed SOURCE_EXACT contract,False,False,False,4fc946b596d2095932637bc191f64c85d4bcd7d107c4598f7f20a2e00c447cf8
MTF_ARROW_SHORT_ENTRY_ENABLED,DEFERRED,False,False,BOTH,MTF_ARROW_SHORT,,N/A_NOT_CONNECTED,N/A_NOT_CONNECTED,"[""close_{tf}"",""high_{tf}"",""low_{tf}""]","[""ANY_AVAILABLE""]",[],[],blocked=PATTERN_ONLY_EXACT_ARRAY_BINDING_NOT_PROVEN;next_100_contract=NOT_INTEGRATED,False,True,True,4fc946b596d2095932637bc191f64c85d4bcd7d107c4598f7f20a2e00c447cf8
MTF_ARROW_SLOPE_NORM_PCT_DAY,UNCONNECTED,False,False,BOTH,MTF_ARROW_SLOPE,,N/A_NOT_CONNECTED,N/A_NOT_CONNECTED,[],"[""ANY_AVAILABLE""]",[],[],no trusted frozen-engine lifecycle read and no imported+consumed SOURCE_EXACT contract,False,False,False,4fc946b596d2095932637bc191f64c85d4bcd7d107c4598f7f20a2e00c447cf8
MTF_ARROW_THETA,UNCONNECTED,False,False,BOTH,MTF_ARROW_THETA,,N/A_NOT_CONNECTED,N/A_NOT_CONNECTED,[],"[""ANY_AVAILABLE""]",[],[],no trusted frozen-engine lifecycle read and no imported+consumed SOURCE_EXACT contract,False,False,True,4fc946b596d2095932637bc191f64c85d4bcd7d107c4598f7f20a2e00c447cf8
MTF_ARROW_WEIGHTS,UNCONNECTED,False,False,BOTH,SIZING,,N/A_NOT_CONNECTED,N/A_NOT_CONNECTED,[],"[""ANY_AVAILABLE""]",[],[],no trusted frozen-engine lifecycle read and no imported+consumed SOURCE_EXACT contract,False,False,True,4fc946b596d2095932637bc191f64c85d4bcd7d107c4598f7f20a2e00c447cf8
MTF_ATR_MULTITF_DIRECT_ENABLED,UNCONNECTED,False,False,BOTH,MTF_ATR_MULTITF,,N/A_NOT_CONNECTED,N/A_NOT_CONNECTED,"[""atr_{tf}""]","[""ANY_AVAILABLE""]",[],[],no trusted frozen-engine lifecycle read and no imported+consumed SOURCE_EXACT contract,False,True,False,4fc946b596d2095932637bc191f64c85d4bcd7d107c4598f7f20a2e00c447cf8
MTF_ATR_MULTITF_DIRECT_MIN_CONFIRMING_TFS,UNCONNECTED,False,False,BOTH,MTF_ATR_MULTITF,,N/A_NOT_CONNECTED,N/A_NOT_CONNECTED,"[""atr_{tf}""]","[""ANY_AVAILABLE""]",[],[],no trusted frozen-engine lifecycle read and no imported+consumed SOURCE_EXACT contract,False,False,False,4fc946b596d2095932637bc191f64c85d4bcd7d107c4598f7f20a2e00c447cf8
MTF_ATR_MULTITF_DIRECT_MIN_PROFIT_PCT,UNCONNECTED,False,False,BOTH,MTF_ATR_MULTITF,,N/A_NOT_CONNECTED,N/A_NOT_CONNECTED,"[""atr_{tf}""]","[""ANY_AVAILABLE""]",[],[],no trusted frozen-engine lifecycle read and no imported+consumed SOURCE_EXACT contract,False,False,False,4fc946b596d2095932637bc191f64c85d4bcd7d107c4598f7f20a2e00c447cf8
MTF_ATR_MULTITF_DIRECT_MULT,UNCONNECTED,False,False,BOTH,MTF_ATR_MULTITF,,N/A_NOT_CONNECTED,N/A_NOT_CONNECTED,"[""atr_{tf}""]","[""ANY_AVAILABLE""]",[],[],no trusted frozen-engine lifecycle read and no imported+consumed SOURCE_EXACT contract,False,False,False,4fc946b596d2095932637bc191f64c85d4bcd7d107c4598f7f20a2e00c447cf8
MTF_ATR_MULTITF_DIRECT_TIMEFRAMES,UNCONNECTED,False,False,BOTH,MTF_ATR_MULTITF,,N/A_NOT_CONNECTED,N/A_NOT_CONNECTED,"[""atr_{tf}""]","[""ANY_AVAILABLE""]",[],[],no trusted frozen-engine lifecycle read and no imported+consumed SOURCE_EXACT contract,False,False,False,4fc946b596d2095932637bc191f64c85d4bcd7d107c4598f7f20a2e00c447cf8
MTF_ATR_TRAIL_FILTER_TF,UNCONNECTED,False,False,BOTH,VEC_MTF_ATR_TRAIL,,N/A_NOT_CONNECTED,N/A_NOT_CONNECTED,"[""atr_15m"",""atr_1h"",""atr_1m"",""atr_3m"",""atr_4h"",""atr_D"",""close_15m"",""close_1h"",""close_1m"",""close_3m"",""close_4h"",""close_D"",""high_15m"",""high_1h"",""high_1m"",""high_3m"",""high_4h"",""high_D"",""low_15m"",""low_1h"",""low_1m"",""low_3m"",""low_4h"",""low_D""]","[""1m"",""3m"",""15m"",""1h"",""4h"",""D""]",[],[],no trusted frozen-engine lifecycle read and no imported+consumed SOURCE_EXACT contract,False,False,False,4fc946b596d2095932637bc191f64c85d4bcd7d107c4598f7f20a2e00c447cf8
MTF_ATR_TRAIL_MIN_TFS,UNCONNECTED,False,False,BOTH,VEC_MTF_ATR_TRAIL,,N/A_NOT_CONNECTED,N/A_NOT_CONNECTED,"[""atr_{tf}"",""close_{tf}"",""high_{tf}"",""low_{tf}""]","[""ANY_AVAILABLE""]",[],[],no trusted frozen-engine lifecycle read and no imported+consumed SOURCE_EXACT contract,False,False,False,4fc946b596d2095932637bc191f64c85d4bcd7d107c4598f7f20a2e00c447cf8
MTF_ATR_TRAIL_TF,CONNECTED_BOTH,True,True,BOTH,MTF_ATR_TRAIL,EXIT,native=3m;required=15m,native=5m;required=15m,"[""atr_15m"",""close_15m"",""high_15m"",""low_15m""]","[""15m""]",[],"[""v12_reentry_augment_filter_gap_batch5:data/reports/V12_REENTRY_AUGMENT_FILTER_GAP_BATCH5_CONTRACT.csv""]",trusted direct lifecycle read and/or imported+consumed SOURCE_EXACT contract applies to both venues,False,True,True,4fc946b596d2095932637bc191f64c85d4bcd7d107c4598f7f20a2e00c447cf8
MTF_ATR_TRAIL_TF_TRADIER,VENUE_SPECIFIC_BY_SOURCE,False,False,TRADIER,MTF_ATR_TRAIL,,N/A_NOT_CONNECTED,N/A_NOT_CONNECTED,"[""atr_5m"",""close_5m"",""high_5m"",""low_5m""]","[""5m""]",[],[],source scope is TRADIER; no trusted frozen-engine causal integration,False,True,True,4fc946b596d2095932637bc191f64c85d4bcd7d107c4598f7f20a2e00c447cf8
MTF_DC_REJECT_ENABLED,UNCONNECTED,False,False,BOTH,VEC_MTF_DC_REJECT,,N/A_NOT_CONNECTED,N/A_NOT_CONNECTED,"[""dc_basis_{tf}"",""dc_high_{tf}"",""dc_low_{tf}""]","[""ANY_AVAILABLE""]",[],[],no trusted frozen-engine lifecycle read and no imported+consumed SOURCE_EXACT contract,False,False,False,4fc946b596d2095932637bc191f64c85d4bcd7d107c4598f7f20a2e00c447cf8
MTF_DC_REJECT_FILTER_TF,UNCONNECTED,False,False,BOTH,VEC_MTF_DC_REJECT,,N/A_NOT_CONNECTED,N/A_NOT_CONNECTED,"[""dc_basis_15m"",""dc_basis_1h"",""dc_basis_1m"",""dc_basis_3m"",""dc_basis_4h"",""dc_basis_D"",""dc_high_15m"",""dc_high_1h"",""dc_high_1m"",""dc_high_3m"",""dc_high_4h"",""dc_high_D"",""dc_low_15m"",""dc_low_1h"",""dc_low_1m"",""dc_low_3m"",""dc_low_4h"",""dc_low_D""]","[""1m"",""3m"",""15m"",""1h"",""4h"",""D""]",[],[],no trusted frozen-engine lifecycle read and no imported+consumed SOURCE_EXACT contract,False,False,False,4fc946b596d2095932637bc191f64c85d4bcd7d107c4598f7f20a2e00c447cf8
MTF_DC_REJECT_MIN_TFS,UNCONNECTED,False,False,BOTH,VEC_MTF_DC_REJECT,,N/A_NOT_CONNECTED,N/A_NOT_CONNECTED,"[""dc_basis_{tf}"",""dc_high_{tf}"",""dc_low_{tf}""]","[""ANY_AVAILABLE""]",[],[],no trusted frozen-engine lifecycle read and no imported+consumed SOURCE_EXACT contract,False,False,False,4fc946b596d2095932637bc191f64c85d4bcd7d107c4598f7f20a2e00c447cf8
MTF_EXIT_MIN_OPEN_TS,DEFERRED,False,False,BOTH,MTF_EXIT_MIN,,N/A_NOT_CONNECTED,N/A_NOT_CONNECTED,"[""close_{tf}"",""high_{tf}"",""low_{tf}""]","[""ANY_AVAILABLE""]",[],[],v12_exit_reduce_gap_batch9=SOURCE_EXACT_NOT_INTEGRATED,False,False,True,4fc946b596d2095932637bc191f64c85d4bcd7d107c4598f7f20a2e00c447cf8
MTF_FILTER_STRONG_BUY_QUICK_BYPASS,DEFERRED,False,False,BOTH,ENTRY,,N/A_NOT_CONNECTED,N/A_NOT_CONNECTED,"[""close_{tf}"",""high_{tf}"",""low_{tf}""]","[""ANY_AVAILABLE""]",[],[],blocked=PATTERN_ONLY_EXACT_ARRAY_BINDING_NOT_PROVEN;next_100_contract=NOT_INTEGRATED,False,False,True,4fc946b596d2095932637bc191f64c85d4bcd7d107c4598f7f20a2e00c447cf8
MTF_GR_EXIT_MIN_IND,CONNECTED_BOTH,True,True,BOTH,MTF_GR_EXIT,EXIT,native=3m,native=5m,"[""close_{tf}"",""high_{tf}"",""low_{tf}""]","[""ANY_AVAILABLE""]",[],"[""v12_reentry_augment_filter_gap_batch5:data/reports/V12_REENTRY_AUGMENT_FILTER_GAP_BATCH5_CONTRACT.csv""]",trusted direct lifecycle read and/or imported+consumed SOURCE_EXACT contract applies to both venues,False,True,False,4fc946b596d2095932637bc191f64c85d4bcd7d107c4598f7f20a2e00c447cf8
MTF_GR_EXIT_MIN_TFS,CONNECTED_BOTH,True,True,BOTH,MTF_GR_EXIT,EXIT,native=3m,native=5m,"[""close_{tf}"",""high_{tf}"",""low_{tf}""]","[""ANY_AVAILABLE""]","[""v12_quick_engine.py:7595:compute_exit_signals""]","[""v12_reentry_augment_filter_gap_batch5:data/reports/V12_REENTRY_AUGMENT_FILTER_GAP_BATCH5_CONTRACT.csv""]",trusted direct lifecycle read and/or imported+consumed SOURCE_EXACT contract applies to both venues,False,True,True,4fc946b596d2095932637bc191f64c85d4bcd7d107c4598f7f20a2e00c447cf8
MTF_GR_MIN_IND,CONNECTED_BOTH,True,True,BOTH,FILTER,ENTRY,native=3m,native=5m,[],"[""ANY_AVAILABLE""]",[],"[""v12_reentry_augment_filter_gap_batch4:data/reports/V12_REENTRY_AUGMENT_FILTER_GAP_BATCH4_CONTRACT.csv""]",trusted direct lifecycle read and/or imported+consumed SOURCE_EXACT contract applies to both venues,False,True,True,4fc946b596d2095932637bc191f64c85d4bcd7d107c4598f7f20a2e00c447cf8
MTF_GR_MIN_TFS,CONNECTED_BOTH,True,True,BOTH,MTF_GR_MIN,ENTRY,native=3m,native=5m,[],"[""ANY_AVAILABLE""]",[],"[""v12_reentry_augment_filter_gap_batch4:data/reports/V12_REENTRY_AUGMENT_FILTER_GAP_BATCH4_CONTRACT.csv""]",trusted direct lifecycle read and/or imported+consumed SOURCE_EXACT contract applies to both venues,False,True,False,4fc946b596d2095932637bc191f64c85d4bcd7d107c4598f7f20a2e00c447cf8
MTF_WT_CROSS_EXIT_DIRECT_ENABLED,CONNECTED_BOTH,True,True,BOTH,MTF_WT_CROSS,EXIT|STOP,native=3m;required=15m|1h,native=5m;required=15m|1h,"[""close_{tf}"",""high_{tf}"",""low_{tf}"",""wt1_{tf}"",""wt2_{tf}""]","[""ANY_AVAILABLE""]",[],"[""v12_exit_reduce_gap_batch4:data/reports/V12_EXIT_REDUCE_STOP_GAP_BATCH4_CONTRACT.csv"",""v12_reentry_augment_filter_gap_batch5:data/reports/V12_REENTRY_AUGMENT_FILTER_GAP_BATCH5_CONTRACT.csv""]",trusted direct lifecycle read and/or imported+consumed SOURCE_EXACT contract applies to both venues,False,True,True,4fc946b596d2095932637bc191f64c85d4bcd7d107c4598f7f20a2e00c447cf8
MTF_WT_CROSS_EXIT_TF,CONNECTED_BOTH,True,True,BOTH,MTF_WT_CROSS,EXIT|STOP,native=3m;required=15m|1h,native=5m;required=15m|1h,"[""close_15m"",""high_15m"",""low_15m"",""wt1_15m"",""wt2_15m""]","[""15m""]",[],"[""v12_exit_reduce_gap_batch4:data/reports/V12_EXIT_REDUCE_STOP_GAP_BATCH4_CONTRACT.csv"",""v12_reentry_augment_filter_gap_batch5:data/reports/V12_REENTRY_AUGMENT_FILTER_GAP_BATCH5_CONTRACT.csv""]",trusted direct lifecycle read and/or imported+consumed SOURCE_EXACT contract applies to both venues,False,True,True,4fc946b596d2095932637bc191f64c85d4bcd7d107c4598f7f20a2e00c447cf8
MTS_BOTTOM_BONUS_THRESHOLD,DEFERRED,False,False,BOTH,FILTER,,N/A_NOT_CONNECTED,N/A_NOT_CONNECTED,[],"[""ANY_AVAILABLE""]",[],[],v12_reentry_augment_filter_gap_batch9=SOURCE_EXACT_NOT_INTEGRATED,False,False,True,4fc946b596d2095932637bc191f64c85d4bcd7d107c4598f7f20a2e00c447cf8
MTS_BOTTOM_MIN,DEFERRED,False,False,BOTH,GLOBAL,,N/A_NOT_CONNECTED,N/A_NOT_CONNECTED,[],"[""ANY_AVAILABLE""]",[],[],v12_reentry_augment_filter_gap_batch9=SOURCE_EXACT_NOT_INTEGRATED,False,False,True,4fc946b596d2095932637bc191f64c85d4bcd7d107c4598f7f20a2e00c447cf8
MTS_BOTTOM_MIN_SHORT,DEFERRED,False,False,BOTH,GLOBAL,,N/A_NOT_CONNECTED,N/A_NOT_CONNECTED,[],"[""ANY_AVAILABLE""]",[],[],v12_reentry_augment_filter_gap_batch9=SOURCE_EXACT_NOT_INTEGRATED,False,False,True,4fc946b596d2095932637bc191f64c85d4bcd7d107c4598f7f20a2e00c447cf8
MTS_BOTTOM_STRONG_THRESHOLD,DEFERRED,False,False,BOTH,FILTER,,N/A_NOT_CONNECTED,N/A_NOT_CONNECTED,[],"[""ANY_AVAILABLE""]",[],[],v12_reentry_augment_filter_gap_batch9=SOURCE_EXACT_NOT_INTEGRATED,False,False,True,4fc946b596d2095932637bc191f64c85d4bcd7d107c4598f7f20a2e00c447cf8
MTS_ENTRY_QUALITY_BONUS,DEFERRED,False,False,BOTH,ENTRY,,N/A_NOT_CONNECTED,N/A_NOT_CONNECTED,"[""close_{tf}"",""high_{tf}"",""low_{tf}""]","[""ANY_AVAILABLE""]",[],[],blocked=PATTERN_ONLY_EXACT_ARRAY_BINDING_NOT_PROVEN;next_100_contract=NOT_INTEGRATED;v12_reentry_augment_filter_gap_batch9=SOURCE_EXACT_NOT_INTEGRATED,False,False,True,4fc946b596d2095932637bc191f64c85d4bcd7d107c4598f7f20a2e00c447cf8
MTS_ENTRY_QUALITY_MIN,DEFERRED,False,False,BOTH,ENTRY,,N/A_NOT_CONNECTED,N/A_NOT_CONNECTED,"[""close_{tf}"",""high_{tf}"",""low_{tf}""]","[""ANY_AVAILABLE""]",[],[],blocked=PATTERN_ONLY_EXACT_ARRAY_BINDING_NOT_PROVEN;next_100_contract=NOT_INTEGRATED;v12_reentry_augment_filter_gap_batch9=SOURCE_EXACT_NOT_INTEGRATED,False,False,True,4fc946b596d2095932637bc191f64c85d4bcd7d107c4598f7f20a2e00c447cf8
MTS_ENTRY_QUALITY_MIN_SHORT,DEFERRED,False,False,BOTH,ENTRY,,N/A_NOT_CONNECTED,N/A_NOT_CONNECTED,"[""close_{tf}"",""high_{tf}"",""low_{tf}""]","[""ANY_AVAILABLE""]",[],[],blocked=PATTERN_ONLY_EXACT_ARRAY_BINDING_NOT_PROVEN;next_100_contract=NOT_INTEGRATED;v12_reentry_augment_filter_gap_batch9=SOURCE_EXACT_NOT_INTEGRATED,False,False,True,4fc946b596d2095932637bc191f64c85d4bcd7d107c4598f7f20a2e00c447cf8
MTS_ENTRY_QUALITY_STRONG,DEFERRED,False,False,BOTH,ENTRY,,N/A_NOT_CONNECTED,N/A_NOT_CONNECTED,"[""close_{tf}"",""high_{tf}"",""low_{tf}""]","[""ANY_AVAILABLE""]",[],[],blocked=PATTERN_ONLY_EXACT_ARRAY_BINDING_NOT_PROVEN;next_100_contract=NOT_INTEGRATED;v12_reentry_augment_filter_gap_batch9=SOURCE_EXACT_NOT_INTEGRATED,False,False,True,4fc946b596d2095932637bc191f64c85d4bcd7d107c4598f7f20a2e00c447cf8
MTS_GATE_ENABLED,DEFERRED,False,False,BOTH,FILTER,,N/A_NOT_CONNECTED,N/A_NOT_CONNECTED,[],"[""ANY_AVAILABLE""]",[],[],v12_reentry_augment_filter_gap_batch9=SOURCE_EXACT_NOT_INTEGRATED,False,True,True,4fc946b596d2095932637bc191f64c85d4bcd7d107c4598f7f20a2e00c447cf8
MTS_WEIGHT_D,CONNECTED_TRADIER,False,True,BOTH,MTS_WEIGHT_D,ENTRY|REENTRY,N/A_NOT_CONNECTED,native=5m;required=D,[],"[""D""]","[""v12_quick_engine.py:6393:_tradier_signal_score_family""]",[],trusted causal route is Tradier-native/source-scoped; no crypto connection credit,True,True,False,4fc946b596d2095932637bc191f64c85d4bcd7d107c4598f7f20a2e00c447cf8
MULT_FILE,UNCONNECTED,False,False,BOTH,MULT_FILE,,N/A_NOT_CONNECTED,N/A_NOT_CONNECTED,[],"[""ANY_AVAILABLE""]",[],[],no trusted frozen-engine lifecycle read and no imported+consumed SOURCE_EXACT contract,False,False,False,4fc946b596d2095932637bc191f64c85d4bcd7d107c4598f7f20a2e00c447cf8
NEWBORN_DC_STOP_FIELD,CONNECTED_TRADIER,False,True,BOTH,NEWBORN_DC_STOP,EXIT|STOP,N/A_NOT_CONNECTED,native=5m;required=5m,"[""close_{tf}"",""dc_basis_{tf}"",""dc_high_{tf}"",""dc_low_{tf}"",""high_{tf}"",""low_{tf}""]","[""ANY_AVAILABLE""]",[],"[""v12_exit_reduce_gap_batch4:data/reports/V12_EXIT_REDUCE_STOP_GAP_BATCH4_CONTRACT.csv""]",trusted causal route is Tradier-native/source-scoped; no crypto connection credit,False,False,True,4fc946b596d2095932637bc191f64c85d4bcd7d107c4598f7f20a2e00c447cf8
NEWBORN_DC_STOP_MAX_AGE_MIN,CONNECTED_TRADIER,False,True,BOTH,NEWBORN_DC_STOP,EXIT|STOP,N/A_NOT_CONNECTED,native=5m;required=5m,"[""close_{tf}"",""dc_basis_{tf}"",""dc_high_{tf}"",""dc_low_{tf}"",""high_{tf}"",""low_{tf}""]","[""ANY_AVAILABLE""]",[],"[""v12_exit_reduce_gap_batch4:data/reports/V12_EXIT_REDUCE_STOP_GAP_BATCH4_CONTRACT.csv""]",trusted causal route is Tradier-native/source-scoped; no crypto connection credit,False,False,True,4fc946b596d2095932637bc191f64c85d4bcd7d107c4598f7f20a2e00c447cf8
NEWBORN_LOSS_KILL_ENABLED,CONNECTED_CRYPTO,True,False,BOTH,GLOBAL,EXIT|STOP,native=3m;required=3m,N/A_NOT_CONNECTED,[],"[""ANY_AVAILABLE""]",[],"[""v12_exit_reduce_gap_batch3:data/reports/V12_EXIT_REDUCE_STOP_GAP_BATCH3_CONTRACT.csv""]",trusted causal route is crypto-native/source-scoped; no Tradier connection credit,False,True,True,4fc946b596d2095932637bc191f64c85d4bcd7d107c4598f7f20a2e00c447cf8
NEWBORN_LOSS_KILL_FILTER_TF,REJECTED_INERT,False,False,BOTH,VEC_NEWBORN_LOSS_KILL,,N/A_NOT_CONNECTED,N/A_NOT_CONNECTED,[],"[""1m"",""3m"",""15m"",""1h"",""4h"",""D""]",[],[],v12_exit_reduce_gap_batch3=REJECTED_NO_SOURCE_SEMANTICS,False,False,False,4fc946b596d2095932637bc191f64c85d4bcd7d107c4598f7f20a2e00c447cf8
NEWBORN_LOSS_KILL_GAIN_THRESHOLD_PCT,CONNECTED_CRYPTO,True,False,BOTH,FILTER,EXIT|STOP,native=3m;required=3m,N/A_NOT_CONNECTED,[],"[""ANY_AVAILABLE""]",[],"[""v12_exit_reduce_gap_batch3:data/reports/V12_EXIT_REDUCE_STOP_GAP_BATCH3_CONTRACT.csv""]",trusted causal route is crypto-native/source-scoped; no Tradier connection credit,False,True,True,4fc946b596d2095932637bc191f64c85d4bcd7d107c4598f7f20a2e00c447cf8
NEWBORN_LOSS_KILL_MIN_AGE_MIN,REJECTED_INERT,False,False,BOTH,NEWBORN_LOSS_KILL,,N/A_NOT_CONNECTED,N/A_NOT_CONNECTED,[],"[""ANY_AVAILABLE""]",[],[],v12_exit_reduce_gap_batch3=REJECTED_DECLARED_NOT_READ,False,True,False,4fc946b596d2095932637bc191f64c85d4bcd7d107c4598f7f20a2e00c447cf8
NEWBORN_LOSS_KILL_MIN_TFS,REJECTED_INERT,False,False,BOTH,VEC_NEWBORN_LOSS_KILL,,N/A_NOT_CONNECTED,N/A_NOT_CONNECTED,[],"[""ANY_AVAILABLE""]",[],[],v12_exit_reduce_gap_batch3=REJECTED_NO_SOURCE_SEMANTICS,False,False,False,4fc946b596d2095932637bc191f64c85d4bcd7d107c4598f7f20a2e00c447cf8
NEWBORN_LOSS_KILL_REQUIRE_VEL_AGAINST,CONNECTED_CRYPTO,True,False,BOTH,FILTER,EXIT|STOP,native=3m;required=3m,N/A_NOT_CONNECTED,[],"[""ANY_AVAILABLE""]",[],"[""v12_exit_reduce_gap_batch3:data/reports/V12_EXIT_REDUCE_STOP_GAP_BATCH3_CONTRACT.csv""]",trusted causal route is crypto-native/source-scoped; no Tradier connection credit,False,True,True,4fc946b596d2095932637bc191f64c85d4bcd7d107c4598f7f20a2e00c447cf8
NEWBORN_LOSS_KILL_SURGICAL_ONLY,REJECTED_INERT,False,False,BOTH,NEWBORN_LOSS_KILL,,N/A_NOT_CONNECTED,N/A_NOT_CONNECTED,[],"[""ANY_AVAILABLE""]",[],[],v12_exit_reduce_gap_batch3=REJECTED_DECLARED_NOT_READ,False,True,False,4fc946b596d2095932637bc191f64c85d4bcd7d107c4598f7f20a2e00c447cf8
NEWBORN_LOSS_KILL_VEL_TF,CONNECTED_BOTH,True,True,BOTH,GLOBAL,EXIT|STOP,native=3m,native=5m,[],"[""ANY_AVAILABLE""]",[],"[""v12_exit_reduce_gap_batch3:data/reports/V12_EXIT_REDUCE_STOP_GAP_BATCH3_CONTRACT.csv""]",trusted direct lifecycle read and/or imported+consumed SOURCE_EXACT contract applies to both venues,False,True,True,4fc946b596d2095932637bc191f64c85d4bcd7d107c4598f7f20a2e00c447cf8
NEWBORN_LOSS_KILL_WINDOW_MIN,CONNECTED_CRYPTO,True,False,BOTH,GLOBAL,EXIT|STOP,native=3m;required=3m,N/A_NOT_CONNECTED,[],"[""ANY_AVAILABLE""]",[],"[""v12_exit_reduce_gap_batch3:data/reports/V12_EXIT_REDUCE_STOP_GAP_BATCH3_CONTRACT.csv""]",trusted causal route is crypto-native/source-scoped; no Tradier connection credit,False,True,True,4fc946b596d2095932637bc191f64c85d4bcd7d107c4598f7f20a2e00c447cf8
NEWBORN_PROTECT_ENABLED,UNCONNECTED,False,False,BOTH,GLOBAL,,N/A_NOT_CONNECTED,N/A_NOT_CONNECTED,[],"[""ANY_AVAILABLE""]",[],[],no trusted frozen-engine lifecycle read and no imported+consumed SOURCE_EXACT contract,False,True,True,4fc946b596d2095932637bc191f64c85d4bcd7d107c4598f7f20a2e00c447cf8
NEWBORN_PROTECT_FILTER_TF,UNCONNECTED,False,False,BOTH,VEC_NEWBORN_PROTECT,,N/A_NOT_CONNECTED,N/A_NOT_CONNECTED,[],"[""1m"",""3m"",""15m"",""1h"",""4h"",""D""]",[],[],no trusted frozen-engine lifecycle read and no imported+consumed SOURCE_EXACT contract,False,False,False,4fc946b596d2095932637bc191f64c85d4bcd7d107c4598f7f20a2e00c447cf8
NEWBORN_PROTECT_MIN_TFS,UNCONNECTED,False,False,BOTH,VEC_NEWBORN_PROTECT,,N/A_NOT_CONNECTED,N/A_NOT_CONNECTED,[],"[""ANY_AVAILABLE""]",[],[],no trusted frozen-engine lifecycle read and no imported+consumed SOURCE_EXACT contract,False,False,False,4fc946b596d2095932637bc191f64c85d4bcd7d107c4598f7f20a2e00c447cf8
NEW_POSITION_MAX_LOSS_THRESHOLD,CONNECTED_BOTH,True,True,BOTH,FILTER,REDUCE|STOP,native=3m,native=5m,[],"[""ANY_AVAILABLE""]",[],"[""v12_exit_reduce_gap_batch5:data/reports/V12_EXIT_REDUCE_STOP_GAP_BATCH5_CONTRACT.csv""]",trusted direct lifecycle read and/or imported+consumed SOURCE_EXACT contract applies to both venues,False,False,True,4fc946b596d2095932637bc191f64c85d4bcd7d107c4598f7f20a2e00c447cf8
NEW_POSITION_MIN_AGE_SECONDS,CONNECTED_BOTH,True,True,BOTH,GLOBAL,REDUCE|STOP,native=3m,native=5m,[],"[""ANY_AVAILABLE""]",[],"[""v12_exit_reduce_gap_batch5:data/reports/V12_EXIT_REDUCE_STOP_GAP_BATCH5_CONTRACT.csv""]",trusted direct lifecycle read and/or imported+consumed SOURCE_EXACT contract applies to both venues,False,False,True,4fc946b596d2095932637bc191f64c85d4bcd7d107c4598f7f20a2e00c447cf8
NOLOSS_BYPASS_WT5OF5_ENABLED,UNCONNECTED,False,False,BOTH,VEC_NOLOSS_BYPASS_WT5OF5,,N/A_NOT_CONNECTED,N/A_NOT_CONNECTED,"[""close_{tf}"",""high_{tf}"",""low_{tf}"",""wt1_{tf}"",""wt2_{tf}""]","[""ANY_AVAILABLE""]",[],[],no trusted frozen-engine lifecycle read and no imported+consumed SOURCE_EXACT contract,False,False,False,4fc946b596d2095932637bc191f64c85d4bcd7d107c4598f7f20a2e00c447cf8
NOLOSS_BYPASS_WT5OF5_FILTER_TF,UNCONNECTED,False,False,BOTH,VEC_NOLOSS_BYPASS_WT5OF5,,N/A_NOT_CONNECTED,N/A_NOT_CONNECTED,"[""close_15m"",""close_1h"",""close_1m"",""close_3m"",""close_4h"",""close_D"",""high_15m"",""high_1h"",""high_1m"",""high_3m"",""high_4h"",""high_D"",""low_15m"",""low_1h"",""low_1m"",""low_3m"",""low_4h"",""low_D"",""wt1_15m"",""wt1_1h"",""wt1_1m"",""wt1_3m"",""wt1_4h"",""wt1_D"",""wt2_15m"",""wt2_1h"",""wt2_1m"",""wt2_3m"",""wt2_4h"",""wt2_D""]","[""1m"",""3m"",""15m"",""1h"",""4h"",""D""]",[],[],no trusted frozen-engine lifecycle read and no imported+consumed SOURCE_EXACT contract,False,False,False,4fc946b596d2095932637bc191f64c85d4bcd7d107c4598f7f20a2e00c447cf8
NOLOSS_BYPASS_WT5OF5_MIN_TFS,UNCONNECTED,False,False,BOTH,VEC_NOLOSS_BYPASS_WT5OF5,,N/A_NOT_CONNECTED,N/A_NOT_CONNECTED,"[""close_{tf}"",""high_{tf}"",""low_{tf}"",""wt1_{tf}"",""wt2_{tf}""]","[""ANY_AVAILABLE""]",[],[],no trusted frozen-engine lifecycle read and no imported+consumed SOURCE_EXACT contract,False,False,False,4fc946b596d2095932637bc191f64c85d4bcd7d107c4598f7f20a2e00c447cf8
NOLOSS_BYPASS_WT_5OF5_MIN_TFS,DEFERRED,False,False,BOTH,NOLOSS_BYPASS_WT,,N/A_NOT_CONNECTED,N/A_NOT_CONNECTED,"[""close_{tf}"",""high_{tf}"",""low_{tf}"",""wt1_{tf}"",""wt2_{tf}""]","[""ANY_AVAILABLE""]",[],[],v12_exit_reduce_gap_batch9=SOURCE_EXACT_NOT_INTEGRATED,False,False,True,4fc946b596d2095932637bc191f64c85d4bcd7d107c4598f7f20a2e00c447cf8
NOLOSS_DC4H_GATE_ENABLED,REJECTED_INERT,False,False,BOTH,NOLOSS_DC4H_GATE,,N/A_NOT_CONNECTED,N/A_NOT_CONNECTED,"[""close_{tf}"",""high_{tf}"",""low_{tf}""]","[""ANY_AVAILABLE""]",[],[],v12_exit_reduce_gap_batch3=REJECTED_SOURCE_INERT,False,True,True,4fc946b596d2095932637bc191f64c85d4bcd7d107c4598f7f20a2e00c447cf8
NOLOSS_MIN_PROFIT_PCT,CONNECTED_BOTH,True,True,BOTH,NOLOSS_MIN_PROFIT,EXIT|REDUCE,native=3m,native=5m,"[""close_{tf}"",""high_{tf}"",""low_{tf}""]","[""ANY_AVAILABLE""]",[],"[""v12_exit_reduce_gap_batch6:data/reports/V12_EXIT_REDUCE_STOP_GAP_BATCH6_CONTRACT.csv""]",trusted direct lifecycle read and/or imported+consumed SOURCE_EXACT contract applies to both venues,False,False,True,4fc946b596d2095932637bc191f64c85d4bcd7d107c4598f7f20a2e00c447cf8
OBLIGATORY_OPEN_USD,DEFERRED,False,False,BOTH,ENTRY,,N/A_NOT_CONNECTED,N/A_NOT_CONNECTED,"[""close_{tf}"",""high_{tf}"",""low_{tf}""]","[""ANY_AVAILABLE""]",[],[],next_100_contract=NOT_INTEGRATED,False,False,True,4fc946b596d2095932637bc191f64c85d4bcd7d107c4598f7f20a2e00c447cf8
OBLIGATORY_REENTRY_DEFAULT_SIZE_MULT,CONNECTED_CRYPTO,True,False,BOTH,REENTRY,REENTRY,native=3m;required=3m|15m|1h|4h|D,N/A_NOT_CONNECTED,"[""close_{tf}"",""high_{tf}"",""low_{tf}""]","[""ANY_AVAILABLE""]",[],"[""v12_reentry_augment_gap_batch2:data/reports/V12_REENTRY_AUGMENT_GAP_BATCH2_CONTRACT.csv""]",trusted causal route is crypto-native/source-scoped; no Tradier connection credit,False,False,True,4fc946b596d2095932637bc191f64c85d4bcd7d107c4598f7f20a2e00c447cf8
OBLIGATORY_REENTRY_ENABLED,CONNECTED_CRYPTO,True,False,BOTH,REENTRY,REENTRY,native=3m;required=3m|15m|1h|4h|D,N/A_NOT_CONNECTED,"[""close_{tf}"",""high_{tf}"",""low_{tf}""]","[""ANY_AVAILABLE""]",[],"[""v12_reentry_augment_gap_batch2:data/reports/V12_REENTRY_AUGMENT_GAP_BATCH2_CONTRACT.csv""]",trusted causal route is crypto-native/source-scoped; no Tradier connection credit,False,True,True,4fc946b596d2095932637bc191f64c85d4bcd7d107c4598f7f20a2e00c447cf8
OBLIGATORY_REENTRY_K15_HIGH_BLOCK,CONNECTED_CRYPTO,True,False,BOTH,REENTRY,REENTRY,native=3m;required=3m|15m|1h|4h|D,N/A_NOT_CONNECTED,"[""close_{tf}"",""high_{tf}"",""low_{tf}""]","[""ANY_AVAILABLE""]",[],"[""v12_reentry_augment_gap_batch2:data/reports/V12_REENTRY_AUGMENT_GAP_BATCH2_CONTRACT.csv""]",trusted causal route is crypto-native/source-scoped; no Tradier connection credit,False,False,True,4fc946b596d2095932637bc191f64c85d4bcd7d107c4598f7f20a2e00c447cf8
OBLIGATORY_REENTRY_K15_HIGH_SIZE_FRAC,CONNECTED_CRYPTO,True,False,BOTH,REENTRY,REENTRY,native=3m;required=3m|15m|1h|4h|D,N/A_NOT_CONNECTED,"[""close_{tf}"",""high_{tf}"",""low_{tf}""]","[""ANY_AVAILABLE""]",[],"[""v12_reentry_augment_gap_batch2:data/reports/V12_REENTRY_AUGMENT_GAP_BATCH2_CONTRACT.csv""]",trusted causal route is crypto-native/source-scoped; no Tradier connection credit,False,False,True,4fc946b596d2095932637bc191f64c85d4bcd7d107c4598f7f20a2e00c447cf8
OBLIGATORY_REENTRY_LONG_ENABLED,CONNECTED_CRYPTO,True,False,BOTH,OBLIGATORY_REENTRY_LONG,REENTRY,native=3m;required=3m|15m|1h|4h|D,N/A_NOT_CONNECTED,"[""close_{tf}"",""high_{tf}"",""low_{tf}""]","[""ANY_AVAILABLE""]",[],"[""v12_reentry_augment_gap_batch2:data/reports/V12_REENTRY_AUGMENT_GAP_BATCH2_CONTRACT.csv""]",trusted causal route is crypto-native/source-scoped; no Tradier connection credit,False,True,False,4fc946b596d2095932637bc191f64c85d4bcd7d107c4598f7f20a2e00c447cf8
OBLIGATORY_REENTRY_SCORE_TIER1,CONNECTED_CRYPTO,True,False,BOTH,REENTRY,REENTRY,native=3m;required=3m|15m|1h|4h|D,N/A_NOT_CONNECTED,"[""close_{tf}"",""high_{tf}"",""low_{tf}""]","[""ANY_AVAILABLE""]",[],"[""v12_reentry_augment_gap_batch2:data/reports/V12_REENTRY_AUGMENT_GAP_BATCH2_CONTRACT.csv""]",trusted causal route is crypto-native/source-scoped; no Tradier connection credit,False,False,True,4fc946b596d2095932637bc191f64c85d4bcd7d107c4598f7f20a2e00c447cf8
OBLIGATORY_REENTRY_SCORE_TIER2,CONNECTED_CRYPTO,True,False,BOTH,REENTRY,REENTRY,native=3m;required=3m|15m|1h|4h|D,N/A_NOT_CONNECTED,"[""close_{tf}"",""high_{tf}"",""low_{tf}""]","[""ANY_AVAILABLE""]",[],"[""v12_reentry_augment_gap_batch2:data/reports/V12_REENTRY_AUGMENT_GAP_BATCH2_CONTRACT.csv""]",trusted causal route is crypto-native/source-scoped; no Tradier connection credit,False,False,True,4fc946b596d2095932637bc191f64c85d4bcd7d107c4598f7f20a2e00c447cf8
OBLIGATORY_REENTRY_SCORE_TIER3,CONNECTED_CRYPTO,True,False,BOTH,REENTRY,REENTRY,native=3m;required=3m|15m|1h|4h|D,N/A_NOT_CONNECTED,"[""close_{tf}"",""high_{tf}"",""low_{tf}""]","[""ANY_AVAILABLE""]",[],"[""v12_reentry_augment_gap_batch2:data/reports/V12_REENTRY_AUGMENT_GAP_BATCH2_CONTRACT.csv""]",trusted causal route is crypto-native/source-scoped; no Tradier connection credit,False,False,True,4fc946b596d2095932637bc191f64c85d4bcd7d107c4598f7f20a2e00c447cf8
OBLIGATORY_REENTRY_SHORT_ENABLED,CONNECTED_CRYPTO,True,False,BOTH,OBLIGATORY_REENTRY_SHORT,REENTRY,native=3m;required=3m|15m|1h|4h|D,N/A_NOT_CONNECTED,"[""close_{tf}"",""high_{tf}"",""low_{tf}""]","[""ANY_AVAILABLE""]",[],"[""v12_reentry_augment_gap_batch2:data/reports/V12_REENTRY_AUGMENT_GAP_BATCH2_CONTRACT.csv""]",trusted causal route is crypto-native/source-scoped; no Tradier connection credit,False,True,False,4fc946b596d2095932637bc191f64c85d4bcd7d107c4598f7f20a2e00c447cf8
OBLIGATORY_REENTRY_SHORT_K15_LOW_BLOCK,CONNECTED_CRYPTO,True,False,BOTH,REENTRY,REENTRY,native=3m;required=3m|15m|1h|4h|D,N/A_NOT_CONNECTED,"[""close_{tf}"",""high_{tf}"",""low_{tf}""]","[""ANY_AVAILABLE""]",[],"[""v12_reentry_augment_gap_batch2:data/reports/V12_REENTRY_AUGMENT_GAP_BATCH2_CONTRACT.csv""]",trusted causal route is crypto-native/source-scoped; no Tradier connection credit,False,False,True,4fc946b596d2095932637bc191f64c85d4bcd7d107c4598f7f20a2e00c447cf8
OBLIGATORY_REENTRY_SHORT_K15_LOW_SIZE_FRAC,CONNECTED_CRYPTO,True,False,BOTH,REENTRY,REENTRY,native=3m;required=3m|15m|1h|4h|D,N/A_NOT_CONNECTED,"[""close_{tf}"",""high_{tf}"",""low_{tf}""]","[""ANY_AVAILABLE""]",[],"[""v12_reentry_augment_gap_batch2:data/reports/V12_REENTRY_AUGMENT_GAP_BATCH2_CONTRACT.csv""]",trusted causal route is crypto-native/source-scoped; no Tradier connection credit,False,False,True,4fc946b596d2095932637bc191f64c85d4bcd7d107c4598f7f20a2e00c447cf8
OBLIGATORY_REENTRY_SHORT_SMA_BOUNCE_SIZE_MULT,CONNECTED_CRYPTO,True,False,BOTH,OBLIGATORY_REENTRY_SHORT,REENTRY,native=3m;required=3m|15m|1h|4h|D,N/A_NOT_CONNECTED,"[""close_{tf}"",""high_{tf}"",""low_{tf}"",""sma_{period}_{tf}""]","[""ANY_AVAILABLE""]",[],"[""v12_reentry_augment_gap_batch2:data/reports/V12_REENTRY_AUGMENT_GAP_BATCH2_CONTRACT.csv""]",trusted causal route is crypto-native/source-scoped; no Tradier connection credit,False,False,False,4fc946b596d2095932637bc191f64c85d4bcd7d107c4598f7f20a2e00c447cf8
OBLIGATORY_REENTRY_SMA_BOUNCE_SIZE_MULT,CONNECTED_CRYPTO,True,False,BOTH,OBLIGATORY_REENTRY_SMA,REENTRY,native=3m;required=3m|15m|1h|4h|D,N/A_NOT_CONNECTED,"[""close_{tf}"",""high_{tf}"",""low_{tf}"",""sma_{period}_{tf}""]","[""ANY_AVAILABLE""]",[],"[""v12_reentry_augment_gap_batch2:data/reports/V12_REENTRY_AUGMENT_GAP_BATCH2_CONTRACT.csv""]",trusted causal route is crypto-native/source-scoped; no Tradier connection credit,False,False,False,4fc946b596d2095932637bc191f64c85d4bcd7d107c4598f7f20a2e00c447cf8
OBLIGATORY_REENTRY_SMA_FIELD,CONNECTED_CRYPTO,True,False,BOTH,REENTRY,REENTRY,native=3m;required=3m|15m|1h|4h|D,N/A_NOT_CONNECTED,"[""close_{tf}"",""high_{tf}"",""low_{tf}"",""sma_{period}_{tf}""]","[""ANY_AVAILABLE""]",[],"[""v12_reentry_augment_gap_batch2:data/reports/V12_REENTRY_AUGMENT_GAP_BATCH2_CONTRACT.csv""]",trusted causal route is crypto-native/source-scoped; no Tradier connection credit,False,False,True,4fc946b596d2095932637bc191f64c85d4bcd7d107c4598f7f20a2e00c447cf8
OBLIGATORY_REENTRY_SMA_TF,CONNECTED_CRYPTO,True,False,BOTH,REENTRY,REENTRY,native=3m;required=3m|15m|1h|4h|D,N/A_NOT_CONNECTED,"[""close_15m"",""high_15m"",""low_15m"",""sma_{period}_15m""]","[""15m""]",[],"[""v12_reentry_augment_gap_batch2:data/reports/V12_REENTRY_AUGMENT_GAP_BATCH2_CONTRACT.csv""]",trusted causal route is crypto-native/source-scoped; no Tradier connection credit,False,False,True,4fc946b596d2095932637bc191f64c85d4bcd7d107c4598f7f20a2e00c447cf8
OBLIGATORY_REENTRY_TIER1_HTF_REQUIRED,CONNECTED_CRYPTO,True,False,BOTH,REENTRY,REENTRY,native=3m;required=3m|15m|1h|4h|D,N/A_NOT_CONNECTED,"[""close_{tf}"",""high_{tf}"",""low_{tf}""]","[""ANY_AVAILABLE""]",[],"[""v12_reentry_augment_gap_batch2:data/reports/V12_REENTRY_AUGMENT_GAP_BATCH2_CONTRACT.csv""]",trusted causal route is crypto-native/source-scoped; no Tradier connection credit,False,False,True,4fc946b596d2095932637bc191f64c85d4bcd7d107c4598f7f20a2e00c447cf8
OBLIGATORY_REENTRY_TIER2_HTF_REQUIRED,CONNECTED_CRYPTO,True,False,BOTH,REENTRY,REENTRY,native=3m;required=3m|15m|1h|4h|D,N/A_NOT_CONNECTED,"[""close_{tf}"",""high_{tf}"",""low_{tf}""]","[""ANY_AVAILABLE""]",[],"[""v12_reentry_augment_gap_batch2:data/reports/V12_REENTRY_AUGMENT_GAP_BATCH2_CONTRACT.csv""]",trusted causal route is crypto-native/source-scoped; no Tradier connection credit,False,False,True,4fc946b596d2095932637bc191f64c85d4bcd7d107c4598f7f20a2e00c447cf8
OBLIGATORY_SMA200_PCT,UNCONNECTED,False,False,BOTH,GLOBAL,,N/A_NOT_CONNECTED,N/A_NOT_CONNECTED,"[""sma_{period}_{tf}""]","[""ANY_AVAILABLE""]",[],[],no trusted frozen-engine lifecycle read and no imported+consumed SOURCE_EXACT contract,False,False,True,4fc946b596d2095932637bc191f64c85d4bcd7d107c4598f7f20a2e00c447cf8
OBLIGATORY_SMA200_WT3M_ENABLED,UNCONNECTED,False,False,BOTH,GLOBAL,,N/A_NOT_CONNECTED,N/A_NOT_CONNECTED,"[""sma_{period}_{tf}"",""wt1_{tf}"",""wt2_{tf}""]","[""ANY_AVAILABLE""]",[],[],no trusted frozen-engine lifecycle read and no imported+consumed SOURCE_EXACT contract,False,True,True,4fc946b596d2095932637bc191f64c85d4bcd7d107c4598f7f20a2e00c447cf8
OB_ENTRY_GATE_ACCOUNTS,UNCONNECTED,False,False,BOTH,OB_ENTRY_GATE,,N/A_NOT_CONNECTED,N/A_NOT_CONNECTED,"[""close_{tf}"",""high_{tf}"",""low_{tf}""]","[""ANY_AVAILABLE""]",[],[],no trusted frozen-engine lifecycle read and no imported+consumed SOURCE_EXACT contract,False,False,False,4fc946b596d2095932637bc191f64c85d4bcd7d107c4598f7f20a2e00c447cf8
OB_ENTRY_MIN_LONG_SCORE,UNCONNECTED,False,False,BOTH,OB_ENTRY_MIN,,N/A_NOT_CONNECTED,N/A_NOT_CONNECTED,"[""close_{tf}"",""high_{tf}"",""low_{tf}""]","[""ANY_AVAILABLE""]",[],[],no trusted frozen-engine lifecycle read and no imported+consumed SOURCE_EXACT contract,False,False,False,4fc946b596d2095932637bc191f64c85d4bcd7d107c4598f7f20a2e00c447cf8
OB_ENTRY_MIN_SHORT_SCORE,UNCONNECTED,False,False,BOTH,OB_ENTRY_MIN,,N/A_NOT_CONNECTED,N/A_NOT_CONNECTED,"[""close_{tf}"",""high_{tf}"",""low_{tf}""]","[""ANY_AVAILABLE""]",[],[],no trusted frozen-engine lifecycle read and no imported+consumed SOURCE_EXACT contract,False,False,False,4fc946b596d2095932637bc191f64c85d4bcd7d107c4598f7f20a2e00c447cf8
OB_ENTRY_WALL_TOO_CLOSE_PCT,UNCONNECTED,False,False,BOTH,OB_ENTRY_WALL,,N/A_NOT_CONNECTED,N/A_NOT_CONNECTED,"[""close_{tf}"",""high_{tf}"",""low_{tf}""]","[""ANY_AVAILABLE""]",[],[],no trusted frozen-engine lifecycle read and no imported+consumed SOURCE_EXACT contract,False,False,False,4fc946b596d2095932637bc191f64c85d4bcd7d107c4598f7f20a2e00c447cf8
OB_PRICE_DEFER_ACCOUNTS,UNCONNECTED,False,False,BOTH,GLOBAL,,N/A_NOT_CONNECTED,N/A_NOT_CONNECTED,[],"[""ANY_AVAILABLE""]",[],[],no trusted frozen-engine lifecycle read and no imported+consumed SOURCE_EXACT contract,False,False,True,4fc946b596d2095932637bc191f64c85d4bcd7d107c4598f7f20a2e00c447cf8
OB_PRICE_DEFER_AT_LEVEL_TOL_PCT,UNCONNECTED,False,False,BOTH,OB_PRICE_DEFER,,N/A_NOT_CONNECTED,N/A_NOT_CONNECTED,[],"[""ANY_AVAILABLE""]",[],[],no trusted frozen-engine lifecycle read and no imported+consumed SOURCE_EXACT contract,False,False,True,4fc946b596d2095932637bc191f64c85d4bcd7d107c4598f7f20a2e00c447cf8
OB_PRICE_DEFER_ENABLED,UNCONNECTED,False,False,BOTH,GLOBAL,,N/A_NOT_CONNECTED,N/A_NOT_CONNECTED,[],"[""ANY_AVAILABLE""]",[],[],no trusted frozen-engine lifecycle read and no imported+consumed SOURCE_EXACT contract,False,True,True,4fc946b596d2095932637bc191f64c85d4bcd7d107c4598f7f20a2e00c447cf8
OB_PRICE_DEFER_MAX_DISTANCE_PCT,UNCONNECTED,False,False,BOTH,OB_PRICE_DEFER,,N/A_NOT_CONNECTED,N/A_NOT_CONNECTED,[],"[""ANY_AVAILABLE""]",[],[],no trusted frozen-engine lifecycle read and no imported+consumed SOURCE_EXACT contract,False,False,True,4fc946b596d2095932637bc191f64c85d4bcd7d107c4598f7f20a2e00c447cf8
OB_PRICE_DEFER_TTL_SEC,UNCONNECTED,False,False,BOTH,GLOBAL,,N/A_NOT_CONNECTED,N/A_NOT_CONNECTED,[],"[""ANY_AVAILABLE""]",[],[],no trusted frozen-engine lifecycle read and no imported+consumed SOURCE_EXACT contract,False,False,True,4fc946b596d2095932637bc191f64c85d4bcd7d107c4598f7f20a2e00c447cf8
OI_CONFIRM_ENABLED,DEFERRED,False,False,BOTH,FILTER,,N/A_NOT_CONNECTED,N/A_NOT_CONNECTED,[],"[""ANY_AVAILABLE""]",[],[],v12_reentry_augment_filter_gap_batch9=SOURCE_EXACT_NOT_INTEGRATED,False,True,True,4fc946b596d2095932637bc191f64c85d4bcd7d107c4598f7f20a2e00c447cf8
OI_CONFIRM_MIN_CHANGE_PCT,DEFERRED,False,False,BOTH,FILTER,,N/A_NOT_CONNECTED,N/A_NOT_CONNECTED,[],"[""ANY_AVAILABLE""]",[],[],v12_reentry_augment_filter_gap_batch9=SOURCE_EXACT_NOT_INTEGRATED,False,False,True,4fc946b596d2095932637bc191f64c85d4bcd7d107c4598f7f20a2e00c447cf8
OI_CONFIRM_MIN_PRICE_PCT,DEFERRED,False,False,BOTH,FILTER,,N/A_NOT_CONNECTED,N/A_NOT_CONNECTED,[],"[""ANY_AVAILABLE""]",[],[],v12_reentry_augment_filter_gap_batch9=SOURCE_EXACT_NOT_INTEGRATED,False,False,True,4fc946b596d2095932637bc191f64c85d4bcd7d107c4598f7f20a2e00c447cf8
OI_DIVERGENCE_ENABLED,UNCONNECTED,False,False,BOTH,OI_DIVERGENCE_ENABLED,,N/A_NOT_CONNECTED,N/A_NOT_CONNECTED,[],"[""ANY_AVAILABLE""]",[],[],no trusted frozen-engine lifecycle read and no imported+consumed SOURCE_EXACT contract,False,True,False,4fc946b596d2095932637bc191f64c85d4bcd7d107c4598f7f20a2e00c447cf8
OI_DIVERGENCE_PENALTY,UNCONNECTED,False,False,BOTH,OI_DIVERGENCE_PENALTY,,N/A_NOT_CONNECTED,N/A_NOT_CONNECTED,[],"[""ANY_AVAILABLE""]",[],[],no trusted frozen-engine lifecycle read and no imported+consumed SOURCE_EXACT contract,False,False,False,4fc946b596d2095932637bc191f64c85d4bcd7d107c4598f7f20a2e00c447cf8
OI_GATE_ENABLED,UNCONNECTED,False,False,BOTH,OI_GATE_ENABLED,,N/A_NOT_CONNECTED,N/A_NOT_CONNECTED,[],"[""ANY_AVAILABLE""]",[],[],no trusted frozen-engine lifecycle read and no imported+consumed SOURCE_EXACT contract,False,False,False,4fc946b596d2095932637bc191f64c85d4bcd7d107c4598f7f20a2e00c447cf8
OI_GATE_OI_CHANGE_MIN,UNCONNECTED,False,False,BOTH,OI_GATE_OI,,N/A_NOT_CONNECTED,N/A_NOT_CONNECTED,[],"[""ANY_AVAILABLE""]",[],[],no trusted frozen-engine lifecycle read and no imported+consumed SOURCE_EXACT contract,False,False,False,4fc946b596d2095932637bc191f64c85d4bcd7d107c4598f7f20a2e00c447cf8
OI_HEDGE_GATE_ENABLED,CONNECTED_BOTH,True,True,BOTH,OI_HEDGE_GATE,HEDGE,native=3m;required=1h,native=5m;required=1h,[],"[""ANY_AVAILABLE""]",[],"[""v12_exit_reduce_gap_batch6:data/reports/V12_EXIT_REDUCE_STOP_GAP_BATCH6_CONTRACT.csv""]",trusted direct lifecycle read and/or imported+consumed SOURCE_EXACT contract applies to both venues,False,True,True,4fc946b596d2095932637bc191f64c85d4bcd7d107c4598f7f20a2e00c447cf8
OI_LIVE_REFRESH_HOURS,UNCONNECTED,False,False,BOTH,OI_LIVE_REFRESH,,N/A_NOT_CONNECTED,N/A_NOT_CONNECTED,[],"[""ANY_AVAILABLE""]",[],[],no trusted frozen-engine lifecycle read and no imported+consumed SOURCE_EXACT contract,False,False,False,4fc946b596d2095932637bc191f64c85d4bcd7d107c4598f7f20a2e00c447cf8
OPENING_BUFFER_NO_CLOSE_MINUTES,DEFERRED,False,False,BOTH,OPENING_BUFFER_NO,,N/A_NOT_CONNECTED,N/A_NOT_CONNECTED,"[""close_{tf}"",""high_{tf}"",""low_{tf}""]","[""ANY_AVAILABLE""]",[],[],v12_exit_reduce_gap_batch9=SOURCE_EXACT_NOT_INTEGRATED,False,False,True,4fc946b596d2095932637bc191f64c85d4bcd7d107c4598f7f20a2e00c447cf8
OPEN_INTENT_SIZE_GATES_ENABLED,UNCONNECTED,False,False,BOTH,VEC_OPEN_INTENT_SIZE_GATES,,N/A_NOT_CONNECTED,N/A_NOT_CONNECTED,[],"[""ANY_AVAILABLE""]",[],[],no trusted frozen-engine lifecycle read and no imported+consumed SOURCE_EXACT contract,False,False,False,4fc946b596d2095932637bc191f64c85d4bcd7d107c4598f7f20a2e00c447cf8
OPEN_INTENT_SIZE_GATES_FILTER_TF,UNCONNECTED,False,False,BOTH,VEC_OPEN_INTENT_SIZE_GATES,,N/A_NOT_CONNECTED,N/A_NOT_CONNECTED,[],"[""1m"",""3m"",""15m"",""1h"",""4h"",""D""]",[],[],no trusted frozen-engine lifecycle read and no imported+consumed SOURCE_EXACT contract,False,False,False,4fc946b596d2095932637bc191f64c85d4bcd7d107c4598f7f20a2e00c447cf8
OPEN_INTENT_SIZE_GATES_MIN_TFS,UNCONNECTED,False,False,BOTH,VEC_OPEN_INTENT_SIZE_GATES,,N/A_NOT_CONNECTED,N/A_NOT_CONNECTED,[],"[""ANY_AVAILABLE""]",[],[],no trusted frozen-engine lifecycle read and no imported+consumed SOURCE_EXACT contract,False,False,False,4fc946b596d2095932637bc191f64c85d4bcd7d107c4598f7f20a2e00c447cf8
OPEN_RATE_BREAKER_ENABLED,DEFERRED,False,False,BOTH,ENTRY,,N/A_NOT_CONNECTED,N/A_NOT_CONNECTED,"[""close_{tf}"",""high_{tf}"",""low_{tf}""]","[""ANY_AVAILABLE""]",[],[],blocked=PATTERN_ONLY_EXACT_ARRAY_BINDING_NOT_PROVEN;next_100_contract=NOT_INTEGRATED,False,True,True,4fc946b596d2095932637bc191f64c85d4bcd7d107c4598f7f20a2e00c447cf8
OPEN_RATE_MAX,DEFERRED,False,False,BOTH,ENTRY,,N/A_NOT_CONNECTED,N/A_NOT_CONNECTED,"[""close_{tf}"",""high_{tf}"",""low_{tf}""]","[""ANY_AVAILABLE""]",[],[],blocked=PATTERN_ONLY_EXACT_ARRAY_BINDING_NOT_PROVEN;next_100_contract=NOT_INTEGRATED,False,False,True,4fc946b596d2095932637bc191f64c85d4bcd7d107c4598f7f20a2e00c447cf8
OPEN_RATE_WINDOW_SEC,DEFERRED,False,False,BOTH,ENTRY,,N/A_NOT_CONNECTED,N/A_NOT_CONNECTED,"[""close_{tf}"",""high_{tf}"",""low_{tf}""]","[""ANY_AVAILABLE""]",[],[],blocked=PATTERN_ONLY_EXACT_ARRAY_BINDING_NOT_PROVEN;next_100_contract=NOT_INTEGRATED,False,False,True,4fc946b596d2095932637bc191f64c85d4bcd7d107c4598f7f20a2e00c447cf8
OPPOSITE_LOSER_DEEP_LOSS_PCT,CONNECTED_BOTH,True,True,BOTH,GLOBAL,REDUCE,native=3m,native=5m,[],"[""ANY_AVAILABLE""]",[],"[""v12_exit_reduce_gap_batch6:data/reports/V12_EXIT_REDUCE_STOP_GAP_BATCH6_CONTRACT.csv""]",trusted direct lifecycle read and/or imported+consumed SOURCE_EXACT contract applies to both venues,False,False,True,4fc946b596d2095932637bc191f64c85d4bcd7d107c4598f7f20a2e00c447cf8
OPPOSITE_LOSER_HEDGE_PROTECT_ENABLED,DEFERRED,False,False,BOTH,OPPOSITE_LOSER_HEDGE,,N/A_NOT_CONNECTED,N/A_NOT_CONNECTED,[],"[""ANY_AVAILABLE""]",[],[],v12_exit_reduce_gap_batch8=SOURCE_EXACT_NOT_INTEGRATED,False,True,True,4fc946b596d2095932637bc191f64c85d4bcd7d107c4598f7f20a2e00c447cf8
OPPOSITE_LOSER_HEDGE_PROTECT_MAX_GAIN,REJECTED_INERT,False,False,BOTH,OPPOSITE_LOSER_HEDGE,,N/A_NOT_CONNECTED,N/A_NOT_CONNECTED,[],"[""ANY_AVAILABLE""]",[],[],v12_exit_reduce_gap_batch8=REJECTED_SOURCE_INERT,False,False,False,4fc946b596d2095932637bc191f64c85d4bcd7d107c4598f7f20a2e00c447cf8
OPPOSITE_LOSER_HEDGE_PROTECT_REQUIRE_WT_3M,REJECTED_INERT,False,False,BOTH,OPPOSITE_LOSER_HEDGE,,N/A_NOT_CONNECTED,N/A_NOT_CONNECTED,"[""wt1_3m"",""wt2_3m""]","[""3m""]",[],[],v12_exit_reduce_gap_batch8=REJECTED_SOURCE_INERT,False,False,False,4fc946b596d2095932637bc191f64c85d4bcd7d107c4598f7f20a2e00c447cf8
OPTIMAL_HOLD_BARS_15M,UNCONNECTED,False,False,BOTH,OPTIMAL_HOLD_BARS,,N/A_NOT_CONNECTED,N/A_NOT_CONNECTED,[],"[""15m""]",[],[],no trusted frozen-engine lifecycle read and no imported+consumed SOURCE_EXACT contract,False,False,False,4fc946b596d2095932637bc191f64c85d4bcd7d107c4598f7f20a2e00c447cf8
OPTIMAL_HOLD_BARS_3M,UNCONNECTED,False,False,BOTH,GLOBAL,,N/A_NOT_CONNECTED,N/A_NOT_CONNECTED,[],"[""3m""]",[],[],no trusted frozen-engine lifecycle read and no imported+consumed SOURCE_EXACT contract,False,False,True,4fc946b596d2095932637bc191f64c85d4bcd7d107c4598f7f20a2e00c447cf8
OPTIONS_ALERT_ABS_LOSS_PP,UNCONNECTED,False,False,BOTH,OPTIONS_ALERT_ABS,,N/A_NOT_CONNECTED,N/A_NOT_CONNECTED,[],"[""ANY_AVAILABLE""]",[],[],no trusted frozen-engine lifecycle read and no imported+consumed SOURCE_EXACT contract,False,False,False,4fc946b596d2095932637bc191f64c85d4bcd7d107c4598f7f20a2e00c447cf8
OUTLIER_DETECTOR_ENABLED,UNCONNECTED,False,False,BOTH,GLOBAL,,N/A_NOT_CONNECTED,N/A_NOT_CONNECTED,[],"[""ANY_AVAILABLE""]",[],[],no trusted frozen-engine lifecycle read and no imported+consumed SOURCE_EXACT contract,False,True,True,4fc946b596d2095932637bc191f64c85d4bcd7d107c4598f7f20a2e00c447cf8
OUTLIER_RUNAWAY_ATR_FACTOR,UNCONNECTED,False,False,BOTH,GLOBAL,,N/A_NOT_CONNECTED,N/A_NOT_CONNECTED,"[""atr_{tf}""]","[""ANY_AVAILABLE""]",[],[],no trusted frozen-engine lifecycle read and no imported+consumed SOURCE_EXACT contract,False,False,True,4fc946b596d2095932637bc191f64c85d4bcd7d107c4598f7f20a2e00c447cf8
OUTLIER_SCAN_INTERVAL,UNCONNECTED,False,False,BOTH,GLOBAL,,N/A_NOT_CONNECTED,N/A_NOT_CONNECTED,[],"[""ANY_AVAILABLE""]",[],[],no trusted frozen-engine lifecycle read and no imported+consumed SOURCE_EXACT contract,False,False,True,4fc946b596d2095932637bc191f64c85d4bcd7d107c4598f7f20a2e00c447cf8
OUTLIER_STALE_HOURS,UNCONNECTED,False,False,BOTH,GLOBAL,,N/A_NOT_CONNECTED,N/A_NOT_CONNECTED,[],"[""ANY_AVAILABLE""]",[],[],no trusted frozen-engine lifecycle read and no imported+consumed SOURCE_EXACT contract,False,False,True,4fc946b596d2095932637bc191f64c85d4bcd7d107c4598f7f20a2e00c447cf8
OUTLIER_STUCK_ATR_FACTOR,UNCONNECTED,False,False,BOTH,GLOBAL,,N/A_NOT_CONNECTED,N/A_NOT_CONNECTED,"[""atr_{tf}""]","[""ANY_AVAILABLE""]",[],[],no trusted frozen-engine lifecycle read and no imported+consumed SOURCE_EXACT contract,False,False,True,4fc946b596d2095932637bc191f64c85d4bcd7d107c4598f7f20a2e00c447cf8
OUTLIER_STUCK_HOURS,UNCONNECTED,False,False,BOTH,GLOBAL,,N/A_NOT_CONNECTED,N/A_NOT_CONNECTED,[],"[""ANY_AVAILABLE""]",[],[],no trusted frozen-engine lifecycle read and no imported+consumed SOURCE_EXACT contract,False,False,True,4fc946b596d2095932637bc191f64c85d4bcd7d107c4598f7f20a2e00c447cf8
OVERBOUGHT_SCORE_GUT_BREAKOUT_BYPASS,DEFERRED,False,False,BOTH,ENTRY,,N/A_NOT_CONNECTED,N/A_NOT_CONNECTED,"[""close_{tf}"",""high_{tf}"",""low_{tf}""]","[""ANY_AVAILABLE""]",[],[],next_100_contract=NOT_INTEGRATED,False,False,True,4fc946b596d2095932637bc191f64c85d4bcd7d107c4598f7f20a2e00c447cf8
PARTIAL_PROFIT_LOCK_ACCOUNTS,UNCONNECTED,False,False,BOTH,REDUCE,,N/A_NOT_CONNECTED,N/A_NOT_CONNECTED,"[""close_{tf}"",""high_{tf}"",""low_{tf}""]","[""ANY_AVAILABLE""]",[],[],no trusted frozen-engine lifecycle read and no imported+consumed SOURCE_EXACT contract,False,False,True,4fc946b596d2095932637bc191f64c85d4bcd7d107c4598f7f20a2e00c447cf8
PARTIAL_PROFIT_LOCK_ACCOUNTS_TRADIER,VENUE_SPECIFIC_BY_SOURCE,False,False,TRADIER,PARTIAL_PROFIT_LOCK,,N/A_NOT_CONNECTED,N/A_NOT_CONNECTED,[],"[""ANY_AVAILABLE""]",[],[],source scope is TRADIER; no trusted frozen-engine causal integration,False,False,True,4fc946b596d2095932637bc191f64c85d4bcd7d107c4598f7f20a2e00c447cf8
PARTIAL_PROFIT_LOCK_ARM_GAIN_PCT,UNCONNECTED,False,False,BOTH,PARTIAL_PROFIT_LOCK,,N/A_NOT_CONNECTED,N/A_NOT_CONNECTED,[],"[""ANY_AVAILABLE""]",[],[],no trusted frozen-engine lifecycle read and no imported+consumed SOURCE_EXACT contract,False,False,False,4fc946b596d2095932637bc191f64c85d4bcd7d107c4598f7f20a2e00c447cf8
PARTIAL_PROFIT_LOCK_BE_BUFFER_PCT,UNCONNECTED,False,False,BOTH,PARTIAL_PROFIT_LOCK,,N/A_NOT_CONNECTED,N/A_NOT_CONNECTED,[],"[""ANY_AVAILABLE""]",[],[],no trusted frozen-engine lifecycle read and no imported+consumed SOURCE_EXACT contract,False,False,False,4fc946b596d2095932637bc191f64c85d4bcd7d107c4598f7f20a2e00c447cf8
PARTIAL_PROFIT_LOCK_FRAC,CONNECTED_BOTH,True,True,BOTH,REDUCE,AUGMENT|REDUCE,native=3m,native=5m,"[""close_{tf}"",""high_{tf}"",""low_{tf}""]","[""ANY_AVAILABLE""]",[],"[""v12_exit_reduce_gap_batch6:data/reports/V12_EXIT_REDUCE_STOP_GAP_BATCH6_CONTRACT.csv""]",trusted direct lifecycle read and/or imported+consumed SOURCE_EXACT contract applies to both venues,False,True,True,4fc946b596d2095932637bc191f64c85d4bcd7d107c4598f7f20a2e00c447cf8
PARTIAL_PROFIT_LOCK_GAIN_PCT,UNCONNECTED,False,False,BOTH,PARTIAL_PROFIT_LOCK,,N/A_NOT_CONNECTED,N/A_NOT_CONNECTED,[],"[""ANY_AVAILABLE""]",[],[],no trusted frozen-engine lifecycle read and no imported+consumed SOURCE_EXACT contract,False,False,False,4fc946b596d2095932637bc191f64c85d4bcd7d107c4598f7f20a2e00c447cf8
PARTIAL_PROFIT_LOCK_USE_MAKER,REJECTED_INERT,False,False,BOTH,REDUCE,,N/A_NOT_CONNECTED,N/A_NOT_CONNECTED,"[""close_{tf}"",""high_{tf}"",""low_{tf}""]","[""ANY_AVAILABLE""]",[],[],v12_exit_reduce_gap_batch5=REJECTED_EXECUTION_ONLY,False,False,True,4fc946b596d2095932637bc191f64c85d4bcd7d107c4598f7f20a2e00c447cf8
PARTIAL_PROFIT_LOCK_V2_ENABLED,UNCONNECTED,False,False,BOTH,VEC_PARTIAL_PROFIT_LOCK_V2,,N/A_NOT_CONNECTED,N/A_NOT_CONNECTED,[],"[""ANY_AVAILABLE""]",[],[],no trusted frozen-engine lifecycle read and no imported+consumed SOURCE_EXACT contract,False,False,False,4fc946b596d2095932637bc191f64c85d4bcd7d107c4598f7f20a2e00c447cf8
PARTIAL_PROFIT_LOCK_V2_FILTER_TF,UNCONNECTED,False,False,BOTH,VEC_PARTIAL_PROFIT_LOCK_V2,,N/A_NOT_CONNECTED,N/A_NOT_CONNECTED,[],"[""1m"",""3m"",""15m"",""1h"",""4h"",""D""]",[],[],no trusted frozen-engine lifecycle read and no imported+consumed SOURCE_EXACT contract,False,False,False,4fc946b596d2095932637bc191f64c85d4bcd7d107c4598f7f20a2e00c447cf8
PARTIAL_PROFIT_LOCK_V2_MIN_TFS,UNCONNECTED,False,False,BOTH,VEC_PARTIAL_PROFIT_LOCK_V2,,N/A_NOT_CONNECTED,N/A_NOT_CONNECTED,[],"[""ANY_AVAILABLE""]",[],[],no trusted frozen-engine lifecycle read and no imported+consumed SOURCE_EXACT contract,False,False,False,4fc946b596d2095932637bc191f64c85d4bcd7d107c4598f7f20a2e00c447cf8
PEAK_GIVEBACK_BE_EROSION_ENABLED,UNCONNECTED,False,False,BOTH,VEC_PEAK_GIVEBACK_BE_EROSION,,N/A_NOT_CONNECTED,N/A_NOT_CONNECTED,[],"[""ANY_AVAILABLE""]",[],[],no trusted frozen-engine lifecycle read and no imported+consumed SOURCE_EXACT contract,False,False,False,4fc946b596d2095932637bc191f64c85d4bcd7d107c4598f7f20a2e00c447cf8
PEAK_GIVEBACK_BE_EROSION_FILTER_TF,UNCONNECTED,False,False,BOTH,VEC_PEAK_GIVEBACK_BE_EROSION,,N/A_NOT_CONNECTED,N/A_NOT_CONNECTED,[],"[""1m"",""3m"",""15m"",""1h"",""4h"",""D""]",[],[],no trusted frozen-engine lifecycle read and no imported+consumed SOURCE_EXACT contract,False,False,False,4fc946b596d2095932637bc191f64c85d4bcd7d107c4598f7f20a2e00c447cf8
PEAK_GIVEBACK_BE_EROSION_MIN_TFS,UNCONNECTED,False,False,BOTH,VEC_PEAK_GIVEBACK_BE_EROSION,,N/A_NOT_CONNECTED,N/A_NOT_CONNECTED,[],"[""ANY_AVAILABLE""]",[],[],no trusted frozen-engine lifecycle read and no imported+consumed SOURCE_EXACT contract,False,False,False,4fc946b596d2095932637bc191f64c85d4bcd7d107c4598f7f20a2e00c447cf8
PEAK_GIVEBACK_DROP_TRIGGER_ENABLED,CONNECTED_BOTH,True,True,BOTH,REDUCE,REDUCE,native=3m,native=5m,"[""close_{tf}"",""high_{tf}"",""low_{tf}""]","[""ANY_AVAILABLE""]",[],"[""v12_exit_reduce_gap_batch2:data/reports/V12_EXIT_REDUCE_STOP_GAP_BATCH2_CONTRACT.csv""]",trusted direct lifecycle read and/or imported+consumed SOURCE_EXACT contract applies to both venues,False,True,True,4fc946b596d2095932637bc191f64c85d4bcd7d107c4598f7f20a2e00c447cf8
PEAK_GIVEBACK_FIXED_DROP_PCT,UNCONNECTED,False,False,BOTH,PEAK_GIVEBACK_FIXED,,N/A_NOT_CONNECTED,N/A_NOT_CONNECTED,[],"[""ANY_AVAILABLE""]",[],[],no trusted frozen-engine lifecycle read and no imported+consumed SOURCE_EXACT contract,False,False,False,4fc946b596d2095932637bc191f64c85d4bcd7d107c4598f7f20a2e00c447cf8
PEAK_GIVEBACK_FIXED_MIN_PEAK_PCT,UNCONNECTED,False,False,BOTH,PEAK_GIVEBACK_FIXED,,N/A_NOT_CONNECTED,N/A_NOT_CONNECTED,[],"[""ANY_AVAILABLE""]",[],[],no trusted frozen-engine lifecycle read and no imported+consumed SOURCE_EXACT contract,False,False,False,4fc946b596d2095932637bc191f64c85d4bcd7d107c4598f7f20a2e00c447cf8
PEAK_GIVEBACK_FIXED_PCT_ENABLED,UNCONNECTED,False,False,BOTH,PEAK_GIVEBACK_FIXED,,N/A_NOT_CONNECTED,N/A_NOT_CONNECTED,[],"[""ANY_AVAILABLE""]",[],[],no trusted frozen-engine lifecycle read and no imported+consumed SOURCE_EXACT contract,False,False,False,4fc946b596d2095932637bc191f64c85d4bcd7d107c4598f7f20a2e00c447cf8
PEAK_PROTECT_ENABLED,UNCONNECTED,False,False,BOTH,PEAK_PROTECT_ENABLED,,N/A_NOT_CONNECTED,N/A_NOT_CONNECTED,[],"[""ANY_AVAILABLE""]",[],[],no trusted frozen-engine lifecycle read and no imported+consumed SOURCE_EXACT contract,False,False,False,4fc946b596d2095932637bc191f64c85d4bcd7d107c4598f7f20a2e00c447cf8
PEAK_PROTECT_REQUIRE_GAIN,UNCONNECTED,False,False,BOTH,PEAK_PROTECT_REQUIRE,,N/A_NOT_CONNECTED,N/A_NOT_CONNECTED,[],"[""ANY_AVAILABLE""]",[],[],no trusted frozen-engine lifecycle read and no imported+consumed SOURCE_EXACT contract,False,False,False,4fc946b596d2095932637bc191f64c85d4bcd7d107c4598f7f20a2e00c447cf8
QUALITY_BOTTOM_ENTRY_ENABLED,DEFERRED,False,False,BOTH,ENTRY,,N/A_NOT_CONNECTED,N/A_NOT_CONNECTED,"[""close_{tf}"",""high_{tf}"",""low_{tf}""]","[""ANY_AVAILABLE""]",[],[],blocked=PATTERN_ONLY_EXACT_ARRAY_BINDING_NOT_PROVEN;next_100_contract=NOT_INTEGRATED,False,True,True,4fc946b596d2095932637bc191f64c85d4bcd7d107c4598f7f20a2e00c447cf8
QUALITY_BOTTOM_ENTRY_FILTER_TF,UNCONNECTED,False,False,BOTH,VEC_QUALITY_BOTTOM_ENTRY,,N/A_NOT_CONNECTED,N/A_NOT_CONNECTED,"[""close_15m"",""close_1h"",""close_1m"",""close_3m"",""close_4h"",""close_D"",""high_15m"",""high_1h"",""high_1m"",""high_3m"",""high_4h"",""high_D"",""low_15m"",""low_1h"",""low_1m"",""low_3m"",""low_4h"",""low_D""]","[""1m"",""3m"",""15m"",""1h"",""4h"",""D""]",[],[],no trusted frozen-engine lifecycle read and no imported+consumed SOURCE_EXACT contract,False,False,False,4fc946b596d2095932637bc191f64c85d4bcd7d107c4598f7f20a2e00c447cf8
QUALITY_BOTTOM_ENTRY_MIN_TFS,UNCONNECTED,False,False,BOTH,VEC_QUALITY_BOTTOM_ENTRY,,N/A_NOT_CONNECTED,N/A_NOT_CONNECTED,"[""close_{tf}"",""high_{tf}"",""low_{tf}""]","[""ANY_AVAILABLE""]",[],[],no trusted frozen-engine lifecycle read and no imported+consumed SOURCE_EXACT contract,False,False,False,4fc946b596d2095932637bc191f64c85d4bcd7d107c4598f7f20a2e00c447cf8
QUALITY_TOP_EXIT_ENABLED,REJECTED_INERT,False,False,BOTH,EXIT,,N/A_NOT_CONNECTED,N/A_NOT_CONNECTED,"[""close_{tf}"",""high_{tf}"",""low_{tf}""]","[""ANY_AVAILABLE""]",[],[],v12_exit_reduce_gap_batch4=REJECTED_CENSUS_ONLY,False,True,True,4fc946b596d2095932637bc191f64c85d4bcd7d107c4598f7f20a2e00c447cf8
QUALITY_TOP_EXIT_FILTER_TF,UNCONNECTED,False,False,BOTH,VEC_QUALITY_TOP_EXIT,,N/A_NOT_CONNECTED,N/A_NOT_CONNECTED,"[""close_15m"",""close_1h"",""close_1m"",""close_3m"",""close_4h"",""close_D"",""high_15m"",""high_1h"",""high_1m"",""high_3m"",""high_4h"",""high_D"",""low_15m"",""low_1h"",""low_1m"",""low_3m"",""low_4h"",""low_D""]","[""1m"",""3m"",""15m"",""1h"",""4h"",""D""]",[],[],no trusted frozen-engine lifecycle read and no imported+consumed SOURCE_EXACT contract,False,False,False,4fc946b596d2095932637bc191f64c85d4bcd7d107c4598f7f20a2e00c447cf8
QUALITY_TOP_EXIT_MIN_TFS,UNCONNECTED,False,False,BOTH,VEC_QUALITY_TOP_EXIT,,N/A_NOT_CONNECTED,N/A_NOT_CONNECTED,"[""close_{tf}"",""high_{tf}"",""low_{tf}""]","[""ANY_AVAILABLE""]",[],[],no trusted frozen-engine lifecycle read and no imported+consumed SOURCE_EXACT contract,False,False,False,4fc946b596d2095932637bc191f64c85d4bcd7d107c4598f7f20a2e00c447cf8
QUARANTINE_STRATEGY_VALIDATION_ENABLED,UNCONNECTED,False,False,BOTH,VEC_QUARANTINE_STRATEGY_VALIDATION,,N/A_NOT_CONNECTED,N/A_NOT_CONNECTED,[],"[""ANY_AVAILABLE""]",[],[],no trusted frozen-engine lifecycle read and no imported+consumed SOURCE_EXACT contract,False,False,False,4fc946b596d2095932637bc191f64c85d4bcd7d107c4598f7f20a2e00c447cf8
QUARANTINE_STRATEGY_VALIDATION_FILTER_TF,UNCONNECTED,False,False,BOTH,VEC_QUARANTINE_STRATEGY_VALIDATION,,N/A_NOT_CONNECTED,N/A_NOT_CONNECTED,[],"[""1m"",""3m"",""15m"",""1h"",""4h"",""D""]",[],[],no trusted frozen-engine lifecycle read and no imported+consumed SOURCE_EXACT contract,False,False,False,4fc946b596d2095932637bc191f64c85d4bcd7d107c4598f7f20a2e00c447cf8
QUARANTINE_STRATEGY_VALIDATION_MIN_TFS,UNCONNECTED,False,False,BOTH,VEC_QUARANTINE_STRATEGY_VALIDATION,,N/A_NOT_CONNECTED,N/A_NOT_CONNECTED,[],"[""ANY_AVAILABLE""]",[],[],no trusted frozen-engine lifecycle read and no imported+consumed SOURCE_EXACT contract,False,False,False,4fc946b596d2095932637bc191f64c85d4bcd7d107c4598f7f20a2e00c447cf8
QUICK_BANDAID_OFF_VEC_ENABLED,UNCONNECTED,False,False,BOTH,QUICK_BANDAID_OFF,,N/A_NOT_CONNECTED,N/A_NOT_CONNECTED,[],"[""ANY_AVAILABLE""]",[],[],no trusted frozen-engine lifecycle read and no imported+consumed SOURCE_EXACT contract,False,True,False,4fc946b596d2095932637bc191f64c85d4bcd7d107c4598f7f20a2e00c447cf8
QUICK_BREAKEVEN_GAIN_EROSION_VEC_ENABLED,UNCONNECTED,False,False,BOTH,QUICK_BREAKEVEN_GAIN,,N/A_NOT_CONNECTED,N/A_NOT_CONNECTED,"[""close_{tf}"",""high_{tf}"",""low_{tf}""]","[""ANY_AVAILABLE""]",[],[],no trusted frozen-engine lifecycle read and no imported+consumed SOURCE_EXACT contract,False,True,False,4fc946b596d2095932637bc191f64c85d4bcd7d107c4598f7f20a2e00c447cf8
QUICK_CYCLE_TP_MIN_GAIN_PCT,UNCONNECTED,False,False,BOTH,QUICK_CYCLE_TP,,N/A_NOT_CONNECTED,N/A_NOT_CONNECTED,[],"[""ANY_AVAILABLE""]",[],[],no trusted frozen-engine lifecycle read and no imported+consumed SOURCE_EXACT contract,False,True,False,4fc946b596d2095932637bc191f64c85d4bcd7d107c4598f7f20a2e00c447cf8
QUICK_CYCLE_TP_REDUCE_FRAC,UNCONNECTED,False,False,BOTH,QUICK_CYCLE_TP,,N/A_NOT_CONNECTED,N/A_NOT_CONNECTED,"[""close_{tf}"",""high_{tf}"",""low_{tf}""]","[""ANY_AVAILABLE""]",[],[],no trusted frozen-engine lifecycle read and no imported+consumed SOURCE_EXACT contract,False,True,False,4fc946b596d2095932637bc191f64c85d4bcd7d107c4598f7f20a2e00c447cf8
QUICK_CYCLE_TP_STOCH_AGAINST_VEC_ENABLED,UNCONNECTED,False,False,BOTH,QUICK_CYCLE_TP,,N/A_NOT_CONNECTED,N/A_NOT_CONNECTED,"[""stoch_d_{tf}"",""stoch_k_{tf}""]","[""ANY_AVAILABLE""]",[],[],no trusted frozen-engine lifecycle read and no imported+consumed SOURCE_EXACT contract,False,True,False,4fc946b596d2095932637bc191f64c85d4bcd7d107c4598f7f20a2e00c447cf8
QUICK_HEDGE_SAME_SYM_LAST_RESORT_AGE_MIN,REJECTED_INERT,False,False,BOTH,QUICK_HEDGE_SAME,,N/A_NOT_CONNECTED,N/A_NOT_CONNECTED,[],"[""ANY_AVAILABLE""]",[],[],v12_exit_reduce_gap_batch8=REJECTED_NO_SOURCE_SEMANTICS,False,True,False,4fc946b596d2095932637bc191f64c85d4bcd7d107c4598f7f20a2e00c447cf8
QUICK_HEDGE_SAME_SYM_LAST_RESORT_ENABLED,DEFERRED,False,False,BOTH,QUICK_HEDGE_SAME,,N/A_NOT_CONNECTED,N/A_NOT_CONNECTED,[],"[""ANY_AVAILABLE""]",[],[],v12_exit_reduce_gap_batch8=SOURCE_EXACT_NOT_INTEGRATED,False,True,True,4fc946b596d2095932637bc191f64c85d4bcd7d107c4598f7f20a2e00c447cf8
QUICK_HEDGE_SAME_SYM_LAST_RESORT_GAIN_PCT,REJECTED_INERT,False,False,BOTH,QUICK_HEDGE_SAME,,N/A_NOT_CONNECTED,N/A_NOT_CONNECTED,[],"[""ANY_AVAILABLE""]",[],[],v12_exit_reduce_gap_batch8=REJECTED_NO_SOURCE_SEMANTICS,False,True,False,4fc946b596d2095932637bc191f64c85d4bcd7d107c4598f7f20a2e00c447cf8
QUICK_HEDGE_SAME_SYM_LAST_RESORT_QTY_PCT,REJECTED_INERT,False,False,BOTH,QUICK_HEDGE_SAME,,N/A_NOT_CONNECTED,N/A_NOT_CONNECTED,[],"[""ANY_AVAILABLE""]",[],[],v12_exit_reduce_gap_batch8=REJECTED_NO_SOURCE_SEMANTICS,False,True,False,4fc946b596d2095932637bc191f64c85d4bcd7d107c4598f7f20a2e00c447cf8
QUICK_HEDGE_SAME_SYM_LAST_RESORT_VEC_ENABLED,REJECTED_INERT,False,False,BOTH,QUICK_HEDGE_SAME,,N/A_NOT_CONNECTED,N/A_NOT_CONNECTED,[],"[""ANY_AVAILABLE""]",[],[],v12_exit_reduce_gap_batch8=REJECTED_NO_SOURCE_SEMANTICS,False,True,False,4fc946b596d2095932637bc191f64c85d4bcd7d107c4598f7f20a2e00c447cf8
QUICK_OPEN_STRONG_BB_LONG_MAX,DEFERRED,False,False,BOTH,QUICK_OPEN_STRONG,,N/A_NOT_CONNECTED,N/A_NOT_CONNECTED,"[""bb_lower_{tf}"",""bb_pct_b_{tf}"",""bb_upper_{tf}"",""close_{tf}"",""high_{tf}"",""low_{tf}""]","[""ANY_AVAILABLE""]",[],[],blocked=AUTHORITATIVE_VEC_HELPER_SELF_LABELS_5_OF_10_APPROXIMATION;next_100_contract=NOT_INTEGRATED,False,True,False,4fc946b596d2095932637bc191f64c85d4bcd7d107c4598f7f20a2e00c447cf8
QUICK_OPEN_STRONG_BB_SHORT_MIN,DEFERRED,False,False,BOTH,QUICK_OPEN_STRONG,,N/A_NOT_CONNECTED,N/A_NOT_CONNECTED,"[""bb_lower_{tf}"",""bb_pct_b_{tf}"",""bb_upper_{tf}"",""close_{tf}"",""high_{tf}"",""low_{tf}""]","[""ANY_AVAILABLE""]",[],[],blocked=AUTHORITATIVE_VEC_HELPER_SELF_LABELS_5_OF_10_APPROXIMATION;next_100_contract=NOT_INTEGRATED,False,True,False,4fc946b596d2095932637bc191f64c85d4bcd7d107c4598f7f20a2e00c447cf8
QUICK_OPEN_STRONG_DC_LONG_MAX,DEFERRED,False,False,BOTH,QUICK_OPEN_STRONG,,N/A_NOT_CONNECTED,N/A_NOT_CONNECTED,"[""close_{tf}"",""dc_basis_{tf}"",""dc_high_{tf}"",""dc_low_{tf}"",""high_{tf}"",""low_{tf}""]","[""ANY_AVAILABLE""]",[],[],blocked=AUTHORITATIVE_VEC_HELPER_SELF_LABELS_5_OF_10_APPROXIMATION;next_100_contract=NOT_INTEGRATED,False,True,False,4fc946b596d2095932637bc191f64c85d4bcd7d107c4598f7f20a2e00c447cf8
QUICK_OPEN_STRONG_DC_SHORT_MIN,DEFERRED,False,False,BOTH,QUICK_OPEN_STRONG,,N/A_NOT_CONNECTED,N/A_NOT_CONNECTED,"[""close_{tf}"",""dc_basis_{tf}"",""dc_high_{tf}"",""dc_low_{tf}"",""high_{tf}"",""low_{tf}""]","[""ANY_AVAILABLE""]",[],[],blocked=AUTHORITATIVE_VEC_HELPER_SELF_LABELS_5_OF_10_APPROXIMATION;next_100_contract=NOT_INTEGRATED,False,True,False,4fc946b596d2095932637bc191f64c85d4bcd7d107c4598f7f20a2e00c447cf8
QUICK_OPEN_STRONG_K_LONG_MAX,DEFERRED,False,False,BOTH,QUICK_OPEN_STRONG,,N/A_NOT_CONNECTED,N/A_NOT_CONNECTED,"[""close_{tf}"",""high_{tf}"",""low_{tf}""]","[""ANY_AVAILABLE""]",[],[],blocked=AUTHORITATIVE_VEC_HELPER_SELF_LABELS_5_OF_10_APPROXIMATION;next_100_contract=NOT_INTEGRATED,False,True,False,4fc946b596d2095932637bc191f64c85d4bcd7d107c4598f7f20a2e00c447cf8
QUICK_OPEN_STRONG_K_SHORT_MIN,DEFERRED,False,False,BOTH,QUICK_OPEN_STRONG,,N/A_NOT_CONNECTED,N/A_NOT_CONNECTED,"[""close_{tf}"",""high_{tf}"",""low_{tf}""]","[""ANY_AVAILABLE""]",[],[],blocked=AUTHORITATIVE_VEC_HELPER_SELF_LABELS_5_OF_10_APPROXIMATION;next_100_contract=NOT_INTEGRATED,False,True,False,4fc946b596d2095932637bc191f64c85d4bcd7d107c4598f7f20a2e00c447cf8
QUICK_OPEN_STRONG_VEC_ENABLED,DEFERRED,False,False,BOTH,QUICK_OPEN_STRONG,,N/A_NOT_CONNECTED,N/A_NOT_CONNECTED,"[""close_{tf}"",""high_{tf}"",""low_{tf}""]","[""ANY_AVAILABLE""]",[],[],blocked=PATTERN_ONLY_EXACT_ARRAY_BINDING_NOT_PROVEN;next_100_contract=NOT_INTEGRATED,False,True,False,4fc946b596d2095932637bc191f64c85d4bcd7d107c4598f7f20a2e00c447cf8
QUICK_OPEN_STRONG_VEL_MIN,DEFERRED,False,False,BOTH,QUICK_OPEN_STRONG,,N/A_NOT_CONNECTED,N/A_NOT_CONNECTED,"[""close_{tf}"",""high_{tf}"",""low_{tf}""]","[""ANY_AVAILABLE""]",[],[],blocked=AUTHORITATIVE_VEC_HELPER_SELF_LABELS_5_OF_10_APPROXIMATION;next_100_contract=NOT_INTEGRATED,False,True,False,4fc946b596d2095932637bc191f64c85d4bcd7d107c4598f7f20a2e00c447cf8
QUICK_RECOVERY_WINDOW_MIN,UNCONNECTED,False,False,BOTH,GLOBAL,,N/A_NOT_CONNECTED,N/A_NOT_CONNECTED,[],"[""ANY_AVAILABLE""]",[],[],no trusted frozen-engine lifecycle read and no imported+consumed SOURCE_EXACT contract,False,False,True,4fc946b596d2095932637bc191f64c85d4bcd7d107c4598f7f20a2e00c447cf8
QUICK_REDUCE_STRONG_REDUCE_VEC_ENABLED,UNCONNECTED,False,False,BOTH,QUICK_REDUCE_STRONG,,N/A_NOT_CONNECTED,N/A_NOT_CONNECTED,"[""close_{tf}"",""high_{tf}"",""low_{tf}""]","[""ANY_AVAILABLE""]",[],[],no trusted frozen-engine lifecycle read and no imported+consumed SOURCE_EXACT contract,False,True,False,4fc946b596d2095932637bc191f64c85d4bcd7d107c4598f7f20a2e00c447cf8
QUICK_REDUCE_TECHNICAL_ONLY,CONNECTED_BOTH,True,True,BOTH,REDUCE,REDUCE,native=3m,native=5m,"[""close_{tf}"",""high_{tf}"",""low_{tf}""]","[""ANY_AVAILABLE""]",[],"[""v12_exit_reduce_gap_batch2:data/reports/V12_EXIT_REDUCE_STOP_GAP_BATCH2_CONTRACT.csv""]",trusted direct lifecycle read and/or imported+consumed SOURCE_EXACT contract applies to both venues,False,True,True,4fc946b596d2095932637bc191f64c85d4bcd7d107c4598f7f20a2e00c447cf8
QUICK_REENTRY_60MIN_MIN_PCT,UNCONNECTED,False,False,BOTH,S2_BTC_BEST_MISSING_14,,N/A_NOT_CONNECTED,N/A_NOT_CONNECTED,"[""close_{tf}"",""high_{tf}"",""low_{tf}""]","[""ANY_AVAILABLE""]",[],[],no trusted frozen-engine lifecycle read and no imported+consumed SOURCE_EXACT contract,False,False,False,4fc946b596d2095932637bc191f64c85d4bcd7d107c4598f7f20a2e00c447cf8
QUICK_SENTIMENT_CUT_GAIN_VEC_ENABLED,UNCONNECTED,False,False,BOTH,QUICK_SENTIMENT_CUT,,N/A_NOT_CONNECTED,N/A_NOT_CONNECTED,[],"[""ANY_AVAILABLE""]",[],[],no trusted frozen-engine lifecycle read and no imported+consumed SOURCE_EXACT contract,False,True,False,4fc946b596d2095932637bc191f64c85d4bcd7d107c4598f7f20a2e00c447cf8
QUICK_SENTIMENT_CUT_MIN_GAIN,UNCONNECTED,False,False,BOTH,QUICK_SENTIMENT_CUT,,N/A_NOT_CONNECTED,N/A_NOT_CONNECTED,[],"[""ANY_AVAILABLE""]",[],[],no trusted frozen-engine lifecycle read and no imported+consumed SOURCE_EXACT contract,False,True,False,4fc946b596d2095932637bc191f64c85d4bcd7d107c4598f7f20a2e00c447cf8
QUICK_SENTIMENT_CUT_REDUCE_FRAC,UNCONNECTED,False,False,BOTH,QUICK_SENTIMENT_CUT,,N/A_NOT_CONNECTED,N/A_NOT_CONNECTED,"[""close_{tf}"",""high_{tf}"",""low_{tf}""]","[""ANY_AVAILABLE""]",[],[],no trusted frozen-engine lifecycle read and no imported+consumed SOURCE_EXACT contract,False,True,False,4fc946b596d2095932637bc191f64c85d4bcd7d107c4598f7f20a2e00c447cf8
RED_ZONE_AUGMENT_GATE_ENABLED,UNCONNECTED,False,False,BOTH,AUGMENT,,N/A_NOT_CONNECTED,N/A_NOT_CONNECTED,"[""close_{tf}"",""high_{tf}"",""low_{tf}""]","[""ANY_AVAILABLE""]",[],[],no trusted frozen-engine lifecycle read and no imported+consumed SOURCE_EXACT contract,False,True,True,4fc946b596d2095932637bc191f64c85d4bcd7d107c4598f7f20a2e00c447cf8
RED_ZONE_FALLBACK_K15_HIGH,UNCONNECTED,False,False,BOTH,GLOBAL,,N/A_NOT_CONNECTED,N/A_NOT_CONNECTED,[],"[""ANY_AVAILABLE""]",[],[],no trusted frozen-engine lifecycle read and no imported+consumed SOURCE_EXACT contract,False,False,True,4fc946b596d2095932637bc191f64c85d4bcd7d107c4598f7f20a2e00c447cf8
RED_ZONE_FALLBACK_K15_LOW,UNCONNECTED,False,False,BOTH,GLOBAL,,N/A_NOT_CONNECTED,N/A_NOT_CONNECTED,[],"[""ANY_AVAILABLE""]",[],[],no trusted frozen-engine lifecycle read and no imported+consumed SOURCE_EXACT contract,False,False,True,4fc946b596d2095932637bc191f64c85d4bcd7d107c4598f7f20a2e00c447cf8
RED_ZONE_GATE_ENABLED,UNCONNECTED,False,False,BOTH,FILTER,,N/A_NOT_CONNECTED,N/A_NOT_CONNECTED,[],"[""ANY_AVAILABLE""]",[],[],no trusted frozen-engine lifecycle read and no imported+consumed SOURCE_EXACT contract,False,True,True,4fc946b596d2095932637bc191f64c85d4bcd7d107c4598f7f20a2e00c447cf8
RED_ZONE_GATE_FALLBACK_ENABLED,UNCONNECTED,False,False,BOTH,FILTER,,N/A_NOT_CONNECTED,N/A_NOT_CONNECTED,[],"[""ANY_AVAILABLE""]",[],[],no trusted frozen-engine lifecycle read and no imported+consumed SOURCE_EXACT contract,False,True,True,4fc946b596d2095932637bc191f64c85d4bcd7d107c4598f7f20a2e00c447cf8
RED_ZONE_HEDGE_GATE_ENABLED,CONNECTED_BOTH,True,True,BOTH,RED_ZONE_HEDGE,HEDGE,native=3m;required=1m|15m|1h|4h,native=5m;required=1m|15m|1h|4h,[],"[""ANY_AVAILABLE""]",[],"[""v12_exit_reduce_gap_batch6:data/reports/V12_EXIT_REDUCE_STOP_GAP_BATCH6_CONTRACT.csv""]",trusted direct lifecycle read and/or imported+consumed SOURCE_EXACT contract applies to both venues,False,True,True,4fc946b596d2095932637bc191f64c85d4bcd7d107c4598f7f20a2e00c447cf8
RED_ZONE_MIN_DISTANCE_PCT,UNCONNECTED,False,False,BOTH,GLOBAL,,N/A_NOT_CONNECTED,N/A_NOT_CONNECTED,[],"[""ANY_AVAILABLE""]",[],[],no trusted frozen-engine lifecycle read and no imported+consumed SOURCE_EXACT contract,False,False,True,4fc946b596d2095932637bc191f64c85d4bcd7d107c4598f7f20a2e00c447cf8
RED_ZONE_MIN_WALL_NOTIONAL_USD,UNCONNECTED,False,False,BOTH,SIZING,,N/A_NOT_CONNECTED,N/A_NOT_CONNECTED,[],"[""ANY_AVAILABLE""]",[],[],no trusted frozen-engine lifecycle read and no imported+consumed SOURCE_EXACT contract,False,False,True,4fc946b596d2095932637bc191f64c85d4bcd7d107c4598f7f20a2e00c447cf8
RED_ZONE_STALE_MAX_SEC,UNCONNECTED,False,False,BOTH,GLOBAL,,N/A_NOT_CONNECTED,N/A_NOT_CONNECTED,[],"[""ANY_AVAILABLE""]",[],[],no trusted frozen-engine lifecycle read and no imported+consumed SOURCE_EXACT contract,False,False,True,4fc946b596d2095932637bc191f64c85d4bcd7d107c4598f7f20a2e00c447cf8
REENTER_ORPHAN_THRESHOLD,UNCONNECTED,False,False,BOTH,REENTER_ORPHAN_THRESHOLD,,N/A_NOT_CONNECTED,N/A_NOT_CONNECTED,"[""close_{tf}"",""high_{tf}"",""low_{tf}""]","[""ANY_AVAILABLE""]",[],[],no trusted frozen-engine lifecycle read and no imported+consumed SOURCE_EXACT contract,False,False,False,4fc946b596d2095932637bc191f64c85d4bcd7d107c4598f7f20a2e00c447cf8
REENTER_SAVE_DEBOUNCE_SECONDS,UNCONNECTED,False,False,BOTH,REENTER_SAVE_DEBOUNCE,,N/A_NOT_CONNECTED,N/A_NOT_CONNECTED,"[""close_{tf}"",""high_{tf}"",""low_{tf}""]","[""ANY_AVAILABLE""]",[],[],no trusted frozen-engine lifecycle read and no imported+consumed SOURCE_EXACT contract,False,False,False,4fc946b596d2095932637bc191f64c85d4bcd7d107c4598f7f20a2e00c447cf8
REENTRY2_DC_BREAK_ALLOW_15M,CONNECTED_BOTH,True,True,BOTH,REENTRY,REENTRY,native=3m;required=15m,native=5m;required=15m,"[""close_15m"",""dc_basis_15m"",""dc_high_15m"",""dc_low_15m"",""high_15m"",""low_15m""]","[""15m""]",[],"[""v12_reentry_augment_gap_batch:data/reports/V12_REENTRY_AUGMENT_GAP_BATCH_CONTRACT.csv""]",trusted direct lifecycle read and/or imported+consumed SOURCE_EXACT contract applies to both venues,False,False,True,4fc946b596d2095932637bc191f64c85d4bcd7d107c4598f7f20a2e00c447cf8
REENTRY2_DC_BREAK_FILTER_TF,CONNECTED_CRYPTO,True,False,BOTH,REENTRY,REENTRY,native=3m;required=3m,N/A_NOT_CONNECTED,"[""close_3m"",""dc_basis_3m"",""dc_high_3m"",""dc_low_3m"",""high_3m"",""low_3m""]","[""3m""]",[],"[""v12_reentry_augment_gap_batch:data/reports/V12_REENTRY_AUGMENT_GAP_BATCH_CONTRACT.csv""]",trusted causal route is crypto-native/source-scoped; no Tradier connection credit,False,False,True,4fc946b596d2095932637bc191f64c85d4bcd7d107c4598f7f20a2e00c447cf8
REENTRY2_DC_BREAK_REQUIRE_K_FILTER,CONNECTED_CRYPTO,True,False,BOTH,REENTRY,REENTRY,native=3m;required=3m,N/A_NOT_CONNECTED,"[""close_{tf}"",""dc_basis_{tf}"",""dc_high_{tf}"",""dc_low_{tf}"",""high_{tf}"",""low_{tf}""]","[""ANY_AVAILABLE""]",[],"[""v12_reentry_augment_gap_batch:data/reports/V12_REENTRY_AUGMENT_GAP_BATCH_CONTRACT.csv""]",trusted causal route is crypto-native/source-scoped; no Tradier connection credit,False,False,True,4fc946b596d2095932637bc191f64c85d4bcd7d107c4598f7f20a2e00c447cf8
REENTRY2_DC_BREAK_REQUIRE_WT_FILTER,CONNECTED_CRYPTO,True,False,BOTH,REENTRY,REENTRY,native=3m;required=3m,N/A_NOT_CONNECTED,"[""close_{tf}"",""dc_basis_{tf}"",""dc_high_{tf}"",""dc_low_{tf}"",""high_{tf}"",""low_{tf}"",""wt1_{tf}"",""wt2_{tf}""]","[""ANY_AVAILABLE""]",[],"[""v12_reentry_augment_gap_batch:data/reports/V12_REENTRY_AUGMENT_GAP_BATCH_CONTRACT.csv""]",trusted causal route is crypto-native/source-scoped; no Tradier connection credit,False,False,True,4fc946b596d2095932637bc191f64c85d4bcd7d107c4598f7f20a2e00c447cf8
REENTRY2_DIR_FAV_ENABLED,CONNECTED_CRYPTO,True,False,BOTH,REENTRY,REENTRY,native=3m;required=3m|15m|1h,N/A_NOT_CONNECTED,"[""close_{tf}"",""high_{tf}"",""low_{tf}""]","[""ANY_AVAILABLE""]",[],"[""v12_reentry_augment_gap_batch3:data/reports/V12_REENTRY_AUGMENT_GAP_BATCH3_CONTRACT.csv""]",trusted causal route is crypto-native/source-scoped; no Tradier connection credit,False,True,True,4fc946b596d2095932637bc191f64c85d4bcd7d107c4598f7f20a2e00c447cf8
REENTRY_B02_ENABLED,UNCONNECTED,False,False,BOTH,REENTRY_B02_ENABLED,,N/A_NOT_CONNECTED,N/A_NOT_CONNECTED,"[""close_{tf}"",""high_{tf}"",""low_{tf}""]","[""ANY_AVAILABLE""]",[],[],no trusted frozen-engine lifecycle read and no imported+consumed SOURCE_EXACT contract,False,False,False,4fc946b596d2095932637bc191f64c85d4bcd7d107c4598f7f20a2e00c447cf8
REENTRY_B16_MIDRANGE_ENABLED,CONNECTED_BOTH,True,True,BOTH,REENTRY_B16_MIDRANGE,REENTRY,native=3m;required=15m|1h,native=5m;required=15m|1h,"[""close_{tf}"",""high_{tf}"",""low_{tf}""]","[""ANY_AVAILABLE""]",[],"[""v12_reentry_augment_gap_batch2:data/reports/V12_REENTRY_AUGMENT_GAP_BATCH2_CONTRACT.csv""]",trusted direct lifecycle read and/or imported+consumed SOURCE_EXACT contract applies to both venues,False,True,True,4fc946b596d2095932637bc191f64c85d4bcd7d107c4598f7f20a2e00c447cf8
REENTRY_B16_SIZE_MULT_STRONG,CONNECTED_BOTH,True,True,BOTH,REENTRY,REENTRY,native=3m;required=1h|4h,native=5m;required=1h|4h,"[""close_{tf}"",""high_{tf}"",""low_{tf}""]","[""ANY_AVAILABLE""]",[],"[""v12_reentry_augment_gap_batch2:data/reports/V12_REENTRY_AUGMENT_GAP_BATCH2_CONTRACT.csv""]",trusted direct lifecycle read and/or imported+consumed SOURCE_EXACT contract applies to both venues,False,False,True,4fc946b596d2095932637bc191f64c85d4bcd7d107c4598f7f20a2e00c447cf8
REENTRY_B16_SIZE_MULT_WEAK,CONNECTED_BOTH,True,True,BOTH,REENTRY,REENTRY,native=3m;required=1h|4h,native=5m;required=1h|4h,"[""close_{tf}"",""high_{tf}"",""low_{tf}""]","[""ANY_AVAILABLE""]",[],"[""v12_reentry_augment_gap_batch2:data/reports/V12_REENTRY_AUGMENT_GAP_BATCH2_CONTRACT.csv""]",trusted direct lifecycle read and/or imported+consumed SOURCE_EXACT contract applies to both venues,False,False,True,4fc946b596d2095932637bc191f64c85d4bcd7d107c4598f7f20a2e00c447cf8
REENTRY_B16_SMA200_PROX_PCT,CONNECTED_BOTH,True,True,BOTH,REENTRY,REENTRY,native=3m;required=1h|4h,native=5m;required=1h|4h,"[""close_{tf}"",""high_{tf}"",""low_{tf}"",""sma_{period}_{tf}""]","[""ANY_AVAILABLE""]",[],"[""v12_reentry_augment_gap_batch2:data/reports/V12_REENTRY_AUGMENT_GAP_BATCH2_CONTRACT.csv""]",trusted direct lifecycle read and/or imported+consumed SOURCE_EXACT contract applies to both venues,False,False,True,4fc946b596d2095932637bc191f64c85d4bcd7d107c4598f7f20a2e00c447cf8
REENTRY_B16_SMA200_PULLBACK_ENABLED,CONNECTED_BOTH,True,True,BOTH,REENTRY,REENTRY,native=3m;required=1h|4h,native=5m;required=1h|4h,"[""close_{tf}"",""high_{tf}"",""low_{tf}"",""sma_{period}_{tf}""]","[""ANY_AVAILABLE""]",[],"[""v12_reentry_augment_gap_batch2:data/reports/V12_REENTRY_AUGMENT_GAP_BATCH2_CONTRACT.csv""]",trusted direct lifecycle read and/or imported+consumed SOURCE_EXACT contract applies to both venues,False,True,True,4fc946b596d2095932637bc191f64c85d4bcd7d107c4598f7f20a2e00c447cf8
REENTRY_CHURN_GUARD_ENABLED,UNCONNECTED,False,False,BOTH,REENTRY_CHURN_GUARD,,N/A_NOT_CONNECTED,N/A_NOT_CONNECTED,"[""close_{tf}"",""high_{tf}"",""low_{tf}""]","[""ANY_AVAILABLE""]",[],[],no trusted frozen-engine lifecycle read and no imported+consumed SOURCE_EXACT contract,False,True,False,4fc946b596d2095932637bc191f64c85d4bcd7d107c4598f7f20a2e00c447cf8
REENTRY_CHURN_GUARD_USE_4BAR,UNCONNECTED,False,False,BOTH,REENTRY_CHURN_GUARD,,N/A_NOT_CONNECTED,N/A_NOT_CONNECTED,"[""close_{tf}"",""high_{tf}"",""low_{tf}""]","[""ANY_AVAILABLE""]",[],[],no trusted frozen-engine lifecycle read and no imported+consumed SOURCE_EXACT contract,False,False,False,4fc946b596d2095932637bc191f64c85d4bcd7d107c4598f7f20a2e00c447cf8
REENTRY_CHURN_GUARD_WINDOW_S,UNCONNECTED,False,False,BOTH,REENTRY_CHURN_GUARD,,N/A_NOT_CONNECTED,N/A_NOT_CONNECTED,"[""close_{tf}"",""high_{tf}"",""low_{tf}""]","[""ANY_AVAILABLE""]",[],[],no trusted frozen-engine lifecycle read and no imported+consumed SOURCE_EXACT contract,False,False,False,4fc946b596d2095932637bc191f64c85d4bcd7d107c4598f7f20a2e00c447cf8
REENTRY_CROSS_FRESHNESS_ENABLED,CONNECTED_CRYPTO,True,False,BOTH,REENTRY,REENTRY,native=3m;required=3m|15m|1h,N/A_NOT_CONNECTED,"[""close_{tf}"",""high_{tf}"",""low_{tf}""]","[""ANY_AVAILABLE""]",[],"[""v12_reentry_augment_gap_batch2:data/reports/V12_REENTRY_AUGMENT_GAP_BATCH2_CONTRACT.csv""]",trusted causal route is crypto-native/source-scoped; no Tradier connection credit,False,True,True,4fc946b596d2095932637bc191f64c85d4bcd7d107c4598f7f20a2e00c447cf8
REENTRY_CROSS_MAX_BARS_AGO,CONNECTED_CRYPTO,True,False,BOTH,OLD_BTC_BASELINE_EXIT_REENTRY,REENTRY,native=3m;required=3m|15m|1h,N/A_NOT_CONNECTED,"[""close_{tf}"",""high_{tf}"",""low_{tf}""]","[""ANY_AVAILABLE""]",[],"[""v12_reentry_augment_gap_batch2:data/reports/V12_REENTRY_AUGMENT_GAP_BATCH2_CONTRACT.csv""]",trusted causal route is crypto-native/source-scoped; no Tradier connection credit,False,False,True,4fc946b596d2095932637bc191f64c85d4bcd7d107c4598f7f20a2e00c447cf8
REENTRY_DISPATCH_MAX_ATTEMPTS,UNCONNECTED,False,False,BOTH,REENTRY,,N/A_NOT_CONNECTED,N/A_NOT_CONNECTED,"[""close_{tf}"",""high_{tf}"",""low_{tf}""]","[""ANY_AVAILABLE""]",[],[],no trusted frozen-engine lifecycle read and no imported+consumed SOURCE_EXACT contract,False,False,True,4fc946b596d2095932637bc191f64c85d4bcd7d107c4598f7f20a2e00c447cf8
REENTRY_ENABLED,UNCONNECTED,False,False,BOTH,VEC_REENTRY,,N/A_NOT_CONNECTED,N/A_NOT_CONNECTED,"[""close_{tf}"",""high_{tf}"",""low_{tf}""]","[""ANY_AVAILABLE""]",[],[],no trusted frozen-engine lifecycle read and no imported+consumed SOURCE_EXACT contract,False,True,False,4fc946b596d2095932637bc191f64c85d4bcd7d107c4598f7f20a2e00c447cf8
REENTRY_ESCALATION_CRIT_MIN,UNCONNECTED,False,False,BOTH,REENTRY,,N/A_NOT_CONNECTED,N/A_NOT_CONNECTED,"[""close_{tf}"",""high_{tf}"",""low_{tf}""]","[""ANY_AVAILABLE""]",[],[],no trusted frozen-engine lifecycle read and no imported+consumed SOURCE_EXACT contract,False,False,True,4fc946b596d2095932637bc191f64c85d4bcd7d107c4598f7f20a2e00c447cf8
REENTRY_ESCALATION_WARN_MIN,UNCONNECTED,False,False,BOTH,REENTRY,,N/A_NOT_CONNECTED,N/A_NOT_CONNECTED,"[""close_{tf}"",""high_{tf}"",""low_{tf}""]","[""ANY_AVAILABLE""]",[],[],no trusted frozen-engine lifecycle read and no imported+consumed SOURCE_EXACT contract,False,False,True,4fc946b596d2095932637bc191f64c85d4bcd7d107c4598f7f20a2e00c447cf8
REENTRY_EXHAUSTED_PARTIAL_ENABLED,CONNECTED_CRYPTO,True,False,BOTH,REENTRY,REENTRY,native=3m;required=1m|3m,N/A_NOT_CONNECTED,"[""close_{tf}"",""high_{tf}"",""low_{tf}""]","[""ANY_AVAILABLE""]",[],"[""v12_reentry_augment_gap_batch2:data/reports/V12_REENTRY_AUGMENT_GAP_BATCH2_CONTRACT.csv""]",trusted causal route is crypto-native/source-scoped; no Tradier connection credit,False,True,True,4fc946b596d2095932637bc191f64c85d4bcd7d107c4598f7f20a2e00c447cf8
REENTRY_EXIT_RECLAIM_BUFFER_PCT,CONNECTED_CRYPTO,True,False,BOTH,REENTRY,EXIT,native=3m;required=1m|3m|15m,N/A_NOT_CONNECTED,"[""close_{tf}"",""high_{tf}"",""low_{tf}""]","[""ANY_AVAILABLE""]",[],"[""v12_reentry_augment_gap_batch2:data/reports/V12_REENTRY_AUGMENT_GAP_BATCH2_CONTRACT.csv""]",trusted causal route is crypto-native/source-scoped; no Tradier connection credit,False,False,True,4fc946b596d2095932637bc191f64c85d4bcd7d107c4598f7f20a2e00c447cf8
REENTRY_EXIT_RECLAIM_ENABLED,CONNECTED_CRYPTO,True,False,BOTH,REENTRY,EXIT,native=3m;required=1m|3m|15m,N/A_NOT_CONNECTED,"[""close_{tf}"",""high_{tf}"",""low_{tf}""]","[""ANY_AVAILABLE""]",[],"[""v12_reentry_augment_gap_batch2:data/reports/V12_REENTRY_AUGMENT_GAP_BATCH2_CONTRACT.csv""]",trusted causal route is crypto-native/source-scoped; no Tradier connection credit,False,True,True,4fc946b596d2095932637bc191f64c85d4bcd7d107c4598f7f20a2e00c447cf8
REENTRY_FAVORABLE_HTF_MIN,UNCONNECTED,False,False,BOTH,REENTRY,,N/A_NOT_CONNECTED,N/A_NOT_CONNECTED,"[""close_{tf}"",""high_{tf}"",""low_{tf}""]","[""ANY_AVAILABLE""]",[],[],no trusted frozen-engine lifecycle read and no imported+consumed SOURCE_EXACT contract,False,False,True,4fc946b596d2095932637bc191f64c85d4bcd7d107c4598f7f20a2e00c447cf8
REENTRY_FAVORABLE_QTY_MULT,UNCONNECTED,False,False,BOTH,REENTRY,,N/A_NOT_CONNECTED,N/A_NOT_CONNECTED,"[""close_{tf}"",""high_{tf}"",""low_{tf}""]","[""ANY_AVAILABLE""]",[],[],no trusted frozen-engine lifecycle read and no imported+consumed SOURCE_EXACT contract,False,False,True,4fc946b596d2095932637bc191f64c85d4bcd7d107c4598f7f20a2e00c447cf8
REENTRY_FILTER_TF,UNCONNECTED,False,False,BOTH,VEC_REENTRY,,N/A_NOT_CONNECTED,N/A_NOT_CONNECTED,"[""close_15m"",""close_1h"",""close_1m"",""close_3m"",""close_4h"",""close_D"",""high_15m"",""high_1h"",""high_1m"",""high_3m"",""high_4h"",""high_D"",""low_15m"",""low_1h"",""low_1m"",""low_3m"",""low_4h"",""low_D""]","[""1m"",""3m"",""15m"",""1h"",""4h"",""D""]",[],[],no trusted frozen-engine lifecycle read and no imported+consumed SOURCE_EXACT contract,False,False,False,4fc946b596d2095932637bc191f64c85d4bcd7d107c4598f7f20a2e00c447cf8
REENTRY_GR_HLHH_MODE,CONNECTED_TRADIER,False,True,BOTH,F3_HH_HL_STRUCTURE,REENTRY,N/A_NOT_CONNECTED,native=5m;required=15m|1h|4h|D,"[""close_{tf}"",""high_{tf}"",""low_{tf}""]","[""ANY_AVAILABLE""]",[],"[""v12_reentry_augment_gap_batch2:data/reports/V12_REENTRY_AUGMENT_GAP_BATCH2_CONTRACT.csv""]",trusted causal route is Tradier-native/source-scoped; no crypto connection credit,False,True,True,4fc946b596d2095932637bc191f64c85d4bcd7d107c4598f7f20a2e00c447cf8
REENTRY_GR_HTF_MIN_TFS,UNCONNECTED,False,False,BOTH,REENTRY,,N/A_NOT_CONNECTED,N/A_NOT_CONNECTED,"[""close_{tf}"",""high_{tf}"",""low_{tf}""]","[""ANY_AVAILABLE""]",[],[],no trusted frozen-engine lifecycle read and no imported+consumed SOURCE_EXACT contract,False,False,True,4fc946b596d2095932637bc191f64c85d4bcd7d107c4598f7f20a2e00c447cf8
REENTRY_GR_MIN_IND,UNCONNECTED,False,False,BOTH,REENTRY,,N/A_NOT_CONNECTED,N/A_NOT_CONNECTED,"[""close_{tf}"",""high_{tf}"",""low_{tf}""]","[""ANY_AVAILABLE""]",[],[],no trusted frozen-engine lifecycle read and no imported+consumed SOURCE_EXACT contract,False,False,True,4fc946b596d2095932637bc191f64c85d4bcd7d107c4598f7f20a2e00c447cf8
REENTRY_GR_MIN_TFS,CONNECTED_TRADIER,False,True,BOTH,F1b_GOLDEN_RULE_MIN_IND,REENTRY,N/A_NOT_CONNECTED,native=5m;required=15m|1h|4h|D,"[""close_{tf}"",""high_{tf}"",""low_{tf}""]","[""ANY_AVAILABLE""]",[],"[""v12_reentry_augment_gap_batch2:data/reports/V12_REENTRY_AUGMENT_GAP_BATCH2_CONTRACT.csv""]",trusted causal route is Tradier-native/source-scoped; no crypto connection credit,False,True,True,4fc946b596d2095932637bc191f64c85d4bcd7d107c4598f7f20a2e00c447cf8
REENTRY_LIVE_MONITOR_DC_BREAK_TF,UNCONNECTED,False,False,BOTH,REENTRY,,N/A_NOT_CONNECTED,N/A_NOT_CONNECTED,"[""close_3m"",""dc_basis_3m"",""dc_high_3m"",""dc_low_3m"",""high_3m"",""low_3m""]","[""3m""]",[],[],no trusted frozen-engine lifecycle read and no imported+consumed SOURCE_EXACT contract,False,False,True,4fc946b596d2095932637bc191f64c85d4bcd7d107c4598f7f20a2e00c447cf8
REENTRY_LIVE_MONITOR_ENABLED,UNCONNECTED,False,False,BOTH,REENTRY,,N/A_NOT_CONNECTED,N/A_NOT_CONNECTED,"[""close_{tf}"",""high_{tf}"",""low_{tf}""]","[""ANY_AVAILABLE""]",[],[],no trusted frozen-engine lifecycle read and no imported+consumed SOURCE_EXACT contract,False,True,True,4fc946b596d2095932637bc191f64c85d4bcd7d107c4598f7f20a2e00c447cf8
REENTRY_LIVE_MONITOR_INTERVAL_S,UNCONNECTED,False,False,BOTH,REENTRY,,N/A_NOT_CONNECTED,N/A_NOT_CONNECTED,"[""close_{tf}"",""high_{tf}"",""low_{tf}""]","[""ANY_AVAILABLE""]",[],[],no trusted frozen-engine lifecycle read and no imported+consumed SOURCE_EXACT contract,False,False,True,4fc946b596d2095932637bc191f64c85d4bcd7d107c4598f7f20a2e00c447cf8
REENTRY_LIVE_MONITOR_PARTIAL_PCT,UNCONNECTED,False,False,BOTH,REENTRY,,N/A_NOT_CONNECTED,N/A_NOT_CONNECTED,"[""close_{tf}"",""high_{tf}"",""low_{tf}""]","[""ANY_AVAILABLE""]",[],[],no trusted frozen-engine lifecycle read and no imported+consumed SOURCE_EXACT contract,False,False,True,4fc946b596d2095932637bc191f64c85d4bcd7d107c4598f7f20a2e00c447cf8
REENTRY_MEAN_REV_ENABLED,UNCONNECTED,False,False,BOTH,REENTRY_MEAN_REV,,N/A_NOT_CONNECTED,N/A_NOT_CONNECTED,"[""close_{tf}"",""high_{tf}"",""low_{tf}""]","[""ANY_AVAILABLE""]",[],[],no trusted frozen-engine lifecycle read and no imported+consumed SOURCE_EXACT contract,False,False,False,4fc946b596d2095932637bc191f64c85d4bcd7d107c4598f7f20a2e00c447cf8
REENTRY_MEAN_REV_TOLERANCE_PCT,UNCONNECTED,False,False,BOTH,REENTRY_MEAN_REV,,N/A_NOT_CONNECTED,N/A_NOT_CONNECTED,"[""close_{tf}"",""high_{tf}"",""low_{tf}""]","[""ANY_AVAILABLE""]",[],[],no trusted frozen-engine lifecycle read and no imported+consumed SOURCE_EXACT contract,False,False,False,4fc946b596d2095932637bc191f64c85d4bcd7d107c4598f7f20a2e00c447cf8
REENTRY_MEAN_REV_WINDOW_BARS,UNCONNECTED,False,False,BOTH,REENTRY_MEAN_REV,,N/A_NOT_CONNECTED,N/A_NOT_CONNECTED,"[""close_{tf}"",""high_{tf}"",""low_{tf}""]","[""ANY_AVAILABLE""]",[],[],no trusted frozen-engine lifecycle read and no imported+consumed SOURCE_EXACT contract,False,False,False,4fc946b596d2095932637bc191f64c85d4bcd7d107c4598f7f20a2e00c447cf8
REENTRY_MIN_TFS,UNCONNECTED,False,False,BOTH,VEC_REENTRY,,N/A_NOT_CONNECTED,N/A_NOT_CONNECTED,"[""close_{tf}"",""high_{tf}"",""low_{tf}""]","[""ANY_AVAILABLE""]",[],[],no trusted frozen-engine lifecycle read and no imported+consumed SOURCE_EXACT contract,False,False,False,4fc946b596d2095932637bc191f64c85d4bcd7d107c4598f7f20a2e00c447cf8
REENTRY_POST_CONSOL_ATR_THRESHOLD,CONNECTED_BOTH,True,True,BOTH,REENTRY,REENTRY,native=3m;required=1h|4h|D,native=5m;required=1h|4h|D,"[""atr_{tf}"",""close_{tf}"",""high_{tf}"",""low_{tf}""]","[""ANY_AVAILABLE""]",[],"[""v12_reentry_augment_gap_batch2:data/reports/V12_REENTRY_AUGMENT_GAP_BATCH2_CONTRACT.csv""]",trusted direct lifecycle read and/or imported+consumed SOURCE_EXACT contract applies to both venues,False,True,True,4fc946b596d2095932637bc191f64c85d4bcd7d107c4598f7f20a2e00c447cf8
REENTRY_POST_CONSOL_ENABLED,CONNECTED_BOTH,True,True,BOTH,REENTRY_POST_CONSOL,REENTRY,native=3m;required=1h|4h|D,native=5m;required=1h|4h|D,"[""close_{tf}"",""high_{tf}"",""low_{tf}""]","[""ANY_AVAILABLE""]",[],"[""v12_reentry_augment_gap_batch2:data/reports/V12_REENTRY_AUGMENT_GAP_BATCH2_CONTRACT.csv""]",trusted direct lifecycle read and/or imported+consumed SOURCE_EXACT contract applies to both venues,False,True,True,4fc946b596d2095932637bc191f64c85d4bcd7d107c4598f7f20a2e00c447cf8
REENTRY_POST_CONSOL_MULT,CONNECTED_BOTH,True,True,BOTH,REENTRY,REENTRY,native=3m;required=1h|4h|D,native=5m;required=1h|4h|D,"[""close_{tf}"",""high_{tf}"",""low_{tf}""]","[""ANY_AVAILABLE""]",[],"[""v12_reentry_augment_gap_batch2:data/reports/V12_REENTRY_AUGMENT_GAP_BATCH2_CONTRACT.csv""]",trusted direct lifecycle read and/or imported+consumed SOURCE_EXACT contract applies to both venues,False,True,True,4fc946b596d2095932637bc191f64c85d4bcd7d107c4598f7f20a2e00c447cf8
REENTRY_POST_CONSOL_TFS_REQUIRED,CONNECTED_BOTH,True,True,BOTH,REENTRY,REENTRY,native=3m;required=1h|4h|D,native=5m;required=1h|4h|D,"[""close_{tf}"",""high_{tf}"",""low_{tf}""]","[""ANY_AVAILABLE""]",[],"[""v12_reentry_augment_gap_batch2:data/reports/V12_REENTRY_AUGMENT_GAP_BATCH2_CONTRACT.csv""]",trusted direct lifecycle read and/or imported+consumed SOURCE_EXACT contract applies to both venues,False,True,True,4fc946b596d2095932637bc191f64c85d4bcd7d107c4598f7f20a2e00c447cf8
REENTRY_PRICE_IMPROVE_PCT,CONNECTED_BOTH,True,True,BOTH,REENTRY,REENTRY,native=3m,native=5m,"[""close_{tf}"",""high_{tf}"",""low_{tf}""]","[""ANY_AVAILABLE""]",[],"[""v12_reentry_augment_gap_batch2:data/reports/V12_REENTRY_AUGMENT_GAP_BATCH2_CONTRACT.csv""]",trusted direct lifecycle read and/or imported+consumed SOURCE_EXACT contract applies to both venues,False,False,True,4fc946b596d2095932637bc191f64c85d4bcd7d107c4598f7f20a2e00c447cf8
REENTRY_PROBE_ENABLED,UNCONNECTED,False,False,BOTH,REENTRY_PROBE_ENABLED,,N/A_NOT_CONNECTED,N/A_NOT_CONNECTED,"[""close_{tf}"",""high_{tf}"",""low_{tf}""]","[""ANY_AVAILABLE""]",[],[],no trusted frozen-engine lifecycle read and no imported+consumed SOURCE_EXACT contract,False,True,False,4fc946b596d2095932637bc191f64c85d4bcd7d107c4598f7f20a2e00c447cf8
REENTRY_PROFIT_PULLBACK_ENABLED,UNCONNECTED,False,False,BOTH,REENTRY,,N/A_NOT_CONNECTED,N/A_NOT_CONNECTED,"[""close_{tf}"",""high_{tf}"",""low_{tf}""]","[""ANY_AVAILABLE""]",[],[],no trusted frozen-engine lifecycle read and no imported+consumed SOURCE_EXACT contract,False,True,True,4fc946b596d2095932637bc191f64c85d4bcd7d107c4598f7f20a2e00c447cf8
REENTRY_PULLBACK_DROP_PCT,UNCONNECTED,False,False,BOTH,REENTRY_PULLBACK_DROP,,N/A_NOT_CONNECTED,N/A_NOT_CONNECTED,"[""close_{tf}"",""high_{tf}"",""low_{tf}""]","[""ANY_AVAILABLE""]",[],[],no trusted frozen-engine lifecycle read and no imported+consumed SOURCE_EXACT contract,False,True,False,4fc946b596d2095932637bc191f64c85d4bcd7d107c4598f7f20a2e00c447cf8
REENTRY_PULLBACK_ENABLED,UNCONNECTED,False,False,BOTH,REENTRY_PULLBACK_ENABLED,,N/A_NOT_CONNECTED,N/A_NOT_CONNECTED,"[""close_{tf}"",""high_{tf}"",""low_{tf}""]","[""ANY_AVAILABLE""]",[],[],no trusted frozen-engine lifecycle read and no imported+consumed SOURCE_EXACT contract,False,True,False,4fc946b596d2095932637bc191f64c85d4bcd7d107c4598f7f20a2e00c447cf8
REENTRY_PULLBACK_REQUIRE_15M,UNCONNECTED,False,False,BOTH,REENTRY_PULLBACK_REQUIRE,,N/A_NOT_CONNECTED,N/A_NOT_CONNECTED,"[""close_15m"",""high_15m"",""low_15m""]","[""15m""]",[],[],no trusted frozen-engine lifecycle read and no imported+consumed SOURCE_EXACT contract,False,True,False,4fc946b596d2095932637bc191f64c85d4bcd7d107c4598f7f20a2e00c447cf8
REENTRY_PULLBACK_REQUIRE_VEL,UNCONNECTED,False,False,BOTH,REENTRY_PULLBACK_REQUIRE,,N/A_NOT_CONNECTED,N/A_NOT_CONNECTED,"[""close_{tf}"",""high_{tf}"",""low_{tf}""]","[""ANY_AVAILABLE""]",[],[],no trusted frozen-engine lifecycle read and no imported+consumed SOURCE_EXACT contract,False,True,False,4fc946b596d2095932637bc191f64c85d4bcd7d107c4598f7f20a2e00c447cf8
REENTRY_PULLBACK_WT3M_OS_THRESH,UNCONNECTED,False,False,BOTH,REENTRY_PULLBACK_WT3M,,N/A_NOT_CONNECTED,N/A_NOT_CONNECTED,"[""close_{tf}"",""high_{tf}"",""low_{tf}"",""wt1_{tf}"",""wt2_{tf}""]","[""ANY_AVAILABLE""]",[],[],no trusted frozen-engine lifecycle read and no imported+consumed SOURCE_EXACT contract,False,True,False,4fc946b596d2095932637bc191f64c85d4bcd7d107c4598f7f20a2e00c447cf8
REENTRY_RECLAIM_BUFFER_PCT,UNCONNECTED,False,False,BOTH,REENTRY_RECLAIM_BUFFER,,N/A_NOT_CONNECTED,N/A_NOT_CONNECTED,"[""close_{tf}"",""high_{tf}"",""low_{tf}""]","[""ANY_AVAILABLE""]",[],[],no trusted frozen-engine lifecycle read and no imported+consumed SOURCE_EXACT contract,False,False,False,4fc946b596d2095932637bc191f64c85d4bcd7d107c4598f7f20a2e00c447cf8
REENTRY_RECLAIM_ENABLED,UNCONNECTED,False,False,BOTH,REENTRY_RECLAIM_ENABLED,,N/A_NOT_CONNECTED,N/A_NOT_CONNECTED,"[""close_{tf}"",""high_{tf}"",""low_{tf}""]","[""ANY_AVAILABLE""]",[],[],no trusted frozen-engine lifecycle read and no imported+consumed SOURCE_EXACT contract,False,False,False,4fc946b596d2095932637bc191f64c85d4bcd7d107c4598f7f20a2e00c447cf8
REENTRY_SIZE_BREAKOUT_MULT,CONNECTED_BOTH,True,True,BOTH,REENTRY,REENTRY,native=3m;required=1h,native=5m;required=1h,"[""close_{tf}"",""high_{tf}"",""low_{tf}""]","[""ANY_AVAILABLE""]",[],"[""v12_reentry_augment_gap_batch3:data/reports/V12_REENTRY_AUGMENT_GAP_BATCH3_CONTRACT.csv""]",trusted direct lifecycle read and/or imported+consumed SOURCE_EXACT contract applies to both venues,False,False,True,4fc946b596d2095932637bc191f64c85d4bcd7d107c4598f7f20a2e00c447cf8
REENTRY_SIZE_DIP_MULT,CONNECTED_BOTH,True,True,BOTH,REENTRY,REENTRY,native=3m;required=1h,native=5m;required=1h,"[""close_{tf}"",""high_{tf}"",""low_{tf}""]","[""ANY_AVAILABLE""]",[],"[""v12_reentry_augment_gap_batch3:data/reports/V12_REENTRY_AUGMENT_GAP_BATCH3_CONTRACT.csv""]",trusted direct lifecycle read and/or imported+consumed SOURCE_EXACT contract applies to both venues,False,False,True,4fc946b596d2095932637bc191f64c85d4bcd7d107c4598f7f20a2e00c447cf8
REENTRY_SIZE_EXTENDED_K1H,CONNECTED_BOTH,True,True,BOTH,REENTRY,REENTRY,native=3m;required=1h,native=5m;required=1h,"[""close_{tf}"",""high_{tf}"",""low_{tf}""]","[""ANY_AVAILABLE""]",[],"[""v12_reentry_augment_gap_batch3:data/reports/V12_REENTRY_AUGMENT_GAP_BATCH3_CONTRACT.csv""]",trusted direct lifecycle read and/or imported+consumed SOURCE_EXACT contract applies to both venues,False,False,True,4fc946b596d2095932637bc191f64c85d4bcd7d107c4598f7f20a2e00c447cf8
REENTRY_SIZE_EXTENDED_MULT,CONNECTED_BOTH,True,True,BOTH,REENTRY,REENTRY,native=3m;required=1h,native=5m;required=1h,"[""close_{tf}"",""high_{tf}"",""low_{tf}""]","[""ANY_AVAILABLE""]",[],"[""v12_reentry_augment_gap_batch3:data/reports/V12_REENTRY_AUGMENT_GAP_BATCH3_CONTRACT.csv""]",trusted direct lifecycle read and/or imported+consumed SOURCE_EXACT contract applies to both venues,False,False,True,4fc946b596d2095932637bc191f64c85d4bcd7d107c4598f7f20a2e00c447cf8
REENTRY_SMA200_BACKUP_ENABLED,UNCONNECTED,False,False,BOTH,REENTRY_SMA200_BACKUP,,N/A_NOT_CONNECTED,N/A_NOT_CONNECTED,"[""close_{tf}"",""high_{tf}"",""low_{tf}"",""sma_{period}_{tf}""]","[""ANY_AVAILABLE""]",[],[],no trusted frozen-engine lifecycle read and no imported+consumed SOURCE_EXACT contract,False,True,False,4fc946b596d2095932637bc191f64c85d4bcd7d107c4598f7f20a2e00c447cf8
REENTRY_TIER1_SIZE_MULT,CONNECTED_CRYPTO,True,False,BOTH,REENTRY,REENTRY,native=3m;required=1m|3m,N/A_NOT_CONNECTED,"[""close_{tf}"",""high_{tf}"",""low_{tf}""]","[""ANY_AVAILABLE""]",[],"[""v12_reentry_augment_gap_batch2:data/reports/V12_REENTRY_AUGMENT_GAP_BATCH2_CONTRACT.csv""]",trusted causal route is crypto-native/source-scoped; no Tradier connection credit,False,False,True,4fc946b596d2095932637bc191f64c85d4bcd7d107c4598f7f20a2e00c447cf8
REENTRY_TIER2_MAX_MINUTES,CONNECTED_CRYPTO,True,False,BOTH,REENTRY,REENTRY,native=3m;required=1m|3m,N/A_NOT_CONNECTED,"[""close_{tf}"",""high_{tf}"",""low_{tf}""]","[""ANY_AVAILABLE""]",[],"[""v12_reentry_augment_gap_batch2:data/reports/V12_REENTRY_AUGMENT_GAP_BATCH2_CONTRACT.csv""]",trusted causal route is crypto-native/source-scoped; no Tradier connection credit,False,False,True,4fc946b596d2095932637bc191f64c85d4bcd7d107c4598f7f20a2e00c447cf8
REENTRY_TIER2_MIN_MINUTES,UNCONNECTED,False,False,BOTH,REENTRY,,N/A_NOT_CONNECTED,N/A_NOT_CONNECTED,"[""close_{tf}"",""high_{tf}"",""low_{tf}""]","[""ANY_AVAILABLE""]",[],[],no trusted frozen-engine lifecycle read and no imported+consumed SOURCE_EXACT contract,False,False,True,4fc946b596d2095932637bc191f64c85d4bcd7d107c4598f7f20a2e00c447cf8
REENTRY_TIER2_PRICE_PCT,UNCONNECTED,False,False,BOTH,REENTRY,,N/A_NOT_CONNECTED,N/A_NOT_CONNECTED,"[""close_{tf}"",""high_{tf}"",""low_{tf}""]","[""ANY_AVAILABLE""]",[],[],no trusted frozen-engine lifecycle read and no imported+consumed SOURCE_EXACT contract,False,False,True,4fc946b596d2095932637bc191f64c85d4bcd7d107c4598f7f20a2e00c447cf8
REENTRY_TIER2_SIZE_MULT,UNCONNECTED,False,False,BOTH,REENTRY,,N/A_NOT_CONNECTED,N/A_NOT_CONNECTED,"[""close_{tf}"",""high_{tf}"",""low_{tf}""]","[""ANY_AVAILABLE""]",[],[],no trusted frozen-engine lifecycle read and no imported+consumed SOURCE_EXACT contract,False,False,True,4fc946b596d2095932637bc191f64c85d4bcd7d107c4598f7f20a2e00c447cf8
REENTRY_TREND_ENABLED,UNCONNECTED,False,False,BOTH,REENTRY_TREND_ENABLED,,N/A_NOT_CONNECTED,N/A_NOT_CONNECTED,"[""close_{tf}"",""high_{tf}"",""low_{tf}""]","[""ANY_AVAILABLE""]",[],[],no trusted frozen-engine lifecycle read and no imported+consumed SOURCE_EXACT contract,False,True,False,4fc946b596d2095932637bc191f64c85d4bcd7d107c4598f7f20a2e00c447cf8
REENTRY_WT15M_CROSS_ENABLED,CONNECTED_BOTH,True,True,BOTH,REENTRY_WT15M_CROSS,REENTRY,native=3m;required=15m|1h|4h|D,native=5m;required=15m|1h|4h|D,"[""close_{tf}"",""high_{tf}"",""low_{tf}"",""wt1_{tf}"",""wt2_{tf}""]","[""ANY_AVAILABLE""]",[],"[""v12_reentry_augment_gap_batch2:data/reports/V12_REENTRY_AUGMENT_GAP_BATCH2_CONTRACT.csv""]",trusted direct lifecycle read and/or imported+consumed SOURCE_EXACT contract applies to both venues,False,True,True,4fc946b596d2095932637bc191f64c85d4bcd7d107c4598f7f20a2e00c447cf8
REENTRY_WT15M_HTF_FAVOR_REQUIRED,CONNECTED_BOTH,True,True,BOTH,REENTRY_WT15M_HTF,REENTRY,native=3m;required=15m|1h|4h|D,native=5m;required=15m|1h|4h|D,"[""close_{tf}"",""high_{tf}"",""low_{tf}"",""wt1_{tf}"",""wt2_{tf}""]","[""ANY_AVAILABLE""]",[],"[""v12_reentry_augment_gap_batch2:data/reports/V12_REENTRY_AUGMENT_GAP_BATCH2_CONTRACT.csv""]",trusted direct lifecycle read and/or imported+consumed SOURCE_EXACT contract applies to both venues,False,True,True,4fc946b596d2095932637bc191f64c85d4bcd7d107c4598f7f20a2e00c447cf8
REENTRY_WT15M_K_MAX,CONNECTED_BOTH,True,True,BOTH,REENTRY_WT15M_K,REENTRY,native=3m;required=15m,native=5m;required=15m,"[""close_{tf}"",""high_{tf}"",""low_{tf}"",""wt1_{tf}"",""wt2_{tf}""]","[""ANY_AVAILABLE""]",[],"[""v12_reentry_augment_filter_gap_batch4:data/reports/V12_REENTRY_AUGMENT_FILTER_GAP_BATCH4_CONTRACT.csv""]",trusted direct lifecycle read and/or imported+consumed SOURCE_EXACT contract applies to both venues,False,True,False,4fc946b596d2095932637bc191f64c85d4bcd7d107c4598f7f20a2e00c447cf8
REENTRY_WT15M_SIZE_MULT,CONNECTED_BOTH,True,True,BOTH,REENTRY_WT15M_SIZE,REENTRY,native=3m;required=15m|1h|4h|D,native=5m;required=15m|1h|4h|D,"[""close_{tf}"",""high_{tf}"",""low_{tf}"",""wt1_{tf}"",""wt2_{tf}""]","[""ANY_AVAILABLE""]",[],"[""v12_reentry_augment_gap_batch2:data/reports/V12_REENTRY_AUGMENT_GAP_BATCH2_CONTRACT.csv""]",trusted direct lifecycle read and/or imported+consumed SOURCE_EXACT contract applies to both venues,False,True,True,4fc946b596d2095932637bc191f64c85d4bcd7d107c4598f7f20a2e00c447cf8
REGIME_ENGINE_ENABLED,UNCONNECTED,False,False,BOTH,VEC_REGIME_ENGINE,,N/A_NOT_CONNECTED,N/A_NOT_CONNECTED,[],"[""ANY_AVAILABLE""]",[],[],no trusted frozen-engine lifecycle read and no imported+consumed SOURCE_EXACT contract,False,False,False,4fc946b596d2095932637bc191f64c85d4bcd7d107c4598f7f20a2e00c447cf8
REGIME_ENGINE_FILTER_TF,UNCONNECTED,False,False,BOTH,VEC_REGIME_ENGINE,,N/A_NOT_CONNECTED,N/A_NOT_CONNECTED,[],"[""1m"",""3m"",""15m"",""1h"",""4h"",""D""]",[],[],no trusted frozen-engine lifecycle read and no imported+consumed SOURCE_EXACT contract,False,False,False,4fc946b596d2095932637bc191f64c85d4bcd7d107c4598f7f20a2e00c447cf8
REGIME_ENGINE_MIN_TFS,UNCONNECTED,False,False,BOTH,VEC_REGIME_ENGINE,,N/A_NOT_CONNECTED,N/A_NOT_CONNECTED,[],"[""ANY_AVAILABLE""]",[],[],no trusted frozen-engine lifecycle read and no imported+consumed SOURCE_EXACT contract,False,False,False,4fc946b596d2095932637bc191f64c85d4bcd7d107c4598f7f20a2e00c447cf8
REQUIRE_ABOVE_SMA50_D,UNCONNECTED,False,False,BOTH,REQUIRE_ABOVE_SMA50,,N/A_NOT_CONNECTED,N/A_NOT_CONNECTED,"[""sma_{period}_D""]","[""D""]",[],[],no trusted frozen-engine lifecycle read and no imported+consumed SOURCE_EXACT contract,False,False,False,4fc946b596d2095932637bc191f64c85d4bcd7d107c4598f7f20a2e00c447cf8
REQUIRE_D_TREND,UNCONNECTED,False,False,BOTH,REQUIRE_D_TREND,,N/A_NOT_CONNECTED,N/A_NOT_CONNECTED,[],"[""D""]",[],[],no trusted frozen-engine lifecycle read and no imported+consumed SOURCE_EXACT contract,False,False,False,4fc946b596d2095932637bc191f64c85d4bcd7d107c4598f7f20a2e00c447cf8
REQUIRE_W_TREND,UNCONNECTED,False,False,BOTH,REQUIRE_W_TREND,,N/A_NOT_CONNECTED,N/A_NOT_CONNECTED,[],"[""W""]",[],[],no trusted frozen-engine lifecycle read and no imported+consumed SOURCE_EXACT contract,False,False,False,4fc946b596d2095932637bc191f64c85d4bcd7d107c4598f7f20a2e00c447cf8
REVERSE_ON_EXIT_ENABLED,UNCONNECTED,False,False,BOTH,REVERSE_ON_EXIT,,N/A_NOT_CONNECTED,N/A_NOT_CONNECTED,"[""close_{tf}"",""high_{tf}"",""low_{tf}""]","[""ANY_AVAILABLE""]",[],[],no trusted frozen-engine lifecycle read and no imported+consumed SOURCE_EXACT contract,False,False,False,4fc946b596d2095932637bc191f64c85d4bcd7d107c4598f7f20a2e00c447cf8
RE_2_PCT_OB,UNCONNECTED,False,False,BOTH,GLOBAL,,N/A_NOT_CONNECTED,N/A_NOT_CONNECTED,[],"[""ANY_AVAILABLE""]",[],[],no trusted frozen-engine lifecycle read and no imported+consumed SOURCE_EXACT contract,False,False,True,4fc946b596d2095932637bc191f64c85d4bcd7d107c4598f7f20a2e00c447cf8
RE_2_PCT_OS,UNCONNECTED,False,False,BOTH,GLOBAL,,N/A_NOT_CONNECTED,N/A_NOT_CONNECTED,[],"[""ANY_AVAILABLE""]",[],[],no trusted frozen-engine lifecycle read and no imported+consumed SOURCE_EXACT contract,False,False,True,4fc946b596d2095932637bc191f64c85d4bcd7d107c4598f7f20a2e00c447cf8
RE_2_USE_PERCENTILE_ENABLED,UNCONNECTED,False,False,BOTH,GLOBAL,,N/A_NOT_CONNECTED,N/A_NOT_CONNECTED,[],"[""ANY_AVAILABLE""]",[],[],no trusted frozen-engine lifecycle read and no imported+consumed SOURCE_EXACT contract,False,True,True,4fc946b596d2095932637bc191f64c85d4bcd7d107c4598f7f20a2e00c447cf8
RE_3_B12_RISING_BONUS_ENABLED,UNCONNECTED,False,False,BOTH,GLOBAL,,N/A_NOT_CONNECTED,N/A_NOT_CONNECTED,[],"[""ANY_AVAILABLE""]",[],[],no trusted frozen-engine lifecycle read and no imported+consumed SOURCE_EXACT contract,False,True,True,4fc946b596d2095932637bc191f64c85d4bcd7d107c4598f7f20a2e00c447cf8
RE_3_CONVICTION_BONUS,UNCONNECTED,False,False,BOTH,GLOBAL,,N/A_NOT_CONNECTED,N/A_NOT_CONNECTED,[],"[""ANY_AVAILABLE""]",[],[],no trusted frozen-engine lifecycle read and no imported+consumed SOURCE_EXACT contract,False,False,True,4fc946b596d2095932637bc191f64c85d4bcd7d107c4598f7f20a2e00c447cf8
RE_3_RISING_COUNT_THR,UNCONNECTED,False,False,BOTH,GLOBAL,,N/A_NOT_CONNECTED,N/A_NOT_CONNECTED,[],"[""ANY_AVAILABLE""]",[],[],no trusted frozen-engine lifecycle read and no imported+consumed SOURCE_EXACT contract,False,False,True,4fc946b596d2095932637bc191f64c85d4bcd7d107c4598f7f20a2e00c447cf8
RE_4_B14_HA_STREAK_CONV_ENABLED,UNCONNECTED,False,False,BOTH,GLOBAL,,N/A_NOT_CONNECTED,N/A_NOT_CONNECTED,[],"[""ANY_AVAILABLE""]",[],[],no trusted frozen-engine lifecycle read and no imported+consumed SOURCE_EXACT contract,False,True,True,4fc946b596d2095932637bc191f64c85d4bcd7d107c4598f7f20a2e00c447cf8
RE_4_HA_STREAK_CAP,UNCONNECTED,False,False,BOTH,GLOBAL,,N/A_NOT_CONNECTED,N/A_NOT_CONNECTED,[],"[""ANY_AVAILABLE""]",[],[],no trusted frozen-engine lifecycle read and no imported+consumed SOURCE_EXACT contract,False,False,True,4fc946b596d2095932637bc191f64c85d4bcd7d107c4598f7f20a2e00c447cf8
RE_4_HA_STREAK_WEIGHT,UNCONNECTED,False,False,BOTH,SIZING,,N/A_NOT_CONNECTED,N/A_NOT_CONNECTED,[],"[""ANY_AVAILABLE""]",[],[],no trusted frozen-engine lifecycle read and no imported+consumed SOURCE_EXACT contract,False,False,True,4fc946b596d2095932637bc191f64c85d4bcd7d107c4598f7f20a2e00c447cf8
RE_5_B04_COMPRESSION_BONUS_ENABLED,UNCONNECTED,False,False,BOTH,GLOBAL,,N/A_NOT_CONNECTED,N/A_NOT_CONNECTED,[],"[""ANY_AVAILABLE""]",[],[],no trusted frozen-engine lifecycle read and no imported+consumed SOURCE_EXACT contract,False,True,True,4fc946b596d2095932637bc191f64c85d4bcd7d107c4598f7f20a2e00c447cf8
RE_5_COMPRESSION_BONUS,UNCONNECTED,False,False,BOTH,GLOBAL,,N/A_NOT_CONNECTED,N/A_NOT_CONNECTED,[],"[""ANY_AVAILABLE""]",[],[],no trusted frozen-engine lifecycle read and no imported+consumed SOURCE_EXACT contract,False,False,True,4fc946b596d2095932637bc191f64c85d4bcd7d107c4598f7f20a2e00c447cf8
RE_5_INSIDE_COUNT_THR,UNCONNECTED,False,False,BOTH,GLOBAL,,N/A_NOT_CONNECTED,N/A_NOT_CONNECTED,[],"[""ANY_AVAILABLE""]",[],[],no trusted frozen-engine lifecycle read and no imported+consumed SOURCE_EXACT contract,False,False,True,4fc946b596d2095932637bc191f64c85d4bcd7d107c4598f7f20a2e00c447cf8
RE_6_MIN_EXPANDING_TFS,UNCONNECTED,False,False,BOTH,GLOBAL,,N/A_NOT_CONNECTED,N/A_NOT_CONNECTED,[],"[""ANY_AVAILABLE""]",[],[],no trusted frozen-engine lifecycle read and no imported+consumed SOURCE_EXACT contract,False,False,True,4fc946b596d2095932637bc191f64c85d4bcd7d107c4598f7f20a2e00c447cf8
RE_6_WAVE_PHASE_GATE_ENABLED,UNCONNECTED,False,False,BOTH,FILTER,,N/A_NOT_CONNECTED,N/A_NOT_CONNECTED,[],"[""ANY_AVAILABLE""]",[],[],no trusted frozen-engine lifecycle read and no imported+consumed SOURCE_EXACT contract,False,True,True,4fc946b596d2095932637bc191f64c85d4bcd7d107c4598f7f20a2e00c447cf8
RP_OPPOSITE_PENALTY,UNCONNECTED,False,False,BOTH,GLOBAL,,N/A_NOT_CONNECTED,N/A_NOT_CONNECTED,[],"[""ANY_AVAILABLE""]",[],[],no trusted frozen-engine lifecycle read and no imported+consumed SOURCE_EXACT contract,False,False,True,4fc946b596d2095932637bc191f64c85d4bcd7d107c4598f7f20a2e00c447cf8
RP_PROTECT_MIN_GAIN,UNCONNECTED,False,False,BOTH,GLOBAL,,N/A_NOT_CONNECTED,N/A_NOT_CONNECTED,[],"[""ANY_AVAILABLE""]",[],[],no trusted frozen-engine lifecycle read and no imported+consumed SOURCE_EXACT contract,False,True,True,4fc946b596d2095932637bc191f64c85d4bcd7d107c4598f7f20a2e00c447cf8
RP_PROTECT_THRESHOLD,UNCONNECTED,False,False,BOTH,FILTER,,N/A_NOT_CONNECTED,N/A_NOT_CONNECTED,[],"[""ANY_AVAILABLE""]",[],[],no trusted frozen-engine lifecycle read and no imported+consumed SOURCE_EXACT contract,False,False,True,4fc946b596d2095932637bc191f64c85d4bcd7d107c4598f7f20a2e00c447cf8
RP_STRONG_BONUS,UNCONNECTED,False,False,BOTH,GLOBAL,,N/A_NOT_CONNECTED,N/A_NOT_CONNECTED,[],"[""ANY_AVAILABLE""]",[],[],no trusted frozen-engine lifecycle read and no imported+consumed SOURCE_EXACT contract,False,False,True,4fc946b596d2095932637bc191f64c85d4bcd7d107c4598f7f20a2e00c447cf8
RP_STRONG_THRESHOLD,UNCONNECTED,False,False,BOTH,FILTER,,N/A_NOT_CONNECTED,N/A_NOT_CONNECTED,[],"[""ANY_AVAILABLE""]",[],[],no trusted frozen-engine lifecycle read and no imported+consumed SOURCE_EXACT contract,False,False,True,4fc946b596d2095932637bc191f64c85d4bcd7d107c4598f7f20a2e00c447cf8
RP_WEAK_PENALTY,UNCONNECTED,False,False,BOTH,GLOBAL,,N/A_NOT_CONNECTED,N/A_NOT_CONNECTED,[],"[""ANY_AVAILABLE""]",[],[],no trusted frozen-engine lifecycle read and no imported+consumed SOURCE_EXACT contract,False,False,True,4fc946b596d2095932637bc191f64c85d4bcd7d107c4598f7f20a2e00c447cf8
RP_WEAK_THRESHOLD,UNCONNECTED,False,False,BOTH,FILTER,,N/A_NOT_CONNECTED,N/A_NOT_CONNECTED,[],"[""ANY_AVAILABLE""]",[],[],no trusted frozen-engine lifecycle read and no imported+consumed SOURCE_EXACT contract,False,False,True,4fc946b596d2095932637bc191f64c85d4bcd7d107c4598f7f20a2e00c447cf8
RSI2_MEAN_REVERSION_ENABLED,CONNECTED_BOTH,True,True,BOTH,GLOBAL,ENTRY|REENTRY,native=3m,native=5m,"[""rsi_{tf}""]","[""ANY_AVAILABLE""]","[""v12_quick_engine.py:5714:compute_reentry_blocks""]",[],trusted direct lifecycle read and/or imported+consumed SOURCE_EXACT contract applies to both venues,True,True,True,4fc946b596d2095932637bc191f64c85d4bcd7d107c4598f7f20a2e00c447cf8
RSI2_SCORE_BONUS,CONNECTED_BOTH,True,True,BOTH,GLOBAL,ENTRY|REENTRY,native=3m,native=5m,"[""rsi_{tf}""]","[""ANY_AVAILABLE""]","[""v12_quick_engine.py:6346:_combine_entry_blocks""]",[],trusted direct lifecycle read and/or imported+consumed SOURCE_EXACT contract applies to both venues,True,True,True,4fc946b596d2095932637bc191f64c85d4bcd7d107c4598f7f20a2e00c447cf8
RSI2_THRESHOLD_LONG,CONNECTED_BOTH,True,True,BOTH,FILTER,ENTRY|REENTRY,native=3m,native=5m,"[""rsi_{tf}""]","[""ANY_AVAILABLE""]","[""v12_quick_engine.py:5719:compute_reentry_blocks""]",[],trusted direct lifecycle read and/or imported+consumed SOURCE_EXACT contract applies to both venues,True,True,True,4fc946b596d2095932637bc191f64c85d4bcd7d107c4598f7f20a2e00c447cf8
RSI2_THRESHOLD_SHORT,CONNECTED_BOTH,True,True,BOTH,FILTER,ENTRY|REENTRY,native=3m,native=5m,"[""rsi_{tf}""]","[""ANY_AVAILABLE""]","[""v12_quick_engine.py:5720:compute_reentry_blocks""]",[],trusted direct lifecycle read and/or imported+consumed SOURCE_EXACT contract applies to both venues,True,True,True,4fc946b596d2095932637bc191f64c85d4bcd7d107c4598f7f20a2e00c447cf8
RSI_MACD_EMA_ENABLED,CONNECTED_BOTH,True,True,BOTH,GLOBAL,ENTRY|REENTRY,native=3m,native=5m,"[""ema_{period}_{tf}"",""macd_hist_{tf}"",""macd_signal_{tf}"",""macd_{tf}"",""rsi_{tf}""]","[""ANY_AVAILABLE""]","[""v12_quick_engine.py:5749:compute_reentry_blocks""]",[],trusted direct lifecycle read and/or imported+consumed SOURCE_EXACT contract applies to both venues,True,True,True,4fc946b596d2095932637bc191f64c85d4bcd7d107c4598f7f20a2e00c447cf8
RSI_MACD_EMA_RSI_LONG,CONNECTED_BOTH,True,True,BOTH,GLOBAL,ENTRY|REENTRY,native=3m,native=5m,"[""ema_{period}_{tf}"",""macd_hist_{tf}"",""macd_signal_{tf}"",""macd_{tf}"",""rsi_{tf}""]","[""ANY_AVAILABLE""]","[""v12_quick_engine.py:5760:compute_reentry_blocks""]",[],trusted direct lifecycle read and/or imported+consumed SOURCE_EXACT contract applies to both venues,True,True,True,4fc946b596d2095932637bc191f64c85d4bcd7d107c4598f7f20a2e00c447cf8
RSI_MACD_EMA_RSI_SHORT,CONNECTED_BOTH,True,True,BOTH,GLOBAL,ENTRY|REENTRY,native=3m,native=5m,"[""ema_{period}_{tf}"",""macd_hist_{tf}"",""macd_signal_{tf}"",""macd_{tf}"",""rsi_{tf}""]","[""ANY_AVAILABLE""]","[""v12_quick_engine.py:5762:compute_reentry_blocks""]",[],trusted direct lifecycle read and/or imported+consumed SOURCE_EXACT contract applies to both venues,True,True,True,4fc946b596d2095932637bc191f64c85d4bcd7d107c4598f7f20a2e00c447cf8
RSI_MACD_EMA_SCORE,CONNECTED_BOTH,True,True,BOTH,GLOBAL,ENTRY|REENTRY,native=3m,native=5m,"[""ema_{period}_{tf}"",""macd_hist_{tf}"",""macd_signal_{tf}"",""macd_{tf}"",""rsi_{tf}""]","[""ANY_AVAILABLE""]","[""v12_quick_engine.py:6352:_combine_entry_blocks""]",[],trusted direct lifecycle read and/or imported+consumed SOURCE_EXACT contract applies to both venues,True,True,True,4fc946b596d2095932637bc191f64c85d4bcd7d107c4598f7f20a2e00c447cf8
RSI_MACD_EMA_TF,CONNECTED_BOTH,True,True,BOTH,GLOBAL,ENTRY|REENTRY,native=3m;required=1h,native=5m;required=1h,"[""ema_{period}_1h"",""macd_1h"",""macd_hist_1h"",""macd_signal_1h"",""rsi_1h""]","[""1h""]","[""v12_quick_engine.py:5750:compute_reentry_blocks""]",[],trusted direct lifecycle read and/or imported+consumed SOURCE_EXACT contract applies to both venues,True,True,True,4fc946b596d2095932637bc191f64c85d4bcd7d107c4598f7f20a2e00c447cf8
RSI_MFI_SCORER_ENABLED,UNCONNECTED,False,False,BOTH,VEC_RSI_MFI_SCORER,,N/A_NOT_CONNECTED,N/A_NOT_CONNECTED,"[""mfi_{tf}"",""rsi_{tf}""]","[""ANY_AVAILABLE""]",[],[],no trusted frozen-engine lifecycle read and no imported+consumed SOURCE_EXACT contract,False,False,False,4fc946b596d2095932637bc191f64c85d4bcd7d107c4598f7f20a2e00c447cf8
RSI_MFI_SCORER_FILTER_TF,UNCONNECTED,False,False,BOTH,VEC_RSI_MFI_SCORER,,N/A_NOT_CONNECTED,N/A_NOT_CONNECTED,"[""mfi_15m"",""mfi_1h"",""mfi_1m"",""mfi_3m"",""mfi_4h"",""mfi_D"",""rsi_15m"",""rsi_1h"",""rsi_1m"",""rsi_3m"",""rsi_4h"",""rsi_D""]","[""1m"",""3m"",""15m"",""1h"",""4h"",""D""]",[],[],no trusted frozen-engine lifecycle read and no imported+consumed SOURCE_EXACT contract,False,False,False,4fc946b596d2095932637bc191f64c85d4bcd7d107c4598f7f20a2e00c447cf8
RSI_MFI_SCORER_MIN_TFS,UNCONNECTED,False,False,BOTH,VEC_RSI_MFI_SCORER,,N/A_NOT_CONNECTED,N/A_NOT_CONNECTED,"[""mfi_{tf}"",""rsi_{tf}""]","[""ANY_AVAILABLE""]",[],[],no trusted frozen-engine lifecycle read and no imported+consumed SOURCE_EXACT contract,False,False,False,4fc946b596d2095932637bc191f64c85d4bcd7d107c4598f7f20a2e00c447cf8
RULE_B_3M_EXIT_ENABLED,CONNECTED_CRYPTO,True,False,BOTH,EXIT,EXIT,native=3m;required=3m,N/A_NOT_CONNECTED,"[""close_3m"",""high_3m"",""low_3m""]","[""3m""]",[],"[""v12_exit_reduce_gap_batch2:data/reports/V12_EXIT_REDUCE_STOP_GAP_BATCH2_CONTRACT.csv""]",trusted causal route is crypto-native/source-scoped; no Tradier connection credit,False,True,True,4fc946b596d2095932637bc191f64c85d4bcd7d107c4598f7f20a2e00c447cf8
RULE_B_W_TREND_4H_PULLBACK_ENABLED,UNCONNECTED,False,False,BOTH,RULE_B_W,,N/A_NOT_CONNECTED,N/A_NOT_CONNECTED,[],"[""4h"",""W""]",[],[],no trusted frozen-engine lifecycle read and no imported+consumed SOURCE_EXACT contract,False,True,False,4fc946b596d2095932637bc191f64c85d4bcd7d107c4598f7f20a2e00c447cf8
RULE_C_FUNDING_EXTREME_ENABLED,UNCONNECTED,False,False,BOTH,RULE_C_FUNDING,,N/A_NOT_CONNECTED,N/A_NOT_CONNECTED,[],"[""ANY_AVAILABLE""]",[],[],no trusted frozen-engine lifecycle read and no imported+consumed SOURCE_EXACT contract,False,True,False,4fc946b596d2095932637bc191f64c85d4bcd7d107c4598f7f20a2e00c447cf8
RVOL_SCALP_MIN,UNCONNECTED,False,False,BOTH,RVOL_SCALP_MIN,,N/A_NOT_CONNECTED,N/A_NOT_CONNECTED,"[""relative_volume_{tf}"",""volume_{tf}""]","[""ANY_AVAILABLE""]",[],[],no trusted frozen-engine lifecycle read and no imported+consumed SOURCE_EXACT contract,False,False,False,4fc946b596d2095932637bc191f64c85d4bcd7d107c4598f7f20a2e00c447cf8
RVOL_SCORE_BOOST_PCT,UNCONNECTED,False,False,BOTH,RVOL_SCORE_BOOST,,N/A_NOT_CONNECTED,N/A_NOT_CONNECTED,"[""relative_volume_{tf}"",""volume_{tf}""]","[""ANY_AVAILABLE""]",[],[],no trusted frozen-engine lifecycle read and no imported+consumed SOURCE_EXACT contract,False,False,False,4fc946b596d2095932637bc191f64c85d4bcd7d107c4598f7f20a2e00c447cf8
RVOL_SCORE_BOOST_THRESHOLD,UNCONNECTED,False,False,BOTH,RVOL_SCORE_BOOST,,N/A_NOT_CONNECTED,N/A_NOT_CONNECTED,"[""relative_volume_{tf}"",""volume_{tf}""]","[""ANY_AVAILABLE""]",[],[],no trusted frozen-engine lifecycle read and no imported+consumed SOURCE_EXACT contract,False,False,False,4fc946b596d2095932637bc191f64c85d4bcd7d107c4598f7f20a2e00c447cf8
RZ_BASELINE_BOUNCE_SHORT_ENABLED,DEFERRED,False,False,BOTH,ENTRY,,N/A_NOT_CONNECTED,N/A_NOT_CONNECTED,"[""close_{tf}"",""high_{tf}"",""low_{tf}""]","[""ANY_AVAILABLE""]",[],[],blocked=PATTERN_ONLY_EXACT_ARRAY_BINDING_NOT_PROVEN;next_100_contract=NOT_INTEGRATED,False,True,True,4fc946b596d2095932637bc191f64c85d4bcd7d107c4598f7f20a2e00c447cf8
RZ_BASELINE_TOL,UNCONNECTED,False,False,BOTH,RZ_BASELINE_TOL,,N/A_NOT_CONNECTED,N/A_NOT_CONNECTED,[],"[""ANY_AVAILABLE""]",[],[],no trusted frozen-engine lifecycle read and no imported+consumed SOURCE_EXACT contract,False,False,True,4fc946b596d2095932637bc191f64c85d4bcd7d107c4598f7f20a2e00c447cf8
RZ_BREAKOUT_BAND,CONNECTED_BOTH,True,True,BOTH,ENTRY,ENTRY|REENTRY,native=3m,native=5m,"[""close_{tf}"",""high_{tf}"",""low_{tf}""]","[""ANY_AVAILABLE""]","[""v12_quick_engine.py:6641:_exact_entry_contract_masks""]",[],trusted direct lifecycle read and/or imported+consumed SOURCE_EXACT contract applies to both venues,False,True,True,4fc946b596d2095932637bc191f64c85d4bcd7d107c4598f7f20a2e00c447cf8
RZ_BREAKOUT_ENTRY_ENABLED,CONNECTED_BOTH,True,True,BOTH,ENTRY,ENTRY|REENTRY,native=3m,native=5m,"[""close_{tf}"",""high_{tf}"",""low_{tf}""]","[""ANY_AVAILABLE""]","[""v12_quick_engine.py:6636:_exact_entry_contract_masks""]",[],trusted direct lifecycle read and/or imported+consumed SOURCE_EXACT contract applies to both venues,False,True,True,4fc946b596d2095932637bc191f64c85d4bcd7d107c4598f7f20a2e00c447cf8
RZ_CASCADE_AT_RZ_BAND_PCT,UNCONNECTED,False,False,BOTH,RZ_CASCADE_AT,,N/A_NOT_CONNECTED,N/A_NOT_CONNECTED,[],"[""ANY_AVAILABLE""]",[],[],no trusted frozen-engine lifecycle read and no imported+consumed SOURCE_EXACT contract,False,True,False,4fc946b596d2095932637bc191f64c85d4bcd7d107c4598f7f20a2e00c447cf8
RZ_CASCADE_ENABLED,UNCONNECTED,False,False,BOTH,VEC_RZ_CASCADE,,N/A_NOT_CONNECTED,N/A_NOT_CONNECTED,[],"[""ANY_AVAILABLE""]",[],[],no trusted frozen-engine lifecycle read and no imported+consumed SOURCE_EXACT contract,False,True,False,4fc946b596d2095932637bc191f64c85d4bcd7d107c4598f7f20a2e00c447cf8
RZ_CASCADE_EXIT_ANY_TF,UNCONNECTED,False,False,BOTH,RZ_CASCADE_EXIT,,N/A_NOT_CONNECTED,N/A_NOT_CONNECTED,"[""close_{tf}"",""high_{tf}"",""low_{tf}""]","[""ANY_AVAILABLE""]",[],[],no trusted frozen-engine lifecycle read and no imported+consumed SOURCE_EXACT contract,False,True,False,4fc946b596d2095932637bc191f64c85d4bcd7d107c4598f7f20a2e00c447cf8
RZ_CASCADE_EXIT_MIN_REV_TFS,UNCONNECTED,False,False,BOTH,RZ_CASCADE_EXIT,,N/A_NOT_CONNECTED,N/A_NOT_CONNECTED,"[""close_{tf}"",""high_{tf}"",""low_{tf}""]","[""ANY_AVAILABLE""]",[],[],no trusted frozen-engine lifecycle read and no imported+consumed SOURCE_EXACT contract,False,True,False,4fc946b596d2095932637bc191f64c85d4bcd7d107c4598f7f20a2e00c447cf8
RZ_CASCADE_FILTER_TF,UNCONNECTED,False,False,BOTH,VEC_RZ_CASCADE,,N/A_NOT_CONNECTED,N/A_NOT_CONNECTED,[],"[""1m"",""3m"",""15m"",""1h"",""4h"",""D""]",[],[],no trusted frozen-engine lifecycle read and no imported+consumed SOURCE_EXACT contract,False,False,False,4fc946b596d2095932637bc191f64c85d4bcd7d107c4598f7f20a2e00c447cf8
RZ_CASCADE_HIGH_LOOKBACK,UNCONNECTED,False,False,BOTH,RZ_CASCADE_HIGH,,N/A_NOT_CONNECTED,N/A_NOT_CONNECTED,[],"[""ANY_AVAILABLE""]",[],[],no trusted frozen-engine lifecycle read and no imported+consumed SOURCE_EXACT contract,False,True,False,4fc946b596d2095932637bc191f64c85d4bcd7d107c4598f7f20a2e00c447cf8
RZ_CASCADE_MIN_TFS,UNCONNECTED,False,False,BOTH,VEC_RZ_CASCADE,,N/A_NOT_CONNECTED,N/A_NOT_CONNECTED,[],"[""ANY_AVAILABLE""]",[],[],no trusted frozen-engine lifecycle read and no imported+consumed SOURCE_EXACT contract,False,False,False,4fc946b596d2095932637bc191f64c85d4bcd7d107c4598f7f20a2e00c447cf8
RZ_CASCADE_MIN_TF_ALIGN,UNCONNECTED,False,False,BOTH,RZ_CASCADE_MIN,,N/A_NOT_CONNECTED,N/A_NOT_CONNECTED,[],"[""ANY_AVAILABLE""]",[],[],no trusted frozen-engine lifecycle read and no imported+consumed SOURCE_EXACT contract,False,True,False,4fc946b596d2095932637bc191f64c85d4bcd7d107c4598f7f20a2e00c447cf8
RZ_CASCADE_REQUIRE_NEW_HIGH,UNCONNECTED,False,False,BOTH,RZ_CASCADE_REQUIRE,,N/A_NOT_CONNECTED,N/A_NOT_CONNECTED,[],"[""ANY_AVAILABLE""]",[],[],no trusted frozen-engine lifecycle read and no imported+consumed SOURCE_EXACT contract,False,True,False,4fc946b596d2095932637bc191f64c85d4bcd7d107c4598f7f20a2e00c447cf8
RZ_CASCADE_USE_W_M,UNCONNECTED,False,False,BOTH,RZ_CASCADE_USE,,N/A_NOT_CONNECTED,N/A_NOT_CONNECTED,[],"[""W""]",[],[],no trusted frozen-engine lifecycle read and no imported+consumed SOURCE_EXACT contract,False,True,False,4fc946b596d2095932637bc191f64c85d4bcd7d107c4598f7f20a2e00c447cf8
RZ_CASCADE_VEL_MIN,UNCONNECTED,False,False,BOTH,RZ_CASCADE_VEL,,N/A_NOT_CONNECTED,N/A_NOT_CONNECTED,[],"[""ANY_AVAILABLE""]",[],[],no trusted frozen-engine lifecycle read and no imported+consumed SOURCE_EXACT contract,False,True,False,4fc946b596d2095932637bc191f64c85d4bcd7d107c4598f7f20a2e00c447cf8
RZ_CASCADE_WT_DELTA_MIN,UNCONNECTED,False,False,BOTH,RZ_CASCADE_WT,,N/A_NOT_CONNECTED,N/A_NOT_CONNECTED,"[""wt1_{tf}"",""wt2_{tf}""]","[""ANY_AVAILABLE""]",[],[],no trusted frozen-engine lifecycle read and no imported+consumed SOURCE_EXACT contract,False,True,False,4fc946b596d2095932637bc191f64c85d4bcd7d107c4598f7f20a2e00c447cf8
RZ_DIV_BLOCK_MIN,UNCONNECTED,False,False,BOTH,RZ_DIV_BLOCK,,N/A_NOT_CONNECTED,N/A_NOT_CONNECTED,[],"[""ANY_AVAILABLE""]",[],[],no trusted frozen-engine lifecycle read and no imported+consumed SOURCE_EXACT contract,False,False,True,4fc946b596d2095932637bc191f64c85d4bcd7d107c4598f7f20a2e00c447cf8
RZ_LEGS_MIN,UNCONNECTED,False,False,BOTH,GLOBAL,,N/A_NOT_CONNECTED,N/A_NOT_CONNECTED,[],"[""ANY_AVAILABLE""]",[],[],no trusted frozen-engine lifecycle read and no imported+consumed SOURCE_EXACT contract,False,False,True,4fc946b596d2095932637bc191f64c85d4bcd7d107c4598f7f20a2e00c447cf8
RZ_LTF_MICRO,UNCONNECTED,False,False,BOTH,RZ_LTF_MICRO,,N/A_NOT_CONNECTED,N/A_NOT_CONNECTED,[],"[""5m""]",[],[],no trusted frozen-engine lifecycle read and no imported+consumed SOURCE_EXACT contract,False,False,True,4fc946b596d2095932637bc191f64c85d4bcd7d107c4598f7f20a2e00c447cf8
R_G10_HTF_DIV_GATE_ENABLED,CONNECTED_CRYPTO,True,False,BOTH,FILTER,ENTRY|REENTRY,native=3m,N/A_NOT_CONNECTED,[],"[""ANY_AVAILABLE""]","[""v12_quick_engine.py:6776:_exact_crypto_wt_entry_contract""]",[],trusted causal route is crypto-native/source-scoped; no Tradier connection credit,False,True,True,4fc946b596d2095932637bc191f64c85d4bcd7d107c4598f7f20a2e00c447cf8
R_G10_HTF_DIV_TFS,CONNECTED_CRYPTO,True,False,BOTH,FILTER,ENTRY|REENTRY,native=3m,N/A_NOT_CONNECTED,[],"[""ANY_AVAILABLE""]","[""v12_quick_engine.py:6779:_exact_crypto_wt_entry_contract""]",[],trusted causal route is crypto-native/source-scoped; no Tradier connection credit,False,False,True,4fc946b596d2095932637bc191f64c85d4bcd7d107c4598f7f20a2e00c447cf8
R_S1_WT_COMPOSITE_DELTA_THR,CONNECTED_CRYPTO,True,False,BOTH,GLOBAL,ENTRY|REENTRY,native=3m,N/A_NOT_CONNECTED,"[""wt1_{tf}"",""wt2_{tf}""]","[""ANY_AVAILABLE""]","[""v12_quick_engine.py:6819:_exact_crypto_wt_entry_contract""]",[],trusted causal route is crypto-native/source-scoped; no Tradier connection credit,False,False,True,4fc946b596d2095932637bc191f64c85d4bcd7d107c4598f7f20a2e00c447cf8
R_S1_WT_COMPOSITE_DELTA_USE_ENABLED,CONNECTED_CRYPTO,True,False,BOTH,GLOBAL,ENTRY|REENTRY,native=3m,N/A_NOT_CONNECTED,"[""wt1_{tf}"",""wt2_{tf}""]","[""ANY_AVAILABLE""]","[""v12_quick_engine.py:6818:_exact_crypto_wt_entry_contract""]",[],trusted causal route is crypto-native/source-scoped; no Tradier connection credit,False,True,True,4fc946b596d2095932637bc191f64c85d4bcd7d107c4598f7f20a2e00c447cf8
R_S2_WT_ADAPTIVE_OS_ENABLED,CONNECTED_CRYPTO,True,False,BOTH,GLOBAL,ENTRY|REENTRY,native=3m,N/A_NOT_CONNECTED,"[""wt1_{tf}"",""wt2_{tf}""]","[""ANY_AVAILABLE""]","[""v12_quick_engine.py:6821:_exact_crypto_wt_entry_contract""]",[],trusted causal route is crypto-native/source-scoped; no Tradier connection credit,False,True,True,4fc946b596d2095932637bc191f64c85d4bcd7d107c4598f7f20a2e00c447cf8
R_S2_WT_PCT_OB_SHORT,CONNECTED_CRYPTO,True,False,BOTH,GLOBAL,ENTRY|REENTRY,native=3m,N/A_NOT_CONNECTED,"[""wt1_{tf}"",""wt2_{tf}""]","[""ANY_AVAILABLE""]","[""v12_quick_engine.py:6826:_exact_crypto_wt_entry_contract""]",[],trusted causal route is crypto-native/source-scoped; no Tradier connection credit,False,False,True,4fc946b596d2095932637bc191f64c85d4bcd7d107c4598f7f20a2e00c447cf8
R_S2_WT_PCT_OS_LONG,CONNECTED_CRYPTO,True,False,BOTH,GLOBAL,ENTRY|REENTRY,native=3m,N/A_NOT_CONNECTED,"[""wt1_{tf}"",""wt2_{tf}""]","[""ANY_AVAILABLE""]","[""v12_quick_engine.py:6825:_exact_crypto_wt_entry_contract""]",[],trusted causal route is crypto-native/source-scoped; no Tradier connection credit,False,False,True,4fc946b596d2095932637bc191f64c85d4bcd7d107c4598f7f20a2e00c447cf8
R_S3_DIV_STACK_ENABLED,DEFERRED,False,False,BOTH,GLOBAL,,N/A_NOT_CONNECTED,N/A_NOT_CONNECTED,[],"[""ANY_AVAILABLE""]",[],[],v12_reentry_augment_filter_gap_batch8=SOURCE_EXACT_NOT_INTEGRATED,False,True,True,4fc946b596d2095932637bc191f64c85d4bcd7d107c4598f7f20a2e00c447cf8
R_S3_HIDDEN_BONUS,DEFERRED,False,False,BOTH,GLOBAL,,N/A_NOT_CONNECTED,N/A_NOT_CONNECTED,[],"[""ANY_AVAILABLE""]",[],[],v12_reentry_augment_filter_gap_batch8=SOURCE_EXACT_NOT_INTEGRATED,False,False,True,4fc946b596d2095932637bc191f64c85d4bcd7d107c4598f7f20a2e00c447cf8
R_S3_HTF_WEIGHT_ENABLED,DEFERRED,False,False,BOTH,SIZING,,N/A_NOT_CONNECTED,N/A_NOT_CONNECTED,[],"[""ANY_AVAILABLE""]",[],[],v12_reentry_augment_filter_gap_batch8=SOURCE_EXACT_NOT_INTEGRATED,False,True,True,4fc946b596d2095932637bc191f64c85d4bcd7d107c4598f7f20a2e00c447cf8
R_S3_MAIN_PENALTY,DEFERRED,False,False,BOTH,GLOBAL,,N/A_NOT_CONNECTED,N/A_NOT_CONNECTED,[],"[""ANY_AVAILABLE""]",[],[],v12_reentry_augment_filter_gap_batch8=SOURCE_EXACT_NOT_INTEGRATED,False,False,True,4fc946b596d2095932637bc191f64c85d4bcd7d107c4598f7f20a2e00c447cf8
R_S3_TF_WEIGHT_15M,DEFERRED,False,False,BOTH,SIZING,,N/A_NOT_CONNECTED,N/A_NOT_CONNECTED,[],"[""15m""]",[],[],v12_reentry_augment_filter_gap_batch8=SOURCE_EXACT_NOT_INTEGRATED,False,False,True,4fc946b596d2095932637bc191f64c85d4bcd7d107c4598f7f20a2e00c447cf8
R_S3_TF_WEIGHT_1H,DEFERRED,False,False,BOTH,SIZING,,N/A_NOT_CONNECTED,N/A_NOT_CONNECTED,[],"[""1h""]",[],[],v12_reentry_augment_filter_gap_batch8=SOURCE_EXACT_NOT_INTEGRATED,False,False,True,4fc946b596d2095932637bc191f64c85d4bcd7d107c4598f7f20a2e00c447cf8
R_S3_TF_WEIGHT_3M,DEFERRED,False,False,BOTH,SIZING,,N/A_NOT_CONNECTED,N/A_NOT_CONNECTED,[],"[""3m""]",[],[],v12_reentry_augment_filter_gap_batch8=SOURCE_EXACT_NOT_INTEGRATED,False,False,True,4fc946b596d2095932637bc191f64c85d4bcd7d107c4598f7f20a2e00c447cf8
R_S3_TF_WEIGHT_4H,DEFERRED,False,False,BOTH,SIZING,,N/A_NOT_CONNECTED,N/A_NOT_CONNECTED,[],"[""4h""]",[],[],v12_reentry_augment_filter_gap_batch8=SOURCE_EXACT_NOT_INTEGRATED,False,False,True,4fc946b596d2095932637bc191f64c85d4bcd7d107c4598f7f20a2e00c447cf8
R_S3_TF_WEIGHT_D,DEFERRED,False,False,BOTH,SIZING,,N/A_NOT_CONNECTED,N/A_NOT_CONNECTED,[],"[""D""]",[],[],v12_reentry_augment_filter_gap_batch8=SOURCE_EXACT_NOT_INTEGRATED,False,False,True,4fc946b596d2095932637bc191f64c85d4bcd7d107c4598f7f20a2e00c447cf8
R_S4_HA_STREAK_ENABLED,DEFERRED,False,False,BOTH,GLOBAL,,N/A_NOT_CONNECTED,N/A_NOT_CONNECTED,[],"[""ANY_AVAILABLE""]",[],[],v12_reentry_augment_filter_gap_batch8=SOURCE_EXACT_NOT_INTEGRATED,False,True,True,4fc946b596d2095932637bc191f64c85d4bcd7d107c4598f7f20a2e00c447cf8
R_S4_HA_STREAK_TF,DEFERRED,False,False,BOTH,GLOBAL,,N/A_NOT_CONNECTED,N/A_NOT_CONNECTED,[],"[""1h""]",[],[],v12_reentry_augment_filter_gap_batch8=SOURCE_EXACT_NOT_INTEGRATED,False,False,True,4fc946b596d2095932637bc191f64c85d4bcd7d107c4598f7f20a2e00c447cf8
R_S4_HA_STREAK_WEIGHT,DEFERRED,False,False,BOTH,SIZING,,N/A_NOT_CONNECTED,N/A_NOT_CONNECTED,[],"[""ANY_AVAILABLE""]",[],[],v12_reentry_augment_filter_gap_batch8=SOURCE_EXACT_NOT_INTEGRATED,False,False,True,4fc946b596d2095932637bc191f64c85d4bcd7d107c4598f7f20a2e00c447cf8
R_S5_SENT_VEL_BONUS,DEFERRED,False,False,BOTH,GLOBAL,,N/A_NOT_CONNECTED,N/A_NOT_CONNECTED,[],"[""ANY_AVAILABLE""]",[],[],v12_reentry_augment_filter_gap_batch8=SOURCE_EXACT_NOT_INTEGRATED,False,False,True,4fc946b596d2095932637bc191f64c85d4bcd7d107c4598f7f20a2e00c447cf8
R_S5_SENT_VEL_ENABLED,DEFERRED,False,False,BOTH,GLOBAL,,N/A_NOT_CONNECTED,N/A_NOT_CONNECTED,[],"[""ANY_AVAILABLE""]",[],[],v12_reentry_augment_filter_gap_batch8=SOURCE_EXACT_NOT_INTEGRATED,False,True,True,4fc946b596d2095932637bc191f64c85d4bcd7d107c4598f7f20a2e00c447cf8
R_S5_SENT_VEL_PCT_THR,DEFERRED,False,False,BOTH,GLOBAL,,N/A_NOT_CONNECTED,N/A_NOT_CONNECTED,[],"[""ANY_AVAILABLE""]",[],[],v12_reentry_augment_filter_gap_batch8=SOURCE_EXACT_NOT_INTEGRATED,False,False,True,4fc946b596d2095932637bc191f64c85d4bcd7d107c4598f7f20a2e00c447cf8
R_S6_WT_MSTATE_GATE_MODE,CONNECTED_CRYPTO,True,False,BOTH,FILTER,ENTRY|REENTRY,native=3m,N/A_NOT_CONNECTED,"[""wt1_{tf}"",""wt2_{tf}""]","[""ANY_AVAILABLE""]","[""v12_quick_engine.py:6788:_exact_crypto_wt_entry_contract""]",[],trusted causal route is crypto-native/source-scoped; no Tradier connection credit,False,False,True,4fc946b596d2095932637bc191f64c85d4bcd7d107c4598f7f20a2e00c447cf8
R_S7_HHLL_BONUS_PER_TF,DEFERRED,False,False,BOTH,GLOBAL,,N/A_NOT_CONNECTED,N/A_NOT_CONNECTED,[],"[""ANY_AVAILABLE""]",[],[],v12_reentry_augment_filter_gap_batch8=SOURCE_EXACT_NOT_INTEGRATED,False,False,True,4fc946b596d2095932637bc191f64c85d4bcd7d107c4598f7f20a2e00c447cf8
R_S7_HHLL_MIN_INDICATORS,DEFERRED,False,False,BOTH,FILTER,,N/A_NOT_CONNECTED,N/A_NOT_CONNECTED,[],"[""ANY_AVAILABLE""]",[],[],v12_reentry_augment_filter_gap_batch8=SOURCE_EXACT_NOT_INTEGRATED,False,False,True,4fc946b596d2095932637bc191f64c85d4bcd7d107c4598f7f20a2e00c447cf8
R_S7_HHLL_MIN_TFS_FOR_BONUS,DEFERRED,False,False,BOTH,FILTER,,N/A_NOT_CONNECTED,N/A_NOT_CONNECTED,[],"[""ANY_AVAILABLE""]",[],[],v12_reentry_augment_filter_gap_batch8=SOURCE_EXACT_NOT_INTEGRATED,False,False,True,4fc946b596d2095932637bc191f64c85d4bcd7d107c4598f7f20a2e00c447cf8
R_S7_HHLL_STACK_ENABLED,DEFERRED,False,False,BOTH,GLOBAL,,N/A_NOT_CONNECTED,N/A_NOT_CONNECTED,[],"[""ANY_AVAILABLE""]",[],[],v12_reentry_augment_filter_gap_batch8=SOURCE_EXACT_NOT_INTEGRATED,False,True,True,4fc946b596d2095932637bc191f64c85d4bcd7d107c4598f7f20a2e00c447cf8
R_S7_HHLL_TFS,DEFERRED,False,False,BOTH,GLOBAL,,N/A_NOT_CONNECTED,N/A_NOT_CONNECTED,[],"[""ANY_AVAILABLE""]",[],[],v12_reentry_augment_filter_gap_batch8=SOURCE_EXACT_NOT_INTEGRATED,False,False,True,4fc946b596d2095932637bc191f64c85d4bcd7d107c4598f7f20a2e00c447cf8
R_Z2_BOT_MULT,UNCONNECTED,False,False,BOTH,GLOBAL,,N/A_NOT_CONNECTED,N/A_NOT_CONNECTED,[],"[""ANY_AVAILABLE""]",[],[],no trusted frozen-engine lifecycle read and no imported+consumed SOURCE_EXACT contract,False,False,True,4fc946b596d2095932637bc191f64c85d4bcd7d107c4598f7f20a2e00c447cf8
R_Z2_PCT_BOT_THR,UNCONNECTED,False,False,BOTH,GLOBAL,,N/A_NOT_CONNECTED,N/A_NOT_CONNECTED,[],"[""ANY_AVAILABLE""]",[],[],no trusted frozen-engine lifecycle read and no imported+consumed SOURCE_EXACT contract,False,False,True,4fc946b596d2095932637bc191f64c85d4bcd7d107c4598f7f20a2e00c447cf8
R_Z2_PCT_TOP_THR,UNCONNECTED,False,False,BOTH,GLOBAL,,N/A_NOT_CONNECTED,N/A_NOT_CONNECTED,[],"[""ANY_AVAILABLE""]",[],[],no trusted frozen-engine lifecycle read and no imported+consumed SOURCE_EXACT contract,False,False,True,4fc946b596d2095932637bc191f64c85d4bcd7d107c4598f7f20a2e00c447cf8
R_Z2_PERCENTILE_SCALER_ENABLED,UNCONNECTED,False,False,BOTH,GLOBAL,,N/A_NOT_CONNECTED,N/A_NOT_CONNECTED,[],"[""ANY_AVAILABLE""]",[],[],no trusted frozen-engine lifecycle read and no imported+consumed SOURCE_EXACT contract,False,True,True,4fc946b596d2095932637bc191f64c85d4bcd7d107c4598f7f20a2e00c447cf8
R_Z2_TOP_MULT,UNCONNECTED,False,False,BOTH,GLOBAL,,N/A_NOT_CONNECTED,N/A_NOT_CONNECTED,[],"[""ANY_AVAILABLE""]",[],[],no trusted frozen-engine lifecycle read and no imported+consumed SOURCE_EXACT contract,False,False,True,4fc946b596d2095932637bc191f64c85d4bcd7d107c4598f7f20a2e00c447cf8
R_Z3_T1_MULT,UNCONNECTED,False,False,BOTH,GLOBAL,,N/A_NOT_CONNECTED,N/A_NOT_CONNECTED,[],"[""ANY_AVAILABLE""]",[],[],no trusted frozen-engine lifecycle read and no imported+consumed SOURCE_EXACT contract,False,False,True,4fc946b596d2095932637bc191f64c85d4bcd7d107c4598f7f20a2e00c447cf8
R_Z3_T1_THR,UNCONNECTED,False,False,BOTH,GLOBAL,,N/A_NOT_CONNECTED,N/A_NOT_CONNECTED,[],"[""ANY_AVAILABLE""]",[],[],no trusted frozen-engine lifecycle read and no imported+consumed SOURCE_EXACT contract,False,False,True,4fc946b596d2095932637bc191f64c85d4bcd7d107c4598f7f20a2e00c447cf8
R_Z3_T2_MULT,UNCONNECTED,False,False,BOTH,GLOBAL,,N/A_NOT_CONNECTED,N/A_NOT_CONNECTED,[],"[""ANY_AVAILABLE""]",[],[],no trusted frozen-engine lifecycle read and no imported+consumed SOURCE_EXACT contract,False,False,True,4fc946b596d2095932637bc191f64c85d4bcd7d107c4598f7f20a2e00c447cf8
R_Z3_T2_THR,UNCONNECTED,False,False,BOTH,GLOBAL,,N/A_NOT_CONNECTED,N/A_NOT_CONNECTED,[],"[""ANY_AVAILABLE""]",[],[],no trusted frozen-engine lifecycle read and no imported+consumed SOURCE_EXACT contract,False,False,True,4fc946b596d2095932637bc191f64c85d4bcd7d107c4598f7f20a2e00c447cf8
R_Z3_T3_MULT,UNCONNECTED,False,False,BOTH,GLOBAL,,N/A_NOT_CONNECTED,N/A_NOT_CONNECTED,[],"[""ANY_AVAILABLE""]",[],[],no trusted frozen-engine lifecycle read and no imported+consumed SOURCE_EXACT contract,False,False,True,4fc946b596d2095932637bc191f64c85d4bcd7d107c4598f7f20a2e00c447cf8
R_Z3_T3_THR,UNCONNECTED,False,False,BOTH,GLOBAL,,N/A_NOT_CONNECTED,N/A_NOT_CONNECTED,[],"[""ANY_AVAILABLE""]",[],[],no trusted frozen-engine lifecycle read and no imported+consumed SOURCE_EXACT contract,False,False,True,4fc946b596d2095932637bc191f64c85d4bcd7d107c4598f7f20a2e00c447cf8
R_Z3_WT_COMPOSITE_SIZE_ENABLED,UNCONNECTED,False,False,BOTH,SIZING,,N/A_NOT_CONNECTED,N/A_NOT_CONNECTED,"[""wt1_{tf}"",""wt2_{tf}""]","[""ANY_AVAILABLE""]",[],[],no trusted frozen-engine lifecycle read and no imported+consumed SOURCE_EXACT contract,False,True,True,4fc946b596d2095932637bc191f64c85d4bcd7d107c4598f7f20a2e00c447cf8
R_Z5_DC_HTF_MIN,UNCONNECTED,False,False,BOTH,FILTER,,N/A_NOT_CONNECTED,N/A_NOT_CONNECTED,"[""dc_basis_{tf}"",""dc_high_{tf}"",""dc_low_{tf}""]","[""ANY_AVAILABLE""]",[],[],no trusted frozen-engine lifecycle read and no imported+consumed SOURCE_EXACT contract,False,False,True,4fc946b596d2095932637bc191f64c85d4bcd7d107c4598f7f20a2e00c447cf8
R_Z5_DC_LTF_LOW_THR,UNCONNECTED,False,False,BOTH,GLOBAL,,N/A_NOT_CONNECTED,N/A_NOT_CONNECTED,"[""dc_basis_{tf}"",""dc_high_{tf}"",""dc_low_{tf}""]","[""ANY_AVAILABLE""]",[],[],no trusted frozen-engine lifecycle read and no imported+consumed SOURCE_EXACT contract,False,False,True,4fc946b596d2095932637bc191f64c85d4bcd7d107c4598f7f20a2e00c447cf8
R_Z5_DC_PULLBACK_MULT,UNCONNECTED,False,False,BOTH,ENTRY,,N/A_NOT_CONNECTED,N/A_NOT_CONNECTED,"[""dc_basis_{tf}"",""dc_high_{tf}"",""dc_low_{tf}""]","[""ANY_AVAILABLE""]",[],[],no trusted frozen-engine lifecycle read and no imported+consumed SOURCE_EXACT contract,False,False,True,4fc946b596d2095932637bc191f64c85d4bcd7d107c4598f7f20a2e00c447cf8
R_Z5_DC_PULLBACK_SIZING_ENABLED,UNCONNECTED,False,False,BOTH,ENTRY,,N/A_NOT_CONNECTED,N/A_NOT_CONNECTED,"[""dc_basis_{tf}"",""dc_high_{tf}"",""dc_low_{tf}""]","[""ANY_AVAILABLE""]",[],[],no trusted frozen-engine lifecycle read and no imported+consumed SOURCE_EXACT contract,False,True,True,4fc946b596d2095932637bc191f64c85d4bcd7d107c4598f7f20a2e00c447cf8
SANDBOX_ACCOUNTS,UNCONNECTED,False,False,BOTH,SANDBOX_ACCOUNTS,,N/A_NOT_CONNECTED,N/A_NOT_CONNECTED,[],"[""ANY_AVAILABLE""]",[],[],no trusted frozen-engine lifecycle read and no imported+consumed SOURCE_EXACT contract,False,False,False,4fc946b596d2095932637bc191f64c85d4bcd7d107c4598f7f20a2e00c447cf8
SANDBOX_MODE,UNCONNECTED,False,False,BOTH,SANDBOX_MODE,,N/A_NOT_CONNECTED,N/A_NOT_CONNECTED,[],"[""ANY_AVAILABLE""]",[],[],no trusted frozen-engine lifecycle read and no imported+consumed SOURCE_EXACT contract,False,False,False,4fc946b596d2095932637bc191f64c85d4bcd7d107c4598f7f20a2e00c447cf8
SATOSHIT_ACCOUNTS,UNCONNECTED,False,False,BOTH,GLOBAL,,N/A_NOT_CONNECTED,N/A_NOT_CONNECTED,[],"[""ANY_AVAILABLE""]",[],[],no trusted frozen-engine lifecycle read and no imported+consumed SOURCE_EXACT contract,False,False,True,4fc946b596d2095932637bc191f64c85d4bcd7d107c4598f7f20a2e00c447cf8
SATOSHIT_ACCOUNTS_TRADIER,VENUE_SPECIFIC_BY_SOURCE,False,False,TRADIER,SATOSHIT_ACCOUNTS_TRADIER,,N/A_NOT_CONNECTED,N/A_NOT_CONNECTED,[],"[""ANY_AVAILABLE""]",[],[],source scope is TRADIER; no trusted frozen-engine causal integration,False,False,False,4fc946b596d2095932637bc191f64c85d4bcd7d107c4598f7f20a2e00c447cf8
SATOSHIT_ENABLED_TRADIER,VENUE_SPECIFIC_BY_SOURCE,False,False,TRADIER,SATOSHIT_ENABLED_TRADIER,,N/A_NOT_CONNECTED,N/A_NOT_CONNECTED,[],"[""ANY_AVAILABLE""]",[],[],source scope is TRADIER; no trusted frozen-engine causal integration,False,False,False,4fc946b596d2095932637bc191f64c85d4bcd7d107c4598f7f20a2e00c447cf8
SATOSHIT_EXIT_LONG_RSI_MIN,UNCONNECTED,False,False,BOTH,SATOSHIT_EXIT_LONG,,N/A_NOT_CONNECTED,N/A_NOT_CONNECTED,"[""close_{tf}"",""high_{tf}"",""low_{tf}"",""rsi_{tf}""]","[""ANY_AVAILABLE""]",[],[],no trusted frozen-engine lifecycle read and no imported+consumed SOURCE_EXACT contract,False,False,False,4fc946b596d2095932637bc191f64c85d4bcd7d107c4598f7f20a2e00c447cf8
SATOSHIT_EXIT_LONG_STOCH_K_MIN,UNCONNECTED,False,False,BOTH,SATOSHIT_EXIT_LONG,,N/A_NOT_CONNECTED,N/A_NOT_CONNECTED,"[""close_{tf}"",""high_{tf}"",""low_{tf}"",""stoch_d_{tf}"",""stoch_k_{tf}""]","[""ANY_AVAILABLE""]",[],[],no trusted frozen-engine lifecycle read and no imported+consumed SOURCE_EXACT contract,False,False,False,4fc946b596d2095932637bc191f64c85d4bcd7d107c4598f7f20a2e00c447cf8
SATOSHIT_EXIT_SHORT_RSI_MAX,UNCONNECTED,False,False,BOTH,SATOSHIT_EXIT_SHORT,,N/A_NOT_CONNECTED,N/A_NOT_CONNECTED,"[""close_{tf}"",""high_{tf}"",""low_{tf}"",""rsi_{tf}""]","[""ANY_AVAILABLE""]",[],[],no trusted frozen-engine lifecycle read and no imported+consumed SOURCE_EXACT contract,False,False,False,4fc946b596d2095932637bc191f64c85d4bcd7d107c4598f7f20a2e00c447cf8
SATOSHIT_EXIT_SHORT_STOCH_K_MAX,UNCONNECTED,False,False,BOTH,SATOSHIT_EXIT_SHORT,,N/A_NOT_CONNECTED,N/A_NOT_CONNECTED,"[""close_{tf}"",""high_{tf}"",""low_{tf}"",""stoch_d_{tf}"",""stoch_k_{tf}""]","[""ANY_AVAILABLE""]",[],[],no trusted frozen-engine lifecycle read and no imported+consumed SOURCE_EXACT contract,False,False,False,4fc946b596d2095932637bc191f64c85d4bcd7d107c4598f7f20a2e00c447cf8
SATOSHIT_FILTER_TF,UNCONNECTED,False,False,BOTH,VEC_SATOSHIT,,N/A_NOT_CONNECTED,N/A_NOT_CONNECTED,[],"[""1m"",""3m"",""15m"",""1h"",""4h"",""D""]",[],[],no trusted frozen-engine lifecycle read and no imported+consumed SOURCE_EXACT contract,False,False,False,4fc946b596d2095932637bc191f64c85d4bcd7d107c4598f7f20a2e00c447cf8
SATOSHIT_HTF_MFI_D_MIN,UNCONNECTED,False,False,BOTH,SATOSHIT_HTF_MFI,,N/A_NOT_CONNECTED,N/A_NOT_CONNECTED,"[""mfi_D""]","[""D""]",[],[],no trusted frozen-engine lifecycle read and no imported+consumed SOURCE_EXACT contract,False,True,False,4fc946b596d2095932637bc191f64c85d4bcd7d107c4598f7f20a2e00c447cf8
SATOSHIT_HTF_RVOL_1H_MIN,UNCONNECTED,False,False,BOTH,SATOSHIT_HTF_RVOL,,N/A_NOT_CONNECTED,N/A_NOT_CONNECTED,"[""relative_volume_1h"",""volume_1h""]","[""1h""]",[],[],no trusted frozen-engine lifecycle read and no imported+consumed SOURCE_EXACT contract,False,True,False,4fc946b596d2095932637bc191f64c85d4bcd7d107c4598f7f20a2e00c447cf8
SATOSHIT_LONG_MFI_MAX,UNCONNECTED,False,False,BOTH,SATOSHIT_LONG_MFI,,N/A_NOT_CONNECTED,N/A_NOT_CONNECTED,"[""mfi_{tf}""]","[""ANY_AVAILABLE""]",[],[],no trusted frozen-engine lifecycle read and no imported+consumed SOURCE_EXACT contract,False,True,False,4fc946b596d2095932637bc191f64c85d4bcd7d107c4598f7f20a2e00c447cf8
SATOSHIT_LONG_RSI_MAX,UNCONNECTED,False,False,BOTH,SATOSHIT_LONG_RSI,,N/A_NOT_CONNECTED,N/A_NOT_CONNECTED,"[""rsi_{tf}""]","[""ANY_AVAILABLE""]",[],[],no trusted frozen-engine lifecycle read and no imported+consumed SOURCE_EXACT contract,False,True,False,4fc946b596d2095932637bc191f64c85d4bcd7d107c4598f7f20a2e00c447cf8
SATOSHIT_LONG_STOCH_K_MAX,UNCONNECTED,False,False,BOTH,SATOSHIT_LONG_STOCH,,N/A_NOT_CONNECTED,N/A_NOT_CONNECTED,"[""stoch_d_{tf}"",""stoch_k_{tf}""]","[""ANY_AVAILABLE""]",[],[],no trusted frozen-engine lifecycle read and no imported+consumed SOURCE_EXACT contract,False,True,False,4fc946b596d2095932637bc191f64c85d4bcd7d107c4598f7f20a2e00c447cf8
SATOSHIT_MIN_TFS,UNCONNECTED,False,False,BOTH,VEC_SATOSHIT,,N/A_NOT_CONNECTED,N/A_NOT_CONNECTED,[],"[""ANY_AVAILABLE""]",[],[],no trusted frozen-engine lifecycle read and no imported+consumed SOURCE_EXACT contract,False,False,False,4fc946b596d2095932637bc191f64c85d4bcd7d107c4598f7f20a2e00c447cf8
SATOSHIT_QTY_MULT,UNCONNECTED,False,False,BOTH,SATOSHIT_QTY_MULT,,N/A_NOT_CONNECTED,N/A_NOT_CONNECTED,[],"[""ANY_AVAILABLE""]",[],[],no trusted frozen-engine lifecycle read and no imported+consumed SOURCE_EXACT contract,False,False,True,4fc946b596d2095932637bc191f64c85d4bcd7d107c4598f7f20a2e00c447cf8
SATOSHIT_SCORE_BONUS,UNCONNECTED,False,False,BOTH,SATOSHIT_SCORE_BONUS,,N/A_NOT_CONNECTED,N/A_NOT_CONNECTED,[],"[""ANY_AVAILABLE""]",[],[],no trusted frozen-engine lifecycle read and no imported+consumed SOURCE_EXACT contract,False,True,False,4fc946b596d2095932637bc191f64c85d4bcd7d107c4598f7f20a2e00c447cf8
SATOSHIT_SHORT_MFI_MIN,UNCONNECTED,False,False,BOTH,SATOSHIT_SHORT_MFI,,N/A_NOT_CONNECTED,N/A_NOT_CONNECTED,"[""mfi_{tf}""]","[""ANY_AVAILABLE""]",[],[],no trusted frozen-engine lifecycle read and no imported+consumed SOURCE_EXACT contract,False,True,False,4fc946b596d2095932637bc191f64c85d4bcd7d107c4598f7f20a2e00c447cf8
SATOSHIT_SHORT_RSI_MIN,UNCONNECTED,False,False,BOTH,SATOSHIT_SHORT_RSI,,N/A_NOT_CONNECTED,N/A_NOT_CONNECTED,"[""rsi_{tf}""]","[""ANY_AVAILABLE""]",[],[],no trusted frozen-engine lifecycle read and no imported+consumed SOURCE_EXACT contract,False,True,False,4fc946b596d2095932637bc191f64c85d4bcd7d107c4598f7f20a2e00c447cf8
SATOSHIT_SHORT_STOCH_K_MIN,UNCONNECTED,False,False,BOTH,SATOSHIT_SHORT_STOCH,,N/A_NOT_CONNECTED,N/A_NOT_CONNECTED,"[""stoch_d_{tf}"",""stoch_k_{tf}""]","[""ANY_AVAILABLE""]",[],[],no trusted frozen-engine lifecycle read and no imported+consumed SOURCE_EXACT contract,False,True,False,4fc946b596d2095932637bc191f64c85d4bcd7d107c4598f7f20a2e00c447cf8
SBA_ADX_MAX,UNCONNECTED,False,False,BOTH,GLOBAL,,N/A_NOT_CONNECTED,N/A_NOT_CONNECTED,"[""adx_{tf}""]","[""ANY_AVAILABLE""]",[],[],no trusted frozen-engine lifecycle read and no imported+consumed SOURCE_EXACT contract,False,False,True,4fc946b596d2095932637bc191f64c85d4bcd7d107c4598f7f20a2e00c447cf8
SBA_ADX_MAX_TRADIER,VENUE_SPECIFIC_BY_SOURCE,False,False,TRADIER,SBA_ADX_MAX,,N/A_NOT_CONNECTED,N/A_NOT_CONNECTED,"[""adx_{tf}""]","[""ANY_AVAILABLE""]",[],[],source scope is TRADIER; no trusted frozen-engine causal integration,False,False,False,4fc946b596d2095932637bc191f64c85d4bcd7d107c4598f7f20a2e00c447cf8
SBA_ADX_TF,UNCONNECTED,False,False,BOTH,SBA_ADX_TF,,N/A_NOT_CONNECTED,N/A_NOT_CONNECTED,"[""adx_1h""]","[""1h""]",[],[],no trusted frozen-engine lifecycle read and no imported+consumed SOURCE_EXACT contract,False,False,False,4fc946b596d2095932637bc191f64c85d4bcd7d107c4598f7f20a2e00c447cf8
SBA_COOLDOWN_GLOBAL_S,UNCONNECTED,False,False,BOTH,GLOBAL,,N/A_NOT_CONNECTED,N/A_NOT_CONNECTED,[],"[""ANY_AVAILABLE""]",[],[],no trusted frozen-engine lifecycle read and no imported+consumed SOURCE_EXACT contract,False,False,True,4fc946b596d2095932637bc191f64c85d4bcd7d107c4598f7f20a2e00c447cf8
SBA_COOLDOWN_POSITION_S,UNCONNECTED,False,False,BOTH,GLOBAL,,N/A_NOT_CONNECTED,N/A_NOT_CONNECTED,[],"[""ANY_AVAILABLE""]",[],[],no trusted frozen-engine lifecycle read and no imported+consumed SOURCE_EXACT contract,False,False,True,4fc946b596d2095932637bc191f64c85d4bcd7d107c4598f7f20a2e00c447cf8
SBA_COOLDOWN_S_TRADIER,VENUE_SPECIFIC_BY_SOURCE,False,False,TRADIER,SBA_COOLDOWN_S,,N/A_NOT_CONNECTED,N/A_NOT_CONNECTED,[],"[""ANY_AVAILABLE""]",[],[],source scope is TRADIER; no trusted frozen-engine causal integration,False,False,False,4fc946b596d2095932637bc191f64c85d4bcd7d107c4598f7f20a2e00c447cf8
SBA_ENABLED,UNCONNECTED,False,False,BOTH,GLOBAL,,N/A_NOT_CONNECTED,N/A_NOT_CONNECTED,[],"[""ANY_AVAILABLE""]",[],[],no trusted frozen-engine lifecycle read and no imported+consumed SOURCE_EXACT contract,False,True,True,4fc946b596d2095932637bc191f64c85d4bcd7d107c4598f7f20a2e00c447cf8
SBA_ENABLED_TRADIER,VENUE_SPECIFIC_BY_SOURCE,False,False,TRADIER,SBA_ENABLED_TRADIER,,N/A_NOT_CONNECTED,N/A_NOT_CONNECTED,[],"[""ANY_AVAILABLE""]",[],[],source scope is TRADIER; no trusted frozen-engine causal integration,False,False,False,4fc946b596d2095932637bc191f64c85d4bcd7d107c4598f7f20a2e00c447cf8
SBA_MAX_ADDS,UNCONNECTED,False,False,BOTH,GLOBAL,,N/A_NOT_CONNECTED,N/A_NOT_CONNECTED,[],"[""ANY_AVAILABLE""]",[],[],no trusted frozen-engine lifecycle read and no imported+consumed SOURCE_EXACT contract,False,False,True,4fc946b596d2095932637bc191f64c85d4bcd7d107c4598f7f20a2e00c447cf8
SBA_MAX_ADDS_TRADIER,VENUE_SPECIFIC_BY_SOURCE,False,False,TRADIER,SBA_MAX_ADDS,,N/A_NOT_CONNECTED,N/A_NOT_CONNECTED,[],"[""ANY_AVAILABLE""]",[],[],source scope is TRADIER; no trusted frozen-engine causal integration,False,False,False,4fc946b596d2095932637bc191f64c85d4bcd7d107c4598f7f20a2e00c447cf8
SBA_MAX_CONCURRENT,UNCONNECTED,False,False,BOTH,GLOBAL,,N/A_NOT_CONNECTED,N/A_NOT_CONNECTED,[],"[""ANY_AVAILABLE""]",[],[],no trusted frozen-engine lifecycle read and no imported+consumed SOURCE_EXACT contract,False,False,True,4fc946b596d2095932637bc191f64c85d4bcd7d107c4598f7f20a2e00c447cf8
SBA_MAX_LOSS_PCT,UNCONNECTED,False,False,BOTH,GLOBAL,,N/A_NOT_CONNECTED,N/A_NOT_CONNECTED,[],"[""ANY_AVAILABLE""]",[],[],no trusted frozen-engine lifecycle read and no imported+consumed SOURCE_EXACT contract,False,False,True,4fc946b596d2095932637bc191f64c85d4bcd7d107c4598f7f20a2e00c447cf8
SBA_MAX_LOSS_PCT_TRADIER,VENUE_SPECIFIC_BY_SOURCE,False,False,TRADIER,SBA_MAX_LOSS,,N/A_NOT_CONNECTED,N/A_NOT_CONNECTED,[],"[""ANY_AVAILABLE""]",[],[],source scope is TRADIER; no trusted frozen-engine causal integration,False,False,False,4fc946b596d2095932637bc191f64c85d4bcd7d107c4598f7f20a2e00c447cf8
SBA_MAX_TOTAL_MULT,UNCONNECTED,False,False,BOTH,GLOBAL,,N/A_NOT_CONNECTED,N/A_NOT_CONNECTED,[],"[""ANY_AVAILABLE""]",[],[],no trusted frozen-engine lifecycle read and no imported+consumed SOURCE_EXACT contract,False,False,True,4fc946b596d2095932637bc191f64c85d4bcd7d107c4598f7f20a2e00c447cf8
SBA_MIN_LOSS_PCT,UNCONNECTED,False,False,BOTH,GLOBAL,,N/A_NOT_CONNECTED,N/A_NOT_CONNECTED,[],"[""ANY_AVAILABLE""]",[],[],no trusted frozen-engine lifecycle read and no imported+consumed SOURCE_EXACT contract,False,False,True,4fc946b596d2095932637bc191f64c85d4bcd7d107c4598f7f20a2e00c447cf8
SBA_MIN_LOSS_PCT_TRADIER,VENUE_SPECIFIC_BY_SOURCE,False,False,TRADIER,SBA_MIN_LOSS,,N/A_NOT_CONNECTED,N/A_NOT_CONNECTED,[],"[""ANY_AVAILABLE""]",[],[],source scope is TRADIER; no trusted frozen-engine causal integration,False,False,False,4fc946b596d2095932637bc191f64c85d4bcd7d107c4598f7f20a2e00c447cf8
SBA_MIN_SCORE,UNCONNECTED,False,False,BOTH,FILTER,,N/A_NOT_CONNECTED,N/A_NOT_CONNECTED,[],"[""ANY_AVAILABLE""]",[],[],no trusted frozen-engine lifecycle read and no imported+consumed SOURCE_EXACT contract,False,False,True,4fc946b596d2095932637bc191f64c85d4bcd7d107c4598f7f20a2e00c447cf8
SBA_SIZE_FRACTION,UNCONNECTED,False,False,BOTH,SIZING,,N/A_NOT_CONNECTED,N/A_NOT_CONNECTED,[],"[""ANY_AVAILABLE""]",[],[],no trusted frozen-engine lifecycle read and no imported+consumed SOURCE_EXACT contract,False,False,True,4fc946b596d2095932637bc191f64c85d4bcd7d107c4598f7f20a2e00c447cf8
SBA_SIZE_FRACTION_TRADIER,VENUE_SPECIFIC_BY_SOURCE,False,False,TRADIER,SBA_SIZE_FRACTION,,N/A_NOT_CONNECTED,N/A_NOT_CONNECTED,[],"[""ANY_AVAILABLE""]",[],[],source scope is TRADIER; no trusted frozen-engine causal integration,False,False,False,4fc946b596d2095932637bc191f64c85d4bcd7d107c4598f7f20a2e00c447cf8
SENTIMENT_BOOST_COOLDOWN_SEC,UNCONNECTED,False,False,BOTH,SENTIMENT_BOOST_COOLDOWN,,N/A_NOT_CONNECTED,N/A_NOT_CONNECTED,[],"[""ANY_AVAILABLE""]",[],[],no trusted frozen-engine lifecycle read and no imported+consumed SOURCE_EXACT contract,False,True,False,4fc946b596d2095932637bc191f64c85d4bcd7d107c4598f7f20a2e00c447cf8
SENTIMENT_BOOST_DEVIATION_PCT,UNCONNECTED,False,False,BOTH,SENTIMENT_BOOST_DEVIATION,,N/A_NOT_CONNECTED,N/A_NOT_CONNECTED,[],"[""ANY_AVAILABLE""]",[],[],no trusted frozen-engine lifecycle read and no imported+consumed SOURCE_EXACT contract,False,True,False,4fc946b596d2095932637bc191f64c85d4bcd7d107c4598f7f20a2e00c447cf8
SENTIMENT_BOOST_ENABLED,UNCONNECTED,False,False,BOTH,VEC_SENTIMENT_BOOST,,N/A_NOT_CONNECTED,N/A_NOT_CONNECTED,[],"[""ANY_AVAILABLE""]",[],[],no trusted frozen-engine lifecycle read and no imported+consumed SOURCE_EXACT contract,False,True,False,4fc946b596d2095932637bc191f64c85d4bcd7d107c4598f7f20a2e00c447cf8
SENTIMENT_BOOST_FILTER_TF,UNCONNECTED,False,False,BOTH,VEC_SENTIMENT_BOOST,,N/A_NOT_CONNECTED,N/A_NOT_CONNECTED,[],"[""1m"",""3m"",""15m"",""1h"",""4h"",""D""]",[],[],no trusted frozen-engine lifecycle read and no imported+consumed SOURCE_EXACT contract,False,False,False,4fc946b596d2095932637bc191f64c85d4bcd7d107c4598f7f20a2e00c447cf8
SENTIMENT_BOOST_MIN_GAIN_PCT,UNCONNECTED,False,False,BOTH,SENTIMENT_BOOST_MIN,,N/A_NOT_CONNECTED,N/A_NOT_CONNECTED,[],"[""ANY_AVAILABLE""]",[],[],no trusted frozen-engine lifecycle read and no imported+consumed SOURCE_EXACT contract,False,True,False,4fc946b596d2095932637bc191f64c85d4bcd7d107c4598f7f20a2e00c447cf8
SENTIMENT_BOOST_MIN_TFS,UNCONNECTED,False,False,BOTH,VEC_SENTIMENT_BOOST,,N/A_NOT_CONNECTED,N/A_NOT_CONNECTED,[],"[""ANY_AVAILABLE""]",[],[],no trusted frozen-engine lifecycle read and no imported+consumed SOURCE_EXACT contract,False,False,False,4fc946b596d2095932637bc191f64c85d4bcd7d107c4598f7f20a2e00c447cf8
SENTIMENT_BOOST_START_POSITION_SIZE,UNCONNECTED,False,False,BOTH,SENTIMENT_BOOST_START,,N/A_NOT_CONNECTED,N/A_NOT_CONNECTED,[],"[""ANY_AVAILABLE""]",[],[],no trusted frozen-engine lifecycle read and no imported+consumed SOURCE_EXACT contract,False,True,False,4fc946b596d2095932637bc191f64c85d4bcd7d107c4598f7f20a2e00c447cf8
SENTIMENT_FADE_ENABLED,UNCONNECTED,False,False,BOTH,VEC_SENTIMENT_FADE,,N/A_NOT_CONNECTED,N/A_NOT_CONNECTED,[],"[""ANY_AVAILABLE""]",[],[],no trusted frozen-engine lifecycle read and no imported+consumed SOURCE_EXACT contract,False,False,False,4fc946b596d2095932637bc191f64c85d4bcd7d107c4598f7f20a2e00c447cf8
SENTIMENT_FADE_FILTER_TF,UNCONNECTED,False,False,BOTH,VEC_SENTIMENT_FADE,,N/A_NOT_CONNECTED,N/A_NOT_CONNECTED,[],"[""1m"",""3m"",""15m"",""1h"",""4h"",""D""]",[],[],no trusted frozen-engine lifecycle read and no imported+consumed SOURCE_EXACT contract,False,False,False,4fc946b596d2095932637bc191f64c85d4bcd7d107c4598f7f20a2e00c447cf8
SENTIMENT_FADE_MIN_TFS,UNCONNECTED,False,False,BOTH,VEC_SENTIMENT_FADE,,N/A_NOT_CONNECTED,N/A_NOT_CONNECTED,[],"[""ANY_AVAILABLE""]",[],[],no trusted frozen-engine lifecycle read and no imported+consumed SOURCE_EXACT contract,False,False,False,4fc946b596d2095932637bc191f64c85d4bcd7d107c4598f7f20a2e00c447cf8
SENTIMENT_FADE_MODE,UNCONNECTED,False,False,BOTH,SENTIMENT_FADE_MODE,,N/A_NOT_CONNECTED,N/A_NOT_CONNECTED,[],"[""ANY_AVAILABLE""]",[],[],no trusted frozen-engine lifecycle read and no imported+consumed SOURCE_EXACT contract,False,False,False,4fc946b596d2095932637bc191f64c85d4bcd7d107c4598f7f20a2e00c447cf8
SENTIMENT_FADE_PROXY_ENABLED,UNCONNECTED,False,False,BOTH,GLOBAL,,N/A_NOT_CONNECTED,N/A_NOT_CONNECTED,[],"[""ANY_AVAILABLE""]",[],[],no trusted frozen-engine lifecycle read and no imported+consumed SOURCE_EXACT contract,False,True,True,4fc946b596d2095932637bc191f64c85d4bcd7d107c4598f7f20a2e00c447cf8
SENTIMENT_REBAL_COOLDOWN_MIN,UNCONNECTED,False,False,BOTH,SENTIMENT_REBAL_COOLDOWN,,N/A_NOT_CONNECTED,N/A_NOT_CONNECTED,[],"[""ANY_AVAILABLE""]",[],[],no trusted frozen-engine lifecycle read and no imported+consumed SOURCE_EXACT contract,False,False,True,4fc946b596d2095932637bc191f64c85d4bcd7d107c4598f7f20a2e00c447cf8
SENTIMENT_TOP_N,DEFERRED,False,False,BOTH,GLOBAL,,N/A_NOT_CONNECTED,N/A_NOT_CONNECTED,[],"[""ANY_AVAILABLE""]",[],[],v12_reentry_augment_filter_gap_batch9=SOURCE_EXACT_NOT_INTEGRATED,False,False,True,4fc946b596d2095932637bc191f64c85d4bcd7d107c4598f7f20a2e00c447cf8
SENTIMENT_TOP_N_GATE_ENABLED,DEFERRED,False,False,BOTH,FILTER,,N/A_NOT_CONNECTED,N/A_NOT_CONNECTED,[],"[""ANY_AVAILABLE""]",[],[],v12_reentry_augment_filter_gap_batch9=SOURCE_EXACT_NOT_INTEGRATED,False,True,True,4fc946b596d2095932637bc191f64c85d4bcd7d107c4598f7f20a2e00c447cf8
SHORT_ABOVE_EMA20_IS_PENALTY,UNCONNECTED,False,False,BOTH,GLOBAL,,N/A_NOT_CONNECTED,N/A_NOT_CONNECTED,"[""ema_{period}_{tf}""]","[""ANY_AVAILABLE""]",[],[],no trusted frozen-engine lifecycle read and no imported+consumed SOURCE_EXACT contract,False,False,True,4fc946b596d2095932637bc191f64c85d4bcd7d107c4598f7f20a2e00c447cf8
SHORT_ABOVE_SMA20_BONUS,UNCONNECTED,False,False,BOTH,GLOBAL,,N/A_NOT_CONNECTED,N/A_NOT_CONNECTED,"[""sma_{period}_{tf}""]","[""ANY_AVAILABLE""]",[],[],no trusted frozen-engine lifecycle read and no imported+consumed SOURCE_EXACT contract,False,False,True,4fc946b596d2095932637bc191f64c85d4bcd7d107c4598f7f20a2e00c447cf8
SHORT_RSI_MIN_1H,UNCONNECTED,False,False,BOTH,GLOBAL,,N/A_NOT_CONNECTED,N/A_NOT_CONNECTED,"[""rsi_1h""]","[""1h""]",[],[],no trusted frozen-engine lifecycle read and no imported+consumed SOURCE_EXACT contract,False,False,True,4fc946b596d2095932637bc191f64c85d4bcd7d107c4598f7f20a2e00c447cf8
SHORT_STRUCT_EXIT_TF,DEFERRED,False,False,BOTH,SHORT_STRUCT_EXIT,,N/A_NOT_CONNECTED,N/A_NOT_CONNECTED,"[""close_15m"",""high_15m"",""low_15m""]","[""15m""]",[],[],v12_exit_reduce_gap_batch9=SOURCE_EXACT_NOT_INTEGRATED,False,False,False,4fc946b596d2095932637bc191f64c85d4bcd7d107c4598f7f20a2e00c447cf8
SPIKE_FADE_COOLDOWN_BARS,UNCONNECTED,False,False,BOTH,SPIKE_FADE_COOLDOWN,,N/A_NOT_CONNECTED,N/A_NOT_CONNECTED,[],"[""ANY_AVAILABLE""]",[],[],no trusted frozen-engine lifecycle read and no imported+consumed SOURCE_EXACT contract,False,False,True,4fc946b596d2095932637bc191f64c85d4bcd7d107c4598f7f20a2e00c447cf8
SPIKE_FADE_ENABLED,UNCONNECTED,False,False,BOTH,GLOBAL,,N/A_NOT_CONNECTED,N/A_NOT_CONNECTED,[],"[""ANY_AVAILABLE""]",[],[],no trusted frozen-engine lifecycle read and no imported+consumed SOURCE_EXACT contract,False,True,True,4fc946b596d2095932637bc191f64c85d4bcd7d107c4598f7f20a2e00c447cf8
SPIKE_FADE_K_EXHAUSTION,UNCONNECTED,False,False,BOTH,SPIKE_FADE_K,,N/A_NOT_CONNECTED,N/A_NOT_CONNECTED,[],"[""ANY_AVAILABLE""]",[],[],no trusted frozen-engine lifecycle read and no imported+consumed SOURCE_EXACT contract,False,False,True,4fc946b596d2095932637bc191f64c85d4bcd7d107c4598f7f20a2e00c447cf8
SPIKE_FADE_LOOKBACK_BARS,UNCONNECTED,False,False,BOTH,SPIKE_FADE_LOOKBACK,,N/A_NOT_CONNECTED,N/A_NOT_CONNECTED,[],"[""ANY_AVAILABLE""]",[],[],no trusted frozen-engine lifecycle read and no imported+consumed SOURCE_EXACT contract,False,False,True,4fc946b596d2095932637bc191f64c85d4bcd7d107c4598f7f20a2e00c447cf8
SPY_REGIME_GATE_ENABLED,UNCONNECTED,False,False,BOTH,F5_WT_CHAN_CROSS,,N/A_NOT_CONNECTED,N/A_NOT_CONNECTED,[],"[""ANY_AVAILABLE""]",[],[],no trusted frozen-engine lifecycle read and no imported+consumed SOURCE_EXACT contract,False,True,False,4fc946b596d2095932637bc191f64c85d4bcd7d107c4598f7f20a2e00c447cf8
SPY_REGIME_GATE_ENABLED_TRADIER,VENUE_SPECIFIC_BY_SOURCE,False,False,TRADIER,SPY_REGIME_GATE,,N/A_NOT_CONNECTED,N/A_NOT_CONNECTED,[],"[""ANY_AVAILABLE""]",[],[],source scope is TRADIER; no trusted frozen-engine causal integration,False,False,False,4fc946b596d2095932637bc191f64c85d4bcd7d107c4598f7f20a2e00c447cf8
SPY_REGIME_SMA_BARS_DAILY,UNCONNECTED,False,False,BOTH,SPY_REGIME_SMA,,N/A_NOT_CONNECTED,N/A_NOT_CONNECTED,"[""sma_{period}_{tf}""]","[""ANY_AVAILABLE""]",[],[],no trusted frozen-engine lifecycle read and no imported+consumed SOURCE_EXACT contract,False,False,False,4fc946b596d2095932637bc191f64c85d4bcd7d107c4598f7f20a2e00c447cf8
SPY_REGIME_SYMBOL,UNCONNECTED,False,False,BOTH,SPY_REGIME_SYMBOL,,N/A_NOT_CONNECTED,N/A_NOT_CONNECTED,[],"[""ANY_AVAILABLE""]",[],[],no trusted frozen-engine lifecycle read and no imported+consumed SOURCE_EXACT contract,False,False,False,4fc946b596d2095932637bc191f64c85d4bcd7d107c4598f7f20a2e00c447cf8
STDEV_BB_RZ_EXIT_TF,DEFERRED,False,False,BOTH,STDEV_BB_RZ,,N/A_NOT_CONNECTED,N/A_NOT_CONNECTED,"[""bb_lower_D"",""bb_pct_b_D"",""bb_upper_D"",""close_D"",""high_D"",""low_D""]","[""D""]",[],[],v12_exit_reduce_gap_batch9=SOURCE_EXACT_NOT_INTEGRATED,False,False,True,4fc946b596d2095932637bc191f64c85d4bcd7d107c4598f7f20a2e00c447cf8
STDEV_BB_RZ_SUPPRESS_PCTB,UNCONNECTED,False,False,BOTH,STDEV_BB_RZ,,N/A_NOT_CONNECTED,N/A_NOT_CONNECTED,"[""bb_lower_{tf}"",""bb_pct_b_{tf}"",""bb_upper_{tf}""]","[""ANY_AVAILABLE""]",[],[],no trusted frozen-engine lifecycle read and no imported+consumed SOURCE_EXACT contract,False,False,False,4fc946b596d2095932637bc191f64c85d4bcd7d107c4598f7f20a2e00c447cf8
STDEV_BOUNCE_HTF_LIST,DEFERRED,False,False,BOTH,ENTRY,,N/A_NOT_CONNECTED,N/A_NOT_CONNECTED,"[""close_{tf}"",""high_{tf}"",""low_{tf}""]","[""ANY_AVAILABLE""]",[],[],next_100_contract=NOT_INTEGRATED,False,False,True,4fc946b596d2095932637bc191f64c85d4bcd7d107c4598f7f20a2e00c447cf8
STDEV_BREAKOUT_COOLDOWN,UNCONNECTED,False,False,BOTH,STDEV_BREAKOUT_COOLDOWN,,N/A_NOT_CONNECTED,N/A_NOT_CONNECTED,[],"[""ANY_AVAILABLE""]",[],[],no trusted frozen-engine lifecycle read and no imported+consumed SOURCE_EXACT contract,False,False,False,4fc946b596d2095932637bc191f64c85d4bcd7d107c4598f7f20a2e00c447cf8
STDEV_BREAKOUT_EXIT_PCTB_FAIL,CONNECTED_BOTH,True,True,BOTH,EXIT,EXIT,native=3m;required=1h,native=5m;required=1h,"[""close_{tf}"",""high_{tf}"",""low_{tf}""]","[""ANY_AVAILABLE""]",[],"[""v12_exit_reduce_gap_batch2:data/reports/V12_EXIT_REDUCE_STOP_GAP_BATCH2_CONTRACT.csv""]",trusted direct lifecycle read and/or imported+consumed SOURCE_EXACT contract applies to both venues,False,False,True,4fc946b596d2095932637bc191f64c85d4bcd7d107c4598f7f20a2e00c447cf8
STDEV_BREAKOUT_HTF_LIST,DEFERRED,False,False,BOTH,ENTRY,,N/A_NOT_CONNECTED,N/A_NOT_CONNECTED,"[""close_{tf}"",""high_{tf}"",""low_{tf}""]","[""ANY_AVAILABLE""]",[],[],blocked=PATTERN_ONLY_EXACT_ARRAY_BINDING_NOT_PROVEN;next_100_contract=NOT_INTEGRATED,False,False,True,4fc946b596d2095932637bc191f64c85d4bcd7d107c4598f7f20a2e00c447cf8
STDEV_BREAKOUT_MAX_RETESTS,DEFERRED,False,False,BOTH,ENTRY,,N/A_NOT_CONNECTED,N/A_NOT_CONNECTED,"[""close_{tf}"",""high_{tf}"",""low_{tf}""]","[""ANY_AVAILABLE""]",[],[],next_100_contract=NOT_INTEGRATED,False,False,True,4fc946b596d2095932637bc191f64c85d4bcd7d107c4598f7f20a2e00c447cf8
STDEV_BREAKOUT_PCTB_LONG,DEFERRED,False,False,BOTH,ENTRY,,N/A_NOT_CONNECTED,N/A_NOT_CONNECTED,"[""close_{tf}"",""high_{tf}"",""low_{tf}""]","[""ANY_AVAILABLE""]",[],[],blocked=PATTERN_ONLY_EXACT_ARRAY_BINDING_NOT_PROVEN;next_100_contract=NOT_INTEGRATED,False,False,True,4fc946b596d2095932637bc191f64c85d4bcd7d107c4598f7f20a2e00c447cf8
STDEV_BREAKOUT_PCTB_SHORT,DEFERRED,False,False,BOTH,ENTRY,,N/A_NOT_CONNECTED,N/A_NOT_CONNECTED,"[""close_{tf}"",""high_{tf}"",""low_{tf}""]","[""ANY_AVAILABLE""]",[],[],blocked=PATTERN_ONLY_EXACT_ARRAY_BINDING_NOT_PROVEN;next_100_contract=NOT_INTEGRATED,False,False,True,4fc946b596d2095932637bc191f64c85d4bcd7d107c4598f7f20a2e00c447cf8
STDEV_BREAKOUT_RETEST_COOLDOWN,UNCONNECTED,False,False,BOTH,STDEV_BREAKOUT_RETEST,,N/A_NOT_CONNECTED,N/A_NOT_CONNECTED,[],"[""ANY_AVAILABLE""]",[],[],no trusted frozen-engine lifecycle read and no imported+consumed SOURCE_EXACT contract,False,False,False,4fc946b596d2095932637bc191f64c85d4bcd7d107c4598f7f20a2e00c447cf8
STDEV_BREAKOUT_RETEST_PCTB_MAX,DEFERRED,False,False,BOTH,ENTRY,,N/A_NOT_CONNECTED,N/A_NOT_CONNECTED,"[""close_{tf}"",""high_{tf}"",""low_{tf}""]","[""ANY_AVAILABLE""]",[],[],next_100_contract=NOT_INTEGRATED,False,False,True,4fc946b596d2095932637bc191f64c85d4bcd7d107c4598f7f20a2e00c447cf8
STDEV_BREAKOUT_RETEST_TF_LIST,DEFERRED,False,False,BOTH,ENTRY,,N/A_NOT_CONNECTED,N/A_NOT_CONNECTED,"[""close_{tf}"",""high_{tf}"",""low_{tf}""]","[""ANY_AVAILABLE""]",[],[],blocked=PATTERN_ONLY_EXACT_ARRAY_BINDING_NOT_PROVEN;next_100_contract=NOT_INTEGRATED,False,False,True,4fc946b596d2095932637bc191f64c85d4bcd7d107c4598f7f20a2e00c447cf8
STDEV_BREAKOUT_SCORE,DEFERRED,False,False,BOTH,ENTRY,,N/A_NOT_CONNECTED,N/A_NOT_CONNECTED,"[""close_{tf}"",""high_{tf}"",""low_{tf}""]","[""ANY_AVAILABLE""]",[],[],next_100_contract=NOT_INTEGRATED,False,False,True,4fc946b596d2095932637bc191f64c85d4bcd7d107c4598f7f20a2e00c447cf8
STDEV_MACRO_ENTRY_BOOST_ENABLED,DEFERRED,False,False,BOTH,STDEV_MACRO_ENTRY,,N/A_NOT_CONNECTED,N/A_NOT_CONNECTED,"[""close_{tf}"",""high_{tf}"",""low_{tf}""]","[""ANY_AVAILABLE""]",[],[],blocked=PATTERN_ONLY_EXACT_ARRAY_BINDING_NOT_PROVEN;next_100_contract=NOT_INTEGRATED,False,True,False,4fc946b596d2095932637bc191f64c85d4bcd7d107c4598f7f20a2e00c447cf8
STDEV_MACRO_ENTRY_BOOST_MULT,UNCONNECTED,False,False,BOTH,STDEV_MACRO_ENTRY,,N/A_NOT_CONNECTED,N/A_NOT_CONNECTED,[],"[""ANY_AVAILABLE""]",[],[],no trusted frozen-engine lifecycle read and no imported+consumed SOURCE_EXACT contract,False,False,False,4fc946b596d2095932637bc191f64c85d4bcd7d107c4598f7f20a2e00c447cf8
STDEV_MACRO_VEC_ENABLED,UNCONNECTED,False,False,BOTH,VEC_STDEV_MACRO_VEC,,N/A_NOT_CONNECTED,N/A_NOT_CONNECTED,[],"[""ANY_AVAILABLE""]",[],[],no trusted frozen-engine lifecycle read and no imported+consumed SOURCE_EXACT contract,False,False,False,4fc946b596d2095932637bc191f64c85d4bcd7d107c4598f7f20a2e00c447cf8
STDEV_MACRO_VEC_FILTER_TF,UNCONNECTED,False,False,BOTH,VEC_STDEV_MACRO_VEC,,N/A_NOT_CONNECTED,N/A_NOT_CONNECTED,[],"[""1m"",""3m"",""15m"",""1h"",""4h"",""D""]",[],[],no trusted frozen-engine lifecycle read and no imported+consumed SOURCE_EXACT contract,False,False,False,4fc946b596d2095932637bc191f64c85d4bcd7d107c4598f7f20a2e00c447cf8
STDEV_MACRO_VEC_MIN_TFS,UNCONNECTED,False,False,BOTH,VEC_STDEV_MACRO_VEC,,N/A_NOT_CONNECTED,N/A_NOT_CONNECTED,[],"[""ANY_AVAILABLE""]",[],[],no trusted frozen-engine lifecycle read and no imported+consumed SOURCE_EXACT contract,False,False,False,4fc946b596d2095932637bc191f64c85d4bcd7d107c4598f7f20a2e00c447cf8
STDEV_REJECT_EXIT_TF,CONNECTED_BOTH,True,True,BOTH,EXIT,EXIT,native=3m;required=1h|D,native=5m;required=1h|D,"[""close_D"",""high_D"",""low_D""]","[""D""]",[],"[""v12_exit_reduce_gap_batch2:data/reports/V12_EXIT_REDUCE_STOP_GAP_BATCH2_CONTRACT.csv""]",trusted direct lifecycle read and/or imported+consumed SOURCE_EXACT contract applies to both venues,False,False,True,4fc946b596d2095932637bc191f64c85d4bcd7d107c4598f7f20a2e00c447cf8
STDEV_SUPPRESS_EARLY_EXIT,UNCONNECTED,False,False,BOTH,STDEV_SUPPRESS_EARLY,,N/A_NOT_CONNECTED,N/A_NOT_CONNECTED,"[""close_{tf}"",""high_{tf}"",""low_{tf}""]","[""ANY_AVAILABLE""]",[],[],no trusted frozen-engine lifecycle read and no imported+consumed SOURCE_EXACT contract,False,False,False,4fc946b596d2095932637bc191f64c85d4bcd7d107c4598f7f20a2e00c447cf8
STOCH_1H_EXIT_K_MIN,UNCONNECTED,False,False,BOTH,STOCH_1H_EXIT,,N/A_NOT_CONNECTED,N/A_NOT_CONNECTED,"[""close_1h"",""high_1h"",""low_1h"",""stoch_d_1h"",""stoch_k_1h""]","[""1h""]",[],[],no trusted frozen-engine lifecycle read and no imported+consumed SOURCE_EXACT contract,False,False,False,4fc946b596d2095932637bc191f64c85d4bcd7d107c4598f7f20a2e00c447cf8
STOCH_CROSS_ENTRY_ENABLED,DEFERRED,False,False,BOTH,ENTRY,,N/A_NOT_CONNECTED,N/A_NOT_CONNECTED,"[""close_{tf}"",""high_{tf}"",""low_{tf}"",""stoch_d_{tf}"",""stoch_k_{tf}""]","[""ANY_AVAILABLE""]",[],[],next_100_contract=NOT_INTEGRATED,False,True,True,4fc946b596d2095932637bc191f64c85d4bcd7d107c4598f7f20a2e00c447cf8
STOCH_KX_SCORER_ENABLED,UNCONNECTED,False,False,BOTH,VEC_STOCH_KX_SCORER,,N/A_NOT_CONNECTED,N/A_NOT_CONNECTED,"[""stoch_d_{tf}"",""stoch_k_{tf}""]","[""ANY_AVAILABLE""]",[],[],no trusted frozen-engine lifecycle read and no imported+consumed SOURCE_EXACT contract,False,False,False,4fc946b596d2095932637bc191f64c85d4bcd7d107c4598f7f20a2e00c447cf8
STOCH_KX_SCORER_FILTER_TF,UNCONNECTED,False,False,BOTH,VEC_STOCH_KX_SCORER,,N/A_NOT_CONNECTED,N/A_NOT_CONNECTED,"[""stoch_d_15m"",""stoch_d_1h"",""stoch_d_1m"",""stoch_d_3m"",""stoch_d_4h"",""stoch_d_D"",""stoch_k_15m"",""stoch_k_1h"",""stoch_k_1m"",""stoch_k_3m"",""stoch_k_4h"",""stoch_k_D""]","[""1m"",""3m"",""15m"",""1h"",""4h"",""D""]",[],[],no trusted frozen-engine lifecycle read and no imported+consumed SOURCE_EXACT contract,False,False,False,4fc946b596d2095932637bc191f64c85d4bcd7d107c4598f7f20a2e00c447cf8
STOCH_KX_SCORER_MIN_TFS,UNCONNECTED,False,False,BOTH,VEC_STOCH_KX_SCORER,,N/A_NOT_CONNECTED,N/A_NOT_CONNECTED,"[""stoch_d_{tf}"",""stoch_k_{tf}""]","[""ANY_AVAILABLE""]",[],[],no trusted frozen-engine lifecycle read and no imported+consumed SOURCE_EXACT contract,False,False,False,4fc946b596d2095932637bc191f64c85d4bcd7d107c4598f7f20a2e00c447cf8
STOP_MAJOR_LOSS_ENABLED,UNCONNECTED,False,False,BOTH,STOP_MAJOR_LOSS,,N/A_NOT_CONNECTED,N/A_NOT_CONNECTED,"[""close_{tf}"",""high_{tf}"",""low_{tf}""]","[""ANY_AVAILABLE""]",[],[],no trusted frozen-engine lifecycle read and no imported+consumed SOURCE_EXACT contract,False,True,False,4fc946b596d2095932637bc191f64c85d4bcd7d107c4598f7f20a2e00c447cf8
STOP_PACK,UNCONNECTED,False,False,BOTH,STOP_PACK,,N/A_NOT_CONNECTED,N/A_NOT_CONNECTED,"[""close_{tf}"",""high_{tf}"",""low_{tf}""]","[""ANY_AVAILABLE""]",[],[],no trusted frozen-engine lifecycle read and no imported+consumed SOURCE_EXACT contract,False,False,False,4fc946b596d2095932637bc191f64c85d4bcd7d107c4598f7f20a2e00c447cf8
STOP_TIMEFRAME,UNCONNECTED,False,False,BOTH,STOP_TIMEFRAME,,N/A_NOT_CONNECTED,N/A_NOT_CONNECTED,"[""close_15m"",""high_15m"",""low_15m""]","[""15m""]",[],[],no trusted frozen-engine lifecycle read and no imported+consumed SOURCE_EXACT contract,False,False,False,4fc946b596d2095932637bc191f64c85d4bcd7d107c4598f7f20a2e00c447cf8
STORM_REDUCE_ENABLED,REJECTED_INERT,False,False,BOTH,STORM_REDUCE_ENABLED,,N/A_NOT_CONNECTED,N/A_NOT_CONNECTED,"[""close_{tf}"",""high_{tf}"",""low_{tf}""]","[""ANY_AVAILABLE""]",[],[],v12_exit_reduce_gap_batch9=REJECTED_CENSUS_ONLY,False,True,True,4fc946b596d2095932637bc191f64c85d4bcd7d107c4598f7f20a2e00c447cf8
STRICT_NO_LOSS,UNCONNECTED,False,False,BOTH,STRICT_NO_LOSS,,N/A_NOT_CONNECTED,N/A_NOT_CONNECTED,[],"[""ANY_AVAILABLE""]",[],[],no trusted frozen-engine lifecycle read and no imported+consumed SOURCE_EXACT contract,False,False,False,4fc946b596d2095932637bc191f64c85d4bcd7d107c4598f7f20a2e00c447cf8
STRICT_VEC_PARITY_GATE_ENTRIES,UNCONNECTED,False,False,BOTH,FILTER,,N/A_NOT_CONNECTED,N/A_NOT_CONNECTED,[],"[""ANY_AVAILABLE""]",[],[],no trusted frozen-engine lifecycle read and no imported+consumed SOURCE_EXACT contract,False,False,True,4fc946b596d2095932637bc191f64c85d4bcd7d107c4598f7f20a2e00c447cf8
STRICT_VEC_PARITY_GATE_EXITS,REJECTED_INERT,False,False,BOTH,EXIT,,N/A_NOT_CONNECTED,N/A_NOT_CONNECTED,"[""close_{tf}"",""high_{tf}"",""low_{tf}""]","[""ANY_AVAILABLE""]",[],[],v12_exit_reduce_gap_batch9=REJECTED_EXECUTION_ONLY,False,False,True,4fc946b596d2095932637bc191f64c85d4bcd7d107c4598f7f20a2e00c447cf8
STRICT_VEC_PARITY_MODE,UNCONNECTED,False,False,BOTH,FILTER,,N/A_NOT_CONNECTED,N/A_NOT_CONNECTED,[],"[""ANY_AVAILABLE""]",[],[],no trusted frozen-engine lifecycle read and no imported+consumed SOURCE_EXACT contract,False,False,True,4fc946b596d2095932637bc191f64c85d4bcd7d107c4598f7f20a2e00c447cf8
STRICT_VEC_PARITY_SHADOW,UNCONNECTED,False,False,BOTH,FILTER,,N/A_NOT_CONNECTED,N/A_NOT_CONNECTED,[],"[""ANY_AVAILABLE""]",[],[],no trusted frozen-engine lifecycle read and no imported+consumed SOURCE_EXACT contract,False,False,True,4fc946b596d2095932637bc191f64c85d4bcd7d107c4598f7f20a2e00c447cf8
STRUCTURAL_RANGE_SHIFT_ENABLED,UNCONNECTED,False,False,BOTH,VEC_STRUCTURAL_RANGE_SHIFT,,N/A_NOT_CONNECTED,N/A_NOT_CONNECTED,[],"[""ANY_AVAILABLE""]",[],[],no trusted frozen-engine lifecycle read and no imported+consumed SOURCE_EXACT contract,False,False,False,4fc946b596d2095932637bc191f64c85d4bcd7d107c4598f7f20a2e00c447cf8
STRUCTURAL_RANGE_SHIFT_FILTER_TF,UNCONNECTED,False,False,BOTH,VEC_STRUCTURAL_RANGE_SHIFT,,N/A_NOT_CONNECTED,N/A_NOT_CONNECTED,[],"[""1m"",""3m"",""15m"",""1h"",""4h"",""D""]",[],[],no trusted frozen-engine lifecycle read and no imported+consumed SOURCE_EXACT contract,False,False,False,4fc946b596d2095932637bc191f64c85d4bcd7d107c4598f7f20a2e00c447cf8
STRUCTURAL_RANGE_SHIFT_MIN_TFS,UNCONNECTED,False,False,BOTH,VEC_STRUCTURAL_RANGE_SHIFT,,N/A_NOT_CONNECTED,N/A_NOT_CONNECTED,[],"[""ANY_AVAILABLE""]",[],[],no trusted frozen-engine lifecycle read and no imported+consumed SOURCE_EXACT contract,False,False,False,4fc946b596d2095932637bc191f64c85d4bcd7d107c4598f7f20a2e00c447cf8
STRUCTURAL_WT_RETEST_EXIT_ENABLED,UNCONNECTED,False,False,BOTH,VEC_STRUCTURAL_WT_RETEST_EXIT,,N/A_NOT_CONNECTED,N/A_NOT_CONNECTED,"[""close_{tf}"",""high_{tf}"",""low_{tf}"",""wt1_{tf}"",""wt2_{tf}""]","[""ANY_AVAILABLE""]",[],[],no trusted frozen-engine lifecycle read and no imported+consumed SOURCE_EXACT contract,False,False,False,4fc946b596d2095932637bc191f64c85d4bcd7d107c4598f7f20a2e00c447cf8
STRUCTURAL_WT_RETEST_EXIT_FILTER_TF,UNCONNECTED,False,False,BOTH,VEC_STRUCTURAL_WT_RETEST_EXIT,,N/A_NOT_CONNECTED,N/A_NOT_CONNECTED,"[""close_15m"",""close_1h"",""close_1m"",""close_3m"",""close_4h"",""close_D"",""high_15m"",""high_1h"",""high_1m"",""high_3m"",""high_4h"",""high_D"",""low_15m"",""low_1h"",""low_1m"",""low_3m"",""low_4h"",""low_D"",""wt1_15m"",""wt1_1h"",""wt1_1m"",""wt1_3m"",""wt1_4h"",""wt1_D"",""wt2_15m"",""wt2_1h"",""wt2_1m"",""wt2_3m"",""wt2_4h"",""wt2_D""]","[""1m"",""3m"",""15m"",""1h"",""4h"",""D""]",[],[],no trusted frozen-engine lifecycle read and no imported+consumed SOURCE_EXACT contract,False,False,False,4fc946b596d2095932637bc191f64c85d4bcd7d107c4598f7f20a2e00c447cf8
STRUCTURAL_WT_RETEST_EXIT_MIN_TFS,UNCONNECTED,False,False,BOTH,VEC_STRUCTURAL_WT_RETEST_EXIT,,N/A_NOT_CONNECTED,N/A_NOT_CONNECTED,"[""close_{tf}"",""high_{tf}"",""low_{tf}"",""wt1_{tf}"",""wt2_{tf}""]","[""ANY_AVAILABLE""]",[],[],no trusted frozen-engine lifecycle read and no imported+consumed SOURCE_EXACT contract,False,False,False,4fc946b596d2095932637bc191f64c85d4bcd7d107c4598f7f20a2e00c447cf8
STRUCTURE_FLIP_REENTRY_BASIS_RESTRICTION_ENABLED,CONNECTED_TRADIER,False,True,BOTH,STRUCTURE_FLIP_REENTRY,REENTRY,N/A_NOT_CONNECTED,native=5m;required=15m|4h,"[""close_{tf}"",""high_{tf}"",""low_{tf}""]","[""ANY_AVAILABLE""]",[],"[""v12_reentry_augment_gap_batch2:data/reports/V12_REENTRY_AUGMENT_GAP_BATCH2_CONTRACT.csv""]",trusted causal route is Tradier-native/source-scoped; no crypto connection credit,False,True,True,4fc946b596d2095932637bc191f64c85d4bcd7d107c4598f7f20a2e00c447cf8
STRUCTURE_FLIP_REENTRY_BASIS_TF,CONNECTED_TRADIER,False,True,BOTH,STRUCTURE_FLIP_REENTRY,REENTRY,N/A_NOT_CONNECTED,native=5m;required=15m|4h,"[""close_4h"",""high_4h"",""low_4h""]","[""4h""]",[],"[""v12_reentry_augment_gap_batch2:data/reports/V12_REENTRY_AUGMENT_GAP_BATCH2_CONTRACT.csv""]",trusted causal route is Tradier-native/source-scoped; no crypto connection credit,False,False,True,4fc946b596d2095932637bc191f64c85d4bcd7d107c4598f7f20a2e00c447cf8
STRUCTURE_FLIP_REENTRY_ENABLED,CONNECTED_TRADIER,False,True,BOTH,STRUCTURE_FLIP_REENTRY,REENTRY,N/A_NOT_CONNECTED,native=5m;required=15m|4h,"[""close_{tf}"",""high_{tf}"",""low_{tf}""]","[""ANY_AVAILABLE""]",[],"[""v12_reentry_augment_gap_batch2:data/reports/V12_REENTRY_AUGMENT_GAP_BATCH2_CONTRACT.csv""]",trusted causal route is Tradier-native/source-scoped; no crypto connection credit,False,True,True,4fc946b596d2095932637bc191f64c85d4bcd7d107c4598f7f20a2e00c447cf8
STRUCTURE_FLIP_REENTRY_TF,CONNECTED_TRADIER,False,True,BOTH,STRUCTURE_FLIP_REENTRY,REENTRY,N/A_NOT_CONNECTED,native=5m;required=15m|4h,"[""close_15m"",""high_15m"",""low_15m""]","[""15m""]",[],"[""v12_reentry_augment_gap_batch2:data/reports/V12_REENTRY_AUGMENT_GAP_BATCH2_CONTRACT.csv""]",trusted causal route is Tradier-native/source-scoped; no crypto connection credit,False,False,True,4fc946b596d2095932637bc191f64c85d4bcd7d107c4598f7f20a2e00c447cf8
STRUCTURE_HH_HL_ENABLED,UNCONNECTED,False,False,BOTH,VEC_STRUCTURE_HH_HL,,N/A_NOT_CONNECTED,N/A_NOT_CONNECTED,[],"[""ANY_AVAILABLE""]",[],[],no trusted frozen-engine lifecycle read and no imported+consumed SOURCE_EXACT contract,False,False,False,4fc946b596d2095932637bc191f64c85d4bcd7d107c4598f7f20a2e00c447cf8
STRUCTURE_HH_HL_FILTER_TF,UNCONNECTED,False,False,BOTH,VEC_STRUCTURE_HH_HL,,N/A_NOT_CONNECTED,N/A_NOT_CONNECTED,[],"[""1m"",""3m"",""15m"",""1h"",""4h"",""D""]",[],[],no trusted frozen-engine lifecycle read and no imported+consumed SOURCE_EXACT contract,False,False,False,4fc946b596d2095932637bc191f64c85d4bcd7d107c4598f7f20a2e00c447cf8
STRUCTURE_HH_HL_MIN_TFS,UNCONNECTED,False,False,BOTH,VEC_STRUCTURE_HH_HL,,N/A_NOT_CONNECTED,N/A_NOT_CONNECTED,[],"[""ANY_AVAILABLE""]",[],[],no trusted frozen-engine lifecycle read and no imported+consumed SOURCE_EXACT contract,False,False,False,4fc946b596d2095932637bc191f64c85d4bcd7d107c4598f7f20a2e00c447cf8
ST_LT_SPLIT_ENABLED,UNCONNECTED,False,False,BOTH,ST_LT_SPLIT,,N/A_NOT_CONNECTED,N/A_NOT_CONNECTED,[],"[""ANY_AVAILABLE""]",[],[],no trusted frozen-engine lifecycle read and no imported+consumed SOURCE_EXACT contract,False,True,False,4fc946b596d2095932637bc191f64c85d4bcd7d107c4598f7f20a2e00c447cf8
ST_SCORE_WEIGHT_LTF,UNCONNECTED,False,False,BOTH,ST_SCORE_WEIGHT,,N/A_NOT_CONNECTED,N/A_NOT_CONNECTED,[],"[""ANY_AVAILABLE""]",[],[],no trusted frozen-engine lifecycle read and no imported+consumed SOURCE_EXACT contract,False,False,False,4fc946b596d2095932637bc191f64c85d4bcd7d107c4598f7f20a2e00c447cf8
SWEEP_DEEP_TEST_GAIN_PER_MO_MIN_PCT,UNCONNECTED,False,False,BOTH,SWEEP_DEEP_TEST,,N/A_NOT_CONNECTED,N/A_NOT_CONNECTED,[],"[""ANY_AVAILABLE""]",[],[],no trusted frozen-engine lifecycle read and no imported+consumed SOURCE_EXACT contract,False,False,False,4fc946b596d2095932637bc191f64c85d4bcd7d107c4598f7f20a2e00c447cf8
SWEEP_DEEP_TEST_POOL_SHARPE_MIN,UNCONNECTED,False,False,BOTH,SWEEP_DEEP_TEST,,N/A_NOT_CONNECTED,N/A_NOT_CONNECTED,[],"[""ANY_AVAILABLE""]",[],[],no trusted frozen-engine lifecycle read and no imported+consumed SOURCE_EXACT contract,False,False,False,4fc946b596d2095932637bc191f64c85d4bcd7d107c4598f7f20a2e00c447cf8
SWEEP_DISCARD_POOL_SHARPE_FLOOR,UNCONNECTED,False,False,BOTH,SWEEP_DISCARD_POOL,,N/A_NOT_CONNECTED,N/A_NOT_CONNECTED,[],"[""ANY_AVAILABLE""]",[],[],no trusted frozen-engine lifecycle read and no imported+consumed SOURCE_EXACT contract,False,False,False,4fc946b596d2095932637bc191f64c85d4bcd7d107c4598f7f20a2e00c447cf8
SWEEP_OPTIMAL_ENTRY_TF,UNCONNECTED,False,False,BOTH,SWEEP_OPTIMAL_ENTRY,,N/A_NOT_CONNECTED,N/A_NOT_CONNECTED,"[""close_1h"",""high_1h"",""low_1h""]","[""1h""]",[],[],no trusted frozen-engine lifecycle read and no imported+consumed SOURCE_EXACT contract,False,False,False,4fc946b596d2095932637bc191f64c85d4bcd7d107c4598f7f20a2e00c447cf8
SWEEP_OPTIMAL_HOLD_BARS,UNCONNECTED,False,False,BOTH,SWEEP_OPTIMAL_HOLD,,N/A_NOT_CONNECTED,N/A_NOT_CONNECTED,[],"[""ANY_AVAILABLE""]",[],[],no trusted frozen-engine lifecycle read and no imported+consumed SOURCE_EXACT contract,False,False,False,4fc946b596d2095932637bc191f64c85d4bcd7d107c4598f7f20a2e00c447cf8
SWING_ENABLED,UNCONNECTED,False,False,BOTH,SWING_ENABLED,,N/A_NOT_CONNECTED,N/A_NOT_CONNECTED,[],"[""ANY_AVAILABLE""]",[],[],no trusted frozen-engine lifecycle read and no imported+consumed SOURCE_EXACT contract,False,True,False,4fc946b596d2095932637bc191f64c85d4bcd7d107c4598f7f20a2e00c447cf8
SWING_EXIT_TFS,REJECTED_INERT,False,False,BOTH,SWING_EXIT_TFS,,N/A_NOT_CONNECTED,N/A_NOT_CONNECTED,"[""close_D"",""high_D"",""low_D""]","[""D""]",[],[],v12_exit_reduce_gap_batch9=REJECTED_NO_SOURCE_SEMANTICS,False,False,False,4fc946b596d2095932637bc191f64c85d4bcd7d107c4598f7f20a2e00c447cf8
SWING_MAX_POSITION_SIZE,UNCONNECTED,False,False,BOTH,SWING_MAX_POSITION,,N/A_NOT_CONNECTED,N/A_NOT_CONNECTED,[],"[""ANY_AVAILABLE""]",[],[],no trusted frozen-engine lifecycle read and no imported+consumed SOURCE_EXACT contract,False,False,False,4fc946b596d2095932637bc191f64c85d4bcd7d107c4598f7f20a2e00c447cf8
SWING_REENTER_MULT,UNCONNECTED,False,False,BOTH,SWING_REENTER_MULT,,N/A_NOT_CONNECTED,N/A_NOT_CONNECTED,"[""close_{tf}"",""high_{tf}"",""low_{tf}""]","[""ANY_AVAILABLE""]",[],[],no trusted frozen-engine lifecycle read and no imported+consumed SOURCE_EXACT contract,False,False,False,4fc946b596d2095932637bc191f64c85d4bcd7d107c4598f7f20a2e00c447cf8
SWING_REENTER_SIGNAL,UNCONNECTED,False,False,BOTH,SWING_REENTER_SIGNAL,,N/A_NOT_CONNECTED,N/A_NOT_CONNECTED,"[""close_{tf}"",""high_{tf}"",""low_{tf}""]","[""ANY_AVAILABLE""]",[],[],no trusted frozen-engine lifecycle read and no imported+consumed SOURCE_EXACT contract,False,False,False,4fc946b596d2095932637bc191f64c85d4bcd7d107c4598f7f20a2e00c447cf8
SWING_REENTER_TOLERANCE_PCT,UNCONNECTED,False,False,BOTH,SWING_REENTER_TOLERANCE,,N/A_NOT_CONNECTED,N/A_NOT_CONNECTED,"[""close_{tf}"",""high_{tf}"",""low_{tf}""]","[""ANY_AVAILABLE""]",[],[],no trusted frozen-engine lifecycle read and no imported+consumed SOURCE_EXACT contract,False,False,False,4fc946b596d2095932637bc191f64c85d4bcd7d107c4598f7f20a2e00c447cf8
SWING_START_SIZE,UNCONNECTED,False,False,BOTH,SWING_START_SIZE,,N/A_NOT_CONNECTED,N/A_NOT_CONNECTED,[],"[""ANY_AVAILABLE""]",[],[],no trusted frozen-engine lifecycle read and no imported+consumed SOURCE_EXACT contract,False,False,False,4fc946b596d2095932637bc191f64c85d4bcd7d107c4598f7f20a2e00c447cf8
TRADIER_RSI_LONG_15M,VENUE_SPECIFIC_BY_SOURCE,False,False,TRADIER,TRADIER_RSI_LONG,,N/A_NOT_CONNECTED,N/A_NOT_CONNECTED,"[""rsi_15m""]","[""15m""]",[],[],source scope is TRADIER; no trusted frozen-engine causal integration,False,False,False,4fc946b596d2095932637bc191f64c85d4bcd7d107c4598f7f20a2e00c447cf8
TRADIER_RSI_LONG_1H,VENUE_SPECIFIC_BY_SOURCE,False,False,TRADIER,TRADIER_RSI_LONG,,N/A_NOT_CONNECTED,N/A_NOT_CONNECTED,"[""rsi_1h""]","[""1h""]",[],[],source scope is TRADIER; no trusted frozen-engine causal integration,False,False,False,4fc946b596d2095932637bc191f64c85d4bcd7d107c4598f7f20a2e00c447cf8
TRADIER_RSI_LONG_4H,VENUE_SPECIFIC_BY_SOURCE,False,False,TRADIER,TRADIER_RSI_LONG,,N/A_NOT_CONNECTED,N/A_NOT_CONNECTED,"[""rsi_4h""]","[""4h""]",[],[],source scope is TRADIER; no trusted frozen-engine causal integration,False,False,False,4fc946b596d2095932637bc191f64c85d4bcd7d107c4598f7f20a2e00c447cf8
TRADIER_RSI_LONG_5M,VENUE_SPECIFIC_BY_SOURCE,False,False,TRADIER,TRADIER_RSI_LONG,,N/A_NOT_CONNECTED,N/A_NOT_CONNECTED,"[""rsi_5m""]","[""5m""]",[],[],source scope is TRADIER; no trusted frozen-engine causal integration,False,False,False,4fc946b596d2095932637bc191f64c85d4bcd7d107c4598f7f20a2e00c447cf8
TRADIER_RSI_LONG_D,VENUE_SPECIFIC_BY_SOURCE,False,False,TRADIER,TRADIER_RSI_LONG,,N/A_NOT_CONNECTED,N/A_NOT_CONNECTED,"[""rsi_D""]","[""D""]",[],[],source scope is TRADIER; no trusted frozen-engine causal integration,False,False,False,4fc946b596d2095932637bc191f64c85d4bcd7d107c4598f7f20a2e00c447cf8
TRADIER_RSI_SHORT_4H,VENUE_SPECIFIC_BY_SOURCE,False,False,TRADIER,TRADIER_RSI_SHORT,,N/A_NOT_CONNECTED,N/A_NOT_CONNECTED,"[""rsi_4h""]","[""4h""]",[],[],source scope is TRADIER; no trusted frozen-engine causal integration,False,False,False,4fc946b596d2095932637bc191f64c85d4bcd7d107c4598f7f20a2e00c447cf8
TRADIER_RSI_SHORT_5M,VENUE_SPECIFIC_BY_SOURCE,False,False,TRADIER,TRADIER_RSI_SHORT,,N/A_NOT_CONNECTED,N/A_NOT_CONNECTED,"[""rsi_5m""]","[""5m""]",[],[],source scope is TRADIER; no trusted frozen-engine causal integration,False,False,False,4fc946b596d2095932637bc191f64c85d4bcd7d107c4598f7f20a2e00c447cf8
TRADIER_RSI_SHORT_D,VENUE_SPECIFIC_BY_SOURCE,False,False,TRADIER,TRADIER_RSI_SHORT,,N/A_NOT_CONNECTED,N/A_NOT_CONNECTED,"[""rsi_D""]","[""D""]",[],[],source scope is TRADIER; no trusted frozen-engine causal integration,False,False,False,4fc946b596d2095932637bc191f64c85d4bcd7d107c4598f7f20a2e00c447cf8
TRADIER_SANDBOX_URL,VENUE_SPECIFIC_BY_SOURCE,False,False,TRADIER,TRADIER_SANDBOX_URL,,N/A_NOT_CONNECTED,N/A_NOT_CONNECTED,[],"[""ANY_AVAILABLE""]",[],[],source scope is TRADIER; no trusted frozen-engine causal integration,False,False,False,4fc946b596d2095932637bc191f64c85d4bcd7d107c4598f7f20a2e00c447cf8
TRADIER_STREAMING_URL,VENUE_SPECIFIC_BY_SOURCE,False,False,TRADIER,TRADIER_STREAMING_URL,,N/A_NOT_CONNECTED,N/A_NOT_CONNECTED,[],"[""ANY_AVAILABLE""]",[],[],source scope is TRADIER; no trusted frozen-engine causal integration,False,False,False,4fc946b596d2095932637bc191f64c85d4bcd7d107c4598f7f20a2e00c447cf8
TRADIER_SYMBOLS_FILE,VENUE_SPECIFIC_BY_SOURCE,False,False,TRADIER,TRADIER_SYMBOLS_FILE,,N/A_NOT_CONNECTED,N/A_NOT_CONNECTED,[],"[""ANY_AVAILABLE""]",[],[],source scope is TRADIER; no trusted frozen-engine causal integration,False,False,False,4fc946b596d2095932637bc191f64c85d4bcd7d107c4598f7f20a2e00c447cf8
TRADIER_WS_URL,VENUE_SPECIFIC_BY_SOURCE,False,False,TRADIER,TRADIER_WS_URL,,N/A_NOT_CONNECTED,N/A_NOT_CONNECTED,[],"[""ANY_AVAILABLE""]",[],[],source scope is TRADIER; no trusted frozen-engine causal integration,False,False,False,4fc946b596d2095932637bc191f64c85d4bcd7d107c4598f7f20a2e00c447cf8
TRAILING_AUG_MAX_PER_POSITION,UNCONNECTED,False,False,BOTH,TRAILING_AUG_MAX,,N/A_NOT_CONNECTED,N/A_NOT_CONNECTED,"[""close_{tf}"",""high_{tf}"",""low_{tf}""]","[""ANY_AVAILABLE""]",[],[],no trusted frozen-engine lifecycle read and no imported+consumed SOURCE_EXACT contract,False,False,True,4fc946b596d2095932637bc191f64c85d4bcd7d107c4598f7f20a2e00c447cf8
TRENDER_DD_RATIO_MAX,UNCONNECTED,False,False,BOTH,TRENDER_DD_RATIO,,N/A_NOT_CONNECTED,N/A_NOT_CONNECTED,[],"[""ANY_AVAILABLE""]",[],[],no trusted frozen-engine lifecycle read and no imported+consumed SOURCE_EXACT contract,False,False,False,4fc946b596d2095932637bc191f64c85d4bcd7d107c4598f7f20a2e00c447cf8
TRENDER_INJECT_LIVE,UNCONNECTED,False,False,BOTH,TRENDER_INJECT_LIVE,,N/A_NOT_CONNECTED,N/A_NOT_CONNECTED,[],"[""ANY_AVAILABLE""]",[],[],no trusted frozen-engine lifecycle read and no imported+consumed SOURCE_EXACT contract,False,False,False,4fc946b596d2095932637bc191f64c85d4bcd7d107c4598f7f20a2e00c447cf8
TRENDER_INJECT_SHADOW_LOG,UNCONNECTED,False,False,BOTH,TRENDER_INJECT_SHADOW,,N/A_NOT_CONNECTED,N/A_NOT_CONNECTED,[],"[""ANY_AVAILABLE""]",[],[],no trusted frozen-engine lifecycle read and no imported+consumed SOURCE_EXACT contract,False,False,False,4fc946b596d2095932637bc191f64c85d4bcd7d107c4598f7f20a2e00c447cf8
TRENDER_LIN_MIN,UNCONNECTED,False,False,BOTH,TRENDER_LIN_MIN,,N/A_NOT_CONNECTED,N/A_NOT_CONNECTED,[],"[""ANY_AVAILABLE""]",[],[],no trusted frozen-engine lifecycle read and no imported+consumed SOURCE_EXACT contract,False,False,False,4fc946b596d2095932637bc191f64c85d4bcd7d107c4598f7f20a2e00c447cf8
TRENDER_QV_ANCHOR_USD,UNCONNECTED,False,False,BOTH,TRENDER_QV_ANCHOR,,N/A_NOT_CONNECTED,N/A_NOT_CONNECTED,[],"[""ANY_AVAILABLE""]",[],[],no trusted frozen-engine lifecycle read and no imported+consumed SOURCE_EXACT contract,False,False,False,4fc946b596d2095932637bc191f64c85d4bcd7d107c4598f7f20a2e00c447cf8
TRENDER_QV_FLOOR_USD,UNCONNECTED,False,False,BOTH,TRENDER_QV_FLOOR,,N/A_NOT_CONNECTED,N/A_NOT_CONNECTED,[],"[""ANY_AVAILABLE""]",[],[],no trusted frozen-engine lifecycle read and no imported+consumed SOURCE_EXACT contract,False,False,False,4fc946b596d2095932637bc191f64c85d4bcd7d107c4598f7f20a2e00c447cf8
TRENDER_QV_MAX_BOOST,UNCONNECTED,False,False,BOTH,TRENDER_QV_MAX,,N/A_NOT_CONNECTED,N/A_NOT_CONNECTED,[],"[""ANY_AVAILABLE""]",[],[],no trusted frozen-engine lifecycle read and no imported+consumed SOURCE_EXACT contract,False,False,False,4fc946b596d2095932637bc191f64c85d4bcd7d107c4598f7f20a2e00c447cf8
TRENDER_RET24_MIN_PCT,UNCONNECTED,False,False,BOTH,TRENDER_RET24_MIN,,N/A_NOT_CONNECTED,N/A_NOT_CONNECTED,[],"[""ANY_AVAILABLE""]",[],[],no trusted frozen-engine lifecycle read and no imported+consumed SOURCE_EXACT contract,False,False,False,4fc946b596d2095932637bc191f64c85d4bcd7d107c4598f7f20a2e00c447cf8
TREND_ACCOUNTS,UNCONNECTED,False,False,BOTH,GLOBAL,,N/A_NOT_CONNECTED,N/A_NOT_CONNECTED,[],"[""ANY_AVAILABLE""]",[],[],no trusted frozen-engine lifecycle read and no imported+consumed SOURCE_EXACT contract,False,False,True,4fc946b596d2095932637bc191f64c85d4bcd7d107c4598f7f20a2e00c447cf8
TREND_EXIT_SCORE_FLIP,CONNECTED_BOTH,True,True,BOTH,EXIT,EXIT,native=3m,native=5m,"[""close_{tf}"",""high_{tf}"",""low_{tf}""]","[""ANY_AVAILABLE""]",[],"[""v12_exit_reduce_gap_batch2:data/reports/V12_EXIT_REDUCE_STOP_GAP_BATCH2_CONTRACT.csv""]",trusted direct lifecycle read and/or imported+consumed SOURCE_EXACT contract applies to both venues,False,False,True,4fc946b596d2095932637bc191f64c85d4bcd7d107c4598f7f20a2e00c447cf8
TREND_HEDGE_MAX_SEC,CONNECTED_BOTH,True,True,BOTH,TREND_HEDGE_MAX,EXIT|STOP,native=3m,native=5m,[],"[""ANY_AVAILABLE""]",[],"[""v12_exit_reduce_gap_batch5:data/reports/V12_EXIT_REDUCE_STOP_GAP_BATCH5_CONTRACT.csv""]",trusted direct lifecycle read and/or imported+consumed SOURCE_EXACT contract applies to both venues,False,False,True,4fc946b596d2095932637bc191f64c85d4bcd7d107c4598f7f20a2e00c447cf8
TREND_HTF_MIN_BEAR,UNCONNECTED,False,False,BOTH,FILTER,,N/A_NOT_CONNECTED,N/A_NOT_CONNECTED,[],"[""ANY_AVAILABLE""]",[],[],no trusted frozen-engine lifecycle read and no imported+consumed SOURCE_EXACT contract,False,False,True,4fc946b596d2095932637bc191f64c85d4bcd7d107c4598f7f20a2e00c447cf8
TREND_HTF_MIN_BULL,UNCONNECTED,False,False,BOTH,FILTER,,N/A_NOT_CONNECTED,N/A_NOT_CONNECTED,[],"[""ANY_AVAILABLE""]",[],[],no trusted frozen-engine lifecycle read and no imported+consumed SOURCE_EXACT contract,False,False,True,4fc946b596d2095932637bc191f64c85d4bcd7d107c4598f7f20a2e00c447cf8
TREND_MIN_GAIN_EXIT,CONNECTED_BOTH,True,True,BOTH,EXIT,EXIT,native=3m,native=5m,"[""close_{tf}"",""high_{tf}"",""low_{tf}""]","[""ANY_AVAILABLE""]",[],"[""v12_exit_reduce_gap_batch2:data/reports/V12_EXIT_REDUCE_STOP_GAP_BATCH2_CONTRACT.csv""]",trusted direct lifecycle read and/or imported+consumed SOURCE_EXACT contract applies to both venues,False,False,True,4fc946b596d2095932637bc191f64c85d4bcd7d107c4598f7f20a2e00c447cf8
TREND_REGIME_VETO_ENABLED,UNCONNECTED,False,False,BOTH,FILTER,,N/A_NOT_CONNECTED,N/A_NOT_CONNECTED,[],"[""ANY_AVAILABLE""]",[],[],no trusted frozen-engine lifecycle read and no imported+consumed SOURCE_EXACT contract,False,True,True,4fc946b596d2095932637bc191f64c85d4bcd7d107c4598f7f20a2e00c447cf8
TRIPLE_CONF_ENABLED,CONNECTED_BOTH,True,True,BOTH,GLOBAL,ENTRY|REENTRY,native=3m,native=5m,[],"[""ANY_AVAILABLE""]","[""v12_quick_engine.py:5733:compute_reentry_blocks""]",[],trusted direct lifecycle read and/or imported+consumed SOURCE_EXACT contract applies to both venues,True,True,True,4fc946b596d2095932637bc191f64c85d4bcd7d107c4598f7f20a2e00c447cf8
TRIPLE_CONF_RSI_LONG,CONNECTED_BOTH,True,True,BOTH,GLOBAL,ENTRY|REENTRY,native=3m,native=5m,"[""rsi_{tf}""]","[""ANY_AVAILABLE""]","[""v12_quick_engine.py:5743:compute_reentry_blocks""]",[],trusted direct lifecycle read and/or imported+consumed SOURCE_EXACT contract applies to both venues,True,True,True,4fc946b596d2095932637bc191f64c85d4bcd7d107c4598f7f20a2e00c447cf8
TRIPLE_CONF_RSI_SHORT,CONNECTED_BOTH,True,True,BOTH,GLOBAL,ENTRY|REENTRY,native=3m,native=5m,"[""rsi_{tf}""]","[""ANY_AVAILABLE""]","[""v12_quick_engine.py:5745:compute_reentry_blocks""]",[],trusted direct lifecycle read and/or imported+consumed SOURCE_EXACT contract applies to both venues,True,True,True,4fc946b596d2095932637bc191f64c85d4bcd7d107c4598f7f20a2e00c447cf8
TRIPLE_CONF_SCORE,CONNECTED_BOTH,True,True,BOTH,GLOBAL,ENTRY|REENTRY,native=3m,native=5m,[],"[""ANY_AVAILABLE""]","[""v12_quick_engine.py:6350:_combine_entry_blocks""]",[],trusted direct lifecycle read and/or imported+consumed SOURCE_EXACT contract applies to both venues,True,True,True,4fc946b596d2095932637bc191f64c85d4bcd7d107c4598f7f20a2e00c447cf8
TRIPLE_CONF_STOCH_LONG,CONNECTED_BOTH,True,True,BOTH,GLOBAL,ENTRY|REENTRY,native=3m,native=5m,"[""stoch_d_{tf}"",""stoch_k_{tf}""]","[""ANY_AVAILABLE""]","[""v12_quick_engine.py:5744:compute_reentry_blocks""]",[],trusted direct lifecycle read and/or imported+consumed SOURCE_EXACT contract applies to both venues,True,True,True,4fc946b596d2095932637bc191f64c85d4bcd7d107c4598f7f20a2e00c447cf8
TRIPLE_CONF_STOCH_SHORT,CONNECTED_BOTH,True,True,BOTH,GLOBAL,ENTRY|REENTRY,native=3m,native=5m,"[""stoch_d_{tf}"",""stoch_k_{tf}""]","[""ANY_AVAILABLE""]","[""v12_quick_engine.py:5746:compute_reentry_blocks""]",[],trusted direct lifecycle read and/or imported+consumed SOURCE_EXACT contract applies to both venues,True,True,True,4fc946b596d2095932637bc191f64c85d4bcd7d107c4598f7f20a2e00c447cf8
TRIPLE_CONF_TF,CONNECTED_BOTH,True,True,BOTH,GLOBAL,ENTRY|REENTRY,native=3m;required=1h,native=5m;required=1h,[],"[""1h""]","[""v12_quick_engine.py:5734:compute_reentry_blocks""]",[],trusted direct lifecycle read and/or imported+consumed SOURCE_EXACT contract applies to both venues,True,True,True,4fc946b596d2095932637bc191f64c85d4bcd7d107c4598f7f20a2e00c447cf8
TR_BBWIDTH4H_BOYCOTT_SCORE,UNCONNECTED,False,False,BOTH,GLOBAL,,N/A_NOT_CONNECTED,N/A_NOT_CONNECTED,[],"[""ANY_AVAILABLE""]",[],[],no trusted frozen-engine lifecycle read and no imported+consumed SOURCE_EXACT contract,False,False,True,4fc946b596d2095932637bc191f64c85d4bcd7d107c4598f7f20a2e00c447cf8
TR_BBWIDTH4H_MAX,UNCONNECTED,False,False,BOTH,GLOBAL,,N/A_NOT_CONNECTED,N/A_NOT_CONNECTED,[],"[""ANY_AVAILABLE""]",[],[],no trusted frozen-engine lifecycle read and no imported+consumed SOURCE_EXACT contract,False,False,True,4fc946b596d2095932637bc191f64c85d4bcd7d107c4598f7f20a2e00c447cf8
TR_CHOP4H_BONUS,UNCONNECTED,False,False,BOTH,GLOBAL,,N/A_NOT_CONNECTED,N/A_NOT_CONNECTED,[],"[""ANY_AVAILABLE""]",[],[],no trusted frozen-engine lifecycle read and no imported+consumed SOURCE_EXACT contract,False,False,True,4fc946b596d2095932637bc191f64c85d4bcd7d107c4598f7f20a2e00c447cf8
TR_CHOP4H_MIN,UNCONNECTED,False,False,BOTH,GLOBAL,,N/A_NOT_CONNECTED,N/A_NOT_CONNECTED,[],"[""ANY_AVAILABLE""]",[],[],no trusted frozen-engine lifecycle read and no imported+consumed SOURCE_EXACT contract,False,False,True,4fc946b596d2095932637bc191f64c85d4bcd7d107c4598f7f20a2e00c447cf8
TR_CHOP4H_PENALTY,UNCONNECTED,False,False,BOTH,GLOBAL,,N/A_NOT_CONNECTED,N/A_NOT_CONNECTED,[],"[""ANY_AVAILABLE""]",[],[],no trusted frozen-engine lifecycle read and no imported+consumed SOURCE_EXACT contract,False,False,True,4fc946b596d2095932637bc191f64c85d4bcd7d107c4598f7f20a2e00c447cf8
TR_CHOP4H_TREND_MAX,UNCONNECTED,False,False,BOTH,GLOBAL,,N/A_NOT_CONNECTED,N/A_NOT_CONNECTED,[],"[""ANY_AVAILABLE""]",[],[],no trusted frozen-engine lifecycle read and no imported+consumed SOURCE_EXACT contract,False,False,True,4fc946b596d2095932637bc191f64c85d4bcd7d107c4598f7f20a2e00c447cf8
TR_DCWIDTH4H_SHORT_BOYCOTT_SCORE,UNCONNECTED,False,False,BOTH,GLOBAL,,N/A_NOT_CONNECTED,N/A_NOT_CONNECTED,[],"[""ANY_AVAILABLE""]",[],[],no trusted frozen-engine lifecycle read and no imported+consumed SOURCE_EXACT contract,False,False,True,4fc946b596d2095932637bc191f64c85d4bcd7d107c4598f7f20a2e00c447cf8
TR_MFI4H_LONG_BOYCOTT_SCORE,UNCONNECTED,False,False,BOTH,GLOBAL,,N/A_NOT_CONNECTED,N/A_NOT_CONNECTED,"[""mfi_{tf}""]","[""ANY_AVAILABLE""]",[],[],no trusted frozen-engine lifecycle read and no imported+consumed SOURCE_EXACT contract,False,False,True,4fc946b596d2095932637bc191f64c85d4bcd7d107c4598f7f20a2e00c447cf8
TR_TREND_V1_FILTER_TF,UNCONNECTED,False,False,BOTH,VEC_TR_TREND_V1,,N/A_NOT_CONNECTED,N/A_NOT_CONNECTED,[],"[""1m"",""3m"",""15m"",""1h"",""4h"",""D""]",[],[],no trusted frozen-engine lifecycle read and no imported+consumed SOURCE_EXACT contract,False,False,False,4fc946b596d2095932637bc191f64c85d4bcd7d107c4598f7f20a2e00c447cf8
TR_TREND_V1_MIN_TFS,UNCONNECTED,False,False,BOTH,VEC_TR_TREND_V1,,N/A_NOT_CONNECTED,N/A_NOT_CONNECTED,[],"[""ANY_AVAILABLE""]",[],[],no trusted frozen-engine lifecycle read and no imported+consumed SOURCE_EXACT contract,False,False,False,4fc946b596d2095932637bc191f64c85d4bcd7d107c4598f7f20a2e00c447cf8
TR_TREND_V1_SHADOW_SYMBOLS,UNCONNECTED,False,False,BOTH,GLOBAL,,N/A_NOT_CONNECTED,N/A_NOT_CONNECTED,[],"[""ANY_AVAILABLE""]",[],[],no trusted frozen-engine lifecycle read and no imported+consumed SOURCE_EXACT contract,False,False,True,4fc946b596d2095932637bc191f64c85d4bcd7d107c4598f7f20a2e00c447cf8
TR_TREND_V1_SPY_REGIME_ENABLED,UNCONNECTED,False,False,BOTH,FILTER,,N/A_NOT_CONNECTED,N/A_NOT_CONNECTED,[],"[""ANY_AVAILABLE""]",[],[],no trusted frozen-engine lifecycle read and no imported+consumed SOURCE_EXACT contract,False,True,True,4fc946b596d2095932637bc191f64c85d4bcd7d107c4598f7f20a2e00c447cf8
TTM_SQUEEZE_ENABLED,UNCONNECTED,False,False,BOTH,VEC_TTM_SQUEEZE,,N/A_NOT_CONNECTED,N/A_NOT_CONNECTED,[],"[""ANY_AVAILABLE""]",[],[],no trusted frozen-engine lifecycle read and no imported+consumed SOURCE_EXACT contract,False,False,False,4fc946b596d2095932637bc191f64c85d4bcd7d107c4598f7f20a2e00c447cf8
TTM_SQUEEZE_FILTER_TF,UNCONNECTED,False,False,BOTH,VEC_TTM_SQUEEZE,,N/A_NOT_CONNECTED,N/A_NOT_CONNECTED,[],"[""1m"",""3m"",""15m"",""1h"",""4h"",""D""]",[],[],no trusted frozen-engine lifecycle read and no imported+consumed SOURCE_EXACT contract,False,False,False,4fc946b596d2095932637bc191f64c85d4bcd7d107c4598f7f20a2e00c447cf8
TTM_SQUEEZE_MIN_TFS,UNCONNECTED,False,False,BOTH,VEC_TTM_SQUEEZE,,N/A_NOT_CONNECTED,N/A_NOT_CONNECTED,[],"[""ANY_AVAILABLE""]",[],[],no trusted frozen-engine lifecycle read and no imported+consumed SOURCE_EXACT contract,False,False,False,4fc946b596d2095932637bc191f64c85d4bcd7d107c4598f7f20a2e00c447cf8
USE_BB_FILTER,UNCONNECTED,False,False,BOTH,USE_BB_FILTER,,N/A_NOT_CONNECTED,N/A_NOT_CONNECTED,"[""bb_lower_{tf}"",""bb_pct_b_{tf}"",""bb_upper_{tf}""]","[""ANY_AVAILABLE""]",[],[],no trusted frozen-engine lifecycle read and no imported+consumed SOURCE_EXACT contract,False,False,False,4fc946b596d2095932637bc191f64c85d4bcd7d107c4598f7f20a2e00c447cf8
USE_DC_BREAK,UNCONNECTED,False,False,BOTH,USE_DC_BREAK,,N/A_NOT_CONNECTED,N/A_NOT_CONNECTED,"[""dc_basis_{tf}"",""dc_high_{tf}"",""dc_low_{tf}""]","[""ANY_AVAILABLE""]",[],[],no trusted frozen-engine lifecycle read and no imported+consumed SOURCE_EXACT contract,False,False,False,4fc946b596d2095932637bc191f64c85d4bcd7d107c4598f7f20a2e00c447cf8
USE_PRICE_ACTION_ENTRY,UNCONNECTED,False,False,BOTH,USE_PRICE_ACTION,,N/A_NOT_CONNECTED,N/A_NOT_CONNECTED,"[""close_{tf}"",""high_{tf}"",""low_{tf}""]","[""ANY_AVAILABLE""]",[],[],no trusted frozen-engine lifecycle read and no imported+consumed SOURCE_EXACT contract,False,False,False,4fc946b596d2095932637bc191f64c85d4bcd7d107c4598f7f20a2e00c447cf8
USE_RZ_CASCADE,UNCONNECTED,False,False,BOTH,USE_RZ_CASCADE,,N/A_NOT_CONNECTED,N/A_NOT_CONNECTED,[],"[""ANY_AVAILABLE""]",[],[],no trusted frozen-engine lifecycle read and no imported+consumed SOURCE_EXACT contract,False,False,False,4fc946b596d2095932637bc191f64c85d4bcd7d107c4598f7f20a2e00c447cf8
USE_SANDBOX,UNCONNECTED,False,False,BOTH,USE_SANDBOX,,N/A_NOT_CONNECTED,N/A_NOT_CONNECTED,[],"[""ANY_AVAILABLE""]",[],[],no trusted frozen-engine lifecycle read and no imported+consumed SOURCE_EXACT contract,False,False,False,4fc946b596d2095932637bc191f64c85d4bcd7d107c4598f7f20a2e00c447cf8
USE_V8_AGGREGATORS,UNCONNECTED,False,False,BOTH,USE_V8_AGGREGATORS,,N/A_NOT_CONNECTED,N/A_NOT_CONNECTED,[],"[""ANY_AVAILABLE""]",[],[],no trusted frozen-engine lifecycle read and no imported+consumed SOURCE_EXACT contract,False,False,False,4fc946b596d2095932637bc191f64c85d4bcd7d107c4598f7f20a2e00c447cf8
USE_WS_3M,UNCONNECTED,False,False,BOTH,USE_WS_3M,,N/A_NOT_CONNECTED,N/A_NOT_CONNECTED,[],"[""3m""]",[],[],no trusted frozen-engine lifecycle read and no imported+consumed SOURCE_EXACT contract,False,False,False,4fc946b596d2095932637bc191f64c85d4bcd7d107c4598f7f20a2e00c447cf8
USE_WT_CROSS,UNCONNECTED,False,False,BOTH,USE_WT_CROSS,,N/A_NOT_CONNECTED,N/A_NOT_CONNECTED,"[""wt1_{tf}"",""wt2_{tf}""]","[""ANY_AVAILABLE""]",[],[],no trusted frozen-engine lifecycle read and no imported+consumed SOURCE_EXACT contract,False,False,False,4fc946b596d2095932637bc191f64c85d4bcd7d107c4598f7f20a2e00c447cf8
USE_WT_DC_HIERARCHY,UNCONNECTED,False,False,BOTH,USE_WT_DC,,N/A_NOT_CONNECTED,N/A_NOT_CONNECTED,"[""dc_basis_{tf}"",""dc_high_{tf}"",""dc_low_{tf}"",""wt1_{tf}"",""wt2_{tf}""]","[""ANY_AVAILABLE""]",[],[],no trusted frozen-engine lifecycle read and no imported+consumed SOURCE_EXACT contract,False,False,False,4fc946b596d2095932637bc191f64c85d4bcd7d107c4598f7f20a2e00c447cf8
UVE_LIVE_ENABLED,UNCONNECTED,False,False,BOTH,GLOBAL,,N/A_NOT_CONNECTED,N/A_NOT_CONNECTED,[],"[""ANY_AVAILABLE""]",[],[],no trusted frozen-engine lifecycle read and no imported+consumed SOURCE_EXACT contract,False,True,True,4fc946b596d2095932637bc191f64c85d4bcd7d107c4598f7f20a2e00c447cf8
V8Q_COOLDOWN_BARS,UNCONNECTED,False,False,BOTH,V8Q_COOLDOWN_BARS,,N/A_NOT_CONNECTED,N/A_NOT_CONNECTED,[],"[""ANY_AVAILABLE""]",[],[],no trusted frozen-engine lifecycle read and no imported+consumed SOURCE_EXACT contract,False,False,False,4fc946b596d2095932637bc191f64c85d4bcd7d107c4598f7f20a2e00c447cf8
V8Q_HTF_MIN_ALIGNED,UNCONNECTED,False,False,BOTH,V8Q_HTF_MIN,,N/A_NOT_CONNECTED,N/A_NOT_CONNECTED,[],"[""ANY_AVAILABLE""]",[],[],no trusted frozen-engine lifecycle read and no imported+consumed SOURCE_EXACT contract,False,False,False,4fc946b596d2095932637bc191f64c85d4bcd7d107c4598f7f20a2e00c447cf8
V8Q_K3M_FLOOR,UNCONNECTED,False,False,BOTH,V8Q_K3M_FLOOR,,N/A_NOT_CONNECTED,N/A_NOT_CONNECTED,[],"[""ANY_AVAILABLE""]",[],[],no trusted frozen-engine lifecycle read and no imported+consumed SOURCE_EXACT contract,False,False,False,4fc946b596d2095932637bc191f64c85d4bcd7d107c4598f7f20a2e00c447cf8
V8Q_MIN_HOLD_BARS,UNCONNECTED,False,False,BOTH,V8Q_MIN_HOLD,,N/A_NOT_CONNECTED,N/A_NOT_CONNECTED,[],"[""ANY_AVAILABLE""]",[],[],no trusted frozen-engine lifecycle read and no imported+consumed SOURCE_EXACT contract,False,False,False,4fc946b596d2095932637bc191f64c85d4bcd7d107c4598f7f20a2e00c447cf8
V8Q_STRENGTH_MIN_SCORE,UNCONNECTED,False,False,BOTH,V8Q_STRENGTH_MIN,,N/A_NOT_CONNECTED,N/A_NOT_CONNECTED,[],"[""ANY_AVAILABLE""]",[],[],no trusted frozen-engine lifecycle read and no imported+consumed SOURCE_EXACT contract,False,False,False,4fc946b596d2095932637bc191f64c85d4bcd7d107c4598f7f20a2e00c447cf8
V8Q_SYMBOL_TIER_TOP3,UNCONNECTED,False,False,BOTH,V8Q_SYMBOL_TIER,,N/A_NOT_CONNECTED,N/A_NOT_CONNECTED,[],"[""ANY_AVAILABLE""]",[],[],no trusted frozen-engine lifecycle read and no imported+consumed SOURCE_EXACT contract,False,False,False,4fc946b596d2095932637bc191f64c85d4bcd7d107c4598f7f20a2e00c447cf8
V8Q_SYMBOL_TIER_TOP4,UNCONNECTED,False,False,BOTH,V8Q_SYMBOL_TIER,,N/A_NOT_CONNECTED,N/A_NOT_CONNECTED,[],"[""ANY_AVAILABLE""]",[],[],no trusted frozen-engine lifecycle read and no imported+consumed SOURCE_EXACT contract,False,False,False,4fc946b596d2095932637bc191f64c85d4bcd7d107c4598f7f20a2e00c447cf8
V8Q_SYMBOL_TIER_TOP5,UNCONNECTED,False,False,BOTH,V8Q_SYMBOL_TIER,,N/A_NOT_CONNECTED,N/A_NOT_CONNECTED,[],"[""ANY_AVAILABLE""]",[],[],no trusted frozen-engine lifecycle read and no imported+consumed SOURCE_EXACT contract,False,False,False,4fc946b596d2095932637bc191f64c85d4bcd7d107c4598f7f20a2e00c447cf8
V8Q_SYMBOL_TIER_TOP6,UNCONNECTED,False,False,BOTH,V8Q_SYMBOL_TIER,,N/A_NOT_CONNECTED,N/A_NOT_CONNECTED,[],"[""ANY_AVAILABLE""]",[],[],no trusted frozen-engine lifecycle read and no imported+consumed SOURCE_EXACT contract,False,False,False,4fc946b596d2095932637bc191f64c85d4bcd7d107c4598f7f20a2e00c447cf8
V8Q_WT_EXIT_MIN_TFS,UNCONNECTED,False,False,BOTH,V8Q_WT_EXIT,,N/A_NOT_CONNECTED,N/A_NOT_CONNECTED,"[""close_{tf}"",""high_{tf}"",""low_{tf}"",""wt1_{tf}"",""wt2_{tf}""]","[""ANY_AVAILABLE""]",[],[],no trusted frozen-engine lifecycle read and no imported+consumed SOURCE_EXACT contract,False,False,False,4fc946b596d2095932637bc191f64c85d4bcd7d107c4598f7f20a2e00c447cf8
V8_ENTRY_ENGINE_DC_ENABLED,UNCONNECTED,False,False,BOTH,V8_ENTRY_ENGINE,,N/A_NOT_CONNECTED,N/A_NOT_CONNECTED,"[""close_{tf}"",""dc_basis_{tf}"",""dc_high_{tf}"",""dc_low_{tf}"",""high_{tf}"",""low_{tf}""]","[""ANY_AVAILABLE""]",[],[],no trusted frozen-engine lifecycle read and no imported+consumed SOURCE_EXACT contract,False,False,False,4fc946b596d2095932637bc191f64c85d4bcd7d107c4598f7f20a2e00c447cf8
V8_ENTRY_ENGINE_WT_ENABLED,UNCONNECTED,False,False,BOTH,V8_ENTRY_ENGINE,,N/A_NOT_CONNECTED,N/A_NOT_CONNECTED,"[""close_{tf}"",""high_{tf}"",""low_{tf}"",""wt1_{tf}"",""wt2_{tf}""]","[""ANY_AVAILABLE""]",[],[],no trusted frozen-engine lifecycle read and no imported+consumed SOURCE_EXACT contract,False,False,False,4fc946b596d2095932637bc191f64c85d4bcd7d107c4598f7f20a2e00c447cf8
V8_VEC_SWEEP_ENABLED,UNCONNECTED,False,False,BOTH,VEC_V8_VEC_SWEEP,,N/A_NOT_CONNECTED,N/A_NOT_CONNECTED,[],"[""ANY_AVAILABLE""]",[],[],no trusted frozen-engine lifecycle read and no imported+consumed SOURCE_EXACT contract,False,False,False,4fc946b596d2095932637bc191f64c85d4bcd7d107c4598f7f20a2e00c447cf8
V8_VEC_SWEEP_FILTER_TF,UNCONNECTED,False,False,BOTH,VEC_V8_VEC_SWEEP,,N/A_NOT_CONNECTED,N/A_NOT_CONNECTED,[],"[""1m"",""3m"",""15m"",""1h"",""4h"",""D""]",[],[],no trusted frozen-engine lifecycle read and no imported+consumed SOURCE_EXACT contract,False,False,False,4fc946b596d2095932637bc191f64c85d4bcd7d107c4598f7f20a2e00c447cf8
V8_VEC_SWEEP_MIN_TFS,UNCONNECTED,False,False,BOTH,VEC_V8_VEC_SWEEP,,N/A_NOT_CONNECTED,N/A_NOT_CONNECTED,[],"[""ANY_AVAILABLE""]",[],[],no trusted frozen-engine lifecycle read and no imported+consumed SOURCE_EXACT contract,False,False,False,4fc946b596d2095932637bc191f64c85d4bcd7d107c4598f7f20a2e00c447cf8
VALIDATE_AGAINST_LIVE_ENABLED,UNCONNECTED,False,False,BOTH,VEC_VALIDATE_AGAINST_LIVE,,N/A_NOT_CONNECTED,N/A_NOT_CONNECTED,[],"[""ANY_AVAILABLE""]",[],[],no trusted frozen-engine lifecycle read and no imported+consumed SOURCE_EXACT contract,False,False,False,4fc946b596d2095932637bc191f64c85d4bcd7d107c4598f7f20a2e00c447cf8
VALIDATE_AGAINST_LIVE_FILTER_TF,UNCONNECTED,False,False,BOTH,VEC_VALIDATE_AGAINST_LIVE,,N/A_NOT_CONNECTED,N/A_NOT_CONNECTED,[],"[""1m"",""3m"",""15m"",""1h"",""4h"",""D""]",[],[],no trusted frozen-engine lifecycle read and no imported+consumed SOURCE_EXACT contract,False,False,False,4fc946b596d2095932637bc191f64c85d4bcd7d107c4598f7f20a2e00c447cf8
VALIDATE_AGAINST_LIVE_MIN_TFS,UNCONNECTED,False,False,BOTH,VEC_VALIDATE_AGAINST_LIVE,,N/A_NOT_CONNECTED,N/A_NOT_CONNECTED,[],"[""ANY_AVAILABLE""]",[],[],no trusted frozen-engine lifecycle read and no imported+consumed SOURCE_EXACT contract,False,False,False,4fc946b596d2095932637bc191f64c85d4bcd7d107c4598f7f20a2e00c447cf8
VALIDATE_BATCH5_SIGNALS_ENABLED,UNCONNECTED,False,False,BOTH,VEC_VALIDATE_BATCH5_SIGNALS,,N/A_NOT_CONNECTED,N/A_NOT_CONNECTED,[],"[""ANY_AVAILABLE""]",[],[],no trusted frozen-engine lifecycle read and no imported+consumed SOURCE_EXACT contract,False,False,False,4fc946b596d2095932637bc191f64c85d4bcd7d107c4598f7f20a2e00c447cf8
VALIDATE_BATCH5_SIGNALS_FILTER_TF,UNCONNECTED,False,False,BOTH,VEC_VALIDATE_BATCH5_SIGNALS,,N/A_NOT_CONNECTED,N/A_NOT_CONNECTED,[],"[""1m"",""3m"",""15m"",""1h"",""4h"",""D""]",[],[],no trusted frozen-engine lifecycle read and no imported+consumed SOURCE_EXACT contract,False,False,False,4fc946b596d2095932637bc191f64c85d4bcd7d107c4598f7f20a2e00c447cf8
VALIDATE_BATCH5_SIGNALS_MIN_TFS,UNCONNECTED,False,False,BOTH,VEC_VALIDATE_BATCH5_SIGNALS,,N/A_NOT_CONNECTED,N/A_NOT_CONNECTED,[],"[""ANY_AVAILABLE""]",[],[],no trusted frozen-engine lifecycle read and no imported+consumed SOURCE_EXACT contract,False,False,False,4fc946b596d2095932637bc191f64c85d4bcd7d107c4598f7f20a2e00c447cf8
VALIDATE_REFRESH,UNCONNECTED,False,False,BOTH,FILTER,,N/A_NOT_CONNECTED,N/A_NOT_CONNECTED,[],"[""ANY_AVAILABLE""]",[],[],no trusted frozen-engine lifecycle read and no imported+consumed SOURCE_EXACT contract,False,False,True,4fc946b596d2095932637bc191f64c85d4bcd7d107c4598f7f20a2e00c447cf8
VEC_ENGINE_V1_ENABLED,UNCONNECTED,False,False,BOTH,VEC_VEC_ENGINE_V1,,N/A_NOT_CONNECTED,N/A_NOT_CONNECTED,[],"[""ANY_AVAILABLE""]",[],[],no trusted frozen-engine lifecycle read and no imported+consumed SOURCE_EXACT contract,False,False,False,4fc946b596d2095932637bc191f64c85d4bcd7d107c4598f7f20a2e00c447cf8
VEC_ENGINE_V1_FILTER_TF,UNCONNECTED,False,False,BOTH,VEC_VEC_ENGINE_V1,,N/A_NOT_CONNECTED,N/A_NOT_CONNECTED,[],"[""1m"",""3m"",""15m"",""1h"",""4h"",""D""]",[],[],no trusted frozen-engine lifecycle read and no imported+consumed SOURCE_EXACT contract,False,False,False,4fc946b596d2095932637bc191f64c85d4bcd7d107c4598f7f20a2e00c447cf8
VEC_ENGINE_V1_MIN_TFS,UNCONNECTED,False,False,BOTH,VEC_VEC_ENGINE_V1,,N/A_NOT_CONNECTED,N/A_NOT_CONNECTED,[],"[""ANY_AVAILABLE""]",[],[],no trusted frozen-engine lifecycle read and no imported+consumed SOURCE_EXACT contract,False,False,False,4fc946b596d2095932637bc191f64c85d4bcd7d107c4598f7f20a2e00c447cf8
VEC_EVENT_DRIVEN_LOOP_ENABLED,UNCONNECTED,False,False,BOTH,GLOBAL,,N/A_NOT_CONNECTED,N/A_NOT_CONNECTED,[],"[""ANY_AVAILABLE""]",[],[],no trusted frozen-engine lifecycle read and no imported+consumed SOURCE_EXACT contract,False,True,True,4fc946b596d2095932637bc191f64c85d4bcd7d107c4598f7f20a2e00c447cf8
VEC_FIRST_OPEN_THROTTLE_BARS,DEFERRED,False,False,BOTH,VEC_FIRST_OPEN,,N/A_NOT_CONNECTED,N/A_NOT_CONNECTED,"[""close_{tf}"",""high_{tf}"",""low_{tf}""]","[""ANY_AVAILABLE""]",[],[],blocked=PATTERN_ONLY_EXACT_ARRAY_BINDING_NOT_PROVEN;next_100_contract=NOT_INTEGRATED,False,True,False,4fc946b596d2095932637bc191f64c85d4bcd7d107c4598f7f20a2e00c447cf8
VEC_FIX_R1_REASON_STRING_FOR_DIFF,UNCONNECTED,False,False,BOTH,VEC_FIX_R1,,N/A_NOT_CONNECTED,N/A_NOT_CONNECTED,[],"[""ANY_AVAILABLE""]",[],[],no trusted frozen-engine lifecycle read and no imported+consumed SOURCE_EXACT contract,False,False,False,4fc946b596d2095932637bc191f64c85d4bcd7d107c4598f7f20a2e00c447cf8
VEC_GATES_LOG_ONLY,UNCONNECTED,False,False,BOTH,FILTER,,N/A_NOT_CONNECTED,N/A_NOT_CONNECTED,[],"[""ANY_AVAILABLE""]",[],[],no trusted frozen-engine lifecycle read and no imported+consumed SOURCE_EXACT contract,False,False,True,4fc946b596d2095932637bc191f64c85d4bcd7d107c4598f7f20a2e00c447cf8
VEC_LIVE_REDUCE_DEFAULT_FRAC,UNCONNECTED,False,False,BOTH,VEC_LIVE_REDUCE,,N/A_NOT_CONNECTED,N/A_NOT_CONNECTED,"[""close_{tf}"",""high_{tf}"",""low_{tf}""]","[""ANY_AVAILABLE""]",[],[],no trusted frozen-engine lifecycle read and no imported+consumed SOURCE_EXACT contract,False,True,False,4fc946b596d2095932637bc191f64c85d4bcd7d107c4598f7f20a2e00c447cf8
VEC_LIVE_REDUCE_PARITY_ENABLED,UNCONNECTED,False,False,BOTH,VEC_LIVE_REDUCE,,N/A_NOT_CONNECTED,N/A_NOT_CONNECTED,"[""close_{tf}"",""high_{tf}"",""low_{tf}""]","[""ANY_AVAILABLE""]",[],[],no trusted frozen-engine lifecycle read and no imported+consumed SOURCE_EXACT contract,False,True,False,4fc946b596d2095932637bc191f64c85d4bcd7d107c4598f7f20a2e00c447cf8
VEC_LIVE_REDUCE_PARITY_FRAC,UNCONNECTED,False,False,BOTH,VEC_LIVE_REDUCE,,N/A_NOT_CONNECTED,N/A_NOT_CONNECTED,"[""close_{tf}"",""high_{tf}"",""low_{tf}""]","[""ANY_AVAILABLE""]",[],[],no trusted frozen-engine lifecycle read and no imported+consumed SOURCE_EXACT contract,False,True,False,4fc946b596d2095932637bc191f64c85d4bcd7d107c4598f7f20a2e00c447cf8
VEC_LIVE_REDUCE_PARITY_KEEP_DUST,UNCONNECTED,False,False,BOTH,VEC_LIVE_REDUCE,,N/A_NOT_CONNECTED,N/A_NOT_CONNECTED,"[""close_{tf}"",""high_{tf}"",""low_{tf}""]","[""ANY_AVAILABLE""]",[],[],no trusted frozen-engine lifecycle read and no imported+consumed SOURCE_EXACT contract,False,True,False,4fc946b596d2095932637bc191f64c85d4bcd7d107c4598f7f20a2e00c447cf8
VEC_LIVE_REDUCE_PPL_REASONS,UNCONNECTED,False,False,BOTH,VEC_LIVE_REDUCE,,N/A_NOT_CONNECTED,N/A_NOT_CONNECTED,"[""close_{tf}"",""high_{tf}"",""low_{tf}""]","[""ANY_AVAILABLE""]",[],[],no trusted frozen-engine lifecycle read and no imported+consumed SOURCE_EXACT contract,False,True,False,4fc946b596d2095932637bc191f64c85d4bcd7d107c4598f7f20a2e00c447cf8
VEC_LIVE_REDUCE_PPL_STEP1_FRAC,UNCONNECTED,False,False,BOTH,VEC_LIVE_REDUCE,,N/A_NOT_CONNECTED,N/A_NOT_CONNECTED,"[""close_{tf}"",""high_{tf}"",""low_{tf}""]","[""ANY_AVAILABLE""]",[],[],no trusted frozen-engine lifecycle read and no imported+consumed SOURCE_EXACT contract,False,True,False,4fc946b596d2095932637bc191f64c85d4bcd7d107c4598f7f20a2e00c447cf8
VEC_MTF_ARMED_BYPASS_STRONG,UNCONNECTED,False,False,BOTH,VEC_MTF_ARMED,,N/A_NOT_CONNECTED,N/A_NOT_CONNECTED,[],"[""ANY_AVAILABLE""]",[],[],no trusted frozen-engine lifecycle read and no imported+consumed SOURCE_EXACT contract,False,True,False,4fc946b596d2095932637bc191f64c85d4bcd7d107c4598f7f20a2e00c447cf8
VEC_MTF_ARMED_GATE_HEDGE_OPEN,DEFERRED,False,False,BOTH,VEC_MTF_ARMED,,N/A_NOT_CONNECTED,N/A_NOT_CONNECTED,"[""close_{tf}"",""high_{tf}"",""low_{tf}""]","[""ANY_AVAILABLE""]",[],[],blocked=PATTERN_ONLY_EXACT_ARRAY_BINDING_NOT_PROVEN;next_100_contract=NOT_INTEGRATED,False,True,False,4fc946b596d2095932637bc191f64c85d4bcd7d107c4598f7f20a2e00c447cf8
VEC_MTF_ARMED_GATE_REENTRY,UNCONNECTED,False,False,BOTH,VEC_MTF_ARMED,,N/A_NOT_CONNECTED,N/A_NOT_CONNECTED,"[""close_{tf}"",""high_{tf}"",""low_{tf}""]","[""ANY_AVAILABLE""]",[],[],no trusted frozen-engine lifecycle read and no imported+consumed SOURCE_EXACT contract,False,True,False,4fc946b596d2095932637bc191f64c85d4bcd7d107c4598f7f20a2e00c447cf8
VEC_MTF_ARMED_RESULTING_REASON,UNCONNECTED,False,False,BOTH,VEC_MTF_ARMED,,N/A_NOT_CONNECTED,N/A_NOT_CONNECTED,[],"[""ANY_AVAILABLE""]",[],[],no trusted frozen-engine lifecycle read and no imported+consumed SOURCE_EXACT contract,False,True,False,4fc946b596d2095932637bc191f64c85d4bcd7d107c4598f7f20a2e00c447cf8
VEC_MTF_ARMED_STATE_ENABLED,UNCONNECTED,False,False,BOTH,VEC_MTF_ARMED,,N/A_NOT_CONNECTED,N/A_NOT_CONNECTED,[],"[""ANY_AVAILABLE""]",[],[],no trusted frozen-engine lifecycle read and no imported+consumed SOURCE_EXACT contract,False,True,False,4fc946b596d2095932637bc191f64c85d4bcd7d107c4598f7f20a2e00c447cf8
VEC_MULTI_SYM_OUTER_LOOP_ENABLED,UNCONNECTED,False,False,BOTH,VEC_MULTI_SYM,,N/A_NOT_CONNECTED,N/A_NOT_CONNECTED,[],"[""ANY_AVAILABLE""]",[],[],no trusted frozen-engine lifecycle read and no imported+consumed SOURCE_EXACT contract,False,True,False,4fc946b596d2095932637bc191f64c85d4bcd7d107c4598f7f20a2e00c447cf8
VEC_PARITY_GATE_ENABLED,UNCONNECTED,False,False,BOTH,VEC_VEC_PARITY_GATE,,N/A_NOT_CONNECTED,N/A_NOT_CONNECTED,[],"[""ANY_AVAILABLE""]",[],[],no trusted frozen-engine lifecycle read and no imported+consumed SOURCE_EXACT contract,False,False,False,4fc946b596d2095932637bc191f64c85d4bcd7d107c4598f7f20a2e00c447cf8
VEC_PARITY_GATE_FILTER_TF,UNCONNECTED,False,False,BOTH,VEC_VEC_PARITY_GATE,,N/A_NOT_CONNECTED,N/A_NOT_CONNECTED,[],"[""1m"",""3m"",""15m"",""1h"",""4h"",""D""]",[],[],no trusted frozen-engine lifecycle read and no imported+consumed SOURCE_EXACT contract,False,False,False,4fc946b596d2095932637bc191f64c85d4bcd7d107c4598f7f20a2e00c447cf8
VEC_PARITY_GATE_MIN_TFS,UNCONNECTED,False,False,BOTH,VEC_VEC_PARITY_GATE,,N/A_NOT_CONNECTED,N/A_NOT_CONNECTED,[],"[""ANY_AVAILABLE""]",[],[],no trusted frozen-engine lifecycle read and no imported+consumed SOURCE_EXACT contract,False,False,False,4fc946b596d2095932637bc191f64c85d4bcd7d107c4598f7f20a2e00c447cf8
VEC_RATIO_REDUCE_PROXY_ENABLED,UNCONNECTED,False,False,BOTH,VEC_RATIO_REDUCE,,N/A_NOT_CONNECTED,N/A_NOT_CONNECTED,"[""close_{tf}"",""high_{tf}"",""low_{tf}""]","[""ANY_AVAILABLE""]",[],[],no trusted frozen-engine lifecycle read and no imported+consumed SOURCE_EXACT contract,False,True,False,4fc946b596d2095932637bc191f64c85d4bcd7d107c4598f7f20a2e00c447cf8
VEC_REDUCE_CASCADE_COOLDOWN_S,UNCONNECTED,False,False,BOTH,VEC_REDUCE_CASCADE,,N/A_NOT_CONNECTED,N/A_NOT_CONNECTED,"[""close_{tf}"",""high_{tf}"",""low_{tf}""]","[""ANY_AVAILABLE""]",[],[],no trusted frozen-engine lifecycle read and no imported+consumed SOURCE_EXACT contract,False,True,False,4fc946b596d2095932637bc191f64c85d4bcd7d107c4598f7f20a2e00c447cf8
VEC_REENTRY_DC4_EXITPRICE_ENABLED,CONNECTED_CRYPTO,True,False,BOTH,REENTRY,REENTRY,native=3m;required=3m|15m,N/A_NOT_CONNECTED,"[""close_{tf}"",""high_{tf}"",""low_{tf}""]","[""ANY_AVAILABLE""]",[],"[""v12_reentry_augment_filter_gap_batch4:data/reports/V12_REENTRY_AUGMENT_FILTER_GAP_BATCH4_CONTRACT.csv""]",trusted causal route is crypto-native/source-scoped; no Tradier connection credit,False,True,True,4fc946b596d2095932637bc191f64c85d4bcd7d107c4598f7f20a2e00c447cf8
VEC_REENTRY_REQUIRE_PRIOR_EXIT,CONNECTED_BOTH,True,True,BOTH,REENTRY_AFTER_TOP,REENTRY,native=3m,native=5m,"[""close_{tf}"",""high_{tf}"",""low_{tf}""]","[""ANY_AVAILABLE""]",[],"[""v12_reentry_augment_filter_gap_batch4:data/reports/V12_REENTRY_AUGMENT_FILTER_GAP_BATCH4_CONTRACT.csv""]",trusted direct lifecycle read and/or imported+consumed SOURCE_EXACT contract applies to both venues,False,True,False,4fc946b596d2095932637bc191f64c85d4bcd7d107c4598f7f20a2e00c447cf8
VEC_REENTRY_WINDOW_BARS,CONNECTED_BOTH,True,True,BOTH,REENTRY_AFTER_TOP,REENTRY,native=3m,native=5m,"[""close_{tf}"",""high_{tf}"",""low_{tf}""]","[""ANY_AVAILABLE""]",[],"[""v12_reentry_augment_filter_gap_batch4:data/reports/V12_REENTRY_AUGMENT_FILTER_GAP_BATCH4_CONTRACT.csv""]",trusted direct lifecycle read and/or imported+consumed SOURCE_EXACT contract applies to both venues,False,True,False,4fc946b596d2095932637bc191f64c85d4bcd7d107c4598f7f20a2e00c447cf8
VEC_WT_PRICE_BREAKOUT_REENTRY_ENABLED,UNCONNECTED,False,False,BOTH,REENTRY,,N/A_NOT_CONNECTED,N/A_NOT_CONNECTED,"[""close_{tf}"",""high_{tf}"",""low_{tf}"",""wt1_{tf}"",""wt2_{tf}""]","[""ANY_AVAILABLE""]",[],[],no trusted frozen-engine lifecycle read and no imported+consumed SOURCE_EXACT contract,False,True,True,4fc946b596d2095932637bc191f64c85d4bcd7d107c4598f7f20a2e00c447cf8
VOL_SPIKE_BODY_RATIO,UNCONNECTED,False,False,BOTH,GLOBAL,,N/A_NOT_CONNECTED,N/A_NOT_CONNECTED,"[""relative_volume_{tf}"",""volume_{tf}""]","[""ANY_AVAILABLE""]",[],[],no trusted frozen-engine lifecycle read and no imported+consumed SOURCE_EXACT contract,False,False,True,4fc946b596d2095932637bc191f64c85d4bcd7d107c4598f7f20a2e00c447cf8
VOL_SPIKE_COOLDOWN,UNCONNECTED,False,False,BOTH,GLOBAL,,N/A_NOT_CONNECTED,N/A_NOT_CONNECTED,"[""relative_volume_{tf}"",""volume_{tf}""]","[""ANY_AVAILABLE""]",[],[],no trusted frozen-engine lifecycle read and no imported+consumed SOURCE_EXACT contract,False,False,True,4fc946b596d2095932637bc191f64c85d4bcd7d107c4598f7f20a2e00c447cf8
VOL_SPIKE_LS_MAX_IMBALANCE,UNCONNECTED,False,False,BOTH,GLOBAL,,N/A_NOT_CONNECTED,N/A_NOT_CONNECTED,"[""relative_volume_{tf}"",""volume_{tf}""]","[""ANY_AVAILABLE""]",[],[],no trusted frozen-engine lifecycle read and no imported+consumed SOURCE_EXACT contract,False,False,True,4fc946b596d2095932637bc191f64c85d4bcd7d107c4598f7f20a2e00c447cf8
VOL_SPIKE_MIN_ALIGNMENT,UNCONNECTED,False,False,BOTH,FILTER,,N/A_NOT_CONNECTED,N/A_NOT_CONNECTED,"[""relative_volume_{tf}"",""volume_{tf}""]","[""ANY_AVAILABLE""]",[],[],no trusted frozen-engine lifecycle read and no imported+consumed SOURCE_EXACT contract,False,False,True,4fc946b596d2095932637bc191f64c85d4bcd7d107c4598f7f20a2e00c447cf8
VOL_SPIKE_RELVOL_THRESHOLD,UNCONNECTED,False,False,BOTH,FILTER,,N/A_NOT_CONNECTED,N/A_NOT_CONNECTED,"[""relative_volume_{tf}"",""volume_{tf}""]","[""ANY_AVAILABLE""]",[],[],no trusted frozen-engine lifecycle read and no imported+consumed SOURCE_EXACT contract,False,False,True,4fc946b596d2095932637bc191f64c85d4bcd7d107c4598f7f20a2e00c447cf8
VOL_TARGET_FIELD,UNCONNECTED,False,False,BOTH,VOL_TARGET_FIELD,,N/A_NOT_CONNECTED,N/A_NOT_CONNECTED,"[""relative_volume_{tf}"",""volume_{tf}""]","[""ANY_AVAILABLE""]",[],[],no trusted frozen-engine lifecycle read and no imported+consumed SOURCE_EXACT contract,False,True,False,4fc946b596d2095932637bc191f64c85d4bcd7d107c4598f7f20a2e00c447cf8
VP_GATE_AUGMENT_GATE_ENABLED,UNCONNECTED,False,False,BOTH,AUGMENT,,N/A_NOT_CONNECTED,N/A_NOT_CONNECTED,"[""close_{tf}"",""high_{tf}"",""low_{tf}""]","[""ANY_AVAILABLE""]",[],[],no trusted frozen-engine lifecycle read and no imported+consumed SOURCE_EXACT contract,False,True,True,4fc946b596d2095932637bc191f64c85d4bcd7d107c4598f7f20a2e00c447cf8
VP_GATE_ENABLED,UNCONNECTED,False,False,BOTH,FILTER,,N/A_NOT_CONNECTED,N/A_NOT_CONNECTED,[],"[""ANY_AVAILABLE""]",[],[],no trusted frozen-engine lifecycle read and no imported+consumed SOURCE_EXACT contract,False,True,True,4fc946b596d2095932637bc191f64c85d4bcd7d107c4598f7f20a2e00c447cf8
VP_GATE_HEDGE_GATE_ENABLED,REJECTED_INERT,False,False,BOTH,VP_GATE_HEDGE,,N/A_NOT_CONNECTED,N/A_NOT_CONNECTED,[],"[""ANY_AVAILABLE""]",[],[],v12_exit_reduce_gap_batch6=REJECTED_NO_PERSISTED_CAUSAL_OUTPUT,False,True,True,4fc946b596d2095932637bc191f64c85d4bcd7d107c4598f7f20a2e00c447cf8
VP_GATE_MIN_DENSITY_Z,UNCONNECTED,False,False,BOTH,FILTER,,N/A_NOT_CONNECTED,N/A_NOT_CONNECTED,[],"[""ANY_AVAILABLE""]",[],[],no trusted frozen-engine lifecycle read and no imported+consumed SOURCE_EXACT contract,False,False,True,4fc946b596d2095932637bc191f64c85d4bcd7d107c4598f7f20a2e00c447cf8
VP_GATE_MIN_DISTANCE_PCT,UNCONNECTED,False,False,BOTH,FILTER,,N/A_NOT_CONNECTED,N/A_NOT_CONNECTED,[],"[""ANY_AVAILABLE""]",[],[],no trusted frozen-engine lifecycle read and no imported+consumed SOURCE_EXACT contract,False,False,True,4fc946b596d2095932637bc191f64c85d4bcd7d107c4598f7f20a2e00c447cf8
VP_GATE_STALE_MAX_SEC,UNCONNECTED,False,False,BOTH,FILTER,,N/A_NOT_CONNECTED,N/A_NOT_CONNECTED,[],"[""ANY_AVAILABLE""]",[],[],no trusted frozen-engine lifecycle read and no imported+consumed SOURCE_EXACT contract,False,False,True,4fc946b596d2095932637bc191f64c85d4bcd7d107c4598f7f20a2e00c447cf8
VWAP_SCORE_BONUS,UNCONNECTED,False,False,BOTH,VWAP_SCORE_BONUS,,N/A_NOT_CONNECTED,N/A_NOT_CONNECTED,"[""vwap_{tf}""]","[""ANY_AVAILABLE""]",[],[],no trusted frozen-engine lifecycle read and no imported+consumed SOURCE_EXACT contract,False,False,False,4fc946b596d2095932637bc191f64c85d4bcd7d107c4598f7f20a2e00c447cf8
WT15M_AGAINST_FORCE_HEDGE_COOLDOWN_SEC,CONNECTED_BOTH,True,True,BOTH,WT15M_AGAINST_FORCE,EXIT|HEDGE|STOP,native=3m;required=15m|1h|4h,native=5m;required=15m|1h|4h,"[""wt1_{tf}"",""wt2_{tf}""]","[""ANY_AVAILABLE""]",[],"[""v12_exit_reduce_gap_batch3:data/reports/V12_EXIT_REDUCE_STOP_GAP_BATCH3_CONTRACT.csv""]",trusted direct lifecycle read and/or imported+consumed SOURCE_EXACT contract applies to both venues,False,False,True,4fc946b596d2095932637bc191f64c85d4bcd7d107c4598f7f20a2e00c447cf8
WT15M_AGAINST_FORCE_HEDGE_ENABLED,CONNECTED_BOTH,True,True,BOTH,WT15M_AGAINST_FORCE,EXIT|HEDGE|STOP,native=3m;required=15m|1h|4h,native=5m;required=15m|1h|4h,"[""wt1_{tf}"",""wt2_{tf}""]","[""ANY_AVAILABLE""]",[],"[""v12_exit_reduce_gap_batch3:data/reports/V12_EXIT_REDUCE_STOP_GAP_BATCH3_CONTRACT.csv""]",trusted direct lifecycle read and/or imported+consumed SOURCE_EXACT contract applies to both venues,False,True,True,4fc946b596d2095932637bc191f64c85d4bcd7d107c4598f7f20a2e00c447cf8
WT15M_AGAINST_PENALTY,UNCONNECTED,False,False,BOTH,GLOBAL,,N/A_NOT_CONNECTED,N/A_NOT_CONNECTED,"[""wt1_{tf}"",""wt2_{tf}""]","[""ANY_AVAILABLE""]",[],[],no trusted frozen-engine lifecycle read and no imported+consumed SOURCE_EXACT contract,False,False,True,4fc946b596d2095932637bc191f64c85d4bcd7d107c4598f7f20a2e00c447cf8
WT_15M_BOUNCE_OPEN_ENABLED,CONNECTED_BOTH,True,True,BOTH,ENTRY,ENTRY|REENTRY,native=3m;required=15m,native=5m;required=15m,"[""close_15m"",""high_15m"",""low_15m"",""wt1_15m"",""wt2_15m""]","[""15m""]","[""v12_quick_engine.py:6587:_exact_entry_contract_masks""]",[],trusted direct lifecycle read and/or imported+consumed SOURCE_EXACT contract applies to both venues,False,True,True,4fc946b596d2095932637bc191f64c85d4bcd7d107c4598f7f20a2e00c447cf8
WT_15M_CROSS_ENTRY_ENABLED,CONNECTED_BOTH,True,True,BOTH,ENTRY,ENTRY|REENTRY,native=3m;required=15m,native=5m;required=15m,"[""close_15m"",""high_15m"",""low_15m"",""wt1_15m"",""wt2_15m""]","[""15m""]","[""v12_quick_engine.py:6603:_exact_entry_contract_masks""]",[],trusted direct lifecycle read and/or imported+consumed SOURCE_EXACT contract applies to both venues,False,True,True,4fc946b596d2095932637bc191f64c85d4bcd7d107c4598f7f20a2e00c447cf8
WT_15M_SAME_HEDGE_COOLDOWN_SEC,DEFERRED,False,False,BOTH,WT_15M_SAME,,N/A_NOT_CONNECTED,N/A_NOT_CONNECTED,"[""wt1_15m"",""wt2_15m""]","[""15m""]",[],[],v12_exit_reduce_gap_batch8=SOURCE_EXACT_NOT_INTEGRATED,False,False,True,4fc946b596d2095932637bc191f64c85d4bcd7d107c4598f7f20a2e00c447cf8
WT_15M_SAME_HEDGE_DAILY_CAP,DEFERRED,False,False,BOTH,WT_15M_SAME,,N/A_NOT_CONNECTED,N/A_NOT_CONNECTED,"[""wt1_15m"",""wt2_15m""]","[""15m""]",[],[],v12_exit_reduce_gap_batch8=SOURCE_EXACT_NOT_INTEGRATED,False,False,True,4fc946b596d2095932637bc191f64c85d4bcd7d107c4598f7f20a2e00c447cf8
WT_3M_FORCE_OPEN_GR_GATE_ENABLED,DEFERRED,False,False,BOTH,ENTRY,,N/A_NOT_CONNECTED,N/A_NOT_CONNECTED,"[""close_3m"",""high_3m"",""low_3m"",""wt1_3m"",""wt2_3m""]","[""3m""]",[],[],blocked=PATTERN_ONLY_EXACT_ARRAY_BINDING_NOT_PROVEN;next_100_contract=NOT_INTEGRATED,False,True,True,4fc946b596d2095932637bc191f64c85d4bcd7d107c4598f7f20a2e00c447cf8
WT_3M_FORCE_OPEN_GR_MIN_IND_PER_TF,DEFERRED,False,False,BOTH,ENTRY,,N/A_NOT_CONNECTED,N/A_NOT_CONNECTED,"[""close_3m"",""high_3m"",""low_3m"",""wt1_3m"",""wt2_3m""]","[""3m""]",[],[],next_100_contract=NOT_INTEGRATED,False,False,True,4fc946b596d2095932637bc191f64c85d4bcd7d107c4598f7f20a2e00c447cf8
WT_3M_FORCE_OPEN_GR_MIN_TFS,DEFERRED,False,False,BOTH,ENTRY,,N/A_NOT_CONNECTED,N/A_NOT_CONNECTED,"[""close_3m"",""high_3m"",""low_3m"",""wt1_3m"",""wt2_3m""]","[""3m""]",[],[],next_100_contract=NOT_INTEGRATED,False,False,True,4fc946b596d2095932637bc191f64c85d4bcd7d107c4598f7f20a2e00c447cf8
WT_3M_FORCE_OPEN_GR_VOTE_MIN,DEFERRED,False,False,BOTH,ENTRY,,N/A_NOT_CONNECTED,N/A_NOT_CONNECTED,"[""close_3m"",""high_3m"",""low_3m"",""wt1_3m"",""wt2_3m""]","[""3m""]",[],[],next_100_contract=NOT_INTEGRATED,False,False,True,4fc946b596d2095932637bc191f64c85d4bcd7d107c4598f7f20a2e00c447cf8
WT_3M_FORCE_OPEN_REQUIRE_HH_CROSS,DEFERRED,False,False,BOTH,ENTRY,,N/A_NOT_CONNECTED,N/A_NOT_CONNECTED,"[""close_3m"",""high_3m"",""low_3m"",""wt1_3m"",""wt2_3m""]","[""3m""]",[],[],next_100_contract=NOT_INTEGRATED,False,False,True,4fc946b596d2095932637bc191f64c85d4bcd7d107c4598f7f20a2e00c447cf8
WT_3M_FORCE_OPEN_SMA_PCT,DEFERRED,False,False,BOTH,ENTRY,,N/A_NOT_CONNECTED,N/A_NOT_CONNECTED,"[""close_3m"",""high_3m"",""low_3m"",""sma_{period}_3m"",""wt1_3m"",""wt2_3m""]","[""3m""]",[],[],next_100_contract=NOT_INTEGRATED,False,True,True,4fc946b596d2095932637bc191f64c85d4bcd7d107c4598f7f20a2e00c447cf8
WT_3M_OPEN_GATE_ENABLED,DEFERRED,False,False,BOTH,WT_3M_OPEN,,N/A_NOT_CONNECTED,N/A_NOT_CONNECTED,"[""close_3m"",""high_3m"",""low_3m"",""wt1_3m"",""wt2_3m""]","[""3m""]",[],[],blocked=PATTERN_ONLY_EXACT_ARRAY_BINDING_NOT_PROVEN;next_100_contract=NOT_INTEGRATED,False,True,False,4fc946b596d2095932637bc191f64c85d4bcd7d107c4598f7f20a2e00c447cf8
WT_4H_VEL_EXIT_ENABLED,CONNECTED_CRYPTO,True,False,BOTH,EXIT,EXIT,native=3m;required=3m|15m|4h,N/A_NOT_CONNECTED,"[""close_4h"",""high_4h"",""low_4h"",""wt1_4h"",""wt2_4h""]","[""4h""]",[],"[""v12_exit_reduce_gap_batch:data/reports/V12_EXIT_REDUCE_GAP_BATCH_CONTRACT.csv""]",trusted causal route is crypto-native/source-scoped; no Tradier connection credit,False,True,True,4fc946b596d2095932637bc191f64c85d4bcd7d107c4598f7f20a2e00c447cf8
WT_4H_VEL_EXIT_K_EXTREME_HIGH,CONNECTED_CRYPTO,True,False,BOTH,EXIT,EXIT,native=3m;required=3m|15m|4h,N/A_NOT_CONNECTED,"[""close_4h"",""high_4h"",""low_4h"",""wt1_4h"",""wt2_4h""]","[""4h""]",[],"[""v12_exit_reduce_gap_batch:data/reports/V12_EXIT_REDUCE_GAP_BATCH_CONTRACT.csv""]",trusted causal route is crypto-native/source-scoped; no Tradier connection credit,False,False,True,4fc946b596d2095932637bc191f64c85d4bcd7d107c4598f7f20a2e00c447cf8
WT_4H_VEL_EXIT_K_EXTREME_LOW,CONNECTED_CRYPTO,True,False,BOTH,EXIT,EXIT,native=3m;required=3m|15m|4h,N/A_NOT_CONNECTED,"[""close_4h"",""high_4h"",""low_4h"",""wt1_4h"",""wt2_4h""]","[""4h""]",[],"[""v12_exit_reduce_gap_batch:data/reports/V12_EXIT_REDUCE_GAP_BATCH_CONTRACT.csv""]",trusted causal route is crypto-native/source-scoped; no Tradier connection credit,False,False,True,4fc946b596d2095932637bc191f64c85d4bcd7d107c4598f7f20a2e00c447cf8
WT_4H_VEL_EXIT_LONG_VEL_MIN,CONNECTED_CRYPTO,True,False,BOTH,WT_4H_VEL,EXIT|STOP,native=3m;required=3m|15m|4h,N/A_NOT_CONNECTED,"[""close_4h"",""high_4h"",""low_4h"",""wt1_4h"",""wt2_4h""]","[""4h""]",[],"[""v12_exit_reduce_gap_batch5:data/reports/V12_EXIT_REDUCE_STOP_GAP_BATCH5_CONTRACT.csv""]",trusted causal route is crypto-native/source-scoped; no Tradier connection credit,False,False,True,4fc946b596d2095932637bc191f64c85d4bcd7d107c4598f7f20a2e00c447cf8
WT_4H_VEL_EXIT_REQUIRE_K_EXTREME,CONNECTED_CRYPTO,True,False,BOTH,EXIT,EXIT,native=3m;required=3m|15m|4h,N/A_NOT_CONNECTED,"[""close_4h"",""high_4h"",""low_4h"",""wt1_4h"",""wt2_4h""]","[""4h""]",[],"[""v12_exit_reduce_gap_batch:data/reports/V12_EXIT_REDUCE_GAP_BATCH_CONTRACT.csv""]",trusted causal route is crypto-native/source-scoped; no Tradier connection credit,False,False,True,4fc946b596d2095932637bc191f64c85d4bcd7d107c4598f7f20a2e00c447cf8
WT_4H_VEL_EXIT_REQUIRE_PROFIT,CONNECTED_CRYPTO,True,False,BOTH,EXIT,EXIT,native=3m;required=3m|15m|4h,N/A_NOT_CONNECTED,"[""close_4h"",""high_4h"",""low_4h"",""wt1_4h"",""wt2_4h""]","[""4h""]",[],"[""v12_exit_reduce_gap_batch:data/reports/V12_EXIT_REDUCE_GAP_BATCH_CONTRACT.csv""]",trusted causal route is crypto-native/source-scoped; no Tradier connection credit,False,False,True,4fc946b596d2095932637bc191f64c85d4bcd7d107c4598f7f20a2e00c447cf8
WT_4H_VEL_EXIT_SHORT_VEL_MIN,CONNECTED_CRYPTO,True,False,BOTH,WT_4H_VEL,EXIT|STOP,native=3m;required=3m|15m|4h,N/A_NOT_CONNECTED,"[""close_4h"",""high_4h"",""low_4h"",""wt1_4h"",""wt2_4h""]","[""4h""]",[],"[""v12_exit_reduce_gap_batch5:data/reports/V12_EXIT_REDUCE_STOP_GAP_BATCH5_CONTRACT.csv""]",trusted causal route is crypto-native/source-scoped; no Tradier connection credit,False,False,True,4fc946b596d2095932637bc191f64c85d4bcd7d107c4598f7f20a2e00c447cf8
WT_4H_VEL_MANDATORY_REENTRY_ENABLED,UNCONNECTED,False,False,BOTH,REENTRY,,N/A_NOT_CONNECTED,N/A_NOT_CONNECTED,"[""close_4h"",""high_4h"",""low_4h"",""wt1_4h"",""wt2_4h""]","[""4h""]",[],[],no trusted frozen-engine lifecycle read and no imported+consumed SOURCE_EXACT contract,False,True,True,4fc946b596d2095932637bc191f64c85d4bcd7d107c4598f7f20a2e00c447cf8
WT_ACCEL_GATE_ENABLED,UNCONNECTED,False,False,BOTH,WT_ACCEL_GATE,,N/A_NOT_CONNECTED,N/A_NOT_CONNECTED,"[""wt1_{tf}"",""wt2_{tf}""]","[""ANY_AVAILABLE""]",[],[],no trusted frozen-engine lifecycle read and no imported+consumed SOURCE_EXACT contract,False,False,False,4fc946b596d2095932637bc191f64c85d4bcd7d107c4598f7f20a2e00c447cf8
WT_ACCEL_GATE_TF,UNCONNECTED,False,False,BOTH,WT_ACCEL_GATE,,N/A_NOT_CONNECTED,N/A_NOT_CONNECTED,"[""wt1_{tf}"",""wt2_{tf}""]","[""ANY_AVAILABLE""]",[],[],no trusted frozen-engine lifecycle read and no imported+consumed SOURCE_EXACT contract,False,False,False,4fc946b596d2095932637bc191f64c85d4bcd7d107c4598f7f20a2e00c447cf8
WT_AVG_D,UNCONNECTED,False,False,BOTH,WT_AVG_D,,N/A_NOT_CONNECTED,N/A_NOT_CONNECTED,"[""wt1_D"",""wt2_D""]","[""D""]",[],[],no trusted frozen-engine lifecycle read and no imported+consumed SOURCE_EXACT contract,False,False,False,4fc946b596d2095932637bc191f64c85d4bcd7d107c4598f7f20a2e00c447cf8
WT_BOTTOM_CROSS_GATE_ENABLED,UNCONNECTED,False,False,BOTH,ENTRY,,N/A_NOT_CONNECTED,N/A_NOT_CONNECTED,"[""close_{tf}"",""high_{tf}"",""low_{tf}"",""wt1_{tf}"",""wt2_{tf}""]","[""ANY_AVAILABLE""]",[],[],no trusted frozen-engine lifecycle read and no imported+consumed SOURCE_EXACT contract,False,True,True,4fc946b596d2095932637bc191f64c85d4bcd7d107c4598f7f20a2e00c447cf8
WT_CHAN_D,UNCONNECTED,False,False,BOTH,WT_CHAN_D,,N/A_NOT_CONNECTED,N/A_NOT_CONNECTED,"[""wt1_D"",""wt2_D""]","[""D""]",[],[],no trusted frozen-engine lifecycle read and no imported+consumed SOURCE_EXACT contract,False,False,False,4fc946b596d2095932637bc191f64c85d4bcd7d107c4598f7f20a2e00c447cf8
WT_CHOP_GATE_ENABLED,CONNECTED_CRYPTO,True,False,BOTH,FILTER,ENTRY|REENTRY,native=3m,N/A_NOT_CONNECTED,"[""wt1_{tf}"",""wt2_{tf}""]","[""ANY_AVAILABLE""]","[""v12_quick_engine.py:6748:_exact_crypto_wt_entry_contract""]",[],trusted causal route is crypto-native/source-scoped; no Tradier connection credit,False,True,True,4fc946b596d2095932637bc191f64c85d4bcd7d107c4598f7f20a2e00c447cf8
WT_CHOP_MAX,CONNECTED_CRYPTO,True,False,BOTH,GLOBAL,ENTRY|REENTRY,native=3m,N/A_NOT_CONNECTED,"[""wt1_{tf}"",""wt2_{tf}""]","[""ANY_AVAILABLE""]","[""v12_quick_engine.py:6754:_exact_crypto_wt_entry_contract""]",[],trusted causal route is crypto-native/source-scoped; no Tradier connection credit,False,False,True,4fc946b596d2095932637bc191f64c85d4bcd7d107c4598f7f20a2e00c447cf8
WT_COMPOSITE_DELTA_GATE_ENABLED,CONNECTED_CRYPTO,True,False,BOTH,FILTER,ENTRY|REENTRY,native=3m,N/A_NOT_CONNECTED,"[""wt1_{tf}"",""wt2_{tf}""]","[""ANY_AVAILABLE""]","[""v12_quick_engine.py:6758:_exact_crypto_wt_entry_contract""]",[],trusted causal route is crypto-native/source-scoped; no Tradier connection credit,False,True,True,4fc946b596d2095932637bc191f64c85d4bcd7d107c4598f7f20a2e00c447cf8
WT_COMPOSITE_DELTA_LONG_MIN,CONNECTED_CRYPTO,True,False,BOTH,GLOBAL,ENTRY|REENTRY,native=3m,N/A_NOT_CONNECTED,"[""wt1_{tf}"",""wt2_{tf}""]","[""ANY_AVAILABLE""]","[""v12_quick_engine.py:6760:_exact_crypto_wt_entry_contract""]",[],trusted causal route is crypto-native/source-scoped; no Tradier connection credit,False,False,True,4fc946b596d2095932637bc191f64c85d4bcd7d107c4598f7f20a2e00c447cf8
WT_COMPOSITE_DELTA_SCORE_BONUS,CONNECTED_CRYPTO,True,False,BOTH,GLOBAL,ENTRY|REENTRY,native=3m,N/A_NOT_CONNECTED,"[""wt1_{tf}"",""wt2_{tf}""]","[""ANY_AVAILABLE""]","[""v12_quick_engine.py:6833:_exact_crypto_wt_entry_contract""]",[],trusted causal route is crypto-native/source-scoped; no Tradier connection credit,False,False,True,4fc946b596d2095932637bc191f64c85d4bcd7d107c4598f7f20a2e00c447cf8
WT_COMPOSITE_DELTA_SCORE_ENABLED,CONNECTED_CRYPTO,True,False,BOTH,GLOBAL,ENTRY|REENTRY,native=3m,N/A_NOT_CONNECTED,"[""wt1_{tf}"",""wt2_{tf}""]","[""ANY_AVAILABLE""]","[""v12_quick_engine.py:6829:_exact_crypto_wt_entry_contract""]",[],trusted causal route is crypto-native/source-scoped; no Tradier connection credit,False,True,True,4fc946b596d2095932637bc191f64c85d4bcd7d107c4598f7f20a2e00c447cf8
WT_COMPOSITE_DELTA_SCORE_THRESHOLD,CONNECTED_CRYPTO,True,False,BOTH,FILTER,ENTRY|REENTRY,native=3m,N/A_NOT_CONNECTED,"[""wt1_{tf}"",""wt2_{tf}""]","[""ANY_AVAILABLE""]","[""v12_quick_engine.py:6830:_exact_crypto_wt_entry_contract""]",[],trusted causal route is crypto-native/source-scoped; no Tradier connection credit,False,False,True,4fc946b596d2095932637bc191f64c85d4bcd7d107c4598f7f20a2e00c447cf8
WT_COMPOSITE_DELTA_SHORT_MAX,CONNECTED_CRYPTO,True,False,BOTH,GLOBAL,ENTRY|REENTRY,native=3m,N/A_NOT_CONNECTED,"[""wt1_{tf}"",""wt2_{tf}""]","[""ANY_AVAILABLE""]","[""v12_quick_engine.py:6762:_exact_crypto_wt_entry_contract""]",[],trusted causal route is crypto-native/source-scoped; no Tradier connection credit,False,False,True,4fc946b596d2095932637bc191f64c85d4bcd7d107c4598f7f20a2e00c447cf8
WT_COMPOSITE_ENTRY_BLOCK,CONNECTED_CRYPTO,True,False,BOTH,ENTRY,ENTRY|REENTRY,native=3m,N/A_NOT_CONNECTED,"[""close_{tf}"",""high_{tf}"",""low_{tf}"",""wt1_{tf}"",""wt2_{tf}""]","[""ANY_AVAILABLE""]","[""v12_quick_engine.py:6803:_exact_crypto_wt_entry_contract""]",[],trusted causal route is crypto-native/source-scoped; no Tradier connection credit,False,False,True,4fc946b596d2095932637bc191f64c85d4bcd7d107c4598f7f20a2e00c447cf8
WT_COMPOSITE_ENTRY_GOOD,CONNECTED_CRYPTO,True,False,BOTH,ENTRY,ENTRY|REENTRY,native=3m,N/A_NOT_CONNECTED,"[""close_{tf}"",""high_{tf}"",""low_{tf}"",""wt1_{tf}"",""wt2_{tf}""]","[""ANY_AVAILABLE""]","[""v12_quick_engine.py:6807:_exact_crypto_wt_entry_contract""]",[],trusted causal route is crypto-native/source-scoped; no Tradier connection credit,False,False,True,4fc946b596d2095932637bc191f64c85d4bcd7d107c4598f7f20a2e00c447cf8
WT_COMPOSITE_ENTRY_OK,CONNECTED_CRYPTO,True,False,BOTH,ENTRY,ENTRY|REENTRY,native=3m,N/A_NOT_CONNECTED,"[""close_{tf}"",""high_{tf}"",""low_{tf}"",""wt1_{tf}"",""wt2_{tf}""]","[""ANY_AVAILABLE""]","[""v12_quick_engine.py:6808:_exact_crypto_wt_entry_contract""]",[],trusted causal route is crypto-native/source-scoped; no Tradier connection credit,False,False,True,4fc946b596d2095932637bc191f64c85d4bcd7d107c4598f7f20a2e00c447cf8
WT_COMPOSITE_ENTRY_STRONG,CONNECTED_CRYPTO,True,False,BOTH,ENTRY,ENTRY|REENTRY,native=3m,N/A_NOT_CONNECTED,"[""close_{tf}"",""high_{tf}"",""low_{tf}"",""wt1_{tf}"",""wt2_{tf}""]","[""ANY_AVAILABLE""]","[""v12_quick_engine.py:6805:_exact_crypto_wt_entry_contract""]",[],trusted causal route is crypto-native/source-scoped; no Tradier connection credit,False,False,True,4fc946b596d2095932637bc191f64c85d4bcd7d107c4598f7f20a2e00c447cf8
WT_COMPOSITE_HTF_GATE,CONNECTED_CRYPTO,True,False,BOTH,FILTER,ENTRY|REENTRY,native=3m,N/A_NOT_CONNECTED,"[""wt1_{tf}"",""wt2_{tf}""]","[""ANY_AVAILABLE""]","[""v12_quick_engine.py:6802:_exact_crypto_wt_entry_contract""]",[],trusted causal route is crypto-native/source-scoped; no Tradier connection credit,False,False,True,4fc946b596d2095932637bc191f64c85d4bcd7d107c4598f7f20a2e00c447cf8
WT_COMPOSITE_LONG_MIN,UNCONNECTED,False,False,BOTH,WT_COMPOSITE_LONG,,N/A_NOT_CONNECTED,N/A_NOT_CONNECTED,"[""wt1_{tf}"",""wt2_{tf}""]","[""ANY_AVAILABLE""]",[],[],no trusted frozen-engine lifecycle read and no imported+consumed SOURCE_EXACT contract,False,False,False,4fc946b596d2095932637bc191f64c85d4bcd7d107c4598f7f20a2e00c447cf8
WT_COMPOSITE_SCORING_ENABLED,CONNECTED_BOTH,True,True,BOTH,GLOBAL,ENTRY|REENTRY,native=3m,native=5m,"[""wt1_{tf}"",""wt2_{tf}""]","[""ANY_AVAILABLE""]","[""v12_quick_engine.py:6540:_tradier_signal_score_family"",""v12_quick_engine.py:6799:_exact_crypto_wt_entry_contract""]",[],trusted direct lifecycle read and/or imported+consumed SOURCE_EXACT contract applies to both venues,True,True,True,4fc946b596d2095932637bc191f64c85d4bcd7d107c4598f7f20a2e00c447cf8
WT_COMPOSITE_SHORT_MIN,UNCONNECTED,False,False,BOTH,WT_COMPOSITE_SHORT,,N/A_NOT_CONNECTED,N/A_NOT_CONNECTED,"[""wt1_{tf}"",""wt2_{tf}""]","[""ANY_AVAILABLE""]",[],[],no trusted frozen-engine lifecycle read and no imported+consumed SOURCE_EXACT contract,False,False,False,4fc946b596d2095932637bc191f64c85d4bcd7d107c4598f7f20a2e00c447cf8
WT_CROSSUNDER_FINAL_COOLDOWN_S,UNCONNECTED,False,False,BOTH,WT_CROSSUNDER_FINAL,,N/A_NOT_CONNECTED,N/A_NOT_CONNECTED,"[""wt1_{tf}"",""wt2_{tf}""]","[""ANY_AVAILABLE""]",[],[],no trusted frozen-engine lifecycle read and no imported+consumed SOURCE_EXACT contract,False,True,False,4fc946b596d2095932637bc191f64c85d4bcd7d107c4598f7f20a2e00c447cf8
WT_CROSSUNDER_FINAL_FILTER_TF,UNCONNECTED,False,False,BOTH,VEC_WT_CROSSUNDER_FINAL,,N/A_NOT_CONNECTED,N/A_NOT_CONNECTED,"[""wt1_15m"",""wt1_1h"",""wt1_1m"",""wt1_3m"",""wt1_4h"",""wt1_D"",""wt2_15m"",""wt2_1h"",""wt2_1m"",""wt2_3m"",""wt2_4h"",""wt2_D""]","[""1m"",""3m"",""15m"",""1h"",""4h"",""D""]",[],[],no trusted frozen-engine lifecycle read and no imported+consumed SOURCE_EXACT contract,False,False,False,4fc946b596d2095932637bc191f64c85d4bcd7d107c4598f7f20a2e00c447cf8
WT_CROSSUNDER_FINAL_MIN_TFS,UNCONNECTED,False,False,BOTH,VEC_WT_CROSSUNDER_FINAL,,N/A_NOT_CONNECTED,N/A_NOT_CONNECTED,"[""wt1_{tf}"",""wt2_{tf}""]","[""ANY_AVAILABLE""]",[],[],no trusted frozen-engine lifecycle read and no imported+consumed SOURCE_EXACT contract,False,False,False,4fc946b596d2095932637bc191f64c85d4bcd7d107c4598f7f20a2e00c447cf8
WT_CROSSUNDER_REFINED_BYPASS_ENABLED,DEFERRED,False,False,BOTH,ENTRY,,N/A_NOT_CONNECTED,N/A_NOT_CONNECTED,"[""close_{tf}"",""high_{tf}"",""low_{tf}"",""wt1_{tf}"",""wt2_{tf}""]","[""ANY_AVAILABLE""]",[],[],next_100_contract=NOT_INTEGRATED,False,True,True,4fc946b596d2095932637bc191f64c85d4bcd7d107c4598f7f20a2e00c447cf8
WT_CROSS_ENABLED,UNCONNECTED,False,False,BOTH,WT_CROSS_ENABLED,,N/A_NOT_CONNECTED,N/A_NOT_CONNECTED,"[""wt1_{tf}"",""wt2_{tf}""]","[""ANY_AVAILABLE""]",[],[],no trusted frozen-engine lifecycle read and no imported+consumed SOURCE_EXACT contract,False,False,False,4fc946b596d2095932637bc191f64c85d4bcd7d107c4598f7f20a2e00c447cf8
WT_CROSS_EXIT_APPLIES_TO_LOSERS,REJECTED_INERT,False,False,BOTH,REDUCE,,N/A_NOT_CONNECTED,N/A_NOT_CONNECTED,"[""close_{tf}"",""high_{tf}"",""low_{tf}"",""wt1_{tf}"",""wt2_{tf}""]","[""ANY_AVAILABLE""]",[],[],v12_exit_reduce_gap_batch=REJECTED_SOURCE_INERT,False,False,True,4fc946b596d2095932637bc191f64c85d4bcd7d107c4598f7f20a2e00c447cf8
WT_CROSS_EXIT_APPLIES_TO_WINNERS,CONNECTED_CRYPTO,True,False,BOTH,REDUCE,REDUCE,native=3m;required=3m|15m|1h,N/A_NOT_CONNECTED,"[""close_{tf}"",""high_{tf}"",""low_{tf}"",""wt1_{tf}"",""wt2_{tf}""]","[""ANY_AVAILABLE""]",[],"[""v12_exit_reduce_gap_batch:data/reports/V12_EXIT_REDUCE_GAP_BATCH_CONTRACT.csv""]",trusted causal route is crypto-native/source-scoped; no Tradier connection credit,False,False,True,4fc946b596d2095932637bc191f64c85d4bcd7d107c4598f7f20a2e00c447cf8
WT_CROSS_EXIT_ENABLED,CONNECTED_CRYPTO,True,False,BOTH,EXIT,EXIT,native=3m;required=3m|15m|1h,N/A_NOT_CONNECTED,"[""close_{tf}"",""high_{tf}"",""low_{tf}"",""wt1_{tf}"",""wt2_{tf}""]","[""ANY_AVAILABLE""]",[],"[""v12_exit_reduce_gap_batch:data/reports/V12_EXIT_REDUCE_GAP_BATCH_CONTRACT.csv""]",trusted causal route is crypto-native/source-scoped; no Tradier connection credit,False,True,True,4fc946b596d2095932637bc191f64c85d4bcd7d107c4598f7f20a2e00c447cf8
WT_CROSS_EXIT_MIN_AGE_MINUTES,CONNECTED_CRYPTO,True,False,BOTH,EXIT,EXIT,native=3m;required=3m|15m|1h,N/A_NOT_CONNECTED,"[""close_{tf}"",""high_{tf}"",""low_{tf}"",""wt1_{tf}"",""wt2_{tf}""]","[""ANY_AVAILABLE""]",[],"[""v12_exit_reduce_gap_batch:data/reports/V12_EXIT_REDUCE_GAP_BATCH_CONTRACT.csv""]",trusted causal route is crypto-native/source-scoped; no Tradier connection credit,False,False,True,4fc946b596d2095932637bc191f64c85d4bcd7d107c4598f7f20a2e00c447cf8
WT_CROSS_EXIT_REQUIRE_15M_CONFIRM,CONNECTED_CRYPTO,True,False,BOTH,EXIT,EXIT,native=3m;required=3m|15m|1h,N/A_NOT_CONNECTED,"[""close_15m"",""high_15m"",""low_15m"",""wt1_15m"",""wt2_15m""]","[""15m""]",[],"[""v12_exit_reduce_gap_batch:data/reports/V12_EXIT_REDUCE_GAP_BATCH_CONTRACT.csv""]",trusted causal route is crypto-native/source-scoped; no Tradier connection credit,False,False,True,4fc946b596d2095932637bc191f64c85d4bcd7d107c4598f7f20a2e00c447cf8
WT_CROSS_LADDER_ENABLED,UNCONNECTED,False,False,BOTH,VEC_WT_CROSS_LADDER,,N/A_NOT_CONNECTED,N/A_NOT_CONNECTED,"[""wt1_{tf}"",""wt2_{tf}""]","[""ANY_AVAILABLE""]",[],[],no trusted frozen-engine lifecycle read and no imported+consumed SOURCE_EXACT contract,False,False,False,4fc946b596d2095932637bc191f64c85d4bcd7d107c4598f7f20a2e00c447cf8
WT_CROSS_LADDER_FILTER_TF,UNCONNECTED,False,False,BOTH,VEC_WT_CROSS_LADDER,,N/A_NOT_CONNECTED,N/A_NOT_CONNECTED,"[""wt1_15m"",""wt1_1h"",""wt1_1m"",""wt1_3m"",""wt1_4h"",""wt1_D"",""wt2_15m"",""wt2_1h"",""wt2_1m"",""wt2_3m"",""wt2_4h"",""wt2_D""]","[""1m"",""3m"",""15m"",""1h"",""4h"",""D""]",[],[],no trusted frozen-engine lifecycle read and no imported+consumed SOURCE_EXACT contract,False,False,False,4fc946b596d2095932637bc191f64c85d4bcd7d107c4598f7f20a2e00c447cf8
WT_CROSS_LADDER_MIN_TFS,UNCONNECTED,False,False,BOTH,VEC_WT_CROSS_LADDER,,N/A_NOT_CONNECTED,N/A_NOT_CONNECTED,"[""wt1_{tf}"",""wt2_{tf}""]","[""ANY_AVAILABLE""]",[],[],no trusted frozen-engine lifecycle read and no imported+consumed SOURCE_EXACT contract,False,False,False,4fc946b596d2095932637bc191f64c85d4bcd7d107c4598f7f20a2e00c447cf8
WT_CROSS_TF,UNCONNECTED,False,False,BOTH,WT_CROSS_TF,,N/A_NOT_CONNECTED,N/A_NOT_CONNECTED,"[""wt1_{tf}"",""wt2_{tf}""]","[""ANY_AVAILABLE""]",[],[],no trusted frozen-engine lifecycle read and no imported+consumed SOURCE_EXACT contract,False,False,False,4fc946b596d2095932637bc191f64c85d4bcd7d107c4598f7f20a2e00c447cf8
WT_DC_DIRECT_COMBINED_STOCH_GATE,UNCONNECTED,False,False,BOTH,WT_DC_DIRECT,,N/A_NOT_CONNECTED,N/A_NOT_CONNECTED,"[""dc_basis_{tf}"",""dc_high_{tf}"",""dc_low_{tf}"",""stoch_d_{tf}"",""stoch_k_{tf}"",""wt1_{tf}"",""wt2_{tf}""]","[""ANY_AVAILABLE""]",[],[],no trusted frozen-engine lifecycle read and no imported+consumed SOURCE_EXACT contract,False,False,True,4fc946b596d2095932637bc191f64c85d4bcd7d107c4598f7f20a2e00c447cf8
WT_DC_DIRECT_COMPLETED_ENABLED,UNCONNECTED,False,False,BOTH,WT_DC_DIRECT,,N/A_NOT_CONNECTED,N/A_NOT_CONNECTED,"[""dc_basis_{tf}"",""dc_high_{tf}"",""dc_low_{tf}"",""wt1_{tf}"",""wt2_{tf}""]","[""ANY_AVAILABLE""]",[],[],no trusted frozen-engine lifecycle read and no imported+consumed SOURCE_EXACT contract,False,True,True,4fc946b596d2095932637bc191f64c85d4bcd7d107c4598f7f20a2e00c447cf8
WT_DC_DIRECT_HTF_ALIGN_REQUIRED,UNCONNECTED,False,False,BOTH,WT_DC_DIRECT,,N/A_NOT_CONNECTED,N/A_NOT_CONNECTED,"[""dc_basis_{tf}"",""dc_high_{tf}"",""dc_low_{tf}"",""wt1_{tf}"",""wt2_{tf}""]","[""ANY_AVAILABLE""]",[],[],no trusted frozen-engine lifecycle read and no imported+consumed SOURCE_EXACT contract,False,False,True,4fc946b596d2095932637bc191f64c85d4bcd7d107c4598f7f20a2e00c447cf8
WT_DC_DIRECT_HTF_GATE,UNCONNECTED,False,False,BOTH,WT_DC_DIRECT,,N/A_NOT_CONNECTED,N/A_NOT_CONNECTED,"[""dc_basis_{tf}"",""dc_high_{tf}"",""dc_low_{tf}"",""wt1_{tf}"",""wt2_{tf}""]","[""ANY_AVAILABLE""]",[],[],no trusted frozen-engine lifecycle read and no imported+consumed SOURCE_EXACT contract,False,False,True,4fc946b596d2095932637bc191f64c85d4bcd7d107c4598f7f20a2e00c447cf8
WT_DC_ENTRY_ENABLED,DEFERRED,False,False,BOTH,ENTRY,,N/A_NOT_CONNECTED,N/A_NOT_CONNECTED,"[""close_{tf}"",""dc_basis_{tf}"",""dc_high_{tf}"",""dc_low_{tf}"",""high_{tf}"",""low_{tf}"",""wt1_{tf}"",""wt2_{tf}""]","[""ANY_AVAILABLE""]",[],[],next_100_contract=NOT_INTEGRATED,False,True,True,4fc946b596d2095932637bc191f64c85d4bcd7d107c4598f7f20a2e00c447cf8
WT_DC_ENTRY_FILTER_TF,UNCONNECTED,False,False,BOTH,VEC_WT_DC_ENTRY,,N/A_NOT_CONNECTED,N/A_NOT_CONNECTED,"[""close_15m"",""close_1h"",""close_1m"",""close_3m"",""close_4h"",""close_D"",""dc_basis_15m"",""dc_basis_1h"",""dc_basis_1m"",""dc_basis_3m"",""dc_basis_4h"",""dc_basis_D"",""dc_high_15m"",""dc_high_1h"",""dc_high_1m"",""dc_high_3m"",""dc_high_4h"",""dc_high_D"",""dc_low_15m"",""dc_low_1h"",""dc_low_1m"",""dc_low_3m"",""dc_low_4h"",""dc_low_D"",""high_15m"",""high_1h"",""high_1m"",""high_3m"",""high_4h"",""high_D"",""low_15m"",""low_1h"",""low_1m"",""low_3m"",""low_4h"",""low_D"",""wt1_15m"",""wt1_1h"",""wt1_1m"",""wt1_3m"",""wt1_4h"",""wt1_D"",""wt2_15m"",""wt2_1h"",""wt2_1m"",""wt2_3m"",""wt2_4h"",""wt2_D""]","[""1m"",""3m"",""15m"",""1h"",""4h"",""D""]",[],[],no trusted frozen-engine lifecycle read and no imported+consumed SOURCE_EXACT contract,False,False,False,4fc946b596d2095932637bc191f64c85d4bcd7d107c4598f7f20a2e00c447cf8
WT_DC_ENTRY_GATE_ENABLED,UNCONNECTED,False,False,BOTH,WT_DC_ENTRY,,N/A_NOT_CONNECTED,N/A_NOT_CONNECTED,"[""close_{tf}"",""dc_basis_{tf}"",""dc_high_{tf}"",""dc_low_{tf}"",""high_{tf}"",""low_{tf}"",""wt1_{tf}"",""wt2_{tf}""]","[""ANY_AVAILABLE""]",[],[],no trusted frozen-engine lifecycle read and no imported+consumed SOURCE_EXACT contract,False,False,False,4fc946b596d2095932637bc191f64c85d4bcd7d107c4598f7f20a2e00c447cf8
WT_DC_ENTRY_MIN_TFS,UNCONNECTED,False,False,BOTH,VEC_WT_DC_ENTRY,,N/A_NOT_CONNECTED,N/A_NOT_CONNECTED,"[""close_{tf}"",""dc_basis_{tf}"",""dc_high_{tf}"",""dc_low_{tf}"",""high_{tf}"",""low_{tf}"",""wt1_{tf}"",""wt2_{tf}""]","[""ANY_AVAILABLE""]",[],[],no trusted frozen-engine lifecycle read and no imported+consumed SOURCE_EXACT contract,False,False,False,4fc946b596d2095932637bc191f64c85d4bcd7d107c4598f7f20a2e00c447cf8
WT_DC_HTF_GATE_ENABLED,UNCONNECTED,False,False,BOTH,VEC_WT_DC_HTF_GATE,,N/A_NOT_CONNECTED,N/A_NOT_CONNECTED,"[""dc_basis_{tf}"",""dc_high_{tf}"",""dc_low_{tf}"",""wt1_{tf}"",""wt2_{tf}""]","[""ANY_AVAILABLE""]",[],[],no trusted frozen-engine lifecycle read and no imported+consumed SOURCE_EXACT contract,False,False,False,4fc946b596d2095932637bc191f64c85d4bcd7d107c4598f7f20a2e00c447cf8
WT_DC_HTF_GATE_FILTER_TF,UNCONNECTED,False,False,BOTH,VEC_WT_DC_HTF_GATE,,N/A_NOT_CONNECTED,N/A_NOT_CONNECTED,"[""dc_basis_15m"",""dc_basis_1h"",""dc_basis_1m"",""dc_basis_3m"",""dc_basis_4h"",""dc_basis_D"",""dc_high_15m"",""dc_high_1h"",""dc_high_1m"",""dc_high_3m"",""dc_high_4h"",""dc_high_D"",""dc_low_15m"",""dc_low_1h"",""dc_low_1m"",""dc_low_3m"",""dc_low_4h"",""dc_low_D"",""wt1_15m"",""wt1_1h"",""wt1_1m"",""wt1_3m"",""wt1_4h"",""wt1_D"",""wt2_15m"",""wt2_1h"",""wt2_1m"",""wt2_3m"",""wt2_4h"",""wt2_D""]","[""1m"",""3m"",""15m"",""1h"",""4h"",""D""]",[],[],no trusted frozen-engine lifecycle read and no imported+consumed SOURCE_EXACT contract,False,False,False,4fc946b596d2095932637bc191f64c85d4bcd7d107c4598f7f20a2e00c447cf8
WT_DC_HTF_GATE_MIN_TFS,UNCONNECTED,False,False,BOTH,VEC_WT_DC_HTF_GATE,,N/A_NOT_CONNECTED,N/A_NOT_CONNECTED,"[""dc_basis_{tf}"",""dc_high_{tf}"",""dc_low_{tf}"",""wt1_{tf}"",""wt2_{tf}""]","[""ANY_AVAILABLE""]",[],[],no trusted frozen-engine lifecycle read and no imported+consumed SOURCE_EXACT contract,False,False,False,4fc946b596d2095932637bc191f64c85d4bcd7d107c4598f7f20a2e00c447cf8
WT_DIV_ENTRY_GATE_ENABLED,CONNECTED_CRYPTO,True,False,BOTH,ENTRY,ENTRY|REENTRY,native=3m,N/A_NOT_CONNECTED,"[""close_{tf}"",""high_{tf}"",""low_{tf}"",""wt1_{tf}"",""wt2_{tf}""]","[""ANY_AVAILABLE""]","[""v12_quick_engine.py:6771:_exact_crypto_wt_entry_contract""]",[],trusted causal route is crypto-native/source-scoped; no Tradier connection credit,False,True,True,4fc946b596d2095932637bc191f64c85d4bcd7d107c4598f7f20a2e00c447cf8
WT_ENTRY_THRESHOLD,UNCONNECTED,False,False,BOTH,WT_ENTRY_THRESHOLD,,N/A_NOT_CONNECTED,N/A_NOT_CONNECTED,"[""wt1_{tf}"",""wt2_{tf}""]","[""ANY_AVAILABLE""]",[],[],no trusted frozen-engine lifecycle read and no imported+consumed SOURCE_EXACT contract,False,False,False,4fc946b596d2095932637bc191f64c85d4bcd7d107c4598f7f20a2e00c447cf8
WT_EXHAUST_ENTRY_GATE_ENABLED,CONNECTED_CRYPTO,True,False,BOTH,ENTRY,ENTRY|REENTRY,native=3m,N/A_NOT_CONNECTED,"[""close_{tf}"",""high_{tf}"",""low_{tf}"",""wt1_{tf}"",""wt2_{tf}""]","[""ANY_AVAILABLE""]","[""v12_quick_engine.py:6764:_exact_crypto_wt_entry_contract""]",[],trusted causal route is crypto-native/source-scoped; no Tradier connection credit,False,True,True,4fc946b596d2095932637bc191f64c85d4bcd7d107c4598f7f20a2e00c447cf8
WT_EXHAUST_EXIT_MIN_GAIN_PCT,CONNECTED_BOTH,True,True,BOTH,EXIT,EXIT,native=3m;required=15m|1h|4h,native=5m;required=15m|1h|4h,"[""close_{tf}"",""high_{tf}"",""low_{tf}"",""wt1_{tf}"",""wt2_{tf}""]","[""ANY_AVAILABLE""]",[],"[""v12_exit_reduce_gap_batch:data/reports/V12_EXIT_REDUCE_GAP_BATCH_CONTRACT.csv""]",trusted direct lifecycle read and/or imported+consumed SOURCE_EXACT contract applies to both venues,False,False,True,4fc946b596d2095932637bc191f64c85d4bcd7d107c4598f7f20a2e00c447cf8
WT_EXHAUST_EXIT_REQUIRE_GAIN,CONNECTED_BOTH,True,True,BOTH,EXIT,EXIT,native=3m;required=15m|1h|4h,native=5m;required=15m|1h|4h,"[""close_{tf}"",""high_{tf}"",""low_{tf}"",""wt1_{tf}"",""wt2_{tf}""]","[""ANY_AVAILABLE""]",[],"[""v12_exit_reduce_gap_batch:data/reports/V12_EXIT_REDUCE_GAP_BATCH_CONTRACT.csv""]",trusted direct lifecycle read and/or imported+consumed SOURCE_EXACT contract applies to both venues,False,False,True,4fc946b596d2095932637bc191f64c85d4bcd7d107c4598f7f20a2e00c447cf8
WT_EXITS_ENABLED,UNCONNECTED,False,False,BOTH,VEC_WT_EXITS,,N/A_NOT_CONNECTED,N/A_NOT_CONNECTED,"[""close_{tf}"",""high_{tf}"",""low_{tf}"",""wt1_{tf}"",""wt2_{tf}""]","[""ANY_AVAILABLE""]",[],[],no trusted frozen-engine lifecycle read and no imported+consumed SOURCE_EXACT contract,False,False,False,4fc946b596d2095932637bc191f64c85d4bcd7d107c4598f7f20a2e00c447cf8
WT_EXITS_FILTER_TF,UNCONNECTED,False,False,BOTH,VEC_WT_EXITS,,N/A_NOT_CONNECTED,N/A_NOT_CONNECTED,"[""close_15m"",""close_1h"",""close_1m"",""close_3m"",""close_4h"",""close_D"",""high_15m"",""high_1h"",""high_1m"",""high_3m"",""high_4h"",""high_D"",""low_15m"",""low_1h"",""low_1m"",""low_3m"",""low_4h"",""low_D"",""wt1_15m"",""wt1_1h"",""wt1_1m"",""wt1_3m"",""wt1_4h"",""wt1_D"",""wt2_15m"",""wt2_1h"",""wt2_1m"",""wt2_3m"",""wt2_4h"",""wt2_D""]","[""1m"",""3m"",""15m"",""1h"",""4h"",""D""]",[],[],no trusted frozen-engine lifecycle read and no imported+consumed SOURCE_EXACT contract,False,False,False,4fc946b596d2095932637bc191f64c85d4bcd7d107c4598f7f20a2e00c447cf8
WT_EXITS_MIN_TFS,UNCONNECTED,False,False,BOTH,VEC_WT_EXITS,,N/A_NOT_CONNECTED,N/A_NOT_CONNECTED,"[""close_{tf}"",""high_{tf}"",""low_{tf}"",""wt1_{tf}"",""wt2_{tf}""]","[""ANY_AVAILABLE""]",[],[],no trusted frozen-engine lifecycle read and no imported+consumed SOURCE_EXACT contract,False,False,False,4fc946b596d2095932637bc191f64c85d4bcd7d107c4598f7f20a2e00c447cf8
WT_EXIT_MIN_TFS_TRADIER,REJECTED_INERT,False,False,TRADIER,EXIT,,N/A_NOT_CONNECTED,N/A_NOT_CONNECTED,"[""close_{tf}"",""high_{tf}"",""low_{tf}"",""wt1_{tf}"",""wt2_{tf}""]","[""ANY_AVAILABLE""]",[],[],v12_exit_reduce_gap_batch4=REJECTED_ALIAS_SHADOWED,False,True,True,4fc946b596d2095932637bc191f64c85d4bcd7d107c4598f7f20a2e00c447cf8
WT_EXIT_TFS_TRADIER,REJECTED_INERT,False,False,TRADIER,EXIT,,N/A_NOT_CONNECTED,N/A_NOT_CONNECTED,"[""close_{tf}"",""high_{tf}"",""low_{tf}"",""wt1_{tf}"",""wt2_{tf}""]","[""ANY_AVAILABLE""]",[],[],v12_exit_reduce_gap_batch4=REJECTED_ALIAS_SHADOWED,False,True,True,4fc946b596d2095932637bc191f64c85d4bcd7d107c4598f7f20a2e00c447cf8
WT_EXIT_VELOCITY_TRADIER,VENUE_SPECIFIC_BY_SOURCE,False,False,TRADIER,WT_EXIT_VELOCITY,,N/A_NOT_CONNECTED,N/A_NOT_CONNECTED,"[""close_{tf}"",""high_{tf}"",""low_{tf}"",""wt1_{tf}"",""wt2_{tf}""]","[""ANY_AVAILABLE""]",[],[],source scope is TRADIER; no trusted frozen-engine causal integration,False,False,False,4fc946b596d2095932637bc191f64c85d4bcd7d107c4598f7f20a2e00c447cf8
WT_EXIT_VEL_THRESHOLD,UNCONNECTED,False,False,BOTH,EXIT,,N/A_NOT_CONNECTED,N/A_NOT_CONNECTED,"[""close_{tf}"",""high_{tf}"",""low_{tf}"",""wt1_{tf}"",""wt2_{tf}""]","[""ANY_AVAILABLE""]",[],[],no trusted frozen-engine lifecycle read and no imported+consumed SOURCE_EXACT contract,False,False,True,4fc946b596d2095932637bc191f64c85d4bcd7d107c4598f7f20a2e00c447cf8
WT_FORCE_OPEN_ENABLED,UNCONNECTED,False,False,BOTH,VEC_WT_FORCE_OPEN,,N/A_NOT_CONNECTED,N/A_NOT_CONNECTED,"[""close_{tf}"",""high_{tf}"",""low_{tf}"",""wt1_{tf}"",""wt2_{tf}""]","[""ANY_AVAILABLE""]",[],[],no trusted frozen-engine lifecycle read and no imported+consumed SOURCE_EXACT contract,False,False,False,4fc946b596d2095932637bc191f64c85d4bcd7d107c4598f7f20a2e00c447cf8
WT_FORCE_OPEN_FILTER_TF,UNCONNECTED,False,False,BOTH,VEC_WT_FORCE_OPEN,,N/A_NOT_CONNECTED,N/A_NOT_CONNECTED,"[""close_15m"",""close_1h"",""close_1m"",""close_3m"",""close_4h"",""close_D"",""high_15m"",""high_1h"",""high_1m"",""high_3m"",""high_4h"",""high_D"",""low_15m"",""low_1h"",""low_1m"",""low_3m"",""low_4h"",""low_D"",""wt1_15m"",""wt1_1h"",""wt1_1m"",""wt1_3m"",""wt1_4h"",""wt1_D"",""wt2_15m"",""wt2_1h"",""wt2_1m"",""wt2_3m"",""wt2_4h"",""wt2_D""]","[""1m"",""3m"",""15m"",""1h"",""4h"",""D""]",[],[],no trusted frozen-engine lifecycle read and no imported+consumed SOURCE_EXACT contract,False,False,False,4fc946b596d2095932637bc191f64c85d4bcd7d107c4598f7f20a2e00c447cf8
WT_FORCE_OPEN_MIN_TFS,UNCONNECTED,False,False,BOTH,VEC_WT_FORCE_OPEN,,N/A_NOT_CONNECTED,N/A_NOT_CONNECTED,"[""close_{tf}"",""high_{tf}"",""low_{tf}"",""wt1_{tf}"",""wt2_{tf}""]","[""ANY_AVAILABLE""]",[],[],no trusted frozen-engine lifecycle read and no imported+consumed SOURCE_EXACT contract,False,False,False,4fc946b596d2095932637bc191f64c85d4bcd7d107c4598f7f20a2e00c447cf8
WT_GATE_ENABLED,UNCONNECTED,False,False,BOTH,WT_GATE_ENABLED,,N/A_NOT_CONNECTED,N/A_NOT_CONNECTED,"[""wt1_{tf}"",""wt2_{tf}""]","[""ANY_AVAILABLE""]",[],[],no trusted frozen-engine lifecycle read and no imported+consumed SOURCE_EXACT contract,False,False,False,4fc946b596d2095932637bc191f64c85d4bcd7d107c4598f7f20a2e00c447cf8
WT_HTF_DISCOUNT_ENABLED,UNCONNECTED,False,False,BOTH,FILTER,,N/A_NOT_CONNECTED,N/A_NOT_CONNECTED,"[""wt1_{tf}"",""wt2_{tf}""]","[""ANY_AVAILABLE""]",[],[],no trusted frozen-engine lifecycle read and no imported+consumed SOURCE_EXACT contract,False,True,True,4fc946b596d2095932637bc191f64c85d4bcd7d107c4598f7f20a2e00c447cf8
WT_MTF_VEL_GATE_ENABLED,CONNECTED_CRYPTO,True,False,BOTH,FILTER,ENTRY|REENTRY,native=3m,N/A_NOT_CONNECTED,"[""wt1_{tf}"",""wt2_{tf}""]","[""ANY_AVAILABLE""]","[""v12_quick_engine.py:6740:_exact_crypto_wt_entry_contract""]",[],trusted causal route is crypto-native/source-scoped; no Tradier connection credit,False,True,True,4fc946b596d2095932637bc191f64c85d4bcd7d107c4598f7f20a2e00c447cf8
WT_MTF_VEL_MIN,CONNECTED_CRYPTO,True,False,BOTH,FILTER,ENTRY|REENTRY,native=3m,N/A_NOT_CONNECTED,"[""wt1_{tf}"",""wt2_{tf}""]","[""ANY_AVAILABLE""]","[""v12_quick_engine.py:6745:_exact_crypto_wt_entry_contract""]",[],trusted causal route is crypto-native/source-scoped; no Tradier connection credit,False,False,True,4fc946b596d2095932637bc191f64c85d4bcd7d107c4598f7f20a2e00c447cf8
WT_PERCENTILE_ENTRY_GATE_ENABLED,CONNECTED_BOTH,True,True,BOTH,ENTRY,ENTRY|REENTRY,native=3m,native=5m,"[""close_{tf}"",""high_{tf}"",""low_{tf}"",""wt1_{tf}"",""wt2_{tf}""]","[""ANY_AVAILABLE""]","[""v12_quick_engine.py:6646:_exact_entry_contract_masks""]",[],trusted direct lifecycle read and/or imported+consumed SOURCE_EXACT contract applies to both venues,False,True,True,4fc946b596d2095932637bc191f64c85d4bcd7d107c4598f7f20a2e00c447cf8
WT_PERCENTILE_ENTRY_OB_D,CONNECTED_BOTH,True,True,BOTH,ENTRY,ENTRY|REENTRY,native=3m;required=D,native=5m;required=D,"[""close_D"",""high_D"",""low_D"",""wt1_D"",""wt2_D""]","[""D""]","[""v12_quick_engine.py:6649:_exact_entry_contract_masks""]",[],trusted direct lifecycle read and/or imported+consumed SOURCE_EXACT contract applies to both venues,False,False,True,4fc946b596d2095932637bc191f64c85d4bcd7d107c4598f7f20a2e00c447cf8
WT_PERCENTILE_ENTRY_OS_D,CONNECTED_BOTH,True,True,BOTH,ENTRY,ENTRY|REENTRY,native=3m;required=D,native=5m;required=D,"[""close_D"",""high_D"",""low_D"",""wt1_D"",""wt2_D""]","[""D""]","[""v12_quick_engine.py:6651:_exact_entry_contract_masks""]",[],trusted direct lifecycle read and/or imported+consumed SOURCE_EXACT contract applies to both venues,False,False,True,4fc946b596d2095932637bc191f64c85d4bcd7d107c4598f7f20a2e00c447cf8
WT_PERCENTILE_EXIT_ENABLED,CONNECTED_BOTH,True,True,BOTH,EXIT,EXIT,native=3m;required=15m|4h|D,native=5m;required=15m|4h|D,"[""close_{tf}"",""high_{tf}"",""low_{tf}"",""wt1_{tf}"",""wt2_{tf}""]","[""ANY_AVAILABLE""]",[],"[""v12_exit_reduce_gap_batch:data/reports/V12_EXIT_REDUCE_GAP_BATCH_CONTRACT.csv""]",trusted direct lifecycle read and/or imported+consumed SOURCE_EXACT contract applies to both venues,False,True,True,4fc946b596d2095932637bc191f64c85d4bcd7d107c4598f7f20a2e00c447cf8
WT_PERCENTILE_EXIT_OB_4H,CONNECTED_BOTH,True,True,BOTH,EXIT,EXIT,native=3m;required=15m|4h|D,native=5m;required=15m|4h|D,"[""close_4h"",""high_4h"",""low_4h"",""wt1_4h"",""wt2_4h""]","[""4h""]",[],"[""v12_exit_reduce_gap_batch:data/reports/V12_EXIT_REDUCE_GAP_BATCH_CONTRACT.csv""]",trusted direct lifecycle read and/or imported+consumed SOURCE_EXACT contract applies to both venues,False,False,True,4fc946b596d2095932637bc191f64c85d4bcd7d107c4598f7f20a2e00c447cf8
WT_PERCENTILE_EXIT_OB_D,CONNECTED_BOTH,True,True,BOTH,EXIT,EXIT,native=3m;required=15m|4h|D,native=5m;required=15m|4h|D,"[""close_D"",""high_D"",""low_D"",""wt1_D"",""wt2_D""]","[""D""]",[],"[""v12_exit_reduce_gap_batch:data/reports/V12_EXIT_REDUCE_GAP_BATCH_CONTRACT.csv""]",trusted direct lifecycle read and/or imported+consumed SOURCE_EXACT contract applies to both venues,False,False,True,4fc946b596d2095932637bc191f64c85d4bcd7d107c4598f7f20a2e00c447cf8
WT_PERCENTILE_EXIT_OS_4H,CONNECTED_BOTH,True,True,BOTH,EXIT,EXIT,native=3m;required=15m|4h|D,native=5m;required=15m|4h|D,"[""close_4h"",""high_4h"",""low_4h"",""wt1_4h"",""wt2_4h""]","[""4h""]",[],"[""v12_exit_reduce_gap_batch:data/reports/V12_EXIT_REDUCE_GAP_BATCH_CONTRACT.csv""]",trusted direct lifecycle read and/or imported+consumed SOURCE_EXACT contract applies to both venues,False,False,True,4fc946b596d2095932637bc191f64c85d4bcd7d107c4598f7f20a2e00c447cf8
WT_PERCENTILE_EXIT_OS_D,CONNECTED_BOTH,True,True,BOTH,EXIT,EXIT,native=3m;required=15m|4h|D,native=5m;required=15m|4h|D,"[""close_D"",""high_D"",""low_D"",""wt1_D"",""wt2_D""]","[""D""]",[],"[""v12_exit_reduce_gap_batch:data/reports/V12_EXIT_REDUCE_GAP_BATCH_CONTRACT.csv""]",trusted direct lifecycle read and/or imported+consumed SOURCE_EXACT contract applies to both venues,False,False,True,4fc946b596d2095932637bc191f64c85d4bcd7d107c4598f7f20a2e00c447cf8
WT_REDUCE_FRAC_HIGH,CONNECTED_CRYPTO,True,False,BOTH,REDUCE,REDUCE,native=3m,N/A_NOT_CONNECTED,"[""close_{tf}"",""high_{tf}"",""low_{tf}"",""wt1_{tf}"",""wt2_{tf}""]","[""ANY_AVAILABLE""]",[],"[""v12_exit_reduce_gap_batch:data/reports/V12_EXIT_REDUCE_GAP_BATCH_CONTRACT.csv""]",trusted causal route is crypto-native/source-scoped; no Tradier connection credit,False,False,True,4fc946b596d2095932637bc191f64c85d4bcd7d107c4598f7f20a2e00c447cf8
WT_REDUCE_FRAC_LOW,CONNECTED_CRYPTO,True,False,BOTH,REDUCE,REDUCE,native=3m,N/A_NOT_CONNECTED,"[""close_{tf}"",""high_{tf}"",""low_{tf}"",""wt1_{tf}"",""wt2_{tf}""]","[""ANY_AVAILABLE""]",[],"[""v12_exit_reduce_gap_batch:data/reports/V12_EXIT_REDUCE_GAP_BATCH_CONTRACT.csv""]",trusted causal route is crypto-native/source-scoped; no Tradier connection credit,False,False,True,4fc946b596d2095932637bc191f64c85d4bcd7d107c4598f7f20a2e00c447cf8
WT_REDUCE_FRAC_MED,CONNECTED_CRYPTO,True,False,BOTH,REDUCE,REDUCE,native=3m,N/A_NOT_CONNECTED,"[""close_{tf}"",""high_{tf}"",""low_{tf}"",""wt1_{tf}"",""wt2_{tf}""]","[""ANY_AVAILABLE""]",[],"[""v12_exit_reduce_gap_batch:data/reports/V12_EXIT_REDUCE_GAP_BATCH_CONTRACT.csv""]",trusted causal route is crypto-native/source-scoped; no Tradier connection credit,False,False,True,4fc946b596d2095932637bc191f64c85d4bcd7d107c4598f7f20a2e00c447cf8
