sym_side,switch,value,status,gain_pct,bh_pct,delta_vs_bh,trades,tim_pct,max_dd_pct,error
BTCUSDC_SHORT,KINDERGARTEN_EMA_GATE_ENABLED,False,OK,0.0,2.771,-2.771,0,0.0,0.0,
BTCUSDC_SHORT,KINDERGARTEN_EMA_GATE_ENABLED,True,OK,0.0,2.771,-2.771,0,0.0,0.0,
BTCUSDC_SHORT,KINDERGARTEN_TF,1h,OK,0.0,2.771,-2.771,0,0.0,0.0,
BTCUSDC_SHORT,KINDERGARTEN_TF,3m,OK,0.0,2.771,-2.771,0,0.0,0.0,
BTCUSDC_SHORT,KINDERGARTEN_TF,15m,OK,0.0,2.771,-2.771,0,0.0,0.0,
BTCUSDC_SHORT,KINDERGARTEN_TF,4h,OK,0.0,2.771,-2.771,0,0.0,0.0,
BTCUSDC_SHORT,KINDERGARTEN_TF,D,OK,0.0,2.771,-2.771,0,0.0,0.0,
BTCUSDC_SHORT,KINDERGARTEN_CROSS_TYPE,ema9_21,OK,0.0,2.771,-2.771,0,0.0,0.0,
BTCUSDC_SHORT,KINDERGARTEN_CROSS_TYPE,ema_sma,OK,0.0,2.771,-2.771,0,0.0,0.0,
BTCUSDC_SHORT,KINDERGARTEN_CROSS_TYPE,ema200,OK,0.0,2.771,-2.771,0,0.0,0.0,
BTCUSDC_SHORT,EMA_9_21_FILTER_ENABLED,False,OK,0.0,2.771,-2.771,0,0.0,0.0,
BTCUSDC_SHORT,EMA_9_21_FILTER_ENABLED,True,OK,0.0,2.771,-2.771,0,0.0,0.0,
BTCUSDC_SHORT,GOLDEN_RULE_HTF_MIN_TFS,0,OK,0.0,2.771,-2.771,0,0.0,0.0,
BTCUSDC_SHORT,GOLDEN_RULE_HTF_MIN_TFS,1,OK,0.0,2.771,-2.771,0,0.0,0.0,
BTCUSDC_SHORT,GOLDEN_RULE_HTF_MIN_TFS,2,OK,0.0,2.771,-2.771,0,0.0,0.0,
BTCUSDC_SHORT,GOLDEN_RULE_HTF_MIN_TFS,3,OK,0.0,2.771,-2.771,0,0.0,0.0,
BTCUSDC_SHORT,GOLDEN_RULE_HTF_MIN_TFS,4,OK,0.0,2.771,-2.771,0,0.0,0.0,
BTCUSDC_SHORT,GOLDEN_RULE_HTF_MIN_TFS,5,OK,0.0,2.771,-2.771,0,0.0,0.0,
BTCUSDC_SHORT,GOLDEN_RULE_HTF_MIN_TFS,6,OK,0.0,2.771,-2.771,0,0.0,0.0,
BTCUSDC_SHORT,GOLDEN_RULE_MIN_IND,0,OK,0.0,2.771,-2.771,0,0.0,0.0,
BTCUSDC_SHORT,GOLDEN_RULE_MIN_IND,2,OK,0.0,2.771,-2.771,0,0.0,0.0,
BTCUSDC_SHORT,GOLDEN_RULE_MIN_IND,3,OK,0.0,2.771,-2.771,0,0.0,0.0,
BTCUSDC_SHORT,GOLDEN_RULE_MIN_IND,5,OK,0.0,2.771,-2.771,0,0.0,0.0,
BTCUSDC_SHORT,GOLDEN_RULE_MIN_IND,1,OK,0.0,2.771,-2.771,0,0.0,0.0,
BTCUSDC_SHORT,GOLDEN_RULE_MIN_IND,4,OK,0.0,2.771,-2.771,0,0.0,0.0,
BTCUSDC_SHORT,GOLDEN_RULE_MIN_IND,6,OK,0.0,2.771,-2.771,0,0.0,0.0,
BTCUSDC_SHORT,GOLDEN_RULE_MIN_IND,7,OK,0.0,2.771,-2.771,0,0.0,0.0,
BTCUSDC_SHORT,GOLDEN_RULE_MIN_IND,8,OK,0.0,2.771,-2.771,0,0.0,0.0,
BTCUSDC_SHORT,GOLDEN_RULE_MIN_IND,9,OK,0.0,2.771,-2.771,0,0.0,0.0,
BTCUSDC_SHORT,GOLDEN_RULE_MIN_IND,10,OK,0.0,2.771,-2.771,0,0.0,0.0,
BTCUSDC_SHORT,GOLDEN_RULE_MIN_IND,11,OK,0.0,2.771,-2.771,0,0.0,0.0,
BTCUSDC_SHORT,REENTRY_GR_MIN_TFS,2,OK,0.0,2.771,-2.771,0,0.0,0.0,
BTCUSDC_SHORT,REENTRY_GR_MIN_TFS,1,OK,0.0,2.771,-2.771,0,0.0,0.0,
BTCUSDC_SHORT,REENTRY_GR_MIN_TFS,3,OK,0.0,2.771,-2.771,0,0.0,0.0,
BTCUSDC_SHORT,REENTRY_GR_HLHH_MODE,OR,OK,0.0,2.771,-2.771,0,0.0,0.0,
BTCUSDC_SHORT,REENTRY_GR_HLHH_MODE,HH,OK,0.0,2.771,-2.771,0,0.0,0.0,
BTCUSDC_SHORT,REENTRY_GR_HLHH_MODE,HL,OK,0.0,2.771,-2.771,0,0.0,0.0,
BTCUSDC_SHORT,LH_HL_FILTER_ENABLED,False,OK,0.0,2.771,-2.771,0,0.0,0.0,
BTCUSDC_SHORT,LH_HL_FILTER_ENABLED,True,OK,0.0,2.771,-2.771,0,0.0,0.0,
BTCUSDC_SHORT,LH_HL_FILTER_TF_REQ,2,OK,0.0,2.771,-2.771,0,0.0,0.0,
BTCUSDC_SHORT,LH_HL_FILTER_TF_REQ,1,OK,0.0,2.771,-2.771,0,0.0,0.0,
BTCUSDC_SHORT,LH_HL_FILTER_TF_REQ,3,OK,0.0,2.771,-2.771,0,0.0,0.0,
BTCUSDC_SHORT,LH_HL_FILTER_MODE,STRICT_2BAR,OK,0.0,2.771,-2.771,0,0.0,0.0,
BTCUSDC_SHORT,LH_HL_FILTER_MODE,DC_REGRESS,OK,0.0,2.771,-2.771,0,0.0,0.0,
BTCUSDC_SHORT,WT_DC_HTF_GATE,4h_D,OK,0.0,2.771,-2.771,0,0.0,0.0,
BTCUSDC_SHORT,WT_DC_HTF_GATE,4h,OK,0.0,2.771,-2.771,0,0.0,0.0,
BTCUSDC_SHORT,WT_DC_HTF_GATE,1h,OK,0.0,2.771,-2.771,0,0.0,0.0,
BTCUSDC_SHORT,WT_DC_HTF_GATE,none,OK,0.0,2.771,-2.771,0,0.0,0.0,
BTCUSDC_SHORT,WT_DC_ENTRY_THRESHOLD,0,OK,0.0,2.771,-2.771,0,0.0,0.0,
BTCUSDC_SHORT,WT_DC_ENTRY_THRESHOLD,45,OK,0.0,2.771,-2.771,0,0.0,0.0,
BTCUSDC_SHORT,WT_DC_ENTRY_THRESHOLD,85,OK,0.0,2.771,-2.771,0,0.0,0.0,
BTCUSDC_SHORT,WT_DC_ENTRY_THRESHOLD,35,OK,0.0,2.771,-2.771,0,0.0,0.0,
BTCUSDC_SHORT,WT_DC_ENTRY_THRESHOLD,43,OK,0.0,2.771,-2.771,0,0.0,0.0,
BTCUSDC_SHORT,WT_DC_ENTRY_THRESHOLD,55,OK,0.0,2.771,-2.771,0,0.0,0.0,
BTCUSDC_SHORT,WT_DC_ENTRY_THRESHOLD,75,OK,0.0,2.771,-2.771,0,0.0,0.0,
BTCUSDC_SHORT,TRA_WT_DC_ENTRY_THRESHOLD,42.5,OK,0.0,2.771,-2.771,0,0.0,0.0,
BTCUSDC_SHORT,TRA_WT_DC_ENTRY_THRESHOLD,0.0,OK,0.0,2.771,-2.771,0,0.0,0.0,
BTCUSDC_SHORT,TRA_WT_DC_ENTRY_THRESHOLD,45.0,OK,0.0,2.771,-2.771,0,0.0,0.0,
BTCUSDC_SHORT,TRA_WT_DC_ENTRY_THRESHOLD,85.0,OK,0.0,2.771,-2.771,0,0.0,0.0,
BTCUSDC_SHORT,TRA_WT_DC_ENTRY_THRESHOLD,63.75,OK,0.0,2.771,-2.771,0,0.0,0.0,
BTCUSDC_SHORT,TRA_WT_DC_ENTRY_THRESHOLD,106.25,OK,0.0,2.771,-2.771,0,0.0,0.0,
BTCUSDC_SHORT,TRA_WT_DC_ENTRY_THRESHOLD,127.5,OK,0.0,2.771,-2.771,0,0.0,0.0,
BTCUSDC_SHORT,GR_HTF_DIRECT_ENTRY_SCORE_MIN,6.0,OK,0.0,2.771,-2.771,0,0.0,0.0,
BTCUSDC_SHORT,GR_HTF_DIRECT_ENTRY_SCORE_MIN,12.0,OK,0.0,2.771,-2.771,0,0.0,0.0,
BTCUSDC_SHORT,GR_HTF_DIRECT_ENTRY_SCORE_MIN,0.0,OK,0.0,2.771,-2.771,0,0.0,0.0,
BTCUSDC_SHORT,GR_HTF_DIRECT_ENTRY_SCORE_MIN,18.0,OK,0.0,2.771,-2.771,0,0.0,0.0,
BTCUSDC_SHORT,GR_HTF_DIRECT_ENTRY_SCORE_MIN,9.0,OK,0.0,2.771,-2.771,0,0.0,0.0,
BTCUSDC_SHORT,GR_HTF_DIRECT_ENTRY_SCORE_MIN,15.0,OK,0.0,2.771,-2.771,0,0.0,0.0,
BTCUSDC_SHORT,GR_HTF_DIRECT_ENTRY_DOUBLE_SCORE,13.5,OK,0.0,2.771,-2.771,0,0.0,0.0,
BTCUSDC_SHORT,GR_HTF_DIRECT_ENTRY_DOUBLE_SCORE,27.0,OK,0.0,2.771,-2.771,0,0.0,0.0,
BTCUSDC_SHORT,GR_HTF_DIRECT_ENTRY_DOUBLE_SCORE,12.0,OK,0.0,2.771,-2.771,0,0.0,0.0,
BTCUSDC_SHORT,GR_HTF_DIRECT_ENTRY_DOUBLE_SCORE,20.25,OK,0.0,2.771,-2.771,0,0.0,0.0,
BTCUSDC_SHORT,GR_HTF_DIRECT_ENTRY_DOUBLE_SCORE,33.75,OK,0.0,2.771,-2.771,0,0.0,0.0,
BTCUSDC_SHORT,GR_HTF_DIRECT_ENTRY_DOUBLE_SCORE,40.5,OK,0.0,2.771,-2.771,0,0.0,0.0,
BTCUSDC_SHORT,GR_HTF_DIRECT_ENTRY_ENABLED,False,OK,0.0,2.771,-2.771,0,0.0,0.0,
BTCUSDC_SHORT,GR_HTF_DIRECT_ENTRY_ENABLED,True,OK,0.0,2.771,-2.771,0,0.0,0.0,
BTCUSDC_SHORT,WT_CHAN_15m,,OK,0.0,2.771,-2.771,0,0.0,0.0,
BTCUSDC_SHORT,WT_AVG_15m,,OK,0.0,2.771,-2.771,0,0.0,0.0,
BTCUSDC_SHORT,FUNDING_GATE_ENABLED,False,OK,0.0,2.771,-2.771,0,0.0,0.0,
BTCUSDC_SHORT,FUNDING_GATE_ENABLED,True,OK,0.0,2.771,-2.771,0,0.0,0.0,
BTCUSDC_SHORT,SPY_REGIME_GATE_ENABLED,False,OK,0.0,2.771,-2.771,0,0.0,0.0,
BTCUSDC_SHORT,SPY_REGIME_GATE_ENABLED,True,OK,0.0,2.771,-2.771,0,0.0,0.0,
BTCUSDC_SHORT,WT_DC_EXIT_THRESHOLD,15.0,OK,0.0,2.771,-2.771,0,0.0,0.0,
BTCUSDC_SHORT,WT_DC_EXIT_THRESHOLD,30.0,OK,0.0,2.771,-2.771,0,0.0,0.0,
BTCUSDC_SHORT,WT_DC_EXIT_THRESHOLD,20.0,OK,0.0,2.771,-2.771,0,0.0,0.0,
BTCUSDC_SHORT,WT_DC_EXIT_THRESHOLD,45.0,OK,0.0,2.771,-2.771,0,0.0,0.0,
BTCUSDC_SHORT,COOLDOWN_BARS_15m,,OK,0.0,2.771,-2.771,0,0.0,0.0,
BTCUSDC_SHORT,MIN_HOLD_BARS_15m,,OK,0.0,2.771,-2.771,0,0.0,0.0,
BTCUSDC_SHORT,BREAKEVEN_EXIT_AFTER_BARS_ENABLED,False,OK,0.0,2.771,-2.771,0,0.0,0.0,
BTCUSDC_SHORT,BREAKEVEN_EXIT_AFTER_BARS_ENABLED,True,OK,0.0,2.771,-2.771,0,0.0,0.0,
BTCUSDC_SHORT,WIN_TRAIL_EROSION_PCT,0.0,OK,0.0,2.771,-2.771,0,0.0,0.0,
BTCUSDC_SHORT,WIN_TRAIL_EROSION_PCT,0.125,OK,0.0,2.771,-2.771,0,0.0,0.0,
BTCUSDC_SHORT,WIN_TRAIL_EROSION_PCT,0.25,OK,0.0,2.771,-2.771,0,0.0,0.0,
BTCUSDC_SHORT,WIN_TRAIL_EROSION_PCT,0.5,OK,0.0,2.771,-2.771,0,0.0,0.0,
BTCUSDC_SHORT,WIN_TRAIL_EROSION_PCT,0.375,OK,0.0,2.771,-2.771,0,0.0,0.0,
BTCUSDC_SHORT,WIN_TRAIL_EROSION_PCT,0.625,OK,0.0,2.771,-2.771,0,0.0,0.0,
BTCUSDC_SHORT,WIN_TRAIL_EROSION_PCT,0.75,OK,0.0,2.771,-2.771,0,0.0,0.0,
BTCUSDC_SHORT,PEAK_GIVEBACK_PROTECTION_ENABLED,False,OK,0.0,2.771,-2.771,0,0.0,0.0,
BTCUSDC_SHORT,PEAK_GIVEBACK_PROTECTION_ENABLED,True,OK,0.0,2.771,-2.771,0,0.0,0.0,
BTCUSDC_SHORT,PARTIAL_PROFIT_LOCK_ENABLED,False,OK,0.0,2.771,-2.771,0,0.0,0.0,
BTCUSDC_SHORT,PARTIAL_PROFIT_LOCK_ENABLED,True,OK,0.0,2.771,-2.771,0,0.0,0.0,
BTCUSDC_SHORT,STRUCTURAL_EXIT_GATE_ENABLED,False,OK,0.0,2.771,-2.771,0,0.0,0.0,
BTCUSDC_SHORT,STRUCTURAL_EXIT_GATE_ENABLED,True,OK,0.0,2.771,-2.771,0,0.0,0.0,
BTCUSDC_SHORT,MTF_DC_REJECT_EXIT_ENABLED,False,OK,0.0,2.771,-2.771,0,0.0,0.0,
BTCUSDC_SHORT,MTF_DC_REJECT_EXIT_ENABLED,True,OK,0.0,2.771,-2.771,0,0.0,0.0,
BTCUSDC_SHORT,MTF_BB_REJECT_EXIT_ENABLED,False,OK,0.0,2.771,-2.771,0,0.0,0.0,
BTCUSDC_SHORT,MTF_BB_REJECT_EXIT_ENABLED,True,OK,0.0,2.771,-2.771,0,0.0,0.0,
BTCUSDC_SHORT,QUALITY_TOP_EXIT_ENABLED,False,OK,0.0,2.771,-2.771,0,0.0,0.0,
BTCUSDC_SHORT,QUALITY_TOP_EXIT_ENABLED,True,OK,0.0,2.771,-2.771,0,0.0,0.0,
BTCUSDC_SHORT,LR_BAND_SLOPE_FLIP_EXIT_ENABLED,False,OK,0.0,2.771,-2.771,0,0.0,0.0,
BTCUSDC_SHORT,LR_BAND_SLOPE_FLIP_EXIT_ENABLED,True,OK,0.0,2.771,-2.771,0,0.0,0.0,
BTCUSDC_SHORT,VEC_REENTRY_REQUIRE_PRIOR_EXIT,False,OK,0.0,2.771,-2.771,0,0.0,0.0,
BTCUSDC_SHORT,VEC_REENTRY_REQUIRE_PRIOR_EXIT,True,OK,0.0,2.771,-2.771,0,0.0,0.0,
BTCUSDC_SHORT,VEC_REENTRY_WINDOW_BARS,400,OK,0.0,2.771,-2.771,0,0.0,0.0,
BTCUSDC_SHORT,VEC_REENTRY_WINDOW_BARS,100,OK,0.0,2.771,-2.771,0,0.0,0.0,
BTCUSDC_SHORT,VEC_REENTRY_WINDOW_BARS,800,OK,0.0,2.771,-2.771,0,0.0,0.0,
BTCUSDC_SHORT,VEC_REENTRY_WINDOW_BARS,1200,OK,0.0,2.771,-2.771,0,0.0,0.0,
BTCUSDC_SHORT,VEC_REENTRY_DC4_EXITPRICE_ENABLED,False,OK,0.0,2.771,-2.771,0,0.0,0.0,
BTCUSDC_SHORT,VEC_REENTRY_DC4_EXITPRICE_ENABLED,True,OK,0.0,2.771,-2.771,0,0.0,0.0,
BTCUSDC_SHORT,REENTRY_B04_DC_RETEST_ENABLED,False,OK,0.0,2.771,-2.771,0,0.0,0.0,
BTCUSDC_SHORT,REENTRY_B04_DC_RETEST_ENABLED,True,OK,0.0,2.771,-2.771,0,0.0,0.0,
BTCUSDC_SHORT,REENTRY_B15_STRONG_TREND_ENABLED,False,OK,0.0,2.771,-2.771,0,0.0,0.0,
BTCUSDC_SHORT,REENTRY_B15_STRONG_TREND_ENABLED,True,OK,0.0,2.771,-2.771,0,0.0,0.0,
BTCUSDC_SHORT,REENTRY_B11_DC_BREAK_ENABLED,False,OK,0.0,2.771,-2.771,0,0.0,0.0,
BTCUSDC_SHORT,REENTRY_B11_DC_BREAK_ENABLED,True,OK,0.0,2.771,-2.771,0,0.0,0.0,
BTCUSDC_SHORT,ENTRY_SCORE_THRESHOLD,18.0,OK,0.0,2.771,-2.771,0,0.0,0.0,
BTCUSDC_SHORT,ENTRY_SCORE_THRESHOLD,22.0,OK,0.0,2.771,-2.771,0,0.0,0.0,
BTCUSDC_SHORT,ENTRY_SCORE_THRESHOLD,24.0,OK,0.0,2.771,-2.771,0,0.0,0.0,
BTCUSDC_SHORT,ENTRY_SCORE_THRESHOLD,28.0,OK,0.0,2.771,-2.771,0,0.0,0.0,
BTCUSDC_SHORT,ENTRY_SCORE_THRESHOLD,32.0,OK,0.0,2.771,-2.771,0,0.0,0.0,
BTCUSDC_SHORT,ENTRY_SCORE_THRESHOLD,4.5,OK,0.0,2.771,-2.771,0,0.0,0.0,
BTCUSDC_SHORT,ENTRY_SCORE_THRESHOLD,10.0,OK,0.0,2.771,-2.771,0,0.0,0.0,
BTCUSDC_SHORT,ENTRY_SCORE_THRESHOLD,0.0,OK,0.0,2.771,-2.771,0,0.0,0.0,
BTCUSDC_SHORT,ENTRY_SCORE_THRESHOLD,1.0,OK,0.0,2.771,-2.771,0,0.0,0.0,
BTCUSDC_SHORT,ENTRY_SCORE_THRESHOLD,13.5,OK,0.0,2.771,-2.771,0,0.0,0.0,
BTCUSDC_SHORT,ENTRY_SCORE_THRESHOLD,22.5,OK,0.0,2.771,-2.771,0,0.0,0.0,
BTCUSDC_SHORT,ENTRY_SCORE_THRESHOLD,27.0,OK,0.0,2.771,-2.771,0,0.0,0.0,
BTCUSDC_SHORT,ENTRY_SCORE_THRESHOLD,36.0,OK,0.0,2.771,-2.771,0,0.0,0.0,
BTCUSDC_SHORT,ENTRY_SCORE_THRESHOLD,9.0,OK,0.0,2.771,-2.771,0,0.0,0.0,
BTCUSDC_SHORT,HTF_ALIGNMENT_MIN,0.0,OK,0.0,2.771,-2.771,0,0.0,0.0,
BTCUSDC_SHORT,HTF_ALIGNMENT_MIN,1.0,OK,0.0,2.771,-2.771,0,0.0,0.0,
BTCUSDC_SHORT,HTF_ALIGNMENT_MIN,2.0,OK,0.0,2.771,-2.771,0,0.0,0.0,
BTCUSDC_SHORT,HTF_ALIGNMENT_MIN,3.0,OK,0.0,2.771,-2.771,0,0.0,0.0,
BTCUSDC_SHORT,COMBINED_STOCH_GATE,,OK,0.0,2.771,-2.771,0,0.0,0.0,
BTCUSDC_SHORT,ENTRY_WILLR_THRESHOLD,0.0,OK,0.0,2.771,-2.771,0,0.0,0.0,
BTCUSDC_SHORT,ENTRY_WILLR_THRESHOLD,-90.0,OK,0.0,2.771,-2.771,0,0.0,0.0,
BTCUSDC_SHORT,ENTRY_WILLR_THRESHOLD,-80.0,OK,0.0,2.771,-2.771,0,0.0,0.0,
BTCUSDC_SHORT,ENTRY_WILLR_THRESHOLD,-70.0,OK,0.0,2.771,-2.771,0,0.0,0.0,
BTCUSDC_SHORT,BB_ENTRY_LONG_THRESHOLD,-0.2,OK,0.0,2.771,-2.771,0,0.0,0.0,
BTCUSDC_SHORT,BB_ENTRY_LONG_THRESHOLD,0.2,OK,0.0,2.771,-2.771,0,0.0,0.0,
BTCUSDC_SHORT,BB_ENTRY_LONG_THRESHOLD,0.3,OK,0.0,2.771,-2.771,0,0.0,0.0,
BTCUSDC_SHORT,BB_ENTRY_LONG_THRESHOLD,0.4,OK,0.0,2.771,-2.771,0,0.0,0.0,
BTCUSDC_SHORT,BB_ENTRY_LONG_THRESHOLD,0.15,OK,0.0,2.771,-2.771,0,0.0,0.0,
BTCUSDC_SHORT,BB_ENTRY_LONG_THRESHOLD,0.225,OK,0.0,2.771,-2.771,0,0.0,0.0,
BTCUSDC_SHORT,BB_ENTRY_LONG_THRESHOLD,0.375,OK,0.0,2.771,-2.771,0,0.0,0.0,
BTCUSDC_SHORT,BB_ENTRY_LONG_THRESHOLD,0.45,OK,0.0,2.771,-2.771,0,0.0,0.0,
BTCUSDC_SHORT,BB_ENTRY_SHORT_THRESHOLD,1.0,OK,0.0,2.771,-2.771,0,0.0,0.0,
BTCUSDC_SHORT,BB_ENTRY_SHORT_THRESHOLD,0.6,OK,0.0,2.771,-2.771,0,0.0,0.0,
BTCUSDC_SHORT,BB_ENTRY_SHORT_THRESHOLD,0.7,OK,0.0,2.771,-2.771,0,0.0,0.0,
BTCUSDC_SHORT,BB_ENTRY_SHORT_THRESHOLD,0.8,OK,0.0,2.771,-2.771,0,0.0,0.0,
BTCUSDC_SHORT,BB_ENTRY_SHORT_THRESHOLD,0.35,OK,0.0,2.771,-2.771,0,0.0,0.0,
BTCUSDC_SHORT,BB_ENTRY_SHORT_THRESHOLD,0.525,OK,0.0,2.771,-2.771,0,0.0,0.0,
BTCUSDC_SHORT,BB_ENTRY_SHORT_THRESHOLD,0.875,OK,0.0,2.771,-2.771,0,0.0,0.0,
BTCUSDC_SHORT,BB_ENTRY_SHORT_THRESHOLD,1.05,OK,0.0,2.771,-2.771,0,0.0,0.0,
BTCUSDC_SHORT,DC_RECOVERY_EXIT_TOLERANCE_PCT,0.25,OK,0.0,2.771,-2.771,0,0.0,0.0,
BTCUSDC_SHORT,DC_RECOVERY_EXIT_TOLERANCE_PCT,0.3,OK,0.0,2.771,-2.771,0,0.0,0.0,
BTCUSDC_SHORT,DC_RECOVERY_EXIT_TOLERANCE_PCT,0.5,OK,0.0,2.771,-2.771,0,0.0,0.0,
BTCUSDC_SHORT,DC_RECOVERY_EXIT_TOLERANCE_PCT,0.8,OK,0.0,2.771,-2.771,0,0.0,0.0,
BTCUSDC_SHORT,DC_RECOVERY_EXIT_TOLERANCE_PCT,0.03125,OK,0.0,2.771,-2.771,0,0.0,0.0,
BTCUSDC_SHORT,DC_RECOVERY_EXIT_TOLERANCE_PCT,0.046875,OK,0.0,2.771,-2.771,0,0.0,0.0,
BTCUSDC_SHORT,DC_RECOVERY_EXIT_TOLERANCE_PCT,0.0625,OK,0.0,2.771,-2.771,0,0.0,0.0,
BTCUSDC_SHORT,DC_RECOVERY_EXIT_TOLERANCE_PCT,0.078125,OK,0.0,2.771,-2.771,0,0.0,0.0,
BTCUSDC_SHORT,DC_RECOVERY_EXIT_TOLERANCE_PCT,0.09375,OK,0.0,2.771,-2.771,0,0.0,0.0,
BTCUSDC_SHORT,DC_HOPELESS_EXIT_MIN_AGE_S,900,OK,0.0,2.771,-2.771,0,0.0,0.0,
BTCUSDC_SHORT,DC_HOPELESS_EXIT_MIN_AGE_S,1350,OK,0.0,2.771,-2.771,0,0.0,0.0,
BTCUSDC_SHORT,DC_HOPELESS_EXIT_MIN_AGE_S,1800,OK,0.0,2.771,-2.771,0,0.0,0.0,
BTCUSDC_SHORT,DC_HOPELESS_EXIT_MIN_AGE_S,1,OK,0.0,2.771,-2.771,0,0.0,0.0,
BTCUSDC_SHORT,HEDGE_MAX_PCT_OF_LOSER,,OK,0.0,2.771,-2.771,0,0.0,0.0,
BTCUSDC_SHORT,RZ_BREAKOUT_ENTRY_ENABLED,False,OK,0.0,2.771,-2.771,0,0.0,0.0,
BTCUSDC_SHORT,RZ_BREAKOUT_ENTRY_ENABLED,True,OK,-293.09552921875,2.771,-295.86652921875003,220,1.5057148723564437,293.09552921875,
BTCUSDC_SHORT,SATOSHIT_ENABLED,False,OK,0.0,2.771,-2.771,0,0.0,0.0,
BTCUSDC_SHORT,SATOSHIT_ENABLED,True,OK,0.0,2.771,-2.771,0,0.0,0.0,
BTCUSDC_SHORT,MIN_POSITION_SIZE,55.0,OK,0.0,2.771,-2.771,0,0.0,0.0,
BTCUSDC_SHORT,MIN_POSITION_SIZE,18.0,OK,0.0,2.771,-2.771,0,0.0,0.0,
BTCUSDC_SHORT,MIN_POSITION_SIZE,35.0,OK,0.0,2.771,-2.771,0,0.0,0.0,
BTCUSDC_SHORT,MIN_POSITION_SIZE,68.75,OK,0.0,2.771,-2.771,0,0.0,0.0,
BTCUSDC_SHORT,MIN_POSITION_SIZE,100.0,OK,0.0,2.771,-2.771,0,0.0,0.0,
BTCUSDC_SHORT,MIN_POSITION_SIZE,13.75,OK,0.0,2.771,-2.771,0,0.0,0.0,
BTCUSDC_SHORT,MIN_POSITION_SIZE,50.0,OK,0.0,2.771,-2.771,0,0.0,0.0,
BTCUSDC_SHORT,MIN_POSITION_SIZE,75.0,OK,0.0,2.771,-2.771,0,0.0,0.0,
BTCUSDC_SHORT,MIN_POSITION_SIZE,125.0,OK,0.0,2.771,-2.771,0,0.0,0.0,
BTCUSDC_SHORT,MIN_POSITION_SIZE,150.0,OK,0.0,2.771,-2.771,0,0.0,0.0,
BTCUSDC_SHORT,MIN_POSITION_SIZE,1.0,OK,0.0,2.771,-2.771,0,0.0,0.0,
BTCUSDC_SHORT,MIN_HOLD_BARS_BEFORE_EXIT,32,OK,0.0,2.771,-2.771,0,0.0,0.0,
BTCUSDC_SHORT,MIN_HOLD_BARS_BEFORE_EXIT,24,OK,0.0,2.771,-2.771,0,0.0,0.0,
BTCUSDC_SHORT,MIN_HOLD_BARS_BEFORE_EXIT,48,OK,0.0,2.771,-2.771,0,0.0,0.0,
BTCUSDC_SHORT,MIN_HOLD_BARS_BEFORE_EXIT,96,OK,0.0,2.771,-2.771,0,0.0,0.0,
BTCUSDC_SHORT,MIN_HOLD_BARS_BEFORE_EXIT,16,OK,0.0,2.771,-2.771,0,0.0,0.0,
BTCUSDC_SHORT,MIN_HOLD_BARS_BEFORE_EXIT,40,OK,0.0,2.771,-2.771,0,0.0,0.0,
BTCUSDC_SHORT,EXIT_STDEV_BREAKOUT_FAIL_ENABLED,False,OK,0.0,2.771,-2.771,0,0.0,0.0,
BTCUSDC_SHORT,EXIT_STDEV_BREAKOUT_FAIL_ENABLED,True,OK,0.0,2.771,-2.771,0,0.0,0.0,
BTCUSDC_SHORT,REENTRY_CROSS_MAX_BARS_AGO,5,OK,0.0,2.771,-2.771,0,0.0,0.0,
BTCUSDC_SHORT,REENTRY_CROSS_MAX_BARS_AGO,2,OK,0.0,2.771,-2.771,0,0.0,0.0,
BTCUSDC_SHORT,REENTRY_CROSS_MAX_BARS_AGO,3,OK,0.0,2.771,-2.771,0,0.0,0.0,
BTCUSDC_SHORT,ATR_ADAPTIVE_STOP_MULT,2.0,OK,0.0,2.771,-2.771,0,0.0,0.0,
BTCUSDC_SHORT,ATR_ADAPTIVE_STOP_MULT,3.0,OK,0.0,2.771,-2.771,0,0.0,0.0,
BTCUSDC_SHORT,ATR_ADAPTIVE_STOP_MULT,4.0,OK,0.0,2.771,-2.771,0,0.0,0.0,
BTCUSDC_SHORT,ATR_ADAPTIVE_STOP_MULT,1.0,OK,0.0,2.771,-2.771,0,0.0,0.0,
BTCUSDC_SHORT,ATR_ADAPTIVE_STOP_MULT,1.5,OK,0.0,2.771,-2.771,0,0.0,0.0,
BTCUSDC_SHORT,ATR_ADAPTIVE_STOP_MULT,2.5,OK,0.0,2.771,-2.771,0,0.0,0.0,
BTCUSDC_SHORT,BB_SQUEEZE_THRESHOLD_1H,0.03,OK,0.0,2.771,-2.771,0,0.0,0.0,
BTCUSDC_SHORT,BB_SQUEEZE_THRESHOLD_1H,0.005,OK,0.0,2.771,-2.771,0,0.0,0.0,
BTCUSDC_SHORT,BB_SQUEEZE_THRESHOLD_1H,0.0075,OK,0.0,2.771,-2.771,0,0.0,0.0,
BTCUSDC_SHORT,BB_SQUEEZE_THRESHOLD_1H,0.01,OK,0.0,2.771,-2.771,0,0.0,0.0,
BTCUSDC_SHORT,BB_SQUEEZE_THRESHOLD_1H,0.015,OK,0.0,2.771,-2.771,0,0.0,0.0,
BTCUSDC_SHORT,BB_SQUEEZE_THRESHOLD_1H,0.0225,OK,0.0,2.771,-2.771,0,0.0,0.0,
BTCUSDC_SHORT,BB_SQUEEZE_THRESHOLD_1H,0.0375,OK,0.0,2.771,-2.771,0,0.0,0.0,
BTCUSDC_SHORT,BB_SQUEEZE_THRESHOLD_1H,0.045,OK,0.0,2.771,-2.771,0,0.0,0.0,
BTCUSDC_SHORT,CHOP_RANGING_THRESHOLD,61.8,OK,0.0,2.771,-2.771,0,0.0,0.0,
BTCUSDC_SHORT,CHOP_RANGING_THRESHOLD,70.0,OK,0.0,2.771,-2.771,0,0.0,0.0,
BTCUSDC_SHORT,CHOP_RANGING_THRESHOLD,77.25,OK,0.0,2.771,-2.771,0,0.0,0.0,
BTCUSDC_SHORT,CHOP_RANGING_THRESHOLD,85.0,OK,0.0,2.771,-2.771,0,0.0,0.0,
BTCUSDC_SHORT,CHOP_RANGING_THRESHOLD,30.9,OK,0.0,2.771,-2.771,0,0.0,0.0,
BTCUSDC_SHORT,CHOP_RANGING_THRESHOLD,46.35,OK,0.0,2.771,-2.771,0,0.0,0.0,
BTCUSDC_SHORT,CHOP_RANGING_THRESHOLD,92.7,OK,0.0,2.771,-2.771,0,0.0,0.0,
BTCUSDC_SHORT,TF_ALIGNMENT_MIN_LONG,2,OK,0.0,2.771,-2.771,0,0.0,0.0,
BTCUSDC_SHORT,TF_ALIGNMENT_MIN_LONG,3,OK,0.0,2.771,-2.771,0,0.0,0.0,
BTCUSDC_SHORT,TF_ALIGNMENT_MIN_LONG,4,OK,0.0,2.771,-2.771,0,0.0,0.0,
BTCUSDC_SHORT,TF_ALIGNMENT_MIN_LONG,1,OK,0.0,2.771,-2.771,0,0.0,0.0,
BTCUSDC_SHORT,K_ZONE_SHORT_THRESHOLD,65,OK,0.0,2.771,-2.771,0,0.0,0.0,
BTCUSDC_SHORT,K_ZONE_SHORT_THRESHOLD,35,OK,0.0,2.771,-2.771,0,0.0,0.0,
BTCUSDC_SHORT,K_ZONE_SHORT_THRESHOLD,48,OK,0.0,2.771,-2.771,0,0.0,0.0,
BTCUSDC_SHORT,K_ZONE_SHORT_THRESHOLD,60,OK,0.0,2.771,-2.771,0,0.0,0.0,
BTCUSDC_SHORT,K_ZONE_SHORT_THRESHOLD,10,OK,0.0,2.771,-2.771,0,0.0,0.0,
BTCUSDC_SHORT,K_ZONE_SHORT_THRESHOLD_TRADIER,65,OK,0.0,2.771,-2.771,0,0.0,0.0,
BTCUSDC_SHORT,K_ZONE_SHORT_THRESHOLD_TRADIER,70,OK,0.0,2.771,-2.771,0,0.0,0.0,
BTCUSDC_SHORT,K_ZONE_SHORT_THRESHOLD_TRADIER,81,OK,0.0,2.771,-2.771,0,0.0,0.0,
BTCUSDC_SHORT,K_ZONE_SHORT_THRESHOLD_TRADIER,90,OK,0.0,2.771,-2.771,0,0.0,0.0,
BTCUSDC_SHORT,DC_WIDTH_CAP_MULT,10.0,OK,0.0,2.771,-2.771,0,0.0,0.0,
BTCUSDC_SHORT,DC_WIDTH_CAP_MULT,3.0,OK,0.0,2.771,-2.771,0,0.0,0.0,
BTCUSDC_SHORT,DC_WIDTH_CAP_MULT,5.0,OK,0.0,2.771,-2.771,0,0.0,0.0,
BTCUSDC_SHORT,DC_WIDTH_CAP_MULT,7.0,OK,0.0,2.771,-2.771,0,0.0,0.0,
BTCUSDC_SHORT,DC_WIDTH_CAP_MULT,7.5,OK,0.0,2.771,-2.771,0,0.0,0.0,
BTCUSDC_SHORT,DC_WIDTH_CAP_MULT,12.5,OK,0.0,2.771,-2.771,0,0.0,0.0,
BTCUSDC_SHORT,DC_WIDTH_CAP_MULT,15.0,OK,0.0,2.771,-2.771,0,0.0,0.0,
BTCUSDC_SHORT,HPL_TRIGGER_LOSS_PCT,,OK,0.0,2.771,-2.771,0,0.0,0.0,
BTCUSDC_SHORT,BTC_DEDICATED_ENABLED,False,OK,0.0,2.771,-2.771,0,0.0,0.0,
BTCUSDC_SHORT,BTC_DEDICATED_ENABLED,True,OK,0.0,2.771,-2.771,0,0.0,0.0,
BTCUSDC_SHORT,BTC_TREND_MODE_ENABLED,,OK,0.0,2.771,-2.771,0,0.0,0.0,
BTCUSDC_SHORT,BTC_RZ_AS_BOOST_ENABLED,,OK,0.0,2.771,-2.771,0,0.0,0.0,
BTCUSDC_SHORT,BTC_DIVERGENCE_BLOCK_AGAINST,,OK,0.0,2.771,-2.771,0,0.0,0.0,
BTCUSDC_SHORT,BTC_DIVERGENCE_EXIT_AGAINST,False,OK,0.0,2.771,-2.771,0,0.0,0.0,
BTCUSDC_SHORT,BTC_DIVERGENCE_EXIT_AGAINST,True,OK,0.0,2.771,-2.771,0,0.0,0.0,
BTCUSDC_SHORT,BTC_DIVERGENCE_MIN_TF,,OK,0.0,2.771,-2.771,0,0.0,0.0,
BTCUSDC_SHORT,BTC_BREAKOUT_ENTRY_ENABLED,False,OK,0.0,2.771,-2.771,0,0.0,0.0,
BTCUSDC_SHORT,BTC_BREAKOUT_ENTRY_ENABLED,True,OK,0.0,2.771,-2.771,0,0.0,0.0,
BTCUSDC_SHORT,BTC_BREAKOUT_BLOCK_OPPOSING_DIV,False,OK,0.0,2.771,-2.771,0,0.0,0.0,
BTCUSDC_SHORT,BTC_BREAKOUT_BLOCK_OPPOSING_DIV,True,OK,0.0,2.771,-2.771,0,0.0,0.0,
BTCUSDC_SHORT,BTC_BREAKOUT_REQUIRE_HTF_ALIGNED,False,OK,0.0,2.771,-2.771,0,0.0,0.0,
BTCUSDC_SHORT,BTC_BREAKOUT_REQUIRE_HTF_ALIGNED,True,OK,0.0,2.771,-2.771,0,0.0,0.0,
BTCUSDC_SHORT,BTC_BREAKOUT_HTF_MIN_ALIGNED,0.0,OK,0.0,2.771,-2.771,0,0.0,0.0,
BTCUSDC_SHORT,BTC_BREAKOUT_HTF_MIN_ALIGNED,1.0,OK,0.0,2.771,-2.771,0,0.0,0.0,
BTCUSDC_SHORT,BTC_BREAKOUT_HTF_MIN_ALIGNED,2.0,OK,0.0,2.771,-2.771,0,0.0,0.0,
BTCUSDC_SHORT,BTC_BREAKOUT_HTF_MIN_ALIGNED,3.0,OK,0.0,2.771,-2.771,0,0.0,0.0,
BTCUSDC_SHORT,BTC_BREAKOUT_ACCEL_MIN_TFS,0.0,OK,0.0,2.771,-2.771,0,0.0,0.0,
BTCUSDC_SHORT,BTC_BREAKOUT_ACCEL_MIN_TFS,1.0,OK,0.0,2.771,-2.771,0,0.0,0.0,
BTCUSDC_SHORT,BTC_BREAKOUT_ACCEL_MIN_TFS,2.0,OK,0.0,2.771,-2.771,0,0.0,0.0,
BTCUSDC_SHORT,BTC_BREAKOUT_ACCEL_MIN_TFS,3.0,OK,0.0,2.771,-2.771,0,0.0,0.0,
BTCUSDC_SHORT,BTC_BREAKOUT_MIN_HOLD_BARS,0.0,OK,0.0,2.771,-2.771,0,0.0,0.0,
BTCUSDC_SHORT,BTC_BREAKOUT_MIN_HOLD_BARS,1.0,OK,0.0,2.771,-2.771,0,0.0,0.0,
BTCUSDC_SHORT,BTC_BREAKOUT_MIN_HOLD_BARS,10.0,OK,0.0,2.771,-2.771,0,0.0,0.0,
BTCUSDC_SHORT,BTC_BREAKOUT_MIN_HOLD_BARS,20.0,OK,0.0,2.771,-2.771,0,0.0,0.0,
BTCUSDC_SHORT,BTC_BREAKOUT_COOLDOWN_BARS,0.0,OK,0.0,2.771,-2.771,0,0.0,0.0,
BTCUSDC_SHORT,BTC_BREAKOUT_COOLDOWN_BARS,1.0,OK,0.0,2.771,-2.771,0,0.0,0.0,
BTCUSDC_SHORT,BTC_BREAKOUT_COOLDOWN_BARS,10.0,OK,0.0,2.771,-2.771,0,0.0,0.0,
BTCUSDC_SHORT,BTC_BREAKOUT_COOLDOWN_BARS,20.0,OK,0.0,2.771,-2.771,0,0.0,0.0,
BTCUSDC_SHORT,BTC_REVERSE_ON_EXIT_ENABLED,False,OK,0.0,2.771,-2.771,0,0.0,0.0,
BTCUSDC_SHORT,BTC_REVERSE_ON_EXIT_ENABLED,True,OK,0.0,2.771,-2.771,0,0.0,0.0,
BTCUSDC_SHORT,BTC_FOLLOW_THROUGH_REENTRY_ENABLED,False,OK,0.0,2.771,-2.771,0,0.0,0.0,
BTCUSDC_SHORT,BTC_FOLLOW_THROUGH_REENTRY_ENABLED,True,OK,0.0,2.771,-2.771,0,0.0,0.0,
BTCUSDC_SHORT,BTC_FOLLOW_THROUGH_MIN_MOVE_PCT,0.3,OK,0.0,2.771,-2.771,0,0.0,0.0,
BTCUSDC_SHORT,BTC_FOLLOW_THROUGH_MIN_MOVE_PCT,0.05,OK,0.0,2.771,-2.771,0,0.0,0.0,
BTCUSDC_SHORT,BTC_FOLLOW_THROUGH_MIN_MOVE_PCT,0.5,OK,0.0,2.771,-2.771,0,0.0,0.0,
BTCUSDC_SHORT,BTC_FOLLOW_THROUGH_MIN_MOVE_PCT,1.0,OK,0.0,2.771,-2.771,0,0.0,0.0,
BTCUSDC_SHORT,BTC_ACCEL_RAMP_MIN_TFS,5,OK,0.0,2.771,-2.771,0,0.0,0.0,
BTCUSDC_SHORT,BTC_ACCEL_RAMP_MIN_TFS,2,OK,0.0,2.771,-2.771,0,0.0,0.0,
BTCUSDC_SHORT,BTC_ACCEL_RAMP_MIN_TFS,3,OK,0.0,2.771,-2.771,0,0.0,0.0,
BTCUSDC_SHORT,BTC_ACCEL_RAMP_MIN_TFS,4,OK,0.0,2.771,-2.771,0,0.0,0.0,
BTCUSDC_SHORT,BTC_ACCEL_RAMP_REQUIRE_POSITIVE,False,OK,0.0,2.771,-2.771,0,0.0,0.0,
BTCUSDC_SHORT,BTC_ACCEL_RAMP_REQUIRE_POSITIVE,True,OK,0.0,2.771,-2.771,0,0.0,0.0,
BTCUSDC_SHORT,BTC_ENTRY_PRIMARY_REQUIRE_RZ,False,OK,0.0,2.771,-2.771,0,0.0,0.0,
BTCUSDC_SHORT,BTC_ENTRY_PRIMARY_REQUIRE_RZ,True,OK,0.0,2.771,-2.771,0,0.0,0.0,
BTCUSDC_SHORT,BTC_ENTRY_PRIMARY_REQUIRE_ACCEL_RAMP,False,OK,0.0,2.771,-2.771,0,0.0,0.0,
BTCUSDC_SHORT,BTC_ENTRY_PRIMARY_REQUIRE_ACCEL_RAMP,True,OK,0.0,2.771,-2.771,0,0.0,0.0,
BTCUSDC_SHORT,BTC_RISK_PATH,,OK,0.0,2.771,-2.771,0,0.0,0.0,
BTCUSDC_SHORT,BTC_HARD_LOSS_USD_PER_TRADE,,OK,0.0,2.771,-2.771,0,0.0,0.0,
BTCUSDC_SHORT,BTC_BREAKOUT_HARD_LOSS_USD_PER_TRADE,False,OK,0.0,2.771,-2.771,0,0.0,0.0,
BTCUSDC_SHORT,BTC_BREAKOUT_HARD_LOSS_USD_PER_TRADE,True,OK,0.0,2.771,-2.771,0,0.0,0.0,
BTCUSDC_SHORT,BTC_GUARANTEED_REENTRY_ENABLED,False,OK,0.0,2.771,-2.771,0,0.0,0.0,
BTCUSDC_SHORT,BTC_GUARANTEED_REENTRY_ENABLED,True,OK,0.0,2.771,-2.771,0,0.0,0.0,
BTCUSDC_SHORT,BTC_GUARANTEED_REENTRY_MIN_GAP_BARS,5,OK,0.0,2.771,-2.771,0,0.0,0.0,
BTCUSDC_SHORT,BTC_GUARANTEED_REENTRY_MIN_GAP_BARS,1,OK,0.0,2.771,-2.771,0,0.0,0.0,
BTCUSDC_SHORT,BTC_GUARANTEED_REENTRY_MIN_GAP_BARS,10,OK,0.0,2.771,-2.771,0,0.0,0.0,
BTCUSDC_SHORT,BTC_GUARANTEED_REENTRY_MIN_GAP_BARS,20,OK,0.0,2.771,-2.771,0,0.0,0.0,
BTCUSDC_SHORT,BTC_RZ_USE_FIB,,OK,0.0,2.771,-2.771,0,0.0,0.0,
BTCUSDC_SHORT,BTC_RZ_USE_ROUND,,OK,0.0,2.771,-2.771,0,0.0,0.0,
BTCUSDC_SHORT,BTC_RZ_USE_WT_DC,,OK,0.0,2.771,-2.771,0,0.0,0.0,
BTCUSDC_SHORT,BTC_RZ_PROXIMITY_PCT,,OK,0.0,2.771,-2.771,0,0.0,0.0,
BTCUSDC_SHORT,DC_LOW4_BYPASS_USE_STANDARD,False,OK,0.0,2.771,-2.771,0,0.0,0.0,
BTCUSDC_SHORT,DC_LOW4_BYPASS_USE_STANDARD,True,OK,0.0,2.771,-2.771,0,0.0,0.0,
BTCUSDC_SHORT,RZ_BOT_BB_THRESHOLD,0.15,OK,0.0,2.771,-2.771,0,0.0,0.0,
BTCUSDC_SHORT,RZ_BOT_BB_THRESHOLD,0.3,OK,0.0,2.771,-2.771,0,0.0,0.0,
BTCUSDC_SHORT,RZ_BOT_BB_THRESHOLD,0.45,OK,0.0,2.771,-2.771,0,0.0,0.0,
BTCUSDC_SHORT,RZ_BOT_BB_THRESHOLD,0.6,OK,0.0,2.771,-2.771,0,0.0,0.0,
BTCUSDC_SHORT,RZ_BOT_BB_THRESHOLD,0.375,OK,0.0,2.771,-2.771,0,0.0,0.0,
BTCUSDC_SHORT,EXIT_SCORER_DC_EXTREME,0.4,OK,0.0,2.771,-2.771,0,0.0,0.0,
BTCUSDC_SHORT,EXIT_SCORER_DC_EXTREME,0.8,OK,0.0,2.771,-2.771,0,0.0,0.0,
BTCUSDC_SHORT,EXIT_SCORER_DC_EXTREME,1.2,OK,0.0,2.771,-2.771,0,0.0,0.0,
BTCUSDC_SHORT,EXIT_SCORER_DC_EXTREME,0.6,OK,0.0,2.771,-2.771,0,0.0,0.0,
BTCUSDC_SHORT,EXIT_SCORER_DC_EXTREME,1.0,OK,0.0,2.771,-2.771,0,0.0,0.0,
BTCUSDC_SHORT,REENTRY_RALLY_K15M_MAX,100.0,OK,0.0,2.771,-2.771,0,0.0,0.0,
BTCUSDC_SHORT,REENTRY_RALLY_K15M_MAX,60.0,OK,0.0,2.771,-2.771,0,0.0,0.0,
BTCUSDC_SHORT,REENTRY_RALLY_K15M_MAX,120.0,OK,0.0,2.771,-2.771,0,0.0,0.0,
BTCUSDC_SHORT,REENTRY_RALLY_K15M_MAX,180.0,OK,0.0,2.771,-2.771,0,0.0,0.0,
BTCUSDC_SHORT,REENTRY_RALLY_K15M_MAX,20.0,OK,0.0,2.771,-2.771,0,0.0,0.0,
BTCUSDC_SHORT,REENTRY_RALLY_K15M_MAX,40.0,OK,0.0,2.771,-2.771,0,0.0,0.0,
BTCUSDC_SHORT,REENTRY_RALLY_K15M_MAX,30.0,OK,0.0,2.771,-2.771,0,0.0,0.0,
BTCUSDC_SHORT,HEDGE_DC_SHORT_REJECT_DCP,0.15,OK,0.0,2.771,-2.771,0,0.0,0.0,
BTCUSDC_SHORT,HEDGE_DC_SHORT_REJECT_DCP,0.11,OK,0.0,2.771,-2.771,0,0.0,0.0,
BTCUSDC_SHORT,HEDGE_DC_SHORT_REJECT_DCP,0.225,OK,0.0,2.771,-2.771,0,0.0,0.0,
BTCUSDC_SHORT,HEDGE_DC_SHORT_REJECT_DCP,0.3375,OK,0.0,2.771,-2.771,0,0.0,0.0,
BTCUSDC_SHORT,HEDGE_DETERIORATING_GAIN_WINDOW_BARS,,OK,0.0,2.771,-2.771,0,0.0,0.0,
BTCUSDC_SHORT,AUGMENT_WT_4H_BOUNCE_ENABLED,False,OK,0.0,2.771,-2.771,0,0.0,0.0,
BTCUSDC_SHORT,AUGMENT_WT_4H_BOUNCE_ENABLED,True,OK,0.0,2.771,-2.771,0,0.0,0.0,
BTCUSDC_SHORT,HAIKU_WINNER_ENABLED,,OK,0.0,2.771,-2.771,0,0.0,0.0,
BTCUSDC_SHORT,HAIKU_AUGMENT_GAIN_THRESHOLD,0.0,OK,0.0,2.771,-2.771,0,0.0,0.0,
BTCUSDC_SHORT,HAIKU_AUGMENT_GAIN_THRESHOLD,3.0,OK,0.0,2.771,-2.771,0,0.0,0.0,
BTCUSDC_SHORT,HAIKU_AUGMENT_GAIN_THRESHOLD,2.0,OK,0.0,2.771,-2.771,0,0.0,0.0,
BTCUSDC_SHORT,HAIKU_REDUCE_GAIN_THRESHOLD,0.0,OK,0.0,2.771,-2.771,0,0.0,0.0,
BTCUSDC_SHORT,HAIKU_REDUCE_GAIN_THRESHOLD,1.0,OK,0.0,2.771,-2.771,0,0.0,0.0,
BTCUSDC_SHORT,HAIKU_REDUCE_GAIN_THRESHOLD,2.5,OK,0.0,2.771,-2.771,0,0.0,0.0,
BTCUSDC_SHORT,HAIKU_AUGMENT_FRACTION,False,OK,0.0,2.771,-2.771,0,0.0,0.0,
BTCUSDC_SHORT,HAIKU_AUGMENT_FRACTION,True,OK,0.0,2.771,-2.771,0,0.0,0.0,
BTCUSDC_SHORT,ATR_TRAIL_ENABLED,False,OK,0.0,2.771,-2.771,0,0.0,0.0,
BTCUSDC_SHORT,ATR_TRAIL_ENABLED,True,OK,0.0,2.771,-2.771,0,0.0,0.0,
BTCUSDC_SHORT,ATR_TRAIL_FILTER_TF,,OK,0.0,2.771,-2.771,0,0.0,0.0,
BTCUSDC_SHORT,ATR_TRAIL_FILTER_TF,3m,OK,0.0,2.771,-2.771,0,0.0,0.0,
BTCUSDC_SHORT,ATR_TRAIL_FILTER_TF,15m,OK,0.0,2.771,-2.771,0,0.0,0.0,
BTCUSDC_SHORT,ATR_TRAIL_FILTER_TF,1h,OK,0.0,2.771,-2.771,0,0.0,0.0,
BTCUSDC_SHORT,ATR_TRAIL_FILTER_TF,4h,OK,0.0,2.771,-2.771,0,0.0,0.0,
BTCUSDC_SHORT,ATR_TRAIL_FILTER_TF,D,OK,0.0,2.771,-2.771,0,0.0,0.0,
BTCUSDC_SHORT,ATR_TRAIL_MIN_TFS,0.0,OK,0.0,2.771,-2.771,0,0.0,0.0,
BTCUSDC_SHORT,ATR_TRAIL_MIN_TFS,1.0,OK,0.0,2.771,-2.771,0,0.0,0.0,
BTCUSDC_SHORT,ATR_TRAIL_MIN_TFS,2.0,OK,0.0,2.771,-2.771,0,0.0,0.0,
BTCUSDC_SHORT,ATR_TRAIL_MIN_TFS,3.0,OK,0.0,2.771,-2.771,0,0.0,0.0,
BTCUSDC_SHORT,BAR_PATTERNS_ENABLED,False,OK,0.0,2.771,-2.771,0,0.0,0.0,
BTCUSDC_SHORT,BAR_PATTERNS_ENABLED,True,OK,0.0,2.771,-2.771,0,0.0,0.0,
BTCUSDC_SHORT,BAR_PATTERNS_FILTER_TF,,OK,0.0,2.771,-2.771,0,0.0,0.0,
BTCUSDC_SHORT,BAR_PATTERNS_FILTER_TF,3m,OK,0.0,2.771,-2.771,0,0.0,0.0,
BTCUSDC_SHORT,BAR_PATTERNS_FILTER_TF,15m,OK,0.0,2.771,-2.771,0,0.0,0.0,
BTCUSDC_SHORT,BAR_PATTERNS_FILTER_TF,1h,OK,0.0,2.771,-2.771,0,0.0,0.0,
BTCUSDC_SHORT,BAR_PATTERNS_FILTER_TF,4h,OK,0.0,2.771,-2.771,0,0.0,0.0,
BTCUSDC_SHORT,BAR_PATTERNS_FILTER_TF,D,OK,0.0,2.771,-2.771,0,0.0,0.0,
BTCUSDC_SHORT,BAR_PATTERNS_MIN_TFS,,OK,0.0,2.771,-2.771,0,0.0,0.0,
BTCUSDC_SHORT,BB_PULLBACK_GATE_ENABLED,False,OK,0.0,2.771,-2.771,0,0.0,0.0,
BTCUSDC_SHORT,BB_PULLBACK_GATE_ENABLED,True,OK,0.0,2.771,-2.771,0,0.0,0.0,
BTCUSDC_SHORT,BB_PULLBACK_GATE_FILTER_TF,,OK,0.0,2.771,-2.771,0,0.0,0.0,
BTCUSDC_SHORT,BB_PULLBACK_GATE_FILTER_TF,3m,OK,0.0,2.771,-2.771,0,0.0,0.0,
BTCUSDC_SHORT,BB_PULLBACK_GATE_FILTER_TF,15m,OK,0.0,2.771,-2.771,0,0.0,0.0,
BTCUSDC_SHORT,BB_PULLBACK_GATE_FILTER_TF,1h,OK,0.0,2.771,-2.771,0,0.0,0.0,
BTCUSDC_SHORT,BB_PULLBACK_GATE_FILTER_TF,4h,OK,0.0,2.771,-2.771,0,0.0,0.0,
BTCUSDC_SHORT,BB_PULLBACK_GATE_FILTER_TF,D,OK,0.0,2.771,-2.771,0,0.0,0.0,
BTCUSDC_SHORT,BB_PULLBACK_GATE_MIN_TFS,0.0,OK,0.0,2.771,-2.771,0,0.0,0.0,
BTCUSDC_SHORT,BB_PULLBACK_GATE_MIN_TFS,1.0,OK,0.0,2.771,-2.771,0,0.0,0.0,
BTCUSDC_SHORT,BB_PULLBACK_GATE_MIN_TFS,2.0,OK,0.0,2.771,-2.771,0,0.0,0.0,
BTCUSDC_SHORT,BB_PULLBACK_GATE_MIN_TFS,3.0,OK,0.0,2.771,-2.771,0,0.0,0.0,
BTCUSDC_SHORT,BB_RECOVERY_ENABLED,False,OK,0.0,2.771,-2.771,0,0.0,0.0,
BTCUSDC_SHORT,BB_RECOVERY_ENABLED,True,OK,0.0,2.771,-2.771,0,0.0,0.0,
BTCUSDC_SHORT,BB_RECOVERY_FILTER_TF,,OK,0.0,2.771,-2.771,0,0.0,0.0,
BTCUSDC_SHORT,BB_RECOVERY_FILTER_TF,3m,OK,0.0,2.771,-2.771,0,0.0,0.0,
BTCUSDC_SHORT,BB_RECOVERY_FILTER_TF,15m,OK,0.0,2.771,-2.771,0,0.0,0.0,
BTCUSDC_SHORT,BB_RECOVERY_FILTER_TF,1h,OK,0.0,2.771,-2.771,0,0.0,0.0,
BTCUSDC_SHORT,BB_RECOVERY_FILTER_TF,4h,OK,0.0,2.771,-2.771,0,0.0,0.0,
BTCUSDC_SHORT,BB_RECOVERY_FILTER_TF,D,OK,0.0,2.771,-2.771,0,0.0,0.0,
BTCUSDC_SHORT,BB_RECOVERY_MIN_TFS,,OK,0.0,2.771,-2.771,0,0.0,0.0,
BTCUSDC_SHORT,BB_RECOVERY_ENTRY_ENABLED,False,OK,0.0,2.771,-2.771,0,0.0,0.0,
BTCUSDC_SHORT,BB_RECOVERY_ENTRY_ENABLED,True,OK,0.0,2.771,-2.771,0,0.0,0.0,
BTCUSDC_SHORT,BB_RECOVERY_ENTRY_FILTER_TF,,OK,0.0,2.771,-2.771,0,0.0,0.0,
BTCUSDC_SHORT,BB_RECOVERY_ENTRY_FILTER_TF,3m,OK,0.0,2.771,-2.771,0,0.0,0.0,
BTCUSDC_SHORT,BB_RECOVERY_ENTRY_FILTER_TF,15m,OK,0.0,2.771,-2.771,0,0.0,0.0,
BTCUSDC_SHORT,BB_RECOVERY_ENTRY_FILTER_TF,1h,OK,0.0,2.771,-2.771,0,0.0,0.0,
BTCUSDC_SHORT,BB_RECOVERY_ENTRY_FILTER_TF,4h,OK,0.0,2.771,-2.771,0,0.0,0.0,
BTCUSDC_SHORT,BB_RECOVERY_ENTRY_FILTER_TF,D,OK,0.0,2.771,-2.771,0,0.0,0.0,
BTCUSDC_SHORT,BB_RECOVERY_ENTRY_MIN_TFS,0.0,OK,0.0,2.771,-2.771,0,0.0,0.0,
BTCUSDC_SHORT,BB_RECOVERY_ENTRY_MIN_TFS,1.0,OK,0.0,2.771,-2.771,0,0.0,0.0,
BTCUSDC_SHORT,BB_RECOVERY_ENTRY_MIN_TFS,2.0,OK,0.0,2.771,-2.771,0,0.0,0.0,
BTCUSDC_SHORT,BB_RECOVERY_ENTRY_MIN_TFS,3.0,OK,0.0,2.771,-2.771,0,0.0,0.0,
BTCUSDC_SHORT,BREAKEVEN_GAIN_EROSION_ENABLED,False,OK,0.0,2.771,-2.771,0,0.0,0.0,
BTCUSDC_SHORT,BREAKEVEN_GAIN_EROSION_ENABLED,True,OK,0.0,2.771,-2.771,0,0.0,0.0,
BTCUSDC_SHORT,BREAKEVEN_GAIN_EROSION_FILTER_TF,,OK,0.0,2.771,-2.771,0,0.0,0.0,
BTCUSDC_SHORT,BREAKEVEN_GAIN_EROSION_FILTER_TF,3m,OK,0.0,2.771,-2.771,0,0.0,0.0,
BTCUSDC_SHORT,BREAKEVEN_GAIN_EROSION_FILTER_TF,15m,OK,0.0,2.771,-2.771,0,0.0,0.0,
BTCUSDC_SHORT,BREAKEVEN_GAIN_EROSION_FILTER_TF,1h,OK,0.0,2.771,-2.771,0,0.0,0.0,
BTCUSDC_SHORT,BREAKEVEN_GAIN_EROSION_FILTER_TF,4h,OK,0.0,2.771,-2.771,0,0.0,0.0,
BTCUSDC_SHORT,BREAKEVEN_GAIN_EROSION_FILTER_TF,D,OK,0.0,2.771,-2.771,0,0.0,0.0,
BTCUSDC_SHORT,BREAKEVEN_GAIN_EROSION_MIN_TFS,0.0,OK,0.0,2.771,-2.771,0,0.0,0.0,
BTCUSDC_SHORT,BREAKEVEN_GAIN_EROSION_MIN_TFS,1.0,OK,0.0,2.771,-2.771,0,0.0,0.0,
BTCUSDC_SHORT,BREAKEVEN_GAIN_EROSION_MIN_TFS,2.0,OK,0.0,2.771,-2.771,0,0.0,0.0,
BTCUSDC_SHORT,BREAKEVEN_GAIN_EROSION_MIN_TFS,3.0,OK,0.0,2.771,-2.771,0,0.0,0.0,
BTCUSDC_SHORT,BREAKOUT_RETEST_ENABLED,False,OK,0.0,2.771,-2.771,0,0.0,0.0,
BTCUSDC_SHORT,BREAKOUT_RETEST_ENABLED,True,OK,0.0,2.771,-2.771,0,0.0,0.0,
BTCUSDC_SHORT,BREAKOUT_RETEST_FILTER_TF,,OK,0.0,2.771,-2.771,0,0.0,0.0,
BTCUSDC_SHORT,BREAKOUT_RETEST_FILTER_TF,3m,OK,0.0,2.771,-2.771,0,0.0,0.0,
BTCUSDC_SHORT,BREAKOUT_RETEST_FILTER_TF,15m,OK,0.0,2.771,-2.771,0,0.0,0.0,
BTCUSDC_SHORT,BREAKOUT_RETEST_FILTER_TF,1h,OK,0.0,2.771,-2.771,0,0.0,0.0,
BTCUSDC_SHORT,BREAKOUT_RETEST_FILTER_TF,4h,OK,0.0,2.771,-2.771,0,0.0,0.0,
BTCUSDC_SHORT,BREAKOUT_RETEST_FILTER_TF,D,OK,0.0,2.771,-2.771,0,0.0,0.0,
BTCUSDC_SHORT,BREAKOUT_RETEST_MIN_TFS,0.0,OK,0.0,2.771,-2.771,0,0.0,0.0,
BTCUSDC_SHORT,BREAKOUT_RETEST_MIN_TFS,1.0,OK,0.0,2.771,-2.771,0,0.0,0.0,
BTCUSDC_SHORT,BREAKOUT_RETEST_MIN_TFS,2.0,OK,0.0,2.771,-2.771,0,0.0,0.0,
BTCUSDC_SHORT,BREAKOUT_RETEST_MIN_TFS,3.0,OK,0.0,2.771,-2.771,0,0.0,0.0,
BTCUSDC_SHORT,BT_WT_CROSS_LADDER_ENABLED,,OK,0.0,2.771,-2.771,0,0.0,0.0,
BTCUSDC_SHORT,BT_WT_CROSS_LADDER_FILTER_TF,,OK,0.0,2.771,-2.771,0,0.0,0.0,
BTCUSDC_SHORT,BT_WT_CROSS_LADDER_FILTER_TF,3m,OK,0.0,2.771,-2.771,0,0.0,0.0,
BTCUSDC_SHORT,BT_WT_CROSS_LADDER_FILTER_TF,15m,OK,0.0,2.771,-2.771,0,0.0,0.0,
BTCUSDC_SHORT,BT_WT_CROSS_LADDER_FILTER_TF,1h,OK,0.0,2.771,-2.771,0,0.0,0.0,
BTCUSDC_SHORT,BT_WT_CROSS_LADDER_FILTER_TF,4h,OK,0.0,2.771,-2.771,0,0.0,0.0,
BTCUSDC_SHORT,BT_WT_CROSS_LADDER_FILTER_TF,D,OK,0.0,2.771,-2.771,0,0.0,0.0,
BTCUSDC_SHORT,BT_WT_CROSS_LADDER_MIN_TFS,,OK,0.0,2.771,-2.771,0,0.0,0.0,
BTCUSDC_SHORT,BTC_DEDICATED_FILTER_TF,,OK,0.0,2.771,-2.771,0,0.0,0.0,
BTCUSDC_SHORT,BTC_DEDICATED_FILTER_TF,3m,OK,0.0,2.771,-2.771,0,0.0,0.0,
BTCUSDC_SHORT,BTC_DEDICATED_FILTER_TF,15m,OK,0.0,2.771,-2.771,0,0.0,0.0,
BTCUSDC_SHORT,BTC_DEDICATED_FILTER_TF,1h,OK,0.0,2.771,-2.771,0,0.0,0.0,
BTCUSDC_SHORT,BTC_DEDICATED_FILTER_TF,4h,OK,0.0,2.771,-2.771,0,0.0,0.0,
BTCUSDC_SHORT,BTC_DEDICATED_FILTER_TF,D,OK,0.0,2.771,-2.771,0,0.0,0.0,
BTCUSDC_SHORT,BTC_DEDICATED_MIN_TFS,,OK,0.0,2.771,-2.771,0,0.0,0.0,
BTCUSDC_SHORT,CANDLE_PATTERN_STOPS_ENABLED,False,OK,0.0,2.771,-2.771,0,0.0,0.0,
BTCUSDC_SHORT,CANDLE_PATTERN_STOPS_ENABLED,True,OK,0.0,2.771,-2.771,0,0.0,0.0,
BTCUSDC_SHORT,CANDLE_PATTERN_STOPS_FILTER_TF,,OK,0.0,2.771,-2.771,0,0.0,0.0,
BTCUSDC_SHORT,CANDLE_PATTERN_STOPS_FILTER_TF,3m,OK,0.0,2.771,-2.771,0,0.0,0.0,
BTCUSDC_SHORT,CANDLE_PATTERN_STOPS_FILTER_TF,15m,OK,0.0,2.771,-2.771,0,0.0,0.0,
BTCUSDC_SHORT,CANDLE_PATTERN_STOPS_FILTER_TF,1h,OK,0.0,2.771,-2.771,0,0.0,0.0,
BTCUSDC_SHORT,CANDLE_PATTERN_STOPS_FILTER_TF,4h,OK,0.0,2.771,-2.771,0,0.0,0.0,
BTCUSDC_SHORT,CANDLE_PATTERN_STOPS_FILTER_TF,D,OK,0.0,2.771,-2.771,0,0.0,0.0,
BTCUSDC_SHORT,CANDLE_PATTERN_STOPS_MIN_TFS,0.0,OK,0.0,2.771,-2.771,0,0.0,0.0,
BTCUSDC_SHORT,CANDLE_PATTERN_STOPS_MIN_TFS,1.0,OK,0.0,2.771,-2.771,0,0.0,0.0,
BTCUSDC_SHORT,CANDLE_PATTERN_STOPS_MIN_TFS,2.0,OK,0.0,2.771,-2.771,0,0.0,0.0,
BTCUSDC_SHORT,CANDLE_PATTERN_STOPS_MIN_TFS,3.0,OK,0.0,2.771,-2.771,0,0.0,0.0,
BTCUSDC_SHORT,CIRCUIT_SHARPE_GATES_ENABLED,False,OK,0.0,2.771,-2.771,0,0.0,0.0,
BTCUSDC_SHORT,CIRCUIT_SHARPE_GATES_ENABLED,True,OK,0.0,2.771,-2.771,0,0.0,0.0,
BTCUSDC_SHORT,CIRCUIT_SHARPE_GATES_FILTER_TF,,OK,0.0,2.771,-2.771,0,0.0,0.0,
BTCUSDC_SHORT,CIRCUIT_SHARPE_GATES_FILTER_TF,3m,OK,0.0,2.771,-2.771,0,0.0,0.0,
BTCUSDC_SHORT,CIRCUIT_SHARPE_GATES_FILTER_TF,15m,OK,0.0,2.771,-2.771,0,0.0,0.0,
BTCUSDC_SHORT,CIRCUIT_SHARPE_GATES_FILTER_TF,1h,OK,0.0,2.771,-2.771,0,0.0,0.0,
BTCUSDC_SHORT,CIRCUIT_SHARPE_GATES_FILTER_TF,4h,OK,0.0,2.771,-2.771,0,0.0,0.0,
BTCUSDC_SHORT,CIRCUIT_SHARPE_GATES_FILTER_TF,D,OK,0.0,2.771,-2.771,0,0.0,0.0,
BTCUSDC_SHORT,CIRCUIT_SHARPE_GATES_MIN_TFS,0.0,OK,0.0,2.771,-2.771,0,0.0,0.0,
BTCUSDC_SHORT,CIRCUIT_SHARPE_GATES_MIN_TFS,1.0,OK,0.0,2.771,-2.771,0,0.0,0.0,
BTCUSDC_SHORT,CIRCUIT_SHARPE_GATES_MIN_TFS,2.0,OK,0.0,2.771,-2.771,0,0.0,0.0,
BTCUSDC_SHORT,CIRCUIT_SHARPE_GATES_MIN_TFS,3.0,OK,0.0,2.771,-2.771,0,0.0,0.0,
BTCUSDC_SHORT,COOLDOWN_LOCKS_ENABLED,,OK,0.0,2.771,-2.771,0,0.0,0.0,
BTCUSDC_SHORT,COOLDOWN_LOCKS_FILTER_TF,,OK,0.0,2.771,-2.771,0,0.0,0.0,
BTCUSDC_SHORT,COOLDOWN_LOCKS_FILTER_TF,3m,OK,0.0,2.771,-2.771,0,0.0,0.0,
BTCUSDC_SHORT,COOLDOWN_LOCKS_FILTER_TF,15m,OK,0.0,2.771,-2.771,0,0.0,0.0,
BTCUSDC_SHORT,COOLDOWN_LOCKS_FILTER_TF,1h,OK,0.0,2.771,-2.771,0,0.0,0.0,
BTCUSDC_SHORT,COOLDOWN_LOCKS_FILTER_TF,4h,OK,0.0,2.771,-2.771,0,0.0,0.0,
BTCUSDC_SHORT,COOLDOWN_LOCKS_FILTER_TF,D,OK,0.0,2.771,-2.771,0,0.0,0.0,
BTCUSDC_SHORT,COOLDOWN_LOCKS_MIN_TFS,,OK,0.0,2.771,-2.771,0,0.0,0.0,
BTCUSDC_SHORT,DC_BREACH_REDUCE_ENABLED,False,OK,0.0,2.771,-2.771,0,0.0,0.0,
BTCUSDC_SHORT,DC_BREACH_REDUCE_ENABLED,True,OK,0.0,2.771,-2.771,0,0.0,0.0,
BTCUSDC_SHORT,DC_BREACH_REDUCE_FILTER_TF,,OK,0.0,2.771,-2.771,0,0.0,0.0,
BTCUSDC_SHORT,DC_BREACH_REDUCE_FILTER_TF,3m,OK,0.0,2.771,-2.771,0,0.0,0.0,
BTCUSDC_SHORT,DC_BREACH_REDUCE_FILTER_TF,15m,OK,0.0,2.771,-2.771,0,0.0,0.0,
BTCUSDC_SHORT,DC_BREACH_REDUCE_FILTER_TF,1h,OK,0.0,2.771,-2.771,0,0.0,0.0,
BTCUSDC_SHORT,DC_BREACH_REDUCE_FILTER_TF,4h,OK,0.0,2.771,-2.771,0,0.0,0.0,
BTCUSDC_SHORT,DC_BREACH_REDUCE_FILTER_TF,D,OK,0.0,2.771,-2.771,0,0.0,0.0,
BTCUSDC_SHORT,DC_BREACH_REDUCE_MIN_TFS,0.0,OK,0.0,2.771,-2.771,0,0.0,0.0,
BTCUSDC_SHORT,DC_BREACH_REDUCE_MIN_TFS,1.0,OK,0.0,2.771,-2.771,0,0.0,0.0,
BTCUSDC_SHORT,DC_BREACH_REDUCE_MIN_TFS,2.0,OK,0.0,2.771,-2.771,0,0.0,0.0,
BTCUSDC_SHORT,DC_BREACH_REDUCE_MIN_TFS,3.0,OK,0.0,2.771,-2.771,0,0.0,0.0,
BTCUSDC_SHORT,DC_BREAK_ENABLED,,OK,0.0,2.771,-2.771,0,0.0,0.0,
BTCUSDC_SHORT,DC_BREAK_FILTER_TF,,OK,0.0,2.771,-2.771,0,0.0,0.0,
BTCUSDC_SHORT,DC_BREAK_FILTER_TF,3m,OK,0.0,2.771,-2.771,0,0.0,0.0,
BTCUSDC_SHORT,DC_BREAK_FILTER_TF,15m,OK,0.0,2.771,-2.771,0,0.0,0.0,
BTCUSDC_SHORT,DC_BREAK_FILTER_TF,1h,OK,0.0,2.771,-2.771,0,0.0,0.0,
BTCUSDC_SHORT,DC_BREAK_FILTER_TF,4h,OK,0.0,2.771,-2.771,0,0.0,0.0,
BTCUSDC_SHORT,DC_BREAK_FILTER_TF,D,OK,0.0,2.771,-2.771,0,0.0,0.0,
BTCUSDC_SHORT,DC_BREAK_MIN_TFS,,OK,0.0,2.771,-2.771,0,0.0,0.0,
BTCUSDC_SHORT,DC_MOMENTUM_BOTA_SCORER_ENABLED,,OK,0.0,2.771,-2.771,0,0.0,0.0,
BTCUSDC_SHORT,DC_MOMENTUM_BOTA_SCORER_FILTER_TF,,OK,0.0,2.771,-2.771,0,0.0,0.0,
BTCUSDC_SHORT,DC_MOMENTUM_BOTA_SCORER_FILTER_TF,3m,OK,0.0,2.771,-2.771,0,0.0,0.0,
BTCUSDC_SHORT,DC_MOMENTUM_BOTA_SCORER_FILTER_TF,15m,OK,0.0,2.771,-2.771,0,0.0,0.0,
BTCUSDC_SHORT,DC_MOMENTUM_BOTA_SCORER_FILTER_TF,1h,OK,0.0,2.771,-2.771,0,0.0,0.0,
BTCUSDC_SHORT,DC_MOMENTUM_BOTA_SCORER_FILTER_TF,4h,OK,0.0,2.771,-2.771,0,0.0,0.0,
BTCUSDC_SHORT,DC_MOMENTUM_BOTA_SCORER_FILTER_TF,D,OK,0.0,2.771,-2.771,0,0.0,0.0,
BTCUSDC_SHORT,DC_MOMENTUM_BOTA_SCORER_MIN_TFS,,OK,0.0,2.771,-2.771,0,0.0,0.0,
BTCUSDC_SHORT,DELTA_ENGINE_ENABLED,False,OK,0.0,2.771,-2.771,0,0.0,0.0,
BTCUSDC_SHORT,DELTA_ENGINE_ENABLED,True,OK,0.0,2.771,-2.771,0,0.0,0.0,
BTCUSDC_SHORT,DELTA_ENGINE_FILTER_TF,,OK,0.0,2.771,-2.771,0,0.0,0.0,
BTCUSDC_SHORT,DELTA_ENGINE_FILTER_TF,3m,OK,0.0,2.771,-2.771,0,0.0,0.0,
BTCUSDC_SHORT,DELTA_ENGINE_FILTER_TF,15m,OK,0.0,2.771,-2.771,0,0.0,0.0,
BTCUSDC_SHORT,DELTA_ENGINE_FILTER_TF,1h,OK,0.0,2.771,-2.771,0,0.0,0.0,
BTCUSDC_SHORT,DELTA_ENGINE_FILTER_TF,4h,OK,0.0,2.771,-2.771,0,0.0,0.0,
BTCUSDC_SHORT,DELTA_ENGINE_FILTER_TF,D,OK,0.0,2.771,-2.771,0,0.0,0.0,
BTCUSDC_SHORT,DELTA_ENGINE_MIN_TFS,,OK,0.0,2.771,-2.771,0,0.0,0.0,
BTCUSDC_SHORT,DUP_GUARD_ENABLED,,OK,0.0,2.771,-2.771,0,0.0,0.0,
BTCUSDC_SHORT,DUP_GUARD_FILTER_TF,,OK,0.0,2.771,-2.771,0,0.0,0.0,
BTCUSDC_SHORT,DUP_GUARD_FILTER_TF,3m,OK,0.0,2.771,-2.771,0,0.0,0.0,
BTCUSDC_SHORT,DUP_GUARD_FILTER_TF,15m,OK,0.0,2.771,-2.771,0,0.0,0.0,
BTCUSDC_SHORT,DUP_GUARD_FILTER_TF,1h,OK,0.0,2.771,-2.771,0,0.0,0.0,
BTCUSDC_SHORT,DUP_GUARD_FILTER_TF,4h,OK,0.0,2.771,-2.771,0,0.0,0.0,
BTCUSDC_SHORT,DUP_GUARD_FILTER_TF,D,OK,0.0,2.771,-2.771,0,0.0,0.0,
BTCUSDC_SHORT,DUP_GUARD_MIN_TFS,,OK,0.0,2.771,-2.771,0,0.0,0.0,
BTCUSDC_SHORT,E2E_REPLAY_VALIDATOR_ENABLED,,OK,0.0,2.771,-2.771,0,0.0,0.0,
BTCUSDC_SHORT,E2E_REPLAY_VALIDATOR_FILTER_TF,,OK,0.0,2.771,-2.771,0,0.0,0.0,
BTCUSDC_SHORT,E2E_REPLAY_VALIDATOR_MIN_TFS,,OK,0.0,2.771,-2.771,0,0.0,0.0,
BTCUSDC_SHORT,EMA_9_21_FILTER_FILTER_TF,,OK,0.0,2.771,-2.771,0,0.0,0.0,
BTCUSDC_SHORT,EMA_9_21_FILTER_FILTER_TF,3m,OK,0.0,2.771,-2.771,0,0.0,0.0,
BTCUSDC_SHORT,EMA_9_21_FILTER_FILTER_TF,15m,OK,0.0,2.771,-2.771,0,0.0,0.0,
BTCUSDC_SHORT,EMA_9_21_FILTER_FILTER_TF,1h,OK,0.0,2.771,-2.771,0,0.0,0.0,
BTCUSDC_SHORT,EMA_9_21_FILTER_FILTER_TF,4h,OK,0.0,2.771,-2.771,0,0.0,0.0,
BTCUSDC_SHORT,EMA_9_21_FILTER_FILTER_TF,D,OK,0.0,2.771,-2.771,0,0.0,0.0,
BTCUSDC_SHORT,EMA_9_21_FILTER_MIN_TFS,0.0,OK,0.0,2.771,-2.771,0,0.0,0.0,
BTCUSDC_SHORT,EMA_9_21_FILTER_MIN_TFS,1.0,OK,0.0,2.771,-2.771,0,0.0,0.0,
BTCUSDC_SHORT,EMA_9_21_FILTER_MIN_TFS,2.0,OK,0.0,2.771,-2.771,0,0.0,0.0,
BTCUSDC_SHORT,EMA_9_21_FILTER_MIN_TFS,3.0,OK,0.0,2.771,-2.771,0,0.0,0.0,
BTCUSDC_SHORT,EMA_BLANKET_FILTER_ENABLED,False,OK,0.0,2.771,-2.771,0,0.0,0.0,
BTCUSDC_SHORT,EMA_BLANKET_FILTER_ENABLED,True,OK,0.0,2.771,-2.771,0,0.0,0.0,
BTCUSDC_SHORT,EMA_BLANKET_FILTER_FILTER_TF,,OK,0.0,2.771,-2.771,0,0.0,0.0,
BTCUSDC_SHORT,EMA_BLANKET_FILTER_FILTER_TF,3m,OK,0.0,2.771,-2.771,0,0.0,0.0,
BTCUSDC_SHORT,EMA_BLANKET_FILTER_FILTER_TF,15m,OK,0.0,2.771,-2.771,0,0.0,0.0,
BTCUSDC_SHORT,EMA_BLANKET_FILTER_FILTER_TF,1h,OK,0.0,2.771,-2.771,0,0.0,0.0,
BTCUSDC_SHORT,EMA_BLANKET_FILTER_FILTER_TF,4h,OK,0.0,2.771,-2.771,0,0.0,0.0,
BTCUSDC_SHORT,EMA_BLANKET_FILTER_FILTER_TF,D,OK,0.0,2.771,-2.771,0,0.0,0.0,
BTCUSDC_SHORT,EMA_BLANKET_FILTER_MIN_TFS,0.0,OK,0.0,2.771,-2.771,0,0.0,0.0,
BTCUSDC_SHORT,EMA_BLANKET_FILTER_MIN_TFS,1.0,OK,0.0,2.771,-2.771,0,0.0,0.0,
BTCUSDC_SHORT,EMA_BLANKET_FILTER_MIN_TFS,2.0,OK,0.0,2.771,-2.771,0,0.0,0.0,
BTCUSDC_SHORT,EMA_BLANKET_FILTER_MIN_TFS,3.0,OK,0.0,2.771,-2.771,0,0.0,0.0,
BTCUSDC_SHORT,EMERGENCY_BRAKE_ENABLED,,OK,0.0,2.771,-2.771,0,0.0,0.0,
BTCUSDC_SHORT,EMERGENCY_BRAKE_FILTER_TF,,OK,0.0,2.771,-2.771,0,0.0,0.0,
BTCUSDC_SHORT,EMERGENCY_BRAKE_FILTER_TF,3m,OK,0.0,2.771,-2.771,0,0.0,0.0,
BTCUSDC_SHORT,EMERGENCY_BRAKE_FILTER_TF,15m,OK,0.0,2.771,-2.771,0,0.0,0.0,
BTCUSDC_SHORT,EMERGENCY_BRAKE_FILTER_TF,1h,OK,0.0,2.771,-2.771,0,0.0,0.0,
BTCUSDC_SHORT,EMERGENCY_BRAKE_FILTER_TF,4h,OK,0.0,2.771,-2.771,0,0.0,0.0,
BTCUSDC_SHORT,EMERGENCY_BRAKE_FILTER_TF,D,OK,0.0,2.771,-2.771,0,0.0,0.0,
BTCUSDC_SHORT,EMERGENCY_BRAKE_MIN_TFS,,OK,0.0,2.771,-2.771,0,0.0,0.0,
BTCUSDC_SHORT,EXHAUSTION_EXIT_ENABLED,,OK,0.0,2.771,-2.771,0,0.0,0.0,
BTCUSDC_SHORT,EXHAUSTION_EXIT_FILTER_TF,,OK,0.0,2.771,-2.771,0,0.0,0.0,
BTCUSDC_SHORT,EXHAUSTION_EXIT_MIN_TFS,,OK,0.0,2.771,-2.771,0,0.0,0.0,
BTCUSDC_SHORT,EXIT_R1_R2_ENABLED,False,OK,0.0,2.771,-2.771,0,0.0,0.0,
BTCUSDC_SHORT,EXIT_R1_R2_ENABLED,True,OK,0.0,2.771,-2.771,0,0.0,0.0,
BTCUSDC_SHORT,EXIT_R1_R2_FILTER_TF,,OK,0.0,2.771,-2.771,0,0.0,0.0,
BTCUSDC_SHORT,EXIT_R1_R2_FILTER_TF,3m,OK,0.0,2.771,-2.771,0,0.0,0.0,
BTCUSDC_SHORT,EXIT_R1_R2_FILTER_TF,15m,OK,0.0,2.771,-2.771,0,0.0,0.0,
BTCUSDC_SHORT,EXIT_R1_R2_FILTER_TF,1h,OK,0.0,2.771,-2.771,0,0.0,0.0,
BTCUSDC_SHORT,EXIT_R1_R2_FILTER_TF,4h,OK,0.0,2.771,-2.771,0,0.0,0.0,
BTCUSDC_SHORT,EXIT_R1_R2_FILTER_TF,D,OK,0.0,2.771,-2.771,0,0.0,0.0,
BTCUSDC_SHORT,EXIT_R1_R2_MIN_TFS,0.0,OK,0.0,2.771,-2.771,0,0.0,0.0,
BTCUSDC_SHORT,EXIT_R1_R2_MIN_TFS,1.0,OK,0.0,2.771,-2.771,0,0.0,0.0,
BTCUSDC_SHORT,EXIT_R1_R2_MIN_TFS,2.0,OK,0.0,2.771,-2.771,0,0.0,0.0,
BTCUSDC_SHORT,EXIT_R1_R2_MIN_TFS,3.0,OK,0.0,2.771,-2.771,0,0.0,0.0,
BTCUSDC_SHORT,EXIT_TIGHT_BREAKOUT_SCORER_ENABLED,False,OK,0.0,2.771,-2.771,0,0.0,0.0,
BTCUSDC_SHORT,EXIT_TIGHT_BREAKOUT_SCORER_ENABLED,True,OK,0.0,2.771,-2.771,0,0.0,0.0,
BTCUSDC_SHORT,EXIT_TIGHT_BREAKOUT_SCORER_FILTER_TF,,OK,0.0,2.771,-2.771,0,0.0,0.0,
BTCUSDC_SHORT,EXIT_TIGHT_BREAKOUT_SCORER_FILTER_TF,3m,OK,0.0,2.771,-2.771,0,0.0,0.0,
BTCUSDC_SHORT,EXIT_TIGHT_BREAKOUT_SCORER_FILTER_TF,15m,OK,0.0,2.771,-2.771,0,0.0,0.0,
BTCUSDC_SHORT,EXIT_TIGHT_BREAKOUT_SCORER_FILTER_TF,1h,OK,0.0,2.771,-2.771,0,0.0,0.0,
BTCUSDC_SHORT,EXIT_TIGHT_BREAKOUT_SCORER_FILTER_TF,4h,OK,0.0,2.771,-2.771,0,0.0,0.0,
BTCUSDC_SHORT,EXIT_TIGHT_BREAKOUT_SCORER_FILTER_TF,D,OK,0.0,2.771,-2.771,0,0.0,0.0,
BTCUSDC_SHORT,EXIT_TIGHT_BREAKOUT_SCORER_MIN_TFS,0.0,OK,0.0,2.771,-2.771,0,0.0,0.0,
BTCUSDC_SHORT,EXIT_TIGHT_BREAKOUT_SCORER_MIN_TFS,1.0,OK,0.0,2.771,-2.771,0,0.0,0.0,
BTCUSDC_SHORT,EXIT_TIGHT_BREAKOUT_SCORER_MIN_TFS,2.0,OK,0.0,2.771,-2.771,0,0.0,0.0,
BTCUSDC_SHORT,EXIT_TIGHT_BREAKOUT_SCORER_MIN_TFS,3.0,OK,0.0,2.771,-2.771,0,0.0,0.0,
BTCUSDC_SHORT,EXIT_TO_REDUCE_ADAPTER_ENABLED,False,OK,0.0,2.771,-2.771,0,0.0,0.0,
BTCUSDC_SHORT,EXIT_TO_REDUCE_ADAPTER_ENABLED,True,OK,0.0,2.771,-2.771,0,0.0,0.0,
BTCUSDC_SHORT,EXIT_TO_REDUCE_ADAPTER_FILTER_TF,,OK,0.0,2.771,-2.771,0,0.0,0.0,
BTCUSDC_SHORT,EXIT_TO_REDUCE_ADAPTER_FILTER_TF,3m,OK,0.0,2.771,-2.771,0,0.0,0.0,
BTCUSDC_SHORT,EXIT_TO_REDUCE_ADAPTER_FILTER_TF,15m,OK,0.0,2.771,-2.771,0,0.0,0.0,
BTCUSDC_SHORT,EXIT_TO_REDUCE_ADAPTER_FILTER_TF,1h,OK,0.0,2.771,-2.771,0,0.0,0.0,
BTCUSDC_SHORT,EXIT_TO_REDUCE_ADAPTER_FILTER_TF,4h,OK,0.0,2.771,-2.771,0,0.0,0.0,
BTCUSDC_SHORT,EXIT_TO_REDUCE_ADAPTER_FILTER_TF,D,OK,0.0,2.771,-2.771,0,0.0,0.0,
BTCUSDC_SHORT,EXIT_TO_REDUCE_ADAPTER_MIN_TFS,0.0,OK,0.0,2.771,-2.771,0,0.0,0.0,
BTCUSDC_SHORT,EXIT_TO_REDUCE_ADAPTER_MIN_TFS,1.0,OK,0.0,2.771,-2.771,0,0.0,0.0,
BTCUSDC_SHORT,EXIT_TO_REDUCE_ADAPTER_MIN_TFS,2.0,OK,0.0,2.771,-2.771,0,0.0,0.0,
BTCUSDC_SHORT,EXIT_TO_REDUCE_ADAPTER_MIN_TFS,3.0,OK,0.0,2.771,-2.771,0,0.0,0.0,
BTCUSDC_SHORT,EXIT_TOP_FADE_ENABLED,False,OK,0.0,2.771,-2.771,0,0.0,0.0,
BTCUSDC_SHORT,EXIT_TOP_FADE_ENABLED,True,OK,0.0,2.771,-2.771,0,0.0,0.0,
BTCUSDC_SHORT,EXIT_TOP_FADE_FILTER_TF,,OK,0.0,2.771,-2.771,0,0.0,0.0,
BTCUSDC_SHORT,EXIT_TOP_FADE_FILTER_TF,3m,OK,0.0,2.771,-2.771,0,0.0,0.0,
BTCUSDC_SHORT,EXIT_TOP_FADE_FILTER_TF,15m,OK,0.0,2.771,-2.771,0,0.0,0.0,
BTCUSDC_SHORT,EXIT_TOP_FADE_FILTER_TF,1h,OK,0.0,2.771,-2.771,0,0.0,0.0,
BTCUSDC_SHORT,EXIT_TOP_FADE_FILTER_TF,4h,OK,0.0,2.771,-2.771,0,0.0,0.0,
BTCUSDC_SHORT,EXIT_TOP_FADE_FILTER_TF,D,OK,0.0,2.771,-2.771,0,0.0,0.0,
BTCUSDC_SHORT,EXIT_TOP_FADE_MIN_TFS,0.0,OK,0.0,2.771,-2.771,0,0.0,0.0,
BTCUSDC_SHORT,EXIT_TOP_FADE_MIN_TFS,1.0,OK,0.0,2.771,-2.771,0,0.0,0.0,
BTCUSDC_SHORT,EXIT_TOP_FADE_MIN_TFS,2.0,OK,0.0,2.771,-2.771,0,0.0,0.0,
BTCUSDC_SHORT,EXIT_TOP_FADE_MIN_TFS,3.0,OK,0.0,2.771,-2.771,0,0.0,0.0,
BTCUSDC_SHORT,FAST_RISER_ENABLED,,OK,0.0,2.771,-2.771,0,0.0,0.0,
BTCUSDC_SHORT,FAST_RISER_FILTER_TF,,OK,0.0,2.771,-2.771,0,0.0,0.0,
BTCUSDC_SHORT,FAST_RISER_FILTER_TF,3m,OK,0.0,2.771,-2.771,0,0.0,0.0,
BTCUSDC_SHORT,FAST_RISER_FILTER_TF,15m,OK,0.0,2.771,-2.771,0,0.0,0.0,
BTCUSDC_SHORT,FAST_RISER_FILTER_TF,1h,OK,0.0,2.771,-2.771,0,0.0,0.0,
BTCUSDC_SHORT,FAST_RISER_FILTER_TF,4h,OK,0.0,2.771,-2.771,0,0.0,0.0,
BTCUSDC_SHORT,FAST_RISER_FILTER_TF,D,OK,0.0,2.771,-2.771,0,0.0,0.0,
BTCUSDC_SHORT,FAST_RISER_MIN_TFS,,OK,0.0,2.771,-2.771,0,0.0,0.0,
BTCUSDC_SHORT,FH_MOMENTUM_ENABLED,False,OK,0.0,2.771,-2.771,0,0.0,0.0,
BTCUSDC_SHORT,FH_MOMENTUM_ENABLED,True,OK,0.0,2.771,-2.771,0,0.0,0.0,
BTCUSDC_SHORT,FH_MOMENTUM_FILTER_TF,,OK,0.0,2.771,-2.771,0,0.0,0.0,
BTCUSDC_SHORT,FH_MOMENTUM_FILTER_TF,3m,OK,0.0,2.771,-2.771,0,0.0,0.0,
BTCUSDC_SHORT,FH_MOMENTUM_FILTER_TF,15m,OK,0.0,2.771,-2.771,0,0.0,0.0,
BTCUSDC_SHORT,FH_MOMENTUM_FILTER_TF,1h,OK,0.0,2.771,-2.771,0,0.0,0.0,
BTCUSDC_SHORT,FH_MOMENTUM_FILTER_TF,4h,OK,0.0,2.771,-2.771,0,0.0,0.0,
BTCUSDC_SHORT,FH_MOMENTUM_FILTER_TF,D,OK,0.0,2.771,-2.771,0,0.0,0.0,
BTCUSDC_SHORT,FH_MOMENTUM_MIN_TFS,,OK,0.0,2.771,-2.771,0,0.0,0.0,
BTCUSDC_SHORT,FIRST_OPEN_THROTTLE_ENABLED,False,OK,0.0,2.771,-2.771,0,0.0,0.0,
BTCUSDC_SHORT,FIRST_OPEN_THROTTLE_ENABLED,True,OK,0.0,2.771,-2.771,0,0.0,0.0,
BTCUSDC_SHORT,FIRST_OPEN_THROTTLE_FILTER_TF,,OK,0.0,2.771,-2.771,0,0.0,0.0,
BTCUSDC_SHORT,FIRST_OPEN_THROTTLE_FILTER_TF,3m,OK,0.0,2.771,-2.771,0,0.0,0.0,
BTCUSDC_SHORT,FIRST_OPEN_THROTTLE_FILTER_TF,15m,OK,0.0,2.771,-2.771,0,0.0,0.0,
BTCUSDC_SHORT,FIRST_OPEN_THROTTLE_FILTER_TF,1h,OK,0.0,2.771,-2.771,0,0.0,0.0,
BTCUSDC_SHORT,FIRST_OPEN_THROTTLE_FILTER_TF,4h,OK,0.0,2.771,-2.771,0,0.0,0.0,
BTCUSDC_SHORT,FIRST_OPEN_THROTTLE_FILTER_TF,D,OK,0.0,2.771,-2.771,0,0.0,0.0,
BTCUSDC_SHORT,FIRST_OPEN_THROTTLE_MIN_TFS,0.0,OK,0.0,2.771,-2.771,0,0.0,0.0,
BTCUSDC_SHORT,FIRST_OPEN_THROTTLE_MIN_TFS,1.0,OK,0.0,2.771,-2.771,0,0.0,0.0,
BTCUSDC_SHORT,FIRST_OPEN_THROTTLE_MIN_TFS,2.0,OK,0.0,2.771,-2.771,0,0.0,0.0,
BTCUSDC_SHORT,FIRST_OPEN_THROTTLE_MIN_TFS,3.0,OK,0.0,2.771,-2.771,0,0.0,0.0,
BTCUSDC_SHORT,FROZEN_STOP_ENABLED,False,OK,0.0,2.771,-2.771,0,0.0,0.0,
BTCUSDC_SHORT,FROZEN_STOP_ENABLED,True,OK,0.0,2.771,-2.771,0,0.0,0.0,
BTCUSDC_SHORT,FROZEN_STOP_FILTER_TF,,OK,0.0,2.771,-2.771,0,0.0,0.0,
BTCUSDC_SHORT,FROZEN_STOP_FILTER_TF,3m,OK,0.0,2.771,-2.771,0,0.0,0.0,
BTCUSDC_SHORT,FROZEN_STOP_FILTER_TF,15m,OK,0.0,2.771,-2.771,0,0.0,0.0,
BTCUSDC_SHORT,FROZEN_STOP_FILTER_TF,1h,OK,0.0,2.771,-2.771,0,0.0,0.0,
BTCUSDC_SHORT,FROZEN_STOP_FILTER_TF,4h,OK,0.0,2.771,-2.771,0,0.0,0.0,
BTCUSDC_SHORT,FROZEN_STOP_FILTER_TF,D,OK,0.0,2.771,-2.771,0,0.0,0.0,
BTCUSDC_SHORT,FROZEN_STOP_MIN_TFS,0.0,OK,0.0,2.771,-2.771,0,0.0,0.0,
BTCUSDC_SHORT,FROZEN_STOP_MIN_TFS,1.0,OK,0.0,2.771,-2.771,0,0.0,0.0,
BTCUSDC_SHORT,FROZEN_STOP_MIN_TFS,2.0,OK,0.0,2.771,-2.771,0,0.0,0.0,
BTCUSDC_SHORT,FROZEN_STOP_MIN_TFS,3.0,OK,0.0,2.771,-2.771,0,0.0,0.0,
BTCUSDC_SHORT,FUNDING_GATE_FILTER_TF,,OK,0.0,2.771,-2.771,0,0.0,0.0,
BTCUSDC_SHORT,FUNDING_GATE_FILTER_TF,3m,OK,0.0,2.771,-2.771,0,0.0,0.0,
BTCUSDC_SHORT,FUNDING_GATE_FILTER_TF,15m,OK,0.0,2.771,-2.771,0,0.0,0.0,
BTCUSDC_SHORT,FUNDING_GATE_FILTER_TF,1h,OK,0.0,2.771,-2.771,0,0.0,0.0,
BTCUSDC_SHORT,FUNDING_GATE_FILTER_TF,4h,OK,0.0,2.771,-2.771,0,0.0,0.0,
BTCUSDC_SHORT,FUNDING_GATE_FILTER_TF,D,OK,0.0,2.771,-2.771,0,0.0,0.0,
BTCUSDC_SHORT,FUNDING_GATE_MIN_TFS,0.0,OK,0.0,2.771,-2.771,0,0.0,0.0,
BTCUSDC_SHORT,FUNDING_GATE_MIN_TFS,1.0,OK,0.0,2.771,-2.771,0,0.0,0.0,
BTCUSDC_SHORT,FUNDING_GATE_MIN_TFS,2.0,OK,0.0,2.771,-2.771,0,0.0,0.0,
BTCUSDC_SHORT,FUNDING_GATE_MIN_TFS,3.0,OK,0.0,2.771,-2.771,0,0.0,0.0,
BTCUSDC_SHORT,GOLDEN_RULE_ENFORCE_ENABLED,,OK,0.0,2.771,-2.771,0,0.0,0.0,
BTCUSDC_SHORT,GOLDEN_RULE_ENFORCE_FILTER_TF,,OK,0.0,2.771,-2.771,0,0.0,0.0,
BTCUSDC_SHORT,GOLDEN_RULE_ENFORCE_FILTER_TF,3m,OK,0.0,2.771,-2.771,0,0.0,0.0,
BTCUSDC_SHORT,GOLDEN_RULE_ENFORCE_FILTER_TF,15m,OK,0.0,2.771,-2.771,0,0.0,0.0,
BTCUSDC_SHORT,GOLDEN_RULE_ENFORCE_FILTER_TF,1h,OK,0.0,2.771,-2.771,0,0.0,0.0,
BTCUSDC_SHORT,GOLDEN_RULE_ENFORCE_FILTER_TF,4h,OK,0.0,2.771,-2.771,0,0.0,0.0,
BTCUSDC_SHORT,GOLDEN_RULE_ENFORCE_FILTER_TF,D,OK,0.0,2.771,-2.771,0,0.0,0.0,
BTCUSDC_SHORT,GOLDEN_RULE_ENFORCE_MIN_TFS,,OK,0.0,2.771,-2.771,0,0.0,0.0,
BTCUSDC_SHORT,GOLDEN_RULE_HTF_VOTE_ENABLED,,OK,0.0,2.771,-2.771,0,0.0,0.0,
BTCUSDC_SHORT,GOLDEN_RULE_HTF_VOTE_FILTER_TF,,OK,0.0,2.771,-2.771,0,0.0,0.0,
BTCUSDC_SHORT,GOLDEN_RULE_HTF_VOTE_FILTER_TF,3m,OK,0.0,2.771,-2.771,0,0.0,0.0,
BTCUSDC_SHORT,GOLDEN_RULE_HTF_VOTE_FILTER_TF,15m,OK,0.0,2.771,-2.771,0,0.0,0.0,
BTCUSDC_SHORT,GOLDEN_RULE_HTF_VOTE_FILTER_TF,1h,OK,0.0,2.771,-2.771,0,0.0,0.0,
BTCUSDC_SHORT,GOLDEN_RULE_HTF_VOTE_FILTER_TF,4h,OK,0.0,2.771,-2.771,0,0.0,0.0,
BTCUSDC_SHORT,GOLDEN_RULE_HTF_VOTE_FILTER_TF,D,OK,0.0,2.771,-2.771,0,0.0,0.0,
BTCUSDC_SHORT,GOLDEN_RULE_HTF_VOTE_MIN_TFS,,OK,0.0,2.771,-2.771,0,0.0,0.0,
BTCUSDC_SHORT,GR_FILTER_VEC_ENABLED,False,OK,0.0,2.771,-2.771,0,0.0,0.0,
BTCUSDC_SHORT,GR_FILTER_VEC_ENABLED,True,OK,0.0,2.771,-2.771,0,0.0,0.0,
BTCUSDC_SHORT,GR_FILTER_VEC_FILTER_TF,,OK,0.0,2.771,-2.771,0,0.0,0.0,
BTCUSDC_SHORT,GR_FILTER_VEC_FILTER_TF,3m,OK,0.0,2.771,-2.771,0,0.0,0.0,
BTCUSDC_SHORT,GR_FILTER_VEC_FILTER_TF,15m,OK,0.0,2.771,-2.771,0,0.0,0.0,
BTCUSDC_SHORT,GR_FILTER_VEC_FILTER_TF,1h,OK,0.0,2.771,-2.771,0,0.0,0.0,
BTCUSDC_SHORT,GR_FILTER_VEC_FILTER_TF,4h,OK,0.0,2.771,-2.771,0,0.0,0.0,
BTCUSDC_SHORT,GR_FILTER_VEC_FILTER_TF,D,OK,0.0,2.771,-2.771,0,0.0,0.0,
BTCUSDC_SHORT,GR_FILTER_VEC_MIN_TFS,0.0,OK,0.0,2.771,-2.771,0,0.0,0.0,
BTCUSDC_SHORT,GR_FILTER_VEC_MIN_TFS,1.0,OK,0.0,2.771,-2.771,0,0.0,0.0,
BTCUSDC_SHORT,GR_FILTER_VEC_MIN_TFS,2.0,OK,0.0,2.771,-2.771,0,0.0,0.0,
BTCUSDC_SHORT,GR_FILTER_VEC_MIN_TFS,3.0,OK,0.0,2.771,-2.771,0,0.0,0.0,
BTCUSDC_SHORT,GR_V5_STATE_ENABLED,,OK,0.0,2.771,-2.771,0,0.0,0.0,
BTCUSDC_SHORT,GR_V5_STATE_FILTER_TF,,OK,0.0,2.771,-2.771,0,0.0,0.0,
BTCUSDC_SHORT,GR_V5_STATE_FILTER_TF,3m,OK,0.0,2.771,-2.771,0,0.0,0.0,
BTCUSDC_SHORT,GR_V5_STATE_FILTER_TF,15m,OK,0.0,2.771,-2.771,0,0.0,0.0,
BTCUSDC_SHORT,GR_V5_STATE_FILTER_TF,1h,OK,0.0,2.771,-2.771,0,0.0,0.0,
BTCUSDC_SHORT,GR_V5_STATE_FILTER_TF,4h,OK,0.0,2.771,-2.771,0,0.0,0.0,
BTCUSDC_SHORT,GR_V5_STATE_FILTER_TF,D,OK,0.0,2.771,-2.771,0,0.0,0.0,
BTCUSDC_SHORT,GR_V5_STATE_MIN_TFS,,OK,0.0,2.771,-2.771,0,0.0,0.0,
BTCUSDC_SHORT,HAIKU_WINNER_FILTER_TF,,OK,0.0,2.771,-2.771,0,0.0,0.0,
BTCUSDC_SHORT,HAIKU_WINNER_FILTER_TF,3m,OK,0.0,2.771,-2.771,0,0.0,0.0,
BTCUSDC_SHORT,HAIKU_WINNER_FILTER_TF,15m,OK,0.0,2.771,-2.771,0,0.0,0.0,
BTCUSDC_SHORT,HAIKU_WINNER_FILTER_TF,1h,OK,0.0,2.771,-2.771,0,0.0,0.0,
BTCUSDC_SHORT,HAIKU_WINNER_FILTER_TF,4h,OK,0.0,2.771,-2.771,0,0.0,0.0,
BTCUSDC_SHORT,HAIKU_WINNER_FILTER_TF,D,OK,0.0,2.771,-2.771,0,0.0,0.0,
BTCUSDC_SHORT,HAIKU_WINNER_MIN_TFS,,OK,0.0,2.771,-2.771,0,0.0,0.0,
BTCUSDC_SHORT,HEDGE_ENGINE_ENABLED,,OK,0.0,2.771,-2.771,0,0.0,0.0,
BTCUSDC_SHORT,HEDGE_ENGINE_FILTER_TF,,OK,0.0,2.771,-2.771,0,0.0,0.0,
BTCUSDC_SHORT,HEDGE_ENGINE_MIN_TFS,,OK,0.0,2.771,-2.771,0,0.0,0.0,
BTCUSDC_SHORT,HEDGE_SCAN_GATES_ENABLED,,OK,0.0,2.771,-2.771,0,0.0,0.0,
BTCUSDC_SHORT,HEDGE_SCAN_GATES_FILTER_TF,,OK,0.0,2.771,-2.771,0,0.0,0.0,
BTCUSDC_SHORT,HEDGE_SCAN_GATES_MIN_TFS,,OK,0.0,2.771,-2.771,0,0.0,0.0,
BTCUSDC_SHORT,KILLER_KNOB_FINDER_ENABLED,,OK,0.0,2.771,-2.771,0,0.0,0.0,
BTCUSDC_SHORT,KILLER_KNOB_FINDER_FILTER_TF,,OK,0.0,2.771,-2.771,0,0.0,0.0,
BTCUSDC_SHORT,KILLER_KNOB_FINDER_MIN_TFS,,OK,0.0,2.771,-2.771,0,0.0,0.0,
BTCUSDC_SHORT,LIVE_ENTRY_ENGINE_ENABLED,False,OK,0.0,2.771,-2.771,0,0.0,0.0,
BTCUSDC_SHORT,LIVE_ENTRY_ENGINE_ENABLED,True,OK,0.0,2.771,-2.771,0,0.0,0.0,
BTCUSDC_SHORT,LIVE_ENTRY_ENGINE_FILTER_TF,,OK,0.0,2.771,-2.771,0,0.0,0.0,
BTCUSDC_SHORT,LIVE_ENTRY_ENGINE_FILTER_TF,3m,OK,0.0,2.771,-2.771,0,0.0,0.0,
BTCUSDC_SHORT,LIVE_ENTRY_ENGINE_FILTER_TF,15m,OK,0.0,2.771,-2.771,0,0.0,0.0,
BTCUSDC_SHORT,LIVE_ENTRY_ENGINE_FILTER_TF,1h,OK,0.0,2.771,-2.771,0,0.0,0.0,
BTCUSDC_SHORT,LIVE_ENTRY_ENGINE_FILTER_TF,4h,OK,0.0,2.771,-2.771,0,0.0,0.0,
BTCUSDC_SHORT,LIVE_ENTRY_ENGINE_FILTER_TF,D,OK,0.0,2.771,-2.771,0,0.0,0.0,
BTCUSDC_SHORT,LIVE_ENTRY_ENGINE_MIN_TFS,0.0,OK,0.0,2.771,-2.771,0,0.0,0.0,
BTCUSDC_SHORT,LIVE_ENTRY_ENGINE_MIN_TFS,1.0,OK,0.0,2.771,-2.771,0,0.0,0.0,
BTCUSDC_SHORT,LIVE_ENTRY_ENGINE_MIN_TFS,2.0,OK,0.0,2.771,-2.771,0,0.0,0.0,
BTCUSDC_SHORT,LIVE_ENTRY_ENGINE_MIN_TFS,3.0,OK,0.0,2.771,-2.771,0,0.0,0.0,
BTCUSDC_SHORT,LIVE_ONLY_SIGNALS_BATCH5_ENABLED,,OK,0.0,2.771,-2.771,0,0.0,0.0,
BTCUSDC_SHORT,LIVE_ONLY_SIGNALS_BATCH5_FILTER_TF,,OK,0.0,2.771,-2.771,0,0.0,0.0,
BTCUSDC_SHORT,LIVE_ONLY_SIGNALS_BATCH5_FILTER_TF,3m,OK,0.0,2.771,-2.771,0,0.0,0.0,
BTCUSDC_SHORT,LIVE_ONLY_SIGNALS_BATCH5_FILTER_TF,15m,OK,0.0,2.771,-2.771,0,0.0,0.0,
BTCUSDC_SHORT,LIVE_ONLY_SIGNALS_BATCH5_FILTER_TF,1h,OK,0.0,2.771,-2.771,0,0.0,0.0,
BTCUSDC_SHORT,LIVE_ONLY_SIGNALS_BATCH5_FILTER_TF,4h,OK,0.0,2.771,-2.771,0,0.0,0.0,
BTCUSDC_SHORT,LIVE_ONLY_SIGNALS_BATCH5_FILTER_TF,D,OK,0.0,2.771,-2.771,0,0.0,0.0,
BTCUSDC_SHORT,LIVE_ONLY_SIGNALS_BATCH5_MIN_TFS,,OK,0.0,2.771,-2.771,0,0.0,0.0,
BTCUSDC_SHORT,MICRO_SCALP_ENABLED,,OK,0.0,2.771,-2.771,0,0.0,0.0,
BTCUSDC_SHORT,MICRO_SCALP_FILTER_TF,,OK,0.0,2.771,-2.771,0,0.0,0.0,
BTCUSDC_SHORT,MICRO_SCALP_MIN_TFS,,OK,0.0,2.771,-2.771,0,0.0,0.0,
BTCUSDC_SHORT,MOM3_ENABLED,,OK,0.0,2.771,-2.771,0,0.0,0.0,
BTCUSDC_SHORT,MOM3_FILTER_TF,,OK,0.0,2.771,-2.771,0,0.0,0.0,
BTCUSDC_SHORT,MOM3_FILTER_TF,3m,OK,0.0,2.771,-2.771,0,0.0,0.0,
BTCUSDC_SHORT,MOM3_FILTER_TF,15m,OK,0.0,2.771,-2.771,0,0.0,0.0,
BTCUSDC_SHORT,MOM3_FILTER_TF,1h,OK,0.0,2.771,-2.771,0,0.0,0.0,
BTCUSDC_SHORT,MOM3_FILTER_TF,4h,OK,0.0,2.771,-2.771,0,0.0,0.0,
BTCUSDC_SHORT,MOM3_FILTER_TF,D,OK,0.0,2.771,-2.771,0,0.0,0.0,
BTCUSDC_SHORT,MOM3_MIN_TFS,,OK,0.0,2.771,-2.771,0,0.0,0.0,
BTCUSDC_SHORT,MOMENTUM_BREAKOUT_ENABLED,False,OK,0.0,2.771,-2.771,0,0.0,0.0,
BTCUSDC_SHORT,MOMENTUM_BREAKOUT_ENABLED,True,OK,0.0,2.771,-2.771,0,0.0,0.0,
BTCUSDC_SHORT,MOMENTUM_BREAKOUT_FILTER_TF,,OK,0.0,2.771,-2.771,0,0.0,0.0,
BTCUSDC_SHORT,MOMENTUM_BREAKOUT_FILTER_TF,3m,OK,0.0,2.771,-2.771,0,0.0,0.0,
BTCUSDC_SHORT,MOMENTUM_BREAKOUT_FILTER_TF,15m,OK,0.0,2.771,-2.771,0,0.0,0.0,
BTCUSDC_SHORT,MOMENTUM_BREAKOUT_FILTER_TF,1h,OK,0.0,2.771,-2.771,0,0.0,0.0,
BTCUSDC_SHORT,MOMENTUM_BREAKOUT_FILTER_TF,4h,OK,0.0,2.771,-2.771,0,0.0,0.0,
BTCUSDC_SHORT,MOMENTUM_BREAKOUT_FILTER_TF,D,OK,0.0,2.771,-2.771,0,0.0,0.0,
BTCUSDC_SHORT,MOMENTUM_BREAKOUT_MIN_TFS,0.0,OK,0.0,2.771,-2.771,0,0.0,0.0,
BTCUSDC_SHORT,MOMENTUM_BREAKOUT_MIN_TFS,1.0,OK,0.0,2.771,-2.771,0,0.0,0.0,
BTCUSDC_SHORT,MOMENTUM_BREAKOUT_MIN_TFS,2.0,OK,0.0,2.771,-2.771,0,0.0,0.0,
BTCUSDC_SHORT,MOMENTUM_BREAKOUT_MIN_TFS,3.0,OK,0.0,2.771,-2.771,0,0.0,0.0,
BTCUSDC_SHORT,MTF_ARMED_ENTRIES_ENABLED,,OK,0.0,2.771,-2.771,0,0.0,0.0,
BTCUSDC_SHORT,MTF_ARMED_ENTRIES_FILTER_TF,,OK,0.0,2.771,-2.771,0,0.0,0.0,
BTCUSDC_SHORT,MTF_ARMED_ENTRIES_FILTER_TF,3m,OK,0.0,2.771,-2.771,0,0.0,0.0,
BTCUSDC_SHORT,MTF_ARMED_ENTRIES_FILTER_TF,15m,OK,0.0,2.771,-2.771,0,0.0,0.0,
BTCUSDC_SHORT,MTF_ARMED_ENTRIES_FILTER_TF,1h,OK,0.0,2.771,-2.771,0,0.0,0.0,
BTCUSDC_SHORT,MTF_ARMED_ENTRIES_FILTER_TF,4h,OK,0.0,2.771,-2.771,0,0.0,0.0,
BTCUSDC_SHORT,MTF_ARMED_ENTRIES_FILTER_TF,D,OK,0.0,2.771,-2.771,0,0.0,0.0,
BTCUSDC_SHORT,MTF_ARMED_ENTRIES_MIN_TFS,,OK,0.0,2.771,-2.771,0,0.0,0.0,
BTCUSDC_SHORT,MTF_ATR_TRAIL_ENABLED,False,OK,0.0,2.771,-2.771,0,0.0,0.0,
BTCUSDC_SHORT,MTF_ATR_TRAIL_ENABLED,True,OK,0.0,2.771,-2.771,0,0.0,0.0,
BTCUSDC_SHORT,MTF_ATR_TRAIL_FILTER_TF,,OK,0.0,2.771,-2.771,0,0.0,0.0,
BTCUSDC_SHORT,MTF_ATR_TRAIL_FILTER_TF,3m,OK,0.0,2.771,-2.771,0,0.0,0.0,
BTCUSDC_SHORT,MTF_ATR_TRAIL_FILTER_TF,15m,OK,0.0,2.771,-2.771,0,0.0,0.0,
BTCUSDC_SHORT,MTF_ATR_TRAIL_FILTER_TF,1h,OK,0.0,2.771,-2.771,0,0.0,0.0,
BTCUSDC_SHORT,MTF_ATR_TRAIL_FILTER_TF,4h,OK,0.0,2.771,-2.771,0,0.0,0.0,
BTCUSDC_SHORT,MTF_ATR_TRAIL_FILTER_TF,D,OK,0.0,2.771,-2.771,0,0.0,0.0,
BTCUSDC_SHORT,MTF_ATR_TRAIL_MIN_TFS,0.0,OK,0.0,2.771,-2.771,0,0.0,0.0,
BTCUSDC_SHORT,MTF_ATR_TRAIL_MIN_TFS,1.0,OK,0.0,2.771,-2.771,0,0.0,0.0,
BTCUSDC_SHORT,MTF_ATR_TRAIL_MIN_TFS,2.0,OK,0.0,2.771,-2.771,0,0.0,0.0,
BTCUSDC_SHORT,MTF_ATR_TRAIL_MIN_TFS,3.0,OK,0.0,2.771,-2.771,0,0.0,0.0,
BTCUSDC_SHORT,MTF_DC_REJECT_ENABLED,,OK,0.0,2.771,-2.771,0,0.0,0.0,
BTCUSDC_SHORT,MTF_DC_REJECT_FILTER_TF,,OK,0.0,2.771,-2.771,0,0.0,0.0,
BTCUSDC_SHORT,MTF_DC_REJECT_FILTER_TF,3m,OK,0.0,2.771,-2.771,0,0.0,0.0,
BTCUSDC_SHORT,MTF_DC_REJECT_FILTER_TF,15m,OK,0.0,2.771,-2.771,0,0.0,0.0,
BTCUSDC_SHORT,MTF_DC_REJECT_FILTER_TF,1h,OK,0.0,2.771,-2.771,0,0.0,0.0,
BTCUSDC_SHORT,MTF_DC_REJECT_FILTER_TF,4h,OK,0.0,2.771,-2.771,0,0.0,0.0,
BTCUSDC_SHORT,MTF_DC_REJECT_FILTER_TF,D,OK,0.0,2.771,-2.771,0,0.0,0.0,
BTCUSDC_SHORT,MTF_DC_REJECT_MIN_TFS,,OK,0.0,2.771,-2.771,0,0.0,0.0,
BTCUSDC_SHORT,NEWBORN_LOSS_KILL_ENABLED,False,OK,0.0,2.771,-2.771,0,0.0,0.0,
BTCUSDC_SHORT,NEWBORN_LOSS_KILL_ENABLED,True,OK,0.0,2.771,-2.771,0,0.0,0.0,
BTCUSDC_SHORT,NEWBORN_LOSS_KILL_FILTER_TF,,OK,0.0,2.771,-2.771,0,0.0,0.0,
BTCUSDC_SHORT,NEWBORN_LOSS_KILL_FILTER_TF,3m,OK,0.0,2.771,-2.771,0,0.0,0.0,
BTCUSDC_SHORT,NEWBORN_LOSS_KILL_FILTER_TF,15m,OK,0.0,2.771,-2.771,0,0.0,0.0,
BTCUSDC_SHORT,NEWBORN_LOSS_KILL_FILTER_TF,1h,OK,0.0,2.771,-2.771,0,0.0,0.0,
BTCUSDC_SHORT,NEWBORN_LOSS_KILL_FILTER_TF,4h,OK,0.0,2.771,-2.771,0,0.0,0.0,
BTCUSDC_SHORT,NEWBORN_LOSS_KILL_FILTER_TF,D,OK,0.0,2.771,-2.771,0,0.0,0.0,
BTCUSDC_SHORT,NEWBORN_LOSS_KILL_MIN_TFS,,OK,0.0,2.771,-2.771,0,0.0,0.0,
BTCUSDC_SHORT,NEWBORN_PROTECT_ENABLED,,OK,0.0,2.771,-2.771,0,0.0,0.0,
BTCUSDC_SHORT,NEWBORN_PROTECT_FILTER_TF,,OK,0.0,2.771,-2.771,0,0.0,0.0,
BTCUSDC_SHORT,NEWBORN_PROTECT_FILTER_TF,3m,OK,0.0,2.771,-2.771,0,0.0,0.0,
BTCUSDC_SHORT,NEWBORN_PROTECT_FILTER_TF,15m,OK,0.0,2.771,-2.771,0,0.0,0.0,
BTCUSDC_SHORT,NEWBORN_PROTECT_FILTER_TF,1h,OK,0.0,2.771,-2.771,0,0.0,0.0,
BTCUSDC_SHORT,NEWBORN_PROTECT_FILTER_TF,4h,OK,0.0,2.771,-2.771,0,0.0,0.0,
BTCUSDC_SHORT,NEWBORN_PROTECT_FILTER_TF,D,OK,0.0,2.771,-2.771,0,0.0,0.0,
BTCUSDC_SHORT,NEWBORN_PROTECT_MIN_TFS,,OK,0.0,2.771,-2.771,0,0.0,0.0,
BTCUSDC_SHORT,NOLOSS_BYPASS_WT5OF5_ENABLED,False,OK,0.0,2.771,-2.771,0,0.0,0.0,
BTCUSDC_SHORT,NOLOSS_BYPASS_WT5OF5_ENABLED,True,OK,0.0,2.771,-2.771,0,0.0,0.0,
BTCUSDC_SHORT,NOLOSS_BYPASS_WT5OF5_FILTER_TF,,OK,0.0,2.771,-2.771,0,0.0,0.0,
BTCUSDC_SHORT,NOLOSS_BYPASS_WT5OF5_FILTER_TF,3m,OK,0.0,2.771,-2.771,0,0.0,0.0,
BTCUSDC_SHORT,NOLOSS_BYPASS_WT5OF5_FILTER_TF,15m,OK,0.0,2.771,-2.771,0,0.0,0.0,
BTCUSDC_SHORT,NOLOSS_BYPASS_WT5OF5_FILTER_TF,1h,OK,0.0,2.771,-2.771,0,0.0,0.0,
BTCUSDC_SHORT,NOLOSS_BYPASS_WT5OF5_FILTER_TF,4h,OK,0.0,2.771,-2.771,0,0.0,0.0,
BTCUSDC_SHORT,NOLOSS_BYPASS_WT5OF5_FILTER_TF,D,OK,0.0,2.771,-2.771,0,0.0,0.0,
BTCUSDC_SHORT,NOLOSS_BYPASS_WT5OF5_MIN_TFS,0.0,OK,0.0,2.771,-2.771,0,0.0,0.0,
BTCUSDC_SHORT,NOLOSS_BYPASS_WT5OF5_MIN_TFS,1.0,OK,0.0,2.771,-2.771,0,0.0,0.0,
BTCUSDC_SHORT,NOLOSS_BYPASS_WT5OF5_MIN_TFS,2.0,OK,0.0,2.771,-2.771,0,0.0,0.0,
BTCUSDC_SHORT,NOLOSS_BYPASS_WT5OF5_MIN_TFS,3.0,OK,0.0,2.771,-2.771,0,0.0,0.0,
BTCUSDC_SHORT,OPEN_INTENT_SIZE_GATES_ENABLED,False,OK,0.0,2.771,-2.771,0,0.0,0.0,
BTCUSDC_SHORT,OPEN_INTENT_SIZE_GATES_ENABLED,True,OK,0.0,2.771,-2.771,0,0.0,0.0,
BTCUSDC_SHORT,OPEN_INTENT_SIZE_GATES_FILTER_TF,,OK,0.0,2.771,-2.771,0,0.0,0.0,
BTCUSDC_SHORT,OPEN_INTENT_SIZE_GATES_FILTER_TF,3m,OK,0.0,2.771,-2.771,0,0.0,0.0,
BTCUSDC_SHORT,OPEN_INTENT_SIZE_GATES_FILTER_TF,15m,OK,0.0,2.771,-2.771,0,0.0,0.0,
BTCUSDC_SHORT,OPEN_INTENT_SIZE_GATES_FILTER_TF,1h,OK,0.0,2.771,-2.771,0,0.0,0.0,
BTCUSDC_SHORT,OPEN_INTENT_SIZE_GATES_FILTER_TF,4h,OK,0.0,2.771,-2.771,0,0.0,0.0,
BTCUSDC_SHORT,OPEN_INTENT_SIZE_GATES_FILTER_TF,D,OK,0.0,2.771,-2.771,0,0.0,0.0,
BTCUSDC_SHORT,OPEN_INTENT_SIZE_GATES_MIN_TFS,0.0,OK,0.0,2.771,-2.771,0,0.0,0.0,
BTCUSDC_SHORT,OPEN_INTENT_SIZE_GATES_MIN_TFS,1.0,OK,0.0,2.771,-2.771,0,0.0,0.0,
BTCUSDC_SHORT,OPEN_INTENT_SIZE_GATES_MIN_TFS,2.0,OK,0.0,2.771,-2.771,0,0.0,0.0,
BTCUSDC_SHORT,OPEN_INTENT_SIZE_GATES_MIN_TFS,3.0,OK,0.0,2.771,-2.771,0,0.0,0.0,
BTCUSDC_SHORT,PARTIAL_PROFIT_LOCK_V2_ENABLED,False,OK,0.0,2.771,-2.771,0,0.0,0.0,
BTCUSDC_SHORT,PARTIAL_PROFIT_LOCK_V2_ENABLED,True,OK,0.0,2.771,-2.771,0,0.0,0.0,
BTCUSDC_SHORT,PARTIAL_PROFIT_LOCK_V2_FILTER_TF,,OK,0.0,2.771,-2.771,0,0.0,0.0,
BTCUSDC_SHORT,PARTIAL_PROFIT_LOCK_V2_FILTER_TF,3m,OK,0.0,2.771,-2.771,0,0.0,0.0,
BTCUSDC_SHORT,PARTIAL_PROFIT_LOCK_V2_FILTER_TF,15m,OK,0.0,2.771,-2.771,0,0.0,0.0,
BTCUSDC_SHORT,PARTIAL_PROFIT_LOCK_V2_FILTER_TF,1h,OK,0.0,2.771,-2.771,0,0.0,0.0,
BTCUSDC_SHORT,PARTIAL_PROFIT_LOCK_V2_FILTER_TF,4h,OK,0.0,2.771,-2.771,0,0.0,0.0,
BTCUSDC_SHORT,PARTIAL_PROFIT_LOCK_V2_FILTER_TF,D,OK,0.0,2.771,-2.771,0,0.0,0.0,
BTCUSDC_SHORT,PARTIAL_PROFIT_LOCK_V2_MIN_TFS,0.0,OK,0.0,2.771,-2.771,0,0.0,0.0,
BTCUSDC_SHORT,PARTIAL_PROFIT_LOCK_V2_MIN_TFS,1.0,OK,0.0,2.771,-2.771,0,0.0,0.0,
BTCUSDC_SHORT,PARTIAL_PROFIT_LOCK_V2_MIN_TFS,2.0,OK,0.0,2.771,-2.771,0,0.0,0.0,
BTCUSDC_SHORT,PARTIAL_PROFIT_LOCK_V2_MIN_TFS,3.0,OK,0.0,2.771,-2.771,0,0.0,0.0,
BTCUSDC_SHORT,PEAK_GIVEBACK_BE_EROSION_ENABLED,,OK,0.0,2.771,-2.771,0,0.0,0.0,
BTCUSDC_SHORT,PEAK_GIVEBACK_BE_EROSION_FILTER_TF,,OK,0.0,2.771,-2.771,0,0.0,0.0,
BTCUSDC_SHORT,PEAK_GIVEBACK_BE_EROSION_FILTER_TF,3m,OK,0.0,2.771,-2.771,0,0.0,0.0,
BTCUSDC_SHORT,PEAK_GIVEBACK_BE_EROSION_FILTER_TF,15m,OK,0.0,2.771,-2.771,0,0.0,0.0,
BTCUSDC_SHORT,PEAK_GIVEBACK_BE_EROSION_FILTER_TF,1h,OK,0.0,2.771,-2.771,0,0.0,0.0,
BTCUSDC_SHORT,PEAK_GIVEBACK_BE_EROSION_FILTER_TF,4h,OK,0.0,2.771,-2.771,0,0.0,0.0,
BTCUSDC_SHORT,PEAK_GIVEBACK_BE_EROSION_FILTER_TF,D,OK,0.0,2.771,-2.771,0,0.0,0.0,
BTCUSDC_SHORT,PEAK_GIVEBACK_BE_EROSION_MIN_TFS,,OK,0.0,2.771,-2.771,0,0.0,0.0,
BTCUSDC_SHORT,PRICE_CROSS_BACK_ENABLED,,OK,0.0,2.771,-2.771,0,0.0,0.0,
BTCUSDC_SHORT,PRICE_CROSS_BACK_FILTER_TF,,OK,0.0,2.771,-2.771,0,0.0,0.0,
BTCUSDC_SHORT,PRICE_CROSS_BACK_MIN_TFS,,OK,0.0,2.771,-2.771,0,0.0,0.0,
BTCUSDC_SHORT,PROTECT_BALANCE_OVERTRADE_ENABLED,,OK,0.0,2.771,-2.771,0,0.0,0.0,
BTCUSDC_SHORT,PROTECT_BALANCE_OVERTRADE_FILTER_TF,,OK,0.0,2.771,-2.771,0,0.0,0.0,
BTCUSDC_SHORT,PROTECT_BALANCE_OVERTRADE_MIN_TFS,,OK,0.0,2.771,-2.771,0,0.0,0.0,
BTCUSDC_SHORT,QUALITY_BOTTOM_ENTRY_ENABLED,False,OK,0.0,2.771,-2.771,0,0.0,0.0,
BTCUSDC_SHORT,QUALITY_BOTTOM_ENTRY_ENABLED,True,OK,0.0,2.771,-2.771,0,0.0,0.0,
BTCUSDC_SHORT,QUALITY_BOTTOM_ENTRY_FILTER_TF,,OK,0.0,2.771,-2.771,0,0.0,0.0,
BTCUSDC_SHORT,QUALITY_BOTTOM_ENTRY_FILTER_TF,3m,OK,0.0,2.771,-2.771,0,0.0,0.0,
BTCUSDC_SHORT,QUALITY_BOTTOM_ENTRY_FILTER_TF,15m,OK,0.0,2.771,-2.771,0,0.0,0.0,
BTCUSDC_SHORT,QUALITY_BOTTOM_ENTRY_FILTER_TF,1h,OK,0.0,2.771,-2.771,0,0.0,0.0,
BTCUSDC_SHORT,QUALITY_BOTTOM_ENTRY_FILTER_TF,4h,OK,0.0,2.771,-2.771,0,0.0,0.0,
BTCUSDC_SHORT,QUALITY_BOTTOM_ENTRY_FILTER_TF,D,OK,0.0,2.771,-2.771,0,0.0,0.0,
BTCUSDC_SHORT,QUALITY_BOTTOM_ENTRY_MIN_TFS,0.0,OK,0.0,2.771,-2.771,0,0.0,0.0,
BTCUSDC_SHORT,QUALITY_BOTTOM_ENTRY_MIN_TFS,1.0,OK,0.0,2.771,-2.771,0,0.0,0.0,
BTCUSDC_SHORT,QUALITY_BOTTOM_ENTRY_MIN_TFS,2.0,OK,0.0,2.771,-2.771,0,0.0,0.0,
BTCUSDC_SHORT,QUALITY_BOTTOM_ENTRY_MIN_TFS,3.0,OK,0.0,2.771,-2.771,0,0.0,0.0,
BTCUSDC_SHORT,QUALITY_TOP_EXIT_FILTER_TF,,OK,0.0,2.771,-2.771,0,0.0,0.0,
BTCUSDC_SHORT,QUALITY_TOP_EXIT_FILTER_TF,3m,OK,0.0,2.771,-2.771,0,0.0,0.0,
BTCUSDC_SHORT,QUALITY_TOP_EXIT_FILTER_TF,15m,OK,0.0,2.771,-2.771,0,0.0,0.0,
BTCUSDC_SHORT,QUALITY_TOP_EXIT_FILTER_TF,1h,OK,0.0,2.771,-2.771,0,0.0,0.0,
BTCUSDC_SHORT,QUALITY_TOP_EXIT_FILTER_TF,4h,OK,0.0,2.771,-2.771,0,0.0,0.0,
BTCUSDC_SHORT,QUALITY_TOP_EXIT_FILTER_TF,D,OK,0.0,2.771,-2.771,0,0.0,0.0,
BTCUSDC_SHORT,QUALITY_TOP_EXIT_MIN_TFS,0.0,OK,0.0,2.771,-2.771,0,0.0,0.0,
BTCUSDC_SHORT,QUALITY_TOP_EXIT_MIN_TFS,1.0,OK,0.0,2.771,-2.771,0,0.0,0.0,
BTCUSDC_SHORT,QUALITY_TOP_EXIT_MIN_TFS,2.0,OK,0.0,2.771,-2.771,0,0.0,0.0,
BTCUSDC_SHORT,QUALITY_TOP_EXIT_MIN_TFS,3.0,OK,0.0,2.771,-2.771,0,0.0,0.0,
BTCUSDC_SHORT,QUARANTINE_STRATEGY_VALIDATION_ENABLED,,OK,0.0,2.771,-2.771,0,0.0,0.0,
BTCUSDC_SHORT,QUARANTINE_STRATEGY_VALIDATION_FILTER_TF,,OK,0.0,2.771,-2.771,0,0.0,0.0,
BTCUSDC_SHORT,QUARANTINE_STRATEGY_VALIDATION_FILTER_TF,3m,OK,0.0,2.771,-2.771,0,0.0,0.0,
BTCUSDC_SHORT,QUARANTINE_STRATEGY_VALIDATION_FILTER_TF,15m,OK,0.0,2.771,-2.771,0,0.0,0.0,
BTCUSDC_SHORT,QUARANTINE_STRATEGY_VALIDATION_FILTER_TF,1h,OK,0.0,2.771,-2.771,0,0.0,0.0,
BTCUSDC_SHORT,QUARANTINE_STRATEGY_VALIDATION_FILTER_TF,4h,OK,0.0,2.771,-2.771,0,0.0,0.0,
BTCUSDC_SHORT,QUARANTINE_STRATEGY_VALIDATION_FILTER_TF,D,OK,0.0,2.771,-2.771,0,0.0,0.0,
BTCUSDC_SHORT,QUARANTINE_STRATEGY_VALIDATION_MIN_TFS,,OK,0.0,2.771,-2.771,0,0.0,0.0,
BTCUSDC_SHORT,RATIO_REDUCE_ENABLED,,OK,0.0,2.771,-2.771,0,0.0,0.0,
BTCUSDC_SHORT,RATIO_REDUCE_FILTER_TF,,OK,0.0,2.771,-2.771,0,0.0,0.0,
BTCUSDC_SHORT,RATIO_REDUCE_MIN_TFS,,OK,0.0,2.771,-2.771,0,0.0,0.0,
BTCUSDC_SHORT,RATIO_REDUCE_SYM_PROXY_ENABLED,,OK,0.0,2.771,-2.771,0,0.0,0.0,
BTCUSDC_SHORT,RATIO_REDUCE_SYM_PROXY_FILTER_TF,,OK,0.0,2.771,-2.771,0,0.0,0.0,
BTCUSDC_SHORT,RATIO_REDUCE_SYM_PROXY_MIN_TFS,,OK,0.0,2.771,-2.771,0,0.0,0.0,
BTCUSDC_SHORT,RATIO_SIZE_ENABLED,,OK,0.0,2.771,-2.771,0,0.0,0.0,
BTCUSDC_SHORT,RATIO_SIZE_FILTER_TF,,OK,0.0,2.771,-2.771,0,0.0,0.0,
BTCUSDC_SHORT,RATIO_SIZE_MIN_TFS,,OK,0.0,2.771,-2.771,0,0.0,0.0,
BTCUSDC_SHORT,REDUCE_PATHS_ENABLED,,OK,0.0,2.771,-2.771,0,0.0,0.0,
BTCUSDC_SHORT,REDUCE_PATHS_FILTER_TF,,OK,0.0,2.771,-2.771,0,0.0,0.0,
BTCUSDC_SHORT,REDUCE_PATHS_MIN_TFS,,OK,0.0,2.771,-2.771,0,0.0,0.0,
BTCUSDC_SHORT,REENTRY_ENABLED,False,OK,0.0,2.771,-2.771,0,0.0,0.0,
BTCUSDC_SHORT,REENTRY_ENABLED,True,OK,0.0,2.771,-2.771,0,0.0,0.0,
BTCUSDC_SHORT,REENTRY_FILTER_TF,,OK,0.0,2.771,-2.771,0,0.0,0.0,
BTCUSDC_SHORT,REENTRY_FILTER_TF,3m,OK,0.0,2.771,-2.771,0,0.0,0.0,
BTCUSDC_SHORT,REENTRY_FILTER_TF,15m,OK,0.0,2.771,-2.771,0,0.0,0.0,
BTCUSDC_SHORT,REENTRY_FILTER_TF,1h,OK,0.0,2.771,-2.771,0,0.0,0.0,
BTCUSDC_SHORT,REENTRY_FILTER_TF,4h,OK,0.0,2.771,-2.771,0,0.0,0.0,
BTCUSDC_SHORT,REENTRY_FILTER_TF,D,OK,0.0,2.771,-2.771,0,0.0,0.0,
BTCUSDC_SHORT,REENTRY_MIN_TFS,0.0,OK,0.0,2.771,-2.771,0,0.0,0.0,
BTCUSDC_SHORT,REENTRY_MIN_TFS,1.0,OK,0.0,2.771,-2.771,0,0.0,0.0,
BTCUSDC_SHORT,REENTRY_MIN_TFS,2.0,OK,0.0,2.771,-2.771,0,0.0,0.0,
BTCUSDC_SHORT,REENTRY_MIN_TFS,3.0,OK,0.0,2.771,-2.771,0,0.0,0.0,
BTCUSDC_SHORT,REGIME_ENGINE_ENABLED,False,OK,0.0,2.771,-2.771,0,0.0,0.0,
BTCUSDC_SHORT,REGIME_ENGINE_ENABLED,True,OK,0.0,2.771,-2.771,0,0.0,0.0,
BTCUSDC_SHORT,REGIME_ENGINE_FILTER_TF,,OK,0.0,2.771,-2.771,0,0.0,0.0,
BTCUSDC_SHORT,REGIME_ENGINE_FILTER_TF,3m,OK,0.0,2.771,-2.771,0,0.0,0.0,
BTCUSDC_SHORT,REGIME_ENGINE_FILTER_TF,15m,OK,0.0,2.771,-2.771,0,0.0,0.0,
BTCUSDC_SHORT,REGIME_ENGINE_FILTER_TF,1h,OK,0.0,2.771,-2.771,0,0.0,0.0,
BTCUSDC_SHORT,REGIME_ENGINE_FILTER_TF,4h,OK,0.0,2.771,-2.771,0,0.0,0.0,
BTCUSDC_SHORT,REGIME_ENGINE_FILTER_TF,D,OK,0.0,2.771,-2.771,0,0.0,0.0,
BTCUSDC_SHORT,REGIME_ENGINE_MIN_TFS,0.0,OK,0.0,2.771,-2.771,0,0.0,0.0,
BTCUSDC_SHORT,REGIME_ENGINE_MIN_TFS,1.0,OK,0.0,2.771,-2.771,0,0.0,0.0,
BTCUSDC_SHORT,REGIME_ENGINE_MIN_TFS,2.0,OK,0.0,2.771,-2.771,0,0.0,0.0,
BTCUSDC_SHORT,REGIME_ENGINE_MIN_TFS,3.0,OK,0.0,2.771,-2.771,0,0.0,0.0,
BTCUSDC_SHORT,RSI_MFI_SCORER_ENABLED,,OK,0.0,2.771,-2.771,0,0.0,0.0,
BTCUSDC_SHORT,RSI_MFI_SCORER_FILTER_TF,,OK,0.0,2.771,-2.771,0,0.0,0.0,
BTCUSDC_SHORT,RSI_MFI_SCORER_FILTER_TF,3m,OK,0.0,2.771,-2.771,0,0.0,0.0,
BTCUSDC_SHORT,RSI_MFI_SCORER_FILTER_TF,15m,OK,0.0,2.771,-2.771,0,0.0,0.0,
BTCUSDC_SHORT,RSI_MFI_SCORER_FILTER_TF,1h,OK,0.0,2.771,-2.771,0,0.0,0.0,
BTCUSDC_SHORT,RSI_MFI_SCORER_FILTER_TF,4h,OK,0.0,2.771,-2.771,0,0.0,0.0,
BTCUSDC_SHORT,RSI_MFI_SCORER_FILTER_TF,D,OK,0.0,2.771,-2.771,0,0.0,0.0,
BTCUSDC_SHORT,RSI_MFI_SCORER_MIN_TFS,,OK,0.0,2.771,-2.771,0,0.0,0.0,
BTCUSDC_SHORT,RZ_CASCADE_ENABLED,,OK,0.0,2.771,-2.771,0,0.0,0.0,
BTCUSDC_SHORT,RZ_CASCADE_FILTER_TF,,OK,0.0,2.771,-2.771,0,0.0,0.0,
BTCUSDC_SHORT,RZ_CASCADE_FILTER_TF,3m,OK,0.0,2.771,-2.771,0,0.0,0.0,
BTCUSDC_SHORT,RZ_CASCADE_FILTER_TF,15m,OK,0.0,2.771,-2.771,0,0.0,0.0,
BTCUSDC_SHORT,RZ_CASCADE_FILTER_TF,1h,OK,0.0,2.771,-2.771,0,0.0,0.0,
BTCUSDC_SHORT,RZ_CASCADE_FILTER_TF,4h,OK,0.0,2.771,-2.771,0,0.0,0.0,
BTCUSDC_SHORT,RZ_CASCADE_FILTER_TF,D,OK,0.0,2.771,-2.771,0,0.0,0.0,
BTCUSDC_SHORT,RZ_CASCADE_MIN_TFS,,OK,0.0,2.771,-2.771,0,0.0,0.0,
BTCUSDC_SHORT,SATOSHIT_FILTER_TF,,OK,0.0,2.771,-2.771,0,0.0,0.0,
BTCUSDC_SHORT,SATOSHIT_FILTER_TF,3m,OK,0.0,2.771,-2.771,0,0.0,0.0,
BTCUSDC_SHORT,SATOSHIT_FILTER_TF,15m,OK,0.0,2.771,-2.771,0,0.0,0.0,
BTCUSDC_SHORT,SATOSHIT_FILTER_TF,1h,OK,0.0,2.771,-2.771,0,0.0,0.0,
BTCUSDC_SHORT,SATOSHIT_FILTER_TF,4h,OK,0.0,2.771,-2.771,0,0.0,0.0,
BTCUSDC_SHORT,SATOSHIT_FILTER_TF,D,OK,0.0,2.771,-2.771,0,0.0,0.0,
BTCUSDC_SHORT,SATOSHIT_MIN_TFS,,OK,0.0,2.771,-2.771,0,0.0,0.0,
BTCUSDC_SHORT,SCALP_V2_ENABLED,,OK,0.0,2.771,-2.771,0,0.0,0.0,
BTCUSDC_SHORT,SCALP_V2_FILTER_TF,,OK,0.0,2.771,-2.771,0,0.0,0.0,
BTCUSDC_SHORT,SCALP_V2_MIN_TFS,,OK,0.0,2.771,-2.771,0,0.0,0.0,
BTCUSDC_SHORT,SCALP_V3_ENABLED,False,OK,0.0,2.771,-2.771,0,0.0,0.0,
BTCUSDC_SHORT,SCALP_V3_ENABLED,True,OK,0.0,2.771,-2.771,0,0.0,0.0,
BTCUSDC_SHORT,SCALP_V3_FILTER_TF,,OK,0.0,2.771,-2.771,0,0.0,0.0,
BTCUSDC_SHORT,SCALP_V3_MIN_TFS,,OK,0.0,2.771,-2.771,0,0.0,0.0,
BTCUSDC_SHORT,SENTIMENT_BOOST_ENABLED,,OK,0.0,2.771,-2.771,0,0.0,0.0,
BTCUSDC_SHORT,SENTIMENT_BOOST_FILTER_TF,,OK,0.0,2.771,-2.771,0,0.0,0.0,
BTCUSDC_SHORT,SENTIMENT_BOOST_FILTER_TF,3m,OK,0.0,2.771,-2.771,0,0.0,0.0,
BTCUSDC_SHORT,SENTIMENT_BOOST_FILTER_TF,15m,OK,0.0,2.771,-2.771,0,0.0,0.0,
BTCUSDC_SHORT,SENTIMENT_BOOST_FILTER_TF,1h,OK,0.0,2.771,-2.771,0,0.0,0.0,
BTCUSDC_SHORT,SENTIMENT_BOOST_FILTER_TF,4h,OK,0.0,2.771,-2.771,0,0.0,0.0,
BTCUSDC_SHORT,SENTIMENT_BOOST_FILTER_TF,D,OK,0.0,2.771,-2.771,0,0.0,0.0,
BTCUSDC_SHORT,SENTIMENT_BOOST_MIN_TFS,,OK,0.0,2.771,-2.771,0,0.0,0.0,
BTCUSDC_SHORT,SENTIMENT_FADE_ENABLED,,OK,0.0,2.771,-2.771,0,0.0,0.0,
BTCUSDC_SHORT,SENTIMENT_FADE_FILTER_TF,,OK,0.0,2.771,-2.771,0,0.0,0.0,
BTCUSDC_SHORT,SENTIMENT_FADE_FILTER_TF,3m,OK,0.0,2.771,-2.771,0,0.0,0.0,
BTCUSDC_SHORT,SENTIMENT_FADE_FILTER_TF,15m,OK,0.0,2.771,-2.771,0,0.0,0.0,
BTCUSDC_SHORT,SENTIMENT_FADE_FILTER_TF,1h,OK,0.0,2.771,-2.771,0,0.0,0.0,
BTCUSDC_SHORT,SENTIMENT_FADE_FILTER_TF,4h,OK,0.0,2.771,-2.771,0,0.0,0.0,
BTCUSDC_SHORT,SENTIMENT_FADE_FILTER_TF,D,OK,0.0,2.771,-2.771,0,0.0,0.0,
BTCUSDC_SHORT,SENTIMENT_FADE_MIN_TFS,,OK,0.0,2.771,-2.771,0,0.0,0.0,
BTCUSDC_SHORT,SIZING_ENABLED,,OK,0.0,2.771,-2.771,0,0.0,0.0,
BTCUSDC_SHORT,SIZING_FILTER_TF,,OK,0.0,2.771,-2.771,0,0.0,0.0,
BTCUSDC_SHORT,SIZING_MIN_TFS,,OK,0.0,2.771,-2.771,0,0.0,0.0,
BTCUSDC_SHORT,STALE_MARK_PRICE_ENABLED,,OK,0.0,2.771,-2.771,0,0.0,0.0,
BTCUSDC_SHORT,STALE_MARK_PRICE_FILTER_TF,,OK,0.0,2.771,-2.771,0,0.0,0.0,
BTCUSDC_SHORT,STALE_MARK_PRICE_MIN_TFS,,OK,0.0,2.771,-2.771,0,0.0,0.0,
BTCUSDC_SHORT,STALL_SUB_ENABLED,,OK,0.0,2.771,-2.771,0,0.0,0.0,
BTCUSDC_SHORT,STALL_SUB_FILTER_TF,,OK,0.0,2.771,-2.771,0,0.0,0.0,
BTCUSDC_SHORT,STALL_SUB_MIN_TFS,,OK,0.0,2.771,-2.771,0,0.0,0.0,
BTCUSDC_SHORT,STDEV_MACRO_VEC_ENABLED,,OK,0.0,2.771,-2.771,0,0.0,0.0,
BTCUSDC_SHORT,STDEV_MACRO_VEC_FILTER_TF,,OK,0.0,2.771,-2.771,0,0.0,0.0,
BTCUSDC_SHORT,STDEV_MACRO_VEC_FILTER_TF,3m,OK,0.0,2.771,-2.771,0,0.0,0.0,
BTCUSDC_SHORT,STDEV_MACRO_VEC_FILTER_TF,15m,OK,0.0,2.771,-2.771,0,0.0,0.0,
BTCUSDC_SHORT,STDEV_MACRO_VEC_FILTER_TF,1h,OK,0.0,2.771,-2.771,0,0.0,0.0,
BTCUSDC_SHORT,STDEV_MACRO_VEC_FILTER_TF,4h,OK,0.0,2.771,-2.771,0,0.0,0.0,
BTCUSDC_SHORT,STDEV_MACRO_VEC_FILTER_TF,D,OK,0.0,2.771,-2.771,0,0.0,0.0,
BTCUSDC_SHORT,STDEV_MACRO_VEC_MIN_TFS,,OK,0.0,2.771,-2.771,0,0.0,0.0,
BTCUSDC_SHORT,STOCH_KX_SCORER_ENABLED,,OK,0.0,2.771,-2.771,0,0.0,0.0,
BTCUSDC_SHORT,STOCH_KX_SCORER_FILTER_TF,,OK,0.0,2.771,-2.771,0,0.0,0.0,
BTCUSDC_SHORT,STOCH_KX_SCORER_FILTER_TF,3m,OK,0.0,2.771,-2.771,0,0.0,0.0,
BTCUSDC_SHORT,STOCH_KX_SCORER_FILTER_TF,15m,OK,0.0,2.771,-2.771,0,0.0,0.0,
BTCUSDC_SHORT,STOCH_KX_SCORER_FILTER_TF,1h,OK,0.0,2.771,-2.771,0,0.0,0.0,
BTCUSDC_SHORT,STOCH_KX_SCORER_FILTER_TF,4h,OK,0.0,2.771,-2.771,0,0.0,0.0,
BTCUSDC_SHORT,STOCH_KX_SCORER_FILTER_TF,D,OK,0.0,2.771,-2.771,0,0.0,0.0,
BTCUSDC_SHORT,STOCH_KX_SCORER_MIN_TFS,,OK,0.0,2.771,-2.771,0,0.0,0.0,
BTCUSDC_SHORT,STRUCTURAL_RANGE_SHIFT_ENABLED,,OK,0.0,2.771,-2.771,0,0.0,0.0,
BTCUSDC_SHORT,STRUCTURAL_RANGE_SHIFT_FILTER_TF,,OK,0.0,2.771,-2.771,0,0.0,0.0,
BTCUSDC_SHORT,STRUCTURAL_RANGE_SHIFT_FILTER_TF,3m,OK,0.0,2.771,-2.771,0,0.0,0.0,
BTCUSDC_SHORT,STRUCTURAL_RANGE_SHIFT_FILTER_TF,15m,OK,0.0,2.771,-2.771,0,0.0,0.0,
BTCUSDC_SHORT,STRUCTURAL_RANGE_SHIFT_FILTER_TF,1h,OK,0.0,2.771,-2.771,0,0.0,0.0,
BTCUSDC_SHORT,STRUCTURAL_RANGE_SHIFT_FILTER_TF,4h,OK,0.0,2.771,-2.771,0,0.0,0.0,
BTCUSDC_SHORT,STRUCTURAL_RANGE_SHIFT_FILTER_TF,D,OK,0.0,2.771,-2.771,0,0.0,0.0,
BTCUSDC_SHORT,STRUCTURAL_RANGE_SHIFT_MIN_TFS,,OK,0.0,2.771,-2.771,0,0.0,0.0,
BTCUSDC_SHORT,STRUCTURAL_WT_RETEST_EXIT_ENABLED,False,OK,0.0,2.771,-2.771,0,0.0,0.0,
BTCUSDC_SHORT,STRUCTURAL_WT_RETEST_EXIT_ENABLED,True,OK,0.0,2.771,-2.771,0,0.0,0.0,
BTCUSDC_SHORT,STRUCTURAL_WT_RETEST_EXIT_FILTER_TF,,OK,0.0,2.771,-2.771,0,0.0,0.0,
BTCUSDC_SHORT,STRUCTURAL_WT_RETEST_EXIT_FILTER_TF,3m,OK,0.0,2.771,-2.771,0,0.0,0.0,
BTCUSDC_SHORT,STRUCTURAL_WT_RETEST_EXIT_FILTER_TF,15m,OK,0.0,2.771,-2.771,0,0.0,0.0,
BTCUSDC_SHORT,STRUCTURAL_WT_RETEST_EXIT_FILTER_TF,1h,OK,0.0,2.771,-2.771,0,0.0,0.0,
BTCUSDC_SHORT,STRUCTURAL_WT_RETEST_EXIT_FILTER_TF,4h,OK,0.0,2.771,-2.771,0,0.0,0.0,
BTCUSDC_SHORT,STRUCTURAL_WT_RETEST_EXIT_FILTER_TF,D,OK,0.0,2.771,-2.771,0,0.0,0.0,
BTCUSDC_SHORT,STRUCTURAL_WT_RETEST_EXIT_MIN_TFS,0.0,OK,0.0,2.771,-2.771,0,0.0,0.0,
BTCUSDC_SHORT,STRUCTURAL_WT_RETEST_EXIT_MIN_TFS,1.0,OK,0.0,2.771,-2.771,0,0.0,0.0,
BTCUSDC_SHORT,STRUCTURAL_WT_RETEST_EXIT_MIN_TFS,2.0,OK,0.0,2.771,-2.771,0,0.0,0.0,
BTCUSDC_SHORT,STRUCTURAL_WT_RETEST_EXIT_MIN_TFS,3.0,OK,0.0,2.771,-2.771,0,0.0,0.0,
BTCUSDC_SHORT,STRUCTURE_HH_HL_ENABLED,,OK,0.0,2.771,-2.771,0,0.0,0.0,
BTCUSDC_SHORT,STRUCTURE_HH_HL_FILTER_TF,,OK,0.0,2.771,-2.771,0,0.0,0.0,
BTCUSDC_SHORT,STRUCTURE_HH_HL_FILTER_TF,3m,OK,0.0,2.771,-2.771,0,0.0,0.0,
BTCUSDC_SHORT,STRUCTURE_HH_HL_FILTER_TF,15m,OK,0.0,2.771,-2.771,0,0.0,0.0,
BTCUSDC_SHORT,STRUCTURE_HH_HL_FILTER_TF,1h,OK,0.0,2.771,-2.771,0,0.0,0.0,
BTCUSDC_SHORT,STRUCTURE_HH_HL_FILTER_TF,4h,OK,0.0,2.771,-2.771,0,0.0,0.0,
BTCUSDC_SHORT,STRUCTURE_HH_HL_FILTER_TF,D,OK,0.0,2.771,-2.771,0,0.0,0.0,
BTCUSDC_SHORT,STRUCTURE_HH_HL_MIN_TFS,,OK,0.0,2.771,-2.771,0,0.0,0.0,
BTCUSDC_SHORT,TIGHT_BREAKOUT_STOPS_ENABLED,,OK,0.0,2.771,-2.771,0,0.0,0.0,
BTCUSDC_SHORT,TIGHT_BREAKOUT_STOPS_FILTER_TF,,OK,0.0,2.771,-2.771,0,0.0,0.0,
BTCUSDC_SHORT,TIGHT_BREAKOUT_STOPS_MIN_TFS,,OK,0.0,2.771,-2.771,0,0.0,0.0,
BTCUSDC_SHORT,TOP_OF_RANGE_BLOCK_ENABLED,False,OK,0.0,2.771,-2.771,0,0.0,0.0,
BTCUSDC_SHORT,TOP_OF_RANGE_BLOCK_ENABLED,True,OK,0.0,2.771,-2.771,0,0.0,0.0,
BTCUSDC_SHORT,TOP_OF_RANGE_BLOCK_FILTER_TF,,OK,0.0,2.771,-2.771,0,0.0,0.0,
BTCUSDC_SHORT,TOP_OF_RANGE_BLOCK_MIN_TFS,,OK,0.0,2.771,-2.771,0,0.0,0.0,
BTCUSDC_SHORT,TR_TREND_V1_ENABLED,False,OK,0.0,2.771,-2.771,0,0.0,0.0,
BTCUSDC_SHORT,TR_TREND_V1_ENABLED,True,OK,0.0,2.771,-2.771,0,0.0,0.0,
BTCUSDC_SHORT,TR_TREND_V1_FILTER_TF,,OK,0.0,2.771,-2.771,0,0.0,0.0,
BTCUSDC_SHORT,TR_TREND_V1_FILTER_TF,3m,OK,0.0,2.771,-2.771,0,0.0,0.0,
BTCUSDC_SHORT,TR_TREND_V1_FILTER_TF,15m,OK,0.0,2.771,-2.771,0,0.0,0.0,
BTCUSDC_SHORT,TR_TREND_V1_FILTER_TF,1h,OK,0.0,2.771,-2.771,0,0.0,0.0,
BTCUSDC_SHORT,TR_TREND_V1_FILTER_TF,4h,OK,0.0,2.771,-2.771,0,0.0,0.0,
BTCUSDC_SHORT,TR_TREND_V1_FILTER_TF,D,OK,0.0,2.771,-2.771,0,0.0,0.0,
BTCUSDC_SHORT,TR_TREND_V1_MIN_TFS,,OK,0.0,2.771,-2.771,0,0.0,0.0,
BTCUSDC_SHORT,TRADEABLE_STATE_GATES_ENABLED,,OK,0.0,2.771,-2.771,0,0.0,0.0,
BTCUSDC_SHORT,TRADEABLE_STATE_GATES_FILTER_TF,,OK,0.0,2.771,-2.771,0,0.0,0.0,
BTCUSDC_SHORT,TRADEABLE_STATE_GATES_MIN_TFS,,OK,0.0,2.771,-2.771,0,0.0,0.0,
BTCUSDC_SHORT,TTM_SQUEEZE_ENABLED,,OK,0.0,2.771,-2.771,0,0.0,0.0,
BTCUSDC_SHORT,TTM_SQUEEZE_FILTER_TF,,OK,0.0,2.771,-2.771,0,0.0,0.0,
BTCUSDC_SHORT,TTM_SQUEEZE_FILTER_TF,3m,OK,0.0,2.771,-2.771,0,0.0,0.0,
BTCUSDC_SHORT,TTM_SQUEEZE_FILTER_TF,15m,OK,0.0,2.771,-2.771,0,0.0,0.0,
BTCUSDC_SHORT,TTM_SQUEEZE_FILTER_TF,1h,OK,0.0,2.771,-2.771,0,0.0,0.0,
BTCUSDC_SHORT,TTM_SQUEEZE_FILTER_TF,4h,OK,0.0,2.771,-2.771,0,0.0,0.0,
BTCUSDC_SHORT,TTM_SQUEEZE_FILTER_TF,D,OK,0.0,2.771,-2.771,0,0.0,0.0,
BTCUSDC_SHORT,TTM_SQUEEZE_MIN_TFS,,OK,0.0,2.771,-2.771,0,0.0,0.0,
BTCUSDC_SHORT,V8_VEC_SWEEP_ENABLED,,OK,0.0,2.771,-2.771,0,0.0,0.0,
BTCUSDC_SHORT,V8_VEC_SWEEP_FILTER_TF,,OK,0.0,2.771,-2.771,0,0.0,0.0,
BTCUSDC_SHORT,V8_VEC_SWEEP_FILTER_TF,3m,OK,0.0,2.771,-2.771,0,0.0,0.0,
BTCUSDC_SHORT,V8_VEC_SWEEP_FILTER_TF,15m,OK,0.0,2.771,-2.771,0,0.0,0.0,
BTCUSDC_SHORT,V8_VEC_SWEEP_FILTER_TF,1h,OK,0.0,2.771,-2.771,0,0.0,0.0,
BTCUSDC_SHORT,V8_VEC_SWEEP_FILTER_TF,4h,OK,0.0,2.771,-2.771,0,0.0,0.0,
BTCUSDC_SHORT,V8_VEC_SWEEP_FILTER_TF,D,OK,0.0,2.771,-2.771,0,0.0,0.0,
BTCUSDC_SHORT,V8_VEC_SWEEP_MIN_TFS,,OK,0.0,2.771,-2.771,0,0.0,0.0,
BTCUSDC_SHORT,VALIDATE_AGAINST_LIVE_ENABLED,,OK,0.0,2.771,-2.771,0,0.0,0.0,
BTCUSDC_SHORT,VALIDATE_AGAINST_LIVE_FILTER_TF,,OK,0.0,2.771,-2.771,0,0.0,0.0,
BTCUSDC_SHORT,VALIDATE_AGAINST_LIVE_FILTER_TF,3m,OK,0.0,2.771,-2.771,0,0.0,0.0,
BTCUSDC_SHORT,VALIDATE_AGAINST_LIVE_FILTER_TF,15m,OK,0.0,2.771,-2.771,0,0.0,0.0,
BTCUSDC_SHORT,VALIDATE_AGAINST_LIVE_FILTER_TF,1h,OK,0.0,2.771,-2.771,0,0.0,0.0,
BTCUSDC_SHORT,VALIDATE_AGAINST_LIVE_FILTER_TF,4h,OK,0.0,2.771,-2.771,0,0.0,0.0,
BTCUSDC_SHORT,VALIDATE_AGAINST_LIVE_FILTER_TF,D,OK,0.0,2.771,-2.771,0,0.0,0.0,
BTCUSDC_SHORT,VALIDATE_AGAINST_LIVE_MIN_TFS,,OK,0.0,2.771,-2.771,0,0.0,0.0,
BTCUSDC_SHORT,VALIDATE_BATCH5_SIGNALS_ENABLED,,OK,0.0,2.771,-2.771,0,0.0,0.0,
BTCUSDC_SHORT,VALIDATE_BATCH5_SIGNALS_FILTER_TF,,OK,0.0,2.771,-2.771,0,0.0,0.0,
BTCUSDC_SHORT,VALIDATE_BATCH5_SIGNALS_FILTER_TF,3m,OK,0.0,2.771,-2.771,0,0.0,0.0,
BTCUSDC_SHORT,VALIDATE_BATCH5_SIGNALS_FILTER_TF,15m,OK,0.0,2.771,-2.771,0,0.0,0.0,
BTCUSDC_SHORT,VALIDATE_BATCH5_SIGNALS_FILTER_TF,1h,OK,0.0,2.771,-2.771,0,0.0,0.0,
BTCUSDC_SHORT,VALIDATE_BATCH5_SIGNALS_FILTER_TF,4h,OK,0.0,2.771,-2.771,0,0.0,0.0,
BTCUSDC_SHORT,VALIDATE_BATCH5_SIGNALS_FILTER_TF,D,OK,0.0,2.771,-2.771,0,0.0,0.0,
BTCUSDC_SHORT,VALIDATE_BATCH5_SIGNALS_MIN_TFS,,OK,0.0,2.771,-2.771,0,0.0,0.0,
BTCUSDC_SHORT,VEC_ENGINE_V1_ENABLED,,OK,0.0,2.771,-2.771,0,0.0,0.0,
BTCUSDC_SHORT,VEC_ENGINE_V1_FILTER_TF,,OK,0.0,2.771,-2.771,0,0.0,0.0,
BTCUSDC_SHORT,VEC_ENGINE_V1_FILTER_TF,3m,OK,0.0,2.771,-2.771,0,0.0,0.0,
BTCUSDC_SHORT,VEC_ENGINE_V1_FILTER_TF,15m,OK,0.0,2.771,-2.771,0,0.0,0.0,
BTCUSDC_SHORT,VEC_ENGINE_V1_FILTER_TF,1h,OK,0.0,2.771,-2.771,0,0.0,0.0,
BTCUSDC_SHORT,VEC_ENGINE_V1_FILTER_TF,4h,OK,0.0,2.771,-2.771,0,0.0,0.0,
BTCUSDC_SHORT,VEC_ENGINE_V1_FILTER_TF,D,OK,0.0,2.771,-2.771,0,0.0,0.0,
BTCUSDC_SHORT,VEC_ENGINE_V1_MIN_TFS,,OK,0.0,2.771,-2.771,0,0.0,0.0,
BTCUSDC_SHORT,VEC_PARITY_GATE_ENABLED,False,OK,0.0,2.771,-2.771,0,0.0,0.0,
BTCUSDC_SHORT,VEC_PARITY_GATE_ENABLED,True,OK,0.0,2.771,-2.771,0,0.0,0.0,
BTCUSDC_SHORT,VEC_PARITY_GATE_FILTER_TF,,OK,0.0,2.771,-2.771,0,0.0,0.0,
BTCUSDC_SHORT,VEC_PARITY_GATE_FILTER_TF,3m,OK,0.0,2.771,-2.771,0,0.0,0.0,
BTCUSDC_SHORT,VEC_PARITY_GATE_FILTER_TF,15m,OK,0.0,2.771,-2.771,0,0.0,0.0,
BTCUSDC_SHORT,VEC_PARITY_GATE_FILTER_TF,1h,OK,0.0,2.771,-2.771,0,0.0,0.0,
BTCUSDC_SHORT,VEC_PARITY_GATE_FILTER_TF,4h,OK,0.0,2.771,-2.771,0,0.0,0.0,
BTCUSDC_SHORT,VEC_PARITY_GATE_FILTER_TF,D,OK,0.0,2.771,-2.771,0,0.0,0.0,
BTCUSDC_SHORT,VEC_PARITY_GATE_MIN_TFS,0.0,OK,0.0,2.771,-2.771,0,0.0,0.0,
BTCUSDC_SHORT,VEC_PARITY_GATE_MIN_TFS,1.0,OK,0.0,2.771,-2.771,0,0.0,0.0,
BTCUSDC_SHORT,VEC_PARITY_GATE_MIN_TFS,2.0,OK,0.0,2.771,-2.771,0,0.0,0.0,
BTCUSDC_SHORT,VEC_PARITY_GATE_MIN_TFS,3.0,OK,0.0,2.771,-2.771,0,0.0,0.0,
BTCUSDC_SHORT,WINNER_PROTECT_ENABLED,,OK,0.0,2.771,-2.771,0,0.0,0.0,
BTCUSDC_SHORT,WINNER_PROTECT_FILTER_TF,,OK,0.0,2.771,-2.771,0,0.0,0.0,
BTCUSDC_SHORT,WINNER_PROTECT_MIN_TFS,,OK,0.0,2.771,-2.771,0,0.0,0.0,
BTCUSDC_SHORT,WT_CROSS_LADDER_ENABLED,,OK,0.0,2.771,-2.771,0,0.0,0.0,
BTCUSDC_SHORT,WT_CROSS_LADDER_FILTER_TF,,OK,0.0,2.771,-2.771,0,0.0,0.0,
BTCUSDC_SHORT,WT_CROSS_LADDER_FILTER_TF,3m,OK,0.0,2.771,-2.771,0,0.0,0.0,
BTCUSDC_SHORT,WT_CROSS_LADDER_FILTER_TF,15m,OK,0.0,2.771,-2.771,0,0.0,0.0,
BTCUSDC_SHORT,WT_CROSS_LADDER_FILTER_TF,1h,OK,0.0,2.771,-2.771,0,0.0,0.0,
BTCUSDC_SHORT,WT_CROSS_LADDER_FILTER_TF,4h,OK,0.0,2.771,-2.771,0,0.0,0.0,
BTCUSDC_SHORT,WT_CROSS_LADDER_FILTER_TF,D,OK,0.0,2.771,-2.771,0,0.0,0.0,
BTCUSDC_SHORT,WT_CROSS_LADDER_MIN_TFS,,OK,0.0,2.771,-2.771,0,0.0,0.0,
BTCUSDC_SHORT,WT_CROSSUNDER_FINAL_ENABLED,False,OK,0.0,2.771,-2.771,0,0.0,0.0,
BTCUSDC_SHORT,WT_CROSSUNDER_FINAL_ENABLED,True,OK,0.0,2.771,-2.771,0,0.0,0.0,
BTCUSDC_SHORT,WT_CROSSUNDER_FINAL_FILTER_TF,,OK,0.0,2.771,-2.771,0,0.0,0.0,
BTCUSDC_SHORT,WT_CROSSUNDER_FINAL_FILTER_TF,3m,OK,0.0,2.771,-2.771,0,0.0,0.0,
BTCUSDC_SHORT,WT_CROSSUNDER_FINAL_FILTER_TF,15m,OK,0.0,2.771,-2.771,0,0.0,0.0,
BTCUSDC_SHORT,WT_CROSSUNDER_FINAL_FILTER_TF,1h,OK,0.0,2.771,-2.771,0,0.0,0.0,
BTCUSDC_SHORT,WT_CROSSUNDER_FINAL_FILTER_TF,4h,OK,0.0,2.771,-2.771,0,0.0,0.0,
BTCUSDC_SHORT,WT_CROSSUNDER_FINAL_FILTER_TF,D,OK,0.0,2.771,-2.771,0,0.0,0.0,
BTCUSDC_SHORT,WT_CROSSUNDER_FINAL_MIN_TFS,,OK,0.0,2.771,-2.771,0,0.0,0.0,
BTCUSDC_SHORT,WT_DC_ENTRY_ENABLED,False,OK,0.0,2.771,-2.771,0,0.0,0.0,
BTCUSDC_SHORT,WT_DC_ENTRY_ENABLED,True,OK,0.0,2.771,-2.771,0,0.0,0.0,
BTCUSDC_SHORT,WT_DC_ENTRY_FILTER_TF,,OK,0.0,2.771,-2.771,0,0.0,0.0,
BTCUSDC_SHORT,WT_DC_ENTRY_FILTER_TF,3m,OK,0.0,2.771,-2.771,0,0.0,0.0,
BTCUSDC_SHORT,WT_DC_ENTRY_FILTER_TF,15m,OK,0.0,2.771,-2.771,0,0.0,0.0,
BTCUSDC_SHORT,WT_DC_ENTRY_FILTER_TF,1h,OK,0.0,2.771,-2.771,0,0.0,0.0,
BTCUSDC_SHORT,WT_DC_ENTRY_FILTER_TF,4h,OK,0.0,2.771,-2.771,0,0.0,0.0,
BTCUSDC_SHORT,WT_DC_ENTRY_FILTER_TF,D,OK,0.0,2.771,-2.771,0,0.0,0.0,
BTCUSDC_SHORT,WT_DC_ENTRY_MIN_TFS,0.0,OK,0.0,2.771,-2.771,0,0.0,0.0,
BTCUSDC_SHORT,WT_DC_ENTRY_MIN_TFS,1.0,OK,0.0,2.771,-2.771,0,0.0,0.0,
BTCUSDC_SHORT,WT_DC_ENTRY_MIN_TFS,2.0,OK,0.0,2.771,-2.771,0,0.0,0.0,
BTCUSDC_SHORT,WT_DC_ENTRY_MIN_TFS,3.0,OK,0.0,2.771,-2.771,0,0.0,0.0,
BTCUSDC_SHORT,WT_DC_HTF_GATE_ENABLED,False,OK,0.0,2.771,-2.771,0,0.0,0.0,
BTCUSDC_SHORT,WT_DC_HTF_GATE_ENABLED,True,OK,0.0,2.771,-2.771,0,0.0,0.0,
BTCUSDC_SHORT,WT_DC_HTF_GATE_FILTER_TF,,OK,0.0,2.771,-2.771,0,0.0,0.0,
BTCUSDC_SHORT,WT_DC_HTF_GATE_FILTER_TF,3m,OK,0.0,2.771,-2.771,0,0.0,0.0,
BTCUSDC_SHORT,WT_DC_HTF_GATE_FILTER_TF,15m,OK,0.0,2.771,-2.771,0,0.0,0.0,
BTCUSDC_SHORT,WT_DC_HTF_GATE_FILTER_TF,1h,OK,0.0,2.771,-2.771,0,0.0,0.0,
BTCUSDC_SHORT,WT_DC_HTF_GATE_FILTER_TF,4h,OK,0.0,2.771,-2.771,0,0.0,0.0,
BTCUSDC_SHORT,WT_DC_HTF_GATE_FILTER_TF,D,OK,0.0,2.771,-2.771,0,0.0,0.0,
BTCUSDC_SHORT,WT_DC_HTF_GATE_MIN_TFS,0.0,OK,0.0,2.771,-2.771,0,0.0,0.0,
BTCUSDC_SHORT,WT_DC_HTF_GATE_MIN_TFS,1.0,OK,0.0,2.771,-2.771,0,0.0,0.0,
BTCUSDC_SHORT,WT_DC_HTF_GATE_MIN_TFS,2.0,OK,0.0,2.771,-2.771,0,0.0,0.0,
BTCUSDC_SHORT,WT_DC_HTF_GATE_MIN_TFS,3.0,OK,0.0,2.771,-2.771,0,0.0,0.0,
BTCUSDC_SHORT,WT_EXITS_ENABLED,False,OK,0.0,2.771,-2.771,0,0.0,0.0,
BTCUSDC_SHORT,WT_EXITS_ENABLED,True,OK,0.0,2.771,-2.771,0,0.0,0.0,
BTCUSDC_SHORT,WT_EXITS_FILTER_TF,,OK,0.0,2.771,-2.771,0,0.0,0.0,
BTCUSDC_SHORT,WT_EXITS_FILTER_TF,3m,OK,0.0,2.771,-2.771,0,0.0,0.0,
BTCUSDC_SHORT,WT_EXITS_FILTER_TF,15m,OK,0.0,2.771,-2.771,0,0.0,0.0,
BTCUSDC_SHORT,WT_EXITS_FILTER_TF,1h,OK,0.0,2.771,-2.771,0,0.0,0.0,
BTCUSDC_SHORT,WT_EXITS_FILTER_TF,4h,OK,0.0,2.771,-2.771,0,0.0,0.0,
BTCUSDC_SHORT,WT_EXITS_FILTER_TF,D,OK,0.0,2.771,-2.771,0,0.0,0.0,
BTCUSDC_SHORT,WT_EXITS_MIN_TFS,0.0,OK,0.0,2.771,-2.771,0,0.0,0.0,
BTCUSDC_SHORT,WT_EXITS_MIN_TFS,1.0,OK,0.0,2.771,-2.771,0,0.0,0.0,
BTCUSDC_SHORT,WT_EXITS_MIN_TFS,2.0,OK,0.0,2.771,-2.771,0,0.0,0.0,
BTCUSDC_SHORT,WT_EXITS_MIN_TFS,3.0,OK,0.0,2.771,-2.771,0,0.0,0.0,
BTCUSDC_SHORT,WT_FORCE_OPEN_ENABLED,False,OK,0.0,2.771,-2.771,0,0.0,0.0,
BTCUSDC_SHORT,WT_FORCE_OPEN_ENABLED,True,OK,0.0,2.771,-2.771,0,0.0,0.0,
BTCUSDC_SHORT,WT_FORCE_OPEN_FILTER_TF,,OK,0.0,2.771,-2.771,0,0.0,0.0,
BTCUSDC_SHORT,WT_FORCE_OPEN_FILTER_TF,3m,OK,0.0,2.771,-2.771,0,0.0,0.0,
BTCUSDC_SHORT,WT_FORCE_OPEN_FILTER_TF,15m,OK,0.0,2.771,-2.771,0,0.0,0.0,
BTCUSDC_SHORT,WT_FORCE_OPEN_FILTER_TF,1h,OK,0.0,2.771,-2.771,0,0.0,0.0,
BTCUSDC_SHORT,WT_FORCE_OPEN_FILTER_TF,4h,OK,0.0,2.771,-2.771,0,0.0,0.0,
BTCUSDC_SHORT,WT_FORCE_OPEN_FILTER_TF,D,OK,0.0,2.771,-2.771,0,0.0,0.0,
BTCUSDC_SHORT,WT_FORCE_OPEN_MIN_TFS,0.0,OK,0.0,2.771,-2.771,0,0.0,0.0,
BTCUSDC_SHORT,WT_FORCE_OPEN_MIN_TFS,1.0,OK,0.0,2.771,-2.771,0,0.0,0.0,
BTCUSDC_SHORT,WT_FORCE_OPEN_MIN_TFS,2.0,OK,0.0,2.771,-2.771,0,0.0,0.0,
BTCUSDC_SHORT,WT_FORCE_OPEN_MIN_TFS,3.0,OK,0.0,2.771,-2.771,0,0.0,0.0,
BTCUSDC_SHORT,BTC_RZ_WT_DC_MULTIFACTOR,,OK,0.0,2.771,-2.771,0,0.0,0.0,
BTCUSDC_SHORT,DYNAMIC_SCORE_AUGMENT_ENABLED,False,OK,0.0,2.771,-2.771,0,0.0,0.0,
BTCUSDC_SHORT,DYNAMIC_SCORE_AUGMENT_ENABLED,True,OK,0.0,2.771,-2.771,0,0.0,0.0,
BTCUSDC_SHORT,INTRADAY_SESSION_FORCE_EXIT_UTC,,OK,0.0,2.771,-2.771,0,0.0,0.0,
BTCUSDC_SHORT,PARTIAL_EXIT_FRAC,,OK,0.0,2.771,-2.771,0,0.0,0.0,
BTCUSDC_SHORT,QUICK_REENTRY_60MIN_MIN_PCT,0.0,OK,0.0,2.771,-2.771,0,0.0,0.0,
BTCUSDC_SHORT,QUICK_REENTRY_60MIN_MIN_PCT,0.3,OK,0.0,2.771,-2.771,0,0.0,0.0,
BTCUSDC_SHORT,QUICK_REENTRY_60MIN_MIN_PCT,0.6,OK,0.0,2.771,-2.771,0,0.0,0.0,
BTCUSDC_SHORT,QUICK_REENTRY_60MIN_MIN_PCT,1.2,OK,0.0,2.771,-2.771,0,0.0,0.0,
BTCUSDC_SHORT,RATIO_SENTIMENT_FILTER_ENABLED,,OK,0.0,2.771,-2.771,0,0.0,0.0,
BTCUSDC_SHORT,ABLATION_DISABLE_AGGRESSIVE_HEDGE,False,OK,0.0,2.771,-2.771,0,0.0,0.0,
BTCUSDC_SHORT,ABLATION_DISABLE_AGGRESSIVE_HEDGE,True,OK,0.0,2.771,-2.771,0,0.0,0.0,
BTCUSDC_SHORT,ABLATION_DISABLE_AUGMENTATION,False,OK,0.0,2.771,-2.771,0,0.0,0.0,
BTCUSDC_SHORT,ABLATION_DISABLE_AUGMENTATION,True,OK,0.0,2.771,-2.771,0,0.0,0.0,
BTCUSDC_SHORT,ABLATION_DISABLE_CHECK_NOLOSS,False,OK,0.0,2.771,-2.771,0,0.0,0.0,
BTCUSDC_SHORT,ABLATION_DISABLE_CHECK_NOLOSS,True,OK,0.0,2.771,-2.771,0,0.0,0.0,
BTCUSDC_SHORT,ABLATION_DISABLE_DC_BREACH_REDUCE,False,OK,0.0,2.771,-2.771,0,0.0,0.0,
BTCUSDC_SHORT,ABLATION_DISABLE_DC_BREACH_REDUCE,True,OK,0.0,2.771,-2.771,0,0.0,0.0,
BTCUSDC_SHORT,ABLATION_DISABLE_ENTRY_LEADERBOARD,False,OK,0.0,2.771,-2.771,0,0.0,0.0,
BTCUSDC_SHORT,ABLATION_DISABLE_ENTRY_LEADERBOARD,True,OK,0.0,2.771,-2.771,0,0.0,0.0,
BTCUSDC_SHORT,ABLATION_DISABLE_ENTRY_RANKING,False,OK,0.0,2.771,-2.771,0,0.0,0.0,
BTCUSDC_SHORT,ABLATION_DISABLE_ENTRY_RANKING,True,OK,0.0,2.771,-2.771,0,0.0,0.0,
BTCUSDC_SHORT,ABLATION_DISABLE_ENTRY_REVERSAL,False,OK,0.0,2.771,-2.771,0,0.0,0.0,
BTCUSDC_SHORT,ABLATION_DISABLE_ENTRY_REVERSAL,True,OK,0.0,2.771,-2.771,0,0.0,0.0,
BTCUSDC_SHORT,ABLATION_DISABLE_ENTRY_TECHNICAL,False,OK,0.0,2.771,-2.771,0,0.0,0.0,
BTCUSDC_SHORT,ABLATION_DISABLE_ENTRY_TECHNICAL,True,OK,0.0,2.771,-2.771,0,0.0,0.0,
BTCUSDC_SHORT,ABLATION_DISABLE_HEDGE,False,OK,0.0,2.771,-2.771,0,0.0,0.0,
BTCUSDC_SHORT,ABLATION_DISABLE_HEDGE,True,OK,0.0,2.771,-2.771,0,0.0,0.0,
BTCUSDC_SHORT,ABLATION_DISABLE_HIGH_GAIN_AUGMENT,False,OK,0.0,2.771,-2.771,0,0.0,0.0,
BTCUSDC_SHORT,ABLATION_DISABLE_HIGH_GAIN_AUGMENT,True,OK,0.0,2.771,-2.771,0,0.0,0.0,
BTCUSDC_SHORT,ABLATION_DISABLE_PERIODIC_REENTRY,False,OK,0.0,2.771,-2.771,0,0.0,0.0,
BTCUSDC_SHORT,ABLATION_DISABLE_PERIODIC_REENTRY,True,OK,0.0,2.771,-2.771,0,0.0,0.0,
BTCUSDC_SHORT,ABLATION_DISABLE_QUICK_ENTRY,False,OK,0.0,2.771,-2.771,0,0.0,0.0,
BTCUSDC_SHORT,ABLATION_DISABLE_QUICK_ENTRY,True,OK,0.0,2.771,-2.771,0,0.0,0.0,
BTCUSDC_SHORT,ABLATION_DISABLE_QUICK_EXIT,False,OK,0.0,2.771,-2.771,0,0.0,0.0,
BTCUSDC_SHORT,ABLATION_DISABLE_QUICK_EXIT,True,OK,0.0,2.771,-2.771,0,0.0,0.0,
BTCUSDC_SHORT,ABLATION_DISABLE_RATIO_REBALANCE,False,OK,0.0,2.771,-2.771,0,0.0,0.0,
BTCUSDC_SHORT,ABLATION_DISABLE_RATIO_REBALANCE,True,OK,0.0,2.771,-2.771,0,0.0,0.0,
BTCUSDC_SHORT,ABLATION_DISABLE_REENTRY,False,OK,0.0,2.771,-2.771,0,0.0,0.0,
BTCUSDC_SHORT,ABLATION_DISABLE_REENTRY,True,OK,0.0,2.771,-2.771,0,0.0,0.0,
BTCUSDC_SHORT,ABLATION_DISABLE_REENTRY_ENFORCE,False,OK,0.0,2.771,-2.771,0,0.0,0.0,
BTCUSDC_SHORT,ABLATION_DISABLE_REENTRY_ENFORCE,True,OK,0.0,2.771,-2.771,0,0.0,0.0,
BTCUSDC_SHORT,ABLATION_DISABLE_SPIKE_FADE_EXIT,False,OK,0.0,2.771,-2.771,0,0.0,0.0,
BTCUSDC_SHORT,ABLATION_DISABLE_SPIKE_FADE_EXIT,True,OK,0.0,2.771,-2.771,0,0.0,0.0,
BTCUSDC_SHORT,ADX_TRENDING_THRESHOLD,25.0,OK,0.0,2.771,-2.771,0,0.0,0.0,
BTCUSDC_SHORT,ADX_TRENDING_THRESHOLD,12.5,OK,0.0,2.771,-2.771,0,0.0,0.0,
BTCUSDC_SHORT,ADX_TRENDING_THRESHOLD,18.75,OK,0.0,2.771,-2.771,0,0.0,0.0,
BTCUSDC_SHORT,ADX_TRENDING_THRESHOLD,31.25,OK,0.0,2.771,-2.771,0,0.0,0.0,
BTCUSDC_SHORT,ADX_TRENDING_THRESHOLD,37.5,OK,0.0,2.771,-2.771,0,0.0,0.0,
BTCUSDC_SHORT,ALIGNMENT_GATE_MIN,2,OK,0.0,2.771,-2.771,0,0.0,0.0,
BTCUSDC_SHORT,ALIGNMENT_GATE_MIN,3,OK,0.0,2.771,-2.771,0,0.0,0.0,
BTCUSDC_SHORT,ALIGNMENT_GATE_MIN,4,OK,0.0,2.771,-2.771,0,0.0,0.0,
BTCUSDC_SHORT,ALIGNMENT_GATE_MIN,5,OK,0.0,2.771,-2.771,0,0.0,0.0,
BTCUSDC_SHORT,ALIGNMENT_GATE_MIN,6,OK,0.0,2.771,-2.771,0,0.0,0.0,
BTCUSDC_SHORT,ALIGNMENT_GATE_TOTAL,12,OK,0.0,2.771,-2.771,0,0.0,0.0,
BTCUSDC_SHORT,ALIGNMENT_GATE_TOTAL,18,OK,0.0,2.771,-2.771,0,0.0,0.0,
BTCUSDC_SHORT,ALIGNMENT_GATE_TOTAL,27,OK,0.0,2.771,-2.771,0,0.0,0.0,
BTCUSDC_SHORT,ALIGNMENT_GATE_TOTAL,36,OK,0.0,2.771,-2.771,0,0.0,0.0,
BTCUSDC_SHORT,ALIGNMENT_GATE_TOTAL,45,OK,0.0,2.771,-2.771,0,0.0,0.0,
BTCUSDC_SHORT,ALIGNMENT_GATE_TOTAL,54,OK,0.0,2.771,-2.771,0,0.0,0.0,
BTCUSDC_SHORT,ATR_ADAPTIVE_SIZING_ENABLED,False,OK,0.0,2.771,-2.771,0,0.0,0.0,
BTCUSDC_SHORT,ATR_ADAPTIVE_SIZING_ENABLED,True,OK,0.0,2.771,-2.771,0,0.0,0.0,
BTCUSDC_SHORT,ATR_ADAPTIVE_SIZING_TARGET_PCT,2.0,OK,0.0,2.771,-2.771,0,0.0,0.0,
BTCUSDC_SHORT,ATR_ADAPTIVE_SIZING_TARGET_PCT,0.75,OK,0.0,2.771,-2.771,0,0.0,0.0,
BTCUSDC_SHORT,ATR_ADAPTIVE_SIZING_TARGET_PCT,1.125,OK,0.0,2.771,-2.771,0,0.0,0.0,
BTCUSDC_SHORT,ATR_ADAPTIVE_SIZING_TARGET_PCT,1.5,OK,0.0,2.771,-2.771,0,0.0,0.0,
BTCUSDC_SHORT,ATR_ADAPTIVE_SIZING_TARGET_PCT,1.875,OK,0.0,2.771,-2.771,0,0.0,0.0,
BTCUSDC_SHORT,ATR_ADAPTIVE_SIZING_TARGET_PCT,2.25,OK,0.0,2.771,-2.771,0,0.0,0.0,
BTCUSDC_SHORT,ATR_ADAPTIVE_STOP_ENABLED,False,OK,0.0,2.771,-2.771,0,0.0,0.0,
BTCUSDC_SHORT,ATR_ADAPTIVE_STOP_ENABLED,True,OK,0.0,2.771,-2.771,0,0.0,0.0,
BTCUSDC_SHORT,ATR_PARITY_EQUITY_BASE_USD,17500.0,OK,0.0,2.771,-2.771,0,0.0,0.0,
BTCUSDC_SHORT,ATR_PARITY_EQUITY_BASE_USD,26250.0,OK,0.0,2.771,-2.771,0,0.0,0.0,
BTCUSDC_SHORT,ATR_PARITY_EQUITY_BASE_USD,35000.0,OK,0.0,2.771,-2.771,0,0.0,0.0,
BTCUSDC_SHORT,ATR_PARITY_EQUITY_BASE_USD,43750.0,OK,0.0,2.771,-2.771,0,0.0,0.0,
BTCUSDC_SHORT,ATR_PARITY_EQUITY_BASE_USD,52500.0,OK,0.0,2.771,-2.771,0,0.0,0.0,
BTCUSDC_SHORT,ATR_PARITY_QTY_CAP_MULT,2.5,OK,0.0,2.771,-2.771,0,0.0,0.0,
BTCUSDC_SHORT,ATR_PARITY_QTY_CAP_MULT,3.75,OK,0.0,2.771,-2.771,0,0.0,0.0,
BTCUSDC_SHORT,ATR_PARITY_QTY_CAP_MULT,5.0,OK,0.0,2.771,-2.771,0,0.0,0.0,
BTCUSDC_SHORT,ATR_PARITY_QTY_CAP_MULT,6.25,OK,0.0,2.771,-2.771,0,0.0,0.0,
BTCUSDC_SHORT,ATR_PARITY_QTY_CAP_MULT,7.5,OK,0.0,2.771,-2.771,0,0.0,0.0,
BTCUSDC_SHORT,ATR_PARITY_USE_DAILY,False,OK,0.0,2.771,-2.771,0,0.0,0.0,
BTCUSDC_SHORT,ATR_PARITY_USE_DAILY,True,OK,0.0,2.771,-2.771,0,0.0,0.0,
BTCUSDC_SHORT,ATR_TRAIL_2X_EXIT_ENABLED,False,OK,0.0,2.771,-2.771,0,0.0,0.0,
BTCUSDC_SHORT,ATR_TRAIL_2X_EXIT_ENABLED,True,OK,0.0,2.771,-2.771,0,0.0,0.0,
BTCUSDC_SHORT,ATR_TRAIL_ENABLED_TRADIER,False,OK,0.0,2.771,-2.771,0,0.0,0.0,
BTCUSDC_SHORT,ATR_TRAIL_ENABLED_TRADIER,True,OK,0.0,2.771,-2.771,0,0.0,0.0,
BTCUSDC_SHORT,AUGMENTATION_COOLDOWN_SECONDS,0.0,OK,0.0,2.771,-2.771,0,0.0,0.0,
BTCUSDC_SHORT,AUGMENTATION_COOLDOWN_SECONDS,150.0,OK,0.0,2.771,-2.771,0,0.0,0.0,
BTCUSDC_SHORT,AUGMENTATION_COOLDOWN_SECONDS,225.0,OK,0.0,2.771,-2.771,0,0.0,0.0,
BTCUSDC_SHORT,AUGMENTATION_COOLDOWN_SECONDS,300.0,OK,0.0,2.771,-2.771,0,0.0,0.0,
BTCUSDC_SHORT,AUGMENTATION_COOLDOWN_SECONDS,375.0,OK,0.0,2.771,-2.771,0,0.0,0.0,
BTCUSDC_SHORT,AUGMENTATION_COOLDOWN_SECONDS,450.0,OK,0.0,2.771,-2.771,0,0.0,0.0,
BTCUSDC_SHORT,AUGMENT_ONLY_WHEN_PROFITABLE_TRADIER,False,OK,0.0,2.771,-2.771,0,0.0,0.0,
BTCUSDC_SHORT,AUGMENT_ONLY_WHEN_PROFITABLE_TRADIER,True,OK,0.0,2.771,-2.771,0,0.0,0.0,
BTCUSDC_SHORT,BACKTEST_VALIDATED_GATES_TRADIER,False,OK,0.0,2.771,-2.771,0,0.0,0.0,
BTCUSDC_SHORT,BACKTEST_VALIDATED_GATES_TRADIER,True,OK,0.0,2.771,-2.771,0,0.0,0.0,
BTCUSDC_SHORT,BAND_SLOPE_SIZING_V2_DEPTH_GAIN,0.5,OK,0.0,2.771,-2.771,0,0.0,0.0,
BTCUSDC_SHORT,BAND_SLOPE_SIZING_V2_DEPTH_GAIN,0.75,OK,0.0,2.771,-2.771,0,0.0,0.0,
BTCUSDC_SHORT,BAND_SLOPE_SIZING_V2_DEPTH_GAIN,1.0,OK,0.0,2.771,-2.771,0,0.0,0.0,
BTCUSDC_SHORT,BAND_SLOPE_SIZING_V2_DEPTH_GAIN,1.25,OK,0.0,2.771,-2.771,0,0.0,0.0,
BTCUSDC_SHORT,BAND_SLOPE_SIZING_V2_DEPTH_GAIN,1.5,OK,0.0,2.771,-2.771,0,0.0,0.0,
BTCUSDC_SHORT,BAND_SLOPE_SIZING_V2_ENABLED,False,OK,0.0,2.771,-2.771,0,0.0,0.0,
BTCUSDC_SHORT,BAND_SLOPE_SIZING_V2_ENABLED,True,OK,0.0,2.771,-2.771,0,0.0,0.0,
BTCUSDC_SHORT,BAND_SLOPE_SIZING_V2_MAX,1.25,OK,0.0,2.771,-2.771,0,0.0,0.0,
BTCUSDC_SHORT,BAND_SLOPE_SIZING_V2_MAX,1.875,OK,0.0,2.771,-2.771,0,0.0,0.0,
BTCUSDC_SHORT,BAND_SLOPE_SIZING_V2_MAX,2.5,OK,0.0,2.771,-2.771,0,0.0,0.0,
BTCUSDC_SHORT,BAND_SLOPE_SIZING_V2_MAX,3.125,OK,0.0,2.771,-2.771,0,0.0,0.0,
BTCUSDC_SHORT,BAND_SLOPE_SIZING_V2_MAX,3.75,OK,0.0,2.771,-2.771,0,0.0,0.0,
BTCUSDC_SHORT,BAND_SLOPE_SIZING_V2_MAX,1.8,OK,0.0,2.771,-2.771,0,0.0,0.0,
BTCUSDC_SHORT,BAND_SLOPE_SIZING_V2_MIN,0.25,OK,0.0,2.771,-2.771,0,0.0,0.0,
BTCUSDC_SHORT,BAND_SLOPE_SIZING_V2_MIN,0.375,OK,0.0,2.771,-2.771,0,0.0,0.0,
BTCUSDC_SHORT,BAND_SLOPE_SIZING_V2_MIN,0.5,OK,0.0,2.771,-2.771,0,0.0,0.0,
BTCUSDC_SHORT,BAND_SLOPE_SIZING_V2_MIN,0.625,OK,0.0,2.771,-2.771,0,0.0,0.0,
BTCUSDC_SHORT,BAND_SLOPE_SIZING_V2_MIN,0.75,OK,0.0,2.771,-2.771,0,0.0,0.0,
BTCUSDC_SHORT,BAND_SLOPE_SIZING_V2_MIN,0.7,OK,0.0,2.771,-2.771,0,0.0,0.0,
BTCUSDC_SHORT,BAND_SLOPE_SIZING_V2_SLOPE_NORM_PCT_DAY,0.5,OK,0.0,2.771,-2.771,0,0.0,0.0,
BTCUSDC_SHORT,BAND_SLOPE_SIZING_V2_SLOPE_NORM_PCT_DAY,0.75,OK,0.0,2.771,-2.771,0,0.0,0.0,
BTCUSDC_SHORT,BAND_SLOPE_SIZING_V2_SLOPE_NORM_PCT_DAY,1.0,OK,0.0,2.771,-2.771,0,0.0,0.0,
BTCUSDC_SHORT,BAND_SLOPE_SIZING_V2_SLOPE_NORM_PCT_DAY,1.25,OK,0.0,2.771,-2.771,0,0.0,0.0,
BTCUSDC_SHORT,BAND_SLOPE_SIZING_V2_SLOPE_NORM_PCT_DAY,1.5,OK,0.0,2.771,-2.771,0,0.0,0.0,
BTCUSDC_SHORT,BASIS_CONDITION,False,OK,0.0,2.771,-2.771,0,0.0,0.0,
BTCUSDC_SHORT,BASIS_CONDITION,True,OK,0.0,2.771,-2.771,0,0.0,0.0,
BTCUSDC_SHORT,BB_BREAKOUT_ENABLED,False,OK,0.0,2.771,-2.771,0,0.0,0.0,
BTCUSDC_SHORT,BB_BREAKOUT_ENABLED,True,OK,0.0,2.771,-2.771,0,0.0,0.0,
BTCUSDC_SHORT,BB_BREAKOUT_SCORE,20,OK,0.0,2.771,-2.771,0,0.0,0.0,
BTCUSDC_SHORT,BB_BREAKOUT_SCORE,10,OK,0.0,2.771,-2.771,0,0.0,0.0,
BTCUSDC_SHORT,BB_BREAKOUT_SCORE,15,OK,0.0,2.771,-2.771,0,0.0,0.0,
BTCUSDC_SHORT,BB_BREAKOUT_SCORE,25,OK,0.0,2.771,-2.771,0,0.0,0.0,
BTCUSDC_SHORT,BB_BREAKOUT_SCORE,30,OK,0.0,2.771,-2.771,0,0.0,0.0,
BTCUSDC_SHORT,BB_FROZEN_STOP_ENABLED,False,OK,0.0,2.771,-2.771,0,0.0,0.0,
BTCUSDC_SHORT,BB_FROZEN_STOP_ENABLED,True,OK,0.0,2.771,-2.771,0,0.0,0.0,
BTCUSDC_SHORT,BB_PULLBACK_GATE_LONG_MAX,0.15,OK,0.0,2.771,-2.771,0,0.0,0.0,
BTCUSDC_SHORT,BB_PULLBACK_GATE_LONG_MAX,0.225,OK,0.0,2.771,-2.771,0,0.0,0.0,
BTCUSDC_SHORT,BB_PULLBACK_GATE_LONG_MAX,0.3,OK,0.0,2.771,-2.771,0,0.0,0.0,
BTCUSDC_SHORT,BB_PULLBACK_GATE_LONG_MAX,0.375,OK,0.0,2.771,-2.771,0,0.0,0.0,
BTCUSDC_SHORT,BB_PULLBACK_GATE_LONG_MAX,0.45,OK,0.0,2.771,-2.771,0,0.0,0.0,
BTCUSDC_SHORT,BB_PULLBACK_GATE_SHORT_MIN,0.35,OK,0.0,2.771,-2.771,0,0.0,0.0,
BTCUSDC_SHORT,BB_PULLBACK_GATE_SHORT_MIN,0.525,OK,0.0,2.771,-2.771,0,0.0,0.0,
BTCUSDC_SHORT,BB_PULLBACK_GATE_SHORT_MIN,0.7,OK,0.0,2.771,-2.771,0,0.0,0.0,
BTCUSDC_SHORT,BB_PULLBACK_GATE_SHORT_MIN,0.875,OK,0.0,2.771,-2.771,0,0.0,0.0,
BTCUSDC_SHORT,BB_PULLBACK_GATE_SHORT_MIN,1.05,OK,0.0,2.771,-2.771,0,0.0,0.0,
BTCUSDC_SHORT,BB_RECOVERY_EXIT_ENABLED_TRADIER,False,OK,0.0,2.771,-2.771,0,0.0,0.0,
BTCUSDC_SHORT,BB_RECOVERY_EXIT_ENABLED_TRADIER,True,OK,0.0,2.771,-2.771,0,0.0,0.0,
BTCUSDC_SHORT,BB_RECOVERY_EXIT_TOLERANCE_ATR_MULT_TRADIER,0.0,OK,0.0,2.771,-2.771,0,0.0,0.0,
BTCUSDC_SHORT,BB_RECOVERY_EXIT_TOLERANCE_ATR_MULT_TRADIER,0.5,OK,0.0,2.771,-2.771,0,0.0,0.0,
BTCUSDC_SHORT,BB_RECOVERY_EXIT_TOLERANCE_ATR_MULT_TRADIER,1.0,OK,0.0,2.771,-2.771,0,0.0,0.0,
BTCUSDC_SHORT,BB_RECOVERY_EXIT_TOLERANCE_PCT_TRADIER,0.3,OK,0.0,2.771,-2.771,0,0.0,0.0,
BTCUSDC_SHORT,BB_RECOVERY_EXIT_TOLERANCE_PCT_TRADIER,0.15,OK,0.0,2.771,-2.771,0,0.0,0.0,
BTCUSDC_SHORT,BB_RECOVERY_EXIT_TOLERANCE_PCT_TRADIER,0.225,OK,0.0,2.771,-2.771,0,0.0,0.0,
BTCUSDC_SHORT,BB_RECOVERY_EXIT_TOLERANCE_PCT_TRADIER,0.375,OK,0.0,2.771,-2.771,0,0.0,0.0,
BTCUSDC_SHORT,BB_RECOVERY_EXIT_TOLERANCE_PCT_TRADIER,0.45,OK,0.0,2.771,-2.771,0,0.0,0.0,
BTCUSDC_SHORT,BB_RSI_STOCH_BB_MAX,0.3,OK,0.0,2.771,-2.771,0,0.0,0.0,
BTCUSDC_SHORT,BB_RSI_STOCH_BB_MAX,0.15,OK,0.0,2.771,-2.771,0,0.0,0.0,
BTCUSDC_SHORT,BB_RSI_STOCH_BB_MAX,0.225,OK,0.0,2.771,-2.771,0,0.0,0.0,
BTCUSDC_SHORT,BB_RSI_STOCH_BB_MAX,0.375,OK,0.0,2.771,-2.771,0,0.0,0.0,
BTCUSDC_SHORT,BB_RSI_STOCH_BB_MAX,0.45,OK,0.0,2.771,-2.771,0,0.0,0.0,
BTCUSDC_SHORT,BB_RSI_STOCH_K_MAX,15.0,OK,0.0,2.771,-2.771,0,0.0,0.0,
BTCUSDC_SHORT,BB_RSI_STOCH_K_MAX,22.5,OK,0.0,2.771,-2.771,0,0.0,0.0,
BTCUSDC_SHORT,BB_RSI_STOCH_K_MAX,30.0,OK,0.0,2.771,-2.771,0,0.0,0.0,
BTCUSDC_SHORT,BB_RSI_STOCH_K_MAX,37.5,OK,0.0,2.771,-2.771,0,0.0,0.0,
BTCUSDC_SHORT,BB_RSI_STOCH_K_MAX,45.0,OK,0.0,2.771,-2.771,0,0.0,0.0,
BTCUSDC_SHORT,BB_RSI_STOCH_RSI_MAX,20.0,OK,0.0,2.771,-2.771,0,0.0,0.0,
BTCUSDC_SHORT,BB_RSI_STOCH_RSI_MAX,30.0,OK,0.0,2.771,-2.771,0,0.0,0.0,
BTCUSDC_SHORT,BB_RSI_STOCH_RSI_MAX,40.0,OK,0.0,2.771,-2.771,0,0.0,0.0,
BTCUSDC_SHORT,BB_RSI_STOCH_RSI_MAX,50.0,OK,0.0,2.771,-2.771,0,0.0,0.0,
BTCUSDC_SHORT,BB_RSI_STOCH_RSI_MAX,60.0,OK,0.0,2.771,-2.771,0,0.0,0.0,
BTCUSDC_SHORT,BB_RSI_STOCH_SCALP_ENABLED,False,OK,0.0,2.771,-2.771,0,0.0,0.0,
BTCUSDC_SHORT,BB_RSI_STOCH_SCALP_ENABLED,True,OK,0.0,2.771,-2.771,0,0.0,0.0,
BTCUSDC_SHORT,BB_RSI_STOCH_SCALP_SCORE,25,OK,0.0,2.771,-2.771,0,0.0,0.0,
BTCUSDC_SHORT,BB_RSI_STOCH_SCALP_SCORE,6,OK,0.0,2.771,-2.771,0,0.0,0.0,
BTCUSDC_SHORT,BB_RSI_STOCH_SCALP_SCORE,9,OK,0.0,2.771,-2.771,0,0.0,0.0,
BTCUSDC_SHORT,BB_RSI_STOCH_SCALP_SCORE,12,OK,0.0,2.771,-2.771,0,0.0,0.0,
BTCUSDC_SHORT,BB_RSI_STOCH_SCALP_SCORE,15,OK,0.0,2.771,-2.771,0,0.0,0.0,
BTCUSDC_SHORT,BB_RSI_STOCH_SCALP_SCORE,18,OK,0.0,2.771,-2.771,0,0.0,0.0,
BTCUSDC_SHORT,BB_SQUEEZE_COOLDOWN,300.0,OK,0.0,2.771,-2.771,0,0.0,0.0,
BTCUSDC_SHORT,BB_SQUEEZE_COOLDOWN,150.0,OK,0.0,2.771,-2.771,0,0.0,0.0,
BTCUSDC_SHORT,BB_SQUEEZE_COOLDOWN,225.0,OK,0.0,2.771,-2.771,0,0.0,0.0,
BTCUSDC_SHORT,BB_SQUEEZE_COOLDOWN,375.0,OK,0.0,2.771,-2.771,0,0.0,0.0,
BTCUSDC_SHORT,BB_SQUEEZE_COOLDOWN,450.0,OK,0.0,2.771,-2.771,0,0.0,0.0,
BTCUSDC_SHORT,BB_SQUEEZE_ENABLED,False,OK,0.0,2.771,-2.771,0,0.0,0.0,
BTCUSDC_SHORT,BB_SQUEEZE_ENABLED,True,OK,0.0,2.771,-2.771,0,0.0,0.0,
BTCUSDC_SHORT,BB_SQUEEZE_ENTRY_ENABLED,False,OK,0.0,2.771,-2.771,0,0.0,0.0,
BTCUSDC_SHORT,BB_SQUEEZE_ENTRY_ENABLED,True,OK,0.0,2.771,-2.771,0,0.0,0.0,
BTCUSDC_SHORT,BB_SQUEEZE_MIN_ALIGNMENT,10,OK,0.0,2.771,-2.771,0,0.0,0.0,
BTCUSDC_SHORT,BB_SQUEEZE_MIN_ALIGNMENT,5,OK,0.0,2.771,-2.771,0,0.0,0.0,
BTCUSDC_SHORT,BB_SQUEEZE_MIN_ALIGNMENT,15,OK,0.0,2.771,-2.771,0,0.0,0.0,
BTCUSDC_SHORT,BB_SQUEEZE_THRESHOLD_15M,0.025,OK,0.0,2.771,-2.771,0,0.0,0.0,
BTCUSDC_SHORT,BB_SQUEEZE_THRESHOLD_15M,0.0125,OK,0.0,2.771,-2.771,0,0.0,0.0,
BTCUSDC_SHORT,BB_SQUEEZE_THRESHOLD_15M,0.01875,OK,0.0,2.771,-2.771,0,0.0,0.0,
BTCUSDC_SHORT,BB_SQUEEZE_THRESHOLD_15M,0.03125,OK,0.0,2.771,-2.771,0,0.0,0.0,
BTCUSDC_SHORT,BB_SQUEEZE_THRESHOLD_15M,0.0375,OK,0.0,2.771,-2.771,0,0.0,0.0,
BTCUSDC_SHORT,BB_SQUEEZE_WIDTH_PERCENTILE,0.2,OK,0.0,2.771,-2.771,0,0.0,0.0,
BTCUSDC_SHORT,BB_SQUEEZE_WIDTH_PERCENTILE,0.1,OK,0.0,2.771,-2.771,0,0.0,0.0,
BTCUSDC_SHORT,BB_SQUEEZE_WIDTH_PERCENTILE,0.15,OK,0.0,2.771,-2.771,0,0.0,0.0,
BTCUSDC_SHORT,BB_SQUEEZE_WIDTH_PERCENTILE,0.25,OK,0.0,2.771,-2.771,0,0.0,0.0,
BTCUSDC_SHORT,BB_SQUEEZE_WIDTH_PERCENTILE,0.3,OK,0.0,2.771,-2.771,0,0.0,0.0,
BTCUSDC_SHORT,BEAR_MARKET_MODE_TRADIER,False,OK,0.0,2.771,-2.771,0,0.0,0.0,
BTCUSDC_SHORT,BEAR_MARKET_MODE_TRADIER,True,OK,0.0,2.771,-2.771,0,0.0,0.0,
BTCUSDC_SHORT,BOUNCE_AUGMENT_DC_LOW_D_TOLERANCE,0.02,OK,0.0,2.771,-2.771,0,0.0,0.0,
BTCUSDC_SHORT,BOUNCE_AUGMENT_DC_LOW_D_TOLERANCE,0.01,OK,0.0,2.771,-2.771,0,0.0,0.0,
BTCUSDC_SHORT,BOUNCE_AUGMENT_DC_LOW_D_TOLERANCE,0.015,OK,0.0,2.771,-2.771,0,0.0,0.0,
BTCUSDC_SHORT,BOUNCE_AUGMENT_DC_LOW_D_TOLERANCE,0.025,OK,0.0,2.771,-2.771,0,0.0,0.0,
BTCUSDC_SHORT,BOUNCE_AUGMENT_DC_LOW_D_TOLERANCE,0.03,OK,0.0,2.771,-2.771,0,0.0,0.0,
BTCUSDC_SHORT,BOUNCE_AUGMENT_ENABLED,False,OK,0.0,2.771,-2.771,0,0.0,0.0,
BTCUSDC_SHORT,BOUNCE_AUGMENT_ENABLED,True,OK,0.0,2.771,-2.771,0,0.0,0.0,
BTCUSDC_SHORT,BOUNCE_AUGMENT_K_D_CROSSING_UP,False,OK,0.0,2.771,-2.771,0,0.0,0.0,
BTCUSDC_SHORT,BOUNCE_AUGMENT_K_D_CROSSING_UP,True,OK,0.0,2.771,-2.771,0,0.0,0.0,
BTCUSDC_SHORT,BOUNCE_AUGMENT_K_D_THRESHOLD,20.0,OK,0.0,2.771,-2.771,0,0.0,0.0,
BTCUSDC_SHORT,BOUNCE_AUGMENT_K_D_THRESHOLD,22.5,OK,0.0,2.771,-2.771,0,0.0,0.0,
BTCUSDC_SHORT,BOUNCE_AUGMENT_K_D_THRESHOLD,33.75,OK,0.0,2.771,-2.771,0,0.0,0.0,
BTCUSDC_SHORT,BOUNCE_AUGMENT_K_D_THRESHOLD,45.0,OK,0.0,2.771,-2.771,0,0.0,0.0,
BTCUSDC_SHORT,BOUNCE_AUGMENT_K_D_THRESHOLD,56.25,OK,0.0,2.771,-2.771,0,0.0,0.0,
BTCUSDC_SHORT,BOUNCE_AUGMENT_K_D_THRESHOLD,67.5,OK,0.0,2.771,-2.771,0,0.0,0.0,
BTCUSDC_SHORT,BOUNCE_AUGMENT_MIN_LOSS_PCT,-0.5,OK,0.0,2.771,-2.771,0,0.0,0.0,
BTCUSDC_SHORT,BOUNCE_AUGMENT_MIN_LOSS_PCT,-0.75,OK,0.0,2.771,-2.771,0,0.0,0.0,
BTCUSDC_SHORT,BOUNCE_AUGMENT_MIN_LOSS_PCT,-0.625,OK,0.0,2.771,-2.771,0,0.0,0.0,
BTCUSDC_SHORT,BOUNCE_AUGMENT_MIN_LOSS_PCT,-0.375,OK,0.0,2.771,-2.771,0,0.0,0.0,
BTCUSDC_SHORT,BOUNCE_AUGMENT_MIN_LOSS_PCT,-0.25,OK,0.0,2.771,-2.771,0,0.0,0.0,
BTCUSDC_SHORT,BOUNCE_REENTRY_ENABLED_TRADIER,False,OK,0.0,2.771,-2.771,0,0.0,0.0,
BTCUSDC_SHORT,BOUNCE_REENTRY_ENABLED_TRADIER,True,OK,0.0,2.771,-2.771,0,0.0,0.0,
BTCUSDC_SHORT,BOUNCE_TOP_MAX_LOSS_PCT,-75.0,OK,0.0,2.771,-2.771,0,0.0,0.0,
BTCUSDC_SHORT,BOUNCE_TOP_MAX_LOSS_PCT,-62.5,OK,0.0,2.771,-2.771,0,0.0,0.0,
BTCUSDC_SHORT,BOUNCE_TOP_MAX_LOSS_PCT,-50.0,OK,0.0,2.771,-2.771,0,0.0,0.0,
BTCUSDC_SHORT,BOUNCE_TOP_MAX_LOSS_PCT,-37.5,OK,0.0,2.771,-2.771,0,0.0,0.0,
BTCUSDC_SHORT,BOUNCE_TOP_MAX_LOSS_PCT,-25.0,OK,0.0,2.771,-2.771,0,0.0,0.0,
BTCUSDC_SHORT,BOUNCE_TOP_MIN_HOLD_MINUTES,720.0,OK,0.0,2.771,-2.771,0,0.0,0.0,
BTCUSDC_SHORT,BOUNCE_TOP_MIN_HOLD_MINUTES,1080.0,OK,0.0,2.771,-2.771,0,0.0,0.0,
BTCUSDC_SHORT,BOUNCE_TOP_MIN_HOLD_MINUTES,1440.0,OK,0.0,2.771,-2.771,0,0.0,0.0,
BTCUSDC_SHORT,BOUNCE_TOP_MIN_HOLD_MINUTES,1800.0,OK,0.0,2.771,-2.771,0,0.0,0.0,
BTCUSDC_SHORT,BOUNCE_TOP_MIN_HOLD_MINUTES,2160.0,OK,0.0,2.771,-2.771,0,0.0,0.0,
BTCUSDC_SHORT,BOUNCE_TOP_MIN_LOSS_PCT,-4.5,OK,0.0,2.771,-2.771,0,0.0,0.0,
BTCUSDC_SHORT,BOUNCE_TOP_MIN_LOSS_PCT,-3.75,OK,0.0,2.771,-2.771,0,0.0,0.0,
BTCUSDC_SHORT,BOUNCE_TOP_MIN_LOSS_PCT,-3.0,OK,0.0,2.771,-2.771,0,0.0,0.0,
BTCUSDC_SHORT,BOUNCE_TOP_MIN_LOSS_PCT,-2.25,OK,0.0,2.771,-2.771,0,0.0,0.0,
BTCUSDC_SHORT,BOUNCE_TOP_MIN_LOSS_PCT,-1.5,OK,0.0,2.771,-2.771,0,0.0,0.0,
BTCUSDC_SHORT,BOUNCE_TOP_REENTRY_MULT,0.75,OK,0.0,2.771,-2.771,0,0.0,0.0,
BTCUSDC_SHORT,BOUNCE_TOP_REENTRY_MULT,1.125,OK,0.0,2.771,-2.771,0,0.0,0.0,
BTCUSDC_SHORT,BOUNCE_TOP_REENTRY_MULT,1.5,OK,0.0,2.771,-2.771,0,0.0,0.0,
BTCUSDC_SHORT,BOUNCE_TOP_REENTRY_MULT,1.875,OK,0.0,2.771,-2.771,0,0.0,0.0,
BTCUSDC_SHORT,BOUNCE_TOP_REENTRY_MULT,2.25,OK,0.0,2.771,-2.771,0,0.0,0.0,
BTCUSDC_SHORT,BREAKEVEN_DC_LOW4_ENABLED,False,OK,0.0,2.771,-2.771,0,0.0,0.0,
BTCUSDC_SHORT,BREAKEVEN_DC_LOW4_ENABLED,True,OK,0.0,2.771,-2.771,0,0.0,0.0,
BTCUSDC_SHORT,BREAKEVEN_GRACE_MINUTES,7.5,OK,0.0,2.771,-2.771,0,0.0,0.0,
BTCUSDC_SHORT,BREAKEVEN_GRACE_MINUTES,11.25,OK,0.0,2.771,-2.771,0,0.0,0.0,
BTCUSDC_SHORT,BREAKEVEN_GRACE_MINUTES,15.0,OK,0.0,2.771,-2.771,0,0.0,0.0,
BTCUSDC_SHORT,BREAKEVEN_GRACE_MINUTES,18.75,OK,0.0,2.771,-2.771,0,0.0,0.0,
BTCUSDC_SHORT,BREAKEVEN_GRACE_MINUTES,22.5,OK,0.0,2.771,-2.771,0,0.0,0.0,
BTCUSDC_SHORT,BREAKEVEN_GRACE_MINUTES,5.0,OK,0.0,2.771,-2.771,0,0.0,0.0,
BTCUSDC_SHORT,BREAKOUT_GUARD_LOSS_THRESHOLD,-1498.5,OK,0.0,2.771,-2.771,0,0.0,0.0,
BTCUSDC_SHORT,BREAKOUT_GUARD_LOSS_THRESHOLD,-1248.75,OK,0.0,2.771,-2.771,0,0.0,0.0,
BTCUSDC_SHORT,BREAKOUT_GUARD_LOSS_THRESHOLD,-999.0,OK,0.0,2.771,-2.771,0,0.0,0.0,
BTCUSDC_SHORT,BREAKOUT_GUARD_LOSS_THRESHOLD,-749.25,OK,0.0,2.771,-2.771,0,0.0,0.0,
BTCUSDC_SHORT,BREAKOUT_GUARD_LOSS_THRESHOLD,-499.5,OK,0.0,2.771,-2.771,0,0.0,0.0,
BTCUSDC_SHORT,BREAKOUT_RETEST_ARMED_ENABLED,False,OK,0.0,2.771,-2.771,0,0.0,0.0,
BTCUSDC_SHORT,BREAKOUT_RETEST_ARMED_ENABLED,True,OK,0.0,2.771,-2.771,0,0.0,0.0,
BTCUSDC_SHORT,BREAKOUT_RETEST_ARMED_HTF_STACK_MIN,1,OK,0.0,2.771,-2.771,0,0.0,0.0,
BTCUSDC_SHORT,BREAKOUT_RETEST_ARMED_HTF_STACK_MIN,2,OK,0.0,2.771,-2.771,0,0.0,0.0,
BTCUSDC_SHORT,BREAKOUT_RETEST_ARMED_HTF_STACK_MIN,3,OK,0.0,2.771,-2.771,0,0.0,0.0,
BTCUSDC_SHORT,BREAKOUT_RETEST_ARMED_K_3M_PREV_MAX,15,OK,0.0,2.771,-2.771,0,0.0,0.0,
BTCUSDC_SHORT,BREAKOUT_RETEST_ARMED_K_3M_PREV_MAX,30,OK,0.0,2.771,-2.771,0,0.0,0.0,
BTCUSDC_SHORT,BREAKOUT_RETEST_ARMED_K_3M_PREV_MAX,45,OK,0.0,2.771,-2.771,0,0.0,0.0,
BTCUSDC_SHORT,BREAKOUT_RETEST_ARMED_RETEST_ATR_MULT,0.15,OK,0.0,2.771,-2.771,0,0.0,0.0,
BTCUSDC_SHORT,BREAKOUT_RETEST_ARMED_RETEST_ATR_MULT,0.225,OK,0.0,2.771,-2.771,0,0.0,0.0,
BTCUSDC_SHORT,BREAKOUT_RETEST_ARMED_RETEST_ATR_MULT,0.3,OK,0.0,2.771,-2.771,0,0.0,0.0,
BTCUSDC_SHORT,BREAKOUT_RETEST_ARMED_RETEST_ATR_MULT,0.375,OK,0.0,2.771,-2.771,0,0.0,0.0,
BTCUSDC_SHORT,BREAKOUT_RETEST_ARMED_RETEST_ATR_MULT,0.45,OK,0.0,2.771,-2.771,0,0.0,0.0,
BTCUSDC_SHORT,BREAKOUT_RETEST_ARMED_VOLUME_MULT,0.625,OK,0.0,2.771,-2.771,0,0.0,0.0,
BTCUSDC_SHORT,BREAKOUT_RETEST_ARMED_VOLUME_MULT,0.9375,OK,0.0,2.771,-2.771,0,0.0,0.0,
BTCUSDC_SHORT,BREAKOUT_RETEST_ARMED_VOLUME_MULT,1.25,OK,0.0,2.771,-2.771,0,0.0,0.0,
BTCUSDC_SHORT,BREAKOUT_RETEST_ARMED_VOLUME_MULT,1.5625,OK,0.0,2.771,-2.771,0,0.0,0.0,
BTCUSDC_SHORT,BREAKOUT_RETEST_ARMED_VOLUME_MULT,1.875,OK,0.0,2.771,-2.771,0,0.0,0.0,
BTCUSDC_SHORT,BREAKOUT_SIZE_EMA200_T1_MULT,0.75,OK,0.0,2.771,-2.771,0,0.0,0.0,
BTCUSDC_SHORT,BREAKOUT_SIZE_EMA200_T1_MULT,1.125,OK,0.0,2.771,-2.771,0,0.0,0.0,
BTCUSDC_SHORT,BREAKOUT_SIZE_EMA200_T1_MULT,1.5,OK,0.0,2.771,-2.771,0,0.0,0.0,
BTCUSDC_SHORT,BREAKOUT_SIZE_EMA200_T1_MULT,1.875,OK,0.0,2.771,-2.771,0,0.0,0.0,
BTCUSDC_SHORT,BREAKOUT_SIZE_EMA200_T1_MULT,2.25,OK,0.0,2.771,-2.771,0,0.0,0.0,
BTCUSDC_SHORT,BREAKOUT_SIZE_EMA200_T1_PCT,0.5,OK,0.0,2.771,-2.771,0,0.0,0.0,
BTCUSDC_SHORT,BREAKOUT_SIZE_EMA200_T1_PCT,0.75,OK,0.0,2.771,-2.771,0,0.0,0.0,
BTCUSDC_SHORT,BREAKOUT_SIZE_EMA200_T1_PCT,1.0,OK,0.0,2.771,-2.771,0,0.0,0.0,
BTCUSDC_SHORT,BREAKOUT_SIZE_EMA200_T1_PCT,1.25,OK,0.0,2.771,-2.771,0,0.0,0.0,
BTCUSDC_SHORT,BREAKOUT_SIZE_EMA200_T1_PCT,1.5,OK,0.0,2.771,-2.771,0,0.0,0.0,
BTCUSDC_SHORT,BREAKOUT_SIZE_EMA200_T2_MULT,1.0,OK,0.0,2.771,-2.771,0,0.0,0.0,
BTCUSDC_SHORT,BREAKOUT_SIZE_EMA200_T2_MULT,1.5,OK,0.0,2.771,-2.771,0,0.0,0.0,
BTCUSDC_SHORT,BREAKOUT_SIZE_EMA200_T2_MULT,2.0,OK,0.0,2.771,-2.771,0,0.0,0.0,
BTCUSDC_SHORT,BREAKOUT_SIZE_EMA200_T2_MULT,2.5,OK,0.0,2.771,-2.771,0,0.0,0.0,
BTCUSDC_SHORT,BREAKOUT_SIZE_EMA200_T2_MULT,3.0,OK,0.0,2.771,-2.771,0,0.0,0.0,
BTCUSDC_SHORT,BREAKOUT_SIZE_EMA200_T2_PCT,0.75,OK,0.0,2.771,-2.771,0,0.0,0.0,
BTCUSDC_SHORT,BREAKOUT_SIZE_EMA200_T2_PCT,1.125,OK,0.0,2.771,-2.771,0,0.0,0.0,
BTCUSDC_SHORT,BREAKOUT_SIZE_EMA200_T2_PCT,1.5,OK,0.0,2.771,-2.771,0,0.0,0.0,
BTCUSDC_SHORT,BREAKOUT_SIZE_EMA200_T2_PCT,1.875,OK,0.0,2.771,-2.771,0,0.0,0.0,
BTCUSDC_SHORT,BREAKOUT_SIZE_EMA200_T2_PCT,2.25,OK,0.0,2.771,-2.771,0,0.0,0.0,
BTCUSDC_SHORT,BREAKOUT_SIZE_EMA200_T3_MULT,1.5,OK,0.0,2.771,-2.771,0,0.0,0.0,
BTCUSDC_SHORT,BREAKOUT_SIZE_EMA200_T3_MULT,2.25,OK,0.0,2.771,-2.771,0,0.0,0.0,
BTCUSDC_SHORT,BREAKOUT_SIZE_EMA200_T3_MULT,3.0,OK,0.0,2.771,-2.771,0,0.0,0.0,
BTCUSDC_SHORT,BREAKOUT_SIZE_EMA200_T3_MULT,3.75,OK,0.0,2.771,-2.771,0,0.0,0.0,
BTCUSDC_SHORT,BREAKOUT_SIZE_EMA200_T3_MULT,4.5,OK,0.0,2.771,-2.771,0,0.0,0.0,
BTCUSDC_SHORT,BREAKOUT_SIZE_EMA200_T3_PCT,1.25,OK,0.0,2.771,-2.771,0,0.0,0.0,
BTCUSDC_SHORT,BREAKOUT_SIZE_EMA200_T3_PCT,1.875,OK,0.0,2.771,-2.771,0,0.0,0.0,
BTCUSDC_SHORT,BREAKOUT_SIZE_EMA200_T3_PCT,2.5,OK,0.0,2.771,-2.771,0,0.0,0.0,
BTCUSDC_SHORT,BREAKOUT_SIZE_EMA200_T3_PCT,3.125,OK,0.0,2.771,-2.771,0,0.0,0.0,
BTCUSDC_SHORT,BREAKOUT_SIZE_EMA200_T3_PCT,3.75,OK,0.0,2.771,-2.771,0,0.0,0.0,
BTCUSDC_SHORT,BREAKOUT_SIZE_LADDER_ENABLED,False,OK,0.0,2.771,-2.771,0,0.0,0.0,
BTCUSDC_SHORT,BREAKOUT_SIZE_LADDER_ENABLED,True,OK,0.0,2.771,-2.771,0,0.0,0.0,
BTCUSDC_SHORT,BREAKOUT_SIZE_MAX_MULT,1.5,OK,0.0,2.771,-2.771,0,0.0,0.0,
BTCUSDC_SHORT,BREAKOUT_SIZE_MAX_MULT,2.25,OK,0.0,2.771,-2.771,0,0.0,0.0,
BTCUSDC_SHORT,BREAKOUT_SIZE_MAX_MULT,3.0,OK,0.0,2.771,-2.771,0,0.0,0.0,
BTCUSDC_SHORT,BREAKOUT_SIZE_MAX_MULT,3.75,OK,0.0,2.771,-2.771,0,0.0,0.0,
BTCUSDC_SHORT,BREAKOUT_SIZE_MAX_MULT,4.5,OK,0.0,2.771,-2.771,0,0.0,0.0,
BTCUSDC_SHORT,BROKER_PREFLIGHT_MAX_SAME_SIDE_QTY,25.0,OK,0.0,2.771,-2.771,0,0.0,0.0,
BTCUSDC_SHORT,BROKER_PREFLIGHT_MAX_SAME_SIDE_QTY,37.5,OK,0.0,2.771,-2.771,0,0.0,0.0,
BTCUSDC_SHORT,BROKER_PREFLIGHT_MAX_SAME_SIDE_QTY,50.0,OK,0.0,2.771,-2.771,0,0.0,0.0,
BTCUSDC_SHORT,BROKER_PREFLIGHT_MAX_SAME_SIDE_QTY,62.5,OK,0.0,2.771,-2.771,0,0.0,0.0,
BTCUSDC_SHORT,BROKER_PREFLIGHT_MAX_SAME_SIDE_QTY,75.0,OK,0.0,2.771,-2.771,0,0.0,0.0,
BTCUSDC_SHORT,CATALYST_VOLUME_GATE_ENABLED,False,OK,0.0,2.771,-2.771,0,0.0,0.0,
BTCUSDC_SHORT,CATALYST_VOLUME_GATE_ENABLED,True,OK,0.0,2.771,-2.771,0,0.0,0.0,
BTCUSDC_SHORT,CATALYST_VOLUME_RATIO,0.75,OK,0.0,2.771,-2.771,0,0.0,0.0,
BTCUSDC_SHORT,CATALYST_VOLUME_RATIO,1.125,OK,0.0,2.771,-2.771,0,0.0,0.0,
BTCUSDC_SHORT,CATALYST_VOLUME_RATIO,1.5,OK,0.0,2.771,-2.771,0,0.0,0.0,
BTCUSDC_SHORT,CATALYST_VOLUME_RATIO,1.875,OK,0.0,2.771,-2.771,0,0.0,0.0,
BTCUSDC_SHORT,CATALYST_VOLUME_RATIO,2.25,OK,0.0,2.771,-2.771,0,0.0,0.0,
BTCUSDC_SHORT,CHOP_TRENDING_THRESHOLD,38.2,OK,0.0,2.771,-2.771,0,0.0,0.0,
BTCUSDC_SHORT,CHOP_TRENDING_THRESHOLD,19.1,OK,0.0,2.771,-2.771,0,0.0,0.0,
BTCUSDC_SHORT,CHOP_TRENDING_THRESHOLD,28.65,OK,0.0,2.771,-2.771,0,0.0,0.0,
BTCUSDC_SHORT,CHOP_TRENDING_THRESHOLD,47.75,OK,0.0,2.771,-2.771,0,0.0,0.0,
BTCUSDC_SHORT,CHOP_TRENDING_THRESHOLD,57.3,OK,0.0,2.771,-2.771,0,0.0,0.0,
BTCUSDC_SHORT,CIRCUIT_BREAKER_ENABLED,False,OK,0.0,2.771,-2.771,0,0.0,0.0,
BTCUSDC_SHORT,CIRCUIT_BREAKER_ENABLED,True,OK,0.0,2.771,-2.771,0,0.0,0.0,
BTCUSDC_SHORT,CLENOW_ENABLED,False,OK,0.0,2.771,-2.771,0,0.0,0.0,
BTCUSDC_SHORT,CLENOW_ENABLED,True,OK,0.0,2.771,-2.771,0,0.0,0.0,
BTCUSDC_SHORT,CLENOW_GATE_ENABLED,False,OK,0.0,2.771,-2.771,0,0.0,0.0,
BTCUSDC_SHORT,CLENOW_GATE_ENABLED,True,OK,0.0,2.771,-2.771,0,0.0,0.0,
BTCUSDC_SHORT,CLENOW_GATE_MIN_SCORE,15.0,OK,0.0,2.771,-2.771,0,0.0,0.0,
BTCUSDC_SHORT,CLENOW_GATE_MIN_SCORE,22.5,OK,0.0,2.771,-2.771,0,0.0,0.0,
BTCUSDC_SHORT,CLENOW_GATE_MIN_SCORE,30.0,OK,0.0,2.771,-2.771,0,0.0,0.0,
BTCUSDC_SHORT,CLENOW_GATE_MIN_SCORE,37.5,OK,0.0,2.771,-2.771,0,0.0,0.0,
BTCUSDC_SHORT,CLENOW_GATE_MIN_SCORE,45.0,OK,0.0,2.771,-2.771,0,0.0,0.0,
BTCUSDC_SHORT,CLENOW_MIN_SCORE,2.5,OK,0.0,2.771,-2.771,0,0.0,0.0,
BTCUSDC_SHORT,CLENOW_MIN_SCORE,3.75,OK,0.0,2.771,-2.771,0,0.0,0.0,
BTCUSDC_SHORT,CLENOW_MIN_SCORE,5.0,OK,0.0,2.771,-2.771,0,0.0,0.0,
BTCUSDC_SHORT,CLENOW_MIN_SCORE,6.25,OK,0.0,2.771,-2.771,0,0.0,0.0,
BTCUSDC_SHORT,CLENOW_MIN_SCORE,7.5,OK,0.0,2.771,-2.771,0,0.0,0.0,
BTCUSDC_SHORT,CLENOW_POSITION_SIZE,400.0,OK,0.0,2.771,-2.771,0,0.0,0.0,
BTCUSDC_SHORT,CLENOW_POSITION_SIZE,600.0,OK,0.0,2.771,-2.771,0,0.0,0.0,
BTCUSDC_SHORT,CLENOW_POSITION_SIZE,800.0,OK,0.0,2.771,-2.771,0,0.0,0.0,
BTCUSDC_SHORT,CLENOW_POSITION_SIZE,1000.0,OK,0.0,2.771,-2.771,0,0.0,0.0,
BTCUSDC_SHORT,CLENOW_POSITION_SIZE,1200.0,OK,0.0,2.771,-2.771,0,0.0,0.0,
BTCUSDC_SHORT,CLENOW_REGIME_FILTER,False,OK,0.0,2.771,-2.771,0,0.0,0.0,
BTCUSDC_SHORT,CLENOW_REGIME_FILTER,True,OK,0.0,2.771,-2.771,0,0.0,0.0,
BTCUSDC_SHORT,CLOSE_ZONE_SIZE_MULT,0.75,OK,0.0,2.771,-2.771,0,0.0,0.0,
BTCUSDC_SHORT,CLOSE_ZONE_SIZE_MULT,1.125,OK,0.0,2.771,-2.771,0,0.0,0.0,
BTCUSDC_SHORT,CLOSE_ZONE_SIZE_MULT,1.5,OK,0.0,2.771,-2.771,0,0.0,0.0,
BTCUSDC_SHORT,CLOSE_ZONE_SIZE_MULT,1.875,OK,0.0,2.771,-2.771,0,0.0,0.0,
BTCUSDC_SHORT,CLOSE_ZONE_SIZE_MULT,2.25,OK,0.0,2.771,-2.771,0,0.0,0.0,
BTCUSDC_SHORT,COMBINED_STOCH_GATE_TRADIER,30.0,OK,0.0,2.771,-2.771,0,0.0,0.0,
BTCUSDC_SHORT,COMBINED_STOCH_GATE_TRADIER,45.0,OK,0.0,2.771,-2.771,0,0.0,0.0,
BTCUSDC_SHORT,COMBINED_STOCH_GATE_TRADIER,60.0,OK,0.0,2.771,-2.771,0,0.0,0.0,
BTCUSDC_SHORT,COMBINED_STOCH_GATE_TRADIER,75.0,OK,0.0,2.771,-2.771,0,0.0,0.0,
BTCUSDC_SHORT,COMBINED_STOCH_GATE_TRADIER,90.0,OK,0.0,2.771,-2.771,0,0.0,0.0,
BTCUSDC_SHORT,COMPLETED_CANDLE_SNAPSHOT_DIRECT_ENABLED,,OK,0.0,2.771,-2.771,0,0.0,0.0,
BTCUSDC_SHORT,CONGRESS_CONVICTION_MIN_SOURCES,1,OK,0.0,2.771,-2.771,0,0.0,0.0,
BTCUSDC_SHORT,CONGRESS_CONVICTION_MIN_SOURCES,2,OK,0.0,2.771,-2.771,0,0.0,0.0,
BTCUSDC_SHORT,CONGRESS_CONVICTION_MIN_SOURCES,3,OK,0.0,2.771,-2.771,0,0.0,0.0,
BTCUSDC_SHORT,CONGRESS_CONVICTION_SIZING_BOOST,0.65,OK,0.0,2.771,-2.771,0,0.0,0.0,
BTCUSDC_SHORT,CONGRESS_CONVICTION_SIZING_BOOST,0.975,OK,0.0,2.771,-2.771,0,0.0,0.0,
BTCUSDC_SHORT,CONGRESS_CONVICTION_SIZING_BOOST,1.3,OK,0.0,2.771,-2.771,0,0.0,0.0,
BTCUSDC_SHORT,CONGRESS_CONVICTION_SIZING_BOOST,1.625,OK,0.0,2.771,-2.771,0,0.0,0.0,
BTCUSDC_SHORT,CONGRESS_CONVICTION_SIZING_BOOST,1.95,OK,0.0,2.771,-2.771,0,0.0,0.0,
BTCUSDC_SHORT,CONNORS_RSI2_REQUIRE_ABOVE_200SMA,False,OK,0.0,2.771,-2.771,0,0.0,0.0,
BTCUSDC_SHORT,CONNORS_RSI2_REQUIRE_ABOVE_200SMA,True,OK,0.0,2.771,-2.771,0,0.0,0.0,
BTCUSDC_SHORT,CONNORS_RSI2_THRESHOLD,5.0,OK,0.0,2.771,-2.771,0,0.0,0.0,
BTCUSDC_SHORT,CONNORS_RSI2_THRESHOLD,7.5,OK,0.0,2.771,-2.771,0,0.0,0.0,
BTCUSDC_SHORT,CONNORS_RSI2_THRESHOLD,10.0,OK,0.0,2.771,-2.771,0,0.0,0.0,
BTCUSDC_SHORT,CONNORS_RSI2_THRESHOLD,12.5,OK,0.0,2.771,-2.771,0,0.0,0.0,
BTCUSDC_SHORT,CONNORS_RSI2_THRESHOLD,15.0,OK,0.0,2.771,-2.771,0,0.0,0.0,
BTCUSDC_SHORT,CONNORS_RSI_ENABLED,False,OK,0.0,2.771,-2.771,0,0.0,0.0,
BTCUSDC_SHORT,CONNORS_RSI_ENABLED,True,OK,0.0,2.771,-2.771,0,0.0,0.0,
BTCUSDC_SHORT,CONNORS_RSI_ENTRY_THRESHOLD,5.0,OK,0.0,2.771,-2.771,0,0.0,0.0,
BTCUSDC_SHORT,CONNORS_RSI_ENTRY_THRESHOLD,7.5,OK,0.0,2.771,-2.771,0,0.0,0.0,
BTCUSDC_SHORT,CONNORS_RSI_ENTRY_THRESHOLD,10.0,OK,0.0,2.771,-2.771,0,0.0,0.0,
BTCUSDC_SHORT,CONNORS_RSI_ENTRY_THRESHOLD,12.5,OK,0.0,2.771,-2.771,0,0.0,0.0,
BTCUSDC_SHORT,CONNORS_RSI_ENTRY_THRESHOLD,15.0,OK,0.0,2.771,-2.771,0,0.0,0.0,
BTCUSDC_SHORT,CONNORS_RSI_EXIT_THRESHOLD,35.0,OK,0.0,2.771,-2.771,0,0.0,0.0,
BTCUSDC_SHORT,CONNORS_RSI_EXIT_THRESHOLD,52.5,OK,0.0,2.771,-2.771,0,0.0,0.0,
BTCUSDC_SHORT,CONNORS_RSI_EXIT_THRESHOLD,70.0,OK,0.0,2.771,-2.771,0,0.0,0.0,
BTCUSDC_SHORT,CONNORS_RSI_EXIT_THRESHOLD,87.5,OK,0.0,2.771,-2.771,0,0.0,0.0,
BTCUSDC_SHORT,CONNORS_RSI_MAX_HOLD_DAYS,10,OK,0.0,2.771,-2.771,0,0.0,0.0,
BTCUSDC_SHORT,CONNORS_RSI_MAX_HOLD_DAYS,15,OK,0.0,2.771,-2.771,0,0.0,0.0,
BTCUSDC_SHORT,CONNORS_RSI_MAX_HOLD_DAYS,20,OK,0.0,2.771,-2.771,0,0.0,0.0,
BTCUSDC_SHORT,CONNORS_RSI_MAX_HOLD_DAYS,25,OK,0.0,2.771,-2.771,0,0.0,0.0,
BTCUSDC_SHORT,CONNORS_RSI_MAX_HOLD_DAYS,30,OK,0.0,2.771,-2.771,0,0.0,0.0,
BTCUSDC_SHORT,CONNORS_RSI_POSITION_SIZE,300.0,OK,0.0,2.771,-2.771,0,0.0,0.0,
BTCUSDC_SHORT,CONNORS_RSI_POSITION_SIZE,450.0,OK,0.0,2.771,-2.771,0,0.0,0.0,
BTCUSDC_SHORT,CONNORS_RSI_POSITION_SIZE,600.0,OK,0.0,2.771,-2.771,0,0.0,0.0,
BTCUSDC_SHORT,CONVICTION_SHORT_THRESHOLD,10,OK,0.0,2.771,-2.771,0,0.0,0.0,
BTCUSDC_SHORT,CONVICTION_SHORT_THRESHOLD,15,OK,0.0,2.771,-2.771,0,0.0,0.0,
BTCUSDC_SHORT,CONVICTION_SHORT_THRESHOLD,20,OK,0.0,2.771,-2.771,0,0.0,0.0,
BTCUSDC_SHORT,CONVICTION_SHORT_THRESHOLD,25,OK,0.0,2.771,-2.771,0,0.0,0.0,
BTCUSDC_SHORT,CONVICTION_SHORT_THRESHOLD,30,OK,0.0,2.771,-2.771,0,0.0,0.0,
BTCUSDC_SHORT,CONVICTION_SIZING_ENABLED,False,OK,0.0,2.771,-2.771,0,0.0,0.0,
BTCUSDC_SHORT,CONVICTION_SIZING_ENABLED,True,OK,0.0,2.771,-2.771,0,0.0,0.0,
BTCUSDC_SHORT,CONVICTION_SIZING_MAX,4.0,OK,0.0,2.771,-2.771,0,0.0,0.0,
BTCUSDC_SHORT,CONVICTION_SIZING_MAX,6.0,OK,0.0,2.771,-2.771,0,0.0,0.0,
BTCUSDC_SHORT,CONVICTION_SIZING_MAX,8.0,OK,0.0,2.771,-2.771,0,0.0,0.0,
BTCUSDC_SHORT,CONVICTION_SIZING_MAX,10.0,OK,0.0,2.771,-2.771,0,0.0,0.0,
BTCUSDC_SHORT,CONVICTION_SIZING_MAX,12.0,OK,0.0,2.771,-2.771,0,0.0,0.0,
BTCUSDC_SHORT,COOLDOWN_BARS_TRADIER,8,OK,0.0,2.771,-2.771,0,0.0,0.0,
BTCUSDC_SHORT,COOLDOWN_BARS_TRADIER,4,OK,0.0,2.771,-2.771,0,0.0,0.0,
BTCUSDC_SHORT,COOLDOWN_BARS_TRADIER,6,OK,0.0,2.771,-2.771,0,0.0,0.0,
BTCUSDC_SHORT,COOLDOWN_BARS_TRADIER,10,OK,0.0,2.771,-2.771,0,0.0,0.0,
BTCUSDC_SHORT,COOLDOWN_BARS_TRADIER,12,OK,0.0,2.771,-2.771,0,0.0,0.0,
BTCUSDC_SHORT,COUNTER_TREND_ADD_BLOCK_ENABLED,False,OK,0.0,2.771,-2.771,0,0.0,0.0,
BTCUSDC_SHORT,COUNTER_TREND_ADD_BLOCK_ENABLED,True,OK,0.0,2.771,-2.771,0,0.0,0.0,
BTCUSDC_SHORT,COUNTER_TREND_SMA200_BYPASS_ENABLED,False,OK,0.0,2.771,-2.771,0,0.0,0.0,
BTCUSDC_SHORT,COUNTER_TREND_SMA200_BYPASS_ENABLED,True,OK,0.0,2.771,-2.771,0,0.0,0.0,
BTCUSDC_SHORT,CT_15M_MOMENTUM_GATE_ENABLED,False,OK,0.0,2.771,-2.771,0,0.0,0.0,
BTCUSDC_SHORT,CT_15M_MOMENTUM_GATE_ENABLED,True,OK,0.0,2.771,-2.771,0,0.0,0.0,
BTCUSDC_SHORT,CT_CHOP_4H_GATE_ENABLED,False,OK,0.0,2.771,-2.771,0,0.0,0.0,
BTCUSDC_SHORT,CT_CHOP_4H_GATE_ENABLED,True,OK,0.0,2.771,-2.771,0,0.0,0.0,
BTCUSDC_SHORT,CT_CHOP_4H_MAX,50.0,OK,0.0,2.771,-2.771,0,0.0,0.0,
BTCUSDC_SHORT,CT_CHOP_4H_MAX,25.0,OK,0.0,2.771,-2.771,0,0.0,0.0,
BTCUSDC_SHORT,CT_CHOP_4H_MAX,37.5,OK,0.0,2.771,-2.771,0,0.0,0.0,
BTCUSDC_SHORT,CT_CHOP_4H_MAX,62.5,OK,0.0,2.771,-2.771,0,0.0,0.0,
BTCUSDC_SHORT,CT_CHOP_4H_MAX,75.0,OK,0.0,2.771,-2.771,0,0.0,0.0,
BTCUSDC_SHORT,CT_DC_CROSSOVER_SKIP_ENABLED,False,OK,0.0,2.771,-2.771,0,0.0,0.0,
BTCUSDC_SHORT,CT_DC_CROSSOVER_SKIP_ENABLED,True,OK,0.0,2.771,-2.771,0,0.0,0.0,
BTCUSDC_SHORT,CT_MFI_15M_LONG_MIN,45.0,OK,0.0,2.771,-2.771,0,0.0,0.0,
BTCUSDC_SHORT,CT_MFI_15M_LONG_MIN,22.5,OK,0.0,2.771,-2.771,0,0.0,0.0,
BTCUSDC_SHORT,CT_MFI_15M_LONG_MIN,33.75,OK,0.0,2.771,-2.771,0,0.0,0.0,
BTCUSDC_SHORT,CT_MFI_15M_LONG_MIN,56.25,OK,0.0,2.771,-2.771,0,0.0,0.0,
BTCUSDC_SHORT,CT_MFI_15M_LONG_MIN,67.5,OK,0.0,2.771,-2.771,0,0.0,0.0,
BTCUSDC_SHORT,CT_MFI_15M_SHORT_MAX,55.0,OK,0.0,2.771,-2.771,0,0.0,0.0,
BTCUSDC_SHORT,CT_MFI_15M_SHORT_MAX,27.5,OK,0.0,2.771,-2.771,0,0.0,0.0,
BTCUSDC_SHORT,CT_MFI_15M_SHORT_MAX,41.25,OK,0.0,2.771,-2.771,0,0.0,0.0,
BTCUSDC_SHORT,CT_MFI_15M_SHORT_MAX,68.75,OK,0.0,2.771,-2.771,0,0.0,0.0,
BTCUSDC_SHORT,CT_MFI_15M_SHORT_MAX,82.5,OK,0.0,2.771,-2.771,0,0.0,0.0,
BTCUSDC_SHORT,CT_REL_VOL_MIN,1.3,OK,0.0,2.771,-2.771,0,0.0,0.0,
BTCUSDC_SHORT,CT_REL_VOL_MIN,0.65,OK,0.0,2.771,-2.771,0,0.0,0.0,
BTCUSDC_SHORT,CT_REL_VOL_MIN,0.975,OK,0.0,2.771,-2.771,0,0.0,0.0,
BTCUSDC_SHORT,CT_REL_VOL_MIN,1.625,OK,0.0,2.771,-2.771,0,0.0,0.0,
BTCUSDC_SHORT,CT_REL_VOL_MIN,1.95,OK,0.0,2.771,-2.771,0,0.0,0.0,
BTCUSDC_SHORT,CT_STOCH_K_15M_LONG_MIN,45.0,OK,0.0,2.771,-2.771,0,0.0,0.0,
BTCUSDC_SHORT,CT_STOCH_K_15M_LONG_MIN,22.5,OK,0.0,2.771,-2.771,0,0.0,0.0,
BTCUSDC_SHORT,CT_STOCH_K_15M_LONG_MIN,33.75,OK,0.0,2.771,-2.771,0,0.0,0.0,
BTCUSDC_SHORT,CT_STOCH_K_15M_LONG_MIN,56.25,OK,0.0,2.771,-2.771,0,0.0,0.0,
BTCUSDC_SHORT,CT_STOCH_K_15M_LONG_MIN,67.5,OK,0.0,2.771,-2.771,0,0.0,0.0,
BTCUSDC_SHORT,CT_STOCH_K_15M_SHORT_MAX,55.0,OK,0.0,2.771,-2.771,0,0.0,0.0,
BTCUSDC_SHORT,CT_STOCH_K_15M_SHORT_MAX,27.5,OK,0.0,2.771,-2.771,0,0.0,0.0,
BTCUSDC_SHORT,CT_STOCH_K_15M_SHORT_MAX,41.25,OK,0.0,2.771,-2.771,0,0.0,0.0,
BTCUSDC_SHORT,CT_STOCH_K_15M_SHORT_MAX,68.75,OK,0.0,2.771,-2.771,0,0.0,0.0,
BTCUSDC_SHORT,CT_STOCH_K_15M_SHORT_MAX,82.5,OK,0.0,2.771,-2.771,0,0.0,0.0,
BTCUSDC_SHORT,CT_VOLUME_SURGE_GATE_ENABLED,False,OK,0.0,2.771,-2.771,0,0.0,0.0,
BTCUSDC_SHORT,CT_VOLUME_SURGE_GATE_ENABLED,True,OK,0.0,2.771,-2.771,0,0.0,0.0,
BTCUSDC_SHORT,CT_WT_VELOCITY_1H_MIN,0.0,OK,0.0,2.771,-2.771,0,0.0,0.0,
BTCUSDC_SHORT,CT_WT_VELOCITY_1H_MIN,0.5,OK,0.0,2.771,-2.771,0,0.0,0.0,
BTCUSDC_SHORT,CT_WT_VELOCITY_1H_MIN,1.0,OK,0.0,2.771,-2.771,0,0.0,0.0,
BTCUSDC_SHORT,CT_WT_VELOCITY_1H_MIN,2.0,OK,0.0,2.771,-2.771,0,0.0,0.0,
BTCUSDC_SHORT,CT_WT_VELOCITY_1H_MIN,3.0,OK,0.0,2.771,-2.771,0,0.0,0.0,
BTCUSDC_SHORT,CT_WT_VELOCITY_1H_MIN,4.0,OK,0.0,2.771,-2.771,0,0.0,0.0,
BTCUSDC_SHORT,CT_WT_VELOCITY_1H_MIN,6.0,OK,0.0,2.771,-2.771,0,0.0,0.0,
BTCUSDC_SHORT,CT_WT_VELOCITY_1H_MIN,10.0,OK,0.0,2.771,-2.771,0,0.0,0.0,
BTCUSDC_SHORT,CT_WT_VELOCITY_1H_MIN,9.0,OK,0.0,2.771,-2.771,0,0.0,0.0,
BTCUSDC_SHORT,CT_WT_VELOCITY_GATE_ENABLED,False,OK,0.0,2.771,-2.771,0,0.0,0.0,
BTCUSDC_SHORT,CT_WT_VELOCITY_GATE_ENABLED,True,OK,0.0,2.771,-2.771,0,0.0,0.0,
BTCUSDC_SHORT,CYCLE_TP_CONDITIONAL_EXIT,0.003,OK,0.0,2.771,-2.771,0,0.0,0.0,
BTCUSDC_SHORT,CYCLE_TP_CONDITIONAL_EXIT,0.0015,OK,0.0,2.771,-2.771,0,0.0,0.0,
BTCUSDC_SHORT,CYCLE_TP_CONDITIONAL_EXIT,0.00225,OK,0.0,2.771,-2.771,0,0.0,0.0,
BTCUSDC_SHORT,CYCLE_TP_CONDITIONAL_EXIT,0.00375,OK,0.0,2.771,-2.771,0,0.0,0.0,
BTCUSDC_SHORT,CYCLE_TP_CONDITIONAL_EXIT,0.0045,OK,0.0,2.771,-2.771,0,0.0,0.0,
BTCUSDC_SHORT,CYCLE_TP_PCT,0.6,OK,0.0,2.771,-2.771,0,0.0,0.0,
BTCUSDC_SHORT,CYCLE_TP_PCT,0.3,OK,0.0,2.771,-2.771,0,0.0,0.0,
BTCUSDC_SHORT,CYCLE_TP_PCT,0.45,OK,0.0,2.771,-2.771,0,0.0,0.0,
BTCUSDC_SHORT,CYCLE_TP_PCT,0.75,OK,0.0,2.771,-2.771,0,0.0,0.0,
BTCUSDC_SHORT,CYCLE_TP_PCT,0.9,OK,0.0,2.771,-2.771,0,0.0,0.0,
BTCUSDC_SHORT,CYCLE_TP_TIERED_ENABLED,False,OK,0.0,2.771,-2.771,0,0.0,0.0,
BTCUSDC_SHORT,CYCLE_TP_TIERED_ENABLED,True,OK,0.0,2.771,-2.771,0,0.0,0.0,
BTCUSDC_SHORT,CYCLE_TP_TIERED_FRAC,0.25,OK,0.0,2.771,-2.771,0,0.0,0.0,
BTCUSDC_SHORT,CYCLE_TP_TIERED_FRAC,0.125,OK,0.0,2.771,-2.771,0,0.0,0.0,
BTCUSDC_SHORT,CYCLE_TP_TIERED_FRAC,0.1875,OK,0.0,2.771,-2.771,0,0.0,0.0,
BTCUSDC_SHORT,CYCLE_TP_TIERED_FRAC,0.3125,OK,0.0,2.771,-2.771,0,0.0,0.0,
BTCUSDC_SHORT,CYCLE_TP_TIERED_FRAC,0.375,OK,0.0,2.771,-2.771,0,0.0,0.0,
BTCUSDC_SHORT,DC4_STOP_GR_HEDGE_OVERRIDE_ENABLED,False,OK,0.0,2.771,-2.771,0,0.0,0.0,
BTCUSDC_SHORT,DC4_STOP_GR_HEDGE_OVERRIDE_ENABLED,True,OK,0.0,2.771,-2.771,0,0.0,0.0,
BTCUSDC_SHORT,DC_BREAK_GR_MULT_BREAKOUT,0.05,OK,0.0,2.771,-2.771,0,0.0,0.0,
BTCUSDC_SHORT,DC_BREAK_GR_MULT_BREAKOUT,0.075,OK,0.0,2.771,-2.771,0,0.0,0.0,
BTCUSDC_SHORT,DC_BREAK_GR_MULT_BREAKOUT,0.1,OK,0.0,2.771,-2.771,0,0.0,0.0,
BTCUSDC_SHORT,DC_BREAK_GR_MULT_BREAKOUT,0.125,OK,0.0,2.771,-2.771,0,0.0,0.0,
BTCUSDC_SHORT,DC_BREAK_GR_MULT_BREAKOUT,0.15,OK,0.0,2.771,-2.771,0,0.0,0.0,
BTCUSDC_SHORT,DC_BREAK_GR_MULT_ENABLED,False,OK,0.0,2.771,-2.771,0,0.0,0.0,
BTCUSDC_SHORT,DC_BREAK_GR_MULT_ENABLED,True,OK,0.0,2.771,-2.771,0,0.0,0.0,
BTCUSDC_SHORT,DC_BREAK_GR_MULT_RETEST,1.5,OK,0.0,2.771,-2.771,0,0.0,0.0,
BTCUSDC_SHORT,DC_BREAK_GR_MULT_RETEST,2.25,OK,0.0,2.771,-2.771,0,0.0,0.0,
BTCUSDC_SHORT,DC_BREAK_GR_MULT_RETEST,3.0,OK,0.0,2.771,-2.771,0,0.0,0.0,
BTCUSDC_SHORT,DC_BREAK_GR_MULT_RETEST,3.75,OK,0.0,2.771,-2.771,0,0.0,0.0,
BTCUSDC_SHORT,DC_BREAK_GR_MULT_RETEST,4.5,OK,0.0,2.771,-2.771,0,0.0,0.0,
BTCUSDC_SHORT,DC_BREAK_GR_RETEST_TOLERANCE_PCT,0.15,OK,0.0,2.771,-2.771,0,0.0,0.0,
BTCUSDC_SHORT,DC_BREAK_GR_RETEST_TOLERANCE_PCT,0.225,OK,0.0,2.771,-2.771,0,0.0,0.0,
BTCUSDC_SHORT,DC_BREAK_GR_RETEST_TOLERANCE_PCT,0.3,OK,0.0,2.771,-2.771,0,0.0,0.0,
BTCUSDC_SHORT,DC_BREAK_GR_RETEST_TOLERANCE_PCT,0.375,OK,0.0,2.771,-2.771,0,0.0,0.0,
BTCUSDC_SHORT,DC_BREAK_GR_RETEST_TOLERANCE_PCT,0.45,OK,0.0,2.771,-2.771,0,0.0,0.0,
BTCUSDC_SHORT,DC_BREAK_LOW_REQUIRE_HTF_ENABLED,False,OK,0.0,2.771,-2.771,0,0.0,0.0,
BTCUSDC_SHORT,DC_BREAK_LOW_REQUIRE_HTF_ENABLED,True,OK,0.0,2.771,-2.771,0,0.0,0.0,
BTCUSDC_SHORT,DC_BREAK_LOW_REQUIRE_HTF_MIN_TFS,1,OK,0.0,2.771,-2.771,0,0.0,0.0,
BTCUSDC_SHORT,DC_BREAK_LOW_REQUIRE_HTF_MIN_TFS,2,OK,0.0,2.771,-2.771,0,0.0,0.0,
BTCUSDC_SHORT,DC_BREAK_LOW_REQUIRE_HTF_MIN_TFS,3,OK,0.0,2.771,-2.771,0,0.0,0.0,
BTCUSDC_SHORT,DC_DAYTRADE_BUFFER,0.0005,OK,0.0,2.771,-2.771,0,0.0,0.0,
BTCUSDC_SHORT,DC_DAYTRADE_BUFFER,0.00075,OK,0.0,2.771,-2.771,0,0.0,0.0,
BTCUSDC_SHORT,DC_DAYTRADE_BUFFER,0.001,OK,0.0,2.771,-2.771,0,0.0,0.0,
BTCUSDC_SHORT,DC_DAYTRADE_BUFFER,0.00125,OK,0.0,2.771,-2.771,0,0.0,0.0,
BTCUSDC_SHORT,DC_DAYTRADE_BUFFER,0.0015,OK,0.0,2.771,-2.771,0,0.0,0.0,
BTCUSDC_SHORT,DC_DAYTRADE_ENABLED,False,OK,0.0,2.771,-2.771,0,0.0,0.0,
BTCUSDC_SHORT,DC_DAYTRADE_ENABLED,True,OK,0.0,2.771,-2.771,0,0.0,0.0,
BTCUSDC_SHORT,DC_DAYTRADE_K_EXHAUSTED_LONG,42.5,OK,0.0,2.771,-2.771,0,0.0,0.0,
BTCUSDC_SHORT,DC_DAYTRADE_K_EXHAUSTED_LONG,63.75,OK,0.0,2.771,-2.771,0,0.0,0.0,
BTCUSDC_SHORT,DC_DAYTRADE_K_EXHAUSTED_LONG,85.0,OK,0.0,2.771,-2.771,0,0.0,0.0,
BTCUSDC_SHORT,DC_DAYTRADE_K_EXHAUSTED_SHORT,7.5,OK,0.0,2.771,-2.771,0,0.0,0.0,
BTCUSDC_SHORT,DC_DAYTRADE_K_EXHAUSTED_SHORT,11.25,OK,0.0,2.771,-2.771,0,0.0,0.0,
BTCUSDC_SHORT,DC_DAYTRADE_K_EXHAUSTED_SHORT,15.0,OK,0.0,2.771,-2.771,0,0.0,0.0,
BTCUSDC_SHORT,DC_DAYTRADE_K_EXHAUSTED_SHORT,18.75,OK,0.0,2.771,-2.771,0,0.0,0.0,
BTCUSDC_SHORT,DC_DAYTRADE_K_EXHAUSTED_SHORT,22.5,OK,0.0,2.771,-2.771,0,0.0,0.0,
BTCUSDC_SHORT,DC_DAYTRADE_LONG_BUDGET,1500.0,OK,0.0,2.771,-2.771,0,0.0,0.0,
BTCUSDC_SHORT,DC_DAYTRADE_LONG_BUDGET,2250.0,OK,0.0,2.771,-2.771,0,0.0,0.0,
BTCUSDC_SHORT,DC_DAYTRADE_LONG_BUDGET,3000.0,OK,0.0,2.771,-2.771,0,0.0,0.0,
BTCUSDC_SHORT,DC_DAYTRADE_LONG_BUDGET,3750.0,OK,0.0,2.771,-2.771,0,0.0,0.0,
BTCUSDC_SHORT,DC_DAYTRADE_LONG_BUDGET,4500.0,OK,0.0,2.771,-2.771,0,0.0,0.0,
BTCUSDC_SHORT,DC_DAYTRADE_MAX_HOLD_MINUTES,240.0,OK,0.0,2.771,-2.771,0,0.0,0.0,
BTCUSDC_SHORT,DC_DAYTRADE_MAX_HOLD_MINUTES,120.0,OK,0.0,2.771,-2.771,0,0.0,0.0,
BTCUSDC_SHORT,DC_DAYTRADE_MAX_HOLD_MINUTES,180.0,OK,0.0,2.771,-2.771,0,0.0,0.0,
BTCUSDC_SHORT,DC_DAYTRADE_MAX_HOLD_MINUTES,300.0,OK,0.0,2.771,-2.771,0,0.0,0.0,
BTCUSDC_SHORT,DC_DAYTRADE_MAX_HOLD_MINUTES,360.0,OK,0.0,2.771,-2.771,0,0.0,0.0,
BTCUSDC_SHORT,DC_DAYTRADE_MAX_POSITION_SIZE,500.0,OK,0.0,2.771,-2.771,0,0.0,0.0,
BTCUSDC_SHORT,DC_DAYTRADE_MAX_POSITION_SIZE,750.0,OK,0.0,2.771,-2.771,0,0.0,0.0,
BTCUSDC_SHORT,DC_DAYTRADE_MAX_POSITION_SIZE,1000.0,OK,0.0,2.771,-2.771,0,0.0,0.0,
BTCUSDC_SHORT,DC_DAYTRADE_MAX_POSITION_SIZE,1250.0,OK,0.0,2.771,-2.771,0,0.0,0.0,
BTCUSDC_SHORT,DC_DAYTRADE_MAX_POSITION_SIZE,1500.0,OK,0.0,2.771,-2.771,0,0.0,0.0,
BTCUSDC_SHORT,DC_DAYTRADE_PRE_CLOSE_MINUTES,60,OK,0.0,2.771,-2.771,0,0.0,0.0,
BTCUSDC_SHORT,DC_DAYTRADE_PRE_CLOSE_MINUTES,90,OK,0.0,2.771,-2.771,0,0.0,0.0,
BTCUSDC_SHORT,DC_DAYTRADE_PRE_CLOSE_MINUTES,120,OK,0.0,2.771,-2.771,0,0.0,0.0,
BTCUSDC_SHORT,DC_DAYTRADE_PRE_CLOSE_MINUTES,150,OK,0.0,2.771,-2.771,0,0.0,0.0,
BTCUSDC_SHORT,DC_DAYTRADE_PRE_CLOSE_MINUTES,180,OK,0.0,2.771,-2.771,0,0.0,0.0,
BTCUSDC_SHORT,DC_DAYTRADE_REQUIRE_1H_EXPANSION,False,OK,0.0,2.771,-2.771,0,0.0,0.0,
BTCUSDC_SHORT,DC_DAYTRADE_REQUIRE_1H_EXPANSION,True,OK,0.0,2.771,-2.771,0,0.0,0.0,
BTCUSDC_SHORT,DC_DAYTRADE_SHORT_BUDGET,1500.0,OK,0.0,2.771,-2.771,0,0.0,0.0,
BTCUSDC_SHORT,DC_DAYTRADE_SHORT_BUDGET,2250.0,OK,0.0,2.771,-2.771,0,0.0,0.0,
BTCUSDC_SHORT,DC_DAYTRADE_SHORT_BUDGET,3000.0,OK,0.0,2.771,-2.771,0,0.0,0.0,
BTCUSDC_SHORT,DC_DAYTRADE_SHORT_BUDGET,3750.0,OK,0.0,2.771,-2.771,0,0.0,0.0,
BTCUSDC_SHORT,DC_DAYTRADE_SHORT_BUDGET,4500.0,OK,0.0,2.771,-2.771,0,0.0,0.0,
BTCUSDC_SHORT,DC_DAYTRADE_START_SIZE,300.0,OK,0.0,2.771,-2.771,0,0.0,0.0,
BTCUSDC_SHORT,DC_DAYTRADE_START_SIZE,450.0,OK,0.0,2.771,-2.771,0,0.0,0.0,
BTCUSDC_SHORT,DC_DAYTRADE_START_SIZE,600.0,OK,0.0,2.771,-2.771,0,0.0,0.0,
BTCUSDC_SHORT,DC_DAYTRADE_START_SIZE,750.0,OK,0.0,2.771,-2.771,0,0.0,0.0,
BTCUSDC_SHORT,DC_DAYTRADE_START_SIZE,900.0,OK,0.0,2.771,-2.771,0,0.0,0.0,
BTCUSDC_SHORT,DC_DAYTRADE_STOCH_FILTER,False,OK,0.0,2.771,-2.771,0,0.0,0.0,
BTCUSDC_SHORT,DC_DAYTRADE_STOCH_FILTER,True,OK,0.0,2.771,-2.771,0,0.0,0.0,
BTCUSDC_SHORT,DC_DAYTRADE_STOP_PCT,0.015,OK,0.0,2.771,-2.771,0,0.0,0.0,
BTCUSDC_SHORT,DC_DAYTRADE_STOP_PCT,0.0075,OK,0.0,2.771,-2.771,0,0.0,0.0,
BTCUSDC_SHORT,DC_DAYTRADE_STOP_PCT,0.01125,OK,0.0,2.771,-2.771,0,0.0,0.0,
BTCUSDC_SHORT,DC_DAYTRADE_STOP_PCT,0.01875,OK,0.0,2.771,-2.771,0,0.0,0.0,
BTCUSDC_SHORT,DC_DAYTRADE_STOP_PCT,0.0225,OK,0.0,2.771,-2.771,0,0.0,0.0,
BTCUSDC_SHORT,DC_DAYTRADE_TARGET_PCT,0.01,OK,0.0,2.771,-2.771,0,0.0,0.0,
BTCUSDC_SHORT,DC_DAYTRADE_TARGET_PCT,0.005,OK,0.0,2.771,-2.771,0,0.0,0.0,
BTCUSDC_SHORT,DC_DAYTRADE_TARGET_PCT,0.0075,OK,0.0,2.771,-2.771,0,0.0,0.0,
BTCUSDC_SHORT,DC_DAYTRADE_TARGET_PCT,0.0125,OK,0.0,2.771,-2.771,0,0.0,0.0,
BTCUSDC_SHORT,DC_DAYTRADE_TARGET_PCT,0.015,OK,0.0,2.771,-2.771,0,0.0,0.0,
BTCUSDC_SHORT,DC_EDGE_SIZING_ENABLED,False,OK,0.0,2.771,-2.771,0,0.0,0.0,
BTCUSDC_SHORT,DC_EDGE_SIZING_ENABLED,True,OK,0.0,2.771,-2.771,0,0.0,0.0,
BTCUSDC_SHORT,DC_EDGE_SIZING_MAX_MULT,3.0,OK,0.0,2.771,-2.771,0,0.0,0.0,
BTCUSDC_SHORT,DC_EDGE_SIZING_MAX_MULT,1.5,OK,0.0,2.771,-2.771,0,0.0,0.0,
BTCUSDC_SHORT,DC_EDGE_SIZING_MAX_MULT,2.25,OK,0.0,2.771,-2.771,0,0.0,0.0,
BTCUSDC_SHORT,DC_EDGE_SIZING_MAX_MULT,3.75,OK,0.0,2.771,-2.771,0,0.0,0.0,
BTCUSDC_SHORT,DC_EDGE_SIZING_MAX_MULT,4.5,OK,0.0,2.771,-2.771,0,0.0,0.0,
BTCUSDC_SHORT,DC_EDGE_SIZING_MIN_MULT,1.0,OK,0.0,2.771,-2.771,0,0.0,0.0,
BTCUSDC_SHORT,DC_EDGE_SIZING_MIN_MULT,0.5,OK,0.0,2.771,-2.771,0,0.0,0.0,
BTCUSDC_SHORT,DC_EDGE_SIZING_MIN_MULT,0.75,OK,0.0,2.771,-2.771,0,0.0,0.0,
BTCUSDC_SHORT,DC_EDGE_SIZING_MIN_MULT,1.25,OK,0.0,2.771,-2.771,0,0.0,0.0,
BTCUSDC_SHORT,DC_EDGE_SIZING_MIN_MULT,1.5,OK,0.0,2.771,-2.771,0,0.0,0.0,
BTCUSDC_SHORT,DC_EDGE_SIZING_PERIOD,20,OK,0.0,2.771,-2.771,0,0.0,0.0,
BTCUSDC_SHORT,DC_EDGE_SIZING_PERIOD,10,OK,0.0,2.771,-2.771,0,0.0,0.0,
BTCUSDC_SHORT,DC_EDGE_SIZING_PERIOD,15,OK,0.0,2.771,-2.771,0,0.0,0.0,
BTCUSDC_SHORT,DC_EDGE_SIZING_PERIOD,25,OK,0.0,2.771,-2.771,0,0.0,0.0,
BTCUSDC_SHORT,DC_EDGE_SIZING_PERIOD,30,OK,0.0,2.771,-2.771,0,0.0,0.0,
BTCUSDC_SHORT,DC_ENTRY_VETO_ENABLED_TRADIER,False,OK,0.0,2.771,-2.771,0,0.0,0.0,
BTCUSDC_SHORT,DC_ENTRY_VETO_ENABLED_TRADIER,True,OK,0.0,2.771,-2.771,0,0.0,0.0,
BTCUSDC_SHORT,DC_LOW4_STOP_ENABLED,False,OK,0.0,2.771,-2.771,0,0.0,0.0,
BTCUSDC_SHORT,DC_LOW4_STOP_ENABLED,True,OK,0.0,2.771,-2.771,0,0.0,0.0,
BTCUSDC_SHORT,DC_LOW_FROZEN_STOP_ENABLED,False,OK,0.0,2.771,-2.771,0,0.0,0.0,
BTCUSDC_SHORT,DC_LOW_FROZEN_STOP_ENABLED,True,OK,0.0,2.771,-2.771,0,0.0,0.0,
BTCUSDC_SHORT,DC_LOW_FROZEN_STOP_FLOOR_PCT,-1498.5,OK,0.0,2.771,-2.771,0,0.0,0.0,
BTCUSDC_SHORT,DC_LOW_FROZEN_STOP_FLOOR_PCT,-1248.75,OK,0.0,2.771,-2.771,0,0.0,0.0,
BTCUSDC_SHORT,DC_LOW_FROZEN_STOP_FLOOR_PCT,-999.0,OK,0.0,2.771,-2.771,0,0.0,0.0,
BTCUSDC_SHORT,DC_LOW_FROZEN_STOP_FLOOR_PCT,-749.25,OK,0.0,2.771,-2.771,0,0.0,0.0,
BTCUSDC_SHORT,DC_LOW_FROZEN_STOP_FLOOR_PCT,-499.5,OK,0.0,2.771,-2.771,0,0.0,0.0,
BTCUSDC_SHORT,DC_LOW_FROZEN_STOP_USE_4BAR,False,OK,0.0,2.771,-2.771,0,0.0,0.0,
BTCUSDC_SHORT,DC_LOW_FROZEN_STOP_USE_4BAR,True,OK,0.0,2.771,-2.771,0,0.0,0.0,
BTCUSDC_SHORT,DC_LOW_STOP_ENABLED,False,OK,0.0,2.771,-2.771,0,0.0,0.0,
BTCUSDC_SHORT,DC_LOW_STOP_ENABLED,True,OK,0.0,2.771,-2.771,0,0.0,0.0,
BTCUSDC_SHORT,DC_POSITION_ENTRY_THRESHOLD,0.15,OK,0.0,2.771,-2.771,0,0.0,0.0,
BTCUSDC_SHORT,DC_POSITION_ENTRY_THRESHOLD,0.125,OK,0.0,2.771,-2.771,0,0.0,0.0,
BTCUSDC_SHORT,DC_POSITION_ENTRY_THRESHOLD,0.1875,OK,0.0,2.771,-2.771,0,0.0,0.0,
BTCUSDC_SHORT,DC_POSITION_ENTRY_THRESHOLD,0.25,OK,0.0,2.771,-2.771,0,0.0,0.0,
BTCUSDC_SHORT,DC_POSITION_ENTRY_THRESHOLD,0.3125,OK,0.0,2.771,-2.771,0,0.0,0.0,
BTCUSDC_SHORT,DC_POSITION_ENTRY_THRESHOLD,0.375,OK,0.0,2.771,-2.771,0,0.0,0.0,
BTCUSDC_SHORT,DC_RECOVERY_EXIT_ENABLED,False,OK,0.0,2.771,-2.771,0,0.0,0.0,
BTCUSDC_SHORT,DC_RECOVERY_EXIT_ENABLED,True,OK,0.0,2.771,-2.771,0,0.0,0.0,
BTCUSDC_SHORT,DC_RECOVERY_EXIT_TOLERANCE_ATR_MULT,0.0,OK,0.0,2.771,-2.771,0,0.0,0.0,
BTCUSDC_SHORT,DC_RECOVERY_EXIT_TOLERANCE_ATR_MULT,0.5,OK,0.0,2.771,-2.771,0,0.0,0.0,
BTCUSDC_SHORT,DC_RECOVERY_EXIT_TOLERANCE_ATR_MULT,1.0,OK,0.0,2.771,-2.771,0,0.0,0.0,
BTCUSDC_SHORT,DC_TIER4_BAR_MATURITY_BLOCK,0.35,OK,0.0,2.771,-2.771,0,0.0,0.0,
BTCUSDC_SHORT,DC_TIER4_BAR_MATURITY_BLOCK,0.525,OK,0.0,2.771,-2.771,0,0.0,0.0,
BTCUSDC_SHORT,DC_TIER4_BAR_MATURITY_BLOCK,0.7,OK,0.0,2.771,-2.771,0,0.0,0.0,
BTCUSDC_SHORT,DC_TIER4_BAR_MATURITY_BLOCK,0.875,OK,0.0,2.771,-2.771,0,0.0,0.0,
BTCUSDC_SHORT,DC_TIER4_BAR_MATURITY_BLOCK,1.05,OK,0.0,2.771,-2.771,0,0.0,0.0,
BTCUSDC_SHORT,DC_TIER4_BAR_MATURITY_BLOCK_ENABLED,False,OK,0.0,2.771,-2.771,0,0.0,0.0,
BTCUSDC_SHORT,DC_TIER4_BAR_MATURITY_BLOCK_ENABLED,True,OK,0.0,2.771,-2.771,0,0.0,0.0,
BTCUSDC_SHORT,DD_KELLY_ENABLED,False,OK,0.0,2.771,-2.771,0,0.0,0.0,
BTCUSDC_SHORT,DD_KELLY_ENABLED,True,OK,0.0,2.771,-2.771,0,0.0,0.0,
BTCUSDC_SHORT,DD_KELLY_TIER1_PCT,5.0,OK,0.0,2.771,-2.771,0,0.0,0.0,
BTCUSDC_SHORT,DD_KELLY_TIER1_PCT,7.5,OK,0.0,2.771,-2.771,0,0.0,0.0,
BTCUSDC_SHORT,DD_KELLY_TIER1_PCT,10.0,OK,0.0,2.771,-2.771,0,0.0,0.0,
BTCUSDC_SHORT,DD_KELLY_TIER1_PCT,12.5,OK,0.0,2.771,-2.771,0,0.0,0.0,
BTCUSDC_SHORT,DD_KELLY_TIER1_PCT,15.0,OK,0.0,2.771,-2.771,0,0.0,0.0,
BTCUSDC_SHORT,DD_KELLY_TIER2_PCT,7.5,OK,0.0,2.771,-2.771,0,0.0,0.0,
BTCUSDC_SHORT,DD_KELLY_TIER2_PCT,11.25,OK,0.0,2.771,-2.771,0,0.0,0.0,
BTCUSDC_SHORT,DD_KELLY_TIER2_PCT,15.0,OK,0.0,2.771,-2.771,0,0.0,0.0,
BTCUSDC_SHORT,DD_KELLY_TIER2_PCT,18.75,OK,0.0,2.771,-2.771,0,0.0,0.0,
BTCUSDC_SHORT,DD_KELLY_TIER2_PCT,22.5,OK,0.0,2.771,-2.771,0,0.0,0.0,
BTCUSDC_SHORT,DD_KELLY_TIER3_PCT,10.0,OK,0.0,2.771,-2.771,0,0.0,0.0,
BTCUSDC_SHORT,DD_KELLY_TIER3_PCT,15.0,OK,0.0,2.771,-2.771,0,0.0,0.0,
BTCUSDC_SHORT,DD_KELLY_TIER3_PCT,20.0,OK,0.0,2.771,-2.771,0,0.0,0.0,
BTCUSDC_SHORT,DD_KELLY_TIER3_PCT,25.0,OK,0.0,2.771,-2.771,0,0.0,0.0,
BTCUSDC_SHORT,DD_KELLY_TIER3_PCT,30.0,OK,0.0,2.771,-2.771,0,0.0,0.0,
BTCUSDC_SHORT,DELTA_ATR_ENTRY_FILTER,False,OK,0.0,2.771,-2.771,0,0.0,0.0,
BTCUSDC_SHORT,DELTA_ATR_ENTRY_FILTER,True,OK,0.0,2.771,-2.771,0,0.0,0.0,
BTCUSDC_SHORT,DELTA_COOLDOWN_BARS,60,OK,0.0,2.771,-2.771,0,0.0,0.0,
BTCUSDC_SHORT,DELTA_COOLDOWN_BARS,30,OK,0.0,2.771,-2.771,0,0.0,0.0,
BTCUSDC_SHORT,DELTA_COOLDOWN_BARS,45,OK,0.0,2.771,-2.771,0,0.0,0.0,
BTCUSDC_SHORT,DELTA_COOLDOWN_BARS,75,OK,0.0,2.771,-2.771,0,0.0,0.0,
BTCUSDC_SHORT,DELTA_COOLDOWN_BARS,90,OK,0.0,2.771,-2.771,0,0.0,0.0,
BTCUSDC_SHORT,DELTA_ENTRY_ACCEL_THRESHOLD,0.15,OK,0.0,2.771,-2.771,0,0.0,0.0,
BTCUSDC_SHORT,DELTA_ENTRY_ACCEL_THRESHOLD,0.225,OK,0.0,2.771,-2.771,0,0.0,0.0,
BTCUSDC_SHORT,DELTA_ENTRY_ACCEL_THRESHOLD,0.3,OK,0.0,2.771,-2.771,0,0.0,0.0,
BTCUSDC_SHORT,DELTA_ENTRY_ACCEL_THRESHOLD,0.375,OK,0.0,2.771,-2.771,0,0.0,0.0,
BTCUSDC_SHORT,DELTA_ENTRY_ACCEL_THRESHOLD,0.45,OK,0.0,2.771,-2.771,0,0.0,0.0,
BTCUSDC_SHORT,DELTA_ENTRY_ACCEL_THRESHOLD,0.0,OK,0.0,2.771,-2.771,0,0.0,0.0,
BTCUSDC_SHORT,DELTA_ENTRY_ENABLED,False,OK,0.0,2.771,-2.771,0,0.0,0.0,
BTCUSDC_SHORT,DELTA_ENTRY_ENABLED,True,OK,0.0,2.771,-2.771,0,0.0,0.0,
BTCUSDC_SHORT,DELTA_ENTRY_Z_THRESHOLD,1.25,OK,0.0,2.771,-2.771,0,0.0,0.0,
BTCUSDC_SHORT,DELTA_ENTRY_Z_THRESHOLD,1.875,OK,0.0,2.771,-2.771,0,0.0,0.0,
BTCUSDC_SHORT,DELTA_ENTRY_Z_THRESHOLD,2.5,OK,0.0,2.771,-2.771,0,0.0,0.0,
BTCUSDC_SHORT,DELTA_ENTRY_Z_THRESHOLD,3.125,OK,0.0,2.771,-2.771,0,0.0,0.0,
BTCUSDC_SHORT,DELTA_ENTRY_Z_THRESHOLD,3.75,OK,0.0,2.771,-2.771,0,0.0,0.0,
BTCUSDC_SHORT,DELTA_EXIT_ACCEL_THRESHOLD,-0.15,OK,0.0,2.771,-2.771,0,0.0,0.0,
BTCUSDC_SHORT,DELTA_EXIT_ACCEL_THRESHOLD,-0.125,OK,0.0,2.771,-2.771,0,0.0,0.0,
BTCUSDC_SHORT,DELTA_EXIT_ACCEL_THRESHOLD,-0.1,OK,0.0,2.771,-2.771,0,0.0,0.0,
BTCUSDC_SHORT,DELTA_EXIT_ACCEL_THRESHOLD,-0.075,OK,0.0,2.771,-2.771,0,0.0,0.0,
BTCUSDC_SHORT,DELTA_EXIT_ACCEL_THRESHOLD,-0.05,OK,0.0,2.771,-2.771,0,0.0,0.0,
BTCUSDC_SHORT,DELTA_EXIT_DC_FLOOR,False,OK,0.0,2.771,-2.771,0,0.0,0.0,
BTCUSDC_SHORT,DELTA_EXIT_DC_FLOOR,True,OK,0.0,2.771,-2.771,0,0.0,0.0,
BTCUSDC_SHORT,DELTA_EXIT_DECAY_RATIO,0.15,OK,0.0,2.771,-2.771,0,0.0,0.0,
BTCUSDC_SHORT,DELTA_EXIT_DECAY_RATIO,0.225,OK,0.0,2.771,-2.771,0,0.0,0.0,
BTCUSDC_SHORT,DELTA_EXIT_DECAY_RATIO,0.3,OK,0.0,2.771,-2.771,0,0.0,0.0,
BTCUSDC_SHORT,DELTA_EXIT_DECAY_RATIO,0.375,OK,0.0,2.771,-2.771,0,0.0,0.0,
BTCUSDC_SHORT,DELTA_EXIT_DECAY_RATIO,0.45,OK,0.0,2.771,-2.771,0,0.0,0.0,
BTCUSDC_SHORT,DELTA_EXIT_DECAY_RATIO,0.9,OK,0.0,2.771,-2.771,0,0.0,0.0,
BTCUSDC_SHORT,DELTA_EXIT_ENABLED,False,OK,0.0,2.771,-2.771,0,0.0,0.0,
BTCUSDC_SHORT,DELTA_EXIT_ENABLED,True,OK,0.0,2.771,-2.771,0,0.0,0.0,
BTCUSDC_SHORT,DELTA_EXIT_MIN_HOLD,2,OK,0.0,2.771,-2.771,0,0.0,0.0,
BTCUSDC_SHORT,DELTA_EXIT_MIN_HOLD,3,OK,0.0,2.771,-2.771,0,0.0,0.0,
BTCUSDC_SHORT,DELTA_EXIT_MIN_HOLD,4,OK,0.0,2.771,-2.771,0,0.0,0.0,
BTCUSDC_SHORT,DELTA_EXIT_MIN_HOLD,5,OK,0.0,2.771,-2.771,0,0.0,0.0,
BTCUSDC_SHORT,DELTA_EXIT_MIN_HOLD,6,OK,0.0,2.771,-2.771,0,0.0,0.0,
BTCUSDC_SHORT,DELTA_EXIT_MIN_TF_LOST,1,OK,0.0,2.771,-2.771,0,0.0,0.0,
BTCUSDC_SHORT,DELTA_EXIT_MIN_TF_LOST,2,OK,0.0,2.771,-2.771,0,0.0,0.0,
BTCUSDC_SHORT,DELTA_EXIT_MIN_TF_LOST,3,OK,0.0,2.771,-2.771,0,0.0,0.0,
BTCUSDC_SHORT,DELTA_EXIT_OPPOSING_RATIO,0.75,OK,0.0,2.771,-2.771,0,0.0,0.0,
BTCUSDC_SHORT,DELTA_EXIT_OPPOSING_RATIO,1.125,OK,0.0,2.771,-2.771,0,0.0,0.0,
BTCUSDC_SHORT,DELTA_EXIT_OPPOSING_RATIO,1.5,OK,0.0,2.771,-2.771,0,0.0,0.0,
BTCUSDC_SHORT,DELTA_EXIT_OPPOSING_RATIO,1.875,OK,0.0,2.771,-2.771,0,0.0,0.0,
BTCUSDC_SHORT,DELTA_EXIT_OPPOSING_RATIO,2.25,OK,0.0,2.771,-2.771,0,0.0,0.0,
BTCUSDC_SHORT,DELTA_EXIT_OVERRIDE_NOLOSS,False,OK,0.0,2.771,-2.771,0,0.0,0.0,
BTCUSDC_SHORT,DELTA_EXIT_OVERRIDE_NOLOSS,True,OK,0.0,2.771,-2.771,0,0.0,0.0,
BTCUSDC_SHORT,DELTA_EXIT_REENTRY_COOLDOWN_MIN,22.5,OK,0.0,2.771,-2.771,0,0.0,0.0,
BTCUSDC_SHORT,DELTA_EXIT_REENTRY_COOLDOWN_MIN,33.75,OK,0.0,2.771,-2.771,0,0.0,0.0,
BTCUSDC_SHORT,DELTA_EXIT_REENTRY_COOLDOWN_MIN,45.0,OK,0.0,2.771,-2.771,0,0.0,0.0,
BTCUSDC_SHORT,DELTA_EXIT_REENTRY_COOLDOWN_MIN,56.25,OK,0.0,2.771,-2.771,0,0.0,0.0,
BTCUSDC_SHORT,DELTA_EXIT_REENTRY_COOLDOWN_MIN,67.5,OK,0.0,2.771,-2.771,0,0.0,0.0,
BTCUSDC_SHORT,DELTA_EXIT_REQUIRE_NONZERO_SCORE,False,OK,0.0,2.771,-2.771,0,0.0,0.0,
BTCUSDC_SHORT,DELTA_EXIT_REQUIRE_NONZERO_SCORE,True,OK,0.0,2.771,-2.771,0,0.0,0.0,
BTCUSDC_SHORT,DELTA_EXIT_WT_CROSS,False,OK,0.0,2.771,-2.771,0,0.0,0.0,
BTCUSDC_SHORT,DELTA_EXIT_WT_CROSS,True,OK,0.0,2.771,-2.771,0,0.0,0.0,
BTCUSDC_SHORT,DELTA_GATE_AUGMENT,False,OK,0.0,2.771,-2.771,0,0.0,0.0,
BTCUSDC_SHORT,DELTA_GATE_AUGMENT,True,OK,0.0,2.771,-2.771,0,0.0,0.0,
BTCUSDC_SHORT,DELTA_GATE_BB_SQUEEZE,False,OK,0.0,2.771,-2.771,0,0.0,0.0,
BTCUSDC_SHORT,DELTA_GATE_BB_SQUEEZE,True,OK,0.0,2.771,-2.771,0,0.0,0.0,
BTCUSDC_SHORT,DELTA_GATE_DC_BREAKOUT,False,OK,0.0,2.771,-2.771,0,0.0,0.0,
BTCUSDC_SHORT,DELTA_GATE_DC_BREAKOUT,True,OK,0.0,2.771,-2.771,0,0.0,0.0,
BTCUSDC_SHORT,DELTA_GATE_GUARANTEED_REENTRY,False,OK,0.0,2.771,-2.771,0,0.0,0.0,
BTCUSDC_SHORT,DELTA_GATE_GUARANTEED_REENTRY,True,OK,0.0,2.771,-2.771,0,0.0,0.0,
BTCUSDC_SHORT,DELTA_GATE_HEDGE_OPEN,False,OK,0.0,2.771,-2.771,0,0.0,0.0,
BTCUSDC_SHORT,DELTA_GATE_HEDGE_OPEN,True,OK,0.0,2.771,-2.771,0,0.0,0.0,
BTCUSDC_SHORT,DELTA_GATE_OPEN,False,OK,0.0,2.771,-2.771,0,0.0,0.0,
BTCUSDC_SHORT,DELTA_GATE_OPEN,True,OK,0.0,2.771,-2.771,0,0.0,0.0,
BTCUSDC_SHORT,DELTA_GATE_RATIO_REBALANCE,False,OK,0.0,2.771,-2.771,0,0.0,0.0,
BTCUSDC_SHORT,DELTA_GATE_RATIO_REBALANCE,True,OK,0.0,2.771,-2.771,0,0.0,0.0,
BTCUSDC_SHORT,DELTA_GATE_REENTRY,False,OK,0.0,2.771,-2.771,0,0.0,0.0,
BTCUSDC_SHORT,DELTA_GATE_REENTRY,True,OK,0.0,2.771,-2.771,0,0.0,0.0,
BTCUSDC_SHORT,DELTA_GATE_SBA,False,OK,0.0,2.771,-2.771,0,0.0,0.0,
BTCUSDC_SHORT,DELTA_GATE_SBA,True,OK,0.0,2.771,-2.771,0,0.0,0.0,
BTCUSDC_SHORT,DELTA_GATE_STDEV_BREAKOUT,False,OK,0.0,2.771,-2.771,0,0.0,0.0,
BTCUSDC_SHORT,DELTA_GATE_STDEV_BREAKOUT,True,OK,0.0,2.771,-2.771,0,0.0,0.0,
BTCUSDC_SHORT,DELTA_GATE_VOL_SPIKE,False,OK,0.0,2.771,-2.771,0,0.0,0.0,
BTCUSDC_SHORT,DELTA_GATE_VOL_SPIKE,True,OK,0.0,2.771,-2.771,0,0.0,0.0,
BTCUSDC_SHORT,DELTA_MAX_HOLD_BARS,0,OK,0.0,2.771,-2.771,0,0.0,0.0,
BTCUSDC_SHORT,DELTA_MAX_HOLD_BARS,1,OK,0.0,2.771,-2.771,0,0.0,0.0,
BTCUSDC_SHORT,DELTA_PYRAMID_ACCEL_THRESHOLD,0.1,OK,0.0,2.771,-2.771,0,0.0,0.0,
BTCUSDC_SHORT,DELTA_PYRAMID_ACCEL_THRESHOLD,0.15,OK,0.0,2.771,-2.771,0,0.0,0.0,
BTCUSDC_SHORT,DELTA_PYRAMID_ACCEL_THRESHOLD,0.2,OK,0.0,2.771,-2.771,0,0.0,0.0,
BTCUSDC_SHORT,DELTA_PYRAMID_ACCEL_THRESHOLD,0.25,OK,0.0,2.771,-2.771,0,0.0,0.0,
BTCUSDC_SHORT,DELTA_PYRAMID_ACCEL_THRESHOLD,0.3,OK,0.0,2.771,-2.771,0,0.0,0.0,
BTCUSDC_SHORT,DELTA_PYRAMID_ENABLED,False,OK,0.0,2.771,-2.771,0,0.0,0.0,
BTCUSDC_SHORT,DELTA_PYRAMID_ENABLED,True,OK,0.0,2.771,-2.771,0,0.0,0.0,
BTCUSDC_SHORT,DELTA_PYRAMID_MIN_BARS,4,OK,0.0,2.771,-2.771,0,0.0,0.0,
BTCUSDC_SHORT,DELTA_PYRAMID_MIN_BARS,6,OK,0.0,2.771,-2.771,0,0.0,0.0,
BTCUSDC_SHORT,DELTA_PYRAMID_MIN_BARS,8,OK,0.0,2.771,-2.771,0,0.0,0.0,
BTCUSDC_SHORT,DELTA_PYRAMID_MIN_BARS,10,OK,0.0,2.771,-2.771,0,0.0,0.0,
BTCUSDC_SHORT,DELTA_PYRAMID_MIN_BARS,12,OK,0.0,2.771,-2.771,0,0.0,0.0,
BTCUSDC_SHORT,DELTA_REENTRY_MIN_TF,2,OK,0.0,2.771,-2.771,0,0.0,0.0,
BTCUSDC_SHORT,DELTA_REENTRY_MIN_TF,1,OK,0.0,2.771,-2.771,0,0.0,0.0,
BTCUSDC_SHORT,DELTA_REENTRY_MIN_TF,3,OK,0.0,2.771,-2.771,0,0.0,0.0,
BTCUSDC_SHORT,DELTA_REENTRY_REQUIRE_NOT_EXITING,False,OK,0.0,2.771,-2.771,0,0.0,0.0,
BTCUSDC_SHORT,DELTA_REENTRY_REQUIRE_NOT_EXITING,True,OK,0.0,2.771,-2.771,0,0.0,0.0,
BTCUSDC_SHORT,DELTA_REENTRY_Z_THRESHOLD,1.0,OK,0.0,2.771,-2.771,0,0.0,0.0,
BTCUSDC_SHORT,DELTA_REENTRY_Z_THRESHOLD,0.5,OK,0.0,2.771,-2.771,0,0.0,0.0,
BTCUSDC_SHORT,DELTA_REENTRY_Z_THRESHOLD,0.75,OK,0.0,2.771,-2.771,0,0.0,0.0,
BTCUSDC_SHORT,DELTA_REENTRY_Z_THRESHOLD,1.25,OK,0.0,2.771,-2.771,0,0.0,0.0,
BTCUSDC_SHORT,DELTA_REENTRY_Z_THRESHOLD,1.5,OK,0.0,2.771,-2.771,0,0.0,0.0,
BTCUSDC_SHORT,DELTA_TF_Z_THRESHOLD,0.75,OK,0.0,2.771,-2.771,0,0.0,0.0,
BTCUSDC_SHORT,DELTA_TF_Z_THRESHOLD,1.125,OK,0.0,2.771,-2.771,0,0.0,0.0,
BTCUSDC_SHORT,DELTA_TF_Z_THRESHOLD,1.5,OK,0.0,2.771,-2.771,0,0.0,0.0,
BTCUSDC_SHORT,DELTA_TF_Z_THRESHOLD,1.875,OK,0.0,2.771,-2.771,0,0.0,0.0,
BTCUSDC_SHORT,DELTA_TF_Z_THRESHOLD,2.25,OK,0.0,2.771,-2.771,0,0.0,0.0,
BTCUSDC_SHORT,DG_DAILY_GAIN_BLOCK_SHORT_PCT,1.25,OK,0.0,2.771,-2.771,0,0.0,0.0,
BTCUSDC_SHORT,DG_DAILY_GAIN_BLOCK_SHORT_PCT,1.875,OK,0.0,2.771,-2.771,0,0.0,0.0,
BTCUSDC_SHORT,DG_DAILY_GAIN_BLOCK_SHORT_PCT,2.5,OK,0.0,2.771,-2.771,0,0.0,0.0,
BTCUSDC_SHORT,DG_DAILY_GAIN_BLOCK_SHORT_PCT,3.125,OK,0.0,2.771,-2.771,0,0.0,0.0,
BTCUSDC_SHORT,DG_DAILY_GAIN_BLOCK_SHORT_PCT,3.75,OK,0.0,2.771,-2.771,0,0.0,0.0,
BTCUSDC_SHORT,DG_DAILY_LOSS_BLOCK_LONG_PCT,1.25,OK,0.0,2.771,-2.771,0,0.0,0.0,
BTCUSDC_SHORT,DG_DAILY_LOSS_BLOCK_LONG_PCT,1.875,OK,0.0,2.771,-2.771,0,0.0,0.0,
BTCUSDC_SHORT,DG_DAILY_LOSS_BLOCK_LONG_PCT,2.5,OK,0.0,2.771,-2.771,0,0.0,0.0,
BTCUSDC_SHORT,DG_DAILY_LOSS_BLOCK_LONG_PCT,3.125,OK,0.0,2.771,-2.771,0,0.0,0.0,
BTCUSDC_SHORT,DG_DAILY_LOSS_BLOCK_LONG_PCT,3.75,OK,0.0,2.771,-2.771,0,0.0,0.0,
BTCUSDC_SHORT,DG_HIGH_VOLATILITY_ATR_PCT,2.0,OK,0.0,2.771,-2.771,0,0.0,0.0,
BTCUSDC_SHORT,DG_HIGH_VOLATILITY_ATR_PCT,3.0,OK,0.0,2.771,-2.771,0,0.0,0.0,
BTCUSDC_SHORT,DG_HIGH_VOLATILITY_ATR_PCT,4.0,OK,0.0,2.771,-2.771,0,0.0,0.0,
BTCUSDC_SHORT,DG_HIGH_VOLATILITY_ATR_PCT,5.0,OK,0.0,2.771,-2.771,0,0.0,0.0,
BTCUSDC_SHORT,DG_HIGH_VOLATILITY_ATR_PCT,6.0,OK,0.0,2.771,-2.771,0,0.0,0.0,
BTCUSDC_SHORT,DG_HTF_ALIGN_REQUIRE_1H,False,OK,0.0,2.771,-2.771,0,0.0,0.0,
BTCUSDC_SHORT,DG_HTF_ALIGN_REQUIRE_1H,True,OK,0.0,2.771,-2.771,0,0.0,0.0,
BTCUSDC_SHORT,DG_HTF_ALIGN_REQUIRE_4H,False,OK,0.0,2.771,-2.771,0,0.0,0.0,
BTCUSDC_SHORT,DG_HTF_ALIGN_REQUIRE_4H,True,OK,0.0,2.771,-2.771,0,0.0,0.0,
BTCUSDC_SHORT,DG_HTF_ALIGN_REQUIRE_D,False,OK,0.0,2.771,-2.771,0,0.0,0.0,
BTCUSDC_SHORT,DG_HTF_ALIGN_REQUIRE_D,True,OK,0.0,2.771,-2.771,0,0.0,0.0,
BTCUSDC_SHORT,DG_MAX_FORCE_OPEN_NOTIONAL_USD,2000.0,OK,0.0,2.771,-2.771,0,0.0,0.0,
BTCUSDC_SHORT,DG_MAX_FORCE_OPEN_NOTIONAL_USD,3000.0,OK,0.0,2.771,-2.771,0,0.0,0.0,
BTCUSDC_SHORT,DG_MAX_FORCE_OPEN_NOTIONAL_USD,4000.0,OK,0.0,2.771,-2.771,0,0.0,0.0,
BTCUSDC_SHORT,DG_MAX_FORCE_OPEN_NOTIONAL_USD,5000.0,OK,0.0,2.771,-2.771,0,0.0,0.0,
BTCUSDC_SHORT,DG_MAX_FORCE_OPEN_NOTIONAL_USD,6000.0,OK,0.0,2.771,-2.771,0,0.0,0.0,
BTCUSDC_SHORT,DG_MOMENTUM_BLOCK_RSI15M_FOR_LONG,17.5,OK,0.0,2.771,-2.771,0,0.0,0.0,
BTCUSDC_SHORT,DG_MOMENTUM_BLOCK_RSI15M_FOR_LONG,26.25,OK,0.0,2.771,-2.771,0,0.0,0.0,
BTCUSDC_SHORT,DG_MOMENTUM_BLOCK_RSI15M_FOR_LONG,35.0,OK,0.0,2.771,-2.771,0,0.0,0.0,
BTCUSDC_SHORT,DG_MOMENTUM_BLOCK_RSI15M_FOR_LONG,43.75,OK,0.0,2.771,-2.771,0,0.0,0.0,
BTCUSDC_SHORT,DG_MOMENTUM_BLOCK_RSI15M_FOR_LONG,52.5,OK,0.0,2.771,-2.771,0,0.0,0.0,
BTCUSDC_SHORT,DG_MOMENTUM_BLOCK_RSI15M_FOR_SHORT,32.5,OK,0.0,2.771,-2.771,0,0.0,0.0,
BTCUSDC_SHORT,DG_MOMENTUM_BLOCK_RSI15M_FOR_SHORT,48.75,OK,0.0,2.771,-2.771,0,0.0,0.0,
BTCUSDC_SHORT,DG_MOMENTUM_BLOCK_RSI15M_FOR_SHORT,65.0,OK,0.0,2.771,-2.771,0,0.0,0.0,
BTCUSDC_SHORT,DG_MOMENTUM_BLOCK_RSI15M_FOR_SHORT,81.25,OK,0.0,2.771,-2.771,0,0.0,0.0,
BTCUSDC_SHORT,DG_MOMENTUM_BLOCK_RSI15M_FOR_SHORT,97.5,OK,0.0,2.771,-2.771,0,0.0,0.0,
BTCUSDC_SHORT,DG_MOMENTUM_BLOCK_RSI1H_FOR_LONG,17.5,OK,0.0,2.771,-2.771,0,0.0,0.0,
BTCUSDC_SHORT,DG_MOMENTUM_BLOCK_RSI1H_FOR_LONG,26.25,OK,0.0,2.771,-2.771,0,0.0,0.0,
BTCUSDC_SHORT,DG_MOMENTUM_BLOCK_RSI1H_FOR_LONG,35.0,OK,0.0,2.771,-2.771,0,0.0,0.0,
BTCUSDC_SHORT,DG_MOMENTUM_BLOCK_RSI1H_FOR_LONG,43.75,OK,0.0,2.771,-2.771,0,0.0,0.0,
BTCUSDC_SHORT,DG_MOMENTUM_BLOCK_RSI1H_FOR_LONG,52.5,OK,0.0,2.771,-2.771,0,0.0,0.0,
BTCUSDC_SHORT,DG_MOMENTUM_BLOCK_RSI1H_FOR_SHORT,32.5,OK,0.0,2.771,-2.771,0,0.0,0.0,
BTCUSDC_SHORT,DG_MOMENTUM_BLOCK_RSI1H_FOR_SHORT,48.75,OK,0.0,2.771,-2.771,0,0.0,0.0,
BTCUSDC_SHORT,DG_MOMENTUM_BLOCK_RSI1H_FOR_SHORT,65.0,OK,0.0,2.771,-2.771,0,0.0,0.0,
BTCUSDC_SHORT,DG_MOMENTUM_BLOCK_RSI1H_FOR_SHORT,81.25,OK,0.0,2.771,-2.771,0,0.0,0.0,
BTCUSDC_SHORT,DG_MOMENTUM_BLOCK_RSI1H_FOR_SHORT,97.5,OK,0.0,2.771,-2.771,0,0.0,0.0,
BTCUSDC_SHORT,DG_OPPOSITE_SIDE_PROFIT_BLOCK_PCT,0.5,OK,0.0,2.771,-2.771,0,0.0,0.0,
BTCUSDC_SHORT,DG_OPPOSITE_SIDE_PROFIT_BLOCK_PCT,0.75,OK,0.0,2.771,-2.771,0,0.0,0.0,
BTCUSDC_SHORT,DG_OPPOSITE_SIDE_PROFIT_BLOCK_PCT,1.0,OK,0.0,2.771,-2.771,0,0.0,0.0,
BTCUSDC_SHORT,DG_OPPOSITE_SIDE_PROFIT_BLOCK_PCT,1.25,OK,0.0,2.771,-2.771,0,0.0,0.0,
BTCUSDC_SHORT,DG_OPPOSITE_SIDE_PROFIT_BLOCK_PCT,1.5,OK,0.0,2.771,-2.771,0,0.0,0.0,
BTCUSDC_SHORT,DG_SMA200_SHORT_BYPASS,False,OK,0.0,2.771,-2.771,0,0.0,0.0,
BTCUSDC_SHORT,DG_SMA200_SHORT_BYPASS,True,OK,0.0,2.771,-2.771,0,0.0,0.0,
BTCUSDC_SHORT,DG_WT_3M_REQUIRE_HTF_CONFIRM,False,OK,0.0,2.771,-2.771,0,0.0,0.0,
BTCUSDC_SHORT,DG_WT_3M_REQUIRE_HTF_CONFIRM,True,OK,0.0,2.771,-2.771,0,0.0,0.0,
BTCUSDC_SHORT,DT_TARGET_ATR_ENABLED,False,OK,0.0,2.771,-2.771,0,0.0,0.0,
BTCUSDC_SHORT,DT_TARGET_ATR_ENABLED,True,OK,0.0,2.771,-2.771,0,0.0,0.0,
BTCUSDC_SHORT,DUP_GUARD_GAIN_MULTIPLIER,0.25,OK,0.0,2.771,-2.771,0,0.0,0.0,
BTCUSDC_SHORT,DUP_GUARD_GAIN_MULTIPLIER,0.375,OK,0.0,2.771,-2.771,0,0.0,0.0,
BTCUSDC_SHORT,DUP_GUARD_GAIN_MULTIPLIER,0.5,OK,0.0,2.771,-2.771,0,0.0,0.0,
BTCUSDC_SHORT,DUP_GUARD_GAIN_MULTIPLIER,0.625,OK,0.0,2.771,-2.771,0,0.0,0.0,
BTCUSDC_SHORT,DUP_GUARD_GAIN_MULTIPLIER,0.75,OK,0.0,2.771,-2.771,0,0.0,0.0,
BTCUSDC_SHORT,DUP_GUARD_USE_GAIN_GATE,False,OK,0.0,2.771,-2.771,0,0.0,0.0,
BTCUSDC_SHORT,DUP_GUARD_USE_GAIN_GATE,True,OK,0.0,2.771,-2.771,0,0.0,0.0,
BTCUSDC_SHORT,DYNAMIC_SCORE_COUNTER_EXIT_ENABLED,False,OK,0.0,2.771,-2.771,0,0.0,0.0,
BTCUSDC_SHORT,DYNAMIC_SCORE_COUNTER_EXIT_ENABLED,True,OK,0.0,2.771,-2.771,0,0.0,0.0,
BTCUSDC_SHORT,DYNAMIC_SCORE_COUNTER_EXIT_THRESHOLD,30.0,OK,0.0,2.771,-2.771,0,0.0,0.0,
BTCUSDC_SHORT,DYNAMIC_SCORE_COUNTER_EXIT_THRESHOLD,40.0,OK,0.0,2.771,-2.771,0,0.0,0.0,
BTCUSDC_SHORT,DYNAMIC_SCORE_COUNTER_EXIT_THRESHOLD,55.0,OK,0.0,2.771,-2.771,0,0.0,0.0,
BTCUSDC_SHORT,EMA20_SLOPE_ENTRY_ENABLED,False,OK,0.0,2.771,-2.771,0,0.0,0.0,
BTCUSDC_SHORT,EMA20_SLOPE_ENTRY_ENABLED,True,OK,0.0,2.771,-2.771,0,0.0,0.0,
BTCUSDC_SHORT,EMA20_SLOPE_SHORT_THRESHOLD_1H,0.05,OK,0.0,2.771,-2.771,0,0.0,0.0,
BTCUSDC_SHORT,EMA20_SLOPE_SHORT_THRESHOLD_1H,0.025,OK,0.0,2.771,-2.771,0,0.0,0.0,
BTCUSDC_SHORT,EMA20_SLOPE_SHORT_THRESHOLD_1H,0.0375,OK,0.0,2.771,-2.771,0,0.0,0.0,
BTCUSDC_SHORT,EMA20_SLOPE_SHORT_THRESHOLD_1H,0.0625,OK,0.0,2.771,-2.771,0,0.0,0.0,
BTCUSDC_SHORT,EMA20_SLOPE_SHORT_THRESHOLD_1H,0.075,OK,0.0,2.771,-2.771,0,0.0,0.0,
BTCUSDC_SHORT,EMA_DIST_ENTRY_ENABLED,False,OK,0.0,2.771,-2.771,0,0.0,0.0,
BTCUSDC_SHORT,EMA_DIST_ENTRY_ENABLED,True,OK,0.0,2.771,-2.771,0,0.0,0.0,
BTCUSDC_SHORT,EMA_DIST_LONG_THRESHOLD,-1.0,OK,0.0,2.771,-2.771,0,0.0,0.0,
BTCUSDC_SHORT,EMA_DIST_LONG_THRESHOLD,-1.5,OK,0.0,2.771,-2.771,0,0.0,0.0,
BTCUSDC_SHORT,EMA_DIST_LONG_THRESHOLD,-1.25,OK,0.0,2.771,-2.771,0,0.0,0.0,
BTCUSDC_SHORT,EMA_DIST_LONG_THRESHOLD,-0.75,OK,0.0,2.771,-2.771,0,0.0,0.0,
BTCUSDC_SHORT,EMA_DIST_LONG_THRESHOLD,-0.5,OK,0.0,2.771,-2.771,0,0.0,0.0,
BTCUSDC_SHORT,EMA_DIST_SHORT_THRESHOLD,1.0,OK,0.0,2.771,-2.771,0,0.0,0.0,
BTCUSDC_SHORT,EMA_DIST_SHORT_THRESHOLD,0.5,OK,0.0,2.771,-2.771,0,0.0,0.0,
BTCUSDC_SHORT,EMA_DIST_SHORT_THRESHOLD,0.75,OK,0.0,2.771,-2.771,0,0.0,0.0,
BTCUSDC_SHORT,EMA_DIST_SHORT_THRESHOLD,1.25,OK,0.0,2.771,-2.771,0,0.0,0.0,
BTCUSDC_SHORT,EMA_DIST_SHORT_THRESHOLD,1.5,OK,0.0,2.771,-2.771,0,0.0,0.0,
BTCUSDC_SHORT,EMA_DIST_SIZING_ENABLED,False,OK,0.0,2.771,-2.771,0,0.0,0.0,
BTCUSDC_SHORT,EMA_DIST_SIZING_ENABLED,True,OK,0.0,2.771,-2.771,0,0.0,0.0,
BTCUSDC_SHORT,EMA_DIST_SIZING_MULT,2.0,OK,0.0,2.771,-2.771,0,0.0,0.0,
BTCUSDC_SHORT,EMA_DIST_SIZING_MULT,1.0,OK,0.0,2.771,-2.771,0,0.0,0.0,
BTCUSDC_SHORT,EMA_DIST_SIZING_MULT,1.5,OK,0.0,2.771,-2.771,0,0.0,0.0,
BTCUSDC_SHORT,EMA_DIST_SIZING_MULT,2.5,OK,0.0,2.771,-2.771,0,0.0,0.0,
BTCUSDC_SHORT,EMA_DIST_SIZING_MULT,3.0,OK,0.0,2.771,-2.771,0,0.0,0.0,
BTCUSDC_SHORT,ENTRY_ATR_PCT_MIN,0.75,OK,0.0,2.771,-2.771,0,0.0,0.0,
BTCUSDC_SHORT,ENTRY_ATR_PCT_MIN,1.125,OK,0.0,2.771,-2.771,0,0.0,0.0,
BTCUSDC_SHORT,ENTRY_ATR_PCT_MIN,1.5,OK,0.0,2.771,-2.771,0,0.0,0.0,
BTCUSDC_SHORT,ENTRY_ATR_PCT_MIN,1.875,OK,0.0,2.771,-2.771,0,0.0,0.0,
BTCUSDC_SHORT,ENTRY_ATR_PCT_MIN,2.25,OK,0.0,2.771,-2.771,0,0.0,0.0,
BTCUSDC_SHORT,ENTRY_BOUNCE_DONCHIAN_DIRECT_ENABLED,False,OK,0.0,2.771,-2.771,0,0.0,0.0,
BTCUSDC_SHORT,ENTRY_BOUNCE_DONCHIAN_DIRECT_ENABLED,True,OK,0.0,2.771,-2.771,0,0.0,0.0,
BTCUSDC_SHORT,ENTRY_STOCH_HHHL_DIRECT_ENABLED,False,OK,0.0,2.771,-2.771,0,0.0,0.0,
BTCUSDC_SHORT,ENTRY_STOCH_HHHL_DIRECT_ENABLED,True,OK,0.0,2.771,-2.771,0,0.0,0.0,
BTCUSDC_SHORT,ENTRY_STOCH_PARENT_DIRECT_ENABLED,False,OK,0.0,2.771,-2.771,0,0.0,0.0,
BTCUSDC_SHORT,ENTRY_STOCH_PARENT_DIRECT_ENABLED,True,OK,0.0,2.771,-2.771,0,0.0,0.0,
BTCUSDC_SHORT,ENTRY_SYMGATE_ENABLED,False,OK,0.0,2.771,-2.771,0,0.0,0.0,
BTCUSDC_SHORT,ENTRY_SYMGATE_ENABLED,True,OK,0.0,2.771,-2.771,0,0.0,0.0,
BTCUSDC_SHORT,ENTRY_VOL_MIN_RATIO,0.65,OK,0.0,2.771,-2.771,0,0.0,0.0,
BTCUSDC_SHORT,ENTRY_VOL_MIN_RATIO,0.975,OK,0.0,2.771,-2.771,0,0.0,0.0,
BTCUSDC_SHORT,ENTRY_VOL_MIN_RATIO,1.3,OK,0.0,2.771,-2.771,0,0.0,0.0,
BTCUSDC_SHORT,ENTRY_VOL_MIN_RATIO,1.625,OK,0.0,2.771,-2.771,0,0.0,0.0,
BTCUSDC_SHORT,ENTRY_VOL_MIN_RATIO,1.95,OK,0.0,2.771,-2.771,0,0.0,0.0,
BTCUSDC_SHORT,ENTRY_ZONE_LONG,20.0,OK,0.0,2.771,-2.771,0,0.0,0.0,
BTCUSDC_SHORT,ENTRY_ZONE_LONG,30.0,OK,0.0,2.771,-2.771,0,0.0,0.0,
BTCUSDC_SHORT,ENTRY_ZONE_LONG,40.0,OK,0.0,2.771,-2.771,0,0.0,0.0,
BTCUSDC_SHORT,ENTRY_ZONE_LONG,50.0,OK,0.0,2.771,-2.771,0,0.0,0.0,
BTCUSDC_SHORT,ENTRY_ZONE_LONG,60.0,OK,0.0,2.771,-2.771,0,0.0,0.0,
BTCUSDC_SHORT,ENTRY_ZONE_LONG,70.0,OK,0.0,2.771,-2.771,0,0.0,0.0,
BTCUSDC_SHORT,ENTRY_ZONE_LONG,80.0,OK,0.0,2.771,-2.771,0,0.0,0.0,
BTCUSDC_SHORT,ENTRY_ZONE_SHORT,20.0,OK,0.0,2.771,-2.771,0,0.0,0.0,
BTCUSDC_SHORT,ENTRY_ZONE_SHORT,30.0,OK,0.0,2.771,-2.771,0,0.0,0.0,
BTCUSDC_SHORT,ENTRY_ZONE_SHORT,40.0,OK,0.0,2.771,-2.771,0,0.0,0.0,
BTCUSDC_SHORT,ENTRY_ZONE_SHORT,50.0,OK,0.0,2.771,-2.771,0,0.0,0.0,
BTCUSDC_SHORT,ENTRY_ZONE_SHORT,60.0,OK,0.0,2.771,-2.771,0,0.0,0.0,
BTCUSDC_SHORT,ENTRY_ZONE_SHORT,70.0,OK,0.0,2.771,-2.771,0,0.0,0.0,
BTCUSDC_SHORT,ENTRY_ZONE_SHORT,80.0,OK,0.0,2.771,-2.771,0,0.0,0.0,
BTCUSDC_SHORT,EOD_RATIO_ENFORCE_TRADIER,False,OK,0.0,2.771,-2.771,0,0.0,0.0,
BTCUSDC_SHORT,EOD_RATIO_ENFORCE_TRADIER,True,OK,0.0,2.771,-2.771,0,0.0,0.0,
BTCUSDC_SHORT,EOD_SLIM_RATIO_ENABLED,False,OK,0.0,2.771,-2.771,0,0.0,0.0,
BTCUSDC_SHORT,EOD_SLIM_RATIO_ENABLED,True,OK,0.0,2.771,-2.771,0,0.0,0.0,
BTCUSDC_SHORT,EP_POSITION_SIZE,400.0,OK,0.0,2.771,-2.771,0,0.0,0.0,
BTCUSDC_SHORT,EP_POSITION_SIZE,600.0,OK,0.0,2.771,-2.771,0,0.0,0.0,
BTCUSDC_SHORT,EP_POSITION_SIZE,800.0,OK,0.0,2.771,-2.771,0,0.0,0.0,
BTCUSDC_SHORT,EP_POSITION_SIZE,1000.0,OK,0.0,2.771,-2.771,0,0.0,0.0,
BTCUSDC_SHORT,EP_POSITION_SIZE,1200.0,OK,0.0,2.771,-2.771,0,0.0,0.0,
BTCUSDC_SHORT,EXIT_ALGO_SCORE_ENABLED,False,OK,0.0,2.771,-2.771,0,0.0,0.0,
BTCUSDC_SHORT,EXIT_ALGO_SCORE_ENABLED,True,OK,0.0,2.771,-2.771,0,0.0,0.0,
BTCUSDC_SHORT,EXIT_AUTO_REDUCE_CROSSUNDER_ENABLED,False,OK,0.0,2.771,-2.771,0,0.0,0.0,
BTCUSDC_SHORT,EXIT_AUTO_REDUCE_CROSSUNDER_ENABLED,True,OK,0.0,2.771,-2.771,0,0.0,0.0,
BTCUSDC_SHORT,EXIT_BOUNCE_TOP_ENABLED,False,OK,0.0,2.771,-2.771,0,0.0,0.0,
BTCUSDC_SHORT,EXIT_BOUNCE_TOP_ENABLED,True,OK,0.0,2.771,-2.771,0,0.0,0.0,
BTCUSDC_SHORT,EXIT_CONV_FAIL_ENABLED,False,OK,0.0,2.771,-2.771,0,0.0,0.0,
BTCUSDC_SHORT,EXIT_CONV_FAIL_ENABLED,True,OK,0.0,2.771,-2.771,0,0.0,0.0,
BTCUSDC_SHORT,EXIT_DC_BREACH_REDUCE_ENABLED,False,OK,0.0,2.771,-2.771,0,0.0,0.0,
BTCUSDC_SHORT,EXIT_DC_BREACH_REDUCE_ENABLED,True,OK,0.0,2.771,-2.771,0,0.0,0.0,
BTCUSDC_SHORT,EXIT_DELTA_SPEED_ENABLED,False,OK,0.0,2.771,-2.771,0,0.0,0.0,
BTCUSDC_SHORT,EXIT_DELTA_SPEED_ENABLED,True,OK,0.0,2.771,-2.771,0,0.0,0.0,
BTCUSDC_SHORT,EXIT_GAIN_EROSION_ENABLED,False,OK,0.0,2.771,-2.771,0,0.0,0.0,
BTCUSDC_SHORT,EXIT_GAIN_EROSION_ENABLED,True,OK,0.0,2.771,-2.771,0,0.0,0.0,
BTCUSDC_SHORT,EXIT_GAIN_THRESHOLD_MIN,0.5,OK,0.0,2.771,-2.771,0,0.0,0.0,
BTCUSDC_SHORT,EXIT_GAIN_THRESHOLD_MIN,0.75,OK,0.0,2.771,-2.771,0,0.0,0.0,
BTCUSDC_SHORT,EXIT_GAIN_THRESHOLD_MIN,1.0,OK,0.0,2.771,-2.771,0,0.0,0.0,
BTCUSDC_SHORT,EXIT_GAIN_THRESHOLD_MIN,1.25,OK,0.0,2.771,-2.771,0,0.0,0.0,
BTCUSDC_SHORT,EXIT_GAIN_THRESHOLD_MIN,1.5,OK,0.0,2.771,-2.771,0,0.0,0.0,
BTCUSDC_SHORT,EXIT_HARD_DROP_5M_ENABLED,False,OK,0.0,2.771,-2.771,0,0.0,0.0,
BTCUSDC_SHORT,EXIT_HARD_DROP_5M_ENABLED,True,OK,0.0,2.771,-2.771,0,0.0,0.0,
BTCUSDC_SHORT,EXIT_HTF_QUICK_TP_ENABLED,False,OK,0.0,2.771,-2.771,0,0.0,0.0,
BTCUSDC_SHORT,EXIT_HTF_QUICK_TP_ENABLED,True,OK,0.0,2.771,-2.771,0,0.0,0.0,
BTCUSDC_SHORT,EXIT_IBS_EXHAUSTION_ENABLED,False,OK,0.0,2.771,-2.771,0,0.0,0.0,
BTCUSDC_SHORT,EXIT_IBS_EXHAUSTION_ENABLED,True,OK,0.0,2.771,-2.771,0,0.0,0.0,
BTCUSDC_SHORT,EXIT_K5M_BOUNCE_ENABLED,False,OK,0.0,2.771,-2.771,0,0.0,0.0,
BTCUSDC_SHORT,EXIT_K5M_BOUNCE_ENABLED,True,OK,0.0,2.771,-2.771,0,0.0,0.0,
BTCUSDC_SHORT,EXIT_MAX_HOLD_ENABLED,False,OK,0.0,2.771,-2.771,0,0.0,0.0,
BTCUSDC_SHORT,EXIT_MAX_HOLD_ENABLED,True,OK,0.0,2.771,-2.771,0,0.0,0.0,
BTCUSDC_SHORT,EXIT_MI_ENABLED,False,OK,0.0,2.771,-2.771,0,0.0,0.0,
BTCUSDC_SHORT,EXIT_MI_ENABLED,True,OK,0.0,2.771,-2.771,0,0.0,0.0,
BTCUSDC_SHORT,EXIT_OVERRIDE_REDUCE_DETERIORATED_ENABLED,False,OK,0.0,2.771,-2.771,0,0.0,0.0,
BTCUSDC_SHORT,EXIT_OVERRIDE_REDUCE_DETERIORATED_ENABLED,True,OK,0.0,2.771,-2.771,0,0.0,0.0,
BTCUSDC_SHORT,EXIT_SCORER_FULL_SCORE,50.0,OK,0.0,2.771,-2.771,0,0.0,0.0,
BTCUSDC_SHORT,EXIT_SCORER_FULL_SCORE,75.0,OK,0.0,2.771,-2.771,0,0.0,0.0,
BTCUSDC_SHORT,EXIT_SCORER_FULL_SCORE,100.0,OK,0.0,2.771,-2.771,0,0.0,0.0,
BTCUSDC_SHORT,EXIT_SCORER_FULL_SCORE,125.0,OK,0.0,2.771,-2.771,0,0.0,0.0,
BTCUSDC_SHORT,EXIT_SCORER_FULL_SCORE,150.0,OK,0.0,2.771,-2.771,0,0.0,0.0,
BTCUSDC_SHORT,EXIT_SCORER_K_EXTREME,42.5,OK,0.0,2.771,-2.771,0,0.0,0.0,
BTCUSDC_SHORT,EXIT_SCORER_K_EXTREME,63.75,OK,0.0,2.771,-2.771,0,0.0,0.0,
BTCUSDC_SHORT,EXIT_SCORER_K_EXTREME,85.0,OK,0.0,2.771,-2.771,0,0.0,0.0,
BTCUSDC_SHORT,EXIT_SCORER_MIN_CONDITIONS,3,OK,0.0,2.771,-2.771,0,0.0,0.0,
BTCUSDC_SHORT,EXIT_SCORER_MIN_CONDITIONS,4,OK,0.0,2.771,-2.771,0,0.0,0.0,
BTCUSDC_SHORT,EXIT_SCORER_MIN_CONDITIONS,5,OK,0.0,2.771,-2.771,0,0.0,0.0,
BTCUSDC_SHORT,EXIT_SCORER_PARTIAL_SCORE,20.0,OK,0.0,2.771,-2.771,0,0.0,0.0,
BTCUSDC_SHORT,EXIT_SCORER_PARTIAL_SCORE,30.0,OK,0.0,2.771,-2.771,0,0.0,0.0,
BTCUSDC_SHORT,EXIT_SCORER_PARTIAL_SCORE,40.0,OK,0.0,2.771,-2.771,0,0.0,0.0,
BTCUSDC_SHORT,EXIT_SCORER_PARTIAL_SCORE,50.0,OK,0.0,2.771,-2.771,0,0.0,0.0,
BTCUSDC_SHORT,EXIT_SCORER_PARTIAL_SCORE,60.0,OK,0.0,2.771,-2.771,0,0.0,0.0,
BTCUSDC_SHORT,EXIT_SENTIMENT_ENABLED,False,OK,0.0,2.771,-2.771,0,0.0,0.0,
BTCUSDC_SHORT,EXIT_SENTIMENT_ENABLED,True,OK,0.0,2.771,-2.771,0,0.0,0.0,
BTCUSDC_SHORT,EXIT_STRUCT_BREAK_5M_ENABLED,False,OK,0.0,2.771,-2.771,0,0.0,0.0,
BTCUSDC_SHORT,EXIT_STRUCT_BREAK_5M_ENABLED,True,OK,0.0,2.771,-2.771,0,0.0,0.0,
BTCUSDC_SHORT,EXIT_STRUCT_DC_BREAK_ENABLED,False,OK,0.0,2.771,-2.771,0,0.0,0.0,
BTCUSDC_SHORT,EXIT_STRUCT_DC_BREAK_ENABLED,True,OK,0.0,2.771,-2.771,0,0.0,0.0,
BTCUSDC_SHORT,EXIT_TREND_REVERSAL_ENABLED,False,OK,0.0,2.771,-2.771,0,0.0,0.0,
BTCUSDC_SHORT,EXIT_TREND_REVERSAL_ENABLED,True,OK,0.0,2.771,-2.771,0,0.0,0.0,
BTCUSDC_SHORT,EXTREME_OB_BB_PCT_B_4H_MIN,0.5,OK,0.0,2.771,-2.771,0,0.0,0.0,
BTCUSDC_SHORT,EXTREME_OB_BB_PCT_B_4H_MIN,0.75,OK,0.0,2.771,-2.771,0,0.0,0.0,
BTCUSDC_SHORT,EXTREME_OB_BB_PCT_B_4H_MIN,1.0,OK,0.0,2.771,-2.771,0,0.0,0.0,
BTCUSDC_SHORT,EXTREME_OB_BB_PCT_B_4H_MIN,1.25,OK,0.0,2.771,-2.771,0,0.0,0.0,
BTCUSDC_SHORT,EXTREME_OB_BB_PCT_B_4H_MIN,1.5,OK,0.0,2.771,-2.771,0,0.0,0.0,
BTCUSDC_SHORT,EXTREME_OB_RSI_4H_MIN,40.0,OK,0.0,2.771,-2.771,0,0.0,0.0,
BTCUSDC_SHORT,EXTREME_OB_RSI_4H_MIN,60.0,OK,0.0,2.771,-2.771,0,0.0,0.0,
BTCUSDC_SHORT,EXTREME_OB_RSI_4H_MIN,80.0,OK,0.0,2.771,-2.771,0,0.0,0.0,
BTCUSDC_SHORT,EXTREME_OB_RSI_4H_MIN,100.0,OK,0.0,2.771,-2.771,0,0.0,0.0,
BTCUSDC_SHORT,EXTREME_OB_RSI_D_MIN,37.5,OK,0.0,2.771,-2.771,0,0.0,0.0,
BTCUSDC_SHORT,EXTREME_OB_RSI_D_MIN,56.25,OK,0.0,2.771,-2.771,0,0.0,0.0,
BTCUSDC_SHORT,EXTREME_OB_RSI_D_MIN,75.0,OK,0.0,2.771,-2.771,0,0.0,0.0,
BTCUSDC_SHORT,EXTREME_OB_RSI_D_MIN,93.75,OK,0.0,2.771,-2.771,0,0.0,0.0,
BTCUSDC_SHORT,EXTREME_OS_BB_PCT_B_4H_MAX,0.0,OK,0.0,2.771,-2.771,0,0.0,0.0,
BTCUSDC_SHORT,EXTREME_OS_BB_PCT_B_4H_MAX,0.5,OK,0.0,2.771,-2.771,0,0.0,0.0,
BTCUSDC_SHORT,EXTREME_OS_BB_PCT_B_4H_MAX,1.0,OK,0.0,2.771,-2.771,0,0.0,0.0,
BTCUSDC_SHORT,EXTREME_OS_RSI_4H_MAX,10.0,OK,0.0,2.771,-2.771,0,0.0,0.0,
BTCUSDC_SHORT,EXTREME_OS_RSI_4H_MAX,15.0,OK,0.0,2.771,-2.771,0,0.0,0.0,
BTCUSDC_SHORT,EXTREME_OS_RSI_4H_MAX,20.0,OK,0.0,2.771,-2.771,0,0.0,0.0,
BTCUSDC_SHORT,EXTREME_OS_RSI_4H_MAX,25.0,OK,0.0,2.771,-2.771,0,0.0,0.0,
BTCUSDC_SHORT,EXTREME_OS_RSI_4H_MAX,30.0,OK,0.0,2.771,-2.771,0,0.0,0.0,
BTCUSDC_SHORT,EXTREME_OS_RSI_D_MAX,12.5,OK,0.0,2.771,-2.771,0,0.0,0.0,
BTCUSDC_SHORT,EXTREME_OS_RSI_D_MAX,18.75,OK,0.0,2.771,-2.771,0,0.0,0.0,
BTCUSDC_SHORT,EXTREME_OS_RSI_D_MAX,25.0,OK,0.0,2.771,-2.771,0,0.0,0.0,
BTCUSDC_SHORT,EXTREME_OS_RSI_D_MAX,31.25,OK,0.0,2.771,-2.771,0,0.0,0.0,
BTCUSDC_SHORT,EXTREME_OS_RSI_D_MAX,37.5,OK,0.0,2.771,-2.771,0,0.0,0.0,
BTCUSDC_SHORT,EZ_REENTRY_PPL_DOUBLE_GAIN_ENABLED,False,OK,0.0,2.771,-2.771,0,0.0,0.0,
BTCUSDC_SHORT,EZ_REENTRY_PPL_DOUBLE_GAIN_ENABLED,True,OK,0.0,2.771,-2.771,0,0.0,0.0,
BTCUSDC_SHORT,EZ_REENTRY_PRICE_CROSS_MIN_GAP_S,30.0,OK,0.0,2.771,-2.771,0,0.0,0.0,
BTCUSDC_SHORT,EZ_REENTRY_PRICE_CROSS_MIN_GAP_S,45.0,OK,0.0,2.771,-2.771,0,0.0,0.0,
BTCUSDC_SHORT,EZ_REENTRY_PRICE_CROSS_MIN_GAP_S,60.0,OK,0.0,2.771,-2.771,0,0.0,0.0,
BTCUSDC_SHORT,EZ_REENTRY_PRICE_CROSS_MIN_GAP_S,75.0,OK,0.0,2.771,-2.771,0,0.0,0.0,
BTCUSDC_SHORT,EZ_REENTRY_PRICE_CROSS_MIN_GAP_S,90.0,OK,0.0,2.771,-2.771,0,0.0,0.0,
BTCUSDC_SHORT,EZ_REENTRY_PRICE_CROSS_MIN_GAP_S,300.0,OK,0.0,2.771,-2.771,0,0.0,0.0,
BTCUSDC_SHORT,FAST_CUT_LOSS_THRESHOLD,-1498.5,OK,0.0,2.771,-2.771,0,0.0,0.0,
BTCUSDC_SHORT,FAST_CUT_LOSS_THRESHOLD,-1248.75,OK,0.0,2.771,-2.771,0,0.0,0.0,
BTCUSDC_SHORT,FAST_CUT_LOSS_THRESHOLD,-999.0,OK,0.0,2.771,-2.771,0,0.0,0.0,
BTCUSDC_SHORT,FAST_CUT_LOSS_THRESHOLD,-749.25,OK,0.0,2.771,-2.771,0,0.0,0.0,
BTCUSDC_SHORT,FAST_CUT_LOSS_THRESHOLD,-499.5,OK,0.0,2.771,-2.771,0,0.0,0.0,
BTCUSDC_SHORT,FH_MOMENTUM_DC_CONFIRM,False,OK,0.0,2.771,-2.771,0,0.0,0.0,
BTCUSDC_SHORT,FH_MOMENTUM_DC_CONFIRM,True,OK,0.0,2.771,-2.771,0,0.0,0.0,
BTCUSDC_SHORT,FH_MOMENTUM_DC_MAX_LONG,0.5,OK,0.0,2.771,-2.771,0,0.0,0.0,
BTCUSDC_SHORT,FH_MOMENTUM_DC_MAX_LONG,0.25,OK,0.0,2.771,-2.771,0,0.0,0.0,
BTCUSDC_SHORT,FH_MOMENTUM_DC_MAX_LONG,0.375,OK,0.0,2.771,-2.771,0,0.0,0.0,
BTCUSDC_SHORT,FH_MOMENTUM_DC_MAX_LONG,0.625,OK,0.0,2.771,-2.771,0,0.0,0.0,
BTCUSDC_SHORT,FH_MOMENTUM_DC_MAX_LONG,0.75,OK,0.0,2.771,-2.771,0,0.0,0.0,
BTCUSDC_SHORT,FH_MOMENTUM_EVAL_MINUTES,15,OK,0.0,2.771,-2.771,0,0.0,0.0,
BTCUSDC_SHORT,FH_MOMENTUM_EVAL_MINUTES,30,OK,0.0,2.771,-2.771,0,0.0,0.0,
BTCUSDC_SHORT,FH_MOMENTUM_EVAL_MINUTES,45,OK,0.0,2.771,-2.771,0,0.0,0.0,
BTCUSDC_SHORT,FH_MOMENTUM_MFI_CONFIRM,False,OK,0.0,2.771,-2.771,0,0.0,0.0,
BTCUSDC_SHORT,FH_MOMENTUM_MFI_CONFIRM,True,OK,0.0,2.771,-2.771,0,0.0,0.0,
BTCUSDC_SHORT,FH_MOMENTUM_MIN_MOVE_PCT,0.5,OK,0.0,2.771,-2.771,0,0.0,0.0,
BTCUSDC_SHORT,FH_MOMENTUM_MIN_MOVE_PCT,0.25,OK,0.0,2.771,-2.771,0,0.0,0.0,
BTCUSDC_SHORT,FH_MOMENTUM_MIN_MOVE_PCT,0.375,OK,0.0,2.771,-2.771,0,0.0,0.0,
BTCUSDC_SHORT,FH_MOMENTUM_MIN_MOVE_PCT,0.625,OK,0.0,2.771,-2.771,0,0.0,0.0,
BTCUSDC_SHORT,FH_MOMENTUM_MIN_MOVE_PCT,0.75,OK,0.0,2.771,-2.771,0,0.0,0.0,
BTCUSDC_SHORT,FH_MOMENTUM_POSITION_SIZE,300.0,OK,0.0,2.771,-2.771,0,0.0,0.0,
BTCUSDC_SHORT,FH_MOMENTUM_POSITION_SIZE,450.0,OK,0.0,2.771,-2.771,0,0.0,0.0,
BTCUSDC_SHORT,FH_MOMENTUM_POSITION_SIZE,600.0,OK,0.0,2.771,-2.771,0,0.0,0.0,
BTCUSDC_SHORT,FH_MOMENTUM_POSITION_SIZE,750.0,OK,0.0,2.771,-2.771,0,0.0,0.0,
BTCUSDC_SHORT,FH_MOMENTUM_POSITION_SIZE,900.0,OK,0.0,2.771,-2.771,0,0.0,0.0,
BTCUSDC_SHORT,FORMATION_CUP_HANDLE_ENTRY_ENABLED,False,OK,0.0,2.771,-2.771,0,0.0,0.0,
BTCUSDC_SHORT,FORMATION_CUP_HANDLE_ENTRY_ENABLED,True,OK,0.0,2.771,-2.771,0,0.0,0.0,
BTCUSDC_SHORT,FORMATION_CUP_HANDLE_EXIT_ENABLED,False,OK,0.0,2.771,-2.771,0,0.0,0.0,
BTCUSDC_SHORT,FORMATION_CUP_HANDLE_EXIT_ENABLED,True,OK,0.0,2.771,-2.771,0,0.0,0.0,
BTCUSDC_SHORT,FORMATION_DOUBLE_TOP_BOTTOM_ENTRY_ENABLED,False,OK,0.0,2.771,-2.771,0,0.0,0.0,
BTCUSDC_SHORT,FORMATION_DOUBLE_TOP_BOTTOM_ENTRY_ENABLED,True,OK,0.0,2.771,-2.771,0,0.0,0.0,
BTCUSDC_SHORT,FORMATION_DOUBLE_TOP_BOTTOM_EXIT_ENABLED,False,OK,0.0,2.771,-2.771,0,0.0,0.0,
BTCUSDC_SHORT,FORMATION_DOUBLE_TOP_BOTTOM_EXIT_ENABLED,True,OK,0.0,2.771,-2.771,0,0.0,0.0,
BTCUSDC_SHORT,FORMATION_EXIT_MIN_GAIN_PCT,0.0,OK,0.0,2.771,-2.771,0,0.0,0.0,
BTCUSDC_SHORT,FORMATION_EXIT_MIN_GAIN_PCT,1.0,OK,0.0,2.771,-2.771,0,0.0,0.0,
BTCUSDC_SHORT,FORMATION_EXIT_MIN_GAIN_PCT,2.0,OK,0.0,2.771,-2.771,0,0.0,0.0,
BTCUSDC_SHORT,FORMATION_FLAG_PENNANT_ENTRY_ENABLED,False,OK,0.0,2.771,-2.771,0,0.0,0.0,
BTCUSDC_SHORT,FORMATION_FLAG_PENNANT_ENTRY_ENABLED,True,OK,0.0,2.771,-2.771,0,0.0,0.0,
BTCUSDC_SHORT,FORMATION_FLAG_PENNANT_EXIT_ENABLED,False,OK,0.0,2.771,-2.771,0,0.0,0.0,
BTCUSDC_SHORT,FORMATION_FLAG_PENNANT_EXIT_ENABLED,True,OK,0.0,2.771,-2.771,0,0.0,0.0,
BTCUSDC_SHORT,FORMATION_HEAD_SHOULDERS_ENTRY_ENABLED,False,OK,0.0,2.771,-2.771,0,0.0,0.0,
BTCUSDC_SHORT,FORMATION_HEAD_SHOULDERS_ENTRY_ENABLED,True,OK,0.0,2.771,-2.771,0,0.0,0.0,
BTCUSDC_SHORT,FORMATION_HEAD_SHOULDERS_EXIT_ENABLED,False,OK,0.0,2.771,-2.771,0,0.0,0.0,
BTCUSDC_SHORT,FORMATION_HEAD_SHOULDERS_EXIT_ENABLED,True,OK,0.0,2.771,-2.771,0,0.0,0.0,
BTCUSDC_SHORT,FORMATION_MIN_SCORE,0.65,OK,0.0,2.771,-2.771,0,0.0,0.0,
BTCUSDC_SHORT,FORMATION_MIN_SCORE,0.325,OK,0.0,2.771,-2.771,0,0.0,0.0,
BTCUSDC_SHORT,FORMATION_MIN_SCORE,0.4875,OK,0.0,2.771,-2.771,0,0.0,0.0,
BTCUSDC_SHORT,FORMATION_MIN_SCORE,0.8125,OK,0.0,2.771,-2.771,0,0.0,0.0,
BTCUSDC_SHORT,FORMATION_MIN_SCORE,0.975,OK,0.0,2.771,-2.771,0,0.0,0.0,
BTCUSDC_SHORT,FORMATION_POSITION_SIZE_MULT,1.0,OK,0.0,2.771,-2.771,0,0.0,0.0,
BTCUSDC_SHORT,FORMATION_POSITION_SIZE_MULT,0.5,OK,0.0,2.771,-2.771,0,0.0,0.0,
BTCUSDC_SHORT,FORMATION_POSITION_SIZE_MULT,0.75,OK,0.0,2.771,-2.771,0,0.0,0.0,
BTCUSDC_SHORT,FORMATION_POSITION_SIZE_MULT,1.25,OK,0.0,2.771,-2.771,0,0.0,0.0,
BTCUSDC_SHORT,FORMATION_POSITION_SIZE_MULT,1.5,OK,0.0,2.771,-2.771,0,0.0,0.0,
BTCUSDC_SHORT,FORMATION_TREND_STRUCTURE_ENTRY_ENABLED,False,OK,0.0,2.771,-2.771,0,0.0,0.0,
BTCUSDC_SHORT,FORMATION_TREND_STRUCTURE_ENTRY_ENABLED,True,OK,0.0,2.771,-2.771,0,0.0,0.0,
BTCUSDC_SHORT,FORMATION_TREND_STRUCTURE_EXIT_ENABLED,False,OK,0.0,2.771,-2.771,0,0.0,0.0,
BTCUSDC_SHORT,FORMATION_TREND_STRUCTURE_EXIT_ENABLED,True,OK,0.0,2.771,-2.771,0,0.0,0.0,
BTCUSDC_SHORT,FORMATION_TRIANGLE_ENTRY_ENABLED,False,OK,0.0,2.771,-2.771,0,0.0,0.0,
BTCUSDC_SHORT,FORMATION_TRIANGLE_ENTRY_ENABLED,True,OK,0.0,2.771,-2.771,0,0.0,0.0,
BTCUSDC_SHORT,FORMATION_TRIANGLE_EXIT_ENABLED,False,OK,0.0,2.771,-2.771,0,0.0,0.0,
BTCUSDC_SHORT,FORMATION_TRIANGLE_EXIT_ENABLED,True,OK,0.0,2.771,-2.771,0,0.0,0.0,
BTCUSDC_SHORT,FORMATION_WEDGE_ENTRY_ENABLED,False,OK,0.0,2.771,-2.771,0,0.0,0.0,
BTCUSDC_SHORT,FORMATION_WEDGE_ENTRY_ENABLED,True,OK,0.0,2.771,-2.771,0,0.0,0.0,
BTCUSDC_SHORT,FORMATION_WEDGE_EXIT_ENABLED,False,OK,0.0,2.771,-2.771,0,0.0,0.0,
BTCUSDC_SHORT,FORMATION_WEDGE_EXIT_ENABLED,True,OK,0.0,2.771,-2.771,0,0.0,0.0,
BTCUSDC_SHORT,FROZEN_ABSOLUTE_FLOOR_PCT_TRADIER,-12.0,OK,0.0,2.771,-2.771,0,0.0,0.0,
BTCUSDC_SHORT,FROZEN_ABSOLUTE_FLOOR_PCT_TRADIER,-10.0,OK,0.0,2.771,-2.771,0,0.0,0.0,
BTCUSDC_SHORT,FROZEN_ABSOLUTE_FLOOR_PCT_TRADIER,-8.0,OK,0.0,2.771,-2.771,0,0.0,0.0,
BTCUSDC_SHORT,FROZEN_ABSOLUTE_FLOOR_PCT_TRADIER,-6.0,OK,0.0,2.771,-2.771,0,0.0,0.0,
BTCUSDC_SHORT,FROZEN_ABSOLUTE_FLOOR_PCT_TRADIER,-4.0,OK,0.0,2.771,-2.771,0,0.0,0.0,
BTCUSDC_SHORT,FROZEN_ACTIVATION_STOP_ENABLED,False,OK,0.0,2.771,-2.771,0,0.0,0.0,
BTCUSDC_SHORT,FROZEN_ACTIVATION_STOP_ENABLED,True,OK,0.0,2.771,-2.771,0,0.0,0.0,
BTCUSDC_SHORT,FULL_RECIPE_ONLY_ENABLED,,OK,0.0,2.771,-2.771,0,0.0,0.0,
BTCUSDC_SHORT,FUNDING_GATE_ENABLED_TRADIER,False,OK,0.0,2.771,-2.771,0,0.0,0.0,
BTCUSDC_SHORT,FUNDING_GATE_ENABLED_TRADIER,True,OK,0.0,2.771,-2.771,0,0.0,0.0,
BTCUSDC_SHORT,FUNDING_GATE_PC_RATIO_LONG_MAX,0.6,OK,0.0,2.771,-2.771,0,0.0,0.0,
BTCUSDC_SHORT,FUNDING_GATE_PC_RATIO_LONG_MAX,0.9,OK,0.0,2.771,-2.771,0,0.0,0.0,
BTCUSDC_SHORT,FUNDING_GATE_PC_RATIO_LONG_MAX,1.2,OK,0.0,2.771,-2.771,0,0.0,0.0,
BTCUSDC_SHORT,FUNDING_GATE_PC_RATIO_LONG_MAX,1.5,OK,0.0,2.771,-2.771,0,0.0,0.0,
BTCUSDC_SHORT,FUNDING_GATE_PC_RATIO_LONG_MAX,1.8,OK,0.0,2.771,-2.771,0,0.0,0.0,
BTCUSDC_SHORT,FUNDING_GATE_PC_RATIO_SHORT_MIN,0.415,OK,0.0,2.771,-2.771,0,0.0,0.0,
BTCUSDC_SHORT,FUNDING_GATE_PC_RATIO_SHORT_MIN,0.6225,OK,0.0,2.771,-2.771,0,0.0,0.0,
BTCUSDC_SHORT,FUNDING_GATE_PC_RATIO_SHORT_MIN,0.83,OK,0.0,2.771,-2.771,0,0.0,0.0,
BTCUSDC_SHORT,FUNDING_GATE_PC_RATIO_SHORT_MIN,1.0375,OK,0.0,2.771,-2.771,0,0.0,0.0,
BTCUSDC_SHORT,FUNDING_GATE_PC_RATIO_SHORT_MIN,1.245,OK,0.0,2.771,-2.771,0,0.0,0.0,
BTCUSDC_SHORT,FUNDING_GATE_TRADIER_HEDGE_GATE_ENABLED,False,OK,0.0,2.771,-2.771,0,0.0,0.0,
BTCUSDC_SHORT,FUNDING_GATE_TRADIER_HEDGE_GATE_ENABLED,True,OK,0.0,2.771,-2.771,0,0.0,0.0,
BTCUSDC_SHORT,FUNDING_GATE_TRADIER_NEAR_MONEY_PREFER,False,OK,0.0,2.771,-2.771,0,0.0,0.0,
BTCUSDC_SHORT,FUNDING_GATE_TRADIER_NEAR_MONEY_PREFER,True,OK,0.0,2.771,-2.771,0,0.0,0.0,
BTCUSDC_SHORT,FUNDING_GATE_TRADIER_STALE_MAX_HOURS,2.0,OK,0.0,2.771,-2.771,0,0.0,0.0,
BTCUSDC_SHORT,FUNDING_GATE_TRADIER_STALE_MAX_HOURS,3.0,OK,0.0,2.771,-2.771,0,0.0,0.0,
BTCUSDC_SHORT,FUNDING_GATE_TRADIER_STALE_MAX_HOURS,4.0,OK,0.0,2.771,-2.771,0,0.0,0.0,
BTCUSDC_SHORT,FUNDING_GATE_TRADIER_STALE_MAX_HOURS,5.0,OK,0.0,2.771,-2.771,0,0.0,0.0,
BTCUSDC_SHORT,FUNDING_GATE_TRADIER_STALE_MAX_HOURS,6.0,OK,0.0,2.771,-2.771,0,0.0,0.0,
BTCUSDC_SHORT,GAP_FILL_MAX_GAP_PCT,2.5,OK,0.0,2.771,-2.771,0,0.0,0.0,
BTCUSDC_SHORT,GAP_FILL_MAX_GAP_PCT,3.75,OK,0.0,2.771,-2.771,0,0.0,0.0,
BTCUSDC_SHORT,GAP_FILL_MAX_GAP_PCT,5.0,OK,0.0,2.771,-2.771,0,0.0,0.0,
BTCUSDC_SHORT,GAP_FILL_MAX_GAP_PCT,6.25,OK,0.0,2.771,-2.771,0,0.0,0.0,
BTCUSDC_SHORT,GAP_FILL_MAX_GAP_PCT,7.5,OK,0.0,2.771,-2.771,0,0.0,0.0,
BTCUSDC_SHORT,GAP_FILL_MIN_GAP_PCT,0.25,OK,0.0,2.771,-2.771,0,0.0,0.0,
BTCUSDC_SHORT,GAP_FILL_MIN_GAP_PCT,0.375,OK,0.0,2.771,-2.771,0,0.0,0.0,
BTCUSDC_SHORT,GAP_FILL_MIN_GAP_PCT,0.5,OK,0.0,2.771,-2.771,0,0.0,0.0,
BTCUSDC_SHORT,GAP_FILL_MIN_GAP_PCT,0.625,OK,0.0,2.771,-2.771,0,0.0,0.0,
BTCUSDC_SHORT,GAP_FILL_MIN_GAP_PCT,0.75,OK,0.0,2.771,-2.771,0,0.0,0.0,
BTCUSDC_SHORT,GAP_FILL_POSITION_SIZE,300.0,OK,0.0,2.771,-2.771,0,0.0,0.0,
BTCUSDC_SHORT,GAP_FILL_POSITION_SIZE,450.0,OK,0.0,2.771,-2.771,0,0.0,0.0,
BTCUSDC_SHORT,GAP_FILL_POSITION_SIZE,600.0,OK,0.0,2.771,-2.771,0,0.0,0.0,
BTCUSDC_SHORT,GAP_FILL_POSITION_SIZE,750.0,OK,0.0,2.771,-2.771,0,0.0,0.0,
BTCUSDC_SHORT,GAP_FILL_POSITION_SIZE,900.0,OK,0.0,2.771,-2.771,0,0.0,0.0,
BTCUSDC_SHORT,GAP_FILL_STOP_MULT,0.15,OK,0.0,2.771,-2.771,0,0.0,0.0,
BTCUSDC_SHORT,GAP_FILL_STOP_MULT,0.225,OK,0.0,2.771,-2.771,0,0.0,0.0,
BTCUSDC_SHORT,GAP_FILL_STOP_MULT,0.3,OK,0.0,2.771,-2.771,0,0.0,0.0,
BTCUSDC_SHORT,GAP_FILL_STOP_MULT,0.375,OK,0.0,2.771,-2.771,0,0.0,0.0,
BTCUSDC_SHORT,GAP_FILL_STOP_MULT,0.45,OK,0.0,2.771,-2.771,0,0.0,0.0,
BTCUSDC_SHORT,GAP_FILL_TP_FILL_PCT,0.35,OK,0.0,2.771,-2.771,0,0.0,0.0,
BTCUSDC_SHORT,GAP_FILL_TP_FILL_PCT,0.525,OK,0.0,2.771,-2.771,0,0.0,0.0,
BTCUSDC_SHORT,GAP_FILL_TP_FILL_PCT,0.7,OK,0.0,2.771,-2.771,0,0.0,0.0,
BTCUSDC_SHORT,GAP_FILL_TP_FILL_PCT,0.875,OK,0.0,2.771,-2.771,0,0.0,0.0,
BTCUSDC_SHORT,GAP_FILL_TP_FILL_PCT,1.05,OK,0.0,2.771,-2.771,0,0.0,0.0,
BTCUSDC_SHORT,GHOST_CLOSE_REQUIRE_CONFIRMATION,False,OK,0.0,2.771,-2.771,0,0.0,0.0,
BTCUSDC_SHORT,GHOST_CLOSE_REQUIRE_CONFIRMATION,True,OK,0.0,2.771,-2.771,0,0.0,0.0,
BTCUSDC_SHORT,GOLDEN_RULE_EXIT_MIN_IND,1,OK,0.0,2.771,-2.771,0,0.0,0.0,
BTCUSDC_SHORT,GOLDEN_RULE_EXIT_MIN_IND,2,OK,0.0,2.771,-2.771,0,0.0,0.0,
BTCUSDC_SHORT,GOLDEN_RULE_EXIT_MIN_IND,3,OK,0.0,2.771,-2.771,0,0.0,0.0,
BTCUSDC_SHORT,GOLDEN_RULE_EXIT_MIN_TFS,0,OK,0.0,2.771,-2.771,0,0.0,0.0,
BTCUSDC_SHORT,GOLDEN_RULE_EXIT_MIN_TFS,1,OK,0.0,2.771,-2.771,0,0.0,0.0,
BTCUSDC_SHORT,GOLDEN_RULE_EXIT_MIN_TFS,2,OK,0.0,2.771,-2.771,0,0.0,0.0,
BTCUSDC_SHORT,GOLDEN_RULE_HTF_VETO_ENABLED,False,OK,0.0,2.771,-2.771,0,0.0,0.0,
BTCUSDC_SHORT,GOLDEN_RULE_HTF_VETO_ENABLED,True,OK,0.0,2.771,-2.771,0,0.0,0.0,
BTCUSDC_SHORT,GOLDEN_RULE_REQUIRE_ACTIVATION,False,OK,0.0,2.771,-2.771,0,0.0,0.0,
BTCUSDC_SHORT,GOLDEN_RULE_REQUIRE_ACTIVATION,True,OK,0.0,2.771,-2.771,0,0.0,0.0,
BTCUSDC_SHORT,GR_BB_EXTENDED_LONG,0.375,OK,0.0,2.771,-2.771,0,0.0,0.0,
BTCUSDC_SHORT,GR_BB_EXTENDED_LONG,0.5625,OK,0.0,2.771,-2.771,0,0.0,0.0,
BTCUSDC_SHORT,GR_BB_EXTENDED_LONG,0.75,OK,0.0,2.771,-2.771,0,0.0,0.0,
BTCUSDC_SHORT,GR_BB_EXTENDED_LONG,0.9375,OK,0.0,2.771,-2.771,0,0.0,0.0,
BTCUSDC_SHORT,GR_BB_EXTENDED_LONG,1.125,OK,0.0,2.771,-2.771,0,0.0,0.0,
BTCUSDC_SHORT,GR_DC_EXTENDED_LONG,0.4,OK,0.0,2.771,-2.771,0,0.0,0.0,
BTCUSDC_SHORT,GR_DC_EXTENDED_LONG,0.6,OK,0.0,2.771,-2.771,0,0.0,0.0,
BTCUSDC_SHORT,GR_DC_EXTENDED_LONG,0.8,OK,0.0,2.771,-2.771,0,0.0,0.0,
BTCUSDC_SHORT,GR_DC_EXTENDED_LONG,1.0,OK,0.0,2.771,-2.771,0,0.0,0.0,
BTCUSDC_SHORT,GR_DC_EXTENDED_LONG,1.2,OK,0.0,2.771,-2.771,0,0.0,0.0,
BTCUSDC_SHORT,GR_HTF_DIRECT_EXIT_ENABLED,False,OK,0.0,2.771,-2.771,0,0.0,0.0,
BTCUSDC_SHORT,GR_HTF_DIRECT_EXIT_ENABLED,True,OK,0.0,2.771,-2.771,0,0.0,0.0,
BTCUSDC_SHORT,GR_HTF_DIRECT_EXIT_SCORE,6.0,OK,0.0,2.771,-2.771,0,0.0,0.0,
BTCUSDC_SHORT,GR_HTF_DIRECT_EXIT_SCORE,9.0,OK,0.0,2.771,-2.771,0,0.0,0.0,
BTCUSDC_SHORT,GR_HTF_DIRECT_EXIT_SCORE,12.0,OK,0.0,2.771,-2.771,0,0.0,0.0,
BTCUSDC_SHORT,GR_HTF_DIRECT_EXIT_SCORE,15.0,OK,0.0,2.771,-2.771,0,0.0,0.0,
BTCUSDC_SHORT,GR_HTF_DIRECT_EXIT_SCORE,18.0,OK,0.0,2.771,-2.771,0,0.0,0.0,
BTCUSDC_SHORT,GR_HTF_GATE_ENABLED,False,OK,0.0,2.771,-2.771,0,0.0,0.0,
BTCUSDC_SHORT,GR_HTF_GATE_ENABLED,True,OK,0.0,2.771,-2.771,0,0.0,0.0,
BTCUSDC_SHORT,GUARANTEED_REENTRY_AUGMENT_ENABLED,False,OK,0.0,2.771,-2.771,0,0.0,0.0,
BTCUSDC_SHORT,GUARANTEED_REENTRY_AUGMENT_ENABLED,True,OK,0.0,2.771,-2.771,0,0.0,0.0,
BTCUSDC_SHORT,HA_3M_ENTRY_WEIGHT,-0.5,OK,0.0,2.771,-2.771,0,0.0,0.0,
BTCUSDC_SHORT,HA_3M_ENTRY_WEIGHT,-0.75,OK,0.0,2.771,-2.771,0,0.0,0.0,
BTCUSDC_SHORT,HA_3M_ENTRY_WEIGHT,-0.625,OK,0.0,2.771,-2.771,0,0.0,0.0,
BTCUSDC_SHORT,HA_3M_ENTRY_WEIGHT,-0.375,OK,0.0,2.771,-2.771,0,0.0,0.0,
BTCUSDC_SHORT,HA_3M_ENTRY_WEIGHT,-0.25,OK,0.0,2.771,-2.771,0,0.0,0.0,
BTCUSDC_SHORT,HEDGE_DUAL_IF_HEDGE_MODE,False,OK,0.0,2.771,-2.771,0,0.0,0.0,
BTCUSDC_SHORT,HEDGE_DUAL_IF_HEDGE_MODE,True,OK,0.0,2.771,-2.771,0,0.0,0.0,
BTCUSDC_SHORT,HEDGE_FAILED_FALLBACK_CLOSE_ENABLED,False,OK,0.0,2.771,-2.771,0,0.0,0.0,
BTCUSDC_SHORT,HEDGE_FAILED_FALLBACK_CLOSE_ENABLED,True,OK,0.0,2.771,-2.771,0,0.0,0.0,
BTCUSDC_SHORT,HEDGE_MODE_TRADIER,False,OK,0.0,2.771,-2.771,0,0.0,0.0,
BTCUSDC_SHORT,HEDGE_MODE_TRADIER,True,OK,0.0,2.771,-2.771,0,0.0,0.0,
BTCUSDC_SHORT,HOLD_BARS_CLOSE,50,OK,0.0,2.771,-2.771,0,0.0,0.0,
BTCUSDC_SHORT,HOLD_BARS_CLOSE,25,OK,0.0,2.771,-2.771,0,0.0,0.0,
BTCUSDC_SHORT,HOLD_BARS_CLOSE,75,OK,0.0,2.771,-2.771,0,0.0,0.0,
BTCUSDC_SHORT,HOLD_BARS_MID,500,OK,0.0,2.771,-2.771,0,0.0,0.0,
BTCUSDC_SHORT,HOLD_BARS_MID,250,OK,0.0,2.771,-2.771,0,0.0,0.0,
BTCUSDC_SHORT,HOLD_BARS_MID,375,OK,0.0,2.771,-2.771,0,0.0,0.0,
BTCUSDC_SHORT,HOLD_BARS_MID,625,OK,0.0,2.771,-2.771,0,0.0,0.0,
BTCUSDC_SHORT,HOLD_BARS_MID,750,OK,0.0,2.771,-2.771,0,0.0,0.0,
BTCUSDC_SHORT,HOLD_BARS_OPEN,200,OK,0.0,2.771,-2.771,0,0.0,0.0,
BTCUSDC_SHORT,HOLD_BARS_OPEN,100,OK,0.0,2.771,-2.771,0,0.0,0.0,
BTCUSDC_SHORT,HOLD_BARS_OPEN,150,OK,0.0,2.771,-2.771,0,0.0,0.0,
BTCUSDC_SHORT,HOLD_BARS_OPEN,250,OK,0.0,2.771,-2.771,0,0.0,0.0,
BTCUSDC_SHORT,HOLD_BARS_OPEN,300,OK,0.0,2.771,-2.771,0,0.0,0.0,
BTCUSDC_SHORT,HTF_ALIGN_REQUIRED_TRADIER,2,OK,0.0,2.771,-2.771,0,0.0,0.0,
BTCUSDC_SHORT,HTF_ALIGN_REQUIRED_TRADIER,1,OK,0.0,2.771,-2.771,0,0.0,0.0,
BTCUSDC_SHORT,HTF_ALIGN_REQUIRED_TRADIER,3,OK,0.0,2.771,-2.771,0,0.0,0.0,
BTCUSDC_SHORT,HTF_DC_BREAKOUT_TRADIER_ENABLED,False,OK,0.0,2.771,-2.771,0,0.0,0.0,
BTCUSDC_SHORT,HTF_DC_BREAKOUT_TRADIER_ENABLED,True,OK,0.0,2.771,-2.771,0,0.0,0.0,
BTCUSDC_SHORT,HTF_DC_BREAKOUT_TRADIER_REQUIRE_W_WT,False,OK,0.0,2.771,-2.771,0,0.0,0.0,
BTCUSDC_SHORT,HTF_DC_BREAKOUT_TRADIER_REQUIRE_W_WT,True,OK,0.0,2.771,-2.771,0,0.0,0.0,
BTCUSDC_SHORT,HTF_DC_BREAKOUT_TRADIER_THRESHOLD_PCT,0.0,OK,0.0,2.771,-2.771,0,0.0,0.0,
BTCUSDC_SHORT,HTF_DC_BREAKOUT_TRADIER_THRESHOLD_PCT,0.5,OK,0.0,2.771,-2.771,0,0.0,0.0,
BTCUSDC_SHORT,HTF_DC_BREAKOUT_TRADIER_THRESHOLD_PCT,1.0,OK,0.0,2.771,-2.771,0,0.0,0.0,
BTCUSDC_SHORT,HTF_TREND_VETO_ENABLED,False,OK,0.0,2.771,-2.771,0,0.0,0.0,
BTCUSDC_SHORT,HTF_TREND_VETO_ENABLED,True,OK,0.0,2.771,-2.771,0,0.0,0.0,
BTCUSDC_SHORT,HTF_TREND_VETO_ON_REDUCE_ENABLED,False,OK,0.0,2.771,-2.771,0,0.0,0.0,
BTCUSDC_SHORT,HTF_TREND_VETO_ON_REDUCE_ENABLED,True,OK,0.0,2.771,-2.771,0,0.0,0.0,
BTCUSDC_SHORT,HTF_TREND_VETO_SCORE_MIN_ABS,2.0,OK,0.0,2.771,-2.771,0,0.0,0.0,
BTCUSDC_SHORT,HTF_TREND_VETO_SCORE_MIN_ABS,3.0,OK,0.0,2.771,-2.771,0,0.0,0.0,
BTCUSDC_SHORT,HTF_TREND_VETO_SCORE_MIN_ABS,4.0,OK,0.0,2.771,-2.771,0,0.0,0.0,
BTCUSDC_SHORT,HTF_TREND_VETO_SCORE_MIN_ABS,5.0,OK,0.0,2.771,-2.771,0,0.0,0.0,
BTCUSDC_SHORT,HTF_TREND_VETO_SCORE_MIN_ABS,6.0,OK,0.0,2.771,-2.771,0,0.0,0.0,
BTCUSDC_SHORT,HTF_W_M_ALIGN_GATE_TRADIER_ENABLED,False,OK,0.0,2.771,-2.771,0,0.0,0.0,
BTCUSDC_SHORT,HTF_W_M_ALIGN_GATE_TRADIER_ENABLED,True,OK,0.0,2.771,-2.771,0,0.0,0.0,
BTCUSDC_SHORT,HTF_W_M_ALIGN_TRADIER_REQUIRED,1,OK,0.0,2.771,-2.771,0,0.0,0.0,
BTCUSDC_SHORT,HTF_W_M_ALIGN_TRADIER_REQUIRED,2,OK,0.0,2.771,-2.771,0,0.0,0.0,
BTCUSDC_SHORT,HTF_W_M_ALIGN_TRADIER_REQUIRED,3,OK,0.0,2.771,-2.771,0,0.0,0.0,
BTCUSDC_SHORT,HTF_W_REVERSAL_EXIT_TRADIER_ENABLED,False,OK,0.0,2.771,-2.771,0,0.0,0.0,
BTCUSDC_SHORT,HTF_W_REVERSAL_EXIT_TRADIER_ENABLED,True,OK,0.0,2.771,-2.771,0,0.0,0.0,
BTCUSDC_SHORT,HTF_W_REVERSAL_EXIT_TRADIER_REQUIRE_D,False,OK,0.0,2.771,-2.771,0,0.0,0.0,
BTCUSDC_SHORT,HTF_W_REVERSAL_EXIT_TRADIER_REQUIRE_D,True,OK,0.0,2.771,-2.771,0,0.0,0.0,
BTCUSDC_SHORT,K3M_FLOOR,25.0,OK,0.0,2.771,-2.771,0,0.0,0.0,
BTCUSDC_SHORT,K3M_FLOOR,20.0,OK,0.0,2.771,-2.771,0,0.0,0.0,
BTCUSDC_SHORT,K3M_FLOOR,30.0,OK,0.0,2.771,-2.771,0,0.0,0.0,
BTCUSDC_SHORT,K_ZONE_ENTRY_BONUS_TRADIER,20,OK,0.0,2.771,-2.771,0,0.0,0.0,
BTCUSDC_SHORT,K_ZONE_ENTRY_BONUS_TRADIER,10,OK,0.0,2.771,-2.771,0,0.0,0.0,
BTCUSDC_SHORT,K_ZONE_ENTRY_BONUS_TRADIER,15,OK,0.0,2.771,-2.771,0,0.0,0.0,
BTCUSDC_SHORT,K_ZONE_ENTRY_BONUS_TRADIER,25,OK,0.0,2.771,-2.771,0,0.0,0.0,
BTCUSDC_SHORT,K_ZONE_ENTRY_BONUS_TRADIER,30,OK,0.0,2.771,-2.771,0,0.0,0.0,
BTCUSDC_SHORT,K_ZONE_ENTRY_ENABLED_TRADIER,False,OK,0.0,2.771,-2.771,0,0.0,0.0,
BTCUSDC_SHORT,K_ZONE_ENTRY_ENABLED_TRADIER,True,OK,0.0,2.771,-2.771,0,0.0,0.0,
BTCUSDC_SHORT,K_ZONE_VETO_ENABLED_TRADIER,False,OK,0.0,2.771,-2.771,0,0.0,0.0,
BTCUSDC_SHORT,K_ZONE_VETO_ENABLED_TRADIER,True,OK,0.0,2.771,-2.771,0,0.0,0.0,
BTCUSDC_SHORT,LH_HL_FILTER_DC_THRESHOLD_PCT,0.25,OK,0.0,2.771,-2.771,0,0.0,0.0,
BTCUSDC_SHORT,LH_HL_FILTER_DC_THRESHOLD_PCT,0.375,OK,0.0,2.771,-2.771,0,0.0,0.0,
BTCUSDC_SHORT,LH_HL_FILTER_DC_THRESHOLD_PCT,0.5,OK,0.0,2.771,-2.771,0,0.0,0.0,
BTCUSDC_SHORT,LH_HL_FILTER_DC_THRESHOLD_PCT,0.625,OK,0.0,2.771,-2.771,0,0.0,0.0,
BTCUSDC_SHORT,LH_HL_FILTER_DC_THRESHOLD_PCT,0.75,OK,0.0,2.771,-2.771,0,0.0,0.0,
BTCUSDC_SHORT,LH_HL_FILTER_REPLACE_SMA200D,False,OK,0.0,2.771,-2.771,0,0.0,0.0,
BTCUSDC_SHORT,LH_HL_FILTER_REPLACE_SMA200D,True,OK,0.0,2.771,-2.771,0,0.0,0.0,
BTCUSDC_SHORT,LIVE_ENTRY_ENGINE_BOOST_SCORE,4.0,OK,0.0,2.771,-2.771,0,0.0,0.0,
BTCUSDC_SHORT,LIVE_ENTRY_ENGINE_BOOST_SCORE,6.0,OK,0.0,2.771,-2.771,0,0.0,0.0,
BTCUSDC_SHORT,LIVE_ENTRY_ENGINE_BOOST_SCORE,8.0,OK,0.0,2.771,-2.771,0,0.0,0.0,
BTCUSDC_SHORT,LIVE_ENTRY_ENGINE_BOOST_SCORE,10.0,OK,0.0,2.771,-2.771,0,0.0,0.0,
BTCUSDC_SHORT,LIVE_ENTRY_ENGINE_BOOST_SCORE,12.0,OK,0.0,2.771,-2.771,0,0.0,0.0,
BTCUSDC_SHORT,LIVE_ENTRY_ENGINE_DC_ENABLED,False,OK,0.0,2.771,-2.771,0,0.0,0.0,
BTCUSDC_SHORT,LIVE_ENTRY_ENGINE_DC_ENABLED,True,OK,0.0,2.771,-2.771,0,0.0,0.0,
BTCUSDC_SHORT,LIVE_ENTRY_ENGINE_HTF_ENABLED,False,OK,0.0,2.771,-2.771,0,0.0,0.0,
BTCUSDC_SHORT,LIVE_ENTRY_ENGINE_HTF_ENABLED,True,OK,0.0,2.771,-2.771,0,0.0,0.0,
BTCUSDC_SHORT,LIVE_ENTRY_ENGINE_MIN_SCORE,0.25,OK,0.0,2.771,-2.771,0,0.0,0.0,
BTCUSDC_SHORT,LIVE_ENTRY_ENGINE_MIN_SCORE,0.375,OK,0.0,2.771,-2.771,0,0.0,0.0,
BTCUSDC_SHORT,LIVE_ENTRY_ENGINE_MIN_SCORE,0.5,OK,0.0,2.771,-2.771,0,0.0,0.0,
BTCUSDC_SHORT,LIVE_ENTRY_ENGINE_MIN_SCORE,0.625,OK,0.0,2.771,-2.771,0,0.0,0.0,
BTCUSDC_SHORT,LIVE_ENTRY_ENGINE_MIN_SCORE,0.75,OK,0.0,2.771,-2.771,0,0.0,0.0,
BTCUSDC_SHORT,LIVE_ENTRY_ENGINE_REENTRY_SIZE_MULT,0.5,OK,0.0,2.771,-2.771,0,0.0,0.0,
BTCUSDC_SHORT,LIVE_ENTRY_ENGINE_REENTRY_SIZE_MULT,0.75,OK,0.0,2.771,-2.771,0,0.0,0.0,
BTCUSDC_SHORT,LIVE_ENTRY_ENGINE_REENTRY_SIZE_MULT,1.0,OK,0.0,2.771,-2.771,0,0.0,0.0,
BTCUSDC_SHORT,LIVE_ENTRY_ENGINE_REENTRY_SIZE_MULT,1.25,OK,0.0,2.771,-2.771,0,0.0,0.0,
BTCUSDC_SHORT,LIVE_ENTRY_ENGINE_REENTRY_SIZE_MULT,1.5,OK,0.0,2.771,-2.771,0,0.0,0.0,
BTCUSDC_SHORT,LIVE_ENTRY_ENGINE_STDEV_MACRO_ENABLED,False,OK,0.0,2.771,-2.771,0,0.0,0.0,
BTCUSDC_SHORT,LIVE_ENTRY_ENGINE_STDEV_MACRO_ENABLED,True,OK,0.0,2.771,-2.771,0,0.0,0.0,
BTCUSDC_SHORT,LIVE_ENTRY_ENGINE_STOCH_ENABLED,False,OK,0.0,2.771,-2.771,0,0.0,0.0,
BTCUSDC_SHORT,LIVE_ENTRY_ENGINE_STOCH_ENABLED,True,OK,0.0,2.771,-2.771,0,0.0,0.0,
BTCUSDC_SHORT,LIVE_ENTRY_ENGINE_WT_ENABLED,False,OK,0.0,2.771,-2.771,0,0.0,0.0,
BTCUSDC_SHORT,LIVE_ENTRY_ENGINE_WT_ENABLED,True,OK,0.0,2.771,-2.771,0,0.0,0.0,
BTCUSDC_SHORT,LIVE_INDICATOR_MAX_BARS_PER_TF,300,OK,0.0,2.771,-2.771,0,0.0,0.0,
BTCUSDC_SHORT,LIVE_INDICATOR_MAX_BARS_PER_TF,450,OK,0.0,2.771,-2.771,0,0.0,0.0,
BTCUSDC_SHORT,LIVE_INDICATOR_MAX_BARS_PER_TF,600,OK,0.0,2.771,-2.771,0,0.0,0.0,
BTCUSDC_SHORT,LIVE_INDICATOR_MAX_BARS_PER_TF,750,OK,0.0,2.771,-2.771,0,0.0,0.0,
BTCUSDC_SHORT,LIVE_INDICATOR_MAX_BARS_PER_TF,900,OK,0.0,2.771,-2.771,0,0.0,0.0,
BTCUSDC_SHORT,LOCAL_EXTREMES_MIN_SCORE,15.0,OK,0.0,2.771,-2.771,0,0.0,0.0,
BTCUSDC_SHORT,LOCAL_EXTREMES_MIN_SCORE,20.0,OK,0.0,2.771,-2.771,0,0.0,0.0,
BTCUSDC_SHORT,LOCAL_EXTREMES_MIN_SCORE,25.0,OK,0.0,2.771,-2.771,0,0.0,0.0,
BTCUSDC_SHORT,LOCAL_EXTREMES_MIN_SCORE,30.0,OK,0.0,2.771,-2.771,0,0.0,0.0,
BTCUSDC_SHORT,LOCAL_EXTREMES_MIN_SCORE,35.0,OK,0.0,2.771,-2.771,0,0.0,0.0,
BTCUSDC_SHORT,LOCAL_EXTREMES_MIN_SCORE,40.0,OK,0.0,2.771,-2.771,0,0.0,0.0,
BTCUSDC_SHORT,LOCAL_EXTREMES_MIN_SCORE,45.0,OK,0.0,2.771,-2.771,0,0.0,0.0,
BTCUSDC_SHORT,LOCAL_EXTREMES_MIN_SCORE,50.0,OK,0.0,2.771,-2.771,0,0.0,0.0,
BTCUSDC_SHORT,LOCAL_EXTREMES_MIN_SCORE,55.0,OK,0.0,2.771,-2.771,0,0.0,0.0,
BTCUSDC_SHORT,LONG_WAIT_DIRECT_ENABLED,,OK,0.0,2.771,-2.771,0,0.0,0.0,
BTCUSDC_SHORT,LR_BAND_E02_EXIT_ENABLED,False,OK,0.0,2.771,-2.771,0,0.0,0.0,
BTCUSDC_SHORT,LR_BAND_E02_EXIT_ENABLED,True,OK,0.0,2.771,-2.771,0,0.0,0.0,
BTCUSDC_SHORT,LR_BAND_ENTRY_ENABLED,False,OK,0.0,2.771,-2.771,0,0.0,0.0,
BTCUSDC_SHORT,LR_BAND_ENTRY_ENABLED,True,OK,0.0,2.771,-2.771,0,0.0,0.0,
BTCUSDC_SHORT,LR_BAND_ENTRY_LO,0.15,OK,0.0,2.771,-2.771,0,0.0,0.0,
BTCUSDC_SHORT,LR_BAND_ENTRY_LO,0.225,OK,0.0,2.771,-2.771,0,0.0,0.0,
BTCUSDC_SHORT,LR_BAND_ENTRY_LO,0.3,OK,0.0,2.771,-2.771,0,0.0,0.0,
BTCUSDC_SHORT,LR_BAND_ENTRY_LO,0.375,OK,0.0,2.771,-2.771,0,0.0,0.0,
BTCUSDC_SHORT,LR_BAND_ENTRY_LO,0.45,OK,0.0,2.771,-2.771,0,0.0,0.0,
BTCUSDC_SHORT,LR_BAND_ENTRY_LO,0.1,OK,0.0,2.771,-2.771,0,0.0,0.0,
BTCUSDC_SHORT,LR_BAND_ENTRY_PRIORITY,False,OK,0.0,2.771,-2.771,0,0.0,0.0,
BTCUSDC_SHORT,LR_BAND_ENTRY_PRIORITY,True,OK,0.0,2.771,-2.771,0,0.0,0.0,
BTCUSDC_SHORT,LR_BAND_ENTRY_R2_MIN,0.35,OK,0.0,2.771,-2.771,0,0.0,0.0,
BTCUSDC_SHORT,LR_BAND_ENTRY_R2_MIN,0.525,OK,0.0,2.771,-2.771,0,0.0,0.0,
BTCUSDC_SHORT,LR_BAND_ENTRY_R2_MIN,0.7,OK,0.0,2.771,-2.771,0,0.0,0.0,
BTCUSDC_SHORT,LR_BAND_ENTRY_R2_MIN,0.875,OK,0.0,2.771,-2.771,0,0.0,0.0,
BTCUSDC_SHORT,LR_BAND_ENTRY_R2_MIN,1.05,OK,0.0,2.771,-2.771,0,0.0,0.0,
BTCUSDC_SHORT,LR_BAND_HARVEST_ENABLED,False,OK,0.0,2.771,-2.771,0,0.0,0.0,
BTCUSDC_SHORT,LR_BAND_HARVEST_ENABLED,True,OK,0.0,2.771,-2.771,0,0.0,0.0,
BTCUSDC_SHORT,LR_BAND_HARVEST_FRAC,0.125,OK,0.0,2.771,-2.771,0,0.0,0.0,
BTCUSDC_SHORT,LR_BAND_HARVEST_FRAC,0.1875,OK,0.0,2.771,-2.771,0,0.0,0.0,
BTCUSDC_SHORT,LR_BAND_HARVEST_FRAC,0.25,OK,0.0,2.771,-2.771,0,0.0,0.0,
BTCUSDC_SHORT,LR_BAND_HARVEST_FRAC,0.3125,OK,0.0,2.771,-2.771,0,0.0,0.0,
BTCUSDC_SHORT,LR_BAND_HARVEST_FRAC,0.375,OK,0.0,2.771,-2.771,0,0.0,0.0,
BTCUSDC_SHORT,LR_BAND_HARVEST_HI,0.35,OK,0.0,2.771,-2.771,0,0.0,0.0,
BTCUSDC_SHORT,LR_BAND_HARVEST_HI,0.525,OK,0.0,2.771,-2.771,0,0.0,0.0,
BTCUSDC_SHORT,LR_BAND_HARVEST_HI,0.7,OK,0.0,2.771,-2.771,0,0.0,0.0,
BTCUSDC_SHORT,LR_BAND_HARVEST_HI,0.875,OK,0.0,2.771,-2.771,0,0.0,0.0,
BTCUSDC_SHORT,LR_BAND_HARVEST_HI,1.05,OK,0.0,2.771,-2.771,0,0.0,0.0,
BTCUSDC_SHORT,LR_BAND_LADDER_ABOVE_TOP_MULT,-1.5,OK,0.0,2.771,-2.771,0,0.0,0.0,
BTCUSDC_SHORT,LR_BAND_LADDER_ABOVE_TOP_MULT,-1.25,OK,0.0,2.771,-2.771,0,0.0,0.0,
BTCUSDC_SHORT,LR_BAND_LADDER_ABOVE_TOP_MULT,-1.0,OK,0.0,2.771,-2.771,0,0.0,0.0,
BTCUSDC_SHORT,LR_BAND_LADDER_ABOVE_TOP_MULT,-0.75,OK,0.0,2.771,-2.771,0,0.0,0.0,
BTCUSDC_SHORT,LR_BAND_LADDER_ABOVE_TOP_MULT,-0.5,OK,0.0,2.771,-2.771,0,0.0,0.0,
BTCUSDC_SHORT,LR_BAND_LADDER_BASE_UNIT_USD,,OK,0.0,2.771,-2.771,0,0.0,0.0,
BTCUSDC_SHORT,LR_BAND_LADDER_BASIS,False,OK,0.0,2.771,-2.771,0,0.0,0.0,
BTCUSDC_SHORT,LR_BAND_LADDER_BASIS,True,OK,0.0,2.771,-2.771,0,0.0,0.0,
BTCUSDC_SHORT,LR_BAND_LADDER_BELOW_BOTTOM_MULT,0.0,OK,0.0,2.771,-2.771,0,0.0,0.0,
BTCUSDC_SHORT,LR_BAND_LADDER_BELOW_BOTTOM_MULT,0.5,OK,0.0,2.771,-2.771,0,0.0,0.0,
BTCUSDC_SHORT,LR_BAND_LADDER_BELOW_BOTTOM_MULT,1.0,OK,0.0,2.771,-2.771,0,0.0,0.0,
BTCUSDC_SHORT,LR_BAND_LADDER_BOTTOM_MULT,5.0,OK,0.0,2.771,-2.771,0,0.0,0.0,
BTCUSDC_SHORT,LR_BAND_LADDER_BOTTOM_MULT,7.5,OK,0.0,2.771,-2.771,0,0.0,0.0,
BTCUSDC_SHORT,LR_BAND_LADDER_BOTTOM_MULT,10.0,OK,0.0,2.771,-2.771,0,0.0,0.0,
BTCUSDC_SHORT,LR_BAND_LADDER_BOTTOM_MULT,12.5,OK,0.0,2.771,-2.771,0,0.0,0.0,
BTCUSDC_SHORT,LR_BAND_LADDER_BOTTOM_MULT,15.0,OK,0.0,2.771,-2.771,0,0.0,0.0,
BTCUSDC_SHORT,LR_BAND_LADDER_CAPACITY_USD,,OK,0.0,2.771,-2.771,0,0.0,0.0,
BTCUSDC_SHORT,LR_BAND_LADDER_CENTER,0.25,OK,0.0,2.771,-2.771,0,0.0,0.0,
BTCUSDC_SHORT,LR_BAND_LADDER_CENTER,0.375,OK,0.0,2.771,-2.771,0,0.0,0.0,
BTCUSDC_SHORT,LR_BAND_LADDER_CENTER,0.5,OK,0.0,2.771,-2.771,0,0.0,0.0,
BTCUSDC_SHORT,LR_BAND_LADDER_CENTER,0.625,OK,0.0,2.771,-2.771,0,0.0,0.0,
BTCUSDC_SHORT,LR_BAND_LADDER_CENTER,0.75,OK,0.0,2.771,-2.771,0,0.0,0.0,
BTCUSDC_SHORT,LR_BAND_LADDER_ENABLED,False,OK,0.0,2.771,-2.771,0,0.0,0.0,
BTCUSDC_SHORT,LR_BAND_LADDER_ENABLED,True,OK,0.0,2.771,-2.771,0,0.0,0.0,
BTCUSDC_SHORT,LR_BAND_LADDER_ORDINARY_PARITY_ENABLED,,OK,0.0,2.771,-2.771,0,0.0,0.0,
BTCUSDC_SHORT,LR_BAND_LADDER_TOP_MULT,1.5,OK,0.0,2.771,-2.771,0,0.0,0.0,
BTCUSDC_SHORT,LR_BAND_LADDER_TOP_MULT,2.25,OK,0.0,2.771,-2.771,0,0.0,0.0,
BTCUSDC_SHORT,LR_BAND_LADDER_TOP_MULT,3.0,OK,0.0,2.771,-2.771,0,0.0,0.0,
BTCUSDC_SHORT,LR_BAND_LADDER_TOP_MULT,3.75,OK,0.0,2.771,-2.771,0,0.0,0.0,
BTCUSDC_SHORT,LR_BAND_LADDER_TOP_MULT,4.5,OK,0.0,2.771,-2.771,0,0.0,0.0,
BTCUSDC_SHORT,LR_BAND_REGIME_ENABLED,False,OK,0.0,2.771,-2.771,0,0.0,0.0,
BTCUSDC_SHORT,LR_BAND_REGIME_ENABLED,True,OK,0.0,2.771,-2.771,0,0.0,0.0,
BTCUSDC_SHORT,LR_BAND_REGIME_MAX_PB,0.3,OK,0.0,2.771,-2.771,0,0.0,0.0,
BTCUSDC_SHORT,LR_BAND_REGIME_MAX_PB,0.45,OK,0.0,2.771,-2.771,0,0.0,0.0,
BTCUSDC_SHORT,LR_BAND_REGIME_MAX_PB,0.6,OK,0.0,2.771,-2.771,0,0.0,0.0,
BTCUSDC_SHORT,LR_BAND_REGIME_MAX_PB,0.75,OK,0.0,2.771,-2.771,0,0.0,0.0,
BTCUSDC_SHORT,LR_BAND_REGIME_MAX_PB,0.9,OK,0.0,2.771,-2.771,0,0.0,0.0,
BTCUSDC_SHORT,LR_BAND_SIZE_DEPTH_GAIN,0.5,OK,0.0,2.771,-2.771,0,0.0,0.0,
BTCUSDC_SHORT,LR_BAND_SIZE_DEPTH_GAIN,0.75,OK,0.0,2.771,-2.771,0,0.0,0.0,
BTCUSDC_SHORT,LR_BAND_SIZE_DEPTH_GAIN,1.0,OK,0.0,2.771,-2.771,0,0.0,0.0,
BTCUSDC_SHORT,LR_BAND_SIZE_DEPTH_GAIN,1.25,OK,0.0,2.771,-2.771,0,0.0,0.0,
BTCUSDC_SHORT,LR_BAND_SIZE_DEPTH_GAIN,1.5,OK,0.0,2.771,-2.771,0,0.0,0.0,
BTCUSDC_SHORT,LR_BAND_SIZE_MAX,1.5,OK,0.0,2.771,-2.771,0,0.0,0.0,
BTCUSDC_SHORT,LR_BAND_SIZE_MAX,2.25,OK,0.0,2.771,-2.771,0,0.0,0.0,
BTCUSDC_SHORT,LR_BAND_SIZE_MAX,3.0,OK,0.0,2.771,-2.771,0,0.0,0.0,
BTCUSDC_SHORT,LR_BAND_SIZE_MAX,3.75,OK,0.0,2.771,-2.771,0,0.0,0.0,
BTCUSDC_SHORT,LR_BAND_SIZE_MAX,4.5,OK,0.0,2.771,-2.771,0,0.0,0.0,
BTCUSDC_SHORT,LR_BAND_SIZE_SLOPE_GAIN,0.5,OK,0.0,2.771,-2.771,0,0.0,0.0,
BTCUSDC_SHORT,LR_BAND_SIZE_SLOPE_GAIN,0.75,OK,0.0,2.771,-2.771,0,0.0,0.0,
BTCUSDC_SHORT,LR_BAND_SIZE_SLOPE_GAIN,1.0,OK,0.0,2.771,-2.771,0,0.0,0.0,
BTCUSDC_SHORT,LR_BAND_SIZE_SLOPE_GAIN,1.25,OK,0.0,2.771,-2.771,0,0.0,0.0,
BTCUSDC_SHORT,LR_BAND_SIZE_SLOPE_GAIN,1.5,OK,0.0,2.771,-2.771,0,0.0,0.0,
BTCUSDC_SHORT,LR_BAND_SLOPE_FLIP_MIN_HOLD_MIN,120.0,OK,0.0,2.771,-2.771,0,0.0,0.0,
BTCUSDC_SHORT,LR_BAND_SLOPE_FLIP_MIN_HOLD_MIN,180.0,OK,0.0,2.771,-2.771,0,0.0,0.0,
BTCUSDC_SHORT,LR_BAND_SLOPE_FLIP_MIN_HOLD_MIN,240.0,OK,0.0,2.771,-2.771,0,0.0,0.0,
BTCUSDC_SHORT,LR_BAND_SLOPE_FLIP_MIN_HOLD_MIN,300.0,OK,0.0,2.771,-2.771,0,0.0,0.0,
BTCUSDC_SHORT,LR_BAND_SLOPE_FLIP_MIN_HOLD_MIN,360.0,OK,0.0,2.771,-2.771,0,0.0,0.0,
BTCUSDC_SHORT,LR_BAND_SLOPE_FLIP_MIN_PCT_DAY,0.025,OK,0.0,2.771,-2.771,0,0.0,0.0,
BTCUSDC_SHORT,LR_BAND_SLOPE_FLIP_MIN_PCT_DAY,0.0375,OK,0.0,2.771,-2.771,0,0.0,0.0,
BTCUSDC_SHORT,LR_BAND_SLOPE_FLIP_MIN_PCT_DAY,0.05,OK,0.0,2.771,-2.771,0,0.0,0.0,
BTCUSDC_SHORT,LR_BAND_SLOPE_FLIP_MIN_PCT_DAY,0.0625,OK,0.0,2.771,-2.771,0,0.0,0.0,
BTCUSDC_SHORT,LR_BAND_SLOPE_FLIP_MIN_PCT_DAY,0.075,OK,0.0,2.771,-2.771,0,0.0,0.0,
BTCUSDC_SHORT,LR_BAND_SLOPE_NORM_PCT_DAY,0.15,OK,0.0,2.771,-2.771,0,0.0,0.0,
BTCUSDC_SHORT,LR_BAND_SLOPE_NORM_PCT_DAY,0.225,OK,0.0,2.771,-2.771,0,0.0,0.0,
BTCUSDC_SHORT,LR_BAND_SLOPE_NORM_PCT_DAY,0.3,OK,0.0,2.771,-2.771,0,0.0,0.0,
BTCUSDC_SHORT,LR_BAND_SLOPE_NORM_PCT_DAY,0.375,OK,0.0,2.771,-2.771,0,0.0,0.0,
BTCUSDC_SHORT,LR_BAND_SLOPE_NORM_PCT_DAY,0.45,OK,0.0,2.771,-2.771,0,0.0,0.0,
BTCUSDC_SHORT,LR_PCTB_D_LONG_ENTRY_ENABLED,False,OK,0.0,2.771,-2.771,0,0.0,0.0,
BTCUSDC_SHORT,LR_PCTB_D_LONG_ENTRY_ENABLED,True,OK,0.0,2.771,-2.771,0,0.0,0.0,
BTCUSDC_SHORT,LR_PCTB_D_LONG_ENTRY_THRESHOLD,0.1,OK,0.0,2.771,-2.771,0,0.0,0.0,
BTCUSDC_SHORT,LR_PCTB_D_LONG_ENTRY_THRESHOLD,0.15,OK,0.0,2.771,-2.771,0,0.0,0.0,
BTCUSDC_SHORT,LR_PCTB_D_LONG_ENTRY_THRESHOLD,0.2,OK,0.0,2.771,-2.771,0,0.0,0.0,
BTCUSDC_SHORT,LR_PCTB_D_LONG_ENTRY_THRESHOLD,0.25,OK,0.0,2.771,-2.771,0,0.0,0.0,
BTCUSDC_SHORT,LR_PCTB_D_LONG_ENTRY_THRESHOLD,0.3,OK,0.0,2.771,-2.771,0,0.0,0.0,
BTCUSDC_SHORT,LR_PCTB_D_SHORT_THRESHOLD,0.05,OK,0.0,2.771,-2.771,0,0.0,0.0,
BTCUSDC_SHORT,LR_PCTB_D_SHORT_THRESHOLD,0.075,OK,0.0,2.771,-2.771,0,0.0,0.0,
BTCUSDC_SHORT,LR_PCTB_D_SHORT_THRESHOLD,0.1,OK,0.0,2.771,-2.771,0,0.0,0.0,
BTCUSDC_SHORT,LR_PCTB_D_SHORT_THRESHOLD,0.125,OK,0.0,2.771,-2.771,0,0.0,0.0,
BTCUSDC_SHORT,LR_PCTB_D_SHORT_THRESHOLD,0.15,OK,0.0,2.771,-2.771,0,0.0,0.0,
BTCUSDC_SHORT,LS_RATIO_ENFORCE_TRADIER,False,OK,0.0,2.771,-2.771,0,0.0,0.0,
BTCUSDC_SHORT,LS_RATIO_ENFORCE_TRADIER,True,OK,0.0,2.771,-2.771,0,0.0,0.0,
BTCUSDC_SHORT,LS_RATIO_MAX_TRADIER,1.0,OK,0.0,2.771,-2.771,0,0.0,0.0,
BTCUSDC_SHORT,LS_RATIO_MAX_TRADIER,1.5,OK,0.0,2.771,-2.771,0,0.0,0.0,
BTCUSDC_SHORT,LS_RATIO_MAX_TRADIER,2.0,OK,0.0,2.771,-2.771,0,0.0,0.0,
BTCUSDC_SHORT,LS_RATIO_MAX_TRADIER,2.5,OK,0.0,2.771,-2.771,0,0.0,0.0,
BTCUSDC_SHORT,LS_RATIO_MAX_TRADIER,3.0,OK,0.0,2.771,-2.771,0,0.0,0.0,
BTCUSDC_SHORT,LS_RATIO_MIN_TRADIER,0.25,OK,0.0,2.771,-2.771,0,0.0,0.0,
BTCUSDC_SHORT,LS_RATIO_MIN_TRADIER,0.375,OK,0.0,2.771,-2.771,0,0.0,0.0,
BTCUSDC_SHORT,LS_RATIO_MIN_TRADIER,0.5,OK,0.0,2.771,-2.771,0,0.0,0.0,
BTCUSDC_SHORT,LS_RATIO_MIN_TRADIER,0.625,OK,0.0,2.771,-2.771,0,0.0,0.0,
BTCUSDC_SHORT,LS_RATIO_MIN_TRADIER,0.75,OK,0.0,2.771,-2.771,0,0.0,0.0,
BTCUSDC_SHORT,LUNCH_DEADZONE_ENABLED,False,OK,0.0,2.771,-2.771,0,0.0,0.0,
BTCUSDC_SHORT,LUNCH_DEADZONE_ENABLED,True,OK,0.0,2.771,-2.771,0,0.0,0.0,
BTCUSDC_SHORT,LUNCH_DEADZONE_SIZE_MULT,0.5,OK,0.0,2.771,-2.771,0,0.0,0.0,
BTCUSDC_SHORT,LUNCH_DEADZONE_SIZE_MULT,0.25,OK,0.0,2.771,-2.771,0,0.0,0.0,
BTCUSDC_SHORT,LUNCH_DEADZONE_SIZE_MULT,0.375,OK,0.0,2.771,-2.771,0,0.0,0.0,
BTCUSDC_SHORT,LUNCH_DEADZONE_SIZE_MULT,0.625,OK,0.0,2.771,-2.771,0,0.0,0.0,
BTCUSDC_SHORT,LUNCH_DEADZONE_SIZE_MULT,0.75,OK,0.0,2.771,-2.771,0,0.0,0.0,
BTCUSDC_SHORT,MANDATORY_REENTRY_DC4_WINDOW_MIN,15.0,OK,0.0,2.771,-2.771,0,0.0,0.0,
BTCUSDC_SHORT,MANDATORY_REENTRY_DC4_WINDOW_MIN,22.5,OK,0.0,2.771,-2.771,0,0.0,0.0,
BTCUSDC_SHORT,MANDATORY_REENTRY_DC4_WINDOW_MIN,30.0,OK,0.0,2.771,-2.771,0,0.0,0.0,
BTCUSDC_SHORT,MANDATORY_REENTRY_DC4_WINDOW_MIN,37.5,OK,0.0,2.771,-2.771,0,0.0,0.0,
BTCUSDC_SHORT,MANDATORY_REENTRY_DC4_WINDOW_MIN,45.0,OK,0.0,2.771,-2.771,0,0.0,0.0,
BTCUSDC_SHORT,MARKET_QUALITY_SCORE_ENABLED_TRADIER,False,OK,0.0,2.771,-2.771,0,0.0,0.0,
BTCUSDC_SHORT,MARKET_QUALITY_SCORE_ENABLED_TRADIER,True,OK,0.0,2.771,-2.771,0,0.0,0.0,
BTCUSDC_SHORT,MAX_ALLOWED_DRAWDOWN_PCT,,OK,0.0,2.771,-2.771,0,0.0,0.0,
BTCUSDC_SHORT,MAX_CONCURRENT_POSITIONS,8,OK,0.0,2.771,-2.771,0,0.0,0.0,
BTCUSDC_SHORT,MAX_CONCURRENT_POSITIONS,12,OK,0.0,2.771,-2.771,0,0.0,0.0,
BTCUSDC_SHORT,MAX_CONCURRENT_POSITIONS,16,OK,0.0,2.771,-2.771,0,0.0,0.0,
BTCUSDC_SHORT,MAX_CONCURRENT_POSITIONS,20,OK,0.0,2.771,-2.771,0,0.0,0.0,
BTCUSDC_SHORT,MAX_CONCURRENT_POSITIONS,24,OK,0.0,2.771,-2.771,0,0.0,0.0,
BTCUSDC_SHORT,MAX_DAILY_LOSS_PCT,1.5,OK,0.0,2.771,-2.771,0,0.0,0.0,
BTCUSDC_SHORT,MAX_DAILY_LOSS_PCT,2.25,OK,0.0,2.771,-2.771,0,0.0,0.0,
BTCUSDC_SHORT,MAX_DAILY_LOSS_PCT,3.0,OK,0.0,2.771,-2.771,0,0.0,0.0,
BTCUSDC_SHORT,MAX_DAILY_LOSS_PCT,3.75,OK,0.0,2.771,-2.771,0,0.0,0.0,
BTCUSDC_SHORT,MAX_DAILY_LOSS_PCT,4.5,OK,0.0,2.771,-2.771,0,0.0,0.0,
BTCUSDC_SHORT,MAX_ORDER_VALUE,1250.0,OK,0.0,2.771,-2.771,0,0.0,0.0,
BTCUSDC_SHORT,MAX_ORDER_VALUE,1875.0,OK,0.0,2.771,-2.771,0,0.0,0.0,
BTCUSDC_SHORT,MAX_ORDER_VALUE,2500.0,OK,0.0,2.771,-2.771,0,0.0,0.0,
BTCUSDC_SHORT,MAX_ORDER_VALUE,3125.0,OK,0.0,2.771,-2.771,0,0.0,0.0,
BTCUSDC_SHORT,MAX_ORDER_VALUE,3750.0,OK,0.0,2.771,-2.771,0,0.0,0.0,
BTCUSDC_SHORT,MAX_ORDER_VALUE,200.0,OK,0.0,2.771,-2.771,0,0.0,0.0,
BTCUSDC_SHORT,MAX_ORDER_VALUE_FIN,,OK,0.0,2.771,-2.771,0,0.0,0.0,
BTCUSDC_SHORT,MAX_ORDER_VALUE_MEN,,OK,0.0,2.771,-2.771,0,0.0,0.0,
BTCUSDC_SHORT,MAX_POSITION_SIZE,1125.0,OK,0.0,2.771,-2.771,0,0.0,0.0,
BTCUSDC_SHORT,MAX_POSITION_SIZE,1687.5,OK,0.0,2.771,-2.771,0,0.0,0.0,
BTCUSDC_SHORT,MAX_POSITION_SIZE,2250.0,OK,0.0,2.771,-2.771,0,0.0,0.0,
BTCUSDC_SHORT,MAX_POSITION_SIZE,2812.5,OK,0.0,2.771,-2.771,0,0.0,0.0,
BTCUSDC_SHORT,MAX_POSITION_SIZE,3375.0,OK,0.0,2.771,-2.771,0,0.0,0.0,
BTCUSDC_SHORT,MAX_POSITION_SIZE,200.0,OK,0.0,2.771,-2.771,0,0.0,0.0,
BTCUSDC_SHORT,MAX_POSITION_SIZE_BTC,,OK,0.0,2.771,-2.771,0,0.0,0.0,
BTCUSDC_SHORT,MAX_POSITION_SIZE_FIN,,OK,0.0,2.771,-2.771,0,0.0,0.0,
BTCUSDC_SHORT,MAX_POSITION_SIZE_MEN,,OK,0.0,2.771,-2.771,0,0.0,0.0,
BTCUSDC_SHORT,MAX_SYMBOL_VALUE_TRADIER,1875.0,OK,0.0,2.771,-2.771,0,0.0,0.0,
BTCUSDC_SHORT,MAX_SYMBOL_VALUE_TRADIER,2812.5,OK,0.0,2.771,-2.771,0,0.0,0.0,
BTCUSDC_SHORT,MAX_SYMBOL_VALUE_TRADIER,3750.0,OK,0.0,2.771,-2.771,0,0.0,0.0,
BTCUSDC_SHORT,MAX_SYMBOL_VALUE_TRADIER,4687.5,OK,0.0,2.771,-2.771,0,0.0,0.0,
BTCUSDC_SHORT,MAX_SYMBOL_VALUE_TRADIER,5625.0,OK,0.0,2.771,-2.771,0,0.0,0.0,
BTCUSDC_SHORT,MFI_ENTRY_ENABLED,False,OK,0.0,2.771,-2.771,0,0.0,0.0,
BTCUSDC_SHORT,MFI_ENTRY_ENABLED,True,OK,0.0,2.771,-2.771,0,0.0,0.0,
BTCUSDC_SHORT,MFI_FLIP_EXIT_ENABLED,False,OK,0.0,2.771,-2.771,0,0.0,0.0,
BTCUSDC_SHORT,MFI_FLIP_EXIT_ENABLED,True,OK,0.0,2.771,-2.771,0,0.0,0.0,
BTCUSDC_SHORT,MFI_FLIP_EXIT_LONG_THRESHOLD,70.0,OK,0.0,2.771,-2.771,0,0.0,0.0,
BTCUSDC_SHORT,MFI_FLIP_EXIT_LONG_THRESHOLD,35.0,OK,0.0,2.771,-2.771,0,0.0,0.0,
BTCUSDC_SHORT,MFI_FLIP_EXIT_LONG_THRESHOLD,52.5,OK,0.0,2.771,-2.771,0,0.0,0.0,
BTCUSDC_SHORT,MFI_FLIP_EXIT_LONG_THRESHOLD,87.5,OK,0.0,2.771,-2.771,0,0.0,0.0,
BTCUSDC_SHORT,MFI_FLIP_EXIT_SHORT_THRESHOLD,30.0,OK,0.0,2.771,-2.771,0,0.0,0.0,
BTCUSDC_SHORT,MFI_FLIP_EXIT_SHORT_THRESHOLD,15.0,OK,0.0,2.771,-2.771,0,0.0,0.0,
BTCUSDC_SHORT,MFI_FLIP_EXIT_SHORT_THRESHOLD,22.5,OK,0.0,2.771,-2.771,0,0.0,0.0,
BTCUSDC_SHORT,MFI_FLIP_EXIT_SHORT_THRESHOLD,37.5,OK,0.0,2.771,-2.771,0,0.0,0.0,
BTCUSDC_SHORT,MFI_FLIP_EXIT_SHORT_THRESHOLD,45.0,OK,0.0,2.771,-2.771,0,0.0,0.0,
BTCUSDC_SHORT,MFI_LONG_THRESHOLD_D,40.0,OK,0.0,2.771,-2.771,0,0.0,0.0,
BTCUSDC_SHORT,MFI_LONG_THRESHOLD_D,60.0,OK,0.0,2.771,-2.771,0,0.0,0.0,
BTCUSDC_SHORT,MFI_LONG_THRESHOLD_D,80.0,OK,0.0,2.771,-2.771,0,0.0,0.0,
BTCUSDC_SHORT,MFI_LONG_THRESHOLD_D,100.0,OK,0.0,2.771,-2.771,0,0.0,0.0,
BTCUSDC_SHORT,MICRO_SCALP_STOCKS_GAIN_THRESHOLD_PCT,0.1,OK,0.0,2.771,-2.771,0,0.0,0.0,
BTCUSDC_SHORT,MICRO_SCALP_STOCKS_GAIN_THRESHOLD_PCT,0.15,OK,0.0,2.771,-2.771,0,0.0,0.0,
BTCUSDC_SHORT,MICRO_SCALP_STOCKS_GAIN_THRESHOLD_PCT,0.2,OK,0.0,2.771,-2.771,0,0.0,0.0,
BTCUSDC_SHORT,MICRO_SCALP_STOCKS_GAIN_THRESHOLD_PCT,0.25,OK,0.0,2.771,-2.771,0,0.0,0.0,
BTCUSDC_SHORT,MICRO_SCALP_STOCKS_GAIN_THRESHOLD_PCT,0.3,OK,0.0,2.771,-2.771,0,0.0,0.0,
BTCUSDC_SHORT,MICRO_SCALP_STOCKS_MAKER_ENABLED,False,OK,0.0,2.771,-2.771,0,0.0,0.0,
BTCUSDC_SHORT,MICRO_SCALP_STOCKS_MAKER_ENABLED,True,OK,0.0,2.771,-2.771,0,0.0,0.0,
BTCUSDC_SHORT,MICRO_SCALP_STOCKS_PEAK_FLOOR_PCT,0.3,OK,0.0,2.771,-2.771,0,0.0,0.0,
BTCUSDC_SHORT,MICRO_SCALP_STOCKS_PEAK_FLOOR_PCT,0.45,OK,0.0,2.771,-2.771,0,0.0,0.0,
BTCUSDC_SHORT,MICRO_SCALP_STOCKS_PEAK_FLOOR_PCT,0.6,OK,0.0,2.771,-2.771,0,0.0,0.0,
BTCUSDC_SHORT,MICRO_SCALP_STOCKS_PEAK_FLOOR_PCT,0.75,OK,0.0,2.771,-2.771,0,0.0,0.0,
BTCUSDC_SHORT,MICRO_SCALP_STOCKS_PEAK_FLOOR_PCT,0.9,OK,0.0,2.771,-2.771,0,0.0,0.0,
BTCUSDC_SHORT,MINERVINI_ENABLED,False,OK,0.0,2.771,-2.771,0,0.0,0.0,
BTCUSDC_SHORT,MINERVINI_ENABLED,True,OK,0.0,2.771,-2.771,0,0.0,0.0,
BTCUSDC_SHORT,MINERVINI_GATE_ENABLED,False,OK,0.0,2.771,-2.771,0,0.0,0.0,
BTCUSDC_SHORT,MINERVINI_GATE_ENABLED,True,OK,0.0,2.771,-2.771,0,0.0,0.0,
BTCUSDC_SHORT,MINERVINI_LONG_BUDGET,2000.0,OK,0.0,2.771,-2.771,0,0.0,0.0,
BTCUSDC_SHORT,MINERVINI_LONG_BUDGET,3000.0,OK,0.0,2.771,-2.771,0,0.0,0.0,
BTCUSDC_SHORT,MINERVINI_LONG_BUDGET,4000.0,OK,0.0,2.771,-2.771,0,0.0,0.0,
BTCUSDC_SHORT,MINERVINI_LONG_BUDGET,5000.0,OK,0.0,2.771,-2.771,0,0.0,0.0,
BTCUSDC_SHORT,MINERVINI_LONG_BUDGET,6000.0,OK,0.0,2.771,-2.771,0,0.0,0.0,
BTCUSDC_SHORT,MINERVINI_MAX_HOLD_DAYS,20,OK,0.0,2.771,-2.771,0,0.0,0.0,
BTCUSDC_SHORT,MINERVINI_MAX_HOLD_DAYS,30,OK,0.0,2.771,-2.771,0,0.0,0.0,
BTCUSDC_SHORT,MINERVINI_MAX_HOLD_DAYS,40,OK,0.0,2.771,-2.771,0,0.0,0.0,
BTCUSDC_SHORT,MINERVINI_MAX_HOLD_DAYS,50,OK,0.0,2.771,-2.771,0,0.0,0.0,
BTCUSDC_SHORT,MINERVINI_MAX_HOLD_DAYS,60,OK,0.0,2.771,-2.771,0,0.0,0.0,
BTCUSDC_SHORT,MINERVINI_POSITION_SIZE,400.0,OK,0.0,2.771,-2.771,0,0.0,0.0,
BTCUSDC_SHORT,MINERVINI_POSITION_SIZE,600.0,OK,0.0,2.771,-2.771,0,0.0,0.0,
BTCUSDC_SHORT,MINERVINI_POSITION_SIZE,800.0,OK,0.0,2.771,-2.771,0,0.0,0.0,
BTCUSDC_SHORT,MINERVINI_POSITION_SIZE,1000.0,OK,0.0,2.771,-2.771,0,0.0,0.0,
BTCUSDC_SHORT,MINERVINI_POSITION_SIZE,1200.0,OK,0.0,2.771,-2.771,0,0.0,0.0,
BTCUSDC_SHORT,MINERVINI_TARGET_PCT,12.5,OK,0.0,2.771,-2.771,0,0.0,0.0,
BTCUSDC_SHORT,MINERVINI_TARGET_PCT,18.75,OK,0.0,2.771,-2.771,0,0.0,0.0,
BTCUSDC_SHORT,MINERVINI_TARGET_PCT,25.0,OK,0.0,2.771,-2.771,0,0.0,0.0,
BTCUSDC_SHORT,MINERVINI_TARGET_PCT,31.25,OK,0.0,2.771,-2.771,0,0.0,0.0,
BTCUSDC_SHORT,MINERVINI_TARGET_PCT,37.5,OK,0.0,2.771,-2.771,0,0.0,0.0,
BTCUSDC_SHORT,MIN_GAIN,3.0,OK,0.0,2.771,-2.771,0,0.0,0.0,
BTCUSDC_SHORT,MIN_GAIN,1.5,OK,0.0,2.771,-2.771,0,0.0,0.0,
BTCUSDC_SHORT,MIN_GAIN,2.25,OK,0.0,2.771,-2.771,0,0.0,0.0,
BTCUSDC_SHORT,MIN_GAIN,3.75,OK,0.0,2.771,-2.771,0,0.0,0.0,
BTCUSDC_SHORT,MIN_GAIN,4.5,OK,0.0,2.771,-2.771,0,0.0,0.0,
BTCUSDC_SHORT,MIN_GAIN_TO_BUY_AGGRESSIVELY,1.5,OK,0.0,2.771,-2.771,0,0.0,0.0,
BTCUSDC_SHORT,MIN_GAIN_TO_BUY_AGGRESSIVELY,2.25,OK,0.0,2.771,-2.771,0,0.0,0.0,
BTCUSDC_SHORT,MIN_GAIN_TO_BUY_AGGRESSIVELY,3.0,OK,0.0,2.771,-2.771,0,0.0,0.0,
BTCUSDC_SHORT,MIN_GAIN_TO_BUY_AGGRESSIVELY,3.75,OK,0.0,2.771,-2.771,0,0.0,0.0,
BTCUSDC_SHORT,MIN_GAIN_TO_BUY_AGGRESSIVELY,4.5,OK,0.0,2.771,-2.771,0,0.0,0.0,
BTCUSDC_SHORT,MIN_HOLD_BARS_TRADIER,20,OK,0.0,2.771,-2.771,0,0.0,0.0,
BTCUSDC_SHORT,MIN_HOLD_BARS_TRADIER,30,OK,0.0,2.771,-2.771,0,0.0,0.0,
BTCUSDC_SHORT,MIN_HOLD_BARS_TRADIER,40,OK,0.0,2.771,-2.771,0,0.0,0.0,
BTCUSDC_SHORT,MIN_HOLD_BARS_TRADIER,50,OK,0.0,2.771,-2.771,0,0.0,0.0,
BTCUSDC_SHORT,MIN_HOLD_BARS_TRADIER,60,OK,0.0,2.771,-2.771,0,0.0,0.0,
BTCUSDC_SHORT,MIN_HOLD_MINUTES_TRADIER,30.0,OK,0.0,2.771,-2.771,0,0.0,0.0,
BTCUSDC_SHORT,MIN_HOLD_MINUTES_TRADIER,15.0,OK,0.0,2.771,-2.771,0,0.0,0.0,
BTCUSDC_SHORT,MIN_HOLD_MINUTES_TRADIER,22.5,OK,0.0,2.771,-2.771,0,0.0,0.0,
BTCUSDC_SHORT,MIN_HOLD_MINUTES_TRADIER,37.5,OK,0.0,2.771,-2.771,0,0.0,0.0,
BTCUSDC_SHORT,MIN_HOLD_MINUTES_TRADIER,45.0,OK,0.0,2.771,-2.771,0,0.0,0.0,
BTCUSDC_SHORT,MIN_PERC_FROM_SMA_1,0.01,OK,0.0,2.771,-2.771,0,0.0,0.0,
BTCUSDC_SHORT,MIN_PERC_FROM_SMA_1,0.005,OK,0.0,2.771,-2.771,0,0.0,0.0,
BTCUSDC_SHORT,MIN_PERC_FROM_SMA_1,0.0075,OK,0.0,2.771,-2.771,0,0.0,0.0,
BTCUSDC_SHORT,MIN_PERC_FROM_SMA_1,0.0125,OK,0.0,2.771,-2.771,0,0.0,0.0,
BTCUSDC_SHORT,MIN_PERC_FROM_SMA_1,0.015,OK,0.0,2.771,-2.771,0,0.0,0.0,
BTCUSDC_SHORT,MIN_PERC_FROM_SMA_15,0.03,OK,0.0,2.771,-2.771,0,0.0,0.0,
BTCUSDC_SHORT,MIN_PERC_FROM_SMA_15,0.015,OK,0.0,2.771,-2.771,0,0.0,0.0,
BTCUSDC_SHORT,MIN_PERC_FROM_SMA_15,0.0225,OK,0.0,2.771,-2.771,0,0.0,0.0,
BTCUSDC_SHORT,MIN_PERC_FROM_SMA_15,0.0375,OK,0.0,2.771,-2.771,0,0.0,0.0,
BTCUSDC_SHORT,MIN_PERC_FROM_SMA_15,0.045,OK,0.0,2.771,-2.771,0,0.0,0.0,
BTCUSDC_SHORT,MI_DIV_EXIT_ENABLED_TRADIER,False,OK,0.0,2.771,-2.771,0,0.0,0.0,
BTCUSDC_SHORT,MI_DIV_EXIT_ENABLED_TRADIER,True,OK,0.0,2.771,-2.771,0,0.0,0.0,
BTCUSDC_SHORT,MI_ENTRY_ENABLED_TRADIER,False,OK,0.0,2.771,-2.771,0,0.0,0.0,
BTCUSDC_SHORT,MI_ENTRY_ENABLED_TRADIER,True,OK,0.0,2.771,-2.771,0,0.0,0.0,
BTCUSDC_SHORT,MI_ENTRY_EXHAUST_BONUS_TRADIER,4,OK,0.0,2.771,-2.771,0,0.0,0.0,
BTCUSDC_SHORT,MI_ENTRY_EXHAUST_BONUS_TRADIER,6,OK,0.0,2.771,-2.771,0,0.0,0.0,
BTCUSDC_SHORT,MI_ENTRY_EXHAUST_BONUS_TRADIER,8,OK,0.0,2.771,-2.771,0,0.0,0.0,
BTCUSDC_SHORT,MI_ENTRY_EXHAUST_BONUS_TRADIER,10,OK,0.0,2.771,-2.771,0,0.0,0.0,
BTCUSDC_SHORT,MI_ENTRY_EXHAUST_BONUS_TRADIER,12,OK,0.0,2.771,-2.771,0,0.0,0.0,
BTCUSDC_SHORT,MI_ENTRY_STRUCT_BONUS_TRADIER,5,OK,0.0,2.771,-2.771,0,0.0,0.0,
BTCUSDC_SHORT,MI_ENTRY_STRUCT_BONUS_TRADIER,10,OK,0.0,2.771,-2.771,0,0.0,0.0,
BTCUSDC_SHORT,MI_ENTRY_STRUCT_BONUS_TRADIER,15,OK,0.0,2.771,-2.771,0,0.0,0.0,
BTCUSDC_SHORT,MI_EXHAUST_EXIT_ENABLED_TRADIER,False,OK,0.0,2.771,-2.771,0,0.0,0.0,
BTCUSDC_SHORT,MI_EXHAUST_EXIT_ENABLED_TRADIER,True,OK,0.0,2.771,-2.771,0,0.0,0.0,
BTCUSDC_SHORT,MI_EXIT_ENABLED_TRADIER,False,OK,0.0,2.771,-2.771,0,0.0,0.0,
BTCUSDC_SHORT,MI_EXIT_ENABLED_TRADIER,True,OK,0.0,2.771,-2.771,0,0.0,0.0,
BTCUSDC_SHORT,MI_EXIT_VETO_ENABLED_TRADIER,False,OK,0.0,2.771,-2.771,0,0.0,0.0,
BTCUSDC_SHORT,MI_EXIT_VETO_ENABLED_TRADIER,True,OK,0.0,2.771,-2.771,0,0.0,0.0,
BTCUSDC_SHORT,MI_MIN_GAIN_EXIT_TRADIER,0.25,OK,0.0,2.771,-2.771,0,0.0,0.0,
BTCUSDC_SHORT,MI_MIN_GAIN_EXIT_TRADIER,0.375,OK,0.0,2.771,-2.771,0,0.0,0.0,
BTCUSDC_SHORT,MI_MIN_GAIN_EXIT_TRADIER,0.5,OK,0.0,2.771,-2.771,0,0.0,0.0,
BTCUSDC_SHORT,MI_MIN_GAIN_EXIT_TRADIER,0.625,OK,0.0,2.771,-2.771,0,0.0,0.0,
BTCUSDC_SHORT,MI_MIN_GAIN_EXIT_TRADIER,0.75,OK,0.0,2.771,-2.771,0,0.0,0.0,
BTCUSDC_SHORT,MI_STRUCT_EXIT_ENABLED_TRADIER,False,OK,0.0,2.771,-2.771,0,0.0,0.0,
BTCUSDC_SHORT,MI_STRUCT_EXIT_ENABLED_TRADIER,True,OK,0.0,2.771,-2.771,0,0.0,0.0,
BTCUSDC_SHORT,MI_VELOCITY_EXIT_ENABLED_TRADIER,False,OK,0.0,2.771,-2.771,0,0.0,0.0,
BTCUSDC_SHORT,MI_VELOCITY_EXIT_ENABLED_TRADIER,True,OK,0.0,2.771,-2.771,0,0.0,0.0,
BTCUSDC_SHORT,MI_WAVE_EXIT_ENABLED_TRADIER,False,OK,0.0,2.771,-2.771,0,0.0,0.0,
BTCUSDC_SHORT,MI_WAVE_EXIT_ENABLED_TRADIER,True,OK,0.0,2.771,-2.771,0,0.0,0.0,
BTCUSDC_SHORT,MOM3_ENTRY_ENABLED,False,OK,0.0,2.771,-2.771,0,0.0,0.0,
BTCUSDC_SHORT,MOM3_ENTRY_ENABLED,True,OK,0.0,2.771,-2.771,0,0.0,0.0,
BTCUSDC_SHORT,MOM3_LONG_THRESHOLD,-1.0,OK,0.0,2.771,-2.771,0,0.0,0.0,
BTCUSDC_SHORT,MOM3_LONG_THRESHOLD,-1.125,OK,0.0,2.771,-2.771,0,0.0,0.0,
BTCUSDC_SHORT,MOM3_LONG_THRESHOLD,-0.9375,OK,0.0,2.771,-2.771,0,0.0,0.0,
BTCUSDC_SHORT,MOM3_LONG_THRESHOLD,-0.75,OK,0.0,2.771,-2.771,0,0.0,0.0,
BTCUSDC_SHORT,MOM3_LONG_THRESHOLD,-0.5625,OK,0.0,2.771,-2.771,0,0.0,0.0,
BTCUSDC_SHORT,MOM3_LONG_THRESHOLD,-0.375,OK,0.0,2.771,-2.771,0,0.0,0.0,
BTCUSDC_SHORT,MOM3_SHORT_THRESHOLD,1.0,OK,0.0,2.771,-2.771,0,0.0,0.0,
BTCUSDC_SHORT,MOM3_SHORT_THRESHOLD,0.5,OK,0.0,2.771,-2.771,0,0.0,0.0,
BTCUSDC_SHORT,MOM3_SHORT_THRESHOLD,0.75,OK,0.0,2.771,-2.771,0,0.0,0.0,
BTCUSDC_SHORT,MOM3_SHORT_THRESHOLD,1.25,OK,0.0,2.771,-2.771,0,0.0,0.0,
BTCUSDC_SHORT,MOM3_SHORT_THRESHOLD,1.5,OK,0.0,2.771,-2.771,0,0.0,0.0,
BTCUSDC_SHORT,MOM5_ENTRY_ENABLED,False,OK,0.0,2.771,-2.771,0,0.0,0.0,
BTCUSDC_SHORT,MOM5_ENTRY_ENABLED,True,OK,0.0,2.771,-2.771,0,0.0,0.0,
BTCUSDC_SHORT,MOM5_LONG_THRESHOLD,-1.0,OK,0.0,2.771,-2.771,0,0.0,0.0,
BTCUSDC_SHORT,MOM5_LONG_THRESHOLD,-1.5,OK,0.0,2.771,-2.771,0,0.0,0.0,
BTCUSDC_SHORT,MOM5_LONG_THRESHOLD,-1.25,OK,0.0,2.771,-2.771,0,0.0,0.0,
BTCUSDC_SHORT,MOM5_LONG_THRESHOLD,-0.75,OK,0.0,2.771,-2.771,0,0.0,0.0,
BTCUSDC_SHORT,MOM5_LONG_THRESHOLD,-0.5,OK,0.0,2.771,-2.771,0,0.0,0.0,
BTCUSDC_SHORT,MOM5_SHORT_THRESHOLD,1.0,OK,0.0,2.771,-2.771,0,0.0,0.0,
BTCUSDC_SHORT,MOM5_SHORT_THRESHOLD,0.5,OK,0.0,2.771,-2.771,0,0.0,0.0,
BTCUSDC_SHORT,MOM5_SHORT_THRESHOLD,0.75,OK,0.0,2.771,-2.771,0,0.0,0.0,
BTCUSDC_SHORT,MOM5_SHORT_THRESHOLD,1.25,OK,0.0,2.771,-2.771,0,0.0,0.0,
BTCUSDC_SHORT,MOM5_SHORT_THRESHOLD,1.5,OK,0.0,2.771,-2.771,0,0.0,0.0,
BTCUSDC_SHORT,MOMENTUM_FADE_BODY_ATR_MIN_TRADIER,2.0,OK,0.0,2.771,-2.771,0,0.0,0.0,
BTCUSDC_SHORT,MOMENTUM_FADE_BODY_ATR_MIN_TRADIER,1.0,OK,0.0,2.771,-2.771,0,0.0,0.0,
BTCUSDC_SHORT,MOMENTUM_FADE_BODY_ATR_MIN_TRADIER,1.5,OK,0.0,2.771,-2.771,0,0.0,0.0,
BTCUSDC_SHORT,MOMENTUM_FADE_BODY_ATR_MIN_TRADIER,2.5,OK,0.0,2.771,-2.771,0,0.0,0.0,
BTCUSDC_SHORT,MOMENTUM_FADE_BODY_ATR_MIN_TRADIER,3.0,OK,0.0,2.771,-2.771,0,0.0,0.0,
BTCUSDC_SHORT,MOMENTUM_FADE_ENABLED_TRADIER,False,OK,0.0,2.771,-2.771,0,0.0,0.0,
BTCUSDC_SHORT,MOMENTUM_FADE_ENABLED_TRADIER,True,OK,0.0,2.771,-2.771,0,0.0,0.0,
BTCUSDC_SHORT,MOMENTUM_FADE_K_ZONE_TRADIER,False,OK,0.0,2.771,-2.771,0,0.0,0.0,
BTCUSDC_SHORT,MOMENTUM_FADE_K_ZONE_TRADIER,True,OK,0.0,2.771,-2.771,0,0.0,0.0,
BTCUSDC_SHORT,MOMENTUM_FADE_VOL_MIN_TRADIER,2.0,OK,0.0,2.771,-2.771,0,0.0,0.0,
BTCUSDC_SHORT,MOMENTUM_FADE_VOL_MIN_TRADIER,1.0,OK,0.0,2.771,-2.771,0,0.0,0.0,
BTCUSDC_SHORT,MOMENTUM_FADE_VOL_MIN_TRADIER,1.5,OK,0.0,2.771,-2.771,0,0.0,0.0,
BTCUSDC_SHORT,MOMENTUM_FADE_VOL_MIN_TRADIER,2.5,OK,0.0,2.771,-2.771,0,0.0,0.0,
BTCUSDC_SHORT,MOMENTUM_FADE_VOL_MIN_TRADIER,3.0,OK,0.0,2.771,-2.771,0,0.0,0.0,
BTCUSDC_SHORT,MTF_ARMED_ENTRY_ENABLED,False,OK,0.0,2.771,-2.771,0,0.0,0.0,
BTCUSDC_SHORT,MTF_ARMED_ENTRY_ENABLED,True,OK,0.0,2.771,-2.771,0,0.0,0.0,
BTCUSDC_SHORT,MTF_ARMED_ENTRY_SKIP_SHORT,False,OK,0.0,2.771,-2.771,0,0.0,0.0,
BTCUSDC_SHORT,MTF_ARMED_ENTRY_SKIP_SHORT,True,OK,0.0,2.771,-2.771,0,0.0,0.0,
BTCUSDC_SHORT,MTF_ARMED_WT_DIRECTION_SUSPEND_ENABLED,False,OK,0.0,2.771,-2.771,0,0.0,0.0,
BTCUSDC_SHORT,MTF_ARMED_WT_DIRECTION_SUSPEND_ENABLED,True,OK,0.0,2.771,-2.771,0,0.0,0.0,
BTCUSDC_SHORT,MTF_ARROW_CONFIRM_PCT,1.0,OK,0.0,2.771,-2.771,0,0.0,0.0,
BTCUSDC_SHORT,MTF_ARROW_CONFIRM_PCT,1.5,OK,0.0,2.771,-2.771,0,0.0,0.0,
BTCUSDC_SHORT,MTF_ARROW_CONFIRM_PCT,2.0,OK,0.0,2.771,-2.771,0,0.0,0.0,
BTCUSDC_SHORT,MTF_ARROW_CONFIRM_PCT,2.5,OK,0.0,2.771,-2.771,0,0.0,0.0,
BTCUSDC_SHORT,MTF_ARROW_CONFIRM_PCT,3.0,OK,0.0,2.771,-2.771,0,0.0,0.0,
BTCUSDC_SHORT,MTF_ARROW_ENTRY_ENABLED,False,OK,0.0,2.771,-2.771,0,0.0,0.0,
BTCUSDC_SHORT,MTF_ARROW_ENTRY_ENABLED,True,OK,0.0,2.771,-2.771,0,0.0,0.0,
BTCUSDC_SHORT,MTF_ARROW_SIZE_GAIN,0.5,OK,0.0,2.771,-2.771,0,0.0,0.0,
BTCUSDC_SHORT,MTF_ARROW_SIZE_GAIN,0.75,OK,0.0,2.771,-2.771,0,0.0,0.0,
BTCUSDC_SHORT,MTF_ARROW_SIZE_GAIN,1.0,OK,0.0,2.771,-2.771,0,0.0,0.0,
BTCUSDC_SHORT,MTF_ARROW_SIZE_GAIN,1.25,OK,0.0,2.771,-2.771,0,0.0,0.0,
BTCUSDC_SHORT,MTF_ARROW_SIZE_GAIN,1.5,OK,0.0,2.771,-2.771,0,0.0,0.0,
BTCUSDC_SHORT,MTF_ARROW_SIZE_MAX,2.0,OK,0.0,2.771,-2.771,0,0.0,0.0,
BTCUSDC_SHORT,MTF_ARROW_SIZE_MAX,3.0,OK,0.0,2.771,-2.771,0,0.0,0.0,
BTCUSDC_SHORT,MTF_ARROW_SIZE_MAX,4.0,OK,0.0,2.771,-2.771,0,0.0,0.0,
BTCUSDC_SHORT,MTF_ARROW_SIZE_MAX,5.0,OK,0.0,2.771,-2.771,0,0.0,0.0,
BTCUSDC_SHORT,MTF_ARROW_SIZE_MAX,6.0,OK,0.0,2.771,-2.771,0,0.0,0.0,
BTCUSDC_SHORT,MTF_ARROW_SLOPE_LAMBDA,0.5,OK,0.0,2.771,-2.771,0,0.0,0.0,
BTCUSDC_SHORT,MTF_ARROW_SLOPE_LAMBDA,0.75,OK,0.0,2.771,-2.771,0,0.0,0.0,
BTCUSDC_SHORT,MTF_ARROW_SLOPE_LAMBDA,1.0,OK,0.0,2.771,-2.771,0,0.0,0.0,
BTCUSDC_SHORT,MTF_ARROW_SLOPE_LAMBDA,1.25,OK,0.0,2.771,-2.771,0,0.0,0.0,
BTCUSDC_SHORT,MTF_ARROW_SLOPE_LAMBDA,1.5,OK,0.0,2.771,-2.771,0,0.0,0.0,
BTCUSDC_SHORT,MTF_ARROW_TRAIL_EXIT_ENABLED,False,OK,0.0,2.771,-2.771,0,0.0,0.0,
BTCUSDC_SHORT,MTF_ARROW_TRAIL_EXIT_ENABLED,True,OK,0.0,2.771,-2.771,0,0.0,0.0,
BTCUSDC_SHORT,MTF_ATR_TRAIL_MULT,1.0,OK,0.0,2.771,-2.771,0,0.0,0.0,
BTCUSDC_SHORT,MTF_ATR_TRAIL_MULT,1.5,OK,0.0,2.771,-2.771,0,0.0,0.0,
BTCUSDC_SHORT,MTF_ATR_TRAIL_MULT,2.0,OK,0.0,2.771,-2.771,0,0.0,0.0,
BTCUSDC_SHORT,MTF_ATR_TRAIL_MULT,2.5,OK,0.0,2.771,-2.771,0,0.0,0.0,
BTCUSDC_SHORT,MTF_ATR_TRAIL_MULT,3.0,OK,0.0,2.771,-2.771,0,0.0,0.0,
BTCUSDC_SHORT,MTF_ENTRY_REQUIRE_GR_FILTER,False,OK,0.0,2.771,-2.771,0,0.0,0.0,
BTCUSDC_SHORT,MTF_ENTRY_REQUIRE_GR_FILTER,True,OK,0.0,2.771,-2.771,0,0.0,0.0,
BTCUSDC_SHORT,MTF_EXIT_USE_COMPOUND,False,OK,0.0,2.771,-2.771,0,0.0,0.0,
BTCUSDC_SHORT,MTF_EXIT_USE_COMPOUND,True,OK,0.0,2.771,-2.771,0,0.0,0.0,
BTCUSDC_SHORT,MTF_GR_EXIT_GATE_ENABLED,False,UNWIRED,,,,,,,UnboundLocalError: cannot access local variable 'wt1_1h_arr2' where it is not associated with a value
BTCUSDC_SHORT,MTF_GR_EXIT_GATE_ENABLED,True,OK,0.0,2.771,-2.771,0,0.0,0.0,
BTCUSDC_SHORT,MTF_GR_FILTER_ENABLED,False,OK,0.0,2.771,-2.771,0,0.0,0.0,
BTCUSDC_SHORT,MTF_GR_FILTER_ENABLED,True,OK,0.0,2.771,-2.771,0,0.0,0.0,
BTCUSDC_SHORT,MTF_GR_INVERT_DC_BB,False,OK,0.0,2.771,-2.771,0,0.0,0.0,
BTCUSDC_SHORT,MTF_GR_INVERT_DC_BB,True,OK,0.0,2.771,-2.771,0,0.0,0.0,
BTCUSDC_SHORT,MTF_REQUIRE_ARMED_ANY,False,OK,0.0,2.771,-2.771,0,0.0,0.0,
BTCUSDC_SHORT,MTF_REQUIRE_ARMED_ANY,True,OK,0.0,2.771,-2.771,0,0.0,0.0,
BTCUSDC_SHORT,MTF_WT_CROSS_EXIT_DIRECT_ENABLED,False,OK,0.0,2.771,-2.771,0,0.0,0.0,
BTCUSDC_SHORT,MTF_WT_CROSS_EXIT_DIRECT_ENABLED,True,OK,0.0,2.771,-2.771,0,0.0,0.0,
BTCUSDC_SHORT,MTF_WT_CROSS_EXIT_ENABLED,False,OK,0.0,2.771,-2.771,0,0.0,0.0,
BTCUSDC_SHORT,MTF_WT_CROSS_EXIT_ENABLED,True,OK,0.0,2.771,-2.771,0,0.0,0.0,
BTCUSDC_SHORT,MTS_BOTTOM_MIN_TRADIER,5.0,OK,0.0,2.771,-2.771,0,0.0,0.0,
BTCUSDC_SHORT,MTS_BOTTOM_MIN_TRADIER,2.5,OK,0.0,2.771,-2.771,0,0.0,0.0,
BTCUSDC_SHORT,MTS_BOTTOM_MIN_TRADIER,3.75,OK,0.0,2.771,-2.771,0,0.0,0.0,
BTCUSDC_SHORT,MTS_BOTTOM_MIN_TRADIER,6.25,OK,0.0,2.771,-2.771,0,0.0,0.0,
BTCUSDC_SHORT,MTS_BOTTOM_MIN_TRADIER,7.5,OK,0.0,2.771,-2.771,0,0.0,0.0,
BTCUSDC_SHORT,MTS_ENTRY_QUALITY_MIN_TRADIER,0.0,OK,0.0,2.771,-2.771,0,0.0,0.0,
BTCUSDC_SHORT,MTS_ENTRY_QUALITY_MIN_TRADIER,20.0,OK,0.0,2.771,-2.771,0,0.0,0.0,
BTCUSDC_SHORT,MTS_ENTRY_QUALITY_MIN_TRADIER,30.0,OK,0.0,2.771,-2.771,0,0.0,0.0,
BTCUSDC_SHORT,MTS_ENTRY_QUALITY_MIN_TRADIER,40.0,OK,0.0,2.771,-2.771,0,0.0,0.0,
BTCUSDC_SHORT,MTS_ENTRY_QUALITY_MIN_TRADIER,50.0,OK,0.0,2.771,-2.771,0,0.0,0.0,
BTCUSDC_SHORT,MTS_GATE_ENABLED_TRADIER,False,OK,0.0,2.771,-2.771,0,0.0,0.0,
BTCUSDC_SHORT,MTS_GATE_ENABLED_TRADIER,True,OK,0.0,2.771,-2.771,0,0.0,0.0,
BTCUSDC_SHORT,NOLOSS_BB1H_GATE_ENABLED,False,OK,0.0,2.771,-2.771,0,0.0,0.0,
BTCUSDC_SHORT,NOLOSS_BB1H_GATE_ENABLED,True,OK,0.0,2.771,-2.771,0,0.0,0.0,
BTCUSDC_SHORT,NOLOSS_BYPASS_WT_5OF5_ENABLED,False,OK,0.0,2.771,-2.771,0,0.0,0.0,
BTCUSDC_SHORT,NOLOSS_BYPASS_WT_5OF5_ENABLED,True,OK,0.0,2.771,-2.771,0,0.0,0.0,
BTCUSDC_SHORT,NOLOSS_MIN_PROFIT_PCT_TRADIER,0.0,OK,0.0,2.771,-2.771,0,0.0,0.0,
BTCUSDC_SHORT,NOLOSS_MIN_PROFIT_PCT_TRADIER,0.01,OK,0.0,2.771,-2.771,0,0.0,0.0,
BTCUSDC_SHORT,NOLOSS_MIN_PROFIT_PCT_TRADIER,1.0,OK,0.0,2.771,-2.771,0,0.0,0.0,
BTCUSDC_SHORT,NOLOSS_MIN_PROFIT_PCT_TRADIER,3.0,OK,0.0,2.771,-2.771,0,0.0,0.0,
BTCUSDC_SHORT,OBLIGATORY_HEDGE_MIN_LOSS_PCT,-0.75,OK,0.0,2.771,-2.771,0,0.0,0.0,
BTCUSDC_SHORT,OBLIGATORY_HEDGE_MIN_LOSS_PCT,-0.625,OK,0.0,2.771,-2.771,0,0.0,0.0,
BTCUSDC_SHORT,OBLIGATORY_HEDGE_MIN_LOSS_PCT,-0.5,OK,0.0,2.771,-2.771,0,0.0,0.0,
BTCUSDC_SHORT,OBLIGATORY_HEDGE_MIN_LOSS_PCT,-0.375,OK,0.0,2.771,-2.771,0,0.0,0.0,
BTCUSDC_SHORT,OBLIGATORY_HEDGE_MIN_LOSS_PCT,-0.25,OK,0.0,2.771,-2.771,0,0.0,0.0,
BTCUSDC_SHORT,OBLIGATORY_HEDGE_PCT,0.0,OK,0.0,2.771,-2.771,0,0.0,0.0,
BTCUSDC_SHORT,OBLIGATORY_HEDGE_PCT,0.5,OK,0.0,2.771,-2.771,0,0.0,0.0,
BTCUSDC_SHORT,OBLIGATORY_HEDGE_PCT,1.0,OK,0.0,2.771,-2.771,0,0.0,0.0,
BTCUSDC_SHORT,OBLIGATORY_SECTOR_HEDGE_ENABLED,False,OK,0.0,2.771,-2.771,0,0.0,0.0,
BTCUSDC_SHORT,OBLIGATORY_SECTOR_HEDGE_ENABLED,True,OK,0.0,2.771,-2.771,0,0.0,0.0,
BTCUSDC_SHORT,OBLIGATORY_SECTOR_HEDGE_LOOP_INTERVAL_SECONDS,45.0,OK,0.0,2.771,-2.771,0,0.0,0.0,
BTCUSDC_SHORT,OBLIGATORY_SECTOR_HEDGE_LOOP_INTERVAL_SECONDS,67.5,OK,0.0,2.771,-2.771,0,0.0,0.0,
BTCUSDC_SHORT,OBLIGATORY_SECTOR_HEDGE_LOOP_INTERVAL_SECONDS,90.0,OK,0.0,2.771,-2.771,0,0.0,0.0,
BTCUSDC_SHORT,OBLIGATORY_SECTOR_HEDGE_LOOP_INTERVAL_SECONDS,112.5,OK,0.0,2.771,-2.771,0,0.0,0.0,
BTCUSDC_SHORT,OBLIGATORY_SECTOR_HEDGE_LOOP_INTERVAL_SECONDS,135.0,OK,0.0,2.771,-2.771,0,0.0,0.0,
BTCUSDC_SHORT,OBLIGATORY_SECTOR_HEDGE_TRIGGER_REQUIRE_WT_5M_AND_1H,False,OK,0.0,2.771,-2.771,0,0.0,0.0,
BTCUSDC_SHORT,OBLIGATORY_SECTOR_HEDGE_TRIGGER_REQUIRE_WT_5M_AND_1H,True,OK,0.0,2.771,-2.771,0,0.0,0.0,
BTCUSDC_SHORT,OI_CONFIRM_ENABLED_TRADIER,False,OK,0.0,2.771,-2.771,0,0.0,0.0,
BTCUSDC_SHORT,OI_CONFIRM_ENABLED_TRADIER,True,OK,0.0,2.771,-2.771,0,0.0,0.0,
BTCUSDC_SHORT,OI_CONFIRM_MIN_OI_CHANGE_PCT_TRADIER,0.25,OK,0.0,2.771,-2.771,0,0.0,0.0,
BTCUSDC_SHORT,OI_CONFIRM_MIN_OI_CHANGE_PCT_TRADIER,0.375,OK,0.0,2.771,-2.771,0,0.0,0.0,
BTCUSDC_SHORT,OI_CONFIRM_MIN_OI_CHANGE_PCT_TRADIER,0.5,OK,0.0,2.771,-2.771,0,0.0,0.0,
BTCUSDC_SHORT,OI_CONFIRM_MIN_OI_CHANGE_PCT_TRADIER,0.625,OK,0.0,2.771,-2.771,0,0.0,0.0,
BTCUSDC_SHORT,OI_CONFIRM_MIN_OI_CHANGE_PCT_TRADIER,0.75,OK,0.0,2.771,-2.771,0,0.0,0.0,
BTCUSDC_SHORT,OI_CONFIRM_MIN_PRICE_PCT_TRADIER,0.15,OK,0.0,2.771,-2.771,0,0.0,0.0,
BTCUSDC_SHORT,OI_CONFIRM_MIN_PRICE_PCT_TRADIER,0.225,OK,0.0,2.771,-2.771,0,0.0,0.0,
BTCUSDC_SHORT,OI_CONFIRM_MIN_PRICE_PCT_TRADIER,0.3,OK,0.0,2.771,-2.771,0,0.0,0.0,
BTCUSDC_SHORT,OI_CONFIRM_MIN_PRICE_PCT_TRADIER,0.375,OK,0.0,2.771,-2.771,0,0.0,0.0,
BTCUSDC_SHORT,OI_CONFIRM_MIN_PRICE_PCT_TRADIER,0.45,OK,0.0,2.771,-2.771,0,0.0,0.0,
BTCUSDC_SHORT,OI_CONFIRM_TRADIER_HEDGE_GATE_ENABLED,False,OK,0.0,2.771,-2.771,0,0.0,0.0,
BTCUSDC_SHORT,OI_CONFIRM_TRADIER_HEDGE_GATE_ENABLED,True,OK,0.0,2.771,-2.771,0,0.0,0.0,
BTCUSDC_SHORT,ORB_LONG_BUDGET,1000.0,OK,0.0,2.771,-2.771,0,0.0,0.0,
BTCUSDC_SHORT,ORB_LONG_BUDGET,1500.0,OK,0.0,2.771,-2.771,0,0.0,0.0,
BTCUSDC_SHORT,ORB_LONG_BUDGET,2000.0,OK,0.0,2.771,-2.771,0,0.0,0.0,
BTCUSDC_SHORT,ORB_LONG_BUDGET,2500.0,OK,0.0,2.771,-2.771,0,0.0,0.0,
BTCUSDC_SHORT,ORB_LONG_BUDGET,3000.0,OK,0.0,2.771,-2.771,0,0.0,0.0,
BTCUSDC_SHORT,ORB_MAX_HOLD_MINUTES,75.0,OK,0.0,2.771,-2.771,0,0.0,0.0,
BTCUSDC_SHORT,ORB_MAX_HOLD_MINUTES,112.5,OK,0.0,2.771,-2.771,0,0.0,0.0,
BTCUSDC_SHORT,ORB_MAX_HOLD_MINUTES,150.0,OK,0.0,2.771,-2.771,0,0.0,0.0,
BTCUSDC_SHORT,ORB_MAX_HOLD_MINUTES,187.5,OK,0.0,2.771,-2.771,0,0.0,0.0,
BTCUSDC_SHORT,ORB_MAX_HOLD_MINUTES,225.0,OK,0.0,2.771,-2.771,0,0.0,0.0,
BTCUSDC_SHORT,ORB_POSITION_SIZE,300.0,OK,0.0,2.771,-2.771,0,0.0,0.0,
BTCUSDC_SHORT,ORB_POSITION_SIZE,450.0,OK,0.0,2.771,-2.771,0,0.0,0.0,
BTCUSDC_SHORT,ORB_POSITION_SIZE,600.0,OK,0.0,2.771,-2.771,0,0.0,0.0,
BTCUSDC_SHORT,ORB_POSITION_SIZE,750.0,OK,0.0,2.771,-2.771,0,0.0,0.0,
BTCUSDC_SHORT,ORB_POSITION_SIZE,900.0,OK,0.0,2.771,-2.771,0,0.0,0.0,
BTCUSDC_SHORT,ORB_SHORT_BUDGET,1000.0,OK,0.0,2.771,-2.771,0,0.0,0.0,
BTCUSDC_SHORT,ORB_SHORT_BUDGET,1500.0,OK,0.0,2.771,-2.771,0,0.0,0.0,
BTCUSDC_SHORT,ORB_SHORT_BUDGET,2000.0,OK,0.0,2.771,-2.771,0,0.0,0.0,
BTCUSDC_SHORT,ORB_SHORT_BUDGET,2500.0,OK,0.0,2.771,-2.771,0,0.0,0.0,
BTCUSDC_SHORT,ORB_SHORT_BUDGET,3000.0,OK,0.0,2.771,-2.771,0,0.0,0.0,
BTCUSDC_SHORT,ORB_STOP_MIDPOINT,False,OK,0.0,2.771,-2.771,0,0.0,0.0,
BTCUSDC_SHORT,ORB_STOP_MIDPOINT,True,OK,0.0,2.771,-2.771,0,0.0,0.0,
BTCUSDC_SHORT,OVERNIGHT_GAP_HEDGE_CLOSE_MINUTES,2.5,OK,0.0,2.771,-2.771,0,0.0,0.0,
BTCUSDC_SHORT,OVERNIGHT_GAP_HEDGE_CLOSE_MINUTES,3.75,OK,0.0,2.771,-2.771,0,0.0,0.0,
BTCUSDC_SHORT,OVERNIGHT_GAP_HEDGE_CLOSE_MINUTES,5.0,OK,0.0,2.771,-2.771,0,0.0,0.0,
BTCUSDC_SHORT,OVERNIGHT_GAP_HEDGE_CLOSE_MINUTES,6.25,OK,0.0,2.771,-2.771,0,0.0,0.0,
BTCUSDC_SHORT,OVERNIGHT_GAP_HEDGE_CLOSE_MINUTES,7.5,OK,0.0,2.771,-2.771,0,0.0,0.0,
BTCUSDC_SHORT,OVERNIGHT_GAP_HEDGE_ENABLED,False,OK,0.0,2.771,-2.771,0,0.0,0.0,
BTCUSDC_SHORT,OVERNIGHT_GAP_HEDGE_ENABLED,True,OK,0.0,2.771,-2.771,0,0.0,0.0,
BTCUSDC_SHORT,OVERNIGHT_GAP_HEDGE_OPEN_MINUTES,7.5,OK,0.0,2.771,-2.771,0,0.0,0.0,
BTCUSDC_SHORT,OVERNIGHT_GAP_HEDGE_OPEN_MINUTES,11.25,OK,0.0,2.771,-2.771,0,0.0,0.0,
BTCUSDC_SHORT,OVERNIGHT_GAP_HEDGE_OPEN_MINUTES,15.0,OK,0.0,2.771,-2.771,0,0.0,0.0,
BTCUSDC_SHORT,OVERNIGHT_GAP_HEDGE_OPEN_MINUTES,18.75,OK,0.0,2.771,-2.771,0,0.0,0.0,
BTCUSDC_SHORT,OVERNIGHT_GAP_HEDGE_OPEN_MINUTES,22.5,OK,0.0,2.771,-2.771,0,0.0,0.0,
BTCUSDC_SHORT,OVERNIGHT_GAP_HEDGE_SENTIMENT_THRESHOLD,10.0,OK,0.0,2.771,-2.771,0,0.0,0.0,
BTCUSDC_SHORT,OVERNIGHT_GAP_HEDGE_SENTIMENT_THRESHOLD,15.0,OK,0.0,2.771,-2.771,0,0.0,0.0,
BTCUSDC_SHORT,OVERNIGHT_GAP_HEDGE_SENTIMENT_THRESHOLD,20.0,OK,0.0,2.771,-2.771,0,0.0,0.0,
BTCUSDC_SHORT,OVERNIGHT_GAP_HEDGE_SENTIMENT_THRESHOLD,25.0,OK,0.0,2.771,-2.771,0,0.0,0.0,
BTCUSDC_SHORT,OVERNIGHT_GAP_HEDGE_SENTIMENT_THRESHOLD,30.0,OK,0.0,2.771,-2.771,0,0.0,0.0,
BTCUSDC_SHORT,OVERNIGHT_GAP_HEDGE_SIZE_FRAC,0.25,OK,0.0,2.771,-2.771,0,0.0,0.0,
BTCUSDC_SHORT,OVERNIGHT_GAP_HEDGE_SIZE_FRAC,0.375,OK,0.0,2.771,-2.771,0,0.0,0.0,
BTCUSDC_SHORT,OVERNIGHT_GAP_HEDGE_SIZE_FRAC,0.5,OK,0.0,2.771,-2.771,0,0.0,0.0,
BTCUSDC_SHORT,OVERNIGHT_GAP_HEDGE_SIZE_FRAC,0.625,OK,0.0,2.771,-2.771,0,0.0,0.0,
BTCUSDC_SHORT,OVERNIGHT_GAP_HEDGE_SIZE_FRAC,0.75,OK,0.0,2.771,-2.771,0,0.0,0.0,
BTCUSDC_SHORT,PARABOLIC_BB_PCT_B_4H_MAX,0.05,OK,0.0,2.771,-2.771,0,0.0,0.0,
BTCUSDC_SHORT,PARABOLIC_BB_PCT_B_4H_MAX,0.075,OK,0.0,2.771,-2.771,0,0.0,0.0,
BTCUSDC_SHORT,PARABOLIC_BB_PCT_B_4H_MAX,0.1,OK,0.0,2.771,-2.771,0,0.0,0.0,
BTCUSDC_SHORT,PARABOLIC_BB_PCT_B_4H_MAX,0.125,OK,0.0,2.771,-2.771,0,0.0,0.0,
BTCUSDC_SHORT,PARABOLIC_BB_PCT_B_4H_MAX,0.15,OK,0.0,2.771,-2.771,0,0.0,0.0,
BTCUSDC_SHORT,PARABOLIC_BB_PCT_B_4H_MIN,0.45,OK,0.0,2.771,-2.771,0,0.0,0.0,
BTCUSDC_SHORT,PARABOLIC_BB_PCT_B_4H_MIN,0.675,OK,0.0,2.771,-2.771,0,0.0,0.0,
BTCUSDC_SHORT,PARABOLIC_BB_PCT_B_4H_MIN,0.9,OK,0.0,2.771,-2.771,0,0.0,0.0,
BTCUSDC_SHORT,PARABOLIC_BB_PCT_B_4H_MIN,1.125,OK,0.0,2.771,-2.771,0,0.0,0.0,
BTCUSDC_SHORT,PARABOLIC_BB_PCT_B_4H_MIN,1.35,OK,0.0,2.771,-2.771,0,0.0,0.0,
BTCUSDC_SHORT,PARABOLIC_BB_PCT_B_4H_MIN,0.7,OK,0.0,2.771,-2.771,0,0.0,0.0,
BTCUSDC_SHORT,PARABOLIC_PROTECTION_ENABLED,False,OK,0.0,2.771,-2.771,0,0.0,0.0,
BTCUSDC_SHORT,PARABOLIC_PROTECTION_ENABLED,True,OK,0.0,2.771,-2.771,0,0.0,0.0,
BTCUSDC_SHORT,PARABOLIC_RSI_1H_MAX,17.5,OK,0.0,2.771,-2.771,0,0.0,0.0,
BTCUSDC_SHORT,PARABOLIC_RSI_1H_MAX,26.25,OK,0.0,2.771,-2.771,0,0.0,0.0,
BTCUSDC_SHORT,PARABOLIC_RSI_1H_MAX,35.0,OK,0.0,2.771,-2.771,0,0.0,0.0,
BTCUSDC_SHORT,PARABOLIC_RSI_1H_MAX,43.75,OK,0.0,2.771,-2.771,0,0.0,0.0,
BTCUSDC_SHORT,PARABOLIC_RSI_1H_MAX,52.5,OK,0.0,2.771,-2.771,0,0.0,0.0,
BTCUSDC_SHORT,PARABOLIC_RSI_1H_MIN,32.5,OK,0.0,2.771,-2.771,0,0.0,0.0,
BTCUSDC_SHORT,PARABOLIC_RSI_1H_MIN,48.75,OK,0.0,2.771,-2.771,0,0.0,0.0,
BTCUSDC_SHORT,PARABOLIC_RSI_1H_MIN,65.0,OK,0.0,2.771,-2.771,0,0.0,0.0,
BTCUSDC_SHORT,PARABOLIC_RSI_1H_MIN,81.25,OK,0.0,2.771,-2.771,0,0.0,0.0,
BTCUSDC_SHORT,PARABOLIC_RSI_1H_MIN,97.5,OK,0.0,2.771,-2.771,0,0.0,0.0,
BTCUSDC_SHORT,PARABOLIC_RSI_4H_MAX,15.0,OK,0.0,2.771,-2.771,0,0.0,0.0,
BTCUSDC_SHORT,PARABOLIC_RSI_4H_MAX,22.5,OK,0.0,2.771,-2.771,0,0.0,0.0,
BTCUSDC_SHORT,PARABOLIC_RSI_4H_MAX,30.0,OK,0.0,2.771,-2.771,0,0.0,0.0,
BTCUSDC_SHORT,PARABOLIC_RSI_4H_MAX,37.5,OK,0.0,2.771,-2.771,0,0.0,0.0,
BTCUSDC_SHORT,PARABOLIC_RSI_4H_MAX,45.0,OK,0.0,2.771,-2.771,0,0.0,0.0,
BTCUSDC_SHORT,PARABOLIC_RSI_4H_MIN,35.0,OK,0.0,2.771,-2.771,0,0.0,0.0,
BTCUSDC_SHORT,PARABOLIC_RSI_4H_MIN,52.5,OK,0.0,2.771,-2.771,0,0.0,0.0,
BTCUSDC_SHORT,PARABOLIC_RSI_4H_MIN,70.0,OK,0.0,2.771,-2.771,0,0.0,0.0,
BTCUSDC_SHORT,PARABOLIC_RSI_4H_MIN,87.5,OK,0.0,2.771,-2.771,0,0.0,0.0,
BTCUSDC_SHORT,PARITY_COMPARISON_MODE,False,OK,0.0,2.771,-2.771,0,0.0,0.0,
BTCUSDC_SHORT,PARITY_COMPARISON_MODE,True,OK,0.0,2.771,-2.771,0,0.0,0.0,
BTCUSDC_SHORT,PARTIAL_PROFIT_LOCK_ARM_GAIN_PCT_TRADIER,0.875,OK,0.0,2.771,-2.771,0,0.0,0.0,
BTCUSDC_SHORT,PARTIAL_PROFIT_LOCK_ARM_GAIN_PCT_TRADIER,1.3125,OK,0.0,2.771,-2.771,0,0.0,0.0,
BTCUSDC_SHORT,PARTIAL_PROFIT_LOCK_ARM_GAIN_PCT_TRADIER,1.75,OK,0.0,2.771,-2.771,0,0.0,0.0,
BTCUSDC_SHORT,PARTIAL_PROFIT_LOCK_ARM_GAIN_PCT_TRADIER,2.1875,OK,0.0,2.771,-2.771,0,0.0,0.0,
BTCUSDC_SHORT,PARTIAL_PROFIT_LOCK_ARM_GAIN_PCT_TRADIER,2.625,OK,0.0,2.771,-2.771,0,0.0,0.0,
BTCUSDC_SHORT,PARTIAL_PROFIT_LOCK_ARM_GAIN_PCT_TRADIER,0.75,OK,0.0,2.771,-2.771,0,0.0,0.0,
BTCUSDC_SHORT,PARTIAL_PROFIT_LOCK_BE_BUFFER_PCT_TRADIER,0.01,OK,0.0,2.771,-2.771,0,0.0,0.0,
BTCUSDC_SHORT,PARTIAL_PROFIT_LOCK_BE_BUFFER_PCT_TRADIER,0.015,OK,0.0,2.771,-2.771,0,0.0,0.0,
BTCUSDC_SHORT,PARTIAL_PROFIT_LOCK_BE_BUFFER_PCT_TRADIER,0.02,OK,0.0,2.771,-2.771,0,0.0,0.0,
BTCUSDC_SHORT,PARTIAL_PROFIT_LOCK_BE_BUFFER_PCT_TRADIER,0.025,OK,0.0,2.771,-2.771,0,0.0,0.0,
BTCUSDC_SHORT,PARTIAL_PROFIT_LOCK_BE_BUFFER_PCT_TRADIER,0.03,OK,0.0,2.771,-2.771,0,0.0,0.0,
BTCUSDC_SHORT,PARTIAL_PROFIT_LOCK_FRAC_TRADIER,0.3125,OK,0.0,2.771,-2.771,0,0.0,0.0,
BTCUSDC_SHORT,PARTIAL_PROFIT_LOCK_FRAC_TRADIER,0.46875,OK,0.0,2.771,-2.771,0,0.0,0.0,
BTCUSDC_SHORT,PARTIAL_PROFIT_LOCK_FRAC_TRADIER,0.625,OK,0.0,2.771,-2.771,0,0.0,0.0,
BTCUSDC_SHORT,PARTIAL_PROFIT_LOCK_FRAC_TRADIER,0.78125,OK,0.0,2.771,-2.771,0,0.0,0.0,
BTCUSDC_SHORT,PARTIAL_PROFIT_LOCK_FRAC_TRADIER,0.9375,OK,0.0,2.771,-2.771,0,0.0,0.0,
BTCUSDC_SHORT,PARTIAL_PROFIT_LOCK_GAIN_PCT_TRADIER,0.75,OK,0.0,2.771,-2.771,0,0.0,0.0,
BTCUSDC_SHORT,PARTIAL_PROFIT_LOCK_GAIN_PCT_TRADIER,1.125,OK,0.0,2.771,-2.771,0,0.0,0.0,
BTCUSDC_SHORT,PARTIAL_PROFIT_LOCK_GAIN_PCT_TRADIER,1.5,OK,0.0,2.771,-2.771,0,0.0,0.0,
BTCUSDC_SHORT,PARTIAL_PROFIT_LOCK_GAIN_PCT_TRADIER,1.875,OK,0.0,2.771,-2.771,0,0.0,0.0,
BTCUSDC_SHORT,PARTIAL_PROFIT_LOCK_GAIN_PCT_TRADIER,2.25,OK,0.0,2.771,-2.771,0,0.0,0.0,
BTCUSDC_SHORT,PARTIAL_PROFIT_LOCK_GAIN_PCT_TRADIER,0.5,OK,0.0,2.771,-2.771,0,0.0,0.0,
BTCUSDC_SHORT,PARTIAL_PROFIT_LOCK_SLIPPAGE_PCT,0.025,OK,0.0,2.771,-2.771,0,0.0,0.0,
BTCUSDC_SHORT,PARTIAL_PROFIT_LOCK_SLIPPAGE_PCT,0.0375,OK,0.0,2.771,-2.771,0,0.0,0.0,
BTCUSDC_SHORT,PARTIAL_PROFIT_LOCK_SLIPPAGE_PCT,0.05,OK,0.0,2.771,-2.771,0,0.0,0.0,
BTCUSDC_SHORT,PARTIAL_PROFIT_LOCK_SLIPPAGE_PCT,0.0625,OK,0.0,2.771,-2.771,0,0.0,0.0,
BTCUSDC_SHORT,PARTIAL_PROFIT_LOCK_SLIPPAGE_PCT,0.075,OK,0.0,2.771,-2.771,0,0.0,0.0,
BTCUSDC_SHORT,PARTIAL_PROFIT_LOCK_SWEEP_ARM_PCT,0.25,OK,0.0,2.771,-2.771,0,0.0,0.0,
BTCUSDC_SHORT,PARTIAL_PROFIT_LOCK_SWEEP_ARM_PCT,0.375,OK,0.0,2.771,-2.771,0,0.0,0.0,
BTCUSDC_SHORT,PARTIAL_PROFIT_LOCK_SWEEP_ARM_PCT,0.5,OK,0.0,2.771,-2.771,0,0.0,0.0,
BTCUSDC_SHORT,PARTIAL_PROFIT_LOCK_SWEEP_ARM_PCT,0.625,OK,0.0,2.771,-2.771,0,0.0,0.0,
BTCUSDC_SHORT,PARTIAL_PROFIT_LOCK_SWEEP_ARM_PCT,0.75,OK,0.0,2.771,-2.771,0,0.0,0.0,
BTCUSDC_SHORT,PARTIAL_PROFIT_LOCK_SWEEP_ENABLED,False,OK,0.0,2.771,-2.771,0,0.0,0.0,
BTCUSDC_SHORT,PARTIAL_PROFIT_LOCK_SWEEP_ENABLED,True,OK,0.0,2.771,-2.771,0,0.0,0.0,
BTCUSDC_SHORT,PARTIAL_PROFIT_LOCK_SWEEP_GAIN_PCT,0.15,OK,0.0,2.771,-2.771,0,0.0,0.0,
BTCUSDC_SHORT,PARTIAL_PROFIT_LOCK_SWEEP_GAIN_PCT,0.225,OK,0.0,2.771,-2.771,0,0.0,0.0,
BTCUSDC_SHORT,PARTIAL_PROFIT_LOCK_SWEEP_GAIN_PCT,0.3,OK,0.0,2.771,-2.771,0,0.0,0.0,
BTCUSDC_SHORT,PARTIAL_PROFIT_LOCK_SWEEP_GAIN_PCT,0.375,OK,0.0,2.771,-2.771,0,0.0,0.0,
BTCUSDC_SHORT,PARTIAL_PROFIT_LOCK_SWEEP_GAIN_PCT,0.45,OK,0.0,2.771,-2.771,0,0.0,0.0,
BTCUSDC_SHORT,PEAK_GIVEBACK_DROP_PCT,2.5,OK,0.0,2.771,-2.771,0,0.0,0.0,
BTCUSDC_SHORT,PEAK_GIVEBACK_DROP_PCT,3.75,OK,0.0,2.771,-2.771,0,0.0,0.0,
BTCUSDC_SHORT,PEAK_GIVEBACK_DROP_PCT,5.0,OK,0.0,2.771,-2.771,0,0.0,0.0,
BTCUSDC_SHORT,PEAK_GIVEBACK_DROP_PCT,6.25,OK,0.0,2.771,-2.771,0,0.0,0.0,
BTCUSDC_SHORT,PEAK_GIVEBACK_DROP_PCT,7.5,OK,0.0,2.771,-2.771,0,0.0,0.0,
BTCUSDC_SHORT,PEAK_GIVEBACK_DROP_PCT,0.5,OK,0.0,2.771,-2.771,0,0.0,0.0,
BTCUSDC_SHORT,PEAK_GIVEBACK_HARD_ZERO_ENABLED,False,OK,0.0,2.771,-2.771,0,0.0,0.0,
BTCUSDC_SHORT,PEAK_GIVEBACK_HARD_ZERO_ENABLED,True,OK,0.0,2.771,-2.771,0,0.0,0.0,
BTCUSDC_SHORT,PEAK_GIVEBACK_MIN_PEAK_PCT,1.0,OK,0.0,2.771,-2.771,0,0.0,0.0,
BTCUSDC_SHORT,PEAK_GIVEBACK_MIN_PEAK_PCT,1.5,OK,0.0,2.771,-2.771,0,0.0,0.0,
BTCUSDC_SHORT,PEAK_GIVEBACK_MIN_PEAK_PCT,2.0,OK,0.0,2.771,-2.771,0,0.0,0.0,
BTCUSDC_SHORT,PEAK_GIVEBACK_MIN_PEAK_PCT,2.5,OK,0.0,2.771,-2.771,0,0.0,0.0,
BTCUSDC_SHORT,PEAK_GIVEBACK_MIN_PEAK_PCT,3.0,OK,0.0,2.771,-2.771,0,0.0,0.0,
BTCUSDC_SHORT,PEAK_GIVEBACK_MIN_PEAK_PCT,0.5,OK,0.0,2.771,-2.771,0,0.0,0.0,
BTCUSDC_SHORT,PEAK_GIVEBACK_NEGATIVE_GAIN_FLOOR_PCT,-0.75,OK,0.0,2.771,-2.771,0,0.0,0.0,
BTCUSDC_SHORT,PEAK_GIVEBACK_NEGATIVE_GAIN_FLOOR_PCT,-0.625,OK,0.0,2.771,-2.771,0,0.0,0.0,
BTCUSDC_SHORT,PEAK_GIVEBACK_NEGATIVE_GAIN_FLOOR_PCT,-0.5,OK,0.0,2.771,-2.771,0,0.0,0.0,
BTCUSDC_SHORT,PEAK_GIVEBACK_NEGATIVE_GAIN_FLOOR_PCT,-0.375,OK,0.0,2.771,-2.771,0,0.0,0.0,
BTCUSDC_SHORT,PEAK_GIVEBACK_NEGATIVE_GAIN_FLOOR_PCT,-0.25,OK,0.0,2.771,-2.771,0,0.0,0.0,
BTCUSDC_SHORT,PEAK_GIVEBACK_NEGATIVE_GAIN_FLOOR_PCT,0.0,OK,0.0,2.771,-2.771,0,0.0,0.0,
BTCUSDC_SHORT,PEAK_GIVEBACK_REQUIRE_NEGATIVE_GAIN,False,OK,0.0,2.771,-2.771,0,0.0,0.0,
BTCUSDC_SHORT,PEAK_GIVEBACK_REQUIRE_NEGATIVE_GAIN,True,OK,0.0,2.771,-2.771,0,0.0,0.0,
BTCUSDC_SHORT,PENNY_STOCK_LONG_BLOCK_ENABLED,False,OK,0.0,2.771,-2.771,0,0.0,0.0,
BTCUSDC_SHORT,PENNY_STOCK_LONG_BLOCK_ENABLED,True,OK,0.0,2.771,-2.771,0,0.0,0.0,
BTCUSDC_SHORT,PENNY_STOCK_LONG_BLOCK_PRICE_USD,2.5,OK,0.0,2.771,-2.771,0,0.0,0.0,
BTCUSDC_SHORT,PENNY_STOCK_LONG_BLOCK_PRICE_USD,3.75,OK,0.0,2.771,-2.771,0,0.0,0.0,
BTCUSDC_SHORT,PENNY_STOCK_LONG_BLOCK_PRICE_USD,5.0,OK,0.0,2.771,-2.771,0,0.0,0.0,
BTCUSDC_SHORT,PENNY_STOCK_LONG_BLOCK_PRICE_USD,6.25,OK,0.0,2.771,-2.771,0,0.0,0.0,
BTCUSDC_SHORT,PENNY_STOCK_LONG_BLOCK_PRICE_USD,7.5,OK,0.0,2.771,-2.771,0,0.0,0.0,
BTCUSDC_SHORT,PRICE_CROSS_BACK_BAND_PCT,0.15,OK,0.0,2.771,-2.771,0,0.0,0.0,
BTCUSDC_SHORT,PRICE_CROSS_BACK_BAND_PCT,0.225,OK,0.0,2.771,-2.771,0,0.0,0.0,
BTCUSDC_SHORT,PRICE_CROSS_BACK_BAND_PCT,0.3,OK,0.0,2.771,-2.771,0,0.0,0.0,
BTCUSDC_SHORT,PRICE_CROSS_BACK_BAND_PCT,0.375,OK,0.0,2.771,-2.771,0,0.0,0.0,
BTCUSDC_SHORT,PRICE_CROSS_BACK_BAND_PCT,0.45,OK,0.0,2.771,-2.771,0,0.0,0.0,
BTCUSDC_SHORT,PRICE_CROSS_BACK_MAX_AGE_MIN,262800000.0,OK,0.0,2.771,-2.771,0,0.0,0.0,
BTCUSDC_SHORT,PRICE_CROSS_BACK_MAX_AGE_MIN,394200000.0,OK,0.0,2.771,-2.771,0,0.0,0.0,
BTCUSDC_SHORT,PRICE_CROSS_BACK_MAX_AGE_MIN,525600000.0,OK,0.0,2.771,-2.771,0,0.0,0.0,
BTCUSDC_SHORT,PRICE_CROSS_BACK_MAX_AGE_MIN,657000000.0,OK,0.0,2.771,-2.771,0,0.0,0.0,
BTCUSDC_SHORT,PRICE_CROSS_BACK_MAX_AGE_MIN,788400000.0,OK,0.0,2.771,-2.771,0,0.0,0.0,
BTCUSDC_SHORT,PRICE_CROSS_BACK_REENTRY_ENABLED,False,OK,0.0,2.771,-2.771,0,0.0,0.0,
BTCUSDC_SHORT,PRICE_CROSS_BACK_REENTRY_ENABLED,True,OK,0.0,2.771,-2.771,0,0.0,0.0,
BTCUSDC_SHORT,PROXIMITY_TOP_GATE_ENABLED,False,OK,0.0,2.771,-2.771,0,0.0,0.0,
BTCUSDC_SHORT,PROXIMITY_TOP_GATE_ENABLED,True,OK,0.0,2.771,-2.771,0,0.0,0.0,
BTCUSDC_SHORT,PROXIMITY_TOP_MAX_DROP_PCT,2.5,OK,0.0,2.771,-2.771,0,0.0,0.0,
BTCUSDC_SHORT,PROXIMITY_TOP_MAX_DROP_PCT,3.75,OK,0.0,2.771,-2.771,0,0.0,0.0,
BTCUSDC_SHORT,PROXIMITY_TOP_MAX_DROP_PCT,5.0,OK,0.0,2.771,-2.771,0,0.0,0.0,
BTCUSDC_SHORT,PROXIMITY_TOP_MAX_DROP_PCT,6.25,OK,0.0,2.771,-2.771,0,0.0,0.0,
BTCUSDC_SHORT,PROXIMITY_TOP_MAX_DROP_PCT,7.5,OK,0.0,2.771,-2.771,0,0.0,0.0,
BTCUSDC_SHORT,PYRAMID_ENABLED,False,OK,0.0,2.771,-2.771,0,0.0,0.0,
BTCUSDC_SHORT,PYRAMID_ENABLED,True,OK,0.0,2.771,-2.771,0,0.0,0.0,
BTCUSDC_SHORT,PYRAMID_MAX_DC_POS_15M_SHORT,0.3,OK,0.0,2.771,-2.771,0,0.0,0.0,
BTCUSDC_SHORT,PYRAMID_MAX_DC_POS_15M_SHORT,0.15,OK,0.0,2.771,-2.771,0,0.0,0.0,
BTCUSDC_SHORT,PYRAMID_MAX_DC_POS_15M_SHORT,0.225,OK,0.0,2.771,-2.771,0,0.0,0.0,
BTCUSDC_SHORT,PYRAMID_MAX_DC_POS_15M_SHORT,0.375,OK,0.0,2.771,-2.771,0,0.0,0.0,
BTCUSDC_SHORT,PYRAMID_MAX_DC_POS_15M_SHORT,0.45,OK,0.0,2.771,-2.771,0,0.0,0.0,
BTCUSDC_SHORT,PYRAMID_MIN_DC_POS_15M,0.7,OK,0.0,2.771,-2.771,0,0.0,0.0,
BTCUSDC_SHORT,PYRAMID_MIN_DC_POS_15M,0.35,OK,0.0,2.771,-2.771,0,0.0,0.0,
BTCUSDC_SHORT,PYRAMID_MIN_DC_POS_15M,0.525,OK,0.0,2.771,-2.771,0,0.0,0.0,
BTCUSDC_SHORT,PYRAMID_MIN_DC_POS_15M,0.875,OK,0.0,2.771,-2.771,0,0.0,0.0,
BTCUSDC_SHORT,PYRAMID_MIN_DC_POS_15M,1.05,OK,0.0,2.771,-2.771,0,0.0,0.0,
BTCUSDC_SHORT,PYRAMID_MIN_GAIN_PCT,1.5,OK,0.0,2.771,-2.771,0,0.0,0.0,
BTCUSDC_SHORT,PYRAMID_MIN_GAIN_PCT,1.0,OK,0.0,2.771,-2.771,0,0.0,0.0,
BTCUSDC_SHORT,PYRAMID_MIN_GAIN_PCT,2.0,OK,0.0,2.771,-2.771,0,0.0,0.0,
BTCUSDC_SHORT,PYRAMID_MIN_GAIN_PCT,2.5,OK,0.0,2.771,-2.771,0,0.0,0.0,
BTCUSDC_SHORT,PYRAMID_MIN_GAIN_PCT,3.0,OK,0.0,2.771,-2.771,0,0.0,0.0,
BTCUSDC_SHORT,PYRAMID_MIN_WT_VEL_1H,2.0,OK,0.0,2.771,-2.771,0,0.0,0.0,
BTCUSDC_SHORT,PYRAMID_MIN_WT_VEL_1H,1.0,OK,0.0,2.771,-2.771,0,0.0,0.0,
BTCUSDC_SHORT,PYRAMID_MIN_WT_VEL_1H,1.5,OK,0.0,2.771,-2.771,0,0.0,0.0,
BTCUSDC_SHORT,PYRAMID_MIN_WT_VEL_1H,2.5,OK,0.0,2.771,-2.771,0,0.0,0.0,
BTCUSDC_SHORT,PYRAMID_MIN_WT_VEL_1H,3.0,OK,0.0,2.771,-2.771,0,0.0,0.0,
BTCUSDC_SHORT,PYRAMID_SIZE_MULT,0.5,OK,0.0,2.771,-2.771,0,0.0,0.0,
BTCUSDC_SHORT,PYRAMID_SIZE_MULT,0.75,OK,0.0,2.771,-2.771,0,0.0,0.0,
BTCUSDC_SHORT,PYRAMID_SIZE_MULT,1.125,OK,0.0,2.771,-2.771,0,0.0,0.0,
BTCUSDC_SHORT,PYRAMID_SIZE_MULT,1.5,OK,0.0,2.771,-2.771,0,0.0,0.0,
BTCUSDC_SHORT,PYRAMID_SIZE_MULT,1.875,OK,0.0,2.771,-2.771,0,0.0,0.0,
BTCUSDC_SHORT,PYRAMID_SIZE_MULT,2.25,OK,0.0,2.771,-2.771,0,0.0,0.0,
BTCUSDC_SHORT,R1_DC_LOW4_3M_EMERGENCY_ENABLED,False,OK,0.0,2.771,-2.771,0,0.0,0.0,
BTCUSDC_SHORT,R1_DC_LOW4_3M_EMERGENCY_ENABLED,True,OK,0.0,2.771,-2.771,0,0.0,0.0,
BTCUSDC_SHORT,R1_NEWBORN_WINDOW_MIN,7.5,OK,0.0,2.771,-2.771,0,0.0,0.0,
BTCUSDC_SHORT,R1_NEWBORN_WINDOW_MIN,11.25,OK,0.0,2.771,-2.771,0,0.0,0.0,
BTCUSDC_SHORT,R1_NEWBORN_WINDOW_MIN,15.0,OK,0.0,2.771,-2.771,0,0.0,0.0,
BTCUSDC_SHORT,R1_NEWBORN_WINDOW_MIN,18.75,OK,0.0,2.771,-2.771,0,0.0,0.0,
BTCUSDC_SHORT,R1_NEWBORN_WINDOW_MIN,22.5,OK,0.0,2.771,-2.771,0,0.0,0.0,
BTCUSDC_SHORT,R1_REQUIRE_WT15_ADVERSE,False,OK,0.0,2.771,-2.771,0,0.0,0.0,
BTCUSDC_SHORT,R1_REQUIRE_WT15_ADVERSE,True,OK,0.0,2.771,-2.771,0,0.0,0.0,
BTCUSDC_SHORT,R1_USE_DC_4BAR,False,OK,0.0,2.771,-2.771,0,0.0,0.0,
BTCUSDC_SHORT,R1_USE_DC_4BAR,True,OK,0.0,2.771,-2.771,0,0.0,0.0,
BTCUSDC_SHORT,R2_PEAK_MIN_PCT,0.25,OK,0.0,2.771,-2.771,0,0.0,0.0,
BTCUSDC_SHORT,R2_PEAK_MIN_PCT,0.375,OK,0.0,2.771,-2.771,0,0.0,0.0,
BTCUSDC_SHORT,R2_PEAK_MIN_PCT,0.5,OK,0.0,2.771,-2.771,0,0.0,0.0,
BTCUSDC_SHORT,R2_PEAK_MIN_PCT,0.625,OK,0.0,2.771,-2.771,0,0.0,0.0,
BTCUSDC_SHORT,R2_PEAK_MIN_PCT,0.75,OK,0.0,2.771,-2.771,0,0.0,0.0,
BTCUSDC_SHORT,R3_HTF_FLIP_4H_TIER_ENABLED,False,OK,0.0,2.771,-2.771,0,0.0,0.0,
BTCUSDC_SHORT,R3_HTF_FLIP_4H_TIER_ENABLED,True,OK,0.0,2.771,-2.771,0,0.0,0.0,
BTCUSDC_SHORT,R3_HTF_FLIP_EXIT_ENABLED,False,OK,0.0,2.771,-2.771,0,0.0,0.0,
BTCUSDC_SHORT,R3_HTF_FLIP_EXIT_ENABLED,True,OK,0.0,2.771,-2.771,0,0.0,0.0,
BTCUSDC_SHORT,RATIO_MULTIPLIER_TRADIER,1.75,OK,0.0,2.771,-2.771,0,0.0,0.0,
BTCUSDC_SHORT,RATIO_MULTIPLIER_TRADIER,2.625,OK,0.0,2.771,-2.771,0,0.0,0.0,
BTCUSDC_SHORT,RATIO_MULTIPLIER_TRADIER,3.5,OK,0.0,2.771,-2.771,0,0.0,0.0,
BTCUSDC_SHORT,RATIO_MULTIPLIER_TRADIER,4.375,OK,0.0,2.771,-2.771,0,0.0,0.0,
BTCUSDC_SHORT,RATIO_MULTIPLIER_TRADIER,5.25,OK,0.0,2.771,-2.771,0,0.0,0.0,
BTCUSDC_SHORT,RECOVERY_AUGMENT_BAND_PCT,0.5,OK,0.0,2.771,-2.771,0,0.0,0.0,
BTCUSDC_SHORT,RECOVERY_AUGMENT_BAND_PCT,0.75,OK,0.0,2.771,-2.771,0,0.0,0.0,
BTCUSDC_SHORT,RECOVERY_AUGMENT_BAND_PCT,1.0,OK,0.0,2.771,-2.771,0,0.0,0.0,
BTCUSDC_SHORT,RECOVERY_AUGMENT_BAND_PCT,1.25,OK,0.0,2.771,-2.771,0,0.0,0.0,
BTCUSDC_SHORT,RECOVERY_AUGMENT_BAND_PCT,1.5,OK,0.0,2.771,-2.771,0,0.0,0.0,
BTCUSDC_SHORT,RECOVERY_AUGMENT_ENABLED,False,OK,0.0,2.771,-2.771,0,0.0,0.0,
BTCUSDC_SHORT,RECOVERY_AUGMENT_ENABLED,True,OK,0.0,2.771,-2.771,0,0.0,0.0,
BTCUSDC_SHORT,RECOVERY_AUGMENT_MAX_AGE_MIN,120.0,OK,0.0,2.771,-2.771,0,0.0,0.0,
BTCUSDC_SHORT,RECOVERY_AUGMENT_MAX_AGE_MIN,180.0,OK,0.0,2.771,-2.771,0,0.0,0.0,
BTCUSDC_SHORT,RECOVERY_AUGMENT_MAX_AGE_MIN,240.0,OK,0.0,2.771,-2.771,0,0.0,0.0,
BTCUSDC_SHORT,RECOVERY_AUGMENT_MAX_AGE_MIN,300.0,OK,0.0,2.771,-2.771,0,0.0,0.0,
BTCUSDC_SHORT,RECOVERY_AUGMENT_MAX_AGE_MIN,360.0,OK,0.0,2.771,-2.771,0,0.0,0.0,
BTCUSDC_SHORT,RECOVERY_AUGMENT_ONE_FIRE_PER_REDUCE,False,OK,0.0,2.771,-2.771,0,0.0,0.0,
BTCUSDC_SHORT,RECOVERY_AUGMENT_ONE_FIRE_PER_REDUCE,True,OK,0.0,2.771,-2.771,0,0.0,0.0,
BTCUSDC_SHORT,RECOVERY_AUGMENT_REQUIRE_WT_CROSS,False,OK,0.0,2.771,-2.771,0,0.0,0.0,
BTCUSDC_SHORT,RECOVERY_AUGMENT_REQUIRE_WT_CROSS,True,OK,0.0,2.771,-2.771,0,0.0,0.0,
BTCUSDC_SHORT,RECOVERY_AUGMENT_SIZE_PCT,0.5,OK,0.0,2.771,-2.771,0,0.0,0.0,
BTCUSDC_SHORT,RECOVERY_AUGMENT_SIZE_PCT,0.75,OK,0.0,2.771,-2.771,0,0.0,0.0,
BTCUSDC_SHORT,RECOVERY_AUGMENT_SIZE_PCT,1.0,OK,0.0,2.771,-2.771,0,0.0,0.0,
BTCUSDC_SHORT,RECOVERY_AUGMENT_SIZE_PCT,1.25,OK,0.0,2.771,-2.771,0,0.0,0.0,
BTCUSDC_SHORT,RECOVERY_AUGMENT_SIZE_PCT,1.5,OK,0.0,2.771,-2.771,0,0.0,0.0,
BTCUSDC_SHORT,RED_ZONE_TRADIER_AUGMENT_GATE_ENABLED,False,OK,0.0,2.771,-2.771,0,0.0,0.0,
BTCUSDC_SHORT,RED_ZONE_TRADIER_AUGMENT_GATE_ENABLED,True,OK,0.0,2.771,-2.771,0,0.0,0.0,
BTCUSDC_SHORT,RED_ZONE_TRADIER_GATE_ENABLED,False,OK,0.0,2.771,-2.771,0,0.0,0.0,
BTCUSDC_SHORT,RED_ZONE_TRADIER_GATE_ENABLED,True,OK,0.0,2.771,-2.771,0,0.0,0.0,
BTCUSDC_SHORT,RED_ZONE_TRADIER_MIN_DISTANCE_PCT,0.25,OK,0.0,2.771,-2.771,0,0.0,0.0,
BTCUSDC_SHORT,RED_ZONE_TRADIER_MIN_DISTANCE_PCT,0.375,OK,0.0,2.771,-2.771,0,0.0,0.0,
BTCUSDC_SHORT,RED_ZONE_TRADIER_MIN_DISTANCE_PCT,0.5,OK,0.0,2.771,-2.771,0,0.0,0.0,
BTCUSDC_SHORT,RED_ZONE_TRADIER_MIN_DISTANCE_PCT,0.625,OK,0.0,2.771,-2.771,0,0.0,0.0,
BTCUSDC_SHORT,RED_ZONE_TRADIER_MIN_DISTANCE_PCT,0.75,OK,0.0,2.771,-2.771,0,0.0,0.0,
BTCUSDC_SHORT,RED_ZONE_TRADIER_MIN_OI_AT_WALL,500,OK,0.0,2.771,-2.771,0,0.0,0.0,
BTCUSDC_SHORT,RED_ZONE_TRADIER_MIN_OI_AT_WALL,750,OK,0.0,2.771,-2.771,0,0.0,0.0,
BTCUSDC_SHORT,RED_ZONE_TRADIER_MIN_OI_AT_WALL,1000,OK,0.0,2.771,-2.771,0,0.0,0.0,
BTCUSDC_SHORT,RED_ZONE_TRADIER_MIN_OI_AT_WALL,1250,OK,0.0,2.771,-2.771,0,0.0,0.0,
BTCUSDC_SHORT,RED_ZONE_TRADIER_MIN_OI_AT_WALL,1500,OK,0.0,2.771,-2.771,0,0.0,0.0,
BTCUSDC_SHORT,RED_ZONE_TRADIER_STALE_MAX_HOURS,2.0,OK,0.0,2.771,-2.771,0,0.0,0.0,
BTCUSDC_SHORT,RED_ZONE_TRADIER_STALE_MAX_HOURS,3.0,OK,0.0,2.771,-2.771,0,0.0,0.0,
BTCUSDC_SHORT,RED_ZONE_TRADIER_STALE_MAX_HOURS,4.0,OK,0.0,2.771,-2.771,0,0.0,0.0,
BTCUSDC_SHORT,RED_ZONE_TRADIER_STALE_MAX_HOURS,5.0,OK,0.0,2.771,-2.771,0,0.0,0.0,
BTCUSDC_SHORT,RED_ZONE_TRADIER_STALE_MAX_HOURS,6.0,OK,0.0,2.771,-2.771,0,0.0,0.0,
BTCUSDC_SHORT,REENTRY2_DC_BREAK_ENABLED,False,OK,0.0,2.771,-2.771,0,0.0,0.0,
BTCUSDC_SHORT,REENTRY2_DC_BREAK_ENABLED,True,OK,0.0,2.771,-2.771,0,0.0,0.0,
BTCUSDC_SHORT,REENTRY2_QUICK_RECOVERY_ENABLED,False,OK,0.0,2.771,-2.771,0,0.0,0.0,
BTCUSDC_SHORT,REENTRY2_QUICK_RECOVERY_ENABLED,True,OK,0.0,2.771,-2.771,0,0.0,0.0,
BTCUSDC_SHORT,REENTRY2_STOCH_CROSS_ENABLED,False,OK,0.0,2.771,-2.771,0,0.0,0.0,
BTCUSDC_SHORT,REENTRY2_STOCH_CROSS_ENABLED,True,OK,0.0,2.771,-2.771,0,0.0,0.0,
BTCUSDC_SHORT,REENTRY_2_ENABLED,False,OK,0.0,2.771,-2.771,0,0.0,0.0,
BTCUSDC_SHORT,REENTRY_2_ENABLED,True,OK,0.0,2.771,-2.771,0,0.0,0.0,
BTCUSDC_SHORT,REENTRY_60MIN_MIN_PCT,0.025,OK,0.0,2.771,-2.771,0,0.0,0.0,
BTCUSDC_SHORT,REENTRY_60MIN_MIN_PCT,0.0375,OK,0.0,2.771,-2.771,0,0.0,0.0,
BTCUSDC_SHORT,REENTRY_60MIN_MIN_PCT,0.05,OK,0.0,2.771,-2.771,0,0.0,0.0,
BTCUSDC_SHORT,REENTRY_60MIN_MIN_PCT,0.0625,OK,0.0,2.771,-2.771,0,0.0,0.0,
BTCUSDC_SHORT,REENTRY_60MIN_MIN_PCT,0.075,OK,0.0,2.771,-2.771,0,0.0,0.0,
BTCUSDC_SHORT,REENTRY_60MIN_UNCONDITIONAL_ENABLED,False,OK,0.0,2.771,-2.771,0,0.0,0.0,
BTCUSDC_SHORT,REENTRY_60MIN_UNCONDITIONAL_ENABLED,True,OK,0.0,2.771,-2.771,0,0.0,0.0,
BTCUSDC_SHORT,REENTRY_60MIN_WINDOW_MIN,720.0,OK,0.0,2.771,-2.771,0,0.0,0.0,
BTCUSDC_SHORT,REENTRY_60MIN_WINDOW_MIN,1080.0,OK,0.0,2.771,-2.771,0,0.0,0.0,
BTCUSDC_SHORT,REENTRY_60MIN_WINDOW_MIN,1440.0,OK,0.0,2.771,-2.771,0,0.0,0.0,
BTCUSDC_SHORT,REENTRY_60MIN_WINDOW_MIN,1800.0,OK,0.0,2.771,-2.771,0,0.0,0.0,
BTCUSDC_SHORT,REENTRY_60MIN_WINDOW_MIN,2160.0,OK,0.0,2.771,-2.771,0,0.0,0.0,
BTCUSDC_SHORT,REENTRY_AGGRESSIVE_WINDOW_MIN,2.5,OK,0.0,2.771,-2.771,0,0.0,0.0,
BTCUSDC_SHORT,REENTRY_AGGRESSIVE_WINDOW_MIN,3.75,OK,0.0,2.771,-2.771,0,0.0,0.0,
BTCUSDC_SHORT,REENTRY_AGGRESSIVE_WINDOW_MIN,5.0,OK,0.0,2.771,-2.771,0,0.0,0.0,
BTCUSDC_SHORT,REENTRY_AGGRESSIVE_WINDOW_MIN,6.25,OK,0.0,2.771,-2.771,0,0.0,0.0,
BTCUSDC_SHORT,REENTRY_AGGRESSIVE_WINDOW_MIN,7.5,OK,0.0,2.771,-2.771,0,0.0,0.0,
BTCUSDC_SHORT,REENTRY_AGGRESSIVE_WINDOW_MIN,30.0,OK,0.0,2.771,-2.771,0,0.0,0.0,
BTCUSDC_SHORT,REENTRY_B02_BC156_BOTTOM_ENABLED,False,OK,0.0,2.771,-2.771,0,0.0,0.0,
BTCUSDC_SHORT,REENTRY_B02_BC156_BOTTOM_ENABLED,True,OK,0.0,2.771,-2.771,0,0.0,0.0,
BTCUSDC_SHORT,REENTRY_B09_SNAPBACK_ENABLED,False,OK,0.0,2.771,-2.771,0,0.0,0.0,
BTCUSDC_SHORT,REENTRY_B09_SNAPBACK_ENABLED,True,OK,0.0,2.771,-2.771,0,0.0,0.0,
BTCUSDC_SHORT,REENTRY_B10_STOCH_REV_ENABLED,False,OK,0.0,2.771,-2.771,0,0.0,0.0,
BTCUSDC_SHORT,REENTRY_B10_STOCH_REV_ENABLED,True,OK,0.0,2.771,-2.771,0,0.0,0.0,
BTCUSDC_SHORT,REENTRY_B12_WT_MOM_ENABLED,False,OK,0.0,2.771,-2.771,0,0.0,0.0,
BTCUSDC_SHORT,REENTRY_B12_WT_MOM_ENABLED,True,OK,0.0,2.771,-2.771,0,0.0,0.0,
BTCUSDC_SHORT,REENTRY_B14_HA_TREND_ENABLED,False,OK,0.0,2.771,-2.771,0,0.0,0.0,
BTCUSDC_SHORT,REENTRY_B14_HA_TREND_ENABLED,True,OK,0.0,2.771,-2.771,0,0.0,0.0,
BTCUSDC_SHORT,REENTRY_BREAKOUT_ENABLED,False,OK,0.0,2.771,-2.771,0,0.0,0.0,
BTCUSDC_SHORT,REENTRY_BREAKOUT_ENABLED,True,OK,0.0,2.771,-2.771,0,0.0,0.0,
BTCUSDC_SHORT,REENTRY_BYPASS_CONFIRMATION_THRESHOLD_PCT,0.001,OK,0.0,2.771,-2.771,0,0.0,0.0,
BTCUSDC_SHORT,REENTRY_BYPASS_CONFIRMATION_THRESHOLD_PCT,0.0015,OK,0.0,2.771,-2.771,0,0.0,0.0,
BTCUSDC_SHORT,REENTRY_BYPASS_CONFIRMATION_THRESHOLD_PCT,0.002,OK,0.0,2.771,-2.771,0,0.0,0.0,
BTCUSDC_SHORT,REENTRY_BYPASS_CONFIRMATION_THRESHOLD_PCT,0.0025,OK,0.0,2.771,-2.771,0,0.0,0.0,
BTCUSDC_SHORT,REENTRY_BYPASS_CONFIRMATION_THRESHOLD_PCT,0.003,OK,0.0,2.771,-2.771,0,0.0,0.0,
BTCUSDC_SHORT,REENTRY_CONFIRMATION_GATES_ENABLED,False,OK,0.0,2.771,-2.771,0,0.0,0.0,
BTCUSDC_SHORT,REENTRY_CONFIRMATION_GATES_ENABLED,True,OK,0.0,2.771,-2.771,0,0.0,0.0,
BTCUSDC_SHORT,REENTRY_COOLDOWN_S,0.0,OK,0.0,2.771,-2.771,0,0.0,0.0,
BTCUSDC_SHORT,REENTRY_COOLDOWN_S,0.5,OK,0.0,2.771,-2.771,0,0.0,0.0,
BTCUSDC_SHORT,REENTRY_COOLDOWN_S,1.0,OK,0.0,2.771,-2.771,0,0.0,0.0,
BTCUSDC_SHORT,REENTRY_COOLDOWN_S,300.0,OK,0.0,2.771,-2.771,0,0.0,0.0,
BTCUSDC_SHORT,REENTRY_DISPATCH_BACKOFF_S,0.2,OK,0.0,2.771,-2.771,0,0.0,0.0,
BTCUSDC_SHORT,REENTRY_DISPATCH_BACKOFF_S,0.3,OK,0.0,2.771,-2.771,0,0.0,0.0,
BTCUSDC_SHORT,REENTRY_DISPATCH_BACKOFF_S,0.4,OK,0.0,2.771,-2.771,0,0.0,0.0,
BTCUSDC_SHORT,REENTRY_DISPATCH_BACKOFF_S,0.5,OK,0.0,2.771,-2.771,0,0.0,0.0,
BTCUSDC_SHORT,REENTRY_DISPATCH_BACKOFF_S,0.6,OK,0.0,2.771,-2.771,0,0.0,0.0,
BTCUSDC_SHORT,REENTRY_FAVORABLE_MOVE_PCT,0.5,OK,0.0,2.771,-2.771,0,0.0,0.0,
BTCUSDC_SHORT,REENTRY_FAVORABLE_MOVE_PCT,0.75,OK,0.0,2.771,-2.771,0,0.0,0.0,
BTCUSDC_SHORT,REENTRY_FAVORABLE_MOVE_PCT,1.0,OK,0.0,2.771,-2.771,0,0.0,0.0,
BTCUSDC_SHORT,REENTRY_FAVORABLE_MOVE_PCT,1.25,OK,0.0,2.771,-2.771,0,0.0,0.0,
BTCUSDC_SHORT,REENTRY_FAVORABLE_MOVE_PCT,1.5,OK,0.0,2.771,-2.771,0,0.0,0.0,
BTCUSDC_SHORT,REENTRY_K15M_PARTIAL_MULT,0.25,OK,0.0,2.771,-2.771,0,0.0,0.0,
BTCUSDC_SHORT,REENTRY_K15M_PARTIAL_MULT,0.375,OK,0.0,2.771,-2.771,0,0.0,0.0,
BTCUSDC_SHORT,REENTRY_K15M_PARTIAL_MULT,0.5,OK,0.0,2.771,-2.771,0,0.0,0.0,
BTCUSDC_SHORT,REENTRY_K15M_PARTIAL_MULT,0.625,OK,0.0,2.771,-2.771,0,0.0,0.0,
BTCUSDC_SHORT,REENTRY_K15M_PARTIAL_MULT,0.75,OK,0.0,2.771,-2.771,0,0.0,0.0,
BTCUSDC_SHORT,REENTRY_K15M_PARTIAL_THRESHOLD,45.0,OK,0.0,2.771,-2.771,0,0.0,0.0,
BTCUSDC_SHORT,REENTRY_K15M_PARTIAL_THRESHOLD,67.5,OK,0.0,2.771,-2.771,0,0.0,0.0,
BTCUSDC_SHORT,REENTRY_K15M_PARTIAL_THRESHOLD,90.0,OK,0.0,2.771,-2.771,0,0.0,0.0,
BTCUSDC_SHORT,REENTRY_K15M_PARTIAL_THRESHOLD,112.5,OK,0.0,2.771,-2.771,0,0.0,0.0,
BTCUSDC_SHORT,REENTRY_K15M_PARTIAL_THRESHOLD,135.0,OK,0.0,2.771,-2.771,0,0.0,0.0,
BTCUSDC_SHORT,REENTRY_LIVE_MONITOR_DC_BREAK_ENABLED,False,OK,0.0,2.771,-2.771,0,0.0,0.0,
BTCUSDC_SHORT,REENTRY_LIVE_MONITOR_DC_BREAK_ENABLED,True,OK,0.0,2.771,-2.771,0,0.0,0.0,
BTCUSDC_SHORT,REENTRY_LIVE_MONITOR_DC_BREAK_USE_4BAR,False,OK,0.0,2.771,-2.771,0,0.0,0.0,
BTCUSDC_SHORT,REENTRY_LIVE_MONITOR_DC_BREAK_USE_4BAR,True,OK,0.0,2.771,-2.771,0,0.0,0.0,
BTCUSDC_SHORT,REENTRY_MANDATORY,False,OK,0.0,2.771,-2.771,0,0.0,0.0,
BTCUSDC_SHORT,REENTRY_MANDATORY,True,OK,0.0,2.771,-2.771,0,0.0,0.0,
BTCUSDC_SHORT,REENTRY_MAX_PRICE_DIVERGENCE_PCT,10.0,OK,0.0,2.771,-2.771,0,0.0,0.0,
BTCUSDC_SHORT,REENTRY_MAX_PRICE_DIVERGENCE_PCT,15.0,OK,0.0,2.771,-2.771,0,0.0,0.0,
BTCUSDC_SHORT,REENTRY_MAX_PRICE_DIVERGENCE_PCT,20.0,OK,0.0,2.771,-2.771,0,0.0,0.0,
BTCUSDC_SHORT,REENTRY_MAX_PRICE_DIVERGENCE_PCT,25.0,OK,0.0,2.771,-2.771,0,0.0,0.0,
BTCUSDC_SHORT,REENTRY_MAX_PRICE_DIVERGENCE_PCT,30.0,OK,0.0,2.771,-2.771,0,0.0,0.0,
BTCUSDC_SHORT,REENTRY_MIN_GAP_MINUTES,1.0,OK,0.0,2.771,-2.771,0,0.0,0.0,
BTCUSDC_SHORT,REENTRY_MIN_GAP_MINUTES,1.5,OK,0.0,2.771,-2.771,0,0.0,0.0,
BTCUSDC_SHORT,REENTRY_MIN_GAP_MINUTES,2.0,OK,0.0,2.771,-2.771,0,0.0,0.0,
BTCUSDC_SHORT,REENTRY_MIN_GAP_MINUTES,2.5,OK,0.0,2.771,-2.771,0,0.0,0.0,
BTCUSDC_SHORT,REENTRY_MIN_GAP_MINUTES,3.0,OK,0.0,2.771,-2.771,0,0.0,0.0,
BTCUSDC_SHORT,REENTRY_MIN_GAP_MINUTES,0.0,OK,0.0,2.771,-2.771,0,0.0,0.0,
BTCUSDC_SHORT,REENTRY_NEVER_SKIP_ENABLED,False,OK,0.0,2.771,-2.771,0,0.0,0.0,
BTCUSDC_SHORT,REENTRY_NEVER_SKIP_ENABLED,True,OK,0.0,2.771,-2.771,0,0.0,0.0,
BTCUSDC_SHORT,REENTRY_RALLY_HTF_MIN,1,OK,0.0,2.771,-2.771,0,0.0,0.0,
BTCUSDC_SHORT,REENTRY_RALLY_HTF_MIN,0,OK,0.0,2.771,-2.771,0,0.0,0.0,
BTCUSDC_SHORT,REENTRY_RALLY_HTF_MIN,2,OK,0.0,2.771,-2.771,0,0.0,0.0,
BTCUSDC_SHORT,REENTRY_RALLY_HTF_MIN,3,OK,0.0,2.771,-2.771,0,0.0,0.0,
BTCUSDC_SHORT,REENTRY_STOCH_K_MAX_LONG,40.0,OK,0.0,2.771,-2.771,0,0.0,0.0,
BTCUSDC_SHORT,REENTRY_STOCH_K_MAX_LONG,60.0,OK,0.0,2.771,-2.771,0,0.0,0.0,
BTCUSDC_SHORT,REENTRY_STOCH_K_MAX_LONG,80.0,OK,0.0,2.771,-2.771,0,0.0,0.0,
BTCUSDC_SHORT,REENTRY_STOCH_K_MAX_LONG,100.0,OK,0.0,2.771,-2.771,0,0.0,0.0,
BTCUSDC_SHORT,REENTRY_STOCH_K_MIN_SHORT,30.0,OK,0.0,2.771,-2.771,0,0.0,0.0,
BTCUSDC_SHORT,REENTRY_STOCH_K_MIN_SHORT,45.0,OK,0.0,2.771,-2.771,0,0.0,0.0,
BTCUSDC_SHORT,REENTRY_STOCH_K_MIN_SHORT,60.0,OK,0.0,2.771,-2.771,0,0.0,0.0,
BTCUSDC_SHORT,REENTRY_STOCH_K_MIN_SHORT,75.0,OK,0.0,2.771,-2.771,0,0.0,0.0,
BTCUSDC_SHORT,REENTRY_STOCH_K_MIN_SHORT,90.0,OK,0.0,2.771,-2.771,0,0.0,0.0,
BTCUSDC_SHORT,REENTRY_SYMGATE_ENABLED,False,OK,0.0,2.771,-2.771,0,0.0,0.0,
BTCUSDC_SHORT,REENTRY_SYMGATE_ENABLED,True,OK,0.0,2.771,-2.771,0,0.0,0.0,
BTCUSDC_SHORT,REENTRY_SYMGATE_SPEED_MIN,0.5,OK,0.0,2.771,-2.771,0,0.0,0.0,
BTCUSDC_SHORT,REENTRY_SYMGATE_SPEED_MIN,0.75,OK,0.0,2.771,-2.771,0,0.0,0.0,
BTCUSDC_SHORT,REENTRY_SYMGATE_SPEED_MIN,1.0,OK,0.0,2.771,-2.771,0,0.0,0.0,
BTCUSDC_SHORT,REENTRY_SYMGATE_SPEED_MIN,1.25,OK,0.0,2.771,-2.771,0,0.0,0.0,
BTCUSDC_SHORT,REENTRY_SYMGATE_SPEED_MIN,1.5,OK,0.0,2.771,-2.771,0,0.0,0.0,
BTCUSDC_SHORT,REENTRY_TIER1_SIZE_MULT_TRADIER,1.5,OK,0.0,2.771,-2.771,0,0.0,0.0,
BTCUSDC_SHORT,REENTRY_TIER1_SIZE_MULT_TRADIER,0.75,OK,0.0,2.771,-2.771,0,0.0,0.0,
BTCUSDC_SHORT,REENTRY_TIER1_SIZE_MULT_TRADIER,1.125,OK,0.0,2.771,-2.771,0,0.0,0.0,
BTCUSDC_SHORT,REENTRY_TIER1_SIZE_MULT_TRADIER,1.875,OK,0.0,2.771,-2.771,0,0.0,0.0,
BTCUSDC_SHORT,REENTRY_TIER1_SIZE_MULT_TRADIER,2.25,OK,0.0,2.771,-2.771,0,0.0,0.0,
BTCUSDC_SHORT,REENTRY_TIER2_MAX_MINUTES_TRADIER,60.0,OK,0.0,2.771,-2.771,0,0.0,0.0,
BTCUSDC_SHORT,REENTRY_TIER2_MAX_MINUTES_TRADIER,90.0,OK,0.0,2.771,-2.771,0,0.0,0.0,
BTCUSDC_SHORT,REENTRY_TIER2_MAX_MINUTES_TRADIER,120.0,OK,0.0,2.771,-2.771,0,0.0,0.0,
BTCUSDC_SHORT,REENTRY_TIER2_MAX_MINUTES_TRADIER,150.0,OK,0.0,2.771,-2.771,0,0.0,0.0,
BTCUSDC_SHORT,REENTRY_TIER2_MAX_MINUTES_TRADIER,180.0,OK,0.0,2.771,-2.771,0,0.0,0.0,
BTCUSDC_SHORT,REENTRY_TIER2_MIN_MINUTES_TRADIER,5.0,OK,0.0,2.771,-2.771,0,0.0,0.0,
BTCUSDC_SHORT,REENTRY_TIER2_MIN_MINUTES_TRADIER,7.5,OK,0.0,2.771,-2.771,0,0.0,0.0,
BTCUSDC_SHORT,REENTRY_TIER2_MIN_MINUTES_TRADIER,10.0,OK,0.0,2.771,-2.771,0,0.0,0.0,
BTCUSDC_SHORT,REENTRY_TIER2_MIN_MINUTES_TRADIER,12.5,OK,0.0,2.771,-2.771,0,0.0,0.0,
BTCUSDC_SHORT,REENTRY_TIER2_MIN_MINUTES_TRADIER,15.0,OK,0.0,2.771,-2.771,0,0.0,0.0,
BTCUSDC_SHORT,REENTRY_TIER2_PRICE_PCT_TRADIER,0.0015,OK,0.0,2.771,-2.771,0,0.0,0.0,
BTCUSDC_SHORT,REENTRY_TIER2_PRICE_PCT_TRADIER,0.00225,OK,0.0,2.771,-2.771,0,0.0,0.0,
BTCUSDC_SHORT,REENTRY_TIER2_PRICE_PCT_TRADIER,0.003,OK,0.0,2.771,-2.771,0,0.0,0.0,
BTCUSDC_SHORT,REENTRY_TIER2_PRICE_PCT_TRADIER,0.00375,OK,0.0,2.771,-2.771,0,0.0,0.0,
BTCUSDC_SHORT,REENTRY_TIER2_PRICE_PCT_TRADIER,0.0045,OK,0.0,2.771,-2.771,0,0.0,0.0,
BTCUSDC_SHORT,REENTRY_TIER2_SIZE_MULT_TRADIER,0.4,OK,0.0,2.771,-2.771,0,0.0,0.0,
BTCUSDC_SHORT,REENTRY_TIER2_SIZE_MULT_TRADIER,0.6,OK,0.0,2.771,-2.771,0,0.0,0.0,
BTCUSDC_SHORT,REENTRY_TIER2_SIZE_MULT_TRADIER,0.8,OK,0.0,2.771,-2.771,0,0.0,0.0,
BTCUSDC_SHORT,REENTRY_TIER2_SIZE_MULT_TRADIER,1.0,OK,0.0,2.771,-2.771,0,0.0,0.0,
BTCUSDC_SHORT,REENTRY_TIER2_SIZE_MULT_TRADIER,1.2,OK,0.0,2.771,-2.771,0,0.0,0.0,
BTCUSDC_SHORT,REGIME_ADAPTIVE_ENABLED,False,OK,0.0,2.771,-2.771,0,0.0,0.0,
BTCUSDC_SHORT,REGIME_ADAPTIVE_ENABLED,True,OK,0.0,2.771,-2.771,0,0.0,0.0,
BTCUSDC_SHORT,REGIME_ATR_RATIO_MIN,0.25,OK,0.0,2.771,-2.771,0,0.0,0.0,
BTCUSDC_SHORT,REGIME_ATR_RATIO_MIN,0.0625,OK,0.0,2.771,-2.771,0,0.0,0.0,
BTCUSDC_SHORT,REGIME_ATR_RATIO_MIN,0.09375,OK,0.0,2.771,-2.771,0,0.0,0.0,
BTCUSDC_SHORT,REGIME_ATR_RATIO_MIN,0.125,OK,0.0,2.771,-2.771,0,0.0,0.0,
BTCUSDC_SHORT,REGIME_ATR_RATIO_MIN,0.15625,OK,0.0,2.771,-2.771,0,0.0,0.0,
BTCUSDC_SHORT,REGIME_ATR_RATIO_MIN,0.1875,OK,0.0,2.771,-2.771,0,0.0,0.0,
BTCUSDC_SHORT,REGIME_BB_WIDTH_PCT_MIN,2.0,OK,0.0,2.771,-2.771,0,0.0,0.0,
BTCUSDC_SHORT,REGIME_BB_WIDTH_PCT_MIN,1.0,OK,0.0,2.771,-2.771,0,0.0,0.0,
BTCUSDC_SHORT,REGIME_BB_WIDTH_PCT_MIN,1.5,OK,0.0,2.771,-2.771,0,0.0,0.0,
BTCUSDC_SHORT,REGIME_BB_WIDTH_PCT_MIN,2.5,OK,0.0,2.771,-2.771,0,0.0,0.0,
BTCUSDC_SHORT,REGIME_BB_WIDTH_PCT_MIN,3.0,OK,0.0,2.771,-2.771,0,0.0,0.0,
BTCUSDC_SHORT,REGIME_BTC_MARKET_WEIGHT,0.5,OK,0.0,2.771,-2.771,0,0.0,0.0,
BTCUSDC_SHORT,REGIME_BTC_MARKET_WEIGHT,0.25,OK,0.0,2.771,-2.771,0,0.0,0.0,
BTCUSDC_SHORT,REGIME_BTC_MARKET_WEIGHT,0.375,OK,0.0,2.771,-2.771,0,0.0,0.0,
BTCUSDC_SHORT,REGIME_BTC_MARKET_WEIGHT,0.625,OK,0.0,2.771,-2.771,0,0.0,0.0,
BTCUSDC_SHORT,REGIME_BTC_MARKET_WEIGHT,0.75,OK,0.0,2.771,-2.771,0,0.0,0.0,
BTCUSDC_SHORT,REGIME_DC_ATR_RATIO_MIN,1.5,OK,0.0,2.771,-2.771,0,0.0,0.0,
BTCUSDC_SHORT,REGIME_DC_ATR_RATIO_MIN,0.75,OK,0.0,2.771,-2.771,0,0.0,0.0,
BTCUSDC_SHORT,REGIME_DC_ATR_RATIO_MIN,1.125,OK,0.0,2.771,-2.771,0,0.0,0.0,
BTCUSDC_SHORT,REGIME_DC_ATR_RATIO_MIN,1.875,OK,0.0,2.771,-2.771,0,0.0,0.0,
BTCUSDC_SHORT,REGIME_DC_ATR_RATIO_MIN,2.25,OK,0.0,2.771,-2.771,0,0.0,0.0,
BTCUSDC_SHORT,REGIME_DETECTION_ENABLED,False,OK,0.0,2.771,-2.771,0,0.0,0.0,
BTCUSDC_SHORT,REGIME_DETECTION_ENABLED,True,OK,0.0,2.771,-2.771,0,0.0,0.0,
BTCUSDC_SHORT,REGIME_ENTER_TRENDING_THRESHOLD,30.0,OK,0.0,2.771,-2.771,0,0.0,0.0,
BTCUSDC_SHORT,REGIME_ENTER_TRENDING_THRESHOLD,15.0,OK,0.0,2.771,-2.771,0,0.0,0.0,
BTCUSDC_SHORT,REGIME_ENTER_TRENDING_THRESHOLD,22.5,OK,0.0,2.771,-2.771,0,0.0,0.0,
BTCUSDC_SHORT,REGIME_ENTER_TRENDING_THRESHOLD,37.5,OK,0.0,2.771,-2.771,0,0.0,0.0,
BTCUSDC_SHORT,REGIME_ENTER_TRENDING_THRESHOLD,45.0,OK,0.0,2.771,-2.771,0,0.0,0.0,
BTCUSDC_SHORT,REGIME_EXIT_TRENDING_THRESHOLD,15.0,OK,0.0,2.771,-2.771,0,0.0,0.0,
BTCUSDC_SHORT,REGIME_EXIT_TRENDING_THRESHOLD,7.5,OK,0.0,2.771,-2.771,0,0.0,0.0,
BTCUSDC_SHORT,REGIME_EXIT_TRENDING_THRESHOLD,11.25,OK,0.0,2.771,-2.771,0,0.0,0.0,
BTCUSDC_SHORT,REGIME_EXIT_TRENDING_THRESHOLD,18.75,OK,0.0,2.771,-2.771,0,0.0,0.0,
BTCUSDC_SHORT,REGIME_EXIT_TRENDING_THRESHOLD,22.5,OK,0.0,2.771,-2.771,0,0.0,0.0,
BTCUSDC_SHORT,REGIME_GATE_ENABLED,False,OK,0.0,2.771,-2.771,0,0.0,0.0,
BTCUSDC_SHORT,REGIME_GATE_ENABLED,True,OK,0.0,2.771,-2.771,0,0.0,0.0,
BTCUSDC_SHORT,REGIME_MIN_DWELL_BARS,16,OK,0.0,2.771,-2.771,0,0.0,0.0,
BTCUSDC_SHORT,REGIME_MIN_DWELL_BARS,8,OK,0.0,2.771,-2.771,0,0.0,0.0,
BTCUSDC_SHORT,REGIME_MIN_DWELL_BARS,12,OK,0.0,2.771,-2.771,0,0.0,0.0,
BTCUSDC_SHORT,REGIME_MIN_DWELL_BARS,20,OK,0.0,2.771,-2.771,0,0.0,0.0,
BTCUSDC_SHORT,REGIME_MIN_DWELL_BARS,24,OK,0.0,2.771,-2.771,0,0.0,0.0,
BTCUSDC_SHORT,REGIME_RANGING_DC_BREAKOUT_SCORE,0,OK,0.0,2.771,-2.771,0,0.0,0.0,
BTCUSDC_SHORT,REGIME_RANGING_DC_BREAKOUT_SCORE,1,OK,0.0,2.771,-2.771,0,0.0,0.0,
BTCUSDC_SHORT,REGIME_RANGING_EXIT_GAIN_MIN,0.15,OK,0.0,2.771,-2.771,0,0.0,0.0,
BTCUSDC_SHORT,REGIME_RANGING_EXIT_GAIN_MIN,0.075,OK,0.0,2.771,-2.771,0,0.0,0.0,
BTCUSDC_SHORT,REGIME_RANGING_EXIT_GAIN_MIN,0.1125,OK,0.0,2.771,-2.771,0,0.0,0.0,
BTCUSDC_SHORT,REGIME_RANGING_EXIT_GAIN_MIN,0.1875,OK,0.0,2.771,-2.771,0,0.0,0.0,
BTCUSDC_SHORT,REGIME_RANGING_EXIT_GAIN_MIN,0.225,OK,0.0,2.771,-2.771,0,0.0,0.0,
BTCUSDC_SHORT,REGIME_RANGING_K_ZONE_BONUS,40,OK,0.0,2.771,-2.771,0,0.0,0.0,
BTCUSDC_SHORT,REGIME_RANGING_K_ZONE_BONUS,20,OK,0.0,2.771,-2.771,0,0.0,0.0,
BTCUSDC_SHORT,REGIME_RANGING_K_ZONE_BONUS,30,OK,0.0,2.771,-2.771,0,0.0,0.0,
BTCUSDC_SHORT,REGIME_RANGING_K_ZONE_BONUS,50,OK,0.0,2.771,-2.771,0,0.0,0.0,
BTCUSDC_SHORT,REGIME_RANGING_K_ZONE_BONUS,60,OK,0.0,2.771,-2.771,0,0.0,0.0,
BTCUSDC_SHORT,REGIME_RANGING_MIN_HOLD_BARS,8,OK,0.0,2.771,-2.771,0,0.0,0.0,
BTCUSDC_SHORT,REGIME_RANGING_MIN_HOLD_BARS,4,OK,0.0,2.771,-2.771,0,0.0,0.0,
BTCUSDC_SHORT,REGIME_RANGING_MIN_HOLD_BARS,6,OK,0.0,2.771,-2.771,0,0.0,0.0,
BTCUSDC_SHORT,REGIME_RANGING_MIN_HOLD_BARS,10,OK,0.0,2.771,-2.771,0,0.0,0.0,
BTCUSDC_SHORT,REGIME_RANGING_MIN_HOLD_BARS,12,OK,0.0,2.771,-2.771,0,0.0,0.0,
BTCUSDC_SHORT,REGIME_RANGING_NOLOSS_MIN,0.05,OK,0.0,2.771,-2.771,0,0.0,0.0,
BTCUSDC_SHORT,REGIME_RANGING_NOLOSS_MIN,0.0375,OK,0.0,2.771,-2.771,0,0.0,0.0,
BTCUSDC_SHORT,REGIME_RANGING_NOLOSS_MIN,0.05625,OK,0.0,2.771,-2.771,0,0.0,0.0,
BTCUSDC_SHORT,REGIME_RANGING_NOLOSS_MIN,0.075,OK,0.0,2.771,-2.771,0,0.0,0.0,
BTCUSDC_SHORT,REGIME_RANGING_NOLOSS_MIN,0.09375,OK,0.0,2.771,-2.771,0,0.0,0.0,
BTCUSDC_SHORT,REGIME_RANGING_NOLOSS_MIN,0.1125,OK,0.0,2.771,-2.771,0,0.0,0.0,
BTCUSDC_SHORT,REGIME_RANGING_NOLOSS_MIN,0.07500000000000001,OK,0.0,2.771,-2.771,0,0.0,0.0,
BTCUSDC_SHORT,REGIME_RANGING_POSITION_SIZE_MULT,0.5,OK,0.0,2.771,-2.771,0,0.0,0.0,
BTCUSDC_SHORT,REGIME_RANGING_POSITION_SIZE_MULT,0.25,OK,0.0,2.771,-2.771,0,0.0,0.0,
BTCUSDC_SHORT,REGIME_RANGING_POSITION_SIZE_MULT,0.375,OK,0.0,2.771,-2.771,0,0.0,0.0,
BTCUSDC_SHORT,REGIME_RANGING_POSITION_SIZE_MULT,0.625,OK,0.0,2.771,-2.771,0,0.0,0.0,
BTCUSDC_SHORT,REGIME_RANGING_POSITION_SIZE_MULT,0.75,OK,0.0,2.771,-2.771,0,0.0,0.0,
BTCUSDC_SHORT,REGIME_RANGING_REENTRY_SIZE_MULT,1.0,OK,0.0,2.771,-2.771,0,0.0,0.0,
BTCUSDC_SHORT,REGIME_RANGING_REENTRY_SIZE_MULT,0.5,OK,0.0,2.771,-2.771,0,0.0,0.0,
BTCUSDC_SHORT,REGIME_RANGING_REENTRY_SIZE_MULT,0.75,OK,0.0,2.771,-2.771,0,0.0,0.0,
BTCUSDC_SHORT,REGIME_RANGING_REENTRY_SIZE_MULT,1.25,OK,0.0,2.771,-2.771,0,0.0,0.0,
BTCUSDC_SHORT,REGIME_RANGING_REENTRY_SIZE_MULT,1.5,OK,0.0,2.771,-2.771,0,0.0,0.0,
BTCUSDC_SHORT,REGIME_RANGING_SLOT_RESERVE_PCT,0.6,OK,0.0,2.771,-2.771,0,0.0,0.0,
BTCUSDC_SHORT,REGIME_RANGING_SLOT_RESERVE_PCT,0.3,OK,0.0,2.771,-2.771,0,0.0,0.0,
BTCUSDC_SHORT,REGIME_RANGING_SLOT_RESERVE_PCT,0.45,OK,0.0,2.771,-2.771,0,0.0,0.0,
BTCUSDC_SHORT,REGIME_RANGING_SLOT_RESERVE_PCT,0.75,OK,0.0,2.771,-2.771,0,0.0,0.0,
BTCUSDC_SHORT,REGIME_RANGING_SLOT_RESERVE_PCT,0.9,OK,0.0,2.771,-2.771,0,0.0,0.0,
BTCUSDC_SHORT,REGIME_RANGING_STALE_HOURS,48.0,OK,0.0,2.771,-2.771,0,0.0,0.0,
BTCUSDC_SHORT,REGIME_RANGING_STALE_HOURS,6.0,OK,0.0,2.771,-2.771,0,0.0,0.0,
BTCUSDC_SHORT,REGIME_RANGING_STALE_HOURS,9.0,OK,0.0,2.771,-2.771,0,0.0,0.0,
BTCUSDC_SHORT,REGIME_RANGING_STALE_HOURS,12.0,OK,0.0,2.771,-2.771,0,0.0,0.0,
BTCUSDC_SHORT,REGIME_RANGING_STALE_HOURS,15.0,OK,0.0,2.771,-2.771,0,0.0,0.0,
BTCUSDC_SHORT,REGIME_RANGING_STALE_HOURS,18.0,OK,0.0,2.771,-2.771,0,0.0,0.0,
BTCUSDC_SHORT,REGIME_RANGING_STALE_MIN_PROFIT,0.02,OK,0.0,2.771,-2.771,0,0.0,0.0,
BTCUSDC_SHORT,REGIME_RANGING_STALE_MIN_PROFIT,0.01,OK,0.0,2.771,-2.771,0,0.0,0.0,
BTCUSDC_SHORT,REGIME_RANGING_STALE_MIN_PROFIT,0.015,OK,0.0,2.771,-2.771,0,0.0,0.0,
BTCUSDC_SHORT,REGIME_RANGING_STALE_MIN_PROFIT,0.025,OK,0.0,2.771,-2.771,0,0.0,0.0,
BTCUSDC_SHORT,REGIME_RANGING_STALE_MIN_PROFIT,0.03,OK,0.0,2.771,-2.771,0,0.0,0.0,
BTCUSDC_SHORT,REGIME_RANGING_WT_EXIT_VEL,-3.0,OK,0.0,2.771,-2.771,0,0.0,0.0,
BTCUSDC_SHORT,REGIME_RANGING_WT_EXIT_VEL,-4.5,OK,0.0,2.771,-2.771,0,0.0,0.0,
BTCUSDC_SHORT,REGIME_RANGING_WT_EXIT_VEL,-3.75,OK,0.0,2.771,-2.771,0,0.0,0.0,
BTCUSDC_SHORT,REGIME_RANGING_WT_EXIT_VEL,-2.25,OK,0.0,2.771,-2.771,0,0.0,0.0,
BTCUSDC_SHORT,REGIME_RANGING_WT_EXIT_VEL,-1.5,OK,0.0,2.771,-2.771,0,0.0,0.0,
BTCUSDC_SHORT,REGIME_RANGING_WT_REDUCE_FRAC_LOW,0.4,OK,0.0,2.771,-2.771,0,0.0,0.0,
BTCUSDC_SHORT,REGIME_RANGING_WT_REDUCE_FRAC_LOW,0.2,OK,0.0,2.771,-2.771,0,0.0,0.0,
BTCUSDC_SHORT,REGIME_RANGING_WT_REDUCE_FRAC_LOW,0.3,OK,0.0,2.771,-2.771,0,0.0,0.0,
BTCUSDC_SHORT,REGIME_RANGING_WT_REDUCE_FRAC_LOW,0.5,OK,0.0,2.771,-2.771,0,0.0,0.0,
BTCUSDC_SHORT,REGIME_RANGING_WT_REDUCE_FRAC_LOW,0.6,OK,0.0,2.771,-2.771,0,0.0,0.0,
BTCUSDC_SHORT,REGIME_RANGING_WT_REDUCE_FRAC_MED,0.6,OK,0.0,2.771,-2.771,0,0.0,0.0,
BTCUSDC_SHORT,REGIME_RANGING_WT_REDUCE_FRAC_MED,0.45,OK,0.0,2.771,-2.771,0,0.0,0.0,
BTCUSDC_SHORT,REGIME_RANGING_WT_REDUCE_FRAC_MED,0.675,OK,0.0,2.771,-2.771,0,0.0,0.0,
BTCUSDC_SHORT,REGIME_RANGING_WT_REDUCE_FRAC_MED,0.9,OK,0.0,2.771,-2.771,0,0.0,0.0,
BTCUSDC_SHORT,REGIME_RANGING_WT_REDUCE_FRAC_MED,0.8999999999999999,OK,0.0,2.771,-2.771,0,0.0,0.0,
BTCUSDC_SHORT,REGIME_TRENDING_DC_BREAKOUT_SCORE,30,OK,0.0,2.771,-2.771,0,0.0,0.0,
BTCUSDC_SHORT,REGIME_TRENDING_DC_BREAKOUT_SCORE,15,OK,0.0,2.771,-2.771,0,0.0,0.0,
BTCUSDC_SHORT,REGIME_TRENDING_DC_BREAKOUT_SCORE,45,OK,0.0,2.771,-2.771,0,0.0,0.0,
BTCUSDC_SHORT,REGIME_TRENDING_EXIT_GAIN_MIN,2.0,OK,0.0,2.771,-2.771,0,0.0,0.0,
BTCUSDC_SHORT,REGIME_TRENDING_EXIT_GAIN_MIN,1.0,OK,0.0,2.771,-2.771,0,0.0,0.0,
BTCUSDC_SHORT,REGIME_TRENDING_EXIT_GAIN_MIN,1.5,OK,0.0,2.771,-2.771,0,0.0,0.0,
BTCUSDC_SHORT,REGIME_TRENDING_EXIT_GAIN_MIN,2.5,OK,0.0,2.771,-2.771,0,0.0,0.0,
BTCUSDC_SHORT,REGIME_TRENDING_EXIT_GAIN_MIN,3.0,OK,0.0,2.771,-2.771,0,0.0,0.0,
BTCUSDC_SHORT,REGIME_TRENDING_K_RESET_THRESHOLD,40.0,OK,0.0,2.771,-2.771,0,0.0,0.0,
BTCUSDC_SHORT,REGIME_TRENDING_K_RESET_THRESHOLD,20.0,OK,0.0,2.771,-2.771,0,0.0,0.0,
BTCUSDC_SHORT,REGIME_TRENDING_K_RESET_THRESHOLD,30.0,OK,0.0,2.771,-2.771,0,0.0,0.0,
BTCUSDC_SHORT,REGIME_TRENDING_K_RESET_THRESHOLD,50.0,OK,0.0,2.771,-2.771,0,0.0,0.0,
BTCUSDC_SHORT,REGIME_TRENDING_K_RESET_THRESHOLD,60.0,OK,0.0,2.771,-2.771,0,0.0,0.0,
BTCUSDC_SHORT,REGIME_TRENDING_MIN_HOLD_BARS,48,OK,0.0,2.771,-2.771,0,0.0,0.0,
BTCUSDC_SHORT,REGIME_TRENDING_MIN_HOLD_BARS,24,OK,0.0,2.771,-2.771,0,0.0,0.0,
BTCUSDC_SHORT,REGIME_TRENDING_MIN_HOLD_BARS,36,OK,0.0,2.771,-2.771,0,0.0,0.0,
BTCUSDC_SHORT,REGIME_TRENDING_MIN_HOLD_BARS,60,OK,0.0,2.771,-2.771,0,0.0,0.0,
BTCUSDC_SHORT,REGIME_TRENDING_MIN_HOLD_BARS,72,OK,0.0,2.771,-2.771,0,0.0,0.0,
BTCUSDC_SHORT,REGIME_TRENDING_NOLOSS_MIN,0.5,OK,0.0,2.771,-2.771,0,0.0,0.0,
BTCUSDC_SHORT,REGIME_TRENDING_NOLOSS_MIN,0.0,OK,0.0,2.771,-2.771,0,0.0,0.0,
BTCUSDC_SHORT,REGIME_TRENDING_NOLOSS_MIN,1.0,OK,0.0,2.771,-2.771,0,0.0,0.0,
BTCUSDC_SHORT,REGIME_TRENDING_NOLOSS_MIN,2.0,OK,0.0,2.771,-2.771,0,0.0,0.0,
BTCUSDC_SHORT,REGIME_TRENDING_POSITION_SIZE_MULT,1.5,OK,0.0,2.771,-2.771,0,0.0,0.0,
BTCUSDC_SHORT,REGIME_TRENDING_POSITION_SIZE_MULT,0.75,OK,0.0,2.771,-2.771,0,0.0,0.0,
BTCUSDC_SHORT,REGIME_TRENDING_POSITION_SIZE_MULT,1.125,OK,0.0,2.771,-2.771,0,0.0,0.0,
BTCUSDC_SHORT,REGIME_TRENDING_POSITION_SIZE_MULT,1.875,OK,0.0,2.771,-2.771,0,0.0,0.0,
BTCUSDC_SHORT,REGIME_TRENDING_POSITION_SIZE_MULT,2.25,OK,0.0,2.771,-2.771,0,0.0,0.0,
BTCUSDC_SHORT,REGIME_TRENDING_REENTRY_SIZE_MULT,2.0,OK,0.0,2.771,-2.771,0,0.0,0.0,
BTCUSDC_SHORT,REGIME_TRENDING_REENTRY_SIZE_MULT,1.0,OK,0.0,2.771,-2.771,0,0.0,0.0,
BTCUSDC_SHORT,REGIME_TRENDING_REENTRY_SIZE_MULT,1.5,OK,0.0,2.771,-2.771,0,0.0,0.0,
BTCUSDC_SHORT,REGIME_TRENDING_REENTRY_SIZE_MULT,2.5,OK,0.0,2.771,-2.771,0,0.0,0.0,
BTCUSDC_SHORT,REGIME_TRENDING_REENTRY_SIZE_MULT,3.0,OK,0.0,2.771,-2.771,0,0.0,0.0,
BTCUSDC_SHORT,REGIME_TRENDING_SLOT_RESERVE_PCT,0.4,OK,0.0,2.771,-2.771,0,0.0,0.0,
BTCUSDC_SHORT,REGIME_TRENDING_SLOT_RESERVE_PCT,0.2,OK,0.0,2.771,-2.771,0,0.0,0.0,
BTCUSDC_SHORT,REGIME_TRENDING_SLOT_RESERVE_PCT,0.3,OK,0.0,2.771,-2.771,0,0.0,0.0,
BTCUSDC_SHORT,REGIME_TRENDING_SLOT_RESERVE_PCT,0.5,OK,0.0,2.771,-2.771,0,0.0,0.0,
BTCUSDC_SHORT,REGIME_TRENDING_SLOT_RESERVE_PCT,0.6,OK,0.0,2.771,-2.771,0,0.0,0.0,
BTCUSDC_SHORT,REGIME_TRENDING_WT_EXIT_VEL,-12.0,OK,0.0,2.771,-2.771,0,0.0,0.0,
BTCUSDC_SHORT,REGIME_TRENDING_WT_EXIT_VEL,-18.0,OK,0.0,2.771,-2.771,0,0.0,0.0,
BTCUSDC_SHORT,REGIME_TRENDING_WT_EXIT_VEL,-15.0,OK,0.0,2.771,-2.771,0,0.0,0.0,
BTCUSDC_SHORT,REGIME_TRENDING_WT_EXIT_VEL,-9.0,OK,0.0,2.771,-2.771,0,0.0,0.0,
BTCUSDC_SHORT,REGIME_TRENDING_WT_EXIT_VEL,-6.0,OK,0.0,2.771,-2.771,0,0.0,0.0,
BTCUSDC_SHORT,REGIME_TRENDING_WT_REDUCE_FRAC_LOW,0.1,OK,0.0,2.771,-2.771,0,0.0,0.0,
BTCUSDC_SHORT,REGIME_TRENDING_WT_REDUCE_FRAC_LOW,0.05,OK,0.0,2.771,-2.771,0,0.0,0.0,
BTCUSDC_SHORT,REGIME_TRENDING_WT_REDUCE_FRAC_LOW,0.075,OK,0.0,2.771,-2.771,0,0.0,0.0,
BTCUSDC_SHORT,REGIME_TRENDING_WT_REDUCE_FRAC_LOW,0.125,OK,0.0,2.771,-2.771,0,0.0,0.0,
BTCUSDC_SHORT,REGIME_TRENDING_WT_REDUCE_FRAC_LOW,0.15,OK,0.0,2.771,-2.771,0,0.0,0.0,
BTCUSDC_SHORT,REGIME_TRENDING_WT_REDUCE_FRAC_MED,0.15,OK,0.0,2.771,-2.771,0,0.0,0.0,
BTCUSDC_SHORT,REGIME_TRENDING_WT_REDUCE_FRAC_MED,0.075,OK,0.0,2.771,-2.771,0,0.0,0.0,
BTCUSDC_SHORT,REGIME_TRENDING_WT_REDUCE_FRAC_MED,0.1125,OK,0.0,2.771,-2.771,0,0.0,0.0,
BTCUSDC_SHORT,REGIME_TRENDING_WT_REDUCE_FRAC_MED,0.1875,OK,0.0,2.771,-2.771,0,0.0,0.0,
BTCUSDC_SHORT,REGIME_TRENDING_WT_REDUCE_FRAC_MED,0.225,OK,0.0,2.771,-2.771,0,0.0,0.0,
BTCUSDC_SHORT,ROTATION_POSITION_SIZE,600.0,OK,0.0,2.771,-2.771,0,0.0,0.0,
BTCUSDC_SHORT,ROTATION_POSITION_SIZE,900.0,OK,0.0,2.771,-2.771,0,0.0,0.0,
BTCUSDC_SHORT,ROTATION_POSITION_SIZE,1200.0,OK,0.0,2.771,-2.771,0,0.0,0.0,
BTCUSDC_SHORT,ROTATION_POSITION_SIZE,1500.0,OK,0.0,2.771,-2.771,0,0.0,0.0,
BTCUSDC_SHORT,ROTATION_POSITION_SIZE,1800.0,OK,0.0,2.771,-2.771,0,0.0,0.0,
BTCUSDC_SHORT,ROTATION_SMA200_FILTER,False,OK,0.0,2.771,-2.771,0,0.0,0.0,
BTCUSDC_SHORT,ROTATION_SMA200_FILTER,True,OK,0.0,2.771,-2.771,0,0.0,0.0,
BTCUSDC_SHORT,ROUND_TRIP_COST_PCT,0.03,OK,0.0,2.771,-2.771,0,0.0,0.0,
BTCUSDC_SHORT,ROUND_TRIP_COST_PCT,0.025,OK,0.0,2.771,-2.771,0,0.0,0.0,
BTCUSDC_SHORT,ROUND_TRIP_COST_PCT,0.0375,OK,0.0,2.771,-2.771,0,0.0,0.0,
BTCUSDC_SHORT,ROUND_TRIP_COST_PCT,0.05,OK,0.0,2.771,-2.771,0,0.0,0.0,
BTCUSDC_SHORT,ROUND_TRIP_COST_PCT,0.0625,OK,0.0,2.771,-2.771,0,0.0,0.0,
BTCUSDC_SHORT,ROUND_TRIP_COST_PCT,0.075,OK,0.0,2.771,-2.771,0,0.0,0.0,
BTCUSDC_SHORT,RSI2_ENABLED,False,OK,0.0,2.771,-2.771,0,0.0,0.0,
BTCUSDC_SHORT,RSI2_ENABLED,True,OK,0.0,2.771,-2.771,0,0.0,0.0,
BTCUSDC_SHORT,RSI2_ENTRY_THRESHOLD,1.5,OK,0.0,2.771,-2.771,0,0.0,0.0,
BTCUSDC_SHORT,RSI2_ENTRY_THRESHOLD,2.25,OK,0.0,2.771,-2.771,0,0.0,0.0,
BTCUSDC_SHORT,RSI2_ENTRY_THRESHOLD,3.0,OK,0.0,2.771,-2.771,0,0.0,0.0,
BTCUSDC_SHORT,RSI2_ENTRY_THRESHOLD,3.75,OK,0.0,2.771,-2.771,0,0.0,0.0,
BTCUSDC_SHORT,RSI2_ENTRY_THRESHOLD,4.5,OK,0.0,2.771,-2.771,0,0.0,0.0,
BTCUSDC_SHORT,RSI2_EXIT_THRESHOLD_LONG,70.0,OK,0.0,2.771,-2.771,0,0.0,0.0,
BTCUSDC_SHORT,RSI2_EXIT_THRESHOLD_LONG,35.0,OK,0.0,2.771,-2.771,0,0.0,0.0,
BTCUSDC_SHORT,RSI2_EXIT_THRESHOLD_LONG,52.5,OK,0.0,2.771,-2.771,0,0.0,0.0,
BTCUSDC_SHORT,RSI2_EXIT_THRESHOLD_LONG,87.5,OK,0.0,2.771,-2.771,0,0.0,0.0,
BTCUSDC_SHORT,RSI2_EXIT_THRESHOLD_LONG,105.0,OK,0.0,2.771,-2.771,0,0.0,0.0,
BTCUSDC_SHORT,RSI2_EXIT_THRESHOLD_SHORT,30.0,OK,0.0,2.771,-2.771,0,0.0,0.0,
BTCUSDC_SHORT,RSI2_EXIT_THRESHOLD_SHORT,15.0,OK,0.0,2.771,-2.771,0,0.0,0.0,
BTCUSDC_SHORT,RSI2_EXIT_THRESHOLD_SHORT,22.5,OK,0.0,2.771,-2.771,0,0.0,0.0,
BTCUSDC_SHORT,RSI2_EXIT_THRESHOLD_SHORT,37.5,OK,0.0,2.771,-2.771,0,0.0,0.0,
BTCUSDC_SHORT,RSI2_EXIT_THRESHOLD_SHORT,45.0,OK,0.0,2.771,-2.771,0,0.0,0.0,
BTCUSDC_SHORT,RSI2_POSITION_SIZE,300.0,OK,0.0,2.771,-2.771,0,0.0,0.0,
BTCUSDC_SHORT,RSI2_POSITION_SIZE,450.0,OK,0.0,2.771,-2.771,0,0.0,0.0,
BTCUSDC_SHORT,RSI2_POSITION_SIZE,600.0,OK,0.0,2.771,-2.771,0,0.0,0.0,
BTCUSDC_SHORT,RSI2_POSITION_SIZE,750.0,OK,0.0,2.771,-2.771,0,0.0,0.0,
BTCUSDC_SHORT,RSI2_POSITION_SIZE,900.0,OK,0.0,2.771,-2.771,0,0.0,0.0,
BTCUSDC_SHORT,RSI_ENTRY_GATE_ENABLED,False,OK,0.0,2.771,-2.771,0,0.0,0.0,
BTCUSDC_SHORT,RSI_ENTRY_GATE_ENABLED,True,OK,0.0,2.771,-2.771,0,0.0,0.0,
BTCUSDC_SHORT,RSI_ENTRY_LONG_TRADIER,40.0,OK,0.0,2.771,-2.771,0,0.0,0.0,
BTCUSDC_SHORT,RSI_ENTRY_LONG_TRADIER,20.0,OK,0.0,2.771,-2.771,0,0.0,0.0,
BTCUSDC_SHORT,RSI_ENTRY_LONG_TRADIER,30.0,OK,0.0,2.771,-2.771,0,0.0,0.0,
BTCUSDC_SHORT,RSI_ENTRY_LONG_TRADIER,50.0,OK,0.0,2.771,-2.771,0,0.0,0.0,
BTCUSDC_SHORT,RSI_ENTRY_LONG_TRADIER,60.0,OK,0.0,2.771,-2.771,0,0.0,0.0,
BTCUSDC_SHORT,RSI_ENTRY_MAX_LONG,37.0,OK,0.0,2.771,-2.771,0,0.0,0.0,
BTCUSDC_SHORT,RSI_ENTRY_MAX_LONG,18.5,OK,0.0,2.771,-2.771,0,0.0,0.0,
BTCUSDC_SHORT,RSI_ENTRY_MAX_LONG,27.75,OK,0.0,2.771,-2.771,0,0.0,0.0,
BTCUSDC_SHORT,RSI_ENTRY_MAX_LONG,46.25,OK,0.0,2.771,-2.771,0,0.0,0.0,
BTCUSDC_SHORT,RSI_ENTRY_MAX_LONG,55.5,OK,0.0,2.771,-2.771,0,0.0,0.0,
BTCUSDC_SHORT,RSI_ENTRY_MIN_SHORT,63.0,OK,0.0,2.771,-2.771,0,0.0,0.0,
BTCUSDC_SHORT,RSI_ENTRY_MIN_SHORT,31.5,OK,0.0,2.771,-2.771,0,0.0,0.0,
BTCUSDC_SHORT,RSI_ENTRY_MIN_SHORT,47.25,OK,0.0,2.771,-2.771,0,0.0,0.0,
BTCUSDC_SHORT,RSI_ENTRY_MIN_SHORT,78.75,OK,0.0,2.771,-2.771,0,0.0,0.0,
BTCUSDC_SHORT,RSI_ENTRY_MIN_SHORT,94.5,OK,0.0,2.771,-2.771,0,0.0,0.0,
BTCUSDC_SHORT,RSI_ENTRY_PERIOD_TRADIER,5,OK,0.0,2.771,-2.771,0,0.0,0.0,
BTCUSDC_SHORT,RSI_ENTRY_PERIOD_TRADIER,10,OK,0.0,2.771,-2.771,0,0.0,0.0,
BTCUSDC_SHORT,RSI_ENTRY_PERIOD_TRADIER,15,OK,0.0,2.771,-2.771,0,0.0,0.0,
BTCUSDC_SHORT,RSI_ENTRY_SHORT_TRADIER,58.0,OK,0.0,2.771,-2.771,0,0.0,0.0,
BTCUSDC_SHORT,RSI_ENTRY_SHORT_TRADIER,29.0,OK,0.0,2.771,-2.771,0,0.0,0.0,
BTCUSDC_SHORT,RSI_ENTRY_SHORT_TRADIER,43.5,OK,0.0,2.771,-2.771,0,0.0,0.0,
BTCUSDC_SHORT,RSI_ENTRY_SHORT_TRADIER,72.5,OK,0.0,2.771,-2.771,0,0.0,0.0,
BTCUSDC_SHORT,RSI_ENTRY_SHORT_TRADIER,87.0,OK,0.0,2.771,-2.771,0,0.0,0.0,
BTCUSDC_SHORT,RSI_EXIT_LONG_TRADIER,85.0,OK,0.0,2.771,-2.771,0,0.0,0.0,
BTCUSDC_SHORT,RSI_EXIT_LONG_TRADIER,42.5,OK,0.0,2.771,-2.771,0,0.0,0.0,
BTCUSDC_SHORT,RSI_EXIT_LONG_TRADIER,63.75,OK,0.0,2.771,-2.771,0,0.0,0.0,
BTCUSDC_SHORT,RSI_EXIT_SHORT_TRADIER,15.0,OK,0.0,2.771,-2.771,0,0.0,0.0,
BTCUSDC_SHORT,RSI_EXIT_SHORT_TRADIER,7.5,OK,0.0,2.771,-2.771,0,0.0,0.0,
BTCUSDC_SHORT,RSI_EXIT_SHORT_TRADIER,11.25,OK,0.0,2.771,-2.771,0,0.0,0.0,
BTCUSDC_SHORT,RSI_EXIT_SHORT_TRADIER,18.75,OK,0.0,2.771,-2.771,0,0.0,0.0,
BTCUSDC_SHORT,RSI_EXIT_SHORT_TRADIER,22.5,OK,0.0,2.771,-2.771,0,0.0,0.0,
BTCUSDC_SHORT,RSI_MOMENTUM_MODE,False,OK,0.0,2.771,-2.771,0,0.0,0.0,
BTCUSDC_SHORT,RSI_MOMENTUM_MODE,True,OK,0.0,2.771,-2.771,0,0.0,0.0,
BTCUSDC_SHORT,RULE_B_5M_EXIT_ENABLED,False,OK,0.0,2.771,-2.771,0,0.0,0.0,
BTCUSDC_SHORT,RULE_B_5M_EXIT_ENABLED,True,OK,0.0,2.771,-2.771,0,0.0,0.0,
BTCUSDC_SHORT,RVOL_MOMENTUM_MIN,0.75,OK,0.0,2.771,-2.771,0,0.0,0.0,
BTCUSDC_SHORT,RVOL_MOMENTUM_MIN,1.125,OK,0.0,2.771,-2.771,0,0.0,0.0,
BTCUSDC_SHORT,RVOL_MOMENTUM_MIN,1.5,OK,0.0,2.771,-2.771,0,0.0,0.0,
BTCUSDC_SHORT,RVOL_MOMENTUM_MIN,1.875,OK,0.0,2.771,-2.771,0,0.0,0.0,
BTCUSDC_SHORT,RVOL_MOMENTUM_MIN,2.25,OK,0.0,2.771,-2.771,0,0.0,0.0,
BTCUSDC_SHORT,RZ_DIV_EXIT_ENABLED,False,OK,0.0,2.771,-2.771,0,0.0,0.0,
BTCUSDC_SHORT,RZ_DIV_EXIT_ENABLED,True,OK,0.0,2.771,-2.771,0,0.0,0.0,
BTCUSDC_SHORT,RZ_ENTRY_ENABLED,False,OK,0.0,2.771,-2.771,0,0.0,0.0,
BTCUSDC_SHORT,RZ_ENTRY_ENABLED,True,OK,0.0,2.771,-2.771,0,0.0,0.0,
BTCUSDC_SHORT,RZ_EXIT_ENABLED,False,OK,0.0,2.771,-2.771,0,0.0,0.0,
BTCUSDC_SHORT,RZ_EXIT_ENABLED,True,OK,0.0,2.771,-2.771,0,0.0,0.0,
BTCUSDC_SHORT,RZ_K_ENTRY_BOTTOM,10.0,OK,0.0,2.771,-2.771,0,0.0,0.0,
BTCUSDC_SHORT,RZ_K_ENTRY_BOTTOM,5.0,OK,0.0,2.771,-2.771,0,0.0,0.0,
BTCUSDC_SHORT,RZ_K_ENTRY_BOTTOM,7.5,OK,0.0,2.771,-2.771,0,0.0,0.0,
BTCUSDC_SHORT,RZ_K_ENTRY_BOTTOM,12.5,OK,0.0,2.771,-2.771,0,0.0,0.0,
BTCUSDC_SHORT,RZ_K_ENTRY_BOTTOM,15.0,OK,0.0,2.771,-2.771,0,0.0,0.0,
BTCUSDC_SHORT,RZ_K_ENTRY_MAX,25.0,OK,0.0,2.771,-2.771,0,0.0,0.0,
BTCUSDC_SHORT,RZ_K_ENTRY_MAX,37.5,OK,0.0,2.771,-2.771,0,0.0,0.0,
BTCUSDC_SHORT,RZ_K_ENTRY_MAX,50.0,OK,0.0,2.771,-2.771,0,0.0,0.0,
BTCUSDC_SHORT,RZ_K_ENTRY_MAX,62.5,OK,0.0,2.771,-2.771,0,0.0,0.0,
BTCUSDC_SHORT,RZ_K_ENTRY_MAX,75.0,OK,0.0,2.771,-2.771,0,0.0,0.0,
BTCUSDC_SHORT,RZ_K_EXIT,40.0,OK,0.0,2.771,-2.771,0,0.0,0.0,
BTCUSDC_SHORT,RZ_K_EXIT,60.0,OK,0.0,2.771,-2.771,0,0.0,0.0,
BTCUSDC_SHORT,RZ_K_EXIT,80.0,OK,0.0,2.771,-2.771,0,0.0,0.0,
BTCUSDC_SHORT,RZ_K_EXIT,100.0,OK,0.0,2.771,-2.771,0,0.0,0.0,
BTCUSDC_SHORT,RZ_K_EXIT,120.0,OK,0.0,2.771,-2.771,0,0.0,0.0,
BTCUSDC_SHORT,RZ_K_EXIT,95.0,OK,0.0,2.771,-2.771,0,0.0,0.0,
BTCUSDC_SHORT,RZ_MFI_ENTRY_BOTTOM,15.0,OK,0.0,2.771,-2.771,0,0.0,0.0,
BTCUSDC_SHORT,RZ_MFI_ENTRY_BOTTOM,7.5,OK,0.0,2.771,-2.771,0,0.0,0.0,
BTCUSDC_SHORT,RZ_MFI_ENTRY_BOTTOM,11.25,OK,0.0,2.771,-2.771,0,0.0,0.0,
BTCUSDC_SHORT,RZ_MFI_ENTRY_BOTTOM,18.75,OK,0.0,2.771,-2.771,0,0.0,0.0,
BTCUSDC_SHORT,RZ_MFI_ENTRY_BOTTOM,22.5,OK,0.0,2.771,-2.771,0,0.0,0.0,
BTCUSDC_SHORT,RZ_MFI_EXIT,42.5,OK,0.0,2.771,-2.771,0,0.0,0.0,
BTCUSDC_SHORT,RZ_MFI_EXIT,63.75,OK,0.0,2.771,-2.771,0,0.0,0.0,
BTCUSDC_SHORT,RZ_MFI_EXIT,85.0,OK,0.0,2.771,-2.771,0,0.0,0.0,
BTCUSDC_SHORT,RZ_REQUIRE_STRUCT,False,OK,0.0,2.771,-2.771,0,0.0,0.0,
BTCUSDC_SHORT,RZ_REQUIRE_STRUCT,True,OK,0.0,2.771,-2.771,0,0.0,0.0,
BTCUSDC_SHORT,RZ_TOP_BB_THRESHOLD,0.8,OK,0.0,2.771,-2.771,0,0.0,0.0,
BTCUSDC_SHORT,RZ_TOP_BB_THRESHOLD,0.85,OK,0.0,2.771,-2.771,0,0.0,0.0,
BTCUSDC_SHORT,RZ_TOP_BB_THRESHOLD,0.9,OK,0.0,2.771,-2.771,0,0.0,0.0,
BTCUSDC_SHORT,RZ_TWO_PHASE_EXIT_ENABLED,False,OK,0.0,2.771,-2.771,0,0.0,0.0,
BTCUSDC_SHORT,RZ_TWO_PHASE_EXIT_ENABLED,True,OK,0.0,2.771,-2.771,0,0.0,0.0,
BTCUSDC_SHORT,RZ_ZSCORE_EXIT_ENABLED,False,OK,0.0,2.771,-2.771,0,0.0,0.0,
BTCUSDC_SHORT,RZ_ZSCORE_EXIT_ENABLED,True,OK,0.0,2.771,-2.771,0,0.0,0.0,
BTCUSDC_SHORT,RZ_ZSCORE_ZONE_ENABLED,False,OK,0.0,2.771,-2.771,0,0.0,0.0,
BTCUSDC_SHORT,RZ_ZSCORE_ZONE_ENABLED,True,OK,0.0,2.771,-2.771,0,0.0,0.0,
BTCUSDC_SHORT,SATOSHIT_ENTRY_FILTER,False,OK,0.0,2.771,-2.771,0,0.0,0.0,
BTCUSDC_SHORT,SATOSHIT_ENTRY_FILTER,True,OK,0.0,2.771,-2.771,0,0.0,0.0,
BTCUSDC_SHORT,SATOSHIT_EXIT_ENABLED,False,OK,0.0,2.771,-2.771,0,0.0,0.0,
BTCUSDC_SHORT,SATOSHIT_EXIT_ENABLED,True,OK,0.0,2.771,-2.771,0,0.0,0.0,
BTCUSDC_SHORT,SATOSHIT_EXIT_LONG_RSI_MIN_TRADIER,55.0,OK,0.0,2.771,-2.771,0,0.0,0.0,
BTCUSDC_SHORT,SATOSHIT_EXIT_LONG_RSI_MIN_TRADIER,27.5,OK,0.0,2.771,-2.771,0,0.0,0.0,
BTCUSDC_SHORT,SATOSHIT_EXIT_LONG_RSI_MIN_TRADIER,41.25,OK,0.0,2.771,-2.771,0,0.0,0.0,
BTCUSDC_SHORT,SATOSHIT_EXIT_LONG_RSI_MIN_TRADIER,68.75,OK,0.0,2.771,-2.771,0,0.0,0.0,
BTCUSDC_SHORT,SATOSHIT_EXIT_LONG_RSI_MIN_TRADIER,82.5,OK,0.0,2.771,-2.771,0,0.0,0.0,
BTCUSDC_SHORT,SATOSHIT_EXIT_LONG_STOCH_K_MIN_TRADIER,60.0,OK,0.0,2.771,-2.771,0,0.0,0.0,
BTCUSDC_SHORT,SATOSHIT_EXIT_LONG_STOCH_K_MIN_TRADIER,30.0,OK,0.0,2.771,-2.771,0,0.0,0.0,
BTCUSDC_SHORT,SATOSHIT_EXIT_LONG_STOCH_K_MIN_TRADIER,45.0,OK,0.0,2.771,-2.771,0,0.0,0.0,
BTCUSDC_SHORT,SATOSHIT_EXIT_LONG_STOCH_K_MIN_TRADIER,75.0,OK,0.0,2.771,-2.771,0,0.0,0.0,
BTCUSDC_SHORT,SATOSHIT_EXIT_LONG_STOCH_K_MIN_TRADIER,90.0,OK,0.0,2.771,-2.771,0,0.0,0.0,
BTCUSDC_SHORT,SATOSHIT_EXIT_PARTIAL_PCT,0.7,OK,0.0,2.771,-2.771,0,0.0,0.0,
BTCUSDC_SHORT,SATOSHIT_EXIT_PARTIAL_PCT,0.21875,OK,0.0,2.771,-2.771,0,0.0,0.0,
BTCUSDC_SHORT,SATOSHIT_EXIT_PARTIAL_PCT,0.328125,OK,0.0,2.771,-2.771,0,0.0,0.0,
BTCUSDC_SHORT,SATOSHIT_EXIT_PARTIAL_PCT,0.4375,OK,0.0,2.771,-2.771,0,0.0,0.0,
BTCUSDC_SHORT,SATOSHIT_EXIT_PARTIAL_PCT,0.546875,OK,0.0,2.771,-2.771,0,0.0,0.0,
BTCUSDC_SHORT,SATOSHIT_EXIT_PARTIAL_PCT,0.65625,OK,0.0,2.771,-2.771,0,0.0,0.0,
BTCUSDC_SHORT,SATOSHIT_EXIT_SHORT_RSI_MAX_TRADIER,42.0,OK,0.0,2.771,-2.771,0,0.0,0.0,
BTCUSDC_SHORT,SATOSHIT_EXIT_SHORT_RSI_MAX_TRADIER,21.0,OK,0.0,2.771,-2.771,0,0.0,0.0,
BTCUSDC_SHORT,SATOSHIT_EXIT_SHORT_RSI_MAX_TRADIER,31.5,OK,0.0,2.771,-2.771,0,0.0,0.0,
BTCUSDC_SHORT,SATOSHIT_EXIT_SHORT_RSI_MAX_TRADIER,52.5,OK,0.0,2.771,-2.771,0,0.0,0.0,
BTCUSDC_SHORT,SATOSHIT_EXIT_SHORT_RSI_MAX_TRADIER,63.0,OK,0.0,2.771,-2.771,0,0.0,0.0,
BTCUSDC_SHORT,SATOSHIT_EXIT_SHORT_STOCH_K_MAX_TRADIER,50.0,OK,0.0,2.771,-2.771,0,0.0,0.0,
BTCUSDC_SHORT,SATOSHIT_EXIT_SHORT_STOCH_K_MAX_TRADIER,25.0,OK,0.0,2.771,-2.771,0,0.0,0.0,
BTCUSDC_SHORT,SATOSHIT_EXIT_SHORT_STOCH_K_MAX_TRADIER,37.5,OK,0.0,2.771,-2.771,0,0.0,0.0,
BTCUSDC_SHORT,SATOSHIT_EXIT_SHORT_STOCH_K_MAX_TRADIER,62.5,OK,0.0,2.771,-2.771,0,0.0,0.0,
BTCUSDC_SHORT,SATOSHIT_EXIT_SHORT_STOCH_K_MAX_TRADIER,75.0,OK,0.0,2.771,-2.771,0,0.0,0.0,
BTCUSDC_SHORT,SATOSHIT_HTF_MFI_D_MIN_TRADIER,30.0,OK,0.0,2.771,-2.771,0,0.0,0.0,
BTCUSDC_SHORT,SATOSHIT_HTF_MFI_D_MIN_TRADIER,15.0,OK,0.0,2.771,-2.771,0,0.0,0.0,
BTCUSDC_SHORT,SATOSHIT_HTF_MFI_D_MIN_TRADIER,22.5,OK,0.0,2.771,-2.771,0,0.0,0.0,
BTCUSDC_SHORT,SATOSHIT_HTF_MFI_D_MIN_TRADIER,37.5,OK,0.0,2.771,-2.771,0,0.0,0.0,
BTCUSDC_SHORT,SATOSHIT_HTF_MFI_D_MIN_TRADIER,45.0,OK,0.0,2.771,-2.771,0,0.0,0.0,
BTCUSDC_SHORT,SATOSHIT_HTF_RVOL_1H_MIN_TRADIER,0.3,OK,0.0,2.771,-2.771,0,0.0,0.0,
BTCUSDC_SHORT,SATOSHIT_HTF_RVOL_1H_MIN_TRADIER,0.15,OK,0.0,2.771,-2.771,0,0.0,0.0,
BTCUSDC_SHORT,SATOSHIT_HTF_RVOL_1H_MIN_TRADIER,0.225,OK,0.0,2.771,-2.771,0,0.0,0.0,
BTCUSDC_SHORT,SATOSHIT_HTF_RVOL_1H_MIN_TRADIER,0.375,OK,0.0,2.771,-2.771,0,0.0,0.0,
BTCUSDC_SHORT,SATOSHIT_HTF_RVOL_1H_MIN_TRADIER,0.45,OK,0.0,2.771,-2.771,0,0.0,0.0,
BTCUSDC_SHORT,SATOSHIT_LONG_BB_PCTB_MAX,0.5,OK,0.0,2.771,-2.771,0,0.0,0.0,
BTCUSDC_SHORT,SATOSHIT_LONG_BB_PCTB_MAX,0.25,OK,0.0,2.771,-2.771,0,0.0,0.0,
BTCUSDC_SHORT,SATOSHIT_LONG_BB_PCTB_MAX,0.375,OK,0.0,2.771,-2.771,0,0.0,0.0,
BTCUSDC_SHORT,SATOSHIT_LONG_BB_PCTB_MAX,0.625,OK,0.0,2.771,-2.771,0,0.0,0.0,
BTCUSDC_SHORT,SATOSHIT_LONG_BB_PCTB_MAX,0.75,OK,0.0,2.771,-2.771,0,0.0,0.0,
BTCUSDC_SHORT,SATOSHIT_LONG_MFI_MAX_TRADIER,60.0,OK,0.0,2.771,-2.771,0,0.0,0.0,
BTCUSDC_SHORT,SATOSHIT_LONG_MFI_MAX_TRADIER,90.0,OK,0.0,2.771,-2.771,0,0.0,0.0,
BTCUSDC_SHORT,SATOSHIT_LONG_MFI_MAX_TRADIER,120.0,OK,0.0,2.771,-2.771,0,0.0,0.0,
BTCUSDC_SHORT,SATOSHIT_LONG_RSI_MAX_TRADIER,50.0,OK,0.0,2.771,-2.771,0,0.0,0.0,
BTCUSDC_SHORT,SATOSHIT_LONG_RSI_MAX_TRADIER,25.0,OK,0.0,2.771,-2.771,0,0.0,0.0,
BTCUSDC_SHORT,SATOSHIT_LONG_RSI_MAX_TRADIER,37.5,OK,0.0,2.771,-2.771,0,0.0,0.0,
BTCUSDC_SHORT,SATOSHIT_LONG_RSI_MAX_TRADIER,62.5,OK,0.0,2.771,-2.771,0,0.0,0.0,
BTCUSDC_SHORT,SATOSHIT_LONG_RSI_MAX_TRADIER,75.0,OK,0.0,2.771,-2.771,0,0.0,0.0,
BTCUSDC_SHORT,SATOSHIT_LONG_STOCH_K_MAX_TRADIER,60.0,OK,0.0,2.771,-2.771,0,0.0,0.0,
BTCUSDC_SHORT,SATOSHIT_LONG_STOCH_K_MAX_TRADIER,30.0,OK,0.0,2.771,-2.771,0,0.0,0.0,
BTCUSDC_SHORT,SATOSHIT_LONG_STOCH_K_MAX_TRADIER,45.0,OK,0.0,2.771,-2.771,0,0.0,0.0,
BTCUSDC_SHORT,SATOSHIT_LONG_STOCH_K_MAX_TRADIER,75.0,OK,0.0,2.771,-2.771,0,0.0,0.0,
BTCUSDC_SHORT,SATOSHIT_LONG_STOCH_K_MAX_TRADIER,90.0,OK,0.0,2.771,-2.771,0,0.0,0.0,
BTCUSDC_SHORT,SATOSHIT_SHORT_BB_PCTB_MIN,0.55,OK,0.0,2.771,-2.771,0,0.0,0.0,
BTCUSDC_SHORT,SATOSHIT_SHORT_BB_PCTB_MIN,0.275,OK,0.0,2.771,-2.771,0,0.0,0.0,
BTCUSDC_SHORT,SATOSHIT_SHORT_BB_PCTB_MIN,0.4125,OK,0.0,2.771,-2.771,0,0.0,0.0,
BTCUSDC_SHORT,SATOSHIT_SHORT_BB_PCTB_MIN,0.6875,OK,0.0,2.771,-2.771,0,0.0,0.0,
BTCUSDC_SHORT,SATOSHIT_SHORT_BB_PCTB_MIN,0.825,OK,0.0,2.771,-2.771,0,0.0,0.0,
BTCUSDC_SHORT,SATOSHIT_SHORT_HA_STREAK_MIN,0,OK,0.0,2.771,-2.771,0,0.0,0.0,
BTCUSDC_SHORT,SATOSHIT_SHORT_HA_STREAK_MIN,1,OK,0.0,2.771,-2.771,0,0.0,0.0,
BTCUSDC_SHORT,SATOSHIT_SHORT_HA_STREAK_MIN,2,OK,0.0,2.771,-2.771,0,0.0,0.0,
BTCUSDC_SHORT,SATOSHIT_SHORT_MFI_MIN_TRADIER,50.0,OK,0.0,2.771,-2.771,0,0.0,0.0,
BTCUSDC_SHORT,SATOSHIT_SHORT_MFI_MIN_TRADIER,31.25,OK,0.0,2.771,-2.771,0,0.0,0.0,
BTCUSDC_SHORT,SATOSHIT_SHORT_MFI_MIN_TRADIER,46.875,OK,0.0,2.771,-2.771,0,0.0,0.0,
BTCUSDC_SHORT,SATOSHIT_SHORT_MFI_MIN_TRADIER,62.5,OK,0.0,2.771,-2.771,0,0.0,0.0,
BTCUSDC_SHORT,SATOSHIT_SHORT_MFI_MIN_TRADIER,78.125,OK,0.0,2.771,-2.771,0,0.0,0.0,
BTCUSDC_SHORT,SATOSHIT_SHORT_MFI_MIN_TRADIER,93.75,OK,0.0,2.771,-2.771,0,0.0,0.0,
BTCUSDC_SHORT,SATOSHIT_SHORT_RSI_MIN_TRADIER,55.0,OK,0.0,2.771,-2.771,0,0.0,0.0,
BTCUSDC_SHORT,SATOSHIT_SHORT_RSI_MIN_TRADIER,27.5,OK,0.0,2.771,-2.771,0,0.0,0.0,
BTCUSDC_SHORT,SATOSHIT_SHORT_RSI_MIN_TRADIER,41.25,OK,0.0,2.771,-2.771,0,0.0,0.0,
BTCUSDC_SHORT,SATOSHIT_SHORT_RSI_MIN_TRADIER,68.75,OK,0.0,2.771,-2.771,0,0.0,0.0,
BTCUSDC_SHORT,SATOSHIT_SHORT_RSI_MIN_TRADIER,82.5,OK,0.0,2.771,-2.771,0,0.0,0.0,
BTCUSDC_SHORT,SATOSHIT_SHORT_STOCH_K_MIN_TRADIER,50.0,OK,0.0,2.771,-2.771,0,0.0,0.0,
BTCUSDC_SHORT,SATOSHIT_SHORT_STOCH_K_MIN_TRADIER,25.0,OK,0.0,2.771,-2.771,0,0.0,0.0,
BTCUSDC_SHORT,SATOSHIT_SHORT_STOCH_K_MIN_TRADIER,37.5,OK,0.0,2.771,-2.771,0,0.0,0.0,
BTCUSDC_SHORT,SATOSHIT_SHORT_STOCH_K_MIN_TRADIER,62.5,OK,0.0,2.771,-2.771,0,0.0,0.0,
BTCUSDC_SHORT,SATOSHIT_SHORT_STOCH_K_MIN_TRADIER,75.0,OK,0.0,2.771,-2.771,0,0.0,0.0,
BTCUSDC_SHORT,SCALP_LONG_BUDGET,125.0,OK,0.0,2.771,-2.771,0,0.0,0.0,
BTCUSDC_SHORT,SCALP_LONG_BUDGET,187.5,OK,0.0,2.771,-2.771,0,0.0,0.0,
BTCUSDC_SHORT,SCALP_LONG_BUDGET,250.0,OK,0.0,2.771,-2.771,0,0.0,0.0,
BTCUSDC_SHORT,SCALP_LONG_BUDGET,312.5,OK,0.0,2.771,-2.771,0,0.0,0.0,
BTCUSDC_SHORT,SCALP_LONG_BUDGET,375.0,OK,0.0,2.771,-2.771,0,0.0,0.0,
BTCUSDC_SHORT,SCALP_MAX_HOLD_MINUTES,90.0,OK,0.0,2.771,-2.771,0,0.0,0.0,
BTCUSDC_SHORT,SCALP_MAX_HOLD_MINUTES,135.0,OK,0.0,2.771,-2.771,0,0.0,0.0,
BTCUSDC_SHORT,SCALP_MAX_HOLD_MINUTES,180.0,OK,0.0,2.771,-2.771,0,0.0,0.0,
BTCUSDC_SHORT,SCALP_MAX_HOLD_MINUTES,225.0,OK,0.0,2.771,-2.771,0,0.0,0.0,
BTCUSDC_SHORT,SCALP_MAX_HOLD_MINUTES,270.0,OK,0.0,2.771,-2.771,0,0.0,0.0,
BTCUSDC_SHORT,SCALP_MAX_POSITIONS_PER_SIDE,3,OK,0.0,2.771,-2.771,0,0.0,0.0,
BTCUSDC_SHORT,SCALP_MAX_POSITIONS_PER_SIDE,6,OK,0.0,2.771,-2.771,0,0.0,0.0,
BTCUSDC_SHORT,SCALP_MAX_POSITIONS_PER_SIDE,9,OK,0.0,2.771,-2.771,0,0.0,0.0,
BTCUSDC_SHORT,SCALP_MAX_POSITION_SIZE,250.0,OK,0.0,2.771,-2.771,0,0.0,0.0,
BTCUSDC_SHORT,SCALP_MAX_POSITION_SIZE,375.0,OK,0.0,2.771,-2.771,0,0.0,0.0,
BTCUSDC_SHORT,SCALP_MAX_POSITION_SIZE,500.0,OK,0.0,2.771,-2.771,0,0.0,0.0,
BTCUSDC_SHORT,SCALP_MAX_POSITION_SIZE,625.0,OK,0.0,2.771,-2.771,0,0.0,0.0,
BTCUSDC_SHORT,SCALP_MAX_POSITION_SIZE,750.0,OK,0.0,2.771,-2.771,0,0.0,0.0,
BTCUSDC_SHORT,SCALP_MIN_MOVE_PCT,0.0,OK,0.0,2.771,-2.771,0,0.0,0.0,
BTCUSDC_SHORT,SCALP_MIN_MOVE_PCT,0.003,OK,0.0,2.771,-2.771,0,0.0,0.0,
BTCUSDC_SHORT,SCALP_MIN_REL_VOL,0.55,OK,0.0,2.771,-2.771,0,0.0,0.0,
BTCUSDC_SHORT,SCALP_MIN_REL_VOL,0.825,OK,0.0,2.771,-2.771,0,0.0,0.0,
BTCUSDC_SHORT,SCALP_MIN_REL_VOL,1.1,OK,0.0,2.771,-2.771,0,0.0,0.0,
BTCUSDC_SHORT,SCALP_MIN_REL_VOL,1.375,OK,0.0,2.771,-2.771,0,0.0,0.0,
BTCUSDC_SHORT,SCALP_MIN_REL_VOL,1.65,OK,0.0,2.771,-2.771,0,0.0,0.0,
BTCUSDC_SHORT,SCALP_SHORT_BUDGET,125.0,OK,0.0,2.771,-2.771,0,0.0,0.0,
BTCUSDC_SHORT,SCALP_SHORT_BUDGET,187.5,OK,0.0,2.771,-2.771,0,0.0,0.0,
BTCUSDC_SHORT,SCALP_SHORT_BUDGET,250.0,OK,0.0,2.771,-2.771,0,0.0,0.0,
BTCUSDC_SHORT,SCALP_SHORT_BUDGET,312.5,OK,0.0,2.771,-2.771,0,0.0,0.0,
BTCUSDC_SHORT,SCALP_SHORT_BUDGET,375.0,OK,0.0,2.771,-2.771,0,0.0,0.0,
BTCUSDC_SHORT,SCALP_START_SIZE,75.0,OK,0.0,2.771,-2.771,0,0.0,0.0,
BTCUSDC_SHORT,SCALP_START_SIZE,112.5,OK,0.0,2.771,-2.771,0,0.0,0.0,
BTCUSDC_SHORT,SCALP_START_SIZE,150.0,OK,0.0,2.771,-2.771,0,0.0,0.0,
BTCUSDC_SHORT,SCALP_START_SIZE,187.5,OK,0.0,2.771,-2.771,0,0.0,0.0,
BTCUSDC_SHORT,SCALP_START_SIZE,225.0,OK,0.0,2.771,-2.771,0,0.0,0.0,
BTCUSDC_SHORT,SCALP_STOP_PCT,4.995,OK,0.0,2.771,-2.771,0,0.0,0.0,
BTCUSDC_SHORT,SCALP_STOP_PCT,7.4925,OK,0.0,2.771,-2.771,0,0.0,0.0,
BTCUSDC_SHORT,SCALP_STOP_PCT,9.99,OK,0.0,2.771,-2.771,0,0.0,0.0,
BTCUSDC_SHORT,SCALP_STOP_PCT,12.4875,OK,0.0,2.771,-2.771,0,0.0,0.0,
BTCUSDC_SHORT,SCALP_STOP_PCT,14.985,OK,0.0,2.771,-2.771,0,0.0,0.0,
BTCUSDC_SHORT,SCALP_TARGET_PCT,0.0025,OK,0.0,2.771,-2.771,0,0.0,0.0,
BTCUSDC_SHORT,SCALP_TARGET_PCT,0.00375,OK,0.0,2.771,-2.771,0,0.0,0.0,
BTCUSDC_SHORT,SCALP_TARGET_PCT,0.005,OK,0.0,2.771,-2.771,0,0.0,0.0,
BTCUSDC_SHORT,SCALP_TARGET_PCT,0.00625,OK,0.0,2.771,-2.771,0,0.0,0.0,
BTCUSDC_SHORT,SCALP_TARGET_PCT,0.0075,OK,0.0,2.771,-2.771,0,0.0,0.0,
BTCUSDC_SHORT,SECTOR_LS_RATIO_ENABLED,False,OK,0.0,2.771,-2.771,0,0.0,0.0,
BTCUSDC_SHORT,SECTOR_LS_RATIO_ENABLED,True,OK,0.0,2.771,-2.771,0,0.0,0.0,
BTCUSDC_SHORT,SENTIMENT_REBALANCER_ENABLED,False,OK,0.0,2.771,-2.771,0,0.0,0.0,
BTCUSDC_SHORT,SENTIMENT_REBALANCER_ENABLED,True,OK,0.0,2.771,-2.771,0,0.0,0.0,
BTCUSDC_SHORT,SENTIMENT_REBAL_AUGMENT_DEVIATION_THR,0.5,OK,0.0,2.771,-2.771,0,0.0,0.0,
BTCUSDC_SHORT,SENTIMENT_REBAL_AUGMENT_DEVIATION_THR,0.75,OK,0.0,2.771,-2.771,0,0.0,0.0,
BTCUSDC_SHORT,SENTIMENT_REBAL_AUGMENT_DEVIATION_THR,1.0,OK,0.0,2.771,-2.771,0,0.0,0.0,
BTCUSDC_SHORT,SENTIMENT_REBAL_AUGMENT_DEVIATION_THR,1.25,OK,0.0,2.771,-2.771,0,0.0,0.0,
BTCUSDC_SHORT,SENTIMENT_REBAL_AUGMENT_DEVIATION_THR,1.5,OK,0.0,2.771,-2.771,0,0.0,0.0,
BTCUSDC_SHORT,SENTIMENT_REBAL_REDUCE_DEVIATION_THR,0.25,OK,0.0,2.771,-2.771,0,0.0,0.0,
BTCUSDC_SHORT,SENTIMENT_REBAL_REDUCE_DEVIATION_THR,0.375,OK,0.0,2.771,-2.771,0,0.0,0.0,
BTCUSDC_SHORT,SENTIMENT_REBAL_REDUCE_DEVIATION_THR,0.5,OK,0.0,2.771,-2.771,0,0.0,0.0,
BTCUSDC_SHORT,SENTIMENT_REBAL_REDUCE_DEVIATION_THR,0.625,OK,0.0,2.771,-2.771,0,0.0,0.0,
BTCUSDC_SHORT,SENTIMENT_REBAL_REDUCE_DEVIATION_THR,0.75,OK,0.0,2.771,-2.771,0,0.0,0.0,
BTCUSDC_SHORT,SMA200_DIST_ENTRY_ENABLED,False,OK,0.0,2.771,-2.771,0,0.0,0.0,
BTCUSDC_SHORT,SMA200_DIST_ENTRY_ENABLED,True,OK,0.0,2.771,-2.771,0,0.0,0.0,
BTCUSDC_SHORT,SMA200_DIST_LONG_THRESHOLD,-3.0,OK,0.0,2.771,-2.771,0,0.0,0.0,
BTCUSDC_SHORT,SMA200_DIST_LONG_THRESHOLD,-4.5,OK,0.0,2.771,-2.771,0,0.0,0.0,
BTCUSDC_SHORT,SMA200_DIST_LONG_THRESHOLD,-3.75,OK,0.0,2.771,-2.771,0,0.0,0.0,
BTCUSDC_SHORT,SMA200_DIST_LONG_THRESHOLD,-2.25,OK,0.0,2.771,-2.771,0,0.0,0.0,
BTCUSDC_SHORT,SMA200_DIST_LONG_THRESHOLD,-1.5,OK,0.0,2.771,-2.771,0,0.0,0.0,
BTCUSDC_SHORT,SMA200_DIST_LONG_THRESHOLD_4H,-15.0,OK,0.0,2.771,-2.771,0,0.0,0.0,
BTCUSDC_SHORT,SMA200_DIST_LONG_THRESHOLD_4H,-12.5,OK,0.0,2.771,-2.771,0,0.0,0.0,
BTCUSDC_SHORT,SMA200_DIST_LONG_THRESHOLD_4H,-10.0,OK,0.0,2.771,-2.771,0,0.0,0.0,
BTCUSDC_SHORT,SMA200_DIST_LONG_THRESHOLD_4H,-7.5,OK,0.0,2.771,-2.771,0,0.0,0.0,
BTCUSDC_SHORT,SMA200_DIST_LONG_THRESHOLD_4H,-5.0,OK,0.0,2.771,-2.771,0,0.0,0.0,
BTCUSDC_SHORT,SMA_FILTER_PERIOD_TRADIER,50,OK,0.0,2.771,-2.771,0,0.0,0.0,
BTCUSDC_SHORT,SMA_FILTER_PERIOD_TRADIER,75,OK,0.0,2.771,-2.771,0,0.0,0.0,
BTCUSDC_SHORT,SMA_FILTER_PERIOD_TRADIER,100,OK,0.0,2.771,-2.771,0,0.0,0.0,
BTCUSDC_SHORT,SMA_FILTER_PERIOD_TRADIER,125,OK,0.0,2.771,-2.771,0,0.0,0.0,
BTCUSDC_SHORT,SMA_FILTER_PERIOD_TRADIER,150,OK,0.0,2.771,-2.771,0,0.0,0.0,
BTCUSDC_SHORT,SMFI_ENABLED,False,OK,0.0,2.771,-2.771,0,0.0,0.0,
BTCUSDC_SHORT,SMFI_ENABLED,True,OK,0.0,2.771,-2.771,0,0.0,0.0,
BTCUSDC_SHORT,SMFI_LONG_BUDGET,1500.0,OK,0.0,2.771,-2.771,0,0.0,0.0,
BTCUSDC_SHORT,SMFI_LONG_BUDGET,2250.0,OK,0.0,2.771,-2.771,0,0.0,0.0,
BTCUSDC_SHORT,SMFI_LONG_BUDGET,3000.0,OK,0.0,2.771,-2.771,0,0.0,0.0,
BTCUSDC_SHORT,SMFI_LONG_BUDGET,3750.0,OK,0.0,2.771,-2.771,0,0.0,0.0,
BTCUSDC_SHORT,SMFI_LONG_BUDGET,4500.0,OK,0.0,2.771,-2.771,0,0.0,0.0,
BTCUSDC_SHORT,SMFI_MAX_HOLD_DAYS,5,OK,0.0,2.771,-2.771,0,0.0,0.0,
BTCUSDC_SHORT,SMFI_MAX_HOLD_DAYS,10,OK,0.0,2.771,-2.771,0,0.0,0.0,
BTCUSDC_SHORT,SMFI_MAX_HOLD_DAYS,15,OK,0.0,2.771,-2.771,0,0.0,0.0,
BTCUSDC_SHORT,SMFI_POSITION_SIZE,300.0,OK,0.0,2.771,-2.771,0,0.0,0.0,
BTCUSDC_SHORT,SMFI_POSITION_SIZE,450.0,OK,0.0,2.771,-2.771,0,0.0,0.0,
BTCUSDC_SHORT,SMFI_POSITION_SIZE,600.0,OK,0.0,2.771,-2.771,0,0.0,0.0,
BTCUSDC_SHORT,SMFI_POSITION_SIZE,750.0,OK,0.0,2.771,-2.771,0,0.0,0.0,
BTCUSDC_SHORT,SMFI_POSITION_SIZE,900.0,OK,0.0,2.771,-2.771,0,0.0,0.0,
BTCUSDC_SHORT,SMFI_SHORT_BUDGET,1500.0,OK,0.0,2.771,-2.771,0,0.0,0.0,
BTCUSDC_SHORT,SMFI_SHORT_BUDGET,2250.0,OK,0.0,2.771,-2.771,0,0.0,0.0,
BTCUSDC_SHORT,SMFI_SHORT_BUDGET,3000.0,OK,0.0,2.771,-2.771,0,0.0,0.0,
BTCUSDC_SHORT,SMFI_SHORT_BUDGET,3750.0,OK,0.0,2.771,-2.771,0,0.0,0.0,
BTCUSDC_SHORT,SMFI_SHORT_BUDGET,4500.0,OK,0.0,2.771,-2.771,0,0.0,0.0,
BTCUSDC_SHORT,SPIKE_FADE_MAX_POSITIONS,5,OK,0.0,2.771,-2.771,0,0.0,0.0,
BTCUSDC_SHORT,SPIKE_FADE_MAX_POSITIONS,10,OK,0.0,2.771,-2.771,0,0.0,0.0,
BTCUSDC_SHORT,SPIKE_FADE_MAX_POSITIONS,15,OK,0.0,2.771,-2.771,0,0.0,0.0,
BTCUSDC_SHORT,SPIKE_FADE_POSITION_SIZE,300.0,OK,0.0,2.771,-2.771,0,0.0,0.0,
BTCUSDC_SHORT,SPIKE_FADE_POSITION_SIZE,450.0,OK,0.0,2.771,-2.771,0,0.0,0.0,
BTCUSDC_SHORT,SPIKE_FADE_POSITION_SIZE,600.0,OK,0.0,2.771,-2.771,0,0.0,0.0,
BTCUSDC_SHORT,SPIKE_FADE_POSITION_SIZE,750.0,OK,0.0,2.771,-2.771,0,0.0,0.0,
BTCUSDC_SHORT,SPIKE_FADE_POSITION_SIZE,900.0,OK,0.0,2.771,-2.771,0,0.0,0.0,
BTCUSDC_SHORT,SPIKE_FADE_THRESHOLD_PCT,1.0,OK,0.0,2.771,-2.771,0,0.0,0.0,
BTCUSDC_SHORT,SPIKE_FADE_THRESHOLD_PCT,1.5,OK,0.0,2.771,-2.771,0,0.0,0.0,
BTCUSDC_SHORT,SPIKE_FADE_THRESHOLD_PCT,2.0,OK,0.0,2.771,-2.771,0,0.0,0.0,
BTCUSDC_SHORT,SPIKE_FADE_THRESHOLD_PCT,2.5,OK,0.0,2.771,-2.771,0,0.0,0.0,
BTCUSDC_SHORT,SPIKE_FADE_THRESHOLD_PCT,3.0,OK,0.0,2.771,-2.771,0,0.0,0.0,
BTCUSDC_SHORT,SPY_REGIME_BLOCK_LONGS_BELOW,False,OK,0.0,2.771,-2.771,0,0.0,0.0,
BTCUSDC_SHORT,SPY_REGIME_BLOCK_LONGS_BELOW,True,OK,0.0,2.771,-2.771,0,0.0,0.0,
BTCUSDC_SHORT,SPY_REGIME_BLOCK_SHORTS_ABOVE,False,OK,0.0,2.771,-2.771,0,0.0,0.0,
BTCUSDC_SHORT,SPY_REGIME_BLOCK_SHORTS_ABOVE,True,OK,0.0,2.771,-2.771,0,0.0,0.0,
BTCUSDC_SHORT,SQUEEZE_ENABLED,False,OK,0.0,2.771,-2.771,0,0.0,0.0,
BTCUSDC_SHORT,SQUEEZE_ENABLED,True,OK,0.0,2.771,-2.771,0,0.0,0.0,
BTCUSDC_SHORT,SQUEEZE_FIRE_BONUS_SCORE,5.625,OK,0.0,2.771,-2.771,0,0.0,0.0,
BTCUSDC_SHORT,SQUEEZE_FIRE_BONUS_SCORE,8.4375,OK,0.0,2.771,-2.771,0,0.0,0.0,
BTCUSDC_SHORT,SQUEEZE_FIRE_BONUS_SCORE,11.25,OK,0.0,2.771,-2.771,0,0.0,0.0,
BTCUSDC_SHORT,SQUEEZE_FIRE_BONUS_SCORE,14.0625,OK,0.0,2.771,-2.771,0,0.0,0.0,
BTCUSDC_SHORT,SQUEEZE_FIRE_BONUS_SCORE,16.875,OK,0.0,2.771,-2.771,0,0.0,0.0,
BTCUSDC_SHORT,SQUEEZE_FIRE_ENTRY_ENABLED,False,OK,0.0,2.771,-2.771,0,0.0,0.0,
BTCUSDC_SHORT,SQUEEZE_FIRE_ENTRY_ENABLED,True,OK,0.0,2.771,-2.771,0,0.0,0.0,
BTCUSDC_SHORT,START_POSITION_SIZE,2000.0,OK,0.0,2.771,-2.771,0,0.0,0.0,
BTCUSDC_SHORT,START_POSITION_SIZE,250.0,OK,0.0,2.771,-2.771,0,0.0,0.0,
BTCUSDC_SHORT,START_POSITION_SIZE,375.0,OK,0.0,2.771,-2.771,0,0.0,0.0,
BTCUSDC_SHORT,START_POSITION_SIZE,500.0,OK,0.0,2.771,-2.771,0,0.0,0.0,
BTCUSDC_SHORT,START_POSITION_SIZE,625.0,OK,0.0,2.771,-2.771,0,0.0,0.0,
BTCUSDC_SHORT,START_POSITION_SIZE,750.0,OK,0.0,2.771,-2.771,0,0.0,0.0,
BTCUSDC_SHORT,START_POSITION_SIZE,14.0,OK,0.0,2.771,-2.771,0,0.0,0.0,
BTCUSDC_SHORT,STDEV_BB_RZ_EXIT_ENABLED,False,OK,0.0,2.771,-2.771,0,0.0,0.0,
BTCUSDC_SHORT,STDEV_BB_RZ_EXIT_ENABLED,True,OK,0.0,2.771,-2.771,0,0.0,0.0,
BTCUSDC_SHORT,STDEV_BOUNCE_ENABLED,False,OK,0.0,2.771,-2.771,0,0.0,0.0,
BTCUSDC_SHORT,STDEV_BOUNCE_ENABLED,True,OK,0.0,2.771,-2.771,0,0.0,0.0,
BTCUSDC_SHORT,STDEV_BOUNCE_PCTB_LONG,0.025,OK,0.0,2.771,-2.771,0,0.0,0.0,
BTCUSDC_SHORT,STDEV_BOUNCE_PCTB_LONG,0.0375,OK,0.0,2.771,-2.771,0,0.0,0.0,
BTCUSDC_SHORT,STDEV_BOUNCE_PCTB_LONG,0.05,OK,0.0,2.771,-2.771,0,0.0,0.0,
BTCUSDC_SHORT,STDEV_BOUNCE_PCTB_LONG,0.0625,OK,0.0,2.771,-2.771,0,0.0,0.0,
BTCUSDC_SHORT,STDEV_BOUNCE_PCTB_LONG,0.075,OK,0.0,2.771,-2.771,0,0.0,0.0,
BTCUSDC_SHORT,STDEV_BOUNCE_PCTB_SHORT,0.475,OK,0.0,2.771,-2.771,0,0.0,0.0,
BTCUSDC_SHORT,STDEV_BOUNCE_PCTB_SHORT,0.7125,OK,0.0,2.771,-2.771,0,0.0,0.0,
BTCUSDC_SHORT,STDEV_BOUNCE_PCTB_SHORT,0.95,OK,0.0,2.771,-2.771,0,0.0,0.0,
BTCUSDC_SHORT,STDEV_BOUNCE_RVOL_MIN,0.6,OK,0.0,2.771,-2.771,0,0.0,0.0,
BTCUSDC_SHORT,STDEV_BOUNCE_RVOL_MIN,0.9,OK,0.0,2.771,-2.771,0,0.0,0.0,
BTCUSDC_SHORT,STDEV_BOUNCE_RVOL_MIN,1.2,OK,0.0,2.771,-2.771,0,0.0,0.0,
BTCUSDC_SHORT,STDEV_BOUNCE_RVOL_MIN,1.5,OK,0.0,2.771,-2.771,0,0.0,0.0,
BTCUSDC_SHORT,STDEV_BOUNCE_RVOL_MIN,1.8,OK,0.0,2.771,-2.771,0,0.0,0.0,
BTCUSDC_SHORT,STDEV_BREAKOUT_ENABLED,False,OK,0.0,2.771,-2.771,0,0.0,0.0,
BTCUSDC_SHORT,STDEV_BREAKOUT_ENABLED,True,OK,0.0,2.771,-2.771,0,0.0,0.0,
BTCUSDC_SHORT,STDEV_BREAKOUT_MAX_AGE_BARS,25,OK,0.0,2.771,-2.771,0,0.0,0.0,
BTCUSDC_SHORT,STDEV_BREAKOUT_MAX_AGE_BARS,50,OK,0.0,2.771,-2.771,0,0.0,0.0,
BTCUSDC_SHORT,STDEV_BREAKOUT_MAX_AGE_BARS,75,OK,0.0,2.771,-2.771,0,0.0,0.0,
BTCUSDC_SHORT,STDEV_BREAKOUT_RETEST_PCTB_MIN,0.425,OK,0.0,2.771,-2.771,0,0.0,0.0,
BTCUSDC_SHORT,STDEV_BREAKOUT_RETEST_PCTB_MIN,0.6375,OK,0.0,2.771,-2.771,0,0.0,0.0,
BTCUSDC_SHORT,STDEV_BREAKOUT_RETEST_PCTB_MIN,0.85,OK,0.0,2.771,-2.771,0,0.0,0.0,
BTCUSDC_SHORT,STDEV_BREAKOUT_RETEST_SCORE,11,OK,0.0,2.771,-2.771,0,0.0,0.0,
BTCUSDC_SHORT,STDEV_BREAKOUT_RETEST_SCORE,22,OK,0.0,2.771,-2.771,0,0.0,0.0,
BTCUSDC_SHORT,STDEV_BREAKOUT_RETEST_SCORE,33,OK,0.0,2.771,-2.771,0,0.0,0.0,
BTCUSDC_SHORT,STDEV_BREAKOUT_RETEST_SIZE_MULT,0.75,OK,0.0,2.771,-2.771,0,0.0,0.0,
BTCUSDC_SHORT,STDEV_BREAKOUT_RETEST_SIZE_MULT,1.125,OK,0.0,2.771,-2.771,0,0.0,0.0,
BTCUSDC_SHORT,STDEV_BREAKOUT_RETEST_SIZE_MULT,1.5,OK,0.0,2.771,-2.771,0,0.0,0.0,
BTCUSDC_SHORT,STDEV_BREAKOUT_RETEST_SIZE_MULT,1.875,OK,0.0,2.771,-2.771,0,0.0,0.0,
BTCUSDC_SHORT,STDEV_BREAKOUT_RETEST_SIZE_MULT,2.25,OK,0.0,2.771,-2.771,0,0.0,0.0,
BTCUSDC_SHORT,STDEV_BREAKOUT_RVOL_MIN,0.6,OK,0.0,2.771,-2.771,0,0.0,0.0,
BTCUSDC_SHORT,STDEV_BREAKOUT_RVOL_MIN,0.9,OK,0.0,2.771,-2.771,0,0.0,0.0,
BTCUSDC_SHORT,STDEV_BREAKOUT_RVOL_MIN,1.2,OK,0.0,2.771,-2.771,0,0.0,0.0,
BTCUSDC_SHORT,STDEV_BREAKOUT_RVOL_MIN,1.5,OK,0.0,2.771,-2.771,0,0.0,0.0,
BTCUSDC_SHORT,STDEV_BREAKOUT_RVOL_MIN,1.8,OK,0.0,2.771,-2.771,0,0.0,0.0,
BTCUSDC_SHORT,STDEV_MACRO_AUGMENT_VETO_ENABLED,False,OK,0.0,2.771,-2.771,0,0.0,0.0,
BTCUSDC_SHORT,STDEV_MACRO_AUGMENT_VETO_ENABLED,True,OK,0.0,2.771,-2.771,0,0.0,0.0,
BTCUSDC_SHORT,STDEV_MACRO_ENTRY_VETO_ENABLED,False,OK,0.0,2.771,-2.771,0,0.0,0.0,
BTCUSDC_SHORT,STDEV_MACRO_ENTRY_VETO_ENABLED,True,OK,0.0,2.771,-2.771,0,0.0,0.0,
BTCUSDC_SHORT,STDEV_MACRO_HEDGE_BOOST_ENABLED,False,OK,0.0,2.771,-2.771,0,0.0,0.0,
BTCUSDC_SHORT,STDEV_MACRO_HEDGE_BOOST_ENABLED,True,OK,0.0,2.771,-2.771,0,0.0,0.0,
BTCUSDC_SHORT,STDEV_MACRO_R4_EXIT_ENABLED,False,OK,0.0,2.771,-2.771,0,0.0,0.0,
BTCUSDC_SHORT,STDEV_MACRO_R4_EXIT_ENABLED,True,OK,0.0,2.771,-2.771,0,0.0,0.0,
BTCUSDC_SHORT,STDEV_REJECT_EXIT_ENABLED,False,OK,0.0,2.771,-2.771,0,0.0,0.0,
BTCUSDC_SHORT,STDEV_REJECT_EXIT_ENABLED,True,OK,0.0,2.771,-2.771,0,0.0,0.0,
BTCUSDC_SHORT,STDEV_REJECT_EXIT_RETURN,0.325,OK,0.0,2.771,-2.771,0,0.0,0.0,
BTCUSDC_SHORT,STDEV_REJECT_EXIT_RETURN,0.4875,OK,0.0,2.771,-2.771,0,0.0,0.0,
BTCUSDC_SHORT,STDEV_REJECT_EXIT_RETURN,0.65,OK,0.0,2.771,-2.771,0,0.0,0.0,
BTCUSDC_SHORT,STDEV_REJECT_EXIT_RETURN,0.8125,OK,0.0,2.771,-2.771,0,0.0,0.0,
BTCUSDC_SHORT,STDEV_REJECT_EXIT_RETURN,0.975,OK,0.0,2.771,-2.771,0,0.0,0.0,
BTCUSDC_SHORT,STDEV_REJECT_EXIT_ZONE,0.4,OK,0.0,2.771,-2.771,0,0.0,0.0,
BTCUSDC_SHORT,STDEV_REJECT_EXIT_ZONE,0.6,OK,0.0,2.771,-2.771,0,0.0,0.0,
BTCUSDC_SHORT,STDEV_REJECT_EXIT_ZONE,0.8,OK,0.0,2.771,-2.771,0,0.0,0.0,
BTCUSDC_SHORT,STDEV_REJECT_EXIT_ZONE,1.0,OK,0.0,2.771,-2.771,0,0.0,0.0,
BTCUSDC_SHORT,STDEV_REJECT_EXIT_ZONE,1.2,OK,0.0,2.771,-2.771,0,0.0,0.0,
BTCUSDC_SHORT,STOCH_CROSS_1H_EXIT_ENABLED,False,OK,0.0,2.771,-2.771,0,0.0,0.0,
BTCUSDC_SHORT,STOCH_CROSS_1H_EXIT_ENABLED,True,OK,0.0,2.771,-2.771,0,0.0,0.0,
BTCUSDC_SHORT,STOCH_CROSS_3M_EXIT_ENABLED,False,OK,0.0,2.771,-2.771,0,0.0,0.0,
BTCUSDC_SHORT,STOCH_CROSS_3M_EXIT_ENABLED,True,OK,0.0,2.771,-2.771,0,0.0,0.0,
BTCUSDC_SHORT,STOCH_CROSS_ENTRY_TRADIER,False,OK,0.0,2.771,-2.771,0,0.0,0.0,
BTCUSDC_SHORT,STOCH_CROSS_ENTRY_TRADIER,True,OK,0.0,2.771,-2.771,0,0.0,0.0,
BTCUSDC_SHORT,STRUCTURAL_RANGE_SHIFT_EXIT,False,OK,0.0,2.771,-2.771,0,0.0,0.0,
BTCUSDC_SHORT,STRUCTURAL_RANGE_SHIFT_EXIT,True,OK,0.0,2.771,-2.771,0,0.0,0.0,
BTCUSDC_SHORT,STRUCTURAL_RANGE_SHIFT_K_HIGH,75.0,OK,0.0,2.771,-2.771,0,0.0,0.0,
BTCUSDC_SHORT,STRUCTURAL_RANGE_SHIFT_K_HIGH,80.0,OK,0.0,2.771,-2.771,0,0.0,0.0,
BTCUSDC_SHORT,STRUCTURAL_RANGE_SHIFT_K_HIGH,85.0,OK,0.0,2.771,-2.771,0,0.0,0.0,
BTCUSDC_SHORT,STRUCTURAL_RANGE_SHIFT_K_LOW,15.0,OK,0.0,2.771,-2.771,0,0.0,0.0,
BTCUSDC_SHORT,STRUCTURAL_RANGE_SHIFT_K_LOW,20.0,OK,0.0,2.771,-2.771,0,0.0,0.0,
BTCUSDC_SHORT,STRUCTURAL_RANGE_SHIFT_K_LOW,25.0,OK,0.0,2.771,-2.771,0,0.0,0.0,
BTCUSDC_SHORT,STRUCTURAL_RANGE_SHIFT_PROXIMITY_BPS,50.0,OK,0.0,2.771,-2.771,0,0.0,0.0,
BTCUSDC_SHORT,STRUCTURAL_RANGE_SHIFT_PROXIMITY_BPS,75.0,OK,0.0,2.771,-2.771,0,0.0,0.0,
BTCUSDC_SHORT,STRUCTURAL_RANGE_SHIFT_PROXIMITY_BPS,100.0,OK,0.0,2.771,-2.771,0,0.0,0.0,
BTCUSDC_SHORT,STRUCTURAL_RANGE_SHIFT_PROXIMITY_BPS,125.0,OK,0.0,2.771,-2.771,0,0.0,0.0,
BTCUSDC_SHORT,STRUCTURAL_RANGE_SHIFT_PROXIMITY_BPS,150.0,OK,0.0,2.771,-2.771,0,0.0,0.0,
BTCUSDC_SHORT,STRUCTURAL_RANGE_SHIFT_TF,dc_4h,OK,0.0,2.771,-2.771,0,0.0,0.0,
BTCUSDC_SHORT,STRUCTURAL_RANGE_SHIFT_TF,3m,OK,0.0,2.771,-2.771,0,0.0,0.0,
BTCUSDC_SHORT,STRUCTURAL_RANGE_SHIFT_TF,15m,OK,0.0,2.771,-2.771,0,0.0,0.0,
BTCUSDC_SHORT,STRUCTURAL_RANGE_SHIFT_TF,1h,OK,0.0,2.771,-2.771,0,0.0,0.0,
BTCUSDC_SHORT,STRUCTURAL_RANGE_SHIFT_TF,4h,OK,0.0,2.771,-2.771,0,0.0,0.0,
BTCUSDC_SHORT,STRUCTURAL_RANGE_SHIFT_TF,D,OK,0.0,2.771,-2.771,0,0.0,0.0,
BTCUSDC_SHORT,SWING_LONG_BUDGET,1250.0,OK,0.0,2.771,-2.771,0,0.0,0.0,
BTCUSDC_SHORT,SWING_LONG_BUDGET,1875.0,OK,0.0,2.771,-2.771,0,0.0,0.0,
BTCUSDC_SHORT,SWING_LONG_BUDGET,2500.0,OK,0.0,2.771,-2.771,0,0.0,0.0,
BTCUSDC_SHORT,SWING_LONG_BUDGET,3125.0,OK,0.0,2.771,-2.771,0,0.0,0.0,
BTCUSDC_SHORT,SWING_LONG_BUDGET,3750.0,OK,0.0,2.771,-2.771,0,0.0,0.0,
BTCUSDC_SHORT,SWING_SHORT_BUDGET,1250.0,OK,0.0,2.771,-2.771,0,0.0,0.0,
BTCUSDC_SHORT,SWING_SHORT_BUDGET,1875.0,OK,0.0,2.771,-2.771,0,0.0,0.0,
BTCUSDC_SHORT,SWING_SHORT_BUDGET,2500.0,OK,0.0,2.771,-2.771,0,0.0,0.0,
BTCUSDC_SHORT,SWING_SHORT_BUDGET,3125.0,OK,0.0,2.771,-2.771,0,0.0,0.0,
BTCUSDC_SHORT,SWING_SHORT_BUDGET,3750.0,OK,0.0,2.771,-2.771,0,0.0,0.0,
BTCUSDC_SHORT,SYMBOL_PERF_MAX_MULT,5.0,OK,0.0,2.771,-2.771,0,0.0,0.0,
BTCUSDC_SHORT,SYMBOL_PERF_MAX_MULT,7.5,OK,0.0,2.771,-2.771,0,0.0,0.0,
BTCUSDC_SHORT,SYMBOL_PERF_MAX_MULT,10.0,OK,0.0,2.771,-2.771,0,0.0,0.0,
BTCUSDC_SHORT,SYMBOL_PERF_MAX_MULT,12.5,OK,0.0,2.771,-2.771,0,0.0,0.0,
BTCUSDC_SHORT,SYMBOL_PERF_MAX_MULT,15.0,OK,0.0,2.771,-2.771,0,0.0,0.0,
BTCUSDC_SHORT,SYMBOL_PERF_MIN_MULT,0.05,OK,0.0,2.771,-2.771,0,0.0,0.0,
BTCUSDC_SHORT,SYMBOL_PERF_MIN_MULT,0.075,OK,0.0,2.771,-2.771,0,0.0,0.0,
BTCUSDC_SHORT,SYMBOL_PERF_MIN_MULT,0.1,OK,0.0,2.771,-2.771,0,0.0,0.0,
BTCUSDC_SHORT,SYMBOL_PERF_MIN_MULT,0.125,OK,0.0,2.771,-2.771,0,0.0,0.0,
BTCUSDC_SHORT,SYMBOL_PERF_MIN_MULT,0.15,OK,0.0,2.771,-2.771,0,0.0,0.0,
BTCUSDC_SHORT,TF_ALIGNMENT_MIN_SHORT,2,OK,0.0,2.771,-2.771,0,0.0,0.0,
BTCUSDC_SHORT,TF_ALIGNMENT_MIN_SHORT,1,OK,0.0,2.771,-2.771,0,0.0,0.0,
BTCUSDC_SHORT,TF_ALIGNMENT_MIN_SHORT,3,OK,0.0,2.771,-2.771,0,0.0,0.0,
BTCUSDC_SHORT,TF_ALIGNMENT_MIN_TOTAL,4,OK,0.0,2.771,-2.771,0,0.0,0.0,
BTCUSDC_SHORT,TF_ALIGNMENT_MIN_TOTAL,2,OK,0.0,2.771,-2.771,0,0.0,0.0,
BTCUSDC_SHORT,TF_ALIGNMENT_MIN_TOTAL,3,OK,0.0,2.771,-2.771,0,0.0,0.0,
BTCUSDC_SHORT,TF_ALIGNMENT_MIN_TOTAL,5,OK,0.0,2.771,-2.771,0,0.0,0.0,
BTCUSDC_SHORT,TF_ALIGNMENT_MIN_TOTAL,6,OK,0.0,2.771,-2.771,0,0.0,0.0,
BTCUSDC_SHORT,TF_FOCUS_ENTRY_HARD_GATE,False,OK,0.0,2.771,-2.771,0,0.0,0.0,
BTCUSDC_SHORT,TF_FOCUS_ENTRY_HARD_GATE,True,OK,0.0,2.771,-2.771,0,0.0,0.0,
BTCUSDC_SHORT,TF_FOCUS_EXIT_HARD_GATE,False,OK,0.0,2.771,-2.771,0,0.0,0.0,
BTCUSDC_SHORT,TF_FOCUS_EXIT_HARD_GATE,True,OK,0.0,2.771,-2.771,0,0.0,0.0,
BTCUSDC_SHORT,TF_FOCUS_WEIGHT,8.0,OK,0.0,2.771,-2.771,0,0.0,0.0,
BTCUSDC_SHORT,TF_FOCUS_WEIGHT,4.0,OK,0.0,2.771,-2.771,0,0.0,0.0,
BTCUSDC_SHORT,TF_FOCUS_WEIGHT,6.0,OK,0.0,2.771,-2.771,0,0.0,0.0,
BTCUSDC_SHORT,TF_FOCUS_WEIGHT,10.0,OK,0.0,2.771,-2.771,0,0.0,0.0,
BTCUSDC_SHORT,TF_FOCUS_WEIGHT,12.0,OK,0.0,2.771,-2.771,0,0.0,0.0,
BTCUSDC_SHORT,TIER_A_MIN_GAIN,0.15,OK,0.0,2.771,-2.771,0,0.0,0.0,
BTCUSDC_SHORT,TIER_A_MIN_GAIN,0.225,OK,0.0,2.771,-2.771,0,0.0,0.0,
BTCUSDC_SHORT,TIER_A_MIN_GAIN,0.3,OK,0.0,2.771,-2.771,0,0.0,0.0,
BTCUSDC_SHORT,TIER_A_MIN_GAIN,0.375,OK,0.0,2.771,-2.771,0,0.0,0.0,
BTCUSDC_SHORT,TIER_A_MIN_GAIN,0.45,OK,0.0,2.771,-2.771,0,0.0,0.0,
BTCUSDC_SHORT,TIER_A_MIN_TRADES,5,OK,0.0,2.771,-2.771,0,0.0,0.0,
BTCUSDC_SHORT,TIER_A_MIN_TRADES,10,OK,0.0,2.771,-2.771,0,0.0,0.0,
BTCUSDC_SHORT,TIER_A_MIN_TRADES,15,OK,0.0,2.771,-2.771,0,0.0,0.0,
BTCUSDC_SHORT,TIME_ZONE_ENABLED,False,OK,0.0,2.771,-2.771,0,0.0,0.0,
BTCUSDC_SHORT,TIME_ZONE_ENABLED,True,OK,0.0,2.771,-2.771,0,0.0,0.0,
BTCUSDC_SHORT,TRADIER_DC_DAYTRADE_ENABLED,False,OK,0.0,2.771,-2.771,0,0.0,0.0,
BTCUSDC_SHORT,TRADIER_DC_DAYTRADE_ENABLED,True,OK,0.0,2.771,-2.771,0,0.0,0.0,
BTCUSDC_SHORT,TRADIER_DC_DAYTRADE_MAX_HOLD_MINUTES,240,OK,0.0,2.771,-2.771,0,0.0,0.0,
BTCUSDC_SHORT,TRADIER_DC_DAYTRADE_MAX_HOLD_MINUTES,120,OK,0.0,2.771,-2.771,0,0.0,0.0,
BTCUSDC_SHORT,TRADIER_DC_DAYTRADE_MAX_HOLD_MINUTES,180,OK,0.0,2.771,-2.771,0,0.0,0.0,
BTCUSDC_SHORT,TRADIER_DC_DAYTRADE_MAX_HOLD_MINUTES,300,OK,0.0,2.771,-2.771,0,0.0,0.0,
BTCUSDC_SHORT,TRADIER_DC_DAYTRADE_MAX_HOLD_MINUTES,360,OK,0.0,2.771,-2.771,0,0.0,0.0,
BTCUSDC_SHORT,TRADIER_DC_DAYTRADE_REQUIRE_1H_EXPANSION,False,OK,0.0,2.771,-2.771,0,0.0,0.0,
BTCUSDC_SHORT,TRADIER_DC_DAYTRADE_REQUIRE_1H_EXPANSION,True,OK,0.0,2.771,-2.771,0,0.0,0.0,
BTCUSDC_SHORT,TRADIER_DC_DAYTRADE_STOP_PCT,0.005,OK,0.0,2.771,-2.771,0,0.0,0.0,
BTCUSDC_SHORT,TRADIER_DC_DAYTRADE_STOP_PCT,0.0025,OK,0.0,2.771,-2.771,0,0.0,0.0,
BTCUSDC_SHORT,TRADIER_DC_DAYTRADE_STOP_PCT,0.00375,OK,0.0,2.771,-2.771,0,0.0,0.0,
BTCUSDC_SHORT,TRADIER_DC_DAYTRADE_STOP_PCT,0.00625,OK,0.0,2.771,-2.771,0,0.0,0.0,
BTCUSDC_SHORT,TRADIER_DC_DAYTRADE_STOP_PCT,0.0075,OK,0.0,2.771,-2.771,0,0.0,0.0,
BTCUSDC_SHORT,TRADIER_DC_DAYTRADE_TARGET_PCT,0.005,OK,0.0,2.771,-2.771,0,0.0,0.0,
BTCUSDC_SHORT,TRADIER_DC_DAYTRADE_TARGET_PCT,0.0025,OK,0.0,2.771,-2.771,0,0.0,0.0,
BTCUSDC_SHORT,TRADIER_DC_DAYTRADE_TARGET_PCT,0.00375,OK,0.0,2.771,-2.771,0,0.0,0.0,
BTCUSDC_SHORT,TRADIER_DC_DAYTRADE_TARGET_PCT,0.00625,OK,0.0,2.771,-2.771,0,0.0,0.0,
BTCUSDC_SHORT,TRADIER_DC_DAYTRADE_TARGET_PCT,0.0075,OK,0.0,2.771,-2.771,0,0.0,0.0,
BTCUSDC_SHORT,TRADIER_DC_POSITION_ENTRY_THRESHOLD,0.15,OK,0.0,2.771,-2.771,0,0.0,0.0,
BTCUSDC_SHORT,TRADIER_DC_POSITION_ENTRY_THRESHOLD,0.25,OK,0.0,2.771,-2.771,0,0.0,0.0,
BTCUSDC_SHORT,TRADIER_DC_POSITION_ENTRY_THRESHOLD,0.35,OK,0.0,2.771,-2.771,0,0.0,0.0,
BTCUSDC_SHORT,TRADIER_DC_POSITION_ENTRY_THRESHOLD,0.5,OK,0.0,2.771,-2.771,0,0.0,0.0,
BTCUSDC_SHORT,TRADIER_EMERGENCY_ANTI_CHURN_GATES_ENABLED,False,OK,0.0,2.771,-2.771,0,0.0,0.0,
BTCUSDC_SHORT,TRADIER_EMERGENCY_ANTI_CHURN_GATES_ENABLED,True,OK,0.0,2.771,-2.771,0,0.0,0.0,
BTCUSDC_SHORT,TRADIER_ENTRY_SCORE_THRESHOLD,24,OK,0.0,2.771,-2.771,0,0.0,0.0,
BTCUSDC_SHORT,TRADIER_ENTRY_SCORE_THRESHOLD,15,OK,0.0,2.771,-2.771,0,0.0,0.0,
BTCUSDC_SHORT,TRADIER_ENTRY_SCORE_THRESHOLD,30,OK,0.0,2.771,-2.771,0,0.0,0.0,
BTCUSDC_SHORT,TRADIER_ENTRY_SCORE_THRESHOLD,45,OK,0.0,2.771,-2.771,0,0.0,0.0,
BTCUSDC_SHORT,TRADIER_FH_MOMENTUM_DC_CONFIRM,False,OK,0.0,2.771,-2.771,0,0.0,0.0,
BTCUSDC_SHORT,TRADIER_FH_MOMENTUM_DC_CONFIRM,True,OK,0.0,2.771,-2.771,0,0.0,0.0,
BTCUSDC_SHORT,TRADIER_FH_MOMENTUM_DC_MAX_LONG,0.33,OK,0.0,2.771,-2.771,0,0.0,0.0,
BTCUSDC_SHORT,TRADIER_FH_MOMENTUM_DC_MAX_LONG,0.165,OK,0.0,2.771,-2.771,0,0.0,0.0,
BTCUSDC_SHORT,TRADIER_FH_MOMENTUM_DC_MAX_LONG,0.2475,OK,0.0,2.771,-2.771,0,0.0,0.0,
BTCUSDC_SHORT,TRADIER_FH_MOMENTUM_DC_MAX_LONG,0.4125,OK,0.0,2.771,-2.771,0,0.0,0.0,
BTCUSDC_SHORT,TRADIER_FH_MOMENTUM_DC_MAX_LONG,0.495,OK,0.0,2.771,-2.771,0,0.0,0.0,
BTCUSDC_SHORT,TRADIER_FH_MOMENTUM_ENABLED,False,OK,0.0,2.771,-2.771,0,0.0,0.0,
BTCUSDC_SHORT,TRADIER_FH_MOMENTUM_ENABLED,True,OK,0.0,2.771,-2.771,0,0.0,0.0,
BTCUSDC_SHORT,TRADIER_FH_MOMENTUM_MFI_CONFIRM,False,OK,0.0,2.771,-2.771,0,0.0,0.0,
BTCUSDC_SHORT,TRADIER_FH_MOMENTUM_MFI_CONFIRM,True,OK,0.0,2.771,-2.771,0,0.0,0.0,
BTCUSDC_SHORT,TRADIER_FH_MOMENTUM_MFI_MIN,55.0,OK,0.0,2.771,-2.771,0,0.0,0.0,
BTCUSDC_SHORT,TRADIER_FH_MOMENTUM_MFI_MIN,27.5,OK,0.0,2.771,-2.771,0,0.0,0.0,
BTCUSDC_SHORT,TRADIER_FH_MOMENTUM_MFI_MIN,41.25,OK,0.0,2.771,-2.771,0,0.0,0.0,
BTCUSDC_SHORT,TRADIER_FH_MOMENTUM_MFI_MIN,68.75,OK,0.0,2.771,-2.771,0,0.0,0.0,
BTCUSDC_SHORT,TRADIER_FH_MOMENTUM_MFI_MIN,82.5,OK,0.0,2.771,-2.771,0,0.0,0.0,
BTCUSDC_SHORT,TRADIER_FH_MOMENTUM_MIN_MOVE_PCT,0.5,OK,0.0,2.771,-2.771,0,0.0,0.0,
BTCUSDC_SHORT,TRADIER_FH_MOMENTUM_MIN_MOVE_PCT,0.25,OK,0.0,2.771,-2.771,0,0.0,0.0,
BTCUSDC_SHORT,TRADIER_FH_MOMENTUM_MIN_MOVE_PCT,0.375,OK,0.0,2.771,-2.771,0,0.0,0.0,
BTCUSDC_SHORT,TRADIER_FH_MOMENTUM_MIN_MOVE_PCT,0.625,OK,0.0,2.771,-2.771,0,0.0,0.0,
BTCUSDC_SHORT,TRADIER_FH_MOMENTUM_MIN_MOVE_PCT,0.75,OK,0.0,2.771,-2.771,0,0.0,0.0,
BTCUSDC_SHORT,TRADIER_FH_MOMENTUM_WINDOW_MINUTES,60,OK,0.0,2.771,-2.771,0,0.0,0.0,
BTCUSDC_SHORT,TRADIER_FH_MOMENTUM_WINDOW_MINUTES,30,OK,0.0,2.771,-2.771,0,0.0,0.0,
BTCUSDC_SHORT,TRADIER_FH_MOMENTUM_WINDOW_MINUTES,45,OK,0.0,2.771,-2.771,0,0.0,0.0,
BTCUSDC_SHORT,TRADIER_FH_MOMENTUM_WINDOW_MINUTES,75,OK,0.0,2.771,-2.771,0,0.0,0.0,
BTCUSDC_SHORT,TRADIER_FH_MOMENTUM_WINDOW_MINUTES,90,OK,0.0,2.771,-2.771,0,0.0,0.0,
BTCUSDC_SHORT,TRADIER_K_ZONE_LONG_THRESHOLD_TRADIER,35,OK,0.0,2.771,-2.771,0,0.0,0.0,
BTCUSDC_SHORT,TRADIER_K_ZONE_LONG_THRESHOLD_TRADIER,50,OK,0.0,2.771,-2.771,0,0.0,0.0,
BTCUSDC_SHORT,TRADIER_K_ZONE_LONG_THRESHOLD_TRADIER,80,OK,0.0,2.771,-2.771,0,0.0,0.0,
BTCUSDC_SHORT,TRADIER_K_ZONE_SHORT_THRESHOLD_TRADIER,65,OK,0.0,2.771,-2.771,0,0.0,0.0,
BTCUSDC_SHORT,TRADIER_K_ZONE_SHORT_THRESHOLD_TRADIER,20,OK,0.0,2.771,-2.771,0,0.0,0.0,
BTCUSDC_SHORT,TRADIER_K_ZONE_SHORT_THRESHOLD_TRADIER,50,OK,0.0,2.771,-2.771,0,0.0,0.0,
BTCUSDC_SHORT,TRADIER_LONG_ONLY_ENTRIES,False,OK,0.0,2.771,-2.771,0,0.0,0.0,
BTCUSDC_SHORT,TRADIER_LONG_ONLY_ENTRIES,True,OK,0.0,2.771,-2.771,0,0.0,0.0,
BTCUSDC_SHORT,TRADIER_MFI_ENTRY_LONG_ENABLED,False,OK,0.0,2.771,-2.771,0,0.0,0.0,
BTCUSDC_SHORT,TRADIER_MFI_ENTRY_LONG_ENABLED,True,OK,0.0,2.771,-2.771,0,0.0,0.0,
BTCUSDC_SHORT,TRADIER_MFI_ENTRY_LONG_TRADIER,60.0,OK,0.0,2.771,-2.771,0,0.0,0.0,
BTCUSDC_SHORT,TRADIER_MFI_ENTRY_LONG_TRADIER,30.0,OK,0.0,2.771,-2.771,0,0.0,0.0,
BTCUSDC_SHORT,TRADIER_MFI_ENTRY_LONG_TRADIER,45.0,OK,0.0,2.771,-2.771,0,0.0,0.0,
BTCUSDC_SHORT,TRADIER_MFI_ENTRY_LONG_TRADIER,75.0,OK,0.0,2.771,-2.771,0,0.0,0.0,
BTCUSDC_SHORT,TRADIER_MFI_ENTRY_LONG_TRADIER,90.0,OK,0.0,2.771,-2.771,0,0.0,0.0,
BTCUSDC_SHORT,TRADIER_MIN_HOLD_MINUTES,0.0,OK,0.0,2.771,-2.771,0,0.0,0.0,
BTCUSDC_SHORT,TRADIER_MIN_HOLD_MINUTES,240.0,OK,0.0,2.771,-2.771,0,0.0,0.0,
BTCUSDC_SHORT,TRADIER_MIN_HOLD_MINUTES,4320.0,OK,0.0,2.771,-2.771,0,0.0,0.0,
BTCUSDC_SHORT,TRADIER_MI_ENTRY_ENABLED_TRADIER,False,OK,0.0,2.771,-2.771,0,0.0,0.0,
BTCUSDC_SHORT,TRADIER_MI_ENTRY_ENABLED_TRADIER,True,OK,0.0,2.771,-2.771,0,0.0,0.0,
BTCUSDC_SHORT,TRADIER_MI_EXIT_ENABLED_TRADIER,False,OK,0.0,2.771,-2.771,0,0.0,0.0,
BTCUSDC_SHORT,TRADIER_MI_EXIT_ENABLED_TRADIER,True,OK,0.0,2.771,-2.771,0,0.0,0.0,
BTCUSDC_SHORT,TRADIER_NOLOSS_SRS_BYPASS,False,OK,0.0,2.771,-2.771,0,0.0,0.0,
BTCUSDC_SHORT,TRADIER_NOLOSS_SRS_BYPASS,True,OK,0.0,2.771,-2.771,0,0.0,0.0,
BTCUSDC_SHORT,TRADIER_OI_INJECT_MAX_EACH,5,OK,0.0,2.771,-2.771,0,0.0,0.0,
BTCUSDC_SHORT,TRADIER_OI_INJECT_MAX_EACH,10,OK,0.0,2.771,-2.771,0,0.0,0.0,
BTCUSDC_SHORT,TRADIER_OI_INJECT_MAX_EACH,15,OK,0.0,2.771,-2.771,0,0.0,0.0,
BTCUSDC_SHORT,TRADIER_OI_INJECT_MIN_TOTAL_OI,500,OK,0.0,2.771,-2.771,0,0.0,0.0,
BTCUSDC_SHORT,TRADIER_OI_INJECT_MIN_TOTAL_OI,750,OK,0.0,2.771,-2.771,0,0.0,0.0,
BTCUSDC_SHORT,TRADIER_OI_INJECT_MIN_TOTAL_OI,1000,OK,0.0,2.771,-2.771,0,0.0,0.0,
BTCUSDC_SHORT,TRADIER_OI_INJECT_MIN_TOTAL_OI,1250,OK,0.0,2.771,-2.771,0,0.0,0.0,
BTCUSDC_SHORT,TRADIER_OI_INJECT_MIN_TOTAL_OI,1500,OK,0.0,2.771,-2.771,0,0.0,0.0,
BTCUSDC_SHORT,TRADIER_OI_INJECT_STALE_MAX_HOURS,2.0,OK,0.0,2.771,-2.771,0,0.0,0.0,
BTCUSDC_SHORT,TRADIER_OI_INJECT_STALE_MAX_HOURS,3.0,OK,0.0,2.771,-2.771,0,0.0,0.0,
BTCUSDC_SHORT,TRADIER_OI_INJECT_STALE_MAX_HOURS,4.0,OK,0.0,2.771,-2.771,0,0.0,0.0,
BTCUSDC_SHORT,TRADIER_OI_INJECT_STALE_MAX_HOURS,5.0,OK,0.0,2.771,-2.771,0,0.0,0.0,
BTCUSDC_SHORT,TRADIER_OI_INJECT_STALE_MAX_HOURS,6.0,OK,0.0,2.771,-2.771,0,0.0,0.0,
BTCUSDC_SHORT,TRADIER_QUEUE_DEDUPE_SEC,30.0,OK,0.0,2.771,-2.771,0,0.0,0.0,
BTCUSDC_SHORT,TRADIER_QUEUE_DEDUPE_SEC,45.0,OK,0.0,2.771,-2.771,0,0.0,0.0,
BTCUSDC_SHORT,TRADIER_QUEUE_DEDUPE_SEC,60.0,OK,0.0,2.771,-2.771,0,0.0,0.0,
BTCUSDC_SHORT,TRADIER_QUEUE_DEDUPE_SEC,75.0,OK,0.0,2.771,-2.771,0,0.0,0.0,
BTCUSDC_SHORT,TRADIER_QUEUE_DEDUPE_SEC,90.0,OK,0.0,2.771,-2.771,0,0.0,0.0,
BTCUSDC_SHORT,TRADIER_RATIO_BOOST_MIN_GAIN_PCT,0.5,OK,0.0,2.771,-2.771,0,0.0,0.0,
BTCUSDC_SHORT,TRADIER_RATIO_BOOST_MIN_GAIN_PCT,0.75,OK,0.0,2.771,-2.771,0,0.0,0.0,
BTCUSDC_SHORT,TRADIER_RATIO_BOOST_MIN_GAIN_PCT,1.0,OK,0.0,2.771,-2.771,0,0.0,0.0,
BTCUSDC_SHORT,TRADIER_RATIO_BOOST_MIN_GAIN_PCT,1.25,OK,0.0,2.771,-2.771,0,0.0,0.0,
BTCUSDC_SHORT,TRADIER_RATIO_BOOST_MIN_GAIN_PCT,1.5,OK,0.0,2.771,-2.771,0,0.0,0.0,
BTCUSDC_SHORT,TRADIER_RATIO_REQUIRE_MIN_GAIN,False,OK,0.0,2.771,-2.771,0,0.0,0.0,
BTCUSDC_SHORT,TRADIER_RATIO_REQUIRE_MIN_GAIN,True,OK,0.0,2.771,-2.771,0,0.0,0.0,
BTCUSDC_SHORT,TRADIER_REENTRY_ANTI_CHURN_ENABLED,False,OK,0.0,2.771,-2.771,0,0.0,0.0,
BTCUSDC_SHORT,TRADIER_REENTRY_ANTI_CHURN_ENABLED,True,OK,0.0,2.771,-2.771,0,0.0,0.0,
BTCUSDC_SHORT,TRADIER_REENTRY_HARDCOOL_MIN,15.0,OK,0.0,2.771,-2.771,0,0.0,0.0,
BTCUSDC_SHORT,TRADIER_REENTRY_HARDCOOL_MIN,22.5,OK,0.0,2.771,-2.771,0,0.0,0.0,
BTCUSDC_SHORT,TRADIER_REENTRY_HARDCOOL_MIN,30.0,OK,0.0,2.771,-2.771,0,0.0,0.0,
BTCUSDC_SHORT,TRADIER_REENTRY_HARDCOOL_MIN,37.5,OK,0.0,2.771,-2.771,0,0.0,0.0,
BTCUSDC_SHORT,TRADIER_REENTRY_HARDCOOL_MIN,45.0,OK,0.0,2.771,-2.771,0,0.0,0.0,
BTCUSDC_SHORT,TRADIER_REENTRY_OVERDUE_BYPASS_ENABLED,False,OK,0.0,2.771,-2.771,0,0.0,0.0,
BTCUSDC_SHORT,TRADIER_REENTRY_OVERDUE_BYPASS_ENABLED,True,OK,0.0,2.771,-2.771,0,0.0,0.0,
BTCUSDC_SHORT,TRADIER_REENTRY_RZ_BLOCK_ENABLED,False,OK,0.0,2.771,-2.771,0,0.0,0.0,
BTCUSDC_SHORT,TRADIER_REENTRY_RZ_BLOCK_ENABLED,True,OK,0.0,2.771,-2.771,0,0.0,0.0,
BTCUSDC_SHORT,TRADIER_RSI2_ENABLED,False,OK,0.0,2.771,-2.771,0,0.0,0.0,
BTCUSDC_SHORT,TRADIER_RSI2_ENABLED,True,OK,0.0,2.771,-2.771,0,0.0,0.0,
BTCUSDC_SHORT,TRADIER_RSI2_EXIT_THRESHOLD_LONG,90.0,OK,0.0,2.771,-2.771,0,0.0,0.0,
BTCUSDC_SHORT,TRADIER_RSI2_EXIT_THRESHOLD_LONG,45.0,OK,0.0,2.771,-2.771,0,0.0,0.0,
BTCUSDC_SHORT,TRADIER_RSI2_EXIT_THRESHOLD_LONG,67.5,OK,0.0,2.771,-2.771,0,0.0,0.0,
BTCUSDC_SHORT,TRADIER_RSI2_EXIT_THRESHOLD_LONG,112.5,OK,0.0,2.771,-2.771,0,0.0,0.0,
BTCUSDC_SHORT,TRADIER_RSI2_EXIT_THRESHOLD_LONG,135.0,OK,0.0,2.771,-2.771,0,0.0,0.0,
BTCUSDC_SHORT,TRADIER_RSI2_EXIT_THRESHOLD_SHORT,10.0,OK,0.0,2.771,-2.771,0,0.0,0.0,
BTCUSDC_SHORT,TRADIER_RSI2_EXIT_THRESHOLD_SHORT,5.0,OK,0.0,2.771,-2.771,0,0.0,0.0,
BTCUSDC_SHORT,TRADIER_RSI2_EXIT_THRESHOLD_SHORT,7.5,OK,0.0,2.771,-2.771,0,0.0,0.0,
BTCUSDC_SHORT,TRADIER_RSI2_EXIT_THRESHOLD_SHORT,12.5,OK,0.0,2.771,-2.771,0,0.0,0.0,
BTCUSDC_SHORT,TRADIER_RSI2_EXIT_THRESHOLD_SHORT,15.0,OK,0.0,2.771,-2.771,0,0.0,0.0,
BTCUSDC_SHORT,TRADIER_RSI_ENTRY_SHORT_TRADIER,70.0,OK,0.0,2.771,-2.771,0,0.0,0.0,
BTCUSDC_SHORT,TRADIER_RSI_ENTRY_SHORT_TRADIER,35.0,OK,0.0,2.771,-2.771,0,0.0,0.0,
BTCUSDC_SHORT,TRADIER_RSI_ENTRY_SHORT_TRADIER,52.5,OK,0.0,2.771,-2.771,0,0.0,0.0,
BTCUSDC_SHORT,TRADIER_RSI_ENTRY_SHORT_TRADIER,87.5,OK,0.0,2.771,-2.771,0,0.0,0.0,
BTCUSDC_SHORT,TRADIER_RSI_SHORT_15M,32.5,OK,0.0,2.771,-2.771,0,0.0,0.0,
BTCUSDC_SHORT,TRADIER_RSI_SHORT_15M,48.75,OK,0.0,2.771,-2.771,0,0.0,0.0,
BTCUSDC_SHORT,TRADIER_RSI_SHORT_15M,65.0,OK,0.0,2.771,-2.771,0,0.0,0.0,
BTCUSDC_SHORT,TRADIER_RSI_SHORT_15M,81.25,OK,0.0,2.771,-2.771,0,0.0,0.0,
BTCUSDC_SHORT,TRADIER_RSI_SHORT_15M,97.5,OK,0.0,2.771,-2.771,0,0.0,0.0,
BTCUSDC_SHORT,TRADIER_RSI_SHORT_1H,32.5,OK,0.0,2.771,-2.771,0,0.0,0.0,
BTCUSDC_SHORT,TRADIER_RSI_SHORT_1H,48.75,OK,0.0,2.771,-2.771,0,0.0,0.0,
BTCUSDC_SHORT,TRADIER_RSI_SHORT_1H,65.0,OK,0.0,2.771,-2.771,0,0.0,0.0,
BTCUSDC_SHORT,TRADIER_RSI_SHORT_1H,81.25,OK,0.0,2.771,-2.771,0,0.0,0.0,
BTCUSDC_SHORT,TRADIER_RSI_SHORT_1H,97.5,OK,0.0,2.771,-2.771,0,0.0,0.0,
BTCUSDC_SHORT,TRADIER_RSI_SHORT_REL_VOLUME_MIN,1.2,OK,0.0,2.771,-2.771,0,0.0,0.0,
BTCUSDC_SHORT,TRADIER_RSI_SHORT_REL_VOLUME_MIN,1.8,OK,0.0,2.771,-2.771,0,0.0,0.0,
BTCUSDC_SHORT,TRADIER_RSI_SHORT_REL_VOLUME_MIN,2.4,OK,0.0,2.771,-2.771,0,0.0,0.0,
BTCUSDC_SHORT,TRADIER_RSI_SHORT_REL_VOLUME_MIN,3.0,OK,0.0,2.771,-2.771,0,0.0,0.0,
BTCUSDC_SHORT,TRADIER_RSI_SHORT_REL_VOLUME_MIN,3.6,OK,0.0,2.771,-2.771,0,0.0,0.0,
BTCUSDC_SHORT,TRADIER_RSI_SHORT_RVOL_15M,0.5,OK,0.0,2.771,-2.771,0,0.0,0.0,
BTCUSDC_SHORT,TRADIER_RSI_SHORT_RVOL_15M,0.75,OK,0.0,2.771,-2.771,0,0.0,0.0,
BTCUSDC_SHORT,TRADIER_RSI_SHORT_RVOL_15M,1.0,OK,0.0,2.771,-2.771,0,0.0,0.0,
BTCUSDC_SHORT,TRADIER_RSI_SHORT_RVOL_1H,0.5,OK,0.0,2.771,-2.771,0,0.0,0.0,
BTCUSDC_SHORT,TRADIER_RSI_SHORT_RVOL_1H,0.75,OK,0.0,2.771,-2.771,0,0.0,0.0,
BTCUSDC_SHORT,TRADIER_RSI_SHORT_RVOL_1H,1.0,OK,0.0,2.771,-2.771,0,0.0,0.0,
BTCUSDC_SHORT,TRADIER_STOCH_ENTRY_LONG_TRADIER,30,OK,0.0,2.771,-2.771,0,0.0,0.0,
BTCUSDC_SHORT,TRADIER_STOCH_ENTRY_LONG_TRADIER,15,OK,0.0,2.771,-2.771,0,0.0,0.0,
BTCUSDC_SHORT,TRADIER_STOCH_ENTRY_LONG_TRADIER,45,OK,0.0,2.771,-2.771,0,0.0,0.0,
BTCUSDC_SHORT,TRADIER_STOCH_ENTRY_SHORT_TRADIER,70,OK,0.0,2.771,-2.771,0,0.0,0.0,
BTCUSDC_SHORT,TRADIER_STOCH_ENTRY_SHORT_TRADIER,26,OK,0.0,2.771,-2.771,0,0.0,0.0,
BTCUSDC_SHORT,TRADIER_STOCH_ENTRY_SHORT_TRADIER,39,OK,0.0,2.771,-2.771,0,0.0,0.0,
BTCUSDC_SHORT,TRADIER_STOCH_ENTRY_SHORT_TRADIER,52,OK,0.0,2.771,-2.771,0,0.0,0.0,
BTCUSDC_SHORT,TRADIER_STOCH_ENTRY_SHORT_TRADIER,65,OK,0.0,2.771,-2.771,0,0.0,0.0,
BTCUSDC_SHORT,TRADIER_STOCH_ENTRY_SHORT_TRADIER,78,OK,0.0,2.771,-2.771,0,0.0,0.0,
BTCUSDC_SHORT,TRADIER_WT_COMPOSITE_SCORING_ENABLED_TRADIER,False,OK,0.0,2.771,-2.771,0,0.0,0.0,
BTCUSDC_SHORT,TRADIER_WT_COMPOSITE_SCORING_ENABLED_TRADIER,True,OK,0.0,2.771,-2.771,0,0.0,0.0,
BTCUSDC_SHORT,TRADIER_WT_EXIT_MIN_TFS_TRADIER,4,OK,0.0,2.771,-2.771,0,0.0,0.0,
BTCUSDC_SHORT,TRADIER_WT_EXIT_MIN_TFS_TRADIER,5,OK,0.0,2.771,-2.771,0,0.0,0.0,
BTCUSDC_SHORT,TRADIER_WT_EXIT_TFS_TRADIER,False,OK,0.0,2.771,-2.771,0,0.0,0.0,
BTCUSDC_SHORT,TRADIER_WT_EXIT_TFS_TRADIER,True,OK,0.0,2.771,-2.771,0,0.0,0.0,
BTCUSDC_SHORT,TRAILING_AUG_ENABLED_TRADIER,False,OK,0.0,2.771,-2.771,0,0.0,0.0,
BTCUSDC_SHORT,TRAILING_AUG_ENABLED_TRADIER,True,OK,0.0,2.771,-2.771,0,0.0,0.0,
BTCUSDC_SHORT,TRAILING_AUG_GAIN_STEP_PCT,0.25,OK,0.0,2.771,-2.771,0,0.0,0.0,
BTCUSDC_SHORT,TRAILING_AUG_GAIN_STEP_PCT,0.375,OK,0.0,2.771,-2.771,0,0.0,0.0,
BTCUSDC_SHORT,TRAILING_AUG_GAIN_STEP_PCT,0.5,OK,0.0,2.771,-2.771,0,0.0,0.0,
BTCUSDC_SHORT,TRAILING_AUG_GAIN_STEP_PCT,0.625,OK,0.0,2.771,-2.771,0,0.0,0.0,
BTCUSDC_SHORT,TRAILING_AUG_GAIN_STEP_PCT,0.75,OK,0.0,2.771,-2.771,0,0.0,0.0,
BTCUSDC_SHORT,TRAILING_AUG_MIN_GAIN_PCT,0.25,OK,0.0,2.771,-2.771,0,0.0,0.0,
BTCUSDC_SHORT,TRAILING_AUG_MIN_GAIN_PCT,0.375,OK,0.0,2.771,-2.771,0,0.0,0.0,
BTCUSDC_SHORT,TRAILING_AUG_MIN_GAIN_PCT,0.5,OK,0.0,2.771,-2.771,0,0.0,0.0,
BTCUSDC_SHORT,TRAILING_AUG_MIN_GAIN_PCT,0.625,OK,0.0,2.771,-2.771,0,0.0,0.0,
BTCUSDC_SHORT,TRAILING_AUG_MIN_GAIN_PCT,0.75,OK,0.0,2.771,-2.771,0,0.0,0.0,
BTCUSDC_SHORT,TRA_DISABLE_AUGMENT,False,OK,0.0,2.771,-2.771,0,0.0,0.0,
BTCUSDC_SHORT,TRA_DISABLE_AUGMENT,True,OK,0.0,2.771,-2.771,0,0.0,0.0,
BTCUSDC_SHORT,TRA_DISABLE_DELTA_ENTRY,False,OK,0.0,2.771,-2.771,0,0.0,0.0,
BTCUSDC_SHORT,TRA_DISABLE_DELTA_ENTRY,True,OK,0.0,2.771,-2.771,0,0.0,0.0,
BTCUSDC_SHORT,TRA_LONG_ONLY,False,OK,0.0,2.771,-2.771,0,0.0,0.0,
BTCUSDC_SHORT,TRA_LONG_ONLY,True,OK,0.0,2.771,-2.771,0,0.0,0.0,
BTCUSDC_SHORT,TRA_MIN_HOLD_MINUTES,720.0,OK,0.0,2.771,-2.771,0,0.0,0.0,
BTCUSDC_SHORT,TRA_MIN_HOLD_MINUTES,1080.0,OK,0.0,2.771,-2.771,0,0.0,0.0,
BTCUSDC_SHORT,TRA_MIN_HOLD_MINUTES,1440.0,OK,0.0,2.771,-2.771,0,0.0,0.0,
BTCUSDC_SHORT,TRA_MIN_HOLD_MINUTES,1800.0,OK,0.0,2.771,-2.771,0,0.0,0.0,
BTCUSDC_SHORT,TRA_MIN_HOLD_MINUTES,2160.0,OK,0.0,2.771,-2.771,0,0.0,0.0,
BTCUSDC_SHORT,TRA_MIN_HOLD_MINUTES,5760.0,OK,0.0,2.771,-2.771,0,0.0,0.0,
BTCUSDC_SHORT,TRA_NO_LOSS_EXIT,False,OK,0.0,2.771,-2.771,0,0.0,0.0,
BTCUSDC_SHORT,TRA_NO_LOSS_EXIT,True,OK,0.0,2.771,-2.771,0,0.0,0.0,
BTCUSDC_SHORT,TRA_STRICT_EXIT_ONLY,False,OK,0.0,2.771,-2.771,0,0.0,0.0,
BTCUSDC_SHORT,TRA_STRICT_EXIT_ONLY,True,OK,0.0,2.771,-2.771,0,0.0,0.0,
BTCUSDC_SHORT,TRB_NOLOSS_MIN_PROFIT_PCT,0.0,OK,0.0,2.771,-2.771,0,0.0,0.0,
BTCUSDC_SHORT,TRB_NOLOSS_MIN_PROFIT_PCT,1.0,OK,0.0,2.771,-2.771,0,0.0,0.0,
BTCUSDC_SHORT,TRB_NOLOSS_MIN_PROFIT_PCT,2.0,OK,0.0,2.771,-2.771,0,0.0,0.0,
BTCUSDC_SHORT,TRC_CLENOW_POSITION_SIZE,1320.0,OK,0.0,2.771,-2.771,0,0.0,0.0,
BTCUSDC_SHORT,TRC_CLENOW_POSITION_SIZE,1980.0,OK,0.0,2.771,-2.771,0,0.0,0.0,
BTCUSDC_SHORT,TRC_CLENOW_POSITION_SIZE,2640.0,OK,0.0,2.771,-2.771,0,0.0,0.0,
BTCUSDC_SHORT,TRC_CLENOW_POSITION_SIZE,3300.0,OK,0.0,2.771,-2.771,0,0.0,0.0,
BTCUSDC_SHORT,TRC_CLENOW_POSITION_SIZE,3960.0,OK,0.0,2.771,-2.771,0,0.0,0.0,
BTCUSDC_SHORT,TRC_CONNORS_RSI_ENABLED,False,OK,0.0,2.771,-2.771,0,0.0,0.0,
BTCUSDC_SHORT,TRC_CONNORS_RSI_ENABLED,True,OK,0.0,2.771,-2.771,0,0.0,0.0,
BTCUSDC_SHORT,TRC_CONNORS_RSI_POSITION_SIZE,990.0,OK,0.0,2.771,-2.771,0,0.0,0.0,
BTCUSDC_SHORT,TRC_CONNORS_RSI_POSITION_SIZE,1485.0,OK,0.0,2.771,-2.771,0,0.0,0.0,
BTCUSDC_SHORT,TRC_CONNORS_RSI_POSITION_SIZE,1980.0,OK,0.0,2.771,-2.771,0,0.0,0.0,
BTCUSDC_SHORT,TRC_DC_DAYTRADE_LONG_BUDGET,4950.0,OK,0.0,2.771,-2.771,0,0.0,0.0,
BTCUSDC_SHORT,TRC_DC_DAYTRADE_LONG_BUDGET,7425.0,OK,0.0,2.771,-2.771,0,0.0,0.0,
BTCUSDC_SHORT,TRC_DC_DAYTRADE_LONG_BUDGET,9900.0,OK,0.0,2.771,-2.771,0,0.0,0.0,
BTCUSDC_SHORT,TRC_DC_DAYTRADE_LONG_BUDGET,12375.0,OK,0.0,2.771,-2.771,0,0.0,0.0,
BTCUSDC_SHORT,TRC_DC_DAYTRADE_LONG_BUDGET,14850.0,OK,0.0,2.771,-2.771,0,0.0,0.0,
BTCUSDC_SHORT,TRC_DC_DAYTRADE_SHORT_BUDGET,4950.0,OK,0.0,2.771,-2.771,0,0.0,0.0,
BTCUSDC_SHORT,TRC_DC_DAYTRADE_SHORT_BUDGET,7425.0,OK,0.0,2.771,-2.771,0,0.0,0.0,
BTCUSDC_SHORT,TRC_DC_DAYTRADE_SHORT_BUDGET,9900.0,OK,0.0,2.771,-2.771,0,0.0,0.0,
BTCUSDC_SHORT,TRC_DC_DAYTRADE_SHORT_BUDGET,12375.0,OK,0.0,2.771,-2.771,0,0.0,0.0,
BTCUSDC_SHORT,TRC_DC_DAYTRADE_SHORT_BUDGET,14850.0,OK,0.0,2.771,-2.771,0,0.0,0.0,
BTCUSDC_SHORT,TRC_DC_DAYTRADE_START_SIZE,990.0,OK,0.0,2.771,-2.771,0,0.0,0.0,
BTCUSDC_SHORT,TRC_DC_DAYTRADE_START_SIZE,1485.0,OK,0.0,2.771,-2.771,0,0.0,0.0,
BTCUSDC_SHORT,TRC_DC_DAYTRADE_START_SIZE,1980.0,OK,0.0,2.771,-2.771,0,0.0,0.0,
BTCUSDC_SHORT,TRC_DC_DAYTRADE_START_SIZE,2475.0,OK,0.0,2.771,-2.771,0,0.0,0.0,
BTCUSDC_SHORT,TRC_DC_DAYTRADE_START_SIZE,2970.0,OK,0.0,2.771,-2.771,0,0.0,0.0,
BTCUSDC_SHORT,TRC_ENTRY_MIN_ALIGNMENT,2,OK,0.0,2.771,-2.771,0,0.0,0.0,
BTCUSDC_SHORT,TRC_ENTRY_MIN_ALIGNMENT,3,OK,0.0,2.771,-2.771,0,0.0,0.0,
BTCUSDC_SHORT,TRC_ENTRY_MIN_ALIGNMENT,4,OK,0.0,2.771,-2.771,0,0.0,0.0,
BTCUSDC_SHORT,TRC_ENTRY_MIN_ALIGNMENT,5,OK,0.0,2.771,-2.771,0,0.0,0.0,
BTCUSDC_SHORT,TRC_ENTRY_MIN_ALIGNMENT,6,OK,0.0,2.771,-2.771,0,0.0,0.0,
BTCUSDC_SHORT,TRC_ENTRY_ZONE_LONG,15.0,OK,0.0,2.771,-2.771,0,0.0,0.0,
BTCUSDC_SHORT,TRC_ENTRY_ZONE_LONG,22.5,OK,0.0,2.771,-2.771,0,0.0,0.0,
BTCUSDC_SHORT,TRC_ENTRY_ZONE_LONG,30.0,OK,0.0,2.771,-2.771,0,0.0,0.0,
BTCUSDC_SHORT,TRC_ENTRY_ZONE_LONG,37.5,OK,0.0,2.771,-2.771,0,0.0,0.0,
BTCUSDC_SHORT,TRC_ENTRY_ZONE_LONG,45.0,OK,0.0,2.771,-2.771,0,0.0,0.0,
BTCUSDC_SHORT,TRC_ENTRY_ZONE_SHORT,35.0,OK,0.0,2.771,-2.771,0,0.0,0.0,
BTCUSDC_SHORT,TRC_ENTRY_ZONE_SHORT,52.5,OK,0.0,2.771,-2.771,0,0.0,0.0,
BTCUSDC_SHORT,TRC_ENTRY_ZONE_SHORT,70.0,OK,0.0,2.771,-2.771,0,0.0,0.0,
BTCUSDC_SHORT,TRC_ENTRY_ZONE_SHORT,87.5,OK,0.0,2.771,-2.771,0,0.0,0.0,
BTCUSDC_SHORT,TRC_ENTRY_ZONE_SHORT,105.0,OK,0.0,2.771,-2.771,0,0.0,0.0,
BTCUSDC_SHORT,TRC_EP_POSITION_SIZE,1320.0,OK,0.0,2.771,-2.771,0,0.0,0.0,
BTCUSDC_SHORT,TRC_EP_POSITION_SIZE,1980.0,OK,0.0,2.771,-2.771,0,0.0,0.0,
BTCUSDC_SHORT,TRC_EP_POSITION_SIZE,2640.0,OK,0.0,2.771,-2.771,0,0.0,0.0,
BTCUSDC_SHORT,TRC_EP_POSITION_SIZE,3300.0,OK,0.0,2.771,-2.771,0,0.0,0.0,
BTCUSDC_SHORT,TRC_EP_POSITION_SIZE,3960.0,OK,0.0,2.771,-2.771,0,0.0,0.0,
BTCUSDC_SHORT,TRC_GAP_FILL_POSITION_SIZE,990.0,OK,0.0,2.771,-2.771,0,0.0,0.0,
BTCUSDC_SHORT,TRC_GAP_FILL_POSITION_SIZE,1485.0,OK,0.0,2.771,-2.771,0,0.0,0.0,
BTCUSDC_SHORT,TRC_GAP_FILL_POSITION_SIZE,1980.0,OK,0.0,2.771,-2.771,0,0.0,0.0,
BTCUSDC_SHORT,TRC_GAP_FILL_POSITION_SIZE,2475.0,OK,0.0,2.771,-2.771,0,0.0,0.0,
BTCUSDC_SHORT,TRC_GAP_FILL_POSITION_SIZE,2970.0,OK,0.0,2.771,-2.771,0,0.0,0.0,
BTCUSDC_SHORT,TRC_LS_RATIO_MAX,1.5,OK,0.0,2.771,-2.771,0,0.0,0.0,
BTCUSDC_SHORT,TRC_LS_RATIO_MAX,2.25,OK,0.0,2.771,-2.771,0,0.0,0.0,
BTCUSDC_SHORT,TRC_LS_RATIO_MAX,3.0,OK,0.0,2.771,-2.771,0,0.0,0.0,
BTCUSDC_SHORT,TRC_LS_RATIO_MAX,3.75,OK,0.0,2.771,-2.771,0,0.0,0.0,
BTCUSDC_SHORT,TRC_LS_RATIO_MAX,4.5,OK,0.0,2.771,-2.771,0,0.0,0.0,
BTCUSDC_SHORT,TRC_LS_RATIO_MIN,0.15,OK,0.0,2.771,-2.771,0,0.0,0.0,
BTCUSDC_SHORT,TRC_LS_RATIO_MIN,0.225,OK,0.0,2.771,-2.771,0,0.0,0.0,
BTCUSDC_SHORT,TRC_LS_RATIO_MIN,0.3,OK,0.0,2.771,-2.771,0,0.0,0.0,
BTCUSDC_SHORT,TRC_LS_RATIO_MIN,0.375,OK,0.0,2.771,-2.771,0,0.0,0.0,
BTCUSDC_SHORT,TRC_LS_RATIO_MIN,0.45,OK,0.0,2.771,-2.771,0,0.0,0.0,
BTCUSDC_SHORT,TRC_MAX_CONCURRENT_POSITIONS,16,OK,0.0,2.771,-2.771,0,0.0,0.0,
BTCUSDC_SHORT,TRC_MAX_CONCURRENT_POSITIONS,24,OK,0.0,2.771,-2.771,0,0.0,0.0,
BTCUSDC_SHORT,TRC_MAX_CONCURRENT_POSITIONS,32,OK,0.0,2.771,-2.771,0,0.0,0.0,
BTCUSDC_SHORT,TRC_MAX_CONCURRENT_POSITIONS,40,OK,0.0,2.771,-2.771,0,0.0,0.0,
BTCUSDC_SHORT,TRC_MAX_CONCURRENT_POSITIONS,48,OK,0.0,2.771,-2.771,0,0.0,0.0,
BTCUSDC_SHORT,TRC_MAX_DAILY_LOSS_PCT,5.0,OK,0.0,2.771,-2.771,0,0.0,0.0,
BTCUSDC_SHORT,TRC_MAX_DAILY_LOSS_PCT,7.5,OK,0.0,2.771,-2.771,0,0.0,0.0,
BTCUSDC_SHORT,TRC_MAX_DAILY_LOSS_PCT,10.0,OK,0.0,2.771,-2.771,0,0.0,0.0,
BTCUSDC_SHORT,TRC_MAX_DAILY_LOSS_PCT,12.5,OK,0.0,2.771,-2.771,0,0.0,0.0,
BTCUSDC_SHORT,TRC_MAX_DAILY_LOSS_PCT,15.0,OK,0.0,2.771,-2.771,0,0.0,0.0,
BTCUSDC_SHORT,TRC_MAX_ORDER_VALUE,625.0,OK,0.0,2.771,-2.771,0,0.0,0.0,
BTCUSDC_SHORT,TRC_MAX_ORDER_VALUE,937.5,OK,0.0,2.771,-2.771,0,0.0,0.0,
BTCUSDC_SHORT,TRC_MAX_ORDER_VALUE,1250.0,OK,0.0,2.771,-2.771,0,0.0,0.0,
BTCUSDC_SHORT,TRC_MAX_ORDER_VALUE,1562.5,OK,0.0,2.771,-2.771,0,0.0,0.0,
BTCUSDC_SHORT,TRC_MAX_ORDER_VALUE,1875.0,OK,0.0,2.771,-2.771,0,0.0,0.0,
BTCUSDC_SHORT,TRC_MAX_POSITION_SIZE,1875.0,OK,0.0,2.771,-2.771,0,0.0,0.0,
BTCUSDC_SHORT,TRC_MAX_POSITION_SIZE,2812.5,OK,0.0,2.771,-2.771,0,0.0,0.0,
BTCUSDC_SHORT,TRC_MAX_POSITION_SIZE,3750.0,OK,0.0,2.771,-2.771,0,0.0,0.0,
BTCUSDC_SHORT,TRC_MAX_POSITION_SIZE,4687.5,OK,0.0,2.771,-2.771,0,0.0,0.0,
BTCUSDC_SHORT,TRC_MAX_POSITION_SIZE,5625.0,OK,0.0,2.771,-2.771,0,0.0,0.0,
BTCUSDC_SHORT,TRC_MINERVINI_LONG_BUDGET,6600.0,OK,0.0,2.771,-2.771,0,0.0,0.0,
BTCUSDC_SHORT,TRC_MINERVINI_LONG_BUDGET,9900.0,OK,0.0,2.771,-2.771,0,0.0,0.0,
BTCUSDC_SHORT,TRC_MINERVINI_LONG_BUDGET,13200.0,OK,0.0,2.771,-2.771,0,0.0,0.0,
BTCUSDC_SHORT,TRC_MINERVINI_LONG_BUDGET,16500.0,OK,0.0,2.771,-2.771,0,0.0,0.0,
BTCUSDC_SHORT,TRC_MINERVINI_LONG_BUDGET,19800.0,OK,0.0,2.771,-2.771,0,0.0,0.0,
BTCUSDC_SHORT,TRC_MINERVINI_POSITION_SIZE,1320.0,OK,0.0,2.771,-2.771,0,0.0,0.0,
BTCUSDC_SHORT,TRC_MINERVINI_POSITION_SIZE,1980.0,OK,0.0,2.771,-2.771,0,0.0,0.0,
BTCUSDC_SHORT,TRC_MINERVINI_POSITION_SIZE,2640.0,OK,0.0,2.771,-2.771,0,0.0,0.0,
BTCUSDC_SHORT,TRC_MINERVINI_POSITION_SIZE,3300.0,OK,0.0,2.771,-2.771,0,0.0,0.0,
BTCUSDC_SHORT,TRC_MINERVINI_POSITION_SIZE,3960.0,OK,0.0,2.771,-2.771,0,0.0,0.0,
BTCUSDC_SHORT,TRC_MOMENTUM_FADE_ENABLED,False,OK,0.0,2.771,-2.771,0,0.0,0.0,
BTCUSDC_SHORT,TRC_MOMENTUM_FADE_ENABLED,True,OK,0.0,2.771,-2.771,0,0.0,0.0,
BTCUSDC_SHORT,TRC_NOLOSS_MIN_PROFIT_PCT,0.0,OK,0.0,2.771,-2.771,0,0.0,0.0,
BTCUSDC_SHORT,TRC_NOLOSS_MIN_PROFIT_PCT,0.01,OK,0.0,2.771,-2.771,0,0.0,0.0,
BTCUSDC_SHORT,TRC_ORB_LONG_BUDGET,3300.0,OK,0.0,2.771,-2.771,0,0.0,0.0,
BTCUSDC_SHORT,TRC_ORB_LONG_BUDGET,4950.0,OK,0.0,2.771,-2.771,0,0.0,0.0,
BTCUSDC_SHORT,TRC_ORB_LONG_BUDGET,6600.0,OK,0.0,2.771,-2.771,0,0.0,0.0,
BTCUSDC_SHORT,TRC_ORB_LONG_BUDGET,8250.0,OK,0.0,2.771,-2.771,0,0.0,0.0,
BTCUSDC_SHORT,TRC_ORB_LONG_BUDGET,9900.0,OK,0.0,2.771,-2.771,0,0.0,0.0,
BTCUSDC_SHORT,TRC_ORB_POSITION_SIZE,990.0,OK,0.0,2.771,-2.771,0,0.0,0.0,
BTCUSDC_SHORT,TRC_ORB_POSITION_SIZE,1485.0,OK,0.0,2.771,-2.771,0,0.0,0.0,
BTCUSDC_SHORT,TRC_ORB_POSITION_SIZE,1980.0,OK,0.0,2.771,-2.771,0,0.0,0.0,
BTCUSDC_SHORT,TRC_ORB_POSITION_SIZE,2475.0,OK,0.0,2.771,-2.771,0,0.0,0.0,
BTCUSDC_SHORT,TRC_ORB_POSITION_SIZE,2970.0,OK,0.0,2.771,-2.771,0,0.0,0.0,
BTCUSDC_SHORT,TRC_ORB_SHORT_BUDGET,3300.0,OK,0.0,2.771,-2.771,0,0.0,0.0,
BTCUSDC_SHORT,TRC_ORB_SHORT_BUDGET,4950.0,OK,0.0,2.771,-2.771,0,0.0,0.0,
BTCUSDC_SHORT,TRC_ORB_SHORT_BUDGET,6600.0,OK,0.0,2.771,-2.771,0,0.0,0.0,
BTCUSDC_SHORT,TRC_ORB_SHORT_BUDGET,8250.0,OK,0.0,2.771,-2.771,0,0.0,0.0,
BTCUSDC_SHORT,TRC_ORB_SHORT_BUDGET,9900.0,OK,0.0,2.771,-2.771,0,0.0,0.0,
BTCUSDC_SHORT,TRC_ROTATION_POSITION_SIZE,1500.0,OK,0.0,2.771,-2.771,0,0.0,0.0,
BTCUSDC_SHORT,TRC_ROTATION_POSITION_SIZE,2250.0,OK,0.0,2.771,-2.771,0,0.0,0.0,
BTCUSDC_SHORT,TRC_ROTATION_POSITION_SIZE,3000.0,OK,0.0,2.771,-2.771,0,0.0,0.0,
BTCUSDC_SHORT,TRC_ROTATION_POSITION_SIZE,3750.0,OK,0.0,2.771,-2.771,0,0.0,0.0,
BTCUSDC_SHORT,TRC_ROTATION_POSITION_SIZE,4500.0,OK,0.0,2.771,-2.771,0,0.0,0.0,
BTCUSDC_SHORT,TRC_RSI2_POSITION_SIZE,990.0,OK,0.0,2.771,-2.771,0,0.0,0.0,
BTCUSDC_SHORT,TRC_RSI2_POSITION_SIZE,1485.0,OK,0.0,2.771,-2.771,0,0.0,0.0,
BTCUSDC_SHORT,TRC_RSI2_POSITION_SIZE,1980.0,OK,0.0,2.771,-2.771,0,0.0,0.0,
BTCUSDC_SHORT,TRC_RSI2_POSITION_SIZE,2475.0,OK,0.0,2.771,-2.771,0,0.0,0.0,
BTCUSDC_SHORT,TRC_RSI2_POSITION_SIZE,2970.0,OK,0.0,2.771,-2.771,0,0.0,0.0,
BTCUSDC_SHORT,TRC_SCALP_LONG_BUDGET,625.0,OK,0.0,2.771,-2.771,0,0.0,0.0,
BTCUSDC_SHORT,TRC_SCALP_LONG_BUDGET,937.5,OK,0.0,2.771,-2.771,0,0.0,0.0,
BTCUSDC_SHORT,TRC_SCALP_LONG_BUDGET,1250.0,OK,0.0,2.771,-2.771,0,0.0,0.0,
BTCUSDC_SHORT,TRC_SCALP_LONG_BUDGET,1562.5,OK,0.0,2.771,-2.771,0,0.0,0.0,
BTCUSDC_SHORT,TRC_SCALP_LONG_BUDGET,1875.0,OK,0.0,2.771,-2.771,0,0.0,0.0,
BTCUSDC_SHORT,TRC_SCALP_MAX_POSITIONS_PER_SIDE,6,OK,0.0,2.771,-2.771,0,0.0,0.0,
BTCUSDC_SHORT,TRC_SCALP_MAX_POSITIONS_PER_SIDE,9,OK,0.0,2.771,-2.771,0,0.0,0.0,
BTCUSDC_SHORT,TRC_SCALP_MAX_POSITIONS_PER_SIDE,12,OK,0.0,2.771,-2.771,0,0.0,0.0,
BTCUSDC_SHORT,TRC_SCALP_MAX_POSITIONS_PER_SIDE,15,OK,0.0,2.771,-2.771,0,0.0,0.0,
BTCUSDC_SHORT,TRC_SCALP_MAX_POSITIONS_PER_SIDE,18,OK,0.0,2.771,-2.771,0,0.0,0.0,
BTCUSDC_SHORT,TRC_SCALP_SHORT_BUDGET,625.0,OK,0.0,2.771,-2.771,0,0.0,0.0,
BTCUSDC_SHORT,TRC_SCALP_SHORT_BUDGET,937.5,OK,0.0,2.771,-2.771,0,0.0,0.0,
BTCUSDC_SHORT,TRC_SCALP_SHORT_BUDGET,1250.0,OK,0.0,2.771,-2.771,0,0.0,0.0,
BTCUSDC_SHORT,TRC_SCALP_SHORT_BUDGET,1562.5,OK,0.0,2.771,-2.771,0,0.0,0.0,
BTCUSDC_SHORT,TRC_SCALP_SHORT_BUDGET,1875.0,OK,0.0,2.771,-2.771,0,0.0,0.0,
BTCUSDC_SHORT,TRC_SCALP_START_SIZE,247.5,OK,0.0,2.771,-2.771,0,0.0,0.0,
BTCUSDC_SHORT,TRC_SCALP_START_SIZE,371.25,OK,0.0,2.771,-2.771,0,0.0,0.0,
BTCUSDC_SHORT,TRC_SCALP_START_SIZE,495.0,OK,0.0,2.771,-2.771,0,0.0,0.0,
BTCUSDC_SHORT,TRC_SCALP_START_SIZE,618.75,OK,0.0,2.771,-2.771,0,0.0,0.0,
BTCUSDC_SHORT,TRC_SCALP_START_SIZE,742.5,OK,0.0,2.771,-2.771,0,0.0,0.0,
BTCUSDC_SHORT,TRC_SCALP_TARGET_PCT,0.005,OK,0.0,2.771,-2.771,0,0.0,0.0,
BTCUSDC_SHORT,TRC_SCALP_TARGET_PCT,0.0075,OK,0.0,2.771,-2.771,0,0.0,0.0,
BTCUSDC_SHORT,TRC_SCALP_TARGET_PCT,0.01,OK,0.0,2.771,-2.771,0,0.0,0.0,
BTCUSDC_SHORT,TRC_SCALP_TARGET_PCT,0.0125,OK,0.0,2.771,-2.771,0,0.0,0.0,
BTCUSDC_SHORT,TRC_SCALP_TARGET_PCT,0.015,OK,0.0,2.771,-2.771,0,0.0,0.0,
BTCUSDC_SHORT,TRC_SMFI_ENABLED,False,OK,0.0,2.771,-2.771,0,0.0,0.0,
BTCUSDC_SHORT,TRC_SMFI_ENABLED,True,OK,0.0,2.771,-2.771,0,0.0,0.0,
BTCUSDC_SHORT,TRC_SMFI_LONG_BUDGET,4950.0,OK,0.0,2.771,-2.771,0,0.0,0.0,
BTCUSDC_SHORT,TRC_SMFI_LONG_BUDGET,7425.0,OK,0.0,2.771,-2.771,0,0.0,0.0,
BTCUSDC_SHORT,TRC_SMFI_LONG_BUDGET,9900.0,OK,0.0,2.771,-2.771,0,0.0,0.0,
BTCUSDC_SHORT,TRC_SMFI_LONG_BUDGET,12375.0,OK,0.0,2.771,-2.771,0,0.0,0.0,
BTCUSDC_SHORT,TRC_SMFI_LONG_BUDGET,14850.0,OK,0.0,2.771,-2.771,0,0.0,0.0,
BTCUSDC_SHORT,TRC_SMFI_POSITION_SIZE,990.0,OK,0.0,2.771,-2.771,0,0.0,0.0,
BTCUSDC_SHORT,TRC_SMFI_POSITION_SIZE,1485.0,OK,0.0,2.771,-2.771,0,0.0,0.0,
BTCUSDC_SHORT,TRC_SMFI_POSITION_SIZE,1980.0,OK,0.0,2.771,-2.771,0,0.0,0.0,
BTCUSDC_SHORT,TRC_SMFI_POSITION_SIZE,2475.0,OK,0.0,2.771,-2.771,0,0.0,0.0,
BTCUSDC_SHORT,TRC_SMFI_POSITION_SIZE,2970.0,OK,0.0,2.771,-2.771,0,0.0,0.0,
BTCUSDC_SHORT,TRC_SMFI_SHORT_BUDGET,4950.0,OK,0.0,2.771,-2.771,0,0.0,0.0,
BTCUSDC_SHORT,TRC_SMFI_SHORT_BUDGET,7425.0,OK,0.0,2.771,-2.771,0,0.0,0.0,
BTCUSDC_SHORT,TRC_SMFI_SHORT_BUDGET,9900.0,OK,0.0,2.771,-2.771,0,0.0,0.0,
BTCUSDC_SHORT,TRC_SMFI_SHORT_BUDGET,12375.0,OK,0.0,2.771,-2.771,0,0.0,0.0,
BTCUSDC_SHORT,TRC_SMFI_SHORT_BUDGET,14850.0,OK,0.0,2.771,-2.771,0,0.0,0.0,
BTCUSDC_SHORT,TRC_START_POSITION_SIZE,165.0,OK,0.0,2.771,-2.771,0,0.0,0.0,
BTCUSDC_SHORT,TRC_START_POSITION_SIZE,247.5,OK,0.0,2.771,-2.771,0,0.0,0.0,
BTCUSDC_SHORT,TRC_START_POSITION_SIZE,330.0,OK,0.0,2.771,-2.771,0,0.0,0.0,
BTCUSDC_SHORT,TRC_START_POSITION_SIZE,412.5,OK,0.0,2.771,-2.771,0,0.0,0.0,
BTCUSDC_SHORT,TRC_START_POSITION_SIZE,495.0,OK,0.0,2.771,-2.771,0,0.0,0.0,
BTCUSDC_SHORT,TRC_SWING_LONG_BUDGET,50000.0,OK,0.0,2.771,-2.771,0,0.0,0.0,
BTCUSDC_SHORT,TRC_SWING_LONG_BUDGET,75000.0,OK,0.0,2.771,-2.771,0,0.0,0.0,
BTCUSDC_SHORT,TRC_SWING_LONG_BUDGET,100000.0,OK,0.0,2.771,-2.771,0,0.0,0.0,
BTCUSDC_SHORT,TRC_SWING_LONG_BUDGET,125000.0,OK,0.0,2.771,-2.771,0,0.0,0.0,
BTCUSDC_SHORT,TRC_SWING_LONG_BUDGET,150000.0,OK,0.0,2.771,-2.771,0,0.0,0.0,
BTCUSDC_SHORT,TRC_SWING_SHORT_BUDGET,50000.0,OK,0.0,2.771,-2.771,0,0.0,0.0,
BTCUSDC_SHORT,TRC_SWING_SHORT_BUDGET,75000.0,OK,0.0,2.771,-2.771,0,0.0,0.0,
BTCUSDC_SHORT,TRC_SWING_SHORT_BUDGET,100000.0,OK,0.0,2.771,-2.771,0,0.0,0.0,
BTCUSDC_SHORT,TRC_SWING_SHORT_BUDGET,125000.0,OK,0.0,2.771,-2.771,0,0.0,0.0,
BTCUSDC_SHORT,TRC_SWING_SHORT_BUDGET,150000.0,OK,0.0,2.771,-2.771,0,0.0,0.0,
BTCUSDC_SHORT,TREND_GATES,False,OK,0.0,2.771,-2.771,0,0.0,0.0,
BTCUSDC_SHORT,TREND_GATES,True,OK,0.0,2.771,-2.771,0,0.0,0.0,
BTCUSDC_SHORT,TR_ADX4H_BOYCOTT_SCORE,-60,OK,0.0,2.771,-2.771,0,0.0,0.0,
BTCUSDC_SHORT,TR_ADX4H_BOYCOTT_SCORE,-50,OK,0.0,2.771,-2.771,0,0.0,0.0,
BTCUSDC_SHORT,TR_ADX4H_BOYCOTT_SCORE,-40,OK,0.0,2.771,-2.771,0,0.0,0.0,
BTCUSDC_SHORT,TR_ADX4H_BOYCOTT_SCORE,-30,OK,0.0,2.771,-2.771,0,0.0,0.0,
BTCUSDC_SHORT,TR_ADX4H_BOYCOTT_SCORE,-20,OK,0.0,2.771,-2.771,0,0.0,0.0,
BTCUSDC_SHORT,TR_ADX4H_GATE_ENABLED,False,OK,0.0,2.771,-2.771,0,0.0,0.0,
BTCUSDC_SHORT,TR_ADX4H_GATE_ENABLED,True,OK,0.0,2.771,-2.771,0,0.0,0.0,
BTCUSDC_SHORT,TR_ADX4H_MAX,10.0,OK,0.0,2.771,-2.771,0,0.0,0.0,
BTCUSDC_SHORT,TR_ADX4H_MAX,15.0,OK,0.0,2.771,-2.771,0,0.0,0.0,
BTCUSDC_SHORT,TR_ADX4H_MAX,20.0,OK,0.0,2.771,-2.771,0,0.0,0.0,
BTCUSDC_SHORT,TR_ADX4H_MAX,25.0,OK,0.0,2.771,-2.771,0,0.0,0.0,
BTCUSDC_SHORT,TR_ADX4H_MAX,30.0,OK,0.0,2.771,-2.771,0,0.0,0.0,
BTCUSDC_SHORT,TR_BBWIDTH4H_GATE_ENABLED,False,OK,0.0,2.771,-2.771,0,0.0,0.0,
BTCUSDC_SHORT,TR_BBWIDTH4H_GATE_ENABLED,True,OK,0.0,2.771,-2.771,0,0.0,0.0,
BTCUSDC_SHORT,TR_CHOP4H_GATE_ENABLED,False,OK,0.0,2.771,-2.771,0,0.0,0.0,
BTCUSDC_SHORT,TR_CHOP4H_GATE_ENABLED,True,OK,0.0,2.771,-2.771,0,0.0,0.0,
BTCUSDC_SHORT,TR_DCWIDTH4H_SHORT_ENABLED,False,OK,0.0,2.771,-2.771,0,0.0,0.0,
BTCUSDC_SHORT,TR_DCWIDTH4H_SHORT_ENABLED,True,OK,0.0,2.771,-2.771,0,0.0,0.0,
BTCUSDC_SHORT,TR_DCWIDTH4H_SHORT_MAX,7.5,OK,0.0,2.771,-2.771,0,0.0,0.0,
BTCUSDC_SHORT,TR_DCWIDTH4H_SHORT_MAX,11.25,OK,0.0,2.771,-2.771,0,0.0,0.0,
BTCUSDC_SHORT,TR_DCWIDTH4H_SHORT_MAX,15.0,OK,0.0,2.771,-2.771,0,0.0,0.0,
BTCUSDC_SHORT,TR_DCWIDTH4H_SHORT_MAX,18.75,OK,0.0,2.771,-2.771,0,0.0,0.0,
BTCUSDC_SHORT,TR_DCWIDTH4H_SHORT_MAX,22.5,OK,0.0,2.771,-2.771,0,0.0,0.0,
BTCUSDC_SHORT,TR_MFI4H_LONG_ENABLED,False,OK,0.0,2.771,-2.771,0,0.0,0.0,
BTCUSDC_SHORT,TR_MFI4H_LONG_ENABLED,True,OK,0.0,2.771,-2.771,0,0.0,0.0,
BTCUSDC_SHORT,TR_MFI4H_LONG_MIN,20.0,OK,0.0,2.771,-2.771,0,0.0,0.0,
BTCUSDC_SHORT,TR_MFI4H_LONG_MIN,30.0,OK,0.0,2.771,-2.771,0,0.0,0.0,
BTCUSDC_SHORT,TR_MFI4H_LONG_MIN,40.0,OK,0.0,2.771,-2.771,0,0.0,0.0,
BTCUSDC_SHORT,TR_MFI4H_LONG_MIN,50.0,OK,0.0,2.771,-2.771,0,0.0,0.0,
BTCUSDC_SHORT,TR_MFI4H_LONG_MIN,60.0,OK,0.0,2.771,-2.771,0,0.0,0.0,
BTCUSDC_SHORT,TSMOM_BOOK_SCALAR_ENABLED,False,OK,0.0,2.771,-2.771,0,0.0,0.0,
BTCUSDC_SHORT,TSMOM_BOOK_SCALAR_ENABLED,True,OK,0.0,2.771,-2.771,0,0.0,0.0,
BTCUSDC_SHORT,TSMOM_HIGH_CAP,0.75,OK,0.0,2.771,-2.771,0,0.0,0.0,
BTCUSDC_SHORT,TSMOM_HIGH_CAP,1.125,OK,0.0,2.771,-2.771,0,0.0,0.0,
BTCUSDC_SHORT,TSMOM_HIGH_CAP,1.5,OK,0.0,2.771,-2.771,0,0.0,0.0,
BTCUSDC_SHORT,TSMOM_HIGH_CAP,1.875,OK,0.0,2.771,-2.771,0,0.0,0.0,
BTCUSDC_SHORT,TSMOM_HIGH_CAP,2.25,OK,0.0,2.771,-2.771,0,0.0,0.0,
BTCUSDC_SHORT,TSMOM_LOOKBACK_BARS,126,OK,0.0,2.771,-2.771,0,0.0,0.0,
BTCUSDC_SHORT,TSMOM_LOOKBACK_BARS,189,OK,0.0,2.771,-2.771,0,0.0,0.0,
BTCUSDC_SHORT,TSMOM_LOOKBACK_BARS,252,OK,0.0,2.771,-2.771,0,0.0,0.0,
BTCUSDC_SHORT,TSMOM_LOOKBACK_BARS,315,OK,0.0,2.771,-2.771,0,0.0,0.0,
BTCUSDC_SHORT,TSMOM_LOOKBACK_BARS,378,OK,0.0,2.771,-2.771,0,0.0,0.0,
BTCUSDC_SHORT,TSMOM_LOW_CAP,0.125,OK,0.0,2.771,-2.771,0,0.0,0.0,
BTCUSDC_SHORT,TSMOM_LOW_CAP,0.1875,OK,0.0,2.771,-2.771,0,0.0,0.0,
BTCUSDC_SHORT,TSMOM_LOW_CAP,0.25,OK,0.0,2.771,-2.771,0,0.0,0.0,
BTCUSDC_SHORT,TSMOM_LOW_CAP,0.3125,OK,0.0,2.771,-2.771,0,0.0,0.0,
BTCUSDC_SHORT,TSMOM_LOW_CAP,0.375,OK,0.0,2.771,-2.771,0,0.0,0.0,
BTCUSDC_SHORT,TSMOM_MIN_AGREEMENT,0.25,OK,0.0,2.771,-2.771,0,0.0,0.0,
BTCUSDC_SHORT,TSMOM_MIN_AGREEMENT,0.375,OK,0.0,2.771,-2.771,0,0.0,0.0,
BTCUSDC_SHORT,TSMOM_MIN_AGREEMENT,0.5,OK,0.0,2.771,-2.771,0,0.0,0.0,
BTCUSDC_SHORT,TSMOM_MIN_AGREEMENT,0.625,OK,0.0,2.771,-2.771,0,0.0,0.0,
BTCUSDC_SHORT,TSMOM_MIN_AGREEMENT,0.75,OK,0.0,2.771,-2.771,0,0.0,0.0,
BTCUSDC_SHORT,UNIVERSAL_NOLOSS_GATE,False,OK,0.0,2.771,-2.771,0,0.0,0.0,
BTCUSDC_SHORT,UNIVERSAL_NOLOSS_GATE,True,OK,0.0,2.771,-2.771,0,0.0,0.0,
BTCUSDC_SHORT,VIX_REGIME_FILTER_ENABLED,False,OK,0.0,2.771,-2.771,0,0.0,0.0,
BTCUSDC_SHORT,VIX_REGIME_FILTER_ENABLED,True,OK,0.0,2.771,-2.771,0,0.0,0.0,
BTCUSDC_SHORT,VIX_VOLATILITY_REGIME_ENABLED,False,OK,0.0,2.771,-2.771,0,0.0,0.0,
BTCUSDC_SHORT,VIX_VOLATILITY_REGIME_ENABLED,True,OK,0.0,2.771,-2.771,0,0.0,0.0,
BTCUSDC_SHORT,VOLUME_CONFIRMATION_ENABLED,False,OK,0.0,2.771,-2.771,0,0.0,0.0,
BTCUSDC_SHORT,VOLUME_CONFIRMATION_ENABLED,True,OK,0.0,2.771,-2.771,0,0.0,0.0,
BTCUSDC_SHORT,VOLUME_CONFIRMATION_MULT,1.2,OK,0.0,2.771,-2.771,0,0.0,0.0,
BTCUSDC_SHORT,VOLUME_CONFIRMATION_MULT,0.6,OK,0.0,2.771,-2.771,0,0.0,0.0,
BTCUSDC_SHORT,VOLUME_CONFIRMATION_MULT,0.9,OK,0.0,2.771,-2.771,0,0.0,0.0,
BTCUSDC_SHORT,VOLUME_CONFIRMATION_MULT,1.5,OK,0.0,2.771,-2.771,0,0.0,0.0,
BTCUSDC_SHORT,VOLUME_CONFIRMATION_MULT,1.8,OK,0.0,2.771,-2.771,0,0.0,0.0,
BTCUSDC_SHORT,VOL_TARGET_ENABLED,False,OK,0.0,2.771,-2.771,0,0.0,0.0,
BTCUSDC_SHORT,VOL_TARGET_ENABLED,True,OK,0.0,2.771,-2.771,0,0.0,0.0,
BTCUSDC_SHORT,VOL_TARGET_HIGH_CAP,1.0,OK,0.0,2.771,-2.771,0,0.0,0.0,
BTCUSDC_SHORT,VOL_TARGET_HIGH_CAP,1.5,OK,0.0,2.771,-2.771,0,0.0,0.0,
BTCUSDC_SHORT,VOL_TARGET_HIGH_CAP,2.0,OK,0.0,2.771,-2.771,0,0.0,0.0,
BTCUSDC_SHORT,VOL_TARGET_HIGH_CAP,2.5,OK,0.0,2.771,-2.771,0,0.0,0.0,
BTCUSDC_SHORT,VOL_TARGET_HIGH_CAP,3.0,OK,0.0,2.771,-2.771,0,0.0,0.0,
BTCUSDC_SHORT,VOL_TARGET_LOW_CAP,0.125,OK,0.0,2.771,-2.771,0,0.0,0.0,
BTCUSDC_SHORT,VOL_TARGET_LOW_CAP,0.1875,OK,0.0,2.771,-2.771,0,0.0,0.0,
BTCUSDC_SHORT,VOL_TARGET_LOW_CAP,0.25,OK,0.0,2.771,-2.771,0,0.0,0.0,
BTCUSDC_SHORT,VOL_TARGET_LOW_CAP,0.3125,OK,0.0,2.771,-2.771,0,0.0,0.0,
BTCUSDC_SHORT,VOL_TARGET_LOW_CAP,0.375,OK,0.0,2.771,-2.771,0,0.0,0.0,
BTCUSDC_SHORT,VOL_TARGET_PCT,10.0,OK,0.0,2.771,-2.771,0,0.0,0.0,
BTCUSDC_SHORT,VOL_TARGET_PCT,15.0,OK,0.0,2.771,-2.771,0,0.0,0.0,
BTCUSDC_SHORT,VOL_TARGET_PCT,20.0,OK,0.0,2.771,-2.771,0,0.0,0.0,
BTCUSDC_SHORT,VOL_TARGET_PCT,25.0,OK,0.0,2.771,-2.771,0,0.0,0.0,
BTCUSDC_SHORT,VOL_TARGET_PCT,30.0,OK,0.0,2.771,-2.771,0,0.0,0.0,
BTCUSDC_SHORT,VWAP_BOUNCE_DIST_PCT,0.3,OK,0.0,2.771,-2.771,0,0.0,0.0,
BTCUSDC_SHORT,VWAP_BOUNCE_DIST_PCT,0.15,OK,0.0,2.771,-2.771,0,0.0,0.0,
BTCUSDC_SHORT,VWAP_BOUNCE_DIST_PCT,0.225,OK,0.0,2.771,-2.771,0,0.0,0.0,
BTCUSDC_SHORT,VWAP_BOUNCE_DIST_PCT,0.375,OK,0.0,2.771,-2.771,0,0.0,0.0,
BTCUSDC_SHORT,VWAP_BOUNCE_DIST_PCT,0.45,OK,0.0,2.771,-2.771,0,0.0,0.0,
BTCUSDC_SHORT,VWAP_BOUNCE_ENTRY_ENABLED,False,OK,0.0,2.771,-2.771,0,0.0,0.0,
BTCUSDC_SHORT,VWAP_BOUNCE_ENTRY_ENABLED,True,OK,0.0,2.771,-2.771,0,0.0,0.0,
BTCUSDC_SHORT,VWAP_FILTER_ENABLED,False,OK,0.0,2.771,-2.771,0,0.0,0.0,
BTCUSDC_SHORT,VWAP_FILTER_ENABLED,True,OK,0.0,2.771,-2.771,0,0.0,0.0,
BTCUSDC_SHORT,WT_15M_VEL_NEAR_ZERO_THRESHOLD,0.05,OK,0.0,2.771,-2.771,0,0.0,0.0,
BTCUSDC_SHORT,WT_15M_VEL_NEAR_ZERO_THRESHOLD,0.075,OK,0.0,2.771,-2.771,0,0.0,0.0,
BTCUSDC_SHORT,WT_15M_VEL_NEAR_ZERO_THRESHOLD,0.1,OK,0.0,2.771,-2.771,0,0.0,0.0,
BTCUSDC_SHORT,WT_15M_VEL_NEAR_ZERO_THRESHOLD,0.125,OK,0.0,2.771,-2.771,0,0.0,0.0,
BTCUSDC_SHORT,WT_15M_VEL_NEAR_ZERO_THRESHOLD,0.15,OK,0.0,2.771,-2.771,0,0.0,0.0,
BTCUSDC_SHORT,WT_15M_VEL_SLOW_AT_ZERO_GAIN_ENABLED,False,OK,0.0,2.771,-2.771,0,0.0,0.0,
BTCUSDC_SHORT,WT_15M_VEL_SLOW_AT_ZERO_GAIN_ENABLED,True,OK,0.0,2.771,-2.771,0,0.0,0.0,
BTCUSDC_SHORT,WT_15M_VEL_SLOW_GAIN_BAND_PCT,0.05,OK,0.0,2.771,-2.771,0,0.0,0.0,
BTCUSDC_SHORT,WT_15M_VEL_SLOW_GAIN_BAND_PCT,0.075,OK,0.0,2.771,-2.771,0,0.0,0.0,
BTCUSDC_SHORT,WT_15M_VEL_SLOW_GAIN_BAND_PCT,0.1,OK,0.0,2.771,-2.771,0,0.0,0.0,
BTCUSDC_SHORT,WT_15M_VEL_SLOW_GAIN_BAND_PCT,0.125,OK,0.0,2.771,-2.771,0,0.0,0.0,
BTCUSDC_SHORT,WT_15M_VEL_SLOW_GAIN_BAND_PCT,0.15,OK,0.0,2.771,-2.771,0,0.0,0.0,
BTCUSDC_SHORT,WT_15M_VEL_SLOW_GAIN_FLOOR_PCT,0.005,OK,0.0,2.771,-2.771,0,0.0,0.0,
BTCUSDC_SHORT,WT_15M_VEL_SLOW_GAIN_FLOOR_PCT,0.0075,OK,0.0,2.771,-2.771,0,0.0,0.0,
BTCUSDC_SHORT,WT_15M_VEL_SLOW_GAIN_FLOOR_PCT,0.01,OK,0.0,2.771,-2.771,0,0.0,0.0,
BTCUSDC_SHORT,WT_15M_VEL_SLOW_GAIN_FLOOR_PCT,0.0125,OK,0.0,2.771,-2.771,0,0.0,0.0,
BTCUSDC_SHORT,WT_15M_VEL_SLOW_GAIN_FLOOR_PCT,0.015,OK,0.0,2.771,-2.771,0,0.0,0.0,
BTCUSDC_SHORT,WT_3M_FORCE_OPEN_BUILD_TO_TARGET,False,OK,0.0,2.771,-2.771,0,0.0,0.0,
BTCUSDC_SHORT,WT_3M_FORCE_OPEN_BUILD_TO_TARGET,True,OK,0.0,2.771,-2.771,0,0.0,0.0,
BTCUSDC_SHORT,WT_3M_FORCE_OPEN_BYPASS_GATES,False,OK,0.0,2.771,-2.771,0,0.0,0.0,
BTCUSDC_SHORT,WT_3M_FORCE_OPEN_BYPASS_GATES,True,OK,0.0,2.771,-2.771,0,0.0,0.0,
BTCUSDC_SHORT,WT_3M_FORCE_OPEN_DIST_PCT,0.0,OK,0.0,2.771,-2.771,0,0.0,0.0,
BTCUSDC_SHORT,WT_3M_FORCE_OPEN_DIST_PCT,0.5,OK,0.0,2.771,-2.771,0,0.0,0.0,
BTCUSDC_SHORT,WT_3M_FORCE_OPEN_DIST_PCT,1.0,OK,0.0,2.771,-2.771,0,0.0,0.0,
BTCUSDC_SHORT,WT_3M_FORCE_OPEN_ENABLED,False,OK,0.0,2.771,-2.771,0,0.0,0.0,
BTCUSDC_SHORT,WT_3M_FORCE_OPEN_ENABLED,True,OK,0.0,2.771,-2.771,0,0.0,0.0,
BTCUSDC_SHORT,WT_3M_FORCE_OPEN_SIZE_USD,1250.0,OK,0.0,2.771,-2.771,0,0.0,0.0,
BTCUSDC_SHORT,WT_3M_FORCE_OPEN_SIZE_USD,1875.0,OK,0.0,2.771,-2.771,0,0.0,0.0,
BTCUSDC_SHORT,WT_3M_FORCE_OPEN_SIZE_USD,2500.0,OK,0.0,2.771,-2.771,0,0.0,0.0,
BTCUSDC_SHORT,WT_3M_FORCE_OPEN_SIZE_USD,3125.0,OK,0.0,2.771,-2.771,0,0.0,0.0,
BTCUSDC_SHORT,WT_3M_FORCE_OPEN_SIZE_USD,3750.0,OK,0.0,2.771,-2.771,0,0.0,0.0,
BTCUSDC_SHORT,WT_3M_FORCE_OPEN_SIZE_USD,25.0,OK,0.0,2.771,-2.771,0,0.0,0.0,
BTCUSDC_SHORT,WT_3M_FORCE_OPEN_TARGET_USD,2000.0,OK,0.0,2.771,-2.771,0,0.0,0.0,
BTCUSDC_SHORT,WT_3M_FORCE_OPEN_TARGET_USD,4000.0,OK,0.0,2.771,-2.771,0,0.0,0.0,
BTCUSDC_SHORT,WT_3M_FORCE_OPEN_TARGET_USD,16000.0,OK,0.0,2.771,-2.771,0,0.0,0.0,
BTCUSDC_SHORT,WT_3M_FORCE_OPEN_TF_LADDER,False,OK,0.0,2.771,-2.771,0,0.0,0.0,
BTCUSDC_SHORT,WT_3M_FORCE_OPEN_TF_LADDER,True,OK,0.0,2.771,-2.771,0,0.0,0.0,
BTCUSDC_SHORT,WT_3M_FORCE_OPEN_TF_LADDER_MULT,0.5,OK,0.0,2.771,-2.771,0,0.0,0.0,
BTCUSDC_SHORT,WT_3M_FORCE_OPEN_TF_LADDER_MULT,0.75,OK,0.0,2.771,-2.771,0,0.0,0.0,
BTCUSDC_SHORT,WT_3M_FORCE_OPEN_TF_LADDER_MULT,1.0,OK,0.0,2.771,-2.771,0,0.0,0.0,
BTCUSDC_SHORT,WT_3M_FORCE_OPEN_TF_LADDER_MULT,1.25,OK,0.0,2.771,-2.771,0,0.0,0.0,
BTCUSDC_SHORT,WT_3M_FORCE_OPEN_TF_LADDER_MULT,1.5,OK,0.0,2.771,-2.771,0,0.0,0.0,
BTCUSDC_SHORT,WT_3M_FORCE_OPEN_USE_SMA200,False,OK,0.0,2.771,-2.771,0,0.0,0.0,
BTCUSDC_SHORT,WT_3M_FORCE_OPEN_USE_SMA200,True,OK,0.0,2.771,-2.771,0,0.0,0.0,
BTCUSDC_SHORT,WT_COMPOSITE_SCORING_ENABLED_TRADIER,False,OK,0.0,2.771,-2.771,0,0.0,0.0,
BTCUSDC_SHORT,WT_COMPOSITE_SCORING_ENABLED_TRADIER,True,OK,0.0,2.771,-2.771,0,0.0,0.0,
BTCUSDC_SHORT,WT_COMPOSITE_VETO_ENABLED_TRADIER,False,OK,0.0,2.771,-2.771,0,0.0,0.0,
BTCUSDC_SHORT,WT_COMPOSITE_VETO_ENABLED_TRADIER,True,OK,0.0,2.771,-2.771,0,0.0,0.0,
BTCUSDC_SHORT,WT_CROSSUNDER_15M_SHORT,False,OK,0.0,2.771,-2.771,0,0.0,0.0,
BTCUSDC_SHORT,WT_CROSSUNDER_15M_SHORT,True,OK,0.0,2.771,-2.771,0,0.0,0.0,
BTCUSDC_SHORT,WT_DC_DIRECT_COMPLETED_ENABLED,,OK,0.0,2.771,-2.771,0,0.0,0.0,
BTCUSDC_SHORT,WT_DC_ENTRY_BAR_MATURITY_BLOCK,0.35,OK,0.0,2.771,-2.771,0,0.0,0.0,
BTCUSDC_SHORT,WT_DC_ENTRY_BAR_MATURITY_BLOCK,0.525,OK,0.0,2.771,-2.771,0,0.0,0.0,
BTCUSDC_SHORT,WT_DC_ENTRY_BAR_MATURITY_BLOCK,0.7,OK,0.0,2.771,-2.771,0,0.0,0.0,
BTCUSDC_SHORT,WT_DC_ENTRY_BAR_MATURITY_BLOCK,0.875,OK,0.0,2.771,-2.771,0,0.0,0.0,
BTCUSDC_SHORT,WT_DC_ENTRY_BAR_MATURITY_BLOCK,1.05,OK,0.0,2.771,-2.771,0,0.0,0.0,
BTCUSDC_SHORT,WT_DC_ENTRY_BAR_MATURITY_BLOCK_ENABLED,False,OK,0.0,2.771,-2.771,0,0.0,0.0,
BTCUSDC_SHORT,WT_DC_ENTRY_BAR_MATURITY_BLOCK_ENABLED,True,OK,0.0,2.771,-2.771,0,0.0,0.0,
BTCUSDC_SHORT,WT_DC_ENTRY_K5M_MAX_LONG,50.0,OK,0.0,2.771,-2.771,0,0.0,0.0,
BTCUSDC_SHORT,WT_DC_ENTRY_K5M_MAX_LONG,75.0,OK,0.0,2.771,-2.771,0,0.0,0.0,
BTCUSDC_SHORT,WT_DC_ENTRY_K5M_MAX_LONG,100.0,OK,0.0,2.771,-2.771,0,0.0,0.0,
BTCUSDC_SHORT,WT_DC_ENTRY_K5M_MAX_LONG,125.0,OK,0.0,2.771,-2.771,0,0.0,0.0,
BTCUSDC_SHORT,WT_DC_ENTRY_K5M_MAX_LONG,150.0,OK,0.0,2.771,-2.771,0,0.0,0.0,
BTCUSDC_SHORT,WT_DC_ENTRY_K5M_MIN_SHORT,0.0,OK,0.0,2.771,-2.771,0,0.0,0.0,
BTCUSDC_SHORT,WT_DC_ENTRY_K5M_MIN_SHORT,1.0,OK,0.0,2.771,-2.771,0,0.0,0.0,
BTCUSDC_SHORT,WT_DC_ENTRY_K5M_MIN_SHORT,2.0,OK,0.0,2.771,-2.771,0,0.0,0.0,
BTCUSDC_SHORT,WT_DC_EXIT_ENABLED,False,OK,0.0,2.771,-2.771,0,0.0,0.0,
BTCUSDC_SHORT,WT_DC_EXIT_ENABLED,True,OK,0.0,2.771,-2.771,0,0.0,0.0,
BTCUSDC_SHORT,WT_DC_EXIT_STALE_MAX_S,300,OK,0.0,2.771,-2.771,0,0.0,0.0,
BTCUSDC_SHORT,WT_DC_EXIT_STALE_MAX_S,450,OK,0.0,2.771,-2.771,0,0.0,0.0,
BTCUSDC_SHORT,WT_DC_EXIT_STALE_MAX_S,600,OK,0.0,2.771,-2.771,0,0.0,0.0,
BTCUSDC_SHORT,WT_DC_EXIT_STALE_MAX_S,750,OK,0.0,2.771,-2.771,0,0.0,0.0,
BTCUSDC_SHORT,WT_DC_EXIT_STALE_MAX_S,900,OK,0.0,2.771,-2.771,0,0.0,0.0,
BTCUSDC_SHORT,WT_DC_LONG_ENABLED,False,OK,0.0,2.771,-2.771,0,0.0,0.0,
BTCUSDC_SHORT,WT_DC_LONG_ENABLED,True,OK,0.0,2.771,-2.771,0,0.0,0.0,
BTCUSDC_SHORT,WT_DC_SHORT_ENABLED,False,OK,0.0,2.771,-2.771,0,0.0,0.0,
BTCUSDC_SHORT,WT_DC_SHORT_ENABLED,True,OK,0.0,2.771,-2.771,0,0.0,0.0,
BTCUSDC_SHORT,WT_D_BOUNCE_AUG_COOLDOWN_HOURS,0.5,OK,0.0,2.771,-2.771,0,0.0,0.0,
BTCUSDC_SHORT,WT_D_BOUNCE_AUG_COOLDOWN_HOURS,0.75,OK,0.0,2.771,-2.771,0,0.0,0.0,
BTCUSDC_SHORT,WT_D_BOUNCE_AUG_COOLDOWN_HOURS,1.0,OK,0.0,2.771,-2.771,0,0.0,0.0,
BTCUSDC_SHORT,WT_D_BOUNCE_AUG_COOLDOWN_HOURS,1.25,OK,0.0,2.771,-2.771,0,0.0,0.0,
BTCUSDC_SHORT,WT_D_BOUNCE_AUG_COOLDOWN_HOURS,1.5,OK,0.0,2.771,-2.771,0,0.0,0.0,
BTCUSDC_SHORT,WT_D_BOUNCE_AUG_ENABLED,False,OK,0.0,2.771,-2.771,0,0.0,0.0,
BTCUSDC_SHORT,WT_D_BOUNCE_AUG_ENABLED,True,OK,0.0,2.771,-2.771,0,0.0,0.0,
BTCUSDC_SHORT,WT_D_BOUNCE_AUG_MULTIPLIER,1.0,OK,0.0,2.771,-2.771,0,0.0,0.0,
BTCUSDC_SHORT,WT_D_BOUNCE_AUG_MULTIPLIER,1.5,OK,0.0,2.771,-2.771,0,0.0,0.0,
BTCUSDC_SHORT,WT_D_BOUNCE_AUG_MULTIPLIER,2.0,OK,0.0,2.771,-2.771,0,0.0,0.0,
BTCUSDC_SHORT,WT_D_BOUNCE_AUG_MULTIPLIER,2.5,OK,0.0,2.771,-2.771,0,0.0,0.0,
BTCUSDC_SHORT,WT_D_BOUNCE_AUG_MULTIPLIER,3.0,OK,0.0,2.771,-2.771,0,0.0,0.0,
BTCUSDC_SHORT,WT_D_BOUNCE_AUG_REQUIRE_HIGHER_PRICE,False,OK,0.0,2.771,-2.771,0,0.0,0.0,
BTCUSDC_SHORT,WT_D_BOUNCE_AUG_REQUIRE_HIGHER_PRICE,True,OK,0.0,2.771,-2.771,0,0.0,0.0,
BTCUSDC_SHORT,WT_D_BOUNCE_AUG_REQUIRE_HIGHER_WT,False,OK,0.0,2.771,-2.771,0,0.0,0.0,
BTCUSDC_SHORT,WT_D_BOUNCE_AUG_REQUIRE_HIGHER_WT,True,OK,0.0,2.771,-2.771,0,0.0,0.0,
BTCUSDC_SHORT,WT_D_BOUNCE_DD_STOP_ENABLED,False,OK,0.0,2.771,-2.771,0,0.0,0.0,
BTCUSDC_SHORT,WT_D_BOUNCE_DD_STOP_ENABLED,True,OK,0.0,2.771,-2.771,0,0.0,0.0,
BTCUSDC_SHORT,WT_EXIT_VETO_ENABLED_TRADIER,False,OK,0.0,2.771,-2.771,0,0.0,0.0,
BTCUSDC_SHORT,WT_EXIT_VETO_ENABLED_TRADIER,True,OK,0.0,2.771,-2.771,0,0.0,0.0,
BTCUSDC_SHORT,WT_FORCE_OPEN_FRESH_CROSS_ONLY,False,OK,0.0,2.771,-2.771,0,0.0,0.0,
BTCUSDC_SHORT,WT_FORCE_OPEN_FRESH_CROSS_ONLY,True,OK,0.0,2.771,-2.771,0,0.0,0.0,
BTCUSDC_SHORT,WT_FORCE_OPEN_FRESH_MAX_BARS,0,OK,0.0,2.771,-2.771,0,0.0,0.0,
BTCUSDC_SHORT,WT_FORCE_OPEN_FRESH_MAX_BARS,1,OK,0.0,2.771,-2.771,0,0.0,0.0,
BTCUSDC_SHORT,WT_VEL_DECEL_RATIO,0.25,OK,0.0,2.771,-2.771,0,0.0,0.0,
BTCUSDC_SHORT,WT_VEL_DECEL_RATIO,0.375,OK,0.0,2.771,-2.771,0,0.0,0.0,
BTCUSDC_SHORT,WT_VEL_DECEL_RATIO,0.5,OK,0.0,2.771,-2.771,0,0.0,0.0,
BTCUSDC_SHORT,WT_VEL_DECEL_RATIO,0.625,OK,0.0,2.771,-2.771,0,0.0,0.0,
BTCUSDC_SHORT,WT_VEL_DECEL_RATIO,0.75,OK,0.0,2.771,-2.771,0,0.0,0.0,
BTCUSDC_SHORT,WT_VEL_USE_DECEL_RATIO_ONLY,False,OK,0.0,2.771,-2.771,0,0.0,0.0,
BTCUSDC_SHORT,WT_VEL_USE_DECEL_RATIO_ONLY,True,OK,0.0,2.771,-2.771,0,0.0,0.0,
BTCUSDC_SHORT,WT_W_EXIT_ENABLED,False,OK,0.0,2.771,-2.771,0,0.0,0.0,
BTCUSDC_SHORT,WT_W_EXIT_ENABLED,True,OK,0.0,2.771,-2.771,0,0.0,0.0,
BTCUSDC_SHORT,ZONE_CLOSE_THRESHOLD,10,OK,0.0,2.771,-2.771,0,0.0,0.0,
BTCUSDC_SHORT,ZONE_CLOSE_THRESHOLD,15,OK,0.0,2.771,-2.771,0,0.0,0.0,
BTCUSDC_SHORT,ZONE_CLOSE_THRESHOLD,20,OK,0.0,2.771,-2.771,0,0.0,0.0,
BTCUSDC_SHORT,ZONE_CLOSE_THRESHOLD,25,OK,0.0,2.771,-2.771,0,0.0,0.0,
BTCUSDC_SHORT,ZONE_CLOSE_THRESHOLD,30,OK,0.0,2.771,-2.771,0,0.0,0.0,
BTCUSDC_SHORT,ZONE_MID_THRESHOLD,15,OK,0.0,2.771,-2.771,0,0.0,0.0,
BTCUSDC_SHORT,ZONE_MID_THRESHOLD,30,OK,0.0,2.771,-2.771,0,0.0,0.0,
BTCUSDC_SHORT,ZONE_MID_THRESHOLD,45,OK,0.0,2.771,-2.771,0,0.0,0.0,
BTCUSDC_SHORT,ADX_RANGING_THRESHOLD,,OK,0.0,2.771,-2.771,0,0.0,0.0,
BTCUSDC_SHORT,ADX_REGIME_FILTER_ENABLED,False,OK,0.0,2.771,-2.771,0,0.0,0.0,
BTCUSDC_SHORT,ADX_REGIME_FILTER_ENABLED,True,OK,0.0,2.771,-2.771,0,0.0,0.0,
BTCUSDC_SHORT,ADX_TF,,OK,0.0,2.771,-2.771,0,0.0,0.0,
BTCUSDC_SHORT,BB_BREAKOUT_TF,1h,OK,0.0,2.771,-2.771,0,0.0,0.0,
BTCUSDC_SHORT,BB_BREAKOUT_TF,3m,OK,0.0,2.771,-2.771,0,0.0,0.0,
BTCUSDC_SHORT,BB_BREAKOUT_TF,15m,OK,0.0,2.771,-2.771,0,0.0,0.0,
BTCUSDC_SHORT,BB_BREAKOUT_TF,4h,OK,0.0,2.771,-2.771,0,0.0,0.0,
BTCUSDC_SHORT,BB_BREAKOUT_TF,D,OK,0.0,2.771,-2.771,0,0.0,0.0,
BTCUSDC_SHORT,BOUNCE_REENTRY_ENABLED,False,OK,0.0,2.771,-2.771,0,0.0,0.0,
BTCUSDC_SHORT,BOUNCE_REENTRY_ENABLED,True,OK,0.0,2.771,-2.771,0,0.0,0.0,
BTCUSDC_SHORT,BOUNCE_REENTRY_K_RESET_LONG,35,OK,0.0,2.771,-2.771,0,0.0,0.0,
BTCUSDC_SHORT,BOUNCE_REENTRY_K_RESET_LONG,0,OK,0.0,2.771,-2.771,0,0.0,0.0,
BTCUSDC_SHORT,BOUNCE_REENTRY_K_RESET_SHORT,65,OK,0.0,2.771,-2.771,0,0.0,0.0,
BTCUSDC_SHORT,BOUNCE_REENTRY_K_RESET_SHORT,0,OK,0.0,2.771,-2.771,0,0.0,0.0,
BTCUSDC_SHORT,DC_BREAKOUT_ENTRY_ENABLED,False,OK,0.0,2.771,-2.771,0,0.0,0.0,
BTCUSDC_SHORT,DC_BREAKOUT_ENTRY_ENABLED,True,OK,0.0,2.771,-2.771,0,0.0,0.0,
BTCUSDC_SHORT,DC_BREAKOUT_SCORE,15,OK,0.0,2.771,-2.771,0,0.0,0.0,
BTCUSDC_SHORT,DC_BREAKOUT_SCORE,22,OK,0.0,2.771,-2.771,0,0.0,0.0,
BTCUSDC_SHORT,DC_BREAKOUT_TF,1h,OK,0.0,2.771,-2.771,0,0.0,0.0,
BTCUSDC_SHORT,DC_BREAKOUT_TF,3m,OK,0.0,2.771,-2.771,0,0.0,0.0,
BTCUSDC_SHORT,DC_BREAKOUT_TF,15m,OK,0.0,2.771,-2.771,0,0.0,0.0,
BTCUSDC_SHORT,DC_BREAKOUT_TF,4h,OK,0.0,2.771,-2.771,0,0.0,0.0,
BTCUSDC_SHORT,DC_BREAKOUT_TF,D,OK,0.0,2.771,-2.771,0,0.0,0.0,
BTCUSDC_SHORT,DC_MOMENT_ENABLED,,OK,0.0,2.771,-2.771,0,0.0,0.0,
BTCUSDC_SHORT,DC_MOMENT_OPPOSITE_PENALTY,,OK,0.0,2.771,-2.771,0,0.0,0.0,
BTCUSDC_SHORT,DC_MOMENT_STRONG_BONUS,,OK,0.0,2.771,-2.771,0,0.0,0.0,
BTCUSDC_SHORT,DC_MOMENT_STRONG_THRESHOLD,0.0,OK,0.0,2.771,-2.771,0,0.0,0.0,
BTCUSDC_SHORT,DC_MOMENT_STRONG_THRESHOLD,40.0,OK,0.0,2.771,-2.771,0,0.0,0.0,
BTCUSDC_SHORT,DC_MOMENT_STRONG_THRESHOLD,1.0,OK,0.0,2.771,-2.771,0,0.0,0.0,
BTCUSDC_SHORT,DELTA_ENTRY_SCORE_BONUS,0.0,OK,0.0,2.771,-2.771,0,0.0,0.0,
BTCUSDC_SHORT,DELTA_ENTRY_SCORE_BONUS,15.0,OK,0.0,2.771,-2.771,0,0.0,0.0,
BTCUSDC_SHORT,DELTA_ENTRY_SCORE_BONUS,22.0,OK,0.0,2.771,-2.771,0,0.0,0.0,
BTCUSDC_SHORT,DELTA_ENTRY_SCORE_PENALTY,0.0,OK,0.0,2.771,-2.771,0,0.0,0.0,
BTCUSDC_SHORT,DELTA_ENTRY_SCORE_PENALTY,-25.0,OK,0.0,2.771,-2.771,0,0.0,0.0,
BTCUSDC_SHORT,DELTA_EXIT_SCORE_BONUS,0.0,OK,0.0,2.771,-2.771,0,0.0,0.0,
BTCUSDC_SHORT,DELTA_EXIT_SCORE_BONUS,20.0,OK,0.0,2.771,-2.771,0,0.0,0.0,
BTCUSDC_SHORT,DELTA_EXIT_SCORE_BONUS,10.0,OK,0.0,2.771,-2.771,0,0.0,0.0,
BTCUSDC_SHORT,DELTA_EXIT_SCORE_BONUS,30.0,OK,0.0,2.771,-2.771,0,0.0,0.0,
BTCUSDC_SHORT,DELTA_EXIT_SPEED_DECAY,False,OK,0.0,2.771,-2.771,0,0.0,0.0,
BTCUSDC_SHORT,DELTA_EXIT_SPEED_DECAY,True,OK,0.0,2.771,-2.771,0,0.0,0.0,
BTCUSDC_SHORT,DELTA_MIN_TF_FOR_ACTION,,OK,0.0,2.771,-2.771,0,0.0,0.0,
BTCUSDC_SHORT,DELTA_SCORE_WEIGHT,,OK,0.0,2.771,-2.771,0,0.0,0.0,
BTCUSDC_SHORT,EMA200_STOCHRSI_BODY_MULT,1.05,OK,0.0,2.771,-2.771,0,0.0,0.0,
BTCUSDC_SHORT,EMA200_STOCHRSI_BODY_MULT,0.525,OK,0.0,2.771,-2.771,0,0.0,0.0,
BTCUSDC_SHORT,EMA200_STOCHRSI_ENABLED,False,OK,0.0,2.771,-2.771,0,0.0,0.0,
BTCUSDC_SHORT,EMA200_STOCHRSI_ENABLED,True,OK,0.0,2.771,-2.771,0,0.0,0.0,
BTCUSDC_SHORT,EMA200_STOCHRSI_K_LONG,20.0,OK,0.0,2.771,-2.771,0,0.0,0.0,
BTCUSDC_SHORT,EMA200_STOCHRSI_K_LONG,10.0,OK,0.0,2.771,-2.771,0,0.0,0.0,
BTCUSDC_SHORT,EMA200_STOCHRSI_K_SHORT,80.0,OK,0.0,2.771,-2.771,0,0.0,0.0,
BTCUSDC_SHORT,EMA200_STOCHRSI_K_SHORT,120.0,OK,0.0,2.771,-2.771,0,0.0,0.0,
BTCUSDC_SHORT,EMA200_STOCHRSI_K_SHORT,40.0,OK,0.0,2.771,-2.771,0,0.0,0.0,
BTCUSDC_SHORT,EMA200_STOCHRSI_SCORE,25,OK,0.0,2.771,-2.771,0,0.0,0.0,
BTCUSDC_SHORT,EMA200_STOCHRSI_SCORE,12,OK,0.0,2.771,-2.771,0,0.0,0.0,
BTCUSDC_SHORT,EMA200_STOCHRSI_TF,1h,OK,0.0,2.771,-2.771,0,0.0,0.0,
BTCUSDC_SHORT,EMA200_STOCHRSI_TF,3m,OK,0.0,2.771,-2.771,0,0.0,0.0,
BTCUSDC_SHORT,EMA200_STOCHRSI_TF,15m,OK,0.0,2.771,-2.771,0,0.0,0.0,
BTCUSDC_SHORT,EMA200_STOCHRSI_TF,4h,OK,0.0,2.771,-2.771,0,0.0,0.0,
BTCUSDC_SHORT,EMA200_STOCHRSI_TF,D,OK,0.0,2.771,-2.771,0,0.0,0.0,
BTCUSDC_SHORT,EMA_PULLBACK_ENABLED,False,OK,0.0,2.771,-2.771,0,0.0,0.0,
BTCUSDC_SHORT,EMA_PULLBACK_ENABLED,True,OK,0.0,2.771,-2.771,0,0.0,0.0,
BTCUSDC_SHORT,EMA_PULLBACK_SCORE_BONUS,35,OK,0.0,2.771,-2.771,0,0.0,0.0,
BTCUSDC_SHORT,EMA_PULLBACK_SCORE_BONUS,17,OK,0.0,2.771,-2.771,0,0.0,0.0,
BTCUSDC_SHORT,EMA_PULLBACK_TF,15m,OK,0.0,2.771,-2.771,0,0.0,0.0,
BTCUSDC_SHORT,EMA_PULLBACK_TF,3m,OK,0.0,2.771,-2.771,0,0.0,0.0,
BTCUSDC_SHORT,EMA_PULLBACK_TF,1h,OK,0.0,2.771,-2.771,0,0.0,0.0,
BTCUSDC_SHORT,EMA_PULLBACK_TF,4h,OK,0.0,2.771,-2.771,0,0.0,0.0,
BTCUSDC_SHORT,EMA_PULLBACK_TF,D,OK,0.0,2.771,-2.771,0,0.0,0.0,
BTCUSDC_SHORT,HA_WICK_QUALITY_ENABLED,False,OK,0.0,2.771,-2.771,0,0.0,0.0,
BTCUSDC_SHORT,HA_WICK_QUALITY_ENABLED,True,OK,0.0,2.771,-2.771,0,0.0,0.0,
BTCUSDC_SHORT,HA_WICK_QUALITY_SCORE,15,OK,0.0,2.771,-2.771,0,0.0,0.0,
BTCUSDC_SHORT,HA_WICK_QUALITY_SCORE,22,OK,0.0,2.771,-2.771,0,0.0,0.0,
BTCUSDC_SHORT,HA_WICK_QUALITY_SCORE,7,OK,0.0,2.771,-2.771,0,0.0,0.0,
BTCUSDC_SHORT,HA_WICK_QUALITY_TF,1h,OK,0.0,2.771,-2.771,0,0.0,0.0,
BTCUSDC_SHORT,HA_WICK_QUALITY_TF,3m,OK,0.0,2.771,-2.771,0,0.0,0.0,
BTCUSDC_SHORT,HA_WICK_QUALITY_TF,15m,OK,0.0,2.771,-2.771,0,0.0,0.0,
BTCUSDC_SHORT,HA_WICK_QUALITY_TF,4h,OK,0.0,2.771,-2.771,0,0.0,0.0,
BTCUSDC_SHORT,HA_WICK_QUALITY_TF,D,OK,0.0,2.771,-2.771,0,0.0,0.0,
BTCUSDC_SHORT,HLR_BYPASS_MIN_TF_WEIGHT,,OK,0.0,2.771,-2.771,0,0.0,0.0,
BTCUSDC_SHORT,HLR_OFF_SMA_PTS_FRAC,,OK,0.0,2.771,-2.771,0,0.0,0.0,
BTCUSDC_SHORT,HLR_OFF_SMA_SZ_FRAC,,OK,0.0,2.771,-2.771,0,0.0,0.0,
BTCUSDC_SHORT,HLR_PTS_15M,,OK,0.0,2.771,-2.771,0,0.0,0.0,
BTCUSDC_SHORT,HLR_PTS_1H,,OK,0.0,2.771,-2.771,0,0.0,0.0,
BTCUSDC_SHORT,HLR_PTS_3M,,OK,0.0,2.771,-2.771,0,0.0,0.0,
BTCUSDC_SHORT,HLR_PTS_4H,,OK,0.0,2.771,-2.771,0,0.0,0.0,
BTCUSDC_SHORT,HLR_PTS_D,,OK,0.0,2.771,-2.771,0,0.0,0.0,
BTCUSDC_SHORT,HLR_PTS_W,,OK,0.0,2.771,-2.771,0,0.0,0.0,
BTCUSDC_SHORT,HLR_RALLY_ENABLED,,OK,0.0,2.771,-2.771,0,0.0,0.0,
BTCUSDC_SHORT,HLR_REENTRY_MULT_1H,1.5,OK,0.0,2.771,-2.771,0,0.0,0.0,
BTCUSDC_SHORT,HLR_REENTRY_MULT_1H,0.0,OK,0.0,2.771,-2.771,0,0.0,0.0,
BTCUSDC_SHORT,HLR_REENTRY_MULT_4H,2.0,OK,0.0,2.771,-2.771,0,0.0,0.0,
BTCUSDC_SHORT,HLR_REENTRY_MULT_4H,0.0,OK,0.0,2.771,-2.771,0,0.0,0.0,
BTCUSDC_SHORT,HLR_REENTRY_MULT_D,2.5,OK,0.0,2.771,-2.771,0,0.0,0.0,
BTCUSDC_SHORT,HLR_REENTRY_MULT_D,0.0,OK,0.0,2.771,-2.771,0,0.0,0.0,
BTCUSDC_SHORT,HLR_REENTRY_MULT_W,3.0,OK,0.0,2.771,-2.771,0,0.0,0.0,
BTCUSDC_SHORT,HLR_REENTRY_MULT_W,0.0,OK,0.0,2.771,-2.771,0,0.0,0.0,
BTCUSDC_SHORT,HLR_SMA_BAND_PCT,,OK,0.0,2.771,-2.771,0,0.0,0.0,
BTCUSDC_SHORT,HLR_SZ_15M,,OK,0.0,2.771,-2.771,0,0.0,0.0,
BTCUSDC_SHORT,HLR_SZ_1H,,OK,0.0,2.771,-2.771,0,0.0,0.0,
BTCUSDC_SHORT,HLR_SZ_3M,,OK,0.0,2.771,-2.771,0,0.0,0.0,
BTCUSDC_SHORT,HLR_SZ_4H,,OK,0.0,2.771,-2.771,0,0.0,0.0,
BTCUSDC_SHORT,HLR_SZ_D,,OK,0.0,2.771,-2.771,0,0.0,0.0,
BTCUSDC_SHORT,HLR_SZ_MAX,,OK,0.0,2.771,-2.771,0,0.0,0.0,
BTCUSDC_SHORT,HLR_SZ_W,,OK,0.0,2.771,-2.771,0,0.0,0.0,
BTCUSDC_SHORT,HLR_TOP_EXIT_ENABLED,False,OK,0.0,2.771,-2.771,0,0.0,0.0,
BTCUSDC_SHORT,HLR_TOP_EXIT_ENABLED,True,OK,0.0,2.771,-2.771,0,0.0,0.0,
BTCUSDC_SHORT,HLR_TOP_MIN_GAIN_PCT,,OK,0.0,2.771,-2.771,0,0.0,0.0,
BTCUSDC_SHORT,HLR_TOP_MIN_TFS,,OK,0.0,2.771,-2.771,0,0.0,0.0,
BTCUSDC_SHORT,HLR_TOP_VEL_1H_THRESH,,OK,0.0,2.771,-2.771,0,0.0,0.0,
BTCUSDC_SHORT,HLR_TOP_VEL_4H_THRESH,,OK,0.0,2.771,-2.771,0,0.0,0.0,
BTCUSDC_SHORT,HLR_TOP_VEL_D_THRESH,,OK,0.0,2.771,-2.771,0,0.0,0.0,
BTCUSDC_SHORT,HTF_STRICT,False,OK,0.0,2.771,-2.771,0,0.0,0.0,
BTCUSDC_SHORT,HTF_STRICT,True,OK,0.0,2.771,-2.771,0,0.0,0.0,
BTCUSDC_SHORT,K3M_CAP,,OK,0.0,2.771,-2.771,0,0.0,0.0,
BTCUSDC_SHORT,K3M_CAP_BREAKOUT_BYPASS,0.0,OK,0.0,2.771,-2.771,0,0.0,0.0,
BTCUSDC_SHORT,K3M_CAP_BREAKOUT_BYPASS,1.0,OK,0.0,2.771,-2.771,0,0.0,0.0,
BTCUSDC_SHORT,K_ZONE_ENTRY_BONUS,False,OK,0.0,2.771,-2.771,0,0.0,0.0,
BTCUSDC_SHORT,K_ZONE_ENTRY_BONUS,True,OK,0.0,2.771,-2.771,0,0.0,0.0,
BTCUSDC_SHORT,K_ZONE_ENTRY_ENABLED,False,OK,0.0,2.771,-2.771,0,0.0,0.0,
BTCUSDC_SHORT,K_ZONE_ENTRY_ENABLED,True,OK,0.0,2.771,-2.771,0,0.0,0.0,
BTCUSDC_SHORT,K_ZONE_LONG_THRESHOLD,35,OK,0.0,2.771,-2.771,0,0.0,0.0,
BTCUSDC_SHORT,K_ZONE_LONG_THRESHOLD,36,OK,0.0,2.771,-2.771,0,0.0,0.0,
BTCUSDC_SHORT,LONG_STOCH_CHASE_BLOCK,False,OK,0.0,2.771,-2.771,0,0.0,0.0,
BTCUSDC_SHORT,LONG_STOCH_CHASE_BLOCK,True,OK,0.0,2.771,-2.771,0,0.0,0.0,
BTCUSDC_SHORT,MACD_EXIT_ENABLED,False,OK,0.0,2.771,-2.771,0,0.0,0.0,
BTCUSDC_SHORT,MACD_EXIT_ENABLED,True,OK,0.0,2.771,-2.771,0,0.0,0.0,
BTCUSDC_SHORT,MACD_EXIT_MIN_GAIN,0.3,OK,0.0,2.771,-2.771,0,0.0,0.0,
BTCUSDC_SHORT,MACD_EXIT_MIN_GAIN,0.15,OK,0.0,2.771,-2.771,0,0.0,0.0,
BTCUSDC_SHORT,MACD_EXIT_MIN_GAIN,0.45,OK,0.0,2.771,-2.771,0,0.0,0.0,
BTCUSDC_SHORT,MACD_EXIT_MIN_GAIN,1.0,OK,0.0,2.771,-2.771,0,0.0,0.0,
BTCUSDC_SHORT,MACD_EXIT_TF,15m,OK,0.0,2.771,-2.771,0,0.0,0.0,
BTCUSDC_SHORT,MACD_EXIT_TF,3m,OK,0.0,2.771,-2.771,0,0.0,0.0,
BTCUSDC_SHORT,MACD_EXIT_TF,1h,OK,0.0,2.771,-2.771,0,0.0,0.0,
BTCUSDC_SHORT,MACD_EXIT_TF,4h,OK,0.0,2.771,-2.771,0,0.0,0.0,
BTCUSDC_SHORT,MACD_EXIT_TF,D,OK,0.0,2.771,-2.771,0,0.0,0.0,
BTCUSDC_SHORT,MACD_ZERO_CROSS_ENABLED,False,OK,0.0,2.771,-2.771,0,0.0,0.0,
BTCUSDC_SHORT,MACD_ZERO_CROSS_ENABLED,True,OK,0.0,2.771,-2.771,0,0.0,0.0,
BTCUSDC_SHORT,MACD_ZERO_CROSS_SCORE,15,OK,0.0,2.771,-2.771,0,0.0,0.0,
BTCUSDC_SHORT,MACD_ZERO_CROSS_SCORE,22,OK,0.0,2.771,-2.771,0,0.0,0.0,
BTCUSDC_SHORT,MACD_ZERO_CROSS_TF,1h,OK,0.0,2.771,-2.771,0,0.0,0.0,
BTCUSDC_SHORT,MACD_ZERO_CROSS_TF,3m,OK,0.0,2.771,-2.771,0,0.0,0.0,
BTCUSDC_SHORT,MACD_ZERO_CROSS_TF,15m,OK,0.0,2.771,-2.771,0,0.0,0.0,
BTCUSDC_SHORT,MACD_ZERO_CROSS_TF,4h,OK,0.0,2.771,-2.771,0,0.0,0.0,
BTCUSDC_SHORT,MACD_ZERO_CROSS_TF,D,OK,0.0,2.771,-2.771,0,0.0,0.0,
BTCUSDC_SHORT,MANDATORY_REENTRY_ALLOW_WT0_STRONG_CROSS,False,OK,0.0,2.771,-2.771,0,0.0,0.0,
BTCUSDC_SHORT,MANDATORY_REENTRY_ALLOW_WT0_STRONG_CROSS,True,OK,0.0,2.771,-2.771,0,0.0,0.0,
BTCUSDC_SHORT,MANDATORY_REENTRY_K_HIGH_BLOCK,80.0,OK,0.0,2.771,-2.771,0,0.0,0.0,
BTCUSDC_SHORT,MANDATORY_REENTRY_K_HIGH_BLOCK,0.0,OK,0.0,2.771,-2.771,0,0.0,0.0,
BTCUSDC_SHORT,MANDATORY_REENTRY_K_LOW_BLOCK,20.0,OK,0.0,2.771,-2.771,0,0.0,0.0,
BTCUSDC_SHORT,MANDATORY_REENTRY_K_LOW_BLOCK,0.0,OK,0.0,2.771,-2.771,0,0.0,0.0,
BTCUSDC_SHORT,MANDATORY_REENTRY_REQUIRE_K_NOT_EXTREME,False,OK,0.0,2.771,-2.771,0,0.0,0.0,
BTCUSDC_SHORT,MANDATORY_REENTRY_REQUIRE_K_NOT_EXTREME,True,OK,0.0,2.771,-2.771,0,0.0,0.0,
BTCUSDC_SHORT,MARKET_QUALITY_SCORE_ENABLED,,OK,0.0,2.771,-2.771,0,0.0,0.0,
BTCUSDC_SHORT,MI_DIV_EXIT_ENABLED,False,OK,0.0,2.771,-2.771,0,0.0,0.0,
BTCUSDC_SHORT,MI_DIV_EXIT_ENABLED,True,OK,0.0,2.771,-2.771,0,0.0,0.0,
BTCUSDC_SHORT,MI_ENTRY_ENABLED,False,OK,0.0,2.771,-2.771,0,0.0,0.0,
BTCUSDC_SHORT,MI_ENTRY_ENABLED,True,OK,0.0,2.771,-2.771,0,0.0,0.0,
BTCUSDC_SHORT,MI_ENTRY_EXHAUST_BONUS,8,OK,0.0,2.771,-2.771,0,0.0,0.0,
BTCUSDC_SHORT,MI_ENTRY_EXHAUST_BONUS,0,OK,0.0,2.771,-2.771,0,0.0,0.0,
BTCUSDC_SHORT,MI_ENTRY_STRUCT_BONUS,10,OK,0.0,2.771,-2.771,0,0.0,0.0,
BTCUSDC_SHORT,MI_ENTRY_STRUCT_BONUS,0,OK,0.0,2.771,-2.771,0,0.0,0.0,
BTCUSDC_SHORT,MI_EXHAUST_EXIT_ENABLED,False,OK,0.0,2.771,-2.771,0,0.0,0.0,
BTCUSDC_SHORT,MI_EXHAUST_EXIT_ENABLED,True,OK,0.0,2.771,-2.771,0,0.0,0.0,
BTCUSDC_SHORT,MI_EXIT_ENABLED,False,OK,0.0,2.771,-2.771,0,0.0,0.0,
BTCUSDC_SHORT,MI_EXIT_ENABLED,True,OK,0.0,2.771,-2.771,0,0.0,0.0,
BTCUSDC_SHORT,MI_MIN_GAIN_EXIT,0.1,OK,0.0,2.771,-2.771,0,0.0,0.0,
BTCUSDC_SHORT,MI_MIN_GAIN_EXIT,0.0,OK,0.0,2.771,-2.771,0,0.0,0.0,
BTCUSDC_SHORT,MI_STRUCT_EXIT_ENABLED,False,OK,0.0,2.771,-2.771,0,0.0,0.0,
BTCUSDC_SHORT,MI_STRUCT_EXIT_ENABLED,True,OK,0.0,2.771,-2.771,0,0.0,0.0,
BTCUSDC_SHORT,MI_TF_AGREE_MIN,0.0,OK,0.0,2.771,-2.771,0,0.0,0.0,
BTCUSDC_SHORT,MI_TF_AGREE_MIN,3.0,OK,0.0,2.771,-2.771,0,0.0,0.0,
BTCUSDC_SHORT,MI_VELOCITY_EXIT_ENABLED,False,OK,0.0,2.771,-2.771,0,0.0,0.0,
BTCUSDC_SHORT,MI_VELOCITY_EXIT_ENABLED,True,OK,0.0,2.771,-2.771,0,0.0,0.0,
BTCUSDC_SHORT,MI_WAVE_EXIT_ENABLED,False,OK,0.0,2.771,-2.771,0,0.0,0.0,
BTCUSDC_SHORT,MI_WAVE_EXIT_ENABLED,True,OK,0.0,2.771,-2.771,0,0.0,0.0,
BTCUSDC_SHORT,MOMENTUM_FADE_BODY_ATR_MIN,,OK,0.0,2.771,-2.771,0,0.0,0.0,
BTCUSDC_SHORT,MOMENTUM_FADE_ENABLED,,OK,0.0,2.771,-2.771,0,0.0,0.0,
BTCUSDC_SHORT,MOMENTUM_FADE_K_ZONE,,OK,0.0,2.771,-2.771,0,0.0,0.0,
BTCUSDC_SHORT,MOMENTUM_FADE_SCORE_BONUS,,OK,0.0,2.771,-2.771,0,0.0,0.0,
BTCUSDC_SHORT,MOMENTUM_FADE_VOL_MIN,,OK,0.0,2.771,-2.771,0,0.0,0.0,
BTCUSDC_SHORT,MOVER_SCORE_BONUS,,OK,0.0,2.771,-2.771,0,0.0,0.0,
BTCUSDC_SHORT,MTS_BOTTOM_BONUS_THRESHOLD,0.0,OK,0.0,2.771,-2.771,0,0.0,0.0,
BTCUSDC_SHORT,MTS_BOTTOM_BONUS_THRESHOLD,25.0,OK,0.0,2.771,-2.771,0,0.0,0.0,
BTCUSDC_SHORT,MTS_BOTTOM_BONUS_THRESHOLD,37.5,OK,0.0,2.771,-2.771,0,0.0,0.0,
BTCUSDC_SHORT,MTS_BOTTOM_MIN,0.0,OK,0.0,2.771,-2.771,0,0.0,0.0,
BTCUSDC_SHORT,MTS_BOTTOM_MIN,15.0,OK,0.0,2.771,-2.771,0,0.0,0.0,
BTCUSDC_SHORT,MTS_BOTTOM_MIN_SHORT,0.0,OK,0.0,2.771,-2.771,0,0.0,0.0,
BTCUSDC_SHORT,MTS_BOTTOM_MIN_SHORT,10.0,OK,0.0,2.771,-2.771,0,0.0,0.0,
BTCUSDC_SHORT,MTS_BOTTOM_MIN_SHORT,15.0,OK,0.0,2.771,-2.771,0,0.0,0.0,
BTCUSDC_SHORT,MTS_BOTTOM_STRONG_THRESHOLD,0.0,OK,0.0,2.771,-2.771,0,0.0,0.0,
BTCUSDC_SHORT,MTS_BOTTOM_STRONG_THRESHOLD,40.0,OK,0.0,2.771,-2.771,0,0.0,0.0,
BTCUSDC_SHORT,MTS_BOTTOM_STRONG_THRESHOLD,20.0,OK,0.0,2.771,-2.771,0,0.0,0.0,
BTCUSDC_SHORT,MTS_ENTRY_QUALITY_BONUS,False,OK,0.0,2.771,-2.771,0,0.0,0.0,
BTCUSDC_SHORT,MTS_ENTRY_QUALITY_BONUS,True,OK,0.0,2.771,-2.771,0,0.0,0.0,
BTCUSDC_SHORT,MTS_ENTRY_QUALITY_MIN,0.0,OK,0.0,2.771,-2.771,0,0.0,0.0,
BTCUSDC_SHORT,MTS_ENTRY_QUALITY_MIN,8.0,OK,0.0,2.771,-2.771,0,0.0,0.0,
BTCUSDC_SHORT,MTS_ENTRY_QUALITY_MIN_SHORT,0.0,OK,0.0,2.771,-2.771,0,0.0,0.0,
BTCUSDC_SHORT,MTS_ENTRY_QUALITY_MIN_SHORT,5.0,OK,0.0,2.771,-2.771,0,0.0,0.0,
BTCUSDC_SHORT,MTS_ENTRY_QUALITY_MIN_SHORT,1.0,OK,0.0,2.771,-2.771,0,0.0,0.0,
BTCUSDC_SHORT,MTS_ENTRY_QUALITY_MIN_SHORT,7.5,OK,0.0,2.771,-2.771,0,0.0,0.0,
BTCUSDC_SHORT,MTS_ENTRY_QUALITY_STRONG,False,OK,0.0,2.771,-2.771,0,0.0,0.0,
BTCUSDC_SHORT,MTS_ENTRY_QUALITY_STRONG,True,OK,0.0,2.771,-2.771,0,0.0,0.0,
BTCUSDC_SHORT,MTS_GATE_ENABLED,False,OK,0.0,2.771,-2.771,0,0.0,0.0,
BTCUSDC_SHORT,MTS_GATE_ENABLED,True,OK,0.0,2.771,-2.771,0,0.0,0.0,
BTCUSDC_SHORT,OVERBOUGHT_SCORE_GUT_BREAKOUT_BYPASS,0.0,OK,0.0,2.771,-2.771,0,0.0,0.0,
BTCUSDC_SHORT,OVERBOUGHT_SCORE_GUT_BREAKOUT_BYPASS,1.0,OK,0.0,2.771,-2.771,0,0.0,0.0,
BTCUSDC_SHORT,RANK_CONVICTION_ENABLED,,OK,0.0,2.771,-2.771,0,0.0,0.0,
BTCUSDC_SHORT,REENTRY_TIER2_MAX_MINUTES,120.0,OK,0.0,2.771,-2.771,0,0.0,0.0,
BTCUSDC_SHORT,REENTRY_TIER2_MAX_MINUTES,0.0,OK,0.0,2.771,-2.771,0,0.0,0.0,
BTCUSDC_SHORT,REENTRY_TIER2_MIN_MINUTES,0.0,OK,0.0,2.771,-2.771,0,0.0,0.0,
BTCUSDC_SHORT,REENTRY_TIER2_MIN_MINUTES,10.0,OK,0.0,2.771,-2.771,0,0.0,0.0,
BTCUSDC_SHORT,REENTRY_TIER2_PRICE_PCT,0.0,OK,0.0,2.771,-2.771,0,0.0,0.0,
BTCUSDC_SHORT,REENTRY_TIER2_PRICE_PCT,0.003,OK,0.0,2.771,-2.771,0,0.0,0.0,
BTCUSDC_SHORT,RP_OPPOSITE_PENALTY,,OK,0.0,2.771,-2.771,0,0.0,0.0,
BTCUSDC_SHORT,RP_STRONG_BONUS,,OK,0.0,2.771,-2.771,0,0.0,0.0,
BTCUSDC_SHORT,RP_STRONG_THRESHOLD,0.0,OK,0.0,2.771,-2.771,0,0.0,0.0,
BTCUSDC_SHORT,RP_STRONG_THRESHOLD,70.0,OK,0.0,2.771,-2.771,0,0.0,0.0,
BTCUSDC_SHORT,RP_STRONG_THRESHOLD,1.0,OK,0.0,2.771,-2.771,0,0.0,0.0,
BTCUSDC_SHORT,RP_WEAK_PENALTY,,OK,0.0,2.771,-2.771,0,0.0,0.0,
BTCUSDC_SHORT,RP_WEAK_THRESHOLD,0.0,OK,0.0,2.771,-2.771,0,0.0,0.0,
BTCUSDC_SHORT,RP_WEAK_THRESHOLD,30.0,OK,0.0,2.771,-2.771,0,0.0,0.0,
BTCUSDC_SHORT,RP_WEAK_THRESHOLD,1.0,OK,0.0,2.771,-2.771,0,0.0,0.0,
BTCUSDC_SHORT,RP_WEAK_THRESHOLD,15.0,OK,0.0,2.771,-2.771,0,0.0,0.0,
BTCUSDC_SHORT,RSI2_MEAN_REVERSION_ENABLED,False,OK,0.0,2.771,-2.771,0,0.0,0.0,
BTCUSDC_SHORT,RSI2_MEAN_REVERSION_ENABLED,True,OK,0.0,2.771,-2.771,0,0.0,0.0,
BTCUSDC_SHORT,RSI2_SCORE_BONUS,20,OK,0.0,2.771,-2.771,0,0.0,0.0,
BTCUSDC_SHORT,RSI2_SCORE_BONUS,10,OK,0.0,2.771,-2.771,0,0.0,0.0,
BTCUSDC_SHORT,RSI2_THRESHOLD_LONG,15.0,OK,0.0,2.771,-2.771,0,0.0,0.0,
BTCUSDC_SHORT,RSI2_THRESHOLD_LONG,1.0,OK,0.0,2.771,-2.771,0,0.0,0.0,
BTCUSDC_SHORT,RSI2_THRESHOLD_LONG,22.5,OK,0.0,2.771,-2.771,0,0.0,0.0,
BTCUSDC_SHORT,RSI2_THRESHOLD_SHORT,85.0,OK,0.0,2.771,-2.771,0,0.0,0.0,
BTCUSDC_SHORT,RSI2_THRESHOLD_SHORT,1.0,OK,0.0,2.771,-2.771,0,0.0,0.0,
BTCUSDC_SHORT,RSI2_THRESHOLD_SHORT,42.5,OK,0.0,2.771,-2.771,0,0.0,0.0,
BTCUSDC_SHORT,RSI_MACD_EMA_ENABLED,False,OK,0.0,2.771,-2.771,0,0.0,0.0,
BTCUSDC_SHORT,RSI_MACD_EMA_ENABLED,True,OK,0.0,2.771,-2.771,0,0.0,0.0,
BTCUSDC_SHORT,RSI_MACD_EMA_RSI_LONG,35.0,OK,0.0,2.771,-2.771,0,0.0,0.0,
BTCUSDC_SHORT,RSI_MACD_EMA_RSI_LONG,0.0,OK,0.0,2.771,-2.771,0,0.0,0.0,
BTCUSDC_SHORT,RSI_MACD_EMA_RSI_SHORT,65.0,OK,0.0,2.771,-2.771,0,0.0,0.0,
BTCUSDC_SHORT,RSI_MACD_EMA_RSI_SHORT,0.0,OK,0.0,2.771,-2.771,0,0.0,0.0,
BTCUSDC_SHORT,RSI_MACD_EMA_SCORE,25,OK,0.0,2.771,-2.771,0,0.0,0.0,
BTCUSDC_SHORT,RSI_MACD_EMA_SCORE,12,OK,0.0,2.771,-2.771,0,0.0,0.0,
BTCUSDC_SHORT,RSI_MACD_EMA_TF,1h,OK,0.0,2.771,-2.771,0,0.0,0.0,
BTCUSDC_SHORT,RSI_MACD_EMA_TF,3m,OK,0.0,2.771,-2.771,0,0.0,0.0,
BTCUSDC_SHORT,RSI_MACD_EMA_TF,15m,OK,0.0,2.771,-2.771,0,0.0,0.0,
BTCUSDC_SHORT,RSI_MACD_EMA_TF,4h,OK,0.0,2.771,-2.771,0,0.0,0.0,
BTCUSDC_SHORT,RSI_MACD_EMA_TF,D,OK,0.0,2.771,-2.771,0,0.0,0.0,
BTCUSDC_SHORT,R_G10_HTF_DIV_GATE_ENABLED,False,OK,0.0,2.771,-2.771,0,0.0,0.0,
BTCUSDC_SHORT,R_G10_HTF_DIV_GATE_ENABLED,True,OK,0.0,2.771,-2.771,0,0.0,0.0,
BTCUSDC_SHORT,R_G10_HTF_DIV_TFS,"4h,D",OK,0.0,2.771,-2.771,0,0.0,0.0,
BTCUSDC_SHORT,R_S1_WT_COMPOSITE_DELTA_THR,50.0,OK,0.0,2.771,-2.771,0,0.0,0.0,
BTCUSDC_SHORT,R_S1_WT_COMPOSITE_DELTA_THR,0.0,OK,0.0,2.771,-2.771,0,0.0,0.0,
BTCUSDC_SHORT,R_S1_WT_COMPOSITE_DELTA_USE_ENABLED,False,OK,0.0,2.771,-2.771,0,0.0,0.0,
BTCUSDC_SHORT,R_S1_WT_COMPOSITE_DELTA_USE_ENABLED,True,OK,0.0,2.771,-2.771,0,0.0,0.0,
BTCUSDC_SHORT,R_S2_WT_ADAPTIVE_OS_ENABLED,False,OK,0.0,2.771,-2.771,0,0.0,0.0,
BTCUSDC_SHORT,R_S2_WT_ADAPTIVE_OS_ENABLED,True,OK,0.0,2.771,-2.771,0,0.0,0.0,
BTCUSDC_SHORT,R_S2_WT_PCT_OB_SHORT,90.0,OK,0.0,2.771,-2.771,0,0.0,0.0,
BTCUSDC_SHORT,R_S2_WT_PCT_OB_SHORT,0.0,OK,0.0,2.771,-2.771,0,0.0,0.0,
BTCUSDC_SHORT,R_S2_WT_PCT_OS_LONG,10.0,OK,0.0,2.771,-2.771,0,0.0,0.0,
BTCUSDC_SHORT,R_S2_WT_PCT_OS_LONG,0.0,OK,0.0,2.771,-2.771,0,0.0,0.0,
BTCUSDC_SHORT,R_S3_DIV_STACK_ENABLED,,OK,0.0,2.771,-2.771,0,0.0,0.0,
BTCUSDC_SHORT,R_S3_HIDDEN_BONUS,,OK,0.0,2.771,-2.771,0,0.0,0.0,
BTCUSDC_SHORT,R_S3_HTF_WEIGHT_ENABLED,,OK,0.0,2.771,-2.771,0,0.0,0.0,
BTCUSDC_SHORT,R_S3_MAIN_PENALTY,,OK,0.0,2.771,-2.771,0,0.0,0.0,
BTCUSDC_SHORT,R_S3_TF_WEIGHT_15M,,OK,0.0,2.771,-2.771,0,0.0,0.0,
BTCUSDC_SHORT,R_S3_TF_WEIGHT_1H,,OK,0.0,2.771,-2.771,0,0.0,0.0,
BTCUSDC_SHORT,R_S3_TF_WEIGHT_3M,,OK,0.0,2.771,-2.771,0,0.0,0.0,
BTCUSDC_SHORT,R_S3_TF_WEIGHT_4H,,OK,0.0,2.771,-2.771,0,0.0,0.0,
BTCUSDC_SHORT,R_S3_TF_WEIGHT_D,,OK,0.0,2.771,-2.771,0,0.0,0.0,
BTCUSDC_SHORT,R_S4_HA_STREAK_ENABLED,,OK,0.0,2.771,-2.771,0,0.0,0.0,
BTCUSDC_SHORT,R_S4_HA_STREAK_TF,,OK,0.0,2.771,-2.771,0,0.0,0.0,
BTCUSDC_SHORT,R_S4_HA_STREAK_WEIGHT,,OK,0.0,2.771,-2.771,0,0.0,0.0,
BTCUSDC_SHORT,R_S5_SENT_VEL_BONUS,,OK,0.0,2.771,-2.771,0,0.0,0.0,
BTCUSDC_SHORT,R_S5_SENT_VEL_ENABLED,,OK,0.0,2.771,-2.771,0,0.0,0.0,
BTCUSDC_SHORT,R_S5_SENT_VEL_PCT_THR,,OK,0.0,2.771,-2.771,0,0.0,0.0,
BTCUSDC_SHORT,R_S6_WT_MSTATE_GATE_MODE,0,OK,0.0,2.771,-2.771,0,0.0,0.0,
BTCUSDC_SHORT,R_S6_WT_MSTATE_GATE_MODE,1,OK,0.0,2.771,-2.771,0,0.0,0.0,
BTCUSDC_SHORT,R_S7_HHLL_BONUS_PER_TF,,OK,0.0,2.771,-2.771,0,0.0,0.0,
BTCUSDC_SHORT,R_S7_HHLL_MIN_INDICATORS,0.0,OK,0.0,2.771,-2.771,0,0.0,0.0,
BTCUSDC_SHORT,R_S7_HHLL_MIN_INDICATORS,2.0,OK,0.0,2.771,-2.771,0,0.0,0.0,
BTCUSDC_SHORT,R_S7_HHLL_MIN_TFS_FOR_BONUS,0.0,OK,0.0,2.771,-2.771,0,0.0,0.0,
BTCUSDC_SHORT,R_S7_HHLL_MIN_TFS_FOR_BONUS,2.0,OK,0.0,2.771,-2.771,0,0.0,0.0,
BTCUSDC_SHORT,R_S7_HHLL_STACK_ENABLED,,OK,0.0,2.771,-2.771,0,0.0,0.0,
BTCUSDC_SHORT,R_S7_HHLL_TFS,,OK,0.0,2.771,-2.771,0,0.0,0.0,
BTCUSDC_SHORT,SENTIMENT_TOP_N,,OK,0.0,2.771,-2.771,0,0.0,0.0,
BTCUSDC_SHORT,SENTIMENT_TOP_N_GATE_ENABLED,False,OK,0.0,2.771,-2.771,0,0.0,0.0,
BTCUSDC_SHORT,SENTIMENT_TOP_N_GATE_ENABLED,True,OK,0.0,2.771,-2.771,0,0.0,0.0,
BTCUSDC_SHORT,SHORT_ABOVE_EMA20_IS_PENALTY,,OK,0.0,2.771,-2.771,0,0.0,0.0,
BTCUSDC_SHORT,SHORT_RSI_MIN_1H,,OK,0.0,2.771,-2.771,0,0.0,0.0,
BTCUSDC_SHORT,SIMPLE_TP_EXIT_ENABLED,False,OK,0.0,2.771,-2.771,0,0.0,0.0,
BTCUSDC_SHORT,SIMPLE_TP_EXIT_ENABLED,True,OK,0.0,2.771,-2.771,0,0.0,0.0,
BTCUSDC_SHORT,SIMPLE_TP_PCT,0.5,OK,0.0,2.771,-2.771,0,0.0,0.0,
BTCUSDC_SHORT,SIMPLE_TP_PCT,0.0,OK,0.0,2.771,-2.771,0,0.0,0.0,
BTCUSDC_SHORT,TRIPLE_CONF_ENABLED,False,OK,0.0,2.771,-2.771,0,0.0,0.0,
BTCUSDC_SHORT,TRIPLE_CONF_ENABLED,True,OK,0.0,2.771,-2.771,0,0.0,0.0,
BTCUSDC_SHORT,TRIPLE_CONF_RSI_LONG,30.0,OK,0.0,2.771,-2.771,0,0.0,0.0,
BTCUSDC_SHORT,TRIPLE_CONF_RSI_LONG,15.0,OK,0.0,2.771,-2.771,0,0.0,0.0,
BTCUSDC_SHORT,TRIPLE_CONF_RSI_LONG,45.0,OK,0.0,2.771,-2.771,0,0.0,0.0,
BTCUSDC_SHORT,TRIPLE_CONF_RSI_SHORT,70.0,OK,0.0,2.771,-2.771,0,0.0,0.0,
BTCUSDC_SHORT,TRIPLE_CONF_RSI_SHORT,105.0,OK,0.0,2.771,-2.771,0,0.0,0.0,
BTCUSDC_SHORT,TRIPLE_CONF_SCORE,30,OK,0.0,2.771,-2.771,0,0.0,0.0,
BTCUSDC_SHORT,TRIPLE_CONF_SCORE,45,OK,0.0,2.771,-2.771,0,0.0,0.0,
BTCUSDC_SHORT,TRIPLE_CONF_STOCH_LONG,20.0,OK,0.0,2.771,-2.771,0,0.0,0.0,
BTCUSDC_SHORT,TRIPLE_CONF_STOCH_LONG,30.0,OK,0.0,2.771,-2.771,0,0.0,0.0,
BTCUSDC_SHORT,TRIPLE_CONF_STOCH_SHORT,80.0,OK,0.0,2.771,-2.771,0,0.0,0.0,
BTCUSDC_SHORT,TRIPLE_CONF_STOCH_SHORT,40.0,OK,0.0,2.771,-2.771,0,0.0,0.0,
BTCUSDC_SHORT,TRIPLE_CONF_TF,1h,OK,0.0,2.771,-2.771,0,0.0,0.0,
BTCUSDC_SHORT,TRIPLE_CONF_TF,3m,OK,0.0,2.771,-2.771,0,0.0,0.0,
BTCUSDC_SHORT,TRIPLE_CONF_TF,15m,OK,0.0,2.771,-2.771,0,0.0,0.0,
BTCUSDC_SHORT,TRIPLE_CONF_TF,4h,OK,0.0,2.771,-2.771,0,0.0,0.0,
BTCUSDC_SHORT,TRIPLE_CONF_TF,D,OK,0.0,2.771,-2.771,0,0.0,0.0,
BTCUSDC_SHORT,TR_BBWIDTH4H_BOYCOTT_SCORE,,OK,0.0,2.771,-2.771,0,0.0,0.0,
BTCUSDC_SHORT,TR_BBWIDTH4H_MAX,,OK,0.0,2.771,-2.771,0,0.0,0.0,
BTCUSDC_SHORT,TR_CHOP4H_BONUS,,OK,0.0,2.771,-2.771,0,0.0,0.0,
BTCUSDC_SHORT,TR_CHOP4H_MIN,,OK,0.0,2.771,-2.771,0,0.0,0.0,
BTCUSDC_SHORT,TR_CHOP4H_PENALTY,,OK,0.0,2.771,-2.771,0,0.0,0.0,
BTCUSDC_SHORT,TR_CHOP4H_TREND_MAX,,OK,0.0,2.771,-2.771,0,0.0,0.0,
BTCUSDC_SHORT,TR_DCWIDTH4H_SHORT_BOYCOTT_SCORE,,OK,0.0,2.771,-2.771,0,0.0,0.0,
BTCUSDC_SHORT,TR_MFI4H_LONG_BOYCOTT_SCORE,,OK,0.0,2.771,-2.771,0,0.0,0.0,
BTCUSDC_SHORT,WT15M_AGAINST_PENALTY,,OK,0.0,2.771,-2.771,0,0.0,0.0,
BTCUSDC_SHORT,WT_CHOP_GATE_ENABLED,False,OK,0.0,2.771,-2.771,0,0.0,0.0,
BTCUSDC_SHORT,WT_CHOP_GATE_ENABLED,True,OK,0.0,2.771,-2.771,0,0.0,0.0,
BTCUSDC_SHORT,WT_CHOP_MAX,8,OK,0.0,2.771,-2.771,0,0.0,0.0,
BTCUSDC_SHORT,WT_CHOP_MAX,0,OK,0.0,2.771,-2.771,0,0.0,0.0,
BTCUSDC_SHORT,WT_COMPOSITE_DELTA_GATE_ENABLED,False,OK,0.0,2.771,-2.771,0,0.0,0.0,
BTCUSDC_SHORT,WT_COMPOSITE_DELTA_GATE_ENABLED,True,OK,0.0,2.771,-2.771,0,0.0,0.0,
BTCUSDC_SHORT,WT_COMPOSITE_DELTA_LONG_MIN,-100.0,OK,0.0,2.771,-2.771,0,0.0,0.0,
BTCUSDC_SHORT,WT_COMPOSITE_DELTA_LONG_MIN,0.0,OK,0.0,2.771,-2.771,0,0.0,0.0,
BTCUSDC_SHORT,WT_COMPOSITE_DELTA_SCORE_BONUS,3.0,OK,0.0,2.771,-2.771,0,0.0,0.0,
BTCUSDC_SHORT,WT_COMPOSITE_DELTA_SCORE_BONUS,0.0,OK,0.0,2.771,-2.771,0,0.0,0.0,
BTCUSDC_SHORT,WT_COMPOSITE_DELTA_SCORE_ENABLED,False,OK,0.0,2.771,-2.771,0,0.0,0.0,
BTCUSDC_SHORT,WT_COMPOSITE_DELTA_SCORE_ENABLED,True,OK,0.0,2.771,-2.771,0,0.0,0.0,
BTCUSDC_SHORT,WT_COMPOSITE_DELTA_SCORE_THRESHOLD,50.0,OK,0.0,2.771,-2.771,0,0.0,0.0,
BTCUSDC_SHORT,WT_COMPOSITE_DELTA_SCORE_THRESHOLD,0.0,OK,0.0,2.771,-2.771,0,0.0,0.0,
BTCUSDC_SHORT,WT_COMPOSITE_DELTA_SHORT_MAX,100.0,OK,0.0,2.771,-2.771,0,0.0,0.0,
BTCUSDC_SHORT,WT_COMPOSITE_DELTA_SHORT_MAX,0.0,OK,0.0,2.771,-2.771,0,0.0,0.0,
BTCUSDC_SHORT,WT_COMPOSITE_ENTRY_BLOCK,-20.0,OK,0.0,2.771,-2.771,0,0.0,0.0,
BTCUSDC_SHORT,WT_COMPOSITE_ENTRY_BLOCK,0.0,OK,0.0,2.771,-2.771,0,0.0,0.0,
BTCUSDC_SHORT,WT_COMPOSITE_ENTRY_GOOD,30.0,OK,0.0,2.771,-2.771,0,0.0,0.0,
BTCUSDC_SHORT,WT_COMPOSITE_ENTRY_GOOD,0.0,OK,0.0,2.771,-2.771,0,0.0,0.0,
BTCUSDC_SHORT,WT_COMPOSITE_ENTRY_OK,10.0,OK,0.0,2.771,-2.771,0,0.0,0.0,
BTCUSDC_SHORT,WT_COMPOSITE_ENTRY_OK,0.0,OK,0.0,2.771,-2.771,0,0.0,0.0,
BTCUSDC_SHORT,WT_COMPOSITE_ENTRY_STRONG,50.0,OK,0.0,2.771,-2.771,0,0.0,0.0,
BTCUSDC_SHORT,WT_COMPOSITE_ENTRY_STRONG,0.0,OK,0.0,2.771,-2.771,0,0.0,0.0,
BTCUSDC_SHORT,WT_COMPOSITE_HTF_GATE,False,OK,0.0,2.771,-2.771,0,0.0,0.0,
BTCUSDC_SHORT,WT_COMPOSITE_HTF_GATE,True,OK,0.0,2.771,-2.771,0,0.0,0.0,
BTCUSDC_SHORT,WT_DIV_ENTRY_GATE_ENABLED,False,OK,-31.309039296874996,2.771,-34.08003929687499,34,0.23270138936417767,31.727475200819967,
BTCUSDC_SHORT,WT_DIV_ENTRY_GATE_ENABLED,True,OK,0.0,2.771,-2.771,0,0.0,0.0,
BTCUSDC_SHORT,WT_EXHAUST_ENTRY_GATE_ENABLED,False,OK,0.0,2.771,-2.771,0,0.0,0.0,
BTCUSDC_SHORT,WT_EXHAUST_ENTRY_GATE_ENABLED,True,OK,0.0,2.771,-2.771,0,0.0,0.0,
BTCUSDC_SHORT,WT_EXIT_VEL_THRESHOLD,0.0,OK,0.0,2.771,-2.771,0,0.0,0.0,
BTCUSDC_SHORT,WT_EXIT_VEL_THRESHOLD,-6.0,OK,0.0,2.771,-2.771,0,0.0,0.0,
BTCUSDC_SHORT,WT_EXIT_VEL_THRESHOLD,-9.0,OK,0.0,2.771,-2.771,0,0.0,0.0,
BTCUSDC_SHORT,WT_EXIT_VEL_THRESHOLD,1.0,OK,0.0,2.771,-2.771,0,0.0,0.0,
BTCUSDC_SHORT,WT_MTF_VEL_GATE_ENABLED,False,OK,0.0,2.771,-2.771,0,0.0,0.0,
BTCUSDC_SHORT,WT_MTF_VEL_GATE_ENABLED,True,OK,0.0,2.771,-2.771,0,0.0,0.0,
BTCUSDC_SHORT,WT_MTF_VEL_MIN,2,OK,0.0,2.771,-2.771,0,0.0,0.0,
BTCUSDC_SHORT,WT_MTF_VEL_MIN,0,OK,0.0,2.771,-2.771,0,0.0,0.0,
BTCUSDC_SHORT,WT_PERCENTILE_ENTRY_GATE_ENABLED,False,OK,0.0,2.771,-2.771,0,0.0,0.0,
BTCUSDC_SHORT,WT_PERCENTILE_ENTRY_GATE_ENABLED,True,OK,0.0,2.771,-2.771,0,0.0,0.0,
BTCUSDC_SHORT,WT_PERCENTILE_ENTRY_OB_D,90.0,OK,0.0,2.771,-2.771,0,0.0,0.0,
BTCUSDC_SHORT,WT_PERCENTILE_ENTRY_OB_D,0.0,OK,0.0,2.771,-2.771,0,0.0,0.0,
BTCUSDC_SHORT,WT_PERCENTILE_ENTRY_OS_D,10.0,OK,0.0,2.771,-2.771,0,0.0,0.0,
BTCUSDC_SHORT,WT_PERCENTILE_ENTRY_OS_D,0.0,OK,0.0,2.771,-2.771,0,0.0,0.0,
BTCUSDC_SHORT,ABLATION_DISABLE_FAST_RISER,,OK,0.0,2.771,-2.771,0,0.0,0.0,
BTCUSDC_SHORT,ACCOUNT_KEYS,,OK,0.0,2.771,-2.771,0,0.0,0.0,
BTCUSDC_SHORT,ALL_TF_AGAINST_CLOSE_COOLDOWN_SEC,30.0,OK,0.0,2.771,-2.771,0,0.0,0.0,
BTCUSDC_SHORT,ALL_TF_AGAINST_CLOSE_COOLDOWN_SEC,0.0,OK,0.0,2.771,-2.771,0,0.0,0.0,
BTCUSDC_SHORT,ALL_TF_AGAINST_CLOSE_ENABLED,False,OK,0.0,2.771,-2.771,0,0.0,0.0,
BTCUSDC_SHORT,ALL_TF_AGAINST_CLOSE_ENABLED,True,OK,0.0,2.771,-2.771,0,0.0,0.0,
BTCUSDC_SHORT,ALL_TF_AGAINST_CLOSE_MIN_TFS,4,OK,0.0,2.771,-2.771,0,0.0,0.0,
BTCUSDC_SHORT,ALL_TF_AGAINST_CLOSE_MIN_TFS,7,OK,0.0,2.771,-2.771,0,0.0,0.0,
BTCUSDC_SHORT,BB_BREAKOUT_CONT_ENABLED,False,OK,0.0,2.771,-2.771,0,0.0,0.0,
BTCUSDC_SHORT,BB_BREAKOUT_CONT_ENABLED,True,OK,0.0,2.771,-2.771,0,0.0,0.0,
BTCUSDC_SHORT,BB_BREAKOUT_CONT_HOURS,0.0,OK,0.0,2.771,-2.771,0,0.0,0.0,
BTCUSDC_SHORT,BB_BREAKOUT_CONT_HOURS,72.0,OK,0.0,2.771,-2.771,0,0.0,0.0,
BTCUSDC_SHORT,BB_FROZEN_STOP_FIELD,lower,OK,0.0,2.771,-2.771,0,0.0,0.0,
BTCUSDC_SHORT,BB_FROZEN_STOP_TF,1h,OK,0.0,2.771,-2.771,0,0.0,0.0,
BTCUSDC_SHORT,BB_FROZEN_STOP_TF,3m,OK,0.0,2.771,-2.771,0,0.0,0.0,
BTCUSDC_SHORT,BB_FROZEN_STOP_TF,15m,OK,0.0,2.771,-2.771,0,0.0,0.0,
BTCUSDC_SHORT,BB_FROZEN_STOP_TF,4h,OK,0.0,2.771,-2.771,0,0.0,0.0,
BTCUSDC_SHORT,BB_FROZEN_STOP_TF,D,OK,0.0,2.771,-2.771,0,0.0,0.0,
BTCUSDC_SHORT,BREAKOUT_LEASH_ENABLED,False,OK,0.0,2.771,-2.771,0,0.0,0.0,
BTCUSDC_SHORT,BREAKOUT_LEASH_ENABLED,True,OK,0.0,2.771,-2.771,0,0.0,0.0,
BTCUSDC_SHORT,BREAKOUT_LEASH_TF,,OK,0.0,2.771,-2.771,0,0.0,0.0,
BTCUSDC_SHORT,BREAKOUT_LEASH_TF,3m,OK,0.0,2.771,-2.771,0,0.0,0.0,
BTCUSDC_SHORT,BREAKOUT_LEASH_TF,15m,OK,0.0,2.771,-2.771,0,0.0,0.0,
BTCUSDC_SHORT,BREAKOUT_LEASH_TF,1h,OK,0.0,2.771,-2.771,0,0.0,0.0,
BTCUSDC_SHORT,BREAKOUT_LEASH_TF,4h,OK,0.0,2.771,-2.771,0,0.0,0.0,
BTCUSDC_SHORT,BREAKOUT_LEASH_TF,D,OK,0.0,2.771,-2.771,0,0.0,0.0,
BTCUSDC_SHORT,DAEMON_REENTRY_STALE_EXIT_ENABLED,False,OK,0.0,2.771,-2.771,0,0.0,0.0,
BTCUSDC_SHORT,DAEMON_REENTRY_STALE_EXIT_ENABLED,True,OK,0.0,2.771,-2.771,0,0.0,0.0,
BTCUSDC_SHORT,DC_BB_CROSSBACK_HYSTERESIS_PCT,0.0,OK,0.0,2.771,-2.771,0,0.0,0.0,
BTCUSDC_SHORT,DC_BB_CROSSBACK_HYSTERESIS_PCT,2.0,OK,0.0,2.771,-2.771,0,0.0,0.0,
BTCUSDC_SHORT,DC_BB_CROSSBACK_HYSTERESIS_PCT,1.0,OK,0.0,2.771,-2.771,0,0.0,0.0,
BTCUSDC_SHORT,DC_HOPELESS_EXIT_ENABLED,False,OK,0.0,2.771,-2.771,0,0.0,0.0,
BTCUSDC_SHORT,DC_HOPELESS_EXIT_ENABLED,True,OK,0.0,2.771,-2.771,0,0.0,0.0,
BTCUSDC_SHORT,DELTA_EXIT_MANDATORY_REENTRY_ENABLED,False,OK,0.0,2.771,-2.771,0,0.0,0.0,
BTCUSDC_SHORT,DELTA_EXIT_MANDATORY_REENTRY_ENABLED,True,OK,0.0,2.771,-2.771,0,0.0,0.0,
BTCUSDC_SHORT,ENABLE_FAST_RISER_REDUCE,False,OK,0.0,2.771,-2.771,0,0.0,0.0,
BTCUSDC_SHORT,ENABLE_FAST_RISER_REDUCE,True,OK,0.0,2.771,-2.771,0,0.0,0.0,
BTCUSDC_SHORT,EVAL_REENTRY_ENABLED,,OK,0.0,2.771,-2.771,0,0.0,0.0,
BTCUSDC_SHORT,E_1_EXIT_DELTA_THR,50.0,OK,0.0,2.771,-2.771,0,0.0,0.0,
BTCUSDC_SHORT,E_1_EXIT_DELTA_THR,0.0,OK,0.0,2.771,-2.771,0,0.0,0.0,
BTCUSDC_SHORT,E_1_WT_EXIT_USE_DELTA_ENABLED,False,OK,0.0,2.771,-2.771,0,0.0,0.0,
BTCUSDC_SHORT,E_1_WT_EXIT_USE_DELTA_ENABLED,True,OK,0.0,2.771,-2.771,0,0.0,0.0,
BTCUSDC_SHORT,E_3_USE_WT_STRUCTURE_EXIT_MODE,0,OK,0.0,2.771,-2.771,0,0.0,0.0,
BTCUSDC_SHORT,E_3_USE_WT_STRUCTURE_EXIT_MODE,1,OK,0.0,2.771,-2.771,0,0.0,0.0,
BTCUSDC_SHORT,FAST_RISER_DOUBLE_ENABLED,,OK,0.0,2.771,-2.771,0,0.0,0.0,
BTCUSDC_SHORT,FIN_ADVISORY_CONSUMER_ENABLED,,OK,0.0,2.771,-2.771,0,0.0,0.0,
BTCUSDC_SHORT,FROZEN_ABSOLUTE_FLOOR_PCT_CRYPTO,,OK,0.0,2.771,-2.771,0,0.0,0.0,
BTCUSDC_SHORT,FROZEN_ACTIVATION_TF,,OK,0.0,2.771,-2.771,0,0.0,0.0,
BTCUSDC_SHORT,GUARANTEED_REENTRY_TIGHT_STOP_ENABLED,False,OK,0.0,2.771,-2.771,0,0.0,0.0,
BTCUSDC_SHORT,GUARANTEED_REENTRY_TIGHT_STOP_ENABLED,True,OK,0.0,2.771,-2.771,0,0.0,0.0,
BTCUSDC_SHORT,GUARANTEED_REENTRY_TIGHT_STOP_MAX_AGE_S,1800.0,OK,0.0,2.771,-2.771,0,0.0,0.0,
BTCUSDC_SHORT,GUARANTEED_REENTRY_TIGHT_STOP_MAX_AGE_S,1.0,OK,0.0,2.771,-2.771,0,0.0,0.0,
BTCUSDC_SHORT,GUARANTEED_REENTRY_TIGHT_STOP_MIN_AGE_S,60.0,OK,0.0,2.771,-2.771,0,0.0,0.0,
BTCUSDC_SHORT,GUARANTEED_REENTRY_TIGHT_STOP_MIN_AGE_S,1.0,OK,0.0,2.771,-2.771,0,0.0,0.0,
BTCUSDC_SHORT,GUARANTEED_REENTRY_TIGHT_STOP_PCT,0.5,OK,0.0,2.771,-2.771,0,0.0,0.0,
BTCUSDC_SHORT,GUARANTEED_REENTRY_TIGHT_STOP_PCT,1.0,OK,0.0,2.771,-2.771,0,0.0,0.0,
BTCUSDC_SHORT,HTF_AGAINST_FORCE_CLOSE_CONFIRM_4H,False,OK,0.0,2.771,-2.771,0,0.0,0.0,
BTCUSDC_SHORT,HTF_AGAINST_FORCE_CLOSE_CONFIRM_4H,True,OK,0.0,2.771,-2.771,0,0.0,0.0,
BTCUSDC_SHORT,HTF_AGAINST_FORCE_CLOSE_ENABLED,False,OK,0.0,2.771,-2.771,0,0.0,0.0,
BTCUSDC_SHORT,HTF_AGAINST_FORCE_CLOSE_ENABLED,True,OK,0.0,2.771,-2.771,0,0.0,0.0,
BTCUSDC_SHORT,IMMEDIATE_WRONG_WAY_ENABLED,,OK,0.0,2.771,-2.771,0,0.0,0.0,
BTCUSDC_SHORT,LOSS_EXIT_STOP_FUNCTIONS_KILL_ENABLED,False,OK,0.0,2.771,-2.771,0,0.0,0.0,
BTCUSDC_SHORT,LOSS_EXIT_STOP_FUNCTIONS_KILL_ENABLED,True,OK,0.0,2.771,-2.771,0,0.0,0.0,
BTCUSDC_SHORT,MICRO_SCALP_GAIN_THRESHOLD_PCT,,OK,0.0,2.771,-2.771,0,0.0,0.0,
BTCUSDC_SHORT,MICRO_SCALP_USDC_ACCOUNTS,,OK,0.0,2.771,-2.771,0,0.0,0.0,
BTCUSDC_SHORT,NEWBORN_LOSS_KILL_GAIN_THRESHOLD_PCT,0.0,OK,0.0,2.771,-2.771,0,0.0,0.0,
BTCUSDC_SHORT,NEWBORN_LOSS_KILL_GAIN_THRESHOLD_PCT,1.0,OK,0.0,2.771,-2.771,0,0.0,0.0,
BTCUSDC_SHORT,NEWBORN_LOSS_KILL_REQUIRE_VEL_AGAINST,False,OK,0.0,2.771,-2.771,0,0.0,0.0,
BTCUSDC_SHORT,NEWBORN_LOSS_KILL_REQUIRE_VEL_AGAINST,True,OK,0.0,2.771,-2.771,0,0.0,0.0,
BTCUSDC_SHORT,NEWBORN_LOSS_KILL_VEL_TF,,OK,0.0,2.771,-2.771,0,0.0,0.0,
BTCUSDC_SHORT,NEWBORN_LOSS_KILL_VEL_TF,3m,OK,0.0,2.771,-2.771,0,0.0,0.0,
BTCUSDC_SHORT,NEWBORN_LOSS_KILL_VEL_TF,15m,OK,0.0,2.771,-2.771,0,0.0,0.0,
BTCUSDC_SHORT,NEWBORN_LOSS_KILL_VEL_TF,1h,OK,0.0,2.771,-2.771,0,0.0,0.0,
BTCUSDC_SHORT,NEWBORN_LOSS_KILL_VEL_TF,4h,OK,0.0,2.771,-2.771,0,0.0,0.0,
BTCUSDC_SHORT,NEWBORN_LOSS_KILL_VEL_TF,D,OK,0.0,2.771,-2.771,0,0.0,0.0,
BTCUSDC_SHORT,NEWBORN_LOSS_KILL_WINDOW_MIN,30.0,OK,0.0,2.771,-2.771,0,0.0,0.0,
BTCUSDC_SHORT,NEWBORN_LOSS_KILL_WINDOW_MIN,0.0,OK,0.0,2.771,-2.771,0,0.0,0.0,
BTCUSDC_SHORT,OPTIMAL_HOLD_BARS_3M,,OK,0.0,2.771,-2.771,0,0.0,0.0,
BTCUSDC_SHORT,PARTIAL_PROFIT_LOCK_ACCOUNTS,False,OK,0.0,2.771,-2.771,0,0.0,0.0,
BTCUSDC_SHORT,PARTIAL_PROFIT_LOCK_ACCOUNTS,True,OK,0.0,2.771,-2.771,0,0.0,0.0,
BTCUSDC_SHORT,PARTIAL_PROFIT_LOCK_USE_MAKER,False,OK,0.0,2.771,-2.771,0,0.0,0.0,
BTCUSDC_SHORT,PARTIAL_PROFIT_LOCK_USE_MAKER,True,OK,0.0,2.771,-2.771,0,0.0,0.0,
BTCUSDC_SHORT,R3_GAIN_MAX_PCT,,OK,0.0,2.771,-2.771,0,0.0,0.0,
BTCUSDC_SHORT,RIDICULOUS_HOLD_GUARD_ENABLED,False,OK,0.0,2.771,-2.771,0,0.0,0.0,
BTCUSDC_SHORT,RIDICULOUS_HOLD_GUARD_ENABLED,True,OK,0.0,2.771,-2.771,0,0.0,0.0,
BTCUSDC_SHORT,RIDICULOUS_HOLD_HOURS,720.0,OK,0.0,2.771,-2.771,0,0.0,0.0,
BTCUSDC_SHORT,RIDICULOUS_HOLD_HOURS,0.0,OK,0.0,2.771,-2.771,0,0.0,0.0,
BTCUSDC_SHORT,RIDICULOUS_HOLD_REQUIRE_GAIN_NONNEG,False,OK,0.0,2.771,-2.771,0,0.0,0.0,
BTCUSDC_SHORT,RIDICULOUS_HOLD_REQUIRE_GAIN_NONNEG,True,OK,0.0,2.771,-2.771,0,0.0,0.0,
BTCUSDC_SHORT,RIDICULOUS_LOSS_PCT,-15.0,OK,0.0,2.771,-2.771,0,0.0,0.0,
BTCUSDC_SHORT,RIDICULOUS_LOSS_PCT,0.0,OK,0.0,2.771,-2.771,0,0.0,0.0,
BTCUSDC_SHORT,SATOSHIT_ACCOUNTS,,OK,0.0,2.771,-2.771,0,0.0,0.0,
BTCUSDC_SHORT,SATOSHIT_PROTECT_TRADES,False,OK,0.0,2.771,-2.771,0,0.0,0.0,
BTCUSDC_SHORT,SATOSHIT_PROTECT_TRADES,True,OK,0.0,2.771,-2.771,0,0.0,0.0,
BTCUSDC_SHORT,SCALP_V2_ISOLATE,False,OK,0.0,2.771,-2.771,0,0.0,0.0,
BTCUSDC_SHORT,SCALP_V2_ISOLATE,True,OK,0.0,2.771,-2.771,0,0.0,0.0,
BTCUSDC_SHORT,STOP_MAJOR_LOSS_BLOCK_ENABLED,False,OK,0.0,2.771,-2.771,0,0.0,0.0,
BTCUSDC_SHORT,STOP_MAJOR_LOSS_BLOCK_ENABLED,True,OK,0.0,2.771,-2.771,0,0.0,0.0,
BTCUSDC_SHORT,WRONG_SIDE_ABS_KILL_ENABLED,False,OK,0.0,2.771,-2.771,0,0.0,0.0,
BTCUSDC_SHORT,WRONG_SIDE_ABS_KILL_ENABLED,True,OK,0.0,2.771,-2.771,0,0.0,0.0,
BTCUSDC_SHORT,WRONG_SIDE_K_TFS_REQUIRED,0,OK,0.0,2.771,-2.771,0,0.0,0.0,
BTCUSDC_SHORT,WRONG_SIDE_K_TFS_REQUIRED,1,OK,0.0,2.771,-2.771,0,0.0,0.0,
BTCUSDC_SHORT,WRONG_SIDE_MIN_AGE_MIN,30.0,OK,0.0,2.771,-2.771,0,0.0,0.0,
BTCUSDC_SHORT,WRONG_SIDE_MIN_AGE_MIN,15.0,OK,0.0,2.771,-2.771,0,0.0,0.0,
BTCUSDC_SHORT,WRONG_SIDE_WT_TFS_REQUIRED,4,OK,0.0,2.771,-2.771,0,0.0,0.0,
BTCUSDC_SHORT,WRONG_SIDE_WT_TFS_REQUIRED,2,OK,0.0,2.771,-2.771,0,0.0,0.0,
BTCUSDC_SHORT,WRONG_SIDE_WT_TFS_REQUIRED,6,OK,0.0,2.771,-2.771,0,0.0,0.0,
BTCUSDC_SHORT,WT_4H_VEL_EXIT_ENABLED,False,OK,0.0,2.771,-2.771,0,0.0,0.0,
BTCUSDC_SHORT,WT_4H_VEL_EXIT_ENABLED,True,OK,0.0,2.771,-2.771,0,0.0,0.0,
BTCUSDC_SHORT,WT_4H_VEL_EXIT_K_EXTREME_HIGH,80.0,OK,0.0,2.771,-2.771,0,0.0,0.0,
BTCUSDC_SHORT,WT_4H_VEL_EXIT_K_EXTREME_HIGH,0.0,OK,0.0,2.771,-2.771,0,0.0,0.0,
BTCUSDC_SHORT,WT_4H_VEL_EXIT_K_EXTREME_LOW,20.0,OK,0.0,2.771,-2.771,0,0.0,0.0,
BTCUSDC_SHORT,WT_4H_VEL_EXIT_K_EXTREME_LOW,0.0,OK,0.0,2.771,-2.771,0,0.0,0.0,
BTCUSDC_SHORT,WT_4H_VEL_EXIT_REQUIRE_K_EXTREME,False,OK,0.0,2.771,-2.771,0,0.0,0.0,
BTCUSDC_SHORT,WT_4H_VEL_EXIT_REQUIRE_K_EXTREME,True,OK,0.0,2.771,-2.771,0,0.0,0.0,
BTCUSDC_SHORT,WT_4H_VEL_EXIT_REQUIRE_PROFIT,False,OK,0.0,2.771,-2.771,0,0.0,0.0,
BTCUSDC_SHORT,WT_4H_VEL_EXIT_REQUIRE_PROFIT,True,OK,0.0,2.771,-2.771,0,0.0,0.0,
BTCUSDC_SHORT,WT_4H_VEL_MANDATORY_REENTRY_ENABLED,False,OK,0.0,2.771,-2.771,0,0.0,0.0,
BTCUSDC_SHORT,WT_4H_VEL_MANDATORY_REENTRY_ENABLED,True,OK,0.0,2.771,-2.771,0,0.0,0.0,
BTCUSDC_SHORT,WT_CROSS_EXIT_REQUIRE_15M_CONFIRM,False,OK,0.0,2.771,-2.771,0,0.0,0.0,
BTCUSDC_SHORT,WT_CROSS_EXIT_REQUIRE_15M_CONFIRM,True,OK,0.0,2.771,-2.771,0,0.0,0.0,
BTCUSDC_SHORT,WT_EXHAUST_EXIT_ENABLED,False,OK,0.0,2.771,-2.771,0,0.0,0.0,
BTCUSDC_SHORT,WT_EXHAUST_EXIT_ENABLED,True,OK,0.0,2.771,-2.771,0,0.0,0.0,
BTCUSDC_SHORT,WT_EXHAUST_EXIT_MIN_GAIN_PCT,0.5,OK,0.0,2.771,-2.771,0,0.0,0.0,
BTCUSDC_SHORT,WT_EXHAUST_EXIT_MIN_GAIN_PCT,0.0,OK,0.0,2.771,-2.771,0,0.0,0.0,
BTCUSDC_SHORT,WT_EXHAUST_EXIT_REQUIRE_GAIN,False,OK,0.0,2.771,-2.771,0,0.0,0.0,
BTCUSDC_SHORT,WT_EXHAUST_EXIT_REQUIRE_GAIN,True,OK,0.0,2.771,-2.771,0,0.0,0.0,
BTCUSDC_SHORT,WT_PERCENTILE_EXIT_ENABLED,False,OK,0.0,2.771,-2.771,0,0.0,0.0,
BTCUSDC_SHORT,WT_PERCENTILE_EXIT_ENABLED,True,OK,0.0,2.771,-2.771,0,0.0,0.0,
BTCUSDC_SHORT,WT_PERCENTILE_EXIT_OB_4H,55.0,OK,0.0,2.771,-2.771,0,0.0,0.0,
BTCUSDC_SHORT,WT_PERCENTILE_EXIT_OB_4H,0.0,OK,0.0,2.771,-2.771,0,0.0,0.0,
BTCUSDC_SHORT,WT_PERCENTILE_EXIT_OB_D,75.0,OK,0.0,2.771,-2.771,0,0.0,0.0,
BTCUSDC_SHORT,WT_PERCENTILE_EXIT_OB_D,0.0,OK,0.0,2.771,-2.771,0,0.0,0.0,
BTCUSDC_SHORT,WT_PERCENTILE_EXIT_OS_4H,25.0,OK,0.0,2.771,-2.771,0,0.0,0.0,
BTCUSDC_SHORT,WT_PERCENTILE_EXIT_OS_4H,0.0,OK,0.0,2.771,-2.771,0,0.0,0.0,
BTCUSDC_SHORT,WT_PERCENTILE_EXIT_OS_D,10.0,OK,0.0,2.771,-2.771,0,0.0,0.0,
BTCUSDC_SHORT,WT_PERCENTILE_EXIT_OS_D,0.0,OK,0.0,2.771,-2.771,0,0.0,0.0,
BTCUSDC_SHORT,DC_BREAKOUT_ALLOW_15M,False,OK,0.0,2.771,-2.771,0,0.0,0.0,
BTCUSDC_SHORT,DC_BREAKOUT_ALLOW_15M,True,OK,0.0,2.771,-2.771,0,0.0,0.0,
BTCUSDC_SHORT,DC_BREAKOUT_ALLOW_3M,False,OK,0.0,2.771,-2.771,0,0.0,0.0,
BTCUSDC_SHORT,DC_BREAKOUT_ALLOW_3M,True,OK,0.0,2.771,-2.771,0,0.0,0.0,
BTCUSDC_SHORT,EZ_REENTRY_INLINE_EVAL_EPQ_ENABLED,False,OK,0.0,2.771,-2.771,0,0.0,0.0,
BTCUSDC_SHORT,EZ_REENTRY_INLINE_EVAL_EPQ_ENABLED,True,OK,0.0,2.771,-2.771,0,0.0,0.0,
BTCUSDC_SHORT,EZ_REENTRY_INLINE_TIER12_EPQ_ENABLED,False,OK,0.0,2.771,-2.771,0,0.0,0.0,
BTCUSDC_SHORT,EZ_REENTRY_INLINE_TIER12_EPQ_ENABLED,True,OK,0.0,2.771,-2.771,0,0.0,0.0,
BTCUSDC_SHORT,HLR_REENTRY_MAX_AGE_S,14400.0,OK,0.0,2.771,-2.771,0,0.0,0.0,
BTCUSDC_SHORT,HLR_REENTRY_MAX_AGE_S,1.0,OK,0.0,2.771,-2.771,0,0.0,0.0,
BTCUSDC_SHORT,REENTRY_ESCALATION_CRIT_MIN,0.0,OK,0.0,2.771,-2.771,0,0.0,0.0,
BTCUSDC_SHORT,REENTRY_ESCALATION_CRIT_MIN,60.0,OK,0.0,2.771,-2.771,0,0.0,0.0,
BTCUSDC_SHORT,REENTRY_ESCALATION_CRIT_MIN,1.0,OK,0.0,2.771,-2.771,0,0.0,0.0,
BTCUSDC_SHORT,REENTRY_ESCALATION_CRIT_MIN,30.0,OK,0.0,2.771,-2.771,0,0.0,0.0,
BTCUSDC_SHORT,REENTRY_ESCALATION_WARN_MIN,0.0,OK,0.0,2.771,-2.771,0,0.0,0.0,
BTCUSDC_SHORT,REENTRY_ESCALATION_WARN_MIN,30.0,OK,0.0,2.771,-2.771,0,0.0,0.0,
BTCUSDC_SHORT,REENTRY_ESCALATION_WARN_MIN,1.0,OK,0.0,2.771,-2.771,0,0.0,0.0,
BTCUSDC_SHORT,REENTRY_ESCALATION_WARN_MIN,45.0,OK,0.0,2.771,-2.771,0,0.0,0.0,
BTCUSDC_SHORT,REENTRY_EXHAUSTED_PARTIAL_ENABLED,False,OK,0.0,2.771,-2.771,0,0.0,0.0,
BTCUSDC_SHORT,REENTRY_EXHAUSTED_PARTIAL_ENABLED,True,OK,0.0,2.771,-2.771,0,0.0,0.0,
BTCUSDC_SHORT,REENTRY_TIER1_SIZE_MULT,1.5,OK,0.0,2.771,-2.771,0,0.0,0.0,
BTCUSDC_SHORT,REENTRY_TIER1_SIZE_MULT,0.0,OK,0.0,2.771,-2.771,0,0.0,0.0,
BTCUSDC_SHORT,REENTRY_TIER2_SIZE_MULT,0.0,OK,0.0,2.771,-2.771,0,0.0,0.0,
BTCUSDC_SHORT,REENTRY_TIER2_SIZE_MULT,0.8,OK,0.0,2.771,-2.771,0,0.0,0.0,
BTCUSDC_SHORT,SBA_COOLDOWN_GLOBAL_S,,OK,0.0,2.771,-2.771,0,0.0,0.0,
BTCUSDC_SHORT,SBA_COOLDOWN_POSITION_S,,OK,0.0,2.771,-2.771,0,0.0,0.0,
BTCUSDC_SHORT,SBA_ENABLED,,OK,0.0,2.771,-2.771,0,0.0,0.0,
BTCUSDC_SHORT,SBA_MAX_ADDS,,OK,0.0,2.771,-2.771,0,0.0,0.0,
BTCUSDC_SHORT,SBA_MAX_CONCURRENT,,OK,0.0,2.771,-2.771,0,0.0,0.0,
BTCUSDC_SHORT,SBA_MAX_LOSS_PCT,,OK,0.0,2.771,-2.771,0,0.0,0.0,
BTCUSDC_SHORT,SBA_MAX_TOTAL_MULT,,OK,0.0,2.771,-2.771,0,0.0,0.0,
BTCUSDC_SHORT,SBA_MIN_LOSS_PCT,,OK,0.0,2.771,-2.771,0,0.0,0.0,
BTCUSDC_SHORT,SBA_MIN_SCORE,0.0,OK,0.0,2.771,-2.771,0,0.0,0.0,
BTCUSDC_SHORT,SBA_MIN_SCORE,3.5,OK,0.0,2.771,-2.771,0,0.0,0.0,
BTCUSDC_SHORT,SBA_MIN_SCORE,5.25,OK,0.0,2.771,-2.771,0,0.0,0.0,
BTCUSDC_SHORT,SBA_SIZE_FRACTION,,OK,0.0,2.771,-2.771,0,0.0,0.0,
BTCUSDC_SHORT,SCALP_V2_MAX_CONCURRENT,,OK,0.0,2.771,-2.771,0,0.0,0.0,
BTCUSDC_SHORT,SCALP_V3_ENFORCE_UNIVERSE_DIRECTION,,OK,0.0,2.771,-2.771,0,0.0,0.0,
BTCUSDC_SHORT,TREND_HTF_MIN_BEAR,0.0,OK,0.0,2.771,-2.771,0,0.0,0.0,
BTCUSDC_SHORT,TREND_HTF_MIN_BEAR,7.0,OK,0.0,2.771,-2.771,0,0.0,0.0,
BTCUSDC_SHORT,TREND_HTF_MIN_BEAR,1.0,OK,0.0,2.771,-2.771,0,0.0,0.0,
BTCUSDC_SHORT,TREND_HTF_MIN_BULL,0.0,OK,0.0,2.771,-2.771,0,0.0,0.0,
BTCUSDC_SHORT,TREND_HTF_MIN_BULL,7.0,OK,0.0,2.771,-2.771,0,0.0,0.0,
BTCUSDC_SHORT,TREND_HTF_MIN_BULL,1.0,OK,0.0,2.771,-2.771,0,0.0,0.0,
BTCUSDC_SHORT,TREND_HTF_MIN_BULL,3.0,OK,0.0,2.771,-2.771,0,0.0,0.0,
BTCUSDC_SHORT,VOL_SPIKE_COOLDOWN,,OK,0.0,2.771,-2.771,0,0.0,0.0,
BTCUSDC_SHORT,VOL_SPIKE_LS_MAX_IMBALANCE,,OK,0.0,2.771,-2.771,0,0.0,0.0,
BTCUSDC_SHORT,VOL_SPIKE_MIN_ALIGNMENT,0.0,OK,0.0,2.771,-2.771,0,0.0,0.0,
BTCUSDC_SHORT,VOL_SPIKE_MIN_ALIGNMENT,3.0,OK,0.0,2.771,-2.771,0,0.0,0.0,
BTCUSDC_SHORT,VOL_SPIKE_MIN_ALIGNMENT,1.0,OK,0.0,2.771,-2.771,0,0.0,0.0,
BTCUSDC_SHORT,VOL_SPIKE_MIN_ALIGNMENT,4.0,OK,0.0,2.771,-2.771,0,0.0,0.0,
BTCUSDC_SHORT,BASE_PATH,,OK,0.0,2.771,-2.771,0,0.0,0.0,
BTCUSDC_SHORT,BREAKOUT_DC1H_BYPASS_ENABLED,False,OK,0.0,2.771,-2.771,0,0.0,0.0,
BTCUSDC_SHORT,BREAKOUT_DC1H_BYPASS_ENABLED,True,OK,0.0,2.771,-2.771,0,0.0,0.0,
BTCUSDC_SHORT,BREAKOUT_SIZE_SMA200_T1_MULT,0.0,OK,0.0,2.771,-2.771,0,0.0,0.0,
BTCUSDC_SHORT,BREAKOUT_SIZE_SMA200_T1_MULT,1.5,OK,0.0,2.771,-2.771,0,0.0,0.0,
BTCUSDC_SHORT,BREAKOUT_SIZE_SMA200_T1_PCT,0.0,OK,0.0,2.771,-2.771,0,0.0,0.0,
BTCUSDC_SHORT,BREAKOUT_SIZE_SMA200_T1_PCT,1.0,OK,0.0,2.771,-2.771,0,0.0,0.0,
BTCUSDC_SHORT,BREAKOUT_SIZE_SMA200_T2_MULT,0.0,OK,0.0,2.771,-2.771,0,0.0,0.0,
BTCUSDC_SHORT,BREAKOUT_SIZE_SMA200_T2_MULT,2.0,OK,0.0,2.771,-2.771,0,0.0,0.0,
BTCUSDC_SHORT,BREAKOUT_SIZE_SMA200_T2_PCT,0.0,OK,0.0,2.771,-2.771,0,0.0,0.0,
BTCUSDC_SHORT,BREAKOUT_SIZE_SMA200_T2_PCT,1.5,OK,0.0,2.771,-2.771,0,0.0,0.0,
BTCUSDC_SHORT,BREAKOUT_SIZE_SMA200_T2_PCT,1.0,OK,0.0,2.771,-2.771,0,0.0,0.0,
BTCUSDC_SHORT,BREAKOUT_SIZE_SMA200_T3_MULT,0.0,OK,0.0,2.771,-2.771,0,0.0,0.0,
BTCUSDC_SHORT,BREAKOUT_SIZE_SMA200_T3_MULT,3.0,OK,0.0,2.771,-2.771,0,0.0,0.0,
BTCUSDC_SHORT,BREAKOUT_SIZE_SMA200_T3_PCT,0.0,OK,0.0,2.771,-2.771,0,0.0,0.0,
BTCUSDC_SHORT,BREAKOUT_SIZE_SMA200_T3_PCT,2.5,OK,0.0,2.771,-2.771,0,0.0,0.0,
BTCUSDC_SHORT,BREAKOUT_SIZE_SMA200_T3_PCT,1.0,OK,0.0,2.771,-2.771,0,0.0,0.0,
BTCUSDC_SHORT,COLD_START_OPEN_BYPASS_SUPPRESS_SEC,,OK,0.0,2.771,-2.771,0,0.0,0.0,
BTCUSDC_SHORT,GR_FILTER_ALL_ENTRIES,False,OK,0.0,2.771,-2.771,0,0.0,0.0,
BTCUSDC_SHORT,GR_FILTER_ALL_ENTRIES,True,OK,0.0,2.771,-2.771,0,0.0,0.0,
BTCUSDC_SHORT,INF_7D_BEAT_MIN_DELTA,,OK,0.0,2.771,-2.771,0,0.0,0.0,
BTCUSDC_SHORT,INF_7D_BEAT_SIZE_MULT,,OK,0.0,2.771,-2.771,0,0.0,0.0,
BTCUSDC_SHORT,INF_DEDICATED_WINNERS,,OK,0.0,2.771,-2.771,0,0.0,0.0,
BTCUSDC_SHORT,INF_DEDICATED_WINNERS_ENABLED,,OK,0.0,2.771,-2.771,0,0.0,0.0,
BTCUSDC_SHORT,LIVE_VEC_EMERGENCY_BRAKE_ENABLED,False,OK,0.0,2.771,-2.771,0,0.0,0.0,
BTCUSDC_SHORT,LIVE_VEC_EMERGENCY_BRAKE_ENABLED,True,OK,0.0,2.771,-2.771,0,0.0,0.0,
BTCUSDC_SHORT,LIVE_VEC_QUARANTINE_STRATEGY_ENABLED,,OK,0.0,2.771,-2.771,0,0.0,0.0,
BTCUSDC_SHORT,LIVE_VEC_STALE_MARK_PRICE_ENABLED,,OK,0.0,2.771,-2.771,0,0.0,0.0,
BTCUSDC_SHORT,MTF_FILTER_STRONG_BUY_QUICK_BYPASS,False,OK,0.0,2.771,-2.771,0,0.0,0.0,
BTCUSDC_SHORT,MTF_FILTER_STRONG_BUY_QUICK_BYPASS,True,OK,0.0,2.771,-2.771,0,0.0,0.0,
BTCUSDC_SHORT,MTF_GR_MIN_IND,7,OK,0.0,2.771,-2.771,0,0.0,0.0,
BTCUSDC_SHORT,MTF_GR_MIN_IND,1,OK,0.0,2.771,-2.771,0,0.0,0.0,
BTCUSDC_SHORT,MTF_GR_MIN_IND,5,OK,0.0,2.771,-2.771,0,0.0,0.0,
BTCUSDC_SHORT,OPEN_RATE_BREAKER_ENABLED,False,OK,0.0,2.771,-2.771,0,0.0,0.0,
BTCUSDC_SHORT,OPEN_RATE_BREAKER_ENABLED,True,OK,0.0,2.771,-2.771,0,0.0,0.0,
BTCUSDC_SHORT,OPEN_RATE_MAX,0.0,OK,0.0,2.771,-2.771,0,0.0,0.0,
BTCUSDC_SHORT,OPEN_RATE_MAX,30.0,OK,0.0,2.771,-2.771,0,0.0,0.0,
BTCUSDC_SHORT,OPEN_RATE_WINDOW_SEC,False,OK,0.0,2.771,-2.771,0,0.0,0.0,
BTCUSDC_SHORT,OPEN_RATE_WINDOW_SEC,True,OK,0.0,2.771,-2.771,0,0.0,0.0,
BTCUSDC_SHORT,RECENT_REDUCTION_GUARD_ENABLED,,OK,0.0,2.771,-2.771,0,0.0,0.0,
BTCUSDC_SHORT,RECENT_REDUCTION_GUARD_USE_4BAR,,OK,0.0,2.771,-2.771,0,0.0,0.0,
BTCUSDC_SHORT,RECENT_REDUCTION_GUARD_WINDOW_S,,OK,0.0,2.771,-2.771,0,0.0,0.0,
BTCUSDC_SHORT,STRICT_VEC_PARITY_GATE_ENTRIES,False,OK,0.0,2.771,-2.771,0,0.0,0.0,
BTCUSDC_SHORT,STRICT_VEC_PARITY_GATE_ENTRIES,True,OK,0.0,2.771,-2.771,0,0.0,0.0,
BTCUSDC_SHORT,STRICT_VEC_PARITY_GATE_EXITS,False,OK,0.0,2.771,-2.771,0,0.0,0.0,
BTCUSDC_SHORT,STRICT_VEC_PARITY_GATE_EXITS,True,OK,0.0,2.771,-2.771,0,0.0,0.0,
BTCUSDC_SHORT,STRICT_VEC_PARITY_MODE,False,OK,0.0,2.771,-2.771,0,0.0,0.0,
BTCUSDC_SHORT,STRICT_VEC_PARITY_MODE,True,OK,0.0,2.771,-2.771,0,0.0,0.0,
BTCUSDC_SHORT,STRICT_VEC_PARITY_SHADOW,False,OK,0.0,2.771,-2.771,0,0.0,0.0,
BTCUSDC_SHORT,STRICT_VEC_PARITY_SHADOW,True,OK,0.0,2.771,-2.771,0,0.0,0.0,
BTCUSDC_SHORT,TOP_OF_RANGE_BLOCK_REQUIRE_ALL,False,OK,0.0,2.771,-2.771,0,0.0,0.0,
BTCUSDC_SHORT,TOP_OF_RANGE_BLOCK_REQUIRE_ALL,True,OK,0.0,2.771,-2.771,0,0.0,0.0,
BTCUSDC_SHORT,TOP_OF_RANGE_BLOCK_TF_LIST,"1h,4h,D",OK,0.0,2.771,-2.771,0,0.0,0.0,
BTCUSDC_SHORT,TOP_OF_RANGE_BLOCK_THRESHOLD,0.95,OK,0.0,2.771,-2.771,0,0.0,0.0,
BTCUSDC_SHORT,TOP_OF_RANGE_BLOCK_THRESHOLD,0.0,OK,0.0,2.771,-2.771,0,0.0,0.0,
BTCUSDC_SHORT,TRADES_PER_SYM_PER_DAY_MAX,,OK,0.0,2.771,-2.771,0,0.0,0.0,
BTCUSDC_SHORT,UNIVERSAL_AUGMENT_GAIN_GATE_ENABLED,False,OK,0.0,2.771,-2.771,0,0.0,0.0,
BTCUSDC_SHORT,UNIVERSAL_AUGMENT_GAIN_GATE_ENABLED,True,OK,0.0,2.771,-2.771,0,0.0,0.0,
BTCUSDC_SHORT,VEC_GATES_LOG_ONLY,False,OK,0.0,2.771,-2.771,0,0.0,0.0,
BTCUSDC_SHORT,VEC_GATES_LOG_ONLY,True,OK,0.0,2.771,-2.771,0,0.0,0.0,
BTCUSDC_SHORT,BOUNCE_AUGMENT_PAPER,False,OK,0.0,2.771,-2.771,0,0.0,0.0,
BTCUSDC_SHORT,BOUNCE_AUGMENT_PAPER,True,OK,0.0,2.771,-2.771,0,0.0,0.0,
BTCUSDC_SHORT,BREAKEVEN_DC_FIELD_MODE,DC4,OK,0.0,2.771,-2.771,0,0.0,0.0,
BTCUSDC_SHORT,BREAKEVEN_GAIN_EROSION_MIN_GAIN,50.0,OK,0.0,2.771,-2.771,0,0.0,0.0,
BTCUSDC_SHORT,BREAKEVEN_GAIN_EROSION_MIN_GAIN,0.0,OK,0.0,2.771,-2.771,0,0.0,0.0,
BTCUSDC_SHORT,BREAKEVEN_GAIN_EROSION_REQUIRE_PROFIT,False,OK,0.0,2.771,-2.771,0,0.0,0.0,
BTCUSDC_SHORT,BREAKEVEN_GAIN_EROSION_REQUIRE_PROFIT,True,OK,0.0,2.771,-2.771,0,0.0,0.0,
BTCUSDC_SHORT,HARD_BREAKEVEN_FLOOR_ENABLED,False,OK,0.0,2.771,-2.771,0,0.0,0.0,
BTCUSDC_SHORT,HARD_BREAKEVEN_FLOOR_ENABLED,True,OK,0.0,2.771,-2.771,0,0.0,0.0,
BTCUSDC_SHORT,HARD_BREAKEVEN_MIN_PEAK_PCT,0.5,OK,0.0,2.771,-2.771,0,0.0,0.0,
BTCUSDC_SHORT,HARD_BREAKEVEN_MIN_PEAK_PCT,0.0,OK,0.0,2.771,-2.771,0,0.0,0.0,
BTCUSDC_SHORT,HTF_EXIT_VETO_ENABLED,False,OK,0.0,2.771,-2.771,0,0.0,0.0,
BTCUSDC_SHORT,HTF_EXIT_VETO_ENABLED,True,OK,0.0,2.771,-2.771,0,0.0,0.0,
BTCUSDC_SHORT,HTF_EXIT_VETO_MAX_LOSS_PCT,2.0,OK,0.0,2.771,-2.771,0,0.0,0.0,
BTCUSDC_SHORT,HTF_EXIT_VETO_MAX_LOSS_PCT,1.0,OK,0.0,2.771,-2.771,0,0.0,0.0,
BTCUSDC_SHORT,HTF_EXIT_VETO_MIN_ALIGNED,2,OK,0.0,2.771,-2.771,0,0.0,0.0,
BTCUSDC_SHORT,HTF_EXIT_VETO_MIN_ALIGNED,1,OK,0.0,2.771,-2.771,0,0.0,0.0,
BTCUSDC_SHORT,LOSS_EXIT_STALE_PRICE_ALLOW_NEAR_BE_ENABLED,False,OK,0.0,2.771,-2.771,0,0.0,0.0,
BTCUSDC_SHORT,LOSS_EXIT_STALE_PRICE_ALLOW_NEAR_BE_ENABLED,True,OK,0.0,2.771,-2.771,0,0.0,0.0,
BTCUSDC_SHORT,LOSS_TECHNICAL_EXIT_NO_STALE_BLOCK,False,OK,0.0,2.771,-2.771,0,0.0,0.0,
BTCUSDC_SHORT,LOSS_TECHNICAL_EXIT_NO_STALE_BLOCK,True,OK,0.0,2.771,-2.771,0,0.0,0.0,
BTCUSDC_SHORT,PEAK_GIVEBACK_DROP_TRIGGER_ENABLED,False,OK,0.0,2.771,-2.771,0,0.0,0.0,
BTCUSDC_SHORT,PEAK_GIVEBACK_DROP_TRIGGER_ENABLED,True,OK,0.0,2.771,-2.771,0,0.0,0.0,
BTCUSDC_SHORT,QUICK_REDUCE_TECHNICAL_ONLY,False,OK,0.0,2.771,-2.771,0,0.0,0.0,
BTCUSDC_SHORT,QUICK_REDUCE_TECHNICAL_ONLY,True,OK,0.0,2.771,-2.771,0,0.0,0.0,
BTCUSDC_SHORT,RP_PROTECT_MIN_GAIN,,OK,0.0,2.771,-2.771,0,0.0,0.0,
BTCUSDC_SHORT,RP_PROTECT_THRESHOLD,0.0,OK,0.0,2.771,-2.771,0,0.0,0.0,
BTCUSDC_SHORT,RP_PROTECT_THRESHOLD,70.0,OK,0.0,2.771,-2.771,0,0.0,0.0,
BTCUSDC_SHORT,RP_PROTECT_THRESHOLD,1.0,OK,0.0,2.771,-2.771,0,0.0,0.0,
BTCUSDC_SHORT,RP_PROTECT_THRESHOLD,105.0,OK,0.0,2.771,-2.771,0,0.0,0.0,
BTCUSDC_SHORT,RP_PROTECT_THRESHOLD,35.0,OK,0.0,2.771,-2.771,0,0.0,0.0,
BTCUSDC_SHORT,RULE_B_3M_EXIT_ENABLED,False,OK,0.0,2.771,-2.771,0,0.0,0.0,
BTCUSDC_SHORT,RULE_B_3M_EXIT_ENABLED,True,OK,0.0,2.771,-2.771,0,0.0,0.0,
BTCUSDC_SHORT,SCALP_V3_REENTRY_STICKY_ENABLED,,OK,0.0,2.771,-2.771,0,0.0,0.0,
BTCUSDC_SHORT,SCALP_V3_REENTRY_STICKY_MIN,,OK,0.0,2.771,-2.771,0,0.0,0.0,
BTCUSDC_SHORT,TREND_EXIT_SCORE_FLIP,0,OK,0.0,2.771,-2.771,0,0.0,0.0,
BTCUSDC_SHORT,TREND_EXIT_SCORE_FLIP,1,OK,0.0,2.771,-2.771,0,0.0,0.0,
BTCUSDC_SHORT,TREND_MIN_GAIN_EXIT,0.1,OK,0.0,2.771,-2.771,0,0.0,0.0,
BTCUSDC_SHORT,TREND_MIN_GAIN_EXIT,1.0,OK,0.0,2.771,-2.771,0,0.0,0.0,
BTCUSDC_SHORT,WT_CROSS_EXIT_APPLIES_TO_LOSERS,False,OK,0.0,2.771,-2.771,0,0.0,0.0,
BTCUSDC_SHORT,WT_CROSS_EXIT_APPLIES_TO_LOSERS,True,OK,0.0,2.771,-2.771,0,0.0,0.0,
BTCUSDC_SHORT,WT_CROSS_EXIT_APPLIES_TO_WINNERS,False,OK,0.0,2.771,-2.771,0,0.0,0.0,
BTCUSDC_SHORT,WT_CROSS_EXIT_APPLIES_TO_WINNERS,True,OK,0.0,2.771,-2.771,0,0.0,0.0,
BTCUSDC_SHORT,WT_CROSS_EXIT_ENABLED,False,OK,0.0,2.771,-2.771,0,0.0,0.0,
BTCUSDC_SHORT,WT_CROSS_EXIT_ENABLED,True,OK,0.0,2.771,-2.771,0,0.0,0.0,
BTCUSDC_SHORT,WT_CROSS_EXIT_MIN_AGE_MINUTES,1.0,OK,0.0,2.771,-2.771,0,0.0,0.0,
BTCUSDC_SHORT,WT_CROSS_EXIT_MIN_AGE_MINUTES,0.0,OK,0.0,2.771,-2.771,0,0.0,0.0,
BTCUSDC_SHORT,WT_REDUCE_FRAC_HIGH,0.5,OK,0.0,2.771,-2.771,0,0.0,0.0,
BTCUSDC_SHORT,WT_REDUCE_FRAC_HIGH,0.25,OK,0.0,2.771,-2.771,0,0.0,0.0,
BTCUSDC_SHORT,WT_REDUCE_FRAC_HIGH,0.75,OK,0.0,2.771,-2.771,0,0.0,0.0,
BTCUSDC_SHORT,WT_REDUCE_FRAC_LOW,0.15,OK,0.0,2.771,-2.771,0,0.0,0.0,
BTCUSDC_SHORT,WT_REDUCE_FRAC_LOW,0.0,OK,0.0,2.771,-2.771,0,0.0,0.0,
BTCUSDC_SHORT,WT_REDUCE_FRAC_MED,0.25,OK,0.0,2.771,-2.771,0,0.0,0.0,
BTCUSDC_SHORT,WT_REDUCE_FRAC_MED,0.0,OK,0.0,2.771,-2.771,0,0.0,0.0,
BTCUSDC_SHORT,AUGMENT_ONLY_WHEN_PROFITABLE,False,OK,0.0,2.771,-2.771,0,0.0,0.0,
BTCUSDC_SHORT,AUGMENT_ONLY_WHEN_PROFITABLE,True,OK,0.0,2.771,-2.771,0,0.0,0.0,
BTCUSDC_SHORT,BEAR_MARKET_MODE,,OK,0.0,2.771,-2.771,0,0.0,0.0,
BTCUSDC_SHORT,EXECUTE_NOW_MAX_MARK_AGE_S,,OK,0.0,2.771,-2.771,0,0.0,0.0,
BTCUSDC_SHORT,FUNDING_GATE_LONG_MAX,0.0005,OK,0.0,2.771,-2.771,0,0.0,0.0,
BTCUSDC_SHORT,FUNDING_GATE_LONG_MAX,1.0,OK,0.0,2.771,-2.771,0,0.0,0.0,
BTCUSDC_SHORT,FUNDING_GATE_MTF_REQUIRED,False,OK,0.0,2.771,-2.771,0,0.0,0.0,
BTCUSDC_SHORT,FUNDING_GATE_MTF_REQUIRED,True,OK,0.0,2.771,-2.771,0,0.0,0.0,
BTCUSDC_SHORT,FUNDING_GATE_SHORT_MIN,-0.0005,OK,0.0,2.771,-2.771,0,0.0,0.0,
BTCUSDC_SHORT,FUNDING_GATE_SHORT_MIN,1.0,OK,0.0,2.771,-2.771,0,0.0,0.0,
BTCUSDC_SHORT,HTF_DIRECTION_GATE_ENABLED,False,OK,0.0,2.771,-2.771,0,0.0,0.0,
BTCUSDC_SHORT,HTF_DIRECTION_GATE_ENABLED,True,OK,0.0,2.771,-2.771,0,0.0,0.0,
BTCUSDC_SHORT,HTF_GATE_APPLY_TO_AUGMENT,False,OK,0.0,2.771,-2.771,0,0.0,0.0,
BTCUSDC_SHORT,HTF_GATE_APPLY_TO_AUGMENT,True,OK,0.0,2.771,-2.771,0,0.0,0.0,
BTCUSDC_SHORT,HTF_GATE_APPLY_TO_OPEN,False,OK,0.0,2.771,-2.771,0,0.0,0.0,
BTCUSDC_SHORT,HTF_GATE_APPLY_TO_OPEN,True,OK,0.0,2.771,-2.771,0,0.0,0.0,
BTCUSDC_SHORT,HTF_GATE_BYPASS_RZ,False,OK,0.0,2.771,-2.771,0,0.0,0.0,
BTCUSDC_SHORT,HTF_GATE_BYPASS_RZ,True,OK,0.0,2.771,-2.771,0,0.0,0.0,
BTCUSDC_SHORT,LH_HL_FILTER_AUGMENT_GATE_ENABLED,False,OK,0.0,2.771,-2.771,0,0.0,0.0,
BTCUSDC_SHORT,LH_HL_FILTER_AUGMENT_GATE_ENABLED,True,OK,0.0,2.771,-2.771,0,0.0,0.0,
BTCUSDC_SHORT,LH_HL_FILTER_REQUIRE_BOTH,False,OK,0.0,2.771,-2.771,0,0.0,0.0,
BTCUSDC_SHORT,LH_HL_FILTER_REQUIRE_BOTH,True,OK,0.0,2.771,-2.771,0,0.0,0.0,
BTCUSDC_SHORT,LS_RATIO_ENFORCE,,OK,0.0,2.771,-2.771,0,0.0,0.0,
BTCUSDC_SHORT,LS_RATIO_LOG_INTERVAL,,OK,0.0,2.771,-2.771,0,0.0,0.0,
BTCUSDC_SHORT,OI_CONFIRM_ENABLED,False,OK,0.0,2.771,-2.771,0,0.0,0.0,
BTCUSDC_SHORT,OI_CONFIRM_ENABLED,True,OK,0.0,2.771,-2.771,0,0.0,0.0,
BTCUSDC_SHORT,OI_CONFIRM_MIN_CHANGE_PCT,0.0,OK,0.0,2.771,-2.771,0,0.0,0.0,
BTCUSDC_SHORT,OI_CONFIRM_MIN_CHANGE_PCT,0.5,OK,0.0,2.771,-2.771,0,0.0,0.0,
BTCUSDC_SHORT,OI_CONFIRM_MIN_PRICE_PCT,0.0,OK,0.0,2.771,-2.771,0,0.0,0.0,
BTCUSDC_SHORT,OI_CONFIRM_MIN_PRICE_PCT,0.3,OK,0.0,2.771,-2.771,0,0.0,0.0,
BTCUSDC_SHORT,RATIO_PNL_DELTA_THRESHOLD,,OK,0.0,2.771,-2.771,0,0.0,0.0,
BTCUSDC_SHORT,RATIO_PNL_DYNAMIC_GATES_ENABLED,False,OK,0.0,2.771,-2.771,0,0.0,0.0,
BTCUSDC_SHORT,RATIO_PNL_DYNAMIC_GATES_ENABLED,True,OK,0.0,2.771,-2.771,0,0.0,0.0,
BTCUSDC_SHORT,RATIO_PNL_GATE_SOFT_MAX,2.0,OK,0.0,2.771,-2.771,0,0.0,0.0,
BTCUSDC_SHORT,RATIO_PNL_GATE_SOFT_MAX,0.0,OK,0.0,2.771,-2.771,0,0.0,0.0,
BTCUSDC_SHORT,RATIO_PNL_GATE_SOFT_MIN,0.5,OK,0.0,2.771,-2.771,0,0.0,0.0,
BTCUSDC_SHORT,RATIO_PNL_GATE_SOFT_MIN,0.0,OK,0.0,2.771,-2.771,0,0.0,0.0,
BTCUSDC_SHORT,RED_ZONE_AUGMENT_GATE_ENABLED,False,OK,0.0,2.771,-2.771,0,0.0,0.0,
BTCUSDC_SHORT,RED_ZONE_AUGMENT_GATE_ENABLED,True,OK,0.0,2.771,-2.771,0,0.0,0.0,
BTCUSDC_SHORT,RED_ZONE_FALLBACK_K15_HIGH,,OK,0.0,2.771,-2.771,0,0.0,0.0,
BTCUSDC_SHORT,RED_ZONE_FALLBACK_K15_LOW,,OK,0.0,2.771,-2.771,0,0.0,0.0,
BTCUSDC_SHORT,RED_ZONE_GATE_ENABLED,False,OK,0.0,2.771,-2.771,0,0.0,0.0,
BTCUSDC_SHORT,RED_ZONE_GATE_ENABLED,True,OK,0.0,2.771,-2.771,0,0.0,0.0,
BTCUSDC_SHORT,RED_ZONE_GATE_FALLBACK_ENABLED,False,OK,0.0,2.771,-2.771,0,0.0,0.0,
BTCUSDC_SHORT,RED_ZONE_GATE_FALLBACK_ENABLED,True,OK,0.0,2.771,-2.771,0,0.0,0.0,
BTCUSDC_SHORT,RED_ZONE_MIN_DISTANCE_PCT,,OK,0.0,2.771,-2.771,0,0.0,0.0,
BTCUSDC_SHORT,RED_ZONE_MIN_WALL_NOTIONAL_USD,,OK,0.0,2.771,-2.771,0,0.0,0.0,
BTCUSDC_SHORT,RED_ZONE_STALE_MAX_SEC,,OK,0.0,2.771,-2.771,0,0.0,0.0,
BTCUSDC_SHORT,SCALP_V3_BYPASS_HTF_DIRECTION_GATE,,OK,0.0,2.771,-2.771,0,0.0,0.0,
BTCUSDC_SHORT,VP_GATE_AUGMENT_GATE_ENABLED,False,OK,0.0,2.771,-2.771,0,0.0,0.0,
BTCUSDC_SHORT,VP_GATE_AUGMENT_GATE_ENABLED,True,OK,0.0,2.771,-2.771,0,0.0,0.0,
BTCUSDC_SHORT,VP_GATE_ENABLED,False,OK,0.0,2.771,-2.771,0,0.0,0.0,
BTCUSDC_SHORT,VP_GATE_ENABLED,True,OK,0.0,2.771,-2.771,0,0.0,0.0,
BTCUSDC_SHORT,VP_GATE_MIN_DENSITY_Z,0.0,OK,0.0,2.771,-2.771,0,0.0,0.0,
BTCUSDC_SHORT,VP_GATE_MIN_DENSITY_Z,2.0,OK,0.0,2.771,-2.771,0,0.0,0.0,
BTCUSDC_SHORT,VP_GATE_MIN_DISTANCE_PCT,0.0,OK,0.0,2.771,-2.771,0,0.0,0.0,
BTCUSDC_SHORT,VP_GATE_MIN_DISTANCE_PCT,1.0,OK,0.0,2.771,-2.771,0,0.0,0.0,
BTCUSDC_SHORT,VP_GATE_STALE_MAX_SEC,0.0,OK,0.0,2.771,-2.771,0,0.0,0.0,
BTCUSDC_SHORT,VP_GATE_STALE_MAX_SEC,7200.0,OK,0.0,2.771,-2.771,0,0.0,0.0,
BTCUSDC_SHORT,ATR_TRAIL_SWEEP_ENABLED,False,OK,0.0,2.771,-2.771,0,0.0,0.0,
BTCUSDC_SHORT,ATR_TRAIL_SWEEP_ENABLED,True,OK,0.0,2.771,-2.771,0,0.0,0.0,
BTCUSDC_SHORT,AUGMENT_AT_LOSS_ENABLED,False,OK,0.0,2.771,-2.771,0,0.0,0.0,
BTCUSDC_SHORT,AUGMENT_AT_LOSS_ENABLED,True,OK,0.0,2.771,-2.771,0,0.0,0.0,
BTCUSDC_SHORT,B10_STOCH_REV_LIVE_ENABLED,,OK,0.0,2.771,-2.771,0,0.0,0.0,
BTCUSDC_SHORT,BE_EROSION_ENABLED,,OK,0.0,2.771,-2.771,0,0.0,0.0,
BTCUSDC_SHORT,B_MAIN_ENTRY_GATE_ENABLED,False,OK,0.0,2.771,-2.771,0,0.0,0.0,
BTCUSDC_SHORT,B_MAIN_ENTRY_GATE_ENABLED,True,OK,0.0,2.771,-2.771,0,0.0,0.0,
BTCUSDC_SHORT,CHANNEL_REENTRY_STOP_ENABLED,False,OK,0.0,2.771,-2.771,0,0.0,0.0,
BTCUSDC_SHORT,CHANNEL_REENTRY_STOP_ENABLED,True,OK,0.0,2.771,-2.771,0,0.0,0.0,
BTCUSDC_SHORT,DYN_STRUCT_TRAIL_ENABLED,False,OK,0.0,2.771,-2.771,0,0.0,0.0,
BTCUSDC_SHORT,DYN_STRUCT_TRAIL_ENABLED,True,OK,0.0,2.771,-2.771,0,0.0,0.0,
BTCUSDC_SHORT,D_STRUCT_ENTRY_MULT_ENABLED,False,OK,0.0,2.771,-2.771,0,0.0,0.0,
BTCUSDC_SHORT,D_STRUCT_ENTRY_MULT_ENABLED,True,OK,0.0,2.771,-2.771,0,0.0,0.0,
BTCUSDC_SHORT,HAIKU_ENTRY_GATE_ENABLED,False,OK,0.0,2.771,-2.771,0,0.0,0.0,
BTCUSDC_SHORT,HAIKU_ENTRY_GATE_ENABLED,True,OK,0.0,2.771,-2.771,0,0.0,0.0,
BTCUSDC_SHORT,HYBRID_STRUCT_EXIT_ENABLED,False,OK,0.0,2.771,-2.771,0,0.0,0.0,
BTCUSDC_SHORT,HYBRID_STRUCT_EXIT_ENABLED,True,OK,0.0,2.771,-2.771,0,0.0,0.0,
BTCUSDC_SHORT,K1M_EXTREME_REVERSE_ENABLED,False,OK,0.0,2.771,-2.771,0,0.0,0.0,
BTCUSDC_SHORT,K1M_EXTREME_REVERSE_ENABLED,True,OK,0.0,2.771,-2.771,0,0.0,0.0,
BTCUSDC_SHORT,MANDATORY_PRICE_CROSS_EPQ_ENABLED,False,OK,0.0,2.771,-2.771,0,0.0,0.0,
BTCUSDC_SHORT,MANDATORY_PRICE_CROSS_EPQ_ENABLED,True,OK,0.0,2.771,-2.771,0,0.0,0.0,
BTCUSDC_SHORT,NEVER_GO_RED_STOP_ENABLED,,OK,0.0,2.771,-2.771,0,0.0,0.0,
BTCUSDC_SHORT,PARITY_REENTRY_NAMING_ENABLED,,OK,0.0,2.771,-2.771,0,0.0,0.0,
BTCUSDC_SHORT,RATIO_REBALANCE_ENABLED,,OK,0.0,2.771,-2.771,0,0.0,0.0,
BTCUSDC_SHORT,REENTRY_PROFIT_PULLBACK_ENABLED,False,OK,0.0,2.771,-2.771,0,0.0,0.0,
BTCUSDC_SHORT,REENTRY_PROFIT_PULLBACK_ENABLED,True,OK,0.0,2.771,-2.771,0,0.0,0.0,
BTCUSDC_SHORT,ROTATION_ANTONACCI_ABS_MOM_ENABLED,,OK,0.0,2.771,-2.771,0,0.0,0.0,
BTCUSDC_SHORT,SENTIMENT_FADE_PROXY_ENABLED,,OK,0.0,2.771,-2.771,0,0.0,0.0,
BTCUSDC_SHORT,STOCH_CROSS_ENTRY_ENABLED,False,OK,0.0,2.771,-2.771,0,0.0,0.0,
BTCUSDC_SHORT,STOCH_CROSS_ENTRY_ENABLED,True,OK,0.0,2.771,-2.771,0,0.0,0.0,
BTCUSDC_SHORT,TREND_REGIME_VETO_ENABLED,False,OK,0.0,2.771,-2.771,0,0.0,0.0,
BTCUSDC_SHORT,TREND_REGIME_VETO_ENABLED,True,OK,0.0,2.771,-2.771,0,0.0,0.0,
BTCUSDC_SHORT,TR_TREND_V1_SPY_REGIME_ENABLED,False,OK,0.0,2.771,-2.771,0,0.0,0.0,
BTCUSDC_SHORT,TR_TREND_V1_SPY_REGIME_ENABLED,True,OK,0.0,2.771,-2.771,0,0.0,0.0,
BTCUSDC_SHORT,UVE_LIVE_ENABLED,,OK,0.0,2.771,-2.771,0,0.0,0.0,
BTCUSDC_SHORT,VEC_EVENT_DRIVEN_LOOP_ENABLED,,OK,0.0,2.771,-2.771,0,0.0,0.0,
BTCUSDC_SHORT,VEC_WT_PRICE_BREAKOUT_REENTRY_ENABLED,False,OK,0.0,2.771,-2.771,0,0.0,0.0,
BTCUSDC_SHORT,VEC_WT_PRICE_BREAKOUT_REENTRY_ENABLED,True,OK,0.0,2.771,-2.771,0,0.0,0.0,
BTCUSDC_SHORT,WT_15M_BOUNCE_OPEN_ENABLED,False,OK,0.0,2.771,-2.771,0,0.0,0.0,
BTCUSDC_SHORT,WT_15M_BOUNCE_OPEN_ENABLED,True,OK,0.0,2.771,-2.771,0,0.0,0.0,
BTCUSDC_SHORT,WT_15M_CROSS_ENTRY_ENABLED,False,OK,0.0,2.771,-2.771,0,0.0,0.0,
BTCUSDC_SHORT,WT_15M_CROSS_ENTRY_ENABLED,True,OK,0.0,2.771,-2.771,0,0.0,0.0,
BTCUSDC_SHORT,WT_ACCEL_EXIT_ENABLED,False,OK,0.0,2.771,-2.771,0,0.0,0.0,
BTCUSDC_SHORT,WT_ACCEL_EXIT_ENABLED,True,OK,0.0,2.771,-2.771,0,0.0,0.0,
BTCUSDC_SHORT,WT_BOTTOM_CROSS_GATE_ENABLED,False,OK,0.0,2.771,-2.771,0,0.0,0.0,
BTCUSDC_SHORT,WT_BOTTOM_CROSS_GATE_ENABLED,True,OK,0.0,2.771,-2.771,0,0.0,0.0,
BTCUSDC_SHORT,WT_CROSSUNDER_REFINED_BYPASS_ENABLED,False,OK,0.0,2.771,-2.771,0,0.0,0.0,
BTCUSDC_SHORT,WT_CROSSUNDER_REFINED_BYPASS_ENABLED,True,OK,0.0,2.771,-2.771,0,0.0,0.0,
BTCUSDC_SHORT,WT_DIV_EXIT_ENABLED,False,OK,0.0,2.771,-2.771,0,0.0,0.0,
BTCUSDC_SHORT,WT_DIV_EXIT_ENABLED,True,OK,0.0,2.771,-2.771,0,0.0,0.0,
BTCUSDC_SHORT,WT_HTF_DISCOUNT_ENABLED,False,OK,0.0,2.771,-2.771,0,0.0,0.0,
BTCUSDC_SHORT,WT_HTF_DISCOUNT_ENABLED,True,OK,0.0,2.771,-2.771,0,0.0,0.0,
BTCUSDC_SHORT,WT_MOMENTUM_EXIT_ENABLED,False,OK,0.0,2.771,-2.771,0,0.0,0.0,
BTCUSDC_SHORT,WT_MOMENTUM_EXIT_ENABLED,True,OK,0.0,2.771,-2.771,0,0.0,0.0,
BTCUSDC_SHORT,ABLATION_DISABLE_SCALP_GUARD,,OK,0.0,2.771,-2.771,0,0.0,0.0,
BTCUSDC_SHORT,MU_CORRECTION_EXIT_ENABLED,False,OK,0.0,2.771,-2.771,0,0.0,0.0,
BTCUSDC_SHORT,MU_CORRECTION_EXIT_ENABLED,True,OK,0.0,2.771,-2.771,0,0.0,0.0,
BTCUSDC_SHORT,MU_CORRECTION_REENTRY_ENABLED,False,OK,0.0,2.771,-2.771,0,0.0,0.0,
BTCUSDC_SHORT,MU_CORRECTION_REENTRY_ENABLED,True,OK,0.0,2.771,-2.771,0,0.0,0.0,
BTCUSDC_SHORT,SERVICE_STOP,False,OK,0.0,2.771,-2.771,0,0.0,0.0,
BTCUSDC_SHORT,SERVICE_STOP,True,OK,0.0,2.771,-2.771,0,0.0,0.0,
BTCUSDC_SHORT,BAND_SLOPE_SIZING_V2_TF,D,OK,0.0,2.771,-2.771,0,0.0,0.0,
BTCUSDC_SHORT,BAND_SLOPE_SIZING_V2_TF,3m,OK,0.0,2.771,-2.771,0,0.0,0.0,
BTCUSDC_SHORT,BAND_SLOPE_SIZING_V2_TF,15m,OK,0.0,2.771,-2.771,0,0.0,0.0,
BTCUSDC_SHORT,BAND_SLOPE_SIZING_V2_TF,1h,OK,0.0,2.771,-2.771,0,0.0,0.0,
BTCUSDC_SHORT,BAND_SLOPE_SIZING_V2_TF,4h,OK,0.0,2.771,-2.771,0,0.0,0.0,
BTCUSDC_SHORT,CRASH_MULT_GRADIENT_ENABLED,,OK,0.0,2.771,-2.771,0,0.0,0.0,
BTCUSDC_SHORT,CRASH_MULT_GRADIENT_MAX,,OK,0.0,2.771,-2.771,0,0.0,0.0,
BTCUSDC_SHORT,RANKING_MULT_ENABLED,,OK,0.0,2.771,-2.771,0,0.0,0.0,
BTCUSDC_SHORT,RANKING_MULT_MAX,,OK,0.0,2.771,-2.771,0,0.0,0.0,
BTCUSDC_SHORT,RANKING_MULT_MIN,,OK,0.0,2.771,-2.771,0,0.0,0.0,
BTCUSDC_SHORT,R_Z2_BOT_MULT,,OK,0.0,2.771,-2.771,0,0.0,0.0,
BTCUSDC_SHORT,R_Z2_PCT_BOT_THR,,OK,0.0,2.771,-2.771,0,0.0,0.0,
BTCUSDC_SHORT,R_Z2_PCT_TOP_THR,,OK,0.0,2.771,-2.771,0,0.0,0.0,
BTCUSDC_SHORT,R_Z2_PERCENTILE_SCALER_ENABLED,,OK,0.0,2.771,-2.771,0,0.0,0.0,
BTCUSDC_SHORT,R_Z2_TOP_MULT,,OK,0.0,2.771,-2.771,0,0.0,0.0,
BTCUSDC_SHORT,R_Z3_T1_MULT,,OK,0.0,2.771,-2.771,0,0.0,0.0,
BTCUSDC_SHORT,R_Z3_T1_THR,,OK,0.0,2.771,-2.771,0,0.0,0.0,
BTCUSDC_SHORT,R_Z3_T2_MULT,,OK,0.0,2.771,-2.771,0,0.0,0.0,
BTCUSDC_SHORT,R_Z3_T2_THR,,OK,0.0,2.771,-2.771,0,0.0,0.0,
BTCUSDC_SHORT,R_Z3_T3_MULT,,OK,0.0,2.771,-2.771,0,0.0,0.0,
BTCUSDC_SHORT,R_Z3_T3_THR,,OK,0.0,2.771,-2.771,0,0.0,0.0,
BTCUSDC_SHORT,R_Z3_WT_COMPOSITE_SIZE_ENABLED,,OK,0.0,2.771,-2.771,0,0.0,0.0,
BTCUSDC_SHORT,R_Z5_DC_HTF_MIN,0.0,OK,0.0,2.771,-2.771,0,0.0,0.0,
BTCUSDC_SHORT,R_Z5_DC_HTF_MIN,0.6,OK,0.0,2.771,-2.771,0,0.0,0.0,
BTCUSDC_SHORT,R_Z5_DC_LTF_LOW_THR,,OK,0.0,2.771,-2.771,0,0.0,0.0,
BTCUSDC_SHORT,R_Z5_DC_PULLBACK_MULT,0.0,OK,0.0,2.771,-2.771,0,0.0,0.0,
BTCUSDC_SHORT,R_Z5_DC_PULLBACK_MULT,1.5,OK,0.0,2.771,-2.771,0,0.0,0.0,
BTCUSDC_SHORT,R_Z5_DC_PULLBACK_SIZING_ENABLED,False,OK,0.0,2.771,-2.771,0,0.0,0.0,
BTCUSDC_SHORT,R_Z5_DC_PULLBACK_SIZING_ENABLED,True,OK,0.0,2.771,-2.771,0,0.0,0.0,
BTCUSDC_SHORT,TF_HTF2,,OK,0.0,2.771,-2.771,0,0.0,0.0,
BTCUSDC_SHORT,ATR_ADAPTIVE_STOP_TF,1h,OK,0.0,2.771,-2.771,0,0.0,0.0,
BTCUSDC_SHORT,ATR_ADAPTIVE_STOP_TF,3m,OK,0.0,2.771,-2.771,0,0.0,0.0,
BTCUSDC_SHORT,ATR_ADAPTIVE_STOP_TF,15m,OK,0.0,2.771,-2.771,0,0.0,0.0,
BTCUSDC_SHORT,ATR_ADAPTIVE_STOP_TF,4h,OK,0.0,2.771,-2.771,0,0.0,0.0,
BTCUSDC_SHORT,ATR_ADAPTIVE_STOP_TF,D,OK,0.0,2.771,-2.771,0,0.0,0.0,
BTCUSDC_SHORT,FG_FEAR_THRESHOLD,0.0,OK,0.0,2.771,-2.771,0,0.0,0.0,
BTCUSDC_SHORT,FG_FEAR_THRESHOLD,25.0,OK,0.0,2.771,-2.771,0,0.0,0.0,
BTCUSDC_SHORT,FG_FEAR_THRESHOLD,37.0,OK,0.0,2.771,-2.771,0,0.0,0.0,
BTCUSDC_SHORT,FG_GREED_THRESHOLD,0.0,OK,0.0,2.771,-2.771,0,0.0,0.0,
BTCUSDC_SHORT,FG_GREED_THRESHOLD,75.0,OK,0.0,2.771,-2.771,0,0.0,0.0,
BTCUSDC_SHORT,FG_GREED_THRESHOLD,1.0,OK,0.0,2.771,-2.771,0,0.0,0.0,
BTCUSDC_SHORT,FG_SIZING_ENABLED,,OK,0.0,2.771,-2.771,0,0.0,0.0,
BTCUSDC_SHORT,SHORT_ABOVE_SMA20_BONUS,,OK,0.0,2.771,-2.771,0,0.0,0.0,
BTCUSDC_SHORT,SYMBOL_SIZE_MULTIPLIERS,,OK,0.0,2.771,-2.771,0,0.0,0.0,
BTCUSDC_SHORT,TF_FOCUS,,OK,0.0,2.771,-2.771,0,0.0,0.0,
BTCUSDC_SHORT,AUGMENTED_POSITIONS_GUARD_FLOOR_MULT,0.5,OK,0.0,2.771,-2.771,0,0.0,0.0,
BTCUSDC_SHORT,AUGMENTED_POSITIONS_GUARD_FLOOR_MULT,0.0,OK,0.0,2.771,-2.771,0,0.0,0.0,
BTCUSDC_SHORT,BLACKLIST_SYMBOLS,,OK,0.0,2.771,-2.771,0,0.0,0.0,
BTCUSDC_SHORT,DELTA_GATE_STRONG_BUY_QUICK_BYPASS,False,OK,0.0,2.771,-2.771,0,0.0,0.0,
BTCUSDC_SHORT,DELTA_GATE_STRONG_BUY_QUICK_BYPASS,True,OK,0.0,2.771,-2.771,0,0.0,0.0,
BTCUSDC_SHORT,FOOTHOLD_PILEON_ENABLED,,OK,0.0,2.771,-2.771,0,0.0,0.0,
BTCUSDC_SHORT,HTF_TREND_VETO_BYPASS_ENABLED,False,OK,0.0,2.771,-2.771,0,0.0,0.0,
BTCUSDC_SHORT,HTF_TREND_VETO_BYPASS_ENABLED,True,OK,0.0,2.771,-2.771,0,0.0,0.0,
BTCUSDC_SHORT,HTF_TREND_VETO_BYPASS_REASONS,False,OK,0.0,2.771,-2.771,0,0.0,0.0,
BTCUSDC_SHORT,HTF_TREND_VETO_BYPASS_REASONS,True,OK,0.0,2.771,-2.771,0,0.0,0.0,
BTCUSDC_SHORT,LS_RATIO_HARD_MAX,,OK,0.0,2.771,-2.771,0,0.0,0.0,
BTCUSDC_SHORT,LS_RATIO_HARD_MIN,,OK,0.0,2.771,-2.771,0,0.0,0.0,
BTCUSDC_SHORT,LS_RATIO_MAX,,OK,0.0,2.771,-2.771,0,0.0,0.0,
BTCUSDC_SHORT,LS_RATIO_MIN,,OK,0.0,2.771,-2.771,0,0.0,0.0,
BTCUSDC_SHORT,MANAGE_REDUCE,False,OK,0.0,2.771,-2.771,0,0.0,0.0,
BTCUSDC_SHORT,MANAGE_REDUCE,True,OK,0.0,2.771,-2.771,0,0.0,0.0,
BTCUSDC_SHORT,MAX_AUGMENTS_PER_POSITION,999999,OK,0.0,2.771,-2.771,0,0.0,0.0,
BTCUSDC_SHORT,MAX_AUGMENTS_PER_POSITION,1,OK,0.0,2.771,-2.771,0,0.0,0.0,
BTCUSDC_SHORT,MAX_AUGMENTS_PER_POSITION,3,OK,0.0,2.771,-2.771,0,0.0,0.0,
BTCUSDC_SHORT,MAX_AUGMENTS_PER_POSITION,4,OK,0.0,2.771,-2.771,0,0.0,0.0,
BTCUSDC_SHORT,DIRECTION_FAVORABLE_REENTRY_ENABLED,False,OK,0.0,2.771,-2.771,0,0.0,0.0,
BTCUSDC_SHORT,DIRECTION_FAVORABLE_REENTRY_ENABLED,True,OK,0.0,2.771,-2.771,0,0.0,0.0,
BTCUSDC_SHORT,LEGACY_DC_BREAKOUT_REENTRY,False,OK,0.0,2.771,-2.771,0,0.0,0.0,
BTCUSDC_SHORT,LEGACY_DC_BREAKOUT_REENTRY,True,OK,0.0,2.771,-2.771,0,0.0,0.0,
BTCUSDC_SHORT,LEGACY_DIRECTION_FAVORABLE,,OK,0.0,2.771,-2.771,0,0.0,0.0,
BTCUSDC_SHORT,LEGACY_PROC_SINGLE_REENTRY,False,OK,0.0,2.771,-2.771,0,0.0,0.0,
BTCUSDC_SHORT,LEGACY_PROC_SINGLE_REENTRY,True,OK,0.0,2.771,-2.771,0,0.0,0.0,
BTCUSDC_SHORT,LEGACY_REENTRY_PSR_DC_BOUNCE,False,OK,0.0,2.771,-2.771,0,0.0,0.0,
BTCUSDC_SHORT,LEGACY_REENTRY_PSR_DC_BOUNCE,True,OK,0.0,2.771,-2.771,0,0.0,0.0,
BTCUSDC_SHORT,LEGACY_REENTRY_PSR_K_DC_CROSSOVER,False,OK,0.0,2.771,-2.771,0,0.0,0.0,
BTCUSDC_SHORT,LEGACY_REENTRY_PSR_K_DC_CROSSOVER,True,OK,0.0,2.771,-2.771,0,0.0,0.0,
BTCUSDC_SHORT,PRICE_CROSSED_HTF_AGAINST_VETO_ENABLED,,OK,0.0,2.771,-2.771,0,0.0,0.0,
BTCUSDC_SHORT,QUICK_RECOVERY_WINDOW_MIN,,OK,0.0,2.771,-2.771,0,0.0,0.0,
BTCUSDC_SHORT,REENTRY2_DC_BREAK_ALLOW_15M,False,OK,0.0,2.771,-2.771,0,0.0,0.0,
BTCUSDC_SHORT,REENTRY2_DC_BREAK_ALLOW_15M,True,OK,0.0,2.771,-2.771,0,0.0,0.0,
BTCUSDC_SHORT,REENTRY2_DC_BREAK_FILTER_TF,3m,OK,0.0,2.771,-2.771,0,0.0,0.0,
BTCUSDC_SHORT,REENTRY2_DC_BREAK_FILTER_TF,15m,OK,0.0,2.771,-2.771,0,0.0,0.0,
BTCUSDC_SHORT,REENTRY2_DC_BREAK_FILTER_TF,1h,OK,0.0,2.771,-2.771,0,0.0,0.0,
BTCUSDC_SHORT,REENTRY2_DC_BREAK_FILTER_TF,4h,OK,0.0,2.771,-2.771,0,0.0,0.0,
BTCUSDC_SHORT,REENTRY2_DC_BREAK_FILTER_TF,D,OK,0.0,2.771,-2.771,0,0.0,0.0,
BTCUSDC_SHORT,REENTRY2_DC_BREAK_REQUIRE_K_FILTER,False,OK,0.0,2.771,-2.771,0,0.0,0.0,
BTCUSDC_SHORT,REENTRY2_DC_BREAK_REQUIRE_K_FILTER,True,OK,0.0,2.771,-2.771,0,0.0,0.0,
BTCUSDC_SHORT,REENTRY2_DC_BREAK_REQUIRE_WT_FILTER,False,OK,0.0,2.771,-2.771,0,0.0,0.0,
BTCUSDC_SHORT,REENTRY2_DC_BREAK_REQUIRE_WT_FILTER,True,OK,0.0,2.771,-2.771,0,0.0,0.0,
BTCUSDC_SHORT,REENTRY2_DIR_FAV_ENABLED,False,OK,0.0,2.771,-2.771,0,0.0,0.0,
BTCUSDC_SHORT,REENTRY2_DIR_FAV_ENABLED,True,OK,0.0,2.771,-2.771,0,0.0,0.0,
BTCUSDC_SHORT,REENTRY_POST_CONSOL_ATR_THRESHOLD,0.15,OK,0.0,2.771,-2.771,0,0.0,0.0,
BTCUSDC_SHORT,REENTRY_POST_CONSOL_ATR_THRESHOLD,0.0025,OK,0.0,2.771,-2.771,0,0.0,0.0,
BTCUSDC_SHORT,REENTRY_POST_CONSOL_ATR_THRESHOLD,0.00375,OK,0.0,2.771,-2.771,0,0.0,0.0,
BTCUSDC_SHORT,REENTRY_POST_CONSOL_ATR_THRESHOLD,0.00625,OK,0.0,2.771,-2.771,0,0.0,0.0,
BTCUSDC_SHORT,REENTRY_POST_CONSOL_ATR_THRESHOLD,0.0075,OK,0.0,2.771,-2.771,0,0.0,0.0,
BTCUSDC_SHORT,REENTRY_POST_CONSOL_ATR_THRESHOLD,0.01,OK,0.0,2.771,-2.771,0,0.0,0.0,
BTCUSDC_SHORT,REENTRY_POST_CONSOL_MULT,1.5,OK,0.0,2.771,-2.771,0,0.0,0.0,
BTCUSDC_SHORT,REENTRY_POST_CONSOL_MULT,0.75,OK,0.0,2.771,-2.771,0,0.0,0.0,
BTCUSDC_SHORT,REENTRY_POST_CONSOL_MULT,1.125,OK,0.0,2.771,-2.771,0,0.0,0.0,
BTCUSDC_SHORT,REENTRY_POST_CONSOL_MULT,1.875,OK,0.0,2.771,-2.771,0,0.0,0.0,
BTCUSDC_SHORT,REENTRY_POST_CONSOL_MULT,2.25,OK,0.0,2.771,-2.771,0,0.0,0.0,
BTCUSDC_SHORT,REENTRY_POST_CONSOL_MULT,3.0,OK,0.0,2.771,-2.771,0,0.0,0.0,
BTCUSDC_SHORT,REENTRY_POST_CONSOL_TFS_REQUIRED,2,OK,0.0,2.771,-2.771,0,0.0,0.0,
BTCUSDC_SHORT,REENTRY_POST_CONSOL_TFS_REQUIRED,1,OK,0.0,2.771,-2.771,0,0.0,0.0,
BTCUSDC_SHORT,REENTRY_POST_CONSOL_TFS_REQUIRED,3,OK,0.0,2.771,-2.771,0,0.0,0.0,
BTCUSDC_SHORT,REENTRY_POST_CONSOL_TFS_REQUIRED,4,OK,0.0,2.771,-2.771,0,0.0,0.0,
BTCUSDC_SHORT,REENTRY_PRICE_IMPROVE_PCT,0.08,OK,0.0,2.771,-2.771,0,0.0,0.0,
BTCUSDC_SHORT,REENTRY_PRICE_IMPROVE_PCT,0.0,OK,0.0,2.771,-2.771,0,0.0,0.0,
BTCUSDC_SHORT,REENTRY_SIZE_BREAKOUT_MULT,1.5,OK,0.0,2.771,-2.771,0,0.0,0.0,
BTCUSDC_SHORT,REENTRY_SIZE_BREAKOUT_MULT,0.75,OK,0.0,2.771,-2.771,0,0.0,0.0,
BTCUSDC_SHORT,REENTRY_SIZE_BREAKOUT_MULT,2.25,OK,0.0,2.771,-2.771,0,0.0,0.0,
BTCUSDC_SHORT,REENTRY_SIZE_DIP_MULT,2.0,OK,0.0,2.771,-2.771,0,0.0,0.0,
BTCUSDC_SHORT,REENTRY_SIZE_DIP_MULT,1.0,OK,0.0,2.771,-2.771,0,0.0,0.0,
BTCUSDC_SHORT,REENTRY_SIZE_EXTENDED_K1H,90.0,OK,0.0,2.771,-2.771,0,0.0,0.0,
BTCUSDC_SHORT,REENTRY_SIZE_EXTENDED_K1H,135.0,OK,0.0,2.771,-2.771,0,0.0,0.0,
BTCUSDC_SHORT,REENTRY_SIZE_EXTENDED_MULT,1.0,OK,0.0,2.771,-2.771,0,0.0,0.0,
BTCUSDC_SHORT,REENTRY_SIZE_EXTENDED_MULT,1.5,OK,0.0,2.771,-2.771,0,0.0,0.0,
BTCUSDC_SHORT,REENTRY_B16_SIZE_MULT_STRONG,3.0,OK,0.0,2.771,-2.771,0,0.0,0.0,
BTCUSDC_SHORT,REENTRY_B16_SIZE_MULT_STRONG,0.0,OK,0.0,2.771,-2.771,0,0.0,0.0,
BTCUSDC_SHORT,REENTRY_B16_SIZE_MULT_WEAK,1.5,OK,0.0,2.771,-2.771,0,0.0,0.0,
BTCUSDC_SHORT,REENTRY_B16_SIZE_MULT_WEAK,0.0,OK,0.0,2.771,-2.771,0,0.0,0.0,
BTCUSDC_SHORT,REENTRY_B16_SMA200_PROX_PCT,0.005,OK,0.0,2.771,-2.771,0,0.0,0.0,
BTCUSDC_SHORT,REENTRY_B16_SMA200_PROX_PCT,0.0,OK,0.0,2.771,-2.771,0,0.0,0.0,
BTCUSDC_SHORT,REENTRY_B16_SMA200_PULLBACK_ENABLED,False,OK,0.0,2.771,-2.771,0,0.0,0.0,
BTCUSDC_SHORT,REENTRY_B16_SMA200_PULLBACK_ENABLED,True,OK,0.0,2.771,-2.771,0,0.0,0.0,
BTCUSDC_SHORT,RE_2_PCT_OB,,OK,0.0,2.771,-2.771,0,0.0,0.0,
BTCUSDC_SHORT,RE_2_PCT_OS,,OK,0.0,2.771,-2.771,0,0.0,0.0,
BTCUSDC_SHORT,RE_2_USE_PERCENTILE_ENABLED,,OK,0.0,2.771,-2.771,0,0.0,0.0,
BTCUSDC_SHORT,RE_3_B12_RISING_BONUS_ENABLED,,OK,0.0,2.771,-2.771,0,0.0,0.0,
BTCUSDC_SHORT,RE_3_CONVICTION_BONUS,,OK,0.0,2.771,-2.771,0,0.0,0.0,
BTCUSDC_SHORT,RE_3_RISING_COUNT_THR,,OK,0.0,2.771,-2.771,0,0.0,0.0,
BTCUSDC_SHORT,RE_4_B14_HA_STREAK_CONV_ENABLED,,OK,0.0,2.771,-2.771,0,0.0,0.0,
BTCUSDC_SHORT,RE_4_HA_STREAK_CAP,,OK,0.0,2.771,-2.771,0,0.0,0.0,
BTCUSDC_SHORT,RE_4_HA_STREAK_WEIGHT,,OK,0.0,2.771,-2.771,0,0.0,0.0,
BTCUSDC_SHORT,RE_5_B04_COMPRESSION_BONUS_ENABLED,,OK,0.0,2.771,-2.771,0,0.0,0.0,
BTCUSDC_SHORT,RE_5_COMPRESSION_BONUS,,OK,0.0,2.771,-2.771,0,0.0,0.0,
BTCUSDC_SHORT,RE_5_INSIDE_COUNT_THR,,OK,0.0,2.771,-2.771,0,0.0,0.0,
BTCUSDC_SHORT,RE_6_MIN_EXPANDING_TFS,,OK,0.0,2.771,-2.771,0,0.0,0.0,
BTCUSDC_SHORT,RE_6_WAVE_PHASE_GATE_ENABLED,False,OK,0.0,2.771,-2.771,0,0.0,0.0,
BTCUSDC_SHORT,RE_6_WAVE_PHASE_GATE_ENABLED,True,OK,0.0,2.771,-2.771,0,0.0,0.0,
BTCUSDC_SHORT,DELTA_ENTRY_MIN_TF,,OK,0.0,2.771,-2.771,0,0.0,0.0,
BTCUSDC_SHORT,DELTA_ENTRY_MIN_TF,3m,OK,0.0,2.771,-2.771,0,0.0,0.0,
BTCUSDC_SHORT,DELTA_ENTRY_MIN_TF,15m,OK,0.0,2.771,-2.771,0,0.0,0.0,
BTCUSDC_SHORT,DELTA_ENTRY_MIN_TF,1h,OK,0.0,2.771,-2.771,0,0.0,0.0,
BTCUSDC_SHORT,DELTA_ENTRY_MIN_TF,4h,OK,0.0,2.771,-2.771,0,0.0,0.0,
BTCUSDC_SHORT,DELTA_ENTRY_MIN_TF,D,OK,0.0,2.771,-2.771,0,0.0,0.0,
BTCUSDC_SHORT,DELTA_EXIT_DOM_TF_ENABLED,False,OK,0.0,2.771,-2.771,0,0.0,0.0,
BTCUSDC_SHORT,DELTA_EXIT_DOM_TF_ENABLED,True,OK,0.0,2.771,-2.771,0,0.0,0.0,
BTCUSDC_SHORT,DELTA_TF_WEIGHTS,,OK,0.0,2.771,-2.771,0,0.0,0.0,
BTCUSDC_SHORT,RZ_BASELINE_BOUNCE_SHORT_ENABLED,False,OK,0.0,2.771,-2.771,0,0.0,0.0,
BTCUSDC_SHORT,RZ_BASELINE_BOUNCE_SHORT_ENABLED,True,OK,0.0,2.771,-2.771,0,0.0,0.0,
BTCUSDC_SHORT,RZ_LEGS_MIN,,OK,0.0,2.771,-2.771,0,0.0,0.0,
BTCUSDC_SHORT,LEGACY_REENTRY_PSR_FULL_DC,False,OK,0.0,2.771,-2.771,0,0.0,0.0,
BTCUSDC_SHORT,LEGACY_REENTRY_PSR_FULL_DC,True,OK,0.0,2.771,-2.771,0,0.0,0.0,
BTCUSDC_SHORT,LEGACY_REENTRY_PSR_QUICK_RECOVERY,False,OK,0.0,2.771,-2.771,0,0.0,0.0,
BTCUSDC_SHORT,LEGACY_REENTRY_PSR_QUICK_RECOVERY,True,OK,0.0,2.771,-2.771,0,0.0,0.0,
BTCUSDC_SHORT,FORCE_OPEN_REQUIRE_MTF_GR,,OK,0.0,2.771,-2.771,0,0.0,0.0,
BTCUSDC_SHORT,MOMENTUM_SMA_WATCHDOG_COOLDOWN_S,,OK,0.0,2.771,-2.771,0,0.0,0.0,
BTCUSDC_SHORT,MOMENTUM_SMA_WATCHDOG_ENABLED,False,OK,0.0,2.771,-2.771,0,0.0,0.0,
BTCUSDC_SHORT,MOMENTUM_SMA_WATCHDOG_ENABLED,True,OK,0.0,2.771,-2.771,0,0.0,0.0,
BTCUSDC_SHORT,MOMENTUM_SMA_WATCHDOG_INTERVAL_S,,OK,0.0,2.771,-2.771,0,0.0,0.0,
BTCUSDC_SHORT,MOMENTUM_SMA_WATCHDOG_PCT,,OK,0.0,2.771,-2.771,0,0.0,0.0,
BTCUSDC_SHORT,MOMENTUM_SMA_WATCHDOG_WT_CAP,,OK,0.0,2.771,-2.771,0,0.0,0.0,
BTCUSDC_SHORT,OBLIGATORY_OPEN_USD,False,OK,0.0,2.771,-2.771,0,0.0,0.0,
BTCUSDC_SHORT,OBLIGATORY_OPEN_USD,True,OK,0.0,2.771,-2.771,0,0.0,0.0,
BTCUSDC_SHORT,OBLIGATORY_SMA200_PCT,,OK,0.0,2.771,-2.771,0,0.0,0.0,
BTCUSDC_SHORT,OBLIGATORY_SMA200_WT3M_ENABLED,,OK,0.0,2.771,-2.771,0,0.0,0.0,
BTCUSDC_SHORT,WATCHDOG_DC_BASE_USD,,OK,0.0,2.771,-2.771,0,0.0,0.0,
BTCUSDC_SHORT,WATCHDOG_DC_FORCE_OPEN_ENABLED,,OK,0.0,2.771,-2.771,0,0.0,0.0,
BTCUSDC_SHORT,WATCHDOG_DC_MAX_USD,,OK,0.0,2.771,-2.771,0,0.0,0.0,
BTCUSDC_SHORT,WATCHDOG_DC_MULT_15M,,OK,0.0,2.771,-2.771,0,0.0,0.0,
BTCUSDC_SHORT,WATCHDOG_DC_MULT_1H,,OK,0.0,2.771,-2.771,0,0.0,0.0,
BTCUSDC_SHORT,WATCHDOG_DC_MULT_4H,,OK,0.0,2.771,-2.771,0,0.0,0.0,
BTCUSDC_SHORT,WATCHDOG_DC_MULT_D,,OK,0.0,2.771,-2.771,0,0.0,0.0,
BTCUSDC_SHORT,WATCHDOG_DC_TFS,,OK,0.0,2.771,-2.771,0,0.0,0.0,
BTCUSDC_SHORT,WATCHDOG_WT3M_ESCALATE_ENABLED,,OK,0.0,2.771,-2.771,0,0.0,0.0,
BTCUSDC_SHORT,WATCHDOG_WT3M_ESCALATE_LADDER,,OK,0.0,2.771,-2.771,0,0.0,0.0,
BTCUSDC_SHORT,WATCHDOG_WT3M_ESCALATE_MAX_USD,,OK,0.0,2.771,-2.771,0,0.0,0.0,
BTCUSDC_SHORT,DATA_DIR,,OK,0.0,2.771,-2.771,0,0.0,0.0,
BTCUSDC_SHORT,DELTA_ACCEL_LOOKBACK,,OK,0.0,2.771,-2.771,0,0.0,0.0,
BTCUSDC_SHORT,DELTA_EXIT_TF,,OK,0.0,2.771,-2.771,0,0.0,0.0,
BTCUSDC_SHORT,DELTA_EXIT_TF,3m,OK,0.0,2.771,-2.771,0,0.0,0.0,
BTCUSDC_SHORT,DELTA_EXIT_TF,15m,OK,0.0,2.771,-2.771,0,0.0,0.0,
BTCUSDC_SHORT,DELTA_EXIT_TF,1h,OK,0.0,2.771,-2.771,0,0.0,0.0,
BTCUSDC_SHORT,DELTA_EXIT_TF,4h,OK,0.0,2.771,-2.771,0,0.0,0.0,
BTCUSDC_SHORT,DELTA_EXIT_TF,D,OK,0.0,2.771,-2.771,0,0.0,0.0,
BTCUSDC_SHORT,DELTA_HTF_GATE,False,OK,0.0,2.771,-2.771,0,0.0,0.0,
BTCUSDC_SHORT,DELTA_HTF_GATE,True,OK,0.0,2.771,-2.771,0,0.0,0.0,
BTCUSDC_SHORT,DELTA_SPEED_SMOOTH,,OK,0.0,2.771,-2.771,0,0.0,0.0,
BTCUSDC_SHORT,EZ_MANAGE_MAKER_SEMAPHORE,,OK,0.0,2.771,-2.771,0,0.0,0.0,
BTCUSDC_SHORT,EZ_MANAGE_WS_SEMAPHORE,,OK,0.0,2.771,-2.771,0,0.0,0.0,
BTCUSDC_SHORT,FORCE_REFRESH_SECONDS,,OK,0.0,2.771,-2.771,0,0.0,0.0,
BTCUSDC_SHORT,MARK_PRICE_MAX_STALENESS,,OK,0.0,2.771,-2.771,0,0.0,0.0,
BTCUSDC_SHORT,DELTA_PYRAMID_MAX,8,OK,0.0,2.771,-2.771,0,0.0,0.0,
BTCUSDC_SHORT,DELTA_PYRAMID_MAX,1,OK,0.0,2.771,-2.771,0,0.0,0.0,
BTCUSDC_SHORT,DELTA_PYRAMID_PRICE_TOL,0.02,OK,0.0,2.771,-2.771,0,0.0,0.0,
BTCUSDC_SHORT,DELTA_PYRAMID_PRICE_TOL,0.01,OK,0.0,2.771,-2.771,0,0.0,0.0,
BTCUSDC_SHORT,DELTA_PYRAMID_QTY_MULT,0.0,OK,0.0,2.771,-2.771,0,0.0,0.0,
BTCUSDC_SHORT,DELTA_PYRAMID_QTY_MULT,1.5,OK,0.0,2.771,-2.771,0,0.0,0.0,
BTCUSDC_SHORT,DELTA_PYRAMID_QTY_MULT,2.25,OK,0.0,2.771,-2.771,0,0.0,0.0,
BTCUSDC_SHORT,DELTA_Z_WINDOW,,OK,0.0,2.771,-2.771,0,0.0,0.0,
BTCUSDC_SHORT,NEW_POSITION_MAX_LOSS_THRESHOLD,-0.7,OK,0.0,2.771,-2.771,0,0.0,0.0,
BTCUSDC_SHORT,NEW_POSITION_MAX_LOSS_THRESHOLD,0.0,OK,0.0,2.771,-2.771,0,0.0,0.0,
BTCUSDC_SHORT,WT_3M_FORCE_OPEN_GR_GATE_ENABLED,False,OK,0.0,2.771,-2.771,0,0.0,0.0,
BTCUSDC_SHORT,WT_3M_FORCE_OPEN_GR_GATE_ENABLED,True,OK,0.0,2.771,-2.771,0,0.0,0.0,
BTCUSDC_SHORT,WT_3M_FORCE_OPEN_GR_MIN_IND_PER_TF,,OK,0.0,2.771,-2.771,0,0.0,0.0,
BTCUSDC_SHORT,WT_3M_FORCE_OPEN_GR_MIN_IND_PER_TF,3m,OK,0.0,2.771,-2.771,0,0.0,0.0,
BTCUSDC_SHORT,WT_3M_FORCE_OPEN_GR_MIN_IND_PER_TF,15m,OK,0.0,2.771,-2.771,0,0.0,0.0,
BTCUSDC_SHORT,WT_3M_FORCE_OPEN_GR_MIN_IND_PER_TF,1h,OK,0.0,2.771,-2.771,0,0.0,0.0,
BTCUSDC_SHORT,WT_3M_FORCE_OPEN_GR_MIN_IND_PER_TF,4h,OK,0.0,2.771,-2.771,0,0.0,0.0,
BTCUSDC_SHORT,WT_3M_FORCE_OPEN_GR_MIN_IND_PER_TF,D,OK,0.0,2.771,-2.771,0,0.0,0.0,
BTCUSDC_SHORT,WT_3M_FORCE_OPEN_GR_MIN_TFS,0.0,OK,0.0,2.771,-2.771,0,0.0,0.0,
BTCUSDC_SHORT,WT_3M_FORCE_OPEN_GR_MIN_TFS,4.0,OK,0.0,2.771,-2.771,0,0.0,0.0,
BTCUSDC_SHORT,WT_3M_FORCE_OPEN_GR_VOTE_MIN,0.0,OK,0.0,2.771,-2.771,0,0.0,0.0,
BTCUSDC_SHORT,WT_3M_FORCE_OPEN_GR_VOTE_MIN,20.0,OK,0.0,2.771,-2.771,0,0.0,0.0,
BTCUSDC_SHORT,WT_3M_FORCE_OPEN_REQUIRE_HH_CROSS,False,OK,0.0,2.771,-2.771,0,0.0,0.0,
BTCUSDC_SHORT,WT_3M_FORCE_OPEN_REQUIRE_HH_CROSS,True,OK,0.0,2.771,-2.771,0,0.0,0.0,
BTCUSDC_SHORT,WT_3M_FORCE_OPEN_SMA_PCT,0.0,OK,0.0,2.771,-2.771,0,0.0,0.0,
BTCUSDC_SHORT,WT_3M_FORCE_OPEN_SMA_PCT,1.0,OK,0.0,2.771,-2.771,0,0.0,0.0,
BTCUSDC_SHORT,COMMISSION_BUFFER_PCT,,OK,0.0,2.771,-2.771,0,0.0,0.0,
BTCUSDC_SHORT,COUNTER_TREND_CRYPTO,,OK,0.0,2.771,-2.771,0,0.0,0.0,
BTCUSDC_SHORT,HTF_GATE_D_MANDATORY,False,OK,0.0,2.771,-2.771,0,0.0,0.0,
BTCUSDC_SHORT,HTF_GATE_D_MANDATORY,True,OK,0.0,2.771,-2.771,0,0.0,0.0,
BTCUSDC_SHORT,HTF_GATE_SIGNALS_SMA200D,False,OK,0.0,2.771,-2.771,0,0.0,0.0,
BTCUSDC_SHORT,HTF_GATE_SIGNALS_SMA200D,True,OK,0.0,2.771,-2.771,0,0.0,0.0,
BTCUSDC_SHORT,RATIO_CLOSE_LOSING_OVERWEIGHT,,OK,0.0,2.771,-2.771,0,0.0,0.0,
BTCUSDC_SHORT,RATIO_PNL_WEIGHT_ENABLED,,OK,0.0,2.771,-2.771,0,0.0,0.0,
BTCUSDC_SHORT,RATIO_REBALANCE_APPLY_HTF_GATE,,OK,0.0,2.771,-2.771,0,0.0,0.0,
BTCUSDC_SHORT,RATIO_REBALANCE_CLOSE_OVERWEIGHT_ONLY,,OK,0.0,2.771,-2.771,0,0.0,0.0,
BTCUSDC_SHORT,STALL_AGE_MIN_MIN,,OK,0.0,2.771,-2.771,0,0.0,0.0,
BTCUSDC_SHORT,STALL_DELTA_SPEED_MAX,,OK,0.0,2.771,-2.771,0,0.0,0.0,
BTCUSDC_SHORT,STALL_GAIN_ABS_MAX,,OK,0.0,2.771,-2.771,0,0.0,0.0,
BTCUSDC_SHORT,STALL_MAX_CLOSES_PER_CYCLE,,OK,0.0,2.771,-2.771,0,0.0,0.0,
BTCUSDC_SHORT,ENTRY_PRIMARY_TF,4h,OK,0.0,2.771,-2.771,0,0.0,0.0,
BTCUSDC_SHORT,ENTRY_PRIMARY_TF,3m,OK,0.0,2.771,-2.771,0,0.0,0.0,
BTCUSDC_SHORT,ENTRY_PRIMARY_TF,15m,OK,0.0,2.771,-2.771,0,0.0,0.0,
BTCUSDC_SHORT,ENTRY_PRIMARY_TF,1h,OK,0.0,2.771,-2.771,0,0.0,0.0,
BTCUSDC_SHORT,ENTRY_PRIMARY_TF,D,OK,0.0,2.771,-2.771,0,0.0,0.0,
BTCUSDC_SHORT,ENTRY_TRIGGER_TF,15m,OK,0.0,2.771,-2.771,0,0.0,0.0,
BTCUSDC_SHORT,ENTRY_TRIGGER_TF,3m,OK,0.0,2.771,-2.771,0,0.0,0.0,
BTCUSDC_SHORT,ENTRY_TRIGGER_TF,1h,OK,0.0,2.771,-2.771,0,0.0,0.0,
BTCUSDC_SHORT,ENTRY_TRIGGER_TF,4h,OK,0.0,2.771,-2.771,0,0.0,0.0,
BTCUSDC_SHORT,ENTRY_TRIGGER_TF,D,OK,0.0,2.771,-2.771,0,0.0,0.0,
BTCUSDC_SHORT,MOMENTUM_FADE_SCORE_BONUS_TRADIER,5,OK,0.0,2.771,-2.771,0,0.0,0.0,
BTCUSDC_SHORT,MOMENTUM_FADE_SCORE_BONUS_TRADIER,2,OK,0.0,2.771,-2.771,0,0.0,0.0,
BTCUSDC_SHORT,TRADIER_K_ZONE_ENTRY_BONUS_TRADIER,25,OK,0.0,2.771,-2.771,0,0.0,0.0,
BTCUSDC_SHORT,TRADIER_K_ZONE_ENTRY_BONUS_TRADIER,1,OK,0.0,2.771,-2.771,0,0.0,0.0,
BTCUSDC_SHORT,TRADIER_K_ZONE_ENTRY_BONUS_TRADIER,3,OK,0.0,2.771,-2.771,0,0.0,0.0,
BTCUSDC_SHORT,TRADIER_K_ZONE_ENTRY_BONUS_TRADIER,4,OK,0.0,2.771,-2.771,0,0.0,0.0,
BTCUSDC_SHORT,WT_COMPOSITE_SCORING_ENABLED,False,OK,0.0,2.771,-2.771,0,0.0,0.0,
BTCUSDC_SHORT,WT_COMPOSITE_SCORING_ENABLED,True,OK,0.0,2.771,-2.771,0,0.0,0.0,
BTCUSDC_SHORT,GUARANTEED_REENTRY_DELTA_GATE_ENABLED,False,OK,0.0,2.771,-2.771,0,0.0,0.0,
BTCUSDC_SHORT,GUARANTEED_REENTRY_DELTA_GATE_ENABLED,True,OK,0.0,2.771,-2.771,0,0.0,0.0,
BTCUSDC_SHORT,GUARANTEED_REENTRY_K_FAVORABLE_HIGH,70.0,OK,0.0,2.771,-2.771,0,0.0,0.0,
BTCUSDC_SHORT,GUARANTEED_REENTRY_K_FAVORABLE_HIGH,0.0,OK,0.0,2.771,-2.771,0,0.0,0.0,
BTCUSDC_SHORT,GUARANTEED_REENTRY_K_FAVORABLE_LOW,30.0,OK,0.0,2.771,-2.771,0,0.0,0.0,
BTCUSDC_SHORT,GUARANTEED_REENTRY_K_FAVORABLE_LOW,0.0,OK,0.0,2.771,-2.771,0,0.0,0.0,
BTCUSDC_SHORT,GUARANTEED_REENTRY_K_HIGH_BLOCK,80.0,OK,0.0,2.771,-2.771,0,0.0,0.0,
BTCUSDC_SHORT,GUARANTEED_REENTRY_K_HIGH_BLOCK,0.0,OK,0.0,2.771,-2.771,0,0.0,0.0,
BTCUSDC_SHORT,GUARANTEED_REENTRY_K_LOW_BLOCK,20.0,OK,0.0,2.771,-2.771,0,0.0,0.0,
BTCUSDC_SHORT,GUARANTEED_REENTRY_K_LOW_BLOCK,0.0,OK,0.0,2.771,-2.771,0,0.0,0.0,
BTCUSDC_SHORT,GUARANTEED_REENTRY_STRICT_CONFIRMATION,False,OK,0.0,2.771,-2.771,0,0.0,0.0,
BTCUSDC_SHORT,GUARANTEED_REENTRY_STRICT_CONFIRMATION,True,OK,0.0,2.771,-2.771,0,0.0,0.0,
BTCUSDC_SHORT,REENTRY_FAVORABLE_HTF_MIN,0.0,OK,0.0,2.771,-2.771,0,0.0,0.0,
BTCUSDC_SHORT,REENTRY_FAVORABLE_HTF_MIN,2.0,OK,0.0,2.771,-2.771,0,0.0,0.0,
BTCUSDC_SHORT,REENTRY_FAVORABLE_HTF_MIN,1.0,OK,0.0,2.771,-2.771,0,0.0,0.0,
BTCUSDC_SHORT,REENTRY_FAVORABLE_QTY_MULT,0.0,OK,0.0,2.771,-2.771,0,0.0,0.0,
BTCUSDC_SHORT,REENTRY_FAVORABLE_QTY_MULT,1.0,OK,0.0,2.771,-2.771,0,0.0,0.0,
BTCUSDC_SHORT,REENTRY_FAVORABLE_QTY_MULT,0.5,OK,0.0,2.771,-2.771,0,0.0,0.0,
BTCUSDC_SHORT,LR_BAND_ENTRY_SIDES,L,OK,0.0,2.771,-2.771,0,0.0,0.0,
BTCUSDC_SHORT,LR_BAND_ENTRY_TF,D,OK,0.0,2.771,-2.771,0,0.0,0.0,
BTCUSDC_SHORT,LR_BAND_ENTRY_TF,3m,OK,0.0,2.771,-2.771,0,0.0,0.0,
BTCUSDC_SHORT,LR_BAND_ENTRY_TF,15m,OK,0.0,2.771,-2.771,0,0.0,0.0,
BTCUSDC_SHORT,LR_BAND_ENTRY_TF,1h,OK,0.0,2.771,-2.771,0,0.0,0.0,
BTCUSDC_SHORT,LR_BAND_ENTRY_TF,4h,OK,0.0,2.771,-2.771,0,0.0,0.0,
BTCUSDC_SHORT,RZ_BREAKOUT_BAND,0.05,OK,0.0,2.771,-2.771,0,0.0,0.0,
BTCUSDC_SHORT,RZ_BREAKOUT_BAND,0.0,OK,0.0,2.771,-2.771,0,0.0,0.0,
BTCUSDC_SHORT,SCALP_V3_HTF_TREND_VEL_GATE,,OK,0.0,2.771,-2.771,0,0.0,0.0,
BTCUSDC_SHORT,SCALP_V3_OB_DIV_CONFLICT_MAX_NET,,OK,0.0,2.771,-2.771,0,0.0,0.0,
BTCUSDC_SHORT,SCALP_V3_OB_FLOW_AGREE_ENABLED,,OK,0.0,2.771,-2.771,0,0.0,0.0,
BTCUSDC_SHORT,SCALP_V3_OB_FLOW_AGREE_MODE,,OK,0.0,2.771,-2.771,0,0.0,0.0,
BTCUSDC_SHORT,SCALP_V3_OB_FLOW_K_AGREE,,OK,0.0,2.771,-2.771,0,0.0,0.0,
BTCUSDC_SHORT,SCALP_V3_OB_FLOW_OFI_MIN_ABS,,OK,0.0,2.771,-2.771,0,0.0,0.0,
BTCUSDC_SHORT,SCALP_V3_OB_FLOW_VEL_1M_MIN,,OK,0.0,2.771,-2.771,0,0.0,0.0,
BTCUSDC_SHORT,SCALP_V3_OB_FLOW_VEL_3M_MIN,,OK,0.0,2.771,-2.771,0,0.0,0.0,
BTCUSDC_SHORT,SCALP_V3_OB_MIN_DIFF,,OK,0.0,2.771,-2.771,0,0.0,0.0,
BTCUSDC_SHORT,SCALP_V3_REQUIRE_SR_ON_ENTRY,,OK,0.0,2.771,-2.771,0,0.0,0.0,
BTCUSDC_SHORT,SCALP_V3_SCAN_BYPASS_GATES,,OK,0.0,2.771,-2.771,0,0.0,0.0,
BTCUSDC_SHORT,SCALP_V3_SIDE_MODE,BOTH,OK,0.0,2.771,-2.771,0,0.0,0.0,
BTCUSDC_SHORT,LEGACY_GUARANTEED_REENTRY,False,OK,0.0,2.771,-2.771,0,0.0,0.0,
BTCUSDC_SHORT,LEGACY_GUARANTEED_REENTRY,True,OK,0.0,2.771,-2.771,0,0.0,0.0,
BTCUSDC_SHORT,EXTREME_OB_OS_OVERRIDE_ENABLED,False,OK,0.0,2.771,-2.771,0,0.0,0.0,
BTCUSDC_SHORT,EXTREME_OB_OS_OVERRIDE_ENABLED,True,OK,0.0,2.771,-2.771,0,0.0,0.0,
BTCUSDC_SHORT,EZ_REENTRY_INLINE_ENABLED,False,OK,0.0,2.771,-2.771,0,0.0,0.0,
BTCUSDC_SHORT,EZ_REENTRY_INLINE_ENABLED,True,OK,0.0,2.771,-2.771,0,0.0,0.0,
BTCUSDC_SHORT,EZ_REENTRY_INLINE_LOOP_ENFORCE_ENABLED,False,OK,0.0,2.771,-2.771,0,0.0,0.0,
BTCUSDC_SHORT,EZ_REENTRY_INLINE_LOOP_ENFORCE_ENABLED,True,OK,0.0,2.771,-2.771,0,0.0,0.0,
BTCUSDC_SHORT,EZ_REENTRY_INLINE_LOOP_PERIODIC_ENABLED,False,OK,0.0,2.771,-2.771,0,0.0,0.0,
BTCUSDC_SHORT,EZ_REENTRY_INLINE_LOOP_PERIODIC_ENABLED,True,OK,0.0,2.771,-2.771,0,0.0,0.0,
BTCUSDC_SHORT,EZ_REENTRY_INLINE_LOOP_PRICE_MONITOR_ENABLED,False,OK,0.0,2.771,-2.771,0,0.0,0.0,
BTCUSDC_SHORT,EZ_REENTRY_INLINE_LOOP_PRICE_MONITOR_ENABLED,True,OK,0.0,2.771,-2.771,0,0.0,0.0,
BTCUSDC_SHORT,EZ_REENTRY_QUEUE_CONSUMER_ENABLED,,OK,0.0,2.771,-2.771,0,0.0,0.0,
BTCUSDC_SHORT,MAX_CONCURRENT_ORDERS,,OK,0.0,2.771,-2.771,0,0.0,0.0,
BTCUSDC_SHORT,STDEV_BREAKOUT_HTF_LIST,,OK,0.0,2.771,-2.771,0,0.0,0.0,
BTCUSDC_SHORT,STDEV_BREAKOUT_MAX_RETESTS,0.0,OK,0.0,2.771,-2.771,0,0.0,0.0,
BTCUSDC_SHORT,STDEV_BREAKOUT_MAX_RETESTS,3.0,OK,0.0,2.771,-2.771,0,0.0,0.0,
BTCUSDC_SHORT,STDEV_BREAKOUT_MAX_RETESTS,1.0,OK,0.0,2.771,-2.771,0,0.0,0.0,
BTCUSDC_SHORT,STDEV_BREAKOUT_MAX_RETESTS,4.0,OK,0.0,2.771,-2.771,0,0.0,0.0,
BTCUSDC_SHORT,STDEV_BREAKOUT_PCTB_LONG,0.0,OK,0.0,2.771,-2.771,0,0.0,0.0,
BTCUSDC_SHORT,STDEV_BREAKOUT_PCTB_LONG,1.125,OK,0.0,2.771,-2.771,0,0.0,0.0,
BTCUSDC_SHORT,STDEV_BREAKOUT_PCTB_LONG,0.5,OK,0.0,2.771,-2.771,0,0.0,0.0,
BTCUSDC_SHORT,STDEV_BREAKOUT_PCTB_LONG,0.5625,OK,0.0,2.771,-2.771,0,0.0,0.0,
BTCUSDC_SHORT,STDEV_BREAKOUT_PCTB_LONG,0.75,OK,0.0,2.771,-2.771,0,0.0,0.0,
BTCUSDC_SHORT,STDEV_BREAKOUT_PCTB_LONG,1.0,OK,0.0,2.771,-2.771,0,0.0,0.0,
BTCUSDC_SHORT,STDEV_BREAKOUT_PCTB_LONG,1.25,OK,0.0,2.771,-2.771,0,0.0,0.0,
BTCUSDC_SHORT,STDEV_BREAKOUT_PCTB_LONG,1.5,OK,0.0,2.771,-2.771,0,0.0,0.0,
BTCUSDC_SHORT,STDEV_BREAKOUT_PCTB_LONG,1.6875,OK,0.0,2.771,-2.771,0,0.0,0.0,
BTCUSDC_SHORT,STDEV_BREAKOUT_PCTB_LONG,2.0,OK,0.0,2.771,-2.771,0,0.0,0.0,
BTCUSDC_SHORT,STDEV_BREAKOUT_PCTB_SHORT,0.0,OK,0.0,2.771,-2.771,0,0.0,0.0,
BTCUSDC_SHORT,STDEV_BREAKOUT_PCTB_SHORT,-0.125,OK,0.0,2.771,-2.771,0,0.0,0.0,
BTCUSDC_SHORT,STDEV_BREAKOUT_PCTB_SHORT,-0.1875,OK,0.0,2.771,-2.771,0,0.0,0.0,
BTCUSDC_SHORT,STDEV_BREAKOUT_PCTB_SHORT,0.5,OK,0.0,2.771,-2.771,0,0.0,0.0,
BTCUSDC_SHORT,STDEV_BREAKOUT_PCTB_SHORT,1.0,OK,0.0,2.771,-2.771,0,0.0,0.0,
BTCUSDC_SHORT,STDEV_BREAKOUT_PCTB_SHORT,2.0,OK,0.0,2.771,-2.771,0,0.0,0.0,
BTCUSDC_SHORT,STDEV_BREAKOUT_RETEST_PCTB_MAX,0.0,OK,0.0,2.771,-2.771,0,0.0,0.0,
BTCUSDC_SHORT,STDEV_BREAKOUT_RETEST_PCTB_MAX,1.05,OK,0.0,2.771,-2.771,0,0.0,0.0,
BTCUSDC_SHORT,STDEV_BREAKOUT_RETEST_PCTB_MAX,0.525,OK,0.0,2.771,-2.771,0,0.0,0.0,
BTCUSDC_SHORT,STDEV_BREAKOUT_RETEST_PCTB_MAX,1.0,OK,0.0,2.771,-2.771,0,0.0,0.0,
BTCUSDC_SHORT,STDEV_BREAKOUT_RETEST_TF_LIST,,OK,0.0,2.771,-2.771,0,0.0,0.0,
BTCUSDC_SHORT,STDEV_BREAKOUT_SCORE,0.0,OK,0.0,2.771,-2.771,0,0.0,0.0,
BTCUSDC_SHORT,STDEV_BREAKOUT_SCORE,25.0,OK,0.0,2.771,-2.771,0,0.0,0.0,
BTCUSDC_SHORT,ENTRY_MIN_ALIGNMENT,0.0,OK,0.0,2.771,-2.771,0,0.0,0.0,
BTCUSDC_SHORT,ENTRY_MIN_ALIGNMENT,5.0,OK,0.0,2.771,-2.771,0,0.0,0.0,
BTCUSDC_SHORT,ENTRY_MIN_ALIGNMENT,1.0,OK,0.0,2.771,-2.771,0,0.0,0.0,
BTCUSDC_SHORT,ENTRY_MIN_ALIGNMENT,2.0,OK,0.0,2.771,-2.771,0,0.0,0.0,
BTCUSDC_SHORT,TF_HTF1,1h,OK,0.0,2.771,-2.771,0,0.0,0.0,
BTCUSDC_SHORT,TF_HTF1,15m,OK,0.0,2.771,-2.771,0,0.0,0.0,
BTCUSDC_SHORT,TF_HTF3,D,OK,0.0,2.771,-2.771,0,0.0,0.0,
BTCUSDC_SHORT,TF_HTF3,4h,OK,0.0,2.771,-2.771,0,0.0,0.0,
BTCUSDC_SHORT,TF_MACRO,D,OK,0.0,2.771,-2.771,0,0.0,0.0,
BTCUSDC_SHORT,OBLIGATORY_REENTRY_DEFAULT_SIZE_MULT,1.0,OK,0.0,2.771,-2.771,0,0.0,0.0,
BTCUSDC_SHORT,OBLIGATORY_REENTRY_DEFAULT_SIZE_MULT,0.0,OK,0.0,2.771,-2.771,0,0.0,0.0,
BTCUSDC_SHORT,OBLIGATORY_REENTRY_K15_HIGH_BLOCK,95.0,OK,0.0,2.771,-2.771,0,0.0,0.0,
BTCUSDC_SHORT,OBLIGATORY_REENTRY_K15_HIGH_BLOCK,0.0,OK,0.0,2.771,-2.771,0,0.0,0.0,
BTCUSDC_SHORT,OBLIGATORY_REENTRY_K15_HIGH_SIZE_FRAC,0.5,OK,0.0,2.771,-2.771,0,0.0,0.0,
BTCUSDC_SHORT,OBLIGATORY_REENTRY_K15_HIGH_SIZE_FRAC,0.0,OK,0.0,2.771,-2.771,0,0.0,0.0,
BTCUSDC_SHORT,OBLIGATORY_REENTRY_SCORE_TIER1,40,OK,0.0,2.771,-2.771,0,0.0,0.0,
BTCUSDC_SHORT,OBLIGATORY_REENTRY_SCORE_TIER1,0,OK,0.0,2.771,-2.771,0,0.0,0.0,
BTCUSDC_SHORT,OBLIGATORY_REENTRY_SCORE_TIER2,30,OK,0.0,2.771,-2.771,0,0.0,0.0,
BTCUSDC_SHORT,OBLIGATORY_REENTRY_SCORE_TIER2,0,OK,0.0,2.771,-2.771,0,0.0,0.0,
BTCUSDC_SHORT,OBLIGATORY_REENTRY_SCORE_TIER3,30,OK,0.0,2.771,-2.771,0,0.0,0.0,
BTCUSDC_SHORT,OBLIGATORY_REENTRY_SCORE_TIER3,0,OK,0.0,2.771,-2.771,0,0.0,0.0,
BTCUSDC_SHORT,OBLIGATORY_REENTRY_SHORT_K15_LOW_BLOCK,5.0,OK,0.0,2.771,-2.771,0,0.0,0.0,
BTCUSDC_SHORT,OBLIGATORY_REENTRY_SHORT_K15_LOW_BLOCK,0.0,OK,0.0,2.771,-2.771,0,0.0,0.0,
BTCUSDC_SHORT,OBLIGATORY_REENTRY_SHORT_K15_LOW_SIZE_FRAC,0.5,OK,0.0,2.771,-2.771,0,0.0,0.0,
BTCUSDC_SHORT,OBLIGATORY_REENTRY_SHORT_K15_LOW_SIZE_FRAC,0.0,OK,0.0,2.771,-2.771,0,0.0,0.0,
BTCUSDC_SHORT,OBLIGATORY_REENTRY_SMA_FIELD,ema_50,OK,0.0,2.771,-2.771,0,0.0,0.0,
BTCUSDC_SHORT,OBLIGATORY_REENTRY_SMA_TF,15m,OK,0.0,2.771,-2.771,0,0.0,0.0,
BTCUSDC_SHORT,OBLIGATORY_REENTRY_SMA_TF,3m,OK,0.0,2.771,-2.771,0,0.0,0.0,
BTCUSDC_SHORT,OBLIGATORY_REENTRY_SMA_TF,1h,OK,0.0,2.771,-2.771,0,0.0,0.0,
BTCUSDC_SHORT,OBLIGATORY_REENTRY_SMA_TF,4h,OK,0.0,2.771,-2.771,0,0.0,0.0,
BTCUSDC_SHORT,OBLIGATORY_REENTRY_SMA_TF,D,OK,0.0,2.771,-2.771,0,0.0,0.0,
BTCUSDC_SHORT,OBLIGATORY_REENTRY_TIER1_HTF_REQUIRED,3,OK,0.0,2.771,-2.771,0,0.0,0.0,
BTCUSDC_SHORT,OBLIGATORY_REENTRY_TIER1_HTF_REQUIRED,0,OK,0.0,2.771,-2.771,0,0.0,0.0,
BTCUSDC_SHORT,OBLIGATORY_REENTRY_TIER2_HTF_REQUIRED,1,OK,0.0,2.771,-2.771,0,0.0,0.0,
BTCUSDC_SHORT,OBLIGATORY_REENTRY_TIER2_HTF_REQUIRED,0,OK,0.0,2.771,-2.771,0,0.0,0.0,
BTCUSDC_SHORT,AUGMENT_BLOWPAST_ENABLED,False,OK,0.0,2.771,-2.771,0,0.0,0.0,
BTCUSDC_SHORT,AUGMENT_BLOWPAST_ENABLED,True,OK,0.0,2.771,-2.771,0,0.0,0.0,
BTCUSDC_SHORT,AUGMENT_HTF_TREND_ENABLED,False,OK,0.0,2.771,-2.771,0,0.0,0.0,
BTCUSDC_SHORT,AUGMENT_HTF_TREND_ENABLED,True,OK,0.0,2.771,-2.771,0,0.0,0.0,
BTCUSDC_SHORT,AUGMENT_WT_3TF_ENABLED,False,OK,0.0,2.771,-2.771,0,0.0,0.0,
BTCUSDC_SHORT,AUGMENT_WT_3TF_ENABLED,True,OK,0.0,2.771,-2.771,0,0.0,0.0,
BTCUSDC_SHORT,AUGMENT_WT_CROSS_ENABLED,False,OK,0.0,2.771,-2.771,0,0.0,0.0,
BTCUSDC_SHORT,AUGMENT_WT_CROSS_ENABLED,True,OK,0.0,2.771,-2.771,0,0.0,0.0,
BTCUSDC_SHORT,DD_BOUNCE_COOLDOWN_HOURS,0.0,OK,0.0,2.771,-2.771,0,0.0,0.0,
BTCUSDC_SHORT,DD_BOUNCE_COOLDOWN_HOURS,4.0,OK,0.0,2.771,-2.771,0,0.0,0.0,
BTCUSDC_SHORT,DD_BOUNCE_ENABLED,False,OK,0.0,2.771,-2.771,0,0.0,0.0,
BTCUSDC_SHORT,DD_BOUNCE_ENABLED,True,OK,0.0,2.771,-2.771,0,0.0,0.0,
BTCUSDC_SHORT,DD_BOUNCE_REQUIRE_HIGHER_PRICE,False,OK,0.0,2.771,-2.771,0,0.0,0.0,
BTCUSDC_SHORT,DD_BOUNCE_REQUIRE_HIGHER_PRICE,True,OK,0.0,2.771,-2.771,0,0.0,0.0,
BTCUSDC_SHORT,DD_BOUNCE_REQUIRE_HIGHER_WT,False,OK,0.0,2.771,-2.771,0,0.0,0.0,
BTCUSDC_SHORT,DD_BOUNCE_REQUIRE_HIGHER_WT,True,OK,0.0,2.771,-2.771,0,0.0,0.0,
BTCUSDC_SHORT,DD_BOUNCE_WT_D_ENABLED,False,OK,0.0,2.771,-2.771,0,0.0,0.0,
BTCUSDC_SHORT,DD_BOUNCE_WT_D_ENABLED,True,OK,0.0,2.771,-2.771,0,0.0,0.0,
BTCUSDC_SHORT,OPPOSITE_LOSER_DEEP_LOSS_PCT,-5.0,OK,0.0,2.771,-2.771,0,0.0,0.0,
BTCUSDC_SHORT,OPPOSITE_LOSER_DEEP_LOSS_PCT,0.0,OK,0.0,2.771,-2.771,0,0.0,0.0,
BTCUSDC_SHORT,SCALP_V3_K_OB_EXIT_ENABLED,False,OK,0.0,2.771,-2.771,0,0.0,0.0,
BTCUSDC_SHORT,SCALP_V3_K_OB_EXIT_ENABLED,True,OK,0.0,2.771,-2.771,0,0.0,0.0,
BTCUSDC_SHORT,SCALP_V3_K_OB_EXIT_K15M_HI,80.0,OK,0.0,2.771,-2.771,0,0.0,0.0,
BTCUSDC_SHORT,SCALP_V3_K_OB_EXIT_K15M_HI,0.0,OK,0.0,2.771,-2.771,0,0.0,0.0,
BTCUSDC_SHORT,SCALP_V3_K_OB_EXIT_K15M_LO,20.0,OK,0.0,2.771,-2.771,0,0.0,0.0,
BTCUSDC_SHORT,SCALP_V3_K_OB_EXIT_K15M_LO,0.0,OK,0.0,2.771,-2.771,0,0.0,0.0,
BTCUSDC_SHORT,SCALP_V3_K_OB_EXIT_K3M_HI,80.0,OK,0.0,2.771,-2.771,0,0.0,0.0,
BTCUSDC_SHORT,SCALP_V3_K_OB_EXIT_K3M_HI,0.0,OK,0.0,2.771,-2.771,0,0.0,0.0,
BTCUSDC_SHORT,SCALP_V3_K_OB_EXIT_K3M_LO,20.0,OK,0.0,2.771,-2.771,0,0.0,0.0,
BTCUSDC_SHORT,SCALP_V3_K_OB_EXIT_K3M_LO,0.0,OK,0.0,2.771,-2.771,0,0.0,0.0,
BTCUSDC_SHORT,SCALP_V3_K_OB_EXIT_WALL_PCT,0.5,OK,0.0,2.771,-2.771,0,0.0,0.0,
BTCUSDC_SHORT,SCALP_V3_K_OB_EXIT_WALL_PCT,0.0,OK,0.0,2.771,-2.771,0,0.0,0.0,
BTCUSDC_SHORT,SCALP_V3_MAX_LOSS_PCT,,OK,0.0,2.771,-2.771,0,0.0,0.0,
BTCUSDC_SHORT,SCALP_V3_OB_WALL_TOO_CLOSE_PCT,0.5,OK,0.0,2.771,-2.771,0,0.0,0.0,
BTCUSDC_SHORT,SCALP_V3_OB_WALL_TOO_CLOSE_PCT,0.0,OK,0.0,2.771,-2.771,0,0.0,0.0,
BTCUSDC_SHORT,SCALP_V3_PROTECTIVE_EXIT_ENABLED,False,OK,0.0,2.771,-2.771,0,0.0,0.0,
BTCUSDC_SHORT,SCALP_V3_PROTECTIVE_EXIT_ENABLED,True,OK,0.0,2.771,-2.771,0,0.0,0.0,
BTCUSDC_SHORT,SCALP_V3_PROTECTIVE_K_DROP_MIN,5.0,OK,0.0,2.771,-2.771,0,0.0,0.0,
BTCUSDC_SHORT,SCALP_V3_PROTECTIVE_K_DROP_MIN,0.0,OK,0.0,2.771,-2.771,0,0.0,0.0,
BTCUSDC_SHORT,BREAKOUT_LEASH_REENTRY_MULT,0.0,OK,0.0,2.771,-2.771,0,0.0,0.0,
BTCUSDC_SHORT,BREAKOUT_LEASH_REENTRY_MULT,1.5,OK,0.0,2.771,-2.771,0,0.0,0.0,
BTCUSDC_SHORT,BREAKOUT_LEASH_REENTRY_MULT,2.25,OK,0.0,2.771,-2.771,0,0.0,0.0,
BTCUSDC_SHORT,EZ_REENTRY_PRICE_CROSS_GUARANTEE_ENABLED,False,OK,0.0,2.771,-2.771,0,0.0,0.0,
BTCUSDC_SHORT,EZ_REENTRY_PRICE_CROSS_GUARANTEE_ENABLED,True,OK,0.0,2.771,-2.771,0,0.0,0.0,
BTCUSDC_SHORT,EZ_REENTRY_PRICE_CROSS_MAX_AGE_HOURS,,OK,0.0,2.771,-2.771,0,0.0,0.0,
BTCUSDC_SHORT,EZ_REENTRY_PRICE_CROSS_MAX_FIRES_PER_TICK,,OK,0.0,2.771,-2.771,0,0.0,0.0,
BTCUSDC_SHORT,EZ_REENTRY_PRICE_CROSS_PARTIAL_FRAC,,OK,0.0,2.771,-2.771,0,0.0,0.0,
BTCUSDC_SHORT,EZ_REENTRY_PRICE_CROSS_PCT,,OK,0.0,2.771,-2.771,0,0.0,0.0,
BTCUSDC_SHORT,SYMBOLS_ACTIVE_FILE,,OK,0.0,2.771,-2.771,0,0.0,0.0,
BTCUSDC_SHORT,SYMBOLS_ANG_LONG,,OK,0.0,2.771,-2.771,0,0.0,0.0,
BTCUSDC_SHORT,SYMBOLS_ANG_SHORT,,OK,0.0,2.771,-2.771,0,0.0,0.0,
BTCUSDC_SHORT,SYMBOLS_FILE,,OK,0.0,2.771,-2.771,0,0.0,0.0,
BTCUSDC_SHORT,SYMBOLS_FIN,,OK,0.0,2.771,-2.771,0,0.0,0.0,
BTCUSDC_SHORT,SYMBOLS_FLZ,,OK,0.0,2.771,-2.771,0,0.0,0.0,
BTCUSDC_SHORT,TRADEABLE_KEYS,,OK,0.0,2.771,-2.771,0,0.0,0.0,
BTCUSDC_SHORT,SYMBOLS_ACTIVE,,OK,0.0,2.771,-2.771,0,0.0,0.0,
BTCUSDC_SHORT,SYMBOLS_INF_LONG,,OK,0.0,2.771,-2.771,0,0.0,0.0,
BTCUSDC_SHORT,SYMBOLS_INF_SHORT,,OK,0.0,2.771,-2.771,0,0.0,0.0,
BTCUSDC_SHORT,SYMBOLS_MEN,,OK,0.0,2.771,-2.771,0,0.0,0.0,
BTCUSDC_SHORT,EZ_REENTRY_INLINE_LOOP_ENFORCE_EPQ_ENABLED,False,OK,0.0,2.771,-2.771,0,0.0,0.0,
BTCUSDC_SHORT,EZ_REENTRY_INLINE_LOOP_ENFORCE_EPQ_ENABLED,True,OK,0.0,2.771,-2.771,0,0.0,0.0,
BTCUSDC_SHORT,EZ_REENTRY_INLINE_LOOP_EVAL2_EPQ_ENABLED,False,OK,0.0,2.771,-2.771,0,0.0,0.0,
BTCUSDC_SHORT,EZ_REENTRY_INLINE_LOOP_EVAL2_EPQ_ENABLED,True,OK,0.0,2.771,-2.771,0,0.0,0.0,
BTCUSDC_SHORT,PAPER_TRADING_QUICK,,OK,0.0,2.771,-2.771,0,0.0,0.0,
BTCUSDC_SHORT,LR_BAND_LADDER_MODE,False,OK,0.0,2.771,-2.771,0,0.0,0.0,
BTCUSDC_SHORT,LR_BAND_LADDER_MODE,True,OK,0.0,2.771,-2.771,0,0.0,0.0,
BTCUSDC_SHORT,LR_BAND_LADDER_STOCH_EXTREME,False,OK,0.0,2.771,-2.771,0,0.0,0.0,
BTCUSDC_SHORT,LR_BAND_LADDER_STOCH_EXTREME,True,OK,0.0,2.771,-2.771,0,0.0,0.0,
BTCUSDC_SHORT,LR_BAND_LADDER_TF_BOTTOM,False,OK,0.0,2.771,-2.771,0,0.0,0.0,
BTCUSDC_SHORT,LR_BAND_LADDER_TF_BOTTOM,True,OK,0.0,2.771,-2.771,0,0.0,0.0,
BTCUSDC_SHORT,LR_BAND_LADDER_TF_TOP,False,OK,0.0,2.771,-2.771,0,0.0,0.0,
BTCUSDC_SHORT,LR_BAND_LADDER_TF_TOP,True,OK,0.0,2.771,-2.771,0,0.0,0.0,
BTCUSDC_SHORT,LR_BAND_LADDER_TRIGGER,False,OK,0.0,2.771,-2.771,0,0.0,0.0,
BTCUSDC_SHORT,LR_BAND_LADDER_TRIGGER,True,OK,0.0,2.771,-2.771,0,0.0,0.0,
BTCUSDC_SHORT,REENTRY_LIVE_MONITOR_DC_BREAK_TF,,OK,0.0,2.771,-2.771,0,0.0,0.0,
BTCUSDC_SHORT,REENTRY_LIVE_MONITOR_DC_BREAK_TF,3m,OK,0.0,2.771,-2.771,0,0.0,0.0,
BTCUSDC_SHORT,REENTRY_LIVE_MONITOR_DC_BREAK_TF,15m,OK,0.0,2.771,-2.771,0,0.0,0.0,
BTCUSDC_SHORT,REENTRY_LIVE_MONITOR_DC_BREAK_TF,1h,OK,0.0,2.771,-2.771,0,0.0,0.0,
BTCUSDC_SHORT,REENTRY_LIVE_MONITOR_DC_BREAK_TF,4h,OK,0.0,2.771,-2.771,0,0.0,0.0,
BTCUSDC_SHORT,REENTRY_LIVE_MONITOR_DC_BREAK_TF,D,OK,0.0,2.771,-2.771,0,0.0,0.0,
BTCUSDC_SHORT,REENTRY_LIVE_MONITOR_ENABLED,False,OK,0.0,2.771,-2.771,0,0.0,0.0,
BTCUSDC_SHORT,REENTRY_LIVE_MONITOR_ENABLED,True,OK,0.0,2.771,-2.771,0,0.0,0.0,
BTCUSDC_SHORT,REENTRY_LIVE_MONITOR_PARTIAL_PCT,0.0,OK,0.0,2.771,-2.771,0,0.0,0.0,
BTCUSDC_SHORT,REENTRY_LIVE_MONITOR_PARTIAL_PCT,0.5,OK,0.0,2.771,-2.771,0,0.0,0.0,
BTCUSDC_SHORT,MOMENTUM_RIDER_BASE_SIZE_USD,,OK,0.0,2.771,-2.771,0,0.0,0.0,
BTCUSDC_SHORT,MOMENTUM_RIDER_COOLDOWN,,OK,0.0,2.771,-2.771,0,0.0,0.0,
BTCUSDC_SHORT,MOMENTUM_RIDER_DC_WIDTH_MIN,,OK,0.0,2.771,-2.771,0,0.0,0.0,
BTCUSDC_SHORT,MOMENTUM_RIDER_ENABLED,,OK,0.0,2.771,-2.771,0,0.0,0.0,
BTCUSDC_SHORT,MOMENTUM_RIDER_MAX_SYMBOLS,,OK,0.0,2.771,-2.771,0,0.0,0.0,
BTCUSDC_SHORT,MOMENTUM_RIDER_REL_VOL_MIN,,OK,0.0,2.771,-2.771,0,0.0,0.0,
BTCUSDC_SHORT,MOMENTUM_RIDER_SCAN_INTERVAL,,OK,0.0,2.771,-2.771,0,0.0,0.0,
BTCUSDC_SHORT,OUTLIER_DETECTOR_ENABLED,,OK,0.0,2.771,-2.771,0,0.0,0.0,
BTCUSDC_SHORT,OUTLIER_RUNAWAY_ATR_FACTOR,,OK,0.0,2.771,-2.771,0,0.0,0.0,
BTCUSDC_SHORT,OUTLIER_SCAN_INTERVAL,,OK,0.0,2.771,-2.771,0,0.0,0.0,
BTCUSDC_SHORT,OUTLIER_STALE_HOURS,,OK,0.0,2.771,-2.771,0,0.0,0.0,
BTCUSDC_SHORT,OUTLIER_STUCK_ATR_FACTOR,,OK,0.0,2.771,-2.771,0,0.0,0.0,
BTCUSDC_SHORT,OUTLIER_STUCK_HOURS,,OK,0.0,2.771,-2.771,0,0.0,0.0,
BTCUSDC_SHORT,BB_PULLBACK_GATE_TF,15m,OK,0.0,2.771,-2.771,0,0.0,0.0,
BTCUSDC_SHORT,BB_PULLBACK_GATE_TF,3m,OK,0.0,2.771,-2.771,0,0.0,0.0,
BTCUSDC_SHORT,BB_PULLBACK_GATE_TF,1h,OK,0.0,2.771,-2.771,0,0.0,0.0,
BTCUSDC_SHORT,BB_PULLBACK_GATE_TF,4h,OK,0.0,2.771,-2.771,0,0.0,0.0,
BTCUSDC_SHORT,BB_PULLBACK_GATE_TF,D,OK,0.0,2.771,-2.771,0,0.0,0.0,
BTCUSDC_SHORT,LOSS_EXIT_TECHNICAL_BYPASS,False,OK,0.0,2.771,-2.771,0,0.0,0.0,
BTCUSDC_SHORT,LOSS_EXIT_TECHNICAL_BYPASS,True,OK,0.0,2.771,-2.771,0,0.0,0.0,
BTCUSDC_SHORT,HTF1_CONF,False,OK,0.0,2.771,-2.771,0,0.0,0.0,
BTCUSDC_SHORT,HTF1_CONF,True,OK,0.0,2.771,-2.771,0,0.0,0.0,
BTCUSDC_SHORT,HTF4_CONF,False,OK,0.0,2.771,-2.771,0,0.0,0.0,
BTCUSDC_SHORT,HTF4_CONF,True,OK,0.0,2.771,-2.771,0,0.0,0.0,
BTCUSDC_SHORT,LEADERBOARD_FILTER,False,OK,0.0,2.771,-2.771,0,0.0,0.0,
BTCUSDC_SHORT,LEADERBOARD_FILTER,True,OK,0.0,2.771,-2.771,0,0.0,0.0,
BTCUSDC_SHORT,BREAKOUT_TF_SIZE_CAP_MULT,0.0,OK,0.0,2.771,-2.771,0,0.0,0.0,
BTCUSDC_SHORT,BREAKOUT_TF_SIZE_CAP_MULT,5.0,OK,0.0,2.771,-2.771,0,0.0,0.0,
BTCUSDC_SHORT,BREAKOUT_TF_SIZE_CAP_MULT,7.5,OK,0.0,2.771,-2.771,0,0.0,0.0,
BTCUSDC_SHORT,BREAKOUT_TF_SIZE_ENABLED,False,OK,0.0,2.771,-2.771,0,0.0,0.0,
BTCUSDC_SHORT,BREAKOUT_TF_SIZE_ENABLED,True,OK,0.0,2.771,-2.771,0,0.0,0.0,
BTCUSDC_SHORT,BREAKOUT_TF_SIZE_MULT_15M,0.0,OK,0.0,2.771,-2.771,0,0.0,0.0,
BTCUSDC_SHORT,BREAKOUT_TF_SIZE_MULT_15M,1.0,OK,0.0,2.771,-2.771,0,0.0,0.0,
BTCUSDC_SHORT,BREAKOUT_TF_SIZE_MULT_1H,0.0,OK,0.0,2.771,-2.771,0,0.0,0.0,
BTCUSDC_SHORT,BREAKOUT_TF_SIZE_MULT_1H,2.0,OK,0.0,2.771,-2.771,0,0.0,0.0,
BTCUSDC_SHORT,BREAKOUT_TF_SIZE_MULT_1H,1.0,OK,0.0,2.771,-2.771,0,0.0,0.0,
BTCUSDC_SHORT,BREAKOUT_TF_SIZE_MULT_1H,3.0,OK,0.0,2.771,-2.771,0,0.0,0.0,
BTCUSDC_SHORT,BREAKOUT_TF_SIZE_MULT_3M,0.0,OK,0.0,2.771,-2.771,0,0.0,0.0,
BTCUSDC_SHORT,BREAKOUT_TF_SIZE_MULT_3M,0.5,OK,0.0,2.771,-2.771,0,0.0,0.0,
BTCUSDC_SHORT,BREAKOUT_TF_SIZE_MULT_4H,0.0,OK,0.0,2.771,-2.771,0,0.0,0.0,
BTCUSDC_SHORT,BREAKOUT_TF_SIZE_MULT_4H,3.0,OK,0.0,2.771,-2.771,0,0.0,0.0,
BTCUSDC_SHORT,BREAKOUT_TF_SIZE_MULT_4H,1.5,OK,0.0,2.771,-2.771,0,0.0,0.0,
BTCUSDC_SHORT,BREAKOUT_TF_SIZE_MULT_D,0.0,OK,0.0,2.771,-2.771,0,0.0,0.0,
BTCUSDC_SHORT,BREAKOUT_TF_SIZE_MULT_D,4.0,OK,0.0,2.771,-2.771,0,0.0,0.0,
BTCUSDC_SHORT,BREAKOUT_TF_SIZE_MULT_D,6.0,OK,0.0,2.771,-2.771,0,0.0,0.0,
BTCUSDC_SHORT,EXIT_ON_ALL,False,OK,0.0,2.771,-2.771,0,0.0,0.0,
BTCUSDC_SHORT,EXIT_ON_ALL,True,OK,0.0,2.771,-2.771,0,0.0,0.0,
BTCUSDC_SHORT,EXIT_ON_ALL_ENABLED,False,OK,0.0,2.771,-2.771,0,0.0,0.0,
BTCUSDC_SHORT,EXIT_ON_ALL_ENABLED,True,OK,0.0,2.771,-2.771,0,0.0,0.0,
BTCUSDC_SHORT,REDUCTION_COOLDOWN_SECONDS,,OK,0.0,2.771,-2.771,0,0.0,0.0,
BTCUSDC_SHORT,DEBUG,,OK,0.0,2.771,-2.771,0,0.0,0.0,
BTCUSDC_SHORT,LOCAL_DATA_MAX_AGE,,OK,0.0,2.771,-2.771,0,0.0,0.0,
BTCUSDC_SHORT,MAX_MARKET_DATA_FILE_AGE_SECONDS,,OK,0.0,2.771,-2.771,0,0.0,0.0,
BTCUSDC_SHORT,POSITIONS_SNAPSHOT_MAX_AGE,,OK,0.0,2.771,-2.771,0,0.0,0.0,
BTCUSDC_SHORT,POSITION_STALE_THRESHOLD_SECONDS,,OK,0.0,2.771,-2.771,0,0.0,0.0,
BTCUSDC_SHORT,STALE_WARNING_INTERVAL_SECONDS,,OK,0.0,2.771,-2.771,0,0.0,0.0,
BTCUSDC_SHORT,CRYPTO_FH_MOMENTUM_MAX_POSITIONS,,OK,0.0,2.771,-2.771,0,0.0,0.0,
BTCUSDC_SHORT,CRYPTO_FH_MOMENTUM_POSITION_SIZE_MULT,,OK,0.0,2.771,-2.771,0,0.0,0.0,
BTCUSDC_SHORT,TRADEABLE_KEYS_MANDATORY_POSITION_ENABLED,,OK,0.0,2.771,-2.771,0,0.0,0.0,
BTCUSDC_SHORT,EXTREME_MODE,,OK,0.0,2.771,-2.771,0,0.0,0.0,
BTCUSDC_SHORT,GOLDEN_RULE_BASE_USD,5.0,OK,0.0,2.771,-2.771,0,0.0,0.0,
BTCUSDC_SHORT,GOLDEN_RULE_BASE_USD,10.0,OK,0.0,2.771,-2.771,0,0.0,0.0,
BTCUSDC_SHORT,GOLDEN_RULE_BASE_USD,2.5,OK,0.0,2.771,-2.771,0,0.0,0.0,
BTCUSDC_SHORT,GOLDEN_RULE_BASE_USD,3.75,OK,0.0,2.771,-2.771,0,0.0,0.0,
BTCUSDC_SHORT,GOLDEN_RULE_BASE_USD,6.25,OK,0.0,2.771,-2.771,0,0.0,0.0,
BTCUSDC_SHORT,GOLDEN_RULE_BASE_USD,7.5,OK,0.0,2.771,-2.771,0,0.0,0.0,
BTCUSDC_SHORT,HTF_VETO_REQUIRE_D,False,OK,0.0,2.771,-2.771,0,0.0,0.0,
BTCUSDC_SHORT,HTF_VETO_REQUIRE_D,True,OK,0.0,2.771,-2.771,0,0.0,0.0,
BTCUSDC_SHORT,DELTA_REENTRY_FILTER_ENABLED,False,OK,0.0,2.771,-2.771,0,0.0,0.0,
BTCUSDC_SHORT,DELTA_REENTRY_FILTER_ENABLED,True,OK,0.0,2.771,-2.771,0,0.0,0.0,
BTCUSDC_SHORT,DELTA_REENTRY_HTF_GATE,4h,OK,0.0,2.771,-2.771,0,0.0,0.0,
BTCUSDC_SHORT,DELTA_REENTRY_HTF_GATE,5m,OK,0.0,2.771,-2.771,0,0.0,0.0,
BTCUSDC_SHORT,CRYPTO_SPIKE_FADE_COOLDOWN_SEC,,OK,0.0,2.771,-2.771,0,0.0,0.0,
BTCUSDC_SHORT,CRYPTO_SPIKE_FADE_ENABLED,False,OK,0.0,2.771,-2.771,0,0.0,0.0,
BTCUSDC_SHORT,CRYPTO_SPIKE_FADE_ENABLED,True,OK,0.0,2.771,-2.771,0,0.0,0.0,
BTCUSDC_SHORT,CRYPTO_SPIKE_FADE_K_EXHAUSTION,,OK,0.0,2.771,-2.771,0,0.0,0.0,
BTCUSDC_SHORT,CRYPTO_SPIKE_FADE_MAX_POSITIONS,,OK,0.0,2.771,-2.771,0,0.0,0.0,
BTCUSDC_SHORT,CRYPTO_SPIKE_FADE_THRESHOLD_PCT,0.0,OK,0.0,2.771,-2.771,0,0.0,0.0,
BTCUSDC_SHORT,CRYPTO_SPIKE_FADE_THRESHOLD_PCT,10.0,OK,0.0,2.771,-2.771,0,0.0,0.0,
BTCUSDC_SHORT,REENTRY_EXIT_RECLAIM_BUFFER_PCT,0.2,OK,0.0,2.771,-2.771,0,0.0,0.0,
BTCUSDC_SHORT,REENTRY_EXIT_RECLAIM_BUFFER_PCT,0.0,OK,0.0,2.771,-2.771,0,0.0,0.0,
BTCUSDC_SHORT,REENTRY_EXIT_RECLAIM_ENABLED,False,OK,0.0,2.771,-2.771,0,0.0,0.0,
BTCUSDC_SHORT,REENTRY_EXIT_RECLAIM_ENABLED,True,OK,0.0,2.771,-2.771,0,0.0,0.0,
BTCUSDC_SHORT,REENTRY_GR_HTF_MIN_TFS,0.0,OK,0.0,2.771,-2.771,0,0.0,0.0,
BTCUSDC_SHORT,REENTRY_GR_HTF_MIN_TFS,1.0,OK,0.0,2.771,-2.771,0,0.0,0.0,
BTCUSDC_SHORT,REENTRY_GR_MIN_IND,0.0,OK,0.0,2.771,-2.771,0,0.0,0.0,
BTCUSDC_SHORT,REENTRY_GR_MIN_IND,2.0,OK,0.0,2.771,-2.771,0,0.0,0.0,
BTCUSDC_SHORT,CLOSE_FOOTHOLD_ENABLED,,OK,0.0,2.771,-2.771,0,0.0,0.0,
BTCUSDC_SHORT,MAKER_CLOSE_COMMISSION_FLOOR_ENABLED,,OK,0.0,2.771,-2.771,0,0.0,0.0,
BTCUSDC_SHORT,OB_PRICE_DEFER_ACCOUNTS,,OK,0.0,2.771,-2.771,0,0.0,0.0,
BTCUSDC_SHORT,OB_PRICE_DEFER_ENABLED,,OK,0.0,2.771,-2.771,0,0.0,0.0,
BTCUSDC_SHORT,OB_PRICE_DEFER_TTL_SEC,,OK,0.0,2.771,-2.771,0,0.0,0.0,
BTCUSDC_SHORT,SCALP_V3_AUG_COOLDOWN_SEC,,OK,0.0,2.771,-2.771,0,0.0,0.0,
BTCUSDC_SHORT,SCALP_V3_AUG_ENABLED,,OK,0.0,2.771,-2.771,0,0.0,0.0,
BTCUSDC_SHORT,SCALP_V3_AUG_MAX_FRAC_OF_POS,,OK,0.0,2.771,-2.771,0,0.0,0.0,
BTCUSDC_SHORT,SCALP_V3_AUG_MIN_GAIN,,OK,0.0,2.771,-2.771,0,0.0,0.0,
BTCUSDC_SHORT,SCALP_V3_OB_MIN_SCORE,,OK,0.0,2.771,-2.771,0,0.0,0.0,
BTCUSDC_SHORT,SCALP_V3_POSITION_CAP_USD,,OK,0.0,2.771,-2.771,0,0.0,0.0,
BTCUSDC_SHORT,MOVER_ACCOUNT,,OK,0.0,2.771,-2.771,0,0.0,0.0,
BTCUSDC_SHORT,MOVER_DETECTION_ENABLED,False,OK,0.0,2.771,-2.771,0,0.0,0.0,
BTCUSDC_SHORT,MOVER_DETECTION_ENABLED,True,OK,0.0,2.771,-2.771,0,0.0,0.0,
BTCUSDC_SHORT,MOVER_LINEARITY_MIN,,OK,0.0,2.771,-2.771,0,0.0,0.0,
BTCUSDC_SHORT,MOVER_MAX_POSITIONS,,OK,0.0,2.771,-2.771,0,0.0,0.0,
BTCUSDC_SHORT,MOVER_THRESHOLD,,OK,0.0,2.771,-2.771,0,0.0,0.0,
BTCUSDC_SHORT,MOVER_VOL_MIN,,OK,0.0,2.771,-2.771,0,0.0,0.0,
BTCUSDC_SHORT,BB4H_BREAKOUT_LADDER_BASIS_PCT,0.0,OK,0.0,2.771,-2.771,0,0.0,0.0,
BTCUSDC_SHORT,BB4H_BREAKOUT_LADDER_BASIS_PCT,0.5,OK,0.0,2.771,-2.771,0,0.0,0.0,
BTCUSDC_SHORT,BB4H_BREAKOUT_LADDER_BASIS_PCT,1.0,OK,0.0,2.771,-2.771,0,0.0,0.0,
BTCUSDC_SHORT,BB4H_BREAKOUT_LADDER_BREAKOUT_PCT,0.0,OK,0.0,2.771,-2.771,0,0.0,0.0,
BTCUSDC_SHORT,BB4H_BREAKOUT_LADDER_BREAKOUT_PCT,0.25,OK,0.0,2.771,-2.771,0,0.0,0.0,
BTCUSDC_SHORT,BB4H_BREAKOUT_LADDER_BREAKOUT_PCT,0.125,OK,0.0,2.771,-2.771,0,0.0,0.0,
BTCUSDC_SHORT,BB4H_BREAKOUT_LADDER_BREAKOUT_PCT,0.375,OK,0.0,2.771,-2.771,0,0.0,0.0,
BTCUSDC_SHORT,BB4H_BREAKOUT_LADDER_BREAKOUT_PCT,0.5,OK,0.0,2.771,-2.771,0,0.0,0.0,
BTCUSDC_SHORT,BB4H_BREAKOUT_LADDER_BREAKOUT_PCT,1.0,OK,0.0,2.771,-2.771,0,0.0,0.0,
BTCUSDC_SHORT,BB4H_BREAKOUT_LADDER_ENABLED,False,OK,0.0,2.771,-2.771,0,0.0,0.0,
BTCUSDC_SHORT,BB4H_BREAKOUT_LADDER_ENABLED,True,OK,0.0,2.771,-2.771,0,0.0,0.0,
BTCUSDC_SHORT,BB4H_BREAKOUT_LADDER_TARGET_USD,False,OK,0.0,2.771,-2.771,0,0.0,0.0,
BTCUSDC_SHORT,BB4H_BREAKOUT_LADDER_TARGET_USD,True,OK,0.0,2.771,-2.771,0,0.0,0.0,
BTCUSDC_SHORT,BB4H_BREAKOUT_LADDER_WT_CROSS_PCT,0.0,OK,0.0,2.771,-2.771,0,0.0,0.0,
BTCUSDC_SHORT,BB4H_BREAKOUT_LADDER_WT_CROSS_PCT,0.25,OK,0.0,2.771,-2.771,0,0.0,0.0,
BTCUSDC_SHORT,BB4H_BREAKOUT_LADDER_WT_CROSS_PCT,0.5,OK,0.0,2.771,-2.771,0,0.0,0.0,
BTCUSDC_SHORT,BB4H_BREAKOUT_LADDER_WT_CROSS_PCT,1.0,OK,0.0,2.771,-2.771,0,0.0,0.0,
BTCUSDC_SHORT,LEADERBOARD_ENTRY_ENABLED,False,OK,0.0,2.771,-2.771,0,0.0,0.0,
BTCUSDC_SHORT,LEADERBOARD_ENTRY_ENABLED,True,OK,0.0,2.771,-2.771,0,0.0,0.0,
BTCUSDC_SHORT,VERBOSE,False,OK,0.0,2.771,-2.771,0,0.0,0.0,
BTCUSDC_SHORT,VERBOSE,True,OK,0.0,2.771,-2.771,0,0.0,0.0,
BTCUSDC_SHORT,LOSERS_15M_FILE,,OK,0.0,2.771,-2.771,0,0.0,0.0,
BTCUSDC_SHORT,LOSERS_20_FILE,,OK,0.0,2.771,-2.771,0,0.0,0.0,
BTCUSDC_SHORT,WINNERS_15M_FILE,,OK,0.0,2.771,-2.771,0,0.0,0.0,
BTCUSDC_SHORT,WINNERS_20_FILE,,OK,0.0,2.771,-2.771,0,0.0,0.0,
BTCUSDC_SHORT,SYMBOL_PERF_ENABLED,,OK,0.0,2.771,-2.771,0,0.0,0.0,
BTCUSDC_SHORT,SYMBOL_PERF_MIN_TRADES,,OK,0.0,2.771,-2.771,0,0.0,0.0,
BTCUSDC_SHORT,SYMBOL_PERF_REFRESH_SECONDS,,OK,0.0,2.771,-2.771,0,0.0,0.0,
BTCUSDC_SHORT,SYMBOL_PERF_WINDOW_DAYS,,OK,0.0,2.771,-2.771,0,0.0,0.0,
BTCUSDC_SHORT,BTC_ROUND_BANDS_EACH_SIDE,False,OK,0.0,2.771,-2.771,0,0.0,0.0,
BTCUSDC_SHORT,BTC_ROUND_BANDS_EACH_SIDE,True,OK,0.0,2.771,-2.771,0,0.0,0.0,
BTCUSDC_SHORT,BTC_ROUND_INC_PRIMARY_USD,,OK,0.0,2.771,-2.771,0,0.0,0.0,
BTCUSDC_SHORT,BTC_ROUND_INC_SECONDARY_USD,,OK,0.0,2.771,-2.771,0,0.0,0.0,
BTCUSDC_SHORT,SCALP_V3_MAX_CONCURRENT,,OK,0.0,2.771,-2.771,0,0.0,0.0,
BTCUSDC_SHORT,SCALP_V3_OB_REQUIRED,,OK,0.0,2.771,-2.771,0,0.0,0.0,
BTCUSDC_SHORT,SCALP_V3_SCAN_MIN_DIVERGENCE,,OK,0.0,2.771,-2.771,0,0.0,0.0,
BTCUSDC_SHORT,SCALP_V3_SCAN_TOP_N,,OK,0.0,2.771,-2.771,0,0.0,0.0,
BTCUSDC_SHORT,STDEV_BOUNCE_HTF_LIST,,OK,0.0,2.771,-2.771,0,0.0,0.0,
BTCUSDC_SHORT,BANDAID_OFF_LOSER_RECOVER_PCT,,OK,0.0,2.771,-2.771,0,0.0,0.0,
BTCUSDC_SHORT,LIVE_POSITION_FRESHNESS_MAX_SEC,,OK,0.0,2.771,-2.771,0,0.0,0.0,
BTCUSDC_SHORT,TREND_ACCOUNTS,,OK,0.0,2.771,-2.771,0,0.0,0.0,
BTCUSDC_SHORT,HIGH_GAIN_AUGMENTATION_MIN_SIZE,200.0,OK,0.0,2.771,-2.771,0,0.0,0.0,
BTCUSDC_SHORT,HIGH_GAIN_AUGMENTATION_MIN_SIZE,1.0,OK,0.0,2.771,-2.771,0,0.0,0.0,
BTCUSDC_SHORT,LIGHT_MODE,,OK,0.0,2.771,-2.771,0,0.0,0.0,
BTCUSDC_SHORT,MARKET_MODE,,OK,0.0,2.771,-2.771,0,0.0,0.0,
BTCUSDC_SHORT,SLEEP_TIME_PER_TASKS,,OK,0.0,2.771,-2.771,0,0.0,0.0,
BTCUSDC_SHORT,SCALP_REDUCE_ENABLED,,OK,0.0,2.771,-2.771,0,0.0,0.0,
BTCUSDC_SHORT,LOG_DIR,,OK,0.0,2.771,-2.771,0,0.0,0.0,
BTCUSDC_SHORT,EZ_REENTRY_INLINE_EVAL2_DIRECT_ENABLED,False,OK,0.0,2.771,-2.771,0,0.0,0.0,
BTCUSDC_SHORT,EZ_REENTRY_INLINE_EVAL2_DIRECT_ENABLED,True,OK,0.0,2.771,-2.771,0,0.0,0.0,
BTCUSDC_SHORT,SCALP_V3_DIAG_LOG,,OK,0.0,2.771,-2.771,0,0.0,0.0,
BTCUSDC_SHORT,STDEV_REJECT_EXIT_TF,D,OK,0.0,2.771,-2.771,0,0.0,0.0,
BTCUSDC_SHORT,STDEV_REJECT_EXIT_TF,3m,OK,0.0,2.771,-2.771,0,0.0,0.0,
BTCUSDC_SHORT,STDEV_REJECT_EXIT_TF,15m,OK,0.0,2.771,-2.771,0,0.0,0.0,
BTCUSDC_SHORT,STDEV_REJECT_EXIT_TF,1h,OK,0.0,2.771,-2.771,0,0.0,0.0,
BTCUSDC_SHORT,STDEV_REJECT_EXIT_TF,4h,OK,0.0,2.771,-2.771,0,0.0,0.0,
BTCUSDC_SHORT,REENTRY_CROSS_FRESHNESS_ENABLED,False,OK,0.0,2.771,-2.771,0,0.0,0.0,
BTCUSDC_SHORT,REENTRY_CROSS_FRESHNESS_ENABLED,True,OK,0.0,2.771,-2.771,0,0.0,0.0,
BTCUSDC_SHORT,SCALP_V3_ACCOUNTS,,OK,0.0,2.771,-2.771,0,0.0,0.0,
BTCUSDC_SHORT,SCALP_V3_SCAN_INTERVAL_SEC,,OK,0.0,2.771,-2.771,0,0.0,0.0,
BTCUSDC_SHORT,ENABLE_LOSS_PROTECTION,False,OK,0.0,2.771,-2.771,0,0.0,0.0,
BTCUSDC_SHORT,ENABLE_LOSS_PROTECTION,True,OK,0.0,2.771,-2.771,0,0.0,0.0,
BTCUSDC_SHORT,NEW_POSITION_MIN_AGE_SECONDS,180.0,OK,0.0,2.771,-2.771,0,0.0,0.0,
BTCUSDC_SHORT,NEW_POSITION_MIN_AGE_SECONDS,0.0,OK,0.0,2.771,-2.771,0,0.0,0.0,
BTCUSDC_SHORT,REDIS_DB,,OK,0.0,2.771,-2.771,0,0.0,0.0,
BTCUSDC_SHORT,REDIS_HOST,,OK,0.0,2.771,-2.771,0,0.0,0.0,
BTCUSDC_SHORT,REDIS_PORT,,OK,0.0,2.771,-2.771,0,0.0,0.0,
BTCUSDC_SHORT,DAEMON_REENTRY_SHORT_WT_XUNDER_GATE_ENABLED,False,OK,0.0,2.771,-2.771,0,0.0,0.0,
BTCUSDC_SHORT,DAEMON_REENTRY_SHORT_WT_XUNDER_GATE_ENABLED,True,OK,0.0,2.771,-2.771,0,0.0,0.0,
BTCUSDC_SHORT,EZ_REENTRY_QUEUE_CONSUMER_INTERVAL_S,,OK,0.0,2.771,-2.771,0,0.0,0.0,
BTCUSDC_SHORT,EXIT_MARKET_SPIKE_REDUCE_ENABLED,False,OK,0.0,2.771,-2.771,0,0.0,0.0,
BTCUSDC_SHORT,EXIT_MARKET_SPIKE_REDUCE_ENABLED,True,OK,0.0,2.771,-2.771,0,0.0,0.0,
BTCUSDC_SHORT,EZ_INDICATORS_CMD_TIMEOUT,,OK,0.0,2.771,-2.771,0,0.0,0.0,
BTCUSDC_SHORT,EZ_INDICATORS_RESTART_COOLDOWN,,OK,0.0,2.771,-2.771,0,0.0,0.0,
BTCUSDC_SHORT,EZ_INDICATORS_START_CMD,,OK,0.0,2.771,-2.771,0,0.0,0.0,
BTCUSDC_SHORT,BTC_HARD_BLOCK_OTHER_ACCOUNTS,False,OK,0.0,2.771,-2.771,0,0.0,0.0,
BTCUSDC_SHORT,BTC_HARD_BLOCK_OTHER_ACCOUNTS,True,OK,0.0,2.771,-2.771,0,0.0,0.0,
BTCUSDC_SHORT,BTC_DEDICATED_ACCOUNTS,,OK,0.0,2.771,-2.771,0,0.0,0.0,
BTCUSDC_SHORT,BTC_DEDICATED_SYMBOLS,,OK,0.0,2.771,-2.771,0,0.0,0.0,
BTCUSDC_SHORT,BTC_LEVERAGE,,OK,0.0,2.771,-2.771,0,0.0,0.0,
BTCUSDC_SHORT,BTC_PER_TRADE_NOTIONAL_USD_MAX,,OK,0.0,2.771,-2.771,0,0.0,0.0,
BTCUSDC_SHORT,BTC_TECH_EXIT_WT_MIN_TFS,3,OK,0.0,2.771,-2.771,0,0.0,0.0,
BTCUSDC_SHORT,BTC_TECH_EXIT_WT_MIN_TFS,1,OK,0.0,2.771,-2.771,0,0.0,0.0,
BTCUSDC_SHORT,REENTRY_DISPATCH_MAX_ATTEMPTS,0.0,OK,0.0,2.771,-2.771,0,0.0,0.0,
BTCUSDC_SHORT,REENTRY_DISPATCH_MAX_ATTEMPTS,3.0,OK,0.0,2.771,-2.771,0,0.0,0.0,
BTCUSDC_SHORT,REENTRY_DISPATCH_MAX_ATTEMPTS,1.0,OK,0.0,2.771,-2.771,0,0.0,0.0,
BTCUSDC_SHORT,REENTRY_DISPATCH_MAX_ATTEMPTS,4.0,OK,0.0,2.771,-2.771,0,0.0,0.0,
BTCUSDC_SHORT,HTF_GATE_MIN_CONFIRMATIONS,2,OK,0.0,2.771,-2.771,0,0.0,0.0,
BTCUSDC_SHORT,HTF_GATE_MIN_CONFIRMATIONS,1,OK,0.0,2.771,-2.771,0,0.0,0.0,
BTCUSDC_SHORT,STDEV_BREAKOUT_EXIT_PCTB_FAIL,0.75,OK,0.0,2.771,-2.771,0,0.0,0.0,
BTCUSDC_SHORT,STDEV_BREAKOUT_EXIT_PCTB_FAIL,1.0,OK,0.0,2.771,-2.771,0,0.0,0.0,
BTCUSDC_SHORT,STDEV_BREAKOUT_EXIT_PCTB_FAIL,1.125,OK,0.0,2.771,-2.771,0,0.0,0.0,
BTCUSDC_SHORT,STDEV_BREAKOUT_EXIT_WT_ENABLED,False,OK,0.0,2.771,-2.771,0,0.0,0.0,
BTCUSDC_SHORT,STDEV_BREAKOUT_EXIT_WT_ENABLED,True,OK,0.0,2.771,-2.771,0,0.0,0.0,
BTCUSDC_SHORT,VOL_SPIKE_BODY_RATIO,,OK,0.0,2.771,-2.771,0,0.0,0.0,
BTCUSDC_SHORT,VOL_SPIKE_ENABLED,False,OK,0.0,2.771,-2.771,0,0.0,0.0,
BTCUSDC_SHORT,VOL_SPIKE_ENABLED,True,OK,0.0,2.771,-2.771,0,0.0,0.0,
BTCUSDC_SHORT,VOL_SPIKE_RELVOL_THRESHOLD,0.0,OK,0.0,2.771,-2.771,0,0.0,0.0,
BTCUSDC_SHORT,VOL_SPIKE_RELVOL_THRESHOLD,3.0,OK,0.0,2.771,-2.771,0,0.0,0.0,
BTCUSDC_SHORT,VOL_SPIKE_RELVOL_THRESHOLD,1.0,OK,0.0,2.771,-2.771,0,0.0,0.0,
BTCUSDC_SHORT,LAST_RESORT_K_BYPASS_ENABLED,,OK,0.0,2.771,-2.771,0,0.0,0.0,
BTCUSDC_SHORT,PRICE_CACHE_FILE,,OK,0.0,2.771,-2.771,0,0.0,0.0,
BTCUSDC_SHORT,PRICE_CACHE_FILE_2,,OK,0.0,2.771,-2.771,0,0.0,0.0,
BTCUSDC_SHORT,PRICE_CACHE_FILE_3,,OK,0.0,2.771,-2.771,0,0.0,0.0,
BTCUSDC_SHORT,BAND_ARROW_ENABLED,False,OK,0.0,2.771,-2.771,0,0.0,0.0,
BTCUSDC_SHORT,BAND_ARROW_ENABLED,True,OK,0.0,2.771,-2.771,0,0.0,0.0,
BTCUSDC_SHORT,BAND_ARROW_ENTRY_TFS,0.0,OK,0.0,2.771,-2.771,0,0.0,0.0,
BTCUSDC_SHORT,BAND_ARROW_ENTRY_TFS,1.0,OK,0.0,2.771,-2.771,0,0.0,0.0,
BTCUSDC_SHORT,BAND_ARROW_SLOPE_DEADBAND,False,OK,0.0,2.771,-2.771,0,0.0,0.0,
BTCUSDC_SHORT,BAND_ARROW_SLOPE_DEADBAND,True,OK,0.0,2.771,-2.771,0,0.0,0.0,
BTCUSDC_SHORT,TRA_SATOSHIT_ONLY,False,OK,0.0,2.771,-2.771,0,0.0,0.0,
BTCUSDC_SHORT,TRA_SATOSHIT_ONLY,True,OK,0.0,2.771,-2.771,0,0.0,0.0,
BTCUSDC_SHORT,LATEST_MARKET_DATA_FILE,,OK,0.0,2.771,-2.771,0,0.0,0.0,
BTCUSDC_SHORT,EXECUTE_NOW_WIRE_TRIPWIRE_MAX_LAG_S,,OK,0.0,2.771,-2.771,0,0.0,0.0,
BTCUSDC_SHORT,EXECUTE_NOW_WIRE_TRIPWIRE_SHADOW,,OK,0.0,2.771,-2.771,0,0.0,0.0,
BTCUSDC_SHORT,REDIS_KEY_MARKET_DATA,,OK,0.0,2.771,-2.771,0,0.0,0.0,
BTCUSDC_SHORT,VERBOSE2,,OK,0.0,2.771,-2.771,0,0.0,0.0,
BTCUSDC_SHORT,ENTRY_VET_NO_STRUCT_OR_BREAKOUT_REQUIRED,,OK,0.0,2.771,-2.771,0,0.0,0.0,
BTCUSDC_SHORT,ENTRY_VET_RELAX_MODE,,OK,0.0,2.771,-2.771,0,0.0,0.0,
BTCUSDC_SHORT,CIRCUIT_BREAKER_COOLDOWN,,OK,0.0,2.771,-2.771,0,0.0,0.0,
BTCUSDC_SHORT,ORDER_CACHE_TTL,,OK,0.0,2.771,-2.771,0,0.0,0.0,
BTCUSDC_SHORT,LIVE_USDC_PAIRS_FILE,,OK,0.0,2.771,-2.771,0,0.0,0.0,
BTCUSDC_SHORT,SYMBOL_CONFIGS_FILE,,OK,0.0,2.771,-2.771,0,0.0,0.0,
BTCUSDC_SHORT,SERVER_HEARTBEAT_BLOCK_ENABLED,,OK,0.0,2.771,-2.771,0,0.0,0.0,
BTCUSDC_SHORT,EZ_INDICATORS_SHUTDOWN_CMD,,OK,0.0,2.771,-2.771,0,0.0,0.0,
BTCUSDC_SHORT,BTC_PER_SYM_CONFIG_ENABLED,,OK,0.0,2.771,-2.771,0,0.0,0.0,
BTCUSDC_SHORT,PERSYM_FINAL_BOOK_ENABLED,False,OK,0.0,2.771,-2.771,0,0.0,0.0,
BTCUSDC_SHORT,PERSYM_FINAL_BOOK_ENABLED,True,OK,0.0,2.771,-2.771,0,0.0,0.0,
BTCUSDC_SHORT,SCALP_V3_AUG_BE_STOP_ENABLED,False,OK,0.0,2.771,-2.771,0,0.0,0.0,
BTCUSDC_SHORT,SCALP_V3_AUG_BE_STOP_ENABLED,True,OK,0.0,2.771,-2.771,0,0.0,0.0,
BTCUSDC_SHORT,SCALP_V3_AUG_BE_STOP_PCT,0.1,OK,0.0,2.771,-2.771,0,0.0,0.0,
BTCUSDC_SHORT,SCALP_V3_AUG_BE_STOP_PCT,0.0,OK,0.0,2.771,-2.771,0,0.0,0.0,
BTCUSDC_SHORT,EXIT_PREEMPTIVE_BREAKEVEN_ENABLED,False,OK,0.0,2.771,-2.771,0,0.0,0.0,
BTCUSDC_SHORT,EXIT_PREEMPTIVE_BREAKEVEN_ENABLED,True,OK,0.0,2.771,-2.771,0,0.0,0.0,
BTCUSDC_SHORT,DC_WIDTH_MAX_MULT,,OK,0.0,2.771,-2.771,0,0.0,0.0,
BTCUSDC_SHORT,DC_WIDTH_SIZING_ENABLED,False,OK,0.0,2.771,-2.771,0,0.0,0.0,
BTCUSDC_SHORT,DC_WIDTH_SIZING_ENABLED,True,OK,0.0,2.771,-2.771,0,0.0,0.0,
BTCUSDC_SHORT,TF_MICRO,,OK,0.0,2.771,-2.771,0,0.0,0.0,
BTCUSDC_SHORT,TF_SCALP,,OK,0.0,2.771,-2.771,0,0.0,0.0,
BTCUSDC_SHORT,REV_MODE,,OK,0.0,2.771,-2.771,0,0.0,0.0,
BTCUSDC_SHORT,PARTIAL_PROFIT_LOCK_FRAC,0.5,OK,0.0,2.771,-2.771,0,0.0,0.0,
BTCUSDC_SHORT,PARTIAL_PROFIT_LOCK_FRAC,0.25,OK,0.0,2.771,-2.771,0,0.0,0.0,
BTCUSDC_SHORT,PARTIAL_PROFIT_LOCK_FRAC,0.375,OK,0.0,2.771,-2.771,0,0.0,0.0,
BTCUSDC_SHORT,PARTIAL_PROFIT_LOCK_FRAC,0.625,OK,0.0,2.771,-2.771,0,0.0,0.0,
BTCUSDC_SHORT,PARTIAL_PROFIT_LOCK_FRAC,0.75,OK,0.0,2.771,-2.771,0,0.0,0.0,
BTCUSDC_SHORT,PARTIAL_PROFIT_LOCK_FRAC,1.0,OK,0.0,2.771,-2.771,0,0.0,0.0,
BTCUSDC_SHORT,TRC_BEAR_MARKET_MODE,,OK,0.0,2.771,-2.771,0,0.0,0.0,
BTCUSDC_SHORT,WT_EXIT_MIN_TFS_TRADIER,0.0,OK,0.0,2.771,-2.771,0,0.0,0.0,
BTCUSDC_SHORT,WT_EXIT_MIN_TFS_TRADIER,5.0,OK,0.0,2.771,-2.771,0,0.0,0.0,
BTCUSDC_SHORT,WT_EXIT_MIN_TFS_TRADIER,2.0,OK,0.0,2.771,-2.771,0,0.0,0.0,
BTCUSDC_SHORT,WT_EXIT_MIN_TFS_TRADIER,7.0,OK,0.0,2.771,-2.771,0,0.0,0.0,
BTCUSDC_SHORT,WT_EXIT_TFS_TRADIER,0.0,OK,0.0,2.771,-2.771,0,0.0,0.0,
BTCUSDC_SHORT,WT_EXIT_TFS_TRADIER,1.0,OK,0.0,2.771,-2.771,0,0.0,0.0,
BTCUSDC_SHORT,KLINES_CACHE_DIR,,OK,0.0,2.771,-2.771,0,0.0,0.0,
BTCUSDC_SHORT,ROTATION_LOOKBACK_DAYS,,OK,0.0,2.771,-2.771,0,0.0,0.0,
BTCUSDC_SHORT,TR_TREND_V1_SHADOW_SYMBOLS,,OK,0.0,2.771,-2.771,0,0.0,0.0,
BTCUSDC_SHORT,MTF_ARROW_WEIGHTS,,OK,0.0,2.771,-2.771,0,0.0,0.0,
BTCUSDC_SHORT,ACCOUNTS,,OK,0.0,2.771,-2.771,0,0.0,0.0,
BTCUSDC_SHORT,INTERVENTION_QUEUE_ENABLED,,OK,0.0,2.771,-2.771,0,0.0,0.0,
BTCUSDC_SHORT,VALIDATE_REFRESH,False,OK,0.0,2.771,-2.771,0,0.0,0.0,
BTCUSDC_SHORT,VALIDATE_REFRESH,True,OK,0.0,2.771,-2.771,0,0.0,0.0,
BTCUSDC_SHORT,SYMBOLS,,OK,0.0,2.771,-2.771,0,0.0,0.0,
BTCUSDC_SHORT,REENTRY_LIVE_MONITOR_INTERVAL_S,False,OK,0.0,2.771,-2.771,0,0.0,0.0,
BTCUSDC_SHORT,REENTRY_LIVE_MONITOR_INTERVAL_S,True,OK,0.0,2.771,-2.771,0,0.0,0.0,
BTCUSDC_SHORT,PER_SYM_CONFIG_ENABLED,,OK,0.0,2.771,-2.771,0,0.0,0.0,
BTCUSDC_SHORT,RATIO_MULTIPLIER,,OK,0.0,2.771,-2.771,0,0.0,0.0,
BTCUSDC_SHORT,SYMBOL_TRACKER_ENABLED,,OK,0.0,2.771,-2.771,0,0.0,0.0,
BTCUSDC_SHORT,MARKET_DATA_REFRESH_INTERVAL_SECONDS,,OK,0.0,2.771,-2.771,0,0.0,0.0,
BTCUSDC_SHORT,MIN_QTY_FILE,,OK,0.0,2.771,-2.771,0,0.0,0.0,
BTCUSDC_SHORT,MAX_MEMORY_GB,,OK,0.0,2.771,-2.771,0,0.0,0.0,
BTCUSDC_SHORT,SLEEP_TIME_PROC_ACCT,,OK,0.0,2.771,-2.771,0,0.0,0.0,
BTCUSDC_SHORT,GRACEFUL_EXIT_FILE_TEMPLATE,,OK,0.0,2.771,-2.771,0,0.0,0.0,
BTCUSDC_SHORT,EZ_MANAGE_THROTTLER_RATE,,OK,0.0,2.771,-2.771,0,0.0,0.0,
BTCUSDC_SHORT,SBA_ADX_MAX,,OK,0.0,2.771,-2.771,0,0.0,0.0,
BTCUSDC_SHORT,SCALP_V3_SR_TOL_PCT,,OK,0.0,2.771,-2.771,0,0.0,0.0,
BTCUSDC_SHORT,ZEC_FLZ_LONG_SIZE_MULT,,OK,0.0,2.771,-2.771,0,0.0,0.0,
BTCUSDC_SHORT,EXECUTE_NOW_SINGLE_GATE_ENFORCE,,OK,0.0,2.771,-2.771,0,0.0,0.0,
BTCUSDC_SHORT,EZ_REENTRY_DAEMON_ENABLED,False,OK,0.0,2.771,-2.771,0,0.0,0.0,
BTCUSDC_SHORT,EZ_REENTRY_DAEMON_ENABLED,True,OK,0.0,2.771,-2.771,0,0.0,0.0,
BTCUSDC_SHORT,OBLIGATORY_REENTRY_ENABLED,False,OK,0.0,2.771,-2.771,0,0.0,0.0,
BTCUSDC_SHORT,OBLIGATORY_REENTRY_ENABLED,True,OK,0.0,2.771,-2.771,0,0.0,0.0,
BTCUSDC_SHORT,EZ_REENTRY_PRICE_CROSS_INTERVAL_S,,OK,0.0,2.771,-2.771,0,0.0,0.0,
BTCUSDC_SHORT,SPIKE_FADE_ENABLED,,OK,0.0,2.771,-2.771,0,0.0,0.0,
BTCUSDC_SHORT,NO_FILTERS,False,OK,0.0,2.771,-2.771,0,0.0,0.0,
BTCUSDC_SHORT,NO_FILTERS,True,OK,-4689.087086484368,2.771,-4691.858086484368,3653,25.00171103962768,4689.087086484368,
BTCUSDC_SHORT,PERFECT_MODE,False,OK,0.0,2.771,-2.771,0,0.0,0.0,
BTCUSDC_SHORT,PERFECT_MODE,True,OK,-249.65279023437498,2.771,-252.42379023437496,183,1.2524810074601327,249.65279023437498,
BTCUSDC_SHORT,TIGHT_EXIT_BARS,300,OK,0.0,2.771,-2.771,0,0.0,0.0,
BTCUSDC_SHORT,TIGHT_EXIT_BARS,0,OK,0.0,2.771,-2.771,0,0.0,0.0,
BTCUSDC_SHORT,TIGHT_EXITS_ENABLED,False,OK,0.0,2.771,-2.771,0,0.0,0.0,
BTCUSDC_SHORT,TIGHT_EXITS_ENABLED,True,OK,0.0,2.771,-2.771,0,0.0,0.0,
BTCUSDC_SHORT,MODE,tradier,OK,0.0,2.771,-2.771,0,0.0,0.0,
BTCUSDC_SHORT,BASE_TF,3m,OK,0.0,2.771,-2.771,0,0.0,0.0,
BTCUSDC_SHORT,BASE_TF,15m,OK,0.0,2.771,-2.771,0,0.0,0.0,
BTCUSDC_SHORT,BASE_TF,1h,OK,0.0,2.771,-2.771,0,0.0,0.0,
BTCUSDC_SHORT,BASE_TF,4h,OK,0.0,2.771,-2.771,0,0.0,0.0,
BTCUSDC_SHORT,BASE_TF,D,OK,0.0,2.771,-2.771,0,0.0,0.0,
BTCUSDC_SHORT,COOLDOWN_BARS,3,OK,0.0,2.771,-2.771,0,0.0,0.0,
BTCUSDC_SHORT,COOLDOWN_BARS,10,OK,0.0,2.771,-2.771,0,0.0,0.0,
BTCUSDC_SHORT,COOLDOWN_BARS,4,OK,0.0,2.771,-2.771,0,0.0,0.0,
BTCUSDC_SHORT,NOLOSS_ENABLED,False,OK,0.0,2.771,-2.771,0,0.0,0.0,
BTCUSDC_SHORT,NOLOSS_ENABLED,True,OK,0.0,2.771,-2.771,0,0.0,0.0,
BTCUSDC_SHORT,CRYPTO_ROUND_TRIP_COMMISSION_PCT,0.08,OK,0.0,2.771,-2.771,0,0.0,0.0,
BTCUSDC_SHORT,CRYPTO_ROUND_TRIP_COMMISSION_PCT,0.0,OK,0.0,2.771,-2.771,0,0.0,0.0,
BTCUSDC_SHORT,CRYPTO_ROUND_TRIP_COMMISSION_PCT,0.5,OK,0.0,2.771,-2.771,0,0.0,0.0,
BTCUSDC_SHORT,CRYPTO_ROUND_TRIP_COMMISSION_PCT,1.0,OK,0.0,2.771,-2.771,0,0.0,0.0,
BTCUSDC_SHORT,VEL_EXIT_ENABLED,False,OK,0.0,2.771,-2.771,0,0.0,0.0,
BTCUSDC_SHORT,VEL_EXIT_ENABLED,True,OK,0.0,2.771,-2.771,0,0.0,0.0,
BTCUSDC_SHORT,SATOSHIT_MIN_VOTES,3,OK,0.0,2.771,-2.771,0,0.0,0.0,
BTCUSDC_SHORT,SATOSHIT_MIN_VOTES,2,OK,0.0,2.771,-2.771,0,0.0,0.0,
BTCUSDC_SHORT,SATOSHIT_MIN_VOTES,4,OK,0.0,2.771,-2.771,0,0.0,0.0,
BTCUSDC_SHORT,SATOSHIT_MIN_VOTES,5,OK,0.0,2.771,-2.771,0,0.0,0.0,
BTCUSDC_SHORT,SATOSHIT_MIN_VOTES,6,OK,0.0,2.771,-2.771,0,0.0,0.0,
BTCUSDC_SHORT,HTF_ALIGNMENT_ENABLED,False,OK,0.0,2.771,-2.771,0,0.0,0.0,
BTCUSDC_SHORT,HTF_ALIGNMENT_ENABLED,True,OK,0.0,2.771,-2.771,0,0.0,0.0,
BTCUSDC_SHORT,HTF_MIN_ALIGNED,1,OK,0.0,2.771,-2.771,0,0.0,0.0,
BTCUSDC_SHORT,HTF_MIN_ALIGNED,0,OK,0.0,2.771,-2.771,0,0.0,0.0,
BTCUSDC_SHORT,HTF_MIN_ALIGNED,3,OK,0.0,2.771,-2.771,0,0.0,0.0,
BTCUSDC_SHORT,D_TREND_REQUIRED,False,OK,0.0,2.771,-2.771,0,0.0,0.0,
BTCUSDC_SHORT,D_TREND_REQUIRED,True,OK,0.0,2.771,-2.771,0,0.0,0.0,
BTCUSDC_SHORT,STOCH_ENTRY_ENABLED,False,OK,0.0,2.771,-2.771,0,0.0,0.0,
BTCUSDC_SHORT,STOCH_ENTRY_ENABLED,True,OK,0.0,2.771,-2.771,0,0.0,0.0,
BTCUSDC_SHORT,WT_ENTRY_ENABLED,False,OK,0.0,2.771,-2.771,0,0.0,0.0,
BTCUSDC_SHORT,WT_ENTRY_ENABLED,True,OK,0.0,2.771,-2.771,0,0.0,0.0,
BTCUSDC_SHORT,ENTRY_BOUNCE_DEEP_TURN_COMPOSITE_V1_ENABLED,False,OK,0.0,2.771,-2.771,0,0.0,0.0,
BTCUSDC_SHORT,ENTRY_BOUNCE_DEEP_TURN_COMPOSITE_V1_ENABLED,True,OK,0.0,2.771,-2.771,0,0.0,0.0,
BTCUSDC_SHORT,ENTRY_BOUNCE_DEEP_TURN_COMPOSITE_V1_SYMBOLS,(),OK,0.0,2.771,-2.771,0,0.0,0.0,
BTCUSDC_SHORT,ENTRY_BOUNCE_DEEP_TURN_COMPOSITE_V1_SYMBOLS,"('WDAY',)",OK,0.0,2.771,-2.771,0,0.0,0.0,
BTCUSDC_SHORT,ENTRY_BOUNCE_DEEP_TURN_COMPOSITE_V1_SIDE,SHORT,OK,0.0,2.771,-2.771,0,0.0,0.0,
BTCUSDC_SHORT,ENTRY_BOUNCE_DEEP_TURN_COMPOSITE_V1_SIDE,LONG,OK,0.0,2.771,-2.771,0,0.0,0.0,
BTCUSDC_SHORT,ENTRY_BOUNCE_DEEP_TURN_COMPOSITE_V1_SIDE,BOTH,OK,0.0,2.771,-2.771,0,0.0,0.0,
BTCUSDC_SHORT,ENTRY_BOUNCE_DEEP_TURN_COMPOSITE_V1_BOUNCE_TIMEFRAME,5m,OK,0.0,2.771,-2.771,0,0.0,0.0,
BTCUSDC_SHORT,ENTRY_BOUNCE_DEEP_TURN_COMPOSITE_V1_BOUNCE_TIMEFRAME,3m,OK,0.0,2.771,-2.771,0,0.0,0.0,
BTCUSDC_SHORT,ENTRY_BOUNCE_DEEP_TURN_COMPOSITE_V1_BOUNCE_TIMEFRAME,15m,OK,0.0,2.771,-2.771,0,0.0,0.0,
BTCUSDC_SHORT,ENTRY_BOUNCE_DEEP_TURN_COMPOSITE_V1_BOUNCE_TIMEFRAME,1h,OK,0.0,2.771,-2.771,0,0.0,0.0,
BTCUSDC_SHORT,ENTRY_BOUNCE_DEEP_TURN_COMPOSITE_V1_BOUNCE_TIMEFRAME,4h,OK,0.0,2.771,-2.771,0,0.0,0.0,
BTCUSDC_SHORT,ENTRY_BOUNCE_DEEP_TURN_COMPOSITE_V1_BOUNCE_TIMEFRAME,D,OK,0.0,2.771,-2.771,0,0.0,0.0,
BTCUSDC_SHORT,ENTRY_BOUNCE_DEEP_TURN_COMPOSITE_V1_BOUNCE_DISTANCE,0.015,OK,0.0,2.771,-2.771,0,0.0,0.0,
BTCUSDC_SHORT,ENTRY_BOUNCE_DEEP_TURN_COMPOSITE_V1_BOUNCE_DISTANCE,0.0075,OK,0.0,2.771,-2.771,0,0.0,0.0,
BTCUSDC_SHORT,ENTRY_BOUNCE_DEEP_TURN_COMPOSITE_V1_DEEP_K4H,50.0,OK,0.0,2.771,-2.771,0,0.0,0.0,
BTCUSDC_SHORT,ENTRY_BOUNCE_DEEP_TURN_COMPOSITE_V1_DEEP_K4H,0.0,OK,0.0,2.771,-2.771,0,0.0,0.0,
BTCUSDC_SHORT,ENTRY_BOUNCE_DEEP_TURN_COMPOSITE_V1_TURN_K1H,40.0,OK,0.0,2.771,-2.771,0,0.0,0.0,
BTCUSDC_SHORT,ENTRY_BOUNCE_DEEP_TURN_COMPOSITE_V1_TURN_K1H,60.0,OK,0.0,2.771,-2.771,0,0.0,0.0,
BTCUSDC_SHORT,ENTRY_BOUNCE_DEEP_TURN_COMPOSITE_V1_TURN_K1H,40.1,OK,0.0,2.771,-2.771,0,0.0,0.0,
BTCUSDC_SHORT,ENTRY_BOUNCE_DEEP_TURN_COMPOSITE_V1_CONFIRMATION_MIN,2,OK,0.0,2.771,-2.771,0,0.0,0.0,
BTCUSDC_SHORT,ENTRY_BOUNCE_DEEP_TURN_COMPOSITE_V1_CONFIRMATION_MIN,1,OK,0.0,2.771,-2.771,0,0.0,0.0,
BTCUSDC_SHORT,ENTRY_BOUNCE_DEEP_TURN_COMPOSITE_V1_CONFIRMATION_MIN,3,OK,0.0,2.771,-2.771,0,0.0,0.0,
BTCUSDC_SHORT,ENTRY_BOUNCE_DONCHIAN_DIRECT_TIMEFRAME,5m,OK,0.0,2.771,-2.771,0,0.0,0.0,
BTCUSDC_SHORT,ENTRY_BOUNCE_DONCHIAN_DIRECT_TIMEFRAME,3m,OK,0.0,2.771,-2.771,0,0.0,0.0,
BTCUSDC_SHORT,ENTRY_BOUNCE_DONCHIAN_DIRECT_TIMEFRAME,15m,OK,0.0,2.771,-2.771,0,0.0,0.0,
BTCUSDC_SHORT,ENTRY_BOUNCE_DONCHIAN_DIRECT_TIMEFRAME,1h,OK,0.0,2.771,-2.771,0,0.0,0.0,
BTCUSDC_SHORT,ENTRY_BOUNCE_DONCHIAN_DIRECT_TIMEFRAME,4h,OK,0.0,2.771,-2.771,0,0.0,0.0,
BTCUSDC_SHORT,ENTRY_BOUNCE_DONCHIAN_DIRECT_TIMEFRAME,D,OK,0.0,2.771,-2.771,0,0.0,0.0,
BTCUSDC_SHORT,ENTRY_BOUNCE_DONCHIAN_DIRECT_DISTANCE,0.008,OK,0.0,2.771,-2.771,0,0.0,0.0,
BTCUSDC_SHORT,ENTRY_BOUNCE_DONCHIAN_DIRECT_DISTANCE,0.0,OK,0.0,2.771,-2.771,0,0.0,0.0,
BTCUSDC_SHORT,ENTRY_BOUNCE_DONCHIAN_DIRECT_RECOVERY_ONLY,False,OK,0.0,2.771,-2.771,0,0.0,0.0,
BTCUSDC_SHORT,ENTRY_BOUNCE_DONCHIAN_DIRECT_RECOVERY_ONLY,True,OK,0.0,2.771,-2.771,0,0.0,0.0,
BTCUSDC_SHORT,ENTRY_BOUNCE_DONCHIAN_DIRECT_CONFIRMATION,none,OK,0.0,2.771,-2.771,0,0.0,0.0,
BTCUSDC_SHORT,ENTRY_STOCH_HHHL_DIRECT_TFS,"('1h',)",OK,0.0,2.771,-2.771,0,0.0,0.0,
BTCUSDC_SHORT,ENTRY_STOCH_HHHL_DIRECT_TFS,"('3m',)",OK,0.0,2.771,-2.771,0,0.0,0.0,
BTCUSDC_SHORT,ENTRY_STOCH_HHHL_DIRECT_TFS,"('15m',)",OK,0.0,2.771,-2.771,0,0.0,0.0,
BTCUSDC_SHORT,ENTRY_STOCH_HHHL_DIRECT_TFS,"('4h',)",OK,0.0,2.771,-2.771,0,0.0,0.0,
BTCUSDC_SHORT,ENTRY_STOCH_HHHL_DIRECT_TFS,"('D',)",OK,0.0,2.771,-2.771,0,0.0,0.0,
BTCUSDC_SHORT,ENTRY_STOCH_HHHL_DIRECT_MIN_CONFIRMING_TFS,1,OK,0.0,2.771,-2.771,0,0.0,0.0,
BTCUSDC_SHORT,ENTRY_STOCH_HHHL_DIRECT_MIN_CONFIRMING_TFS,0,OK,0.0,2.771,-2.771,0,0.0,0.0,
BTCUSDC_SHORT,ENTRY_STOCH_HHHL_DIRECT_STOCH_THRESHOLD,20.0,OK,0.0,2.771,-2.771,0,0.0,0.0,
BTCUSDC_SHORT,ENTRY_STOCH_HHHL_DIRECT_STOCH_THRESHOLD,1.0,OK,0.0,2.771,-2.771,0,0.0,0.0,
BTCUSDC_SHORT,ENTRY_STOCH_HHHL_DIRECT_STOCH_THRESHOLD,30.0,OK,0.0,2.771,-2.771,0,0.0,0.0,
BTCUSDC_SHORT,ENTRY_STOCH_PARENT_DIRECT_FAMILY,ENTRY_1H_TURN_UP,OK,0.0,2.771,-2.771,0,0.0,0.0,
BTCUSDC_SHORT,ENTRY_STOCH_PARENT_DIRECT_THRESHOLD,40.0,OK,0.0,2.771,-2.771,0,0.0,0.0,
BTCUSDC_SHORT,ENTRY_STOCH_PARENT_DIRECT_THRESHOLD,1.0,OK,0.0,2.771,-2.771,0,0.0,0.0,
BTCUSDC_SHORT,ENTRY_STOCH_PARENT_DIRECT_THRESHOLD,20.0,OK,0.0,2.771,-2.771,0,0.0,0.0,
BTCUSDC_SHORT,ENTRY_STOCH_PARENT_DIRECT_THRESHOLD,60.0,OK,0.0,2.771,-2.771,0,0.0,0.0,
BTCUSDC_SHORT,ENTRY_STOCH_PARENT_DIRECT_TURN_DEFINITION,rising-vs-prior,OK,0.0,2.771,-2.771,0,0.0,0.0,
BTCUSDC_SHORT,K_ZONE_LONG_THRESHOLD_TRADIER,35,OK,0.0,2.771,-2.771,0,0.0,0.0,
BTCUSDC_SHORT,K_ZONE_LONG_THRESHOLD_TRADIER,43,OK,0.0,2.771,-2.771,0,0.0,0.0,
BTCUSDC_SHORT,BB_PCTB_ENTRY_ENABLED,False,OK,0.0,2.771,-2.771,0,0.0,0.0,
BTCUSDC_SHORT,BB_PCTB_ENTRY_ENABLED,True,OK,0.0,2.771,-2.771,0,0.0,0.0,
BTCUSDC_SHORT,MFI_ENTRY_LONG_MAX,60.0,OK,0.0,2.771,-2.771,0,0.0,0.0,
BTCUSDC_SHORT,MFI_ENTRY_LONG_MAX,0.0,OK,0.0,2.771,-2.771,0,0.0,0.0,
BTCUSDC_SHORT,MFI_ENTRY_SHORT_MIN,40.0,OK,0.0,2.771,-2.771,0,0.0,0.0,
BTCUSDC_SHORT,MFI_ENTRY_SHORT_MIN,0.0,OK,0.0,2.771,-2.771,0,0.0,0.0,
BTCUSDC_SHORT,WT_EXIT_MIN_TFS,2,OK,0.0,2.771,-2.771,0,0.0,0.0,
BTCUSDC_SHORT,WT_EXIT_MIN_TFS,3,OK,0.0,2.771,-2.771,0,0.0,0.0,
BTCUSDC_SHORT,WT_EXIT_MIN_TFS,4,OK,0.0,2.771,-2.771,0,0.0,0.0,
BTCUSDC_SHORT,WT_EXIT_MIN_TFS,6,OK,0.0,2.771,-2.771,0,0.0,0.0,
BTCUSDC_SHORT,WT_DIV_EXIT_TF,1h,OK,0.0,2.771,-2.771,0,0.0,0.0,
BTCUSDC_SHORT,WT_DIV_EXIT_TF,3m,OK,0.0,2.771,-2.771,0,0.0,0.0,
BTCUSDC_SHORT,WT_DIV_EXIT_TF,15m,OK,0.0,2.771,-2.771,0,0.0,0.0,
BTCUSDC_SHORT,WT_DIV_EXIT_TF,4h,OK,0.0,2.771,-2.771,0,0.0,0.0,
BTCUSDC_SHORT,WT_DIV_EXIT_TF,D,OK,0.0,2.771,-2.771,0,0.0,0.0,
BTCUSDC_SHORT,WT_DIV_EXIT_REQUIRE_EXHAUST,False,OK,0.0,2.771,-2.771,0,0.0,0.0,
BTCUSDC_SHORT,WT_DIV_EXIT_REQUIRE_EXHAUST,True,OK,0.0,2.771,-2.771,0,0.0,0.0,
BTCUSDC_SHORT,WT_DIV_EXIT_MOM_TF,1h,OK,0.0,2.771,-2.771,0,0.0,0.0,
BTCUSDC_SHORT,WT_DIV_EXIT_MOM_TF,3m,OK,0.0,2.771,-2.771,0,0.0,0.0,
BTCUSDC_SHORT,WT_DIV_EXIT_MOM_TF,15m,OK,0.0,2.771,-2.771,0,0.0,0.0,
BTCUSDC_SHORT,WT_DIV_EXIT_MOM_TF,4h,OK,0.0,2.771,-2.771,0,0.0,0.0,
BTCUSDC_SHORT,WT_DIV_EXIT_MOM_TF,D,OK,0.0,2.771,-2.771,0,0.0,0.0,
BTCUSDC_SHORT,WT_ACCEL_EXIT_MIN_TFS,2,OK,0.0,2.771,-2.771,0,0.0,0.0,
BTCUSDC_SHORT,WT_ACCEL_EXIT_MIN_TFS,0,OK,0.0,2.771,-2.771,0,0.0,0.0,
BTCUSDC_SHORT,WT_ACCEL_EXIT_TFS,"('15m', '1h', '4h')",OK,0.0,2.771,-2.771,0,0.0,0.0,
BTCUSDC_SHORT,WT_ACCEL_EXIT_TFS,"('3m',)",OK,0.0,2.771,-2.771,0,0.0,0.0,
BTCUSDC_SHORT,WT_ACCEL_EXIT_TFS,"('15m',)",OK,0.0,2.771,-2.771,0,0.0,0.0,
BTCUSDC_SHORT,WT_ACCEL_EXIT_TFS,"('1h',)",OK,0.0,2.771,-2.771,0,0.0,0.0,
BTCUSDC_SHORT,WT_ACCEL_EXIT_TFS,"('4h',)",OK,0.0,2.771,-2.771,0,0.0,0.0,
BTCUSDC_SHORT,WT_ACCEL_EXIT_TFS,"('D',)",OK,0.0,2.771,-2.771,0,0.0,0.0,
BTCUSDC_SHORT,WT_ACCEL_EXIT_LONG_THR,-0.5,OK,0.0,2.771,-2.771,0,0.0,0.0,
BTCUSDC_SHORT,WT_ACCEL_EXIT_LONG_THR,0.0,OK,0.0,2.771,-2.771,0,0.0,0.0,
BTCUSDC_SHORT,WT_ACCEL_EXIT_SHORT_THR,0.5,OK,0.0,2.771,-2.771,0,0.0,0.0,
BTCUSDC_SHORT,WT_ACCEL_EXIT_SHORT_THR,0.0,OK,0.0,2.771,-2.771,0,0.0,0.0,
BTCUSDC_SHORT,WT_MOMENTUM_EXIT_THRESHOLD,1,OK,0.0,2.771,-2.771,0,0.0,0.0,
BTCUSDC_SHORT,WT_MOMENTUM_EXIT_THRESHOLD,2,OK,0.0,2.771,-2.771,0,0.0,0.0,
BTCUSDC_SHORT,WT_MOMENTUM_EXIT_THRESHOLD,3,OK,0.0,2.771,-2.771,0,0.0,0.0,
BTCUSDC_SHORT,WT_MOMENTUM_EXIT_TFS,"('15m', '1h', '4h')",OK,0.0,2.771,-2.771,0,0.0,0.0,
BTCUSDC_SHORT,WT_MOMENTUM_EXIT_TFS,"('3m',)",OK,0.0,2.771,-2.771,0,0.0,0.0,
BTCUSDC_SHORT,WT_MOMENTUM_EXIT_TFS,"('15m',)",OK,0.0,2.771,-2.771,0,0.0,0.0,
BTCUSDC_SHORT,WT_MOMENTUM_EXIT_TFS,"('1h',)",OK,0.0,2.771,-2.771,0,0.0,0.0,
BTCUSDC_SHORT,WT_MOMENTUM_EXIT_TFS,"('4h',)",OK,0.0,2.771,-2.771,0,0.0,0.0,
BTCUSDC_SHORT,WT_MOMENTUM_EXIT_TFS,"('D',)",OK,0.0,2.771,-2.771,0,0.0,0.0,
BTCUSDC_SHORT,WT_EXHAUST_EXIT_MIN_TFS,0,OK,0.0,2.771,-2.771,0,0.0,0.0,
BTCUSDC_SHORT,WT_EXHAUST_EXIT_MIN_TFS,1,OK,0.0,2.771,-2.771,0,0.0,0.0,
BTCUSDC_SHORT,WT_EXHAUST_EXIT_TFS,"('15m', '1h', '4h')",OK,0.0,2.771,-2.771,0,0.0,0.0,
BTCUSDC_SHORT,WT_EXHAUST_EXIT_TFS,"('3m',)",OK,0.0,2.771,-2.771,0,0.0,0.0,
BTCUSDC_SHORT,WT_EXHAUST_EXIT_TFS,"('15m',)",OK,0.0,2.771,-2.771,0,0.0,0.0,
BTCUSDC_SHORT,WT_EXHAUST_EXIT_TFS,"('1h',)",OK,0.0,2.771,-2.771,0,0.0,0.0,
BTCUSDC_SHORT,WT_EXHAUST_EXIT_TFS,"('4h',)",OK,0.0,2.771,-2.771,0,0.0,0.0,
BTCUSDC_SHORT,WT_EXHAUST_EXIT_TFS,"('D',)",OK,0.0,2.771,-2.771,0,0.0,0.0,
BTCUSDC_SHORT,FORMATION_TFS,"15m,1h,4h,D",OK,0.0,2.771,-2.771,0,0.0,0.0,
BTCUSDC_SHORT,FORMATION_TFS,1h,OK,0.0,2.771,-2.771,0,0.0,0.0,
BTCUSDC_SHORT,MTS_WEIGHT_D,12.0,OK,0.0,2.771,-2.771,0,0.0,0.0,
BTCUSDC_SHORT,MTS_WEIGHT_D,18.0,OK,0.0,2.771,-2.771,0,0.0,0.0,
BTCUSDC_SHORT,MTS_WEIGHT_D,6.0,OK,0.0,2.771,-2.771,0,0.0,0.0,
BTCUSDC_SHORT,SCALP_V3_ENTRY_BAR_BREAK_ENABLED,False,OK,0.0,2.771,-2.771,0,0.0,0.0,
BTCUSDC_SHORT,SCALP_V3_ENTRY_BAR_BREAK_ENABLED,True,OK,0.0,2.771,-2.771,0,0.0,0.0,
BTCUSDC_SHORT,SCALP_V3_ENTRY_BAR_BREAK_VEL_MIN,1.0,OK,0.0,2.771,-2.771,0,0.0,0.0,
BTCUSDC_SHORT,SCALP_V3_ENTRY_BAR_BREAK_VEL_MIN,0.5,OK,0.0,2.771,-2.771,0,0.0,0.0,
BTCUSDC_SHORT,SCALP_V3_ENTRY_BAR_BREAK_VEL_MIN,0.75,OK,0.0,2.771,-2.771,0,0.0,0.0,
BTCUSDC_SHORT,SCALP_V3_ENTRY_BAR_BREAK_VEL_MIN,1.25,OK,0.0,2.771,-2.771,0,0.0,0.0,
BTCUSDC_SHORT,SCALP_V3_ENTRY_BAR_BREAK_VEL_MIN,1.5,OK,0.0,2.771,-2.771,0,0.0,0.0,
BTCUSDC_SHORT,SCALP_V3_ENTRY_BAR_BREAK_VEL_MIN,2.0,OK,0.0,2.771,-2.771,0,0.0,0.0,
BTCUSDC_SHORT,SCALP_V3_ENTRY_BAR_BREAK_VEL_MIN_LONG,1.0,OK,0.0,2.771,-2.771,0,0.0,0.0,
BTCUSDC_SHORT,SCALP_V3_ENTRY_BAR_BREAK_VEL_MIN_LONG,0.5,OK,0.0,2.771,-2.771,0,0.0,0.0,
BTCUSDC_SHORT,SCALP_V3_ENTRY_BAR_BREAK_VEL_MIN_LONG,0.75,OK,0.0,2.771,-2.771,0,0.0,0.0,
BTCUSDC_SHORT,SCALP_V3_ENTRY_BAR_BREAK_VEL_MIN_LONG,1.25,OK,0.0,2.771,-2.771,0,0.0,0.0,
BTCUSDC_SHORT,SCALP_V3_ENTRY_BAR_BREAK_VEL_MIN_LONG,1.5,OK,0.0,2.771,-2.771,0,0.0,0.0,
BTCUSDC_SHORT,SCALP_V3_ENTRY_BAR_BREAK_VEL_MIN_LONG,2.0,OK,0.0,2.771,-2.771,0,0.0,0.0,
BTCUSDC_SHORT,SCALP_V3_ENTRY_BAR_BREAK_VEL_MIN_SHORT,1.5,OK,0.0,2.771,-2.771,0,0.0,0.0,
BTCUSDC_SHORT,SCALP_V3_ENTRY_BAR_BREAK_VEL_MIN_SHORT,0.5,OK,0.0,2.771,-2.771,0,0.0,0.0,
BTCUSDC_SHORT,SCALP_V3_ENTRY_BAR_BREAK_VEL_MIN_SHORT,0.75,OK,0.0,2.771,-2.771,0,0.0,0.0,
BTCUSDC_SHORT,SCALP_V3_ENTRY_BAR_BREAK_VEL_MIN_SHORT,1.25,OK,0.0,2.771,-2.771,0,0.0,0.0,
BTCUSDC_SHORT,SCALP_V3_ENTRY_BAR_BREAK_VEL_MIN_SHORT,2.0,OK,0.0,2.771,-2.771,0,0.0,0.0,
BTCUSDC_SHORT,SCALP_V3_ENTRY_TREND_ENABLED,False,OK,0.0,2.771,-2.771,0,0.0,0.0,
BTCUSDC_SHORT,SCALP_V3_ENTRY_TREND_ENABLED,True,OK,0.0,2.771,-2.771,0,0.0,0.0,
BTCUSDC_SHORT,SCALP_V3_ENTRY_PULLBACK_ENABLED,False,OK,0.0,2.771,-2.771,0,0.0,0.0,
BTCUSDC_SHORT,SCALP_V3_ENTRY_PULLBACK_ENABLED,True,OK,0.0,2.771,-2.771,0,0.0,0.0,
BTCUSDC_SHORT,SCALP_V3_ENTRY_DC_BREAK_ENABLED,False,OK,0.0,2.771,-2.771,0,0.0,0.0,
BTCUSDC_SHORT,SCALP_V3_ENTRY_DC_BREAK_ENABLED,True,OK,0.0,2.771,-2.771,0,0.0,0.0,
BTCUSDC_SHORT,SCALP_V3_ENTRY_WT_CROSS_ENABLED,False,OK,0.0,2.771,-2.771,0,0.0,0.0,
BTCUSDC_SHORT,SCALP_V3_ENTRY_WT_CROSS_ENABLED,True,OK,0.0,2.771,-2.771,0,0.0,0.0,
BTCUSDC_SHORT,SCALP_V3_ENTRY_STOCH_BOUNCE_ENABLED,False,OK,0.0,2.771,-2.771,0,0.0,0.0,
BTCUSDC_SHORT,SCALP_V3_ENTRY_STOCH_BOUNCE_ENABLED,True,OK,0.0,2.771,-2.771,0,0.0,0.0,
BTCUSDC_SHORT,SCALP_V3_ENTRY_STDEV_ENABLED,False,OK,0.0,2.771,-2.771,0,0.0,0.0,
BTCUSDC_SHORT,SCALP_V3_ENTRY_STDEV_ENABLED,True,OK,0.0,2.771,-2.771,0,0.0,0.0,
BTCUSDC_SHORT,SCALP_V3_K_FRESH_LO,15.0,OK,0.0,2.771,-2.771,0,0.0,0.0,
BTCUSDC_SHORT,SCALP_V3_K_FRESH_LO,12.5,OK,0.0,2.771,-2.771,0,0.0,0.0,
BTCUSDC_SHORT,SCALP_V3_K_FRESH_LO,18.75,OK,0.0,2.771,-2.771,0,0.0,0.0,
BTCUSDC_SHORT,SCALP_V3_K_FRESH_LO,31.25,OK,0.0,2.771,-2.771,0,0.0,0.0,
BTCUSDC_SHORT,SCALP_V3_K_FRESH_LO,37.5,OK,0.0,2.771,-2.771,0,0.0,0.0,
BTCUSDC_SHORT,SCALP_V3_K_FRESH_LO,50.0,OK,0.0,2.771,-2.771,0,0.0,0.0,
BTCUSDC_SHORT,SCALP_V3_K_FRESH_MID_LO,40.0,OK,0.0,2.771,-2.771,0,0.0,0.0,
BTCUSDC_SHORT,SCALP_V3_K_FRESH_MID_LO,100.0,OK,0.0,2.771,-2.771,0,0.0,0.0,
BTCUSDC_SHORT,SCALP_V3_K_FRESH_MID_LO,25.0,OK,0.0,2.771,-2.771,0,0.0,0.0,
BTCUSDC_SHORT,SCALP_V3_K_FRESH_MID_LO,37.5,OK,0.0,2.771,-2.771,0,0.0,0.0,
BTCUSDC_SHORT,SCALP_V3_K_FRESH_MID_LO,62.5,OK,0.0,2.771,-2.771,0,0.0,0.0,
BTCUSDC_SHORT,SCALP_V3_K_FRESH_MID_LO,75.0,OK,0.0,2.771,-2.771,0,0.0,0.0,
BTCUSDC_SHORT,SCALP_V3_K_FRESH_MID_HI,60.0,OK,0.0,2.771,-2.771,0,0.0,0.0,
BTCUSDC_SHORT,SCALP_V3_K_FRESH_MID_HI,100.0,OK,0.0,2.771,-2.771,0,0.0,0.0,
BTCUSDC_SHORT,SCALP_V3_K_FRESH_MID_HI,25.0,OK,0.0,2.771,-2.771,0,0.0,0.0,
BTCUSDC_SHORT,SCALP_V3_K_FRESH_MID_HI,37.5,OK,0.0,2.771,-2.771,0,0.0,0.0,
BTCUSDC_SHORT,SCALP_V3_K_FRESH_MID_HI,62.5,OK,0.0,2.771,-2.771,0,0.0,0.0,
BTCUSDC_SHORT,SCALP_V3_K_FRESH_MID_HI,75.0,OK,0.0,2.771,-2.771,0,0.0,0.0,
BTCUSDC_SHORT,SCALP_V3_K_FRESH_HI,85.0,OK,0.0,2.771,-2.771,0,0.0,0.0,
BTCUSDC_SHORT,SCALP_V3_K_FRESH_HI,112.5,OK,0.0,2.771,-2.771,0,0.0,0.0,
BTCUSDC_SHORT,SCALP_V3_K_FRESH_HI,150.0,OK,0.0,2.771,-2.771,0,0.0,0.0,
BTCUSDC_SHORT,SCALP_V3_K_FRESH_HI,37.5,OK,0.0,2.771,-2.771,0,0.0,0.0,
BTCUSDC_SHORT,SCALP_V3_K_FRESH_HI,56.25,OK,0.0,2.771,-2.771,0,0.0,0.0,
BTCUSDC_SHORT,SCALP_V3_K_FRESH_HI,93.75,OK,0.0,2.771,-2.771,0,0.0,0.0,
BTCUSDC_SHORT,SCALP_V3_LONG_K_RISE_MIN,40.0,OK,0.0,2.771,-2.771,0,0.0,0.0,
BTCUSDC_SHORT,SCALP_V3_LONG_K_RISE_MIN,100.0,OK,0.0,2.771,-2.771,0,0.0,0.0,
BTCUSDC_SHORT,SCALP_V3_LONG_K_RISE_MIN,25.0,OK,0.0,2.771,-2.771,0,0.0,0.0,
BTCUSDC_SHORT,SCALP_V3_LONG_K_RISE_MIN,37.5,OK,0.0,2.771,-2.771,0,0.0,0.0,
BTCUSDC_SHORT,SCALP_V3_LONG_K_RISE_MIN,62.5,OK,0.0,2.771,-2.771,0,0.0,0.0,
BTCUSDC_SHORT,SCALP_V3_LONG_K_RISE_MIN,75.0,OK,0.0,2.771,-2.771,0,0.0,0.0,
BTCUSDC_SHORT,SCALP_V3_LONG_K_RISE_MAX,85.0,OK,0.0,2.771,-2.771,0,0.0,0.0,
BTCUSDC_SHORT,SCALP_V3_LONG_K_RISE_MAX,112.5,OK,0.0,2.771,-2.771,0,0.0,0.0,
BTCUSDC_SHORT,SCALP_V3_LONG_K_RISE_MAX,150.0,OK,0.0,2.771,-2.771,0,0.0,0.0,
BTCUSDC_SHORT,SCALP_V3_LONG_K_RISE_MAX,37.5,OK,0.0,2.771,-2.771,0,0.0,0.0,
BTCUSDC_SHORT,SCALP_V3_LONG_K_RISE_MAX,56.25,OK,0.0,2.771,-2.771,0,0.0,0.0,
BTCUSDC_SHORT,SCALP_V3_LONG_K_RISE_MAX,93.75,OK,0.0,2.771,-2.771,0,0.0,0.0,
BTCUSDC_SHORT,SCALP_V3_SHORT_K_FALL_MIN,15.0,OK,0.0,2.771,-2.771,0,0.0,0.0,
BTCUSDC_SHORT,SCALP_V3_SHORT_K_FALL_MIN,12.5,OK,0.0,2.771,-2.771,0,0.0,0.0,
BTCUSDC_SHORT,SCALP_V3_SHORT_K_FALL_MIN,18.75,OK,0.0,2.771,-2.771,0,0.0,0.0,
BTCUSDC_SHORT,SCALP_V3_SHORT_K_FALL_MIN,31.25,OK,0.0,2.771,-2.771,0,0.0,0.0,
BTCUSDC_SHORT,SCALP_V3_SHORT_K_FALL_MIN,37.5,OK,0.0,2.771,-2.771,0,0.0,0.0,
BTCUSDC_SHORT,SCALP_V3_SHORT_K_FALL_MIN,50.0,OK,0.0,2.771,-2.771,0,0.0,0.0,
BTCUSDC_SHORT,SCALP_V3_SHORT_K_FALL_MAX,60.0,OK,0.0,2.771,-2.771,0,0.0,0.0,
BTCUSDC_SHORT,SCALP_V3_SHORT_K_FALL_MAX,100.0,OK,0.0,2.771,-2.771,0,0.0,0.0,
BTCUSDC_SHORT,SCALP_V3_SHORT_K_FALL_MAX,25.0,OK,0.0,2.771,-2.771,0,0.0,0.0,
BTCUSDC_SHORT,SCALP_V3_SHORT_K_FALL_MAX,37.5,OK,0.0,2.771,-2.771,0,0.0,0.0,
BTCUSDC_SHORT,SCALP_V3_SHORT_K_FALL_MAX,62.5,OK,0.0,2.771,-2.771,0,0.0,0.0,
BTCUSDC_SHORT,SCALP_V3_SHORT_K_FALL_MAX,75.0,OK,0.0,2.771,-2.771,0,0.0,0.0,
BTCUSDC_SHORT,SCALP_V3_STDEV_TF,3m,OK,0.0,2.771,-2.771,0,0.0,0.0,
BTCUSDC_SHORT,SCALP_V3_STDEV_TF,15m,OK,0.0,2.771,-2.771,0,0.0,0.0,
BTCUSDC_SHORT,SCALP_V3_STDEV_TF,1h,OK,0.0,2.771,-2.771,0,0.0,0.0,
BTCUSDC_SHORT,SCALP_V3_STDEV_TF,4h,OK,0.0,2.771,-2.771,0,0.0,0.0,
BTCUSDC_SHORT,SCALP_V3_STDEV_TF,D,OK,0.0,2.771,-2.771,0,0.0,0.0,
BTCUSDC_SHORT,SCALP_V3_STDEV_MODE,BOUNCE,OK,0.0,2.771,-2.771,0,0.0,0.0,
BTCUSDC_SHORT,SCALP_V3_STDEV_BREAK_HI,1.0,OK,0.0,2.771,-2.771,0,0.0,0.0,
BTCUSDC_SHORT,SCALP_V3_STDEV_BREAK_HI,0.5,OK,0.0,2.771,-2.771,0,0.0,0.0,
BTCUSDC_SHORT,SCALP_V3_STDEV_BREAK_HI,0.75,OK,0.0,2.771,-2.771,0,0.0,0.0,
BTCUSDC_SHORT,SCALP_V3_STDEV_BREAK_HI,1.25,OK,0.0,2.771,-2.771,0,0.0,0.0,
BTCUSDC_SHORT,SCALP_V3_STDEV_BREAK_HI,1.5,OK,0.0,2.771,-2.771,0,0.0,0.0,
BTCUSDC_SHORT,SCALP_V3_STDEV_BREAK_HI,2.0,OK,0.0,2.771,-2.771,0,0.0,0.0,
BTCUSDC_SHORT,SCALP_V3_STDEV_BREAK_HI_LONG,1.0,OK,0.0,2.771,-2.771,0,0.0,0.0,
BTCUSDC_SHORT,SCALP_V3_STDEV_BREAK_HI_LONG,0.5,OK,0.0,2.771,-2.771,0,0.0,0.0,
BTCUSDC_SHORT,SCALP_V3_STDEV_BREAK_HI_LONG,0.75,OK,0.0,2.771,-2.771,0,0.0,0.0,
BTCUSDC_SHORT,SCALP_V3_STDEV_BREAK_HI_LONG,1.25,OK,0.0,2.771,-2.771,0,0.0,0.0,
BTCUSDC_SHORT,SCALP_V3_STDEV_BREAK_HI_LONG,1.5,OK,0.0,2.771,-2.771,0,0.0,0.0,
BTCUSDC_SHORT,SCALP_V3_STDEV_BREAK_HI_LONG,2.0,OK,0.0,2.771,-2.771,0,0.0,0.0,
BTCUSDC_SHORT,SCALP_V3_STDEV_BREAK_LO,0.0,OK,0.0,2.771,-2.771,0,0.0,0.0,
BTCUSDC_SHORT,SCALP_V3_STDEV_BREAK_LO,0.5,OK,0.0,2.771,-2.771,0,0.0,0.0,
BTCUSDC_SHORT,SCALP_V3_STDEV_BREAK_LO,1.0,OK,0.0,2.771,-2.771,0,0.0,0.0,
BTCUSDC_SHORT,SCALP_V3_STDEV_BREAK_LO,2.0,OK,0.0,2.771,-2.771,0,0.0,0.0,
BTCUSDC_SHORT,SCALP_V3_STDEV_BREAK_LO_SHORT,0.0,OK,0.0,2.771,-2.771,0,0.0,0.0,
BTCUSDC_SHORT,SCALP_V3_STDEV_BREAK_LO_SHORT,0.5,OK,0.0,2.771,-2.771,0,0.0,0.0,
BTCUSDC_SHORT,SCALP_V3_STDEV_BREAK_LO_SHORT,1.0,OK,0.0,2.771,-2.771,0,0.0,0.0,
BTCUSDC_SHORT,SCALP_V3_STDEV_BREAK_LO_SHORT,2.0,OK,0.0,2.771,-2.771,0,0.0,0.0,
BTCUSDC_SHORT,SCALP_V3_STDEV_BOUNCE_LO,0.1,OK,0.0,2.771,-2.771,0,0.0,0.0,
BTCUSDC_SHORT,SCALP_V3_STDEV_BOUNCE_LO,0.05,OK,0.0,2.771,-2.771,0,0.0,0.0,
BTCUSDC_SHORT,SCALP_V3_STDEV_BOUNCE_LO,0.075,OK,0.0,2.771,-2.771,0,0.0,0.0,
BTCUSDC_SHORT,SCALP_V3_STDEV_BOUNCE_LO,0.125,OK,0.0,2.771,-2.771,0,0.0,0.0,
BTCUSDC_SHORT,SCALP_V3_STDEV_BOUNCE_LO,0.15,OK,0.0,2.771,-2.771,0,0.0,0.0,
BTCUSDC_SHORT,SCALP_V3_STDEV_BOUNCE_LO,0.2,OK,0.0,2.771,-2.771,0,0.0,0.0,
BTCUSDC_SHORT,SCALP_V3_STDEV_BOUNCE_LO_LONG,0.1,OK,0.0,2.771,-2.771,0,0.0,0.0,
BTCUSDC_SHORT,SCALP_V3_STDEV_BOUNCE_LO_LONG,0.05,OK,0.0,2.771,-2.771,0,0.0,0.0,
BTCUSDC_SHORT,SCALP_V3_STDEV_BOUNCE_LO_LONG,0.075,OK,0.0,2.771,-2.771,0,0.0,0.0,
BTCUSDC_SHORT,SCALP_V3_STDEV_BOUNCE_LO_LONG,0.125,OK,0.0,2.771,-2.771,0,0.0,0.0,
BTCUSDC_SHORT,SCALP_V3_STDEV_BOUNCE_LO_LONG,0.15,OK,0.0,2.771,-2.771,0,0.0,0.0,
BTCUSDC_SHORT,SCALP_V3_STDEV_BOUNCE_LO_LONG,0.2,OK,0.0,2.771,-2.771,0,0.0,0.0,
BTCUSDC_SHORT,SCALP_V3_STDEV_BOUNCE_HI,0.9,OK,0.0,2.771,-2.771,0,0.0,0.0,
BTCUSDC_SHORT,SCALP_V3_STDEV_BOUNCE_HI,0.45,OK,0.0,2.771,-2.771,0,0.0,0.0,
BTCUSDC_SHORT,SCALP_V3_STDEV_BOUNCE_HI,0.675,OK,0.0,2.771,-2.771,0,0.0,0.0,
BTCUSDC_SHORT,SCALP_V3_STDEV_BOUNCE_HI,1.125,OK,0.0,2.771,-2.771,0,0.0,0.0,
BTCUSDC_SHORT,SCALP_V3_STDEV_BOUNCE_HI,1.35,OK,0.0,2.771,-2.771,0,0.0,0.0,
BTCUSDC_SHORT,SCALP_V3_STDEV_BOUNCE_HI,1.8,OK,0.0,2.771,-2.771,0,0.0,0.0,
BTCUSDC_SHORT,SCALP_V3_STDEV_BOUNCE_HI_SHORT,0.85,OK,0.0,2.771,-2.771,0,0.0,0.0,
BTCUSDC_SHORT,SCALP_V3_STDEV_BOUNCE_HI_SHORT,0.45,OK,0.0,2.771,-2.771,0,0.0,0.0,
BTCUSDC_SHORT,SCALP_V3_STDEV_BOUNCE_HI_SHORT,0.675,OK,0.0,2.771,-2.771,0,0.0,0.0,
BTCUSDC_SHORT,SCALP_V3_STDEV_BOUNCE_HI_SHORT,1.125,OK,0.0,2.771,-2.771,0,0.0,0.0,
BTCUSDC_SHORT,SCALP_V3_STDEV_BOUNCE_HI_SHORT,1.35,OK,0.0,2.771,-2.771,0,0.0,0.0,
BTCUSDC_SHORT,SCALP_V3_STDEV_BOUNCE_HI_SHORT,1.8,OK,0.0,2.771,-2.771,0,0.0,0.0,
BTCUSDC_SHORT,SCALP_V3_EXIT_BAR_REVERSAL_ENABLED,False,OK,0.0,2.771,-2.771,0,0.0,0.0,
BTCUSDC_SHORT,SCALP_V3_EXIT_BAR_REVERSAL_ENABLED,True,OK,0.0,2.771,-2.771,0,0.0,0.0,
BTCUSDC_SHORT,SCALP_V3_EXIT_WT_FLIP_ENABLED,False,OK,0.0,2.771,-2.771,0,0.0,0.0,
BTCUSDC_SHORT,SCALP_V3_EXIT_WT_FLIP_ENABLED,True,OK,0.0,2.771,-2.771,0,0.0,0.0,
BTCUSDC_SHORT,SCALP_V3_EXIT_K_CROSS_ENABLED,False,OK,0.0,2.771,-2.771,0,0.0,0.0,
BTCUSDC_SHORT,SCALP_V3_EXIT_K_CROSS_ENABLED,True,OK,0.0,2.771,-2.771,0,0.0,0.0,
BTCUSDC_SHORT,SCALP_V3_EXIT_REQUIRE_N_SIGNALS,3,OK,0.0,2.771,-2.771,0,0.0,0.0,
BTCUSDC_SHORT,SCALP_V3_EXIT_REQUIRE_N_SIGNALS,0,OK,0.0,2.771,-2.771,0,0.0,0.0,
BTCUSDC_SHORT,SCALP_V3_EXIT_REQUIRE_N_SIGNALS,2,OK,0.0,2.771,-2.771,0,0.0,0.0,
BTCUSDC_SHORT,SCALP_V3_EXIT_PROFIT_ONLY,False,OK,0.0,2.771,-2.771,0,0.0,0.0,
BTCUSDC_SHORT,SCALP_V3_EXIT_PROFIT_ONLY,True,OK,0.0,2.771,-2.771,0,0.0,0.0,
BTCUSDC_SHORT,SCALP_V3_EXIT_STDEV_REJECT_ENABLED,False,OK,0.0,2.771,-2.771,0,0.0,0.0,
BTCUSDC_SHORT,SCALP_V3_EXIT_STDEV_REJECT_ENABLED,True,OK,0.0,2.771,-2.771,0,0.0,0.0,
BTCUSDC_SHORT,SCALP_V3_STDEV_REJECT_HI,0.95,OK,0.0,2.771,-2.771,0,0.0,0.0,
BTCUSDC_SHORT,SCALP_V3_STDEV_REJECT_HI,0.475,OK,0.0,2.771,-2.771,0,0.0,0.0,
BTCUSDC_SHORT,SCALP_V3_STDEV_REJECT_HI,0.7125,OK,0.0,2.771,-2.771,0,0.0,0.0,
BTCUSDC_SHORT,SCALP_V3_STDEV_REJECT_HI,1.1875,OK,0.0,2.771,-2.771,0,0.0,0.0,
BTCUSDC_SHORT,SCALP_V3_STDEV_REJECT_HI,1.425,OK,0.0,2.771,-2.771,0,0.0,0.0,
BTCUSDC_SHORT,SCALP_V3_STDEV_REJECT_HI,1.9,OK,0.0,2.771,-2.771,0,0.0,0.0,
BTCUSDC_SHORT,SCALP_V3_STDEV_REJECT_LO,0.05,OK,0.0,2.771,-2.771,0,0.0,0.0,
BTCUSDC_SHORT,SCALP_V3_STDEV_REJECT_LO,0.025,OK,0.0,2.771,-2.771,0,0.0,0.0,
BTCUSDC_SHORT,SCALP_V3_STDEV_REJECT_LO,0.0375,OK,0.0,2.771,-2.771,0,0.0,0.0,
BTCUSDC_SHORT,SCALP_V3_STDEV_REJECT_LO,0.0625,OK,0.0,2.771,-2.771,0,0.0,0.0,
BTCUSDC_SHORT,SCALP_V3_STDEV_REJECT_LO,0.075,OK,0.0,2.771,-2.771,0,0.0,0.0,
BTCUSDC_SHORT,SCALP_V3_STDEV_REJECT_LO,0.1,OK,0.0,2.771,-2.771,0,0.0,0.0,
BTCUSDC_SHORT,SCALP_V3_MAX_HOLD_MIN,5.0,OK,0.0,2.771,-2.771,0,0.0,0.0,
BTCUSDC_SHORT,SCALP_V3_MAX_HOLD_MIN,10.0,OK,0.0,2.771,-2.771,0,0.0,0.0,
BTCUSDC_SHORT,SCALP_V3_MAX_HOLD_MIN,2.5,OK,0.0,2.771,-2.771,0,0.0,0.0,
BTCUSDC_SHORT,SCALP_V3_MAX_HOLD_MIN,3.75,OK,0.0,2.771,-2.771,0,0.0,0.0,
BTCUSDC_SHORT,SCALP_V3_MAX_HOLD_MIN,6.25,OK,0.0,2.771,-2.771,0,0.0,0.0,
BTCUSDC_SHORT,SCALP_V3_MAX_HOLD_MIN,7.5,OK,0.0,2.771,-2.771,0,0.0,0.0,
BTCUSDC_SHORT,WT_15M_BOUNCE_MAX_BARS_AGO,2,OK,0.0,2.771,-2.771,0,0.0,0.0,
BTCUSDC_SHORT,WT_15M_BOUNCE_MAX_BARS_AGO,0,OK,0.0,2.771,-2.771,0,0.0,0.0,
BTCUSDC_SHORT,WT_15M_BOUNCE_BB_MIN,0.05,OK,0.0,2.771,-2.771,0,0.0,0.0,
BTCUSDC_SHORT,WT_15M_BOUNCE_BB_MIN,0.0,OK,0.0,2.771,-2.771,0,0.0,0.0,
BTCUSDC_SHORT,WT_15M_BOUNCE_BB_MAX,0.95,OK,0.0,2.771,-2.771,0,0.0,0.0,
BTCUSDC_SHORT,WT_15M_BOUNCE_BB_MAX,0.0,OK,0.0,2.771,-2.771,0,0.0,0.0,
BTCUSDC_SHORT,WT_15M_BOUNCE_REQUIRE_BOTH_HTF,False,OK,0.0,2.771,-2.771,0,0.0,0.0,
BTCUSDC_SHORT,WT_15M_BOUNCE_REQUIRE_BOTH_HTF,True,OK,0.0,2.771,-2.771,0,0.0,0.0,
BTCUSDC_SHORT,WT_15M_CROSS_ENTRY_MODE,value_lower,OK,0.0,2.771,-2.771,0,0.0,0.0,
BTCUSDC_SHORT,HAIKU_ENTRY_GATE_LONG_MAX_K,85.0,OK,0.0,2.771,-2.771,0,0.0,0.0,
BTCUSDC_SHORT,HAIKU_ENTRY_GATE_LONG_MAX_K,0.0,OK,0.0,2.771,-2.771,0,0.0,0.0,
BTCUSDC_SHORT,HAIKU_ENTRY_GATE_SHORT_MIN_K,15.0,OK,0.0,2.771,-2.771,0,0.0,0.0,
BTCUSDC_SHORT,HAIKU_ENTRY_GATE_SHORT_MIN_K,0.0,OK,0.0,2.771,-2.771,0,0.0,0.0,
BTCUSDC_SHORT,MANDATORY_REENTRY_WT_FILTER_TF_MODE,15m_only,OK,0.0,2.771,-2.771,0,0.0,0.0,
BTCUSDC_SHORT,MANDATORY_REENTRY_WT_FILTER_TF_MODE,3m,OK,0.0,2.771,-2.771,0,0.0,0.0,
BTCUSDC_SHORT,MANDATORY_REENTRY_WT_FILTER_TF_MODE,15m,OK,0.0,2.771,-2.771,0,0.0,0.0,
BTCUSDC_SHORT,MANDATORY_REENTRY_WT_FILTER_TF_MODE,1h,OK,0.0,2.771,-2.771,0,0.0,0.0,
BTCUSDC_SHORT,MANDATORY_REENTRY_WT_FILTER_TF_MODE,4h,OK,0.0,2.771,-2.771,0,0.0,0.0,
BTCUSDC_SHORT,MANDATORY_REENTRY_WT_FILTER_TF_MODE,D,OK,0.0,2.771,-2.771,0,0.0,0.0,
BTCUSDC_SHORT,MANDATORY_REENTRY_WT_FILTER_MIN_TFS,1,OK,0.0,2.771,-2.771,0,0.0,0.0,
BTCUSDC_SHORT,MANDATORY_REENTRY_WT_FILTER_MIN_TFS,0,OK,0.0,2.771,-2.771,0,0.0,0.0,
BTCUSDC_SHORT,MANDATORY_REENTRY_WT_FILTER_REQUIRE_FLIP,False,OK,0.0,2.771,-2.771,0,0.0,0.0,
BTCUSDC_SHORT,MANDATORY_REENTRY_WT_FILTER_REQUIRE_FLIP,True,OK,0.0,2.771,-2.771,0,0.0,0.0,
BTCUSDC_SHORT,MANDATORY_REENTRY_WT_FILTER_VELOCITY_RATIO,0.9,OK,0.0,2.771,-2.771,0,0.0,0.0,
BTCUSDC_SHORT,MANDATORY_REENTRY_WT_FILTER_VELOCITY_RATIO,0.45,OK,0.0,2.771,-2.771,0,0.0,0.0,
BTCUSDC_SHORT,MANDATORY_REENTRY_WT_FILTER_MIN_VELOCITY,0.0,OK,0.0,2.771,-2.771,0,0.0,0.0,
BTCUSDC_SHORT,MANDATORY_REENTRY_WT_FILTER_MIN_VELOCITY,0.5,OK,0.0,2.771,-2.771,0,0.0,0.0,
BTCUSDC_SHORT,MANDATORY_REENTRY_WT_FILTER_MIN_VELOCITY,1.0,OK,0.0,2.771,-2.771,0,0.0,0.0,
BTCUSDC_SHORT,OBLIGATORY_REENTRY_LONG_ENABLED,False,OK,0.0,2.771,-2.771,0,0.0,0.0,
BTCUSDC_SHORT,OBLIGATORY_REENTRY_LONG_ENABLED,True,OK,0.0,2.771,-2.771,0,0.0,0.0,
BTCUSDC_SHORT,OBLIGATORY_REENTRY_SHORT_ENABLED,False,OK,0.0,2.771,-2.771,0,0.0,0.0,
BTCUSDC_SHORT,OBLIGATORY_REENTRY_SHORT_ENABLED,True,OK,0.0,2.771,-2.771,0,0.0,0.0,
BTCUSDC_SHORT,OBLIGATORY_REENTRY_SHORT_SMA_BOUNCE_SIZE_MULT,1.5,OK,0.0,2.771,-2.771,0,0.0,0.0,
BTCUSDC_SHORT,OBLIGATORY_REENTRY_SHORT_SMA_BOUNCE_SIZE_MULT,0.0,OK,0.0,2.771,-2.771,0,0.0,0.0,
BTCUSDC_SHORT,OBLIGATORY_REENTRY_SMA_BOUNCE_SIZE_MULT,1.5,OK,0.0,2.771,-2.771,0,0.0,0.0,
BTCUSDC_SHORT,OBLIGATORY_REENTRY_SMA_BOUNCE_SIZE_MULT,0.0,OK,0.0,2.771,-2.771,0,0.0,0.0,
BTCUSDC_SHORT,REENTRY_B16_MIDRANGE_ENABLED,False,OK,0.0,2.771,-2.771,0,0.0,0.0,
BTCUSDC_SHORT,REENTRY_B16_MIDRANGE_ENABLED,True,OK,0.0,2.771,-2.771,0,0.0,0.0,
BTCUSDC_SHORT,REENTRY_POST_CONSOL_ENABLED,False,OK,0.0,2.771,-2.771,0,0.0,0.0,
BTCUSDC_SHORT,REENTRY_POST_CONSOL_ENABLED,True,OK,0.0,2.771,-2.771,0,0.0,0.0,
BTCUSDC_SHORT,REENTRY_WT15M_CROSS_ENABLED,False,OK,0.0,2.771,-2.771,0,0.0,0.0,
BTCUSDC_SHORT,REENTRY_WT15M_CROSS_ENABLED,True,OK,0.0,2.771,-2.771,0,0.0,0.0,
BTCUSDC_SHORT,REENTRY_WT15M_HTF_FAVOR_REQUIRED,False,OK,0.0,2.771,-2.771,0,0.0,0.0,
BTCUSDC_SHORT,REENTRY_WT15M_HTF_FAVOR_REQUIRED,True,OK,0.0,2.771,-2.771,0,0.0,0.0,
BTCUSDC_SHORT,REENTRY_WT15M_SIZE_MULT,1.5,OK,0.0,2.771,-2.771,0,0.0,0.0,
BTCUSDC_SHORT,REENTRY_WT15M_SIZE_MULT,0.5,OK,0.0,2.771,-2.771,0,0.0,0.0,
BTCUSDC_SHORT,REENTRY_WT15M_SIZE_MULT,0.75,OK,0.0,2.771,-2.771,0,0.0,0.0,
BTCUSDC_SHORT,REENTRY_WT15M_SIZE_MULT,1.125,OK,0.0,2.771,-2.771,0,0.0,0.0,
BTCUSDC_SHORT,REENTRY_WT15M_SIZE_MULT,1.875,OK,0.0,2.771,-2.771,0,0.0,0.0,
BTCUSDC_SHORT,REENTRY_WT15M_SIZE_MULT,2.25,OK,0.0,2.771,-2.771,0,0.0,0.0,
BTCUSDC_SHORT,REENTRY_WT15M_SIZE_MULT,3.0,OK,0.0,2.771,-2.771,0,0.0,0.0,
BTCUSDC_SHORT,STRUCTURE_FLIP_REENTRY_ENABLED,False,OK,0.0,2.771,-2.771,0,0.0,0.0,
BTCUSDC_SHORT,STRUCTURE_FLIP_REENTRY_ENABLED,True,OK,0.0,2.771,-2.771,0,0.0,0.0,
BTCUSDC_SHORT,STRUCTURE_FLIP_REENTRY_TF,15m,OK,0.0,2.771,-2.771,0,0.0,0.0,
BTCUSDC_SHORT,STRUCTURE_FLIP_REENTRY_TF,3m,OK,0.0,2.771,-2.771,0,0.0,0.0,
BTCUSDC_SHORT,STRUCTURE_FLIP_REENTRY_TF,1h,OK,0.0,2.771,-2.771,0,0.0,0.0,
BTCUSDC_SHORT,STRUCTURE_FLIP_REENTRY_TF,4h,OK,0.0,2.771,-2.771,0,0.0,0.0,
BTCUSDC_SHORT,STRUCTURE_FLIP_REENTRY_TF,D,OK,0.0,2.771,-2.771,0,0.0,0.0,
BTCUSDC_SHORT,STRUCTURE_FLIP_REENTRY_BASIS_RESTRICTION_ENABLED,False,OK,0.0,2.771,-2.771,0,0.0,0.0,
BTCUSDC_SHORT,STRUCTURE_FLIP_REENTRY_BASIS_RESTRICTION_ENABLED,True,OK,0.0,2.771,-2.771,0,0.0,0.0,
BTCUSDC_SHORT,STRUCTURE_FLIP_REENTRY_BASIS_TF,4h,OK,0.0,2.771,-2.771,0,0.0,0.0,
BTCUSDC_SHORT,STRUCTURE_FLIP_REENTRY_BASIS_TF,3m,OK,0.0,2.771,-2.771,0,0.0,0.0,
BTCUSDC_SHORT,STRUCTURE_FLIP_REENTRY_BASIS_TF,15m,OK,0.0,2.771,-2.771,0,0.0,0.0,
BTCUSDC_SHORT,STRUCTURE_FLIP_REENTRY_BASIS_TF,1h,OK,0.0,2.771,-2.771,0,0.0,0.0,
BTCUSDC_SHORT,STRUCTURE_FLIP_REENTRY_BASIS_TF,D,OK,0.0,2.771,-2.771,0,0.0,0.0,
BTCUSDC_SHORT,BTC_GUARANTEED_REENTRY_MAX_AGE_BARS,480,OK,0.0,2.771,-2.771,0,0.0,0.0,
BTCUSDC_SHORT,BTC_GUARANTEED_REENTRY_MAX_AGE_BARS,1,OK,0.0,2.771,-2.771,0,0.0,0.0,
BTCUSDC_SHORT,BTC_GUARANTEED_REENTRY_REQUIRE_RZ_BOUNCE,False,OK,0.0,2.771,-2.771,0,0.0,0.0,
BTCUSDC_SHORT,BTC_GUARANTEED_REENTRY_REQUIRE_RZ_BOUNCE,True,OK,0.0,2.771,-2.771,0,0.0,0.0,
BTCUSDC_SHORT,MU_CORRECTION_REENTRY_DC_TOL_PCT,2.0,OK,0.0,2.771,-2.771,0,0.0,0.0,
BTCUSDC_SHORT,MU_CORRECTION_REENTRY_DC_TOL_PCT,1.0,OK,0.0,2.771,-2.771,0,0.0,0.0,
BTCUSDC_SHORT,MU_CORRECTION_REENTRY_DC_TOL_PCT,3.0,OK,0.0,2.771,-2.771,0,0.0,0.0,
BTCUSDC_SHORT,BOUNCE_REENTRY_K_RESET_LONG_TRADIER,35,OK,0.0,2.771,-2.771,0,0.0,0.0,
BTCUSDC_SHORT,BOUNCE_REENTRY_K_RESET_LONG_TRADIER,17,OK,0.0,2.771,-2.771,0,0.0,0.0,
BTCUSDC_SHORT,BOUNCE_REENTRY_K_RESET_SHORT_TRADIER,65,OK,0.0,2.771,-2.771,0,0.0,0.0,
BTCUSDC_SHORT,BOUNCE_REENTRY_K_RESET_SHORT_TRADIER,97,OK,0.0,2.771,-2.771,0,0.0,0.0,
BTCUSDC_SHORT,BOTTOM_A_PROTECTIVE_TRAIL_ARM_TIMEFRAME,4h,OK,0.0,2.771,-2.771,0,0.0,0.0,
BTCUSDC_SHORT,BOTTOM_A_PROTECTIVE_TRAIL_ARM_TIMEFRAME,3m,OK,0.0,2.771,-2.771,0,0.0,0.0,
BTCUSDC_SHORT,BOTTOM_A_PROTECTIVE_TRAIL_ARM_TIMEFRAME,15m,OK,0.0,2.771,-2.771,0,0.0,0.0,
BTCUSDC_SHORT,BOTTOM_A_PROTECTIVE_TRAIL_ARM_TIMEFRAME,1h,OK,0.0,2.771,-2.771,0,0.0,0.0,
BTCUSDC_SHORT,BOTTOM_A_PROTECTIVE_TRAIL_ARM_TIMEFRAME,D,OK,0.0,2.771,-2.771,0,0.0,0.0,
BTCUSDC_SHORT,BOTTOM_A_PROTECTIVE_TRAIL_BREAK_BUFFER_ATR,0.5,OK,0.0,2.771,-2.771,0,0.0,0.0,
BTCUSDC_SHORT,BOTTOM_A_PROTECTIVE_TRAIL_BREAK_BUFFER_ATR,0.25,OK,0.0,2.771,-2.771,0,0.0,0.0,
BTCUSDC_SHORT,BOTTOM_A_PROTECTIVE_TRAIL_DISTANCE_MULT,1.0,OK,0.0,2.771,-2.771,0,0.0,0.0,
BTCUSDC_SHORT,BOTTOM_A_PROTECTIVE_TRAIL_DISTANCE_MULT,0.0,OK,0.0,2.771,-2.771,0,0.0,0.0,
BTCUSDC_SHORT,BOTTOM_A_PROTECTIVE_TRAIL_ENABLED,False,OK,0.0,2.771,-2.771,0,0.0,0.0,
BTCUSDC_SHORT,BOTTOM_A_PROTECTIVE_TRAIL_ENABLED,True,OK,0.0,2.771,-2.771,0,0.0,0.0,
BTCUSDC_SHORT,BOTTOM_A_PROTECTIVE_TRAIL_LOOKBACK,6,OK,0.0,2.771,-2.771,0,0.0,0.0,
BTCUSDC_SHORT,BOTTOM_A_PROTECTIVE_TRAIL_LOOKBACK,3,OK,0.0,2.771,-2.771,0,0.0,0.0,
BTCUSDC_SHORT,BOTTOM_A_PROTECTIVE_TRAIL_LOOKBACK,9,OK,0.0,2.771,-2.771,0,0.0,0.0,
BTCUSDC_SHORT,BOTTOM_A_PROTECTIVE_TRAIL_MODE,STDEV,OK,0.0,2.771,-2.771,0,0.0,0.0,
BTCUSDC_SHORT,BOTTOM_A_PROTECTIVE_TRAIL_TRAIL_TIMEFRAME,5m,OK,0.0,2.771,-2.771,0,0.0,0.0,
BTCUSDC_SHORT,BOTTOM_A_PROTECTIVE_TRAIL_TRAIL_TIMEFRAME,3m,OK,0.0,2.771,-2.771,0,0.0,0.0,
BTCUSDC_SHORT,BOTTOM_A_PROTECTIVE_TRAIL_TRAIL_TIMEFRAME,15m,OK,0.0,2.771,-2.771,0,0.0,0.0,
BTCUSDC_SHORT,BOTTOM_A_PROTECTIVE_TRAIL_TRAIL_TIMEFRAME,1h,OK,0.0,2.771,-2.771,0,0.0,0.0,
BTCUSDC_SHORT,BOTTOM_A_PROTECTIVE_TRAIL_TRAIL_TIMEFRAME,4h,OK,0.0,2.771,-2.771,0,0.0,0.0,
BTCUSDC_SHORT,BOTTOM_A_PROTECTIVE_TRAIL_TRAIL_TIMEFRAME,D,OK,0.0,2.771,-2.771,0,0.0,0.0,
BTCUSDC_SHORT,BREAKEVEN_EXIT_AFTER_BARS,8,OK,0.0,2.771,-2.771,0,0.0,0.0,
BTCUSDC_SHORT,BREAKEVEN_EXIT_AFTER_BARS,4,OK,0.0,2.771,-2.771,0,0.0,0.0,
BTCUSDC_SHORT,BREAKEVEN_EXIT_AFTER_BARS_BUFFER_PCT,0.05,OK,0.0,2.771,-2.771,0,0.0,0.0,
BTCUSDC_SHORT,BREAKEVEN_EXIT_AFTER_BARS_BUFFER_PCT,0.0,OK,0.0,2.771,-2.771,0,0.0,0.0,
BTCUSDC_SHORT,BREAKEVEN_EXIT_AFTER_BARS_BUFFER_PCT,0.025,OK,0.0,2.771,-2.771,0,0.0,0.0,
BTCUSDC_SHORT,BREAKEVEN_EXIT_AFTER_BARS_BUFFER_PCT,0.075,OK,0.0,2.771,-2.771,0,0.0,0.0,
BTCUSDC_SHORT,BREAKEVEN_EXIT_AFTER_BARS_BUFFER_PCT,0.1,OK,0.0,2.771,-2.771,0,0.0,0.0,
BTCUSDC_SHORT,BREAKEVEN_EXIT_AFTER_BARS_BUFFER_PCT,1.0,OK,0.0,2.771,-2.771,0,0.0,0.0,
BTCUSDC_SHORT,BREAKEVEN_EXIT_AFTER_BARS_TF,15m,OK,0.0,2.771,-2.771,0,0.0,0.0,
BTCUSDC_SHORT,BREAKEVEN_EXIT_AFTER_BARS_TF,3m,OK,0.0,2.771,-2.771,0,0.0,0.0,
BTCUSDC_SHORT,BREAKEVEN_EXIT_AFTER_BARS_TF,1h,OK,0.0,2.771,-2.771,0,0.0,0.0,
BTCUSDC_SHORT,BREAKEVEN_EXIT_AFTER_BARS_TF,4h,OK,0.0,2.771,-2.771,0,0.0,0.0,
BTCUSDC_SHORT,BREAKEVEN_EXIT_AFTER_BARS_TF,D,OK,0.0,2.771,-2.771,0,0.0,0.0,
BTCUSDC_SHORT,MTF_WT_CROSS_EXIT_TF,15m,OK,0.0,2.771,-2.771,0,0.0,0.0,
BTCUSDC_SHORT,MTF_WT_CROSS_EXIT_TF,3m,OK,0.0,2.771,-2.771,0,0.0,0.0,
BTCUSDC_SHORT,MTF_WT_CROSS_EXIT_TF,1h,OK,0.0,2.771,-2.771,0,0.0,0.0,
BTCUSDC_SHORT,MTF_WT_CROSS_EXIT_TF,4h,OK,0.0,2.771,-2.771,0,0.0,0.0,
BTCUSDC_SHORT,MTF_WT_CROSS_EXIT_TF,D,OK,0.0,2.771,-2.771,0,0.0,0.0,
BTCUSDC_SHORT,MU_CORRECTION_HTF_K_MIN,80.0,OK,0.0,2.771,-2.771,0,0.0,0.0,
BTCUSDC_SHORT,MU_CORRECTION_HTF_K_MIN,120.0,OK,0.0,2.771,-2.771,0,0.0,0.0,
BTCUSDC_SHORT,MU_CORRECTION_HTF_K_MIN,40.0,OK,0.0,2.771,-2.771,0,0.0,0.0,
BTCUSDC_SHORT,MU_CORRECTION_HTF_MIN_TFS,1,OK,0.0,2.771,-2.771,0,0.0,0.0,
BTCUSDC_SHORT,MU_CORRECTION_HTF_MIN_TFS,0,OK,0.0,2.771,-2.771,0,0.0,0.0,
BTCUSDC_SHORT,MU_CORRECTION_HTF_RSI_MIN,60.0,OK,0.0,2.771,-2.771,0,0.0,0.0,
BTCUSDC_SHORT,MU_CORRECTION_HTF_RSI_MIN,30.0,OK,0.0,2.771,-2.771,0,0.0,0.0,
BTCUSDC_SHORT,MU_CORRECTION_HTF_RSI_MIN,90.0,OK,0.0,2.771,-2.771,0,0.0,0.0,
BTCUSDC_SHORT,MU_CORRECTION_HTF_TFS,1h+4h,OK,0.0,2.771,-2.771,0,0.0,0.0,
BTCUSDC_SHORT,MU_CORRECTION_LTF_FALL_MIN_TFS,2,OK,0.0,2.771,-2.771,0,0.0,0.0,
BTCUSDC_SHORT,MU_CORRECTION_LTF_FALL_MIN_TFS,0,OK,0.0,2.771,-2.771,0,0.0,0.0,
BTCUSDC_SHORT,MU_CORRECTION_LTF_FALL_TFS,5m+15m,OK,0.0,2.771,-2.771,0,0.0,0.0,
BTCUSDC_SHORT,MU_CORRECTION_MIN_GAIN_PCT,0.0,OK,0.0,2.771,-2.771,0,0.0,0.0,
BTCUSDC_SHORT,MU_CORRECTION_MIN_GAIN_PCT,0.5,OK,0.0,2.771,-2.771,0,0.0,0.0,
BTCUSDC_SHORT,MU_CORRECTION_MIN_GAIN_PCT,1.0,OK,0.0,2.771,-2.771,0,0.0,0.0,
BTCUSDC_SHORT,MU_CORRECTION_SYMBOLS,MU,OK,0.0,2.771,-2.771,0,0.0,0.0,
BTCUSDC_SHORT,NEWBORN_DC_STOP_FIELD,dc_low4_5m,OK,0.0,2.771,-2.771,0,0.0,0.0,
BTCUSDC_SHORT,NEWBORN_DC_STOP_FIELD,dc_low_5m,OK,0.0,2.771,-2.771,0,0.0,0.0,
BTCUSDC_SHORT,NEWBORN_DC_STOP_MAX_AGE_MIN,20.0,OK,0.0,2.771,-2.771,0,0.0,0.0,
BTCUSDC_SHORT,NEWBORN_DC_STOP_MAX_AGE_MIN,30.0,OK,0.0,2.771,-2.771,0,0.0,0.0,
BTCUSDC_SHORT,LH_HL_FILTER_HEDGE_GATE_ENABLED,False,OK,0.0,2.771,-2.771,0,0.0,0.0,
BTCUSDC_SHORT,LH_HL_FILTER_HEDGE_GATE_ENABLED,True,OK,0.0,2.771,-2.771,0,0.0,0.0,
BTCUSDC_SHORT,MTF_GR_MIN_TFS,3,OK,0.0,2.771,-2.771,0,0.0,0.0,
BTCUSDC_SHORT,MTF_GR_MIN_TFS,1,OK,0.0,2.771,-2.771,0,0.0,0.0,
BTCUSDC_SHORT,REENTRY_WT15M_K_MAX,50.0,OK,0.0,2.771,-2.771,0,0.0,0.0,
BTCUSDC_SHORT,REENTRY_WT15M_K_MAX,100.0,OK,0.0,2.771,-2.771,0,0.0,0.0,
BTCUSDC_SHORT,REENTRY_WT15M_K_MAX,25.0,OK,0.0,2.771,-2.771,0,0.0,0.0,
BTCUSDC_SHORT,REENTRY_WT15M_K_MAX,37.5,OK,0.0,2.771,-2.771,0,0.0,0.0,
BTCUSDC_SHORT,REENTRY_WT15M_K_MAX,62.5,OK,0.0,2.771,-2.771,0,0.0,0.0,
BTCUSDC_SHORT,REENTRY_WT15M_K_MAX,75.0,OK,0.0,2.771,-2.771,0,0.0,0.0,
BTCUSDC_SHORT,FUNDING_GATE_MTF_LONG_MAX_BULL_TFS,0,OK,0.0,2.771,-2.771,0,0.0,0.0,
BTCUSDC_SHORT,FUNDING_GATE_MTF_LONG_MAX_BULL_TFS,1,OK,0.0,2.771,-2.771,0,0.0,0.0,
BTCUSDC_SHORT,FUNDING_GATE_MTF_SHORT_MAX_BEAR_TFS,1,OK,0.0,2.771,-2.771,0,0.0,0.0,
BTCUSDC_SHORT,FUNDING_GATE_MTF_SHORT_MAX_BEAR_TFS,0,OK,0.0,2.771,-2.771,0,0.0,0.0,
BTCUSDC_SHORT,MTF_ARMED_BANDTYPES,"dc,bb,wt",OK,0.0,2.771,-2.771,0,0.0,0.0,
BTCUSDC_SHORT,MTF_ARMED_HTF_LIST,"1h,4h,D,W",OK,0.0,2.771,-2.771,0,0.0,0.0,
BTCUSDC_SHORT,MTF_ATR_TRAIL_TF,15m,OK,0.0,2.771,-2.771,0,0.0,0.0,
BTCUSDC_SHORT,MTF_ATR_TRAIL_TF,3m,OK,0.0,2.771,-2.771,0,0.0,0.0,
BTCUSDC_SHORT,MTF_ATR_TRAIL_TF,1h,OK,0.0,2.771,-2.771,0,0.0,0.0,
BTCUSDC_SHORT,MTF_ATR_TRAIL_TF,4h,OK,0.0,2.771,-2.771,0,0.0,0.0,
BTCUSDC_SHORT,MTF_ATR_TRAIL_TF,D,OK,0.0,2.771,-2.771,0,0.0,0.0,
BTCUSDC_SHORT,MTF_GR_EXIT_MIN_IND,5,OK,0.0,2.771,-2.771,0,0.0,0.0,
BTCUSDC_SHORT,MTF_GR_EXIT_MIN_IND,1,OK,0.0,2.771,-2.771,0,0.0,0.0,
BTCUSDC_SHORT,MTF_GR_EXIT_MIN_IND,2,OK,0.0,2.771,-2.771,0,0.0,0.0,
BTCUSDC_SHORT,MTF_GR_EXIT_MIN_TFS,3,OK,0.0,2.771,-2.771,0,0.0,0.0,
BTCUSDC_SHORT,MTF_GR_EXIT_MIN_TFS,4,OK,0.0,2.771,-2.771,0,0.0,0.0,
BTCUSDC_SHORT,GOLDEN_RULE_ACTIVATION_TF_LIST,[],OK,0.0,2.771,-2.771,0,0.0,0.0,
BTCUSDC_SHORT,GOLDEN_RULE_BB_15M_ENABLED,False,OK,0.0,2.771,-2.771,0,0.0,0.0,
BTCUSDC_SHORT,GOLDEN_RULE_BB_15M_ENABLED,True,OK,0.0,2.771,-2.771,0,0.0,0.0,
BTCUSDC_SHORT,GOLDEN_RULE_BB_1H_ENABLED,False,OK,0.0,2.771,-2.771,0,0.0,0.0,
BTCUSDC_SHORT,GOLDEN_RULE_BB_1H_ENABLED,True,OK,0.0,2.771,-2.771,0,0.0,0.0,
BTCUSDC_SHORT,GOLDEN_RULE_BB_4H_ENABLED,False,OK,0.0,2.771,-2.771,0,0.0,0.0,
BTCUSDC_SHORT,GOLDEN_RULE_BB_4H_ENABLED,True,OK,0.0,2.771,-2.771,0,0.0,0.0,
BTCUSDC_SHORT,GOLDEN_RULE_BB_D_ENABLED,False,OK,0.0,2.771,-2.771,0,0.0,0.0,
BTCUSDC_SHORT,GOLDEN_RULE_BB_D_ENABLED,True,OK,0.0,2.771,-2.771,0,0.0,0.0,
BTCUSDC_SHORT,GOLDEN_RULE_BB_W_ENABLED,False,OK,0.0,2.771,-2.771,0,0.0,0.0,
BTCUSDC_SHORT,GOLDEN_RULE_BB_W_ENABLED,True,OK,0.0,2.771,-2.771,0,0.0,0.0,
BTCUSDC_SHORT,GOLDEN_RULE_DC_15M_ENABLED,False,OK,0.0,2.771,-2.771,0,0.0,0.0,
BTCUSDC_SHORT,GOLDEN_RULE_DC_15M_ENABLED,True,OK,0.0,2.771,-2.771,0,0.0,0.0,
BTCUSDC_SHORT,GOLDEN_RULE_DC_1H_ENABLED,False,OK,0.0,2.771,-2.771,0,0.0,0.0,
BTCUSDC_SHORT,GOLDEN_RULE_DC_1H_ENABLED,True,OK,0.0,2.771,-2.771,0,0.0,0.0,
BTCUSDC_SHORT,GOLDEN_RULE_DC_4H_ENABLED,False,OK,0.0,2.771,-2.771,0,0.0,0.0,
BTCUSDC_SHORT,GOLDEN_RULE_DC_4H_ENABLED,True,OK,0.0,2.771,-2.771,0,0.0,0.0,
BTCUSDC_SHORT,GOLDEN_RULE_DC_D_ENABLED,False,OK,0.0,2.771,-2.771,0,0.0,0.0,
BTCUSDC_SHORT,GOLDEN_RULE_DC_D_ENABLED,True,OK,0.0,2.771,-2.771,0,0.0,0.0,
BTCUSDC_SHORT,GOLDEN_RULE_DC_W_ENABLED,False,OK,0.0,2.771,-2.771,0,0.0,0.0,
BTCUSDC_SHORT,GOLDEN_RULE_DC_W_ENABLED,True,OK,0.0,2.771,-2.771,0,0.0,0.0,
BTCUSDC_SHORT,GOLDEN_RULE_ENABLED,False,OK,0.0,2.771,-2.771,0,0.0,0.0,
BTCUSDC_SHORT,GOLDEN_RULE_ENABLED,True,OK,0.0,2.771,-2.771,0,0.0,0.0,
BTCUSDC_SHORT,GOLDEN_RULE_ENTRY_TF_LIST,[],OK,0.0,2.771,-2.771,0,0.0,0.0,
BTCUSDC_SHORT,GOLDEN_RULE_MULT_15M,1.0,OK,0.0,2.771,-2.771,0,0.0,0.0,
BTCUSDC_SHORT,GOLDEN_RULE_MULT_15M,0.5,OK,0.0,2.771,-2.771,0,0.0,0.0,
BTCUSDC_SHORT,GOLDEN_RULE_MULT_15M,0.75,OK,0.0,2.771,-2.771,0,0.0,0.0,
BTCUSDC_SHORT,GOLDEN_RULE_MULT_15M,1.25,OK,0.0,2.771,-2.771,0,0.0,0.0,
BTCUSDC_SHORT,GOLDEN_RULE_MULT_15M,1.5,OK,0.0,2.771,-2.771,0,0.0,0.0,
BTCUSDC_SHORT,GOLDEN_RULE_MULT_15M,2.0,OK,0.0,2.771,-2.771,0,0.0,0.0,
BTCUSDC_SHORT,GOLDEN_RULE_MULT_1H,1.5,OK,0.0,2.771,-2.771,0,0.0,0.0,
BTCUSDC_SHORT,GOLDEN_RULE_MULT_1H,0.75,OK,0.0,2.771,-2.771,0,0.0,0.0,
BTCUSDC_SHORT,GOLDEN_RULE_MULT_1H,1.125,OK,0.0,2.771,-2.771,0,0.0,0.0,
BTCUSDC_SHORT,GOLDEN_RULE_MULT_1H,1.875,OK,0.0,2.771,-2.771,0,0.0,0.0,
BTCUSDC_SHORT,GOLDEN_RULE_MULT_1H,2.25,OK,0.0,2.771,-2.771,0,0.0,0.0,
BTCUSDC_SHORT,GOLDEN_RULE_MULT_1H,3.0,OK,0.0,2.771,-2.771,0,0.0,0.0,
BTCUSDC_SHORT,GOLDEN_RULE_MULT_4H,2.0,OK,0.0,2.771,-2.771,0,0.0,0.0,
BTCUSDC_SHORT,GOLDEN_RULE_MULT_4H,1.0,OK,0.0,2.771,-2.771,0,0.0,0.0,
BTCUSDC_SHORT,GOLDEN_RULE_MULT_4H,1.5,OK,0.0,2.771,-2.771,0,0.0,0.0,
BTCUSDC_SHORT,GOLDEN_RULE_MULT_4H,2.5,OK,0.0,2.771,-2.771,0,0.0,0.0,
BTCUSDC_SHORT,GOLDEN_RULE_MULT_4H,3.0,OK,0.0,2.771,-2.771,0,0.0,0.0,
BTCUSDC_SHORT,GOLDEN_RULE_MULT_4H,4.0,OK,0.0,2.771,-2.771,0,0.0,0.0,
BTCUSDC_SHORT,GOLDEN_RULE_MULT_D,3.0,OK,0.0,2.771,-2.771,0,0.0,0.0,
BTCUSDC_SHORT,GOLDEN_RULE_MULT_D,1.5,OK,0.0,2.771,-2.771,0,0.0,0.0,
BTCUSDC_SHORT,GOLDEN_RULE_MULT_D,2.25,OK,0.0,2.771,-2.771,0,0.0,0.0,
BTCUSDC_SHORT,GOLDEN_RULE_MULT_D,3.75,OK,0.0,2.771,-2.771,0,0.0,0.0,
BTCUSDC_SHORT,GOLDEN_RULE_MULT_D,4.5,OK,0.0,2.771,-2.771,0,0.0,0.0,
BTCUSDC_SHORT,GOLDEN_RULE_MULT_D,6.0,OK,0.0,2.771,-2.771,0,0.0,0.0,
BTCUSDC_SHORT,GOLDEN_RULE_MULT_W,4.0,OK,0.0,2.771,-2.771,0,0.0,0.0,
BTCUSDC_SHORT,GOLDEN_RULE_MULT_W,0.0,OK,0.0,2.771,-2.771,0,0.0,0.0,
BTCUSDC_SHORT,GR_TOTAL_VOTE_SCORE_MIN,0,OK,0.0,2.771,-2.771,0,0.0,0.0,
BTCUSDC_SHORT,GR_TOTAL_VOTE_SCORE_MIN,1,OK,0.0,2.771,-2.771,0,0.0,0.0,
BTCUSDC_SHORT,EXIT_EMERGENCY_DC1H_ENABLED,False,OK,0.0,2.771,-2.771,0,0.0,0.0,
BTCUSDC_SHORT,EXIT_EMERGENCY_DC1H_ENABLED,True,OK,0.0,2.771,-2.771,0,0.0,0.0,
BTCUSDC_SHORT,EXIT_STRUCT_TF,None,OK,0.0,2.771,-2.771,0,0.0,0.0,
BTCUSDC_SHORT,EXIT_STRUCT_TF,3m,OK,0.0,2.771,-2.771,0,0.0,0.0,
BTCUSDC_SHORT,EXIT_STRUCT_TF,15m,OK,0.0,2.771,-2.771,0,0.0,0.0,
BTCUSDC_SHORT,EXIT_STRUCT_TF,1h,OK,0.0,2.771,-2.771,0,0.0,0.0,
BTCUSDC_SHORT,EXIT_STRUCT_TF,4h,OK,0.0,2.771,-2.771,0,0.0,0.0,
BTCUSDC_SHORT,EXIT_STRUCT_TF,D,OK,0.0,2.771,-2.771,0,0.0,0.0,
BTCUSDC_SHORT,HEDGE_BANDAID_OFF_ENABLED,False,OK,0.0,2.771,-2.771,0,0.0,0.0,
BTCUSDC_SHORT,HEDGE_BANDAID_OFF_ENABLED,True,OK,0.0,2.771,-2.771,0,0.0,0.0,
BTCUSDC_SHORT,HEDGE_BANDAID_OFF_REQUIRE_WT_3M_FLIP,False,OK,0.0,2.771,-2.771,0,0.0,0.0,
BTCUSDC_SHORT,HEDGE_BANDAID_OFF_REQUIRE_WT_3M_FLIP,True,OK,0.0,2.771,-2.771,0,0.0,0.0,
BTCUSDC_SHORT,HEDGE_CLOSE_SCALP_MODE,False,OK,0.0,2.771,-2.771,0,0.0,0.0,
BTCUSDC_SHORT,HEDGE_CLOSE_SCALP_MODE,True,OK,0.0,2.771,-2.771,0,0.0,0.0,
BTCUSDC_SHORT,HEDGE_DECAY_NUKE_ENABLED,False,OK,0.0,2.771,-2.771,0,0.0,0.0,
BTCUSDC_SHORT,HEDGE_DECAY_NUKE_ENABLED,True,OK,0.0,2.771,-2.771,0,0.0,0.0,
BTCUSDC_SHORT,HEDGE_EXIT_BYPASS_NOLOSS,False,OK,0.0,2.771,-2.771,0,0.0,0.0,
BTCUSDC_SHORT,HEDGE_EXIT_BYPASS_NOLOSS,True,OK,0.0,2.771,-2.771,0,0.0,0.0,
BTCUSDC_SHORT,HEDGE_MAX_AGE_HOURS,6.0,OK,0.0,2.771,-2.771,0,0.0,0.0,
BTCUSDC_SHORT,HEDGE_MAX_AGE_HOURS,1.0,OK,0.0,2.771,-2.771,0,0.0,0.0,
BTCUSDC_SHORT,HEDGE_MAX_AGE_KILL_REQUIRE_PROFIT,False,OK,0.0,2.771,-2.771,0,0.0,0.0,
BTCUSDC_SHORT,HEDGE_MAX_AGE_KILL_REQUIRE_PROFIT,True,OK,0.0,2.771,-2.771,0,0.0,0.0,
BTCUSDC_SHORT,HEDGE_SCALP_C_REQUIRE_COMBINED_NONNEG,False,OK,0.0,2.771,-2.771,0,0.0,0.0,
BTCUSDC_SHORT,HEDGE_SCALP_C_REQUIRE_COMBINED_NONNEG,True,OK,0.0,2.771,-2.771,0,0.0,0.0,
BTCUSDC_SHORT,HEDGE_SCALP_MAX_AGE_MIN,15.0,OK,0.0,2.771,-2.771,0,0.0,0.0,
BTCUSDC_SHORT,HEDGE_SCALP_MAX_AGE_MIN,1.0,OK,0.0,2.771,-2.771,0,0.0,0.0,
BTCUSDC_SHORT,LOSS_EXIT_HEDGE_MODE_BLOCK_ESCAPE_ENABLED,False,OK,0.0,2.771,-2.771,0,0.0,0.0,
BTCUSDC_SHORT,LOSS_EXIT_HEDGE_MODE_BLOCK_ESCAPE_ENABLED,True,OK,0.0,2.771,-2.771,0,0.0,0.0,
BTCUSDC_SHORT,TREND_HEDGE_MAX_SEC,180,OK,0.0,2.771,-2.771,0,0.0,0.0,
BTCUSDC_SHORT,TREND_HEDGE_MAX_SEC,1,OK,0.0,2.771,-2.771,0,0.0,0.0,
BTCUSDC_SHORT,TREND_HEDGE_MAX_SEC,270,OK,0.0,2.771,-2.771,0,0.0,0.0,
BTCUSDC_SHORT,WT_4H_VEL_EXIT_LONG_VEL_MIN,-2.0,OK,0.0,2.771,-2.771,0,0.0,0.0,
BTCUSDC_SHORT,WT_4H_VEL_EXIT_LONG_VEL_MIN,0.0,OK,0.0,2.771,-2.771,0,0.0,0.0,
BTCUSDC_SHORT,WT_4H_VEL_EXIT_SHORT_VEL_MIN,2.0,OK,0.0,2.771,-2.771,0,0.0,0.0,
BTCUSDC_SHORT,WT_4H_VEL_EXIT_SHORT_VEL_MIN,0.0,OK,0.0,2.771,-2.771,0,0.0,0.0,
BTCUSDC_SHORT,FUNDING_HEDGE_GATE_ENABLED,False,OK,0.0,2.771,-2.771,0,0.0,0.0,
BTCUSDC_SHORT,FUNDING_HEDGE_GATE_ENABLED,True,OK,0.0,2.771,-2.771,0,0.0,0.0,
BTCUSDC_SHORT,GR_HEDGE_SCORE_FLOOR,15,OK,0.0,2.771,-2.771,0,0.0,0.0,
BTCUSDC_SHORT,GR_HEDGE_SCORE_FLOOR,0,OK,0.0,2.771,-2.771,0,0.0,0.0,
BTCUSDC_SHORT,HEDGE_ALL_POSITIONS,False,OK,0.0,2.771,-2.771,0,0.0,0.0,
BTCUSDC_SHORT,HEDGE_ALL_POSITIONS,True,OK,0.0,2.771,-2.771,0,0.0,0.0,
BTCUSDC_SHORT,HEDGE_DC_LONG_REJECT_DCP,0.85,OK,0.0,2.771,-2.771,0,0.0,0.0,
BTCUSDC_SHORT,HEDGE_DC_LONG_REJECT_DCP,0.0,OK,0.0,2.771,-2.771,0,0.0,0.0,
BTCUSDC_SHORT,HEDGE_DC_RESISTANCE_GATE_ENABLED,False,OK,0.0,2.771,-2.771,0,0.0,0.0,
BTCUSDC_SHORT,HEDGE_DC_RESISTANCE_GATE_ENABLED,True,OK,0.0,2.771,-2.771,0,0.0,0.0,
BTCUSDC_SHORT,HEDGE_DETERIORATING_GAIN_DELTA_PP,0.1,OK,0.0,2.771,-2.771,0,0.0,0.0,
BTCUSDC_SHORT,HEDGE_DETERIORATING_GAIN_DELTA_PP,0.0,OK,0.0,2.771,-2.771,0,0.0,0.0,
BTCUSDC_SHORT,HEDGE_DETERIORATING_GAIN_ENABLED,False,OK,0.0,2.771,-2.771,0,0.0,0.0,
BTCUSDC_SHORT,HEDGE_DETERIORATING_GAIN_ENABLED,True,OK,0.0,2.771,-2.771,0,0.0,0.0,
BTCUSDC_SHORT,HEDGE_NEWBORN_GRACE_MINUTES,0.0,OK,0.0,2.771,-2.771,0,0.0,0.0,
BTCUSDC_SHORT,HEDGE_NEWBORN_GRACE_MINUTES,1.0,OK,0.0,2.771,-2.771,0,0.0,0.0,
BTCUSDC_SHORT,HEDGE_STRICT_WT_ALL_TFS_ENABLED,False,OK,0.0,2.771,-2.771,0,0.0,0.0,
BTCUSDC_SHORT,HEDGE_STRICT_WT_ALL_TFS_ENABLED,True,OK,0.0,2.771,-2.771,0,0.0,0.0,
BTCUSDC_SHORT,HEDGE_STRICT_WT_MIN_TFS_AGAINST,4,OK,0.0,2.771,-2.771,0,0.0,0.0,
BTCUSDC_SHORT,HEDGE_STRICT_WT_MIN_TFS_AGAINST,1,OK,0.0,2.771,-2.771,0,0.0,0.0,
BTCUSDC_SHORT,HEDGE_TRIGGER_GR_SCORE_ENABLED,False,OK,0.0,2.771,-2.771,0,0.0,0.0,
BTCUSDC_SHORT,HEDGE_TRIGGER_GR_SCORE_ENABLED,True,OK,0.0,2.771,-2.771,0,0.0,0.0,
BTCUSDC_SHORT,HEDGE_WT_VEL_GATE_ENABLED,False,OK,0.0,2.771,-2.771,0,0.0,0.0,
BTCUSDC_SHORT,HEDGE_WT_VEL_GATE_ENABLED,True,OK,0.0,2.771,-2.771,0,0.0,0.0,
BTCUSDC_SHORT,NOLOSS_MIN_PROFIT_PCT,0.0,OK,0.0,2.771,-2.771,0,0.0,0.0,
BTCUSDC_SHORT,NOLOSS_MIN_PROFIT_PCT,1.0,OK,0.0,2.771,-2.771,0,0.0,0.0,
BTCUSDC_SHORT,OI_HEDGE_GATE_ENABLED,False,OK,0.0,2.771,-2.771,0,0.0,0.0,
BTCUSDC_SHORT,OI_HEDGE_GATE_ENABLED,True,OK,0.0,2.771,-2.771,0,0.0,0.0,
BTCUSDC_SHORT,RED_ZONE_HEDGE_GATE_ENABLED,False,OK,0.0,2.771,-2.771,0,0.0,0.0,
BTCUSDC_SHORT,RED_ZONE_HEDGE_GATE_ENABLED,True,OK,0.0,2.771,-2.771,0,0.0,0.0,
BTCUSDC_SHORT,DD_BOUNCE_DD_STOP_ENABLED,False,OK,0.0,2.771,-2.771,0,0.0,0.0,
BTCUSDC_SHORT,DD_BOUNCE_DD_STOP_ENABLED,True,OK,0.0,2.771,-2.771,0,0.0,0.0,
BTCUSDC_SHORT,HEDGE_TRIGGER_REQUIRE_WT_3M_AND_15M_OR_1H,False,OK,0.0,2.771,-2.771,0,0.0,0.0,
BTCUSDC_SHORT,HEDGE_TRIGGER_REQUIRE_WT_3M_AND_15M_OR_1H,True,OK,0.0,2.771,-2.771,0,0.0,0.0,
BTCUSDC_SHORT,HEDGE_TRIGGER_REQUIRE_WT_3M_AND_1H,False,OK,0.0,2.771,-2.771,0,0.0,0.0,
BTCUSDC_SHORT,HEDGE_TRIGGER_REQUIRE_WT_3M_AND_1H,True,OK,0.0,2.771,-2.771,0,0.0,0.0,
BTCUSDC_SHORT,HEDGE_TRIGGER_USE_WT_3M_ALONE,False,OK,0.0,2.771,-2.771,0,0.0,0.0,
BTCUSDC_SHORT,HEDGE_TRIGGER_USE_WT_3M_ALONE,True,OK,0.0,2.771,-2.771,0,0.0,0.0,
BTCUSDC_SHORT,MANDATORY_HEDGE_GAIN_THRESHOLD_PCT,-0.5,OK,0.0,2.771,-2.771,0,0.0,0.0,
BTCUSDC_SHORT,MANDATORY_HEDGE_GAIN_THRESHOLD_PCT,0.0,OK,0.0,2.771,-2.771,0,0.0,0.0,
BTCUSDC_SHORT,MICRO_SCALP_USDC_MAKER_ENABLED,False,OK,0.0,2.771,-2.771,0,0.0,0.0,
BTCUSDC_SHORT,MICRO_SCALP_USDC_MAKER_ENABLED,True,OK,0.0,2.771,-2.771,0,0.0,0.0,
BTCUSDC_SHORT,OBLIGATORY_HEDGE_ENABLED,False,OK,0.0,2.771,-2.771,0,0.0,0.0,
BTCUSDC_SHORT,OBLIGATORY_HEDGE_ENABLED,True,OK,0.0,2.771,-2.771,0,0.0,0.0,
BTCUSDC_SHORT,OBLIGATORY_HEDGE_WT_TFS_REQUIRED,0,OK,0.0,2.771,-2.771,0,0.0,0.0,
BTCUSDC_SHORT,OBLIGATORY_HEDGE_WT_TFS_REQUIRED,2,OK,0.0,2.771,-2.771,0,0.0,0.0,
BTCUSDC_SHORT,OBLIGATORY_HEDGE_WT_TFS_REQUIRED,3,OK,0.0,2.771,-2.771,0,0.0,0.0,
BTCUSDC_SHORT,OBLIGATORY_HEDGE_WT_USE_15M,False,OK,0.0,2.771,-2.771,0,0.0,0.0,
BTCUSDC_SHORT,OBLIGATORY_HEDGE_WT_USE_15M,True,OK,0.0,2.771,-2.771,0,0.0,0.0,
BTCUSDC_SHORT,OBLIGATORY_HEDGE_WT_USE_1H,False,OK,0.0,2.771,-2.771,0,0.0,0.0,
BTCUSDC_SHORT,OBLIGATORY_HEDGE_WT_USE_1H,True,OK,0.0,2.771,-2.771,0,0.0,0.0,
BTCUSDC_SHORT,OBLIGATORY_HEDGE_WT_USE_1M,False,OK,0.0,2.771,-2.771,0,0.0,0.0,
BTCUSDC_SHORT,OBLIGATORY_HEDGE_WT_USE_1M,True,OK,0.0,2.771,-2.771,0,0.0,0.0,
BTCUSDC_SHORT,OBLIGATORY_HEDGE_WT_USE_3M,False,OK,0.0,2.771,-2.771,0,0.0,0.0,
BTCUSDC_SHORT,OBLIGATORY_HEDGE_WT_USE_3M,True,OK,0.0,2.771,-2.771,0,0.0,0.0,
BTCUSDC_SHORT,UNDERWATER_HEDGE_OR_CLOSE_ENABLED,False,OK,0.0,2.771,-2.771,0,0.0,0.0,
BTCUSDC_SHORT,UNDERWATER_HEDGE_OR_CLOSE_ENABLED,True,OK,0.0,2.771,-2.771,0,0.0,0.0,
BTCUSDC_SHORT,UNDERWATER_HEDGE_OR_CLOSE_HTF_CLOSE_REQUIRED,2,OK,0.0,2.771,-2.771,0,0.0,0.0,
BTCUSDC_SHORT,UNDERWATER_HEDGE_OR_CLOSE_HTF_CLOSE_REQUIRED,0,OK,0.0,2.771,-2.771,0,0.0,0.0,
BTCUSDC_SHORT,UNDERWATER_HOC_USDC_MAKER_BYPASS,False,OK,0.0,2.771,-2.771,0,0.0,0.0,
BTCUSDC_SHORT,UNDERWATER_HOC_USDC_MAKER_BYPASS,True,OK,0.0,2.771,-2.771,0,0.0,0.0,
BTCUSDC_SHORT,UNIVERSAL_NOLOSS_GATE_BYPASS_REASONS,"('R1_', 'R2_', 'R3_HTF_FLIP', 'R4_STDEV_MACRO', 'HEDGE_FAILED', 'MTF_ATR_TRAIL', 'MTF_DC_REJECT', 'MTF_BB_REJECT', 'MTF_GR_WT_EXIT', 'GR_HTF_DIRECT_EXIT', 'LIQUIDATION', 'EMERGENCY_DC1H_BREACH', 'EMERGENCY', 'PARABOLIC_EXIT', 'GAIN_EROSION', 'STRUCTURAL_RANGE_SHIFT', 'DD_BOUNCE_STOP', 'REENTRY_BREAKOUT', 'OVERNIGHT_GAP_HEDGE_REMOVE', 'PARTIAL_PROFIT_LOCK', 'EOD_FORCE_FLAT', 'BREAKEVEN_AFTER_')",OK,0.0,2.771,-2.771,0,0.0,0.0,
BTCUSDC_SHORT,UNIVERSAL_NOLOSS_GATE_BYPASS_TECHNICAL,False,OK,0.0,2.771,-2.771,0,0.0,0.0,
BTCUSDC_SHORT,UNIVERSAL_NOLOSS_GATE_BYPASS_TECHNICAL,True,OK,0.0,2.771,-2.771,0,0.0,0.0,
BTCUSDC_SHORT,WT15M_AGAINST_FORCE_HEDGE_COOLDOWN_SEC,30.0,OK,0.0,2.771,-2.771,0,0.0,0.0,
BTCUSDC_SHORT,WT15M_AGAINST_FORCE_HEDGE_COOLDOWN_SEC,0.0,OK,0.0,2.771,-2.771,0,0.0,0.0,
BTCUSDC_SHORT,WT15M_AGAINST_FORCE_HEDGE_ENABLED,False,OK,0.0,2.771,-2.771,0,0.0,0.0,
BTCUSDC_SHORT,WT15M_AGAINST_FORCE_HEDGE_ENABLED,True,OK,0.0,2.771,-2.771,0,0.0,0.0,
BTCUSDC_SHORT,REENTRY_B11_MFI_UP_ENABLED,False,OK,0.0,2.771,-2.771,0,0.0,0.0,
BTCUSDC_SHORT,REENTRY_B11_MFI_UP_ENABLED,True,OK,0.0,2.771,-2.771,0,0.0,0.0,
BTCUSDC_SHORT,REENTRY_B11_LOWER_THAN_EXIT_ENABLED,False,OK,0.0,2.771,-2.771,0,0.0,0.0,
BTCUSDC_SHORT,REENTRY_B11_LOWER_THAN_EXIT_ENABLED,True,OK,0.0,2.771,-2.771,0,0.0,0.0,
BTCUSDC_SHORT,WT_AGAINST_FILTER_ENABLED,False,OK,0.0,2.771,-2.771,0,0.0,0.0,
BTCUSDC_SHORT,WT_AGAINST_FILTER_ENABLED,True,OK,0.0,2.771,-2.771,0,0.0,0.0,
BTCUSDC_SHORT,REENTRY_B11_SHORT_RSI_RVOL_ENABLED,False,OK,0.0,2.771,-2.771,0,0.0,0.0,
BTCUSDC_SHORT,REENTRY_B11_SHORT_RSI_RVOL_ENABLED,True,OK,0.0,2.771,-2.771,0,0.0,0.0,
BTCUSDC_SHORT,REENTRY_PULL1_ENABLED,False,OK,0.0,2.771,-2.771,0,0.0,0.0,
BTCUSDC_SHORT,REENTRY_PULL1_ENABLED,True,OK,0.0,2.771,-2.771,0,0.0,0.0,
BTCUSDC_SHORT,REENTRY_PULL2_ENABLED,False,OK,0.0,2.771,-2.771,0,0.0,0.0,
BTCUSDC_SHORT,REENTRY_PULL2_ENABLED,True,OK,0.0,2.771,-2.771,0,0.0,0.0,
BTCUSDC_SHORT,REENTRY_PULL3_ENABLED,False,OK,0.0,2.771,-2.771,0,0.0,0.0,
BTCUSDC_SHORT,REENTRY_PULL3_ENABLED,True,OK,0.0,2.771,-2.771,0,0.0,0.0,
BTCUSDC_SHORT,REENTRY_PULL4_ENABLED,False,OK,0.0,2.771,-2.771,0,0.0,0.0,
BTCUSDC_SHORT,REENTRY_PULL4_ENABLED,True,OK,0.0,2.771,-2.771,0,0.0,0.0,
BTCUSDC_SHORT,WT_VEL_DECAY_EXIT_ENABLED,False,OK,0.0,2.771,-2.771,0,0.0,0.0,
BTCUSDC_SHORT,WT_VEL_DECAY_EXIT_ENABLED,True,OK,0.0,2.771,-2.771,0,0.0,0.0,
BTCUSDC_SHORT,WT_VEL_DECAY_THRESHOLD,1.0,OK,0.0,2.771,-2.771,0,0.0,0.0,
BTCUSDC_SHORT,WT_VEL_DECAY_THRESHOLD,0.25,OK,0.0,2.771,-2.771,0,0.0,0.0,
BTCUSDC_SHORT,CONFLUENCE_MODE_ENABLED,False,OK,0.0,2.771,-2.771,0,0.0,0.0,
BTCUSDC_SHORT,CONFLUENCE_MODE_ENABLED,True,OK,0.0,2.771,-2.771,0,0.0,0.0,
BTCUSDC_SHORT,CONFLUENCE_MIN_BLOCKS,2,OK,0.0,2.771,-2.771,0,0.0,0.0,
BTCUSDC_SHORT,CONFLUENCE_MIN_BLOCKS,1,OK,0.0,2.771,-2.771,0,0.0,0.0,
BTCUSDC_SHORT,CONFLUENCE_MIN_BLOCKS,3,OK,0.0,2.771,-2.771,0,0.0,0.0,
BTCUSDC_SHORT,STRENGTH_FILTER_ENABLED,False,OK,0.0,2.771,-2.771,0,0.0,0.0,
BTCUSDC_SHORT,STRENGTH_FILTER_ENABLED,True,OK,0.0,2.771,-2.771,0,0.0,0.0,
BTCUSDC_SHORT,STRENGTH_MIN_SCORE,5.0,OK,0.0,2.771,-2.771,0,0.0,0.0,
BTCUSDC_SHORT,STRENGTH_MIN_SCORE,0.0,OK,0.0,2.771,-2.771,0,0.0,0.0,
BTCUSDC_SHORT,MIN_HOLD_BARS,10,OK,0.0,2.771,-2.771,0,0.0,0.0,
BTCUSDC_SHORT,MIN_HOLD_BARS,15,OK,0.0,2.771,-2.771,0,0.0,0.0,
BTCUSDC_SHORT,PROFIT_TARGET_ENABLED,False,OK,0.0,2.771,-2.771,0,0.0,0.0,
BTCUSDC_SHORT,PROFIT_TARGET_ENABLED,True,OK,0.0,2.771,-2.771,0,0.0,0.0,
BTCUSDC_SHORT,PROFIT_TARGET_PCT,1.6,OK,0.0,2.771,-2.771,0,0.0,0.0,
BTCUSDC_SHORT,PROFIT_TARGET_PCT,2.4,OK,0.0,2.771,-2.771,0,0.0,0.0,
BTCUSDC_SHORT,STOP_LOSS_ENABLED,False,OK,0.0,2.771,-2.771,0,0.0,0.0,
BTCUSDC_SHORT,STOP_LOSS_ENABLED,True,OK,0.0,2.771,-2.771,0,0.0,0.0,
BTCUSDC_SHORT,STOP_LOSS_PCT,2.0,OK,0.0,2.771,-2.771,0,0.0,0.0,
BTCUSDC_SHORT,STOP_LOSS_PCT,3.0,OK,0.0,2.771,-2.771,0,0.0,0.0,
BTCUSDC_SHORT,ATR_LONG_WINDOW,100,OK,0.0,2.771,-2.771,0,0.0,0.0,
BTCUSDC_SHORT,ATR_LONG_WINDOW,150,OK,0.0,2.771,-2.771,0,0.0,0.0,
BTCUSDC_SHORT,DELTA_EXIT_TYPE,speed_decay,OK,0.0,2.771,-2.771,0,0.0,0.0,
BTCUSDC_SHORT,WT_FORCE_OPEN_TRIGGER_TF,15m,OK,0.0,2.771,-2.771,0,0.0,0.0,
BTCUSDC_SHORT,WT_FORCE_OPEN_TRIGGER_TF,3m,OK,0.0,2.771,-2.771,0,0.0,0.0,
BTCUSDC_SHORT,WT_FORCE_OPEN_TRIGGER_TF,1h,OK,0.0,2.771,-2.771,0,0.0,0.0,
BTCUSDC_SHORT,WT_FORCE_OPEN_TRIGGER_TF,4h,OK,0.0,2.771,-2.771,0,0.0,0.0,
BTCUSDC_SHORT,WT_FORCE_OPEN_TRIGGER_TF,D,OK,0.0,2.771,-2.771,0,0.0,0.0,
BTCUSDC_SHORT,WT_DC_DIRECT_THRESHOLD,20.0,OK,0.0,2.771,-2.771,0,0.0,0.0,
BTCUSDC_SHORT,WT_DC_DIRECT_THRESHOLD,10.0,OK,0.0,2.771,-2.771,0,0.0,0.0,
BTCUSDC_SHORT,WT_DC_DIRECT_THRESHOLD,0.0,OK,0.0,2.771,-2.771,0,0.0,0.0,
BTCUSDC_SHORT,WT_DC_DIRECT_THRESHOLD,20.1,OK,0.0,2.771,-2.771,0,0.0,0.0,
BTCUSDC_SHORT,MIN_EXIT_TF_AGAINST_TRADIER,2,OK,0.0,2.771,-2.771,0,0.0,0.0,
BTCUSDC_SHORT,MIN_EXIT_TF_AGAINST_TRADIER,3,OK,0.0,2.771,-2.771,0,0.0,0.0,
BTCUSDC_SHORT,MIN_EXIT_TF_AGAINST_TRADIER,4,OK,0.0,2.771,-2.771,0,0.0,0.0,
BTCUSDC_SHORT,REGIME_TRENDING_K_ZONE_BONUS,15,OK,0.0,2.771,-2.771,0,0.0,0.0,
BTCUSDC_SHORT,REGIME_TRENDING_K_ZONE_BONUS,22,OK,0.0,2.771,-2.771,0,0.0,0.0,
BTCUSDC_SHORT,REGIME_TRENDING_K_ZONE_BONUS,16,OK,0.0,2.771,-2.771,0,0.0,0.0,
BTCUSDC_SHORT,SATOSHIT_LONG_HA_STREAK_MAX,1,OK,0.0,2.771,-2.771,0,0.0,0.0,
BTCUSDC_SHORT,SATOSHIT_LONG_HA_STREAK_MAX,0,OK,0.0,2.771,-2.771,0,0.0,0.0,
BTCUSDC_SHORT,SATOSHIT_LONG_HA_STREAK_MAX,2,OK,0.0,2.771,-2.771,0,0.0,0.0,
BTCUSDC_SHORT,SATOSHIT_LONG_HA_STREAK_MAX,3,OK,0.0,2.771,-2.771,0,0.0,0.0,
BTCUSDC_SHORT,SATOSHIT_MIN_VOTES_TRADIER,3,OK,0.0,2.771,-2.771,0,0.0,0.0,
BTCUSDC_SHORT,SATOSHIT_MIN_VOTES_TRADIER,1,OK,0.0,2.771,-2.771,0,0.0,0.0,
BTCUSDC_SHORT,SATOSHIT_MIN_VOTES_TRADIER,4,OK,0.0,2.771,-2.771,0,0.0,0.0,
BTCUSDC_SHORT,TRADIER_MI_SUBSIGNAL_MIN_COUNT,3,OK,0.0,2.771,-2.771,0,0.0,0.0,
BTCUSDC_SHORT,TRADIER_MI_SUBSIGNAL_MIN_COUNT,1,OK,0.0,2.771,-2.771,0,0.0,0.0,
BTCUSDC_SHORT,TRADIER_RSI_ENTRY_LONG_TRADIER,-1.0,OK,0.0,2.771,-2.771,0,0.0,0.0,
BTCUSDC_SHORT,TRADIER_RSI_ENTRY_LONG_TRADIER,-0.5,OK,0.0,2.771,-2.771,0,0.0,0.0,
BTCUSDC_SHORT,TRADIER_RSI_ENTRY_LONG_TRADIER,-1.5,OK,0.0,2.771,-2.771,0,0.0,0.0,
BTCUSDC_SHORT,TRADIER_RSI_ENTRY_LONG_TRADIER,-0.9,OK,0.0,2.771,-2.771,0,0.0,0.0,
BTCUSDC_SHORT,TRADIER_STOCH_EXTREME_LONG_TRADIER,15,OK,0.0,2.771,-2.771,0,0.0,0.0,
BTCUSDC_SHORT,TRADIER_STOCH_EXTREME_LONG_TRADIER,10,OK,0.0,2.771,-2.771,0,0.0,0.0,
BTCUSDC_SHORT,TRADIER_STOCH_EXTREME_LONG_TRADIER,25,OK,0.0,2.771,-2.771,0,0.0,0.0,
BTCUSDC_SHORT,TRADIER_STOCH_EXTREME_LONG_TRADIER,30,OK,0.0,2.771,-2.771,0,0.0,0.0,
BTCUSDC_SHORT,TRADIER_STOCH_EXTREME_LONG_TRADIER,40,OK,0.0,2.771,-2.771,0,0.0,0.0,
BTCUSDC_SHORT,TRADIER_STOCH_EXTREME_LONG_TRADIER,7,OK,0.0,2.771,-2.771,0,0.0,0.0,
BTCUSDC_SHORT,TRADIER_STOCH_EXTREME_LONG_TRADIER,16,OK,0.0,2.771,-2.771,0,0.0,0.0,
BTCUSDC_SHORT,TRADIER_STOCH_EXTREME_SHORT_TRADIER,85,OK,0.0,2.771,-2.771,0,0.0,0.0,
BTCUSDC_SHORT,TRADIER_STOCH_EXTREME_SHORT_TRADIER,100,OK,0.0,2.771,-2.771,0,0.0,0.0,
BTCUSDC_SHORT,TRADIER_STOCH_EXTREME_SHORT_TRADIER,120,OK,0.0,2.771,-2.771,0,0.0,0.0,
BTCUSDC_SHORT,TRADIER_STOCH_EXTREME_SHORT_TRADIER,127,OK,0.0,2.771,-2.771,0,0.0,0.0,
BTCUSDC_SHORT,TRADIER_STOCH_EXTREME_SHORT_TRADIER,160,OK,0.0,2.771,-2.771,0,0.0,0.0,
BTCUSDC_SHORT,TRADIER_STOCH_EXTREME_SHORT_TRADIER,40,OK,0.0,2.771,-2.771,0,0.0,0.0,
BTCUSDC_SHORT,TRADIER_STOCH_EXTREME_SHORT_TRADIER,42,OK,0.0,2.771,-2.771,0,0.0,0.0,
BTCUSDC_SHORT,TRADIER_STOCH_EXTREME_SHORT_TRADIER,60,OK,0.0,2.771,-2.771,0,0.0,0.0,
BTCUSDC_SHORT,BB_RSI_STOCH_SCALP_TF,15m,OK,0.0,2.771,-2.771,0,0.0,0.0,
BTCUSDC_SHORT,BB_RSI_STOCH_SCALP_TF,3m,OK,0.0,2.771,-2.771,0,0.0,0.0,
BTCUSDC_SHORT,BB_RSI_STOCH_SCALP_TF,1h,OK,0.0,2.771,-2.771,0,0.0,0.0,
BTCUSDC_SHORT,BB_RSI_STOCH_SCALP_TF,4h,OK,0.0,2.771,-2.771,0,0.0,0.0,
BTCUSDC_SHORT,BB_RSI_STOCH_SCALP_TF,D,OK,0.0,2.771,-2.771,0,0.0,0.0,
BTCUSDC_SHORT,HOOKUP_TF,,OK,0.0,2.771,-2.771,0,0.0,0.0,
BTCUSDC_SHORT,HOOKUP_TF,3m,OK,0.0,2.771,-2.771,0,0.0,0.0,
BTCUSDC_SHORT,HOOKUP_TF,15m,OK,0.0,2.771,-2.771,0,0.0,0.0,
BTCUSDC_SHORT,HOOKUP_TF,1h,OK,0.0,2.771,-2.771,0,0.0,0.0,
BTCUSDC_SHORT,HOOKUP_TF,4h,OK,0.0,2.771,-2.771,0,0.0,0.0,
BTCUSDC_SHORT,HOOKUP_TF,D,OK,0.0,2.771,-2.771,0,0.0,0.0,
BTCUSDC_SHORT,SATOSHIT_ENTRY_ENABLED,False,OK,0.0,2.771,-2.771,0,0.0,0.0,
BTCUSDC_SHORT,SATOSHIT_ENTRY_ENABLED,True,OK,0.0,2.771,-2.771,0,0.0,0.0,
BTCUSDC_SHORT,EMA_9_21_TIMEFRAME,1h,OK,0.0,2.771,-2.771,0,0.0,0.0,
BTCUSDC_SHORT,EMA_9_21_TIMEFRAME,3m,OK,0.0,2.771,-2.771,0,0.0,0.0,
BTCUSDC_SHORT,EMA_9_21_TIMEFRAME,15m,OK,0.0,2.771,-2.771,0,0.0,0.0,
BTCUSDC_SHORT,EMA_9_21_TIMEFRAME,4h,OK,0.0,2.771,-2.771,0,0.0,0.0,
BTCUSDC_SHORT,EMA_9_21_TIMEFRAME,D,OK,0.0,2.771,-2.771,0,0.0,0.0,
BTCUSDC_SHORT,KINDERGARTEN_EMA_PERIOD,21,OK,0.0,2.771,-2.771,0,0.0,0.0,
BTCUSDC_SHORT,KINDERGARTEN_EMA_PERIOD,0,OK,0.0,2.771,-2.771,0,0.0,0.0,
BTCUSDC_SHORT,KINDERGARTEN_SMA_PERIOD,50,OK,0.0,2.771,-2.771,0,0.0,0.0,
BTCUSDC_SHORT,KINDERGARTEN_SMA_PERIOD,0,OK,0.0,2.771,-2.771,0,0.0,0.0,
BTCUSDC_SHORT,EXIT_MAX_HOLD_MINUTES,49999.5,OK,0.0,2.771,-2.771,0,0.0,0.0,
BTCUSDC_SHORT,EXIT_MAX_HOLD_MINUTES,1.0,OK,0.0,2.771,-2.771,0,0.0,0.0,
BTCUSDC_SHORT,EXIT_MAX_HOLD_MINUTES,124998.75,OK,0.0,2.771,-2.771,0,0.0,0.0,
BTCUSDC_SHORT,EXIT_MAX_HOLD_MINUTES,149998.5,OK,0.0,2.771,-2.771,0,0.0,0.0,
BTCUSDC_SHORT,EXIT_MAX_HOLD_MINUTES,99999.0,OK,0.0,2.771,-2.771,0,0.0,0.0,
BTCUSDC_SHORT,MTF_BB_REJECT_EXIT_LOOKBACK,5,OK,0.0,2.771,-2.771,0,0.0,0.0,
BTCUSDC_SHORT,MTF_BB_REJECT_EXIT_LOOKBACK,2,OK,0.0,2.771,-2.771,0,0.0,0.0,
BTCUSDC_SHORT,MTF_BB_REJECT_EXIT_LOOKBACK,7,OK,0.0,2.771,-2.771,0,0.0,0.0,
BTCUSDC_SHORT,MTF_BB_REJECT_EXIT_TF,1h,OK,0.0,2.771,-2.771,0,0.0,0.0,
BTCUSDC_SHORT,MTF_BB_REJECT_EXIT_TF,3m,OK,0.0,2.771,-2.771,0,0.0,0.0,
BTCUSDC_SHORT,MTF_BB_REJECT_EXIT_TF,15m,OK,0.0,2.771,-2.771,0,0.0,0.0,
BTCUSDC_SHORT,MTF_BB_REJECT_EXIT_TF,4h,OK,0.0,2.771,-2.771,0,0.0,0.0,
BTCUSDC_SHORT,MTF_BB_REJECT_EXIT_TF,D,OK,0.0,2.771,-2.771,0,0.0,0.0,
BTCUSDC_SHORT,MTF_DC_REJECT_EXIT_LOOKBACK,5,OK,0.0,2.771,-2.771,0,0.0,0.0,
BTCUSDC_SHORT,MTF_DC_REJECT_EXIT_LOOKBACK,7,OK,0.0,2.771,-2.771,0,0.0,0.0,
BTCUSDC_SHORT,MTF_DC_REJECT_EXIT_TF,1h,OK,0.0,2.771,-2.771,0,0.0,0.0,
BTCUSDC_SHORT,MTF_DC_REJECT_EXIT_TF,3m,OK,0.0,2.771,-2.771,0,0.0,0.0,
BTCUSDC_SHORT,MTF_DC_REJECT_EXIT_TF,15m,OK,0.0,2.771,-2.771,0,0.0,0.0,
BTCUSDC_SHORT,MTF_DC_REJECT_EXIT_TF,4h,OK,0.0,2.771,-2.771,0,0.0,0.0,
BTCUSDC_SHORT,MTF_DC_REJECT_EXIT_TF,D,OK,0.0,2.771,-2.771,0,0.0,0.0,
BTCUSDC_SHORT,AI_PREMARKET_ENABLED_TRC,False,OK,0.0,2.771,-2.771,0,0.0,0.0,
BTCUSDC_SHORT,AI_PREMARKET_ENABLED_TRC,True,OK,0.0,2.771,-2.771,0,0.0,0.0,
BTCUSDC_SHORT,AI_PREMARKET_TRADINGVIEW_ENABLED,False,OK,0.0,2.771,-2.771,0,0.0,0.0,
BTCUSDC_SHORT,AI_PREMARKET_TRADINGVIEW_ENABLED,True,OK,0.0,2.771,-2.771,0,0.0,0.0,
BTCUSDC_SHORT,TRADIER_OI_INJECT_ENABLED,False,OK,0.0,2.771,-2.771,0,0.0,0.0,
BTCUSDC_SHORT,TRADIER_OI_INJECT_ENABLED,True,OK,0.0,2.771,-2.771,0,0.0,0.0,
BTCUSDC_SHORT,TRADIER_OI_INJECT_NEAR_MONEY_PREFER,False,OK,0.0,2.771,-2.771,0,0.0,0.0,
BTCUSDC_SHORT,TRADIER_OI_INJECT_NEAR_MONEY_PREFER,True,OK,0.0,2.771,-2.771,0,0.0,0.0,
BTCUSDC_SHORT,OPTIONS_BUY_WT_DC_GATE_ENABLED,False,OK,0.0,2.771,-2.771,0,0.0,0.0,
BTCUSDC_SHORT,OPTIONS_BUY_WT_DC_GATE_ENABLED,True,OK,0.0,2.771,-2.771,0,0.0,0.0,
BTCUSDC_SHORT,OPTIONS_AUGMENT_INTO_LOSS_BLOCK_ENABLED,False,OK,0.0,2.771,-2.771,0,0.0,0.0,
BTCUSDC_SHORT,OPTIONS_AUGMENT_INTO_LOSS_BLOCK_ENABLED,True,OK,0.0,2.771,-2.771,0,0.0,0.0,
BTCUSDC_SHORT,OPTIONS_PREMARKET_NO_FIRE,False,OK,0.0,2.771,-2.771,0,0.0,0.0,
BTCUSDC_SHORT,OPTIONS_PREMARKET_NO_FIRE,True,OK,0.0,2.771,-2.771,0,0.0,0.0,
BTCUSDC_SHORT,OPTIONS_EQUITY_HEDGE_DC_BREACH_EXIT_ENABLED,False,OK,0.0,2.771,-2.771,0,0.0,0.0,
BTCUSDC_SHORT,OPTIONS_EQUITY_HEDGE_DC_BREACH_EXIT_ENABLED,True,OK,0.0,2.771,-2.771,0,0.0,0.0,
BTCUSDC_SHORT,OPTIONS_EQUITY_HEDGE_DIRECTION_GUARD_ENABLED,False,OK,0.0,2.771,-2.771,0,0.0,0.0,
BTCUSDC_SHORT,OPTIONS_EQUITY_HEDGE_DIRECTION_GUARD_ENABLED,True,OK,0.0,2.771,-2.771,0,0.0,0.0,
BTCUSDC_SHORT,OPTIONS_HEDGE_PAIR_GUARD_ENABLED,False,OK,0.0,2.771,-2.771,0,0.0,0.0,
BTCUSDC_SHORT,OPTIONS_HEDGE_PAIR_GUARD_ENABLED,True,OK,0.0,2.771,-2.771,0,0.0,0.0,
BTCUSDC_SHORT,OPTIONS_CONTINUOUS_SECTOR_GATE,False,OK,0.0,2.771,-2.771,0,0.0,0.0,
BTCUSDC_SHORT,OPTIONS_CONTINUOUS_SECTOR_GATE,True,OK,0.0,2.771,-2.771,0,0.0,0.0,
BTCUSDC_SHORT,OPTIONS_BUY_REQUIRE_D_ALIGN,False,OK,0.0,2.771,-2.771,0,0.0,0.0,
BTCUSDC_SHORT,OPTIONS_BUY_REQUIRE_D_ALIGN,True,OK,0.0,2.771,-2.771,0,0.0,0.0,
BTCUSDC_SHORT,OPTIONS_CSP_MONITOR_REQUIRE_WT_D_TURN,False,OK,0.0,2.771,-2.771,0,0.0,0.0,
BTCUSDC_SHORT,OPTIONS_CSP_MONITOR_REQUIRE_WT_D_TURN,True,OK,0.0,2.771,-2.771,0,0.0,0.0,
BTCUSDC_SHORT,OPTIONS_CSP_MONITOR_LOG_EVERY_TICK,False,OK,0.0,2.771,-2.771,0,0.0,0.0,
BTCUSDC_SHORT,OPTIONS_CSP_MONITOR_LOG_EVERY_TICK,True,OK,0.0,2.771,-2.771,0,0.0,0.0,
BTCUSDC_SHORT,OPTIONS_SPREAD_ENABLED,False,OK,0.0,2.771,-2.771,0,0.0,0.0,
BTCUSDC_SHORT,OPTIONS_SPREAD_ENABLED,True,OK,0.0,2.771,-2.771,0,0.0,0.0,
BTCUSDC_SHORT,PARTIAL_PROFIT_LOCK_USE_MAKER_TRADIER,False,OK,0.0,2.771,-2.771,0,0.0,0.0,
BTCUSDC_SHORT,PARTIAL_PROFIT_LOCK_USE_MAKER_TRADIER,True,OK,0.0,2.771,-2.771,0,0.0,0.0,
BTCUSDC_SHORT,GUARANTEED_REENTRY_HTF_VETO_ENABLED,False,OK,0.0,2.771,-2.771,0,0.0,0.0,
BTCUSDC_SHORT,GUARANTEED_REENTRY_HTF_VETO_ENABLED,True,OK,0.0,2.771,-2.771,0,0.0,0.0,
BTCUSDC_SHORT,NEWBORN_DC_STOP_ENABLED,False,OK,0.0,2.771,-2.771,0,0.0,0.0,
BTCUSDC_SHORT,NEWBORN_DC_STOP_ENABLED,True,OK,0.0,2.771,-2.771,0,0.0,0.0,
BTCUSDC_SHORT,EMERGENCY_BRAKE_DC_STOP_ENABLED,False,OK,0.0,2.771,-2.771,0,0.0,0.0,
BTCUSDC_SHORT,EMERGENCY_BRAKE_DC_STOP_ENABLED,True,OK,0.0,2.771,-2.771,0,0.0,0.0,
BTCUSDC_SHORT,SWING_REENTER_AT_OR_BELOW_EXIT,False,OK,0.0,2.771,-2.771,0,0.0,0.0,
BTCUSDC_SHORT,SWING_REENTER_AT_OR_BELOW_EXIT,True,OK,0.0,2.771,-2.771,0,0.0,0.0,
BTCUSDC_SHORT,SWING_RUNAWAY_REENTER,False,OK,0.0,2.771,-2.771,0,0.0,0.0,
BTCUSDC_SHORT,SWING_RUNAWAY_REENTER,True,OK,0.0,2.771,-2.771,0,0.0,0.0,
BTCUSDC_SHORT,BAND_ARROW_ACCUMULATE,False,OK,0.0,2.771,-2.771,0,0.0,0.0,
BTCUSDC_SHORT,BAND_ARROW_ACCUMULATE,True,OK,0.0,2.771,-2.771,0,0.0,0.0,
BTCUSDC_SHORT,LR_BAND_BE_RATCHET,False,OK,0.0,2.771,-2.771,0,0.0,0.0,
BTCUSDC_SHORT,LR_BAND_BE_RATCHET,True,OK,0.0,2.771,-2.771,0,0.0,0.0,
BTCUSDC_SHORT,LR_BAND_EXIT_EXEMPT,False,OK,0.0,2.771,-2.771,0,0.0,0.0,
BTCUSDC_SHORT,LR_BAND_EXIT_EXEMPT,True,OK,0.0,2.771,-2.771,0,0.0,0.0,
BTCUSDC_SHORT,NEWS_SENTIMENT_ENABLED,False,OK,0.0,2.771,-2.771,0,0.0,0.0,
BTCUSDC_SHORT,NEWS_SENTIMENT_ENABLED,True,OK,0.0,2.771,-2.771,0,0.0,0.0,
BTCUSDC_SHORT,VERBOSE_STOPS,False,OK,0.0,2.771,-2.771,0,0.0,0.0,
BTCUSDC_SHORT,VERBOSE_STOPS,True,OK,0.0,2.771,-2.771,0,0.0,0.0,
BTCUSDC_SHORT,TRADIER_INDICATORS_NARROW_UNIVERSE,False,OK,0.0,2.771,-2.771,0,0.0,0.0,
BTCUSDC_SHORT,TRADIER_INDICATORS_NARROW_UNIVERSE,True,OK,0.0,2.771,-2.771,0,0.0,0.0,
BTCUSDC_SHORT,ROTATION_ENABLED,False,OK,0.0,2.771,-2.771,0,0.0,0.0,
BTCUSDC_SHORT,ROTATION_ENABLED,True,OK,0.0,2.771,-2.771,0,0.0,0.0,
BTCUSDC_SHORT,GAP_FILL_ENABLED,False,OK,0.0,2.771,-2.771,0,0.0,0.0,
BTCUSDC_SHORT,GAP_FILL_ENABLED,True,OK,0.0,2.771,-2.771,0,0.0,0.0,
BTCUSDC_SHORT,TRADIER_REQUIRE_TRADEABLE_KEY,False,OK,0.0,2.771,-2.771,0,0.0,0.0,
BTCUSDC_SHORT,TRADIER_REQUIRE_TRADEABLE_KEY,True,OK,0.0,2.771,-2.771,0,0.0,0.0,
BTCUSDC_SHORT,HTF_REGIME_SCALE_IN,False,OK,0.0,2.771,-2.771,0,0.0,0.0,
BTCUSDC_SHORT,HTF_REGIME_SCALE_IN,True,OK,0.0,2.771,-2.771,0,0.0,0.0,
BTCUSDC_SHORT,HODL_LONG_ONLY,False,OK,0.0,2.771,-2.771,0,0.0,0.0,
BTCUSDC_SHORT,HODL_LONG_ONLY,True,OK,0.0,2.771,-2.771,0,0.0,0.0,
BTCUSDC_SHORT,HEDGE_CROSS_SYMBOL_TRADIER,False,OK,0.0,2.771,-2.771,0,0.0,0.0,
BTCUSDC_SHORT,HEDGE_CROSS_SYMBOL_TRADIER,True,OK,0.0,2.771,-2.771,0,0.0,0.0,
BTCUSDC_SHORT,TRC_LOCAL_EXTREMES_SCORER_ENABLED,False,OK,0.0,2.771,-2.771,0,0.0,0.0,
BTCUSDC_SHORT,TRC_LOCAL_EXTREMES_SCORER_ENABLED,True,OK,0.0,2.771,-2.771,0,0.0,0.0,
BTCUSDC_SHORT,EARNINGS_AVOIDANCE_ENABLED,False,OK,0.0,2.771,-2.771,0,0.0,0.0,
BTCUSDC_SHORT,EARNINGS_AVOIDANCE_ENABLED,True,OK,0.0,2.771,-2.771,0,0.0,0.0,
BTCUSDC_SHORT,MACRO_BLACKOUT_ENABLED,False,OK,0.0,2.771,-2.771,0,0.0,0.0,
BTCUSDC_SHORT,MACRO_BLACKOUT_ENABLED,True,OK,0.0,2.771,-2.771,0,0.0,0.0,
BTCUSDC_SHORT,SECTOR_LS_RATIO_BYPASS_HEDGE,False,OK,0.0,2.771,-2.771,0,0.0,0.0,
BTCUSDC_SHORT,SECTOR_LS_RATIO_BYPASS_HEDGE,True,OK,0.0,2.771,-2.771,0,0.0,0.0,
BTCUSDC_SHORT,TRC_5M_SWEEP_ENABLED,False,OK,0.0,2.771,-2.771,0,0.0,0.0,
BTCUSDC_SHORT,TRC_5M_SWEEP_ENABLED,True,OK,0.0,2.771,-2.771,0,0.0,0.0,
BTCUSDC_SHORT,MU_CORRECTION_REQUIRE_HIGH_REVERSAL,False,OK,0.0,2.771,-2.771,0,0.0,0.0,
BTCUSDC_SHORT,MU_CORRECTION_REQUIRE_HIGH_REVERSAL,True,OK,0.0,2.771,-2.771,0,0.0,0.0,
BTCUSDC_SHORT,MU_CORRECTION_REQUIRE_CLOSE_REVERSAL,False,OK,0.0,2.771,-2.771,0,0.0,0.0,
BTCUSDC_SHORT,MU_CORRECTION_REQUIRE_CLOSE_REVERSAL,True,OK,0.0,2.771,-2.771,0,0.0,0.0,
BTCUSDC_SHORT,MU_CORRECTION_REENTRY_STOCH_ENABLED,False,OK,0.0,2.771,-2.771,0,0.0,0.0,
BTCUSDC_SHORT,MU_CORRECTION_REENTRY_STOCH_ENABLED,True,OK,0.0,2.771,-2.771,0,0.0,0.0,
BTCUSDC_SHORT,K_LOWER_HIGH_EXIT_ENABLED,False,OK,0.0,2.771,-2.771,0,0.0,0.0,
BTCUSDC_SHORT,K_LOWER_HIGH_EXIT_ENABLED,True,OK,0.0,2.771,-2.771,0,0.0,0.0,
BTCUSDC_SHORT,BREAKOUT_MULTI_LUNG_ENABLED,False,OK,0.0,2.771,-2.771,0,0.0,0.0,
BTCUSDC_SHORT,BREAKOUT_MULTI_LUNG_ENABLED,True,OK,0.0,2.771,-2.771,0,0.0,0.0,
BTCUSDC_SHORT,TRC_CLENOW_ENABLED,False,OK,0.0,2.771,-2.771,0,0.0,0.0,
BTCUSDC_SHORT,TRC_CLENOW_ENABLED,True,OK,0.0,2.771,-2.771,0,0.0,0.0,
BTCUSDC_SHORT,TRC_MINERVINI_ENABLED,False,OK,0.0,2.771,-2.771,0,0.0,0.0,
BTCUSDC_SHORT,TRC_MINERVINI_ENABLED,True,OK,0.0,2.771,-2.771,0,0.0,0.0,
BTCUSDC_SHORT,DC_TIER_AUG_ENABLED,False,OK,0.0,2.771,-2.771,0,0.0,0.0,
BTCUSDC_SHORT,DC_TIER_AUG_ENABLED,True,OK,0.0,2.771,-2.771,0,0.0,0.0,
BTCUSDC_SHORT,TR_TREND_V1_SHADOW_LOG_ONLY,False,OK,0.0,2.771,-2.771,0,0.0,0.0,
BTCUSDC_SHORT,TR_TREND_V1_SHADOW_LOG_ONLY,True,OK,0.0,2.771,-2.771,0,0.0,0.0,
BTCUSDC_SHORT,ADAPTIVE_REGIME_ENABLED,False,OK,0.0,2.771,-2.771,0,0.0,0.0,
BTCUSDC_SHORT,ADAPTIVE_REGIME_ENABLED,True,OK,0.0,2.771,-2.771,0,0.0,0.0,
BTCUSDC_SHORT,ADAPTIVE_REGIME_PAPER,False,OK,0.0,2.771,-2.771,0,0.0,0.0,
BTCUSDC_SHORT,ADAPTIVE_REGIME_PAPER,True,OK,0.0,2.771,-2.771,0,0.0,0.0,
BTCUSDC_SHORT,AUGMENT_PYRAMID_ENABLED,False,OK,0.0,2.771,-2.771,0,0.0,0.0,
BTCUSDC_SHORT,AUGMENT_PYRAMID_ENABLED,True,OK,0.0,2.771,-2.771,0,0.0,0.0,
BTCUSDC_SHORT,AUGMENT_GAIN_GT_3PCT_ENABLED,False,OK,0.0,2.771,-2.771,0,0.0,0.0,
BTCUSDC_SHORT,AUGMENT_GAIN_GT_3PCT_ENABLED,True,OK,0.0,2.771,-2.771,0,0.0,0.0,
BTCUSDC_SHORT,AUGMENT_WT15_CROSS_GAIN_GT_2_ENABLED,False,OK,0.0,2.771,-2.771,0,0.0,0.0,
BTCUSDC_SHORT,AUGMENT_WT15_CROSS_GAIN_GT_2_ENABLED,True,OK,0.0,2.771,-2.771,0,0.0,0.0,
BTCUSDC_SHORT,REDUCE_GAIN_FALLBACK_LT_1PCT_ENABLED,False,OK,0.0,2.771,-2.771,0,0.0,0.0,
BTCUSDC_SHORT,REDUCE_GAIN_FALLBACK_LT_1PCT_ENABLED,True,OK,0.0,2.771,-2.771,0,0.0,0.0,
BTCUSDC_SHORT,AUGMENT_RALLY_MIN_GAIN_PCT,2.0,OK,0.0,2.771,-2.771,0,0.0,0.0,
BTCUSDC_SHORT,AUGMENT_RALLY_MIN_GAIN_PCT,0.0,OK,0.0,2.771,-2.771,0,0.0,0.0,
BTCUSDC_SHORT,AUGMENT_WT15_MIN_GAIN_PCT,2.0,OK,0.0,2.771,-2.771,0,0.0,0.0,
BTCUSDC_SHORT,AUGMENT_WT15_MIN_GAIN_PCT,0.0,OK,0.0,2.771,-2.771,0,0.0,0.0,
BTCUSDC_SHORT,REDUCE_FALLBACK_PEAK_PCT,1.0,OK,0.0,2.771,-2.771,0,0.0,0.0,
BTCUSDC_SHORT,REDUCE_FALLBACK_PEAK_PCT,0.0,OK,0.0,2.771,-2.771,0,0.0,0.0,
BTCUSDC_SHORT,REDUCE_FALLBACK_LIVE_PCT,1.0,OK,0.0,2.771,-2.771,0,0.0,0.0,
BTCUSDC_SHORT,REDUCE_FALLBACK_LIVE_PCT,0.0,OK,0.0,2.771,-2.771,0,0.0,0.0,
BTCUSDC_SHORT,EMA_SMA_9_21_CROSS_ENABLED,False,OK,0.0,2.771,-2.771,0,0.0,0.0,
BTCUSDC_SHORT,EMA_SMA_9_21_CROSS_ENABLED,True,OK,0.0,2.771,-2.771,0,0.0,0.0,
BTCUSDC_SHORT,SHORT_TF_5M_15M_ENABLED,False,OK,0.0,2.771,-2.771,0,0.0,0.0,
BTCUSDC_SHORT,SHORT_TF_5M_15M_ENABLED,True,OK,0.0,2.771,-2.771,0,0.0,0.0,
BTCUSDC_SHORT,EMA_TF_3M_ENABLED,False,OK,0.0,2.771,-2.771,0,0.0,0.0,
BTCUSDC_SHORT,EMA_TF_3M_ENABLED,True,OK,0.0,2.771,-2.771,0,0.0,0.0,
BTCUSDC_SHORT,EMA_TF_5M_ENABLED,False,OK,0.0,2.771,-2.771,0,0.0,0.0,
BTCUSDC_SHORT,EMA_TF_5M_ENABLED,True,OK,0.0,2.771,-2.771,0,0.0,0.0,
BTCUSDC_SHORT,EMA_TF_15M_ENABLED,False,OK,0.0,2.771,-2.771,0,0.0,0.0,
BTCUSDC_SHORT,EMA_TF_15M_ENABLED,True,OK,0.0,2.771,-2.771,0,0.0,0.0,
BTCUSDC_SHORT,EMA_TF_1H_ENABLED,False,OK,0.0,2.771,-2.771,0,0.0,0.0,
BTCUSDC_SHORT,EMA_TF_1H_ENABLED,True,OK,0.0,2.771,-2.771,0,0.0,0.0,
BTCUSDC_SHORT,EMA_TF_4H_ENABLED,False,OK,0.0,2.771,-2.771,0,0.0,0.0,
BTCUSDC_SHORT,EMA_TF_4H_ENABLED,True,OK,0.0,2.771,-2.771,0,0.0,0.0,
BTCUSDC_SHORT,EMA_TF_D_ENABLED,False,OK,0.0,2.771,-2.771,0,0.0,0.0,
BTCUSDC_SHORT,EMA_TF_D_ENABLED,True,OK,0.0,2.771,-2.771,0,0.0,0.0,
BTCUSDC_SHORT,EMA_TF_W_ENABLED,False,OK,0.0,2.771,-2.771,0,0.0,0.0,
BTCUSDC_SHORT,EMA_TF_W_ENABLED,True,OK,0.0,2.771,-2.771,0,0.0,0.0,
BTCUSDC_SHORT,WT_TF_3M_ENABLED,False,OK,0.0,2.771,-2.771,0,0.0,0.0,
BTCUSDC_SHORT,WT_TF_3M_ENABLED,True,OK,0.0,2.771,-2.771,0,0.0,0.0,
BTCUSDC_SHORT,WT_TF_5M_ENABLED,False,OK,0.0,2.771,-2.771,0,0.0,0.0,
BTCUSDC_SHORT,WT_TF_5M_ENABLED,True,OK,0.0,2.771,-2.771,0,0.0,0.0,
BTCUSDC_SHORT,WT_TF_15M_ENABLED,False,OK,0.0,2.771,-2.771,0,0.0,0.0,
BTCUSDC_SHORT,WT_TF_15M_ENABLED,True,OK,0.0,2.771,-2.771,0,0.0,0.0,
BTCUSDC_SHORT,WT_TF_1H_ENABLED,False,OK,0.0,2.771,-2.771,0,0.0,0.0,
BTCUSDC_SHORT,WT_TF_1H_ENABLED,True,OK,0.0,2.771,-2.771,0,0.0,0.0,
BTCUSDC_SHORT,WT_TF_4H_ENABLED,False,OK,0.0,2.771,-2.771,0,0.0,0.0,
BTCUSDC_SHORT,WT_TF_4H_ENABLED,True,OK,0.0,2.771,-2.771,0,0.0,0.0,
BTCUSDC_SHORT,WT_TF_D_ENABLED,False,OK,0.0,2.771,-2.771,0,0.0,0.0,
BTCUSDC_SHORT,WT_TF_D_ENABLED,True,OK,0.0,2.771,-2.771,0,0.0,0.0,
BTCUSDC_SHORT,FAVORABLE_SLOPE_HOLD_ENABLED,False,OK,0.0,2.771,-2.771,0,0.0,0.0,
BTCUSDC_SHORT,FAVORABLE_SLOPE_HOLD_ENABLED,True,OK,0.0,2.771,-2.771,0,0.0,0.0,
BTCUSDC_SHORT,BREAKEVEN_EXIT_REQUIRE_WT15M_STRUCTURE,False,OK,0.0,2.771,-2.771,0,0.0,0.0,
BTCUSDC_SHORT,BREAKEVEN_EXIT_REQUIRE_WT15M_STRUCTURE,True,OK,0.0,2.771,-2.771,0,0.0,0.0,
BTCUSDC_SHORT,TRADIER_RESET_MAX_GAIN_ON_CLOSE,False,OK,0.0,2.771,-2.771,0,0.0,0.0,
BTCUSDC_SHORT,TRADIER_RESET_MAX_GAIN_ON_CLOSE,True,OK,0.0,2.771,-2.771,0,0.0,0.0,
BTCUSDC_SHORT,CRYPTO_FH_MOMENTUM_DC_CONFIRM,False,OK,0.0,2.771,-2.771,0,0.0,0.0,
BTCUSDC_SHORT,CRYPTO_FH_MOMENTUM_DC_CONFIRM,True,OK,0.0,2.771,-2.771,0,0.0,0.0,
BTCUSDC_SHORT,CRYPTO_FH_MOMENTUM_ENABLED,False,OK,0.0,2.771,-2.771,0,0.0,0.0,
BTCUSDC_SHORT,CRYPTO_FH_MOMENTUM_ENABLED,True,OK,0.0,2.771,-2.771,0,0.0,0.0,
BTCUSDC_SHORT,GR_V5_BREAKOUT_REQUIRE_VOLUME,False,OK,0.0,2.771,-2.771,0,0.0,0.0,
BTCUSDC_SHORT,GR_V5_BREAKOUT_REQUIRE_VOLUME,True,OK,0.0,2.771,-2.771,0,0.0,0.0,
BTCUSDC_SHORT,GR_V5_BOUNCE_WT_CROSS_REQUIRED,False,OK,0.0,2.771,-2.771,0,0.0,0.0,
BTCUSDC_SHORT,GR_V5_BOUNCE_WT_CROSS_REQUIRED,True,OK,0.0,2.771,-2.771,0,0.0,0.0,
BTCUSDC_SHORT,DELTA_SERVICE_BLEED_STOP,False,OK,0.0,2.771,-2.771,0,0.0,0.0,
BTCUSDC_SHORT,DELTA_SERVICE_BLEED_STOP,True,OK,0.0,2.771,-2.771,0,0.0,0.0,
BTCUSDC_SHORT,DELTA_SERVICE_REDUCE_GATE,False,OK,0.0,2.771,-2.771,0,0.0,0.0,
BTCUSDC_SHORT,DELTA_SERVICE_REDUCE_GATE,True,OK,0.0,2.771,-2.771,0,0.0,0.0,
BTCUSDC_SHORT,DELTA_SERVICE_TRAILING_STOP,False,OK,0.0,2.771,-2.771,0,0.0,0.0,
BTCUSDC_SHORT,DELTA_SERVICE_TRAILING_STOP,True,OK,0.0,2.771,-2.771,0,0.0,0.0,
BTCUSDC_SHORT,EXIT_HEDGE_LOSS_KILL_ENABLED,False,OK,0.0,2.771,-2.771,0,0.0,0.0,
BTCUSDC_SHORT,EXIT_HEDGE_LOSS_KILL_ENABLED,True,OK,0.0,2.771,-2.771,0,0.0,0.0,
BTCUSDC_SHORT,EXIT_HEDGE_ORPHAN_KILL_ENABLED,False,OK,0.0,2.771,-2.771,0,0.0,0.0,
BTCUSDC_SHORT,EXIT_HEDGE_ORPHAN_KILL_ENABLED,True,OK,0.0,2.771,-2.771,0,0.0,0.0,
BTCUSDC_SHORT,HEDGE_NEWBORN_DC_BREACH_ALLOWED,False,OK,0.0,2.771,-2.771,0,0.0,0.0,
BTCUSDC_SHORT,HEDGE_NEWBORN_DC_BREACH_ALLOWED,True,OK,0.0,2.771,-2.771,0,0.0,0.0,
BTCUSDC_SHORT,INF_RANKING_BYPASS_HTF,False,OK,0.0,2.771,-2.771,0,0.0,0.0,
BTCUSDC_SHORT,INF_RANKING_BYPASS_HTF,True,OK,0.0,2.771,-2.771,0,0.0,0.0,
BTCUSDC_SHORT,INF_RANKING_BYPASS_STOCH,False,OK,0.0,2.771,-2.771,0,0.0,0.0,
BTCUSDC_SHORT,INF_RANKING_BYPASS_STOCH,True,OK,0.0,2.771,-2.771,0,0.0,0.0,
BTCUSDC_SHORT,LEGACY_WR_PULLBACK,False,OK,0.0,2.771,-2.771,0,0.0,0.0,
BTCUSDC_SHORT,LEGACY_WR_PULLBACK,True,OK,0.0,2.771,-2.771,0,0.0,0.0,
BTCUSDC_SHORT,LOSS_EXIT_REQUIRES_HEDGE,False,OK,0.0,2.771,-2.771,0,0.0,0.0,
BTCUSDC_SHORT,LOSS_EXIT_REQUIRES_HEDGE,True,OK,0.0,2.771,-2.771,0,0.0,0.0,
BTCUSDC_SHORT,ORPHAN_HEDGE_CHECK_GAIN,False,OK,0.0,2.771,-2.771,0,0.0,0.0,
BTCUSDC_SHORT,ORPHAN_HEDGE_CHECK_GAIN,True,OK,0.0,2.771,-2.771,0,0.0,0.0,
BTCUSDC_SHORT,REENTRY_K15M_PARTIAL_ENABLED,False,OK,0.0,2.771,-2.771,0,0.0,0.0,
BTCUSDC_SHORT,REENTRY_K15M_PARTIAL_ENABLED,True,OK,0.0,2.771,-2.771,0,0.0,0.0,
BTCUSDC_SHORT,MANDATORY_REENTRY_WT_FILTER_ENABLED,False,OK,0.0,2.771,-2.771,0,0.0,0.0,
BTCUSDC_SHORT,MANDATORY_REENTRY_WT_FILTER_ENABLED,True,OK,0.0,2.771,-2.771,0,0.0,0.0,
BTCUSDC_SHORT,RULE_NAME_TAGGING_ENABLED,False,OK,0.0,2.771,-2.771,0,0.0,0.0,
BTCUSDC_SHORT,RULE_NAME_TAGGING_ENABLED,True,OK,0.0,2.771,-2.771,0,0.0,0.0,
BTCUSDC_SHORT,REENTRY_WAVETREND_CONFIRM_ENABLED,False,OK,0.0,2.771,-2.771,0,0.0,0.0,
BTCUSDC_SHORT,REENTRY_WAVETREND_CONFIRM_ENABLED,True,OK,0.0,2.771,-2.771,0,0.0,0.0,
BTCUSDC_SHORT,STDEV_MACRO_R4_REQUIRE_LTF_FLIP,False,OK,0.0,2.771,-2.771,0,0.0,0.0,
BTCUSDC_SHORT,STDEV_MACRO_R4_REQUIRE_LTF_FLIP,True,OK,0.0,2.771,-2.771,0,0.0,0.0,
BTCUSDC_SHORT,DISASTER_GUARD_ENABLED,False,OK,0.0,2.771,-2.771,0,0.0,0.0,
BTCUSDC_SHORT,DISASTER_GUARD_ENABLED,True,OK,0.0,2.771,-2.771,0,0.0,0.0,
BTCUSDC_SHORT,DG_BROKER_MEMORY_SYNC_BLOCK,False,OK,0.0,2.771,-2.771,0,0.0,0.0,
BTCUSDC_SHORT,DG_BROKER_MEMORY_SYNC_BLOCK,True,OK,0.0,2.771,-2.771,0,0.0,0.0,
BTCUSDC_SHORT,BROKER_PREFLIGHT_ENABLED,False,OK,0.0,2.771,-2.771,0,0.0,0.0,
BTCUSDC_SHORT,BROKER_PREFLIGHT_ENABLED,True,OK,0.0,2.771,-2.771,0,0.0,0.0,
BTCUSDC_SHORT,SATOSHIT_EXIT_USE_MAKER,False,OK,0.0,2.771,-2.771,0,0.0,0.0,
BTCUSDC_SHORT,SATOSHIT_EXIT_USE_MAKER,True,OK,0.0,2.771,-2.771,0,0.0,0.0,
BTCUSDC_SHORT,SCALP_V2_DC_HTF_REQUIRE_ALL,False,OK,0.0,2.771,-2.771,0,0.0,0.0,
BTCUSDC_SHORT,SCALP_V2_DC_HTF_REQUIRE_ALL,True,OK,0.0,2.771,-2.771,0,0.0,0.0,
BTCUSDC_SHORT,SCALP_V2_LH_LL_EXIT,False,OK,0.0,2.771,-2.771,0,0.0,0.0,
BTCUSDC_SHORT,SCALP_V2_LH_LL_EXIT,True,OK,0.0,2.771,-2.771,0,0.0,0.0,
BTCUSDC_SHORT,SCALP_V2_REDZONE_EXIT,False,OK,0.0,2.771,-2.771,0,0.0,0.0,
BTCUSDC_SHORT,SCALP_V2_REDZONE_EXIT,True,OK,0.0,2.771,-2.771,0,0.0,0.0,
BTCUSDC_SHORT,USE_INDICATOR_SNAPSHOT,False,OK,0.0,2.771,-2.771,0,0.0,0.0,
BTCUSDC_SHORT,USE_INDICATOR_SNAPSHOT,True,OK,0.0,2.771,-2.771,0,0.0,0.0,
BTCUSDC_SHORT,V8Q_D_TREND_REQUIRED,False,OK,0.0,2.771,-2.771,0,0.0,0.0,
BTCUSDC_SHORT,V8Q_D_TREND_REQUIRED,True,OK,0.0,2.771,-2.771,0,0.0,0.0,
BTCUSDC_SHORT,V8Q_STRENGTH_FILTER_ENABLED,False,OK,0.0,2.771,-2.771,0,0.0,0.0,
BTCUSDC_SHORT,V8Q_STRENGTH_FILTER_ENABLED,True,OK,0.0,2.771,-2.771,0,0.0,0.0,
BTCUSDC_SHORT,WT_15M_SAME_HEDGE_ENABLED,False,OK,0.0,2.771,-2.771,0,0.0,0.0,
BTCUSDC_SHORT,WT_15M_SAME_HEDGE_ENABLED,True,OK,0.0,2.771,-2.771,0,0.0,0.0,
BTCUSDC_SHORT,ADAPTIVE_REGIME_DC_BREAKDOWN_THRESHOLD,0.0,OK,0.0,2.771,-2.771,0,0.0,0.0,
BTCUSDC_SHORT,ADAPTIVE_REGIME_DC_BREAKDOWN_THRESHOLD,0.05,OK,0.0,2.771,-2.771,0,0.0,0.0,
BTCUSDC_SHORT,ADAPTIVE_REGIME_DC_BREAKDOWN_THRESHOLD,0.15,OK,0.0,2.771,-2.771,0,0.0,0.0,
BTCUSDC_SHORT,ADAPTIVE_REGIME_DC_BREAKDOWN_THRESHOLD,1.0,OK,0.0,2.771,-2.771,0,0.0,0.0,
BTCUSDC_SHORT,ADAPTIVE_REGIME_DC_BREAKOUT_THRESHOLD,0.0,OK,0.0,2.771,-2.771,0,0.0,0.0,
BTCUSDC_SHORT,ADAPTIVE_REGIME_DC_BREAKOUT_THRESHOLD,0.45,OK,0.0,2.771,-2.771,0,0.0,0.0,
BTCUSDC_SHORT,ADAPTIVE_REGIME_DC_BREAKOUT_THRESHOLD,0.9,OK,0.0,2.771,-2.771,0,0.0,0.0,
BTCUSDC_SHORT,ADAPTIVE_REGIME_DC_BREAKOUT_THRESHOLD,1.0,OK,0.0,2.771,-2.771,0,0.0,0.0,
BTCUSDC_SHORT,ADAPTIVE_REGIME_DECAY_HALFLIFE_H,False,OK,0.0,2.771,-2.771,0,0.0,0.0,
BTCUSDC_SHORT,ADAPTIVE_REGIME_DECAY_HALFLIFE_H,True,OK,0.0,2.771,-2.771,0,0.0,0.0,
BTCUSDC_SHORT,ADAPTIVE_REGIME_HEAT_TRIGGER,False,OK,0.0,2.771,-2.771,0,0.0,0.0,
BTCUSDC_SHORT,ADAPTIVE_REGIME_HEAT_TRIGGER,True,OK,0.0,2.771,-2.771,0,0.0,0.0,
BTCUSDC_SHORT,ADAPTIVE_REGIME_LOOKBACK_DAYS,False,OK,0.0,2.771,-2.771,0,0.0,0.0,
BTCUSDC_SHORT,ADAPTIVE_REGIME_LOOKBACK_DAYS,True,OK,0.0,2.771,-2.771,0,0.0,0.0,
BTCUSDC_SHORT,ADAPTIVE_REGIME_MIN_SIGNALS,0.0,OK,0.0,2.771,-2.771,0,0.0,0.0,
BTCUSDC_SHORT,ADAPTIVE_REGIME_MIN_SIGNALS,2.0,OK,0.0,2.771,-2.771,0,0.0,0.0,
BTCUSDC_SHORT,ADAPTIVE_REGIME_MIN_SIGNALS,5.0,OK,0.0,2.771,-2.771,0,0.0,0.0,
BTCUSDC_SHORT,ADAPTIVE_REGIME_NPZ_CACHE_HOURS,0.0,OK,0.0,2.771,-2.771,0,0.0,0.0,
BTCUSDC_SHORT,ADAPTIVE_REGIME_NPZ_CACHE_HOURS,4.0,OK,0.0,2.771,-2.771,0,0.0,0.0,
BTCUSDC_SHORT,ADAPTIVE_REGIME_NPZ_CACHE_HOURS,6.0,OK,0.0,2.771,-2.771,0,0.0,0.0,
BTCUSDC_SHORT,ADAPTIVE_REGIME_SHARPE_FLOOR,False,OK,0.0,2.771,-2.771,0,0.0,0.0,
BTCUSDC_SHORT,ADAPTIVE_REGIME_SHARPE_FLOOR,True,OK,0.0,2.771,-2.771,0,0.0,0.0,
BTCUSDC_SHORT,ASYMMETRIC_STOPS_ENABLED,False,OK,0.0,2.771,-2.771,0,0.0,0.0,
BTCUSDC_SHORT,ASYMMETRIC_STOPS_ENABLED,True,OK,0.0,2.771,-2.771,0,0.0,0.0,
BTCUSDC_SHORT,AUGMENTATION_COOLDOWN_MINUTES,0.0,OK,0.0,2.771,-2.771,0,0.0,0.0,
BTCUSDC_SHORT,AUGMENTATION_COOLDOWN_MINUTES,1.0,OK,0.0,2.771,-2.771,0,0.0,0.0,
BTCUSDC_SHORT,AUGMENT_ENABLED,False,OK,0.0,2.771,-2.771,0,0.0,0.0,
BTCUSDC_SHORT,AUGMENT_ENABLED,True,OK,0.0,2.771,-2.771,0,0.0,0.0,
BTCUSDC_SHORT,AUGMENT_LEVELS_PCT,0.0,OK,0.0,2.771,-2.771,0,0.0,0.0,
BTCUSDC_SHORT,AUGMENT_LEVELS_PCT,1.0,OK,0.0,2.771,-2.771,0,0.0,0.0,
BTCUSDC_SHORT,AUGMENT_PYRAMID_TRADIER,False,OK,0.0,2.771,-2.771,0,0.0,0.0,
BTCUSDC_SHORT,AUGMENT_PYRAMID_TRADIER,True,OK,0.0,2.771,-2.771,0,0.0,0.0,
BTCUSDC_SHORT,BAND_ARROW_EXIT_TFS,0.0,OK,0.0,2.771,-2.771,0,0.0,0.0,
BTCUSDC_SHORT,BAND_ARROW_EXIT_TFS,1.0,OK,0.0,2.771,-2.771,0,0.0,0.0,
BTCUSDC_SHORT,BB4H_BREAKOUT_LADDER_MAX_STOCK_SHARES,0.0,OK,0.0,2.771,-2.771,0,0.0,0.0,
BTCUSDC_SHORT,BB4H_BREAKOUT_LADDER_MAX_STOCK_SHARES,1.0,OK,0.0,2.771,-2.771,0,0.0,0.0,
BTCUSDC_SHORT,BB4H_BREAKOUT_LADDER_MAX_STOCK_SHARES,2.0,OK,0.0,2.771,-2.771,0,0.0,0.0,
BTCUSDC_SHORT,BB4H_BREAKOUT_LADDER_STOCK_MAX_NOTIONAL_USD,0.0,OK,0.0,2.771,-2.771,0,0.0,0.0,
BTCUSDC_SHORT,BB4H_BREAKOUT_LADDER_STOCK_MAX_NOTIONAL_USD,1.0,OK,0.0,2.771,-2.771,0,0.0,0.0,
BTCUSDC_SHORT,BB4H_BREAKOUT_LADDER_STOCK_MAX_NOTIONAL_USD,1000.0,OK,0.0,2.771,-2.771,0,0.0,0.0,
BTCUSDC_SHORT,BB4H_BREAKOUT_LADDER_STOCK_MAX_NOTIONAL_USD,2000.0,OK,0.0,2.771,-2.771,0,0.0,0.0,
BTCUSDC_SHORT,BB4H_BREAKOUT_LADDER_STOCK_MAX_NOTIONAL_USD,2500.0,OK,0.0,2.771,-2.771,0,0.0,0.0,
BTCUSDC_SHORT,BB4H_BREAKOUT_LADDER_STOCK_MAX_NOTIONAL_USD,3000.0,OK,0.0,2.771,-2.771,0,0.0,0.0,
BTCUSDC_SHORT,BB_LONG_ENTRY_MAX,0.0,OK,0.0,2.771,-2.771,0,0.0,0.0,
BTCUSDC_SHORT,BB_LONG_ENTRY_MAX,0.2,OK,0.0,2.771,-2.771,0,0.0,0.0,
BTCUSDC_SHORT,BB_RECOVERY_EXIT_ENABLED,False,OK,0.0,2.771,-2.771,0,0.0,0.0,
BTCUSDC_SHORT,BB_RECOVERY_EXIT_ENABLED,True,OK,0.0,2.771,-2.771,0,0.0,0.0,
BTCUSDC_SHORT,BB_SHORT_ENTRY_MIN,0.0,OK,0.0,2.771,-2.771,0,0.0,0.0,
BTCUSDC_SHORT,BB_SHORT_ENTRY_MIN,0.8,OK,0.0,2.771,-2.771,0,0.0,0.0,
BTCUSDC_SHORT,BOTTOM_B_DELAYED_LOWER_TOP_ARM_BREAK_MODE,False,OK,0.0,2.771,-2.771,0,0.0,0.0,
BTCUSDC_SHORT,BOTTOM_B_DELAYED_LOWER_TOP_ARM_BREAK_MODE,True,OK,0.0,2.771,-2.771,0,0.0,0.0,
BTCUSDC_SHORT,BOTTOM_B_DELAYED_LOWER_TOP_ARM_BREAK_THRESHOLD,0.0,OK,0.0,2.771,-2.771,0,0.0,0.0,
BTCUSDC_SHORT,BOTTOM_B_DELAYED_LOWER_TOP_ARM_BREAK_THRESHOLD,0.125,OK,0.0,2.771,-2.771,0,0.0,0.0,
BTCUSDC_SHORT,BOTTOM_B_DELAYED_LOWER_TOP_ARM_TF,,OK,0.0,2.771,-2.771,0,0.0,0.0,
BTCUSDC_SHORT,BOTTOM_B_DELAYED_LOWER_TOP_ARM_TF,3m,OK,0.0,2.771,-2.771,0,0.0,0.0,
BTCUSDC_SHORT,BOTTOM_B_DELAYED_LOWER_TOP_ARM_TF,15m,OK,0.0,2.771,-2.771,0,0.0,0.0,
BTCUSDC_SHORT,BOTTOM_B_DELAYED_LOWER_TOP_ARM_TF,1h,OK,0.0,2.771,-2.771,0,0.0,0.0,
BTCUSDC_SHORT,BOTTOM_B_DELAYED_LOWER_TOP_ARM_TF,4h,OK,0.0,2.771,-2.771,0,0.0,0.0,
BTCUSDC_SHORT,BOTTOM_B_DELAYED_LOWER_TOP_ARM_TF,D,OK,0.0,2.771,-2.771,0,0.0,0.0,
BTCUSDC_SHORT,BOTTOM_B_DELAYED_LOWER_TOP_CONFIRMATION_BARS,0.0,OK,0.0,2.771,-2.771,0,0.0,0.0,
BTCUSDC_SHORT,BOTTOM_B_DELAYED_LOWER_TOP_CONFIRMATION_BARS,1.0,OK,0.0,2.771,-2.771,0,0.0,0.0,
BTCUSDC_SHORT,BOTTOM_B_DELAYED_LOWER_TOP_CONFIRMATION_MODE,False,OK,0.0,2.771,-2.771,0,0.0,0.0,
BTCUSDC_SHORT,BOTTOM_B_DELAYED_LOWER_TOP_CONFIRMATION_MODE,True,OK,0.0,2.771,-2.771,0,0.0,0.0,
BTCUSDC_SHORT,BOTTOM_B_DELAYED_LOWER_TOP_CONFIRM_TF,,OK,0.0,2.771,-2.771,0,0.0,0.0,
BTCUSDC_SHORT,BOTTOM_B_DELAYED_LOWER_TOP_CONFIRM_TF,3m,OK,0.0,2.771,-2.771,0,0.0,0.0,
BTCUSDC_SHORT,BOTTOM_B_DELAYED_LOWER_TOP_CONFIRM_TF,15m,OK,0.0,2.771,-2.771,0,0.0,0.0,
BTCUSDC_SHORT,BOTTOM_B_DELAYED_LOWER_TOP_CONFIRM_TF,1h,OK,0.0,2.771,-2.771,0,0.0,0.0,
BTCUSDC_SHORT,BOTTOM_B_DELAYED_LOWER_TOP_CONFIRM_TF,4h,OK,0.0,2.771,-2.771,0,0.0,0.0,
BTCUSDC_SHORT,BOTTOM_B_DELAYED_LOWER_TOP_CONFIRM_TF,D,OK,0.0,2.771,-2.771,0,0.0,0.0,
BTCUSDC_SHORT,BOTTOM_B_DELAYED_LOWER_TOP_ENABLED,False,OK,0.0,2.771,-2.771,0,0.0,0.0,
BTCUSDC_SHORT,BOTTOM_B_DELAYED_LOWER_TOP_ENABLED,True,OK,0.0,2.771,-2.771,0,0.0,0.0,
BTCUSDC_SHORT,BOTTOM_B_DELAYED_LOWER_TOP_MAX_WAIT_1H,0.0,OK,0.0,2.771,-2.771,0,0.0,0.0,
BTCUSDC_SHORT,BOTTOM_B_DELAYED_LOWER_TOP_MAX_WAIT_1H,12.0,OK,0.0,2.771,-2.771,0,0.0,0.0,
BTCUSDC_SHORT,BOTTOM_B_DELAYED_LOWER_TOP_PREBREAK_LOOKBACK,False,OK,0.0,2.771,-2.771,0,0.0,0.0,
BTCUSDC_SHORT,BOTTOM_B_DELAYED_LOWER_TOP_PREBREAK_LOOKBACK,True,OK,0.0,2.771,-2.771,0,0.0,0.0,
BTCUSDC_SHORT,BOTTOM_B_DELAYED_LOWER_TOP_REBOUND_ATR,False,OK,0.0,2.771,-2.771,0,0.0,0.0,
BTCUSDC_SHORT,BOTTOM_B_DELAYED_LOWER_TOP_REBOUND_ATR,True,OK,0.0,2.771,-2.771,0,0.0,0.0,
BTCUSDC_SHORT,BOUNCE_TOP_EXIT_ENABLED,False,OK,0.0,2.771,-2.771,0,0.0,0.0,
BTCUSDC_SHORT,BOUNCE_TOP_EXIT_ENABLED,True,OK,0.0,2.771,-2.771,0,0.0,0.0,
BTCUSDC_SHORT,BREAKOUT_GUARD_MOMENTUM_CHECK_ENABLED,False,OK,0.0,2.771,-2.771,0,0.0,0.0,
BTCUSDC_SHORT,BREAKOUT_GUARD_MOMENTUM_CHECK_ENABLED,True,OK,0.0,2.771,-2.771,0,0.0,0.0,
BTCUSDC_SHORT,BREAKOUT_HTF_MIN_ALIGNED,0.0,OK,0.0,2.771,-2.771,0,0.0,0.0,
BTCUSDC_SHORT,BREAKOUT_HTF_MIN_ALIGNED,1.0,OK,0.0,2.771,-2.771,0,0.0,0.0,
BTCUSDC_SHORT,BREAKOUT_INJECT_LIVE,False,OK,0.0,2.771,-2.771,0,0.0,0.0,
BTCUSDC_SHORT,BREAKOUT_INJECT_LIVE,True,OK,0.0,2.771,-2.771,0,0.0,0.0,
BTCUSDC_SHORT,BREAKOUT_INJECT_SHADOW_LOG,False,OK,0.0,2.771,-2.771,0,0.0,0.0,
BTCUSDC_SHORT,BREAKOUT_INJECT_SHADOW_LOG,True,OK,0.0,2.771,-2.771,0,0.0,0.0,
BTCUSDC_SHORT,BREAKOUT_LEASH_QTY_MULT,0.0,OK,0.0,2.771,-2.771,0,0.0,0.0,
BTCUSDC_SHORT,BREAKOUT_LEASH_QTY_MULT,0.125,OK,0.0,2.771,-2.771,0,0.0,0.0,
BTCUSDC_SHORT,BREAKOUT_MAD_MULTIPLIER,0.0,OK,0.0,2.771,-2.771,0,0.0,0.0,
BTCUSDC_SHORT,BREAKOUT_MAD_MULTIPLIER,1.0,OK,0.0,2.771,-2.771,0,0.0,0.0,
BTCUSDC_SHORT,BREAKOUT_MAX_DD_RATIO,0.0,OK,0.0,2.771,-2.771,0,0.0,0.0,
BTCUSDC_SHORT,BREAKOUT_MAX_DD_RATIO,1.0,OK,0.0,2.771,-2.771,0,0.0,0.0,
BTCUSDC_SHORT,BREAKOUT_MIN_HOLD_BARS,0.0,OK,0.0,2.771,-2.771,0,0.0,0.0,
BTCUSDC_SHORT,BREAKOUT_MIN_HOLD_BARS,1.0,OK,0.0,2.771,-2.771,0,0.0,0.0,
BTCUSDC_SHORT,BREAKOUT_MIN_RET_PCT,0.0,OK,0.0,2.771,-2.771,0,0.0,0.0,
BTCUSDC_SHORT,BREAKOUT_MIN_RET_PCT,1.0,OK,0.0,2.771,-2.771,0,0.0,0.0,
BTCUSDC_SHORT,BREAKOUT_MULTI_LUNG_COMPOSITE_EXHALE,0.0,OK,0.0,2.771,-2.771,0,0.0,0.0,
BTCUSDC_SHORT,BREAKOUT_MULTI_LUNG_COMPOSITE_EXHALE,-0.0188,OK,0.0,2.771,-2.771,0,0.0,0.0,
BTCUSDC_SHORT,BREAKOUT_MULTI_LUNG_COMPOSITE_EXHALE,-0.037500000000000006,OK,0.0,2.771,-2.771,0,0.0,0.0,
BTCUSDC_SHORT,BREAKOUT_MULTI_LUNG_COMPOSITE_INHALE,0.0,OK,0.0,2.771,-2.771,0,0.0,0.0,
BTCUSDC_SHORT,BREAKOUT_MULTI_LUNG_COMPOSITE_INHALE,0.2,OK,0.0,2.771,-2.771,0,0.0,0.0,
BTCUSDC_SHORT,BREAKOUT_MULTI_LUNG_COOLDOWN_BARS,0.0,OK,0.0,2.771,-2.771,0,0.0,0.0,
BTCUSDC_SHORT,BREAKOUT_MULTI_LUNG_COOLDOWN_BARS,12.0,OK,0.0,2.771,-2.771,0,0.0,0.0,
BTCUSDC_SHORT,BREAKOUT_MULTI_LUNG_COOLDOWN_BARS,8.0,OK,0.0,2.771,-2.771,0,0.0,0.0,
BTCUSDC_SHORT,BREAKOUT_MULTI_LUNG_MODE,False,OK,0.0,2.771,-2.771,0,0.0,0.0,
BTCUSDC_SHORT,BREAKOUT_MULTI_LUNG_MODE,True,OK,0.0,2.771,-2.771,0,0.0,0.0,
BTCUSDC_SHORT,BREAKOUT_MULTI_LUNG_SLOW_LUNG_OVERRIDE,0.0,OK,0.0,2.771,-2.771,0,0.0,0.0,
BTCUSDC_SHORT,BREAKOUT_MULTI_LUNG_SLOW_LUNG_OVERRIDE,0.075,OK,0.0,2.771,-2.771,0,0.0,0.0,
BTCUSDC_SHORT,BREAKOUT_MULTI_LUNG_TIER,0.0,OK,0.0,2.771,-2.771,0,0.0,0.0,
BTCUSDC_SHORT,BREAKOUT_MULTI_LUNG_TIER,1.0,OK,0.0,2.771,-2.771,0,0.0,0.0,
BTCUSDC_SHORT,BREAKOUT_PATH_ENABLED,False,OK,0.0,2.771,-2.771,0,0.0,0.0,
BTCUSDC_SHORT,BREAKOUT_PATH_ENABLED,True,OK,0.0,2.771,-2.771,0,0.0,0.0,
BTCUSDC_SHORT,BREAKOUT_RETEST_ARMED_PERSISTENT_ENABLED,False,OK,0.0,2.771,-2.771,0,0.0,0.0,
BTCUSDC_SHORT,BREAKOUT_RETEST_ARMED_PERSISTENT_ENABLED,True,OK,0.0,2.771,-2.771,0,0.0,0.0,
BTCUSDC_SHORT,BREAKOUT_RETEST_ARMED_WINDOW_DAYS,False,OK,0.0,2.771,-2.771,0,0.0,0.0,
BTCUSDC_SHORT,BREAKOUT_RETEST_ARMED_WINDOW_DAYS,True,OK,0.0,2.771,-2.771,0,0.0,0.0,
BTCUSDC_SHORT,BREAKOUT_TF_SIZE_MULT_5M,0.0,OK,0.0,2.771,-2.771,0,0.0,0.0,
BTCUSDC_SHORT,BREAKOUT_TF_SIZE_MULT_5M,0.25,OK,0.0,2.771,-2.771,0,0.0,0.0,
BTCUSDC_SHORT,BREAKOUT_TF_SIZE_MULT_5M,0.5,OK,0.0,2.771,-2.771,0,0.0,0.0,
BTCUSDC_SHORT,BREAKOUT_TF_SIZE_MULT_5M,0.75,OK,0.0,2.771,-2.771,0,0.0,0.0,
BTCUSDC_SHORT,BTC_BREAKOUT_DC_TF,,OK,0.0,2.771,-2.771,0,0.0,0.0,
BTCUSDC_SHORT,BTC_BREAKOUT_DC_TF,3m,OK,0.0,2.771,-2.771,0,0.0,0.0,
BTCUSDC_SHORT,BTC_BREAKOUT_DC_TF,15m,OK,0.0,2.771,-2.771,0,0.0,0.0,
BTCUSDC_SHORT,BTC_BREAKOUT_DC_TF,1h,OK,0.0,2.771,-2.771,0,0.0,0.0,
BTCUSDC_SHORT,BTC_BREAKOUT_DC_TF,4h,OK,0.0,2.771,-2.771,0,0.0,0.0,
BTCUSDC_SHORT,BTC_BREAKOUT_DC_TF,D,OK,0.0,2.771,-2.771,0,0.0,0.0,
BTCUSDC_SHORT,BTC_BREAKOUT_REENTRY_ON_EXIT,False,OK,0.0,2.771,-2.771,0,0.0,0.0,
BTCUSDC_SHORT,BTC_BREAKOUT_REENTRY_ON_EXIT,True,OK,0.0,2.771,-2.771,0,0.0,0.0,
BTCUSDC_SHORT,BTC_BREAKOUT_REENTRY_REQUIRE_TREND,False,OK,0.0,2.771,-2.771,0,0.0,0.0,
BTCUSDC_SHORT,BTC_BREAKOUT_REENTRY_REQUIRE_TREND,True,OK,0.0,2.771,-2.771,0,0.0,0.0,
BTCUSDC_SHORT,BTC_DIVERGENCE_REQUIRE_D_CONFIRM_BARS,False,OK,0.0,2.771,-2.771,0,0.0,0.0,
BTCUSDC_SHORT,BTC_DIVERGENCE_REQUIRE_D_CONFIRM_BARS,True,OK,0.0,2.771,-2.771,0,0.0,0.0,
BTCUSDC_SHORT,BTC_ENTRY_DIV_ONLY_ENABLED,False,OK,0.0,2.771,-2.771,0,0.0,0.0,
BTCUSDC_SHORT,BTC_ENTRY_DIV_ONLY_ENABLED,True,OK,0.0,2.771,-2.771,0,0.0,0.0,
BTCUSDC_SHORT,BTC_ENTRY_DIV_ONLY_MIN_INDS,0.0,OK,0.0,2.771,-2.771,0,0.0,0.0,
BTCUSDC_SHORT,BTC_ENTRY_DIV_ONLY_MIN_INDS,1.0,OK,0.0,2.771,-2.771,0,0.0,0.0,
BTCUSDC_SHORT,BTC_ENTRY_PRIMARY_BLOCK_OPPOSING_DIV,False,OK,0.0,2.771,-2.771,0,0.0,0.0,
BTCUSDC_SHORT,BTC_ENTRY_PRIMARY_BLOCK_OPPOSING_DIV,True,OK,0.0,2.771,-2.771,0,0.0,0.0,
BTCUSDC_SHORT,BTC_GUARANTEED_REENTRY_SIZE_MULT,0.0,OK,0.0,2.771,-2.771,0,0.0,0.0,
BTCUSDC_SHORT,BTC_GUARANTEED_REENTRY_SIZE_MULT,1.0,OK,0.0,2.771,-2.771,0,0.0,0.0,
BTCUSDC_SHORT,BTC_HEDGE_DC_RESISTANCE_GATE_ENABLED,False,OK,0.0,2.771,-2.771,0,0.0,0.0,
BTCUSDC_SHORT,BTC_HEDGE_DC_RESISTANCE_GATE_ENABLED,True,OK,0.0,2.771,-2.771,0,0.0,0.0,
BTCUSDC_SHORT,BTC_HEDGE_MIN_HOLD_BARS,0.0,OK,0.0,2.771,-2.771,0,0.0,0.0,
BTCUSDC_SHORT,BTC_HEDGE_MIN_HOLD_BARS,1.0,OK,0.0,2.771,-2.771,0,0.0,0.0,
BTCUSDC_SHORT,BTC_HEDGE_NEVER_CLOSE_AT_LOSS,False,OK,0.0,2.771,-2.771,0,0.0,0.0,
BTCUSDC_SHORT,BTC_HEDGE_NEVER_CLOSE_AT_LOSS,True,OK,0.0,2.771,-2.771,0,0.0,0.0,
BTCUSDC_SHORT,BTC_HEDGE_REQUIRE_4OF5_WT_TFS,False,OK,0.0,2.771,-2.771,0,0.0,0.0,
BTCUSDC_SHORT,BTC_HEDGE_REQUIRE_4OF5_WT_TFS,True,OK,0.0,2.771,-2.771,0,0.0,0.0,
BTCUSDC_SHORT,BTC_HEDGE_SAMESYM_CLOSE_REQUIRE_NONNEG_GAIN,False,OK,0.0,2.771,-2.771,0,0.0,0.0,
BTCUSDC_SHORT,BTC_HEDGE_SAMESYM_CLOSE_REQUIRE_NONNEG_GAIN,True,OK,0.0,2.771,-2.771,0,0.0,0.0,
BTCUSDC_SHORT,BTC_HEDGE_SAMESYM_CLOSE_REQUIRE_WT_3M_AND_1H,False,OK,0.0,2.771,-2.771,0,0.0,0.0,
BTCUSDC_SHORT,BTC_HEDGE_SAMESYM_CLOSE_REQUIRE_WT_3M_AND_1H,True,OK,0.0,2.771,-2.771,0,0.0,0.0,
BTCUSDC_SHORT,BTC_HEDGE_SAMESYM_ENABLED,False,OK,0.0,2.771,-2.771,0,0.0,0.0,
BTCUSDC_SHORT,BTC_HEDGE_SAMESYM_ENABLED,True,OK,0.0,2.771,-2.771,0,0.0,0.0,
BTCUSDC_SHORT,BTC_HEDGE_SAMESYM_HEDGE_HARD_LOSS_PCT,0.0,OK,0.0,2.771,-2.771,0,0.0,0.0,
BTCUSDC_SHORT,BTC_HEDGE_SAMESYM_HEDGE_HARD_LOSS_PCT,1.0,OK,0.0,2.771,-2.771,0,0.0,0.0,
BTCUSDC_SHORT,BTC_HEDGE_SAMESYM_NOTIONAL_PCT,0.0,OK,0.0,2.771,-2.771,0,0.0,0.0,
BTCUSDC_SHORT,BTC_HEDGE_SAMESYM_NOTIONAL_PCT,1.0,OK,0.0,2.771,-2.771,0,0.0,0.0,
BTCUSDC_SHORT,BTC_HEDGE_SAMESYM_REQUIRE_HTF_TFS_MIN,False,OK,0.0,2.771,-2.771,0,0.0,0.0,
BTCUSDC_SHORT,BTC_HEDGE_SAMESYM_REQUIRE_HTF_TFS_MIN,True,OK,0.0,2.771,-2.771,0,0.0,0.0,
BTCUSDC_SHORT,BTC_HEDGE_SAMESYM_REQUIRE_WT_15M,False,OK,0.0,2.771,-2.771,0,0.0,0.0,
BTCUSDC_SHORT,BTC_HEDGE_SAMESYM_REQUIRE_WT_15M,True,OK,0.0,2.771,-2.771,0,0.0,0.0,
BTCUSDC_SHORT,BTC_HEDGE_SAMESYM_REQUIRE_WT_3M,False,OK,0.0,2.771,-2.771,0,0.0,0.0,
BTCUSDC_SHORT,BTC_HEDGE_SAMESYM_REQUIRE_WT_3M,True,OK,0.0,2.771,-2.771,0,0.0,0.0,
BTCUSDC_SHORT,BTC_HEDGE_SAMESYM_TRIGGER_LOSS_PCT,0.0,OK,0.0,2.771,-2.771,0,0.0,0.0,
BTCUSDC_SHORT,BTC_HEDGE_SAMESYM_TRIGGER_LOSS_PCT,1.0,OK,0.0,2.771,-2.771,0,0.0,0.0,
BTCUSDC_SHORT,BTC_HEDGE_SAME_SYMBOL_PCT,0.0,OK,0.0,2.771,-2.771,0,0.0,0.0,
BTCUSDC_SHORT,BTC_HEDGE_SAME_SYMBOL_PCT,1.0,OK,0.0,2.771,-2.771,0,0.0,0.0,
BTCUSDC_SHORT,BTC_HEDGE_TRIGGER_LOSS_PCT,0.0,OK,0.0,2.771,-2.771,0,0.0,0.0,
BTCUSDC_SHORT,BTC_HEDGE_TRIGGER_LOSS_PCT,1.0,OK,0.0,2.771,-2.771,0,0.0,0.0,
BTCUSDC_SHORT,BTC_HEDGE_WT_KILL_CONFIRM_TF,,OK,0.0,2.771,-2.771,0,0.0,0.0,
BTCUSDC_SHORT,BTC_HEDGE_WT_KILL_CONFIRM_TF,3m,OK,0.0,2.771,-2.771,0,0.0,0.0,
BTCUSDC_SHORT,BTC_HEDGE_WT_KILL_CONFIRM_TF,15m,OK,0.0,2.771,-2.771,0,0.0,0.0,
BTCUSDC_SHORT,BTC_HEDGE_WT_KILL_CONFIRM_TF,1h,OK,0.0,2.771,-2.771,0,0.0,0.0,
BTCUSDC_SHORT,BTC_HEDGE_WT_KILL_CONFIRM_TF,4h,OK,0.0,2.771,-2.771,0,0.0,0.0,
BTCUSDC_SHORT,BTC_HEDGE_WT_KILL_CONFIRM_TF,D,OK,0.0,2.771,-2.771,0,0.0,0.0,
BTCUSDC_SHORT,BTC_HEDGE_WT_VEL_GATE_ENABLED,False,OK,0.0,2.771,-2.771,0,0.0,0.0,
BTCUSDC_SHORT,BTC_HEDGE_WT_VEL_GATE_ENABLED,True,OK,0.0,2.771,-2.771,0,0.0,0.0,
BTCUSDC_SHORT,BTC_INTRABAR_REVERSAL_EXIT,False,OK,0.0,2.771,-2.771,0,0.0,0.0,
BTCUSDC_SHORT,BTC_INTRABAR_REVERSAL_EXIT,True,OK,0.0,2.771,-2.771,0,0.0,0.0,
BTCUSDC_SHORT,BTC_PYRAMID_DISABLED,False,OK,0.0,2.771,-2.771,0,0.0,0.0,
BTCUSDC_SHORT,BTC_PYRAMID_DISABLED,True,OK,0.0,2.771,-2.771,0,0.0,0.0,
BTCUSDC_SHORT,BTC_REGIME_PAUSE_ENABLED,False,OK,0.0,2.771,-2.771,0,0.0,0.0,
BTCUSDC_SHORT,BTC_REGIME_PAUSE_ENABLED,True,OK,0.0,2.771,-2.771,0,0.0,0.0,
BTCUSDC_SHORT,BTC_REVERSE_REQUIRE_HTF_ALIGNED,False,OK,0.0,2.771,-2.771,0,0.0,0.0,
BTCUSDC_SHORT,BTC_REVERSE_REQUIRE_HTF_ALIGNED,True,OK,0.0,2.771,-2.771,0,0.0,0.0,
BTCUSDC_SHORT,BTC_TECH_EXIT_AT_ANY_PNL,False,OK,0.0,2.771,-2.771,0,0.0,0.0,
BTCUSDC_SHORT,BTC_TECH_EXIT_AT_ANY_PNL,True,OK,0.0,2.771,-2.771,0,0.0,0.0,
BTCUSDC_SHORT,BTC_TECH_EXIT_DC_BREACH_TF,,OK,0.0,2.771,-2.771,0,0.0,0.0,
BTCUSDC_SHORT,BTC_TECH_EXIT_DC_BREACH_TF,3m,OK,0.0,2.771,-2.771,0,0.0,0.0,
BTCUSDC_SHORT,BTC_TECH_EXIT_DC_BREACH_TF,15m,OK,0.0,2.771,-2.771,0,0.0,0.0,
BTCUSDC_SHORT,BTC_TECH_EXIT_DC_BREACH_TF,1h,OK,0.0,2.771,-2.771,0,0.0,0.0,
BTCUSDC_SHORT,BTC_TECH_EXIT_DC_BREACH_TF,4h,OK,0.0,2.771,-2.771,0,0.0,0.0,
BTCUSDC_SHORT,BTC_TECH_EXIT_DC_BREACH_TF,D,OK,0.0,2.771,-2.771,0,0.0,0.0,
BTCUSDC_SHORT,BT_UNDERWATER_HEDGE_OR_CLOSE_ENABLED,False,OK,0.0,2.771,-2.771,0,0.0,0.0,
BTCUSDC_SHORT,BT_UNDERWATER_HEDGE_OR_CLOSE_ENABLED,True,OK,0.0,2.771,-2.771,0,0.0,0.0,
BTCUSDC_SHORT,BT_WT15M_AGAINST_FORCE_HEDGE_ENABLED,False,OK,0.0,2.771,-2.771,0,0.0,0.0,
BTCUSDC_SHORT,BT_WT15M_AGAINST_FORCE_HEDGE_ENABLED,True,OK,0.0,2.771,-2.771,0,0.0,0.0,
BTCUSDC_SHORT,CONNORS_RSI2_EXIT_SMA_BARS_DAILY,0.0,OK,0.0,2.771,-2.771,0,0.0,0.0,
BTCUSDC_SHORT,CONNORS_RSI2_EXIT_SMA_BARS_DAILY,2.0,OK,0.0,2.771,-2.771,0,0.0,0.0,
BTCUSDC_SHORT,CONNORS_RSI2_EXIT_SMA_BARS_DAILY,7.0,OK,0.0,2.771,-2.771,0,0.0,0.0,
BTCUSDC_SHORT,CONNORS_RSI2_TIME_STOP_BARS_DAILY,0.0,OK,0.0,2.771,-2.771,0,0.0,0.0,
BTCUSDC_SHORT,CONNORS_RSI2_TIME_STOP_BARS_DAILY,10.0,OK,0.0,2.771,-2.771,0,0.0,0.0,
BTCUSDC_SHORT,DAEMON_PRICE_CROSS_REENTRY_MAX_AGE_HOURS,0.0,OK,0.0,2.771,-2.771,0,0.0,0.0,
BTCUSDC_SHORT,DAEMON_PRICE_CROSS_REENTRY_MAX_AGE_HOURS,1.0,OK,0.0,2.771,-2.771,0,0.0,0.0,
BTCUSDC_SHORT,DAEMON_PRICE_CROSS_REENTRY_VEC_ENABLED,False,OK,0.0,2.771,-2.771,0,0.0,0.0,
BTCUSDC_SHORT,DAEMON_PRICE_CROSS_REENTRY_VEC_ENABLED,True,OK,0.0,2.771,-2.771,0,0.0,0.0,
BTCUSDC_SHORT,DC4_STOP_GR_SCORE_MIN_IND,0.0,OK,0.0,2.771,-2.771,0,0.0,0.0,
BTCUSDC_SHORT,DC4_STOP_GR_SCORE_MIN_IND,1.0,OK,0.0,2.771,-2.771,0,0.0,0.0,
BTCUSDC_SHORT,DC4_STOP_GR_SCORE_MIN_IND,2.0,OK,0.0,2.771,-2.771,0,0.0,0.0,
BTCUSDC_SHORT,DC4_STOP_GR_SCORE_MIN_IND,7.0,OK,0.0,2.771,-2.771,0,0.0,0.0,
BTCUSDC_SHORT,DC4_STOP_GR_SCORE_MIN_TFS,0.0,OK,0.0,2.771,-2.771,0,0.0,0.0,
BTCUSDC_SHORT,DC4_STOP_GR_SCORE_MIN_TFS,1.0,OK,0.0,2.771,-2.771,0,0.0,0.0,
BTCUSDC_SHORT,DC4_STOP_GR_SCORE_MIN_TFS,3.0,OK,0.0,2.771,-2.771,0,0.0,0.0,
BTCUSDC_SHORT,DC_LOW_FROZEN_STOP_TF,,OK,0.0,2.771,-2.771,0,0.0,0.0,
BTCUSDC_SHORT,DC_LOW_FROZEN_STOP_TF,3m,OK,0.0,2.771,-2.771,0,0.0,0.0,
BTCUSDC_SHORT,DC_LOW_FROZEN_STOP_TF,15m,OK,0.0,2.771,-2.771,0,0.0,0.0,
BTCUSDC_SHORT,DC_LOW_FROZEN_STOP_TF,1h,OK,0.0,2.771,-2.771,0,0.0,0.0,
BTCUSDC_SHORT,DC_LOW_FROZEN_STOP_TF,4h,OK,0.0,2.771,-2.771,0,0.0,0.0,
BTCUSDC_SHORT,DC_LOW_FROZEN_STOP_TF,D,OK,0.0,2.771,-2.771,0,0.0,0.0,
BTCUSDC_SHORT,DC_RECOVERY_EXIT_DISABLED_ACCOUNTS,False,OK,0.0,2.771,-2.771,0,0.0,0.0,
BTCUSDC_SHORT,DC_RECOVERY_EXIT_DISABLED_ACCOUNTS,True,OK,0.0,2.771,-2.771,0,0.0,0.0,
BTCUSDC_SHORT,DELTA_ENTRY_VEL_MIN,0.0,OK,0.0,2.771,-2.771,0,0.0,0.0,
BTCUSDC_SHORT,DELTA_ENTRY_VEL_MIN,0.25,OK,0.0,2.771,-2.771,0,0.0,0.0,
BTCUSDC_SHORT,DELTA_ENTRY_VEL_MIN,0.375,OK,0.0,2.771,-2.771,0,0.0,0.0,
BTCUSDC_SHORT,DELTA_ENTRY_VEL_MIN,0.625,OK,0.0,2.771,-2.771,0,0.0,0.0,
BTCUSDC_SHORT,DELTA_ENTRY_VEL_MIN,0.75,OK,0.0,2.771,-2.771,0,0.0,0.0,
BTCUSDC_SHORT,DELTA_ENTRY_VEL_MIN,1.0,OK,0.0,2.771,-2.771,0,0.0,0.0,
BTCUSDC_SHORT,DELTA_EXIT_SPEED_DECAY_MIN_GAIN,0.0,OK,0.0,2.771,-2.771,0,0.0,0.0,
BTCUSDC_SHORT,DELTA_EXIT_SPEED_DECAY_MIN_GAIN,1.0,OK,0.0,2.771,-2.771,0,0.0,0.0,
BTCUSDC_SHORT,DELTA_EXIT_SPEED_DECAY_MIN_TFS,0.0,OK,0.0,2.771,-2.771,0,0.0,0.0,
BTCUSDC_SHORT,DELTA_EXIT_SPEED_DECAY_MIN_TFS,1.0,OK,0.0,2.771,-2.771,0,0.0,0.0,
BTCUSDC_SHORT,DELTA_EXIT_SPEED_DECAY_VEC_ENABLED,False,OK,0.0,2.771,-2.771,0,0.0,0.0,
BTCUSDC_SHORT,DELTA_EXIT_SPEED_DECAY_VEC_ENABLED,True,OK,0.0,2.771,-2.771,0,0.0,0.0,
BTCUSDC_SHORT,DELTA_GATE_DIRECTION_FAVORABLE,False,OK,0.0,2.771,-2.771,0,0.0,0.0,
BTCUSDC_SHORT,DELTA_GATE_DIRECTION_FAVORABLE,True,OK,0.0,2.771,-2.771,0,0.0,0.0,
BTCUSDC_SHORT,DELTA_LT_ENTRY_ACCEL_THRESHOLD,0.0,OK,0.0,2.771,-2.771,0,0.0,0.0,
BTCUSDC_SHORT,DELTA_LT_ENTRY_ACCEL_THRESHOLD,0.5,OK,0.0,2.771,-2.771,0,0.0,0.0,
BTCUSDC_SHORT,DELTA_LT_ENTRY_ACCEL_THRESHOLD,1.0,OK,0.0,2.771,-2.771,0,0.0,0.0,
BTCUSDC_SHORT,DELTA_LT_ENTRY_MIN_TF,,OK,0.0,2.771,-2.771,0,0.0,0.0,
BTCUSDC_SHORT,DELTA_LT_ENTRY_MIN_TF,3m,OK,0.0,2.771,-2.771,0,0.0,0.0,
BTCUSDC_SHORT,DELTA_LT_ENTRY_MIN_TF,15m,OK,0.0,2.771,-2.771,0,0.0,0.0,
BTCUSDC_SHORT,DELTA_LT_ENTRY_MIN_TF,1h,OK,0.0,2.771,-2.771,0,0.0,0.0,
BTCUSDC_SHORT,DELTA_LT_ENTRY_MIN_TF,4h,OK,0.0,2.771,-2.771,0,0.0,0.0,
BTCUSDC_SHORT,DELTA_LT_ENTRY_MIN_TF,D,OK,0.0,2.771,-2.771,0,0.0,0.0,
BTCUSDC_SHORT,DELTA_LT_ENTRY_Z_THRESHOLD,0.0,OK,0.0,2.771,-2.771,0,0.0,0.0,
BTCUSDC_SHORT,DELTA_LT_ENTRY_Z_THRESHOLD,1.0,OK,0.0,2.771,-2.771,0,0.0,0.0,
BTCUSDC_SHORT,DELTA_LT_EXIT_SPEED_PCT,0.0,OK,0.0,2.771,-2.771,0,0.0,0.0,
BTCUSDC_SHORT,DELTA_LT_EXIT_SPEED_PCT,1.0,OK,0.0,2.771,-2.771,0,0.0,0.0,
BTCUSDC_SHORT,DELTA_LT_EXIT_SPEED_PCT,50.0,OK,0.0,2.771,-2.771,0,0.0,0.0,
BTCUSDC_SHORT,DELTA_LT_EXIT_SPEED_PCT,75.0,OK,0.0,2.771,-2.771,0,0.0,0.0,
BTCUSDC_SHORT,DELTA_LT_EXIT_TF,,OK,0.0,2.771,-2.771,0,0.0,0.0,
BTCUSDC_SHORT,DELTA_LT_EXIT_TF,3m,OK,0.0,2.771,-2.771,0,0.0,0.0,
BTCUSDC_SHORT,DELTA_LT_EXIT_TF,15m,OK,0.0,2.771,-2.771,0,0.0,0.0,
BTCUSDC_SHORT,DELTA_LT_EXIT_TF,1h,OK,0.0,2.771,-2.771,0,0.0,0.0,
BTCUSDC_SHORT,DELTA_LT_EXIT_TF,4h,OK,0.0,2.771,-2.771,0,0.0,0.0,
BTCUSDC_SHORT,DELTA_LT_EXIT_TF,D,OK,0.0,2.771,-2.771,0,0.0,0.0,
BTCUSDC_SHORT,DELTA_LT_EXIT_TYPE,False,OK,0.0,2.771,-2.771,0,0.0,0.0,
BTCUSDC_SHORT,DELTA_LT_EXIT_TYPE,True,OK,0.0,2.771,-2.771,0,0.0,0.0,
BTCUSDC_SHORT,DELTA_LT_HTF_GATE,False,OK,0.0,2.771,-2.771,0,0.0,0.0,
BTCUSDC_SHORT,DELTA_LT_HTF_GATE,True,OK,0.0,2.771,-2.771,0,0.0,0.0,
BTCUSDC_SHORT,DELTA_OPTIONS_ENTRY_Z,False,OK,0.0,2.771,-2.771,0,0.0,0.0,
BTCUSDC_SHORT,DELTA_OPTIONS_ENTRY_Z,True,OK,0.0,2.771,-2.771,0,0.0,0.0,
BTCUSDC_SHORT,DELTA_OPTIONS_EXIT_TYPE,False,OK,0.0,2.771,-2.771,0,0.0,0.0,
BTCUSDC_SHORT,DELTA_OPTIONS_EXIT_TYPE,True,OK,0.0,2.771,-2.771,0,0.0,0.0,
BTCUSDC_SHORT,DELTA_OPTIONS_HTF_GATE,False,OK,0.0,2.771,-2.771,0,0.0,0.0,
BTCUSDC_SHORT,DELTA_OPTIONS_HTF_GATE,True,OK,0.0,2.771,-2.771,0,0.0,0.0,
BTCUSDC_SHORT,DIRECTION_FAVORABLE_REENTRY_VEC_ENABLED,False,OK,0.0,2.771,-2.771,0,0.0,0.0,
BTCUSDC_SHORT,DIRECTION_FAVORABLE_REENTRY_VEC_ENABLED,True,OK,0.0,2.771,-2.771,0,0.0,0.0,
BTCUSDC_SHORT,EMERGENCY_BRAKE_DC_STOP_FIELD,,OK,0.0,2.771,-2.771,0,0.0,0.0,
BTCUSDC_SHORT,EMERGENCY_BRAKE_DC_STOP_FIELD,dc_low_15m,OK,0.0,2.771,-2.771,0,0.0,0.0,
BTCUSDC_SHORT,EMERGENCY_BRAKE_DC_STOP_FIELD,dc_low_5m,OK,0.0,2.771,-2.771,0,0.0,0.0,
BTCUSDC_SHORT,ENTRY_BB_EXTREME_BOUNCE_ENABLED,False,OK,0.0,2.771,-2.771,0,0.0,0.0,
BTCUSDC_SHORT,ENTRY_BB_EXTREME_BOUNCE_ENABLED,True,OK,0.0,2.771,-2.771,0,0.0,0.0,
BTCUSDC_SHORT,ENTRY_BB_EXTREME_THRESHOLD,0.0,OK,0.0,2.771,-2.771,0,0.0,0.0,
BTCUSDC_SHORT,ENTRY_BB_EXTREME_THRESHOLD,0.1,OK,0.0,2.771,-2.771,0,0.0,0.0,
BTCUSDC_SHORT,ENTRY_BB_EXTREME_THRESHOLD,0.2,OK,0.0,2.771,-2.771,0,0.0,0.0,
BTCUSDC_SHORT,ENTRY_BB_SQUEEZE_LOOKBACK,False,OK,0.0,2.771,-2.771,0,0.0,0.0,
BTCUSDC_SHORT,ENTRY_BB_SQUEEZE_LOOKBACK,True,OK,0.0,2.771,-2.771,0,0.0,0.0,
BTCUSDC_SHORT,ENTRY_BB_SQUEEZE_RATIO,0.0,OK,0.0,2.771,-2.771,0,0.0,0.0,
BTCUSDC_SHORT,ENTRY_BB_SQUEEZE_RATIO,1.5,OK,0.0,2.771,-2.771,0,0.0,0.0,
BTCUSDC_SHORT,ENTRY_BB_SQUEEZE_RELEASE_ENABLED,False,OK,0.0,2.771,-2.771,0,0.0,0.0,
BTCUSDC_SHORT,ENTRY_BB_SQUEEZE_RELEASE_ENABLED,True,OK,0.0,2.771,-2.771,0,0.0,0.0,
BTCUSDC_SHORT,ENTRY_COOLDOWN_SEC,False,OK,0.0,2.771,-2.771,0,0.0,0.0,
BTCUSDC_SHORT,ENTRY_COOLDOWN_SEC,True,OK,0.0,2.771,-2.771,0,0.0,0.0,
BTCUSDC_SHORT,ENTRY_EMA_FAST,False,OK,0.0,2.771,-2.771,0,0.0,0.0,
BTCUSDC_SHORT,ENTRY_EMA_FAST,True,OK,0.0,2.771,-2.771,0,0.0,0.0,
BTCUSDC_SHORT,ENTRY_EMA_MID,False,OK,0.0,2.771,-2.771,0,0.0,0.0,
BTCUSDC_SHORT,ENTRY_EMA_MID,True,OK,0.0,2.771,-2.771,0,0.0,0.0,
BTCUSDC_SHORT,ENTRY_EMA_RIBBON_ENABLED,False,OK,0.0,2.771,-2.771,0,0.0,0.0,
BTCUSDC_SHORT,ENTRY_EMA_RIBBON_ENABLED,True,OK,0.0,2.771,-2.771,0,0.0,0.0,
BTCUSDC_SHORT,ENTRY_EMA_SLOW,False,OK,0.0,2.771,-2.771,0,0.0,0.0,
BTCUSDC_SHORT,ENTRY_EMA_SLOW,True,OK,0.0,2.771,-2.771,0,0.0,0.0,
BTCUSDC_SHORT,ENTRY_FVG_ENABLED,False,OK,0.0,2.771,-2.771,0,0.0,0.0,
BTCUSDC_SHORT,ENTRY_FVG_ENABLED,True,OK,0.0,2.771,-2.771,0,0.0,0.0,
BTCUSDC_SHORT,ENTRY_LIQ_SWEEP_ENABLED,False,OK,0.0,2.771,-2.771,0,0.0,0.0,
BTCUSDC_SHORT,ENTRY_LIQ_SWEEP_ENABLED,True,OK,0.0,2.771,-2.771,0,0.0,0.0,
BTCUSDC_SHORT,ENTRY_LIQ_SWEEP_LOOKBACK,False,OK,0.0,2.771,-2.771,0,0.0,0.0,
BTCUSDC_SHORT,ENTRY_LIQ_SWEEP_LOOKBACK,True,OK,0.0,2.771,-2.771,0,0.0,0.0,
BTCUSDC_SHORT,ENTRY_VOL_SPIKE_ENABLED,False,OK,0.0,2.771,-2.771,0,0.0,0.0,
BTCUSDC_SHORT,ENTRY_VOL_SPIKE_ENABLED,True,OK,0.0,2.771,-2.771,0,0.0,0.0,
BTCUSDC_SHORT,ENTRY_VOL_SPIKE_LOOKBACK,False,OK,0.0,2.771,-2.771,0,0.0,0.0,
BTCUSDC_SHORT,ENTRY_VOL_SPIKE_LOOKBACK,True,OK,0.0,2.771,-2.771,0,0.0,0.0,
BTCUSDC_SHORT,ENTRY_VOL_SPIKE_RATIO,0.0,OK,0.0,2.771,-2.771,0,0.0,0.0,
BTCUSDC_SHORT,ENTRY_VOL_SPIKE_RATIO,2.0,OK,0.0,2.771,-2.771,0,0.0,0.0,
BTCUSDC_SHORT,ENTRY_WILLR_ENABLED,False,OK,0.0,2.771,-2.771,0,0.0,0.0,
BTCUSDC_SHORT,ENTRY_WILLR_ENABLED,True,OK,0.0,2.771,-2.771,0,0.0,0.0,
BTCUSDC_SHORT,ENTRY_WILLR_LOOKBACK,False,OK,0.0,2.771,-2.771,0,0.0,0.0,
BTCUSDC_SHORT,ENTRY_WILLR_LOOKBACK,True,OK,0.0,2.771,-2.771,0,0.0,0.0,
BTCUSDC_SHORT,ENTRY_WILLR_OB_THRESHOLD,0.0,OK,0.0,2.771,-2.771,0,0.0,0.0,
BTCUSDC_SHORT,ENTRY_WILLR_OB_THRESHOLD,-15.0,OK,0.0,2.771,-2.771,0,0.0,0.0,
BTCUSDC_SHORT,ENTRY_WILLR_OS_THRESHOLD,0.0,OK,0.0,2.771,-2.771,0,0.0,0.0,
BTCUSDC_SHORT,ENTRY_WILLR_OS_THRESHOLD,-85.0,OK,0.0,2.771,-2.771,0,0.0,0.0,
BTCUSDC_SHORT,ENTRY_WT_CROSS_EVENT_ENABLED,False,OK,0.0,2.771,-2.771,0,0.0,0.0,
BTCUSDC_SHORT,ENTRY_WT_CROSS_EVENT_ENABLED,True,OK,0.0,2.771,-2.771,0,0.0,0.0,
BTCUSDC_SHORT,ENTRY_WT_CROSS_LOOKBACK,False,OK,0.0,2.771,-2.771,0,0.0,0.0,
BTCUSDC_SHORT,ENTRY_WT_CROSS_LOOKBACK,True,OK,0.0,2.771,-2.771,0,0.0,0.0,
BTCUSDC_SHORT,EXIT_HARD_MAX_LOSS_CAP_ENABLED,False,OK,0.0,2.771,-2.771,0,0.0,0.0,
BTCUSDC_SHORT,EXIT_HARD_MAX_LOSS_CAP_ENABLED,True,OK,0.0,2.771,-2.771,0,0.0,0.0,
BTCUSDC_SHORT,EXIT_KEY_LEVEL_CRASH_ENABLED,False,OK,0.0,2.771,-2.771,0,0.0,0.0,
BTCUSDC_SHORT,EXIT_KEY_LEVEL_CRASH_ENABLED,True,OK,0.0,2.771,-2.771,0,0.0,0.0,
BTCUSDC_SHORT,EXIT_REQUIRE_BOTH,False,OK,0.0,2.771,-2.771,0,0.0,0.0,
BTCUSDC_SHORT,EXIT_REQUIRE_BOTH,True,OK,0.0,2.771,-2.771,0,0.0,0.0,
BTCUSDC_SHORT,EXIT_WT_ACCEL_ONLY,False,OK,0.0,2.771,-2.771,0,0.0,0.0,
BTCUSDC_SHORT,EXIT_WT_ACCEL_ONLY,True,OK,0.0,2.771,-2.771,0,0.0,0.0,
BTCUSDC_SHORT,FOLLOW_THROUGH_REENTRY_ENABLED,False,OK,0.0,2.771,-2.771,0,0.0,0.0,
BTCUSDC_SHORT,FOLLOW_THROUGH_REENTRY_ENABLED,True,OK,0.0,2.771,-2.771,0,0.0,0.0,
BTCUSDC_SHORT,GOLDEN_RULE_REQUIRE_HEDGE_OPEN,False,OK,0.0,2.771,-2.771,0,0.0,0.0,
BTCUSDC_SHORT,GOLDEN_RULE_REQUIRE_HEDGE_OPEN,True,OK,0.0,2.771,-2.771,0,0.0,0.0,
BTCUSDC_SHORT,GR_OPEN_COOLDOWN_S,False,OK,0.0,2.771,-2.771,0,0.0,0.0,
BTCUSDC_SHORT,GR_OPEN_COOLDOWN_S,True,OK,0.0,2.771,-2.771,0,0.0,0.0,
BTCUSDC_SHORT,GR_V5_BREAKOUT_VOL_MULT,0.0,OK,0.0,2.771,-2.771,0,0.0,0.0,
BTCUSDC_SHORT,GR_V5_BREAKOUT_VOL_MULT,1.25,OK,0.0,2.771,-2.771,0,0.0,0.0,
BTCUSDC_SHORT,GR_V5_BREAKOUT_VOL_MULT,1.875,OK,0.0,2.771,-2.771,0,0.0,0.0,
BTCUSDC_SHORT,GR_V5_HTF_MIN_ALIGN,0.0,OK,0.0,2.771,-2.771,0,0.0,0.0,
BTCUSDC_SHORT,GR_V5_HTF_MIN_ALIGN,1.0,OK,0.0,2.771,-2.771,0,0.0,0.0,
BTCUSDC_SHORT,GR_V5_HTF_MIN_ALIGN,2.0,OK,0.0,2.771,-2.771,0,0.0,0.0,
BTCUSDC_SHORT,GR_V5_HTF_MIN_ALIGN,3.0,OK,0.0,2.771,-2.771,0,0.0,0.0,
BTCUSDC_SHORT,GR_V5_LTF_MIN_ALIGN,0.0,OK,0.0,2.771,-2.771,0,0.0,0.0,
BTCUSDC_SHORT,GR_V5_LTF_MIN_ALIGN,1.0,OK,0.0,2.771,-2.771,0,0.0,0.0,
BTCUSDC_SHORT,GUARANTEED_PRICE_CROSS_REENTRY_DISK_VEC_ENABLED,False,OK,0.0,2.771,-2.771,0,0.0,0.0,
BTCUSDC_SHORT,GUARANTEED_PRICE_CROSS_REENTRY_DISK_VEC_ENABLED,True,OK,0.0,2.771,-2.771,0,0.0,0.0,
BTCUSDC_SHORT,GUARANTEED_REENTRY_REQUIRE_HEDGE_OPEN,False,OK,0.0,2.771,-2.771,0,0.0,0.0,
BTCUSDC_SHORT,GUARANTEED_REENTRY_REQUIRE_HEDGE_OPEN,True,OK,0.0,2.771,-2.771,0,0.0,0.0,
BTCUSDC_SHORT,HOUR_OF_DAY_GATE_ENABLED,False,OK,0.0,2.771,-2.771,0,0.0,0.0,
BTCUSDC_SHORT,HOUR_OF_DAY_GATE_ENABLED,True,OK,0.0,2.771,-2.771,0,0.0,0.0,
BTCUSDC_SHORT,HTF_ALIGN_REQUIRED,False,OK,0.0,2.771,-2.771,0,0.0,0.0,
BTCUSDC_SHORT,HTF_ALIGN_REQUIRED,True,OK,0.0,2.771,-2.771,0,0.0,0.0,
BTCUSDC_SHORT,HTF_AUG_VETO_FIX_ENABLED,False,OK,0.0,2.771,-2.771,0,0.0,0.0,
BTCUSDC_SHORT,HTF_AUG_VETO_FIX_ENABLED,True,OK,0.0,2.771,-2.771,0,0.0,0.0,
BTCUSDC_SHORT,HTF_DC_BREAKOUT,False,OK,0.0,2.771,-2.771,0,0.0,0.0,
BTCUSDC_SHORT,HTF_DC_BREAKOUT,True,OK,0.0,2.771,-2.771,0,0.0,0.0,
BTCUSDC_SHORT,HTF_DC_BREAKOUT_TRADIER_TF,,OK,0.0,2.771,-2.771,0,0.0,0.0,
BTCUSDC_SHORT,HTF_DC_BREAKOUT_TRADIER_TF,3m,OK,0.0,2.771,-2.771,0,0.0,0.0,
BTCUSDC_SHORT,HTF_DC_BREAKOUT_TRADIER_TF,15m,OK,0.0,2.771,-2.771,0,0.0,0.0,
BTCUSDC_SHORT,HTF_DC_BREAKOUT_TRADIER_TF,1h,OK,0.0,2.771,-2.771,0,0.0,0.0,
BTCUSDC_SHORT,HTF_DC_BREAKOUT_TRADIER_TF,4h,OK,0.0,2.771,-2.771,0,0.0,0.0,
BTCUSDC_SHORT,HTF_DC_BREAKOUT_TRADIER_TF,D,OK,0.0,2.771,-2.771,0,0.0,0.0,
BTCUSDC_SHORT,HTF_REGIME_ADD_MULT_PER_SMA,0.0,OK,0.0,2.771,-2.771,0,0.0,0.0,
BTCUSDC_SHORT,HTF_REGIME_ADD_MULT_PER_SMA,0.75,OK,0.0,2.771,-2.771,0,0.0,0.0,
BTCUSDC_SHORT,HTF_REGIME_ENABLED,False,OK,0.0,2.771,-2.771,0,0.0,0.0,
BTCUSDC_SHORT,HTF_REGIME_ENABLED,True,OK,0.0,2.771,-2.771,0,0.0,0.0,
BTCUSDC_SHORT,HTF_REGIME_EXIT_TF,,OK,0.0,2.771,-2.771,0,0.0,0.0,
BTCUSDC_SHORT,HTF_REGIME_EXIT_TF,3m,OK,0.0,2.771,-2.771,0,0.0,0.0,
BTCUSDC_SHORT,HTF_REGIME_EXIT_TF,15m,OK,0.0,2.771,-2.771,0,0.0,0.0,
BTCUSDC_SHORT,HTF_REGIME_EXIT_TF,1h,OK,0.0,2.771,-2.771,0,0.0,0.0,
BTCUSDC_SHORT,HTF_REGIME_EXIT_TF,4h,OK,0.0,2.771,-2.771,0,0.0,0.0,
BTCUSDC_SHORT,HTF_REGIME_EXIT_TF,D,OK,0.0,2.771,-2.771,0,0.0,0.0,
BTCUSDC_SHORT,HTF_REGIME_LEDGER_PATH,False,OK,0.0,2.771,-2.771,0,0.0,0.0,
BTCUSDC_SHORT,HTF_REGIME_LEDGER_PATH,True,OK,0.0,2.771,-2.771,0,0.0,0.0,
BTCUSDC_SHORT,HTF_REGIME_SIZE_CAP,0.0,OK,0.0,2.771,-2.771,0,0.0,0.0,
BTCUSDC_SHORT,HTF_REGIME_SIZE_CAP,1.5,OK,0.0,2.771,-2.771,0,0.0,0.0,
BTCUSDC_SHORT,HTF_REGIME_SIZE_CAP,3.0,OK,0.0,2.771,-2.771,0,0.0,0.0,
BTCUSDC_SHORT,HTF_REGIME_SIZE_CAP,4.5,OK,0.0,2.771,-2.771,0,0.0,0.0,
BTCUSDC_SHORT,HTF_REGIME_TF,,OK,0.0,2.771,-2.771,0,0.0,0.0,
BTCUSDC_SHORT,HTF_REGIME_TF,3m,OK,0.0,2.771,-2.771,0,0.0,0.0,
BTCUSDC_SHORT,HTF_REGIME_TF,15m,OK,0.0,2.771,-2.771,0,0.0,0.0,
BTCUSDC_SHORT,HTF_REGIME_TF,1h,OK,0.0,2.771,-2.771,0,0.0,0.0,
BTCUSDC_SHORT,HTF_REGIME_TF,4h,OK,0.0,2.771,-2.771,0,0.0,0.0,
BTCUSDC_SHORT,HTF_REGIME_TF,D,OK,0.0,2.771,-2.771,0,0.0,0.0,
BTCUSDC_SHORT,HTF_REGIME_VOL_TARGET,False,OK,0.0,2.771,-2.771,0,0.0,0.0,
BTCUSDC_SHORT,HTF_REGIME_VOL_TARGET,True,OK,0.0,2.771,-2.771,0,0.0,0.0,
BTCUSDC_SHORT,HTF_W_M_ALIGN_GATE,False,OK,0.0,2.771,-2.771,0,0.0,0.0,
BTCUSDC_SHORT,HTF_W_M_ALIGN_GATE,True,OK,0.0,2.771,-2.771,0,0.0,0.0,
BTCUSDC_SHORT,HTF_W_REVERSAL_EXIT,False,OK,0.0,2.771,-2.771,0,0.0,0.0,
BTCUSDC_SHORT,HTF_W_REVERSAL_EXIT,True,OK,0.0,2.771,-2.771,0,0.0,0.0,
BTCUSDC_SHORT,LONG_STRUCT_EXIT_TF,,OK,0.0,2.771,-2.771,0,0.0,0.0,
BTCUSDC_SHORT,LONG_STRUCT_EXIT_TF,3m,OK,0.0,2.771,-2.771,0,0.0,0.0,
BTCUSDC_SHORT,LONG_STRUCT_EXIT_TF,15m,OK,0.0,2.771,-2.771,0,0.0,0.0,
BTCUSDC_SHORT,LONG_STRUCT_EXIT_TF,1h,OK,0.0,2.771,-2.771,0,0.0,0.0,
BTCUSDC_SHORT,LONG_STRUCT_EXIT_TF,4h,OK,0.0,2.771,-2.771,0,0.0,0.0,
BTCUSDC_SHORT,LONG_STRUCT_EXIT_TF,D,OK,0.0,2.771,-2.771,0,0.0,0.0,
BTCUSDC_SHORT,LTF_ALIGN_GATE_ENABLED,False,OK,0.0,2.771,-2.771,0,0.0,0.0,
BTCUSDC_SHORT,LTF_ALIGN_GATE_ENABLED,True,OK,0.0,2.771,-2.771,0,0.0,0.0,
BTCUSDC_SHORT,MANDATORY_HEDGE_HARD_THRESHOLD_PCT,0.0,OK,0.0,2.771,-2.771,0,0.0,0.0,
BTCUSDC_SHORT,MANDATORY_HEDGE_HARD_THRESHOLD_PCT,1.0,OK,0.0,2.771,-2.771,0,0.0,0.0,
BTCUSDC_SHORT,MANDATORY_HEDGE_ON_NEGATIVE_ENABLED,False,OK,0.0,2.771,-2.771,0,0.0,0.0,
BTCUSDC_SHORT,MANDATORY_HEDGE_ON_NEGATIVE_ENABLED,True,OK,0.0,2.771,-2.771,0,0.0,0.0,
BTCUSDC_SHORT,MANDATORY_REENTRY_MIN_WT_AGREE,0.0,OK,0.0,2.771,-2.771,0,0.0,0.0,
BTCUSDC_SHORT,MANDATORY_REENTRY_MIN_WT_AGREE,1.0,OK,0.0,2.771,-2.771,0,0.0,0.0,
BTCUSDC_SHORT,MIN_TFS_AGREE_ENTRY,0.0,OK,0.0,2.771,-2.771,0,0.0,0.0,
BTCUSDC_SHORT,MIN_TFS_AGREE_ENTRY,3.0,OK,0.0,2.771,-2.771,0,0.0,0.0,
BTCUSDC_SHORT,MIN_TFS_AGREE_EXIT,0.0,OK,0.0,2.771,-2.771,0,0.0,0.0,
BTCUSDC_SHORT,MIN_TFS_AGREE_EXIT,2.0,OK,0.0,2.771,-2.771,0,0.0,0.0,
BTCUSDC_SHORT,MIN_TFS_AGREE_REENTRY,0.0,OK,0.0,2.771,-2.771,0,0.0,0.0,
BTCUSDC_SHORT,MIN_TFS_AGREE_REENTRY,2.0,OK,0.0,2.771,-2.771,0,0.0,0.0,
BTCUSDC_SHORT,MIN_USD_DELTA_CONFIRM,False,OK,0.0,2.771,-2.771,0,0.0,0.0,
BTCUSDC_SHORT,MIN_USD_DELTA_CONFIRM,True,OK,0.0,2.771,-2.771,0,0.0,0.0,
BTCUSDC_SHORT,MOM3_GATE_REQUIRED,False,OK,0.0,2.771,-2.771,0,0.0,0.0,
BTCUSDC_SHORT,MOM3_GATE_REQUIRED,True,OK,0.0,2.771,-2.771,0,0.0,0.0,
BTCUSDC_SHORT,MOM4S_S_GATE_ENABLED,False,OK,0.0,2.771,-2.771,0,0.0,0.0,
BTCUSDC_SHORT,MOM4S_S_GATE_ENABLED,True,OK,0.0,2.771,-2.771,0,0.0,0.0,
BTCUSDC_SHORT,MOM5_TRENDER_L_GATE_ENABLED,False,OK,0.0,2.771,-2.771,0,0.0,0.0,
BTCUSDC_SHORT,MOM5_TRENDER_L_GATE_ENABLED,True,OK,0.0,2.771,-2.771,0,0.0,0.0,
BTCUSDC_SHORT,MOMENTUM_RIDER_HEDGE_RATIO,0.0,OK,0.0,2.771,-2.771,0,0.0,0.0,
BTCUSDC_SHORT,MOMENTUM_RIDER_HEDGE_RATIO,1.0,OK,0.0,2.771,-2.771,0,0.0,0.0,
BTCUSDC_SHORT,MONITOR_REDUCTION_STALE_THRESHOLD,0.0,OK,0.0,2.771,-2.771,0,0.0,0.0,
BTCUSDC_SHORT,MONITOR_REDUCTION_STALE_THRESHOLD,1.0,OK,0.0,2.771,-2.771,0,0.0,0.0,
BTCUSDC_SHORT,MONITOR_REDUCTION_STALE_THRESHOLD,270.0,OK,0.0,2.771,-2.771,0,0.0,0.0,
BTCUSDC_SHORT,MTF_ARMED_WT_DIRECTION_SUSPEND_BREAKOUT_BYPASS,False,OK,0.0,2.771,-2.771,0,0.0,0.0,
BTCUSDC_SHORT,MTF_ARMED_WT_DIRECTION_SUSPEND_BREAKOUT_BYPASS,True,OK,0.0,2.771,-2.771,0,0.0,0.0,
BTCUSDC_SHORT,MTF_ARROW_SHORT_ENTRY_ENABLED,False,OK,0.0,2.771,-2.771,0,0.0,0.0,
BTCUSDC_SHORT,MTF_ARROW_SHORT_ENTRY_ENABLED,True,OK,0.0,2.771,-2.771,0,0.0,0.0,
BTCUSDC_SHORT,MTF_ATR_MULTITF_DIRECT_MIN_CONFIRMING_TFS,0.0,OK,0.0,2.771,-2.771,0,0.0,0.0,
BTCUSDC_SHORT,MTF_ATR_MULTITF_DIRECT_MIN_CONFIRMING_TFS,1.0,OK,0.0,2.771,-2.771,0,0.0,0.0,
BTCUSDC_SHORT,MTF_ATR_TRAIL_TF_TRADIER,False,OK,0.0,2.771,-2.771,0,0.0,0.0,
BTCUSDC_SHORT,MTF_ATR_TRAIL_TF_TRADIER,True,OK,0.0,2.771,-2.771,0,0.0,0.0,
BTCUSDC_SHORT,MTF_EXIT_MIN_OPEN_TS,0.0,OK,0.0,2.771,-2.771,0,0.0,0.0,
BTCUSDC_SHORT,MTF_EXIT_MIN_OPEN_TS,1779235200.0,OK,0.0,2.771,-2.771,0,0.0,0.0,
BTCUSDC_SHORT,MTF_EXIT_MIN_OPEN_TS,2668852800.0,OK,0.0,2.771,-2.771,0,0.0,0.0,
BTCUSDC_SHORT,NOLOSS_BYPASS_WT_5OF5_MIN_TFS,0.0,OK,0.0,2.771,-2.771,0,0.0,0.0,
BTCUSDC_SHORT,NOLOSS_BYPASS_WT_5OF5_MIN_TFS,7.0,OK,0.0,2.771,-2.771,0,0.0,0.0,
BTCUSDC_SHORT,NOLOSS_DC4H_GATE_ENABLED,False,OK,0.0,2.771,-2.771,0,0.0,0.0,
BTCUSDC_SHORT,NOLOSS_DC4H_GATE_ENABLED,True,OK,0.0,2.771,-2.771,0,0.0,0.0,
BTCUSDC_SHORT,OB_ENTRY_GATE_ACCOUNTS,False,OK,0.0,2.771,-2.771,0,0.0,0.0,
BTCUSDC_SHORT,OB_ENTRY_GATE_ACCOUNTS,True,OK,0.0,2.771,-2.771,0,0.0,0.0,
BTCUSDC_SHORT,OB_ENTRY_MIN_LONG_SCORE,0.0,OK,0.0,2.771,-2.771,0,0.0,0.0,
BTCUSDC_SHORT,OB_ENTRY_MIN_LONG_SCORE,1.0,OK,0.0,2.771,-2.771,0,0.0,0.0,
BTCUSDC_SHORT,OB_ENTRY_MIN_SHORT_SCORE,0.0,OK,0.0,2.771,-2.771,0,0.0,0.0,
BTCUSDC_SHORT,OB_ENTRY_MIN_SHORT_SCORE,1.0,OK,0.0,2.771,-2.771,0,0.0,0.0,
BTCUSDC_SHORT,OB_ENTRY_WALL_TOO_CLOSE_PCT,0.0,OK,0.0,2.771,-2.771,0,0.0,0.0,
BTCUSDC_SHORT,OB_ENTRY_WALL_TOO_CLOSE_PCT,1.0,OK,0.0,2.771,-2.771,0,0.0,0.0,
BTCUSDC_SHORT,OI_GATE_ENABLED,False,OK,0.0,2.771,-2.771,0,0.0,0.0,
BTCUSDC_SHORT,OI_GATE_ENABLED,True,OK,0.0,2.771,-2.771,0,0.0,0.0,
BTCUSDC_SHORT,OI_GATE_OI_CHANGE_MIN,0.0,OK,0.0,2.771,-2.771,0,0.0,0.0,
BTCUSDC_SHORT,OI_GATE_OI_CHANGE_MIN,-10.0,OK,0.0,2.771,-2.771,0,0.0,0.0,
BTCUSDC_SHORT,OPPOSITE_LOSER_HEDGE_PROTECT_ENABLED,False,OK,0.0,2.771,-2.771,0,0.0,0.0,
BTCUSDC_SHORT,OPPOSITE_LOSER_HEDGE_PROTECT_ENABLED,True,OK,0.0,2.771,-2.771,0,0.0,0.0,
BTCUSDC_SHORT,OPPOSITE_LOSER_HEDGE_PROTECT_MAX_GAIN,0.0,OK,0.0,2.771,-2.771,0,0.0,0.0,
BTCUSDC_SHORT,OPPOSITE_LOSER_HEDGE_PROTECT_MAX_GAIN,1.0,OK,0.0,2.771,-2.771,0,0.0,0.0,
BTCUSDC_SHORT,OPPOSITE_LOSER_HEDGE_PROTECT_REQUIRE_WT_3M,False,OK,0.0,2.771,-2.771,0,0.0,0.0,
BTCUSDC_SHORT,OPPOSITE_LOSER_HEDGE_PROTECT_REQUIRE_WT_3M,True,OK,0.0,2.771,-2.771,0,0.0,0.0,
BTCUSDC_SHORT,PARTIAL_PROFIT_LOCK_ACCOUNTS_TRADIER,False,OK,0.0,2.771,-2.771,0,0.0,0.0,
BTCUSDC_SHORT,PARTIAL_PROFIT_LOCK_ACCOUNTS_TRADIER,True,OK,0.0,2.771,-2.771,0,0.0,0.0,
BTCUSDC_SHORT,PARTIAL_PROFIT_LOCK_ARM_GAIN_PCT,0.0,OK,0.0,2.771,-2.771,0,0.0,0.0,
BTCUSDC_SHORT,PARTIAL_PROFIT_LOCK_ARM_GAIN_PCT,0.375,OK,0.0,2.771,-2.771,0,0.0,0.0,
BTCUSDC_SHORT,PARTIAL_PROFIT_LOCK_ARM_GAIN_PCT,0.5625,OK,0.0,2.771,-2.771,0,0.0,0.0,
BTCUSDC_SHORT,PARTIAL_PROFIT_LOCK_ARM_GAIN_PCT,0.75,OK,0.0,2.771,-2.771,0,0.0,0.0,
BTCUSDC_SHORT,PARTIAL_PROFIT_LOCK_ARM_GAIN_PCT,0.9375,OK,0.0,2.771,-2.771,0,0.0,0.0,
BTCUSDC_SHORT,PARTIAL_PROFIT_LOCK_ARM_GAIN_PCT,1.125,OK,0.0,2.771,-2.771,0,0.0,0.0,
BTCUSDC_SHORT,PARTIAL_PROFIT_LOCK_ARM_GAIN_PCT,1.5,OK,0.0,2.771,-2.771,0,0.0,0.0,
BTCUSDC_SHORT,PARTIAL_PROFIT_LOCK_BE_BUFFER_PCT,0.0,OK,0.0,2.771,-2.771,0,0.0,0.0,
BTCUSDC_SHORT,PARTIAL_PROFIT_LOCK_BE_BUFFER_PCT,0.01,OK,0.0,2.771,-2.771,0,0.0,0.0,
BTCUSDC_SHORT,PARTIAL_PROFIT_LOCK_BE_BUFFER_PCT,0.015,OK,0.0,2.771,-2.771,0,0.0,0.0,
BTCUSDC_SHORT,PARTIAL_PROFIT_LOCK_BE_BUFFER_PCT,0.025,OK,0.0,2.771,-2.771,0,0.0,0.0,
BTCUSDC_SHORT,PARTIAL_PROFIT_LOCK_BE_BUFFER_PCT,0.03,OK,0.0,2.771,-2.771,0,0.0,0.0,
BTCUSDC_SHORT,PARTIAL_PROFIT_LOCK_BE_BUFFER_PCT,0.04,OK,0.0,2.771,-2.771,0,0.0,0.0,
BTCUSDC_SHORT,PARTIAL_PROFIT_LOCK_BE_BUFFER_PCT,0.1,OK,0.0,2.771,-2.771,0,0.0,0.0,
BTCUSDC_SHORT,PARTIAL_PROFIT_LOCK_GAIN_PCT,0.0,OK,0.0,2.771,-2.771,0,0.0,0.0,
BTCUSDC_SHORT,PARTIAL_PROFIT_LOCK_GAIN_PCT,0.25,OK,0.0,2.771,-2.771,0,0.0,0.0,
BTCUSDC_SHORT,PARTIAL_PROFIT_LOCK_GAIN_PCT,0.375,OK,0.0,2.771,-2.771,0,0.0,0.0,
BTCUSDC_SHORT,PARTIAL_PROFIT_LOCK_GAIN_PCT,0.625,OK,0.0,2.771,-2.771,0,0.0,0.0,
BTCUSDC_SHORT,PARTIAL_PROFIT_LOCK_GAIN_PCT,0.75,OK,0.0,2.771,-2.771,0,0.0,0.0,
BTCUSDC_SHORT,PARTIAL_PROFIT_LOCK_GAIN_PCT,1.0,OK,0.0,2.771,-2.771,0,0.0,0.0,
BTCUSDC_SHORT,QUICK_BREAKEVEN_GAIN_EROSION_VEC_ENABLED,False,OK,0.0,2.771,-2.771,0,0.0,0.0,
BTCUSDC_SHORT,QUICK_BREAKEVEN_GAIN_EROSION_VEC_ENABLED,True,OK,0.0,2.771,-2.771,0,0.0,0.0,
BTCUSDC_SHORT,QUICK_CYCLE_TP_REDUCE_FRAC,False,OK,0.0,2.771,-2.771,0,0.0,0.0,
BTCUSDC_SHORT,QUICK_CYCLE_TP_REDUCE_FRAC,True,OK,0.0,2.771,-2.771,0,0.0,0.0,
BTCUSDC_SHORT,QUICK_HEDGE_SAME_SYM_LAST_RESORT_AGE_MIN,0.0,OK,0.0,2.771,-2.771,0,0.0,0.0,
BTCUSDC_SHORT,QUICK_HEDGE_SAME_SYM_LAST_RESORT_AGE_MIN,1.0,OK,0.0,2.771,-2.771,0,0.0,0.0,
BTCUSDC_SHORT,QUICK_HEDGE_SAME_SYM_LAST_RESORT_ENABLED,False,OK,0.0,2.771,-2.771,0,0.0,0.0,
BTCUSDC_SHORT,QUICK_HEDGE_SAME_SYM_LAST_RESORT_ENABLED,True,OK,0.0,2.771,-2.771,0,0.0,0.0,
BTCUSDC_SHORT,QUICK_HEDGE_SAME_SYM_LAST_RESORT_GAIN_PCT,0.0,OK,0.0,2.771,-2.771,0,0.0,0.0,
BTCUSDC_SHORT,QUICK_HEDGE_SAME_SYM_LAST_RESORT_GAIN_PCT,1.0,OK,0.0,2.771,-2.771,0,0.0,0.0,
BTCUSDC_SHORT,QUICK_HEDGE_SAME_SYM_LAST_RESORT_QTY_PCT,0.0,OK,0.0,2.771,-2.771,0,0.0,0.0,
BTCUSDC_SHORT,QUICK_HEDGE_SAME_SYM_LAST_RESORT_QTY_PCT,1.0,OK,0.0,2.771,-2.771,0,0.0,0.0,
BTCUSDC_SHORT,QUICK_HEDGE_SAME_SYM_LAST_RESORT_VEC_ENABLED,False,OK,0.0,2.771,-2.771,0,0.0,0.0,
BTCUSDC_SHORT,QUICK_HEDGE_SAME_SYM_LAST_RESORT_VEC_ENABLED,True,OK,0.0,2.771,-2.771,0,0.0,0.0,
BTCUSDC_SHORT,QUICK_OPEN_STRONG_BB_LONG_MAX,0.0,OK,0.0,2.771,-2.771,0,0.0,0.0,
BTCUSDC_SHORT,QUICK_OPEN_STRONG_BB_LONG_MAX,1.0,OK,0.0,2.771,-2.771,0,0.0,0.0,
BTCUSDC_SHORT,QUICK_OPEN_STRONG_BB_SHORT_MIN,0.0,OK,0.0,2.771,-2.771,0,0.0,0.0,
BTCUSDC_SHORT,QUICK_OPEN_STRONG_BB_SHORT_MIN,1.0,OK,0.0,2.771,-2.771,0,0.0,0.0,
BTCUSDC_SHORT,QUICK_OPEN_STRONG_DC_LONG_MAX,0.0,OK,0.0,2.771,-2.771,0,0.0,0.0,
BTCUSDC_SHORT,QUICK_OPEN_STRONG_DC_LONG_MAX,1.0,OK,0.0,2.771,-2.771,0,0.0,0.0,
BTCUSDC_SHORT,QUICK_OPEN_STRONG_DC_SHORT_MIN,0.0,OK,0.0,2.771,-2.771,0,0.0,0.0,
BTCUSDC_SHORT,QUICK_OPEN_STRONG_DC_SHORT_MIN,1.0,OK,0.0,2.771,-2.771,0,0.0,0.0,
BTCUSDC_SHORT,QUICK_OPEN_STRONG_K_LONG_MAX,0.0,OK,0.0,2.771,-2.771,0,0.0,0.0,
BTCUSDC_SHORT,QUICK_OPEN_STRONG_K_LONG_MAX,1.0,OK,0.0,2.771,-2.771,0,0.0,0.0,
BTCUSDC_SHORT,QUICK_OPEN_STRONG_K_SHORT_MIN,0.0,OK,0.0,2.771,-2.771,0,0.0,0.0,
BTCUSDC_SHORT,QUICK_OPEN_STRONG_K_SHORT_MIN,1.0,OK,0.0,2.771,-2.771,0,0.0,0.0,
BTCUSDC_SHORT,QUICK_OPEN_STRONG_VEC_ENABLED,False,OK,0.0,2.771,-2.771,0,0.0,0.0,
BTCUSDC_SHORT,QUICK_OPEN_STRONG_VEC_ENABLED,True,OK,0.0,2.771,-2.771,0,0.0,0.0,
BTCUSDC_SHORT,QUICK_OPEN_STRONG_VEL_MIN,0.0,OK,0.0,2.771,-2.771,0,0.0,0.0,
BTCUSDC_SHORT,QUICK_OPEN_STRONG_VEL_MIN,1.0,OK,0.0,2.771,-2.771,0,0.0,0.0,
BTCUSDC_SHORT,QUICK_REDUCE_STRONG_REDUCE_VEC_ENABLED,False,OK,0.0,2.771,-2.771,0,0.0,0.0,
BTCUSDC_SHORT,QUICK_REDUCE_STRONG_REDUCE_VEC_ENABLED,True,OK,0.0,2.771,-2.771,0,0.0,0.0,
BTCUSDC_SHORT,QUICK_SENTIMENT_CUT_REDUCE_FRAC,False,OK,0.0,2.771,-2.771,0,0.0,0.0,
BTCUSDC_SHORT,QUICK_SENTIMENT_CUT_REDUCE_FRAC,True,OK,0.0,2.771,-2.771,0,0.0,0.0,
BTCUSDC_SHORT,REENTRY_B02_ENABLED,False,OK,0.0,2.771,-2.771,0,0.0,0.0,
BTCUSDC_SHORT,REENTRY_B02_ENABLED,True,OK,0.0,2.771,-2.771,0,0.0,0.0,
BTCUSDC_SHORT,REENTRY_CHURN_GUARD_ENABLED,False,OK,0.0,2.771,-2.771,0,0.0,0.0,
BTCUSDC_SHORT,REENTRY_CHURN_GUARD_ENABLED,True,OK,0.0,2.771,-2.771,0,0.0,0.0,
BTCUSDC_SHORT,REENTRY_CHURN_GUARD_USE_4BAR,False,OK,0.0,2.771,-2.771,0,0.0,0.0,
BTCUSDC_SHORT,REENTRY_CHURN_GUARD_USE_4BAR,True,OK,0.0,2.771,-2.771,0,0.0,0.0,
BTCUSDC_SHORT,REENTRY_CHURN_GUARD_WINDOW_S,False,OK,0.0,2.771,-2.771,0,0.0,0.0,
BTCUSDC_SHORT,REENTRY_CHURN_GUARD_WINDOW_S,True,OK,0.0,2.771,-2.771,0,0.0,0.0,
BTCUSDC_SHORT,REENTRY_MEAN_REV_ENABLED,False,OK,0.0,2.771,-2.771,0,0.0,0.0,
BTCUSDC_SHORT,REENTRY_MEAN_REV_ENABLED,True,OK,0.0,2.771,-2.771,0,0.0,0.0,
BTCUSDC_SHORT,REENTRY_MEAN_REV_TOLERANCE_PCT,0.0,OK,0.0,2.771,-2.771,0,0.0,0.0,
BTCUSDC_SHORT,REENTRY_MEAN_REV_TOLERANCE_PCT,0.3,OK,0.0,2.771,-2.771,0,0.0,0.0,
BTCUSDC_SHORT,REENTRY_MEAN_REV_WINDOW_BARS,0.0,OK,0.0,2.771,-2.771,0,0.0,0.0,
BTCUSDC_SHORT,REENTRY_MEAN_REV_WINDOW_BARS,10.0,OK,0.0,2.771,-2.771,0,0.0,0.0,
BTCUSDC_SHORT,REENTRY_PROBE_ENABLED,False,OK,0.0,2.771,-2.771,0,0.0,0.0,
BTCUSDC_SHORT,REENTRY_PROBE_ENABLED,True,OK,0.0,2.771,-2.771,0,0.0,0.0,
BTCUSDC_SHORT,REENTRY_PULLBACK_DROP_PCT,0.0,OK,0.0,2.771,-2.771,0,0.0,0.0,
BTCUSDC_SHORT,REENTRY_PULLBACK_DROP_PCT,1.5,OK,0.0,2.771,-2.771,0,0.0,0.0,
BTCUSDC_SHORT,REENTRY_PULLBACK_DROP_PCT,2.25,OK,0.0,2.771,-2.771,0,0.0,0.0,
BTCUSDC_SHORT,REENTRY_PULLBACK_DROP_PCT,3.75,OK,0.0,2.771,-2.771,0,0.0,0.0,
BTCUSDC_SHORT,REENTRY_PULLBACK_DROP_PCT,4.5,OK,0.0,2.771,-2.771,0,0.0,0.0,
BTCUSDC_SHORT,REENTRY_PULLBACK_DROP_PCT,6.0,OK,0.0,2.771,-2.771,0,0.0,0.0,
BTCUSDC_SHORT,REENTRY_PULLBACK_ENABLED,False,OK,0.0,2.771,-2.771,0,0.0,0.0,
BTCUSDC_SHORT,REENTRY_PULLBACK_ENABLED,True,OK,0.0,2.771,-2.771,0,0.0,0.0,
BTCUSDC_SHORT,REENTRY_PULLBACK_REQUIRE_15M,False,OK,0.0,2.771,-2.771,0,0.0,0.0,
BTCUSDC_SHORT,REENTRY_PULLBACK_REQUIRE_15M,True,OK,0.0,2.771,-2.771,0,0.0,0.0,
BTCUSDC_SHORT,REENTRY_PULLBACK_REQUIRE_VEL,False,OK,0.0,2.771,-2.771,0,0.0,0.0,
BTCUSDC_SHORT,REENTRY_PULLBACK_REQUIRE_VEL,True,OK,0.0,2.771,-2.771,0,0.0,0.0,
BTCUSDC_SHORT,REENTRY_PULLBACK_WT3M_OS_THRESH,False,OK,0.0,2.771,-2.771,0,0.0,0.0,
BTCUSDC_SHORT,REENTRY_PULLBACK_WT3M_OS_THRESH,True,OK,0.0,2.771,-2.771,0,0.0,0.0,
BTCUSDC_SHORT,REENTRY_RECLAIM_BUFFER_PCT,0.0,OK,0.0,2.771,-2.771,0,0.0,0.0,
BTCUSDC_SHORT,REENTRY_RECLAIM_BUFFER_PCT,1.0,OK,0.0,2.771,-2.771,0,0.0,0.0,
BTCUSDC_SHORT,REENTRY_RECLAIM_ENABLED,False,OK,0.0,2.771,-2.771,0,0.0,0.0,
BTCUSDC_SHORT,REENTRY_RECLAIM_ENABLED,True,OK,0.0,2.771,-2.771,0,0.0,0.0,
BTCUSDC_SHORT,REENTRY_SMA200_BACKUP_ENABLED,False,OK,0.0,2.771,-2.771,0,0.0,0.0,
BTCUSDC_SHORT,REENTRY_SMA200_BACKUP_ENABLED,True,OK,0.0,2.771,-2.771,0,0.0,0.0,
BTCUSDC_SHORT,REENTRY_TREND_ENABLED,False,OK,0.0,2.771,-2.771,0,0.0,0.0,
BTCUSDC_SHORT,REENTRY_TREND_ENABLED,True,OK,0.0,2.771,-2.771,0,0.0,0.0,
BTCUSDC_SHORT,REVERSE_ON_EXIT_ENABLED,False,OK,0.0,2.771,-2.771,0,0.0,0.0,
BTCUSDC_SHORT,REVERSE_ON_EXIT_ENABLED,True,OK,0.0,2.771,-2.771,0,0.0,0.0,
BTCUSDC_SHORT,RZ_CASCADE_EXIT_ANY_TF,,OK,0.0,2.771,-2.771,0,0.0,0.0,
BTCUSDC_SHORT,RZ_CASCADE_EXIT_ANY_TF,3m,OK,0.0,2.771,-2.771,0,0.0,0.0,
BTCUSDC_SHORT,RZ_CASCADE_EXIT_ANY_TF,15m,OK,0.0,2.771,-2.771,0,0.0,0.0,
BTCUSDC_SHORT,RZ_CASCADE_EXIT_ANY_TF,1h,OK,0.0,2.771,-2.771,0,0.0,0.0,
BTCUSDC_SHORT,RZ_CASCADE_EXIT_ANY_TF,4h,OK,0.0,2.771,-2.771,0,0.0,0.0,
BTCUSDC_SHORT,RZ_CASCADE_EXIT_ANY_TF,D,OK,0.0,2.771,-2.771,0,0.0,0.0,
BTCUSDC_SHORT,RZ_CASCADE_EXIT_MIN_REV_TFS,0.0,OK,0.0,2.771,-2.771,0,0.0,0.0,
BTCUSDC_SHORT,RZ_CASCADE_EXIT_MIN_REV_TFS,2.0,OK,0.0,2.771,-2.771,0,0.0,0.0,
BTCUSDC_SHORT,RZ_CASCADE_MIN_TF_ALIGN,0.0,OK,0.0,2.771,-2.771,0,0.0,0.0,
BTCUSDC_SHORT,RZ_CASCADE_MIN_TF_ALIGN,1.0,OK,0.0,2.771,-2.771,0,0.0,0.0,
BTCUSDC_SHORT,RZ_CASCADE_MIN_TF_ALIGN,2.0,OK,0.0,2.771,-2.771,0,0.0,0.0,
BTCUSDC_SHORT,RZ_CASCADE_MIN_TF_ALIGN,3.0,OK,0.0,2.771,-2.771,0,0.0,0.0,
BTCUSDC_SHORT,SATOSHIT_EXIT_LONG_RSI_MIN,0.0,OK,0.0,2.771,-2.771,0,0.0,0.0,
BTCUSDC_SHORT,SATOSHIT_EXIT_LONG_RSI_MIN,1.0,OK,0.0,2.771,-2.771,0,0.0,0.0,
BTCUSDC_SHORT,SATOSHIT_EXIT_LONG_STOCH_K_MIN,0.0,OK,0.0,2.771,-2.771,0,0.0,0.0,
BTCUSDC_SHORT,SATOSHIT_EXIT_LONG_STOCH_K_MIN,1.0,OK,0.0,2.771,-2.771,0,0.0,0.0,
BTCUSDC_SHORT,SATOSHIT_EXIT_SHORT_RSI_MAX,0.0,OK,0.0,2.771,-2.771,0,0.0,0.0,
BTCUSDC_SHORT,SATOSHIT_EXIT_SHORT_RSI_MAX,1.0,OK,0.0,2.771,-2.771,0,0.0,0.0,
BTCUSDC_SHORT,SATOSHIT_EXIT_SHORT_STOCH_K_MAX,0.0,OK,0.0,2.771,-2.771,0,0.0,0.0,
BTCUSDC_SHORT,SATOSHIT_EXIT_SHORT_STOCH_K_MAX,1.0,OK,0.0,2.771,-2.771,0,0.0,0.0,
BTCUSDC_SHORT,SHORT_STRUCT_EXIT_TF,,OK,0.0,2.771,-2.771,0,0.0,0.0,
BTCUSDC_SHORT,SHORT_STRUCT_EXIT_TF,3m,OK,0.0,2.771,-2.771,0,0.0,0.0,
BTCUSDC_SHORT,SHORT_STRUCT_EXIT_TF,15m,OK,0.0,2.771,-2.771,0,0.0,0.0,
BTCUSDC_SHORT,SHORT_STRUCT_EXIT_TF,1h,OK,0.0,2.771,-2.771,0,0.0,0.0,
BTCUSDC_SHORT,SHORT_STRUCT_EXIT_TF,4h,OK,0.0,2.771,-2.771,0,0.0,0.0,
BTCUSDC_SHORT,SHORT_STRUCT_EXIT_TF,D,OK,0.0,2.771,-2.771,0,0.0,0.0,
BTCUSDC_SHORT,SPY_REGIME_GATE_ENABLED_TRADIER,False,OK,0.0,2.771,-2.771,0,0.0,0.0,
BTCUSDC_SHORT,SPY_REGIME_GATE_ENABLED_TRADIER,True,OK,0.0,2.771,-2.771,0,0.0,0.0,
BTCUSDC_SHORT,SPY_REGIME_SMA_BARS_DAILY,0.0,OK,0.0,2.771,-2.771,0,0.0,0.0,
BTCUSDC_SHORT,SPY_REGIME_SMA_BARS_DAILY,100.0,OK,0.0,2.771,-2.771,0,0.0,0.0,
BTCUSDC_SHORT,SPY_REGIME_SYMBOL,,OK,0.0,2.771,-2.771,0,0.0,0.0,
BTCUSDC_SHORT,SPY_REGIME_SYMBOL,SPY,OK,0.0,2.771,-2.771,0,0.0,0.0,
BTCUSDC_SHORT,STDEV_BB_RZ_EXIT_TF,,OK,0.0,2.771,-2.771,0,0.0,0.0,
BTCUSDC_SHORT,STDEV_BB_RZ_EXIT_TF,3m,OK,0.0,2.771,-2.771,0,0.0,0.0,
BTCUSDC_SHORT,STDEV_BB_RZ_EXIT_TF,15m,OK,0.0,2.771,-2.771,0,0.0,0.0,
BTCUSDC_SHORT,STDEV_BB_RZ_EXIT_TF,1h,OK,0.0,2.771,-2.771,0,0.0,0.0,
BTCUSDC_SHORT,STDEV_BB_RZ_EXIT_TF,4h,OK,0.0,2.771,-2.771,0,0.0,0.0,
BTCUSDC_SHORT,STDEV_BB_RZ_EXIT_TF,D,OK,0.0,2.771,-2.771,0,0.0,0.0,
BTCUSDC_SHORT,STDEV_BREAKOUT_COOLDOWN,False,OK,0.0,2.771,-2.771,0,0.0,0.0,
BTCUSDC_SHORT,STDEV_BREAKOUT_COOLDOWN,True,OK,0.0,2.771,-2.771,0,0.0,0.0,
BTCUSDC_SHORT,STDEV_BREAKOUT_RETEST_COOLDOWN,False,OK,0.0,2.771,-2.771,0,0.0,0.0,
BTCUSDC_SHORT,STDEV_BREAKOUT_RETEST_COOLDOWN,True,OK,0.0,2.771,-2.771,0,0.0,0.0,
BTCUSDC_SHORT,STDEV_MACRO_ENTRY_BOOST_ENABLED,False,OK,0.0,2.771,-2.771,0,0.0,0.0,
BTCUSDC_SHORT,STDEV_MACRO_ENTRY_BOOST_ENABLED,True,OK,0.0,2.771,-2.771,0,0.0,0.0,
BTCUSDC_SHORT,STDEV_MACRO_ENTRY_BOOST_MULT,0.0,OK,0.0,2.771,-2.771,0,0.0,0.0,
BTCUSDC_SHORT,STDEV_MACRO_ENTRY_BOOST_MULT,1.95,OK,0.0,2.771,-2.771,0,0.0,0.0,
BTCUSDC_SHORT,STDEV_SUPPRESS_EARLY_EXIT,False,OK,0.0,2.771,-2.771,0,0.0,0.0,
BTCUSDC_SHORT,STDEV_SUPPRESS_EARLY_EXIT,True,OK,0.0,2.771,-2.771,0,0.0,0.0,
BTCUSDC_SHORT,STOCH_1H_EXIT_K_MIN,0.0,OK,0.0,2.771,-2.771,0,0.0,0.0,
BTCUSDC_SHORT,STOCH_1H_EXIT_K_MIN,1.0,OK,0.0,2.771,-2.771,0,0.0,0.0,
BTCUSDC_SHORT,STOCH_1H_EXIT_K_MIN,127.5,OK,0.0,2.771,-2.771,0,0.0,0.0,
BTCUSDC_SHORT,STOP_MAJOR_LOSS_ENABLED,False,OK,0.0,2.771,-2.771,0,0.0,0.0,
BTCUSDC_SHORT,STOP_MAJOR_LOSS_ENABLED,True,OK,0.0,2.771,-2.771,0,0.0,0.0,
BTCUSDC_SHORT,STOP_PACK,False,OK,0.0,2.771,-2.771,0,0.0,0.0,
BTCUSDC_SHORT,STOP_PACK,True,OK,0.0,2.771,-2.771,0,0.0,0.0,
BTCUSDC_SHORT,STOP_TIMEFRAME,,OK,0.0,2.771,-2.771,0,0.0,0.0,
BTCUSDC_SHORT,STOP_TIMEFRAME,3m,OK,0.0,2.771,-2.771,0,0.0,0.0,
BTCUSDC_SHORT,STOP_TIMEFRAME,15m,OK,0.0,2.771,-2.771,0,0.0,0.0,
BTCUSDC_SHORT,STOP_TIMEFRAME,1h,OK,0.0,2.771,-2.771,0,0.0,0.0,
BTCUSDC_SHORT,STOP_TIMEFRAME,4h,OK,0.0,2.771,-2.771,0,0.0,0.0,
BTCUSDC_SHORT,STOP_TIMEFRAME,D,OK,0.0,2.771,-2.771,0,0.0,0.0,
BTCUSDC_SHORT,STORM_REDUCE_ENABLED,False,OK,0.0,2.771,-2.771,0,0.0,0.0,
BTCUSDC_SHORT,STORM_REDUCE_ENABLED,True,OK,0.0,2.771,-2.771,0,0.0,0.0,
BTCUSDC_SHORT,SWEEP_OPTIMAL_ENTRY_TF,,OK,0.0,2.771,-2.771,0,0.0,0.0,
BTCUSDC_SHORT,SWEEP_OPTIMAL_ENTRY_TF,3m,OK,0.0,2.771,-2.771,0,0.0,0.0,
BTCUSDC_SHORT,SWEEP_OPTIMAL_ENTRY_TF,15m,OK,0.0,2.771,-2.771,0,0.0,0.0,
BTCUSDC_SHORT,SWEEP_OPTIMAL_ENTRY_TF,1h,OK,0.0,2.771,-2.771,0,0.0,0.0,
BTCUSDC_SHORT,SWEEP_OPTIMAL_ENTRY_TF,4h,OK,0.0,2.771,-2.771,0,0.0,0.0,
BTCUSDC_SHORT,SWEEP_OPTIMAL_ENTRY_TF,D,OK,0.0,2.771,-2.771,0,0.0,0.0,
BTCUSDC_SHORT,SWING_EXIT_TFS,0.0,OK,0.0,2.771,-2.771,0,0.0,0.0,
BTCUSDC_SHORT,SWING_EXIT_TFS,1.0,OK,0.0,2.771,-2.771,0,0.0,0.0,
BTCUSDC_SHORT,TRAILING_AUG_MAX_PER_POSITION,0.0,OK,0.0,2.771,-2.771,0,0.0,0.0,
BTCUSDC_SHORT,TRAILING_AUG_MAX_PER_POSITION,3.0,OK,0.0,2.771,-2.771,0,0.0,0.0,
BTCUSDC_SHORT,USE_BB_FILTER,False,OK,0.0,2.771,-2.771,0,0.0,0.0,
BTCUSDC_SHORT,USE_BB_FILTER,True,OK,0.0,2.771,-2.771,0,0.0,0.0,
BTCUSDC_SHORT,USE_PRICE_ACTION_ENTRY,False,OK,0.0,2.771,-2.771,0,0.0,0.0,
BTCUSDC_SHORT,USE_PRICE_ACTION_ENTRY,True,OK,0.0,2.771,-2.771,0,0.0,0.0,
BTCUSDC_SHORT,V8Q_HTF_MIN_ALIGNED,0.0,OK,0.0,2.771,-2.771,0,0.0,0.0,
BTCUSDC_SHORT,V8Q_HTF_MIN_ALIGNED,1.0,OK,0.0,2.771,-2.771,0,0.0,0.0,
BTCUSDC_SHORT,V8Q_WT_EXIT_MIN_TFS,0.0,OK,0.0,2.771,-2.771,0,0.0,0.0,
BTCUSDC_SHORT,V8Q_WT_EXIT_MIN_TFS,1.0,OK,0.0,2.771,-2.771,0,0.0,0.0,
BTCUSDC_SHORT,V8_ENTRY_ENGINE_DC_ENABLED,False,OK,0.0,2.771,-2.771,0,0.0,0.0,
BTCUSDC_SHORT,V8_ENTRY_ENGINE_DC_ENABLED,True,OK,0.0,2.771,-2.771,0,0.0,0.0,
BTCUSDC_SHORT,V8_ENTRY_ENGINE_WT_ENABLED,False,OK,0.0,2.771,-2.771,0,0.0,0.0,
BTCUSDC_SHORT,V8_ENTRY_ENGINE_WT_ENABLED,True,OK,0.0,2.771,-2.771,0,0.0,0.0,
BTCUSDC_SHORT,VEC_FIRST_OPEN_THROTTLE_BARS,0.0,OK,0.0,2.771,-2.771,0,0.0,0.0,
BTCUSDC_SHORT,VEC_FIRST_OPEN_THROTTLE_BARS,1.0,OK,0.0,2.771,-2.771,0,0.0,0.0,
BTCUSDC_SHORT,VEC_LIVE_REDUCE_DEFAULT_FRAC,False,OK,0.0,2.771,-2.771,0,0.0,0.0,
BTCUSDC_SHORT,VEC_LIVE_REDUCE_DEFAULT_FRAC,True,OK,0.0,2.771,-2.771,0,0.0,0.0,
BTCUSDC_SHORT,VEC_LIVE_REDUCE_PARITY_ENABLED,False,OK,0.0,2.771,-2.771,0,0.0,0.0,
BTCUSDC_SHORT,VEC_LIVE_REDUCE_PARITY_ENABLED,True,OK,0.0,2.771,-2.771,0,0.0,0.0,
BTCUSDC_SHORT,VEC_LIVE_REDUCE_PARITY_FRAC,False,OK,0.0,2.771,-2.771,0,0.0,0.0,
BTCUSDC_SHORT,VEC_LIVE_REDUCE_PARITY_FRAC,True,OK,0.0,2.771,-2.771,0,0.0,0.0,
BTCUSDC_SHORT,VEC_LIVE_REDUCE_PARITY_KEEP_DUST,False,OK,0.0,2.771,-2.771,0,0.0,0.0,
BTCUSDC_SHORT,VEC_LIVE_REDUCE_PARITY_KEEP_DUST,True,OK,0.0,2.771,-2.771,0,0.0,0.0,
BTCUSDC_SHORT,VEC_LIVE_REDUCE_PPL_REASONS,False,OK,0.0,2.771,-2.771,0,0.0,0.0,
BTCUSDC_SHORT,VEC_LIVE_REDUCE_PPL_REASONS,True,OK,0.0,2.771,-2.771,0,0.0,0.0,
BTCUSDC_SHORT,VEC_LIVE_REDUCE_PPL_STEP1_FRAC,False,OK,0.0,2.771,-2.771,0,0.0,0.0,
BTCUSDC_SHORT,VEC_LIVE_REDUCE_PPL_STEP1_FRAC,True,OK,0.0,2.771,-2.771,0,0.0,0.0,
BTCUSDC_SHORT,VEC_MTF_ARMED_GATE_HEDGE_OPEN,False,OK,0.0,2.771,-2.771,0,0.0,0.0,
BTCUSDC_SHORT,VEC_MTF_ARMED_GATE_HEDGE_OPEN,True,OK,0.0,2.771,-2.771,0,0.0,0.0,
BTCUSDC_SHORT,VEC_MTF_ARMED_GATE_REENTRY,False,OK,0.0,2.771,-2.771,0,0.0,0.0,
BTCUSDC_SHORT,VEC_MTF_ARMED_GATE_REENTRY,True,OK,0.0,2.771,-2.771,0,0.0,0.0,
BTCUSDC_SHORT,VEC_RATIO_REDUCE_PROXY_ENABLED,False,OK,0.0,2.771,-2.771,0,0.0,0.0,
BTCUSDC_SHORT,VEC_RATIO_REDUCE_PROXY_ENABLED,True,OK,0.0,2.771,-2.771,0,0.0,0.0,
BTCUSDC_SHORT,VEC_REDUCE_CASCADE_COOLDOWN_S,False,OK,0.0,2.771,-2.771,0,0.0,0.0,
BTCUSDC_SHORT,VEC_REDUCE_CASCADE_COOLDOWN_S,True,OK,0.0,2.771,-2.771,0,0.0,0.0,
BTCUSDC_SHORT,VP_GATE_HEDGE_GATE_ENABLED,False,OK,0.0,2.771,-2.771,0,0.0,0.0,
BTCUSDC_SHORT,VP_GATE_HEDGE_GATE_ENABLED,True,OK,0.0,2.771,-2.771,0,0.0,0.0,
BTCUSDC_SHORT,WT_15M_SAME_HEDGE_COOLDOWN_SEC,False,OK,0.0,2.771,-2.771,0,0.0,0.0,
BTCUSDC_SHORT,WT_15M_SAME_HEDGE_COOLDOWN_SEC,True,OK,0.0,2.771,-2.771,0,0.0,0.0,
BTCUSDC_SHORT,WT_15M_SAME_HEDGE_DAILY_CAP,0.0,OK,0.0,2.771,-2.771,0,0.0,0.0,
BTCUSDC_SHORT,WT_15M_SAME_HEDGE_DAILY_CAP,1.0,OK,0.0,2.771,-2.771,0,0.0,0.0,
BTCUSDC_SHORT,WT_3M_OPEN_GATE_ENABLED,False,OK,0.0,2.771,-2.771,0,0.0,0.0,
BTCUSDC_SHORT,WT_3M_OPEN_GATE_ENABLED,True,OK,0.0,2.771,-2.771,0,0.0,0.0,
BTCUSDC_SHORT,WT_ACCEL_GATE_ENABLED,False,OK,0.0,2.771,-2.771,0,0.0,0.0,
BTCUSDC_SHORT,WT_ACCEL_GATE_ENABLED,True,OK,0.0,2.771,-2.771,0,0.0,0.0,
BTCUSDC_SHORT,WT_ACCEL_GATE_TF,,OK,0.0,2.771,-2.771,0,0.0,0.0,
BTCUSDC_SHORT,WT_ACCEL_GATE_TF,3m,OK,0.0,2.771,-2.771,0,0.0,0.0,
BTCUSDC_SHORT,WT_ACCEL_GATE_TF,15m,OK,0.0,2.771,-2.771,0,0.0,0.0,
BTCUSDC_SHORT,WT_ACCEL_GATE_TF,1h,OK,0.0,2.771,-2.771,0,0.0,0.0,
BTCUSDC_SHORT,WT_ACCEL_GATE_TF,4h,OK,0.0,2.771,-2.771,0,0.0,0.0,
BTCUSDC_SHORT,WT_ACCEL_GATE_TF,D,OK,0.0,2.771,-2.771,0,0.0,0.0,
BTCUSDC_SHORT,WT_DC_DIRECT_COMBINED_STOCH_GATE,False,OK,0.0,2.771,-2.771,0,0.0,0.0,
BTCUSDC_SHORT,WT_DC_DIRECT_COMBINED_STOCH_GATE,True,OK,0.0,2.771,-2.771,0,0.0,0.0,
BTCUSDC_SHORT,WT_DC_DIRECT_HTF_ALIGN_REQUIRED,False,OK,0.0,2.771,-2.771,0,0.0,0.0,
BTCUSDC_SHORT,WT_DC_DIRECT_HTF_ALIGN_REQUIRED,True,OK,0.0,2.771,-2.771,0,0.0,0.0,
BTCUSDC_SHORT,WT_DC_DIRECT_HTF_GATE,False,OK,0.0,2.771,-2.771,0,0.0,0.0,
BTCUSDC_SHORT,WT_DC_DIRECT_HTF_GATE,True,OK,0.0,2.771,-2.771,0,0.0,0.0,
BTCUSDC_SHORT,WT_DC_ENTRY_GATE_ENABLED,False,OK,0.0,2.771,-2.771,0,0.0,0.0,
BTCUSDC_SHORT,WT_DC_ENTRY_GATE_ENABLED,True,OK,0.0,2.771,-2.771,0,0.0,0.0,
BTCUSDC_SHORT,WT_ENTRY_THRESHOLD,0.0,OK,0.0,2.771,-2.771,0,0.0,0.0,
BTCUSDC_SHORT,WT_ENTRY_THRESHOLD,45.0,OK,0.0,2.771,-2.771,0,0.0,0.0,
BTCUSDC_SHORT,WT_EXIT_VELOCITY_TRADIER,False,OK,0.0,2.771,-2.771,0,0.0,0.0,
BTCUSDC_SHORT,WT_EXIT_VELOCITY_TRADIER,True,OK,0.0,2.771,-2.771,0,0.0,0.0,
BTCUSDC_SHORT,WT_GATE_ENABLED,False,OK,0.0,2.771,-2.771,0,0.0,0.0,
BTCUSDC_SHORT,WT_GATE_ENABLED,True,OK,0.0,2.771,-2.771,0,0.0,0.0,
BTCUSDC_SHORT,AGGRESSIVE_LOSS_CUT_ENABLED,,OK,0.0,2.771,-2.771,0,0.0,0.0,
BTCUSDC_SHORT,AI_PREMARKET_DECISIONS_DIR,,OK,0.0,2.771,-2.771,0,0.0,0.0,
BTCUSDC_SHORT,AI_PREMARKET_ENABLED_TRB,,OK,0.0,2.771,-2.771,0,0.0,0.0,
BTCUSDC_SHORT,AI_PREMARKET_EXPIRES_ET,,OK,0.0,2.771,-2.771,0,0.0,0.0,
BTCUSDC_SHORT,AI_PREMARKET_MAX_NEW_PER_SIDE,,OK,0.0,2.771,-2.771,0,0.0,0.0,
BTCUSDC_SHORT,AI_PREMARKET_MIN_CONVICTION,,OK,0.0,2.771,-2.771,0,0.0,0.0,
BTCUSDC_SHORT,AI_PREMARKET_SIZE_MULT_MAX,,OK,0.0,2.771,-2.771,0,0.0,0.0,
BTCUSDC_SHORT,API_RATE_LIMIT_PER_MINUTE,,OK,0.0,2.771,-2.771,0,0.0,0.0,
BTCUSDC_SHORT,API_RATE_LIMIT_PER_SECOND,,OK,0.0,2.771,-2.771,0,0.0,0.0,
BTCUSDC_SHORT,ASYMMETRIC_LOSER_MIN_AGE_SECONDS,,OK,0.0,2.771,-2.771,0,0.0,0.0,
BTCUSDC_SHORT,ASYMMETRIC_WINNER_GAIN_PCT,,OK,0.0,2.771,-2.771,0,0.0,0.0,
BTCUSDC_SHORT,ATR_PARITY_TARGET_RISK_PCT,,OK,0.0,2.771,-2.771,0,0.0,0.0,
BTCUSDC_SHORT,BAND_ARROW_MAX_POS_MULT,,OK,0.0,2.771,-2.771,0,0.0,0.0,
BTCUSDC_SHORT,BB_RECOVERY_DIRECT_BARS,,OK,0.0,2.771,-2.771,0,0.0,0.0,
BTCUSDC_SHORT,BB_RECOVERY_DIRECT_ENABLED,,OK,0.0,2.771,-2.771,0,0.0,0.0,
BTCUSDC_SHORT,BB_RECOVERY_DIRECT_MIN_EXCURSION_ATR,,OK,0.0,2.771,-2.771,0,0.0,0.0,
BTCUSDC_SHORT,BB_RECOVERY_DIRECT_TIMEFRAME,,OK,0.0,2.771,-2.771,0,0.0,0.0,
BTCUSDC_SHORT,AUTO_WIRED_PARAMS,,OK,0.0,2.771,-2.771,0,0.0,0.0,
BTCUSDC_SHORT,BINANCE_API_BASE,,OK,0.0,2.771,-2.771,0,0.0,0.0,
BTCUSDC_SHORT,BOUNCE_TOP_RISING_CROSS_MULT,,OK,0.0,2.771,-2.771,0,0.0,0.0,
BTCUSDC_SHORT,BROKER_PREFLIGHT_CACHE_S,,OK,0.0,2.771,-2.771,0,0.0,0.0,
BTCUSDC_SHORT,BTC_ACCEL_RAMP_ENABLED,,OK,0.0,2.771,-2.771,0,0.0,0.0,
BTCUSDC_SHORT,BTC_DIVERGENCE_ENABLED,,OK,0.0,2.771,-2.771,0,0.0,0.0,
BTCUSDC_SHORT,CIRCUIT_BREAKER_ACCOUNT_HALT_MIN,,OK,0.0,2.771,-2.771,0,0.0,0.0,
BTCUSDC_SHORT,CIRCUIT_BREAKER_ACCOUNT_LOSSES,,OK,0.0,2.771,-2.771,0,0.0,0.0,
BTCUSDC_SHORT,CIRCUIT_BREAKER_SYMBOL_HALT_MIN,,OK,0.0,2.771,-2.771,0,0.0,0.0,
BTCUSDC_SHORT,CIRCUIT_BREAKER_SYMBOL_LOSSES,,OK,0.0,2.771,-2.771,0,0.0,0.0,
BTCUSDC_SHORT,CLENOW_LOOKBACK,,OK,0.0,2.771,-2.771,0,0.0,0.0,
BTCUSDC_SHORT,CLENOW_REBALANCE_DAYS,,OK,0.0,2.771,-2.771,0,0.0,0.0,
BTCUSDC_SHORT,CLENOW_TOP_N,,OK,0.0,2.771,-2.771,0,0.0,0.0,
BTCUSDC_SHORT,CONNORS_RSI2_PRIORITY_OVERRIDE_ENABLED,,OK,0.0,2.771,-2.771,0,0.0,0.0,
BTCUSDC_SHORT,CRYPTO_FH_MOMENTUM_DC_MAX_LONG,,OK,0.0,2.771,-2.771,0,0.0,0.0,
BTCUSDC_SHORT,CRYPTO_FH_MOMENTUM_MIN_MOVE_PCT,,OK,0.0,2.771,-2.771,0,0.0,0.0,
BTCUSDC_SHORT,CRYPTO_SPIKE_FADE_LOOKBACK_BARS,,OK,0.0,2.771,-2.771,0,0.0,0.0,
BTCUSDC_SHORT,DATA_READY_TIMEOUT_SECONDS,,OK,0.0,2.771,-2.771,0,0.0,0.0,
BTCUSDC_SHORT,DAYS_PLOT,,OK,0.0,2.771,-2.771,0,0.0,0.0,
BTCUSDC_SHORT,DC_BB_D_BREAK_REVERSE_ENABLED,,OK,0.0,2.771,-2.771,0,0.0,0.0,
BTCUSDC_SHORT,DC_DAYTRADE_ACCOUNT,,OK,0.0,2.771,-2.771,0,0.0,0.0,
BTCUSDC_SHORT,DC_DAYTRADE_MAX_PER_SIDE,,OK,0.0,2.771,-2.771,0,0.0,0.0,
BTCUSDC_SHORT,DD_BOUNCE_WT_4H_ENABLED,,OK,0.0,2.771,-2.771,0,0.0,0.0,
BTCUSDC_SHORT,DELTA_LT_COOLDOWN_BARS,,OK,0.0,2.771,-2.771,0,0.0,0.0,
BTCUSDC_SHORT,DELTA_OPTIONS_COOLDOWN,,OK,0.0,2.771,-2.771,0,0.0,0.0,
BTCUSDC_SHORT,DELTA_OPTIONS_GIVEBACK_PCT,,OK,0.0,2.771,-2.771,0,0.0,0.0,
BTCUSDC_SHORT,DELTA_OPTIONS_MAX_HOLD,,OK,0.0,2.771,-2.771,0,0.0,0.0,
BTCUSDC_SHORT,DELTA_TF_WEIGHTS_STOCK,,OK,0.0,2.771,-2.771,0,0.0,0.0,
BTCUSDC_SHORT,DG_REPEAT_OPEN_PER_DAY_MAX,,OK,0.0,2.771,-2.771,0,0.0,0.0,
BTCUSDC_SHORT,EARNINGS_BLACKOUT_DAYS_AFTER,,OK,0.0,2.771,-2.771,0,0.0,0.0,
BTCUSDC_SHORT,EARNINGS_BLACKOUT_DAYS_BEFORE,,OK,0.0,2.771,-2.771,0,0.0,0.0,
BTCUSDC_SHORT,EARNINGS_FORCE_TRIM_PCT,,OK,0.0,2.771,-2.771,0,0.0,0.0,
BTCUSDC_SHORT,EARNINGS_PEAD_BOOST_ENABLED,,OK,0.0,2.771,-2.771,0,0.0,0.0,
BTCUSDC_SHORT,EARNINGS_PEAD_BOOST_MULT,,OK,0.0,2.771,-2.771,0,0.0,0.0,
BTCUSDC_SHORT,EARNINGS_PEAD_MIN_SURPRISE_PCT,,OK,0.0,2.771,-2.771,0,0.0,0.0,
BTCUSDC_SHORT,EMA_9_21_SCORE_BONUS,,OK,0.0,2.771,-2.771,0,0.0,0.0,
BTCUSDC_SHORT,ENABLE_IP_ROTATION,,OK,0.0,2.771,-2.771,0,0.0,0.0,
BTCUSDC_SHORT,EPISODIC_PIVOT_ENABLED,,OK,0.0,2.771,-2.771,0,0.0,0.0,
BTCUSDC_SHORT,EP_MAX_CONSOLIDATION_DAYS,,OK,0.0,2.771,-2.771,0,0.0,0.0,
BTCUSDC_SHORT,EP_MAX_RETRACE_PCT,,OK,0.0,2.771,-2.771,0,0.0,0.0,
BTCUSDC_SHORT,EP_MIN_GAP_PCT,,OK,0.0,2.771,-2.771,0,0.0,0.0,
BTCUSDC_SHORT,EP_MIN_VOL_MULT,,OK,0.0,2.771,-2.771,0,0.0,0.0,
BTCUSDC_SHORT,ERROR_RECOVERY_SLEEP_SECONDS,,OK,0.0,2.771,-2.771,0,0.0,0.0,
BTCUSDC_SHORT,EXIT_DEAD_CODE_ENABLED,,OK,0.0,2.771,-2.771,0,0.0,0.0,
BTCUSDC_SHORT,FAST_CUT_LOSS_MIN_AGE_MINUTES,,OK,0.0,2.771,-2.771,0,0.0,0.0,
BTCUSDC_SHORT,FH_MOMENTUM_MAX_POSITIONS,,OK,0.0,2.771,-2.771,0,0.0,0.0,
BTCUSDC_SHORT,FUNDING_EXTREME_LONG_THRESHOLD_PCT,,OK,0.0,2.771,-2.771,0,0.0,0.0,
BTCUSDC_SHORT,FUNDING_EXTREME_SHORT_THRESHOLD_PCT,,OK,0.0,2.771,-2.771,0,0.0,0.0,
BTCUSDC_SHORT,FUNDING_INJECT_LONG_OVERCROWDED_ABOVE,,OK,0.0,2.771,-2.771,0,0.0,0.0,
BTCUSDC_SHORT,FUNDING_INJECT_SHORT_OVERCROWDED_BELOW,,OK,0.0,2.771,-2.771,0,0.0,0.0,
BTCUSDC_SHORT,FUNDING_LIVE_REFRESH_HOURS,,OK,0.0,2.771,-2.771,0,0.0,0.0,
BTCUSDC_SHORT,FUNDING_OI_INJECT_ENABLED,,OK,0.0,2.771,-2.771,0,0.0,0.0,
BTCUSDC_SHORT,FUNDING_OI_INJECT_MAX_EACH,,OK,0.0,2.771,-2.771,0,0.0,0.0,
BTCUSDC_SHORT,FUNDING_OI_INJECT_OI_MIN_PCT,,OK,0.0,2.771,-2.771,0,0.0,0.0,
BTCUSDC_SHORT,FUNDING_OI_INJECT_PRICE_MIN_PCT,,OK,0.0,2.771,-2.771,0,0.0,0.0,
BTCUSDC_SHORT,GHOST_ABSENT_ALERT_THRESHOLD,,OK,0.0,2.771,-2.771,0,0.0,0.0,
BTCUSDC_SHORT,GR_HTF_REQUIRE_BEAR,,OK,0.0,2.771,-2.771,0,0.0,0.0,
BTCUSDC_SHORT,GR_HTF_REQUIRE_BULL,,OK,0.0,2.771,-2.771,0,0.0,0.0,
BTCUSDC_SHORT,GR_V5_ARM_WINDOW_BARS,,OK,0.0,2.771,-2.771,0,0.0,0.0,
BTCUSDC_SHORT,GR_V5_BOUNCE_STOCH_LONG,,OK,0.0,2.771,-2.771,0,0.0,0.0,
BTCUSDC_SHORT,GR_V5_BOUNCE_STOCH_SHORT,,OK,0.0,2.771,-2.771,0,0.0,0.0,
BTCUSDC_SHORT,GR_V5_ENABLED,,OK,0.0,2.771,-2.771,0,0.0,0.0,
BTCUSDC_SHORT,GR_V5_HTF_TFS,,OK,0.0,2.771,-2.771,0,0.0,0.0,
BTCUSDC_SHORT,GR_V5_INVALIDATE_PCT,,OK,0.0,2.771,-2.771,0,0.0,0.0,
BTCUSDC_SHORT,GR_V5_LTF_TFS,,OK,0.0,2.771,-2.771,0,0.0,0.0,
BTCUSDC_SHORT,GR_V5_RETEST_BAND_PCT,,OK,0.0,2.771,-2.771,0,0.0,0.0,
BTCUSDC_SHORT,HARD_MAX_LOSS_PCT,,OK,0.0,2.771,-2.771,0,0.0,0.0,
BTCUSDC_SHORT,HARD_MAX_SYMBOL_VALUE_TRADIER,,OK,0.0,2.771,-2.771,0,0.0,0.0,
BTCUSDC_SHORT,HEDGE_ALREADY_COVERED_THRESHOLD,,OK,0.0,2.771,-2.771,0,0.0,0.0,
BTCUSDC_SHORT,HEDGE_BALANCE_COOLDOWN_SECONDS,,OK,0.0,2.771,-2.771,0,0.0,0.0,
BTCUSDC_SHORT,HEDGE_BANDAID_OFF_FIRST_PRE_VEC_ENABLED,,OK,0.0,2.771,-2.771,0,0.0,0.0,
BTCUSDC_SHORT,HEDGE_CLOSE_MODE,,OK,0.0,2.771,-2.771,0,0.0,0.0,
BTCUSDC_SHORT,HEDGE_CLOSE_REMOVE_FROM_TRADEABLE,,OK,0.0,2.771,-2.771,0,0.0,0.0,
BTCUSDC_SHORT,HEDGE_CLOSE_WT_DC_THRESHOLD,,OK,0.0,2.771,-2.771,0,0.0,0.0,
BTCUSDC_SHORT,HEDGE_CLOSE_WT_TFS_FAVOR,,OK,0.0,2.771,-2.771,0,0.0,0.0,
BTCUSDC_SHORT,HEDGE_COMPLETED_LOCKOUT_SECONDS,,OK,0.0,2.771,-2.771,0,0.0,0.0,
BTCUSDC_SHORT,HEDGE_ENTRY_MODE,,OK,0.0,2.771,-2.771,0,0.0,0.0,
BTCUSDC_SHORT,HEDGE_EXIT_DELTA_CHECK_ENABLED,,OK,0.0,2.771,-2.771,0,0.0,0.0,
BTCUSDC_SHORT,HEDGE_EXIT_WT_TF,,OK,0.0,2.771,-2.771,0,0.0,0.0,
BTCUSDC_SHORT,HEDGE_HTF_VETO_ENABLED,,OK,0.0,2.771,-2.771,0,0.0,0.0,
BTCUSDC_SHORT,HEDGE_MAX_ABSOLUTE_USD,,OK,0.0,2.771,-2.771,0,0.0,0.0,
BTCUSDC_SHORT,HEDGE_MAX_RATIO,,OK,0.0,2.771,-2.771,0,0.0,0.0,
BTCUSDC_SHORT,HEDGE_MODE,,OK,0.0,2.771,-2.771,0,0.0,0.0,
BTCUSDC_SHORT,HEDGE_MOMENTUM_GATE,,OK,0.0,2.771,-2.771,0,0.0,0.0,
BTCUSDC_SHORT,HEDGE_OPEN_OB_CHECK_ENABLED,,OK,0.0,2.771,-2.771,0,0.0,0.0,
BTCUSDC_SHORT,HEDGE_OPEN_OB_IMB_BOUND,,OK,0.0,2.771,-2.771,0,0.0,0.0,
BTCUSDC_SHORT,HEDGE_OVERSIZE_RATIO,,OK,0.0,2.771,-2.771,0,0.0,0.0,
BTCUSDC_SHORT,HEDGE_PROTECT_LOSS_VEC_ENABLED,,OK,0.0,2.771,-2.771,0,0.0,0.0,
BTCUSDC_SHORT,HEDGE_PROTECT_QTY_PCT,,OK,0.0,2.771,-2.771,0,0.0,0.0,
BTCUSDC_SHORT,HEDGE_PROTECT_TRIGGER_GAIN_PCT,,OK,0.0,2.771,-2.771,0,0.0,0.0,
BTCUSDC_SHORT,HEDGE_SAME_SYMBOL_BYPASS_TRADEABLE,,OK,0.0,2.771,-2.771,0,0.0,0.0,
BTCUSDC_SHORT,HEDGE_SAME_SYMBOL_ENABLED,,OK,0.0,2.771,-2.771,0,0.0,0.0,
BTCUSDC_SHORT,HEDGE_SAME_SYMBOL_PCT,,OK,0.0,2.771,-2.771,0,0.0,0.0,
BTCUSDC_SHORT,HEDGE_SAME_SYMBOL_TRADIER,,OK,0.0,2.771,-2.771,0,0.0,0.0,
BTCUSDC_SHORT,HEDGE_SIZE_RATIO_TRADIER,,OK,0.0,2.771,-2.771,0,0.0,0.0,
BTCUSDC_SHORT,HEDGE_TRIGGER_LOSS_PCT,,OK,0.0,2.771,-2.771,0,0.0,0.0,
BTCUSDC_SHORT,HEDGE_TRIGGER_LOSS_PCT_ENTRY,,OK,0.0,2.771,-2.771,0,0.0,0.0,
BTCUSDC_SHORT,HEDGE_TRIGGER_LOSS_TRADIER,,OK,0.0,2.771,-2.771,0,0.0,0.0,
BTCUSDC_SHORT,HEDGE_WEBHOOK_LOCK_TTL_SEC,,OK,0.0,2.771,-2.771,0,0.0,0.0,
BTCUSDC_SHORT,HEDGE_WT_CLOSE_REQUIRE_NONNEG_GAIN,,OK,0.0,2.771,-2.771,0,0.0,0.0,
BTCUSDC_SHORT,HLR_REDUCE_FRAC,,OK,0.0,2.771,-2.771,0,0.0,0.0,
BTCUSDC_SHORT,HLR_REENTRY_MULT,,OK,0.0,2.771,-2.771,0,0.0,0.0,
BTCUSDC_SHORT,INDICATORS_FILE,,OK,0.0,2.771,-2.771,0,0.0,0.0,
BTCUSDC_SHORT,INDICATORS_SAVE_INTERVAL_SECONDS,,OK,0.0,2.771,-2.771,0,0.0,0.0,
BTCUSDC_SHORT,INDICATOR_UPDATE_INTERVAL,,OK,0.0,2.771,-2.771,0,0.0,0.0,
BTCUSDC_SHORT,INF_RANKING_BYPASS_DELTA,,OK,0.0,2.771,-2.771,0,0.0,0.0,
BTCUSDC_SHORT,INF_RANKING_BYPASS_FRESHNESS_MIN,,OK,0.0,2.771,-2.771,0,0.0,0.0,
BTCUSDC_SHORT,INF_RANKING_BYPASS_MAX_POS,,OK,0.0,2.771,-2.771,0,0.0,0.0,
BTCUSDC_SHORT,INF_RANKING_BYPASS_SCORE,,OK,0.0,2.771,-2.771,0,0.0,0.0,
BTCUSDC_SHORT,INF_RANKING_BYPASS_WT,,OK,0.0,2.771,-2.771,0,0.0,0.0,
BTCUSDC_SHORT,INF_RANKING_PRIORITY_BYPASS,,OK,0.0,2.771,-2.771,0,0.0,0.0,
BTCUSDC_SHORT,IN_GAIN_TREND_EXIT_LIVE_PARITY_ENABLED,,OK,0.0,2.771,-2.771,0,0.0,0.0,
BTCUSDC_SHORT,IN_GAIN_TREND_REDUCE_FRAC,,OK,0.0,2.771,-2.771,0,0.0,0.0,
BTCUSDC_SHORT,K_LOWER_HIGH_EXTREME,,OK,0.0,2.771,-2.771,0,0.0,0.0,
BTCUSDC_SHORT,K_LOWER_HIGH_LTF_THRESHOLD,,OK,0.0,2.771,-2.771,0,0.0,0.0,
BTCUSDC_SHORT,LADDER_AUTO_SAVE_SECONDS,,OK,0.0,2.771,-2.771,0,0.0,0.0,
BTCUSDC_SHORT,LADDER_TTL_MINUTES,,OK,0.0,2.771,-2.771,0,0.0,0.0,
BTCUSDC_SHORT,LEADERBOARD_LONG,,OK,0.0,2.771,-2.771,0,0.0,0.0,
BTCUSDC_SHORT,LEADERBOARD_SHORT,,OK,0.0,2.771,-2.771,0,0.0,0.0,
BTCUSDC_SHORT,LEGACY_AGGRESSIVE_LOSS_CUT,,OK,0.0,2.771,-2.771,0,0.0,0.0,
BTCUSDC_SHORT,LEGACY_FAST_CUT_LOSS,,OK,0.0,2.771,-2.771,0,0.0,0.0,
BTCUSDC_SHORT,LEGACY_REENTRY_GUARANTEED_2WT,,OK,0.0,2.771,-2.771,0,0.0,0.0,
BTCUSDC_SHORT,LEGACY_REENTRY_GUARANTEED_BOTTOM,,OK,0.0,2.771,-2.771,0,0.0,0.0,
BTCUSDC_SHORT,LEGACY_REENTRY_GUARANTEED_CROSS,,OK,0.0,2.771,-2.771,0,0.0,0.0,
BTCUSDC_SHORT,LOG_BACKUP_COUNT,,OK,0.0,2.771,-2.771,0,0.0,0.0,
BTCUSDC_SHORT,LOG_FILE_TRADIER_MANAGE,,OK,0.0,2.771,-2.771,0,0.0,0.0,
BTCUSDC_SHORT,LOG_FILE_TRADIER_POSITIONS,,OK,0.0,2.771,-2.771,0,0.0,0.0,
BTCUSDC_SHORT,LOG_FILE_TRADIER_PRICES,,OK,0.0,2.771,-2.771,0,0.0,0.0,
BTCUSDC_SHORT,LOG_INTERVAL_SECONDS,,OK,0.0,2.771,-2.771,0,0.0,0.0,
BTCUSDC_SHORT,LOG_MAX_BYTES,,OK,0.0,2.771,-2.771,0,0.0,0.0,
BTCUSDC_SHORT,LONG_WAIT_DIRECT_BOUNCE_DISTANCE,,OK,0.0,2.771,-2.771,0,0.0,0.0,
BTCUSDC_SHORT,LONG_WAIT_DIRECT_BOUNCE_TIMEFRAME,,OK,0.0,2.771,-2.771,0,0.0,0.0,
BTCUSDC_SHORT,LONG_WAIT_DIRECT_CONFIRMATION,,OK,0.0,2.771,-2.771,0,0.0,0.0,
BTCUSDC_SHORT,LONG_WAIT_DIRECT_DEEP_K4H,,OK,0.0,2.771,-2.771,0,0.0,0.0,
BTCUSDC_SHORT,LONG_WAIT_DIRECT_TURN_K1H,,OK,0.0,2.771,-2.771,0,0.0,0.0,
BTCUSDC_SHORT,LOSS_CUT_ENABLED,,OK,0.0,2.771,-2.771,0,0.0,0.0,
BTCUSDC_SHORT,LR_BAND_READD_LO,,OK,0.0,2.771,-2.771,0,0.0,0.0,
BTCUSDC_SHORT,LR_CHANNEL_LONG_LENGTHS,,OK,0.0,2.771,-2.771,0,0.0,0.0,
BTCUSDC_SHORT,LS_RATIO_CONTRARIAN_ENABLED,,OK,0.0,2.771,-2.771,0,0.0,0.0,
BTCUSDC_SHORT,LS_RATIO_EXTREME_THRESHOLD,,OK,0.0,2.771,-2.771,0,0.0,0.0,
BTCUSDC_SHORT,LS_RATIO_PENALTY,,OK,0.0,2.771,-2.771,0,0.0,0.0,
BTCUSDC_SHORT,LS_RATIO_REBALANCE_THRESHOLD,,OK,0.0,2.771,-2.771,0,0.0,0.0,
BTCUSDC_SHORT,LT_SCORE_WEIGHT_HTF,,OK,0.0,2.771,-2.771,0,0.0,0.0,
BTCUSDC_SHORT,LUNCH_DEADZONE_MODE,,OK,0.0,2.771,-2.771,0,0.0,0.0,
BTCUSDC_SHORT,MACRO_BLACKOUT_SIZE_MULT,,OK,0.0,2.771,-2.771,0,0.0,0.0,
BTCUSDC_SHORT,MAKER_CLOSE_COMMISSION_FLOOR_TTL_SEC,,OK,0.0,2.771,-2.771,0,0.0,0.0,
BTCUSDC_SHORT,MARKET_CLOSE_HOUR,,OK,0.0,2.771,-2.771,0,0.0,0.0,
BTCUSDC_SHORT,MARKET_CLOSE_MINUTE,,OK,0.0,2.771,-2.771,0,0.0,0.0,
BTCUSDC_SHORT,MARKET_OPEN_HOUR,,OK,0.0,2.771,-2.771,0,0.0,0.0,
BTCUSDC_SHORT,MARKET_OPEN_MINUTE,,OK,0.0,2.771,-2.771,0,0.0,0.0,
BTCUSDC_SHORT,MAX_HEDGE_BALANCE_MULTIPLIER,,OK,0.0,2.771,-2.771,0,0.0,0.0,
BTCUSDC_SHORT,MAX_HEDGE_BALANCE_VALUE_USD,,OK,0.0,2.771,-2.771,0,0.0,0.0,
BTCUSDC_SHORT,MEMORY_MONITOR_SLEEP_SECONDS,,OK,0.0,2.771,-2.771,0,0.0,0.0,
BTCUSDC_SHORT,MICRO_SCALP_STOCKS_ACCOUNTS,,OK,0.0,2.771,-2.771,0,0.0,0.0,
BTCUSDC_SHORT,MID_ZONE_SHORT_EXTRA_IND,,OK,0.0,2.771,-2.771,0,0.0,0.0,
BTCUSDC_SHORT,MINERVINI_MIN_SCORE,,OK,0.0,2.771,-2.771,0,0.0,0.0,
BTCUSDC_SHORT,MINERVINI_MIN_SEPA_SCORE,,OK,0.0,2.771,-2.771,0,0.0,0.0,
BTCUSDC_SHORT,MITIGATOR_AUGMENT_CONSECUTIVE,,OK,0.0,2.771,-2.771,0,0.0,0.0,
BTCUSDC_SHORT,MITIGATOR_AUGMENT_THRESHOLD,,OK,0.0,2.771,-2.771,0,0.0,0.0,
BTCUSDC_SHORT,MITIGATOR_COOLDOWN,,OK,0.0,2.771,-2.771,0,0.0,0.0,
BTCUSDC_SHORT,MITIGATOR_ENABLED,,OK,0.0,2.771,-2.771,0,0.0,0.0,
BTCUSDC_SHORT,MITIGATOR_REENTRY_COOLDOWN,,OK,0.0,2.771,-2.771,0,0.0,0.0,
BTCUSDC_SHORT,MITIGATOR_REENTRY_PRICE_PCT,,OK,0.0,2.771,-2.771,0,0.0,0.0,
BTCUSDC_SHORT,MITIGATOR_SCAN_INTERVAL,,OK,0.0,2.771,-2.771,0,0.0,0.0,
BTCUSDC_SHORT,MITIGATOR_TIER1_DROP,,OK,0.0,2.771,-2.771,0,0.0,0.0,
BTCUSDC_SHORT,MITIGATOR_TIER1_PEAK,,OK,0.0,2.771,-2.771,0,0.0,0.0,
BTCUSDC_SHORT,MITIGATOR_TIER1_REDUCE_PCT,,OK,0.0,2.771,-2.771,0,0.0,0.0,
BTCUSDC_SHORT,MITIGATOR_TIER2_DROP,,OK,0.0,2.771,-2.771,0,0.0,0.0,
BTCUSDC_SHORT,MITIGATOR_TIER2_REDUCE_PCT,,OK,0.0,2.771,-2.771,0,0.0,0.0,
BTCUSDC_SHORT,MITIGATOR_TIER3_DROP,,OK,0.0,2.771,-2.771,0,0.0,0.0,
BTCUSDC_SHORT,MI_TF_AGREE_MIN_TRADIER,,OK,0.0,2.771,-2.771,0,0.0,0.0,
BTCUSDC_SHORT,MOMENTUM_RIDER_ACCOUNT,,OK,0.0,2.771,-2.771,0,0.0,0.0,
BTCUSDC_SHORT,MOMENTUM_RIDER_MAX_SIZE_USD,,OK,0.0,2.771,-2.771,0,0.0,0.0,
BTCUSDC_SHORT,MOVER_LOOKBACK,,OK,0.0,2.771,-2.771,0,0.0,0.0,
BTCUSDC_SHORT,MR3S_S_GATE_ENABLED,,OK,0.0,2.771,-2.771,0,0.0,0.0,
BTCUSDC_SHORT,MR5_L_GATE_ENABLED,,OK,0.0,2.771,-2.771,0,0.0,0.0,
BTCUSDC_SHORT,MTF_ARROW_SLOPE_NORM_PCT_DAY,,OK,0.0,2.771,-2.771,0,0.0,0.0,
BTCUSDC_SHORT,MTF_ARROW_THETA,,OK,0.0,2.771,-2.771,0,0.0,0.0,
BTCUSDC_SHORT,MTF_ATR_MULTITF_DIRECT_ENABLED,,OK,0.0,2.771,-2.771,0,0.0,0.0,
BTCUSDC_SHORT,MTF_ATR_MULTITF_DIRECT_MIN_PROFIT_PCT,,OK,0.0,2.771,-2.771,0,0.0,0.0,
BTCUSDC_SHORT,MTF_ATR_MULTITF_DIRECT_MULT,,OK,0.0,2.771,-2.771,0,0.0,0.0,
BTCUSDC_SHORT,MTF_ATR_MULTITF_DIRECT_TIMEFRAMES,,OK,0.0,2.771,-2.771,0,0.0,0.0,
BTCUSDC_SHORT,MULT_FILE,,OK,0.0,2.771,-2.771,0,0.0,0.0,
BTCUSDC_SHORT,NEWS_POLL_INTERVAL_CRYPTO,,OK,0.0,2.771,-2.771,0,0.0,0.0,
BTCUSDC_SHORT,NEWS_POLL_INTERVAL_SOCIAL,,OK,0.0,2.771,-2.771,0,0.0,0.0,
BTCUSDC_SHORT,NEWS_SENTIMENT_DECAY_HOURS,,OK,0.0,2.771,-2.771,0,0.0,0.0,
BTCUSDC_SHORT,NEWS_SENTIMENT_MIN_ARTICLES,,OK,0.0,2.771,-2.771,0,0.0,0.0,
BTCUSDC_SHORT,NEWS_SENTIMENT_WEIGHT,,OK,0.0,2.771,-2.771,0,0.0,0.0,
BTCUSDC_SHORT,OBLIGATORY_HEDGE_OR_CLOSE_LOOP_ENABLED,,OK,0.0,2.771,-2.771,0,0.0,0.0,
BTCUSDC_SHORT,OBLIGATORY_HEDGE_OR_CLOSE_LOOP_INTERVAL_SECONDS,,OK,0.0,2.771,-2.771,0,0.0,0.0,
BTCUSDC_SHORT,OBLIGATORY_HEDGE_WT_TFS,,OK,0.0,2.771,-2.771,0,0.0,0.0,
BTCUSDC_SHORT,OI_DIVERGENCE_ENABLED,,OK,0.0,2.771,-2.771,0,0.0,0.0,
BTCUSDC_SHORT,OI_DIVERGENCE_PENALTY,,OK,0.0,2.771,-2.771,0,0.0,0.0,
BTCUSDC_SHORT,OI_LIVE_REFRESH_HOURS,,OK,0.0,2.771,-2.771,0,0.0,0.0,
BTCUSDC_SHORT,OPENING_BUFFER_NO_CLOSE_MINUTES,,OK,0.0,2.771,-2.771,0,0.0,0.0,
BTCUSDC_SHORT,OPTIMAL_HOLD_BARS_15M,,OK,0.0,2.771,-2.771,0,0.0,0.0,
BTCUSDC_SHORT,OPTIONS_ALERT_ABS_LOSS_PP,,OK,0.0,2.771,-2.771,0,0.0,0.0,
BTCUSDC_SHORT,OPTIONS_ALERT_DROP_PP,,OK,0.0,2.771,-2.771,0,0.0,0.0,
BTCUSDC_SHORT,OPTIONS_AUGMENT_INTO_LOSS_THRESHOLD,,OK,0.0,2.771,-2.771,0,0.0,0.0,
BTCUSDC_SHORT,OPTIONS_BASE_CAP,,OK,0.0,2.771,-2.771,0,0.0,0.0,
BTCUSDC_SHORT,OPTIONS_BUY_MAX_OTM_PCT,,OK,0.0,2.771,-2.771,0,0.0,0.0,
BTCUSDC_SHORT,OPTIONS_BUY_MIN_ABS_DELTA,,OK,0.0,2.771,-2.771,0,0.0,0.0,
BTCUSDC_SHORT,OPTIONS_BUY_MIN_DTE,,OK,0.0,2.771,-2.771,0,0.0,0.0,
BTCUSDC_SHORT,OPTIONS_BUY_MIN_WT_DC_SCORE,,OK,0.0,2.771,-2.771,0,0.0,0.0,
BTCUSDC_SHORT,OPTIONS_BUY_PREFERRED_DTE,,OK,0.0,2.771,-2.771,0,0.0,0.0,
BTCUSDC_SHORT,OPTIONS_CSP_DTE_MAX,,OK,0.0,2.771,-2.771,0,0.0,0.0,
BTCUSDC_SHORT,OPTIONS_CSP_DTE_MIN,,OK,0.0,2.771,-2.771,0,0.0,0.0,
BTCUSDC_SHORT,OPTIONS_CSP_EDGE_MARGIN,,OK,0.0,2.771,-2.771,0,0.0,0.0,
BTCUSDC_SHORT,OPTIONS_CSP_ENABLED,,OK,0.0,2.771,-2.771,0,0.0,0.0,
BTCUSDC_SHORT,OPTIONS_CSP_MAX_CAPITAL_PCT,,OK,0.0,2.771,-2.771,0,0.0,0.0,
BTCUSDC_SHORT,OPTIONS_CSP_MAX_DELTA,,OK,0.0,2.771,-2.771,0,0.0,0.0,
BTCUSDC_SHORT,OPTIONS_CSP_MAX_HOLD_DAYS,,OK,0.0,2.771,-2.771,0,0.0,0.0,
BTCUSDC_SHORT,OPTIONS_CSP_MAX_POS_PCT_OF_ACCOUNT,,OK,0.0,2.771,-2.771,0,0.0,0.0,
BTCUSDC_SHORT,OPTIONS_CSP_MIN_DELTA,,OK,0.0,2.771,-2.771,0,0.0,0.0,
BTCUSDC_SHORT,OPTIONS_CSP_MIN_EXTRINSIC_PCT,,OK,0.0,2.771,-2.771,0,0.0,0.0,
BTCUSDC_SHORT,OPTIONS_CSP_MIN_IV_RANK,,OK,0.0,2.771,-2.771,0,0.0,0.0,
BTCUSDC_SHORT,OPTIONS_CSP_MONITOR_CALL_BREACH_PCT,,OK,0.0,2.771,-2.771,0,0.0,0.0,
BTCUSDC_SHORT,OPTIONS_CSP_MONITOR_CALL_GAP_FROM_ENTRY_PCT,,OK,0.0,2.771,-2.771,0,0.0,0.0,
BTCUSDC_SHORT,OPTIONS_CSP_MONITOR_CORRELATED_BREACH_N,,OK,0.0,2.771,-2.771,0,0.0,0.0,
BTCUSDC_SHORT,OPTIONS_CSP_MONITOR_GAP_FROM_ENTRY_PCT,,OK,0.0,2.771,-2.771,0,0.0,0.0,
BTCUSDC_SHORT,OPTIONS_CSP_MONITOR_LOSS_TRIGGER_PCT,,OK,0.0,2.771,-2.771,0,0.0,0.0,
BTCUSDC_SHORT,OPTIONS_CSP_MONITOR_MAX_LOSS_PCT,,OK,0.0,2.771,-2.771,0,0.0,0.0,
BTCUSDC_SHORT,OPTIONS_CSP_MONITOR_POLL_SEC,,OK,0.0,2.771,-2.771,0,0.0,0.0,
BTCUSDC_SHORT,OPTIONS_CSP_MONITOR_STRIKE_BREACH_PCT,,OK,0.0,2.771,-2.771,0,0.0,0.0,
BTCUSDC_SHORT,OPTIONS_CSP_NAKED_CALL_ENABLED,,OK,0.0,2.771,-2.771,0,0.0,0.0,
BTCUSDC_SHORT,OPTIONS_CSP_PROFIT_TARGET_PCT,,OK,0.0,2.771,-2.771,0,0.0,0.0,
BTCUSDC_SHORT,OPTIONS_EQUITY_HEDGE_COOLDOWN_MIN,,OK,0.0,2.771,-2.771,0,0.0,0.0,
BTCUSDC_SHORT,OPTIONS_EQUITY_HEDGE_ENABLED,,OK,0.0,2.771,-2.771,0,0.0,0.0,
BTCUSDC_SHORT,OPTIONS_EQUITY_HEDGE_MAX_NOTIONAL_USD,,OK,0.0,2.771,-2.771,0,0.0,0.0,
BTCUSDC_SHORT,OPTIONS_EQUITY_HEDGE_MAX_PCT_OF_OPT_COST,,OK,0.0,2.771,-2.771,0,0.0,0.0,
BTCUSDC_SHORT,OPTIONS_EQUITY_HEDGE_TRIGGER_PCT,,OK,0.0,2.771,-2.771,0,0.0,0.0,
BTCUSDC_SHORT,OPTIONS_FULL_DIV_CAP,,OK,0.0,2.771,-2.771,0,0.0,0.0,
BTCUSDC_SHORT,OPTIONS_HEDGED_CAP,,OK,0.0,2.771,-2.771,0,0.0,0.0,
BTCUSDC_SHORT,OPTIONS_HEDGE_BOTTOM_MIN_SIGNALS,,OK,0.0,2.771,-2.771,0,0.0,0.0,
BTCUSDC_SHORT,OPTIONS_HEDGE_DC_REL_TOL_PCT,,OK,0.0,2.771,-2.771,0,0.0,0.0,
BTCUSDC_SHORT,OPTIONS_HEDGE_K_OVERSOLD_PCT,,OK,0.0,2.771,-2.771,0,0.0,0.0,
BTCUSDC_SHORT,OPTIONS_HEDGE_LADDER_ENABLED,,OK,0.0,2.771,-2.771,0,0.0,0.0,
BTCUSDC_SHORT,OPTIONS_HEDGE_PUT_DELTA_MAX,,OK,0.0,2.771,-2.771,0,0.0,0.0,
BTCUSDC_SHORT,OPTIONS_HEDGE_PUT_DELTA_MIN,,OK,0.0,2.771,-2.771,0,0.0,0.0,
BTCUSDC_SHORT,OPTIONS_HEDGE_PUT_DTE_MAX,,OK,0.0,2.771,-2.771,0,0.0,0.0,
BTCUSDC_SHORT,OPTIONS_HEDGE_PUT_DTE_MIN,,OK,0.0,2.771,-2.771,0,0.0,0.0,
BTCUSDC_SHORT,OPTIONS_HEDGE_PUT_MAX_IV_RANK,,OK,0.0,2.771,-2.771,0,0.0,0.0,
BTCUSDC_SHORT,OPTIONS_HEDGE_PUT_MAX_SPREAD_PCT,,OK,0.0,2.771,-2.771,0,0.0,0.0,
BTCUSDC_SHORT,OPTIONS_HEDGE_RATIO_MIN,,OK,0.0,2.771,-2.771,0,0.0,0.0,
BTCUSDC_SHORT,OPTIONS_LEVEL_BREAK_BUFFER,,OK,0.0,2.771,-2.771,0,0.0,0.0,
BTCUSDC_SHORT,OPTIONS_LEVEL_BREAK_MIN_DTE,,OK,0.0,2.771,-2.771,0,0.0,0.0,
BTCUSDC_SHORT,OPTIONS_LIVE_TRADING_ENABLED,,OK,0.0,2.771,-2.771,0,0.0,0.0,
BTCUSDC_SHORT,OPTIONS_MARKET_RATIO_MAX,,OK,0.0,2.771,-2.771,0,0.0,0.0,
BTCUSDC_SHORT,OPTIONS_MARKET_RATIO_MIN,,OK,0.0,2.771,-2.771,0,0.0,0.0,
BTCUSDC_SHORT,OPTIONS_MAX_CONTRACTS_PER_ORDER,,OK,0.0,2.771,-2.771,0,0.0,0.0,
BTCUSDC_SHORT,OPTIONS_MAX_LOSS_GUARD_ENABLED,,OK,0.0,2.771,-2.771,0,0.0,0.0,
BTCUSDC_SHORT,OPTIONS_MAX_LOSS_PCT_DTE_14,,OK,0.0,2.771,-2.771,0,0.0,0.0,
BTCUSDC_SHORT,OPTIONS_MAX_LOSS_PCT_DTE_30,,OK,0.0,2.771,-2.771,0,0.0,0.0,
BTCUSDC_SHORT,OPTIONS_MAX_LOSS_PCT_DTE_LOW,,OK,0.0,2.771,-2.771,0,0.0,0.0,
BTCUSDC_SHORT,OPTIONS_MAX_ORDER_BUDGET,,OK,0.0,2.771,-2.771,0,0.0,0.0,
BTCUSDC_SHORT,OPTIONS_MAX_PER_GROUP,,OK,0.0,2.771,-2.771,0,0.0,0.0,
BTCUSDC_SHORT,OPTIONS_MAX_PER_SECTOR,,OK,0.0,2.771,-2.771,0,0.0,0.0,
BTCUSDC_SHORT,OPTIONS_MAX_PER_SYMBOL,,OK,0.0,2.771,-2.771,0,0.0,0.0,
BTCUSDC_SHORT,OPTIONS_MAX_SINGLE_CONTRACT_PRICE,,OK,0.0,2.771,-2.771,0,0.0,0.0,
BTCUSDC_SHORT,OPTIONS_MIN_GROUPS,,OK,0.0,2.771,-2.771,0,0.0,0.0,
BTCUSDC_SHORT,OPTIONS_MIN_SECTORS,,OK,0.0,2.771,-2.771,0,0.0,0.0,
BTCUSDC_SHORT,OPTIONS_SPREAD_DTE_MAX,,OK,0.0,2.771,-2.771,0,0.0,0.0,
BTCUSDC_SHORT,OPTIONS_SPREAD_DTE_MIN,,OK,0.0,2.771,-2.771,0,0.0,0.0,
BTCUSDC_SHORT,OPTIONS_SPREAD_IV_RANK_MIN,,OK,0.0,2.771,-2.771,0,0.0,0.0,
BTCUSDC_SHORT,OPTIONS_SPREAD_MAX_CONCURRENT,,OK,0.0,2.771,-2.771,0,0.0,0.0,
BTCUSDC_SHORT,OPTIONS_SPREAD_MAX_HOLD_DAYS,,OK,0.0,2.771,-2.771,0,0.0,0.0,
BTCUSDC_SHORT,OPTIONS_SPREAD_PROFIT_TARGET_PCT,,OK,0.0,2.771,-2.771,0,0.0,0.0,
BTCUSDC_SHORT,OPTIONS_SPREAD_SHORT_DELTA,,OK,0.0,2.771,-2.771,0,0.0,0.0,
BTCUSDC_SHORT,OPTIONS_SPREAD_UNIVERSE,,OK,0.0,2.771,-2.771,0,0.0,0.0,
BTCUSDC_SHORT,OPTIONS_SPREAD_WIDTH,,OK,0.0,2.771,-2.771,0,0.0,0.0,
BTCUSDC_SHORT,OPTIONS_STOCK_CSP_ENABLED,,OK,0.0,2.771,-2.771,0,0.0,0.0,
BTCUSDC_SHORT,OPTIONS_STOCK_CSP_IV_RANK_MIN,,OK,0.0,2.771,-2.771,0,0.0,0.0,
BTCUSDC_SHORT,OPTIONS_STOCK_CSP_MAX_CONCURRENT,,OK,0.0,2.771,-2.771,0,0.0,0.0,
BTCUSDC_SHORT,OPTIONS_STOCK_CSP_MIN_CASH,,OK,0.0,2.771,-2.771,0,0.0,0.0,
BTCUSDC_SHORT,OPTIONS_USER_CANCEL_COOLDOWN_HOURS,,OK,0.0,2.771,-2.771,0,0.0,0.0,
BTCUSDC_SHORT,OPTIONS_WT_ACCEL_GROWTH_PCT,,OK,0.0,2.771,-2.771,0,0.0,0.0,
BTCUSDC_SHORT,OPTIONS_WT_ACCEL_MIN_ABS,,OK,0.0,2.771,-2.771,0,0.0,0.0,
BTCUSDC_SHORT,OPTIONS_WT_SLOWDOWN_PCT,,OK,0.0,2.771,-2.771,0,0.0,0.0,
BTCUSDC_SHORT,ORB_ENABLED,,OK,0.0,2.771,-2.771,0,0.0,0.0,
BTCUSDC_SHORT,ORB_MAX_PER_DAY,,OK,0.0,2.771,-2.771,0,0.0,0.0,
BTCUSDC_SHORT,ORB_RVOL_MIN,,OK,0.0,2.771,-2.771,0,0.0,0.0,
BTCUSDC_SHORT,ORB_TARGET_MULT,,OK,0.0,2.771,-2.771,0,0.0,0.0,
BTCUSDC_SHORT,ORB_WINDOW_MINUTES,,OK,0.0,2.771,-2.771,0,0.0,0.0,
BTCUSDC_SHORT,PERSIST_FIN,,OK,0.0,2.771,-2.771,0,0.0,0.0,
BTCUSDC_SHORT,PERSIST_FLZ,,OK,0.0,2.771,-2.771,0,0.0,0.0,
BTCUSDC_SHORT,PERSIST_INF,,OK,0.0,2.771,-2.771,0,0.0,0.0,
BTCUSDC_SHORT,PERSIST_MEN,,OK,0.0,2.771,-2.771,0,0.0,0.0,
BTCUSDC_SHORT,PER_SYMBOL_CONFIG_ENABLED,,OK,0.0,2.771,-2.771,0,0.0,0.0,
BTCUSDC_SHORT,PLOT_LOOP_INTERVAL_SECONDS,,OK,0.0,2.771,-2.771,0,0.0,0.0,
BTCUSDC_SHORT,PNL_DECAY_COMPLETE_DAYS,,OK,0.0,2.771,-2.771,0,0.0,0.0,
BTCUSDC_SHORT,PNL_DECAY_FINAL_PERCENTAGE,,OK,0.0,2.771,-2.771,0,0.0,0.0,
BTCUSDC_SHORT,PNL_DECAY_START_HOURS,,OK,0.0,2.771,-2.771,0,0.0,0.0,
BTCUSDC_SHORT,POSITIONS_SERVICE_HEALTH_TIMEOUT,,OK,0.0,2.771,-2.771,0,0.0,0.0,
BTCUSDC_SHORT,POSITION_CACHE_TTL,,OK,0.0,2.771,-2.771,0,0.0,0.0,
BTCUSDC_SHORT,POSITION_REDIS_REFRESH_INTERVAL,,OK,0.0,2.771,-2.771,0,0.0,0.0,
BTCUSDC_SHORT,POSITION_REFRESH_INTERVAL,,OK,0.0,2.771,-2.771,0,0.0,0.0,
BTCUSDC_SHORT,POSITION_REFRESH_MIN_INTERVAL,,OK,0.0,2.771,-2.771,0,0.0,0.0,
BTCUSDC_SHORT,POSITION_SAVE_INTERVAL,,OK,0.0,2.771,-2.771,0,0.0,0.0,
BTCUSDC_SHORT,PRICE_REFRESH_INTERVAL,,OK,0.0,2.771,-2.771,0,0.0,0.0,
BTCUSDC_SHORT,PRICE_UPDATE_INTERVAL,,OK,0.0,2.771,-2.771,0,0.0,0.0,
BTCUSDC_SHORT,PROGRESSIVE_LOCK_ENABLED,,OK,0.0,2.771,-2.771,0,0.0,0.0,
BTCUSDC_SHORT,PROGRESSIVE_LOCK_FRACTION,,OK,0.0,2.771,-2.771,0,0.0,0.0,
BTCUSDC_SHORT,QUICK_BANDAID_OFF_VEC_ENABLED,,OK,0.0,2.771,-2.771,0,0.0,0.0,
BTCUSDC_SHORT,QUICK_CYCLE_TP_STOCH_AGAINST_VEC_ENABLED,,OK,0.0,2.771,-2.771,0,0.0,0.0,
BTCUSDC_SHORT,QUICK_SENTIMENT_CUT_GAIN_VEC_ENABLED,,OK,0.0,2.771,-2.771,0,0.0,0.0,
BTCUSDC_SHORT,R1_TF,,OK,0.0,2.771,-2.771,0,0.0,0.0,
BTCUSDC_SHORT,R2_TF_LIST,,OK,0.0,2.771,-2.771,0,0.0,0.0,
BTCUSDC_SHORT,R3_HEDGE_INVARIANT_DUMP_ENABLED,,OK,0.0,2.771,-2.771,0,0.0,0.0,
BTCUSDC_SHORT,R3_HTF_FLIP_NEWBORN_WINDOW_MIN,,OK,0.0,2.771,-2.771,0,0.0,0.0,
BTCUSDC_SHORT,RANKING_LOOP_SLEEP_SECONDS,,OK,0.0,2.771,-2.771,0,0.0,0.0,
BTCUSDC_SHORT,RANKING_RESULTS_FILE,,OK,0.0,2.771,-2.771,0,0.0,0.0,
BTCUSDC_SHORT,RANKING_UPDATE_INTERVAL,,OK,0.0,2.771,-2.771,0,0.0,0.0,
BTCUSDC_SHORT,RATIO_CLOSE_LOSING_COOLDOWN_SECONDS,,OK,0.0,2.771,-2.771,0,0.0,0.0,
BTCUSDC_SHORT,RATIO_CLOSE_LOSING_MAX_PER_CYCLE,,OK,0.0,2.771,-2.771,0,0.0,0.0,
BTCUSDC_SHORT,RATIO_CLOSE_LOSING_MIN_LOSS_PCT,,OK,0.0,2.771,-2.771,0,0.0,0.0,
BTCUSDC_SHORT,RATIO_CLOSE_LOSING_MIN_PNL_DELTA_PCT,,OK,0.0,2.771,-2.771,0,0.0,0.0,
BTCUSDC_SHORT,RATIO_CLOSE_LOSING_MIN_SKEW_PP,,OK,0.0,2.771,-2.771,0,0.0,0.0,
BTCUSDC_SHORT,RATIO_EMERGENCY_EXIT_COOLDOWN,,OK,0.0,2.771,-2.771,0,0.0,0.0,
BTCUSDC_SHORT,RATIO_EMERGENCY_EXIT_ENABLED,,OK,0.0,2.771,-2.771,0,0.0,0.0,
BTCUSDC_SHORT,RATIO_EMERGENCY_EXIT_MAX_LOSS_PCT,,OK,0.0,2.771,-2.771,0,0.0,0.0,
BTCUSDC_SHORT,RATIO_EMERGENCY_EXIT_MAX_PER_CYCLE,,OK,0.0,2.771,-2.771,0,0.0,0.0,
BTCUSDC_SHORT,RATIO_EMERGENCY_EXIT_THRESHOLD,,OK,0.0,2.771,-2.771,0,0.0,0.0,
BTCUSDC_SHORT,RATIO_PNL_ACCELERATION,,OK,0.0,2.771,-2.771,0,0.0,0.0,
BTCUSDC_SHORT,RATIO_PNL_TARGET_LONG_MAX,,OK,0.0,2.771,-2.771,0,0.0,0.0,
BTCUSDC_SHORT,RATIO_PNL_TARGET_LONG_MIN,,OK,0.0,2.771,-2.771,0,0.0,0.0,
BTCUSDC_SHORT,RATIO_PNL_WEIGHT,,OK,0.0,2.771,-2.771,0,0.0,0.0,
BTCUSDC_SHORT,RATIO_REBALANCE_COOLDOWN_CRASH,,OK,0.0,2.771,-2.771,0,0.0,0.0,
BTCUSDC_SHORT,RATIO_REBALANCE_COOLDOWN_EXTREME,,OK,0.0,2.771,-2.771,0,0.0,0.0,
BTCUSDC_SHORT,RATIO_REBALANCE_COOLDOWN_NORMAL,,OK,0.0,2.771,-2.771,0,0.0,0.0,
BTCUSDC_SHORT,RATIO_REBALANCE_COOLDOWN_PNL_DIVERGENT,,OK,0.0,2.771,-2.771,0,0.0,0.0,
BTCUSDC_SHORT,RATIO_REBALANCE_MAX_CLOSES,,OK,0.0,2.771,-2.771,0,0.0,0.0,
BTCUSDC_SHORT,RATIO_REBALANCE_MAX_OPENS_EXTREME,,OK,0.0,2.771,-2.771,0,0.0,0.0,
BTCUSDC_SHORT,RATIO_REBALANCE_MAX_OPENS_NORMAL,,OK,0.0,2.771,-2.771,0,0.0,0.0,
BTCUSDC_SHORT,RATIO_REBALANCE_MAX_OPENS_STUCK,,OK,0.0,2.771,-2.771,0,0.0,0.0,
BTCUSDC_SHORT,RATIO_REBALANCE_SIZE_MAX_MULT,,OK,0.0,2.771,-2.771,0,0.0,0.0,
BTCUSDC_SHORT,RATIO_REBALANCE_SIZE_MULT,,OK,0.0,2.771,-2.771,0,0.0,0.0,
BTCUSDC_SHORT,RATIO_REBALANCE_SIZE_SKEW_BOOST,,OK,0.0,2.771,-2.771,0,0.0,0.0,
BTCUSDC_SHORT,RATIO_TRIM_GAIN_FLOOR,,OK,0.0,2.771,-2.771,0,0.0,0.0,
BTCUSDC_SHORT,RATIO_TRIM_MIN_AGE_S,,OK,0.0,2.771,-2.771,0,0.0,0.0,
BTCUSDC_SHORT,RATIO_TRIM_MIN_INTERVAL_S,,OK,0.0,2.771,-2.771,0,0.0,0.0,
BTCUSDC_SHORT,REACTIVE_MODE,,OK,0.0,2.771,-2.771,0,0.0,0.0,
BTCUSDC_SHORT,REBAL_ATTEMPT_COOLDOWN_SEC,,OK,0.0,2.771,-2.771,0,0.0,0.0,
BTCUSDC_SHORT,REDIS_CHANNEL_MARKET_DATA,,OK,0.0,2.771,-2.771,0,0.0,0.0,
BTCUSDC_SHORT,REDIS_CHANNEL_POSITIONS,,OK,0.0,2.771,-2.771,0,0.0,0.0,
BTCUSDC_SHORT,REDIS_CHANNEL_PRICES,,OK,0.0,2.771,-2.771,0,0.0,0.0,
BTCUSDC_SHORT,REDIS_CHANNEL_SIGNALS,,OK,0.0,2.771,-2.771,0,0.0,0.0,
BTCUSDC_SHORT,REDIS_EXPIRY_SECONDS,,OK,0.0,2.771,-2.771,0,0.0,0.0,
BTCUSDC_SHORT,REDUCE_HUGE_LOSS_THRESHOLD,,OK,0.0,2.771,-2.771,0,0.0,0.0,
BTCUSDC_SHORT,REENTER_ORPHAN_THRESHOLD,,OK,0.0,2.771,-2.771,0,0.0,0.0,
BTCUSDC_SHORT,REENTER_SAVE_DEBOUNCE_SECONDS,,OK,0.0,2.771,-2.771,0,0.0,0.0,
BTCUSDC_SHORT,RIDICULOUS_HOLD_VEC_ENABLED,,OK,0.0,2.771,-2.771,0,0.0,0.0,
BTCUSDC_SHORT,RISK_FREE_RATE,,OK,0.0,2.771,-2.771,0,0.0,0.0,
BTCUSDC_SHORT,ROTATION_BOTTOM_N,,OK,0.0,2.771,-2.771,0,0.0,0.0,
BTCUSDC_SHORT,ROTATION_HOLD_DAYS,,OK,0.0,2.771,-2.771,0,0.0,0.0,
BTCUSDC_SHORT,ROTATION_TOP_N,,OK,0.0,2.771,-2.771,0,0.0,0.0,
BTCUSDC_SHORT,RULE_B_W_TREND_4H_PULLBACK_ENABLED,,OK,0.0,2.771,-2.771,0,0.0,0.0,
BTCUSDC_SHORT,RULE_C_FUNDING_EXTREME_ENABLED,,OK,0.0,2.771,-2.771,0,0.0,0.0,
BTCUSDC_SHORT,RVOL_SCALP_MIN,,OK,0.0,2.771,-2.771,0,0.0,0.0,
BTCUSDC_SHORT,RVOL_SCORE_BOOST_PCT,,OK,0.0,2.771,-2.771,0,0.0,0.0,
BTCUSDC_SHORT,RVOL_SCORE_BOOST_THRESHOLD,,OK,0.0,2.771,-2.771,0,0.0,0.0,
BTCUSDC_SHORT,RZ_BASELINE_TOL,,OK,0.0,2.771,-2.771,0,0.0,0.0,
BTCUSDC_SHORT,RZ_DIV_BLOCK_MIN,,OK,0.0,2.771,-2.771,0,0.0,0.0,
BTCUSDC_SHORT,RZ_LTF_MICRO,,OK,0.0,2.771,-2.771,0,0.0,0.0,
BTCUSDC_SHORT,SANDBOX_MODE,,OK,0.0,2.771,-2.771,0,0.0,0.0,
BTCUSDC_SHORT,SATOSHIT_HTF_MFI_D_MIN,,OK,0.0,2.771,-2.771,0,0.0,0.0,
BTCUSDC_SHORT,SATOSHIT_LONG_MFI_MAX,,OK,0.0,2.771,-2.771,0,0.0,0.0,
BTCUSDC_SHORT,SATOSHIT_LONG_RSI_MAX,,OK,0.0,2.771,-2.771,0,0.0,0.0,
BTCUSDC_SHORT,SATOSHIT_LONG_STOCH_K_MAX,,OK,0.0,2.771,-2.771,0,0.0,0.0,
BTCUSDC_SHORT,SATOSHIT_QTY_MULT,,OK,0.0,2.771,-2.771,0,0.0,0.0,
BTCUSDC_SHORT,SATOSHIT_SCORE_BONUS,,OK,0.0,2.771,-2.771,0,0.0,0.0,
BTCUSDC_SHORT,SATOSHIT_SHORT_MFI_MIN,,OK,0.0,2.771,-2.771,0,0.0,0.0,
BTCUSDC_SHORT,SATOSHIT_SHORT_RSI_MIN,,OK,0.0,2.771,-2.771,0,0.0,0.0,
BTCUSDC_SHORT,SATOSHIT_SHORT_STOCH_K_MIN,,OK,0.0,2.771,-2.771,0,0.0,0.0,
BTCUSDC_SHORT,SBA_ADX_MAX_TRADIER,,OK,0.0,2.771,-2.771,0,0.0,0.0,
BTCUSDC_SHORT,SBA_ADX_TF,,OK,0.0,2.771,-2.771,0,0.0,0.0,
BTCUSDC_SHORT,SBA_COOLDOWN_S_TRADIER,,OK,0.0,2.771,-2.771,0,0.0,0.0,
BTCUSDC_SHORT,SBA_ENABLED_TRADIER,,OK,0.0,2.771,-2.771,0,0.0,0.0,
BTCUSDC_SHORT,SBA_MAX_ADDS_TRADIER,,OK,0.0,2.771,-2.771,0,0.0,0.0,
BTCUSDC_SHORT,SBA_MAX_LOSS_PCT_TRADIER,,OK,0.0,2.771,-2.771,0,0.0,0.0,
BTCUSDC_SHORT,SBA_MIN_LOSS_PCT_TRADIER,,OK,0.0,2.771,-2.771,0,0.0,0.0,
BTCUSDC_SHORT,SBA_SIZE_FRACTION_TRADIER,,OK,0.0,2.771,-2.771,0,0.0,0.0,
BTCUSDC_SHORT,SCALP_MODE,,OK,0.0,2.771,-2.771,0,0.0,0.0,
BTCUSDC_SHORT,SCALP_TOP_MOVERS_N,,OK,0.0,2.771,-2.771,0,0.0,0.0,
BTCUSDC_SHORT,SCALP_V2_DC_HTF_LIST,,OK,0.0,2.771,-2.771,0,0.0,0.0,
BTCUSDC_SHORT,SCALP_V2_ENTRY_MODE,,OK,0.0,2.771,-2.771,0,0.0,0.0,
BTCUSDC_SHORT,SCALP_V2_LH_LL_TF,,OK,0.0,2.771,-2.771,0,0.0,0.0,
BTCUSDC_SHORT,SCALP_V2_MAX_HOLD_MINUTES,,OK,0.0,2.771,-2.771,0,0.0,0.0,
BTCUSDC_SHORT,SCALP_V2_REDZONE_K_THRESHOLD,,OK,0.0,2.771,-2.771,0,0.0,0.0,
BTCUSDC_SHORT,SCALP_V2_REENTRY_COOLDOWN_S,,OK,0.0,2.771,-2.771,0,0.0,0.0,
BTCUSDC_SHORT,SCALP_V2_VARIANT,,OK,0.0,2.771,-2.771,0,0.0,0.0,
BTCUSDC_SHORT,SCALP_V3_ATR_PCTL_GATE_ENABLED,,OK,0.0,2.771,-2.771,0,0.0,0.0,
BTCUSDC_SHORT,SCALP_V3_ATR_PCTL_MIN,,OK,0.0,2.771,-2.771,0,0.0,0.0,
BTCUSDC_SHORT,SCALP_V3_ATR_SL_MULT,,OK,0.0,2.771,-2.771,0,0.0,0.0,
BTCUSDC_SHORT,SCALP_V3_ATR_TP_MULT,,OK,0.0,2.771,-2.771,0,0.0,0.0,
BTCUSDC_SHORT,SCALP_V3_BB_SQUEEZE_MAX_PCT,,OK,0.0,2.771,-2.771,0,0.0,0.0,
BTCUSDC_SHORT,SCALP_V3_BOOST_ENABLED,,OK,0.0,2.771,-2.771,0,0.0,0.0,
BTCUSDC_SHORT,SCALP_V3_ENTRY_BAR_1M_REQUIRE,,OK,0.0,2.771,-2.771,0,0.0,0.0,
BTCUSDC_SHORT,SCALP_V3_ENTRY_BAR_3M_REQUIRE,,OK,0.0,2.771,-2.771,0,0.0,0.0,
BTCUSDC_SHORT,SCALP_V3_ENTRY_K_15M_MAX,,OK,0.0,2.771,-2.771,0,0.0,0.0,
BTCUSDC_SHORT,SCALP_V3_ENTRY_K_1H_MAX,,OK,0.0,2.771,-2.771,0,0.0,0.0,
BTCUSDC_SHORT,SCALP_V3_ENTRY_K_1M_MAX,,OK,0.0,2.771,-2.771,0,0.0,0.0,
BTCUSDC_SHORT,SCALP_V3_ENTRY_K_3M_MAX,,OK,0.0,2.771,-2.771,0,0.0,0.0,
BTCUSDC_SHORT,SCALP_V3_ENTRY_K_4H_MAX,,OK,0.0,2.771,-2.771,0,0.0,0.0,
BTCUSDC_SHORT,SCALP_V3_ENTRY_REQUIRE_K_TURNUP,,OK,0.0,2.771,-2.771,0,0.0,0.0,
BTCUSDC_SHORT,SCALP_V3_ENTRY_TF_MODE,,OK,0.0,2.771,-2.771,0,0.0,0.0,
BTCUSDC_SHORT,SCALP_V3_ENTRY_VOL_SPIKE_MULT,,OK,0.0,2.771,-2.771,0,0.0,0.0,
BTCUSDC_SHORT,SCALP_V3_EXIT_15M_BAR,,OK,0.0,2.771,-2.771,0,0.0,0.0,
BTCUSDC_SHORT,SCALP_V3_EXIT_15M_K_MIN,,OK,0.0,2.771,-2.771,0,0.0,0.0,
BTCUSDC_SHORT,SCALP_V3_EXIT_1M_BAR,,OK,0.0,2.771,-2.771,0,0.0,0.0,
BTCUSDC_SHORT,SCALP_V3_EXIT_1M_K_MIN,,OK,0.0,2.771,-2.771,0,0.0,0.0,
BTCUSDC_SHORT,SCALP_V3_EXIT_3M_BAR,,OK,0.0,2.771,-2.771,0,0.0,0.0,
BTCUSDC_SHORT,SCALP_V3_EXIT_3M_K_MIN,,OK,0.0,2.771,-2.771,0,0.0,0.0,
BTCUSDC_SHORT,SCALP_V3_EXIT_TF_MODE,,OK,0.0,2.771,-2.771,0,0.0,0.0,
BTCUSDC_SHORT,SCALP_V3_FAST_PPL_ENABLED,,OK,0.0,2.771,-2.771,0,0.0,0.0,
BTCUSDC_SHORT,SCALP_V3_HTF_SMA200_ENABLED,,OK,0.0,2.771,-2.771,0,0.0,0.0,
BTCUSDC_SHORT,SCALP_V3_MIN_TP_FOR_EARLY_EXIT,,OK,0.0,2.771,-2.771,0,0.0,0.0,
BTCUSDC_SHORT,SCALP_V3_OB_MIN_LONG_SCORE,,OK,0.0,2.771,-2.771,0,0.0,0.0,
BTCUSDC_SHORT,SCALP_V3_OB_MIN_SHORT_SCORE,,OK,0.0,2.771,-2.771,0,0.0,0.0,
BTCUSDC_SHORT,SCALP_V3_OUTLIER_ENABLED,,OK,0.0,2.771,-2.771,0,0.0,0.0,
BTCUSDC_SHORT,SCALP_V3_PIN_BAR_RATIO,,OK,0.0,2.771,-2.771,0,0.0,0.0,
BTCUSDC_SHORT,SCALP_V3_REENTRY_BOUNCE_BAR_3M,,OK,0.0,2.771,-2.771,0,0.0,0.0,
BTCUSDC_SHORT,SCALP_V3_REENTRY_BOUNCE_K_15M_MAX,,OK,0.0,2.771,-2.771,0,0.0,0.0,
BTCUSDC_SHORT,SCALP_V3_REENTRY_BOUNCE_MODE,,OK,0.0,2.771,-2.771,0,0.0,0.0,
BTCUSDC_SHORT,SCALP_V3_REENTRY_COOLDOWN_S,,OK,0.0,2.771,-2.771,0,0.0,0.0,
BTCUSDC_SHORT,SCALP_V3_REENTRY_REQUIRE_BOUNCE_IF_15M_FALLING,,OK,0.0,2.771,-2.771,0,0.0,0.0,
BTCUSDC_SHORT,SCALP_V3_SHORT_ENTRY_K_15M_MAX,,OK,0.0,2.771,-2.771,0,0.0,0.0,
BTCUSDC_SHORT,SCALP_V3_SHORT_ENTRY_K_1H_MAX,,OK,0.0,2.771,-2.771,0,0.0,0.0,
BTCUSDC_SHORT,SCALP_V3_SHORT_ENTRY_K_3M_MAX,,OK,0.0,2.771,-2.771,0,0.0,0.0,
BTCUSDC_SHORT,SCALP_V3_STALL_ENABLED,,OK,0.0,2.771,-2.771,0,0.0,0.0,
BTCUSDC_SHORT,SCALP_V3_VWAP_FILTER_ENABLED,,OK,0.0,2.771,-2.771,0,0.0,0.0,
BTCUSDC_SHORT,SCORE_RANGES_FILE,,OK,0.0,2.771,-2.771,0,0.0,0.0,
BTCUSDC_SHORT,SECTOR_GROUPS,,OK,0.0,2.771,-2.771,0,0.0,0.0,
BTCUSDC_SHORT,SECTOR_LS_MIN_POSITIONS,,OK,0.0,2.771,-2.771,0,0.0,0.0,
BTCUSDC_SHORT,SECTOR_LS_RATIO_MAX,,OK,0.0,2.771,-2.771,0,0.0,0.0,
BTCUSDC_SHORT,SECTOR_LS_RATIO_MIN,,OK,0.0,2.771,-2.771,0,0.0,0.0,
BTCUSDC_SHORT,SECTOR_MAP,,OK,0.0,2.771,-2.771,0,0.0,0.0,
BTCUSDC_SHORT,SENTIMENT_FADE_MODE,,OK,0.0,2.771,-2.771,0,0.0,0.0,
BTCUSDC_SHORT,SENTIMENT_REBAL_COOLDOWN_MIN,,OK,0.0,2.771,-2.771,0,0.0,0.0,
BTCUSDC_SHORT,SIGNALS_LOOP_INTERVAL_SECONDS,,OK,0.0,2.771,-2.771,0,0.0,0.0,
BTCUSDC_SHORT,SIZING_MODE_TRADIER,,OK,0.0,2.771,-2.771,0,0.0,0.0,
BTCUSDC_SHORT,SMFI_MAX_PER_SIDE,,OK,0.0,2.771,-2.771,0,0.0,0.0,
BTCUSDC_SHORT,SPIKE_FADE_COOLDOWN_BARS,,OK,0.0,2.771,-2.771,0,0.0,0.0,
BTCUSDC_SHORT,SPIKE_FADE_K_EXHAUSTION,,OK,0.0,2.771,-2.771,0,0.0,0.0,
BTCUSDC_SHORT,SPIKE_FADE_LOOKBACK_BARS,,OK,0.0,2.771,-2.771,0,0.0,0.0,
BTCUSDC_SHORT,SQUEEZE_FIRE_ENABLED,,OK,0.0,2.771,-2.771,0,0.0,0.0,
BTCUSDC_SHORT,SQUEEZE_FIRE_SCORE_BONUS,,OK,0.0,2.771,-2.771,0,0.0,0.0,
BTCUSDC_SHORT,SQUEEZE_FIRE_TF,,OK,0.0,2.771,-2.771,0,0.0,0.0,
BTCUSDC_SHORT,SQUEEZE_SCORE_BONUS,,OK,0.0,2.771,-2.771,0,0.0,0.0,
BTCUSDC_SHORT,SRS_K_EXIT_1H,,OK,0.0,2.771,-2.771,0,0.0,0.0,
BTCUSDC_SHORT,STDEV_BB_RZ_SUPPRESS_PCTB,,OK,0.0,2.771,-2.771,0,0.0,0.0,
BTCUSDC_SHORT,ST_LT_SPLIT_ENABLED,,OK,0.0,2.771,-2.771,0,0.0,0.0,
BTCUSDC_SHORT,ST_SCORE_WEIGHT_LTF,,OK,0.0,2.771,-2.771,0,0.0,0.0,
BTCUSDC_SHORT,SWEEP_OPTIMAL_HOLD_BARS,,OK,0.0,2.771,-2.771,0,0.0,0.0,
BTCUSDC_SHORT,SWING_ENABLED,,OK,0.0,2.771,-2.771,0,0.0,0.0,
BTCUSDC_SHORT,SWING_MAX_POSITION_SIZE,,OK,0.0,2.771,-2.771,0,0.0,0.0,
BTCUSDC_SHORT,SWING_REENTER_MULT,,OK,0.0,2.771,-2.771,0,0.0,0.0,
BTCUSDC_SHORT,SWING_REENTER_SIGNAL,,OK,0.0,2.771,-2.771,0,0.0,0.0,
BTCUSDC_SHORT,SWING_REENTER_TOLERANCE_PCT,,OK,0.0,2.771,-2.771,0,0.0,0.0,
BTCUSDC_SHORT,SWING_START_SIZE,,OK,0.0,2.771,-2.771,0,0.0,0.0,
BTCUSDC_SHORT,SYMBOL_PERF_DECAY_HOURS,,OK,0.0,2.771,-2.771,0,0.0,0.0,
BTCUSDC_SHORT,SYNTHETIC_LOSER_THRESHOLD_PCT,,OK,0.0,2.771,-2.771,0,0.0,0.0,
BTCUSDC_SHORT,TASK_STAGGER_SECONDS,,OK,0.0,2.771,-2.771,0,0.0,0.0,
BTCUSDC_SHORT,THROUGHPUT_DAILY_LOSS_RESET_UTC_HOUR_TRADIER,,OK,0.0,2.771,-2.771,0,0.0,0.0,
BTCUSDC_SHORT,THROUGHPUT_DAILY_LOSS_RESET_UTC_MINUTE_TRADIER,,OK,0.0,2.771,-2.771,0,0.0,0.0,
BTCUSDC_SHORT,THROUGHPUT_MAX_FIRES_PER_HOUR_PER_SYMBOL_TRADIER,,OK,0.0,2.771,-2.771,0,0.0,0.0,
BTCUSDC_SHORT,THROUGHPUT_SAFETY_ENABLED,,OK,0.0,2.771,-2.771,0,0.0,0.0,
BTCUSDC_SHORT,THROUGHPUT_SAFETY_ENABLED_TRADIER,,OK,0.0,2.771,-2.771,0,0.0,0.0,
BTCUSDC_SHORT,TIER_A_MULTIPLIER,,OK,0.0,2.771,-2.771,0,0.0,0.0,
BTCUSDC_SHORT,TIER_A_WIN_RATE,,OK,0.0,2.771,-2.771,0,0.0,0.0,
BTCUSDC_SHORT,TIER_B_MIN_TRADES,,OK,0.0,2.771,-2.771,0,0.0,0.0,
BTCUSDC_SHORT,TIER_B_WIN_RATE,,OK,0.0,2.771,-2.771,0,0.0,0.0,
BTCUSDC_SHORT,TIER_C_MULTIPLIER,,OK,0.0,2.771,-2.771,0,0.0,0.0,
BTCUSDC_SHORT,TIER_ENABLED,,OK,0.0,2.771,-2.771,0,0.0,0.0,
BTCUSDC_SHORT,TIMEFRAMES,,OK,0.0,2.771,-2.771,0,0.0,0.0,
BTCUSDC_SHORT,TRADIER_ACCOUNT_ID,,OK,0.0,2.771,-2.771,0,0.0,0.0,
BTCUSDC_SHORT,TRADIER_API_BASE_URL,,OK,0.0,2.771,-2.771,0,0.0,0.0,
BTCUSDC_SHORT,TRADIER_API_KEY,,OK,0.0,2.771,-2.771,0,0.0,0.0,
BTCUSDC_SHORT,TRADIER_INDICATORS_CYCLE_CONCURRENCY,,OK,0.0,2.771,-2.771,0,0.0,0.0,
BTCUSDC_SHORT,TRADIER_INDICATORS_HTTP_CONCURRENCY,,OK,0.0,2.771,-2.771,0,0.0,0.0,
BTCUSDC_SHORT,TRADIER_INDICATORS_IDLE_SLEEP_SEC,,OK,0.0,2.771,-2.771,0,0.0,0.0,
BTCUSDC_SHORT,TRADIER_LOCAL_EXTREMES_SCORING_ENABLED,,OK,0.0,2.771,-2.771,0,0.0,0.0,
BTCUSDC_SHORT,TRADIER_OI_INJECT_PC_BEARISH,,OK,0.0,2.771,-2.771,0,0.0,0.0,
BTCUSDC_SHORT,TRADIER_OI_INJECT_PC_BULLISH,,OK,0.0,2.771,-2.771,0,0.0,0.0,
BTCUSDC_SHORT,TRADIER_POST_CLOSE_COOLDOWN_MIN,,OK,0.0,2.771,-2.771,0,0.0,0.0,
BTCUSDC_SHORT,TRADIER_REOPEN_WAIT_S,,OK,0.0,2.771,-2.771,0,0.0,0.0,
BTCUSDC_SHORT,TRADIER_RSI_LONG_15M,,OK,0.0,2.771,-2.771,0,0.0,0.0,
BTCUSDC_SHORT,TRADIER_RSI_LONG_1H,,OK,0.0,2.771,-2.771,0,0.0,0.0,
BTCUSDC_SHORT,TRADIER_RSI_LONG_4H,,OK,0.0,2.771,-2.771,0,0.0,0.0,
BTCUSDC_SHORT,TRADIER_RSI_LONG_5M,,OK,0.0,2.771,-2.771,0,0.0,0.0,
BTCUSDC_SHORT,TRADIER_RSI_LONG_D,,OK,0.0,2.771,-2.771,0,0.0,0.0,
BTCUSDC_SHORT,TRADIER_RSI_SHORT_4H,,OK,0.0,2.771,-2.771,0,0.0,0.0,
BTCUSDC_SHORT,TRADIER_RSI_SHORT_5M,,OK,0.0,2.771,-2.771,0,0.0,0.0,
BTCUSDC_SHORT,TRADIER_RSI_SHORT_D,,OK,0.0,2.771,-2.771,0,0.0,0.0,
BTCUSDC_SHORT,TRADIER_SANDBOX_URL,,OK,0.0,2.771,-2.771,0,0.0,0.0,
BTCUSDC_SHORT,TRADIER_STREAMING_URL,,OK,0.0,2.771,-2.771,0,0.0,0.0,
BTCUSDC_SHORT,TRADIER_SYMBOLS_FILE,,OK,0.0,2.771,-2.771,0,0.0,0.0,
BTCUSDC_SHORT,TRADIER_WS_URL,,OK,0.0,2.771,-2.771,0,0.0,0.0,
BTCUSDC_SHORT,TRA_ALLOW_BUYS,,OK,0.0,2.771,-2.771,0,0.0,0.0,
BTCUSDC_SHORT,TRA_BUY_COOLDOWN_AFTER_SELL_HOURS,,OK,0.0,2.771,-2.771,0,0.0,0.0,
BTCUSDC_SHORT,TRA_MAX_BUYS_PER_DAY,,OK,0.0,2.771,-2.771,0,0.0,0.0,
BTCUSDC_SHORT,TRA_PREFERRED_SYMBOLS,,OK,0.0,2.771,-2.771,0,0.0,0.0,
BTCUSDC_SHORT,TRB_MAX_CALL_VALUE,,OK,0.0,2.771,-2.771,0,0.0,0.0,
BTCUSDC_SHORT,TRB_MAX_LONG_VALUE,,OK,0.0,2.771,-2.771,0,0.0,0.0,
BTCUSDC_SHORT,TRB_MAX_PUT_VALUE,,OK,0.0,2.771,-2.771,0,0.0,0.0,
BTCUSDC_SHORT,TRB_MAX_SHORT_VALUE,,OK,0.0,2.771,-2.771,0,0.0,0.0,
BTCUSDC_SHORT,TRB_MAX_SYMBOL_VALUE,,OK,0.0,2.771,-2.771,0,0.0,0.0,
BTCUSDC_SHORT,TRC_5M_SWEEP_BENCHMARK,,OK,0.0,2.771,-2.771,0,0.0,0.0,
BTCUSDC_SHORT,TRC_5M_SWEEP_BUFFER_N,,OK,0.0,2.771,-2.771,0,0.0,0.0,
BTCUSDC_SHORT,TRC_5M_SWEEP_DELTA_WEIGHT,,OK,0.0,2.771,-2.771,0,0.0,0.0,
BTCUSDC_SHORT,TRC_5M_SWEEP_TOP_N,,OK,0.0,2.771,-2.771,0,0.0,0.0,
BTCUSDC_SHORT,TRC_5M_SWEEP_Z_WEIGHT,,OK,0.0,2.771,-2.771,0,0.0,0.0,
BTCUSDC_SHORT,TRC_EPISODIC_PIVOT_ENABLED,,OK,0.0,2.771,-2.771,0,0.0,0.0,
BTCUSDC_SHORT,TRC_MAX_SYMBOL_VALUE,,OK,0.0,2.771,-2.771,0,0.0,0.0,
BTCUSDC_SHORT,TRC_ORB_ENABLED,,OK,0.0,2.771,-2.771,0,0.0,0.0,
BTCUSDC_SHORT,TRC_SQUEEZE_ENABLED,,OK,0.0,2.771,-2.771,0,0.0,0.0,
BTCUSDC_SHORT,TRENDER_DD_RATIO_MAX,,OK,0.0,2.771,-2.771,0,0.0,0.0,
BTCUSDC_SHORT,USE_SANDBOX,,OK,0.0,2.771,-2.771,0,0.0,0.0,
BTCUSDC_SHORT,V8Q_COOLDOWN_BARS,,OK,0.0,2.771,-2.771,0,0.0,0.0,
BTCUSDC_SHORT,V8Q_K3M_FLOOR,,OK,0.0,2.771,-2.771,0,0.0,0.0,
BTCUSDC_SHORT,V8Q_MIN_HOLD_BARS,,OK,0.0,2.771,-2.771,0,0.0,0.0,
BTCUSDC_SHORT,V8Q_STRENGTH_MIN_SCORE,,OK,0.0,2.771,-2.771,0,0.0,0.0,
BTCUSDC_SHORT,V8Q_SYMBOL_TIER_TOP3,,OK,0.0,2.771,-2.771,0,0.0,0.0,
BTCUSDC_SHORT,V8Q_SYMBOL_TIER_TOP4,,OK,0.0,2.771,-2.771,0,0.0,0.0,
BTCUSDC_SHORT,V8Q_SYMBOL_TIER_TOP5,,OK,0.0,2.771,-2.771,0,0.0,0.0,
BTCUSDC_SHORT,V8Q_SYMBOL_TIER_TOP6,,OK,0.0,2.771,-2.771,0,0.0,0.0,
BTCUSDC_SHORT,VEC_MTF_ARMED_STATE_ENABLED,,OK,0.0,2.771,-2.771,0,0.0,0.0,
BTCUSDC_SHORT,VEC_MULTI_SYM_OUTER_LOOP_ENABLED,,OK,0.0,2.771,-2.771,0,0.0,0.0,
BTCUSDC_SHORT,VERBOSE_FETCH_LOGGING,,OK,0.0,2.771,-2.771,0,0.0,0.0,
BTCUSDC_SHORT,VERBOSE_TIMER,,OK,0.0,2.771,-2.771,0,0.0,0.0,
BTCUSDC_SHORT,VIX_EXTREME_THRESHOLD,,OK,0.0,2.771,-2.771,0,0.0,0.0,
BTCUSDC_SHORT,VIX_PANIC_THRESHOLD,,OK,0.0,2.771,-2.771,0,0.0,0.0,
BTCUSDC_SHORT,VIX_REGIME_SIZE_MULT_HIGH_VOL,,OK,0.0,2.771,-2.771,0,0.0,0.0,
BTCUSDC_SHORT,VIX_REGIME_SIZE_MULT_PANIC,,OK,0.0,2.771,-2.771,0,0.0,0.0,
BTCUSDC_SHORT,VIX_SMA_LOOKBACK_DAYS,,OK,0.0,2.771,-2.771,0,0.0,0.0,
BTCUSDC_SHORT,VOL_TARGET_FIELD,,OK,0.0,2.771,-2.771,0,0.0,0.0,
BTCUSDC_SHORT,VWAP_SCORE_BONUS,,OK,0.0,2.771,-2.771,0,0.0,0.0,
BTCUSDC_SHORT,WRONG_SIDE_DIV_LOOKBACK_BARS,,OK,0.0,2.771,-2.771,0,0.0,0.0,
BTCUSDC_SHORT,WRONG_SIDE_DIV_TFS_REQUIRED,,OK,0.0,2.771,-2.771,0,0.0,0.0,
BTCUSDC_SHORT,WRONG_SIDE_WT_TFS_REDUCED,,OK,0.0,2.771,-2.771,0,0.0,0.0,
BTCUSDC_SHORT,WS_RECONNECT_DELAY,,OK,0.0,2.771,-2.771,0,0.0,0.0,
BTCUSDC_SHORT,WS_URL,,OK,0.0,2.771,-2.771,0,0.0,0.0,
BTCUSDC_SHORT,WT_CROSSUNDER_FINAL_COOLDOWN_S,,OK,0.0,2.771,-2.771,0,0.0,0.0,
BTCUSDC_SHORT,ZEC_SUPERVISOR_AUTONOMOUS_CLOSE_PER_HOUR_MAX,,OK,0.0,2.771,-2.771,0,0.0,0.0,
BTCUSDC_SHORT,ZEC_SUPERVISOR_ENABLED,,OK,0.0,2.771,-2.771,0,0.0,0.0,
BTCUSDC_SHORT,ZERO_CONFIRMATION_THRESHOLD_API,,OK,0.0,2.771,-2.771,0,0.0,0.0,
BTCUSDC_SHORT,ZERO_CONFIRMATION_THRESHOLD_WS,,OK,0.0,2.771,-2.771,0,0.0,0.0,
BTCUSDC_SHORT,ZONE_OPEN_THRESHOLD,,OK,0.0,2.771,-2.771,0,0.0,0.0,
BTCUSDC_SHORT,ACCOUNT_OVERRIDES,,OK,0.0,2.771,-2.771,0,0.0,0.0,
BTCUSDC_SHORT,ACCOUNT_SIDE_MAPPING,,OK,0.0,2.771,-2.771,0,0.0,0.0,
BTCUSDC_SHORT,ACCOUNT_TP_PCT,,OK,0.0,2.771,-2.771,0,0.0,0.0,
BTCUSDC_SHORT,AUG_COOLDOWN_S,,OK,0.0,2.771,-2.771,0,0.0,0.0,
BTCUSDC_SHORT,AVAILABLE_IPS,,OK,0.0,2.771,-2.771,0,0.0,0.0,
BTCUSDC_SHORT,BACKUP_KLINES_CACHE,,OK,0.0,2.771,-2.771,0,0.0,0.0,
BTCUSDC_SHORT,BAND_FILE,,OK,0.0,2.771,-2.771,0,0.0,0.0,
BTCUSDC_SHORT,BTC_ACCEL_RAMP_PRICE_BOUNCE_BARS,,OK,0.0,2.771,-2.771,0,0.0,0.0,
BTCUSDC_SHORT,BTC_ACCEL_RAMP_PRICE_BOUNCE_TF,,OK,0.0,2.771,-2.771,0,0.0,0.0,
BTCUSDC_SHORT,BTC_COOLDOWN_BARS,,OK,0.0,2.771,-2.771,0,0.0,0.0,
BTCUSDC_SHORT,BTC_DAILY_LOSS_PCT_FLOOR,,OK,0.0,2.771,-2.771,0,0.0,0.0,
BTCUSDC_SHORT,BTC_DIVERGENCE_BEAR_MIN_INDS,,OK,0.0,2.771,-2.771,0,0.0,0.0,
BTCUSDC_SHORT,BTC_DIVERGENCE_BULL_MIN_INDS,,OK,0.0,2.771,-2.771,0,0.0,0.0,
BTCUSDC_SHORT,BTC_DIVERGENCE_LB_15M,,OK,0.0,2.771,-2.771,0,0.0,0.0,
BTCUSDC_SHORT,BTC_DIVERGENCE_LB_1H,,OK,0.0,2.771,-2.771,0,0.0,0.0,
BTCUSDC_SHORT,BTC_DIVERGENCE_LB_3M,,OK,0.0,2.771,-2.771,0,0.0,0.0,
BTCUSDC_SHORT,BTC_DIVERGENCE_LB_4H,,OK,0.0,2.771,-2.771,0,0.0,0.0,
BTCUSDC_SHORT,BTC_DIVERGENCE_LB_D,,OK,0.0,2.771,-2.771,0,0.0,0.0,
BTCUSDC_SHORT,BTC_DIVERGENCE_LOOKBACK_BARS,,OK,0.0,2.771,-2.771,0,0.0,0.0,
BTCUSDC_SHORT,BTC_FIB_LOOKBACK_4H,,OK,0.0,2.771,-2.771,0,0.0,0.0,
BTCUSDC_SHORT,BTC_FIB_LOOKBACK_D,,OK,0.0,2.771,-2.771,0,0.0,0.0,
BTCUSDC_SHORT,BTC_FIB_LOOKBACK_M,,OK,0.0,2.771,-2.771,0,0.0,0.0,
BTCUSDC_SHORT,BTC_FIB_LOOKBACK_W,,OK,0.0,2.771,-2.771,0,0.0,0.0,
BTCUSDC_SHORT,BTC_FIB_LOOKBACK_Y,,OK,0.0,2.771,-2.771,0,0.0,0.0,
BTCUSDC_SHORT,BTC_FIB_RECOMPUTE_ON_NEW_HL,,OK,0.0,2.771,-2.771,0,0.0,0.0,
BTCUSDC_SHORT,BTC_MIN_HOLD_BARS,,OK,0.0,2.771,-2.771,0,0.0,0.0,
BTCUSDC_SHORT,BTC_PAPER_PARITY_VERIFY_AT_STARTUP,,OK,0.0,2.771,-2.771,0,0.0,0.0,
BTCUSDC_SHORT,BTC_PAPER_RECONCILE_ALARM_DRIFT_PCT,,OK,0.0,2.771,-2.771,0,0.0,0.0,
BTCUSDC_SHORT,BTC_RZ_SOFTEN_ACCEL_BY,,OK,0.0,2.771,-2.771,0,0.0,0.0,
BTCUSDC_SHORT,BTC_TOTAL_NOTIONAL_USD_MAX,,OK,0.0,2.771,-2.771,0,0.0,0.0,
BTCUSDC_SHORT,BTC_WEEKLY_LOSS_PCT_FLOOR,,OK,0.0,2.771,-2.771,0,0.0,0.0,
BTCUSDC_SHORT,CONSOLIDATED_KLINES_CACHE,,OK,0.0,2.771,-2.771,0,0.0,0.0,
BTCUSDC_SHORT,CROSSES_FILE,,OK,0.0,2.771,-2.771,0,0.0,0.0,
BTCUSDC_SHORT,CYCLE_TP_TIERED_LEVELS,,OK,0.0,2.771,-2.771,0,0.0,0.0,
BTCUSDC_SHORT,DAEMON_PRICE_CROSS_PCT,,OK,0.0,2.771,-2.771,0,0.0,0.0,
BTCUSDC_SHORT,DATA_READY_FLAG_FILE,,OK,0.0,2.771,-2.771,0,0.0,0.0,
BTCUSDC_SHORT,DIRECTION_FAVORABLE_MAX_MINUTES,,OK,0.0,2.771,-2.771,0,0.0,0.0,
BTCUSDC_SHORT,ENABLE_MULTI_INSTANCE_ON_MACBOOK,,OK,0.0,2.771,-2.771,0,0.0,0.0,
BTCUSDC_SHORT,EZ_KLINES_API_MAX_PER_MINUTE,,OK,0.0,2.771,-2.771,0,0.0,0.0,
BTCUSDC_SHORT,EZ_KLINES_API_MAX_PER_SECOND,,OK,0.0,2.771,-2.771,0,0.0,0.0,
BTCUSDC_SHORT,EZ_KLINES_MAX_CONCURRENT,,OK,0.0,2.771,-2.771,0,0.0,0.0,
BTCUSDC_SHORT,EZ_KLINES_SEMAPHORE,,OK,0.0,2.771,-2.771,0,0.0,0.0,
BTCUSDC_SHORT,EZ_MANAGE_CONCURRENCY_LIMIT,,OK,0.0,2.771,-2.771,0,0.0,0.0,
BTCUSDC_SHORT,EZ_MANAGE_RATE_LIMIT_SEMAPHORE,,OK,0.0,2.771,-2.771,0,0.0,0.0,
BTCUSDC_SHORT,EZ_MARK_PRICES_API_SEMAPHORE,,OK,0.0,2.771,-2.771,0,0.0,0.0,
BTCUSDC_SHORT,EZ_MARK_PRICES_STARTUP_SEMAPHORE,,OK,0.0,2.771,-2.771,0,0.0,0.0,
BTCUSDC_SHORT,EZ_PRICES_API_DELAY,,OK,0.0,2.771,-2.771,0,0.0,0.0,
BTCUSDC_SHORT,EZ_PRICES_API_SEMAPHORE,,OK,0.0,2.771,-2.771,0,0.0,0.0,
BTCUSDC_SHORT,EZ_PRICES_API_SLEEP_AFTER,,OK,0.0,2.771,-2.771,0,0.0,0.0,
BTCUSDC_SHORT,EZ_PRICES_FAPI_SEMAPHORE,,OK,0.0,2.771,-2.771,0,0.0,0.0,
BTCUSDC_SHORT,EZ_PRICES_FILE_IO_SEMAPHORE,,OK,0.0,2.771,-2.771,0,0.0,0.0,
BTCUSDC_SHORT,EZ_PRICES_LIMIT_PER_HOST,,OK,0.0,2.771,-2.771,0,0.0,0.0,
BTCUSDC_SHORT,EZ_PRICEWS_API_DELAY,,OK,0.0,2.771,-2.771,0,0.0,0.0,
BTCUSDC_SHORT,EZ_PRICEWS_API_SEMAPHORE,,OK,0.0,2.771,-2.771,0,0.0,0.0,
BTCUSDC_SHORT,EZ_PRICEWS_CONNECTOR_LIMIT,,OK,0.0,2.771,-2.771,0,0.0,0.0,
BTCUSDC_SHORT,EZ_PRICEWS_LIMIT_PER_HOST,,OK,0.0,2.771,-2.771,0,0.0,0.0,
BTCUSDC_SHORT,EZ_RANKINGS_THROTTLER_RATE,,OK,0.0,2.771,-2.771,0,0.0,0.0,
BTCUSDC_SHORT,FAPI_BASE_URL,,OK,0.0,2.771,-2.771,0,0.0,0.0,
BTCUSDC_SHORT,FINAL_SCORE_FILE,,OK,0.0,2.771,-2.771,0,0.0,0.0,
BTCUSDC_SHORT,FSTREAM_WS_URL_BASE,,OK,0.0,2.771,-2.771,0,0.0,0.0,
BTCUSDC_SHORT,HD_ROOT,,OK,0.0,2.771,-2.771,0,0.0,0.0,
BTCUSDC_SHORT,HLR_MIN_GAIN_PCT,,OK,0.0,2.771,-2.771,0,0.0,0.0,
BTCUSDC_SHORT,HLR_MIN_TFS,,OK,0.0,2.771,-2.771,0,0.0,0.0,
BTCUSDC_SHORT,HLR_MIN_TFS_FOR_BYPASS,,OK,0.0,2.771,-2.771,0,0.0,0.0,
BTCUSDC_SHORT,HOUR_OF_DAY_BLOCKED_UTC,,OK,0.0,2.771,-2.771,0,0.0,0.0,
BTCUSDC_SHORT,KLINE_COLUMNS,,OK,0.0,2.771,-2.771,0,0.0,0.0,
BTCUSDC_SHORT,LAST_EVENTS_FILE,,OK,0.0,2.771,-2.771,0,0.0,0.0,
BTCUSDC_SHORT,LOG_FILE_EZ_BACKUP,,OK,0.0,2.771,-2.771,0,0.0,0.0,
BTCUSDC_SHORT,LOG_FILE_EZ_CROSSES,,OK,0.0,2.771,-2.771,0,0.0,0.0,
BTCUSDC_SHORT,LOG_FILE_EZ_INDICATORS,,OK,0.0,2.771,-2.771,0,0.0,0.0,
BTCUSDC_SHORT,LOG_FILE_EZ_MANAGE,,OK,0.0,2.771,-2.771,0,0.0,0.0,
BTCUSDC_SHORT,LOG_FILE_EZ_MARK_PRICES,,OK,0.0,2.771,-2.771,0,0.0,0.0,
BTCUSDC_SHORT,LOG_FILE_EZ_PRICES,,OK,0.0,2.771,-2.771,0,0.0,0.0,
BTCUSDC_SHORT,LOG_FILE_EZ_PRICES_WS,,OK,0.0,2.771,-2.771,0,0.0,0.0,
BTCUSDC_SHORT,LOG_FILE_EZ_RANKINGS,,OK,0.0,2.771,-2.771,0,0.0,0.0,
BTCUSDC_SHORT,LT_TOP_SIZE,,OK,0.0,2.771,-2.771,0,0.0,0.0,
BTCUSDC_SHORT,MARKET_MODE_FILE,,OK,0.0,2.771,-2.771,0,0.0,0.0,
BTCUSDC_SHORT,MAX_FILES,,OK,0.0,2.771,-2.771,0,0.0,0.0,
BTCUSDC_SHORT,MITIGATOR_ACCOUNT,,OK,0.0,2.771,-2.771,0,0.0,0.0,
BTCUSDC_SHORT,MOM4S_S_ACCOUNTS,,OK,0.0,2.771,-2.771,0,0.0,0.0,
BTCUSDC_SHORT,MOM5_TRENDER_L_ACCOUNTS,,OK,0.0,2.771,-2.771,0,0.0,0.0,
BTCUSDC_SHORT,MR3S_S_ACCOUNTS,,OK,0.0,2.771,-2.771,0,0.0,0.0,
BTCUSDC_SHORT,MR5_L_ACCOUNTS,,OK,0.0,2.771,-2.771,0,0.0,0.0,
BTCUSDC_SHORT,NEWBORN_LOSS_KILL_MIN_AGE_MIN,,OK,0.0,2.771,-2.771,0,0.0,0.0,
BTCUSDC_SHORT,NEWBORN_LOSS_KILL_SURGICAL_ONLY,,OK,0.0,2.771,-2.771,0,0.0,0.0,
BTCUSDC_SHORT,OB_PRICE_DEFER_AT_LEVEL_TOL_PCT,,OK,0.0,2.771,-2.771,0,0.0,0.0,
BTCUSDC_SHORT,OB_PRICE_DEFER_MAX_DISTANCE_PCT,,OK,0.0,2.771,-2.771,0,0.0,0.0,
BTCUSDC_SHORT,PAPER_TRADING,,OK,0.0,2.771,-2.771,0,0.0,0.0,
BTCUSDC_SHORT,PAU_TIMEOUT_SEC,,OK,0.0,2.771,-2.771,0,0.0,0.0,
BTCUSDC_SHORT,PER_SYMBOL_CONFIG_FILE,,OK,0.0,2.771,-2.771,0,0.0,0.0,
BTCUSDC_SHORT,PLOTS_DIR,,OK,0.0,2.771,-2.771,0,0.0,0.0,
BTCUSDC_SHORT,POSITIONS_SERVICE_HEALTH_RETRIES,,OK,0.0,2.771,-2.771,0,0.0,0.0,
BTCUSDC_SHORT,POSITIONS_SERVICE_START_CMD,,OK,0.0,2.771,-2.771,0,0.0,0.0,
BTCUSDC_SHORT,PPL_FIRE_COOLDOWN_S,,OK,0.0,2.771,-2.771,0,0.0,0.0,
BTCUSDC_SHORT,PREVIOUS_SYMBOLS_FIN,,OK,0.0,2.771,-2.771,0,0.0,0.0,
BTCUSDC_SHORT,PREVIOUS_SYMBOLS_FLZ,,OK,0.0,2.771,-2.771,0,0.0,0.0,
BTCUSDC_SHORT,PREVIOUS_SYMBOLS_MEN,,OK,0.0,2.771,-2.771,0,0.0,0.0,
BTCUSDC_SHORT,PRICE_CACHE_PULL_MAX_AGE_SEC,,OK,0.0,2.771,-2.771,0,0.0,0.0,
BTCUSDC_SHORT,PRICE_CACHE_PULL_S1,,OK,0.0,2.771,-2.771,0,0.0,0.0,
BTCUSDC_SHORT,PROGRESSIVE_LOCK_TIERS_PCT,,OK,0.0,2.771,-2.771,0,0.0,0.0,
BTCUSDC_SHORT,PROX_FILE,,OK,0.0,2.771,-2.771,0,0.0,0.0,
BTCUSDC_SHORT,QUICK_CYCLE_TP_MIN_GAIN_PCT,,OK,0.0,2.771,-2.771,0,0.0,0.0,
BTCUSDC_SHORT,QUICK_SENTIMENT_CUT_MIN_GAIN,,OK,0.0,2.771,-2.771,0,0.0,0.0,
BTCUSDC_SHORT,RANKINGS_DIR,,OK,0.0,2.771,-2.771,0,0.0,0.0,
BTCUSDC_SHORT,RANKING_POINTS_FILE,,OK,0.0,2.771,-2.771,0,0.0,0.0,
BTCUSDC_SHORT,REDIS_1M_TAIL,,OK,0.0,2.771,-2.771,0,0.0,0.0,
BTCUSDC_SHORT,SANDBOX_ACCOUNTS,,OK,0.0,2.771,-2.771,0,0.0,0.0,
BTCUSDC_SHORT,SATOSHIT_ACCOUNTS_TRADIER,,OK,0.0,2.771,-2.771,0,0.0,0.0,
BTCUSDC_SHORT,SATOSHIT_HTF_RVOL_1H_MIN,,OK,0.0,2.771,-2.771,0,0.0,0.0,
BTCUSDC_SHORT,SCALP_V3_BOOST_LOOKBACK_BARS_3M,,OK,0.0,2.771,-2.771,0,0.0,0.0,
BTCUSDC_SHORT,SCALP_V3_BOOST_VOL_Z_MIN,,OK,0.0,2.771,-2.771,0,0.0,0.0,
BTCUSDC_SHORT,SCALP_V3_BOOST_WEIGHT,,OK,0.0,2.771,-2.771,0,0.0,0.0,
BTCUSDC_SHORT,SCALP_V3_FAST_PPL_GAIN_PCT,,OK,0.0,2.771,-2.771,0,0.0,0.0,
BTCUSDC_SHORT,SCALP_V3_OB_VOID_EXTEND_HOLD,,OK,0.0,2.771,-2.771,0,0.0,0.0,
BTCUSDC_SHORT,SCALP_V3_OUTLIER_MAX_INJECT,,OK,0.0,2.771,-2.771,0,0.0,0.0,
BTCUSDC_SHORT,SCALP_V3_OUTLIER_MIN_Z_LONG,,OK,0.0,2.771,-2.771,0,0.0,0.0,
BTCUSDC_SHORT,SCALP_V3_OUTLIER_MIN_Z_SHORT,,OK,0.0,2.771,-2.771,0,0.0,0.0,
BTCUSDC_SHORT,SCALP_V3_OUTLIER_WEIGHT,,OK,0.0,2.771,-2.771,0,0.0,0.0,
BTCUSDC_SHORT,SCALP_V3_PEAK_GIVEBACK_PCT,,OK,0.0,2.771,-2.771,0,0.0,0.0,
BTCUSDC_SHORT,SCALP_V3_PG_ARM_PCT,,OK,0.0,2.771,-2.771,0,0.0,0.0,
BTCUSDC_SHORT,SCALP_V3_PG_GIVEBACK_PCT,,OK,0.0,2.771,-2.771,0,0.0,0.0,
BTCUSDC_SHORT,SCALP_V3_SESSION_BLOCK_HOURS,,OK,0.0,2.771,-2.771,0,0.0,0.0,
BTCUSDC_SHORT,SCALP_V3_SHORT_RECENT_DUMP_LOOKBACK_MIN,,OK,0.0,2.771,-2.771,0,0.0,0.0,
BTCUSDC_SHORT,SCALP_V3_SHORT_RECENT_DUMP_PCT,,OK,0.0,2.771,-2.771,0,0.0,0.0,
BTCUSDC_SHORT,SCALP_V3_SHORT_REQUIRE_RECENT_DUMP,,OK,0.0,2.771,-2.771,0,0.0,0.0,
BTCUSDC_SHORT,SCALP_V3_SR_HOLD_MIN_GAIN_PCT,,OK,0.0,2.771,-2.771,0,0.0,0.0,
BTCUSDC_SHORT,SCALP_V3_STALL_GAIN_MAX_PCT,,OK,0.0,2.771,-2.771,0,0.0,0.0,
BTCUSDC_SHORT,SCALP_V3_USE_HA_1M,,OK,0.0,2.771,-2.771,0,0.0,0.0,
BTCUSDC_SHORT,SCALP_V3_USE_HA_3M,,OK,0.0,2.771,-2.771,0,0.0,0.0,
BTCUSDC_SHORT,SCALP_V3_VWAP_DEV_MIN_PCT,,OK,0.0,2.771,-2.771,0,0.0,0.0,
BTCUSDC_SHORT,SCALP_V3_VWAP_TYPE,,OK,0.0,2.771,-2.771,0,0.0,0.0,
BTCUSDC_SHORT,SIGNALS_FILE,,OK,0.0,2.771,-2.771,0,0.0,0.0,
BTCUSDC_SHORT,SQUEEZE_FIRE_TFS,,OK,0.0,2.771,-2.771,0,0.0,0.0,
BTCUSDC_SHORT,SWEEP_DEEP_TEST_GAIN_PER_MO_MIN_PCT,,OK,0.0,2.771,-2.771,0,0.0,0.0,
BTCUSDC_SHORT,SWEEP_DEEP_TEST_POOL_SHARPE_MIN,,OK,0.0,2.771,-2.771,0,0.0,0.0,
BTCUSDC_SHORT,SWEEP_DISCARD_POOL_SHARPE_FLOOR,,OK,0.0,2.771,-2.771,0,0.0,0.0,
BTCUSDC_SHORT,SYNTHETIC_LOSER_MIN_AGE_MIN,,OK,0.0,2.771,-2.771,0,0.0,0.0,
BTCUSDC_SHORT,TF_ALL,,OK,0.0,2.771,-2.771,0,0.0,0.0,
BTCUSDC_SHORT,THROUGHPUT_DAILY_LOSS_RESET_UTC_HOUR,,OK,0.0,2.771,-2.771,0,0.0,0.0,
BTCUSDC_SHORT,THROUGHPUT_MAX_CONCURRENT_POSITIONS,,OK,0.0,2.771,-2.771,0,0.0,0.0,
BTCUSDC_SHORT,THROUGHPUT_MAX_CONCURRENT_POSITIONS_TRADIER,,OK,0.0,2.771,-2.771,0,0.0,0.0,
BTCUSDC_SHORT,THROUGHPUT_MAX_DAILY_LOSS_PCT,,OK,0.0,2.771,-2.771,0,0.0,0.0,
BTCUSDC_SHORT,THROUGHPUT_MAX_DAILY_LOSS_PCT_TRADIER,,OK,0.0,2.771,-2.771,0,0.0,0.0,
BTCUSDC_SHORT,THROUGHPUT_MAX_FIRES_PER_HOUR_PER_ACCOUNT,,OK,0.0,2.771,-2.771,0,0.0,0.0,
BTCUSDC_SHORT,THROUGHPUT_MAX_FIRES_PER_HOUR_PER_ACCOUNT_TRADIER,,OK,0.0,2.771,-2.771,0,0.0,0.0,
BTCUSDC_SHORT,THROUGHPUT_MAX_FIRES_PER_HOUR_PER_SYMBOL,,OK,0.0,2.771,-2.771,0,0.0,0.0,
BTCUSDC_SHORT,THROUGHPUT_MAX_TOTAL_NOTIONAL_USD,,OK,0.0,2.771,-2.771,0,0.0,0.0,
BTCUSDC_SHORT,THROUGHPUT_MAX_TOTAL_NOTIONAL_USD_TRADIER,,OK,0.0,2.771,-2.771,0,0.0,0.0,
BTCUSDC_SHORT,TRADEABLE_KEYS_MANDATORY_SIZE_USD,,OK,0.0,2.771,-2.771,0,0.0,0.0,
BTCUSDC_SHORT,TRENDER_INJECT_LIVE,,OK,0.0,2.771,-2.771,0,0.0,0.0,
BTCUSDC_SHORT,TRENDER_INJECT_SHADOW_LOG,,OK,0.0,2.771,-2.771,0,0.0,0.0,
BTCUSDC_SHORT,TRENDER_LIN_MIN,,OK,0.0,2.771,-2.771,0,0.0,0.0,
BTCUSDC_SHORT,TRENDER_QV_ANCHOR_USD,,OK,0.0,2.771,-2.771,0,0.0,0.0,
BTCUSDC_SHORT,TRENDER_QV_FLOOR_USD,,OK,0.0,2.771,-2.771,0,0.0,0.0,
BTCUSDC_SHORT,TRENDER_QV_MAX_BOOST,,OK,0.0,2.771,-2.771,0,0.0,0.0,
BTCUSDC_SHORT,TRENDER_RET24_MIN_PCT,,OK,0.0,2.771,-2.771,0,0.0,0.0,
BTCUSDC_SHORT,USE_WS_3M,,OK,0.0,2.771,-2.771,0,0.0,0.0,
BTCUSDC_SHORT,VEC_FIX_R1_REASON_STRING_FOR_DIFF,,OK,0.0,2.771,-2.771,0,0.0,0.0,
BTCUSDC_SHORT,VEC_MTF_ARMED_BYPASS_STRONG,,OK,0.0,2.771,-2.771,0,0.0,0.0,
BTCUSDC_SHORT,VEC_MTF_ARMED_RESULTING_REASON,,OK,0.0,2.771,-2.771,0,0.0,0.0,
BTCUSDC_SHORT,WORKER_INSTANCE_ID,,OK,0.0,2.771,-2.771,0,0.0,0.0,
BTCUSDC_SHORT,WORKER_TOTAL_INSTANCES,,OK,0.0,2.771,-2.771,0,0.0,0.0,
BTCUSDC_SHORT,ZEC_SUPERVISOR_HISTORY_LOOKBACK_MIN,,OK,0.0,2.771,-2.771,0,0.0,0.0,
BTCUSDC_SHORT,ZEC_SUPERVISOR_MODEL,,OK,0.0,2.771,-2.771,0,0.0,0.0,
BTCUSDC_SHORT,ZEC_SUPERVISOR_POLL_INTERVAL_SEC,,OK,0.0,2.771,-2.771,0,0.0,0.0,
BTCUSDC_SHORT,BB_AUTO_TUNE_ENABLED,,OK,0.0,2.771,-2.771,0,0.0,0.0,
BTCUSDC_SHORT,BB_AUTO_TUNE_LOOKBACK,,OK,0.0,2.771,-2.771,0,0.0,0.0,
BTCUSDC_SHORT,BB_AUTO_TUNE_MAX_MULT,,OK,0.0,2.771,-2.771,0,0.0,0.0,
BTCUSDC_SHORT,BB_AUTO_TUNE_MIN_MULT,,OK,0.0,2.771,-2.771,0,0.0,0.0,
BTCUSDC_SHORT,BB_BOT_THRESHOLD,,OK,0.0,2.771,-2.771,0,0.0,0.0,
BTCUSDC_SHORT,BB_LEN_D,,OK,0.0,2.771,-2.771,0,0.0,0.0,
BTCUSDC_SHORT,BB_STD_D,,OK,0.0,2.771,-2.771,0,0.0,0.0,
BTCUSDC_SHORT,BB_TOP_THRESHOLD,,OK,0.0,2.771,-2.771,0,0.0,0.0,
BTCUSDC_SHORT,BT_ALL_TF_AGAINST_CLOSE_ENABLED,,OK,0.0,2.771,-2.771,0,0.0,0.0,
BTCUSDC_SHORT,BT_DC_BB_D_BREAK_REVERSE_ENABLED,,OK,0.0,2.771,-2.771,0,0.0,0.0,
BTCUSDC_SHORT,BT_RIDICULOUS_HOLD_GUARD_ENABLED,,OK,0.0,2.771,-2.771,0,0.0,0.0,
BTCUSDC_SHORT,BT_RIDICULOUS_HOLD_HOURS,,OK,0.0,2.771,-2.771,0,0.0,0.0,
BTCUSDC_SHORT,BT_RIDICULOUS_LOSS_PCT,,OK,0.0,2.771,-2.771,0,0.0,0.0,
BTCUSDC_SHORT,DC_PERIOD_D,,OK,0.0,2.771,-2.771,0,0.0,0.0,
BTCUSDC_SHORT,DIVERGENCE_BLOCK_ENABLED,,OK,0.0,2.771,-2.771,0,0.0,0.0,
BTCUSDC_SHORT,DIVERGENCE_LB,,OK,0.0,2.771,-2.771,0,0.0,0.0,
BTCUSDC_SHORT,EMA_BLANKET_PERIOD,,OK,0.0,2.771,-2.771,0,0.0,0.0,
BTCUSDC_SHORT,EMA_BLANKET_TF,,OK,0.0,2.771,-2.771,0,0.0,0.0,
BTCUSDC_SHORT,ENTRY_MODE,,OK,0.0,2.771,-2.771,0,0.0,0.0,
BTCUSDC_SHORT,ENTRY_NR7_ENABLED,,OK,0.0,2.771,-2.771,0,0.0,0.0,
BTCUSDC_SHORT,ENTRY_NR_LOOKBACK,,OK,0.0,2.771,-2.771,0,0.0,0.0,
BTCUSDC_SHORT,ENTRY_RANGE_SHIFT_ENABLED,,OK,0.0,2.771,-2.771,0,0.0,0.0,
BTCUSDC_SHORT,ENTRY_SIGNAL_GATE_ENABLED,,OK,0.0,2.771,-2.771,0,0.0,0.0,
BTCUSDC_SHORT,FH_MOMENTUM_WINDOW_MINUTES,,OK,0.0,2.771,-2.771,0,0.0,0.0,
BTCUSDC_SHORT,FOLLOW_THROUGH_MIN_MOVE_PCT,,OK,0.0,2.771,-2.771,0,0.0,0.0,
BTCUSDC_SHORT,FOLLOW_THROUGH_WINDOW_BARS,,OK,0.0,2.771,-2.771,0,0.0,0.0,
BTCUSDC_SHORT,GOLDEN_RULE_ENFORCE_LOOP_ENABLED,,OK,0.0,2.771,-2.771,0,0.0,0.0,
BTCUSDC_SHORT,GOLDEN_RULE_HTF_MIN_TF,,OK,0.0,2.771,-2.771,0,0.0,0.0,
BTCUSDC_SHORT,GOLDEN_RULE_OR_LOGIC,,OK,0.0,2.771,-2.771,0,0.0,0.0,
BTCUSDC_SHORT,GROUP_COMBO,,OK,0.0,2.771,-2.771,0,0.0,0.0,
BTCUSDC_SHORT,HARD_LOSS_PCT,,OK,0.0,2.771,-2.771,0,0.0,0.0,
BTCUSDC_SHORT,HARD_LOSS_PCT_ENABLED,,OK,0.0,2.771,-2.771,0,0.0,0.0,
BTCUSDC_SHORT,HEDGE_CYCLES_ENABLED,,OK,0.0,2.771,-2.771,0,0.0,0.0,
BTCUSDC_SHORT,HEDGE_ENABLED,,OK,0.0,2.771,-2.771,0,0.0,0.0,
BTCUSDC_SHORT,HEDGE_SIZE_FRAC,,OK,0.0,2.771,-2.771,0,0.0,0.0,
BTCUSDC_SHORT,HEDGE_TRIGGER_GAIN_PCT,,OK,0.0,2.771,-2.771,0,0.0,0.0,
BTCUSDC_SHORT,HEDGE_TRIGGER_GAIN_PCT_ENABLED,,OK,0.0,2.771,-2.771,0,0.0,0.0,
BTCUSDC_SHORT,HEDGE_WT_TF,,OK,0.0,2.771,-2.771,0,0.0,0.0,
BTCUSDC_SHORT,HEDGE_WT_TRIGGER,,OK,0.0,2.771,-2.771,0,0.0,0.0,
BTCUSDC_SHORT,HIER_DC_BAND_PCT,,OK,0.0,2.771,-2.771,0,0.0,0.0,
BTCUSDC_SHORT,HIER_RZ_BOT_BB,,OK,0.0,2.771,-2.771,0,0.0,0.0,
BTCUSDC_SHORT,HIER_RZ_TOP_BB,,OK,0.0,2.771,-2.771,0,0.0,0.0,
BTCUSDC_SHORT,HIER_USE_W_M,,OK,0.0,2.771,-2.771,0,0.0,0.0,
BTCUSDC_SHORT,HIER_WT_DELTA_MIN,,OK,0.0,2.771,-2.771,0,0.0,0.0,
BTCUSDC_SHORT,HIER_WT_VEL_MIN,,OK,0.0,2.771,-2.771,0,0.0,0.0,
BTCUSDC_SHORT,LINEARITY_LR_LIN4H_MIN,,OK,0.0,2.771,-2.771,0,0.0,0.0,
BTCUSDC_SHORT,LINEARITY_LR_LONG_ENABLED,,OK,0.0,2.771,-2.771,0,0.0,0.0,
BTCUSDC_SHORT,LINEARITY_LR_REQUIRE_ALL,,OK,0.0,2.771,-2.771,0,0.0,0.0,
BTCUSDC_SHORT,LINEARITY_LR_SHORT_ENABLED,,OK,0.0,2.771,-2.771,0,0.0,0.0,
BTCUSDC_SHORT,LONG_ENABLED,,OK,0.0,2.771,-2.771,0,0.0,0.0,
BTCUSDC_SHORT,MICRO_SCALP_MIN_HOLD_BARS,,OK,0.0,2.771,-2.771,0,0.0,0.0,
BTCUSDC_SHORT,MIN_HOLD_MINUTES,,OK,0.0,2.771,-2.771,0,0.0,0.0,
BTCUSDC_SHORT,MIN_HOLD_MINUTES_CRYPTO,,OK,0.0,2.771,-2.771,0,0.0,0.0,
BTCUSDC_SHORT,MIN_TFS_AGREE,,OK,0.0,2.771,-2.771,0,0.0,0.0,
BTCUSDC_SHORT,MU_LONG_2276_BASE_PATHS,,OK,0.0,2.771,-2.771,0,0.0,0.0,
BTCUSDC_SHORT,PEAK_GIVEBACK_FIXED_DROP_PCT,,OK,0.0,2.771,-2.771,0,0.0,0.0,
BTCUSDC_SHORT,PEAK_GIVEBACK_FIXED_MIN_PEAK_PCT,,OK,0.0,2.771,-2.771,0,0.0,0.0,
BTCUSDC_SHORT,PEAK_GIVEBACK_FIXED_PCT_ENABLED,,OK,0.0,2.771,-2.771,0,0.0,0.0,
BTCUSDC_SHORT,PEAK_PROTECT_ENABLED,,OK,0.0,2.771,-2.771,0,0.0,0.0,
BTCUSDC_SHORT,PEAK_PROTECT_REQUIRE_GAIN,,OK,0.0,2.771,-2.771,0,0.0,0.0,
BTCUSDC_SHORT,PRICE_ACTION_LB,,OK,0.0,2.771,-2.771,0,0.0,0.0,
BTCUSDC_SHORT,RANGE_SHIFT_THRESHOLD,,OK,0.0,2.771,-2.771,0,0.0,0.0,
BTCUSDC_SHORT,RATIO_BOOST_ENABLED,,OK,0.0,2.771,-2.771,0,0.0,0.0,
BTCUSDC_SHORT,REQUIRE_ABOVE_SMA50_D,,OK,0.0,2.771,-2.771,0,0.0,0.0,
BTCUSDC_SHORT,REQUIRE_D_TREND,,OK,0.0,2.771,-2.771,0,0.0,0.0,
BTCUSDC_SHORT,REQUIRE_W_TREND,,OK,0.0,2.771,-2.771,0,0.0,0.0,
BTCUSDC_SHORT,RZ_CASCADE_AT_RZ_BAND_PCT,,OK,0.0,2.771,-2.771,0,0.0,0.0,
BTCUSDC_SHORT,RZ_CASCADE_HIGH_LOOKBACK,,OK,0.0,2.771,-2.771,0,0.0,0.0,
BTCUSDC_SHORT,RZ_CASCADE_REQUIRE_NEW_HIGH,,OK,0.0,2.771,-2.771,0,0.0,0.0,
BTCUSDC_SHORT,RZ_CASCADE_USE_W_M,,OK,0.0,2.771,-2.771,0,0.0,0.0,
BTCUSDC_SHORT,RZ_CASCADE_VEL_MIN,,OK,0.0,2.771,-2.771,0,0.0,0.0,
BTCUSDC_SHORT,RZ_CASCADE_WT_DELTA_MIN,,OK,0.0,2.771,-2.771,0,0.0,0.0,
BTCUSDC_SHORT,SATOSHIT_ENABLED_TRADIER,,OK,0.0,2.771,-2.771,0,0.0,0.0,
BTCUSDC_SHORT,SENTIMENT_BOOST_COOLDOWN_SEC,,OK,0.0,2.771,-2.771,0,0.0,0.0,
BTCUSDC_SHORT,SENTIMENT_BOOST_DEVIATION_PCT,,OK,0.0,2.771,-2.771,0,0.0,0.0,
BTCUSDC_SHORT,SENTIMENT_BOOST_MIN_GAIN_PCT,,OK,0.0,2.771,-2.771,0,0.0,0.0,
BTCUSDC_SHORT,SENTIMENT_BOOST_START_POSITION_SIZE,,OK,0.0,2.771,-2.771,0,0.0,0.0,
BTCUSDC_SHORT,SHORT_ENABLED,,OK,0.0,2.771,-2.771,0,0.0,0.0,
BTCUSDC_SHORT,TF_EXCLUDE,,OK,0.0,2.771,-2.771,0,0.0,0.0,
BTCUSDC_SHORT,TRADEABILITY_GATE_ENABLED,,OK,0.0,2.771,-2.771,0,0.0,0.0,
BTCUSDC_SHORT,TRADIER_DC_DAYTRADE_BUFFER,,OK,0.0,2.771,-2.771,0,0.0,0.0,
BTCUSDC_SHORT,TRADIER_DC_DAYTRADE_K_EXHAUSTED_LONG,,OK,0.0,2.771,-2.771,0,0.0,0.0,
BTCUSDC_SHORT,TRADIER_DC_DAYTRADE_K_EXHAUSTED_SHORT,,OK,0.0,2.771,-2.771,0,0.0,0.0,
BTCUSDC_SHORT,TRADIER_DC_DAYTRADE_STOCH_FILTER,,OK,0.0,2.771,-2.771,0,0.0,0.0,
BTCUSDC_SHORT,USE_DC_BREAK,,OK,0.0,2.771,-2.771,0,0.0,0.0,
BTCUSDC_SHORT,USE_RZ_CASCADE,,OK,0.0,2.771,-2.771,0,0.0,0.0,
BTCUSDC_SHORT,USE_V8_AGGREGATORS,,OK,0.0,2.771,-2.771,0,0.0,0.0,
BTCUSDC_SHORT,USE_WT_CROSS,,OK,0.0,2.771,-2.771,0,0.0,0.0,
BTCUSDC_SHORT,USE_WT_DC_HIERARCHY,,OK,0.0,2.771,-2.771,0,0.0,0.0,
BTCUSDC_SHORT,WT_AVG_D,,OK,0.0,2.771,-2.771,0,0.0,0.0,
BTCUSDC_SHORT,WT_CHAN_D,,OK,0.0,2.771,-2.771,0,0.0,0.0,
BTCUSDC_SHORT,WT_COMPOSITE_LONG_MIN,,OK,0.0,2.771,-2.771,0,0.0,0.0,
BTCUSDC_SHORT,WT_COMPOSITE_SHORT_MIN,,OK,0.0,2.771,-2.771,0,0.0,0.0,
BTCUSDC_SHORT,WT_CROSS_ENABLED,,OK,0.0,2.771,-2.771,0,0.0,0.0,
BTCUSDC_SHORT,WT_CROSS_TF,,OK,0.0,2.771,-2.771,0,0.0,0.0,
BTCUSDC_SHORT,X7_ABS_FLOOR_PCT,,OK,0.0,2.771,-2.771,0,0.0,0.0,
BTCUSDC_SHORT,X7_FREEZE_BB_TF,,OK,0.0,2.771,-2.771,0,0.0,0.0,
BTCUSDC_SHORT,X7_FREEZE_DC_TF,,OK,0.0,2.771,-2.771,0,0.0,0.0,
BTCUSDC_SHORT,X7_FROZEN_DC_STOP_ENABLED,,OK,0.0,2.771,-2.771,0,0.0,0.0,
BTCUSDC_SHORT,RATIO_SENTIMENT_SHORT_MAX,,OK,0.0,2.771,-2.771,0,0.0,0.0,
BTCUSDC_SHORT,STRICT_NO_LOSS,,OK,0.0,2.771,-2.771,0,0.0,0.0,
