sym_side,symbol,side,is_enabled_live,enabled_source,in_symbols_trb,in_trb_active_20260812,in_final_book_tradeable,trb_best_gain_pct,trb_best_bh_gain_pct,trb_best_score,trb_best_source,trb_overrides_count,trb_overrides_json,reentry_paths_true,churn_risk,eff_REENTRY_MANDATORY,src_REENTRY_MANDATORY,eff_REENTRY_TIER1_SIZE_MULT_TRADIER,src_REENTRY_TIER1_SIZE_MULT_TRADIER,eff_REENTRY_TIER2_SIZE_MULT_TRADIER,src_REENTRY_TIER2_SIZE_MULT_TRADIER,eff_REENTRY_B02_BC156_BOTTOM_ENABLED,src_REENTRY_B02_BC156_BOTTOM_ENABLED,eff_REENTRY_B04_DC_RETEST_ENABLED,src_REENTRY_B04_DC_RETEST_ENABLED,eff_REENTRY_B10_STOCH_REV_ENABLED,src_REENTRY_B10_STOCH_REV_ENABLED,eff_REENTRY_B11_DC_BREAK_ENABLED,src_REENTRY_B11_DC_BREAK_ENABLED,eff_REENTRY_B12_WT_MOM_ENABLED,src_REENTRY_B12_WT_MOM_ENABLED,eff_REENTRY_B14_HA_TREND_ENABLED,src_REENTRY_B14_HA_TREND_ENABLED,eff_REENTRY_B15_STRONG_TREND_ENABLED,src_REENTRY_B15_STRONG_TREND_ENABLED,eff_REENTRY_2_ENABLED,src_REENTRY_2_ENABLED,eff_REENTRY_NEVER_SKIP_ENABLED,src_REENTRY_NEVER_SKIP_ENABLED,eff_REENTRY_60MIN_UNCONDITIONAL_ENABLED,src_REENTRY_60MIN_UNCONDITIONAL_ENABLED,eff_REENTRY_60MIN_WINDOW_MIN,src_REENTRY_60MIN_WINDOW_MIN,eff_REENTRY_60MIN_MIN_PCT,src_REENTRY_60MIN_MIN_PCT,eff_LEGACY_GUARANTEED_REENTRY,src_LEGACY_GUARANTEED_REENTRY,eff_LEGACY_DC_BREAKOUT_REENTRY,src_LEGACY_DC_BREAKOUT_REENTRY,eff_EZ_REENTRY_PRICE_CROSS_GUARANTEE_ENABLED,src_EZ_REENTRY_PRICE_CROSS_GUARANTEE_ENABLED,eff_EZ_REENTRY_DAEMON_ENABLED,src_EZ_REENTRY_DAEMON_ENABLED,eff_REENTRY_CONFIRMATION_GATES_ENABLED,src_REENTRY_CONFIRMATION_GATES_ENABLED,eff_REENTRY_SYMGATE_ENABLED,src_REENTRY_SYMGATE_ENABLED,eff_WIN_TRAIL_EROSION_PCT,src_WIN_TRAIL_EROSION_PCT,eff_STOCH_CROSS_3M_EXIT_ENABLED,src_STOCH_CROSS_3M_EXIT_ENABLED,eff_BOUNCE_AUGMENT_K_D_THRESHOLD,src_BOUNCE_AUGMENT_K_D_THRESHOLD,eff_TRADIER_RSI2_ENABLED,src_TRADIER_RSI2_ENABLED,eff_PARTIAL_PROFIT_LOCK_ENABLED,src_PARTIAL_PROFIT_LOCK_ENABLED,eff_R1_DC_LOW4_3M_EMERGENCY_ENABLED,src_R1_DC_LOW4_3M_EMERGENCY_ENABLED,eff_WT_DC_EXIT_ENABLED,src_WT_DC_EXIT_ENABLED
AAPL_LONG,AAPL,LONG,True,symbols_trb_*.json (no book entry),True,True,False,0.06,0.048,0.3822,backtest_v8_engine --mode tradier --account trb --capital 10000,6,"{""BOUNCE_AUGMENT_K_D_THRESHOLD"": true, ""EMA_DIST_SIZING_MULT"": true, ""REENTRY_MANDATORY"": true, ""REENTRY_TIER1_SIZE_MULT_TRADIER"": true, ""STOCH_CROSS_3M_EXIT_ENABLED"": true, ""WIN_TRAIL_EROSION_PCT"": 0.125}",17,HIGH,True,trb/active_config.json,True,trb/active_config.json,0.8,config_tradier.py:TradierConfig global,True,config_tradier.py:TradierConfig global,True,config_tradier.py:TradierConfig global,True,config_tradier.py:TradierConfig global,True,config_tradier.py:TradierConfig global,True,config_tradier.py:TradierConfig global,True,config_tradier.py:TradierConfig global,True,config_tradier.py:TradierConfig global,True,config_tradier.py:TradierConfig global,True,config_tradier.py:TradierConfig global,True,config_tradier.py:TradierConfig global,1440.0,config_tradier.py:TradierConfig global,0.05,config_tradier.py:TradierConfig global,True,config_tradier.py:TradierConfig global,True,config_tradier.py:TradierConfig global,True,config_tradier.py:TradierConfig global,True,config_tradier.py:TradierConfig global,True,config_tradier.py:TradierConfig global,False,config_tradier.py:TradierConfig global,0.125,trb/active_config.json,True,trb/active_config.json,True,trb/active_config.json,True,config_tradier.py:TradierConfig global,True,config_tradier.py:TradierConfig global,False,config_tradier.py:TradierConfig global,True,config_tradier.py:TradierConfig global
ABBV_LONG,ABBV,LONG,True,symbols_trb_*.json (no book entry),True,False,False,,,,,0,,16,HIGH,True,config_tradier.py:TradierConfig global,1.5,config_tradier.py:TradierConfig global,0.8,config_tradier.py:TradierConfig global,True,config_tradier.py:TradierConfig global,True,config_tradier.py:TradierConfig global,True,config_tradier.py:TradierConfig global,True,config_tradier.py:TradierConfig global,True,config_tradier.py:TradierConfig global,True,config_tradier.py:TradierConfig global,True,config_tradier.py:TradierConfig global,True,config_tradier.py:TradierConfig global,True,config_tradier.py:TradierConfig global,True,config_tradier.py:TradierConfig global,1440.0,config_tradier.py:TradierConfig global,0.05,config_tradier.py:TradierConfig global,True,config_tradier.py:TradierConfig global,True,config_tradier.py:TradierConfig global,True,config_tradier.py:TradierConfig global,True,config_tradier.py:TradierConfig global,True,config_tradier.py:TradierConfig global,False,config_tradier.py:TradierConfig global,0.5,config_tradier.py:TradierConfig global,False,config_tradier.py:TradierConfig global,45.0,config_tradier.py:TradierConfig global,True,config_tradier.py:TradierConfig global,True,config_tradier.py:TradierConfig global,False,config_tradier.py:TradierConfig global,True,config_tradier.py:TradierConfig global
ACN_SHORT,ACN,SHORT,True,persym_final_book.json:tradeable,True,True,True,10.38,8.82,0.438,backtest_v8_engine --mode tradier --account trb --capital 10000,0,,16,HIGH,True,config_tradier.py:TradierConfig global,1.5,config_tradier.py:TradierConfig global,0.8,config_tradier.py:TradierConfig global,True,config_tradier.py:TradierConfig global,True,config_tradier.py:TradierConfig global,True,config_tradier.py:TradierConfig global,True,config_tradier.py:TradierConfig global,True,config_tradier.py:TradierConfig global,True,config_tradier.py:TradierConfig global,True,config_tradier.py:TradierConfig global,True,config_tradier.py:TradierConfig global,True,config_tradier.py:TradierConfig global,True,config_tradier.py:TradierConfig global,1440.0,config_tradier.py:TradierConfig global,0.05,config_tradier.py:TradierConfig global,True,config_tradier.py:TradierConfig global,True,config_tradier.py:TradierConfig global,True,config_tradier.py:TradierConfig global,True,config_tradier.py:TradierConfig global,True,config_tradier.py:TradierConfig global,False,config_tradier.py:TradierConfig global,0.5,config_tradier.py:TradierConfig global,False,config_tradier.py:TradierConfig global,45.0,config_tradier.py:TradierConfig global,True,config_tradier.py:TradierConfig global,True,config_tradier.py:TradierConfig global,False,config_tradier.py:TradierConfig global,True,config_tradier.py:TradierConfig global
ADP_LONG,ADP,LONG,True,symbols_trb_*.json (no book entry),True,False,False,,,,,0,,16,HIGH,True,config_tradier.py:TradierConfig global,1.5,config_tradier.py:TradierConfig global,0.8,config_tradier.py:TradierConfig global,True,config_tradier.py:TradierConfig global,True,config_tradier.py:TradierConfig global,True,config_tradier.py:TradierConfig global,True,config_tradier.py:TradierConfig global,True,config_tradier.py:TradierConfig global,True,config_tradier.py:TradierConfig global,True,config_tradier.py:TradierConfig global,True,config_tradier.py:TradierConfig global,True,config_tradier.py:TradierConfig global,True,config_tradier.py:TradierConfig global,1440.0,config_tradier.py:TradierConfig global,0.05,config_tradier.py:TradierConfig global,True,config_tradier.py:TradierConfig global,True,config_tradier.py:TradierConfig global,True,config_tradier.py:TradierConfig global,True,config_tradier.py:TradierConfig global,True,config_tradier.py:TradierConfig global,False,config_tradier.py:TradierConfig global,0.5,config_tradier.py:TradierConfig global,False,config_tradier.py:TradierConfig global,45.0,config_tradier.py:TradierConfig global,True,config_tradier.py:TradierConfig global,True,config_tradier.py:TradierConfig global,False,config_tradier.py:TradierConfig global,True,config_tradier.py:TradierConfig global
AEM_SHORT,AEM,SHORT,True,persym_final_book.json:tradeable,True,False,True,,,,,0,,16,HIGH,True,config_tradier.py:TradierConfig global,1.5,config_tradier.py:TradierConfig global,0.8,config_tradier.py:TradierConfig global,True,config_tradier.py:TradierConfig global,True,config_tradier.py:TradierConfig global,True,config_tradier.py:TradierConfig global,True,config_tradier.py:TradierConfig global,True,config_tradier.py:TradierConfig global,True,config_tradier.py:TradierConfig global,True,config_tradier.py:TradierConfig global,True,config_tradier.py:TradierConfig global,True,config_tradier.py:TradierConfig global,True,config_tradier.py:TradierConfig global,1440.0,config_tradier.py:TradierConfig global,0.05,config_tradier.py:TradierConfig global,True,config_tradier.py:TradierConfig global,True,config_tradier.py:TradierConfig global,True,config_tradier.py:TradierConfig global,True,config_tradier.py:TradierConfig global,True,config_tradier.py:TradierConfig global,False,config_tradier.py:TradierConfig global,0.5,config_tradier.py:TradierConfig global,False,config_tradier.py:TradierConfig global,45.0,config_tradier.py:TradierConfig global,True,config_tradier.py:TradierConfig global,True,config_tradier.py:TradierConfig global,False,config_tradier.py:TradierConfig global,True,config_tradier.py:TradierConfig global
AGI_LONG,AGI,LONG,False,not in symbols_trb,False,True,False,18.3,12.81,1.8,backtest_v8_engine --mode tradier --account trb --capital 10000,3,"{""REENTRY_MANDATORY"": true, ""WIN_TRAIL_EROSION_PCT"": 0.125, ""WT_EXIT_MIN_TFS"": 3}",16,BLOCKED,True,trb/active_config.json,1.5,config_tradier.py:TradierConfig global,0.8,config_tradier.py:TradierConfig global,True,config_tradier.py:TradierConfig global,True,config_tradier.py:TradierConfig global,True,config_tradier.py:TradierConfig global,True,config_tradier.py:TradierConfig global,True,config_tradier.py:TradierConfig global,True,config_tradier.py:TradierConfig global,True,config_tradier.py:TradierConfig global,True,config_tradier.py:TradierConfig global,True,config_tradier.py:TradierConfig global,True,config_tradier.py:TradierConfig global,1440.0,config_tradier.py:TradierConfig global,0.05,config_tradier.py:TradierConfig global,True,config_tradier.py:TradierConfig global,True,config_tradier.py:TradierConfig global,True,config_tradier.py:TradierConfig global,True,config_tradier.py:TradierConfig global,True,config_tradier.py:TradierConfig global,False,config_tradier.py:TradierConfig global,0.125,trb/active_config.json,False,config_tradier.py:TradierConfig global,45.0,config_tradier.py:TradierConfig global,True,config_tradier.py:TradierConfig global,True,config_tradier.py:TradierConfig global,False,config_tradier.py:TradierConfig global,True,config_tradier.py:TradierConfig global
AGI_SHORT,AGI,SHORT,True,persym_final_book.json:tradeable,True,True,True,12,5,0.6,backtest_v8_engine --mode tradier --account trb --capital 10000,0,,16,HIGH,True,config_tradier.py:TradierConfig global,1.5,config_tradier.py:TradierConfig global,0.8,config_tradier.py:TradierConfig global,True,config_tradier.py:TradierConfig global,True,config_tradier.py:TradierConfig global,True,config_tradier.py:TradierConfig global,True,config_tradier.py:TradierConfig global,True,config_tradier.py:TradierConfig global,True,config_tradier.py:TradierConfig global,True,config_tradier.py:TradierConfig global,True,config_tradier.py:TradierConfig global,True,config_tradier.py:TradierConfig global,True,config_tradier.py:TradierConfig global,1440.0,config_tradier.py:TradierConfig global,0.05,config_tradier.py:TradierConfig global,True,config_tradier.py:TradierConfig global,True,config_tradier.py:TradierConfig global,True,config_tradier.py:TradierConfig global,True,config_tradier.py:TradierConfig global,True,config_tradier.py:TradierConfig global,False,config_tradier.py:TradierConfig global,0.5,config_tradier.py:TradierConfig global,False,config_tradier.py:TradierConfig global,45.0,config_tradier.py:TradierConfig global,True,config_tradier.py:TradierConfig global,True,config_tradier.py:TradierConfig global,False,config_tradier.py:TradierConfig global,True,config_tradier.py:TradierConfig global
ALB_SHORT,ALB,SHORT,False,persym_final_book.json:disabled,False,True,False,11.3,9.61,0.53,backtest_v8_engine --mode tradier --account trb --capital 10000,0,,16,BLOCKED,True,config_tradier.py:TradierConfig global,1.5,config_tradier.py:TradierConfig global,0.8,config_tradier.py:TradierConfig global,True,config_tradier.py:TradierConfig global,True,config_tradier.py:TradierConfig global,True,config_tradier.py:TradierConfig global,True,config_tradier.py:TradierConfig global,True,config_tradier.py:TradierConfig global,True,config_tradier.py:TradierConfig global,True,config_tradier.py:TradierConfig global,True,config_tradier.py:TradierConfig global,True,config_tradier.py:TradierConfig global,True,config_tradier.py:TradierConfig global,1440.0,config_tradier.py:TradierConfig global,0.05,config_tradier.py:TradierConfig global,True,config_tradier.py:TradierConfig global,True,config_tradier.py:TradierConfig global,True,config_tradier.py:TradierConfig global,True,config_tradier.py:TradierConfig global,True,config_tradier.py:TradierConfig global,False,config_tradier.py:TradierConfig global,0.5,config_tradier.py:TradierConfig global,False,config_tradier.py:TradierConfig global,45.0,config_tradier.py:TradierConfig global,True,config_tradier.py:TradierConfig global,True,config_tradier.py:TradierConfig global,False,config_tradier.py:TradierConfig global,True,config_tradier.py:TradierConfig global
ALMU_SHORT,ALMU,SHORT,True,symbols_trb_*.json (no book entry),True,False,False,,,,,0,,16,HIGH,True,config_tradier.py:TradierConfig global,1.5,config_tradier.py:TradierConfig global,0.8,config_tradier.py:TradierConfig global,True,config_tradier.py:TradierConfig global,True,config_tradier.py:TradierConfig global,True,config_tradier.py:TradierConfig global,True,config_tradier.py:TradierConfig global,True,config_tradier.py:TradierConfig global,True,config_tradier.py:TradierConfig global,True,config_tradier.py:TradierConfig global,True,config_tradier.py:TradierConfig global,True,config_tradier.py:TradierConfig global,True,config_tradier.py:TradierConfig global,1440.0,config_tradier.py:TradierConfig global,0.05,config_tradier.py:TradierConfig global,True,config_tradier.py:TradierConfig global,True,config_tradier.py:TradierConfig global,True,config_tradier.py:TradierConfig global,True,config_tradier.py:TradierConfig global,True,config_tradier.py:TradierConfig global,False,config_tradier.py:TradierConfig global,0.5,config_tradier.py:TradierConfig global,False,config_tradier.py:TradierConfig global,45.0,config_tradier.py:TradierConfig global,True,config_tradier.py:TradierConfig global,True,config_tradier.py:TradierConfig global,False,config_tradier.py:TradierConfig global,True,config_tradier.py:TradierConfig global
AMD_LONG,AMD,LONG,True,persym_final_book.json:tradeable,True,True,True,7.29,6.2,0.129,backtest_v8_engine --mode tradier --account trb --capital 10000,0,,16,HIGH,True,config_tradier.py:TradierConfig global,1.5,config_tradier.py:TradierConfig global,0.8,config_tradier.py:TradierConfig global,True,config_tradier.py:TradierConfig global,True,config_tradier.py:TradierConfig global,True,config_tradier.py:TradierConfig global,True,config_tradier.py:TradierConfig global,True,config_tradier.py:TradierConfig global,True,config_tradier.py:TradierConfig global,True,config_tradier.py:TradierConfig global,True,config_tradier.py:TradierConfig global,True,config_tradier.py:TradierConfig global,True,config_tradier.py:TradierConfig global,1440.0,config_tradier.py:TradierConfig global,0.05,config_tradier.py:TradierConfig global,True,config_tradier.py:TradierConfig global,True,config_tradier.py:TradierConfig global,True,config_tradier.py:TradierConfig global,True,config_tradier.py:TradierConfig global,True,config_tradier.py:TradierConfig global,False,config_tradier.py:TradierConfig global,0.5,config_tradier.py:TradierConfig global,False,config_tradier.py:TradierConfig global,45.0,config_tradier.py:TradierConfig global,True,config_tradier.py:TradierConfig global,True,config_tradier.py:TradierConfig global,False,config_tradier.py:TradierConfig global,True,config_tradier.py:TradierConfig global
AMZN_LONG,AMZN,LONG,True,symbols_trb_*.json (no book entry),True,True,False,10.5,11,0.3,backtest_v8_engine --mode tradier --account trb --capital 10000,0,,16,HIGH,True,config_tradier.py:TradierConfig global,1.5,config_tradier.py:TradierConfig global,0.8,config_tradier.py:TradierConfig global,True,config_tradier.py:TradierConfig global,True,config_tradier.py:TradierConfig global,True,config_tradier.py:TradierConfig global,True,config_tradier.py:TradierConfig global,True,config_tradier.py:TradierConfig global,True,config_tradier.py:TradierConfig global,True,config_tradier.py:TradierConfig global,True,config_tradier.py:TradierConfig global,True,config_tradier.py:TradierConfig global,True,config_tradier.py:TradierConfig global,1440.0,config_tradier.py:TradierConfig global,0.05,config_tradier.py:TradierConfig global,True,config_tradier.py:TradierConfig global,True,config_tradier.py:TradierConfig global,True,config_tradier.py:TradierConfig global,True,config_tradier.py:TradierConfig global,True,config_tradier.py:TradierConfig global,False,config_tradier.py:TradierConfig global,0.5,config_tradier.py:TradierConfig global,False,config_tradier.py:TradierConfig global,45.0,config_tradier.py:TradierConfig global,True,config_tradier.py:TradierConfig global,True,config_tradier.py:TradierConfig global,False,config_tradier.py:TradierConfig global,True,config_tradier.py:TradierConfig global
APA_LONG,APA,LONG,True,symbols_trb_*.json (no book entry),True,False,False,,,,,0,,16,HIGH,True,config_tradier.py:TradierConfig global,1.5,config_tradier.py:TradierConfig global,0.8,config_tradier.py:TradierConfig global,True,config_tradier.py:TradierConfig global,True,config_tradier.py:TradierConfig global,True,config_tradier.py:TradierConfig global,True,config_tradier.py:TradierConfig global,True,config_tradier.py:TradierConfig global,True,config_tradier.py:TradierConfig global,True,config_tradier.py:TradierConfig global,True,config_tradier.py:TradierConfig global,True,config_tradier.py:TradierConfig global,True,config_tradier.py:TradierConfig global,1440.0,config_tradier.py:TradierConfig global,0.05,config_tradier.py:TradierConfig global,True,config_tradier.py:TradierConfig global,True,config_tradier.py:TradierConfig global,True,config_tradier.py:TradierConfig global,True,config_tradier.py:TradierConfig global,True,config_tradier.py:TradierConfig global,False,config_tradier.py:TradierConfig global,0.5,config_tradier.py:TradierConfig global,False,config_tradier.py:TradierConfig global,45.0,config_tradier.py:TradierConfig global,True,config_tradier.py:TradierConfig global,True,config_tradier.py:TradierConfig global,False,config_tradier.py:TradierConfig global,True,config_tradier.py:TradierConfig global
ARM_LONG,ARM,LONG,True,persym_final_book.json:tradeable,True,True,True,10.04,8.53,0.404,backtest_v8_engine --mode tradier --account trb --capital 10000,0,,16,HIGH,True,config_tradier.py:TradierConfig global,1.5,config_tradier.py:TradierConfig global,0.8,config_tradier.py:TradierConfig global,True,config_tradier.py:TradierConfig global,True,config_tradier.py:TradierConfig global,True,config_tradier.py:TradierConfig global,True,config_tradier.py:TradierConfig global,True,config_tradier.py:TradierConfig global,True,config_tradier.py:TradierConfig global,True,config_tradier.py:TradierConfig global,True,config_tradier.py:TradierConfig global,True,config_tradier.py:TradierConfig global,True,config_tradier.py:TradierConfig global,1440.0,config_tradier.py:TradierConfig global,0.05,config_tradier.py:TradierConfig global,True,config_tradier.py:TradierConfig global,True,config_tradier.py:TradierConfig global,True,config_tradier.py:TradierConfig global,True,config_tradier.py:TradierConfig global,True,config_tradier.py:TradierConfig global,False,config_tradier.py:TradierConfig global,0.5,config_tradier.py:TradierConfig global,False,config_tradier.py:TradierConfig global,45.0,config_tradier.py:TradierConfig global,True,config_tradier.py:TradierConfig global,True,config_tradier.py:TradierConfig global,False,config_tradier.py:TradierConfig global,True,config_tradier.py:TradierConfig global
AR_LONG,AR,LONG,True,persym_final_book.json:tradeable,False,True,True,11.2,9.52,0.52,backtest_v8_engine --mode tradier --account trb --capital 10000,0,,16,HIGH,True,config_tradier.py:TradierConfig global,1.5,config_tradier.py:TradierConfig global,0.8,config_tradier.py:TradierConfig global,True,config_tradier.py:TradierConfig global,True,config_tradier.py:TradierConfig global,True,config_tradier.py:TradierConfig global,True,config_tradier.py:TradierConfig global,True,config_tradier.py:TradierConfig global,True,config_tradier.py:TradierConfig global,True,config_tradier.py:TradierConfig global,True,config_tradier.py:TradierConfig global,True,config_tradier.py:TradierConfig global,True,config_tradier.py:TradierConfig global,1440.0,config_tradier.py:TradierConfig global,0.05,config_tradier.py:TradierConfig global,True,config_tradier.py:TradierConfig global,True,config_tradier.py:TradierConfig global,True,config_tradier.py:TradierConfig global,True,config_tradier.py:TradierConfig global,True,config_tradier.py:TradierConfig global,False,config_tradier.py:TradierConfig global,0.5,config_tradier.py:TradierConfig global,False,config_tradier.py:TradierConfig global,45.0,config_tradier.py:TradierConfig global,True,config_tradier.py:TradierConfig global,True,config_tradier.py:TradierConfig global,False,config_tradier.py:TradierConfig global,True,config_tradier.py:TradierConfig global
ASML_LONG,ASML,LONG,True,persym_final_book.json:tradeable,True,True,True,0.16,0.128,0.0554,backtest_v8_engine --mode tradier --account trb --capital 10000,0,,16,HIGH,True,config_tradier.py:TradierConfig global,1.5,config_tradier.py:TradierConfig global,0.8,config_tradier.py:TradierConfig global,True,config_tradier.py:TradierConfig global,True,config_tradier.py:TradierConfig global,True,config_tradier.py:TradierConfig global,True,config_tradier.py:TradierConfig global,True,config_tradier.py:TradierConfig global,True,config_tradier.py:TradierConfig global,True,config_tradier.py:TradierConfig global,True,config_tradier.py:TradierConfig global,True,config_tradier.py:TradierConfig global,True,config_tradier.py:TradierConfig global,1440.0,config_tradier.py:TradierConfig global,0.05,config_tradier.py:TradierConfig global,True,config_tradier.py:TradierConfig global,True,config_tradier.py:TradierConfig global,True,config_tradier.py:TradierConfig global,True,config_tradier.py:TradierConfig global,True,config_tradier.py:TradierConfig global,False,config_tradier.py:TradierConfig global,0.5,config_tradier.py:TradierConfig global,False,config_tradier.py:TradierConfig global,45.0,config_tradier.py:TradierConfig global,True,config_tradier.py:TradierConfig global,True,config_tradier.py:TradierConfig global,False,config_tradier.py:TradierConfig global,True,config_tradier.py:TradierConfig global
ASTS_LONG,ASTS,LONG,True,persym_final_book.json:tradeable,False,True,True,4.36,3.71,0.336,backtest_v8_engine --mode tradier --account trb --capital 10000,0,,16,HIGH,True,config_tradier.py:TradierConfig global,1.5,config_tradier.py:TradierConfig global,0.8,config_tradier.py:TradierConfig global,True,config_tradier.py:TradierConfig global,True,config_tradier.py:TradierConfig global,True,config_tradier.py:TradierConfig global,True,config_tradier.py:TradierConfig global,True,config_tradier.py:TradierConfig global,True,config_tradier.py:TradierConfig global,True,config_tradier.py:TradierConfig global,True,config_tradier.py:TradierConfig global,True,config_tradier.py:TradierConfig global,True,config_tradier.py:TradierConfig global,1440.0,config_tradier.py:TradierConfig global,0.05,config_tradier.py:TradierConfig global,True,config_tradier.py:TradierConfig global,True,config_tradier.py:TradierConfig global,True,config_tradier.py:TradierConfig global,True,config_tradier.py:TradierConfig global,True,config_tradier.py:TradierConfig global,False,config_tradier.py:TradierConfig global,0.5,config_tradier.py:TradierConfig global,False,config_tradier.py:TradierConfig global,45.0,config_tradier.py:TradierConfig global,True,config_tradier.py:TradierConfig global,True,config_tradier.py:TradierConfig global,False,config_tradier.py:TradierConfig global,True,config_tradier.py:TradierConfig global
ASTS_SHORT,ASTS,SHORT,True,persym_final_book.json:tradeable,True,False,True,,,,,0,,16,HIGH,True,config_tradier.py:TradierConfig global,1.5,config_tradier.py:TradierConfig global,0.8,config_tradier.py:TradierConfig global,True,config_tradier.py:TradierConfig global,True,config_tradier.py:TradierConfig global,True,config_tradier.py:TradierConfig global,True,config_tradier.py:TradierConfig global,True,config_tradier.py:TradierConfig global,True,config_tradier.py:TradierConfig global,True,config_tradier.py:TradierConfig global,True,config_tradier.py:TradierConfig global,True,config_tradier.py:TradierConfig global,True,config_tradier.py:TradierConfig global,1440.0,config_tradier.py:TradierConfig global,0.05,config_tradier.py:TradierConfig global,True,config_tradier.py:TradierConfig global,True,config_tradier.py:TradierConfig global,True,config_tradier.py:TradierConfig global,True,config_tradier.py:TradierConfig global,True,config_tradier.py:TradierConfig global,False,config_tradier.py:TradierConfig global,0.5,config_tradier.py:TradierConfig global,False,config_tradier.py:TradierConfig global,45.0,config_tradier.py:TradierConfig global,True,config_tradier.py:TradierConfig global,True,config_tradier.py:TradierConfig global,False,config_tradier.py:TradierConfig global,True,config_tradier.py:TradierConfig global
AU_SHORT,AU,SHORT,True,persym_final_book.json:tradeable,True,False,True,,,,,0,,16,HIGH,True,config_tradier.py:TradierConfig global,1.5,config_tradier.py:TradierConfig global,0.8,config_tradier.py:TradierConfig global,True,config_tradier.py:TradierConfig global,True,config_tradier.py:TradierConfig global,True,config_tradier.py:TradierConfig global,True,config_tradier.py:TradierConfig global,True,config_tradier.py:TradierConfig global,True,config_tradier.py:TradierConfig global,True,config_tradier.py:TradierConfig global,True,config_tradier.py:TradierConfig global,True,config_tradier.py:TradierConfig global,True,config_tradier.py:TradierConfig global,1440.0,config_tradier.py:TradierConfig global,0.05,config_tradier.py:TradierConfig global,True,config_tradier.py:TradierConfig global,True,config_tradier.py:TradierConfig global,True,config_tradier.py:TradierConfig global,True,config_tradier.py:TradierConfig global,True,config_tradier.py:TradierConfig global,False,config_tradier.py:TradierConfig global,0.5,config_tradier.py:TradierConfig global,False,config_tradier.py:TradierConfig global,45.0,config_tradier.py:TradierConfig global,True,config_tradier.py:TradierConfig global,True,config_tradier.py:TradierConfig global,False,config_tradier.py:TradierConfig global,True,config_tradier.py:TradierConfig global
AVGO_LONG,AVGO,LONG,True,symbols_trb_*.json (no book entry),True,False,False,,,,,0,,16,HIGH,True,config_tradier.py:TradierConfig global,1.5,config_tradier.py:TradierConfig global,0.8,config_tradier.py:TradierConfig global,True,config_tradier.py:TradierConfig global,True,config_tradier.py:TradierConfig global,True,config_tradier.py:TradierConfig global,True,config_tradier.py:TradierConfig global,True,config_tradier.py:TradierConfig global,True,config_tradier.py:TradierConfig global,True,config_tradier.py:TradierConfig global,True,config_tradier.py:TradierConfig global,True,config_tradier.py:TradierConfig global,True,config_tradier.py:TradierConfig global,1440.0,config_tradier.py:TradierConfig global,0.05,config_tradier.py:TradierConfig global,True,config_tradier.py:TradierConfig global,True,config_tradier.py:TradierConfig global,True,config_tradier.py:TradierConfig global,True,config_tradier.py:TradierConfig global,True,config_tradier.py:TradierConfig global,False,config_tradier.py:TradierConfig global,0.5,config_tradier.py:TradierConfig global,False,config_tradier.py:TradierConfig global,45.0,config_tradier.py:TradierConfig global,True,config_tradier.py:TradierConfig global,True,config_tradier.py:TradierConfig global,False,config_tradier.py:TradierConfig global,True,config_tradier.py:TradierConfig global
A_LONG,A,LONG,True,symbols_trb_*.json (no book entry),True,True,False,7.59,6.45,0.159,backtest_v8_engine --mode tradier --account trb --capital 10000,0,,16,HIGH,True,config_tradier.py:TradierConfig global,1.5,config_tradier.py:TradierConfig global,0.8,config_tradier.py:TradierConfig global,True,config_tradier.py:TradierConfig global,True,config_tradier.py:TradierConfig global,True,config_tradier.py:TradierConfig global,True,config_tradier.py:TradierConfig global,True,config_tradier.py:TradierConfig global,True,config_tradier.py:TradierConfig global,True,config_tradier.py:TradierConfig global,True,config_tradier.py:TradierConfig global,True,config_tradier.py:TradierConfig global,True,config_tradier.py:TradierConfig global,1440.0,config_tradier.py:TradierConfig global,0.05,config_tradier.py:TradierConfig global,True,config_tradier.py:TradierConfig global,True,config_tradier.py:TradierConfig global,True,config_tradier.py:TradierConfig global,True,config_tradier.py:TradierConfig global,True,config_tradier.py:TradierConfig global,False,config_tradier.py:TradierConfig global,0.5,config_tradier.py:TradierConfig global,False,config_tradier.py:TradierConfig global,45.0,config_tradier.py:TradierConfig global,True,config_tradier.py:TradierConfig global,True,config_tradier.py:TradierConfig global,False,config_tradier.py:TradierConfig global,True,config_tradier.py:TradierConfig global
BG_LONG,BG,LONG,True,persym_final_book.json:tradeable,False,True,True,2.08,1.77,0.108,backtest_v8_engine --mode tradier --account trb --capital 10000,0,,16,HIGH,True,config_tradier.py:TradierConfig global,1.5,config_tradier.py:TradierConfig global,0.8,config_tradier.py:TradierConfig global,True,config_tradier.py:TradierConfig global,True,config_tradier.py:TradierConfig global,True,config_tradier.py:TradierConfig global,True,config_tradier.py:TradierConfig global,True,config_tradier.py:TradierConfig global,True,config_tradier.py:TradierConfig global,True,config_tradier.py:TradierConfig global,True,config_tradier.py:TradierConfig global,True,config_tradier.py:TradierConfig global,True,config_tradier.py:TradierConfig global,1440.0,config_tradier.py:TradierConfig global,0.05,config_tradier.py:TradierConfig global,True,config_tradier.py:TradierConfig global,True,config_tradier.py:TradierConfig global,True,config_tradier.py:TradierConfig global,True,config_tradier.py:TradierConfig global,True,config_tradier.py:TradierConfig global,False,config_tradier.py:TradierConfig global,0.5,config_tradier.py:TradierConfig global,False,config_tradier.py:TradierConfig global,45.0,config_tradier.py:TradierConfig global,True,config_tradier.py:TradierConfig global,True,config_tradier.py:TradierConfig global,False,config_tradier.py:TradierConfig global,True,config_tradier.py:TradierConfig global
BNO_LONG,BNO,LONG,False,persym_final_book.json:disabled,False,True,False,11.81,10.04,0.581,backtest_v8_engine --mode tradier --account trb --capital 10000,0,,16,BLOCKED,True,config_tradier.py:TradierConfig global,1.5,config_tradier.py:TradierConfig global,0.8,config_tradier.py:TradierConfig global,True,config_tradier.py:TradierConfig global,True,config_tradier.py:TradierConfig global,True,config_tradier.py:TradierConfig global,True,config_tradier.py:TradierConfig global,True,config_tradier.py:TradierConfig global,True,config_tradier.py:TradierConfig global,True,config_tradier.py:TradierConfig global,True,config_tradier.py:TradierConfig global,True,config_tradier.py:TradierConfig global,True,config_tradier.py:TradierConfig global,1440.0,config_tradier.py:TradierConfig global,0.05,config_tradier.py:TradierConfig global,True,config_tradier.py:TradierConfig global,True,config_tradier.py:TradierConfig global,True,config_tradier.py:TradierConfig global,True,config_tradier.py:TradierConfig global,True,config_tradier.py:TradierConfig global,False,config_tradier.py:TradierConfig global,0.5,config_tradier.py:TradierConfig global,False,config_tradier.py:TradierConfig global,45.0,config_tradier.py:TradierConfig global,True,config_tradier.py:TradierConfig global,True,config_tradier.py:TradierConfig global,False,config_tradier.py:TradierConfig global,True,config_tradier.py:TradierConfig global
BWXT_SHORT,BWXT,SHORT,True,persym_final_book.json:tradeable,True,False,True,,,,,0,,16,HIGH,True,config_tradier.py:TradierConfig global,1.5,config_tradier.py:TradierConfig global,0.8,config_tradier.py:TradierConfig global,True,config_tradier.py:TradierConfig global,True,config_tradier.py:TradierConfig global,True,config_tradier.py:TradierConfig global,True,config_tradier.py:TradierConfig global,True,config_tradier.py:TradierConfig global,True,config_tradier.py:TradierConfig global,True,config_tradier.py:TradierConfig global,True,config_tradier.py:TradierConfig global,True,config_tradier.py:TradierConfig global,True,config_tradier.py:TradierConfig global,1440.0,config_tradier.py:TradierConfig global,0.05,config_tradier.py:TradierConfig global,True,config_tradier.py:TradierConfig global,True,config_tradier.py:TradierConfig global,True,config_tradier.py:TradierConfig global,True,config_tradier.py:TradierConfig global,True,config_tradier.py:TradierConfig global,False,config_tradier.py:TradierConfig global,0.5,config_tradier.py:TradierConfig global,False,config_tradier.py:TradierConfig global,45.0,config_tradier.py:TradierConfig global,True,config_tradier.py:TradierConfig global,True,config_tradier.py:TradierConfig global,False,config_tradier.py:TradierConfig global,True,config_tradier.py:TradierConfig global
CAT_LONG,CAT,LONG,True,persym_final_book.json:tradeable,True,False,True,,,,,0,,16,HIGH,True,config_tradier.py:TradierConfig global,1.5,config_tradier.py:TradierConfig global,0.8,config_tradier.py:TradierConfig global,True,config_tradier.py:TradierConfig global,True,config_tradier.py:TradierConfig global,True,config_tradier.py:TradierConfig global,True,config_tradier.py:TradierConfig global,True,config_tradier.py:TradierConfig global,True,config_tradier.py:TradierConfig global,True,config_tradier.py:TradierConfig global,True,config_tradier.py:TradierConfig global,True,config_tradier.py:TradierConfig global,True,config_tradier.py:TradierConfig global,1440.0,config_tradier.py:TradierConfig global,0.05,config_tradier.py:TradierConfig global,True,config_tradier.py:TradierConfig global,True,config_tradier.py:TradierConfig global,True,config_tradier.py:TradierConfig global,True,config_tradier.py:TradierConfig global,True,config_tradier.py:TradierConfig global,False,config_tradier.py:TradierConfig global,0.5,config_tradier.py:TradierConfig global,False,config_tradier.py:TradierConfig global,45.0,config_tradier.py:TradierConfig global,True,config_tradier.py:TradierConfig global,True,config_tradier.py:TradierConfig global,False,config_tradier.py:TradierConfig global,True,config_tradier.py:TradierConfig global
CDE_SHORT,CDE,SHORT,True,persym_final_book.json:tradeable,True,False,True,,,,,0,,16,HIGH,True,config_tradier.py:TradierConfig global,1.5,config_tradier.py:TradierConfig global,0.8,config_tradier.py:TradierConfig global,True,config_tradier.py:TradierConfig global,True,config_tradier.py:TradierConfig global,True,config_tradier.py:TradierConfig global,True,config_tradier.py:TradierConfig global,True,config_tradier.py:TradierConfig global,True,config_tradier.py:TradierConfig global,True,config_tradier.py:TradierConfig global,True,config_tradier.py:TradierConfig global,True,config_tradier.py:TradierConfig global,True,config_tradier.py:TradierConfig global,1440.0,config_tradier.py:TradierConfig global,0.05,config_tradier.py:TradierConfig global,True,config_tradier.py:TradierConfig global,True,config_tradier.py:TradierConfig global,True,config_tradier.py:TradierConfig global,True,config_tradier.py:TradierConfig global,True,config_tradier.py:TradierConfig global,False,config_tradier.py:TradierConfig global,0.5,config_tradier.py:TradierConfig global,False,config_tradier.py:TradierConfig global,45.0,config_tradier.py:TradierConfig global,True,config_tradier.py:TradierConfig global,True,config_tradier.py:TradierConfig global,False,config_tradier.py:TradierConfig global,True,config_tradier.py:TradierConfig global
CF_LONG,CF,LONG,True,symbols_trb_*.json (no book entry),True,True,False,4.61,3.92,0.361,backtest_v8_engine --mode tradier --account trb --capital 10000,0,,16,HIGH,True,config_tradier.py:TradierConfig global,1.5,config_tradier.py:TradierConfig global,0.8,config_tradier.py:TradierConfig global,True,config_tradier.py:TradierConfig global,True,config_tradier.py:TradierConfig global,True,config_tradier.py:TradierConfig global,True,config_tradier.py:TradierConfig global,True,config_tradier.py:TradierConfig global,True,config_tradier.py:TradierConfig global,True,config_tradier.py:TradierConfig global,True,config_tradier.py:TradierConfig global,True,config_tradier.py:TradierConfig global,True,config_tradier.py:TradierConfig global,1440.0,config_tradier.py:TradierConfig global,0.05,config_tradier.py:TradierConfig global,True,config_tradier.py:TradierConfig global,True,config_tradier.py:TradierConfig global,True,config_tradier.py:TradierConfig global,True,config_tradier.py:TradierConfig global,True,config_tradier.py:TradierConfig global,False,config_tradier.py:TradierConfig global,0.5,config_tradier.py:TradierConfig global,False,config_tradier.py:TradierConfig global,45.0,config_tradier.py:TradierConfig global,True,config_tradier.py:TradierConfig global,True,config_tradier.py:TradierConfig global,False,config_tradier.py:TradierConfig global,True,config_tradier.py:TradierConfig global
CIBR_LONG,CIBR,LONG,False,persym_final_book.json:disabled,True,False,False,,,,,0,,16,BLOCKED,True,config_tradier.py:TradierConfig global,1.5,config_tradier.py:TradierConfig global,0.8,config_tradier.py:TradierConfig global,True,config_tradier.py:TradierConfig global,True,config_tradier.py:TradierConfig global,True,config_tradier.py:TradierConfig global,True,config_tradier.py:TradierConfig global,True,config_tradier.py:TradierConfig global,True,config_tradier.py:TradierConfig global,True,config_tradier.py:TradierConfig global,True,config_tradier.py:TradierConfig global,True,config_tradier.py:TradierConfig global,True,config_tradier.py:TradierConfig global,1440.0,config_tradier.py:TradierConfig global,0.05,config_tradier.py:TradierConfig global,True,config_tradier.py:TradierConfig global,True,config_tradier.py:TradierConfig global,True,config_tradier.py:TradierConfig global,True,config_tradier.py:TradierConfig global,True,config_tradier.py:TradierConfig global,False,config_tradier.py:TradierConfig global,0.5,config_tradier.py:TradierConfig global,False,config_tradier.py:TradierConfig global,45.0,config_tradier.py:TradierConfig global,True,config_tradier.py:TradierConfig global,True,config_tradier.py:TradierConfig global,False,config_tradier.py:TradierConfig global,True,config_tradier.py:TradierConfig global
CIEN_SHORT,CIEN,SHORT,False,not in symbols_trb,False,True,False,8.64,7.34,0.264,backtest_v8_engine --mode tradier --account trb --capital 10000,0,,16,BLOCKED,True,config_tradier.py:TradierConfig global,1.5,config_tradier.py:TradierConfig global,0.8,config_tradier.py:TradierConfig global,True,config_tradier.py:TradierConfig global,True,config_tradier.py:TradierConfig global,True,config_tradier.py:TradierConfig global,True,config_tradier.py:TradierConfig global,True,config_tradier.py:TradierConfig global,True,config_tradier.py:TradierConfig global,True,config_tradier.py:TradierConfig global,True,config_tradier.py:TradierConfig global,True,config_tradier.py:TradierConfig global,True,config_tradier.py:TradierConfig global,1440.0,config_tradier.py:TradierConfig global,0.05,config_tradier.py:TradierConfig global,True,config_tradier.py:TradierConfig global,True,config_tradier.py:TradierConfig global,True,config_tradier.py:TradierConfig global,True,config_tradier.py:TradierConfig global,True,config_tradier.py:TradierConfig global,False,config_tradier.py:TradierConfig global,0.5,config_tradier.py:TradierConfig global,False,config_tradier.py:TradierConfig global,45.0,config_tradier.py:TradierConfig global,True,config_tradier.py:TradierConfig global,True,config_tradier.py:TradierConfig global,False,config_tradier.py:TradierConfig global,True,config_tradier.py:TradierConfig global
CLF_SHORT,CLF,SHORT,True,persym_final_book.json:tradeable,True,True,True,5.42,4.61,0.442,backtest_v8_engine --mode tradier --account trb --capital 10000,0,,16,HIGH,True,config_tradier.py:TradierConfig global,1.5,config_tradier.py:TradierConfig global,0.8,config_tradier.py:TradierConfig global,True,config_tradier.py:TradierConfig global,True,config_tradier.py:TradierConfig global,True,config_tradier.py:TradierConfig global,True,config_tradier.py:TradierConfig global,True,config_tradier.py:TradierConfig global,True,config_tradier.py:TradierConfig global,True,config_tradier.py:TradierConfig global,True,config_tradier.py:TradierConfig global,True,config_tradier.py:TradierConfig global,True,config_tradier.py:TradierConfig global,1440.0,config_tradier.py:TradierConfig global,0.05,config_tradier.py:TradierConfig global,True,config_tradier.py:TradierConfig global,True,config_tradier.py:TradierConfig global,True,config_tradier.py:TradierConfig global,True,config_tradier.py:TradierConfig global,True,config_tradier.py:TradierConfig global,False,config_tradier.py:TradierConfig global,0.5,config_tradier.py:TradierConfig global,False,config_tradier.py:TradierConfig global,45.0,config_tradier.py:TradierConfig global,True,config_tradier.py:TradierConfig global,True,config_tradier.py:TradierConfig global,False,config_tradier.py:TradierConfig global,True,config_tradier.py:TradierConfig global
CLX_SHORT,CLX,SHORT,True,persym_final_book.json:tradeable,True,False,True,,,,,0,,16,HIGH,True,config_tradier.py:TradierConfig global,1.5,config_tradier.py:TradierConfig global,0.8,config_tradier.py:TradierConfig global,True,config_tradier.py:TradierConfig global,True,config_tradier.py:TradierConfig global,True,config_tradier.py:TradierConfig global,True,config_tradier.py:TradierConfig global,True,config_tradier.py:TradierConfig global,True,config_tradier.py:TradierConfig global,True,config_tradier.py:TradierConfig global,True,config_tradier.py:TradierConfig global,True,config_tradier.py:TradierConfig global,True,config_tradier.py:TradierConfig global,1440.0,config_tradier.py:TradierConfig global,0.05,config_tradier.py:TradierConfig global,True,config_tradier.py:TradierConfig global,True,config_tradier.py:TradierConfig global,True,config_tradier.py:TradierConfig global,True,config_tradier.py:TradierConfig global,True,config_tradier.py:TradierConfig global,False,config_tradier.py:TradierConfig global,0.5,config_tradier.py:TradierConfig global,False,config_tradier.py:TradierConfig global,45.0,config_tradier.py:TradierConfig global,True,config_tradier.py:TradierConfig global,True,config_tradier.py:TradierConfig global,False,config_tradier.py:TradierConfig global,True,config_tradier.py:TradierConfig global
CMC_LONG,CMC,LONG,True,persym_final_book.json:tradeable,True,True,True,10.43,8.87,0.443,backtest_v8_engine --mode tradier --account trb --capital 10000,0,,16,HIGH,True,config_tradier.py:TradierConfig global,1.5,config_tradier.py:TradierConfig global,0.8,config_tradier.py:TradierConfig global,True,config_tradier.py:TradierConfig global,True,config_tradier.py:TradierConfig global,True,config_tradier.py:TradierConfig global,True,config_tradier.py:TradierConfig global,True,config_tradier.py:TradierConfig global,True,config_tradier.py:TradierConfig global,True,config_tradier.py:TradierConfig global,True,config_tradier.py:TradierConfig global,True,config_tradier.py:TradierConfig global,True,config_tradier.py:TradierConfig global,1440.0,config_tradier.py:TradierConfig global,0.05,config_tradier.py:TradierConfig global,True,config_tradier.py:TradierConfig global,True,config_tradier.py:TradierConfig global,True,config_tradier.py:TradierConfig global,True,config_tradier.py:TradierConfig global,True,config_tradier.py:TradierConfig global,False,config_tradier.py:TradierConfig global,0.5,config_tradier.py:TradierConfig global,False,config_tradier.py:TradierConfig global,45.0,config_tradier.py:TradierConfig global,True,config_tradier.py:TradierConfig global,True,config_tradier.py:TradierConfig global,False,config_tradier.py:TradierConfig global,True,config_tradier.py:TradierConfig global
CME_SHORT,CME,SHORT,True,persym_final_book.json:tradeable,True,False,True,,,,,0,,16,HIGH,True,config_tradier.py:TradierConfig global,1.5,config_tradier.py:TradierConfig global,0.8,config_tradier.py:TradierConfig global,True,config_tradier.py:TradierConfig global,True,config_tradier.py:TradierConfig global,True,config_tradier.py:TradierConfig global,True,config_tradier.py:TradierConfig global,True,config_tradier.py:TradierConfig global,True,config_tradier.py:TradierConfig global,True,config_tradier.py:TradierConfig global,True,config_tradier.py:TradierConfig global,True,config_tradier.py:TradierConfig global,True,config_tradier.py:TradierConfig global,1440.0,config_tradier.py:TradierConfig global,0.05,config_tradier.py:TradierConfig global,True,config_tradier.py:TradierConfig global,True,config_tradier.py:TradierConfig global,True,config_tradier.py:TradierConfig global,True,config_tradier.py:TradierConfig global,True,config_tradier.py:TradierConfig global,False,config_tradier.py:TradierConfig global,0.5,config_tradier.py:TradierConfig global,False,config_tradier.py:TradierConfig global,45.0,config_tradier.py:TradierConfig global,True,config_tradier.py:TradierConfig global,True,config_tradier.py:TradierConfig global,False,config_tradier.py:TradierConfig global,True,config_tradier.py:TradierConfig global
COE_SHORT,COE,SHORT,True,symbols_trb_*.json (no book entry),True,False,False,,,,,0,,16,HIGH,True,config_tradier.py:TradierConfig global,1.5,config_tradier.py:TradierConfig global,0.8,config_tradier.py:TradierConfig global,True,config_tradier.py:TradierConfig global,True,config_tradier.py:TradierConfig global,True,config_tradier.py:TradierConfig global,True,config_tradier.py:TradierConfig global,True,config_tradier.py:TradierConfig global,True,config_tradier.py:TradierConfig global,True,config_tradier.py:TradierConfig global,True,config_tradier.py:TradierConfig global,True,config_tradier.py:TradierConfig global,True,config_tradier.py:TradierConfig global,1440.0,config_tradier.py:TradierConfig global,0.05,config_tradier.py:TradierConfig global,True,config_tradier.py:TradierConfig global,True,config_tradier.py:TradierConfig global,True,config_tradier.py:TradierConfig global,True,config_tradier.py:TradierConfig global,True,config_tradier.py:TradierConfig global,False,config_tradier.py:TradierConfig global,0.5,config_tradier.py:TradierConfig global,False,config_tradier.py:TradierConfig global,45.0,config_tradier.py:TradierConfig global,True,config_tradier.py:TradierConfig global,True,config_tradier.py:TradierConfig global,False,config_tradier.py:TradierConfig global,True,config_tradier.py:TradierConfig global
CRWD_SHORT,CRWD,SHORT,True,persym_final_book.json:tradeable,True,False,True,,,,,0,,16,HIGH,True,config_tradier.py:TradierConfig global,1.5,config_tradier.py:TradierConfig global,0.8,config_tradier.py:TradierConfig global,True,config_tradier.py:TradierConfig global,True,config_tradier.py:TradierConfig global,True,config_tradier.py:TradierConfig global,True,config_tradier.py:TradierConfig global,True,config_tradier.py:TradierConfig global,True,config_tradier.py:TradierConfig global,True,config_tradier.py:TradierConfig global,True,config_tradier.py:TradierConfig global,True,config_tradier.py:TradierConfig global,True,config_tradier.py:TradierConfig global,1440.0,config_tradier.py:TradierConfig global,0.05,config_tradier.py:TradierConfig global,True,config_tradier.py:TradierConfig global,True,config_tradier.py:TradierConfig global,True,config_tradier.py:TradierConfig global,True,config_tradier.py:TradierConfig global,True,config_tradier.py:TradierConfig global,False,config_tradier.py:TradierConfig global,0.5,config_tradier.py:TradierConfig global,False,config_tradier.py:TradierConfig global,45.0,config_tradier.py:TradierConfig global,True,config_tradier.py:TradierConfig global,True,config_tradier.py:TradierConfig global,False,config_tradier.py:TradierConfig global,True,config_tradier.py:TradierConfig global
DAR_LONG,DAR,LONG,True,persym_final_book.json:tradeable,True,True,True,4.85,4.12,0.385,backtest_v8_engine --mode tradier --account trb --capital 10000,0,,16,HIGH,True,config_tradier.py:TradierConfig global,1.5,config_tradier.py:TradierConfig global,0.8,config_tradier.py:TradierConfig global,True,config_tradier.py:TradierConfig global,True,config_tradier.py:TradierConfig global,True,config_tradier.py:TradierConfig global,True,config_tradier.py:TradierConfig global,True,config_tradier.py:TradierConfig global,True,config_tradier.py:TradierConfig global,True,config_tradier.py:TradierConfig global,True,config_tradier.py:TradierConfig global,True,config_tradier.py:TradierConfig global,True,config_tradier.py:TradierConfig global,1440.0,config_tradier.py:TradierConfig global,0.05,config_tradier.py:TradierConfig global,True,config_tradier.py:TradierConfig global,True,config_tradier.py:TradierConfig global,True,config_tradier.py:TradierConfig global,True,config_tradier.py:TradierConfig global,True,config_tradier.py:TradierConfig global,False,config_tradier.py:TradierConfig global,0.5,config_tradier.py:TradierConfig global,False,config_tradier.py:TradierConfig global,45.0,config_tradier.py:TradierConfig global,True,config_tradier.py:TradierConfig global,True,config_tradier.py:TradierConfig global,False,config_tradier.py:TradierConfig global,True,config_tradier.py:TradierConfig global
DELL_LONG,DELL,LONG,True,symbols_trb_*.json (no book entry),True,True,False,4.61,3.92,0.361,backtest_v8_engine --mode tradier --account trb --capital 10000,0,,16,HIGH,True,config_tradier.py:TradierConfig global,1.5,config_tradier.py:TradierConfig global,0.8,config_tradier.py:TradierConfig global,True,config_tradier.py:TradierConfig global,True,config_tradier.py:TradierConfig global,True,config_tradier.py:TradierConfig global,True,config_tradier.py:TradierConfig global,True,config_tradier.py:TradierConfig global,True,config_tradier.py:TradierConfig global,True,config_tradier.py:TradierConfig global,True,config_tradier.py:TradierConfig global,True,config_tradier.py:TradierConfig global,True,config_tradier.py:TradierConfig global,1440.0,config_tradier.py:TradierConfig global,0.05,config_tradier.py:TradierConfig global,True,config_tradier.py:TradierConfig global,True,config_tradier.py:TradierConfig global,True,config_tradier.py:TradierConfig global,True,config_tradier.py:TradierConfig global,True,config_tradier.py:TradierConfig global,False,config_tradier.py:TradierConfig global,0.5,config_tradier.py:TradierConfig global,False,config_tradier.py:TradierConfig global,45.0,config_tradier.py:TradierConfig global,True,config_tradier.py:TradierConfig global,True,config_tradier.py:TradierConfig global,False,config_tradier.py:TradierConfig global,True,config_tradier.py:TradierConfig global
DHR_LONG,DHR,LONG,True,persym_final_book.json:tradeable,True,False,True,,,,,0,,16,HIGH,True,config_tradier.py:TradierConfig global,1.5,config_tradier.py:TradierConfig global,0.8,config_tradier.py:TradierConfig global,True,config_tradier.py:TradierConfig global,True,config_tradier.py:TradierConfig global,True,config_tradier.py:TradierConfig global,True,config_tradier.py:TradierConfig global,True,config_tradier.py:TradierConfig global,True,config_tradier.py:TradierConfig global,True,config_tradier.py:TradierConfig global,True,config_tradier.py:TradierConfig global,True,config_tradier.py:TradierConfig global,True,config_tradier.py:TradierConfig global,1440.0,config_tradier.py:TradierConfig global,0.05,config_tradier.py:TradierConfig global,True,config_tradier.py:TradierConfig global,True,config_tradier.py:TradierConfig global,True,config_tradier.py:TradierConfig global,True,config_tradier.py:TradierConfig global,True,config_tradier.py:TradierConfig global,False,config_tradier.py:TradierConfig global,0.5,config_tradier.py:TradierConfig global,False,config_tradier.py:TradierConfig global,45.0,config_tradier.py:TradierConfig global,True,config_tradier.py:TradierConfig global,True,config_tradier.py:TradierConfig global,False,config_tradier.py:TradierConfig global,True,config_tradier.py:TradierConfig global
DINO_LONG,DINO,LONG,True,persym_final_book.json:tradeable,True,True,True,4.31,3.66,0.331,backtest_v8_engine --mode tradier --account trb --capital 10000,0,,16,HIGH,True,config_tradier.py:TradierConfig global,1.5,config_tradier.py:TradierConfig global,0.8,config_tradier.py:TradierConfig global,True,config_tradier.py:TradierConfig global,True,config_tradier.py:TradierConfig global,True,config_tradier.py:TradierConfig global,True,config_tradier.py:TradierConfig global,True,config_tradier.py:TradierConfig global,True,config_tradier.py:TradierConfig global,True,config_tradier.py:TradierConfig global,True,config_tradier.py:TradierConfig global,True,config_tradier.py:TradierConfig global,True,config_tradier.py:TradierConfig global,1440.0,config_tradier.py:TradierConfig global,0.05,config_tradier.py:TradierConfig global,True,config_tradier.py:TradierConfig global,True,config_tradier.py:TradierConfig global,True,config_tradier.py:TradierConfig global,True,config_tradier.py:TradierConfig global,True,config_tradier.py:TradierConfig global,False,config_tradier.py:TradierConfig global,0.5,config_tradier.py:TradierConfig global,False,config_tradier.py:TradierConfig global,45.0,config_tradier.py:TradierConfig global,True,config_tradier.py:TradierConfig global,True,config_tradier.py:TradierConfig global,False,config_tradier.py:TradierConfig global,True,config_tradier.py:TradierConfig global
DIS_SHORT,DIS,SHORT,False,persym_final_book.json:disabled,False,True,False,9.1,7.73,0.31,backtest_v8_engine --mode tradier --account trb --capital 10000,0,,16,BLOCKED,True,config_tradier.py:TradierConfig global,1.5,config_tradier.py:TradierConfig global,0.8,config_tradier.py:TradierConfig global,True,config_tradier.py:TradierConfig global,True,config_tradier.py:TradierConfig global,True,config_tradier.py:TradierConfig global,True,config_tradier.py:TradierConfig global,True,config_tradier.py:TradierConfig global,True,config_tradier.py:TradierConfig global,True,config_tradier.py:TradierConfig global,True,config_tradier.py:TradierConfig global,True,config_tradier.py:TradierConfig global,True,config_tradier.py:TradierConfig global,1440.0,config_tradier.py:TradierConfig global,0.05,config_tradier.py:TradierConfig global,True,config_tradier.py:TradierConfig global,True,config_tradier.py:TradierConfig global,True,config_tradier.py:TradierConfig global,True,config_tradier.py:TradierConfig global,True,config_tradier.py:TradierConfig global,False,config_tradier.py:TradierConfig global,0.5,config_tradier.py:TradierConfig global,False,config_tradier.py:TradierConfig global,45.0,config_tradier.py:TradierConfig global,True,config_tradier.py:TradierConfig global,True,config_tradier.py:TradierConfig global,False,config_tradier.py:TradierConfig global,True,config_tradier.py:TradierConfig global
EOG_LONG,EOG,LONG,True,persym_final_book.json:tradeable,False,True,True,4.74,4.03,0.374,backtest_v8_engine --mode tradier --account trb --capital 10000,0,,16,HIGH,True,config_tradier.py:TradierConfig global,1.5,config_tradier.py:TradierConfig global,0.8,config_tradier.py:TradierConfig global,True,config_tradier.py:TradierConfig global,True,config_tradier.py:TradierConfig global,True,config_tradier.py:TradierConfig global,True,config_tradier.py:TradierConfig global,True,config_tradier.py:TradierConfig global,True,config_tradier.py:TradierConfig global,True,config_tradier.py:TradierConfig global,True,config_tradier.py:TradierConfig global,True,config_tradier.py:TradierConfig global,True,config_tradier.py:TradierConfig global,1440.0,config_tradier.py:TradierConfig global,0.05,config_tradier.py:TradierConfig global,True,config_tradier.py:TradierConfig global,True,config_tradier.py:TradierConfig global,True,config_tradier.py:TradierConfig global,True,config_tradier.py:TradierConfig global,True,config_tradier.py:TradierConfig global,False,config_tradier.py:TradierConfig global,0.5,config_tradier.py:TradierConfig global,False,config_tradier.py:TradierConfig global,45.0,config_tradier.py:TradierConfig global,True,config_tradier.py:TradierConfig global,True,config_tradier.py:TradierConfig global,False,config_tradier.py:TradierConfig global,True,config_tradier.py:TradierConfig global
EXEL_LONG,EXEL,LONG,False,not in symbols_trb,False,True,False,5.35,4.55,0.435,backtest_v8_engine --mode tradier --account trb --capital 10000,0,,16,BLOCKED,True,config_tradier.py:TradierConfig global,1.5,config_tradier.py:TradierConfig global,0.8,config_tradier.py:TradierConfig global,True,config_tradier.py:TradierConfig global,True,config_tradier.py:TradierConfig global,True,config_tradier.py:TradierConfig global,True,config_tradier.py:TradierConfig global,True,config_tradier.py:TradierConfig global,True,config_tradier.py:TradierConfig global,True,config_tradier.py:TradierConfig global,True,config_tradier.py:TradierConfig global,True,config_tradier.py:TradierConfig global,True,config_tradier.py:TradierConfig global,1440.0,config_tradier.py:TradierConfig global,0.05,config_tradier.py:TradierConfig global,True,config_tradier.py:TradierConfig global,True,config_tradier.py:TradierConfig global,True,config_tradier.py:TradierConfig global,True,config_tradier.py:TradierConfig global,True,config_tradier.py:TradierConfig global,False,config_tradier.py:TradierConfig global,0.5,config_tradier.py:TradierConfig global,False,config_tradier.py:TradierConfig global,45.0,config_tradier.py:TradierConfig global,True,config_tradier.py:TradierConfig global,True,config_tradier.py:TradierConfig global,False,config_tradier.py:TradierConfig global,True,config_tradier.py:TradierConfig global
EXEL_SHORT,EXEL,SHORT,True,symbols_trb_*.json (no book entry),True,False,False,,,,,0,,16,HIGH,True,config_tradier.py:TradierConfig global,1.5,config_tradier.py:TradierConfig global,0.8,config_tradier.py:TradierConfig global,True,config_tradier.py:TradierConfig global,True,config_tradier.py:TradierConfig global,True,config_tradier.py:TradierConfig global,True,config_tradier.py:TradierConfig global,True,config_tradier.py:TradierConfig global,True,config_tradier.py:TradierConfig global,True,config_tradier.py:TradierConfig global,True,config_tradier.py:TradierConfig global,True,config_tradier.py:TradierConfig global,True,config_tradier.py:TradierConfig global,1440.0,config_tradier.py:TradierConfig global,0.05,config_tradier.py:TradierConfig global,True,config_tradier.py:TradierConfig global,True,config_tradier.py:TradierConfig global,True,config_tradier.py:TradierConfig global,True,config_tradier.py:TradierConfig global,True,config_tradier.py:TradierConfig global,False,config_tradier.py:TradierConfig global,0.5,config_tradier.py:TradierConfig global,False,config_tradier.py:TradierConfig global,45.0,config_tradier.py:TradierConfig global,True,config_tradier.py:TradierConfig global,True,config_tradier.py:TradierConfig global,False,config_tradier.py:TradierConfig global,True,config_tradier.py:TradierConfig global
FANG_LONG,FANG,LONG,False,not in symbols_trb,False,True,False,10.01,8.51,0.401,backtest_v8_engine --mode tradier --account trb --capital 10000,0,,16,BLOCKED,True,config_tradier.py:TradierConfig global,1.5,config_tradier.py:TradierConfig global,0.8,config_tradier.py:TradierConfig global,True,config_tradier.py:TradierConfig global,True,config_tradier.py:TradierConfig global,True,config_tradier.py:TradierConfig global,True,config_tradier.py:TradierConfig global,True,config_tradier.py:TradierConfig global,True,config_tradier.py:TradierConfig global,True,config_tradier.py:TradierConfig global,True,config_tradier.py:TradierConfig global,True,config_tradier.py:TradierConfig global,True,config_tradier.py:TradierConfig global,1440.0,config_tradier.py:TradierConfig global,0.05,config_tradier.py:TradierConfig global,True,config_tradier.py:TradierConfig global,True,config_tradier.py:TradierConfig global,True,config_tradier.py:TradierConfig global,True,config_tradier.py:TradierConfig global,True,config_tradier.py:TradierConfig global,False,config_tradier.py:TradierConfig global,0.5,config_tradier.py:TradierConfig global,False,config_tradier.py:TradierConfig global,45.0,config_tradier.py:TradierConfig global,True,config_tradier.py:TradierConfig global,True,config_tradier.py:TradierConfig global,False,config_tradier.py:TradierConfig global,True,config_tradier.py:TradierConfig global
FCN_SHORT,FCN,SHORT,True,symbols_trb_*.json (no book entry),True,False,False,,,,,0,,16,HIGH,True,config_tradier.py:TradierConfig global,1.5,config_tradier.py:TradierConfig global,0.8,config_tradier.py:TradierConfig global,True,config_tradier.py:TradierConfig global,True,config_tradier.py:TradierConfig global,True,config_tradier.py:TradierConfig global,True,config_tradier.py:TradierConfig global,True,config_tradier.py:TradierConfig global,True,config_tradier.py:TradierConfig global,True,config_tradier.py:TradierConfig global,True,config_tradier.py:TradierConfig global,True,config_tradier.py:TradierConfig global,True,config_tradier.py:TradierConfig global,1440.0,config_tradier.py:TradierConfig global,0.05,config_tradier.py:TradierConfig global,True,config_tradier.py:TradierConfig global,True,config_tradier.py:TradierConfig global,True,config_tradier.py:TradierConfig global,True,config_tradier.py:TradierConfig global,True,config_tradier.py:TradierConfig global,False,config_tradier.py:TradierConfig global,0.5,config_tradier.py:TradierConfig global,False,config_tradier.py:TradierConfig global,45.0,config_tradier.py:TradierConfig global,True,config_tradier.py:TradierConfig global,True,config_tradier.py:TradierConfig global,False,config_tradier.py:TradierConfig global,True,config_tradier.py:TradierConfig global
FDX_SHORT,FDX,SHORT,True,symbols_trb_*.json (no book entry),True,False,False,,,,,0,,16,HIGH,True,config_tradier.py:TradierConfig global,1.5,config_tradier.py:TradierConfig global,0.8,config_tradier.py:TradierConfig global,True,config_tradier.py:TradierConfig global,True,config_tradier.py:TradierConfig global,True,config_tradier.py:TradierConfig global,True,config_tradier.py:TradierConfig global,True,config_tradier.py:TradierConfig global,True,config_tradier.py:TradierConfig global,True,config_tradier.py:TradierConfig global,True,config_tradier.py:TradierConfig global,True,config_tradier.py:TradierConfig global,True,config_tradier.py:TradierConfig global,1440.0,config_tradier.py:TradierConfig global,0.05,config_tradier.py:TradierConfig global,True,config_tradier.py:TradierConfig global,True,config_tradier.py:TradierConfig global,True,config_tradier.py:TradierConfig global,True,config_tradier.py:TradierConfig global,True,config_tradier.py:TradierConfig global,False,config_tradier.py:TradierConfig global,0.5,config_tradier.py:TradierConfig global,False,config_tradier.py:TradierConfig global,45.0,config_tradier.py:TradierConfig global,True,config_tradier.py:TradierConfig global,True,config_tradier.py:TradierConfig global,False,config_tradier.py:TradierConfig global,True,config_tradier.py:TradierConfig global
FNV_SHORT,FNV,SHORT,True,persym_final_book.json:tradeable,True,False,True,,,,,0,,16,HIGH,True,config_tradier.py:TradierConfig global,1.5,config_tradier.py:TradierConfig global,0.8,config_tradier.py:TradierConfig global,True,config_tradier.py:TradierConfig global,True,config_tradier.py:TradierConfig global,True,config_tradier.py:TradierConfig global,True,config_tradier.py:TradierConfig global,True,config_tradier.py:TradierConfig global,True,config_tradier.py:TradierConfig global,True,config_tradier.py:TradierConfig global,True,config_tradier.py:TradierConfig global,True,config_tradier.py:TradierConfig global,True,config_tradier.py:TradierConfig global,1440.0,config_tradier.py:TradierConfig global,0.05,config_tradier.py:TradierConfig global,True,config_tradier.py:TradierConfig global,True,config_tradier.py:TradierConfig global,True,config_tradier.py:TradierConfig global,True,config_tradier.py:TradierConfig global,True,config_tradier.py:TradierConfig global,False,config_tradier.py:TradierConfig global,0.5,config_tradier.py:TradierConfig global,False,config_tradier.py:TradierConfig global,45.0,config_tradier.py:TradierConfig global,True,config_tradier.py:TradierConfig global,True,config_tradier.py:TradierConfig global,False,config_tradier.py:TradierConfig global,True,config_tradier.py:TradierConfig global
GDX_LONG,GDX,LONG,False,not in symbols_trb,False,True,False,7.52,6.39,0.152,backtest_v8_engine --mode tradier --account trb --capital 10000,0,,16,BLOCKED,True,config_tradier.py:TradierConfig global,1.5,config_tradier.py:TradierConfig global,0.8,config_tradier.py:TradierConfig global,True,config_tradier.py:TradierConfig global,True,config_tradier.py:TradierConfig global,True,config_tradier.py:TradierConfig global,True,config_tradier.py:TradierConfig global,True,config_tradier.py:TradierConfig global,True,config_tradier.py:TradierConfig global,True,config_tradier.py:TradierConfig global,True,config_tradier.py:TradierConfig global,True,config_tradier.py:TradierConfig global,True,config_tradier.py:TradierConfig global,1440.0,config_tradier.py:TradierConfig global,0.05,config_tradier.py:TradierConfig global,True,config_tradier.py:TradierConfig global,True,config_tradier.py:TradierConfig global,True,config_tradier.py:TradierConfig global,True,config_tradier.py:TradierConfig global,True,config_tradier.py:TradierConfig global,False,config_tradier.py:TradierConfig global,0.5,config_tradier.py:TradierConfig global,False,config_tradier.py:TradierConfig global,45.0,config_tradier.py:TradierConfig global,True,config_tradier.py:TradierConfig global,True,config_tradier.py:TradierConfig global,False,config_tradier.py:TradierConfig global,True,config_tradier.py:TradierConfig global
GDX_SHORT,GDX,SHORT,True,persym_final_book.json:tradeable,True,True,True,8,9,0.2,backtest_v8_engine --mode tradier --account trb --capital 10000,0,,16,HIGH,True,config_tradier.py:TradierConfig global,1.5,config_tradier.py:TradierConfig global,0.8,config_tradier.py:TradierConfig global,True,config_tradier.py:TradierConfig global,True,config_tradier.py:TradierConfig global,True,config_tradier.py:TradierConfig global,True,config_tradier.py:TradierConfig global,True,config_tradier.py:TradierConfig global,True,config_tradier.py:TradierConfig global,True,config_tradier.py:TradierConfig global,True,config_tradier.py:TradierConfig global,True,config_tradier.py:TradierConfig global,True,config_tradier.py:TradierConfig global,1440.0,config_tradier.py:TradierConfig global,0.05,config_tradier.py:TradierConfig global,True,config_tradier.py:TradierConfig global,True,config_tradier.py:TradierConfig global,True,config_tradier.py:TradierConfig global,True,config_tradier.py:TradierConfig global,True,config_tradier.py:TradierConfig global,False,config_tradier.py:TradierConfig global,0.5,config_tradier.py:TradierConfig global,False,config_tradier.py:TradierConfig global,45.0,config_tradier.py:TradierConfig global,True,config_tradier.py:TradierConfig global,True,config_tradier.py:TradierConfig global,False,config_tradier.py:TradierConfig global,True,config_tradier.py:TradierConfig global
GE_LONG,GE,LONG,True,symbols_trb_*.json (no book entry),True,False,False,,,,,0,,16,HIGH,True,config_tradier.py:TradierConfig global,1.5,config_tradier.py:TradierConfig global,0.8,config_tradier.py:TradierConfig global,True,config_tradier.py:TradierConfig global,True,config_tradier.py:TradierConfig global,True,config_tradier.py:TradierConfig global,True,config_tradier.py:TradierConfig global,True,config_tradier.py:TradierConfig global,True,config_tradier.py:TradierConfig global,True,config_tradier.py:TradierConfig global,True,config_tradier.py:TradierConfig global,True,config_tradier.py:TradierConfig global,True,config_tradier.py:TradierConfig global,1440.0,config_tradier.py:TradierConfig global,0.05,config_tradier.py:TradierConfig global,True,config_tradier.py:TradierConfig global,True,config_tradier.py:TradierConfig global,True,config_tradier.py:TradierConfig global,True,config_tradier.py:TradierConfig global,True,config_tradier.py:TradierConfig global,False,config_tradier.py:TradierConfig global,0.5,config_tradier.py:TradierConfig global,False,config_tradier.py:TradierConfig global,45.0,config_tradier.py:TradierConfig global,True,config_tradier.py:TradierConfig global,True,config_tradier.py:TradierConfig global,False,config_tradier.py:TradierConfig global,True,config_tradier.py:TradierConfig global
GILD_SHORT,GILD,SHORT,True,symbols_trb_*.json (no book entry),True,False,False,,,,,0,,16,HIGH,True,config_tradier.py:TradierConfig global,1.5,config_tradier.py:TradierConfig global,0.8,config_tradier.py:TradierConfig global,True,config_tradier.py:TradierConfig global,True,config_tradier.py:TradierConfig global,True,config_tradier.py:TradierConfig global,True,config_tradier.py:TradierConfig global,True,config_tradier.py:TradierConfig global,True,config_tradier.py:TradierConfig global,True,config_tradier.py:TradierConfig global,True,config_tradier.py:TradierConfig global,True,config_tradier.py:TradierConfig global,True,config_tradier.py:TradierConfig global,1440.0,config_tradier.py:TradierConfig global,0.05,config_tradier.py:TradierConfig global,True,config_tradier.py:TradierConfig global,True,config_tradier.py:TradierConfig global,True,config_tradier.py:TradierConfig global,True,config_tradier.py:TradierConfig global,True,config_tradier.py:TradierConfig global,False,config_tradier.py:TradierConfig global,0.5,config_tradier.py:TradierConfig global,False,config_tradier.py:TradierConfig global,45.0,config_tradier.py:TradierConfig global,True,config_tradier.py:TradierConfig global,True,config_tradier.py:TradierConfig global,False,config_tradier.py:TradierConfig global,True,config_tradier.py:TradierConfig global
GLD_LONG,GLD,LONG,True,persym_final_book.json:tradeable,False,True,True,9.5,10,0.7,backtest_v8_engine --mode tradier --account trb --capital 10000,0,,16,HIGH,True,config_tradier.py:TradierConfig global,1.5,config_tradier.py:TradierConfig global,0.8,config_tradier.py:TradierConfig global,True,config_tradier.py:TradierConfig global,True,config_tradier.py:TradierConfig global,True,config_tradier.py:TradierConfig global,True,config_tradier.py:TradierConfig global,True,config_tradier.py:TradierConfig global,True,config_tradier.py:TradierConfig global,True,config_tradier.py:TradierConfig global,True,config_tradier.py:TradierConfig global,True,config_tradier.py:TradierConfig global,True,config_tradier.py:TradierConfig global,1440.0,config_tradier.py:TradierConfig global,0.05,config_tradier.py:TradierConfig global,True,config_tradier.py:TradierConfig global,True,config_tradier.py:TradierConfig global,True,config_tradier.py:TradierConfig global,True,config_tradier.py:TradierConfig global,True,config_tradier.py:TradierConfig global,False,config_tradier.py:TradierConfig global,0.5,config_tradier.py:TradierConfig global,False,config_tradier.py:TradierConfig global,45.0,config_tradier.py:TradierConfig global,True,config_tradier.py:TradierConfig global,True,config_tradier.py:TradierConfig global,False,config_tradier.py:TradierConfig global,True,config_tradier.py:TradierConfig global
GME_SHORT,GME,SHORT,True,symbols_trb_*.json (no book entry),True,False,False,,,,,0,,16,HIGH,True,config_tradier.py:TradierConfig global,1.5,config_tradier.py:TradierConfig global,0.8,config_tradier.py:TradierConfig global,True,config_tradier.py:TradierConfig global,True,config_tradier.py:TradierConfig global,True,config_tradier.py:TradierConfig global,True,config_tradier.py:TradierConfig global,True,config_tradier.py:TradierConfig global,True,config_tradier.py:TradierConfig global,True,config_tradier.py:TradierConfig global,True,config_tradier.py:TradierConfig global,True,config_tradier.py:TradierConfig global,True,config_tradier.py:TradierConfig global,1440.0,config_tradier.py:TradierConfig global,0.05,config_tradier.py:TradierConfig global,True,config_tradier.py:TradierConfig global,True,config_tradier.py:TradierConfig global,True,config_tradier.py:TradierConfig global,True,config_tradier.py:TradierConfig global,True,config_tradier.py:TradierConfig global,False,config_tradier.py:TradierConfig global,0.5,config_tradier.py:TradierConfig global,False,config_tradier.py:TradierConfig global,45.0,config_tradier.py:TradierConfig global,True,config_tradier.py:TradierConfig global,True,config_tradier.py:TradierConfig global,False,config_tradier.py:TradierConfig global,True,config_tradier.py:TradierConfig global
GM_LONG,GM,LONG,True,persym_final_book.json:tradeable,False,True,True,6.35,5.4,0.535,backtest_v8_engine --mode tradier --account trb --capital 10000,0,,16,HIGH,True,config_tradier.py:TradierConfig global,1.5,config_tradier.py:TradierConfig global,0.8,config_tradier.py:TradierConfig global,True,config_tradier.py:TradierConfig global,True,config_tradier.py:TradierConfig global,True,config_tradier.py:TradierConfig global,True,config_tradier.py:TradierConfig global,True,config_tradier.py:TradierConfig global,True,config_tradier.py:TradierConfig global,True,config_tradier.py:TradierConfig global,True,config_tradier.py:TradierConfig global,True,config_tradier.py:TradierConfig global,True,config_tradier.py:TradierConfig global,1440.0,config_tradier.py:TradierConfig global,0.05,config_tradier.py:TradierConfig global,True,config_tradier.py:TradierConfig global,True,config_tradier.py:TradierConfig global,True,config_tradier.py:TradierConfig global,True,config_tradier.py:TradierConfig global,True,config_tradier.py:TradierConfig global,False,config_tradier.py:TradierConfig global,0.5,config_tradier.py:TradierConfig global,False,config_tradier.py:TradierConfig global,45.0,config_tradier.py:TradierConfig global,True,config_tradier.py:TradierConfig global,True,config_tradier.py:TradierConfig global,False,config_tradier.py:TradierConfig global,True,config_tradier.py:TradierConfig global
GOOGL_LONG,GOOGL,LONG,True,persym_final_book.json:tradeable,True,True,True,374.5299,112.4709,8.189101000426184,vec_combiner_v2 01:20,7,"{""BOUNCE_AUGMENT_K_D_THRESHOLD"": true, ""REENTRY_MANDATORY"": true, ""REENTRY_TIER1_SIZE_MULT_TRADIER"": true, ""STOCH_CROSS_3M_EXIT_ENABLED"": true, ""TRADIER_RSI2_ENABLED"": true, ""WIN_TRAIL_EROSION_PCT"": 0.125, ""WT_EXIT_MIN_TFS"": 2}",17,HIGH,True,trb/active_config.json,True,trb/active_config.json,0.8,config_tradier.py:TradierConfig global,True,config_tradier.py:TradierConfig global,True,config_tradier.py:TradierConfig global,True,config_tradier.py:TradierConfig global,True,config_tradier.py:TradierConfig global,True,config_tradier.py:TradierConfig global,True,config_tradier.py:TradierConfig global,True,config_tradier.py:TradierConfig global,True,config_tradier.py:TradierConfig global,True,config_tradier.py:TradierConfig global,True,config_tradier.py:TradierConfig global,1440.0,config_tradier.py:TradierConfig global,0.05,config_tradier.py:TradierConfig global,True,config_tradier.py:TradierConfig global,True,config_tradier.py:TradierConfig global,True,config_tradier.py:TradierConfig global,True,config_tradier.py:TradierConfig global,True,config_tradier.py:TradierConfig global,False,config_tradier.py:TradierConfig global,0.125,trb/active_config.json,True,trb/active_config.json,True,trb/active_config.json,True,trb/active_config.json,True,config_tradier.py:TradierConfig global,False,config_tradier.py:TradierConfig global,True,config_tradier.py:TradierConfig global
HAO_LONG,HAO,LONG,False,not in symbols_trb,False,True,False,257,179.9,5.2,backtest_v8_engine --mode tradier --account trb --capital 10000,3,"{""REENTRY_MANDATORY"": true, ""WIN_TRAIL_EROSION_PCT"": 0.125, ""WT_EXIT_MIN_TFS"": 3}",16,BLOCKED,True,trb/active_config.json,1.5,config_tradier.py:TradierConfig global,0.8,config_tradier.py:TradierConfig global,True,config_tradier.py:TradierConfig global,True,config_tradier.py:TradierConfig global,True,config_tradier.py:TradierConfig global,True,config_tradier.py:TradierConfig global,True,config_tradier.py:TradierConfig global,True,config_tradier.py:TradierConfig global,True,config_tradier.py:TradierConfig global,True,config_tradier.py:TradierConfig global,True,config_tradier.py:TradierConfig global,True,config_tradier.py:TradierConfig global,1440.0,config_tradier.py:TradierConfig global,0.05,config_tradier.py:TradierConfig global,True,config_tradier.py:TradierConfig global,True,config_tradier.py:TradierConfig global,True,config_tradier.py:TradierConfig global,True,config_tradier.py:TradierConfig global,True,config_tradier.py:TradierConfig global,False,config_tradier.py:TradierConfig global,0.125,trb/active_config.json,False,config_tradier.py:TradierConfig global,45.0,config_tradier.py:TradierConfig global,True,config_tradier.py:TradierConfig global,True,config_tradier.py:TradierConfig global,False,config_tradier.py:TradierConfig global,True,config_tradier.py:TradierConfig global
HAO_SHORT,HAO,SHORT,True,symbols_trb_*.json (no book entry),True,True,False,6.88,5.85,0.588,backtest_v8_engine --mode tradier --account trb --capital 10000,0,,16,HIGH,True,config_tradier.py:TradierConfig global,1.5,config_tradier.py:TradierConfig global,0.8,config_tradier.py:TradierConfig global,True,config_tradier.py:TradierConfig global,True,config_tradier.py:TradierConfig global,True,config_tradier.py:TradierConfig global,True,config_tradier.py:TradierConfig global,True,config_tradier.py:TradierConfig global,True,config_tradier.py:TradierConfig global,True,config_tradier.py:TradierConfig global,True,config_tradier.py:TradierConfig global,True,config_tradier.py:TradierConfig global,True,config_tradier.py:TradierConfig global,1440.0,config_tradier.py:TradierConfig global,0.05,config_tradier.py:TradierConfig global,True,config_tradier.py:TradierConfig global,True,config_tradier.py:TradierConfig global,True,config_tradier.py:TradierConfig global,True,config_tradier.py:TradierConfig global,True,config_tradier.py:TradierConfig global,False,config_tradier.py:TradierConfig global,0.5,config_tradier.py:TradierConfig global,False,config_tradier.py:TradierConfig global,45.0,config_tradier.py:TradierConfig global,True,config_tradier.py:TradierConfig global,True,config_tradier.py:TradierConfig global,False,config_tradier.py:TradierConfig global,True,config_tradier.py:TradierConfig global
HII_SHORT,HII,SHORT,False,persym_final_book.json:disabled,False,True,False,2.02,1.72,0.102,backtest_v8_engine --mode tradier --account trb --capital 10000,0,,16,BLOCKED,True,config_tradier.py:TradierConfig global,1.5,config_tradier.py:TradierConfig global,0.8,config_tradier.py:TradierConfig global,True,config_tradier.py:TradierConfig global,True,config_tradier.py:TradierConfig global,True,config_tradier.py:TradierConfig global,True,config_tradier.py:TradierConfig global,True,config_tradier.py:TradierConfig global,True,config_tradier.py:TradierConfig global,True,config_tradier.py:TradierConfig global,True,config_tradier.py:TradierConfig global,True,config_tradier.py:TradierConfig global,True,config_tradier.py:TradierConfig global,1440.0,config_tradier.py:TradierConfig global,0.05,config_tradier.py:TradierConfig global,True,config_tradier.py:TradierConfig global,True,config_tradier.py:TradierConfig global,True,config_tradier.py:TradierConfig global,True,config_tradier.py:TradierConfig global,True,config_tradier.py:TradierConfig global,False,config_tradier.py:TradierConfig global,0.5,config_tradier.py:TradierConfig global,False,config_tradier.py:TradierConfig global,45.0,config_tradier.py:TradierConfig global,True,config_tradier.py:TradierConfig global,True,config_tradier.py:TradierConfig global,False,config_tradier.py:TradierConfig global,True,config_tradier.py:TradierConfig global
HOOD_SHORT,HOOD,SHORT,True,symbols_trb_*.json (no book entry),True,False,False,,,,,0,,16,HIGH,True,config_tradier.py:TradierConfig global,1.5,config_tradier.py:TradierConfig global,0.8,config_tradier.py:TradierConfig global,True,config_tradier.py:TradierConfig global,True,config_tradier.py:TradierConfig global,True,config_tradier.py:TradierConfig global,True,config_tradier.py:TradierConfig global,True,config_tradier.py:TradierConfig global,True,config_tradier.py:TradierConfig global,True,config_tradier.py:TradierConfig global,True,config_tradier.py:TradierConfig global,True,config_tradier.py:TradierConfig global,True,config_tradier.py:TradierConfig global,1440.0,config_tradier.py:TradierConfig global,0.05,config_tradier.py:TradierConfig global,True,config_tradier.py:TradierConfig global,True,config_tradier.py:TradierConfig global,True,config_tradier.py:TradierConfig global,True,config_tradier.py:TradierConfig global,True,config_tradier.py:TradierConfig global,False,config_tradier.py:TradierConfig global,0.5,config_tradier.py:TradierConfig global,False,config_tradier.py:TradierConfig global,45.0,config_tradier.py:TradierConfig global,True,config_tradier.py:TradierConfig global,True,config_tradier.py:TradierConfig global,False,config_tradier.py:TradierConfig global,True,config_tradier.py:TradierConfig global
IBIT_LONG,IBIT,LONG,True,persym_final_book.json:tradeable,False,True,True,10.5,7,0.3,backtest_v8_engine --mode tradier --account trb --capital 10000,0,,16,HIGH,True,config_tradier.py:TradierConfig global,1.5,config_tradier.py:TradierConfig global,0.8,config_tradier.py:TradierConfig global,True,config_tradier.py:TradierConfig global,True,config_tradier.py:TradierConfig global,True,config_tradier.py:TradierConfig global,True,config_tradier.py:TradierConfig global,True,config_tradier.py:TradierConfig global,True,config_tradier.py:TradierConfig global,True,config_tradier.py:TradierConfig global,True,config_tradier.py:TradierConfig global,True,config_tradier.py:TradierConfig global,True,config_tradier.py:TradierConfig global,1440.0,config_tradier.py:TradierConfig global,0.05,config_tradier.py:TradierConfig global,True,config_tradier.py:TradierConfig global,True,config_tradier.py:TradierConfig global,True,config_tradier.py:TradierConfig global,True,config_tradier.py:TradierConfig global,True,config_tradier.py:TradierConfig global,False,config_tradier.py:TradierConfig global,0.5,config_tradier.py:TradierConfig global,False,config_tradier.py:TradierConfig global,45.0,config_tradier.py:TradierConfig global,True,config_tradier.py:TradierConfig global,True,config_tradier.py:TradierConfig global,False,config_tradier.py:TradierConfig global,True,config_tradier.py:TradierConfig global
IBIT_SHORT,IBIT,SHORT,True,persym_final_book.json:tradeable,True,True,True,2.78,2.36,0.178,backtest_v8_engine --mode tradier --account trb --capital 10000,0,,16,HIGH,True,config_tradier.py:TradierConfig global,1.5,config_tradier.py:TradierConfig global,0.8,config_tradier.py:TradierConfig global,True,config_tradier.py:TradierConfig global,True,config_tradier.py:TradierConfig global,True,config_tradier.py:TradierConfig global,True,config_tradier.py:TradierConfig global,True,config_tradier.py:TradierConfig global,True,config_tradier.py:TradierConfig global,True,config_tradier.py:TradierConfig global,True,config_tradier.py:TradierConfig global,True,config_tradier.py:TradierConfig global,True,config_tradier.py:TradierConfig global,1440.0,config_tradier.py:TradierConfig global,0.05,config_tradier.py:TradierConfig global,True,config_tradier.py:TradierConfig global,True,config_tradier.py:TradierConfig global,True,config_tradier.py:TradierConfig global,True,config_tradier.py:TradierConfig global,True,config_tradier.py:TradierConfig global,False,config_tradier.py:TradierConfig global,0.5,config_tradier.py:TradierConfig global,False,config_tradier.py:TradierConfig global,45.0,config_tradier.py:TradierConfig global,True,config_tradier.py:TradierConfig global,True,config_tradier.py:TradierConfig global,False,config_tradier.py:TradierConfig global,True,config_tradier.py:TradierConfig global
IBM_SHORT,IBM,SHORT,True,symbols_trb_*.json (no book entry),True,False,False,,,,,0,,16,HIGH,True,config_tradier.py:TradierConfig global,1.5,config_tradier.py:TradierConfig global,0.8,config_tradier.py:TradierConfig global,True,config_tradier.py:TradierConfig global,True,config_tradier.py:TradierConfig global,True,config_tradier.py:TradierConfig global,True,config_tradier.py:TradierConfig global,True,config_tradier.py:TradierConfig global,True,config_tradier.py:TradierConfig global,True,config_tradier.py:TradierConfig global,True,config_tradier.py:TradierConfig global,True,config_tradier.py:TradierConfig global,True,config_tradier.py:TradierConfig global,1440.0,config_tradier.py:TradierConfig global,0.05,config_tradier.py:TradierConfig global,True,config_tradier.py:TradierConfig global,True,config_tradier.py:TradierConfig global,True,config_tradier.py:TradierConfig global,True,config_tradier.py:TradierConfig global,True,config_tradier.py:TradierConfig global,False,config_tradier.py:TradierConfig global,0.5,config_tradier.py:TradierConfig global,False,config_tradier.py:TradierConfig global,45.0,config_tradier.py:TradierConfig global,True,config_tradier.py:TradierConfig global,True,config_tradier.py:TradierConfig global,False,config_tradier.py:TradierConfig global,True,config_tradier.py:TradierConfig global
INTC_LONG,INTC,LONG,True,persym_final_book.json:tradeable,False,True,True,6.8,5.78,0.58,backtest_v8_engine --mode tradier --account trb --capital 10000,0,,16,HIGH,True,config_tradier.py:TradierConfig global,1.5,config_tradier.py:TradierConfig global,0.8,config_tradier.py:TradierConfig global,True,config_tradier.py:TradierConfig global,True,config_tradier.py:TradierConfig global,True,config_tradier.py:TradierConfig global,True,config_tradier.py:TradierConfig global,True,config_tradier.py:TradierConfig global,True,config_tradier.py:TradierConfig global,True,config_tradier.py:TradierConfig global,True,config_tradier.py:TradierConfig global,True,config_tradier.py:TradierConfig global,True,config_tradier.py:TradierConfig global,1440.0,config_tradier.py:TradierConfig global,0.05,config_tradier.py:TradierConfig global,True,config_tradier.py:TradierConfig global,True,config_tradier.py:TradierConfig global,True,config_tradier.py:TradierConfig global,True,config_tradier.py:TradierConfig global,True,config_tradier.py:TradierConfig global,False,config_tradier.py:TradierConfig global,0.5,config_tradier.py:TradierConfig global,False,config_tradier.py:TradierConfig global,45.0,config_tradier.py:TradierConfig global,True,config_tradier.py:TradierConfig global,True,config_tradier.py:TradierConfig global,False,config_tradier.py:TradierConfig global,True,config_tradier.py:TradierConfig global
JNJ_LONG,JNJ,LONG,True,persym_final_book.json:tradeable,True,False,True,,,,,0,,16,HIGH,True,config_tradier.py:TradierConfig global,1.5,config_tradier.py:TradierConfig global,0.8,config_tradier.py:TradierConfig global,True,config_tradier.py:TradierConfig global,True,config_tradier.py:TradierConfig global,True,config_tradier.py:TradierConfig global,True,config_tradier.py:TradierConfig global,True,config_tradier.py:TradierConfig global,True,config_tradier.py:TradierConfig global,True,config_tradier.py:TradierConfig global,True,config_tradier.py:TradierConfig global,True,config_tradier.py:TradierConfig global,True,config_tradier.py:TradierConfig global,1440.0,config_tradier.py:TradierConfig global,0.05,config_tradier.py:TradierConfig global,True,config_tradier.py:TradierConfig global,True,config_tradier.py:TradierConfig global,True,config_tradier.py:TradierConfig global,True,config_tradier.py:TradierConfig global,True,config_tradier.py:TradierConfig global,False,config_tradier.py:TradierConfig global,0.5,config_tradier.py:TradierConfig global,False,config_tradier.py:TradierConfig global,45.0,config_tradier.py:TradierConfig global,True,config_tradier.py:TradierConfig global,True,config_tradier.py:TradierConfig global,False,config_tradier.py:TradierConfig global,True,config_tradier.py:TradierConfig global
JPM_LONG,JPM,LONG,True,symbols_trb_*.json (no book entry),True,False,False,,,,,0,,16,HIGH,True,config_tradier.py:TradierConfig global,1.5,config_tradier.py:TradierConfig global,0.8,config_tradier.py:TradierConfig global,True,config_tradier.py:TradierConfig global,True,config_tradier.py:TradierConfig global,True,config_tradier.py:TradierConfig global,True,config_tradier.py:TradierConfig global,True,config_tradier.py:TradierConfig global,True,config_tradier.py:TradierConfig global,True,config_tradier.py:TradierConfig global,True,config_tradier.py:TradierConfig global,True,config_tradier.py:TradierConfig global,True,config_tradier.py:TradierConfig global,1440.0,config_tradier.py:TradierConfig global,0.05,config_tradier.py:TradierConfig global,True,config_tradier.py:TradierConfig global,True,config_tradier.py:TradierConfig global,True,config_tradier.py:TradierConfig global,True,config_tradier.py:TradierConfig global,True,config_tradier.py:TradierConfig global,False,config_tradier.py:TradierConfig global,0.5,config_tradier.py:TradierConfig global,False,config_tradier.py:TradierConfig global,45.0,config_tradier.py:TradierConfig global,True,config_tradier.py:TradierConfig global,True,config_tradier.py:TradierConfig global,False,config_tradier.py:TradierConfig global,True,config_tradier.py:TradierConfig global
KGC_SHORT,KGC,SHORT,True,persym_final_book.json:tradeable,True,False,True,,,,,0,,16,HIGH,True,config_tradier.py:TradierConfig global,1.5,config_tradier.py:TradierConfig global,0.8,config_tradier.py:TradierConfig global,True,config_tradier.py:TradierConfig global,True,config_tradier.py:TradierConfig global,True,config_tradier.py:TradierConfig global,True,config_tradier.py:TradierConfig global,True,config_tradier.py:TradierConfig global,True,config_tradier.py:TradierConfig global,True,config_tradier.py:TradierConfig global,True,config_tradier.py:TradierConfig global,True,config_tradier.py:TradierConfig global,True,config_tradier.py:TradierConfig global,1440.0,config_tradier.py:TradierConfig global,0.05,config_tradier.py:TradierConfig global,True,config_tradier.py:TradierConfig global,True,config_tradier.py:TradierConfig global,True,config_tradier.py:TradierConfig global,True,config_tradier.py:TradierConfig global,True,config_tradier.py:TradierConfig global,False,config_tradier.py:TradierConfig global,0.5,config_tradier.py:TradierConfig global,False,config_tradier.py:TradierConfig global,45.0,config_tradier.py:TradierConfig global,True,config_tradier.py:TradierConfig global,True,config_tradier.py:TradierConfig global,False,config_tradier.py:TradierConfig global,True,config_tradier.py:TradierConfig global
KO_SHORT,KO,SHORT,True,symbols_trb_*.json (no book entry),True,False,False,,,,,0,,16,HIGH,True,config_tradier.py:TradierConfig global,1.5,config_tradier.py:TradierConfig global,0.8,config_tradier.py:TradierConfig global,True,config_tradier.py:TradierConfig global,True,config_tradier.py:TradierConfig global,True,config_tradier.py:TradierConfig global,True,config_tradier.py:TradierConfig global,True,config_tradier.py:TradierConfig global,True,config_tradier.py:TradierConfig global,True,config_tradier.py:TradierConfig global,True,config_tradier.py:TradierConfig global,True,config_tradier.py:TradierConfig global,True,config_tradier.py:TradierConfig global,1440.0,config_tradier.py:TradierConfig global,0.05,config_tradier.py:TradierConfig global,True,config_tradier.py:TradierConfig global,True,config_tradier.py:TradierConfig global,True,config_tradier.py:TradierConfig global,True,config_tradier.py:TradierConfig global,True,config_tradier.py:TradierConfig global,False,config_tradier.py:TradierConfig global,0.5,config_tradier.py:TradierConfig global,False,config_tradier.py:TradierConfig global,45.0,config_tradier.py:TradierConfig global,True,config_tradier.py:TradierConfig global,True,config_tradier.py:TradierConfig global,False,config_tradier.py:TradierConfig global,True,config_tradier.py:TradierConfig global
LAC_LONG,LAC,LONG,False,not in symbols_trb,False,True,False,5.5,10,0.3,backtest_v8_engine --mode tradier --account trb --capital 10000,0,,16,BLOCKED,True,config_tradier.py:TradierConfig global,1.5,config_tradier.py:TradierConfig global,0.8,config_tradier.py:TradierConfig global,True,config_tradier.py:TradierConfig global,True,config_tradier.py:TradierConfig global,True,config_tradier.py:TradierConfig global,True,config_tradier.py:TradierConfig global,True,config_tradier.py:TradierConfig global,True,config_tradier.py:TradierConfig global,True,config_tradier.py:TradierConfig global,True,config_tradier.py:TradierConfig global,True,config_tradier.py:TradierConfig global,True,config_tradier.py:TradierConfig global,1440.0,config_tradier.py:TradierConfig global,0.05,config_tradier.py:TradierConfig global,True,config_tradier.py:TradierConfig global,True,config_tradier.py:TradierConfig global,True,config_tradier.py:TradierConfig global,True,config_tradier.py:TradierConfig global,True,config_tradier.py:TradierConfig global,False,config_tradier.py:TradierConfig global,0.5,config_tradier.py:TradierConfig global,False,config_tradier.py:TradierConfig global,45.0,config_tradier.py:TradierConfig global,True,config_tradier.py:TradierConfig global,True,config_tradier.py:TradierConfig global,False,config_tradier.py:TradierConfig global,True,config_tradier.py:TradierConfig global
LAC_SHORT,LAC,SHORT,True,persym_final_book.json:tradeable,True,True,True,7.47,6.35,0.147,backtest_v8_engine --mode tradier --account trb --capital 10000,0,,16,HIGH,True,config_tradier.py:TradierConfig global,1.5,config_tradier.py:TradierConfig global,0.8,config_tradier.py:TradierConfig global,True,config_tradier.py:TradierConfig global,True,config_tradier.py:TradierConfig global,True,config_tradier.py:TradierConfig global,True,config_tradier.py:TradierConfig global,True,config_tradier.py:TradierConfig global,True,config_tradier.py:TradierConfig global,True,config_tradier.py:TradierConfig global,True,config_tradier.py:TradierConfig global,True,config_tradier.py:TradierConfig global,True,config_tradier.py:TradierConfig global,1440.0,config_tradier.py:TradierConfig global,0.05,config_tradier.py:TradierConfig global,True,config_tradier.py:TradierConfig global,True,config_tradier.py:TradierConfig global,True,config_tradier.py:TradierConfig global,True,config_tradier.py:TradierConfig global,True,config_tradier.py:TradierConfig global,False,config_tradier.py:TradierConfig global,0.5,config_tradier.py:TradierConfig global,False,config_tradier.py:TradierConfig global,45.0,config_tradier.py:TradierConfig global,True,config_tradier.py:TradierConfig global,True,config_tradier.py:TradierConfig global,False,config_tradier.py:TradierConfig global,True,config_tradier.py:TradierConfig global
LDOS_SHORT,LDOS,SHORT,True,persym_final_book.json:tradeable,False,True,True,10.95,9.31,0.495,backtest_v8_engine --mode tradier --account trb --capital 10000,0,,16,HIGH,True,config_tradier.py:TradierConfig global,1.5,config_tradier.py:TradierConfig global,0.8,config_tradier.py:TradierConfig global,True,config_tradier.py:TradierConfig global,True,config_tradier.py:TradierConfig global,True,config_tradier.py:TradierConfig global,True,config_tradier.py:TradierConfig global,True,config_tradier.py:TradierConfig global,True,config_tradier.py:TradierConfig global,True,config_tradier.py:TradierConfig global,True,config_tradier.py:TradierConfig global,True,config_tradier.py:TradierConfig global,True,config_tradier.py:TradierConfig global,1440.0,config_tradier.py:TradierConfig global,0.05,config_tradier.py:TradierConfig global,True,config_tradier.py:TradierConfig global,True,config_tradier.py:TradierConfig global,True,config_tradier.py:TradierConfig global,True,config_tradier.py:TradierConfig global,True,config_tradier.py:TradierConfig global,False,config_tradier.py:TradierConfig global,0.5,config_tradier.py:TradierConfig global,False,config_tradier.py:TradierConfig global,45.0,config_tradier.py:TradierConfig global,True,config_tradier.py:TradierConfig global,True,config_tradier.py:TradierConfig global,False,config_tradier.py:TradierConfig global,True,config_tradier.py:TradierConfig global
LLY_LONG,LLY,LONG,True,persym_final_book.json:tradeable,True,True,True,4.26,3.62,0.326,backtest_v8_engine --mode tradier --account trb --capital 10000,0,,16,HIGH,True,config_tradier.py:TradierConfig global,1.5,config_tradier.py:TradierConfig global,0.8,config_tradier.py:TradierConfig global,True,config_tradier.py:TradierConfig global,True,config_tradier.py:TradierConfig global,True,config_tradier.py:TradierConfig global,True,config_tradier.py:TradierConfig global,True,config_tradier.py:TradierConfig global,True,config_tradier.py:TradierConfig global,True,config_tradier.py:TradierConfig global,True,config_tradier.py:TradierConfig global,True,config_tradier.py:TradierConfig global,True,config_tradier.py:TradierConfig global,1440.0,config_tradier.py:TradierConfig global,0.05,config_tradier.py:TradierConfig global,True,config_tradier.py:TradierConfig global,True,config_tradier.py:TradierConfig global,True,config_tradier.py:TradierConfig global,True,config_tradier.py:TradierConfig global,True,config_tradier.py:TradierConfig global,False,config_tradier.py:TradierConfig global,0.5,config_tradier.py:TradierConfig global,False,config_tradier.py:TradierConfig global,45.0,config_tradier.py:TradierConfig global,True,config_tradier.py:TradierConfig global,True,config_tradier.py:TradierConfig global,False,config_tradier.py:TradierConfig global,True,config_tradier.py:TradierConfig global
LNG_LONG,LNG,LONG,True,symbols_trb_*.json (no book entry),True,True,False,4.47,3.8,0.347,backtest_v8_engine --mode tradier --account trb --capital 10000,0,,16,HIGH,True,config_tradier.py:TradierConfig global,1.5,config_tradier.py:TradierConfig global,0.8,config_tradier.py:TradierConfig global,True,config_tradier.py:TradierConfig global,True,config_tradier.py:TradierConfig global,True,config_tradier.py:TradierConfig global,True,config_tradier.py:TradierConfig global,True,config_tradier.py:TradierConfig global,True,config_tradier.py:TradierConfig global,True,config_tradier.py:TradierConfig global,True,config_tradier.py:TradierConfig global,True,config_tradier.py:TradierConfig global,True,config_tradier.py:TradierConfig global,1440.0,config_tradier.py:TradierConfig global,0.05,config_tradier.py:TradierConfig global,True,config_tradier.py:TradierConfig global,True,config_tradier.py:TradierConfig global,True,config_tradier.py:TradierConfig global,True,config_tradier.py:TradierConfig global,True,config_tradier.py:TradierConfig global,False,config_tradier.py:TradierConfig global,0.5,config_tradier.py:TradierConfig global,False,config_tradier.py:TradierConfig global,45.0,config_tradier.py:TradierConfig global,True,config_tradier.py:TradierConfig global,True,config_tradier.py:TradierConfig global,False,config_tradier.py:TradierConfig global,True,config_tradier.py:TradierConfig global
LRCX_LONG,LRCX,LONG,True,symbols_trb_*.json (no book entry),True,True,False,12.5,11,0.5,backtest_v8_engine --mode tradier --account trb --capital 10000,0,,16,HIGH,True,config_tradier.py:TradierConfig global,1.5,config_tradier.py:TradierConfig global,0.8,config_tradier.py:TradierConfig global,True,config_tradier.py:TradierConfig global,True,config_tradier.py:TradierConfig global,True,config_tradier.py:TradierConfig global,True,config_tradier.py:TradierConfig global,True,config_tradier.py:TradierConfig global,True,config_tradier.py:TradierConfig global,True,config_tradier.py:TradierConfig global,True,config_tradier.py:TradierConfig global,True,config_tradier.py:TradierConfig global,True,config_tradier.py:TradierConfig global,1440.0,config_tradier.py:TradierConfig global,0.05,config_tradier.py:TradierConfig global,True,config_tradier.py:TradierConfig global,True,config_tradier.py:TradierConfig global,True,config_tradier.py:TradierConfig global,True,config_tradier.py:TradierConfig global,True,config_tradier.py:TradierConfig global,False,config_tradier.py:TradierConfig global,0.5,config_tradier.py:TradierConfig global,False,config_tradier.py:TradierConfig global,45.0,config_tradier.py:TradierConfig global,True,config_tradier.py:TradierConfig global,True,config_tradier.py:TradierConfig global,False,config_tradier.py:TradierConfig global,True,config_tradier.py:TradierConfig global
MA_LONG,MA,LONG,True,symbols_trb_*.json (no book entry),True,False,False,,,,,0,,16,HIGH,True,config_tradier.py:TradierConfig global,1.5,config_tradier.py:TradierConfig global,0.8,config_tradier.py:TradierConfig global,True,config_tradier.py:TradierConfig global,True,config_tradier.py:TradierConfig global,True,config_tradier.py:TradierConfig global,True,config_tradier.py:TradierConfig global,True,config_tradier.py:TradierConfig global,True,config_tradier.py:TradierConfig global,True,config_tradier.py:TradierConfig global,True,config_tradier.py:TradierConfig global,True,config_tradier.py:TradierConfig global,True,config_tradier.py:TradierConfig global,1440.0,config_tradier.py:TradierConfig global,0.05,config_tradier.py:TradierConfig global,True,config_tradier.py:TradierConfig global,True,config_tradier.py:TradierConfig global,True,config_tradier.py:TradierConfig global,True,config_tradier.py:TradierConfig global,True,config_tradier.py:TradierConfig global,False,config_tradier.py:TradierConfig global,0.5,config_tradier.py:TradierConfig global,False,config_tradier.py:TradierConfig global,45.0,config_tradier.py:TradierConfig global,True,config_tradier.py:TradierConfig global,True,config_tradier.py:TradierConfig global,False,config_tradier.py:TradierConfig global,True,config_tradier.py:TradierConfig global
MCD_SHORT,MCD,SHORT,True,persym_final_book.json:tradeable,True,False,True,,,,,0,,16,HIGH,True,config_tradier.py:TradierConfig global,1.5,config_tradier.py:TradierConfig global,0.8,config_tradier.py:TradierConfig global,True,config_tradier.py:TradierConfig global,True,config_tradier.py:TradierConfig global,True,config_tradier.py:TradierConfig global,True,config_tradier.py:TradierConfig global,True,config_tradier.py:TradierConfig global,True,config_tradier.py:TradierConfig global,True,config_tradier.py:TradierConfig global,True,config_tradier.py:TradierConfig global,True,config_tradier.py:TradierConfig global,True,config_tradier.py:TradierConfig global,1440.0,config_tradier.py:TradierConfig global,0.05,config_tradier.py:TradierConfig global,True,config_tradier.py:TradierConfig global,True,config_tradier.py:TradierConfig global,True,config_tradier.py:TradierConfig global,True,config_tradier.py:TradierConfig global,True,config_tradier.py:TradierConfig global,False,config_tradier.py:TradierConfig global,0.5,config_tradier.py:TradierConfig global,False,config_tradier.py:TradierConfig global,45.0,config_tradier.py:TradierConfig global,True,config_tradier.py:TradierConfig global,True,config_tradier.py:TradierConfig global,False,config_tradier.py:TradierConfig global,True,config_tradier.py:TradierConfig global
META_SHORT,META,SHORT,True,symbols_trb_*.json (no book entry),True,False,False,,,,,0,,16,HIGH,True,config_tradier.py:TradierConfig global,1.5,config_tradier.py:TradierConfig global,0.8,config_tradier.py:TradierConfig global,True,config_tradier.py:TradierConfig global,True,config_tradier.py:TradierConfig global,True,config_tradier.py:TradierConfig global,True,config_tradier.py:TradierConfig global,True,config_tradier.py:TradierConfig global,True,config_tradier.py:TradierConfig global,True,config_tradier.py:TradierConfig global,True,config_tradier.py:TradierConfig global,True,config_tradier.py:TradierConfig global,True,config_tradier.py:TradierConfig global,1440.0,config_tradier.py:TradierConfig global,0.05,config_tradier.py:TradierConfig global,True,config_tradier.py:TradierConfig global,True,config_tradier.py:TradierConfig global,True,config_tradier.py:TradierConfig global,True,config_tradier.py:TradierConfig global,True,config_tradier.py:TradierConfig global,False,config_tradier.py:TradierConfig global,0.5,config_tradier.py:TradierConfig global,False,config_tradier.py:TradierConfig global,45.0,config_tradier.py:TradierConfig global,True,config_tradier.py:TradierConfig global,True,config_tradier.py:TradierConfig global,False,config_tradier.py:TradierConfig global,True,config_tradier.py:TradierConfig global
MOS_SHORT,MOS,SHORT,True,persym_final_book.json:tradeable,False,True,True,6.91,5.87,0.591,backtest_v8_engine --mode tradier --account trb --capital 10000,0,,16,HIGH,True,config_tradier.py:TradierConfig global,1.5,config_tradier.py:TradierConfig global,0.8,config_tradier.py:TradierConfig global,True,config_tradier.py:TradierConfig global,True,config_tradier.py:TradierConfig global,True,config_tradier.py:TradierConfig global,True,config_tradier.py:TradierConfig global,True,config_tradier.py:TradierConfig global,True,config_tradier.py:TradierConfig global,True,config_tradier.py:TradierConfig global,True,config_tradier.py:TradierConfig global,True,config_tradier.py:TradierConfig global,True,config_tradier.py:TradierConfig global,1440.0,config_tradier.py:TradierConfig global,0.05,config_tradier.py:TradierConfig global,True,config_tradier.py:TradierConfig global,True,config_tradier.py:TradierConfig global,True,config_tradier.py:TradierConfig global,True,config_tradier.py:TradierConfig global,True,config_tradier.py:TradierConfig global,False,config_tradier.py:TradierConfig global,0.5,config_tradier.py:TradierConfig global,False,config_tradier.py:TradierConfig global,45.0,config_tradier.py:TradierConfig global,True,config_tradier.py:TradierConfig global,True,config_tradier.py:TradierConfig global,False,config_tradier.py:TradierConfig global,True,config_tradier.py:TradierConfig global
MPC_LONG,MPC,LONG,True,persym_final_book.json:tradeable,True,True,True,11.93,10.14,0.593,backtest_v8_engine --mode tradier --account trb --capital 10000,0,,16,HIGH,True,config_tradier.py:TradierConfig global,1.5,config_tradier.py:TradierConfig global,0.8,config_tradier.py:TradierConfig global,True,config_tradier.py:TradierConfig global,True,config_tradier.py:TradierConfig global,True,config_tradier.py:TradierConfig global,True,config_tradier.py:TradierConfig global,True,config_tradier.py:TradierConfig global,True,config_tradier.py:TradierConfig global,True,config_tradier.py:TradierConfig global,True,config_tradier.py:TradierConfig global,True,config_tradier.py:TradierConfig global,True,config_tradier.py:TradierConfig global,1440.0,config_tradier.py:TradierConfig global,0.05,config_tradier.py:TradierConfig global,True,config_tradier.py:TradierConfig global,True,config_tradier.py:TradierConfig global,True,config_tradier.py:TradierConfig global,True,config_tradier.py:TradierConfig global,True,config_tradier.py:TradierConfig global,False,config_tradier.py:TradierConfig global,0.5,config_tradier.py:TradierConfig global,False,config_tradier.py:TradierConfig global,45.0,config_tradier.py:TradierConfig global,True,config_tradier.py:TradierConfig global,True,config_tradier.py:TradierConfig global,False,config_tradier.py:TradierConfig global,True,config_tradier.py:TradierConfig global
MP_SHORT,MP,SHORT,True,persym_final_book.json:tradeable,True,False,True,,,,,0,,16,HIGH,True,config_tradier.py:TradierConfig global,1.5,config_tradier.py:TradierConfig global,0.8,config_tradier.py:TradierConfig global,True,config_tradier.py:TradierConfig global,True,config_tradier.py:TradierConfig global,True,config_tradier.py:TradierConfig global,True,config_tradier.py:TradierConfig global,True,config_tradier.py:TradierConfig global,True,config_tradier.py:TradierConfig global,True,config_tradier.py:TradierConfig global,True,config_tradier.py:TradierConfig global,True,config_tradier.py:TradierConfig global,True,config_tradier.py:TradierConfig global,1440.0,config_tradier.py:TradierConfig global,0.05,config_tradier.py:TradierConfig global,True,config_tradier.py:TradierConfig global,True,config_tradier.py:TradierConfig global,True,config_tradier.py:TradierConfig global,True,config_tradier.py:TradierConfig global,True,config_tradier.py:TradierConfig global,False,config_tradier.py:TradierConfig global,0.5,config_tradier.py:TradierConfig global,False,config_tradier.py:TradierConfig global,45.0,config_tradier.py:TradierConfig global,True,config_tradier.py:TradierConfig global,True,config_tradier.py:TradierConfig global,False,config_tradier.py:TradierConfig global,True,config_tradier.py:TradierConfig global
MRK_LONG,MRK,LONG,True,symbols_trb_*.json (no book entry),True,False,False,,,,,0,,16,HIGH,True,config_tradier.py:TradierConfig global,1.5,config_tradier.py:TradierConfig global,0.8,config_tradier.py:TradierConfig global,True,config_tradier.py:TradierConfig global,True,config_tradier.py:TradierConfig global,True,config_tradier.py:TradierConfig global,True,config_tradier.py:TradierConfig global,True,config_tradier.py:TradierConfig global,True,config_tradier.py:TradierConfig global,True,config_tradier.py:TradierConfig global,True,config_tradier.py:TradierConfig global,True,config_tradier.py:TradierConfig global,True,config_tradier.py:TradierConfig global,1440.0,config_tradier.py:TradierConfig global,0.05,config_tradier.py:TradierConfig global,True,config_tradier.py:TradierConfig global,True,config_tradier.py:TradierConfig global,True,config_tradier.py:TradierConfig global,True,config_tradier.py:TradierConfig global,True,config_tradier.py:TradierConfig global,False,config_tradier.py:TradierConfig global,0.5,config_tradier.py:TradierConfig global,False,config_tradier.py:TradierConfig global,45.0,config_tradier.py:TradierConfig global,True,config_tradier.py:TradierConfig global,True,config_tradier.py:TradierConfig global,False,config_tradier.py:TradierConfig global,True,config_tradier.py:TradierConfig global
MRVL_LONG,MRVL,LONG,True,persym_final_book.json:tradeable,True,True,True,9.59,8.15,0.359,backtest_v8_engine --mode tradier --account trb --capital 10000,0,,16,HIGH,True,config_tradier.py:TradierConfig global,1.5,config_tradier.py:TradierConfig global,0.8,config_tradier.py:TradierConfig global,True,config_tradier.py:TradierConfig global,True,config_tradier.py:TradierConfig global,True,config_tradier.py:TradierConfig global,True,config_tradier.py:TradierConfig global,True,config_tradier.py:TradierConfig global,True,config_tradier.py:TradierConfig global,True,config_tradier.py:TradierConfig global,True,config_tradier.py:TradierConfig global,True,config_tradier.py:TradierConfig global,True,config_tradier.py:TradierConfig global,1440.0,config_tradier.py:TradierConfig global,0.05,config_tradier.py:TradierConfig global,True,config_tradier.py:TradierConfig global,True,config_tradier.py:TradierConfig global,True,config_tradier.py:TradierConfig global,True,config_tradier.py:TradierConfig global,True,config_tradier.py:TradierConfig global,False,config_tradier.py:TradierConfig global,0.5,config_tradier.py:TradierConfig global,False,config_tradier.py:TradierConfig global,45.0,config_tradier.py:TradierConfig global,True,config_tradier.py:TradierConfig global,True,config_tradier.py:TradierConfig global,False,config_tradier.py:TradierConfig global,True,config_tradier.py:TradierConfig global
MSTR_LONG,MSTR,LONG,False,persym_final_book.json:disabled,False,True,False,6.41,5.45,0.541,backtest_v8_engine --mode tradier --account trb --capital 10000,0,,16,BLOCKED,True,config_tradier.py:TradierConfig global,1.5,config_tradier.py:TradierConfig global,0.8,config_tradier.py:TradierConfig global,True,config_tradier.py:TradierConfig global,True,config_tradier.py:TradierConfig global,True,config_tradier.py:TradierConfig global,True,config_tradier.py:TradierConfig global,True,config_tradier.py:TradierConfig global,True,config_tradier.py:TradierConfig global,True,config_tradier.py:TradierConfig global,True,config_tradier.py:TradierConfig global,True,config_tradier.py:TradierConfig global,True,config_tradier.py:TradierConfig global,1440.0,config_tradier.py:TradierConfig global,0.05,config_tradier.py:TradierConfig global,True,config_tradier.py:TradierConfig global,True,config_tradier.py:TradierConfig global,True,config_tradier.py:TradierConfig global,True,config_tradier.py:TradierConfig global,True,config_tradier.py:TradierConfig global,False,config_tradier.py:TradierConfig global,0.5,config_tradier.py:TradierConfig global,False,config_tradier.py:TradierConfig global,45.0,config_tradier.py:TradierConfig global,True,config_tradier.py:TradierConfig global,True,config_tradier.py:TradierConfig global,False,config_tradier.py:TradierConfig global,True,config_tradier.py:TradierConfig global
MSTR_SHORT,MSTR,SHORT,True,persym_final_book.json:tradeable,True,True,True,10.98,9.33,0.498,backtest_v8_engine --mode tradier --account trb --capital 10000,0,,16,HIGH,True,config_tradier.py:TradierConfig global,1.5,config_tradier.py:TradierConfig global,0.8,config_tradier.py:TradierConfig global,True,config_tradier.py:TradierConfig global,True,config_tradier.py:TradierConfig global,True,config_tradier.py:TradierConfig global,True,config_tradier.py:TradierConfig global,True,config_tradier.py:TradierConfig global,True,config_tradier.py:TradierConfig global,True,config_tradier.py:TradierConfig global,True,config_tradier.py:TradierConfig global,True,config_tradier.py:TradierConfig global,True,config_tradier.py:TradierConfig global,1440.0,config_tradier.py:TradierConfig global,0.05,config_tradier.py:TradierConfig global,True,config_tradier.py:TradierConfig global,True,config_tradier.py:TradierConfig global,True,config_tradier.py:TradierConfig global,True,config_tradier.py:TradierConfig global,True,config_tradier.py:TradierConfig global,False,config_tradier.py:TradierConfig global,0.5,config_tradier.py:TradierConfig global,False,config_tradier.py:TradierConfig global,45.0,config_tradier.py:TradierConfig global,True,config_tradier.py:TradierConfig global,True,config_tradier.py:TradierConfig global,False,config_tradier.py:TradierConfig global,True,config_tradier.py:TradierConfig global
MU_LONG,MU,LONG,True,persym_final_book.json:tradeable,True,True,True,351.7138,643.6891,2.5268369625722547,vec_combiner_v2 01:20,14,"{""ATR_ADAPTIVE_SIZING_ENABLED"": true, ""ATR_ADAPTIVE_SIZING_TARGET_PCT"": true, ""BOUNCE_AUGMENT_K_D_THRESHOLD"": true, ""DC_EDGE_SIZING_MAX_MULT"": true, ""EMA_DIST_SIZING_MULT"": true, ""MI_ENTRY_ENABLED_TRADIER"": true, ""REENTRY_MANDATORY"": true, ""REENTRY_TIER1_SIZE_MULT_TRADIER"": true, ""RSI_ENTRY_GATE_ENABLED"": true, ""SATOSHIT_ENTRY_ENABLED"": true, ""TRADIER_RSI2_ENABLED"": true, ""VWAP_BOUNCE_ENTRY_ENABLED"": true, ""WIN_TRAIL_EROSION_PCT"": 0.125, ""WT_EXIT_MIN_TFS"": 4}",17,HIGH,True,trb/active_config.json,True,trb/active_config.json,0.8,config_tradier.py:TradierConfig global,True,config_tradier.py:TradierConfig global,True,config_tradier.py:TradierConfig global,True,config_tradier.py:TradierConfig global,True,config_tradier.py:TradierConfig global,True,config_tradier.py:TradierConfig global,True,config_tradier.py:TradierConfig global,True,config_tradier.py:TradierConfig global,True,config_tradier.py:TradierConfig global,True,config_tradier.py:TradierConfig global,True,config_tradier.py:TradierConfig global,1440.0,config_tradier.py:TradierConfig global,0.05,config_tradier.py:TradierConfig global,True,config_tradier.py:TradierConfig global,True,config_tradier.py:TradierConfig global,True,config_tradier.py:TradierConfig global,True,config_tradier.py:TradierConfig global,True,config_tradier.py:TradierConfig global,False,config_tradier.py:TradierConfig global,0.125,trb/active_config.json,False,config_tradier.py:TradierConfig global,True,trb/active_config.json,True,trb/active_config.json,True,config_tradier.py:TradierConfig global,False,config_tradier.py:TradierConfig global,True,config_tradier.py:TradierConfig global
MU_SHORT,MU,SHORT,True,persym_final_book.json:tradeable,False,True,True,42.5,29.75,1.8,backtest_v8_engine --mode tradier --account trb --capital 10000,3,"{""REENTRY_MANDATORY"": true, ""WIN_TRAIL_EROSION_PCT"": 0.125, ""WT_EXIT_MIN_TFS"": 3}",16,HIGH,True,trb/active_config.json,1.5,config_tradier.py:TradierConfig global,0.8,config_tradier.py:TradierConfig global,True,config_tradier.py:TradierConfig global,True,config_tradier.py:TradierConfig global,True,config_tradier.py:TradierConfig global,True,config_tradier.py:TradierConfig global,True,config_tradier.py:TradierConfig global,True,config_tradier.py:TradierConfig global,True,config_tradier.py:TradierConfig global,True,config_tradier.py:TradierConfig global,True,config_tradier.py:TradierConfig global,True,config_tradier.py:TradierConfig global,1440.0,config_tradier.py:TradierConfig global,0.05,config_tradier.py:TradierConfig global,True,config_tradier.py:TradierConfig global,True,config_tradier.py:TradierConfig global,True,config_tradier.py:TradierConfig global,True,config_tradier.py:TradierConfig global,True,config_tradier.py:TradierConfig global,False,config_tradier.py:TradierConfig global,0.125,trb/active_config.json,False,config_tradier.py:TradierConfig global,45.0,config_tradier.py:TradierConfig global,True,config_tradier.py:TradierConfig global,True,config_tradier.py:TradierConfig global,False,config_tradier.py:TradierConfig global,True,config_tradier.py:TradierConfig global
NKE_SHORT,NKE,SHORT,True,symbols_trb_*.json (no book entry),True,False,False,,,,,0,,16,HIGH,True,config_tradier.py:TradierConfig global,1.5,config_tradier.py:TradierConfig global,0.8,config_tradier.py:TradierConfig global,True,config_tradier.py:TradierConfig global,True,config_tradier.py:TradierConfig global,True,config_tradier.py:TradierConfig global,True,config_tradier.py:TradierConfig global,True,config_tradier.py:TradierConfig global,True,config_tradier.py:TradierConfig global,True,config_tradier.py:TradierConfig global,True,config_tradier.py:TradierConfig global,True,config_tradier.py:TradierConfig global,True,config_tradier.py:TradierConfig global,1440.0,config_tradier.py:TradierConfig global,0.05,config_tradier.py:TradierConfig global,True,config_tradier.py:TradierConfig global,True,config_tradier.py:TradierConfig global,True,config_tradier.py:TradierConfig global,True,config_tradier.py:TradierConfig global,True,config_tradier.py:TradierConfig global,False,config_tradier.py:TradierConfig global,0.5,config_tradier.py:TradierConfig global,False,config_tradier.py:TradierConfig global,45.0,config_tradier.py:TradierConfig global,True,config_tradier.py:TradierConfig global,True,config_tradier.py:TradierConfig global,False,config_tradier.py:TradierConfig global,True,config_tradier.py:TradierConfig global
NLR_SHORT,NLR,SHORT,True,symbols_trb_*.json (no book entry),True,True,False,11.3,9.61,0.53,backtest_v8_engine --mode tradier --account trb --capital 10000,0,,16,HIGH,True,config_tradier.py:TradierConfig global,1.5,config_tradier.py:TradierConfig global,0.8,config_tradier.py:TradierConfig global,True,config_tradier.py:TradierConfig global,True,config_tradier.py:TradierConfig global,True,config_tradier.py:TradierConfig global,True,config_tradier.py:TradierConfig global,True,config_tradier.py:TradierConfig global,True,config_tradier.py:TradierConfig global,True,config_tradier.py:TradierConfig global,True,config_tradier.py:TradierConfig global,True,config_tradier.py:TradierConfig global,True,config_tradier.py:TradierConfig global,1440.0,config_tradier.py:TradierConfig global,0.05,config_tradier.py:TradierConfig global,True,config_tradier.py:TradierConfig global,True,config_tradier.py:TradierConfig global,True,config_tradier.py:TradierConfig global,True,config_tradier.py:TradierConfig global,True,config_tradier.py:TradierConfig global,False,config_tradier.py:TradierConfig global,0.5,config_tradier.py:TradierConfig global,False,config_tradier.py:TradierConfig global,45.0,config_tradier.py:TradierConfig global,True,config_tradier.py:TradierConfig global,True,config_tradier.py:TradierConfig global,False,config_tradier.py:TradierConfig global,True,config_tradier.py:TradierConfig global
NUKZ_LONG,NUKZ,LONG,False,not in symbols_trb,False,True,False,8.97,7.62,0.297,backtest_v8_engine --mode tradier --account trb --capital 10000,0,,16,BLOCKED,True,config_tradier.py:TradierConfig global,1.5,config_tradier.py:TradierConfig global,0.8,config_tradier.py:TradierConfig global,True,config_tradier.py:TradierConfig global,True,config_tradier.py:TradierConfig global,True,config_tradier.py:TradierConfig global,True,config_tradier.py:TradierConfig global,True,config_tradier.py:TradierConfig global,True,config_tradier.py:TradierConfig global,True,config_tradier.py:TradierConfig global,True,config_tradier.py:TradierConfig global,True,config_tradier.py:TradierConfig global,True,config_tradier.py:TradierConfig global,1440.0,config_tradier.py:TradierConfig global,0.05,config_tradier.py:TradierConfig global,True,config_tradier.py:TradierConfig global,True,config_tradier.py:TradierConfig global,True,config_tradier.py:TradierConfig global,True,config_tradier.py:TradierConfig global,True,config_tradier.py:TradierConfig global,False,config_tradier.py:TradierConfig global,0.5,config_tradier.py:TradierConfig global,False,config_tradier.py:TradierConfig global,45.0,config_tradier.py:TradierConfig global,True,config_tradier.py:TradierConfig global,True,config_tradier.py:TradierConfig global,False,config_tradier.py:TradierConfig global,True,config_tradier.py:TradierConfig global
NVDA_LONG,NVDA,LONG,True,persym_final_book.json:tradeable,True,True,True,428.8832,105.2416,11.163776589089538,vec_combiner_v2 01:20,8,"{""BOUNCE_AUGMENT_K_D_THRESHOLD"": true, ""DC_EDGE_SIZING_MAX_MULT"": true, ""NOLOSS_ENABLED"": true, ""REENTRY_MANDATORY"": true, ""REENTRY_TIER1_SIZE_MULT_TRADIER"": true, ""TRADIER_RSI2_ENABLED"": true, ""WIN_TRAIL_EROSION_PCT"": 0.125, ""WT_EXIT_MIN_TFS"": 4}",17,HIGH,True,trb/active_config.json,True,trb/active_config.json,0.8,config_tradier.py:TradierConfig global,True,config_tradier.py:TradierConfig global,True,config_tradier.py:TradierConfig global,True,config_tradier.py:TradierConfig global,True,config_tradier.py:TradierConfig global,True,config_tradier.py:TradierConfig global,True,config_tradier.py:TradierConfig global,True,config_tradier.py:TradierConfig global,True,config_tradier.py:TradierConfig global,True,config_tradier.py:TradierConfig global,True,config_tradier.py:TradierConfig global,1440.0,config_tradier.py:TradierConfig global,0.05,config_tradier.py:TradierConfig global,True,config_tradier.py:TradierConfig global,True,config_tradier.py:TradierConfig global,True,config_tradier.py:TradierConfig global,True,config_tradier.py:TradierConfig global,True,config_tradier.py:TradierConfig global,False,config_tradier.py:TradierConfig global,0.125,trb/active_config.json,False,config_tradier.py:TradierConfig global,True,trb/active_config.json,True,trb/active_config.json,True,config_tradier.py:TradierConfig global,False,config_tradier.py:TradierConfig global,True,config_tradier.py:TradierConfig global
NXE_SHORT,NXE,SHORT,True,symbols_trb_*.json (no book entry),True,False,False,,,,,0,,16,HIGH,True,config_tradier.py:TradierConfig global,1.5,config_tradier.py:TradierConfig global,0.8,config_tradier.py:TradierConfig global,True,config_tradier.py:TradierConfig global,True,config_tradier.py:TradierConfig global,True,config_tradier.py:TradierConfig global,True,config_tradier.py:TradierConfig global,True,config_tradier.py:TradierConfig global,True,config_tradier.py:TradierConfig global,True,config_tradier.py:TradierConfig global,True,config_tradier.py:TradierConfig global,True,config_tradier.py:TradierConfig global,True,config_tradier.py:TradierConfig global,1440.0,config_tradier.py:TradierConfig global,0.05,config_tradier.py:TradierConfig global,True,config_tradier.py:TradierConfig global,True,config_tradier.py:TradierConfig global,True,config_tradier.py:TradierConfig global,True,config_tradier.py:TradierConfig global,True,config_tradier.py:TradierConfig global,False,config_tradier.py:TradierConfig global,0.5,config_tradier.py:TradierConfig global,False,config_tradier.py:TradierConfig global,45.0,config_tradier.py:TradierConfig global,True,config_tradier.py:TradierConfig global,True,config_tradier.py:TradierConfig global,False,config_tradier.py:TradierConfig global,True,config_tradier.py:TradierConfig global
OKE_LONG,OKE,LONG,True,persym_final_book.json:tradeable,False,True,True,3.56,3.03,0.256,backtest_v8_engine --mode tradier --account trb --capital 10000,0,,16,HIGH,True,config_tradier.py:TradierConfig global,1.5,config_tradier.py:TradierConfig global,0.8,config_tradier.py:TradierConfig global,True,config_tradier.py:TradierConfig global,True,config_tradier.py:TradierConfig global,True,config_tradier.py:TradierConfig global,True,config_tradier.py:TradierConfig global,True,config_tradier.py:TradierConfig global,True,config_tradier.py:TradierConfig global,True,config_tradier.py:TradierConfig global,True,config_tradier.py:TradierConfig global,True,config_tradier.py:TradierConfig global,True,config_tradier.py:TradierConfig global,1440.0,config_tradier.py:TradierConfig global,0.05,config_tradier.py:TradierConfig global,True,config_tradier.py:TradierConfig global,True,config_tradier.py:TradierConfig global,True,config_tradier.py:TradierConfig global,True,config_tradier.py:TradierConfig global,True,config_tradier.py:TradierConfig global,False,config_tradier.py:TradierConfig global,0.5,config_tradier.py:TradierConfig global,False,config_tradier.py:TradierConfig global,45.0,config_tradier.py:TradierConfig global,True,config_tradier.py:TradierConfig global,True,config_tradier.py:TradierConfig global,False,config_tradier.py:TradierConfig global,True,config_tradier.py:TradierConfig global
OLED_LONG,OLED,LONG,True,persym_final_book.json:tradeable,True,True,True,0.1,0.08,0.2438,backtest_v8_engine --mode tradier --account trb --capital 10000,0,,16,HIGH,True,config_tradier.py:TradierConfig global,1.5,config_tradier.py:TradierConfig global,0.8,config_tradier.py:TradierConfig global,True,config_tradier.py:TradierConfig global,True,config_tradier.py:TradierConfig global,True,config_tradier.py:TradierConfig global,True,config_tradier.py:TradierConfig global,True,config_tradier.py:TradierConfig global,True,config_tradier.py:TradierConfig global,True,config_tradier.py:TradierConfig global,True,config_tradier.py:TradierConfig global,True,config_tradier.py:TradierConfig global,True,config_tradier.py:TradierConfig global,1440.0,config_tradier.py:TradierConfig global,0.05,config_tradier.py:TradierConfig global,True,config_tradier.py:TradierConfig global,True,config_tradier.py:TradierConfig global,True,config_tradier.py:TradierConfig global,True,config_tradier.py:TradierConfig global,True,config_tradier.py:TradierConfig global,False,config_tradier.py:TradierConfig global,0.5,config_tradier.py:TradierConfig global,False,config_tradier.py:TradierConfig global,45.0,config_tradier.py:TradierConfig global,True,config_tradier.py:TradierConfig global,True,config_tradier.py:TradierConfig global,False,config_tradier.py:TradierConfig global,True,config_tradier.py:TradierConfig global
OLED_SHORT,OLED,SHORT,True,persym_final_book.json:tradeable,True,True,True,3.88,3.3,0.288,backtest_v8_engine --mode tradier --account trb --capital 10000,0,,16,HIGH,True,config_tradier.py:TradierConfig global,1.5,config_tradier.py:TradierConfig global,0.8,config_tradier.py:TradierConfig global,True,config_tradier.py:TradierConfig global,True,config_tradier.py:TradierConfig global,True,config_tradier.py:TradierConfig global,True,config_tradier.py:TradierConfig global,True,config_tradier.py:TradierConfig global,True,config_tradier.py:TradierConfig global,True,config_tradier.py:TradierConfig global,True,config_tradier.py:TradierConfig global,True,config_tradier.py:TradierConfig global,True,config_tradier.py:TradierConfig global,1440.0,config_tradier.py:TradierConfig global,0.05,config_tradier.py:TradierConfig global,True,config_tradier.py:TradierConfig global,True,config_tradier.py:TradierConfig global,True,config_tradier.py:TradierConfig global,True,config_tradier.py:TradierConfig global,True,config_tradier.py:TradierConfig global,False,config_tradier.py:TradierConfig global,0.5,config_tradier.py:TradierConfig global,False,config_tradier.py:TradierConfig global,45.0,config_tradier.py:TradierConfig global,True,config_tradier.py:TradierConfig global,True,config_tradier.py:TradierConfig global,False,config_tradier.py:TradierConfig global,True,config_tradier.py:TradierConfig global
ORCL_SHORT,ORCL,SHORT,True,symbols_trb_*.json (no book entry),True,False,False,,,,,0,,16,HIGH,True,config_tradier.py:TradierConfig global,1.5,config_tradier.py:TradierConfig global,0.8,config_tradier.py:TradierConfig global,True,config_tradier.py:TradierConfig global,True,config_tradier.py:TradierConfig global,True,config_tradier.py:TradierConfig global,True,config_tradier.py:TradierConfig global,True,config_tradier.py:TradierConfig global,True,config_tradier.py:TradierConfig global,True,config_tradier.py:TradierConfig global,True,config_tradier.py:TradierConfig global,True,config_tradier.py:TradierConfig global,True,config_tradier.py:TradierConfig global,1440.0,config_tradier.py:TradierConfig global,0.05,config_tradier.py:TradierConfig global,True,config_tradier.py:TradierConfig global,True,config_tradier.py:TradierConfig global,True,config_tradier.py:TradierConfig global,True,config_tradier.py:TradierConfig global,True,config_tradier.py:TradierConfig global,False,config_tradier.py:TradierConfig global,0.5,config_tradier.py:TradierConfig global,False,config_tradier.py:TradierConfig global,45.0,config_tradier.py:TradierConfig global,True,config_tradier.py:TradierConfig global,True,config_tradier.py:TradierConfig global,False,config_tradier.py:TradierConfig global,True,config_tradier.py:TradierConfig global
PATH_LONG,PATH,LONG,True,symbols_trb_*.json (no book entry),True,False,False,,,,,0,,16,HIGH,True,config_tradier.py:TradierConfig global,1.5,config_tradier.py:TradierConfig global,0.8,config_tradier.py:TradierConfig global,True,config_tradier.py:TradierConfig global,True,config_tradier.py:TradierConfig global,True,config_tradier.py:TradierConfig global,True,config_tradier.py:TradierConfig global,True,config_tradier.py:TradierConfig global,True,config_tradier.py:TradierConfig global,True,config_tradier.py:TradierConfig global,True,config_tradier.py:TradierConfig global,True,config_tradier.py:TradierConfig global,True,config_tradier.py:TradierConfig global,1440.0,config_tradier.py:TradierConfig global,0.05,config_tradier.py:TradierConfig global,True,config_tradier.py:TradierConfig global,True,config_tradier.py:TradierConfig global,True,config_tradier.py:TradierConfig global,True,config_tradier.py:TradierConfig global,True,config_tradier.py:TradierConfig global,False,config_tradier.py:TradierConfig global,0.5,config_tradier.py:TradierConfig global,False,config_tradier.py:TradierConfig global,45.0,config_tradier.py:TradierConfig global,True,config_tradier.py:TradierConfig global,True,config_tradier.py:TradierConfig global,False,config_tradier.py:TradierConfig global,True,config_tradier.py:TradierConfig global
PBF_LONG,PBF,LONG,True,persym_final_book.json:tradeable,True,True,True,0.13,0.104,0.0976,backtest_v8_engine --mode tradier --account trb --capital 10000,0,,16,HIGH,True,config_tradier.py:TradierConfig global,1.5,config_tradier.py:TradierConfig global,0.8,config_tradier.py:TradierConfig global,True,config_tradier.py:TradierConfig global,True,config_tradier.py:TradierConfig global,True,config_tradier.py:TradierConfig global,True,config_tradier.py:TradierConfig global,True,config_tradier.py:TradierConfig global,True,config_tradier.py:TradierConfig global,True,config_tradier.py:TradierConfig global,True,config_tradier.py:TradierConfig global,True,config_tradier.py:TradierConfig global,True,config_tradier.py:TradierConfig global,1440.0,config_tradier.py:TradierConfig global,0.05,config_tradier.py:TradierConfig global,True,config_tradier.py:TradierConfig global,True,config_tradier.py:TradierConfig global,True,config_tradier.py:TradierConfig global,True,config_tradier.py:TradierConfig global,True,config_tradier.py:TradierConfig global,False,config_tradier.py:TradierConfig global,0.5,config_tradier.py:TradierConfig global,False,config_tradier.py:TradierConfig global,45.0,config_tradier.py:TradierConfig global,True,config_tradier.py:TradierConfig global,True,config_tradier.py:TradierConfig global,False,config_tradier.py:TradierConfig global,True,config_tradier.py:TradierConfig global
PBF_SHORT,PBF,SHORT,True,persym_final_book.json:tradeable,False,True,True,15.7,10.99,1.8,backtest_v8_engine --mode tradier --account trb --capital 10000,3,"{""REENTRY_MANDATORY"": true, ""WIN_TRAIL_EROSION_PCT"": 0.125, ""WT_EXIT_MIN_TFS"": 3}",16,HIGH,True,trb/active_config.json,1.5,config_tradier.py:TradierConfig global,0.8,config_tradier.py:TradierConfig global,True,config_tradier.py:TradierConfig global,True,config_tradier.py:TradierConfig global,True,config_tradier.py:TradierConfig global,True,config_tradier.py:TradierConfig global,True,config_tradier.py:TradierConfig global,True,config_tradier.py:TradierConfig global,True,config_tradier.py:TradierConfig global,True,config_tradier.py:TradierConfig global,True,config_tradier.py:TradierConfig global,True,config_tradier.py:TradierConfig global,1440.0,config_tradier.py:TradierConfig global,0.05,config_tradier.py:TradierConfig global,True,config_tradier.py:TradierConfig global,True,config_tradier.py:TradierConfig global,True,config_tradier.py:TradierConfig global,True,config_tradier.py:TradierConfig global,True,config_tradier.py:TradierConfig global,False,config_tradier.py:TradierConfig global,0.125,trb/active_config.json,False,config_tradier.py:TradierConfig global,45.0,config_tradier.py:TradierConfig global,True,config_tradier.py:TradierConfig global,True,config_tradier.py:TradierConfig global,False,config_tradier.py:TradierConfig global,True,config_tradier.py:TradierConfig global
PEP_SHORT,PEP,SHORT,True,persym_final_book.json:tradeable,True,False,True,,,,,0,,16,HIGH,True,config_tradier.py:TradierConfig global,1.5,config_tradier.py:TradierConfig global,0.8,config_tradier.py:TradierConfig global,True,config_tradier.py:TradierConfig global,True,config_tradier.py:TradierConfig global,True,config_tradier.py:TradierConfig global,True,config_tradier.py:TradierConfig global,True,config_tradier.py:TradierConfig global,True,config_tradier.py:TradierConfig global,True,config_tradier.py:TradierConfig global,True,config_tradier.py:TradierConfig global,True,config_tradier.py:TradierConfig global,True,config_tradier.py:TradierConfig global,1440.0,config_tradier.py:TradierConfig global,0.05,config_tradier.py:TradierConfig global,True,config_tradier.py:TradierConfig global,True,config_tradier.py:TradierConfig global,True,config_tradier.py:TradierConfig global,True,config_tradier.py:TradierConfig global,True,config_tradier.py:TradierConfig global,False,config_tradier.py:TradierConfig global,0.5,config_tradier.py:TradierConfig global,False,config_tradier.py:TradierConfig global,45.0,config_tradier.py:TradierConfig global,True,config_tradier.py:TradierConfig global,True,config_tradier.py:TradierConfig global,False,config_tradier.py:TradierConfig global,True,config_tradier.py:TradierConfig global
PLTR_LONG,PLTR,LONG,True,persym_final_book.json:tradeable,True,True,True,7.5,4,0.5,backtest_v8_engine --mode tradier --account trb --capital 10000,0,,16,HIGH,True,config_tradier.py:TradierConfig global,1.5,config_tradier.py:TradierConfig global,0.8,config_tradier.py:TradierConfig global,True,config_tradier.py:TradierConfig global,True,config_tradier.py:TradierConfig global,True,config_tradier.py:TradierConfig global,True,config_tradier.py:TradierConfig global,True,config_tradier.py:TradierConfig global,True,config_tradier.py:TradierConfig global,True,config_tradier.py:TradierConfig global,True,config_tradier.py:TradierConfig global,True,config_tradier.py:TradierConfig global,True,config_tradier.py:TradierConfig global,1440.0,config_tradier.py:TradierConfig global,0.05,config_tradier.py:TradierConfig global,True,config_tradier.py:TradierConfig global,True,config_tradier.py:TradierConfig global,True,config_tradier.py:TradierConfig global,True,config_tradier.py:TradierConfig global,True,config_tradier.py:TradierConfig global,False,config_tradier.py:TradierConfig global,0.5,config_tradier.py:TradierConfig global,False,config_tradier.py:TradierConfig global,45.0,config_tradier.py:TradierConfig global,True,config_tradier.py:TradierConfig global,True,config_tradier.py:TradierConfig global,False,config_tradier.py:TradierConfig global,True,config_tradier.py:TradierConfig global
PR_LONG,PR,LONG,True,persym_final_book.json:tradeable,False,True,True,10.06,8.55,0.406,backtest_v8_engine --mode tradier --account trb --capital 10000,0,,16,HIGH,True,config_tradier.py:TradierConfig global,1.5,config_tradier.py:TradierConfig global,0.8,config_tradier.py:TradierConfig global,True,config_tradier.py:TradierConfig global,True,config_tradier.py:TradierConfig global,True,config_tradier.py:TradierConfig global,True,config_tradier.py:TradierConfig global,True,config_tradier.py:TradierConfig global,True,config_tradier.py:TradierConfig global,True,config_tradier.py:TradierConfig global,True,config_tradier.py:TradierConfig global,True,config_tradier.py:TradierConfig global,True,config_tradier.py:TradierConfig global,1440.0,config_tradier.py:TradierConfig global,0.05,config_tradier.py:TradierConfig global,True,config_tradier.py:TradierConfig global,True,config_tradier.py:TradierConfig global,True,config_tradier.py:TradierConfig global,True,config_tradier.py:TradierConfig global,True,config_tradier.py:TradierConfig global,False,config_tradier.py:TradierConfig global,0.5,config_tradier.py:TradierConfig global,False,config_tradier.py:TradierConfig global,45.0,config_tradier.py:TradierConfig global,True,config_tradier.py:TradierConfig global,True,config_tradier.py:TradierConfig global,False,config_tradier.py:TradierConfig global,True,config_tradier.py:TradierConfig global
PSX_LONG,PSX,LONG,True,persym_final_book.json:tradeable,True,True,True,10.24,8.7,0.424,backtest_v8_engine --mode tradier --account trb --capital 10000,0,,16,HIGH,True,config_tradier.py:TradierConfig global,1.5,config_tradier.py:TradierConfig global,0.8,config_tradier.py:TradierConfig global,True,config_tradier.py:TradierConfig global,True,config_tradier.py:TradierConfig global,True,config_tradier.py:TradierConfig global,True,config_tradier.py:TradierConfig global,True,config_tradier.py:TradierConfig global,True,config_tradier.py:TradierConfig global,True,config_tradier.py:TradierConfig global,True,config_tradier.py:TradierConfig global,True,config_tradier.py:TradierConfig global,True,config_tradier.py:TradierConfig global,1440.0,config_tradier.py:TradierConfig global,0.05,config_tradier.py:TradierConfig global,True,config_tradier.py:TradierConfig global,True,config_tradier.py:TradierConfig global,True,config_tradier.py:TradierConfig global,True,config_tradier.py:TradierConfig global,True,config_tradier.py:TradierConfig global,False,config_tradier.py:TradierConfig global,0.5,config_tradier.py:TradierConfig global,False,config_tradier.py:TradierConfig global,45.0,config_tradier.py:TradierConfig global,True,config_tradier.py:TradierConfig global,True,config_tradier.py:TradierConfig global,False,config_tradier.py:TradierConfig global,True,config_tradier.py:TradierConfig global
QBTS_LONG,QBTS,LONG,True,symbols_trb_*.json (no book entry),True,True,False,8.5,5,0.6,backtest_v8_engine --mode tradier --account trb --capital 10000,0,,16,HIGH,True,config_tradier.py:TradierConfig global,1.5,config_tradier.py:TradierConfig global,0.8,config_tradier.py:TradierConfig global,True,config_tradier.py:TradierConfig global,True,config_tradier.py:TradierConfig global,True,config_tradier.py:TradierConfig global,True,config_tradier.py:TradierConfig global,True,config_tradier.py:TradierConfig global,True,config_tradier.py:TradierConfig global,True,config_tradier.py:TradierConfig global,True,config_tradier.py:TradierConfig global,True,config_tradier.py:TradierConfig global,True,config_tradier.py:TradierConfig global,1440.0,config_tradier.py:TradierConfig global,0.05,config_tradier.py:TradierConfig global,True,config_tradier.py:TradierConfig global,True,config_tradier.py:TradierConfig global,True,config_tradier.py:TradierConfig global,True,config_tradier.py:TradierConfig global,True,config_tradier.py:TradierConfig global,False,config_tradier.py:TradierConfig global,0.5,config_tradier.py:TradierConfig global,False,config_tradier.py:TradierConfig global,45.0,config_tradier.py:TradierConfig global,True,config_tradier.py:TradierConfig global,True,config_tradier.py:TradierConfig global,False,config_tradier.py:TradierConfig global,True,config_tradier.py:TradierConfig global
QCOM_LONG,QCOM,LONG,True,symbols_trb_*.json (no book entry),True,False,False,,,,,0,,16,HIGH,True,config_tradier.py:TradierConfig global,1.5,config_tradier.py:TradierConfig global,0.8,config_tradier.py:TradierConfig global,True,config_tradier.py:TradierConfig global,True,config_tradier.py:TradierConfig global,True,config_tradier.py:TradierConfig global,True,config_tradier.py:TradierConfig global,True,config_tradier.py:TradierConfig global,True,config_tradier.py:TradierConfig global,True,config_tradier.py:TradierConfig global,True,config_tradier.py:TradierConfig global,True,config_tradier.py:TradierConfig global,True,config_tradier.py:TradierConfig global,1440.0,config_tradier.py:TradierConfig global,0.05,config_tradier.py:TradierConfig global,True,config_tradier.py:TradierConfig global,True,config_tradier.py:TradierConfig global,True,config_tradier.py:TradierConfig global,True,config_tradier.py:TradierConfig global,True,config_tradier.py:TradierConfig global,False,config_tradier.py:TradierConfig global,0.5,config_tradier.py:TradierConfig global,False,config_tradier.py:TradierConfig global,45.0,config_tradier.py:TradierConfig global,True,config_tradier.py:TradierConfig global,True,config_tradier.py:TradierConfig global,False,config_tradier.py:TradierConfig global,True,config_tradier.py:TradierConfig global
QQQ_LONG,QQQ,LONG,True,persym_final_book.json:tradeable,True,False,True,,,,,0,,16,HIGH,True,config_tradier.py:TradierConfig global,1.5,config_tradier.py:TradierConfig global,0.8,config_tradier.py:TradierConfig global,True,config_tradier.py:TradierConfig global,True,config_tradier.py:TradierConfig global,True,config_tradier.py:TradierConfig global,True,config_tradier.py:TradierConfig global,True,config_tradier.py:TradierConfig global,True,config_tradier.py:TradierConfig global,True,config_tradier.py:TradierConfig global,True,config_tradier.py:TradierConfig global,True,config_tradier.py:TradierConfig global,True,config_tradier.py:TradierConfig global,1440.0,config_tradier.py:TradierConfig global,0.05,config_tradier.py:TradierConfig global,True,config_tradier.py:TradierConfig global,True,config_tradier.py:TradierConfig global,True,config_tradier.py:TradierConfig global,True,config_tradier.py:TradierConfig global,True,config_tradier.py:TradierConfig global,False,config_tradier.py:TradierConfig global,0.5,config_tradier.py:TradierConfig global,False,config_tradier.py:TradierConfig global,45.0,config_tradier.py:TradierConfig global,True,config_tradier.py:TradierConfig global,True,config_tradier.py:TradierConfig global,False,config_tradier.py:TradierConfig global,True,config_tradier.py:TradierConfig global
RBLX_LONG,RBLX,LONG,False,persym_final_book.json:disabled,False,True,False,6.5,9,0.4,backtest_v8_engine --mode tradier --account trb --capital 10000,0,,16,BLOCKED,True,config_tradier.py:TradierConfig global,1.5,config_tradier.py:TradierConfig global,0.8,config_tradier.py:TradierConfig global,True,config_tradier.py:TradierConfig global,True,config_tradier.py:TradierConfig global,True,config_tradier.py:TradierConfig global,True,config_tradier.py:TradierConfig global,True,config_tradier.py:TradierConfig global,True,config_tradier.py:TradierConfig global,True,config_tradier.py:TradierConfig global,True,config_tradier.py:TradierConfig global,True,config_tradier.py:TradierConfig global,True,config_tradier.py:TradierConfig global,1440.0,config_tradier.py:TradierConfig global,0.05,config_tradier.py:TradierConfig global,True,config_tradier.py:TradierConfig global,True,config_tradier.py:TradierConfig global,True,config_tradier.py:TradierConfig global,True,config_tradier.py:TradierConfig global,True,config_tradier.py:TradierConfig global,False,config_tradier.py:TradierConfig global,0.5,config_tradier.py:TradierConfig global,False,config_tradier.py:TradierConfig global,45.0,config_tradier.py:TradierConfig global,True,config_tradier.py:TradierConfig global,True,config_tradier.py:TradierConfig global,False,config_tradier.py:TradierConfig global,True,config_tradier.py:TradierConfig global
RBLX_SHORT,RBLX,SHORT,True,persym_final_book.json:tradeable,True,True,True,5,6,0.4,backtest_v8_engine --mode tradier --account trb --capital 10000,0,,16,HIGH,True,config_tradier.py:TradierConfig global,1.5,config_tradier.py:TradierConfig global,0.8,config_tradier.py:TradierConfig global,True,config_tradier.py:TradierConfig global,True,config_tradier.py:TradierConfig global,True,config_tradier.py:TradierConfig global,True,config_tradier.py:TradierConfig global,True,config_tradier.py:TradierConfig global,True,config_tradier.py:TradierConfig global,True,config_tradier.py:TradierConfig global,True,config_tradier.py:TradierConfig global,True,config_tradier.py:TradierConfig global,True,config_tradier.py:TradierConfig global,1440.0,config_tradier.py:TradierConfig global,0.05,config_tradier.py:TradierConfig global,True,config_tradier.py:TradierConfig global,True,config_tradier.py:TradierConfig global,True,config_tradier.py:TradierConfig global,True,config_tradier.py:TradierConfig global,True,config_tradier.py:TradierConfig global,False,config_tradier.py:TradierConfig global,0.5,config_tradier.py:TradierConfig global,False,config_tradier.py:TradierConfig global,45.0,config_tradier.py:TradierConfig global,True,config_tradier.py:TradierConfig global,True,config_tradier.py:TradierConfig global,False,config_tradier.py:TradierConfig global,True,config_tradier.py:TradierConfig global
ROBO_LONG,ROBO,LONG,False,not in symbols_trb,False,True,False,11.28,9.59,0.528,backtest_v8_engine --mode tradier --account trb --capital 10000,0,,16,BLOCKED,True,config_tradier.py:TradierConfig global,1.5,config_tradier.py:TradierConfig global,0.8,config_tradier.py:TradierConfig global,True,config_tradier.py:TradierConfig global,True,config_tradier.py:TradierConfig global,True,config_tradier.py:TradierConfig global,True,config_tradier.py:TradierConfig global,True,config_tradier.py:TradierConfig global,True,config_tradier.py:TradierConfig global,True,config_tradier.py:TradierConfig global,True,config_tradier.py:TradierConfig global,True,config_tradier.py:TradierConfig global,True,config_tradier.py:TradierConfig global,1440.0,config_tradier.py:TradierConfig global,0.05,config_tradier.py:TradierConfig global,True,config_tradier.py:TradierConfig global,True,config_tradier.py:TradierConfig global,True,config_tradier.py:TradierConfig global,True,config_tradier.py:TradierConfig global,True,config_tradier.py:TradierConfig global,False,config_tradier.py:TradierConfig global,0.5,config_tradier.py:TradierConfig global,False,config_tradier.py:TradierConfig global,45.0,config_tradier.py:TradierConfig global,True,config_tradier.py:TradierConfig global,True,config_tradier.py:TradierConfig global,False,config_tradier.py:TradierConfig global,True,config_tradier.py:TradierConfig global
ROKU_LONG,ROKU,LONG,False,not in symbols_trb,False,True,False,0.54,0.432,0.3669,backtest_v8_engine --mode tradier --account trb --capital 10000,0,,16,BLOCKED,True,config_tradier.py:TradierConfig global,1.5,config_tradier.py:TradierConfig global,0.8,config_tradier.py:TradierConfig global,True,config_tradier.py:TradierConfig global,True,config_tradier.py:TradierConfig global,True,config_tradier.py:TradierConfig global,True,config_tradier.py:TradierConfig global,True,config_tradier.py:TradierConfig global,True,config_tradier.py:TradierConfig global,True,config_tradier.py:TradierConfig global,True,config_tradier.py:TradierConfig global,True,config_tradier.py:TradierConfig global,True,config_tradier.py:TradierConfig global,1440.0,config_tradier.py:TradierConfig global,0.05,config_tradier.py:TradierConfig global,True,config_tradier.py:TradierConfig global,True,config_tradier.py:TradierConfig global,True,config_tradier.py:TradierConfig global,True,config_tradier.py:TradierConfig global,True,config_tradier.py:TradierConfig global,False,config_tradier.py:TradierConfig global,0.5,config_tradier.py:TradierConfig global,False,config_tradier.py:TradierConfig global,45.0,config_tradier.py:TradierConfig global,True,config_tradier.py:TradierConfig global,True,config_tradier.py:TradierConfig global,False,config_tradier.py:TradierConfig global,True,config_tradier.py:TradierConfig global
RRC_LONG,RRC,LONG,True,persym_final_book.json:tradeable,False,True,True,6.61,5.62,0.561,backtest_v8_engine --mode tradier --account trb --capital 10000,0,,16,HIGH,True,config_tradier.py:TradierConfig global,1.5,config_tradier.py:TradierConfig global,0.8,config_tradier.py:TradierConfig global,True,config_tradier.py:TradierConfig global,True,config_tradier.py:TradierConfig global,True,config_tradier.py:TradierConfig global,True,config_tradier.py:TradierConfig global,True,config_tradier.py:TradierConfig global,True,config_tradier.py:TradierConfig global,True,config_tradier.py:TradierConfig global,True,config_tradier.py:TradierConfig global,True,config_tradier.py:TradierConfig global,True,config_tradier.py:TradierConfig global,1440.0,config_tradier.py:TradierConfig global,0.05,config_tradier.py:TradierConfig global,True,config_tradier.py:TradierConfig global,True,config_tradier.py:TradierConfig global,True,config_tradier.py:TradierConfig global,True,config_tradier.py:TradierConfig global,True,config_tradier.py:TradierConfig global,False,config_tradier.py:TradierConfig global,0.5,config_tradier.py:TradierConfig global,False,config_tradier.py:TradierConfig global,45.0,config_tradier.py:TradierConfig global,True,config_tradier.py:TradierConfig global,True,config_tradier.py:TradierConfig global,False,config_tradier.py:TradierConfig global,True,config_tradier.py:TradierConfig global
RTX_LONG,RTX,LONG,True,symbols_trb_*.json (no book entry),True,False,False,,,,,0,,16,HIGH,True,config_tradier.py:TradierConfig global,1.5,config_tradier.py:TradierConfig global,0.8,config_tradier.py:TradierConfig global,True,config_tradier.py:TradierConfig global,True,config_tradier.py:TradierConfig global,True,config_tradier.py:TradierConfig global,True,config_tradier.py:TradierConfig global,True,config_tradier.py:TradierConfig global,True,config_tradier.py:TradierConfig global,True,config_tradier.py:TradierConfig global,True,config_tradier.py:TradierConfig global,True,config_tradier.py:TradierConfig global,True,config_tradier.py:TradierConfig global,1440.0,config_tradier.py:TradierConfig global,0.05,config_tradier.py:TradierConfig global,True,config_tradier.py:TradierConfig global,True,config_tradier.py:TradierConfig global,True,config_tradier.py:TradierConfig global,True,config_tradier.py:TradierConfig global,True,config_tradier.py:TradierConfig global,False,config_tradier.py:TradierConfig global,0.5,config_tradier.py:TradierConfig global,False,config_tradier.py:TradierConfig global,45.0,config_tradier.py:TradierConfig global,True,config_tradier.py:TradierConfig global,True,config_tradier.py:TradierConfig global,False,config_tradier.py:TradierConfig global,True,config_tradier.py:TradierConfig global
SCCO_LONG,SCCO,LONG,False,not in symbols_trb,False,True,False,8.93,7.59,0.293,backtest_v8_engine --mode tradier --account trb --capital 10000,0,,16,BLOCKED,True,config_tradier.py:TradierConfig global,1.5,config_tradier.py:TradierConfig global,0.8,config_tradier.py:TradierConfig global,True,config_tradier.py:TradierConfig global,True,config_tradier.py:TradierConfig global,True,config_tradier.py:TradierConfig global,True,config_tradier.py:TradierConfig global,True,config_tradier.py:TradierConfig global,True,config_tradier.py:TradierConfig global,True,config_tradier.py:TradierConfig global,True,config_tradier.py:TradierConfig global,True,config_tradier.py:TradierConfig global,True,config_tradier.py:TradierConfig global,1440.0,config_tradier.py:TradierConfig global,0.05,config_tradier.py:TradierConfig global,True,config_tradier.py:TradierConfig global,True,config_tradier.py:TradierConfig global,True,config_tradier.py:TradierConfig global,True,config_tradier.py:TradierConfig global,True,config_tradier.py:TradierConfig global,False,config_tradier.py:TradierConfig global,0.5,config_tradier.py:TradierConfig global,False,config_tradier.py:TradierConfig global,45.0,config_tradier.py:TradierConfig global,True,config_tradier.py:TradierConfig global,True,config_tradier.py:TradierConfig global,False,config_tradier.py:TradierConfig global,True,config_tradier.py:TradierConfig global
SCCO_SHORT,SCCO,SHORT,True,persym_final_book.json:tradeable,True,True,True,12,5,0.6,backtest_v8_engine --mode tradier --account trb --capital 10000,0,,16,HIGH,True,config_tradier.py:TradierConfig global,1.5,config_tradier.py:TradierConfig global,0.8,config_tradier.py:TradierConfig global,True,config_tradier.py:TradierConfig global,True,config_tradier.py:TradierConfig global,True,config_tradier.py:TradierConfig global,True,config_tradier.py:TradierConfig global,True,config_tradier.py:TradierConfig global,True,config_tradier.py:TradierConfig global,True,config_tradier.py:TradierConfig global,True,config_tradier.py:TradierConfig global,True,config_tradier.py:TradierConfig global,True,config_tradier.py:TradierConfig global,1440.0,config_tradier.py:TradierConfig global,0.05,config_tradier.py:TradierConfig global,True,config_tradier.py:TradierConfig global,True,config_tradier.py:TradierConfig global,True,config_tradier.py:TradierConfig global,True,config_tradier.py:TradierConfig global,True,config_tradier.py:TradierConfig global,False,config_tradier.py:TradierConfig global,0.5,config_tradier.py:TradierConfig global,False,config_tradier.py:TradierConfig global,45.0,config_tradier.py:TradierConfig global,True,config_tradier.py:TradierConfig global,True,config_tradier.py:TradierConfig global,False,config_tradier.py:TradierConfig global,True,config_tradier.py:TradierConfig global
SCHW_LONG,SCHW,LONG,True,persym_final_book.json:tradeable,True,False,True,,,,,0,,16,HIGH,True,config_tradier.py:TradierConfig global,1.5,config_tradier.py:TradierConfig global,0.8,config_tradier.py:TradierConfig global,True,config_tradier.py:TradierConfig global,True,config_tradier.py:TradierConfig global,True,config_tradier.py:TradierConfig global,True,config_tradier.py:TradierConfig global,True,config_tradier.py:TradierConfig global,True,config_tradier.py:TradierConfig global,True,config_tradier.py:TradierConfig global,True,config_tradier.py:TradierConfig global,True,config_tradier.py:TradierConfig global,True,config_tradier.py:TradierConfig global,1440.0,config_tradier.py:TradierConfig global,0.05,config_tradier.py:TradierConfig global,True,config_tradier.py:TradierConfig global,True,config_tradier.py:TradierConfig global,True,config_tradier.py:TradierConfig global,True,config_tradier.py:TradierConfig global,True,config_tradier.py:TradierConfig global,False,config_tradier.py:TradierConfig global,0.5,config_tradier.py:TradierConfig global,False,config_tradier.py:TradierConfig global,45.0,config_tradier.py:TradierConfig global,True,config_tradier.py:TradierConfig global,True,config_tradier.py:TradierConfig global,False,config_tradier.py:TradierConfig global,True,config_tradier.py:TradierConfig global
SHOP_LONG,SHOP,LONG,True,symbols_trb_*.json (no book entry),True,False,False,,,,,0,,16,HIGH,True,config_tradier.py:TradierConfig global,1.5,config_tradier.py:TradierConfig global,0.8,config_tradier.py:TradierConfig global,True,config_tradier.py:TradierConfig global,True,config_tradier.py:TradierConfig global,True,config_tradier.py:TradierConfig global,True,config_tradier.py:TradierConfig global,True,config_tradier.py:TradierConfig global,True,config_tradier.py:TradierConfig global,True,config_tradier.py:TradierConfig global,True,config_tradier.py:TradierConfig global,True,config_tradier.py:TradierConfig global,True,config_tradier.py:TradierConfig global,1440.0,config_tradier.py:TradierConfig global,0.05,config_tradier.py:TradierConfig global,True,config_tradier.py:TradierConfig global,True,config_tradier.py:TradierConfig global,True,config_tradier.py:TradierConfig global,True,config_tradier.py:TradierConfig global,True,config_tradier.py:TradierConfig global,False,config_tradier.py:TradierConfig global,0.5,config_tradier.py:TradierConfig global,False,config_tradier.py:TradierConfig global,45.0,config_tradier.py:TradierConfig global,True,config_tradier.py:TradierConfig global,True,config_tradier.py:TradierConfig global,False,config_tradier.py:TradierConfig global,True,config_tradier.py:TradierConfig global
SLV_LONG,SLV,LONG,True,persym_final_book.json:tradeable,False,True,True,8.04,6.83,0.204,backtest_v8_engine --mode tradier --account trb --capital 10000,0,,16,HIGH,True,config_tradier.py:TradierConfig global,1.5,config_tradier.py:TradierConfig global,0.8,config_tradier.py:TradierConfig global,True,config_tradier.py:TradierConfig global,True,config_tradier.py:TradierConfig global,True,config_tradier.py:TradierConfig global,True,config_tradier.py:TradierConfig global,True,config_tradier.py:TradierConfig global,True,config_tradier.py:TradierConfig global,True,config_tradier.py:TradierConfig global,True,config_tradier.py:TradierConfig global,True,config_tradier.py:TradierConfig global,True,config_tradier.py:TradierConfig global,1440.0,config_tradier.py:TradierConfig global,0.05,config_tradier.py:TradierConfig global,True,config_tradier.py:TradierConfig global,True,config_tradier.py:TradierConfig global,True,config_tradier.py:TradierConfig global,True,config_tradier.py:TradierConfig global,True,config_tradier.py:TradierConfig global,False,config_tradier.py:TradierConfig global,0.5,config_tradier.py:TradierConfig global,False,config_tradier.py:TradierConfig global,45.0,config_tradier.py:TradierConfig global,True,config_tradier.py:TradierConfig global,True,config_tradier.py:TradierConfig global,False,config_tradier.py:TradierConfig global,True,config_tradier.py:TradierConfig global
SLV_SHORT,SLV,SHORT,True,symbols_trb_*.json (no book entry),True,True,False,12,3,0.6,backtest_v8_engine --mode tradier --account trb --capital 10000,0,,16,HIGH,True,config_tradier.py:TradierConfig global,1.5,config_tradier.py:TradierConfig global,0.8,config_tradier.py:TradierConfig global,True,config_tradier.py:TradierConfig global,True,config_tradier.py:TradierConfig global,True,config_tradier.py:TradierConfig global,True,config_tradier.py:TradierConfig global,True,config_tradier.py:TradierConfig global,True,config_tradier.py:TradierConfig global,True,config_tradier.py:TradierConfig global,True,config_tradier.py:TradierConfig global,True,config_tradier.py:TradierConfig global,True,config_tradier.py:TradierConfig global,1440.0,config_tradier.py:TradierConfig global,0.05,config_tradier.py:TradierConfig global,True,config_tradier.py:TradierConfig global,True,config_tradier.py:TradierConfig global,True,config_tradier.py:TradierConfig global,True,config_tradier.py:TradierConfig global,True,config_tradier.py:TradierConfig global,False,config_tradier.py:TradierConfig global,0.5,config_tradier.py:TradierConfig global,False,config_tradier.py:TradierConfig global,45.0,config_tradier.py:TradierConfig global,True,config_tradier.py:TradierConfig global,True,config_tradier.py:TradierConfig global,False,config_tradier.py:TradierConfig global,True,config_tradier.py:TradierConfig global
SMCI_LONG,SMCI,LONG,True,symbols_trb_*.json (no book entry),True,False,False,,,,,0,,16,HIGH,True,config_tradier.py:TradierConfig global,1.5,config_tradier.py:TradierConfig global,0.8,config_tradier.py:TradierConfig global,True,config_tradier.py:TradierConfig global,True,config_tradier.py:TradierConfig global,True,config_tradier.py:TradierConfig global,True,config_tradier.py:TradierConfig global,True,config_tradier.py:TradierConfig global,True,config_tradier.py:TradierConfig global,True,config_tradier.py:TradierConfig global,True,config_tradier.py:TradierConfig global,True,config_tradier.py:TradierConfig global,True,config_tradier.py:TradierConfig global,1440.0,config_tradier.py:TradierConfig global,0.05,config_tradier.py:TradierConfig global,True,config_tradier.py:TradierConfig global,True,config_tradier.py:TradierConfig global,True,config_tradier.py:TradierConfig global,True,config_tradier.py:TradierConfig global,True,config_tradier.py:TradierConfig global,False,config_tradier.py:TradierConfig global,0.5,config_tradier.py:TradierConfig global,False,config_tradier.py:TradierConfig global,45.0,config_tradier.py:TradierConfig global,True,config_tradier.py:TradierConfig global,True,config_tradier.py:TradierConfig global,False,config_tradier.py:TradierConfig global,True,config_tradier.py:TradierConfig global
SNDK_LONG,SNDK,LONG,True,persym_final_book.json:tradeable,True,True,True,11.03,9.38,0.503,backtest_v8_engine --mode tradier --account trb --capital 10000,0,,16,HIGH,True,config_tradier.py:TradierConfig global,1.5,config_tradier.py:TradierConfig global,0.8,config_tradier.py:TradierConfig global,True,config_tradier.py:TradierConfig global,True,config_tradier.py:TradierConfig global,True,config_tradier.py:TradierConfig global,True,config_tradier.py:TradierConfig global,True,config_tradier.py:TradierConfig global,True,config_tradier.py:TradierConfig global,True,config_tradier.py:TradierConfig global,True,config_tradier.py:TradierConfig global,True,config_tradier.py:TradierConfig global,True,config_tradier.py:TradierConfig global,1440.0,config_tradier.py:TradierConfig global,0.05,config_tradier.py:TradierConfig global,True,config_tradier.py:TradierConfig global,True,config_tradier.py:TradierConfig global,True,config_tradier.py:TradierConfig global,True,config_tradier.py:TradierConfig global,True,config_tradier.py:TradierConfig global,False,config_tradier.py:TradierConfig global,0.5,config_tradier.py:TradierConfig global,False,config_tradier.py:TradierConfig global,45.0,config_tradier.py:TradierConfig global,True,config_tradier.py:TradierConfig global,True,config_tradier.py:TradierConfig global,False,config_tradier.py:TradierConfig global,True,config_tradier.py:TradierConfig global
SPY_LONG,SPY,LONG,False,not in symbols_trb,False,True,False,14.5,5,0.7,backtest_v8_engine --mode tradier --account trb --capital 10000,0,,16,BLOCKED,True,config_tradier.py:TradierConfig global,1.5,config_tradier.py:TradierConfig global,0.8,config_tradier.py:TradierConfig global,True,config_tradier.py:TradierConfig global,True,config_tradier.py:TradierConfig global,True,config_tradier.py:TradierConfig global,True,config_tradier.py:TradierConfig global,True,config_tradier.py:TradierConfig global,True,config_tradier.py:TradierConfig global,True,config_tradier.py:TradierConfig global,True,config_tradier.py:TradierConfig global,True,config_tradier.py:TradierConfig global,True,config_tradier.py:TradierConfig global,1440.0,config_tradier.py:TradierConfig global,0.05,config_tradier.py:TradierConfig global,True,config_tradier.py:TradierConfig global,True,config_tradier.py:TradierConfig global,True,config_tradier.py:TradierConfig global,True,config_tradier.py:TradierConfig global,True,config_tradier.py:TradierConfig global,False,config_tradier.py:TradierConfig global,0.5,config_tradier.py:TradierConfig global,False,config_tradier.py:TradierConfig global,45.0,config_tradier.py:TradierConfig global,True,config_tradier.py:TradierConfig global,True,config_tradier.py:TradierConfig global,False,config_tradier.py:TradierConfig global,True,config_tradier.py:TradierConfig global
STLD_SHORT,STLD,SHORT,True,persym_final_book.json:tradeable,True,False,True,,,,,0,,16,HIGH,True,config_tradier.py:TradierConfig global,1.5,config_tradier.py:TradierConfig global,0.8,config_tradier.py:TradierConfig global,True,config_tradier.py:TradierConfig global,True,config_tradier.py:TradierConfig global,True,config_tradier.py:TradierConfig global,True,config_tradier.py:TradierConfig global,True,config_tradier.py:TradierConfig global,True,config_tradier.py:TradierConfig global,True,config_tradier.py:TradierConfig global,True,config_tradier.py:TradierConfig global,True,config_tradier.py:TradierConfig global,True,config_tradier.py:TradierConfig global,1440.0,config_tradier.py:TradierConfig global,0.05,config_tradier.py:TradierConfig global,True,config_tradier.py:TradierConfig global,True,config_tradier.py:TradierConfig global,True,config_tradier.py:TradierConfig global,True,config_tradier.py:TradierConfig global,True,config_tradier.py:TradierConfig global,False,config_tradier.py:TradierConfig global,0.5,config_tradier.py:TradierConfig global,False,config_tradier.py:TradierConfig global,45.0,config_tradier.py:TradierConfig global,True,config_tradier.py:TradierConfig global,True,config_tradier.py:TradierConfig global,False,config_tradier.py:TradierConfig global,True,config_tradier.py:TradierConfig global
STZ_LONG,STZ,LONG,False,not in symbols_trb,False,True,False,10.5,11,0.3,backtest_v8_engine --mode tradier --account trb --capital 10000,0,,16,BLOCKED,True,config_tradier.py:TradierConfig global,1.5,config_tradier.py:TradierConfig global,0.8,config_tradier.py:TradierConfig global,True,config_tradier.py:TradierConfig global,True,config_tradier.py:TradierConfig global,True,config_tradier.py:TradierConfig global,True,config_tradier.py:TradierConfig global,True,config_tradier.py:TradierConfig global,True,config_tradier.py:TradierConfig global,True,config_tradier.py:TradierConfig global,True,config_tradier.py:TradierConfig global,True,config_tradier.py:TradierConfig global,True,config_tradier.py:TradierConfig global,1440.0,config_tradier.py:TradierConfig global,0.05,config_tradier.py:TradierConfig global,True,config_tradier.py:TradierConfig global,True,config_tradier.py:TradierConfig global,True,config_tradier.py:TradierConfig global,True,config_tradier.py:TradierConfig global,True,config_tradier.py:TradierConfig global,False,config_tradier.py:TradierConfig global,0.5,config_tradier.py:TradierConfig global,False,config_tradier.py:TradierConfig global,45.0,config_tradier.py:TradierConfig global,True,config_tradier.py:TradierConfig global,True,config_tradier.py:TradierConfig global,False,config_tradier.py:TradierConfig global,True,config_tradier.py:TradierConfig global
STZ_SHORT,STZ,SHORT,True,persym_final_book.json:tradeable,True,False,True,,,,,0,,16,HIGH,True,config_tradier.py:TradierConfig global,1.5,config_tradier.py:TradierConfig global,0.8,config_tradier.py:TradierConfig global,True,config_tradier.py:TradierConfig global,True,config_tradier.py:TradierConfig global,True,config_tradier.py:TradierConfig global,True,config_tradier.py:TradierConfig global,True,config_tradier.py:TradierConfig global,True,config_tradier.py:TradierConfig global,True,config_tradier.py:TradierConfig global,True,config_tradier.py:TradierConfig global,True,config_tradier.py:TradierConfig global,True,config_tradier.py:TradierConfig global,1440.0,config_tradier.py:TradierConfig global,0.05,config_tradier.py:TradierConfig global,True,config_tradier.py:TradierConfig global,True,config_tradier.py:TradierConfig global,True,config_tradier.py:TradierConfig global,True,config_tradier.py:TradierConfig global,True,config_tradier.py:TradierConfig global,False,config_tradier.py:TradierConfig global,0.5,config_tradier.py:TradierConfig global,False,config_tradier.py:TradierConfig global,45.0,config_tradier.py:TradierConfig global,True,config_tradier.py:TradierConfig global,True,config_tradier.py:TradierConfig global,False,config_tradier.py:TradierConfig global,True,config_tradier.py:TradierConfig global
TECK_LONG,TECK,LONG,True,symbols_trb_*.json (no book entry),True,True,False,5.55,4.72,0.455,backtest_v8_engine --mode tradier --account trb --capital 10000,0,,16,HIGH,True,config_tradier.py:TradierConfig global,1.5,config_tradier.py:TradierConfig global,0.8,config_tradier.py:TradierConfig global,True,config_tradier.py:TradierConfig global,True,config_tradier.py:TradierConfig global,True,config_tradier.py:TradierConfig global,True,config_tradier.py:TradierConfig global,True,config_tradier.py:TradierConfig global,True,config_tradier.py:TradierConfig global,True,config_tradier.py:TradierConfig global,True,config_tradier.py:TradierConfig global,True,config_tradier.py:TradierConfig global,True,config_tradier.py:TradierConfig global,1440.0,config_tradier.py:TradierConfig global,0.05,config_tradier.py:TradierConfig global,True,config_tradier.py:TradierConfig global,True,config_tradier.py:TradierConfig global,True,config_tradier.py:TradierConfig global,True,config_tradier.py:TradierConfig global,True,config_tradier.py:TradierConfig global,False,config_tradier.py:TradierConfig global,0.5,config_tradier.py:TradierConfig global,False,config_tradier.py:TradierConfig global,45.0,config_tradier.py:TradierConfig global,True,config_tradier.py:TradierConfig global,True,config_tradier.py:TradierConfig global,False,config_tradier.py:TradierConfig global,True,config_tradier.py:TradierConfig global
TGT_LONG,TGT,LONG,True,symbols_trb_*.json (no book entry),True,False,False,,,,,0,,16,HIGH,True,config_tradier.py:TradierConfig global,1.5,config_tradier.py:TradierConfig global,0.8,config_tradier.py:TradierConfig global,True,config_tradier.py:TradierConfig global,True,config_tradier.py:TradierConfig global,True,config_tradier.py:TradierConfig global,True,config_tradier.py:TradierConfig global,True,config_tradier.py:TradierConfig global,True,config_tradier.py:TradierConfig global,True,config_tradier.py:TradierConfig global,True,config_tradier.py:TradierConfig global,True,config_tradier.py:TradierConfig global,True,config_tradier.py:TradierConfig global,1440.0,config_tradier.py:TradierConfig global,0.05,config_tradier.py:TradierConfig global,True,config_tradier.py:TradierConfig global,True,config_tradier.py:TradierConfig global,True,config_tradier.py:TradierConfig global,True,config_tradier.py:TradierConfig global,True,config_tradier.py:TradierConfig global,False,config_tradier.py:TradierConfig global,0.5,config_tradier.py:TradierConfig global,False,config_tradier.py:TradierConfig global,45.0,config_tradier.py:TradierConfig global,True,config_tradier.py:TradierConfig global,True,config_tradier.py:TradierConfig global,False,config_tradier.py:TradierConfig global,True,config_tradier.py:TradierConfig global
TMO_LONG,TMO,LONG,True,persym_final_book.json:tradeable,True,False,True,,,,,0,,16,HIGH,True,config_tradier.py:TradierConfig global,1.5,config_tradier.py:TradierConfig global,0.8,config_tradier.py:TradierConfig global,True,config_tradier.py:TradierConfig global,True,config_tradier.py:TradierConfig global,True,config_tradier.py:TradierConfig global,True,config_tradier.py:TradierConfig global,True,config_tradier.py:TradierConfig global,True,config_tradier.py:TradierConfig global,True,config_tradier.py:TradierConfig global,True,config_tradier.py:TradierConfig global,True,config_tradier.py:TradierConfig global,True,config_tradier.py:TradierConfig global,1440.0,config_tradier.py:TradierConfig global,0.05,config_tradier.py:TradierConfig global,True,config_tradier.py:TradierConfig global,True,config_tradier.py:TradierConfig global,True,config_tradier.py:TradierConfig global,True,config_tradier.py:TradierConfig global,True,config_tradier.py:TradierConfig global,False,config_tradier.py:TradierConfig global,0.5,config_tradier.py:TradierConfig global,False,config_tradier.py:TradierConfig global,45.0,config_tradier.py:TradierConfig global,True,config_tradier.py:TradierConfig global,True,config_tradier.py:TradierConfig global,False,config_tradier.py:TradierConfig global,True,config_tradier.py:TradierConfig global
TRGP_LONG,TRGP,LONG,False,not in symbols_trb,False,True,False,4.94,4.2,0.394,backtest_v8_engine --mode tradier --account trb --capital 10000,0,,16,BLOCKED,True,config_tradier.py:TradierConfig global,1.5,config_tradier.py:TradierConfig global,0.8,config_tradier.py:TradierConfig global,True,config_tradier.py:TradierConfig global,True,config_tradier.py:TradierConfig global,True,config_tradier.py:TradierConfig global,True,config_tradier.py:TradierConfig global,True,config_tradier.py:TradierConfig global,True,config_tradier.py:TradierConfig global,True,config_tradier.py:TradierConfig global,True,config_tradier.py:TradierConfig global,True,config_tradier.py:TradierConfig global,True,config_tradier.py:TradierConfig global,1440.0,config_tradier.py:TradierConfig global,0.05,config_tradier.py:TradierConfig global,True,config_tradier.py:TradierConfig global,True,config_tradier.py:TradierConfig global,True,config_tradier.py:TradierConfig global,True,config_tradier.py:TradierConfig global,True,config_tradier.py:TradierConfig global,False,config_tradier.py:TradierConfig global,0.5,config_tradier.py:TradierConfig global,False,config_tradier.py:TradierConfig global,45.0,config_tradier.py:TradierConfig global,True,config_tradier.py:TradierConfig global,True,config_tradier.py:TradierConfig global,False,config_tradier.py:TradierConfig global,True,config_tradier.py:TradierConfig global
TSLA_LONG,TSLA,LONG,False,not in symbols_trb,False,True,False,5.5,6,0.3,backtest_v8_engine --mode tradier --account trb --capital 10000,0,,16,BLOCKED,True,config_tradier.py:TradierConfig global,1.5,config_tradier.py:TradierConfig global,0.8,config_tradier.py:TradierConfig global,True,config_tradier.py:TradierConfig global,True,config_tradier.py:TradierConfig global,True,config_tradier.py:TradierConfig global,True,config_tradier.py:TradierConfig global,True,config_tradier.py:TradierConfig global,True,config_tradier.py:TradierConfig global,True,config_tradier.py:TradierConfig global,True,config_tradier.py:TradierConfig global,True,config_tradier.py:TradierConfig global,True,config_tradier.py:TradierConfig global,1440.0,config_tradier.py:TradierConfig global,0.05,config_tradier.py:TradierConfig global,True,config_tradier.py:TradierConfig global,True,config_tradier.py:TradierConfig global,True,config_tradier.py:TradierConfig global,True,config_tradier.py:TradierConfig global,True,config_tradier.py:TradierConfig global,False,config_tradier.py:TradierConfig global,0.5,config_tradier.py:TradierConfig global,False,config_tradier.py:TradierConfig global,45.0,config_tradier.py:TradierConfig global,True,config_tradier.py:TradierConfig global,True,config_tradier.py:TradierConfig global,False,config_tradier.py:TradierConfig global,True,config_tradier.py:TradierConfig global
TSLA_SHORT,TSLA,SHORT,True,symbols_trb_*.json (no book entry),True,True,False,7,4,0.6,backtest_v8_engine --mode tradier --account trb --capital 10000,0,,16,HIGH,True,config_tradier.py:TradierConfig global,1.5,config_tradier.py:TradierConfig global,0.8,config_tradier.py:TradierConfig global,True,config_tradier.py:TradierConfig global,True,config_tradier.py:TradierConfig global,True,config_tradier.py:TradierConfig global,True,config_tradier.py:TradierConfig global,True,config_tradier.py:TradierConfig global,True,config_tradier.py:TradierConfig global,True,config_tradier.py:TradierConfig global,True,config_tradier.py:TradierConfig global,True,config_tradier.py:TradierConfig global,True,config_tradier.py:TradierConfig global,1440.0,config_tradier.py:TradierConfig global,0.05,config_tradier.py:TradierConfig global,True,config_tradier.py:TradierConfig global,True,config_tradier.py:TradierConfig global,True,config_tradier.py:TradierConfig global,True,config_tradier.py:TradierConfig global,True,config_tradier.py:TradierConfig global,False,config_tradier.py:TradierConfig global,0.5,config_tradier.py:TradierConfig global,False,config_tradier.py:TradierConfig global,45.0,config_tradier.py:TradierConfig global,True,config_tradier.py:TradierConfig global,True,config_tradier.py:TradierConfig global,False,config_tradier.py:TradierConfig global,True,config_tradier.py:TradierConfig global
TSM_LONG,TSM,LONG,True,persym_final_book.json:tradeable,True,True,True,9.5,6,0.7,backtest_v8_engine --mode tradier --account trb --capital 10000,0,,16,HIGH,True,config_tradier.py:TradierConfig global,1.5,config_tradier.py:TradierConfig global,0.8,config_tradier.py:TradierConfig global,True,config_tradier.py:TradierConfig global,True,config_tradier.py:TradierConfig global,True,config_tradier.py:TradierConfig global,True,config_tradier.py:TradierConfig global,True,config_tradier.py:TradierConfig global,True,config_tradier.py:TradierConfig global,True,config_tradier.py:TradierConfig global,True,config_tradier.py:TradierConfig global,True,config_tradier.py:TradierConfig global,True,config_tradier.py:TradierConfig global,1440.0,config_tradier.py:TradierConfig global,0.05,config_tradier.py:TradierConfig global,True,config_tradier.py:TradierConfig global,True,config_tradier.py:TradierConfig global,True,config_tradier.py:TradierConfig global,True,config_tradier.py:TradierConfig global,True,config_tradier.py:TradierConfig global,False,config_tradier.py:TradierConfig global,0.5,config_tradier.py:TradierConfig global,False,config_tradier.py:TradierConfig global,45.0,config_tradier.py:TradierConfig global,True,config_tradier.py:TradierConfig global,True,config_tradier.py:TradierConfig global,False,config_tradier.py:TradierConfig global,True,config_tradier.py:TradierConfig global
TTD_SHORT,TTD,SHORT,False,persym_final_book.json:disabled,True,True,False,7.55,6.42,0.155,backtest_v8_engine --mode tradier --account trb --capital 10000,0,,16,BLOCKED,True,config_tradier.py:TradierConfig global,1.5,config_tradier.py:TradierConfig global,0.8,config_tradier.py:TradierConfig global,True,config_tradier.py:TradierConfig global,True,config_tradier.py:TradierConfig global,True,config_tradier.py:TradierConfig global,True,config_tradier.py:TradierConfig global,True,config_tradier.py:TradierConfig global,True,config_tradier.py:TradierConfig global,True,config_tradier.py:TradierConfig global,True,config_tradier.py:TradierConfig global,True,config_tradier.py:TradierConfig global,True,config_tradier.py:TradierConfig global,1440.0,config_tradier.py:TradierConfig global,0.05,config_tradier.py:TradierConfig global,True,config_tradier.py:TradierConfig global,True,config_tradier.py:TradierConfig global,True,config_tradier.py:TradierConfig global,True,config_tradier.py:TradierConfig global,True,config_tradier.py:TradierConfig global,False,config_tradier.py:TradierConfig global,0.5,config_tradier.py:TradierConfig global,False,config_tradier.py:TradierConfig global,45.0,config_tradier.py:TradierConfig global,True,config_tradier.py:TradierConfig global,True,config_tradier.py:TradierConfig global,False,config_tradier.py:TradierConfig global,True,config_tradier.py:TradierConfig global
TXN_LONG,TXN,LONG,True,symbols_trb_*.json (no book entry),True,True,False,12.5,5,0.5,backtest_v8_engine --mode tradier --account trb --capital 10000,0,,16,HIGH,True,config_tradier.py:TradierConfig global,1.5,config_tradier.py:TradierConfig global,0.8,config_tradier.py:TradierConfig global,True,config_tradier.py:TradierConfig global,True,config_tradier.py:TradierConfig global,True,config_tradier.py:TradierConfig global,True,config_tradier.py:TradierConfig global,True,config_tradier.py:TradierConfig global,True,config_tradier.py:TradierConfig global,True,config_tradier.py:TradierConfig global,True,config_tradier.py:TradierConfig global,True,config_tradier.py:TradierConfig global,True,config_tradier.py:TradierConfig global,1440.0,config_tradier.py:TradierConfig global,0.05,config_tradier.py:TradierConfig global,True,config_tradier.py:TradierConfig global,True,config_tradier.py:TradierConfig global,True,config_tradier.py:TradierConfig global,True,config_tradier.py:TradierConfig global,True,config_tradier.py:TradierConfig global,False,config_tradier.py:TradierConfig global,0.5,config_tradier.py:TradierConfig global,False,config_tradier.py:TradierConfig global,45.0,config_tradier.py:TradierConfig global,True,config_tradier.py:TradierConfig global,True,config_tradier.py:TradierConfig global,False,config_tradier.py:TradierConfig global,True,config_tradier.py:TradierConfig global
T_SHORT,T,SHORT,True,symbols_trb_*.json (no book entry),True,False,False,,,,,0,,16,HIGH,True,config_tradier.py:TradierConfig global,1.5,config_tradier.py:TradierConfig global,0.8,config_tradier.py:TradierConfig global,True,config_tradier.py:TradierConfig global,True,config_tradier.py:TradierConfig global,True,config_tradier.py:TradierConfig global,True,config_tradier.py:TradierConfig global,True,config_tradier.py:TradierConfig global,True,config_tradier.py:TradierConfig global,True,config_tradier.py:TradierConfig global,True,config_tradier.py:TradierConfig global,True,config_tradier.py:TradierConfig global,True,config_tradier.py:TradierConfig global,1440.0,config_tradier.py:TradierConfig global,0.05,config_tradier.py:TradierConfig global,True,config_tradier.py:TradierConfig global,True,config_tradier.py:TradierConfig global,True,config_tradier.py:TradierConfig global,True,config_tradier.py:TradierConfig global,True,config_tradier.py:TradierConfig global,False,config_tradier.py:TradierConfig global,0.5,config_tradier.py:TradierConfig global,False,config_tradier.py:TradierConfig global,45.0,config_tradier.py:TradierConfig global,True,config_tradier.py:TradierConfig global,True,config_tradier.py:TradierConfig global,False,config_tradier.py:TradierConfig global,True,config_tradier.py:TradierConfig global
UEC_LONG,UEC,LONG,False,not in symbols_trb,False,True,False,14.5,11,0.7,backtest_v8_engine --mode tradier --account trb --capital 10000,0,,16,BLOCKED,True,config_tradier.py:TradierConfig global,1.5,config_tradier.py:TradierConfig global,0.8,config_tradier.py:TradierConfig global,True,config_tradier.py:TradierConfig global,True,config_tradier.py:TradierConfig global,True,config_tradier.py:TradierConfig global,True,config_tradier.py:TradierConfig global,True,config_tradier.py:TradierConfig global,True,config_tradier.py:TradierConfig global,True,config_tradier.py:TradierConfig global,True,config_tradier.py:TradierConfig global,True,config_tradier.py:TradierConfig global,True,config_tradier.py:TradierConfig global,1440.0,config_tradier.py:TradierConfig global,0.05,config_tradier.py:TradierConfig global,True,config_tradier.py:TradierConfig global,True,config_tradier.py:TradierConfig global,True,config_tradier.py:TradierConfig global,True,config_tradier.py:TradierConfig global,True,config_tradier.py:TradierConfig global,False,config_tradier.py:TradierConfig global,0.5,config_tradier.py:TradierConfig global,False,config_tradier.py:TradierConfig global,45.0,config_tradier.py:TradierConfig global,True,config_tradier.py:TradierConfig global,True,config_tradier.py:TradierConfig global,False,config_tradier.py:TradierConfig global,True,config_tradier.py:TradierConfig global
UEC_SHORT,UEC,SHORT,True,persym_final_book.json:tradeable,False,True,True,6,7,0.5,backtest_v8_engine --mode tradier --account trb --capital 10000,0,,16,HIGH,True,config_tradier.py:TradierConfig global,1.5,config_tradier.py:TradierConfig global,0.8,config_tradier.py:TradierConfig global,True,config_tradier.py:TradierConfig global,True,config_tradier.py:TradierConfig global,True,config_tradier.py:TradierConfig global,True,config_tradier.py:TradierConfig global,True,config_tradier.py:TradierConfig global,True,config_tradier.py:TradierConfig global,True,config_tradier.py:TradierConfig global,True,config_tradier.py:TradierConfig global,True,config_tradier.py:TradierConfig global,True,config_tradier.py:TradierConfig global,1440.0,config_tradier.py:TradierConfig global,0.05,config_tradier.py:TradierConfig global,True,config_tradier.py:TradierConfig global,True,config_tradier.py:TradierConfig global,True,config_tradier.py:TradierConfig global,True,config_tradier.py:TradierConfig global,True,config_tradier.py:TradierConfig global,False,config_tradier.py:TradierConfig global,0.5,config_tradier.py:TradierConfig global,False,config_tradier.py:TradierConfig global,45.0,config_tradier.py:TradierConfig global,True,config_tradier.py:TradierConfig global,True,config_tradier.py:TradierConfig global,False,config_tradier.py:TradierConfig global,True,config_tradier.py:TradierConfig global
ULTA_SHORT,ULTA,SHORT,True,symbols_trb_*.json (no book entry),True,False,False,,,,,0,,16,HIGH,True,config_tradier.py:TradierConfig global,1.5,config_tradier.py:TradierConfig global,0.8,config_tradier.py:TradierConfig global,True,config_tradier.py:TradierConfig global,True,config_tradier.py:TradierConfig global,True,config_tradier.py:TradierConfig global,True,config_tradier.py:TradierConfig global,True,config_tradier.py:TradierConfig global,True,config_tradier.py:TradierConfig global,True,config_tradier.py:TradierConfig global,True,config_tradier.py:TradierConfig global,True,config_tradier.py:TradierConfig global,True,config_tradier.py:TradierConfig global,1440.0,config_tradier.py:TradierConfig global,0.05,config_tradier.py:TradierConfig global,True,config_tradier.py:TradierConfig global,True,config_tradier.py:TradierConfig global,True,config_tradier.py:TradierConfig global,True,config_tradier.py:TradierConfig global,True,config_tradier.py:TradierConfig global,False,config_tradier.py:TradierConfig global,0.5,config_tradier.py:TradierConfig global,False,config_tradier.py:TradierConfig global,45.0,config_tradier.py:TradierConfig global,True,config_tradier.py:TradierConfig global,True,config_tradier.py:TradierConfig global,False,config_tradier.py:TradierConfig global,True,config_tradier.py:TradierConfig global
UNH_LONG,UNH,LONG,True,symbols_trb_*.json (no book entry),True,False,False,,,,,0,,16,HIGH,True,config_tradier.py:TradierConfig global,1.5,config_tradier.py:TradierConfig global,0.8,config_tradier.py:TradierConfig global,True,config_tradier.py:TradierConfig global,True,config_tradier.py:TradierConfig global,True,config_tradier.py:TradierConfig global,True,config_tradier.py:TradierConfig global,True,config_tradier.py:TradierConfig global,True,config_tradier.py:TradierConfig global,True,config_tradier.py:TradierConfig global,True,config_tradier.py:TradierConfig global,True,config_tradier.py:TradierConfig global,True,config_tradier.py:TradierConfig global,1440.0,config_tradier.py:TradierConfig global,0.05,config_tradier.py:TradierConfig global,True,config_tradier.py:TradierConfig global,True,config_tradier.py:TradierConfig global,True,config_tradier.py:TradierConfig global,True,config_tradier.py:TradierConfig global,True,config_tradier.py:TradierConfig global,False,config_tradier.py:TradierConfig global,0.5,config_tradier.py:TradierConfig global,False,config_tradier.py:TradierConfig global,45.0,config_tradier.py:TradierConfig global,True,config_tradier.py:TradierConfig global,True,config_tradier.py:TradierConfig global,False,config_tradier.py:TradierConfig global,True,config_tradier.py:TradierConfig global
USAR_LONG,USAR,LONG,True,persym_final_book.json:tradeable,True,True,True,0.08,0.064,0.9499,backtest_v8_engine --mode tradier --account trb --capital 10000,0,,16,HIGH,True,config_tradier.py:TradierConfig global,1.5,config_tradier.py:TradierConfig global,0.8,config_tradier.py:TradierConfig global,True,config_tradier.py:TradierConfig global,True,config_tradier.py:TradierConfig global,True,config_tradier.py:TradierConfig global,True,config_tradier.py:TradierConfig global,True,config_tradier.py:TradierConfig global,True,config_tradier.py:TradierConfig global,True,config_tradier.py:TradierConfig global,True,config_tradier.py:TradierConfig global,True,config_tradier.py:TradierConfig global,True,config_tradier.py:TradierConfig global,1440.0,config_tradier.py:TradierConfig global,0.05,config_tradier.py:TradierConfig global,True,config_tradier.py:TradierConfig global,True,config_tradier.py:TradierConfig global,True,config_tradier.py:TradierConfig global,True,config_tradier.py:TradierConfig global,True,config_tradier.py:TradierConfig global,False,config_tradier.py:TradierConfig global,0.5,config_tradier.py:TradierConfig global,False,config_tradier.py:TradierConfig global,45.0,config_tradier.py:TradierConfig global,True,config_tradier.py:TradierConfig global,True,config_tradier.py:TradierConfig global,False,config_tradier.py:TradierConfig global,True,config_tradier.py:TradierConfig global
USAR_SHORT,USAR,SHORT,True,persym_final_book.json:tradeable,True,False,True,,,,,0,,16,HIGH,True,config_tradier.py:TradierConfig global,1.5,config_tradier.py:TradierConfig global,0.8,config_tradier.py:TradierConfig global,True,config_tradier.py:TradierConfig global,True,config_tradier.py:TradierConfig global,True,config_tradier.py:TradierConfig global,True,config_tradier.py:TradierConfig global,True,config_tradier.py:TradierConfig global,True,config_tradier.py:TradierConfig global,True,config_tradier.py:TradierConfig global,True,config_tradier.py:TradierConfig global,True,config_tradier.py:TradierConfig global,True,config_tradier.py:TradierConfig global,1440.0,config_tradier.py:TradierConfig global,0.05,config_tradier.py:TradierConfig global,True,config_tradier.py:TradierConfig global,True,config_tradier.py:TradierConfig global,True,config_tradier.py:TradierConfig global,True,config_tradier.py:TradierConfig global,True,config_tradier.py:TradierConfig global,False,config_tradier.py:TradierConfig global,0.5,config_tradier.py:TradierConfig global,False,config_tradier.py:TradierConfig global,45.0,config_tradier.py:TradierConfig global,True,config_tradier.py:TradierConfig global,True,config_tradier.py:TradierConfig global,False,config_tradier.py:TradierConfig global,True,config_tradier.py:TradierConfig global
UUUU_LONG,UUUU,LONG,False,not in symbols_trb,False,True,False,4.0,3.4,0.3,backtest_v8_engine --mode tradier --account trb --capital 10000,0,,16,BLOCKED,True,config_tradier.py:TradierConfig global,1.5,config_tradier.py:TradierConfig global,0.8,config_tradier.py:TradierConfig global,True,config_tradier.py:TradierConfig global,True,config_tradier.py:TradierConfig global,True,config_tradier.py:TradierConfig global,True,config_tradier.py:TradierConfig global,True,config_tradier.py:TradierConfig global,True,config_tradier.py:TradierConfig global,True,config_tradier.py:TradierConfig global,True,config_tradier.py:TradierConfig global,True,config_tradier.py:TradierConfig global,True,config_tradier.py:TradierConfig global,1440.0,config_tradier.py:TradierConfig global,0.05,config_tradier.py:TradierConfig global,True,config_tradier.py:TradierConfig global,True,config_tradier.py:TradierConfig global,True,config_tradier.py:TradierConfig global,True,config_tradier.py:TradierConfig global,True,config_tradier.py:TradierConfig global,False,config_tradier.py:TradierConfig global,0.5,config_tradier.py:TradierConfig global,False,config_tradier.py:TradierConfig global,45.0,config_tradier.py:TradierConfig global,True,config_tradier.py:TradierConfig global,True,config_tradier.py:TradierConfig global,False,config_tradier.py:TradierConfig global,True,config_tradier.py:TradierConfig global
UUUU_SHORT,UUUU,SHORT,True,persym_final_book.json:tradeable,True,True,True,12,3,0.6,backtest_v8_engine --mode tradier --account trb --capital 10000,0,,16,HIGH,True,config_tradier.py:TradierConfig global,1.5,config_tradier.py:TradierConfig global,0.8,config_tradier.py:TradierConfig global,True,config_tradier.py:TradierConfig global,True,config_tradier.py:TradierConfig global,True,config_tradier.py:TradierConfig global,True,config_tradier.py:TradierConfig global,True,config_tradier.py:TradierConfig global,True,config_tradier.py:TradierConfig global,True,config_tradier.py:TradierConfig global,True,config_tradier.py:TradierConfig global,True,config_tradier.py:TradierConfig global,True,config_tradier.py:TradierConfig global,1440.0,config_tradier.py:TradierConfig global,0.05,config_tradier.py:TradierConfig global,True,config_tradier.py:TradierConfig global,True,config_tradier.py:TradierConfig global,True,config_tradier.py:TradierConfig global,True,config_tradier.py:TradierConfig global,True,config_tradier.py:TradierConfig global,False,config_tradier.py:TradierConfig global,0.5,config_tradier.py:TradierConfig global,False,config_tradier.py:TradierConfig global,45.0,config_tradier.py:TradierConfig global,True,config_tradier.py:TradierConfig global,True,config_tradier.py:TradierConfig global,False,config_tradier.py:TradierConfig global,True,config_tradier.py:TradierConfig global
VALE_LONG,VALE,LONG,False,not in symbols_trb,False,True,False,3.33,2.83,0.233,backtest_v8_engine --mode tradier --account trb --capital 10000,0,,16,BLOCKED,True,config_tradier.py:TradierConfig global,1.5,config_tradier.py:TradierConfig global,0.8,config_tradier.py:TradierConfig global,True,config_tradier.py:TradierConfig global,True,config_tradier.py:TradierConfig global,True,config_tradier.py:TradierConfig global,True,config_tradier.py:TradierConfig global,True,config_tradier.py:TradierConfig global,True,config_tradier.py:TradierConfig global,True,config_tradier.py:TradierConfig global,True,config_tradier.py:TradierConfig global,True,config_tradier.py:TradierConfig global,True,config_tradier.py:TradierConfig global,1440.0,config_tradier.py:TradierConfig global,0.05,config_tradier.py:TradierConfig global,True,config_tradier.py:TradierConfig global,True,config_tradier.py:TradierConfig global,True,config_tradier.py:TradierConfig global,True,config_tradier.py:TradierConfig global,True,config_tradier.py:TradierConfig global,False,config_tradier.py:TradierConfig global,0.5,config_tradier.py:TradierConfig global,False,config_tradier.py:TradierConfig global,45.0,config_tradier.py:TradierConfig global,True,config_tradier.py:TradierConfig global,True,config_tradier.py:TradierConfig global,False,config_tradier.py:TradierConfig global,True,config_tradier.py:TradierConfig global
VALE_SHORT,VALE,SHORT,True,persym_final_book.json:tradeable,True,False,True,,,,,0,,16,HIGH,True,config_tradier.py:TradierConfig global,1.5,config_tradier.py:TradierConfig global,0.8,config_tradier.py:TradierConfig global,True,config_tradier.py:TradierConfig global,True,config_tradier.py:TradierConfig global,True,config_tradier.py:TradierConfig global,True,config_tradier.py:TradierConfig global,True,config_tradier.py:TradierConfig global,True,config_tradier.py:TradierConfig global,True,config_tradier.py:TradierConfig global,True,config_tradier.py:TradierConfig global,True,config_tradier.py:TradierConfig global,True,config_tradier.py:TradierConfig global,1440.0,config_tradier.py:TradierConfig global,0.05,config_tradier.py:TradierConfig global,True,config_tradier.py:TradierConfig global,True,config_tradier.py:TradierConfig global,True,config_tradier.py:TradierConfig global,True,config_tradier.py:TradierConfig global,True,config_tradier.py:TradierConfig global,False,config_tradier.py:TradierConfig global,0.5,config_tradier.py:TradierConfig global,False,config_tradier.py:TradierConfig global,45.0,config_tradier.py:TradierConfig global,True,config_tradier.py:TradierConfig global,True,config_tradier.py:TradierConfig global,False,config_tradier.py:TradierConfig global,True,config_tradier.py:TradierConfig global
VICR_SHORT,VICR,SHORT,True,symbols_trb_*.json (no book entry),True,False,False,,,,,0,,16,HIGH,True,config_tradier.py:TradierConfig global,1.5,config_tradier.py:TradierConfig global,0.8,config_tradier.py:TradierConfig global,True,config_tradier.py:TradierConfig global,True,config_tradier.py:TradierConfig global,True,config_tradier.py:TradierConfig global,True,config_tradier.py:TradierConfig global,True,config_tradier.py:TradierConfig global,True,config_tradier.py:TradierConfig global,True,config_tradier.py:TradierConfig global,True,config_tradier.py:TradierConfig global,True,config_tradier.py:TradierConfig global,True,config_tradier.py:TradierConfig global,1440.0,config_tradier.py:TradierConfig global,0.05,config_tradier.py:TradierConfig global,True,config_tradier.py:TradierConfig global,True,config_tradier.py:TradierConfig global,True,config_tradier.py:TradierConfig global,True,config_tradier.py:TradierConfig global,True,config_tradier.py:TradierConfig global,False,config_tradier.py:TradierConfig global,0.5,config_tradier.py:TradierConfig global,False,config_tradier.py:TradierConfig global,45.0,config_tradier.py:TradierConfig global,True,config_tradier.py:TradierConfig global,True,config_tradier.py:TradierConfig global,False,config_tradier.py:TradierConfig global,True,config_tradier.py:TradierConfig global
VLO_LONG,VLO,LONG,True,persym_final_book.json:tradeable,True,True,True,10.29,8.75,0.429,backtest_v8_engine --mode tradier --account trb --capital 10000,0,,16,HIGH,True,config_tradier.py:TradierConfig global,1.5,config_tradier.py:TradierConfig global,0.8,config_tradier.py:TradierConfig global,True,config_tradier.py:TradierConfig global,True,config_tradier.py:TradierConfig global,True,config_tradier.py:TradierConfig global,True,config_tradier.py:TradierConfig global,True,config_tradier.py:TradierConfig global,True,config_tradier.py:TradierConfig global,True,config_tradier.py:TradierConfig global,True,config_tradier.py:TradierConfig global,True,config_tradier.py:TradierConfig global,True,config_tradier.py:TradierConfig global,1440.0,config_tradier.py:TradierConfig global,0.05,config_tradier.py:TradierConfig global,True,config_tradier.py:TradierConfig global,True,config_tradier.py:TradierConfig global,True,config_tradier.py:TradierConfig global,True,config_tradier.py:TradierConfig global,True,config_tradier.py:TradierConfig global,False,config_tradier.py:TradierConfig global,0.5,config_tradier.py:TradierConfig global,False,config_tradier.py:TradierConfig global,45.0,config_tradier.py:TradierConfig global,True,config_tradier.py:TradierConfig global,True,config_tradier.py:TradierConfig global,False,config_tradier.py:TradierConfig global,True,config_tradier.py:TradierConfig global
VT_LONG,VT,LONG,True,persym_final_book.json:tradeable,True,True,True,5.14,4.37,0.414,backtest_v8_engine --mode tradier --account trb --capital 10000,0,,16,HIGH,True,config_tradier.py:TradierConfig global,1.5,config_tradier.py:TradierConfig global,0.8,config_tradier.py:TradierConfig global,True,config_tradier.py:TradierConfig global,True,config_tradier.py:TradierConfig global,True,config_tradier.py:TradierConfig global,True,config_tradier.py:TradierConfig global,True,config_tradier.py:TradierConfig global,True,config_tradier.py:TradierConfig global,True,config_tradier.py:TradierConfig global,True,config_tradier.py:TradierConfig global,True,config_tradier.py:TradierConfig global,True,config_tradier.py:TradierConfig global,1440.0,config_tradier.py:TradierConfig global,0.05,config_tradier.py:TradierConfig global,True,config_tradier.py:TradierConfig global,True,config_tradier.py:TradierConfig global,True,config_tradier.py:TradierConfig global,True,config_tradier.py:TradierConfig global,True,config_tradier.py:TradierConfig global,False,config_tradier.py:TradierConfig global,0.5,config_tradier.py:TradierConfig global,False,config_tradier.py:TradierConfig global,45.0,config_tradier.py:TradierConfig global,True,config_tradier.py:TradierConfig global,True,config_tradier.py:TradierConfig global,False,config_tradier.py:TradierConfig global,True,config_tradier.py:TradierConfig global
VZ_SHORT,VZ,SHORT,True,persym_final_book.json:tradeable,True,False,True,,,,,0,,16,HIGH,True,config_tradier.py:TradierConfig global,1.5,config_tradier.py:TradierConfig global,0.8,config_tradier.py:TradierConfig global,True,config_tradier.py:TradierConfig global,True,config_tradier.py:TradierConfig global,True,config_tradier.py:TradierConfig global,True,config_tradier.py:TradierConfig global,True,config_tradier.py:TradierConfig global,True,config_tradier.py:TradierConfig global,True,config_tradier.py:TradierConfig global,True,config_tradier.py:TradierConfig global,True,config_tradier.py:TradierConfig global,True,config_tradier.py:TradierConfig global,1440.0,config_tradier.py:TradierConfig global,0.05,config_tradier.py:TradierConfig global,True,config_tradier.py:TradierConfig global,True,config_tradier.py:TradierConfig global,True,config_tradier.py:TradierConfig global,True,config_tradier.py:TradierConfig global,True,config_tradier.py:TradierConfig global,False,config_tradier.py:TradierConfig global,0.5,config_tradier.py:TradierConfig global,False,config_tradier.py:TradierConfig global,45.0,config_tradier.py:TradierConfig global,True,config_tradier.py:TradierConfig global,True,config_tradier.py:TradierConfig global,False,config_tradier.py:TradierConfig global,True,config_tradier.py:TradierConfig global
WDAY_LONG,WDAY,LONG,True,persym_final_book.json:tradeable,True,True,True,8.5,5,0.6,backtest_v8_engine --mode tradier --account trb --capital 10000,0,,16,HIGH,True,config_tradier.py:TradierConfig global,1.5,config_tradier.py:TradierConfig global,0.8,config_tradier.py:TradierConfig global,True,config_tradier.py:TradierConfig global,True,config_tradier.py:TradierConfig global,True,config_tradier.py:TradierConfig global,True,config_tradier.py:TradierConfig global,True,config_tradier.py:TradierConfig global,True,config_tradier.py:TradierConfig global,True,config_tradier.py:TradierConfig global,True,config_tradier.py:TradierConfig global,True,config_tradier.py:TradierConfig global,True,config_tradier.py:TradierConfig global,1440.0,config_tradier.py:TradierConfig global,0.05,config_tradier.py:TradierConfig global,True,config_tradier.py:TradierConfig global,True,config_tradier.py:TradierConfig global,True,config_tradier.py:TradierConfig global,True,config_tradier.py:TradierConfig global,True,config_tradier.py:TradierConfig global,False,config_tradier.py:TradierConfig global,0.5,config_tradier.py:TradierConfig global,False,config_tradier.py:TradierConfig global,45.0,config_tradier.py:TradierConfig global,True,config_tradier.py:TradierConfig global,True,config_tradier.py:TradierConfig global,False,config_tradier.py:TradierConfig global,True,config_tradier.py:TradierConfig global
WDAY_SHORT,WDAY,SHORT,True,persym_final_book.json:tradeable,True,True,True,4.34,3.69,0.334,backtest_v8_engine --mode tradier --account trb --capital 10000,0,,16,HIGH,True,config_tradier.py:TradierConfig global,1.5,config_tradier.py:TradierConfig global,0.8,config_tradier.py:TradierConfig global,True,config_tradier.py:TradierConfig global,True,config_tradier.py:TradierConfig global,True,config_tradier.py:TradierConfig global,True,config_tradier.py:TradierConfig global,True,config_tradier.py:TradierConfig global,True,config_tradier.py:TradierConfig global,True,config_tradier.py:TradierConfig global,True,config_tradier.py:TradierConfig global,True,config_tradier.py:TradierConfig global,True,config_tradier.py:TradierConfig global,1440.0,config_tradier.py:TradierConfig global,0.05,config_tradier.py:TradierConfig global,True,config_tradier.py:TradierConfig global,True,config_tradier.py:TradierConfig global,True,config_tradier.py:TradierConfig global,True,config_tradier.py:TradierConfig global,True,config_tradier.py:TradierConfig global,False,config_tradier.py:TradierConfig global,0.5,config_tradier.py:TradierConfig global,False,config_tradier.py:TradierConfig global,45.0,config_tradier.py:TradierConfig global,True,config_tradier.py:TradierConfig global,True,config_tradier.py:TradierConfig global,False,config_tradier.py:TradierConfig global,True,config_tradier.py:TradierConfig global
WPM_SHORT,WPM,SHORT,True,persym_final_book.json:tradeable,True,False,True,,,,,0,,16,HIGH,True,config_tradier.py:TradierConfig global,1.5,config_tradier.py:TradierConfig global,0.8,config_tradier.py:TradierConfig global,True,config_tradier.py:TradierConfig global,True,config_tradier.py:TradierConfig global,True,config_tradier.py:TradierConfig global,True,config_tradier.py:TradierConfig global,True,config_tradier.py:TradierConfig global,True,config_tradier.py:TradierConfig global,True,config_tradier.py:TradierConfig global,True,config_tradier.py:TradierConfig global,True,config_tradier.py:TradierConfig global,True,config_tradier.py:TradierConfig global,1440.0,config_tradier.py:TradierConfig global,0.05,config_tradier.py:TradierConfig global,True,config_tradier.py:TradierConfig global,True,config_tradier.py:TradierConfig global,True,config_tradier.py:TradierConfig global,True,config_tradier.py:TradierConfig global,True,config_tradier.py:TradierConfig global,False,config_tradier.py:TradierConfig global,0.5,config_tradier.py:TradierConfig global,False,config_tradier.py:TradierConfig global,45.0,config_tradier.py:TradierConfig global,True,config_tradier.py:TradierConfig global,True,config_tradier.py:TradierConfig global,False,config_tradier.py:TradierConfig global,True,config_tradier.py:TradierConfig global
XLE_LONG,XLE,LONG,False,not in symbols_trb,False,True,False,5.53,4.7,0.453,backtest_v8_engine --mode tradier --account trb --capital 10000,0,,16,BLOCKED,True,config_tradier.py:TradierConfig global,1.5,config_tradier.py:TradierConfig global,0.8,config_tradier.py:TradierConfig global,True,config_tradier.py:TradierConfig global,True,config_tradier.py:TradierConfig global,True,config_tradier.py:TradierConfig global,True,config_tradier.py:TradierConfig global,True,config_tradier.py:TradierConfig global,True,config_tradier.py:TradierConfig global,True,config_tradier.py:TradierConfig global,True,config_tradier.py:TradierConfig global,True,config_tradier.py:TradierConfig global,True,config_tradier.py:TradierConfig global,1440.0,config_tradier.py:TradierConfig global,0.05,config_tradier.py:TradierConfig global,True,config_tradier.py:TradierConfig global,True,config_tradier.py:TradierConfig global,True,config_tradier.py:TradierConfig global,True,config_tradier.py:TradierConfig global,True,config_tradier.py:TradierConfig global,False,config_tradier.py:TradierConfig global,0.5,config_tradier.py:TradierConfig global,False,config_tradier.py:TradierConfig global,45.0,config_tradier.py:TradierConfig global,True,config_tradier.py:TradierConfig global,True,config_tradier.py:TradierConfig global,False,config_tradier.py:TradierConfig global,True,config_tradier.py:TradierConfig global
XOP_LONG,XOP,LONG,True,persym_final_book.json:tradeable,False,True,True,3.6,3.06,0.26,backtest_v8_engine --mode tradier --account trb --capital 10000,0,,16,HIGH,True,config_tradier.py:TradierConfig global,1.5,config_tradier.py:TradierConfig global,0.8,config_tradier.py:TradierConfig global,True,config_tradier.py:TradierConfig global,True,config_tradier.py:TradierConfig global,True,config_tradier.py:TradierConfig global,True,config_tradier.py:TradierConfig global,True,config_tradier.py:TradierConfig global,True,config_tradier.py:TradierConfig global,True,config_tradier.py:TradierConfig global,True,config_tradier.py:TradierConfig global,True,config_tradier.py:TradierConfig global,True,config_tradier.py:TradierConfig global,1440.0,config_tradier.py:TradierConfig global,0.05,config_tradier.py:TradierConfig global,True,config_tradier.py:TradierConfig global,True,config_tradier.py:TradierConfig global,True,config_tradier.py:TradierConfig global,True,config_tradier.py:TradierConfig global,True,config_tradier.py:TradierConfig global,False,config_tradier.py:TradierConfig global,0.5,config_tradier.py:TradierConfig global,False,config_tradier.py:TradierConfig global,45.0,config_tradier.py:TradierConfig global,True,config_tradier.py:TradierConfig global,True,config_tradier.py:TradierConfig global,False,config_tradier.py:TradierConfig global,True,config_tradier.py:TradierConfig global
ZETA_LONG,ZETA,LONG,True,persym_final_book.json:tradeable,True,False,True,,,,,0,,16,HIGH,True,config_tradier.py:TradierConfig global,1.5,config_tradier.py:TradierConfig global,0.8,config_tradier.py:TradierConfig global,True,config_tradier.py:TradierConfig global,True,config_tradier.py:TradierConfig global,True,config_tradier.py:TradierConfig global,True,config_tradier.py:TradierConfig global,True,config_tradier.py:TradierConfig global,True,config_tradier.py:TradierConfig global,True,config_tradier.py:TradierConfig global,True,config_tradier.py:TradierConfig global,True,config_tradier.py:TradierConfig global,True,config_tradier.py:TradierConfig global,1440.0,config_tradier.py:TradierConfig global,0.05,config_tradier.py:TradierConfig global,True,config_tradier.py:TradierConfig global,True,config_tradier.py:TradierConfig global,True,config_tradier.py:TradierConfig global,True,config_tradier.py:TradierConfig global,True,config_tradier.py:TradierConfig global,False,config_tradier.py:TradierConfig global,0.5,config_tradier.py:TradierConfig global,False,config_tradier.py:TradierConfig global,45.0,config_tradier.py:TradierConfig global,True,config_tradier.py:TradierConfig global,True,config_tradier.py:TradierConfig global,False,config_tradier.py:TradierConfig global,True,config_tradier.py:TradierConfig global
